pitch_type,game_date,release_speed,release_pos_x,release_pos_z,player_name,batter,pitcher,events,description,spin_dir,spin_rate_deprecated,break_angle_deprecated,break_length_deprecated,zone,des,game_type,stand,p_throws,home_team,away_team,type,hit_location,bb_type,balls,strikes,game_year,pfx_x,pfx_z,plate_x,plate_z,on_3b,on_2b,on_1b,outs_when_up,inning,inning_topbot,hc_x,hc_y,tfs_deprecated,tfs_zulu_deprecated,umpire,sv_id,vx0,vy0,vz0,ax,ay,az,sz_top,sz_bot,hit_distance_sc,launch_speed,launch_angle,effective_speed,release_spin_rate,release_extension,game_pk,fielder_2,fielder_3,fielder_4,fielder_5,fielder_6,fielder_7,fielder_8,fielder_9,release_pos_y,estimated_ba_using_speedangle,estimated_woba_using_speedangle,woba_value,woba_denom,babip_value,iso_value,launch_speed_angle,at_bat_number,pitch_number,pitch_name,home_score,away_score,bat_score,fld_score,post_away_score,post_home_score,post_bat_score,post_fld_score,if_fielding_alignment,of_fielding_alignment,spin_axis,delta_home_win_exp,delta_run_exp,bat_speed,swing_length,miss_distance,estimated_slg_using_speedangle,delta_pitcher_run_exp,hyper_speed,home_score_diff,bat_score_diff,home_win_exp,bat_win_exp,age_pit_legacy,age_bat_legacy,age_pit,age_bat,n_thruorder_pitcher,n_priorpa_thisgame_player_at_bat,pitcher_days_since_prev_game,batter_days_since_prev_game,pitcher_days_until_next_game,batter_days_until_next_game,api_break_z_with_gravity,api_break_x_arm,api_break_x_batter_in,arm_angle,attack_angle,attack_direction,swing_path_tilt,intercept_ball_minus_batter_pos_x_inches,intercept_ball_minus_batter_pos_y_inches
FC,2024-07-23,86.9,-1.55,6.11,"Yelich, Christian",592885,592791,field_out,hit_into_play,,,,,9.0,"Christian Yelich grounds out, pitcher Jameson Taillon to first baseman Michael Busch.",R,L,R,CHC,MIL,X,1.0,ground_ball,1,2,2024,0.56,0.52,0.5626562771416086,2.1859580089106982,,,661388.0,2,6,Top,130.22,183.01,,,,,3.939594938338348,-126.57179219371788,-4.380345898058556,5.351728529933805,22.99758040541892,-25.87347936168075,3.4,1.73,6.0,80.7,-18.0,87.6,2538.0,6.5,746848,665804,683737,663538,666624,621020,664023,691718,643565,54.05,0.075,0.068,0.0,1.0,0.0,0.0,2.0,42,5,Cutter,0,0,0,0,0,0,0,0,Infield shade,Standard,176.0,0.025,-0.197,71.0,7.0,,0.077,0.197,88.0,0,0,0.551,0.449,32,32,33,33,3,2,9.0,1,6.0,,2.46,-0.56,0.56,43.9,-1.9392068010605208,13.05018526826106,39.73747658959227,32.33741948422972,19.52354348253178
FF,2024-07-23,92.0,-1.4,6.11,"Yelich, Christian",592885,592791,,foul,,,,,3.0,,R,L,R,CHC,MIL,S,,,1,2,2024,-0.49,1.08,0.352561489946553,3.306697352175946,,,661388.0,2,6,Top,,,,,,,5.544180489306017,-133.9595142612228,-3.6918858066945455,-7.064079911459217,25.661864454801243,-18.57970455738742,3.4,1.73,212.0,72.9,26.0,93.0,2239.0,6.6,746848,665804,683737,663538,666624,621020,664023,691718,643565,53.91,,,,,,,,42,4,4-Seam Fastball,0,0,0,0,0,0,0,0,Standard,Standard,210.0,0.0,0.0,64.4,5.7,,,0.0,88.0,0,0,0.551,0.449,32,32,33,33,3,2,9.0,1,6.0,,1.59,0.49,-0.49,41.2,-7.193871662824591,30.37698210238388,35.4759587410659,33.32796227002174,15.584919363139305
CU,2024-07-23,79.1,-1.31,6.18,"Yelich, Christian",592885,592791,,ball,,,,,13.0,,R,L,R,CHC,MIL,B,,,0,2,2024,0.9,-0.99,-0.925953715601843,0.9828076431352066,,,661388.0,2,6,Top,,,,,,,-0.8408572104182042,-115.15691407406436,-2.6911959668296546,8.131643960054408,22.23315129712436,-40.635977119445705,3.32158224706249,1.77508162147016,,,,79.2,2793.0,6.4,746848,665804,683737,663538,666624,621020,664023,691718,643565,54.09,,,,,,,,42,3,Curveball,0,0,0,0,0,0,0,0,Standard,Standard,44.0,-0.003,0.027,,,,,-0.027,,0,0,0.554,0.446,32,32,33,33,3,2,9.0,1,6.0,,4.64,-0.9,0.9,45.1,,,,,
CU,2024-07-23,78.7,-1.26,6.31,"Yelich, Christian",592885,592791,,swinging_strike,,,,,14.0,,R,L,R,CHC,MIL,S,,,0,1,2024,0.9,-0.84,0.0928678755152683,1.5571102529374017,,,661388.0,2,6,Top,,,,,,,1.2746971821705009,-114.6088608396301,-1.904096923801968,7.628354700963892,22.10815761866531,-39.42798017232098,3.4,1.73,,,,78.9,2714.0,6.5,746848,665804,683737,663538,666624,621020,664023,691718,643565,53.99,,,,,,,,42,2,Curveball,0,0,0,0,0,0,0,0,Standard,Standard,45.0,0.009,-0.054,71.1,8.9,0.528927612,,0.054,,0,0,0.545,0.455,32,32,33,33,3,2,9.0,1,6.0,,4.53,-0.9,0.9,47.7,25.11987753805256,-28.082467315763893,34.6392313078039,38.26827757180233,46.20850192334322
FC,2024-07-23,86.2,-1.54,6.08,"Yelich, Christian",592885,592791,,swinging_strike,,,,,14.0,,R,L,R,CHC,MIL,S,,,0,0,2024,0.65,0.68,1.4022925054962057,2.0513162598285453,,,661388.0,2,6,Top,,,,,,,5.701326851326159,-125.4851801508698,-4.785324632020036,5.809914817005529,23.621712966333856,-24.182709643536192,3.4,1.73,,,,86.8,2436.0,6.5,746848,665804,683737,663538,666624,621020,664023,691718,643565,54.02,,,,,,,,42,1,Cutter,0,0,0,0,0,0,0,0,Standard,Standard,181.0,0.005,-0.047,73.9,8.3,0.16745388,,0.047,,0,0,0.54,0.46,32,32,33,33,3,2,9.0,1,6.0,,2.36,-0.65,0.65,41.8,26.305230075721354,-32.53051308910398,39.10795453262314,22.6318308577304,41.492740966396966
SI,2024-07-23,92.5,-1.21,6.14,"Yelich, Christian",592885,592791,walk,ball,,,,,14.0,Christian Yelich walks.,R,L,R,CHC,MIL,B,,,3,1,2024,-1.25,1.04,0.9459320106378176,2.3357227380596663,,,,1,4,Top,,,,,,,8.26049380546596,-134.46468832369638,-6.178207509900157,-16.954922130462766,28.208618076600427,-18.42768010945996,3.32594239932259,1.8018336385956,,,,92.9,2146.0,6.5,746848,665804,683737,663538,666624,621020,664023,691718,643565,54.0,,0.689131,0.7,1.0,0.0,0.0,,25,5,Sinker,0,0,0,0,0,0,0,0,Standard,Standard,209.0,-0.018,0.256,,,,,-0.256,,0,0,0.515,0.485,32,32,33,33,2,1,9.0,1,6.0,,1.63,1.25,-1.25,42.6,,,,,
FC,2024-07-23,88.3,-1.42,6.1,"Yelich, Christian",592885,592791,,ball,,,,,14.0,,R,L,R,CHC,MIL,B,,,2,1,2024,0.49,0.8,1.2985944364861053,1.8997416472276736,,,,1,4,Top,,,,,,,5.618644986953203,-128.52194780473906,-5.853157239674778,4.328821077014265,25.85092409441572,-22.28057321139913,3.31842650932938,1.79404616119765,,,,88.7,2497.0,6.4,746848,665804,683737,663538,666624,621020,664023,691718,643565,54.06,,,,,,,,25,4,Cutter,0,0,0,0,0,0,0,0,Standard,Standard,183.0,-0.009,0.122,,,,,-0.122,,0,0,0.524,0.476,32,32,33,33,2,1,9.0,1,6.0,,2.11,-0.49,0.49,44.1,,,,,
FF,2024-07-23,92.6,-1.35,6.16,"Yelich, Christian",592885,592791,,foul,,,,,5.0,,R,L,R,CHC,MIL,S,,,2,0,2024,-0.77,1.43,-0.129655726540863,2.5792161957879784,,,,1,4,Top,,,,,,,4.819216133114771,-134.71146081773617,-6.492678219570789,-10.408239467595571,28.44231883338623,-13.556136209469209,3.4,1.73,275.0,88.6,39.0,93.1,2214.0,6.5,746848,665804,683737,663538,666624,621020,664023,691718,643565,53.98,,,,,,,,25,3,4-Seam Fastball,0,0,0,0,0,0,0,0,Standard,Standard,214.0,0.006,-0.065,73.0,6.9,,,0.065,88.6,0,0,0.518,0.482,32,32,33,33,2,1,9.0,1,6.0,,1.22,0.77,-0.77,42.1,0.2928136052469043,19.806404854214485,34.49430148427172,40.9591646222737,21.133067292447528
CH,2024-07-23,86.8,-1.39,6.08,"Yelich, Christian",592885,592791,,ball,,,,,14.0,,R,L,R,CHC,MIL,B,,,1,0,2024,-1.37,0.78,0.3071122767123695,0.972073664650266,,,,1,4,Top,,,,,,,6.874298638242485,-126.16564981892176,-7.656114457130644,-16.042969098314362,24.689977961630717,-22.445132338589566,3.22918310349841,1.76385359752299,,,,87.1,1877.0,6.4,746848,665804,683737,663538,666624,621020,664023,691718,643565,54.07,,,,,,,,25,2,Changeup,0,0,0,0,0,0,0,0,Standard,Standard,225.0,-0.006,0.072,,,,,-0.072,,0,0,0.524,0.476,32,32,33,33,2,1,9.0,1,6.0,,2.24,1.37,-1.37,44.4,,,,,
FF,2024-07-23,92.0,-1.46,6.19,"Yelich, Christian",592885,592791,,ball,,,,,11.0,,R,L,R,CHC,MIL,B,,,0,0,2024,-0.67,1.49,-1.541185709494692,3.6698514180130686,,,,1,4,Top,,,,,,,1.2519909904846158,-134.06320005189804,-3.8126323392080943,-8.378306340515262,28.364930630700425,-13.633269393106904,3.30507220612108,1.74834091890686,,,,92.2,2208.0,6.3,746848,665804,683737,663538,666624,621020,664023,691718,643565,54.19,,,,,,,,25,1,4-Seam Fastball,0,0,0,0,0,0,0,0,Standard,Standard,212.0,-0.003,0.039,,,,,-0.039,,0,0,0.527,0.473,32,32,33,33,2,1,9.0,1,6.0,,1.2,0.67,-0.67,39.1,,,,,
CU,2024-07-23,79.7,-1.46,6.18,"Yelich, Christian",592885,592791,walk,ball,,,,,1.0,Christian Yelich walks.,R,L,R,CHC,MIL,B,,,3,2,2024,0.84,-0.67,-0.796387199002269,2.9404354162920856,,668930.0,,1,1,Top,,,,,,,-0.1280797759398618,-115.96543060897784,0.9437812246256636,7.580002880423013,23.64745492207156,-38.56938291826121,3.25237908442376,1.7800594757022,,,,79.6,2515.0,6.4,746848,665804,683737,663538,666624,621020,664023,691718,643565,54.05,,0.689131,0.7,1.0,0.0,0.0,,3,7,Curveball,0,0,0,0,0,0,0,0,Standard,Standard,44.0,-0.018,0.21,,,,,-0.21,,0,0,0.478,0.522,32,32,33,33,1,0,9.0,1,6.0,,4.28,-0.84,0.84,45.3,,,,,
FC,2024-07-23,87.4,-1.6,6.14,"Yelich, Christian",592885,592791,,foul,,,,,2.0,,R,L,R,CHC,MIL,S,,,3,2,2024,0.53,0.65,-0.0930898666075428,3.0626814366391493,,668930.0,,1,1,Top,,,,,,,2.534279372843068,-127.36711849731456,-2.6652813362851653,5.378164012622162,24.041805800759164,-24.758314538649238,3.4,1.73,2.0,62.7,-58.0,87.9,2469.0,6.3,746848,665804,683737,663538,666624,621020,664023,691718,643565,54.18,,,,,,,,3,6,Cutter,0,0,0,0,0,0,0,0,Standard,Standard,175.0,0.0,0.0,67.2,7.1,,,0.0,88.0,0,0,0.478,0.522,32,32,33,33,1,0,9.0,1,6.0,,2.31,-0.53,0.53,41.0,6.748471621269677,12.85523953197862,26.792404998802198,40.58303928160109,22.4684218720123
FF,2024-07-23,93.0,-1.25,6.24,"Yelich, Christian",592885,592791,,ball,,,,,12.0,,R,L,R,CHC,MIL,B,,,2,2,2024,-0.67,1.15,0.4653816156482274,4.1343704760120135,,668930.0,,1,1,Top,,,,,,,5.88240877205094,-135.46385064203324,-2.217001963347274,-9.43468305314359,27.05092232373201,-17.63086774756603,3.23213246087929,1.77084012300019,,,,93.6,2209.0,6.4,746848,665804,683737,663538,666624,621020,664023,691718,643565,54.09,,,,,,,,3,5,4-Seam Fastball,0,0,0,0,0,0,0,0,Standard,Standard,211.0,-0.008,0.074,,,,,-0.074,,0,0,0.486,0.514,32,32,33,33,1,0,9.0,1,6.0,,1.46,0.67,-0.67,42.1,,,,,
CU,2024-07-23,80.4,-1.38,6.3,"Yelich, Christian",592885,592791,,ball,,,,,12.0,,R,L,R,CHC,MIL,B,,,1,2,2024,0.87,-0.61,1.8204988964364024,2.6779268305742923,,,668930.0,1,1,Top,,,,,,,5.446430754486456,-116.97561495309274,-0.1252401772770104,6.825761358325575,23.778259751581917,-37.943614783033375,3.35437074009914,1.77009136051014,,,,80.3,2646.0,6.4,746848,665804,683737,663538,666624,621020,664023,691718,643565,54.08,,,,,,,,3,4,Curveball,0,0,0,0,0,0,0,0,Infield shade,Standard,48.0,-0.02,0.048,,,,,-0.048,,0,0,0.506,0.494,32,32,33,33,1,0,9.0,1,6.0,,4.16,-0.87,0.87,44.3,,,,,
FF,2024-07-23,93.6,-1.4,6.14,"Yelich, Christian",592885,592791,,swinging_strike,,,,,1.0,,R,L,R,CHC,MIL,S,,,1,1,2024,-0.66,1.38,-0.5758977085092316,3.1220000405778,,,668930.0,1,1,Top,,,,,,,3.602760123748462,-136.2100373903518,-5.1110171562110205,-9.02237227084416,30.122383224519343,-14.036750454222297,3.4,1.73,,,,93.9,2239.0,6.5,746848,665804,683737,663538,666624,621020,664023,691718,643565,54.04,,,,,,,,3,3,4-Seam Fastball,0,0,0,0,0,0,0,0,Standard,Standard,214.0,0.007,-0.059,70.7,6.6,0.671014356,,0.059,,0,0,0.499,0.501,32,32,33,33,1,0,9.0,1,6.0,,1.22,0.66,-0.66,41.9,-6.4338276255900935,28.23323131124292,30.267604574472823,45.65488239868065,12.43153033788198
FC,2024-07-23,86.9,-1.66,6.15,"Yelich, Christian",592885,592791,,foul,,,,,14.0,,R,L,R,CHC,MIL,S,,,1,0,2024,0.27,0.95,0.9063503823252524,2.1646938926893844,,,668930.0,1,1,Top,,,,,,,5.621632989138328,-126.43153932538394,-5.368310792601406,1.8341208511385447,23.95154454877333,-21.084336037186667,3.4,1.73,232.0,73.3,50.0,87.5,2522.0,6.5,746848,665804,683737,663538,666624,621020,664023,691718,643565,54.0,,,,,,,,3,2,Cutter,0,0,0,0,0,0,0,0,Standard,Standard,172.0,0.005,-0.047,72.5,8.2,,,0.047,88.0,0,0,0.494,0.506,32,32,33,33,1,0,9.0,1,6.0,,2.05,-0.27,0.27,41.2,16.93757289972866,-25.117659842728624,41.3614900354283,27.67073768000005,38.7481405092133
SI,2024-07-23,92.4,-1.44,6.16,"Yelich, Christian",592885,592791,,ball,,,,,13.0,,R,L,R,CHC,MIL,B,,,0,0,2024,-1.02,1.3,-0.6764755359971192,1.2339884217989163,,,668930.0,1,1,Top,,,,,,,4.192587598651972,-134.25002696005873,-9.621577103321508,-13.306720533530482,27.03292431736352,-14.647184091897476,3.35215215471816,1.79742073205173,,,,93.0,2244.0,6.6,746848,665804,683737,663538,666624,621020,664023,691718,643565,53.91,,,,,,,,3,1,Sinker,0,0,0,0,0,0,0,0,Standard,Standard,214.0,-0.004,0.036,,,,,-0.036,,0,0,0.498,0.502,32,32,33,33,1,0,9.0,1,6.0,,1.37,1.02,-1.02,43.0,,,,,
FC,2024-07-22,87.4,-1.56,6.05,"Yelich, Christian",592885,665871,walk,ball,,,,,11.0,Christian Yelich walks. William Contreras to 2nd.,R,L,R,CHC,MIL,B,,,3,1,2024,0.42,0.6,-0.3114462479898799,4.533824375136744,,,661388.0,2,3,Top,,,,,,,2.1630140761515326,-127.30468795181604,1.2435895814837366,4.116303374824049,25.171373986659777,-26.12888082507421,3.16028513030606,1.67005235653372,,,,87.9,2123.0,6.5,746850,665804,683737,663538,670156,621020,664023,691718,673548,54.01,,0.689131,0.7,1.0,0.0,0.0,,19,5,Cutter,0,0,0,0,0,0,0,0,Standard,Standard,157.0,-0.014,0.152,,,,,-0.152,,0,0,0.52,0.48,26,32,27,33,2,1,9.0,2,6.0,1.0,2.37,-0.42,0.42,56.6,,,,,
CU,2024-07-22,76.7,-1.32,6.1,"Yelich, Christian",592885,665871,,blocked_ball,,,,,14.0,,R,L,R,CHC,MIL,B,,,2,1,2024,0.72,-1.01,0.0925815243838836,0.3332606621571825,,,661388.0,2,3,Top,,,,,,,1.6890553332878626,-111.708767006517,-3.3429676727379527,5.712098510962755,21.4262015533978,-40.17279532772546,3.16240154950849,1.67068111690419,,,,77.2,2522.0,6.7,746850,665804,683737,663538,670156,621020,664023,691718,673548,53.79,,,,,,,,19,4,Curveball,0,0,0,0,0,0,0,0,Standard,Standard,36.0,-0.008,0.078,,,,,-0.078,,0,0,0.528,0.472,26,32,27,33,2,1,9.0,2,6.0,1.0,4.9,-0.72,0.72,64.4,,,,,
SI,2024-07-22,91.0,-1.46,6.05,"Yelich, Christian",592885,665871,,ball,,,,,12.0,,R,L,R,CHC,MIL,B,,,1,1,2024,-1.28,0.94,1.1784397632352197,3.17073081562244,,,661388.0,2,3,Top,,,,,,,9.416225041209003,-132.2663621559466,-3.350176888809619,-17.062627251452565,27.653355944915702,-20.65177988353762,3.16247030372333,1.6705947805853,,,,91.6,2007.0,6.7,746850,665804,683737,663538,670156,621020,664023,691718,673548,53.84,,,,,,,,19,3,Sinker,0,0,0,0,0,0,0,0,Standard,Standard,204.0,-0.003,0.05,,,,,-0.05,,0,0,0.531,0.469,26,32,27,33,2,1,9.0,2,6.0,1.0,1.82,1.28,-1.28,58.7,,,,,
SI,2024-07-22,91.5,-1.52,6.0,"Yelich, Christian",592885,665871,,swinging_strike,,,,,6.0,,R,L,R,CHC,MIL,S,,,1,0,2024,-1.2,0.93,0.4202458640818822,2.338112470433898,,,661388.0,2,3,Top,,,,,,,7.527242558633742,-132.9979460832814,-5.4013298206498845,-15.861754169275963,27.94203576518184,-20.10437238540031,3.4,1.73,,,,92.1,1965.0,6.7,746850,665804,683737,663538,670156,621020,664023,691718,673548,53.82,,,,,,,,19,2,Sinker,0,0,0,0,0,0,0,0,Standard,Standard,203.0,0.003,-0.048,77.4,7.2,0.199469796,,0.048,,0,0,0.528,0.472,26,32,27,33,2,1,9.0,2,6.0,1.0,1.79,1.2,-1.2,55.8,3.473081108580772,10.306019803501638,39.487734737784,33.98989502838725,21.4725998383688
SI,2024-07-22,92.6,-1.38,6.02,"Yelich, Christian",592885,665871,,ball,,,,,14.0,,R,L,R,CHC,MIL,B,,,0,0,2024,-1.07,1.0,1.3756548229224392,1.5083655287642133,,,661388.0,2,3,Top,,,,,,,9.423173045489214,-134.39855473692575,-7.945098562319455,-14.923688581747946,28.03809628100974,-18.44097110539492,3.22176464215049,1.78943096039291,,,,93.3,2022.0,6.7,746850,665804,683737,663538,670156,621020,664023,691718,673548,53.75,,,,,,,,19,1,Sinker,0,0,0,0,0,0,0,0,Standard,Standard,199.0,-0.002,0.034,,,,,-0.034,,0,0,0.53,0.47,26,32,27,33,2,1,9.0,2,6.0,1.0,1.66,1.07,-1.07,55.3,,,,,
SI,2024-07-22,91.2,1.24,6.72,"Yelich, Christian",592885,592767,field_out,hit_into_play,,,,,7.0,"Christian Yelich grounds out sharply, third baseman Miles Mastrobuoni to first baseman Michael Busch.",R,L,L,CHC,MIL,X,5.0,ground_ball,3,2,2024,0.67,1.34,-0.5302179316225307,2.187165953340207,,,,0,5,Top,107.79,152.49,,,,,-5.863988761417381,-132.62156893209897,-8.36874730831974,9.18498759189026,26.81860554827184,-14.721515922843,3.4,1.73,24.0,105.6,-4.0,90.7,1929.0,5.9,746850,665804,683737,663538,670156,621020,664023,691718,673548,54.57,0.417,0.377,0.0,1.0,0.0,0.0,2.0,39,7,Sinker,2,0,0,2,0,2,0,2,Infield shade,Standard,145.0,0.036,-0.333,,,,0.439,0.333,105.6,2,-2,0.744,0.256,35,32,35,33,1,2,2.0,2,7.0,1.0,1.39,0.67,0.67,55.3,,,,,
SI,2024-07-22,92.7,1.29,6.83,"Yelich, Christian",592885,592767,,ball,,,,,12.0,,R,L,L,CHC,MIL,B,,,2,2,2024,0.56,1.49,0.208189336050108,4.222211364594925,,,,0,5,Top,,,,,,,-3.9623237408886034,-135.0731854239926,-4.160556020925217,7.738818215296944,27.38467686191784,-13.155337002177598,3.22239074074762,1.73000077368439,,,,92.3,1989.0,5.8,746850,665804,683737,663538,670156,621020,664023,691718,673548,54.7,,,,,,,,39,6,Sinker,2,0,0,2,0,2,0,2,Infield shade,Standard,147.0,-0.011,0.107,,,,,-0.107,,2,-2,0.755,0.245,35,32,35,33,1,2,2.0,2,7.0,1.0,1.14,0.56,0.56,60.1,,,,,
SI,2024-07-22,91.5,1.46,6.7,"Yelich, Christian",592885,592767,,foul,,,,,12.0,,R,L,L,CHC,MIL,S,,,2,2,2024,0.43,1.5,0.9083801007303388,2.885751411244867,,,,0,5,Top,,,,,,,-2.305397891577399,-133.1433864717844,-6.927490567324843,5.5597157187131385,28.970316268778653,-13.033958790973571,3.4,1.73,131.0,67.3,13.0,90.9,2031.0,5.9,746850,665804,683737,663538,670156,621020,664023,691718,673548,54.56,,,,,,,,39,5,Sinker,2,0,0,2,0,2,0,2,Infield shade,Standard,144.0,0.0,0.0,61.6,5.9,,,0.0,88.0,2,-2,0.755,0.245,35,32,35,33,1,2,2.0,2,7.0,1.0,1.22,0.43,0.43,56.6,-13.11588029636222,26.68288568951853,38.97090274197139,29.020615326899147,12.80466582716086
KC,2024-07-22,79.3,1.73,6.71,"Yelich, Christian",592885,592767,,ball,,,,,13.0,,R,L,L,CHC,MIL,B,,,1,2,2024,0.35,-0.4,-0.14440324205429,1.3853971793662634,,,,0,5,Top,,,,,,,-4.694321807470395,-115.515440424868,-4.162997357600743,3.961611760697428,19.69731907541401,-35.29390491018228,3.25196061477929,1.73000148597507,,,,78.8,2278.0,5.7,746850,665804,683737,663538,670156,621020,664023,691718,673548,54.8,,,,,,,,39,4,Knuckle Curve,2,0,0,2,0,2,0,2,Infield shade,Standard,9.0,-0.005,0.04,,,,,-0.04,,2,-2,0.76,0.24,35,32,35,33,1,2,2.0,2,7.0,1.0,4.0,0.35,0.35,51.7,,,,,
FC,2024-07-22,87.8,1.86,6.61,"Yelich, Christian",592885,592767,,called_strike,,,,,8.0,,R,L,L,CHC,MIL,S,,,1,1,2024,0.5,0.98,0.275217733989292,2.0735456927896587,,,,0,5,Top,,,,,,,-4.824745107123911,-127.70699843217852,-6.861084606549126,6.420158320486395,23.90803904954143,-20.30106282495789,3.25195261782527,1.7299988390402,,,,87.3,1950.0,5.8,746850,665804,683737,663538,670156,621020,664023,691718,673548,54.7,,,,,,,,39,3,Cutter,2,0,0,2,0,2,0,2,Standard,Standard,141.0,0.008,-0.056,,,,,0.056,,2,-2,0.752,0.248,35,32,35,33,1,2,2.0,2,7.0,1.0,1.96,0.5,0.5,50.9,,,,,
KC,2024-07-22,79.5,1.74,6.65,"Yelich, Christian",592885,592767,,ball,,,,,13.0,,R,L,L,CHC,MIL,B,,,0,1,2024,0.3,-0.38,-0.1318883892333214,0.8432128978734723,,,,0,5,Top,,,,,,,-4.625518130854058,-115.73325831683616,-5.277837513094235,3.524901551518516,19.856510885617265,-34.89817486524371,3.24864387027726,1.72658792034009,,,,78.9,2313.0,5.7,746850,665804,683737,663538,670156,621020,664023,691718,673548,54.81,,,,,,,,39,2,Knuckle Curve,2,0,0,2,0,2,0,2,Standard,Standard,12.0,-0.003,0.025,,,,,-0.025,,2,-2,0.755,0.245,35,32,35,33,1,2,2.0,2,7.0,1.0,3.96,0.3,0.3,55.1,,,,,
KC,2024-07-22,77.8,1.74,6.7,"Yelich, Christian",592885,592767,,called_strike,,,,,7.0,,R,L,L,CHC,MIL,S,,,0,0,2024,0.21,-0.05,-0.3823994752360847,2.131682573362162,,,,0,5,Top,,,,,,,-4.878089174881104,-113.36737555835764,-2.879793245570049,2.5998838445956878,18.591742115170987,-32.316677731598524,3.31193086566775,1.70117538100484,,,,77.4,2159.0,5.7,746850,665804,683737,663538,670156,621020,664023,691718,673548,54.8,,,,,,,,39,1,Knuckle Curve,2,0,0,2,0,2,0,2,Standard,Standard,12.0,0.004,-0.037,,,,,0.037,,2,-2,0.751,0.249,35,32,35,33,1,2,2.0,2,7.0,1.0,3.77,0.21,0.21,51.4,,,,,
CH,2024-07-22,84.7,-1.42,6.04,"Yelich, Christian",592885,665871,field_out,hit_into_play,,,,,8.0,Christian Yelich flies out to center fielder Pete Crow-Armstrong.,R,L,R,CHC,MIL,X,8.0,fly_ball,2,2,2024,-0.97,0.82,-0.2587926996298957,1.8596207400746485,,661388.0,,1,1,Top,125.8,83.98,,,,,4.6930189970983385,-123.24196732476597,-5.129306246134775,-10.79319376457162,22.871357262921585,-22.996808591240438,3.4,1.73,286.0,81.7,32.0,85.7,1431.0,6.8,746850,665804,683737,663538,670156,621020,664023,691718,673548,53.7,0.037,0.044,0.0,1.0,0.0,0.0,3.0,3,7,Changeup,0,0,0,0,0,0,0,0,Standard,Standard,218.0,0.03,-0.203,77.2,8.0,,0.066,0.203,88.0,0,0,0.486,0.514,26,32,27,33,1,0,9.0,2,6.0,1.0,2.34,0.97,-0.97,64.5,12.30061935001011,-5.770237948948754,36.19969060664787,43.45438052144637,37.669525421457095
CU,2024-07-22,74.1,-1.28,5.8,"Yelich, Christian",592885,643410,strikeout,swinging_strike,,,,,5.0,Christian Yelich strikes out swinging.,R,L,R,CHC,MIL,S,2.0,,1,2,2024,0.8,-1.28,0.0833580700512975,2.348132245674148,,,,2,7,Top,,,,,,,1.4024841554444532,-107.82722705159136,2.51993250304438,5.945138910719378,19.860251324286576,-42.84321080312552,3.4,1.73,,,,74.4,2360.0,6.6,746850,665804,683737,663538,623520,621020,664023,691718,673548,53.86,,0.0,0.0,1.0,0.0,0.0,,55,4,Curveball,3,0,0,3,0,3,0,3,Infield shade,Standard,23.0,0.006,-0.18,72.5,8.6,0.418510044,,0.18,,3,-3,0.935,0.065,33,32,33,33,1,3,1.0,2,2.0,1.0,5.46,-0.8,0.8,53.4,25.70456332904354,-35.21591896593174,29.963850811513485,38.97226048689493,51.56195883770412
FC,2024-07-22,90.2,-1.6,5.97,"Yelich, Christian",592885,665871,,foul,,,,,14.0,,R,L,R,CHC,MIL,S,,,2,2,2024,0.37,0.69,1.1425362392154226,2.1589404777631405,,661388.0,,1,1,Top,,,,,,,6.077361973129795,-131.2189606978598,-5.047272947893901,3.0943141018925484,26.13963512857069,-23.3247554065617,3.4,1.73,5.0,71.3,-23.0,91.1,2140.0,6.7,746850,665804,683737,663538,670156,621020,664023,691718,673548,53.8,,,,,,,,3,6,Cutter,0,0,0,0,0,0,0,0,Standard,Standard,185.0,0.0,0.0,74.7,7.3,,,0.0,88.0,0,0,0.486,0.514,26,32,27,33,1,0,9.0,2,6.0,1.0,2.1,-0.37,0.37,54.0,7.190030223306082,6.119528185743586,41.65605655415177,25.97085151945598,30.04942089475866
FS,2024-07-22,83.8,-1.34,5.81,"Yelich, Christian",592885,643410,,called_strike,,,,,4.0,,R,L,R,CHC,MIL,S,,,1,1,2024,0.14,0.02,-0.554405739256889,2.344009297508276,,,,2,7,Top,,,,,,,1.5551755020977185,-122.07063725480162,-1.6480099034862965,1.0904565048272226,23.81124423725487,-31.86560808465533,3.16214842166067,1.70025557432695,,,,84.4,737.0,6.6,746850,665804,683737,663538,623520,621020,664023,691718,673548,53.9,,,,,,,,55,3,Split-Finger,3,0,0,3,0,3,0,3,Infield shade,Standard,236.0,0.002,-0.064,,,,,0.064,,3,-3,0.933,0.067,33,32,33,33,1,3,1.0,2,2.0,1.0,3.22,-0.14,0.14,52.2,,,,,
FF,2024-07-22,93.8,-1.53,5.96,"Yelich, Christian",592885,665871,,foul,,,,,12.0,,R,L,R,CHC,MIL,S,,,2,2,2024,-0.28,1.2,0.9028223200674133,2.919412761464357,,661388.0,,1,1,Top,,,,,,,6.955723594040094,-136.36368658371006,-4.822952353890492,-5.012077940822092,29.42846878680035,-16.35862353395574,3.4,1.73,193.0,67.3,28.0,94.5,1995.0,6.7,746850,665804,683737,663538,670156,621020,664023,691718,673548,53.79,,,,,,,,3,5,4-Seam Fastball,0,0,0,0,0,0,0,0,Standard,Standard,203.0,0.0,0.0,72.2,6.3,,,0.0,88.0,0,0,0.486,0.514,26,32,27,33,1,0,9.0,2,6.0,1.0,1.39,0.28,-0.28,54.2,-2.92528862084076,18.05833858365701,37.12553528355092,28.367876432307284,20.833821144554648
FS,2024-07-22,84.2,-1.2,5.81,"Yelich, Christian",592885,643410,,ball,,,,,14.0,,R,L,R,CHC,MIL,B,,,0,1,2024,-0.4,-0.14,0.5903903545138021,1.453437097250332,,,,2,7,Top,,,,,,,4.992229381813623,-122.54441293729612,-3.4763760505022367,-5.030452650794259,23.859296433430707,-33.141698144092246,3.22179731455684,1.70063854676616,,,,84.9,625.0,6.7,746850,665804,683737,663538,623520,621020,664023,691718,673548,53.81,,,,,,,,55,2,Split-Finger,3,0,0,3,0,3,0,3,Infield shade,Standard,235.0,-0.001,0.029,,,,,-0.029,,3,-3,0.934,0.066,33,32,33,33,1,3,1.0,2,2.0,1.0,3.35,0.4,-0.4,49.1,,,,,
CU,2024-07-22,80.9,-1.22,6.03,"Yelich, Christian",592885,665871,,blocked_ball,,,,,14.0,,R,L,R,CHC,MIL,B,,,1,2,2024,0.63,-0.89,0.9770776540170684,-1.6279044336235984,,661388.0,,1,1,Top,,,,,,,3.719978022994873,-117.52492262326945,-8.764868573952612,5.079397946558234,22.874864807756754,-38.8920278157002,3.19596295941005,1.70366418960661,,,,81.4,2529.0,6.8,746850,665804,683737,663538,670156,621020,664023,691718,673548,53.74,,,,,,,,3,4,Curveball,0,0,0,0,0,0,0,0,Standard,Standard,37.0,-0.005,0.018,,,,,-0.018,,0,0,0.491,0.509,26,32,27,33,1,0,9.0,2,6.0,1.0,4.39,-0.63,0.63,64.0,,,,,
SI,2024-07-22,92.1,-1.54,5.81,"Yelich, Christian",592885,643410,,swinging_strike,,,,,11.0,,R,L,R,CHC,MIL,S,,,0,0,2024,-1.17,0.91,-0.3025970410486562,3.608965941284191,,,,2,7,Top,,,,,,,5.70610695552899,-134.09542424801865,-1.7924907210447176,-15.286620621046724,26.36098436348944,-20.985390592903585,3.4,1.73,,,,93.1,2018.0,6.7,746850,665804,683737,663538,623520,621020,664023,691718,673548,53.84,,,,,,,,55,1,Sinker,3,0,0,3,0,3,0,3,Infield shade,Standard,208.0,0.001,-0.041,67.0,6.1,0.600770004,,0.041,,3,-3,0.933,0.067,33,32,33,33,1,3,1.0,2,2.0,1.0,1.76,1.17,-1.17,48.0,-2.8156905020704914,38.10131545281045,28.490197806417815,41.51866623795821,10.855276196276431
CU,2024-07-22,79.2,-1.12,6.11,"Yelich, Christian",592885,665871,,swinging_strike_blocked,,,,,14.0,,R,L,R,CHC,MIL,S,,,1,1,2024,0.6,-0.77,0.6223170704547923,0.7354930501819887,,661388.0,,1,1,Top,,,,,,,2.709816952395476,-115.3372534061808,-3.5628545249147097,4.908305598450782,20.557281526606715,-38.67596829330335,3.4,1.73,,,,80.0,2472.0,6.7,746850,665804,683737,663538,670156,621020,664023,691718,673548,53.79,,,,,,,,3,3,Curveball,0,0,0,0,0,0,0,0,Standard,Standard,47.0,0.008,-0.062,68.2,9.0,16.052948052,,0.062,,0,0,0.483,0.517,26,32,27,33,1,0,9.0,2,6.0,1.0,4.39,-0.6,0.6,63.3,33.16823866081028,-56.83649514933682,41.84502553852713,33.121671761358904,66.37182807275497
FC,2024-07-22,89.2,-1.78,6.03,"Yelich, Christian",592885,665871,,ball,,,,,12.0,,R,L,R,CHC,MIL,B,,,0,1,2024,0.27,0.71,0.1050321724970456,3.5070804591479856,,661388.0,,1,1,Top,,,,,,,4.096628019100297,-130.03439100660825,-1.7773710405611909,2.433846983092695,22.833748972735236,-23.938946799980567,3.19256223741682,1.6707143948565,,,,90.5,2060.0,6.6,746850,665804,683737,663538,670156,621020,664023,691718,673548,53.89,,,,,,,,3,2,Cutter,0,0,0,0,0,0,0,0,Standard,Standard,177.0,-0.003,0.021,,,,,-0.021,,0,0,0.486,0.514,26,32,27,33,1,0,9.0,2,6.0,1.0,2.11,-0.27,0.27,53.8,,,,,
SI,2024-07-22,92.1,-1.33,6.13,"Yelich, Christian",592885,665871,,called_strike,,,,,9.0,,R,L,R,CHC,MIL,S,,,0,0,2024,-1.06,0.89,0.7338339301617964,2.0263279639057425,,661388.0,,1,1,Top,,,,,,,7.581830069947236,-133.8941728211725,-6.620172081245042,-14.29278637433666,25.52550525968899,-20.235231010949757,3.22182019387666,1.69994765695612,,,,93.1,1948.0,6.6,746850,665804,683737,663538,670156,621020,664023,691718,673548,53.86,,,,,,,,3,1,Sinker,0,0,0,0,0,0,0,0,Standard,Standard,199.0,0.005,-0.036,,,,,0.036,,0,0,0.481,0.519,26,32,27,33,1,0,9.0,2,6.0,1.0,1.78,1.06,-1.06,57.7,,,,,
ST,2024-07-20,84.6,-1.9,5.32,"Yelich, Christian",592885,641154,strikeout,swinging_strike,,,,,14.0,Christian Yelich strikes out swinging.,R,L,R,MIN,MIL,S,2.0,,1,2,2024,1.0,-0.33,0.2486680602086449,1.2133328691735357,,,,2,6,Top,,,,,,,3.0709186608448285,-123.13639367027372,-2.557089599238382,9.493261772265534,25.368370842516978,-35.238657080953594,3.4,1.73,,,,85.8,2514.0,7.1,745880,680777,467793,666397,686797,650489,670242,621439,596146,53.35,,0.0,0.0,1.0,0.0,0.0,,41,5,Sweeper,0,1,1,0,1,0,1,0,Strategic,Standard,42.0,0.008,-0.18,30.2,7.0,4.12574904,,0.18,,-1,1,0.388,0.612,28,32,28,33,3,2,10.0,6,6.0,2.0,3.52,-1.0,1.0,29.9,-4.810591123200968,16.796263108450045,39.1627367440516,33.7533092879133,16.677599265354573
CH,2024-07-20,89.8,-1.78,5.43,"Yelich, Christian",592885,641154,,foul,,,,,7.0,,R,L,R,MIN,MIL,S,,,1,2,2024,-1.41,0.6,-0.805966903947295,1.7875443896798917,,,,2,6,Top,,,,,,,5.494020694769314,-130.71243604117004,-4.403781511399329,-17.339065485065117,26.424179981975936,-24.58405504051787,3.4,1.73,291.0,86.6,30.0,91.5,2192.0,7.2,745880,680777,467793,666397,686797,650489,670242,621439,596146,53.31,,,,,,,,41,4,Changeup,0,1,1,0,1,0,1,0,Strategic,Standard,231.0,0.0,0.0,64.7,7.8,,,0.0,88.0,-1,1,0.388,0.612,28,32,28,33,3,2,10.0,6,6.0,2.0,2.22,1.41,-1.41,35.9,5.639711692556887,10.323629844648492,36.71388934587539,46.745407525814144,19.06076713483914
FF,2024-07-20,94.7,-1.8,5.42,"Yelich, Christian",592885,641154,,swinging_strike,,,,,1.0,,R,L,R,MIN,MIL,S,,,1,1,2024,-0.39,0.95,-0.4510678864576043,3.4197558651262137,,,,2,6,Top,,,,,,,4.477211472372684,-138.06069551514153,-1.7881800072266705,-5.886744493198415,26.204887390987636,-19.71578027632112,3.4,1.73,,,,97.0,2254.0,7.2,745880,680777,467793,666397,686797,650489,670242,621439,596146,53.35,,,,,,,,41,3,4-Seam Fastball,0,1,1,0,1,0,1,0,Standard,Standard,208.0,0.003,-0.064,68.8,6.6,0.870293004,,0.064,,-1,1,0.385,0.615,28,32,28,33,3,2,10.0,6,6.0,2.0,1.55,0.39,-0.39,35.2,3.3510877289841416,31.140080385292407,28.04805232966296,42.48068617713405,7.619516753025782
FF,2024-07-20,94.9,-1.92,5.4,"Yelich, Christian",592885,641154,,foul,,,,,2.0,,R,L,R,MIN,MIL,S,,,1,0,2024,-0.24,1.11,0.0299817345841793,3.049281551329806,,,,2,6,Top,,,,,,,5.740692832972679,-138.17490842033737,-3.0927233484326533,-4.244060055546335,26.60106197691494,-17.443849345573856,3.4,1.73,,,,97.0,2208.0,7.2,745880,680777,467793,666397,686797,650489,670242,621439,596146,53.33,,,,,,,,41,2,4-Seam Fastball,0,1,1,0,1,0,1,0,Standard,Standard,215.0,0.002,-0.051,73.2,6.8,,,0.051,,-1,1,0.383,0.617,28,32,28,33,3,2,10.0,6,6.0,2.0,1.39,0.24,-0.24,32.5,4.763986263172294,26.350630670172897,33.861158218788006,36.94078896331316,16.53704479987072
CH,2024-07-20,89.1,-1.96,5.53,"Yelich, Christian",592885,641154,,ball,,,,,13.0,,R,L,R,MIN,MIL,B,,,0,0,2024,-1.22,0.28,-1.0670869635838616,2.317587769700419,,,,2,6,Top,,,,,,,4.833554240214043,-129.77820692688874,-2.523843254662284,-14.8061583417932,25.467597638685778,-28.683188029305818,3.437682535706,1.72789747405738,,,,90.7,2187.0,7.1,745880,680777,467793,666397,686797,650489,670242,621439,596146,53.42,,,,,,,,41,1,Changeup,0,1,1,0,1,0,1,0,Standard,Standard,231.0,-0.001,0.04,,,,,-0.04,,-1,1,0.384,0.616,28,32,28,33,3,2,10.0,6,6.0,2.0,2.57,1.22,-1.22,39.3,,,,,
FF,2024-07-20,94.5,-1.7,5.51,"Yelich, Christian",592885,641154,field_out,hit_into_play,,,,,5.0,Christian Yelich lines out to left fielder Matt Wallner.,R,L,R,MIN,MIL,X,7.0,line_drive,1,1,2024,-0.35,1.0,0.255467362306829,2.440273298159873,,,,0,4,Top,76.98,99.58,,,,,5.979029953516637,-137.5500172431,-4.7000333676378565,-5.677771833895547,26.454723684166087,-18.570625511897525,3.4,1.73,277.0,93.7,16.0,96.6,2128.0,7.2,745880,680777,467793,666397,686797,650489,670242,621439,596146,53.35,0.742,0.713,0.0,1.0,0.0,0.0,4.0,25,3,4-Seam Fastball,0,1,1,0,1,0,1,0,Standard,Standard,215.0,0.022,-0.243,69.2,7.0,,0.899,0.243,93.7,-1,1,0.378,0.622,28,32,28,33,2,1,10.0,6,6.0,2.0,1.52,0.35,-0.35,37.3,1.5961985369907463,15.496640424368564,39.53051370963769,34.35082781080112,21.581723360272782
FF,2024-07-20,95.6,-1.94,5.57,"Yelich, Christian",592885,641154,,foul,,,,,4.0,,R,L,R,MIN,MIL,S,,,1,0,2024,-0.61,1.23,-0.4989181282139401,2.8619482670690326,,,,0,4,Top,,,,,,,5.239730370902529,-139.14751182007507,-4.3820799276821125,-9.05167115269687,28.765464661144065,-15.367763977121545,3.4,1.73,259.0,84.8,36.0,97.0,2264.0,6.9,745880,680777,467793,666397,686797,650489,670242,621439,596146,53.58,,,,,,,,25,2,4-Seam Fastball,0,1,1,0,1,0,1,0,Standard,Standard,217.0,0.005,-0.049,71.4,6.7,,,0.049,88.0,-1,1,0.373,0.627,28,32,28,33,2,1,10.0,6,6.0,2.0,1.25,0.61,-0.61,34.4,-3.15447606359223,30.406778288894078,33.137677195576124,43.793253992516654,12.358661559011429
CH,2024-07-20,87.2,-1.89,5.61,"Yelich, Christian",592885,641154,,ball,,,,,14.0,,R,L,R,MIN,MIL,B,,,0,0,2024,-1.21,0.69,0.7710050251802194,1.5429058759219054,,,,0,4,Top,,,,,,,9.009961005827194,-126.64019715585522,-5.135267969073279,-14.778239914680436,23.349941350680467,-23.898835252944423,3.56154480660614,1.69004612787294,,,,88.7,2215.0,7.1,745880,680777,467793,666397,686797,650489,670242,621439,596146,53.37,,,,,,,,25,1,Changeup,0,1,1,0,1,0,1,0,Standard,Standard,233.0,-0.004,0.038,,,,,-0.038,,-1,1,0.377,0.623,28,32,28,33,2,1,10.0,6,6.0,2.0,2.3,1.21,-1.21,38.5,,,,,
SL,2024-07-20,88.3,-1.48,5.95,"Yelich, Christian",592885,622251,grounded_into_double_play,hit_into_play,,,,,3.0,"Christian Yelich grounds into a double play, second baseman Austin Martin to shortstop Willi Castro to first baseman Carlos Santana. William Contreras out at 2nd. Christian Yelich out at 1st.",R,L,R,MIN,MIL,X,4.0,ground_ball,0,0,2024,0.35,0.51,0.3306423592068166,3.1138198402875177,,,661388.0,1,12,Top,155.48,147.86,,,,,3.715539763957093,-128.6473071654619,-1.9544879375067212,3.211402897788039,24.411001703838146,-26.24968786007882,3.4,1.73,96.0,80.3,8.0,89.2,2408.0,6.6,745880,680777,467793,668885,686797,650489,622534,621439,596146,53.88,0.339,0.317,0.0,1.0,0.0,0.0,4.0,94,1,Slider,3,8,8,3,8,3,8,3,Infield shade,Standard,176.0,0.004,-0.314,76.5,7.6,,0.384,0.314,88.0,-5,5,0.017,0.983,30,32,31,33,1,5,6.0,6,6.0,2.0,2.38,-0.35,0.35,44.7,23.84720859169292,1.818141581053513,27.35959036123385,33.32022298119404,29.715755975133067
ST,2024-07-20,86.9,-1.95,5.53,"Yelich, Christian",592885,641154,field_out,hit_into_play,,,,,3.0,"Christian Yelich grounds out, third baseman Brooks Lee to first baseman Carlos Santana.",R,L,R,MIN,MIL,X,5.0,ground_ball,1,1,2024,0.92,0.09,0.280537810693219,2.9304044594124568,,,,2,1,Top,114.47,154.15,,,,,3.507149889731996,-126.52605036198048,-0.2500309729037784,9.268752668380731,24.96996080612077,-31.36977358303696,3.4,1.73,12.0,76.3,-12.0,88.4,2465.0,7.1,745880,680777,467793,666397,686797,650489,670242,621439,596146,53.37,0.057,0.055,0.0,1.0,0.0,0.0,2.0,3,3,Sweeper,0,0,0,0,0,0,0,0,Infield shade,Standard,49.0,0.01,-0.244,65.1,6.3,,0.079,0.244,88.0,0,0,0.538,0.462,28,32,28,33,1,0,10.0,6,6.0,2.0,2.92,-0.92,0.92,35.0,-4.822763654548822,27.091452460065845,32.14216230955431,34.005611763393986,18.488072874129884
FF,2024-07-20,95.9,-1.59,5.63,"Yelich, Christian",592885,641154,,ball,,,,,14.0,,R,L,R,MIN,MIL,B,,,0,1,2024,-0.42,1.17,0.9787545797867918,2.4333142752327186,,,,2,1,Top,,,,,,,7.838222618487784,-139.440642995212,-5.60665213082696,-7.098151857906888,29.011553795390988,-15.82975543526724,3.37740304595643,1.64901434218363,,,,97.6,2277.0,7.1,745880,680777,467793,666397,686797,650489,670242,621439,596146,53.37,,,,,,,,3,2,4-Seam Fastball,0,0,0,0,0,0,0,0,Standard,Standard,219.0,-0.002,0.029,,,,,-0.029,,0,0,0.54,0.46,28,32,28,33,1,0,10.0,6,6.0,2.0,1.3,0.42,-0.42,37.5,,,,,
FF,2024-07-20,96.6,-1.63,5.63,"Yelich, Christian",592885,641154,,called_strike,,,,,4.0,,R,L,R,MIN,MIL,S,,,0,0,2024,-0.45,1.3,-0.7992974522808355,2.584967994176321,,,,2,1,Top,,,,,,,3.2935197811656414,-140.7106968690011,-5.629305395590351,-6.702727957171325,29.442415445236417,-13.84678543768929,3.4439720886823,1.61847831836007,,,,98.5,2272.0,7.1,745880,680777,467793,666397,686797,650489,670242,621439,596146,53.39,,,,,,,,3,1,4-Seam Fastball,0,0,0,0,0,0,0,0,Standard,Standard,216.0,0.002,-0.041,,,,,0.041,,0,0,0.538,0.462,28,32,28,33,1,0,10.0,6,6.0,2.0,1.12,0.45,-0.45,42.8,,,,,
ST,2024-07-20,86.2,-1.02,5.37,"Yelich, Christian",592885,643377,field_out,hit_into_play,,,,,2.0,Christian Yelich grounds out softly to first baseman Carlos Santana.,R,L,R,MIN,MIL,X,3.0,ground_ball,2,1,2024,0.95,-0.43,0.2067840366910394,2.9302567334670906,,,,0,9,Top,142.25,183.76,,,,,0.9994234793021736,-125.68175262656486,1.2544691319399088,9.887813374303295,23.67911218989882,-37.16401260933514,3.4,1.73,3.0,54.0,-48.0,86.8,2998.0,6.4,745880,680777,467793,668885,686797,650489,622534,621439,596146,54.12,0.241,0.266,0.0,1.0,0.0,0.0,1.0,63,4,Sweeper,1,1,1,1,1,1,1,1,Standard,Standard,52.0,0.066,-0.296,76.5,7.6,,0.243,0.296,88.0,0,0,0.492,0.508,29,32,30,33,1,3,6.0,6,1.0,2.0,3.47,-0.95,0.95,43.9,21.593813359491445,1.9359457758872571,35.24724001288762,34.948004572431465,25.126374732250053
ST,2024-07-20,87.1,-1.04,5.41,"Yelich, Christian",592885,643377,,called_strike,,,,,3.0,,R,L,R,MIN,MIL,S,,,2,0,2024,0.89,-0.37,0.7478853751588699,3.064006595202199,,,,0,9,Top,,,,,,,2.4627405224718086,-126.88357556000857,1.251156453975239,9.177340471398203,24.54866452375817,-36.66353268159467,3.39743050251991,1.75476713802155,,,,87.4,3081.0,6.3,745880,680777,467793,668885,686797,650489,622534,621439,596146,54.18,,,,,,,,63,3,Sweeper,1,1,1,1,1,1,1,1,Standard,Standard,49.0,0.016,-0.065,,,,,0.065,,0,0,0.476,0.524,29,32,30,33,1,3,6.0,6,1.0,2.0,3.36,-0.89,0.89,45.4,,,,,
FF,2024-07-20,96.5,-0.71,5.5,"Yelich, Christian",592885,643377,,ball,,,,,14.0,,R,L,R,MIN,MIL,B,,,1,0,2024,-0.6,1.29,1.6689803700222727,2.00390444868867,,,,0,9,Top,,,,,,,7.7347611144190465,-140.33060484729253,-6.750016956835237,-9.506583109875852,27.59508334984184,-13.810515789884466,3.41505073770499,1.64224487845931,,,,97.4,2489.0,6.6,745880,680777,467793,668885,686797,650489,622534,621439,596146,53.94,,,,,,,,63,2,4-Seam Fastball,1,1,1,1,1,1,1,1,Standard,Standard,208.0,-0.016,0.069,,,,,-0.069,,0,0,0.492,0.508,29,32,30,33,1,3,6.0,6,1.0,2.0,1.14,0.6,-0.6,44.6,,,,,
SI,2024-07-20,93.4,2.83,5.71,"Yelich, Christian",592885,595345,sac_bunt,hit_into_play,,,,,4.0,"Christian Yelich out on a sacrifice bunt, pitcher Steven Okert to first baseman Carlos Santana. Brice Turang scores. William Contreras to 2nd.",R,L,L,MIN,MIL,X,1.0,ground_ball,0,1,2024,1.26,0.8,-0.4323799702837259,2.6238799865930247,668930.0,,661388.0,1,11,Top,138.26,181.8,,,,,-11.18806259048682,-135.6228724948721,-3.955412679977679,17.975236109748575,28.228389263021548,-21.620727936794587,3.4,1.73,6.0,31.7,-22.0,93.7,2309.0,6.5,745880,680777,467793,668885,686797,650489,622534,621439,596146,54.02,,,0.2,0.0,0.0,0.0,1.0,81,2,Sinker,1,2,2,1,3,1,3,1,Strategic,Standard,139.0,-0.087,0.058,,,,,-0.058,88.0,-1,1,0.269,0.731,32,32,33,33,1,4,6.0,6,4.0,2.0,1.82,1.26,1.26,30.0,,,,,
SI,2024-07-20,93.6,2.96,5.7,"Yelich, Christian",592885,595345,,called_strike,,,,,2.0,,R,L,L,MIN,MIL,S,,,0,0,2024,1.03,0.95,0.1355802497985072,3.508595670684868,668930.0,,661388.0,1,11,Top,,,,,,,-9.580356152600451,-136.04699521538038,-2.0314090030527687,14.868135965635558,29.000172717373037,-20.08860724046858,3.46882615837232,1.60021574888944,,,,94.0,2291.0,6.5,745880,680777,467793,668885,686797,650489,622534,621439,596146,53.97,,,,,,,,81,1,Sinker,1,2,2,1,2,1,2,1,Strategic,Standard,142.0,0.017,-0.045,,,,,0.045,,-1,1,0.252,0.748,32,32,33,33,1,4,6.0,6,4.0,2.0,1.65,1.03,1.03,31.1,,,,,
ST,2024-07-20,88.8,-0.98,5.52,"Yelich, Christian",592885,643377,,ball,,,,,11.0,,R,L,R,MIN,MIL,B,,,0,0,2024,0.55,0.47,-0.0674231407365175,4.122937365823503,,,,0,9,Top,,,,,,,1.0857689312345418,-129.36964293524147,1.6093306366035054,5.994630597909828,26.63323861715898,-27.406170223019902,3.458444057574,1.62088540902732,,,,88.9,2947.0,6.2,745880,680777,467793,668885,686797,650489,622534,621439,596146,54.27,,,,,,,,63,1,Sweeper,1,1,1,1,1,1,1,1,Standard,Standard,61.0,-0.008,0.038,,,,,-0.038,,0,0,0.5,0.5,29,32,30,33,1,3,6.0,6,1.0,2.0,2.41,-0.55,0.55,42.6,,,,,
SI,2024-07-14,91.2,-2.41,5.52,"Yelich, Christian",592885,663623,walk,ball,,,,,11.0,Christian Yelich walks. William Contreras to 2nd.,R,L,R,MIL,WSH,B,,,3,2,2024,-1.3,0.42,-0.4857851619319671,3.566864169013653,,,661388.0,1,4,Bot,,,,,,,7.726969740909182,-132.6372305508483,0.0873621626485773,-17.05561465318766,28.12148315373005,-27.47545598088924,3.36515320526767,1.76608810145018,,,,92.0,2193.0,6.8,745962,660688,660766,545121,702358,682928,695578,696285,657041,53.7,,0.689131,0.7,1.0,0.0,0.0,,37,7,Sinker,6,2,6,2,2,6,6,2,Infield shade,Standard,225.0,0.009,0.259,,,,,-0.259,,4,4,0.914,0.914,27,32,27,33,3,2,5.0,2,7.0,6.0,2.32,1.3,-1.3,25.7,,,,,
CU,2024-07-14,80.3,-2.53,5.57,"Yelich, Christian",592885,663623,,ball,,,,,11.0,,R,L,R,MIL,WSH,B,,,2,2,2024,0.9,-0.03,-1.1231670452315237,3.324378486932145,,,661388.0,1,4,Bot,,,,,,,1.4302198826510175,-116.96688879218628,1.7599610437224211,8.008734951304548,21.169009907914,-32.96750775348995,3.39658862962209,1.76608810145018,,,,81.2,2437.0,6.8,745962,660688,660766,545121,702358,682928,695578,696285,657041,53.72,,,,,,,,37,6,Curveball,6,2,6,2,2,6,6,2,Infield shade,Standard,71.0,0.002,0.077,,,,,-0.077,,4,4,0.912,0.912,27,32,27,33,3,2,5.0,2,7.0,6.0,3.55,-0.9,0.9,28.7,,,,,
FC,2024-07-14,90.5,-2.36,5.67,"Yelich, Christian",592885,663623,,foul,,,,,2.0,,R,L,R,MIL,WSH,S,,,2,2,2024,0.0,0.79,0.2396161286060221,3.2003359979293227,,,661388.0,1,4,Bot,,,,,,,6.525525051572596,-131.76195139548818,-1.962256596056416,-1.3276582211634174,26.339085547154347,-22.73268817103264,3.39,1.72,154.0,68.6,18.0,91.3,2615.0,6.6,745962,660688,660766,545121,702358,682928,695578,696285,657041,53.89,,,,,,,,37,5,Cutter,6,2,6,2,2,6,6,2,Infield shade,Standard,210.0,0.0,0.0,63.7,6.1,,,0.0,88.0,4,4,0.912,0.912,27,32,27,33,3,2,5.0,2,7.0,6.0,1.98,0.0,0.0,27.0,-7.374575641706268,34.42261615507295,32.99417027978602,33.653245020235,16.324506756657215
SI,2024-07-14,91.7,-2.47,5.43,"Yelich, Christian",592885,663623,,called_strike,,,,,1.0,,R,L,R,MIL,WSH,S,,,2,1,2024,-1.37,0.47,-0.321422861121712,3.212027760913232,,,661388.0,1,4,Bot,,,,,,,8.479527100588559,-133.35925439467178,-0.7799994907533907,-18.16700500832648,27.90926822371646,-26.601491364136628,3.42802664762073,1.79743014486587,,,,92.7,2305.0,6.8,745962,660688,660766,545121,702358,682928,695578,696285,657041,53.66,,,,,,,,37,4,Sinker,6,2,6,2,2,6,6,2,Infield shade,Standard,218.0,-0.002,-0.057,,,,,0.057,,4,4,0.914,0.914,27,32,27,33,3,2,5.0,2,7.0,6.0,2.24,1.37,-1.37,25.3,,,,,
SI,2024-07-14,92.6,-2.4,5.43,"Yelich, Christian",592885,663623,,called_strike,,,,,5.0,,R,L,R,MIL,WSH,S,,,2,0,2024,-1.36,0.63,-0.0527145099989925,2.8318453967296966,,,661388.0,1,4,Bot,,,,,,,9.034628778358991,-134.5494203951434,-2.221167055501436,-18.493140098960957,28.10680331748418,-24.227394717239804,3.38602896230299,1.79743014486587,,,,93.5,2258.0,6.8,745962,660688,660766,545121,702358,682928,695578,696285,657041,53.69,,,,,,,,37,3,Sinker,6,2,6,2,2,6,6,2,Infield shade,Standard,227.0,-0.002,-0.057,,,,,0.057,,4,4,0.916,0.916,27,32,27,33,3,2,5.0,2,7.0,6.0,2.03,1.36,-1.36,26.2,,,,,
CU,2024-07-14,79.9,-2.5,5.39,"Yelich, Christian",592885,663623,,ball,,,,,14.0,,R,L,R,MIL,WSH,B,,,1,0,2024,0.73,-0.36,0.9475017279812684,0.9096685962021098,,,661388.0,1,4,Bot,,,,,,,6.26576065920555,-116.24842394499882,-2.489715611051444,5.480554370623199,21.54679309526967,-35.20762787354217,3.38602896230299,1.73474825624085,,,,80.7,2542.0,6.8,745962,660688,660766,545121,702358,682928,695578,696285,657041,53.66,,,,,,,,37,2,Curveball,6,2,6,2,2,6,6,2,Infield shade,Standard,60.0,0.002,0.056,,,,,-0.056,,4,4,0.914,0.914,27,32,27,33,3,2,5.0,2,7.0,6.0,3.93,-0.73,0.73,25.6,,,,,
FC,2024-07-14,88.3,-2.51,5.59,"Yelich, Christian",592885,663623,,ball,,,,,13.0,,R,L,R,MIL,WSH,B,,,0,0,2024,-0.2,0.75,-0.0643124502762158,1.027073694259358,,,661388.0,1,4,Bot,,,,,,,6.43730081986811,-128.4056772600984,-6.671422698705033,-3.5063269846916163,25.267384662317824,-22.742623596605185,3.45946726938482,1.79743014486587,,,,89.5,2498.0,6.9,745962,660688,660766,545121,702358,682928,695578,696285,657041,53.55,,,,,,,,37,1,Cutter,6,2,6,2,2,6,6,2,Standard,Standard,212.0,0.001,0.036,,,,,-0.036,,4,4,0.913,0.913,27,32,27,33,3,2,5.0,2,7.0,6.0,2.17,0.2,-0.2,31.8,,,,,
FC,2024-07-14,91.8,-2.21,5.45,"Yelich, Christian",592885,663623,field_out,hit_into_play,,,,,14.0,Christian Yelich grounds out to first baseman Juan Yepez.,R,L,R,MIL,WSH,X,3.0,ground_ball,1,1,2024,-0.2,0.85,0.8401017316030618,2.2870307057630086,,,,1,3,Bot,154.69,168.41,,,,,8.262013475157403,-133.48929970479287,-4.08383091723595,-3.974762248516895,25.479253496097,-21.28558718831888,3.39,1.72,12.0,89.4,-11.0,93.4,2632.0,7.0,745962,660688,660766,545121,702358,682928,695578,696285,657041,53.49,0.154,0.141,0.0,1.0,0.0,0.0,2.0,23,3,Cutter,2,1,2,1,1,2,2,1,Standard,Standard,198.0,-0.014,-0.243,79.6,7.3,,0.176,0.243,89.4,1,1,0.647,0.647,27,32,27,33,2,1,5.0,2,7.0,6.0,1.83,0.2,-0.2,24.9,9.834121783908662,-3.865081666598306,42.68078426242577,27.388951165216355,30.56359500104656
FC,2024-07-14,92.5,-2.22,5.41,"Yelich, Christian",592885,663623,,ball,,,,,14.0,,R,L,R,MIL,WSH,B,,,0,1,2024,-0.22,0.91,1.7126181364838795,1.864069175610172,,,,1,3,Bot,,,,,,,10.619895851002829,-134.3069409704865,-5.293113851225496,-4.723442298476058,26.43723557348008,-20.19424071501485,3.39658862962209,1.76608810145018,,,,93.9,2640.0,7.0,745962,660688,660766,545121,702358,682928,695578,696285,657041,53.49,,,,,,,,23,2,Cutter,2,1,2,1,1,2,2,1,Standard,Standard,197.0,0.001,0.024,,,,,-0.024,,1,1,0.646,0.646,27,32,27,33,2,1,5.0,2,7.0,6.0,1.75,0.22,-0.22,27.1,,,,,
FF,2024-07-14,94.0,-2.31,5.47,"Yelich, Christian",592885,663623,,called_strike,,,,,5.0,,R,L,R,MIL,WSH,S,,,0,0,2024,-1.01,1.06,0.1962082684707318,2.325691640341992,,,,1,3,Bot,,,,,,,8.816209708445147,-136.5733276532866,-4.823818328878876,-14.531988804651988,29.626232870325143,-17.973066990281325,3.42802664762073,1.79743014486587,,,,95.1,2405.0,7.0,745962,660688,660766,545121,702358,682928,695578,696285,657041,53.55,,,,,,,,23,1,4-Seam Fastball,2,1,2,1,1,2,2,1,Standard,Standard,227.0,-0.002,-0.037,,,,,0.037,,1,1,0.648,0.648,27,32,27,33,2,1,5.0,2,7.0,6.0,1.52,1.01,-1.01,24.9,,,,,
SL,2024-07-14,91.1,-1.95,5.5,"Yelich, Christian",592885,674285,strikeout,swinging_strike,,,,,14.0,Christian Yelich strikes out swinging.,R,L,R,MIL,WSH,S,2.0,,2,2,2024,0.38,0.27,0.910560176610694,1.0625998262395524,,669003.0,,2,6,Bot,,,,,,,6.428560972057266,-132.6136447786741,-5.950567953900352,3.283174411875549,25.39052555121484,-27.957637941132518,3.39,1.72,,,,92.3,2156.0,6.8,745962,660688,660766,545121,702358,682928,695578,696285,657041,53.74,,0.0,0.0,1.0,0.0,0.0,,54,6,Slider,7,2,7,2,2,7,7,2,Standard,Standard,359.0,-0.003,-0.25,77.7,8.1,2.614180116,,0.25,,5,5,0.971,0.971,26,32,26,33,1,3,60.0,2,13.0,6.0,2.45,-0.38,0.38,36.1,16.225089079735184,-3.461601490967653,46.32704922331984,27.03630760886606,28.794148951688697
FF,2024-07-14,97.1,-1.88,5.56,"Yelich, Christian",592885,674285,,foul,,,,,11.0,,R,L,R,MIL,WSH,S,,,2,2,2024,-0.8,1.16,-0.4658718941436179,3.5320015112557845,,669003.0,,2,6,Bot,,,,,,,5.6886187584359975,-141.35300417107328,-2.5659160639698166,-12.019568835251627,32.86571510424863,-16.299035068080737,3.39,1.72,322.0,89.9,34.0,98.2,2267.0,6.9,745962,660688,660766,545121,702358,682928,695578,696285,657041,53.59,,,,,,,,54,5,4-Seam Fastball,7,2,7,2,2,7,7,2,Standard,Standard,213.0,0.0,0.0,57.4,6.0,,,0.0,89.9,5,5,0.971,0.971,26,32,26,33,1,3,60.0,2,13.0,6.0,1.26,0.8,-0.8,42.4,-7.51737563771958,37.88029033240238,28.45233028982793,43.25298531117331,6.938308364850268
SL,2024-07-14,89.1,-2.24,5.37,"Yelich, Christian",592885,674285,,ball,,,,,11.0,,R,L,R,MIL,WSH,B,,,1,2,2024,0.32,-0.03,-1.057448022062258,2.8803973699844723,,669003.0,,2,6,Bot,,,,,,,2.250062190233488,-129.93174199961177,-0.1336960566390712,3.311252796925152,22.133410551653277,-32.71001795440099,3.41230731378312,1.78175884777783,,,,90.5,2011.0,6.6,745962,660688,660766,545121,702358,682928,695578,696285,657041,53.9,,,,,,,,54,4,Slider,7,2,7,2,2,7,7,2,Infield shade,Standard,27.0,0.0,0.037,,,,,-0.037,,5,5,0.971,0.971,26,32,26,33,1,3,60.0,2,13.0,6.0,2.85,-0.32,0.32,35.7,,,,,
SL,2024-07-14,90.7,-2.08,5.42,"Yelich, Christian",592885,674285,,ball,,,,,14.0,,R,L,R,MIL,WSH,B,,,0,2,2024,0.53,0.33,1.2549489446833149,2.329167967268193,,,669003.0,2,6,Bot,,,,,,,7.2378196842685405,-131.93645473574,-2.532617869517797,4.724899424921835,26.9532067775192,-28.029228872268973,3.38087059387248,1.81310199392065,,,,91.3,2223.0,6.6,745962,660688,660766,545121,702358,682928,695578,696285,657041,53.93,,,,,,,,54,3,Slider,7,2,7,2,2,7,7,2,Infield shade,Standard,47.0,0.001,0.027,,,,,-0.027,,5,5,0.97,0.97,26,32,26,33,1,3,60.0,2,13.0,6.0,2.44,-0.53,0.53,35.4,,,,,
SL,2024-07-14,90.0,-2.17,5.28,"Yelich, Christian",592885,674285,,swinging_strike,,,,,14.0,,R,L,R,MIL,WSH,S,,,0,1,2024,0.12,0.03,0.8324773685198714,1.6835242214505164,,,669003.0,2,6,Bot,,,,,,,7.241683332310355,-131.10302868214464,-3.138821807793416,0.1984128917773248,22.29773274802984,-31.49784000161394,3.39,1.72,,,,91.3,2071.0,6.6,745962,660688,660766,545121,702358,682928,695578,696285,657041,53.89,,,,,,,,54,2,Slider,7,2,7,2,2,7,7,2,Infield shade,Standard,41.0,-0.001,-0.054,75.6,7.3,0.799688328,,0.054,,5,5,0.971,0.971,26,32,26,33,1,3,60.0,2,13.0,6.0,2.74,-0.12,0.12,35.3,5.697466588153174,8.49160944684501,44.86150248676032,26.526026179251883,25.3195861253146
SI,2024-07-14,97.1,-2.23,5.21,"Yelich, Christian",592885,674285,,called_strike,,,,,4.0,,R,L,R,MIL,WSH,S,,,0,0,2024,-1.5,0.28,-0.3134732921006724,2.6361942122495474,,,669003.0,2,6,Bot,,,,,,,8.62850582249415,-141.11214910772432,-1.9577885923077016,-22.08769552680641,33.394635304916214,-28.19678623534186,3.52235636478948,1.76608810145018,,,,97.6,2118.0,6.7,745962,660688,660766,545121,702358,682928,695578,696285,657041,53.78,,,,,,,,54,1,Sinker,7,2,7,2,2,7,7,2,Infield shade,Standard,230.0,0.0,-0.047,,,,,0.047,,5,5,0.971,0.971,26,32,26,33,1,3,60.0,2,13.0,6.0,2.15,1.5,-1.5,31.4,,,,,
FF,2024-07-14,98.5,-1.88,5.83,"Yelich, Christian",592885,686294,field_out,hit_into_play,,,,,2.0,"Christian Yelich grounds out, third baseman Trey Lipscomb to first baseman Juan Yepez.",R,L,R,MIL,WSH,X,5.0,ground_ball,3,2,2024,-0.41,1.39,0.1144708677932522,2.9099435579101227,,668930.0,,1,8,Bot,104.93,169.43,,,,,6.403207080957469,-143.2984918668675,-5.755527994539114,-7.055507633356209,32.73556557898263,-11.926918230275644,3.39,1.72,50.0,78.5,1.0,99.3,2235.0,6.7,745962,660688,660766,545121,702358,682928,695578,696285,657041,53.78,0.193,0.174,0.0,1.0,0.0,0.0,2.0,70,9,4-Seam Fastball,7,3,7,3,3,7,7,3,Infield shade,Standard,208.0,-0.002,-0.273,68.0,6.3,,0.256,0.273,88.0,4,4,0.989,0.989,25,32,26,33,1,4,,2,,6.0,0.96,0.41,-0.41,45.0,-5.250915724536723,29.02713398024897,34.897720781466866,36.80675430834818,16.17313921448724
FF,2024-07-14,98.3,-1.95,5.87,"Yelich, Christian",592885,686294,,ball,,,,,11.0,,R,L,R,MIL,WSH,B,,,2,2,2024,-0.74,1.33,-1.3032638818275497,4.276870903043836,,668930.0,,1,8,Bot,,,,,,,3.4937168958054574,-143.19636699889773,-1.9304688280017697,-10.930862418489518,33.80204045153818,-13.687068397965666,3.42822946909859,1.70361156823627,,,,98.9,2308.0,6.6,745962,660688,660766,545121,702358,682928,695578,696285,657041,53.87,,,,,,,,70,8,4-Seam Fastball,7,3,7,3,3,7,7,3,Strategic,Standard,205.0,0.0,0.074,,,,,-0.074,,4,4,0.989,0.989,25,32,26,33,1,4,,2,,6.0,1.03,0.74,-0.74,45.4,,,,,
FC,2024-07-14,94.5,-1.91,5.87,"Yelich, Christian",592885,686294,,foul,,,,,4.0,,R,L,R,MIL,WSH,S,,,2,2,2024,0.0,0.65,-0.3911956620193981,2.519750633485401,,668930.0,,1,8,Bot,,,,,,,3.979759505035803,-137.5742980540725,-4.554503814556008,-0.8518077534722176,29.142646387281246,-23.07741543761848,3.39,1.72,1.0,84.2,-62.0,95.4,2166.0,6.7,745962,660688,660766,545121,702358,682928,695578,696285,657041,53.84,,,,,,,,70,7,Cutter,7,3,7,3,3,7,7,3,Standard,Standard,199.0,0.0,0.0,71.7,7.5,,,0.0,88.0,4,4,0.989,0.989,25,32,26,33,1,4,,2,,6.0,1.89,0.0,0.0,46.6,7.612231627317419,14.392876809516803,29.4412708886806,41.80588711574615,21.442561626035744
FF,2024-07-14,97.4,-1.87,5.8,"Yelich, Christian",592885,686294,,foul,,,,,11.0,,R,L,R,MIL,WSH,S,,,2,2,2024,-0.5,1.41,-1.1569820027947266,3.0406439226257613,,668930.0,,1,8,Bot,,,,,,,3.0858034989974805,-141.76264211827737,-5.177696653208315,-7.489616947859407,32.139964266493294,-12.222673624584663,3.39,1.72,237.0,79.2,37.0,98.3,2339.0,6.8,745962,660688,660766,545121,702358,682928,695578,696285,657041,53.74,,,,,,,,70,6,4-Seam Fastball,7,3,7,3,3,7,7,3,Infield shade,Standard,208.0,0.0,0.0,62.8,7.1,,,0.0,88.0,4,4,0.989,0.989,25,32,26,33,1,4,,2,,6.0,0.99,0.5,-0.5,44.8,-5.923244424118723,25.711940845261324,26.964555350252983,52.00674834881169,6.133678152768132
FF,2024-07-14,97.9,-1.7,5.9,"Yelich, Christian",592885,686294,,ball,,,,,12.0,,R,L,R,MIL,WSH,B,,,1,2,2024,-0.45,1.27,0.86720430009785,3.645668428811257,,668930.0,,1,8,Bot,,,,,,,8.0436055244733,-142.4269131677175,-3.564331099307607,-8.023073864045582,32.97024359468331,-14.21003965738257,3.45967013955999,1.76628914662099,,,,98.6,2285.0,6.7,745962,660688,660766,545121,702358,682928,695578,696285,657041,53.78,,,,,,,,70,5,4-Seam Fastball,7,3,7,3,3,7,7,3,Infield shade,Standard,204.0,0.001,0.018,,,,,-0.018,,4,4,0.988,0.988,25,32,26,33,1,4,,2,,6.0,1.11,0.45,-0.45,51.8,,,,,
FF,2024-07-14,97.2,-1.79,5.85,"Yelich, Christian",592885,686294,,foul,,,,,4.0,,R,L,R,MIL,WSH,S,,,1,2,2024,-0.62,1.35,-0.3726751253286512,2.5685083211072177,,668930.0,,1,8,Bot,,,,,,,5.275780661801763,-141.42263479422465,-6.39847357605821,-9.570704243123254,32.58758110826604,-12.730308623071489,3.39,1.72,110.0,82.4,8.0,97.8,2326.0,6.7,745962,660688,660766,545121,702358,682928,695578,696285,657041,53.82,,,,,,,,70,4,4-Seam Fastball,7,3,7,3,3,7,7,3,Infield shade,Standard,205.0,0.0,0.0,72.3,7.0,,,0.0,88.0,4,4,0.988,0.988,25,32,26,33,1,4,,2,,6.0,1.06,0.62,-0.62,48.1,-7.060401325918341,26.223804317640575,35.90643553900028,40.90225827952136,9.588025214254824
CU,2024-07-14,81.9,-2.44,5.51,"Yelich, Christian",592885,663623,double,hit_into_play,,,,,8.0,Christian Yelich doubles (12) on a sharp line drive to right fielder Lane Thomas.,R,L,R,MIL,WSH,X,9.0,line_drive,1,2,2024,1.42,0.15,0.2498388766664339,1.8837473287835107,,,,2,1,Bot,198.64,94.46,,,,,3.356526714297006,-119.27274804463616,-1.893616904941295,12.78413444777021,25.04260260081509,-30.560271924010166,3.39,1.72,267.0,108.3,14.0,82.4,2553.0,6.8,745962,660688,660766,545121,702358,682928,695578,696285,657041,53.7,0.753,0.791,1.25,1.0,1.0,1.0,5.0,6,4,Curveball,0,0,0,0,0,0,0,0,Standard,Standard,67.0,0.026,0.69,77.2,8.1,,1.112,-0.69,108.3,0,0,0.507,0.507,27,32,27,33,1,0,5.0,2,7.0,6.0,3.27,-1.42,1.42,25.8,15.759345004937122,-4.887969094019706,40.31244010258474,34.975617480244864,36.71416263086492
FF,2024-07-14,98.9,-1.78,5.95,"Yelich, Christian",592885,686294,,ball,,,,,12.0,,R,L,R,MIL,WSH,B,,,0,2,2024,-0.55,1.34,0.6291934476299333,3.796560548804636,,668930.0,,1,8,Bot,,,,,,,7.898822644595328,-143.83508398570623,-3.5736662825946586,-9.472205268762725,33.4986366722308,-12.90176225578155,3.45967013955999,1.82897551870854,,,,99.5,2346.0,6.7,745962,660688,660766,545121,702358,682928,695578,696285,657041,53.85,,,,,,,,70,3,4-Seam Fastball,7,3,7,3,3,7,7,3,Standard,Standard,206.0,0.0,0.024,,,,,-0.024,,4,4,0.988,0.988,25,32,26,33,1,4,,2,,6.0,0.99,0.55,-0.55,46.7,,,,,
CU,2024-07-14,83.3,-2.46,5.42,"Yelich, Christian",592885,663623,,swinging_strike,,,,,14.0,,R,L,R,MIL,WSH,S,,,1,1,2024,0.85,-0.63,0.0928845960085936,1.3945619218696326,,,,2,1,Bot,,,,,,,4.246223943064176,-121.25401947881234,-1.5366256133706606,7.460477356872948,24.5936283183586,-38.27414124459818,3.39,1.72,,,,84.1,2638.0,6.9,745962,660688,660766,545121,702358,682928,695578,696285,657041,53.64,,,,,,,,6,3,Curveball,0,0,0,0,0,0,0,0,Standard,Standard,73.0,-0.002,-0.064,78.7,8.1,0.10986372,,0.064,,0,0,0.509,0.509,27,32,27,33,1,0,5.0,2,7.0,6.0,3.92,-0.85,0.85,24.8,14.77309470529154,-3.477406413594896,40.61706497302277,36.44692949670218,33.727935334833475
FF,2024-07-14,98.4,-1.79,5.89,"Yelich, Christian",592885,686294,,foul,,,,,3.0,,R,L,R,MIL,WSH,S,,,0,1,2024,-0.52,1.17,0.4076596276560686,3.02591207531385,,668930.0,,1,8,Bot,,,,,,,7.217445127910923,-143.2107918943714,-5.1284289836197,-8.741265983363855,30.08943122610827,-14.983262687163489,3.39,1.72,49.0,91.6,-1.0,99.5,2330.0,6.7,745962,660688,660766,545121,702358,682928,695578,696285,657041,53.83,,,,,,,,70,2,4-Seam Fastball,7,3,7,3,3,7,7,3,Infield shade,Standard,206.0,-0.001,-0.065,63.0,5.7,,,0.065,91.6,4,4,0.989,0.989,25,32,26,33,1,4,,2,,6.0,1.16,0.52,-0.52,47.4,-13.368493705019228,43.4832679065837,38.42190767826767,31.561241674781765,8.256206771565118
FC,2024-07-14,90.8,-2.5,5.51,"Yelich, Christian",592885,663623,,called_strike,,,,,11.0,,R,L,R,MIL,WSH,S,,,1,0,2024,0.26,0.74,-0.5109100722180917,3.5349932106729534,,,,2,1,Bot,,,,,,,4.4685713349846905,-132.33485056930132,-0.6678523436744935,2.213625849625396,26.62793439325617,-23.485782884040315,3.35998425180307,1.57271300910953,,,,91.9,2604.0,6.8,745962,660688,660766,545121,702358,682928,695578,696285,657041,53.74,,,,,,,,6,2,Cutter,0,0,0,0,0,0,0,0,Standard,Standard,183.0,-0.002,-0.051,,,,,0.051,,0,0,0.511,0.511,27,32,27,33,1,0,5.0,2,7.0,6.0,2.0,-0.26,0.26,25.6,,,,,
FC,2024-07-14,94.8,-2.14,5.86,"Yelich, Christian",592885,686294,,foul,,,,,5.0,,R,L,R,MIL,WSH,S,,,0,0,2024,-0.33,0.8,-0.0761250904470411,2.759953622509736,,668930.0,,1,8,Bot,,,,,,,6.1726514547173865,-137.96269268969183,-4.303914073831884,-5.455221002320778,27.29301025151733,-21.250759775343568,3.39,1.72,3.0,71.4,-40.0,95.9,2363.0,6.7,745962,660688,660766,545121,702358,682928,695578,696285,657041,53.83,,,,,,,,70,1,Cutter,7,3,7,3,3,7,7,3,Infield shade,Standard,207.0,0.0,-0.036,73.3,6.9,,,0.036,88.0,4,4,0.989,0.989,25,32,26,33,1,4,,2,,6.0,1.72,0.33,-0.33,44.6,1.766198902531378,23.90256440011213,32.05646156915724,37.59696671525215,18.311061468321626
CU,2024-07-14,82.4,-2.42,5.41,"Yelich, Christian",592885,663623,,ball,,,,,14.0,,R,L,R,MIL,WSH,B,,,0,0,2024,0.92,-0.43,1.3714464398125463,1.2373684982710138,,,,2,1,Bot,,,,,,,6.932272604511946,-119.7681001252439,-2.0721143488361182,7.387810775687699,24.23533744663193,-36.13241526761376,3.4909105050565,1.71581132100335,,,,83.4,2609.0,7.1,745962,660688,660766,545121,702358,682928,695578,696285,657041,53.39,,,,,,,,6,1,Curveball,0,0,0,0,0,0,0,0,Standard,Standard,65.0,0.001,0.04,,,,,-0.04,,0,0,0.51,0.51,27,32,27,33,1,0,5.0,2,7.0,6.0,3.81,-0.92,0.92,26.4,,,,,
FC,2024-07-12,88.3,-1.9,6.04,"Yelich, Christian",592885,671131,field_out,hit_into_play,,,,,5.0,Christian Yelich flies out to left fielder James Wood.,R,L,R,MIL,WSH,X,7.0,fly_ball,0,1,2024,0.26,0.51,0.055380161766475,2.5670106105409323,,,661388.0,0,4,Bot,51.78,114.36,,,,,4.234286608416711,-128.59930175094826,-3.5201524672335163,2.089332453516249,23.811710690674985,-25.97883246935446,3.37,1.72,279.0,90.8,50.0,89.1,2185.0,6.5,745965,660688,660766,671277,702358,682928,695578,696285,657041,54.03,0.003,0.002,0.0,1.0,0.0,0.0,3.0,31,2,Cutter,0,3,0,3,3,0,0,3,Standard,Standard,200.0,-0.034,-0.204,78.1,7.7,,0.003,0.204,90.8,-3,-3,0.253,0.253,25,32,25,33,2,1,59.0,1,79.0,2.0,2.38,-0.26,0.26,37.8,10.8413945260129,2.288986795089498,36.46577015039166,36.32224083524578,27.58322681815845
FC,2024-07-12,86.6,-1.9,6.04,"Yelich, Christian",592885,671131,,foul,,,,,9.0,,R,L,R,MIL,WSH,S,,,0,0,2024,0.45,0.53,0.7426070549155221,2.0034397953649203,,,661388.0,0,4,Bot,,,,,,,5.426216099502652,-126.07416435730804,-4.581100096624849,3.7698195307069486,23.779068193597485,-25.778380223366263,3.37,1.72,,,,87.3,2250.0,6.5,745965,660688,660766,671277,702358,682928,695578,696285,657041,53.98,,,,,,,,31,1,Cutter,0,3,0,3,3,0,0,3,Standard,Standard,181.0,-0.006,-0.042,72.8,8.6,,,0.042,,-3,-3,0.259,0.259,25,32,25,33,2,1,59.0,1,79.0,2.0,2.49,-0.45,0.45,39.6,34.33405948318749,-24.68993197705731,38.29598100804642,28.45126060735112,45.85627286785526
SI,2024-07-12,96.3,-1.9,6.11,"Yelich, Christian",592885,671131,strikeout,foul_tip,,,,,4.0,Christian Yelich strikes out on a foul tip.,R,L,R,MIL,WSH,S,2.0,,3,2,2024,-1.44,1.0,-0.5206442099614046,2.617752905349937,,,,2,1,Bot,,,,,,,6.926569017359579,-140.09507978804402,-5.990356621499093,-20.55307184938201,30.89399148676561,-17.795316507570718,3.37,1.72,,,,96.3,2482.0,6.3,745965,660688,660766,671277,702358,682928,695578,696285,657041,54.24,,0.0,0.0,1.0,0.0,0.0,,8,9,Sinker,0,1,0,1,1,0,0,1,Standard,Standard,230.0,-0.012,-0.325,77.2,7.3,,,0.325,,-1,-1,0.409,0.409,25,32,25,33,1,0,59.0,1,79.0,2.0,1.45,1.44,-1.44,40.2,2.736744893015368,13.562288685420205,33.70706893793924,44.20744773273521,18.50008084181563
FS,2024-07-12,87.3,-1.72,5.97,"Yelich, Christian",592885,671131,,foul,,,,,13.0,,R,L,R,MIL,WSH,S,,,3,2,2024,-1.28,0.3,-0.2028705307002032,1.090431496310326,,,,2,1,Bot,,,,,,,6.283474442986238,-126.89693281065723,-6.196106407405187,-15.097648285272738,25.790723880172266,-27.859839830701127,3.37,1.72,41.0,26.5,36.0,87.4,1524.0,6.4,745965,660688,660766,671277,702358,682928,695578,696285,657041,54.1,,,,,,,,8,8,Split-Finger,0,1,0,1,1,0,0,1,Standard,Standard,231.0,0.0,0.0,25.8,6.7,,,0.0,88.0,-1,-1,0.409,0.409,25,32,25,33,1,0,59.0,1,79.0,2.0,2.7,1.28,-1.28,35.9,-13.400444772253092,24.633842142948417,48.11900977883409,40.47780648660489,9.82772067759509
FC,2024-07-12,89.9,-1.77,6.05,"Yelich, Christian",592885,671131,,ball,,,,,14.0,,R,L,R,MIL,WSH,B,,,2,2,2024,0.27,0.4,1.2112524743832525,1.3640098258415176,,,,2,1,Bot,,,,,,,6.828444539580247,-130.77483833377812,-6.567379788870677,1.8604303788256904,23.961778232914696,-26.477416370209628,3.37179722370406,1.71040551663755,,,,90.4,2321.0,6.3,745965,660688,660766,671277,702358,682928,695578,696285,657041,54.15,,,,,,,,8,7,Cutter,0,1,0,1,1,0,0,1,Standard,Standard,177.0,0.004,0.106,,,,,-0.106,,-1,-1,0.405,0.405,25,32,25,33,1,0,59.0,1,79.0,2.0,2.39,-0.27,0.27,37.8,,,,,
FC,2024-07-12,88.0,-1.8,6.13,"Yelich, Christian",592885,671131,,foul,,,,,5.0,,R,L,R,MIL,WSH,S,,,2,2,2024,0.23,0.27,0.2105165916312327,2.567941295197904,,,,2,1,Bot,,,,,,,4.413446309652944,-128.20347453533014,-3.1789294610486003,1.7238577109351765,23.732061117450616,-28.800458145031996,3.37,1.72,192.0,81.0,63.0,88.4,2199.0,6.2,745965,660688,660766,671277,702358,682928,695578,696285,657041,54.26,,,,,,,,8,6,Cutter,0,1,0,1,1,0,0,1,Standard,Standard,148.0,0.0,0.0,77.1,7.3,,,0.0,88.0,-1,-1,0.405,0.405,25,32,25,33,1,0,59.0,1,79.0,2.0,2.64,-0.23,0.23,38.5,6.857173399340272,4.440490232135932,35.38396833623646,35.62760333558946,27.921062235602676
FF,2024-07-12,97.0,-1.68,6.2,"Yelich, Christian",592885,671131,,ball,,,,,12.0,,R,L,R,MIL,WSH,B,,,1,2,2024,-0.52,1.42,0.4814385639931402,3.6437191920707,,,,2,1,Bot,,,,,,,6.945316079411513,-141.04291412691262,-4.48056429640605,-8.56836607785343,34.9868891524513,-12.50608046328787,3.37179722370406,1.71040551663755,,,,96.4,2526.0,6.2,745965,660688,660766,671277,702358,682928,695578,696285,657041,54.31,,,,,,,,8,5,4-Seam Fastball,0,1,0,1,1,0,0,1,Standard,Standard,223.0,0.001,0.039,,,,,-0.039,,-1,-1,0.404,0.404,25,32,25,33,1,0,59.0,1,79.0,2.0,1.03,0.52,-0.52,38.9,,,,,
FF,2024-07-12,97.0,-1.92,6.17,"Yelich, Christian",592885,671131,,foul,,,,,5.0,,R,L,R,MIL,WSH,S,,,1,2,2024,-0.54,1.26,0.0758074195732203,2.5482507930474787,,,,2,1,Bot,,,,,,,6.57943011343836,-141.02411678780206,-7.014355634133052,-8.732238880859368,31.288962728283373,-13.9619074120616,3.37,1.72,209.0,72.8,39.0,96.9,2348.0,6.2,745965,660688,660766,671277,702358,682928,695578,696285,657041,54.26,,,,,,,,8,4,4-Seam Fastball,0,1,0,1,1,0,0,1,Standard,Standard,225.0,0.0,0.0,69.9,6.9,,,0.0,88.0,-1,-1,0.404,0.404,25,32,25,33,1,0,59.0,1,79.0,2.0,1.16,0.54,-0.54,39.0,-5.700006435605889,17.920856964252632,37.70642547407992,36.43262050847439,17.016973278212127
FS,2024-07-12,86.0,-1.96,6.07,"Yelich, Christian",592885,671131,,ball,,,,,11.0,,R,L,R,MIL,WSH,B,,,0,2,2024,-0.67,0.73,-1.3177090778727174,3.5161074938481174,,,,2,1,Bot,,,,,,,2.866482054392551,-125.16173513229278,-1.2573999740833632,-7.634683761576671,26.449093903044076,-24.449713194191308,3.37179722370406,1.71646660548149,,,,85.7,1167.0,6.2,745965,660688,660766,671277,702358,682928,695578,696285,657041,54.32,,,,,,,,8,3,Split-Finger,0,1,0,1,1,0,0,1,Infield shade,Standard,241.0,0.001,0.023,,,,,-0.023,,-1,-1,0.403,0.403,25,32,25,33,1,0,59.0,1,79.0,2.0,2.36,0.67,-0.67,36.1,,,,,
FS,2024-07-12,85.2,-1.85,6.05,"Yelich, Christian",592885,671131,,called_strike,,,,,11.0,,R,L,R,MIL,WSH,S,,,0,1,2024,-0.72,0.6,-0.979100721763154,3.4571967679113293,,,,2,1,Bot,,,,,,,3.4857185446648558,-124.03804894421866,-0.98337113791265,-8.147783082813467,25.345044774922933,-25.96736665507522,3.45846417200525,1.70335539357136,,,,85.1,1337.0,6.3,745965,660688,660766,671277,702358,682928,695578,696285,657041,54.25,,,,,,,,8,2,Split-Finger,0,1,0,1,1,0,0,1,Standard,Standard,244.0,-0.002,-0.058,,,,,0.058,,-1,-1,0.405,0.405,25,32,25,33,1,0,59.0,1,79.0,2.0,2.54,0.72,-0.72,36.9,,,,,
SL,2024-07-12,85.2,3.61,5.43,"Yelich, Christian",592885,676395,walk,ball,,,,,13.0,Christian Yelich walks. William Contreras to 2nd.,R,L,L,MIL,WSH,B,,,3,2,2024,-0.38,0.16,-0.4338143411334892,1.3327428094740543,668930.0,,661388.0,2,5,Bot,,,,,,,-8.815418291577322,-123.92577160052502,-3.6881868058971543,-2.294692457617417,23.09941198288553,-30.04174315785677,3.4268231195715,1.82786011881765,,,,86.3,2309.0,6.9,745965,660688,660766,671277,702358,682928,695578,696285,657041,53.63,,0.689131,0.7,1.0,0.0,0.0,,44,8,Slider,2,4,2,4,4,2,2,4,Standard,Standard,228.0,0.034,0.178,,,,,-0.178,,-2,-2,0.295,0.295,28,32,28,33,1,2,1.0,1,8.0,2.0,2.97,-0.38,-0.38,27.5,,,,,
FC,2024-07-12,88.7,-1.89,6.06,"Yelich, Christian",592885,671131,,swinging_strike,,,,,14.0,,R,L,R,MIL,WSH,S,,,0,0,2024,0.41,0.24,0.9906269639439946,2.0897619781577115,,,,2,1,Bot,,,,,,,6.191696650082741,-129.09982973967809,-4.192805503294091,3.370456404083926,25.7537008124356,-28.79762622339657,3.37,1.72,,,,89.0,2080.0,6.3,745965,660688,660766,671277,702358,682928,695578,696285,657041,54.16,,,,,,,,8,1,Cutter,0,1,0,1,1,0,0,1,Standard,Standard,182.0,-0.002,-0.041,34.5,6.5,6.7445109,,0.041,,-1,-1,0.407,0.407,25,32,25,33,1,0,59.0,1,79.0,2.0,2.64,-0.41,0.41,41.3,2.428287879158092,18.35308748642045,40.11795006637406,24.989875847517133,19.324217690935708
FF,2024-07-12,95.7,3.49,5.45,"Yelich, Christian",592885,676395,,ball,,,,,13.0,,R,L,L,MIL,WSH,B,,,2,2,2024,0.93,1.22,-0.7674576459240516,1.292187419952087,668930.0,,661388.0,2,5,Bot,,,,,,,-13.38894760426113,-138.62886823129318,-8.170099001106557,14.787557392834888,27.77429398820775,-14.721021715396487,3.45827125732832,1.7965352727222,,,,96.4,2218.0,6.7,745965,660688,660766,671277,702358,682928,695578,696285,657041,53.77,,,,,,,,44,7,4-Seam Fastball,2,4,2,4,4,2,2,4,Standard,Standard,129.0,0.016,0.08,,,,,-0.08,,-2,-2,0.279,0.279,28,32,28,33,1,2,1.0,1,8.0,2.0,1.27,0.93,0.93,21.5,,,,,
SL,2024-07-12,87.3,3.53,5.53,"Yelich, Christian",592885,676395,,ball,,,,,13.0,,R,L,L,MIL,WSH,B,,,1,2,2024,-0.3,0.08,-1.7212702827748727,1.0081289058501377,668930.0,,661388.0,2,5,Bot,,,,,,,-12.115788088290955,-126.52528068549614,-4.882647114004227,-0.7534583391644242,25.90753029937668,-30.463485773159068,3.55263669217995,1.82786011881765,,,,88.0,2290.0,6.9,745965,660688,660766,671277,702358,682928,695578,696285,657041,53.56,,,,,,,,44,6,Slider,2,4,2,4,4,2,2,4,Standard,Standard,271.0,0.01,0.045,,,,,-0.045,,-2,-2,0.269,0.269,28,32,28,33,1,2,1.0,1,8.0,2.0,2.94,-0.3,-0.3,23.4,,,,,
FF,2024-07-12,95.3,3.62,5.5,"Yelich, Christian",592885,676395,,foul,,,,,6.0,,R,L,L,MIL,WSH,S,,,1,2,2024,0.74,0.91,0.3328380925154784,2.787649241963324,668930.0,,661388.0,2,5,Bot,,,,,,,-10.335048124387098,-138.58228839706743,-3.600562949559691,11.731245329105343,27.5030599481172,-19.81693414275434,3.37,1.72,159.0,101.4,5.0,96.1,2060.0,6.5,745965,660688,660766,671277,702358,682928,695578,696285,657041,53.96,,,,,,,,44,5,4-Seam Fastball,2,4,2,4,4,2,2,4,Standard,Standard,120.0,0.0,0.0,67.0,5.8,,,0.0,101.4,-2,-2,0.269,0.269,28,32,28,33,1,2,1.0,1,8.0,2.0,1.58,0.74,0.74,22.9,-11.303217830110068,35.77585080999008,35.6181878347453,35.27942206182067,11.121090461252876
FF,2024-07-12,96.4,3.66,5.55,"Yelich, Christian",592885,676395,,foul,,,,,12.0,,R,L,L,MIL,WSH,S,,,1,2,2024,0.99,0.81,1.3728666888504488,3.215283158535628,668930.0,,661388.0,2,5,Bot,,,,,,,-8.336800854712779,-140.2583955128049,-2.5145854179871594,14.863894850532388,29.614074342439096,-21.130207152610986,3.37,1.72,,,,96.9,2044.0,6.4,745965,660688,660766,671277,702358,682928,695578,696285,657041,54.05,,,,,,,,44,4,4-Seam Fastball,2,4,2,4,4,2,2,4,Standard,Standard,126.0,0.0,0.0,,,,,0.0,,-2,-2,0.269,0.269,28,32,28,33,1,2,1.0,1,8.0,2.0,1.63,0.99,0.99,23.2,,,,,
FF,2024-07-12,95.1,3.74,5.47,"Yelich, Christian",592885,676395,,foul,,,,,1.0,,R,L,L,MIL,WSH,S,,,1,1,2024,0.73,1.22,-0.3919124060559017,3.197740674159577,668930.0,,661388.0,2,5,Bot,,,,,,,-12.487004899145052,-138.082538784753,-3.0678481705451563,11.92966753484496,27.45135067604132,-16.014986803011073,3.37,1.72,262.0,80.2,32.0,95.7,2277.0,6.5,745965,660688,660766,671277,702358,682928,695578,696285,657041,54.0,,,,,,,,44,3,4-Seam Fastball,2,4,2,4,4,2,2,4,Standard,Standard,134.0,-0.017,-0.078,67.2,6.8,,,0.078,88.0,-2,-2,0.286,0.286,28,32,28,33,1,2,1.0,1,8.0,2.0,1.29,0.73,0.73,21.2,-3.774160950164948,20.917481128442887,28.718481830908598,44.090417008948,14.011725467358469
FF,2024-07-12,93.9,3.74,5.43,"Yelich, Christian",592885,676395,,called_strike,,,,,8.0,,R,L,L,MIL,WSH,S,,,1,0,2024,0.77,1.29,0.0562734405261088,1.773449894368725,668930.0,,661388.0,2,5,Bot,,,,,,,-11.25404028809615,-136.3221749341718,-6.667815582063242,11.874237593667818,27.193533013949217,-14.697462623857836,3.4268231195715,1.7965352727222,,,,94.5,2219.0,6.5,745965,660688,660766,671277,702358,682928,695578,696285,657041,53.97,,,,,,,,44,2,4-Seam Fastball,2,4,2,4,4,2,2,4,Standard,Standard,124.0,-0.007,-0.045,,,,,0.045,,-2,-2,0.293,0.293,28,32,28,33,1,2,1.0,1,8.0,2.0,1.28,0.77,0.77,21.5,,,,,
FS,2024-07-12,90.3,-2.13,5.45,"Yelich, Christian",592885,640451,hit_by_pitch,hit_by_pitch,,,,,14.0,Christian Yelich hit by pitch.,R,L,R,MIL,WSH,B,,,0,1,2024,-0.6,0.43,1.5196620089914683,0.5570006485855554,,,,0,8,Bot,,,,,,,10.374800338590886,-130.94444403705603,-7.154226383040491,-9.052722684218356,26.71405090293959,-25.82242680716022,3.37,1.72,,,,90.5,1212.0,6.5,745965,660688,660766,671277,702358,682928,695578,696285,657041,53.96,,0.720192,0.7,1.0,0.0,0.0,,64,2,Split-Finger,2,5,2,5,5,2,2,5,Infield shade,Standard,229.0,0.057,0.488,,,,,-0.488,,-3,-3,0.083,0.083,29,32,30,33,1,3,1.0,1,8.0,2.0,2.37,0.6,-0.6,40.8,,,,,
SL,2024-07-12,85.8,3.66,5.48,"Yelich, Christian",592885,676395,,ball,,,,,13.0,,R,L,L,MIL,WSH,B,,,0,0,2024,-0.34,0.01,-1.2104461153974837,1.0428471243551405,668930.0,,661388.0,2,5,Bot,,,,,,,-10.895437197251782,-124.65028544082872,-4.329894203255452,-1.6854926869461109,22.116572443312386,-31.446063068046303,3.4268231195715,1.76521307167877,,,,86.8,2419.0,6.8,745965,660688,660766,671277,702358,682928,695578,696285,657041,53.73,,,,,,,,44,1,Slider,2,4,2,4,4,2,2,4,Standard,Standard,276.0,0.004,0.03,,,,,-0.03,,-2,-2,0.289,0.289,28,32,28,33,1,2,1.0,1,8.0,2.0,3.07,-0.34,-0.34,25.1,,,,,
FF,2024-07-12,97.5,-2.08,5.66,"Yelich, Christian",592885,640451,,called_strike,,,,,7.0,,R,L,R,MIL,WSH,S,,,0,0,2024,-0.86,1.32,-0.7118032969508851,1.8537567403520996,,,,0,8,Bot,,,,,,,5.653512823079642,-141.74761285117137,-7.75093549673789,-12.85291427596787,32.40465828243935,-12.755770131637654,3.48972288642425,1.85560903963567,,,,97.6,2074.0,6.4,745965,660688,660766,671277,702358,682928,695578,696285,657041,54.11,,,,,,,,64,1,4-Seam Fastball,2,5,2,5,5,2,2,5,Standard,Standard,212.0,-0.004,-0.037,,,,,0.037,,-3,-3,0.087,0.087,29,32,30,33,1,3,1.0,1,8.0,2.0,1.08,0.86,-0.86,41.7,,,,,
FS,2024-07-11,91.7,-2.57,5.55,"Yelich, Christian",592885,694973,field_out,hit_into_play,,,,,13.0,"Christian Yelich grounds out, second baseman Nick Gonzales to first baseman Rowdy Tellez.",R,L,R,MIL,PIT,X,4.0,ground_ball,2,0,2024,-1.27,-0.05,-0.5648045575508907,1.5484852126433584,,,,0,7,Bot,140.98,147.55,,,,,7.820940407479703,-133.32235490366034,-4.171154730625114,-16.83256800904174,28.248812063503177,-32.05008823772764,3.38,1.72,12.0,88.2,-7.0,91.9,1753.0,6.4,745967,518735,642133,693304,663647,665833,668804,669261,641943,54.09,0.174,0.157,0.0,1.0,0.0,0.0,2.0,50,3,Split-Finger,0,1,0,1,1,0,0,1,Standard,Standard,254.0,-0.071,-0.361,75.3,7.7,,0.237,0.361,88.2,-1,-1,0.387,0.387,22,32,22,33,3,2,6.0,1,12.0,1.0,2.76,1.27,-1.27,24.3,3.316430333590017,11.44847070082705,38.168672174809466,45.09102936205324,27.25718841544469
CU,2024-07-11,81.6,-2.69,5.71,"Yelich, Christian",592885,694973,,ball,,,,,13.0,,R,L,R,MIL,PIT,B,,,1,0,2024,0.66,-0.38,-1.2090853706737932,2.187871913177829,,,,0,7,Bot,,,,,,,2.058668136193809,-118.99834784682508,-0.6849530697444565,5.953219849156281,20.89967202197729,-35.88642495387005,3.29569037783856,1.78174310813174,,,,82.0,2451.0,6.3,745967,518735,642133,693304,663647,665833,668804,669261,641943,54.22,,,,,,,,50,2,Curveball,0,1,0,1,1,0,0,1,Standard,Standard,71.0,0.015,0.069,,,,,-0.069,,-1,-1,0.372,0.372,22,32,22,33,3,2,6.0,1,12.0,1.0,3.76,-0.66,0.66,24.4,,,,,
FF,2024-07-11,97.0,-2.49,5.59,"Yelich, Christian",592885,694973,,ball,,,,,14.0,,R,L,R,MIL,PIT,B,,,0,0,2024,-1.26,1.04,1.378106795673948,2.3010025953691127,,,,0,7,Bot,,,,,,,13.222616457266636,-140.6020743682097,-5.641879947460702,-19.67480357674752,30.720170703473418,-17.127384801120193,3.32403586764257,1.74312800502017,,,,97.1,2190.0,6.5,745967,518735,642133,693304,663647,665833,668804,669261,641943,54.02,,,,,,,,50,1,4-Seam Fastball,0,1,0,1,1,0,0,1,Standard,Standard,240.0,0.008,0.038,,,,,-0.038,,-1,-1,0.364,0.364,22,32,22,33,3,2,6.0,1,12.0,1.0,1.39,1.26,-1.26,26.8,,,,,
FS,2024-07-11,93.2,-2.37,5.54,"Yelich, Christian",592885,694973,field_out,hit_into_play,,,,,7.0,"Christian Yelich grounds out, second baseman Nick Gonzales to first baseman Rowdy Tellez.",R,L,R,MIL,PIT,X,4.0,ground_ball,0,1,2024,-0.98,-0.23,-0.4374776647108692,2.041760179146866,,,,0,4,Bot,143.01,156.71,,,,,7.111656168613959,-135.56342922028722,-2.7325746535907083,-13.620611799654355,28.90665228103981,-34.658695222025365,3.38,1.72,2.0,,-39.0,93.3,1629.0,6.3,745967,518735,642133,693304,663647,665833,668804,669261,641943,54.16,,,0.0,,0.0,0.0,,27,2,Split-Finger,0,0,0,0,0,0,0,0,Standard,Standard,254.0,-0.023,-0.217,72.9,7.2,,,0.217,,0,0,0.556,0.556,22,32,22,33,2,1,6.0,1,12.0,1.0,2.85,0.98,-0.98,22.2,-0.6592975182577536,18.649330793991624,35.64961577760273,42.19439721520146,22.23144844031284
FF,2024-07-11,97.8,-2.35,5.55,"Yelich, Christian",592885,694973,,called_strike,,,,,6.0,,R,L,R,MIL,PIT,S,,,0,0,2024,-1.26,0.87,0.5091150850512818,2.666818275755626,,,,0,4,Bot,,,,,,,10.62280669370043,-142.04315604562427,-4.278237130015911,-19.54271164703744,32.901271531048,-19.55177990443143,3.36149538433406,1.77614025480576,,,,97.8,2163.0,6.4,745967,518735,642133,693304,663647,665833,668804,669261,641943,54.09,,,,,,,,27,1,4-Seam Fastball,0,0,0,0,0,0,0,0,Standard,Standard,240.0,-0.004,-0.037,,,,,0.037,,0,0,0.56,0.56,22,32,22,33,2,1,6.0,1,12.0,1.0,1.52,1.26,-1.26,25.4,,,,,
FF,2024-07-11,98.7,-2.51,5.6,"Yelich, Christian",592885,694973,strikeout,called_strike,,,,,9.0,Christian Yelich called out on strikes.,R,L,R,MIL,PIT,S,2.0,,1,2,2024,-1.25,0.76,0.6620738976263554,2.253688466991399,,,,2,1,Bot,,,,,,,11.565722128719983,-143.1455936007983,-5.403991255383334,-19.855654171808027,33.31883023410106,-20.576957499480024,3.35565998727883,1.79149581124623,,,,98.8,2207.0,6.5,745967,518735,642133,693304,663647,665833,668804,669261,641943,53.95,,0.0,0.0,1.0,0.0,0.0,,8,4,4-Seam Fastball,0,0,0,0,0,0,0,0,Standard,Standard,237.0,-0.007,-0.18,,,,,0.18,,0,0,0.507,0.507,22,32,22,33,1,0,6.0,1,12.0,1.0,1.6,1.25,-1.25,26.4,,,,,
FS,2024-07-11,93.6,-2.54,5.6,"Yelich, Christian",592885,694973,,foul,,,,,11.0,,R,L,R,MIL,PIT,S,,,1,1,2024,-0.96,-0.28,-0.9232114501495914,2.6239304257142035,,,,2,1,Bot,,,,,,,6.288598463527175,-136.32931456424876,-1.3761679773193345,-13.2929539621755,27.7792381954121,-35.55295763008326,3.38,1.72,,,,94.0,1609.0,6.3,745967,518735,642133,693304,663647,665833,668804,669261,641943,54.2,,,,,,,,8,3,Split-Finger,0,0,0,0,0,0,0,0,Infield shade,Standard,256.0,-0.002,-0.064,71.9,7.0,,,0.064,,0,0,0.509,0.509,22,32,22,33,1,0,6.0,1,12.0,1.0,2.86,0.96,-0.96,23.7,1.850583999899976,25.808103687555217,26.71054377494911,48.27571685927592,12.56508460739106
CH,2024-07-11,87.1,-2.78,5.67,"Yelich, Christian",592885,694973,,ball,,,,,11.0,,R,L,R,MIL,PIT,B,,,0,1,2024,-1.42,0.03,-2.906192124424649,3.4968517099263146,,,,2,1,Bot,,,,,,,2.586893809225116,-126.78500716119848,0.86045149402153,-15.849906222465886,25.754435733277475,-32.23802428800126,3.29339230328149,1.76125865864825,,,,86.7,1823.0,6.0,745967,518735,642133,693304,663647,665833,668804,669261,641943,54.48,,,,,,,,8,2,Changeup,0,0,0,0,0,0,0,0,Infield shade,Standard,280.0,0.001,0.029,,,,,-0.029,,0,0,0.508,0.508,22,32,22,33,1,0,6.0,1,12.0,1.0,2.97,1.42,-1.42,22.9,,,,,
CU,2024-07-11,82.7,-2.68,5.67,"Yelich, Christian",592885,694973,,swinging_strike,,,,,7.0,,R,L,R,MIL,PIT,S,,,0,0,2024,0.69,-0.39,-0.6720976506649413,1.6809902353504058,,,,2,1,Bot,,,,,,,3.2505514746405555,-120.49707242051778,-1.871257037779126,6.079648535410969,23.13650184267888,-35.78888336219778,3.38,1.72,,,,83.2,2525.0,6.5,745967,518735,642133,693304,663647,665833,668804,669261,641943,53.96,,,,,,,,8,1,Curveball,0,0,0,0,0,0,0,0,Infield shade,Standard,74.0,-0.002,-0.041,74.0,8.6,3.324656916,,0.041,,0,0,0.51,0.51,22,32,22,33,1,0,6.0,1,12.0,1.0,3.71,-0.69,0.69,25.5,23.9498431574088,-18.42592824459873,32.64505439752064,47.1719699514456,44.834783983383296
SL,2024-07-11,84.1,0.29,6.06,"Yelich, Christian",592885,547973,field_out,hit_into_play,,,,,5.0,Christian Yelich flies out to center fielder Michael A. Taylor.,R,L,L,MIL,PIT,X,8.0,fly_ball,1,0,2024,-0.9,0.5,0.0027455183053927,2.413204572662674,,,,0,9,Bot,97.77,77.15,,,,,1.1499975830490847,-122.5246275905114,-3.0895437775228536,-9.314327733125094,24.563691241134908,-26.768551507286475,3.38,1.72,310.0,99.3,47.0,85.5,2240.0,7.2,745967,518735,656582,693304,663647,665833,668804,572191,641943,53.31,0.016,0.02,0.0,1.0,0.0,0.0,3.0,66,2,Slider,0,1,0,1,1,0,0,1,Standard,Standard,256.0,-0.102,-0.292,73.0,7.6,,0.037,0.292,99.3,-1,-1,0.217,0.217,36,32,36,33,1,3,4.0,1,2.0,1.0,2.72,-0.9,-0.9,57.2,12.266175653400063,-1.6491276644782842,31.932771489222315,38.363195950826935,35.231237460637175
SL,2024-07-11,85.3,0.56,6.13,"Yelich, Christian",592885,547973,,ball,,,,,12.0,,R,L,L,MIL,PIT,B,,,0,0,2024,-0.56,1.04,1.082913367968268,3.3844839513186784,,,,0,9,Bot,,,,,,,2.403815201028989,-124.19037382935043,-2.290428329391643,-6.240977876347443,25.354806602682725,-21.135009163059536,3.36435656164549,1.69538665022122,,,,86.7,2210.0,7.2,745967,518735,656582,693304,663647,665833,668804,572191,641943,53.33,,,,,,,,66,1,Slider,0,1,0,1,1,0,0,1,Standard,Standard,262.0,0.013,0.038,,,,,-0.038,,-1,-1,0.204,0.204,36,32,36,33,1,3,4.0,1,2.0,1.0,2.09,-0.56,-0.56,54.4,,,,,
SI,2024-07-10,91.2,1.03,5.58,"Yelich, Christian",592885,527048,field_out,hit_into_play,,,,,9.0,Christian Yelich lines out to left fielder Bryan Reynolds.,R,L,L,MIL,PIT,X,7.0,line_drive,0,2,2024,1.14,0.84,0.5881313964071897,1.9866437572219184,,661388.0,,2,4,Bot,54.67,111.04,,,,,-3.5379305756324277,-132.727177510756,-4.92600339789283,14.240316265046614,28.44131763912999,-21.420703753038023,3.37,1.73,281.0,94.7,20.0,90.8,1870.0,6.0,745969,663698,642133,693304,663647,669707,668804,669261,641943,54.48,0.305,0.351,0.0,1.0,0.0,0.0,4.0,35,3,Sinker,4,0,4,0,0,4,4,0,Standard,Standard,135.0,-0.007,-0.194,72.5,6.8,,0.531,0.194,94.7,4,4,0.903,0.903,33,32,33,33,3,2,6.0,1,9.0,1.0,1.9,1.14,1.14,43.9,-3.7502887774748497,15.715761326637807,43.974967134283965,31.91602535013064,21.6871504916921
SI,2024-07-10,91.0,0.91,5.52,"Yelich, Christian",592885,527048,,foul,,,,,9.0,,R,L,L,MIL,PIT,S,,,0,1,2024,1.37,0.83,0.5613157903015398,2.092590735721994,,661388.0,,2,4,Bot,,,,,,,-3.7867463165583946,-132.4130174735669,-4.4400416823453135,16.956367310855345,28.970293538831992,-21.681041917989376,3.37,1.73,257.0,80.7,30.0,90.5,1976.0,6.0,745969,663698,642133,693304,663647,669707,668804,669261,641943,54.48,,,,,,,,35,2,Sinker,4,0,4,0,0,4,4,0,Standard,Standard,130.0,-0.003,-0.067,75.3,7.2,,,0.067,88.0,4,4,0.906,0.906,33,32,33,33,3,2,6.0,1,9.0,1.0,1.93,1.37,1.37,44.2,0.2591022586222415,10.274943878178348,42.86174260614266,31.693993910463952,23.877003055811592
SI,2024-07-10,91.9,1.06,5.57,"Yelich, Christian",592885,527048,,called_strike,,,,,6.0,,R,L,L,MIL,PIT,S,,,0,0,2024,1.32,0.92,0.3343276151455914,2.252016502813187,,661388.0,,2,4,Bot,,,,,,,-4.659677719500149,-133.8041583199258,-4.54765071873744,16.866306843475602,29.15545289437586,-20.306044210521588,3.25478980754431,1.73230591130331,,,,91.4,1979.0,6.0,745969,663698,642133,693304,663647,669707,668804,669261,641943,54.52,,,,,,,,35,1,Sinker,4,0,4,0,0,4,4,0,Standard,Standard,133.0,-0.002,-0.04,,,,,0.04,,4,4,0.908,0.908,33,32,33,33,3,2,6.0,1,9.0,1.0,1.78,1.32,1.32,51.4,,,,,
CU,2024-07-10,78.4,1.14,5.72,"Yelich, Christian",592885,527048,single,hit_into_play,,,,,8.0,"Christian Yelich singles on a line drive to right fielder Joshua Palacios, deflected by second baseman Nick Gonzales.",R,L,L,MIL,PIT,X,4.0,line_drive,1,1,2024,-0.17,-0.44,-0.0344223593030765,1.841194002331549,,,,1,3,Bot,179.23,119.65,,,,,-2.204557513576279,-114.13452172346156,-0.7321161215053116,-1.0676708138254003,21.149593938193032,-36.084168572396,3.37,1.73,141.0,86.8,10.0,77.8,2392.0,5.9,745969,663698,642133,693304,663647,669707,668804,669261,641943,54.63,0.55,0.495,0.9,1.0,1.0,0.0,4.0,22,3,Curveball,2,0,2,0,0,2,2,0,Infield shade,Standard,311.0,0.018,0.434,75.8,8.0,,0.582,-0.434,88.0,2,2,0.748,0.748,33,32,33,33,2,1,6.0,1,9.0,1.0,4.15,-0.17,-0.17,47.7,12.782955904217816,-6.9093923904344425,37.41046046521546,38.03394120010619,39.26688545419699
CH,2024-07-10,83.4,1.31,5.64,"Yelich, Christian",592885,527048,,foul,,,,,6.0,,R,L,L,MIL,PIT,S,,,1,0,2024,1.33,0.89,0.7647125811997366,2.358779788225521,,,,1,3,Bot,,,,,,,-3.832534119144662,-121.49448209732878,-2.869143605445528,13.9341552718266,23.566238952849798,-22.9736270447956,3.37,1.73,7.0,69.5,-21.0,82.8,1699.0,5.8,745969,663698,642133,693304,663647,669707,668804,669261,641943,54.66,,,,,,,,22,2,Changeup,2,0,2,0,0,2,2,0,Standard,Standard,129.0,-0.003,-0.051,79.9,8.4,,,0.051,88.0,2,2,0.751,0.751,33,32,33,33,2,1,6.0,1,9.0,1.0,2.37,1.33,1.33,42.8,27.27365279842532,-27.77443530590956,37.07253027023685,28.86331671851407,50.44439410224911
CU,2024-07-10,79.8,1.21,5.74,"Yelich, Christian",592885,527048,,ball,,,,,13.0,,R,L,L,MIL,PIT,B,,,0,0,2024,-0.22,0.02,-0.8267558641009576,1.1735751583317646,,,,1,3,Bot,,,,,,,-4.030338763308216,-116.26299184406533,-3.4611403478289398,-1.3997011312896384,18.258378709103084,-31.623968116752124,3.37000154107883,1.49213739693146,,,,79.7,2474.0,5.8,745969,663698,642133,693304,663647,669707,668804,669261,641943,54.7,,,,,,,,22,1,Curveball,2,0,2,0,0,2,2,0,Infield shade,Standard,317.0,0.002,0.039,,,,,-0.039,,2,2,0.749,0.749,33,32,33,33,2,1,6.0,1,9.0,1.0,3.5,-0.22,-0.22,45.9,,,,,
FF,2024-07-10,95.7,-0.87,6.17,"Yelich, Christian",592885,641703,walk,ball,,,,,11.0,Christian Yelich walks.,R,L,R,MIL,PIT,B,,,3,0,2024,-0.61,1.44,-1.0761678845072742,3.707532742681593,,,,2,6,Bot,,,,,,,0.8324323308437196,-139.3452168411046,-4.151859476847771,-8.115341625019584,31.081080593025973,-12.631623989504051,3.29542824251265,1.61936018619105,,,,95.6,2305.0,6.2,745969,663698,642133,693304,663647,669707,668804,669261,641943,54.35,,0.689131,0.7,1.0,0.0,0.0,,50,4,4-Seam Fastball,5,0,5,0,0,5,5,0,Standard,Standard,201.0,0.001,0.12,,,,,-0.12,,5,5,0.97,0.97,29,32,29,33,1,3,2.0,1,4.0,1.0,1.04,0.61,-0.61,46.9,,,,,
SL,2024-07-10,87.5,-0.89,6.09,"Yelich, Christian",592885,641703,,ball,,,,,14.0,,R,L,R,MIL,PIT,B,,,2,0,2024,0.5,0.33,0.697078557249295,1.1617404302825562,,,,2,6,Bot,,,,,,,2.8095798067654982,-127.4719682502564,-6.52045393421665,4.980421763336942,22.923336349991363,-27.56024703518645,3.31457879604464,1.72999998345546,,,,88.0,2361.0,6.2,745969,663698,642133,693304,663647,669707,668804,669261,641943,54.26,,,,,,,,50,3,Slider,5,0,5,0,0,5,5,0,Infield shade,Standard,150.0,0.0,0.109,,,,,-0.109,,5,5,0.97,0.97,29,32,29,33,1,3,2.0,1,4.0,1.0,2.61,-0.5,0.5,46.5,,,,,
FF,2024-07-10,95.4,-0.83,6.19,"Yelich, Christian",592885,641703,,ball,,,,,12.0,,R,L,R,MIL,PIT,B,,,1,0,2024,-0.48,1.48,0.7835299321123068,4.143041258323743,,,,2,6,Bot,,,,,,,5.304502818115818,-138.8768541059357,-3.078381145645638,-7.35477761303928,30.23206999811613,-12.534161159311454,3.26921053222901,1.62664098092039,,,,95.4,2316.0,6.2,745969,663698,642133,693304,663647,669707,668804,669261,641943,54.31,,,,,,,,50,2,4-Seam Fastball,5,0,5,0,0,5,5,0,Infield shade,Standard,199.0,0.001,0.068,,,,,-0.068,,5,5,0.969,0.969,29,32,29,33,1,3,2.0,1,4.0,1.0,1.02,0.48,-0.48,48.1,,,,,
SL,2024-07-10,84.1,-1.16,5.97,"Yelich, Christian",592885,641703,,ball,,,,,14.0,,R,L,R,MIL,PIT,B,,,0,0,2024,0.67,0.58,1.851932077049057,0.5505402014535288,,,,2,6,Bot,,,,,,,5.640413809294446,-122.31291855579973,-7.332923888850575,5.680177445358835,23.59070744921068,-25.08985634309437,3.30792803923478,1.73000162497306,,,,84.0,2456.0,6.2,745969,663698,642133,693304,663647,669707,668804,669261,641943,54.29,,,,,,,,50,1,Slider,5,0,5,0,0,5,5,0,Standard,Standard,63.0,0.0,0.04,,,,,-0.04,,5,5,0.969,0.969,29,32,29,33,1,3,2.0,1,4.0,1.0,2.64,-0.67,0.67,43.7,,,,,
SI,2024-07-10,91.0,1.19,5.63,"Yelich, Christian",592885,527048,single,hit_into_play,,,,,12.0,Christian Yelich singles on a soft ground ball to first baseman Rowdy Tellez.,R,L,L,MIL,PIT,X,3.0,ground_ball,1,2,2024,1.26,0.91,1.044270239755429,2.5735689880646264,,,,2,1,Bot,147.06,165.93,,,,,-3.0553570040771216,-132.59232099284998,-3.737314015361666,15.550611274676214,27.292402785113246,-20.80679290240247,3.37,1.73,4.0,49.5,-32.0,90.7,1971.0,5.9,745969,663698,642133,693304,663647,669707,668804,669261,641943,54.55,0.165,0.152,0.9,1.0,1.0,0.0,1.0,6,4,Sinker,0,0,0,0,0,0,0,0,Standard,Standard,130.0,0.015,0.408,68.6,6.4,,0.167,-0.408,88.0,0,0,0.507,0.507,33,32,33,33,1,0,6.0,1,9.0,1.0,1.82,1.26,1.26,48.6,-1.525958858015638,17.65083791075848,39.22457794363997,26.08283661631137,21.81928705053551
CH,2024-07-10,82.5,1.23,5.74,"Yelich, Christian",592885,527048,,ball,,,,,14.0,,R,L,L,MIL,PIT,B,,,0,2,2024,1.14,0.62,0.2224404696148547,1.433783767768007,,,,2,1,Bot,,,,,,,-4.469126168803256,-120.12247900164328,-4.530318787566901,11.91964651197883,21.4557889625342,-25.4971810653224,3.29678888117019,1.72999825079906,,,,82.3,1738.0,5.9,745969,663698,642133,693304,663647,669707,668804,669261,641943,54.57,,,,,,,,6,3,Changeup,0,0,0,0,0,0,0,0,Standard,Standard,123.0,0.001,0.023,,,,,-0.023,,0,0,0.506,0.506,33,32,33,33,1,0,6.0,1,9.0,1.0,2.7,1.14,1.14,49.1,,,,,
CH,2024-07-10,82.1,1.17,5.7,"Yelich, Christian",592885,527048,,swinging_strike,,,,,14.0,,R,L,L,MIL,PIT,S,,,0,1,2024,0.83,1.1,0.1216659999602368,1.4231667402874693,,,,2,1,Bot,,,,,,,-3.963235795889663,-119.41952988356869,-5.25035477422128,8.73571028729606,22.38585179757048,-20.80826735445869,3.37,1.73,,,,81.6,1789.0,5.9,745969,663698,642133,693304,663647,669707,668804,669261,641943,54.56,,,,,,,,6,2,Changeup,0,0,0,0,0,0,0,0,Infield shade,Standard,126.0,-0.002,-0.058,71.1,8.8,2.060853132,,0.058,,0,0,0.508,0.508,33,32,33,33,1,0,6.0,1,9.0,1.0,2.27,0.83,0.83,46.8,30.18268463602563,-21.159896334877,45.17909052056183,36.77040448012951,46.61553755356351
SI,2024-07-10,89.7,1.16,5.67,"Yelich, Christian",592885,527048,,called_strike,,,,,6.0,,R,L,L,MIL,PIT,S,,,0,0,2024,1.17,0.96,0.6278730294974275,2.843576215983653,,,,2,1,Bot,,,,,,,-3.765946199759498,-130.726600497897,-3.066594240261546,14.192719398979303,25.826818031173055,-20.71706178480007,3.3516528834738,1.70787981820671,,,,89.5,2014.0,5.9,745969,663698,642133,693304,663647,669707,668804,669261,641943,54.59,,,,,,,,6,1,Sinker,0,0,0,0,0,0,0,0,Infield shade,Standard,136.0,-0.002,-0.041,,,,,0.041,,0,0,0.51,0.51,33,32,33,33,1,0,6.0,1,9.0,1.0,1.85,1.17,1.17,48.1,,,,,
SI,2024-07-09,92.1,-1.34,5.71,"Yelich, Christian",592885,682990,field_out,hit_into_play,,,,,4.0,Christian Yelich lines out to third baseman Ke'Bryan Hayes.,R,L,R,MIL,PIT,X,5.0,line_drive,3,2,2024,-1.24,0.35,-0.7344750911376072,2.6778446023783085,,,,2,7,Bot,96.44,160.05,,,,,4.257094612848036,-134.1398982596344,-2.6601646932701164,-15.936934252282008,28.356258174754725,-27.6380527550193,3.35,1.72,141.0,103.2,5.0,92.8,2049.0,6.6,745968,663698,642133,693304,663647,669707,669261,572191,641943,53.92,0.608,0.55,0.0,1.0,0.0,0.0,4.0,62,6,Sinker,2,9,2,9,9,2,2,9,Standard,Standard,222.0,-0.001,-0.325,71.3,7.1,,0.662,0.325,103.2,-7,-7,0.005,0.005,23,32,24,33,3,3,37.0,2,5.0,1.0,2.33,1.24,-1.24,38.3,-1.2583327719330426,21.75311077798954,29.39043197166151,47.43032726792973,17.00960566335177
FF,2024-07-09,93.4,-1.19,5.8,"Yelich, Christian",592885,682990,,ball,,,,,11.0,,R,L,R,MIL,PIT,B,,,2,2,2024,-0.59,1.3,-0.3887451128371741,3.968103800510314,,,,2,7,Bot,,,,,,,3.3932871285472004,-136.07967065795603,-1.8916906389399064,-8.076430759424875,27.150210270938977,-15.71697160229724,3.35000018943494,1.69202696199405,,,,94.2,2189.0,6.5,745968,663698,642133,693304,663647,669707,669261,572191,641943,53.99,,,,,,,,62,5,4-Seam Fastball,2,9,2,9,9,2,2,9,Standard,Standard,215.0,0.0,0.106,,,,,-0.106,,-7,-7,0.005,0.005,23,32,24,33,3,3,37.0,2,5.0,1.0,1.29,0.59,-0.59,39.9,,,,,
SL,2024-07-09,89.0,-1.33,5.89,"Yelich, Christian",592885,682990,,swinging_strike,,,,,1.0,,R,L,R,MIL,PIT,S,,,2,1,2024,0.39,0.45,-0.4925498492895467,2.936694365053161,,,,2,7,Bot,,,,,,,1.2529043360503902,-129.7396397935837,-2.284191164103916,4.201224252630648,22.43303892812817,-26.7645588662253,3.35,1.72,,,,89.9,2451.0,6.4,745968,663698,642133,693304,663647,669707,669261,572191,641943,54.12,,,,,,,,62,4,Slider,2,9,2,9,9,2,2,9,Infield shade,Standard,170.0,0.0,-0.084,65.2,5.7,0.557322,,0.084,,-7,-7,0.005,0.005,23,32,24,33,3,3,37.0,2,5.0,1.0,2.37,-0.39,0.39,41.4,-17.5951091416277,49.37975881541407,37.86070357363647,43.654805373228974,-3.5497315647019523
CH,2024-07-09,88.0,-1.25,5.78,"Yelich, Christian",592885,682990,,ball,,,,,14.0,,R,L,R,MIL,PIT,B,,,1,1,2024,-1.34,-0.13,0.0829430824478685,1.3053821719228509,,,,2,7,Bot,,,,,,,6.0406344617267695,-128.0112932747524,-4.52020103609556,-16.020207953876906,25.146895772994775,-32.89620487757478,3.4731696515397,1.64675032686396,,,,88.4,1526.0,6.4,745968,663698,642133,693304,663647,669707,669261,572191,641943,54.07,,,,,,,,62,3,Changeup,2,9,2,9,9,2,2,9,Infield shade,Standard,249.0,0.0,0.058,,,,,-0.058,,-7,-7,0.005,0.005,23,32,24,33,3,3,37.0,2,5.0,1.0,3.06,1.34,-1.34,45.5,,,,,
SI,2024-07-09,92.4,-1.19,5.8,"Yelich, Christian",592885,682990,,ball,,,,,12.0,,R,L,R,MIL,PIT,B,,,0,1,2024,-1.13,0.47,1.029762785997992,3.367912536401483,,,,2,7,Bot,,,,,,,8.138833764565641,-134.32867908869466,-1.4194518719761997,-15.399516612632365,27.839327238551544,-26.41131646794716,3.42330360291556,1.70072282170424,,,,92.7,2007.0,6.4,745968,663698,642133,693304,663647,669707,669261,572191,641943,54.06,,,,,,,,62,2,Sinker,2,9,2,9,9,2,2,9,Infield shade,Standard,224.0,0.0,0.029,,,,,-0.029,,-7,-7,0.005,0.005,23,32,24,33,3,3,37.0,2,5.0,1.0,2.2,1.13,-1.13,41.4,,,,,
SI,2024-07-09,92.7,-1.26,5.91,"Yelich, Christian",592885,682990,,called_strike,,,,,3.0,,R,L,R,MIL,PIT,S,,,0,0,2024,-1.12,0.44,0.6545070341224866,3.452257245607833,,,,2,7,Bot,,,,,,,7.349668050443086,-134.88530985105922,-1.474091899695955,-15.260250340596825,27.286650497833545,-26.674820664917085,3.39706273984338,1.67449844797316,,,,93.0,2030.0,6.3,745968,663698,642133,693304,663647,669707,669261,572191,641943,54.19,,,,,,,,62,1,Sinker,2,9,2,9,9,2,2,9,Infield shade,Standard,222.0,0.0,-0.041,,,,,0.041,,-7,-7,0.005,0.005,23,32,24,33,3,3,37.0,2,5.0,1.0,2.2,1.12,-1.12,41.5,,,,,
CH,2024-07-09,88.5,-1.35,5.81,"Yelich, Christian",592885,682990,single,hit_into_play,,,,,13.0,Christian Yelich singles on a line drive to left fielder Jack Suwinski.,R,L,R,MIL,PIT,X,7.0,line_drive,2,2,2024,-1.29,0.18,-1.1383778415050394,2.069606217020856,,,,1,5,Bot,55.2,122.55,,,,,3.24134841774836,-128.93579532992302,-3.4752151550012367,-15.050965468237823,26.68853365200701,-29.62145390823333,3.35,1.72,258.0,81.6,26.0,89.2,1417.0,6.7,745968,663698,642133,693304,663647,669707,669261,572191,641943,53.83,0.176,0.159,0.9,1.0,1.0,0.0,3.0,40,5,Changeup,2,2,2,2,2,2,2,2,Infield shade,Standard,253.0,0.035,0.453,72.4,7.5,,0.216,-0.453,88.0,0,0,0.534,0.534,23,32,24,33,2,2,37.0,2,5.0,1.0,2.72,1.29,-1.29,41.5,2.2683077859934544,15.191834162094356,32.61936179956951,51.536871063429686,22.6310025839839
SL,2024-07-09,89.5,-1.31,5.98,"Yelich, Christian",592885,682990,,called_strike,,,,,14.0,,R,L,R,MIL,PIT,S,,,2,1,2024,0.36,0.31,0.3829491257543755,1.329095011371788,,,,1,5,Bot,,,,,,,3.42149908976904,-130.28040253819304,-6.152486018138236,3.392680980021708,25.71832776685439,-27.657259898214157,3.3414616536085,1.60302037093426,,,,89.8,2480.0,6.3,745968,663698,642133,693304,663647,669707,669261,572191,641943,54.2,,,,,,,,40,4,Slider,2,2,2,2,2,2,2,2,Infield shade,Standard,149.0,-0.006,-0.078,,,,,0.078,,0,0,0.54,0.54,23,32,24,33,2,2,37.0,2,5.0,1.0,2.52,-0.36,0.36,44.7,,,,,
CH,2024-07-09,86.0,-1.52,5.83,"Yelich, Christian",592885,682990,,ball,,,,,11.0,,R,L,R,MIL,PIT,B,,,1,1,2024,-0.99,-0.28,-2.4069002556644343,3.778287754099933,,,,1,5,Bot,,,,,,,-0.0989592997070469,-125.2902402976596,1.9285517820531972,-10.451634370326628,25.008624139905336,-35.69479463474748,3.39932531661064,1.58901594843665,,,,86.4,1296.0,6.5,745968,663698,642133,693304,663647,669707,669261,572191,641943,54.03,,,,,,,,40,3,Changeup,2,2,2,2,2,2,2,2,Infield shade,Standard,253.0,0.004,0.059,,,,,-0.059,,0,0,0.536,0.536,23,32,24,33,2,2,37.0,2,5.0,1.0,3.35,0.99,-0.99,40.6,,,,,
CH,2024-07-09,89.6,-1.38,5.77,"Yelich, Christian",592885,682990,,ball,,,,,13.0,,R,L,R,MIL,PIT,B,,,0,1,2024,-1.27,-0.29,-0.881171853914591,1.2038316986156206,,,,1,5,Bot,,,,,,,3.933571316880802,-130.35379555755304,-4.671477118321625,-15.262141567908447,27.971807369098684,-34.66041295059942,3.47215497041215,1.62756712505472,,,,90.0,1474.0,6.6,745968,663698,642133,693304,663647,669707,669261,572191,641943,53.9,,,,,,,,40,2,Changeup,2,2,2,2,2,2,2,2,Infield shade,Standard,249.0,0.002,0.024,,,,,-0.024,,0,0,0.534,0.534,23,32,24,33,2,2,37.0,2,5.0,1.0,3.13,1.27,-1.27,38.9,,,,,
SI,2024-07-09,93.9,-1.3,5.82,"Yelich, Christian",592885,682990,,called_strike,,,,,5.0,,R,L,R,MIL,PIT,S,,,0,0,2024,-1.17,0.23,0.1611789706445328,2.360921523317441,,,,1,5,Bot,,,,,,,6.393621431668274,-136.6302116886876,-3.7869092215720808,-16.066551113895155,29.423937976406588,-28.605806667842074,3.37532230006777,1.66713971485958,,,,94.4,2147.0,6.5,745968,663698,642133,693304,663647,669707,669261,572191,641943,53.98,,,,,,,,40,1,Sinker,2,2,2,2,2,2,2,2,Standard,Standard,226.0,-0.003,-0.037,,,,,0.037,,0,0,0.537,0.537,23,32,24,33,2,2,37.0,2,5.0,1.0,2.35,1.17,-1.17,38.2,,,,,
SL,2024-07-09,89.6,-1.23,5.95,"Yelich, Christian",592885,682990,walk,ball,,,,,14.0,Christian Yelich walks.,R,L,R,MIL,PIT,B,,,3,0,2024,0.42,0.36,1.041786358993391,1.4443154252525303,,661388.0,,0,3,Bot,,,,,,,4.742895433900005,-130.34607943692387,-5.92795575894278,3.8281041717530657,25.918682385576044,-27.088304756594365,3.35000281169278,1.7877531810114,,,,89.9,2453.0,6.4,745968,663698,642133,693304,663647,669707,669261,572191,641943,54.11,,0.689131,0.7,1.0,0.0,0.0,,24,4,Slider,1,2,1,2,2,1,1,2,Infield shade,Standard,168.0,0.015,0.129,,,,,-0.129,,-1,-1,0.532,0.532,23,32,24,33,1,1,37.0,2,5.0,1.0,2.47,-0.42,0.42,42.1,,,,,
SL,2024-07-09,89.8,-1.14,5.86,"Yelich, Christian",592885,682990,,ball,,,,,14.0,,R,L,R,MIL,PIT,B,,,2,0,2024,0.57,0.28,1.8234370552004064,1.3076764842585171,,661388.0,,0,3,Bot,,,,,,,6.161469091594592,-130.541129672303,-5.875408916540253,5.226547030157976,27.523864217284583,-27.979069411053903,3.39179907492677,1.77904824278338,,,,90.1,2515.0,6.6,745968,663698,642133,693304,663647,669707,669261,572191,641943,53.95,,,,,,,,24,3,Slider,1,2,1,2,2,1,1,2,Standard,Standard,146.0,0.011,0.091,,,,,-0.091,,-1,-1,0.521,0.521,23,32,24,33,1,1,37.0,2,5.0,1.0,2.56,-0.57,0.57,43.5,,,,,
CH,2024-07-09,88.8,-1.35,5.82,"Yelich, Christian",592885,682990,,ball,,,,,13.0,,R,L,R,MIL,PIT,B,,,1,0,2024,-1.22,-0.06,-1.668403458190262,2.0348638198291304,,661388.0,,0,3,Bot,,,,,,,1.7916548660768474,-129.31555441234178,-3.084480077911146,-14.084349822032957,28.12761400288615,-32.38141750897695,3.35000105201452,1.8010258713558,,,,89.1,1354.0,6.5,745968,663698,642133,693304,663647,669707,669261,572191,641943,53.97,,,,,,,,24,2,Changeup,1,2,1,2,2,1,1,2,Standard,Standard,250.0,0.007,0.05,,,,,-0.05,,-1,-1,0.514,0.514,23,32,24,33,1,1,37.0,2,5.0,1.0,2.96,1.22,-1.22,40.3,,,,,
CH,2024-07-09,89.2,-1.41,5.83,"Yelich, Christian",592885,682990,,ball,,,,,13.0,,R,L,R,MIL,PIT,B,,,0,0,2024,-1.2,0.1,-1.7754738042004812,1.959898753402089,,661388.0,,0,3,Bot,,,,,,,1.6347788514746333,-129.9223149651821,-3.7165826118484295,-13.859126403533612,28.313239628353823,-30.445111740558243,3.34999989354655,1.49864809521192,,,,89.6,1452.0,6.6,745968,663698,642133,693304,663647,669707,669261,572191,641943,53.94,,,,,,,,24,1,Changeup,1,2,1,2,2,1,1,2,Standard,Standard,249.0,0.004,0.038,,,,,-0.038,,-1,-1,0.51,0.51,23,32,24,33,1,1,37.0,2,5.0,1.0,2.77,1.2,-1.2,39.6,,,,,
CU,2024-07-09,78.4,3.37,5.16,"Yelich, Christian",592885,676596,walk,ball,,,,,13.0,Christian Yelich walks.,R,L,L,MIL,PIT,B,,,3,2,2024,-1.16,-0.08,-1.398929621112405,1.2469729032509518,,,,2,1,Bot,,,,,,,-8.242227217225853,-113.785630725545,-1.2920761789096002,-8.097782114817615,24.91450896789226,-32.83831597304765,3.35000092333104,1.73298712903746,,,,78.5,2307.0,6.9,745968,663698,642133,693304,663647,669707,669261,572191,641943,53.58,,0.689131,0.7,1.0,0.0,0.0,,6,6,Curveball,0,0,0,0,0,0,0,0,Standard,Standard,303.0,0.01,0.267,,,,,-0.267,,0,0,0.512,0.512,28,32,28,33,1,0,3.0,2,12.0,1.0,3.87,-1.16,-1.16,32.5,,,,,
SI,2024-07-09,89.6,3.35,5.06,"Yelich, Christian",592885,676596,,ball,,,,,14.0,,R,L,L,MIL,PIT,B,,,2,2,2024,1.23,0.07,2.3977239176056195,2.2954423580149275,,,,2,1,Bot,,,,,,,-4.971796286555315,-130.49431708425638,-0.987184320363124,15.110959681191789,27.395024677878723,-31.392891499943733,3.45617906563094,1.71150336560626,,,,90.0,1683.0,6.5,745968,663698,642133,693304,663647,669707,669261,572191,641943,54.01,,,,,,,,6,5,Sinker,0,0,0,0,0,0,0,0,Standard,Standard,116.0,0.004,0.106,,,,,-0.106,,0,0,0.508,0.508,28,32,28,33,1,0,3.0,2,12.0,1.0,2.76,1.23,1.23,21.4,,,,,
CU,2024-07-09,79.4,3.44,5.25,"Yelich, Christian",592885,676596,,swinging_strike,,,,,13.0,,R,L,L,MIL,PIT,S,,,2,1,2024,-0.95,-0.13,-0.7181763973136545,1.528517328939063,,,,2,1,Bot,,,,,,,-7.3802339272891135,-115.3783761300223,-0.993031599854105,-6.716136557770684,25.334336834740206,-33.323090994422046,3.35,1.72,,,,79.3,2234.0,6.7,745968,663698,642133,693304,663647,669707,669261,572191,641943,53.76,,,,,,,,6,4,Curveball,0,0,0,0,0,0,0,0,Standard,Standard,293.0,-0.003,-0.084,75.7,8.6,5.118931908,,0.084,,0,0,0.511,0.511,28,32,28,33,1,0,3.0,2,12.0,1.0,3.81,-0.95,-0.95,32.0,24.58590655129178,-20.435208330916836,36.070685263623545,45.11268654855444,47.75084784311318
SI,2024-07-09,89.5,3.42,5.12,"Yelich, Christian",592885,676596,,swinging_strike,,,,,14.0,,R,L,L,MIL,PIT,S,,,2,0,2024,1.15,-0.05,1.0296504591085909,2.118520341008699,,,,2,1,Bot,,,,,,,-8.366239664759505,-130.11739479073125,-1.298296901458945,14.854706295493733,26.689415137903342,-32.72744766587096,3.35,1.72,,,,89.8,1643.0,6.5,745968,663698,642133,693304,663647,669707,669261,572191,641943,54.01,,,,,,,,6,3,Sinker,0,0,0,0,0,0,0,0,Infield shade,Standard,109.0,-0.003,-0.061,78.9,7.6,0.958799124,,0.061,,0,0,0.514,0.514,28,32,28,33,1,0,3.0,2,12.0,1.0,2.9,1.15,1.15,22.4,16.127080616325074,-10.800343839228074,37.69440915673863,25.89269940052059,34.57054499363399
FC,2024-07-09,87.6,3.32,5.36,"Yelich, Christian",592885,676596,,ball,,,,,12.0,,R,L,L,MIL,PIT,B,,,1,0,2024,0.27,0.65,0.8006247777607607,4.445311421475809,,,,2,1,Bot,,,,,,,-6.663466935244879,-127.44760810228536,2.55301596830376,4.242240607189473,24.85669873036329,-25.733123971046933,3.44241003841924,1.69767906829373,,,,88.1,1936.0,6.5,745968,663698,642133,693304,663647,669707,669261,572191,641943,54.01,,,,,,,,6,2,Cutter,0,0,0,0,0,0,0,0,Infield shade,Standard,123.0,0.003,0.068,,,,,-0.068,,0,0,0.511,0.511,28,32,28,33,1,0,3.0,2,12.0,1.0,2.3,0.27,0.27,26.6,,,,,
SI,2024-07-09,89.4,3.27,5.14,"Yelich, Christian",592885,676596,,ball,,,,,14.0,,R,L,L,MIL,PIT,B,,,0,0,2024,1.14,-0.11,1.2598924645339828,2.04644637934087,,,,2,1,Bot,,,,,,,-7.383243988437892,-130.03699932102882,-1.373314337094031,14.464418124400192,27.006406997419585,-33.39250337360479,3.58712254994632,1.84251848963044,,,,89.8,1626.0,6.5,745968,663698,642133,693304,663647,669707,669261,572191,641943,53.98,,,,,,,,6,1,Sinker,0,0,0,0,0,0,0,0,Infield shade,Standard,113.0,0.001,0.04,,,,,-0.04,,0,0,0.51,0.51,28,32,28,33,1,0,3.0,2,12.0,1.0,2.97,1.14,1.14,22.9,,,,,
ST,2024-07-07,84.6,2.18,5.41,"Yelich, Christian",592885,680736,home_run,hit_into_play,,,,,1.0,Christian Yelich homers (11) on a fly ball to center field. Jackson Chourio scores.,R,L,L,LAD,MIL,X,,fly_ball,0,1,2024,-0.99,0.1,-0.3788292160595469,2.953389844903311,,694192.0,,1,4,Top,119.69,29.99,,,,,-3.927274929000213,-123.12129239904576,0.4065176964184651,-9.254346641223512,25.19954055628406,-31.50600726100548,3.36,1.71,418.0,107.2,27.0,83.0,2412.0,5.3,746122,669257,518692,621035,571771,500743,678246,681624,606192,55.24,0.916,1.8420851063829784,2.0,1.0,0.0,3.0,6.0,27,2,Sweeper,0,0,0,0,2,0,2,0,Standard,Standard,289.0,-0.193,1.326,75.8,7.3,,3.626,-1.326,107.2,0,0,0.482,0.518,23,32,24,33,2,1,,1,6.0,2.0,3.1,-0.99,-0.99,36.3,8.877746563909787,0.4722818154005394,28.536543372195855,39.90016397363521,30.0815378067846
FF,2024-07-07,93.5,2.03,5.53,"Yelich, Christian",592885,680736,,called_strike,,,,,4.0,,R,L,L,LAD,MIL,S,,,0,0,2024,0.63,1.35,-0.3881136882921735,2.635717768851518,,694192.0,,1,4,Top,,,,,,,-7.502276303155665,-136.0208848832459,-4.633000282551001,9.504734303826496,29.46223150556301,-14.52689237828826,3.32651355041227,1.61677150761804,,,,92.1,2303.0,5.4,746122,669257,518692,621035,571771,500743,678246,681624,606192,55.05,,,,,,,,27,1,4-Seam Fastball,0,0,0,0,0,0,0,0,Standard,Standard,142.0,0.006,-0.036,,,,,0.036,,0,0,0.476,0.524,23,32,24,33,2,1,,1,6.0,2.0,1.25,0.63,0.63,38.6,,,,,
SI,2024-07-07,86.9,3.19,4.91,"Yelich, Christian",592885,642232,single,hit_into_play,,,,,6.0,Christian Yelich singles on a ground ball to shortstop Miguel Rojas.,R,L,L,LAD,MIL,X,6.0,ground_ball,1,0,2024,1.19,0.37,0.716466963262564,2.346031269272575,,,,1,8,Top,112.14,151.02,,,,,-8.388530200619067,-126.35652025185465,-0.7687186555631117,14.3651001851936,23.37514424297546,-28.20500442541049,3.36,1.71,12.0,90.6,-10.0,87.6,1859.0,6.6,746122,669257,518692,621035,571771,500743,678246,681624,606192,53.93,0.214,0.194,0.9,1.0,1.0,0.0,2.0,63,2,Sinker,2,5,5,2,5,2,5,2,Standard,Standard,105.0,-0.006,0.383,69.5,6.4,,0.216,-0.383,90.6,-3,3,0.077,0.923,32,32,33,33,1,3,4.0,1,4.0,2.0,2.63,1.19,1.19,14.1,-8.402715773337809,26.92773734422963,41.16512443328786,28.789186926409613,17.212819572086637
SI,2024-07-07,85.6,3.22,4.91,"Yelich, Christian",592885,642232,,ball,,,,,12.0,,R,L,L,LAD,MIL,B,,,0,0,2024,1.29,0.28,1.3355528766361136,3.143475853560068,,,,1,8,Top,,,,,,,-7.037539117685502,-124.45774475823232,1.5055512831558815,14.77979824253175,23.25491893179877,-29.73238853138312,3.61542187475564,1.86191282521359,,,,85.9,1854.0,6.4,746122,669257,518692,621035,571771,500743,678246,681624,606192,54.13,,,,,,,,63,1,Sinker,2,5,5,2,5,2,5,2,Standard,Standard,106.0,-0.001,0.039,,,,,-0.039,,-3,3,0.078,0.922,32,32,33,33,1,3,4.0,1,4.0,2.0,2.82,1.29,1.29,12.5,,,,,
SL,2024-07-07,85.8,2.87,5.32,"Yelich, Christian",592885,607455,double,hit_into_play,,,,,8.0,Christian Yelich doubles (11) on a sharp line drive to center fielder James Outman. Eric Haase scores.,R,L,L,LAD,MIL,X,8.0,line_drive,2,2,2024,-0.44,-0.3,-0.1158366162361365,2.126746625577855,,,606992.0,2,9,Top,144.83,43.48,,,,,-6.162569811428379,-124.8849369114494,-0.6655835480873528,-3.346411930414879,25.702957794301387,-35.3988681744465,3.36,1.71,314.0,107.2,14.0,85.8,2296.0,6.3,746122,669257,624415,666158,621035,571771,678246,681546,681624,54.19,0.75,0.796,1.25,1.0,1.0,1.0,5.0,76,6,Slider,2,7,7,2,8,2,8,2,Strategic,Strategic,324.0,-0.004,0.901,75.1,7.5,,1.12,-0.901,107.2,-5,5,0.007,0.993,30,32,31,33,1,4,3.0,1,3.0,2.0,3.4,-0.44,-0.44,35.0,9.33571904074687,-0.4021706291150381,34.67223804685716,38.7003288015961,34.26662020257719
FF,2024-07-07,96.3,2.65,5.41,"Yelich, Christian",592885,607455,,foul,,,,,8.0,,R,L,L,LAD,MIL,S,,,2,2,2024,0.85,1.0,0.1312838333060639,2.019207458098096,,,606992.0,2,9,Top,,,,,,,-8.638117939010021,-139.92254177870754,-5.676433961510197,13.139980146818472,32.258080633652554,-17.86233354895006,3.36,1.71,270.0,83.4,35.0,96.3,2270.0,6.4,746122,669257,624415,666158,621035,571771,678246,681546,681624,54.05,,,,,,,,76,5,4-Seam Fastball,2,7,7,2,7,2,7,2,Infield shade,Strategic,134.0,0.0,0.0,71.8,7.2,,,0.0,88.0,-5,5,0.007,0.993,30,32,31,33,1,4,3.0,1,3.0,2.0,1.47,0.85,0.85,43.0,-3.802127573993423,16.059653373080426,38.9959427160547,35.83172043266734,21.57243377932452
SI,2024-07-07,96.2,2.77,5.27,"Yelich, Christian",592885,607455,,foul,,,,,5.0,,R,L,L,LAD,MIL,S,,,2,1,2024,1.28,0.63,-0.0835543219022445,2.4577686784541117,,,606992.0,2,9,Top,,,,,,,-10.463366007808345,-139.73341728201044,-3.2969348256261464,19.13494248629636,30.39764725566284,-23.34713974369744,3.36,1.71,221.0,100.4,10.0,96.3,2126.0,6.4,746122,669257,624415,666158,621035,571771,678246,681546,681624,54.12,,,,,,,,76,4,Sinker,2,7,7,2,7,2,7,2,Infield shade,Strategic,138.0,0.0,-0.072,70.5,6.4,,,0.072,100.4,-5,5,0.007,0.993,30,32,31,33,1,4,3.0,1,3.0,2.0,1.83,1.28,1.28,33.3,-15.771421328378835,37.42272251889648,37.74902931647553,39.02610148134112,4.196381291924225
SI,2024-07-07,96.3,2.83,5.24,"Yelich, Christian",592885,607455,,ball,,,,,12.0,,R,L,L,LAD,MIL,B,,,1,1,2024,1.22,0.59,0.9783023916752044,3.4236418614986626,,,606992.0,2,9,Top,,,,,,,-7.693857436273557,-140.1063814781391,-0.5967614362774958,17.750446268972517,30.193118586704,-24.492323004104374,3.38853848123485,1.71112754177589,,,,96.6,2119.0,6.4,746122,669257,624415,666158,621035,571771,678246,681546,681624,54.11,,,,,,,,76,3,Sinker,2,7,7,2,7,2,7,2,Infield shade,Strategic,137.0,0.0,0.05,,,,,-0.05,,-5,5,0.007,0.993,30,32,31,33,1,4,3.0,1,3.0,2.0,1.86,1.22,1.22,30.9,,,,,
FF,2024-07-07,96.6,2.61,5.39,"Yelich, Christian",592885,607455,,ball,,,,,11.0,,R,L,L,LAD,MIL,B,,,0,1,2024,0.55,1.25,-1.0332151082794554,3.6946052255856254,,,606992.0,2,9,Top,,,,,,,-10.965296307015011,-140.2947208367349,-1.8074008912827837,9.60462725510123,29.73681893196698,-15.392566639037454,3.41173549616518,1.78734990679154,,,,96.9,2276.0,6.4,746122,669257,624415,666158,621035,571771,678246,681546,681624,54.05,,,,,,,,76,2,4-Seam Fastball,2,7,7,2,7,2,7,2,Infield shade,Strategic,138.0,0.0,0.032,,,,,-0.032,,-5,5,0.007,0.993,30,32,31,33,1,4,3.0,1,3.0,2.0,1.19,0.55,0.55,38.3,,,,,
FF,2024-07-07,95.7,1.83,5.76,"Yelich, Christian",592885,680736,field_out,hit_into_play,,,,,6.0,Christian Yelich flies out to center fielder Andy Pages.,R,L,L,LAD,MIL,X,8.0,fly_ball,2,2,2024,0.67,1.41,0.4349160930270259,2.409115217049183,,,656555.0,1,1,Top,103.32,50.88,,,,,-5.051839657252276,-139.21206810755336,-6.302864461036695,9.8329675747555,29.260485087379,-12.591315164826064,3.36,1.71,367.0,99.2,26.0,93.8,2396.0,5.0,746122,669257,518692,621035,571771,500743,678246,681624,606192,55.48,0.413,0.7304137931034481,0.0,1.0,0.0,0.0,6.0,3,6,4-Seam Fastball,0,0,0,0,0,0,0,0,Strategic,Strategic,143.0,0.024,-0.233,76.1,7.2,,1.382,0.233,99.2,0,0,0.502,0.498,23,32,24,33,1,0,,1,6.0,2.0,1.07,0.67,0.67,39.6,10.563894382817956,1.2885517713239218,38.49822485741503,30.850557416406645,29.43655141641841
SI,2024-07-07,95.9,2.77,5.25,"Yelich, Christian",592885,607455,,called_strike,,,,,6.0,,R,L,L,LAD,MIL,S,,,0,0,2024,1.21,0.38,0.3963627296549346,2.7177312168857712,,,606992.0,2,9,Top,,,,,,,-9.02111161555955,-139.51618130648887,-1.979273325773428,17.728882629598793,29.739588955034044,-26.92603855265932,3.47320735565891,1.75254819543912,,,,96.3,2146.0,6.4,746122,669257,624415,666158,621035,571771,678246,681546,681624,54.09,,,,,,,,76,1,Sinker,2,7,7,2,7,2,7,2,Infield shade,Strategic,136.0,0.0,-0.047,,,,,0.047,,-5,5,0.007,0.993,30,32,31,33,1,4,3.0,1,3.0,2.0,2.09,1.21,1.21,35.6,,,,,
ST,2024-07-07,86.5,2.27,5.51,"Yelich, Christian",592885,680736,,foul,,,,,13.0,,R,L,L,LAD,MIL,S,,,2,2,2024,-1.28,-0.12,-1.4683880621278635,2.165568627784842,,,656555.0,1,1,Top,,,,,,,-6.169236908566211,-125.8532922531786,-1.499139393119997,-12.24777356789518,26.557083587711546,-33.30672479488804,3.36,1.71,,,,84.3,2330.0,5.0,746122,669257,518692,621035,571771,500743,678246,681624,606192,55.52,,,,,,,,3,5,Sweeper,0,0,0,0,0,0,0,0,Strategic,Strategic,305.0,0.0,0.0,71.1,7.5,,,0.0,,0,0,0.502,0.498,23,32,24,33,1,0,,1,6.0,2.0,3.17,-1.28,-1.28,38.2,5.311014525954518,12.250282757569382,28.60173591115167,54.21816716847564,23.59903910394091
SI,2024-07-07,92.4,2.04,5.55,"Yelich, Christian",592885,680736,,foul,,,,,6.0,,R,L,L,LAD,MIL,S,,,2,1,2024,0.98,0.86,0.4356628337969059,2.795118585593437,,,656555.0,1,1,Top,,,,,,,-6.080294275559066,-134.49175534395638,-3.045237524895848,13.198477645993538,28.94100604560252,-21.29058232782601,3.36,1.71,6.0,75.1,-24.0,90.6,2199.0,5.2,746122,669257,518692,621035,571771,500743,678246,681624,606192,55.34,,,,,,,,3,4,Sinker,0,0,0,0,0,0,0,0,Strategic,Strategic,134.0,0.008,-0.057,73.8,6.9,,,0.057,88.0,0,0,0.494,0.506,23,32,24,33,1,0,,1,6.0,2.0,1.81,0.98,0.98,39.1,12.046686520162996,2.0073632647548227,30.10786464325711,30.40023380230741,29.358120817877275
FF,2024-07-07,93.3,2.06,5.57,"Yelich, Christian",592885,680736,,ball,,,,,14.0,,R,L,L,LAD,MIL,B,,,1,1,2024,0.74,1.36,0.1103641101018622,1.2197637783765227,,,656555.0,1,1,Top,,,,,,,-6.5267840535310775,-135.5494557019121,-8.272019706852044,10.576611602208173,28.337105429436008,-13.83235772862414,3.40976550381474,1.75731016434582,,,,91.8,2351.0,5.4,746122,669257,518692,621035,571771,500743,678246,681624,606192,55.13,,,,,,,,3,3,4-Seam Fastball,0,0,0,0,0,0,0,0,Strategic,Strategic,142.0,-0.005,0.046,,,,,-0.046,,0,0,0.499,0.501,23,32,24,33,1,0,,1,6.0,2.0,1.26,0.74,0.74,39.5,,,,,
FF,2024-07-07,95.3,1.94,5.58,"Yelich, Christian",592885,680736,,swinging_strike,,,,,1.0,,R,L,L,LAD,MIL,S,,,1,0,2024,0.67,1.29,-0.4301687469879063,2.884992016190054,,,656555.0,1,1,Top,,,,,,,-7.594942024699058,-138.64618252113286,-4.317137178552405,10.212408491335005,28.958220750380647,-14.693757092125129,3.36,1.71,,,,94.1,2461.0,5.4,746122,669257,518692,621035,571771,500743,678246,681624,606192,55.06,,,,,,,,3,2,4-Seam Fastball,0,0,0,0,0,0,0,0,Strategic,Strategic,146.0,0.005,-0.047,77.3,7.1,1.240621824,,0.047,,0,0,0.494,0.506,23,32,24,33,1,0,,1,6.0,2.0,1.21,0.67,0.67,38.4,5.223776177113821,11.874149788057943,32.28116234498849,41.32236275625483,25.186253494289964
SL,2024-07-07,89.3,2.18,5.5,"Yelich, Christian",592885,680736,,ball,,,,,11.0,,R,L,L,LAD,MIL,B,,,0,0,2024,-0.3,0.45,-1.475536990183719,2.700614395857266,,,656555.0,1,1,Top,,,,,,,-8.21888728826517,-129.95359510153858,-1.8808006786970912,-1.9112490208632131,23.75380712178315,-26.881462106672068,3.40771182521772,1.85083427674342,,,,88.2,2330.0,5.3,746122,669257,518692,621035,571771,500743,678246,681624,606192,55.19,,,,,,,,3,1,Slider,0,0,0,0,0,0,0,0,Standard,Strategic,179.0,-0.004,0.036,,,,,-0.036,,0,0,0.498,0.502,23,32,24,33,1,0,,1,6.0,2.0,2.38,-0.3,-0.3,35.1,,,,,
FF,2024-07-07,94.0,-1.76,4.93,"Yelich, Christian",592885,670990,walk,ball,,,,,12.0,Christian Yelich walks. Rhys Hoskins to 2nd.,R,L,R,LAD,MIL,B,,,3,2,2024,-0.77,1.21,0.9847008456940703,3.4097962282023437,,,656555.0,0,6,Top,,,,,,,8.951818416855128,-136.72226955915968,-0.9317564461703546,-11.599131192108247,28.134651473894884,-16.948680638794645,3.39086461943229,1.74677145427049,,,,95.5,2267.0,7.1,746122,669257,518692,621035,571771,500743,678246,681624,606192,53.45,,0.689131,0.7,1.0,0.0,0.0,,46,7,4-Seam Fastball,0,4,4,0,4,0,4,0,Infield shade,Strategic,238.0,-0.013,0.291,,,,,-0.291,,-4,4,0.07,0.93,29,32,29,33,1,2,4.0,1,2.0,2.0,1.36,0.77,-0.77,17.8,,,,,
CU,2024-07-07,81.1,-1.38,5.56,"Yelich, Christian",592885,670990,,foul,,,,,14.0,,R,L,R,LAD,MIL,S,,,3,2,2024,1.15,-0.54,0.157817365880386,1.5126504158821126,,,656555.0,0,6,Top,,,,,,,1.2417429871664347,-118.09338798812696,-1.3919887260079344,10.505442715306962,23.0315661197155,-37.18376494699875,3.36,1.71,4.0,44.7,-23.0,82.0,2266.0,6.9,746122,669257,518692,621035,571771,500743,678246,681624,606192,53.57,,,,,,,,46,6,Curveball,0,4,4,0,4,0,4,0,Strategic,Strategic,41.0,0.0,0.0,70.0,8.4,,,0.0,88.0,-4,4,0.07,0.93,29,32,29,33,1,2,4.0,1,2.0,2.0,4.01,-1.15,1.15,38.1,20.659271159887886,-20.072688244794225,36.63785796468832,35.00622318600853,40.44814554887792
CU,2024-07-07,82.1,-1.57,5.48,"Yelich, Christian",592885,670990,,blocked_ball,,,,,14.0,,R,L,R,LAD,MIL,B,,,2,2,2024,1.09,-1.02,0.9734698261630528,0.2439516111688928,,,656555.0,0,6,Top,,,,,,,3.6861405670539225,-119.44194925454474,-3.312119453883838,9.624160141397684,24.543555900238417,-41.425612225558886,3.33034912008316,1.76187521265913,,,,82.9,2428.0,7.0,746122,669257,518692,621035,571771,500743,678246,681624,606192,53.53,,,,,,,,46,5,Curveball,0,4,4,0,4,0,4,0,Infield shade,Strategic,39.0,-0.003,0.117,,,,,-0.117,,-4,4,0.073,0.927,29,32,29,33,1,2,4.0,1,2.0,2.0,4.42,-1.09,1.09,34.9,,,,,
FF,2024-07-07,93.4,-1.88,4.87,"Yelich, Christian",592885,670990,,ball,,,,,11.0,,R,L,R,LAD,MIL,B,,,1,2,2024,-0.8,1.0,-1.0810486048353531,3.919016118585552,,,656555.0,0,6,Top,,,,,,,3.8679766450254864,-136.10962982704393,1.0693390975658297,-10.833874027400148,27.4030646973896,-20.08158906576676,3.30853976204284,1.80433402499239,,,,94.8,2210.0,6.9,746122,669257,518692,621035,571771,500743,678246,681624,606192,53.65,,,,,,,,46,4,4-Seam Fastball,0,4,4,0,4,0,4,0,Infield shade,Strategic,239.0,-0.002,0.045,,,,,-0.045,,-4,4,0.075,0.925,29,32,29,33,1,2,4.0,1,2.0,2.0,1.59,0.8,-0.8,17.4,,,,,
CU,2024-07-07,80.6,-1.65,5.49,"Yelich, Christian",592885,670990,,called_strike,,,,,8.0,,R,L,R,LAD,MIL,S,,,1,1,2024,1.07,-0.89,-0.1884587267489916,1.6525292358969677,,,656555.0,0,6,Top,,,,,,,1.2349537513359317,-117.43342734280188,-0.1885034953429412,9.65340290962392,21.848015973115917,-40.55910332691795,3.41304008169259,1.71529569583322,,,,81.5,2351.0,6.8,746122,669257,518692,621035,571771,500743,678246,681624,606192,53.74,,,,,,,,46,3,Curveball,0,4,4,0,4,0,4,0,Infield shade,Strategic,37.0,0.003,-0.049,,,,,0.049,,-4,4,0.072,0.928,29,32,29,33,1,2,4.0,1,2.0,2.0,4.38,-1.07,1.07,41.2,,,,,
CU,2024-07-07,81.1,-1.44,5.6,"Yelich, Christian",592885,670990,,ball,,,,,14.0,,R,L,R,LAD,MIL,B,,,0,1,2024,1.01,-0.48,1.632561121261701,1.68430514454591,,,656555.0,0,6,Top,,,,,,,4.9944715349498106,-117.99894116297656,-1.212425328789166,8.479183589061018,22.599185774148392,-36.63013803682826,3.44468977568487,1.6820665361058,,,,81.9,2317.0,6.9,746122,669257,518692,621035,571771,500743,678246,681624,606192,53.62,,,,,,,,46,2,Curveball,0,4,4,0,4,0,4,0,Infield shade,Strategic,36.0,-0.001,0.034,,,,,-0.034,,-4,4,0.073,0.927,29,32,29,33,1,2,4.0,1,2.0,2.0,3.95,-1.01,1.01,40.4,,,,,
FF,2024-07-07,94.2,-1.9,4.96,"Yelich, Christian",592885,670990,,foul,,,,,5.0,,R,L,R,LAD,MIL,S,,,0,0,2024,-1.05,0.93,-0.2128539107342075,2.350363032422264,,,656555.0,0,6,Top,,,,,,,6.805384775919266,-137.06450208798364,-3.152740407366389,-14.699904750618554,31.178005796758782,-19.94133900270044,3.36,1.71,165.0,72.0,27.0,95.3,2287.0,7.0,746122,669257,518692,621035,571771,500743,678246,681624,606192,53.5,,,,,,,,46,1,4-Seam Fastball,0,4,4,0,4,0,4,0,Standard,Standard,235.0,0.001,-0.042,76.5,7.4,,,0.042,88.0,-4,4,0.072,0.928,29,32,29,33,1,2,4.0,1,2.0,2.0,1.64,1.05,-1.05,21.9,3.656971960688731,6.185078162047625,36.1898255013874,37.819610254170094,28.825959845188684
FC,2024-07-06,84.0,2.3,5.8,"Yelich, Christian",592885,572020,field_out,hit_into_play,,,,,2.0,Christian Yelich lines out to center fielder James Outman.,R,L,L,LAD,MIL,X,8.0,line_drive,1,0,2024,-0.21,0.23,-0.1589767475205914,3.17235258268175,,694192.0,661388.0,2,5,Top,133.02,61.68,,,,,-5.264725478326239,-122.35596116710676,-0.1821143764767184,-1.1552109484068924,22.65311304850051,-30.05919177672953,3.36,1.71,341.0,92.9,24.0,84.0,2054.0,6.1,746129,669257,518692,666158,621035,500743,606192,681546,681624,54.42,0.147,0.174,0.0,1.0,0.0,0.0,3.0,42,2,Cutter,3,2,2,3,2,3,2,3,Strategic,Strategic,148.0,0.067,-0.305,72.3,7.1,,0.281,0.305,92.9,1,-1,0.641,0.359,35,32,36,33,3,2,6.0,1,6.0,1.0,2.98,-0.21,-0.21,36.9,14.579502312351734,7.069732107901051,25.32925596515981,38.10954538894014,30.86951022362216
KC,2024-07-06,82.8,2.12,6.08,"Yelich, Christian",592885,572020,,blocked_ball,,,,,13.0,,R,L,L,LAD,MIL,B,,,0,0,2024,-0.04,-0.41,-1.729945158746356,-0.5988386491514013,,694192.0,661388.0,2,5,Top,,,,,,,-8.662496474407538,-120.13476951027444,-7.915085394285064,1.2285594836993503,22.766622981905783,-34.74302620050106,3.37499153826437,1.79511898384597,,,,82.5,2009.0,6.2,746129,669257,518692,666158,621035,500743,606192,681546,681624,54.31,,,,,,,,42,1,Knuckle Curve,3,2,2,3,2,3,2,3,Standard,Strategic,334.0,-0.004,0.026,,,,,-0.026,,1,-1,0.645,0.355,35,32,36,33,3,2,6.0,1,6.0,1.0,3.74,-0.04,-0.04,44.8,,,,,
SI,2024-07-06,92.7,2.37,5.7,"Yelich, Christian",592885,572020,field_out,hit_into_play,,,,,7.0,"Christian Yelich grounds out sharply, shortstop Miguel Rojas to first baseman Freddie Freeman.",R,L,L,LAD,MIL,X,6.0,ground_ball,3,1,2024,1.15,0.89,-0.2933475749298904,1.7399931845665504,,661388.0,,2,3,Top,127.83,142.64,,,,,-9.304083069734238,-134.56090979206712,-6.246420031248832,16.027449195787273,29.906935452793643,-20.11239476347465,3.36,1.71,35.0,109.5,-1.0,92.5,2093.0,6.3,746129,669257,518692,666158,621035,500743,606192,681546,681624,54.15,0.511,0.48,0.0,1.0,0.0,0.0,4.0,23,5,Sinker,3,1,1,3,1,3,1,3,Standard,Strategic,128.0,0.039,-0.356,74.7,7.5,,0.554,0.356,109.5,2,-2,0.725,0.275,35,32,36,33,2,1,6.0,1,6.0,1.0,1.78,1.15,1.15,34.6,2.239591389392644,10.02921805979357,38.9731525338178,39.919209882640615,27.247075744380474
SI,2024-07-06,91.5,2.43,5.68,"Yelich, Christian",592885,572020,,ball,,,,,13.0,,R,L,L,LAD,MIL,B,,,2,1,2024,1.18,0.8,-0.8524195578616804,1.9743967683526693,,661388.0,,2,3,Top,,,,,,,-10.779188819697504,-132.6765527798863,-5.096400249226838,16.353185960813008,30.873197083319397,-21.75136493234717,3.30705720249114,1.74597473488334,,,,90.9,2053.0,6.3,746129,669257,518692,666158,621035,500743,606192,681546,681624,54.2,,,,,,,,23,4,Sinker,3,1,1,3,1,3,1,3,Standard,Strategic,130.0,-0.005,0.045,,,,,-0.045,,2,-2,0.73,0.27,35,32,36,33,2,1,6.0,1,6.0,1.0,1.96,1.18,1.18,35.1,,,,,
KC,2024-07-06,81.8,2.0,6.08,"Yelich, Christian",592885,572020,,ball,,,,,13.0,,R,L,L,LAD,MIL,B,,,1,1,2024,-0.25,-0.27,-2.010450227598677,1.265053298441782,,661388.0,,2,3,Top,,,,,,,-8.532688396788371,-118.85575902502836,-3.7674417010124186,-0.8027086032683909,21.69285060193227,-34.271474796337124,3.36649139987438,1.75717372683934,,,,81.8,1941.0,6.2,746129,669257,518692,666158,621035,500743,606192,681546,681624,54.27,,,,,,,,23,3,Knuckle Curve,3,1,1,3,1,3,1,3,Standard,Strategic,332.0,-0.003,0.039,,,,,-0.039,,2,-2,0.733,0.267,35,32,36,33,2,1,6.0,1,6.0,1.0,3.68,-0.25,-0.25,45.7,,,,,
KC,2024-07-06,81.6,2.14,6.01,"Yelich, Christian",592885,572020,,ball,,,,,13.0,,R,L,L,LAD,MIL,B,,,0,1,2024,-0.18,-0.28,-1.4731910358992455,0.979548588413869,,661388.0,,2,3,Top,,,,,,,-7.781924460962766,-118.65185483105816,-4.256924141594078,-0.3695369052076933,20.526667030415645,-34.266172051616934,3.31952504130003,1.75890320440377,,,,81.9,2038.0,6.3,746129,669257,518692,666158,621035,500743,606192,681546,681624,54.21,,,,,,,,23,2,Knuckle Curve,3,1,1,3,1,3,1,3,Standard,Strategic,331.0,-0.003,0.012,,,,,-0.012,,2,-2,0.736,0.264,35,32,36,33,2,1,6.0,1,6.0,1.0,3.68,-0.18,-0.18,43.2,,,,,
SI,2024-07-06,92.5,2.45,5.79,"Yelich, Christian",592885,572020,,called_strike,,,,,3.0,,R,L,L,LAD,MIL,S,,,0,0,2024,1.22,0.93,0.6399067960246239,2.87836848358454,,661388.0,,2,3,Top,,,,,,,-7.265753573372906,-134.49729957086723,-3.6472425834706863,16.377157200117196,29.31319736029413,-20.25131340144916,3.31009424058115,1.77304488997824,,,,92.3,2088.0,6.2,746129,669257,518692,666158,621035,500743,606192,681546,681624,54.29,,,,,,,,23,1,Sinker,3,1,1,3,1,3,1,3,Standard,Strategic,130.0,0.005,-0.04,,,,,0.04,,2,-2,0.731,0.269,35,32,36,33,2,1,6.0,1,6.0,1.0,1.74,1.22,1.22,35.6,,,,,
ST,2024-07-06,83.9,-2.76,5.14,"Yelich, Christian",592885,623465,home_run,hit_into_play,,,,,8.0,Christian Yelich homers (10) on a fly ball to center field.,R,L,R,LAD,MIL,X,,fly_ball,2,2,2024,1.39,0.05,0.1549735822327302,2.1980873500759803,,,,1,8,Top,115.06,25.71,,,,,4.008830116398851,-122.00328773535747,-0.3936786767965222,12.785790509203467,27.7544451804754,-31.86138849599335,3.36,1.71,429.0,108.4,22.0,83.5,2683.0,6.4,746129,669257,518692,666158,621035,500743,606192,681546,681624,54.08,0.85,1.6141935483870968,2.0,1.0,0.0,3.0,6.0,64,5,Sweeper,3,2,2,3,3,3,3,3,Infield shade,Strategic,54.0,-0.259,1.614,75.2,7.4,,3.116,-1.614,108.4,1,-1,0.805,0.195,29,32,30,33,1,3,1.0,1,6.0,1.0,3.24,-1.39,1.39,26.4,4.872548661673637,4.23302617832831,38.17712705529124,35.376677055839544,30.882017136188704
FC,2024-07-06,92.0,-2.69,5.18,"Yelich, Christian",592885,623465,,called_strike,,,,,11.0,,R,L,R,LAD,MIL,S,,,2,1,2024,0.02,0.26,-0.0775318556833444,3.6911966507382776,,,,1,8,Top,,,,,,,6.637982492806118,-133.89806299727724,1.453084669110411,-1.053986994881705,25.73311391779413,-29.475319430485698,3.29722707332151,1.66757355679165,,,,93.2,2364.0,6.7,746129,669257,518692,666158,621035,500743,606192,681546,681624,53.78,,,,,,,,64,4,Cutter,3,2,2,3,2,3,2,3,Infield shade,Strategic,192.0,0.012,-0.078,,,,,0.078,,1,-1,0.793,0.207,29,32,30,33,1,3,1.0,1,6.0,1.0,2.41,-0.02,0.02,22.9,,,,,
SI,2024-07-06,95.8,-2.79,5.12,"Yelich, Christian",592885,623465,,ball,,,,,11.0,,R,L,R,LAD,MIL,B,,,1,1,2024,-1.28,0.63,-2.170505619397081,3.93210624556841,,,,1,8,Top,,,,,,,4.533640066765052,-139.5752726271123,0.9942435834635772,-17.79805491804639,28.426373464079333,-24.32670614061516,3.36731995517467,1.73770094734376,,,,96.5,2234.0,6.4,746129,669257,518692,666158,621035,500743,606192,681546,681624,54.09,,,,,,,,64,3,Sinker,3,2,2,3,2,3,2,3,Infield shade,Strategic,219.0,-0.008,0.059,,,,,-0.059,,1,-1,0.801,0.199,29,32,30,33,1,3,1.0,1,6.0,1.0,1.83,1.28,-1.28,23.9,,,,,
SI,2024-07-06,95.8,-2.63,5.14,"Yelich, Christian",592885,623465,,foul,,,,,7.0,,R,L,R,LAD,MIL,S,,,1,0,2024,-1.48,0.44,-0.609335261742258,2.164900794315241,,,,1,8,Top,,,,,,,8.760891785510488,-139.26595453017194,-3.276920532484012,-21.190330079992037,30.46051797476585,-25.84675028022697,3.36,1.71,,,,96.8,2354.0,6.8,746129,669257,518692,666158,621035,500743,606192,681546,681624,53.67,,,,,,,,64,2,Sinker,3,2,2,3,2,3,2,3,Standard,Strategic,227.0,0.008,-0.051,70.0,6.3,,,0.051,,1,-1,0.793,0.207,29,32,30,33,1,3,1.0,1,6.0,1.0,2.04,1.48,-1.48,24.6,-18.491904377518747,40.9463144642475,41.94786314932125,43.149160349675,0.5858316256043761
FF,2024-07-06,91.6,2.02,6.3,"Yelich, Christian",592885,572020,field_out,hit_into_play,,,,,5.0,Christian Yelich grounds out to first baseman Freddie Freeman. William Contreras to 2nd.,R,L,L,LAD,MIL,X,3.0,ground_ball,0,0,2024,0.8,1.2,-0.1577075671509031,2.6186917672552235,,,661388.0,1,1,Top,156.94,162.75,,,,,-7.208210132850634,-133.11750660888185,-6.028498270473282,11.00335427161293,27.239877355673787,-16.811604851247868,3.36,1.71,7.0,76.1,-20.0,91.6,2023.0,6.3,746129,669257,518692,666158,621035,500743,606192,681546,681624,54.23,0.043,0.063,0.0,1.0,0.0,0.0,2.0,3,1,4-Seam Fastball,0,0,0,0,0,0,0,0,Standard,Strategic,137.0,0.018,-0.314,77.2,7.6,,0.045,0.314,88.0,0,0,0.498,0.502,35,32,36,33,1,0,6.0,1,6.0,1.0,1.52,0.8,0.8,45.7,13.128187171272572,-5.885687132971763,32.37226519461583,37.5234265000599,37.116317821591096
FC,2024-07-06,92.2,-2.64,5.22,"Yelich, Christian",592885,623465,,ball,,,,,12.0,,R,L,R,LAD,MIL,B,,,0,0,2024,0.12,0.66,1.0759257360480716,3.0219994445045417,,,,1,8,Top,,,,,,,9.228720671414928,-133.97370237803955,-1.1498056743349596,-0.6720989653376613,30.045025044557818,-24.18908784214229,3.39589425331231,1.79110179717171,,,,92.3,2433.0,6.5,746129,669257,518692,666158,621035,500743,606192,681546,681624,53.98,,,,,,,,64,1,Cutter,3,2,2,3,2,3,2,3,Standard,Strategic,198.0,-0.006,0.039,,,,,-0.039,,1,-1,0.799,0.201,29,32,30,33,1,3,1.0,1,6.0,1.0,2.04,-0.12,0.12,25.8,,,,,
FF,2024-07-05,95.9,-1.63,6.05,"Yelich, Christian",592885,607192,field_out,hit_into_play,,,,,1.0,Christian Yelich flies out to left fielder Miguel Vargas.,R,L,R,LAD,MIL,X,7.0,fly_ball,2,1,2024,-0.36,1.32,-0.3856291532025938,3.047884123940079,,,,0,6,Top,43.42,92.83,,,,,4.174628075225207,-139.65829446284016,-5.479349974678184,-5.615819713121318,29.031259899997263,-13.804766890176046,3.34,1.7,332.0,99.1,24.0,98.0,2606.0,7.3,746127,669257,518692,666158,621035,500743,678246,681624,606192,53.25,0.328,0.5585263157894738,0.0,1.0,0.0,0.0,5.0,44,4,4-Seam Fastball,4,5,5,4,5,4,5,4,Infield shade,Standard,187.0,0.029,-0.296,69.8,6.9,,1.049,0.296,99.1,-1,1,0.336,0.664,30,32,31,33,3,2,6.0,1,19.0,1.0,1.14,0.36,-0.36,61.2,6.208184621309624,16.312462179711186,30.04059243802368,40.59558469530481,19.93728995646996
FF,2024-07-05,96.5,-1.6,6.04,"Yelich, Christian",592885,607192,,ball,,,,,13.0,,R,L,R,LAD,MIL,B,,,1,1,2024,-0.31,1.43,-0.103285982891504,1.07219189224982,,,,0,6,Top,,,,,,,4.738280430030632,-140.1792029007899,-11.075933895655512,-5.037774228806742,29.05196746260481,-11.1326208842929,3.43488017681607,1.81271986987155,,,,98.1,2615.0,7.1,746127,669257,518692,666158,621035,500743,678246,681624,606192,53.39,,,,,,,,44,3,4-Seam Fastball,4,5,5,4,5,4,5,4,Infield shade,Standard,190.0,-0.005,0.053,,,,,-0.053,,-1,1,0.341,0.659,30,32,31,33,3,2,6.0,1,19.0,1.0,1.01,0.31,-0.31,61.4,,,,,
SL,2024-07-05,87.8,-1.88,5.97,"Yelich, Christian",592885,607192,,foul,,,,,9.0,,R,L,R,LAD,MIL,S,,,1,0,2024,0.25,-0.12,0.411214162707057,1.689774881665008,,,,0,6,Top,,,,,,,5.131442043553341,-127.86707507802316,-4.114767174907361,1.850107098841211,23.50676511917197,-32.97987450552533,3.34,1.7,6.0,81.0,-19.0,89.9,2646.0,7.3,746127,669257,518692,666158,621035,500743,678246,681624,606192,53.19,,,,,,,,44,2,Slider,4,5,5,4,5,4,5,4,Standard,Standard,69.0,0.005,-0.049,77.7,8.5,,,0.049,88.0,-1,1,0.336,0.664,30,32,31,33,3,2,6.0,1,19.0,1.0,3.05,-0.25,0.25,58.1,25.77486701022543,-16.790944824356586,38.312110422636025,31.558027625415573,43.587394655508064
SL,2024-07-05,88.6,-1.87,5.91,"Yelich, Christian",592885,607192,,ball,,,,,14.0,,R,L,R,LAD,MIL,B,,,0,0,2024,0.21,-0.17,0.559233989248106,1.289622291003497,,,,0,6,Top,,,,,,,5.612743043685018,-128.9500749679379,-4.984746071892568,1.305377380657175,25.269692105942195,-33.27932232653678,3.50504851520889,1.75496391305131,,,,90.7,2670.0,7.4,746127,669257,518692,666158,621035,500743,678246,681624,606192,53.05,,,,,,,,44,1,Slider,4,5,5,4,5,4,5,4,Standard,Standard,58.0,-0.004,0.038,,,,,-0.038,,-1,1,0.34,0.66,30,32,31,33,3,2,6.0,1,19.0,1.0,3.06,-0.21,0.21,51.4,,,,,
FF,2024-07-05,97.5,-1.44,6.05,"Yelich, Christian",592885,607192,strikeout,swinging_strike,,,,,12.0,Christian Yelich strikes out swinging.,R,L,R,LAD,MIL,S,2.0,,1,2,2024,0.01,1.18,0.0235303086507809,3.836568619145345,,668930.0,661388.0,0,4,Top,,,,,,,4.018098101270699,-142.10109444356868,-3.302707188113901,-0.7386190035538082,28.84322344068364,-15.596178135373814,3.34,1.7,,,,100.6,2386.0,7.7,746127,669257,518692,666158,621035,500743,678246,681624,606192,52.84,,0.0,0.0,1.0,0.0,0.0,,25,5,4-Seam Fastball,2,0,0,2,0,2,0,2,Standard,Strategic,192.0,0.044,-0.197,66.7,6.1,1.616004936,,0.197,,2,-2,0.634,0.366,30,32,31,33,2,1,6.0,1,19.0,1.0,1.19,-0.01,0.01,58.3,-1.701279454411013,30.780241181718345,28.661865326438296,36.080379861886286,12.632207157097875
CU,2024-07-05,84.2,-1.5,6.17,"Yelich, Christian",592885,607192,,ball,,,,,12.0,,R,L,R,LAD,MIL,B,,,0,2,2024,0.69,-0.78,0.1780610214545971,4.242303738970016,,668930.0,661388.0,0,4,Top,,,,,,,2.582305731668941,-122.62109894119088,3.48051208592762,6.504404830632784,22.488722379331897,-40.93141609841223,3.42836341265083,1.76996708654711,,,,86.0,2637.0,7.3,746127,669257,518692,666158,621035,500743,678246,681624,606192,53.25,,,,,,,,25,4,Curveball,2,0,0,2,0,2,0,2,Standard,Standard,20.0,-0.006,0.037,,,,,-0.037,,2,-2,0.64,0.36,30,32,31,33,2,1,6.0,1,19.0,1.0,3.97,-0.69,0.69,62.2,,,,,
CU,2024-07-05,83.6,-1.51,6.14,"Yelich, Christian",592885,607192,,foul,,,,,8.0,,R,L,R,LAD,MIL,S,,,0,2,2024,0.1,-1.12,0.1497996848810285,1.8891639162212133,,668930.0,661388.0,0,4,Top,,,,,,,3.690721320388335,-121.82973197188495,-1.1986047446082777,0.2813046683223424,23.18225547979776,-43.34802692196588,3.34,1.7,2.0,69.5,-39.0,85.2,2569.0,7.2,746127,669257,518692,666158,621035,500743,678246,681624,606192,53.34,,,,,,,,25,3,Curveball,2,0,0,2,0,2,0,2,Standard,Standard,9.0,0.0,0.0,75.4,7.6,,,0.0,88.0,2,-2,0.64,0.36,30,32,31,33,2,1,6.0,1,19.0,1.0,4.36,-0.1,0.1,61.3,14.279541115139416,-2.061618365179824,36.98153218840666,34.11396869274873,34.63113094679126
CU,2024-07-05,83.3,-1.53,6.12,"Yelich, Christian",592885,607192,,swinging_strike_blocked,,,,,13.0,,R,L,R,LAD,MIL,S,,,0,1,2024,0.36,-0.98,-0.1428171528654225,0.5452852982183214,,668930.0,661388.0,0,4,Top,,,,,,,2.512794330795824,-121.324249540874,-4.529588247940692,3.1145868559362437,22.94056778014281,-41.23320416362044,3.34,1.7,,,,84.9,2649.0,7.2,746127,669257,518692,666158,621035,500743,678246,681624,606192,53.3,,,,,,,,25,2,Curveball,2,0,0,2,0,2,0,2,Standard,Standard,5.0,0.016,-0.071,76.2,8.8,14.414150472,,0.071,,2,-2,0.624,0.376,30,32,31,33,2,1,6.0,1,19.0,1.0,4.25,-0.36,0.36,64.6,27.129821734546145,-32.19171576786146,34.64383945423907,38.20275562254984,54.68926473499687
SI,2024-07-05,97.9,-1.76,5.89,"Yelich, Christian",592885,607192,,called_strike,,,,,8.0,,R,L,R,LAD,MIL,S,,,0,0,2024,-0.96,1.22,-0.034917140935648,2.0421021545559177,,668930.0,661388.0,0,4,Top,,,,,,,7.023580770929628,-142.2480036653154,-7.88092878118001,-14.62450162701148,31.27713347121388,-13.99754344210193,3.45039361530905,1.84981880543896,,,,100.2,2485.0,7.6,746127,669257,518692,666158,621035,500743,678246,681624,606192,52.93,,,,,,,,25,1,Sinker,2,0,0,2,0,2,0,2,Standard,Standard,195.0,0.009,-0.044,,,,,0.044,,2,-2,0.615,0.385,30,32,31,33,2,1,6.0,1,19.0,1.0,1.16,0.96,-0.96,58.9,,,,,
FF,2024-07-05,95.6,-2.79,5.4,"Yelich, Christian",592885,543339,field_out,hit_into_play,,,,,12.0,"Christian Yelich grounds out, first baseman Freddie Freeman to pitcher Daniel Hudson.",R,L,R,LAD,MIL,X,3.0,ground_ball,3,2,2024,-0.58,1.17,0.921279338407775,2.956376984926438,,,,2,8,Top,157.44,163.52,,,,,11.097579641201891,-138.92098307938912,-3.4868642685694478,-9.83268078866796,29.16874271420464,-16.398652886355666,3.34,1.7,65.0,76.7,4.0,96.0,2426.0,6.5,746127,669257,518692,666158,621035,500743,678246,681624,606192,54.04,0.214,0.238,0.0,1.0,0.0,0.0,2.0,63,8,4-Seam Fastball,5,5,5,5,5,5,5,5,Infield shade,Standard,218.0,0.03,-0.325,73.0,6.8,,0.277,0.325,88.0,0,0,0.578,0.422,37,32,37,33,1,3,3.0,1,1.0,1.0,1.32,0.58,-0.58,26.7,8.442660668274927,4.86572159322043,35.9441944552145,25.71990869688358,28.48702973872417
SL,2024-07-05,88.1,-2.68,5.5,"Yelich, Christian",592885,543339,,foul,,,,,8.0,,R,L,R,LAD,MIL,S,,,3,2,2024,0.06,0.38,0.134707121264614,1.5944598349812145,,,,2,8,Top,,,,,,,6.74971100224326,-128.25174313099475,-4.26448996938339,-0.6025359565033044,24.44690776089104,-27.268292843562048,3.34,1.7,148.0,59.5,55.0,88.8,2623.0,6.5,746127,669257,518692,666158,621035,500743,678246,681624,606192,53.98,,,,,,,,63,7,Slider,5,5,5,5,5,5,5,5,Infield shade,Standard,181.0,0.0,0.0,66.2,8.1,,,0.0,88.0,0,0,0.578,0.422,37,32,37,33,1,3,3.0,1,1.0,1.0,2.53,-0.06,0.06,31.1,5.371509231825754,0.3421359058836943,41.91998179965384,34.94737848162211,27.9226888489381
FF,2024-07-05,95.2,-2.84,5.36,"Yelich, Christian",592885,543339,,ball,,,,,12.0,,R,L,R,LAD,MIL,B,,,2,2,2024,-0.79,1.24,0.8945402423006944,3.213607122817783,,,,2,8,Top,,,,,,,11.61413128279804,-138.20713238924392,-2.7822298483674857,-12.69191764209861,30.40367151421075,-15.764818813228915,3.3972394827662,1.74533378257694,,,,95.5,2477.0,6.6,746127,669257,518692,666158,621035,500743,678246,681624,606192,53.92,,,,,,,,63,6,4-Seam Fastball,5,5,5,5,5,5,5,5,Infield shade,Standard,220.0,-0.008,0.106,,,,,-0.106,,0,0,0.586,0.414,37,32,37,33,1,3,3.0,1,1.0,1.0,1.28,0.79,-0.79,27.4,,,,,
SL,2024-07-05,88.3,-2.66,5.59,"Yelich, Christian",592885,543339,,foul,,,,,14.0,,R,L,R,LAD,MIL,S,,,2,2,2024,0.17,0.32,0.4150143026834119,1.464529854842104,,,,2,8,Top,,,,,,,7.147556638738336,-128.44236134773735,-4.638307981866939,0.4312145340078554,25.336435274969528,-27.89832734565536,3.34,1.7,3.0,74.5,-29.0,88.5,2553.0,6.3,746127,669257,518692,666158,621035,500743,678246,681624,606192,54.17,,,,,,,,63,5,Slider,5,5,5,5,5,5,5,5,Infield shade,Standard,176.0,0.0,0.0,70.1,8.6,,,0.0,88.0,0,0,0.586,0.414,37,32,37,33,1,3,3.0,1,1.0,1.0,2.6,-0.17,0.17,34.1,22.856699889280005,-17.660848557182188,37.34275148014167,32.51253033797361,43.17749651363033
SL,2024-07-05,88.5,-2.75,5.53,"Yelich, Christian",592885,543339,,foul,,,,,8.0,,R,L,R,LAD,MIL,S,,,2,1,2024,0.32,0.59,0.157149872763531,1.7991466392541742,,,,2,8,Top,,,,,,,6.45513547683447,-128.81745540101312,-4.3266829286883866,2.3534654145824816,24.652770258660293,-24.939946200761703,3.34,1.7,,,,89.1,2559.0,6.4,746127,669257,518692,666158,621035,500743,678246,681624,606192,54.06,,,,,,,,63,4,Slider,5,5,5,5,5,5,5,5,Infield shade,Standard,187.0,0.007,-0.084,78.0,8.3,,,0.084,,0,0,0.579,0.421,37,32,37,33,1,3,3.0,1,1.0,1.0,2.3,-0.32,0.32,33.1,19.674931089845288,-10.88717924571652,36.5232412818128,34.84288221118985,39.78649804665374
SL,2024-07-05,89.2,-2.79,5.61,"Yelich, Christian",592885,543339,,foul,,,,,4.0,,R,L,R,LAD,MIL,S,,,2,0,2024,-0.06,0.64,-0.6030562901970845,2.3001733920756484,,,,2,8,Top,,,,,,,5.513838574650622,-129.85345679014776,-3.533602054569146,-1.751914606100304,24.003200117974995,-24.35274430145368,3.34,1.7,3.0,75.0,-42.0,89.8,2679.0,6.4,746127,669257,518692,666158,621035,500743,678246,681624,606192,54.14,,,,,,,,63,3,Slider,5,5,5,5,5,5,5,5,Infield shade,Standard,196.0,0.005,-0.061,74.3,8.0,,,0.061,88.0,0,0,0.574,0.426,37,32,37,33,1,3,3.0,1,1.0,1.0,2.19,0.06,-0.06,31.8,17.9903125436793,1.4230345398477295,30.874134865649456,43.28165202197718,30.08903579735845
FF,2024-07-05,94.6,-2.96,5.3,"Yelich, Christian",592885,543339,,ball,,,,,14.0,,R,L,R,LAD,MIL,B,,,1,0,2024,-0.73,1.27,1.3761012135467632,2.0717597515049384,,,,2,8,Top,,,,,,,12.943754420762566,-137.20838190361246,-5.5759666343114445,-11.935706548165529,29.01313508812049,-15.037746406062482,3.36166315763811,1.70018333643539,,,,94.9,2540.0,6.5,746127,669257,518692,666158,621035,500743,678246,681624,606192,53.96,,,,,,,,63,2,4-Seam Fastball,5,5,5,5,5,5,5,5,Infield shade,Standard,220.0,-0.005,0.068,,,,,-0.068,,0,0,0.579,0.421,37,32,37,33,1,3,3.0,1,1.0,1.0,1.29,0.73,-0.73,25.0,,,,,
FF,2024-07-05,98.3,-1.35,6.09,"Yelich, Christian",592885,607192,field_out,hit_into_play,,,,,13.0,"Christian Yelich grounds out sharply, shortstop Miguel Rojas to first baseman Freddie Freeman.",R,L,R,LAD,MIL,X,6.0,ground_ball,0,0,2024,-0.25,1.51,-0.4283348886685366,1.5080055917045987,,,,2,1,Top,118.69,148.39,,,,,3.1457707399861383,-142.88945077610077,-10.65788881197709,-4.13902244998636,32.41995105912798,-9.265284593867266,3.34,1.7,7.0,106.1,-12.0,100.3,2584.0,7.4,746127,669257,518692,666158,621035,500743,678246,681624,606192,53.11,0.306,0.275,0.0,1.0,0.0,0.0,2.0,3,1,4-Seam Fastball,0,0,0,0,0,0,0,0,Infield shade,Standard,193.0,0.01,-0.256,74.4,7.5,,0.308,0.256,106.1,0,0,0.538,0.462,30,32,31,33,1,0,6.0,1,19.0,1.0,0.85,0.25,-0.25,64.3,-3.3338173547902903,16.8096735621682,40.07754561449894,40.38094546404625,18.029411225389246
SL,2024-07-05,89.8,-2.71,5.51,"Yelich, Christian",592885,543339,,ball,,,,,14.0,,R,L,R,LAD,MIL,B,,,0,0,2024,0.03,0.65,1.0043970965151408,0.9081931483441223,,,,2,8,Top,,,,,,,9.115766750903122,-130.58527924660132,-6.889024496676477,-1.2425356166170496,23.191395097898727,-23.49419689961817,3.34229984672606,1.71595377574189,,,,90.3,2654.0,6.3,746127,669257,518692,666158,621035,500743,678246,681624,606192,54.21,,,,,,,,63,1,Slider,5,5,5,5,5,5,5,5,Infield shade,Standard,200.0,-0.003,0.04,,,,,-0.04,,0,0,0.582,0.418,37,32,37,33,1,3,3.0,1,1.0,1.0,2.14,-0.03,0.03,32.4,,,,,
FF,2024-07-04,94.5,-1.2,6.32,"Yelich, Christian",592885,615698,walk,ball,,,,,14.0,Christian Yelich walks.,R,L,R,COL,MIL,B,,,3,2,2024,-0.49,1.2,0.2518677682313426,0.853710766604719,,,,2,5,Top,,,,,,,4.880039480531371,-137.38922336879608,-11.38396280238065,-7.124036931213962,22.18227420904482,-14.973935938467974,3.26134231503091,1.65781386574491,,,,95.9,2265.0,6.6,746532,553869,669911,663898,641857,678662,666134,656541,595909,53.95,,0.689131,0.7,1.0,0.0,0.0,,40,6,4-Seam Fastball,3,2,2,3,2,3,2,3,Standard,Standard,212.0,-0.014,0.267,,,,,-0.267,,1,-1,0.69,0.31,29,32,29,33,3,2,5.0,1,5.0,1.0,1.3,0.49,-0.49,51.5,,,,,
FF,2024-07-04,93.7,-1.44,6.38,"Yelich, Christian",592885,615698,,foul,,,,,1.0,,R,L,R,COL,MIL,S,,,3,1,2024,-0.75,1.28,-0.390259786631999,2.847904474339076,,,661388.0,1,5,Top,,,,,,,4.396220440077098,-136.55237910440914,-6.3783025978839785,-10.304733385026116,23.381582567866552,-15.011079731541384,3.36,1.7,258.0,82.6,49.0,95.1,2164.0,6.5,746532,553869,669911,663898,641857,678662,666134,656541,595909,53.99,,,,,,,,40,5,4-Seam Fastball,3,2,2,3,2,3,2,3,Standard,Standard,221.0,0.014,-0.092,66.1,6.9,,,0.092,88.0,1,-1,0.612,0.388,29,32,29,33,3,2,5.0,1,5.0,1.0,1.27,0.75,-0.75,48.8,-2.9912873295437707,11.295102555807496,33.044575694220285,41.45546347812814,18.73419429514101
FS,2024-07-04,86.5,-1.61,6.27,"Yelich, Christian",592885,615698,,ball,,,,,11.0,,R,L,R,COL,MIL,B,,,2,1,2024,-0.55,0.37,-2.1764074318312523,3.632476998772255,,,661388.0,1,5,Top,,,,,,,-0.2337090747878171,-126.18727790056964,-0.9638813105189432,-5.947669100198135,20.95871029945293,-28.17242770956828,3.24030276326557,1.65867706076284,,,,87.6,908.0,6.5,746532,553869,669911,663898,641857,678662,666134,656541,595909,54.03,,,,,,,,40,4,Split-Finger,3,2,2,3,2,3,2,3,Standard,Standard,245.0,-0.016,0.112,,,,,-0.112,,1,-1,0.628,0.372,29,32,29,33,3,2,5.0,1,5.0,1.0,2.62,0.55,-0.55,43.8,,,,,
FS,2024-07-04,87.0,-1.74,6.11,"Yelich, Christian",592885,615698,,foul,,,,,13.0,,R,L,R,COL,MIL,S,,,2,0,2024,-0.76,0.39,-0.8320649549254968,2.259666033882127,,,661388.0,1,5,Top,,,,,,,3.7530601567998128,-126.79061162660366,-3.9822628174703545,-8.907899757134292,22.191884762297512,-27.425866217268474,3.36,1.7,1.0,63.6,-65.0,88.0,1228.0,6.5,746532,553869,669911,663898,641857,678662,666134,656541,595909,53.96,,,,,,,,40,3,Split-Finger,3,2,2,3,2,3,2,3,Standard,Standard,235.0,0.011,-0.057,69.6,7.2,,,0.057,88.0,1,-1,0.617,0.383,29,32,29,33,3,2,5.0,1,5.0,1.0,2.58,0.76,-0.76,41.6,6.872111276576199,20.802972537113607,31.557376263632083,46.64239573177738,18.89000418602536
FC,2024-07-04,90.3,-1.57,6.18,"Yelich, Christian",592885,615698,,ball,,,,,13.0,,R,L,R,COL,MIL,B,,,1,0,2024,0.21,0.75,-0.0625149311332274,1.4490859229803874,,,661388.0,1,5,Top,,,,,,,3.31600518849174,-131.4778101855553,-7.57730498153116,1.9067202069703584,21.97640341874092,-22.283494985572084,3.39199745306145,1.77270836306307,,,,91.5,2390.0,6.5,746532,553869,669911,663898,641857,678662,666134,656541,595909,54.01,,,,,,,,40,2,Cutter,3,2,2,3,2,3,2,3,Standard,Standard,208.0,-0.011,0.056,,,,,-0.056,,1,-1,0.628,0.372,29,32,29,33,3,2,5.0,1,5.0,1.0,2.0,-0.21,0.21,40.7,,,,,
FS,2024-07-04,86.1,-1.51,6.24,"Yelich, Christian",592885,615698,,ball,,,,,11.0,,R,L,R,COL,MIL,B,,,0,0,2024,-0.65,-0.02,-1.8750153099329487,2.69159329085266,,,661388.0,1,5,Top,,,,,,,0.4497613355362346,-125.5173677215039,-2.1825295932714472,-7.003702329786709,24.401263044379554,-32.21126906830063,3.28793449464155,1.77860872569823,,,,86.9,948.0,6.6,746532,553869,669911,663898,641857,678662,666134,656541,595909,53.92,,,,,,,,40,1,Split-Finger,3,2,2,3,2,3,2,3,Standard,Standard,238.0,-0.006,0.036,,,,,-0.036,,1,-1,0.634,0.366,29,32,29,33,3,2,5.0,1,5.0,1.0,3.08,0.65,-0.65,46.0,,,,,
FC,2024-07-04,90.8,-1.56,6.21,"Yelich, Christian",592885,615698,walk,ball,,,,,14.0,Christian Yelich walks.,R,L,R,COL,MIL,B,,,3,2,2024,0.23,0.4,0.5452745973003633,1.3259808034023215,,,,0,4,Top,,,,,,,4.774905855563316,-132.22133330664516,-7.288469407924572,1.976178690348648,22.652118467388192,-26.26408310076013,3.24663174424754,1.76398175686504,,,,91.6,2386.0,6.3,746532,553869,669911,663898,641857,678662,666134,656541,595909,54.18,,0.689131,0.7,1.0,0.0,0.0,,27,6,Cutter,3,0,0,3,0,3,0,3,Infield shade,Standard,213.0,-0.033,0.371,,,,,-0.371,,3,-3,0.808,0.192,29,32,29,33,2,1,5.0,1,5.0,1.0,2.31,-0.23,0.23,43.7,,,,,
FS,2024-07-04,86.2,-1.74,6.11,"Yelich, Christian",592885,615698,,ball,,,,,11.0,,R,L,R,COL,MIL,B,,,2,2,2024,-0.73,0.2,-1.4863150633904934,2.589296224309165,,,,0,4,Top,,,,,,,2.1022987381327822,-125.63787259663177,-2.6176193367240552,-8.216032619143636,23.209291503584847,-29.758635240985043,3.28884130685837,1.73220885541522,,,,86.9,936.0,6.5,746532,553869,669911,663898,641857,678662,666134,656541,595909,54.02,,,,,,,,27,5,Split-Finger,3,0,0,3,0,3,0,3,Infield shade,Standard,248.0,-0.009,0.107,,,,,-0.107,,3,-3,0.817,0.183,29,32,29,33,2,1,5.0,1,5.0,1.0,2.84,0.73,-0.73,43.0,,,,,
FS,2024-07-04,87.8,-1.82,6.08,"Yelich, Christian",592885,615698,,ball,,,,,13.0,,R,L,R,COL,MIL,B,,,1,2,2024,-0.59,0.28,-0.8357072119472,1.566171987930454,,,,0,4,Top,,,,,,,3.612725906133417,-127.78539031031124,-5.45763261336907,-7.2191519768746115,24.40989272404397,-28.22259888051829,3.26264384536528,1.6689934930702,,,,88.4,1169.0,6.5,746532,553869,669911,663898,641857,678662,666134,656541,595909,54.02,,,,,,,,27,4,Split-Finger,3,0,0,3,0,3,0,3,Infield shade,Standard,239.0,-0.004,0.04,,,,,-0.04,,3,-3,0.821,0.179,29,32,29,33,2,1,5.0,1,5.0,1.0,2.66,0.59,-0.59,39.8,,,,,
FS,2024-07-04,86.1,-1.62,6.12,"Yelich, Christian",592885,615698,,foul,,,,,9.0,,R,L,R,COL,MIL,S,,,1,1,2024,-0.85,0.22,0.3812374738579138,2.170433637830621,,,,0,4,Top,,,,,,,6.490957627116801,-125.25577347665684,-3.661812296576095,-10.144625041795504,22.58132629746509,-29.35377102766446,3.36,1.7,3.0,72.7,-39.0,86.8,1124.0,6.5,746532,553869,669911,663898,641857,678662,666134,656541,595909,53.98,,,,,,,,27,3,Split-Finger,3,0,0,3,0,3,0,3,Standard,Standard,240.0,0.006,-0.056,75.9,7.8,,,0.056,88.0,3,-3,0.815,0.185,29,32,29,33,2,1,5.0,1,5.0,1.0,2.83,0.85,-0.85,42.4,26.21878469920893,-13.352643031552551,36.61779980690879,32.18522914302066,39.22948471113063
SI,2024-07-04,94.1,-1.46,6.21,"Yelich, Christian",592885,615698,,ball,,,,,13.0,,R,L,R,COL,MIL,B,,,0,1,2024,-0.71,1.07,-0.5827986467688533,1.374043373537604,,,,0,4,Top,,,,,,,3.849680997089496,-136.87629317079745,-9.295393524922952,-9.782676826921616,25.0552524515804,-17.01839646934703,3.32076038286742,1.65321880882176,,,,94.9,2218.0,6.4,746532,553869,669911,663898,641857,678662,666134,656541,595909,54.12,,,,,,,,27,2,Sinker,3,0,0,3,0,3,0,3,Standard,Standard,217.0,-0.002,0.025,,,,,-0.025,,3,-3,0.817,0.183,29,32,29,33,2,1,5.0,1,5.0,1.0,1.47,0.71,-0.71,43.8,,,,,
SI,2024-07-04,94.2,-1.6,6.16,"Yelich, Christian",592885,615698,,foul,,,,,7.0,,R,L,R,COL,MIL,S,,,0,0,2024,-0.8,0.99,-0.4216815560850093,2.036996292446993,,,,0,4,Top,,,,,,,4.857894326387499,-137.19245979754822,-7.32812035022129,-11.170893780782228,25.495883764970557,-18.285618084494207,3.36,1.7,299.0,92.6,22.0,95.2,2164.0,6.5,746532,553869,669911,663898,641857,678662,666134,656541,595909,54.01,,,,,,,,27,1,Sinker,3,0,0,3,0,3,0,3,Standard,Standard,223.0,0.003,-0.037,73.2,7.0,,,0.037,92.6,3,-3,0.814,0.186,29,32,29,33,2,1,5.0,1,5.0,1.0,1.54,0.8,-0.8,45.8,-7.582679412252048,22.771371668228035,39.665470585366265,41.208492333248415,14.92108401096452
FS,2024-07-04,86.5,-1.42,6.4,"Yelich, Christian",592885,615698,strikeout,foul_tip,,,,,4.0,Christian Yelich strikes out on a foul tip.,R,L,R,COL,MIL,S,2.0,,3,2,2024,-0.78,0.36,-0.7047280352628752,2.7325394943065016,,661388.0,,1,1,Top,,,,,,,3.3179210287888434,-126.0722519117136,-3.408120363134601,-8.936577767378045,21.493689865984155,-27.868321655210035,3.36,1.7,,,,87.7,917.0,6.6,746532,553869,669911,663898,641857,678662,666134,656541,595909,53.9,,0.0,0.0,1.0,0.0,0.0,,3,6,Split-Finger,0,0,0,0,0,0,0,0,Standard,Standard,239.0,0.038,-0.291,74.4,7.6,,,0.291,,0,0,0.478,0.522,29,32,29,33,1,0,5.0,1,5.0,1.0,2.64,0.78,-0.78,46.5,11.91562372790952,2.0333395144463453,27.947754780941285,45.32554927635103,24.09843739465632
FC,2024-07-04,90.0,-1.57,6.28,"Yelich, Christian",592885,615698,,called_strike,,,,,7.0,,R,L,R,COL,MIL,S,,,3,1,2024,0.16,0.42,-0.6492905950317728,1.9418265925770712,,661388.0,,1,1,Top,,,,,,,1.9386836457424208,-131.2154573231295,-5.810243500237123,1.5875423101079442,22.52307428320066,-26.46383452266653,3.32643480836748,1.77017938388117,,,,90.9,2401.0,6.3,746532,553869,669911,663898,641857,678662,666134,656541,595909,54.17,,,,,,,,3,5,Cutter,0,0,0,0,0,0,0,0,Standard,Standard,197.0,0.005,-0.086,,,,,0.086,,0,0,0.473,0.527,29,32,29,33,1,0,5.0,1,5.0,1.0,2.34,-0.16,0.16,42.8,,,,,
FC,2024-07-04,84.2,1.11,5.85,"Yelich, Christian",592885,656222,field_out,hit_into_play,,,,,4.0,"Christian Yelich grounds out, first baseman Michael Toglia to pitcher Jalen Beeks.",R,L,L,COL,MIL,X,3.0,ground_ball,3,2,2024,-0.17,0.31,-0.5294174849521581,2.500330976931322,,,,2,9,Top,158.84,167.58,,,,,-3.4591105044616297,-122.70999084040147,-2.0864443671954183,-1.1376912415875915,21.90184626705555,-28.847507082517904,3.36,1.7,7.0,79.9,-19.0,84.6,2194.0,6.3,746532,553869,669911,663898,641857,678662,666134,656541,595909,54.25,0.072,0.067,0.0,1.0,0.0,0.0,2.0,72,7,Cutter,4,3,3,4,3,4,3,4,Standard,Standard,175.0,0.043,-0.325,70.1,7.7,,0.074,0.325,88.0,1,-1,0.957,0.043,30,32,31,33,1,4,2.0,1,1.0,1.0,2.87,-0.17,-0.17,48.2,16.31474535785216,-8.418234963180433,25.788175712685007,43.41314968548288,36.38593696310116
FF,2024-07-04,96.0,0.93,5.82,"Yelich, Christian",592885,656222,,foul,,,,,1.0,,R,L,L,COL,MIL,S,,,3,2,2024,0.27,1.23,-0.5412761348576798,2.894277958537961,,,,2,9,Top,,,,,,,-4.530105362824916,-139.8187565244649,-5.037148690459048,4.41243123352198,27.342220362334253,-15.119726337944424,3.36,1.7,269.0,80.6,33.0,97.1,2299.0,6.6,746532,553869,669911,663898,641857,678662,666134,656541,595909,53.9,,,,,,,,72,6,4-Seam Fastball,4,3,3,4,3,4,3,4,Standard,Standard,152.0,0.0,0.0,70.1,7.1,,,0.0,88.0,1,-1,0.957,0.043,30,32,31,33,1,4,2.0,1,1.0,1.0,1.22,0.27,0.27,47.6,-0.895116430324887,19.340141584875536,29.83697100931696,44.059773828212215,16.84983370099736
FS,2024-07-04,85.9,-1.5,6.34,"Yelich, Christian",592885,615698,,ball,,,,,14.0,,R,L,R,COL,MIL,B,,,2,1,2024,-0.3,0.22,0.1496351019988588,0.9167031979707652,,661388.0,,1,1,Top,,,,,,,4.545223302935443,-125.01591590075104,-7.127701838659483,-3.983281152589517,23.1673359149303,-28.74842480899272,3.41879920023978,1.82538567834013,,,,86.7,959.0,6.6,746532,553869,669911,663898,641857,678662,666134,656541,595909,53.86,,,,,,,,3,4,Split-Finger,0,0,0,0,0,0,0,0,Standard,Standard,240.0,-0.006,0.078,,,,,-0.078,,0,0,0.479,0.521,29,32,29,33,1,0,5.0,1,5.0,1.0,2.85,0.3,-0.3,45.2,,,,,
FC,2024-07-04,85.5,1.14,5.89,"Yelich, Christian",592885,656222,,called_strike,,,,,5.0,,R,L,L,COL,MIL,S,,,3,1,2024,-0.21,0.34,-0.2314611003429838,2.6252526692238707,,,,2,9,Top,,,,,,,-2.8158964240011257,-124.58585542124506,-2.160772279146528,-1.6690392734755362,23.02389613141142,-28.41790935541349,3.39861820748389,1.71759384883869,,,,86.0,2253.0,6.3,746532,553869,669911,663898,641857,678662,666134,656541,595909,54.17,,,,,,,,72,5,Cutter,4,3,3,4,3,4,3,4,Standard,Standard,185.0,0.011,-0.089,,,,,0.089,,1,-1,0.946,0.054,30,32,31,33,1,4,2.0,1,1.0,1.0,2.75,-0.21,-0.21,45.9,,,,,
FS,2024-07-04,85.7,-1.4,6.36,"Yelich, Christian",592885,615698,,ball,,,,,11.0,,R,L,R,COL,MIL,B,,,1,1,2024,-0.69,0.34,-0.7124458458151716,3.592309041521829,,661388.0,,1,1,Top,,,,,,,3.032655337112104,-124.98990565018585,-1.0759824411571393,-7.808988070860919,21.84437136972694,-28.525655218523244,3.42038507809252,1.79015512799842,,,,86.9,1081.0,6.6,746532,553869,669911,663898,641857,678662,666134,656541,595909,53.9,,,,,,,,3,3,Split-Finger,0,0,0,0,0,0,0,0,Standard,Strategic,215.0,-0.004,0.038,,,,,-0.038,,0,0,0.483,0.517,29,32,29,33,1,0,5.0,1,5.0,1.0,2.71,0.69,-0.69,45.6,,,,,
FS,2024-07-04,86.0,-1.38,6.43,"Yelich, Christian",592885,615698,,swinging_strike,,,,,8.0,,R,L,R,COL,MIL,S,,,1,0,2024,-0.34,0.25,-0.1761599299973412,1.773165040429876,,661388.0,,1,1,Top,,,,,,,3.565218848686918,-125.14425511619402,-5.350283601835076,-4.273264296421584,24.06073627115128,-28.676040572165363,3.36,1.7,,,,86.6,1018.0,6.5,746532,553869,669911,663898,641857,678662,666134,656541,595909,53.95,,,,,,,,3,2,Split-Finger,0,0,0,0,0,0,0,0,Standard,Standard,228.0,0.004,-0.043,79.2,8.5,3.190113804,,0.043,,0,0,0.479,0.521,29,32,29,33,1,0,5.0,1,5.0,1.0,2.82,0.34,-0.34,46.1,26.162075475066818,-20.311216342941677,34.003981302432415,39.33693708583863,42.52724207336948
FC,2024-07-04,85.2,1.05,5.93,"Yelich, Christian",592885,656222,,ball,,,,,11.0,,R,L,L,COL,MIL,B,,,2,1,2024,-0.15,0.41,-0.5017507812978531,4.392669380759706,,,,2,9,Top,,,,,,,-3.343186072997688,-124.10968906790244,1.80955447961934,-0.9909557804851838,22.38941720903773,-28.456801917753555,3.33294916637853,1.72603961862122,,,,85.5,2289.0,6.2,746532,553869,669911,663898,641857,678662,666134,656541,595909,54.28,,,,,,,,72,4,Cutter,4,3,3,4,3,4,3,4,Standard,Standard,178.0,-0.013,0.112,,,,,-0.112,,1,-1,0.959,0.041,30,32,31,33,1,4,2.0,1,1.0,1.0,2.7,-0.15,-0.15,48.4,,,,,
FF,2024-07-04,94.4,-1.46,6.52,"Yelich, Christian",592885,615698,,ball,,,,,11.0,,R,L,R,COL,MIL,B,,,0,0,2024,-0.72,0.97,-1.21226445336572,6.720836924233385,,,661388.0,1,1,Top,,,,,,,2.2412332637881693,-137.66253526626127,3.93272288498402,-9.66085564281354,24.926488284268864,-20.607324516543315,3.36245258908077,1.76881085144145,,,,95.0,2235.0,6.1,746532,553869,669911,663898,641857,678662,666134,656541,595909,54.38,,,,,,,,3,1,4-Seam Fastball,0,0,0,0,0,0,0,0,Infield shade,Standard,206.0,-0.019,0.036,,,,,-0.036,,0,0,0.498,0.502,29,32,29,33,1,0,5.0,1,5.0,1.0,1.54,0.72,-0.72,48.3,,,,,
FF,2024-07-04,95.6,0.73,5.86,"Yelich, Christian",592885,656222,,ball,,,,,13.0,,R,L,L,COL,MIL,B,,,1,1,2024,0.46,1.09,-1.7735270933688845,2.3136697156908563,,,,2,9,Top,,,,,,,-7.696281908930189,-139.03766265792956,-6.301487328788353,7.559287153688792,26.804140364508815,-16.77082419110263,3.40224615879912,1.79557597204093,,,,96.8,2315.0,6.7,746532,553869,669911,663898,641857,678662,666134,656541,595909,53.8,,,,,,,,72,3,4-Seam Fastball,4,3,3,4,3,4,3,4,Standard,Standard,148.0,-0.006,0.058,,,,,-0.058,,1,-1,0.965,0.035,30,32,31,33,1,4,2.0,1,1.0,1.0,1.38,0.46,0.46,51.9,,,,,
FF,2024-07-04,94.9,0.77,5.85,"Yelich, Christian",592885,656222,,ball,,,,,12.0,,R,L,L,COL,MIL,B,,,0,1,2024,0.39,1.07,0.7346659445455584,4.098302358035415,,,,2,9,Top,,,,,,,-0.9617586929573924,-138.3968329352022,-1.375705570909835,5.232866029510933,28.00683338194404,-18.27623736222941,3.32580599155187,1.7562612121996,,,,95.9,2376.0,6.5,746532,553869,669911,663898,641857,678662,666134,656541,595909,53.96,,,,,,,,72,2,4-Seam Fastball,4,3,3,4,3,4,3,4,Standard,Standard,155.0,-0.004,0.029,,,,,-0.029,,1,-1,0.969,0.031,30,32,31,33,1,4,2.0,1,1.0,1.0,1.43,0.39,0.39,51.3,,,,,
FC,2024-07-04,85.6,1.11,5.93,"Yelich, Christian",592885,656222,,called_strike,,,,,2.0,,R,L,L,COL,MIL,S,,,0,0,2024,-0.12,0.16,-0.2625798452773759,3.197837140698188,,,,2,9,Top,,,,,,,-2.9929246239036225,-124.79078947293765,-0.5523531972767532,-0.6898113991148269,23.94418623492224,-30.55660667786056,3.40886802339152,1.71832764737377,,,,85.9,2308.0,6.3,746532,553869,669911,663898,641857,678662,666134,656541,595909,54.22,,,,,,,,72,1,Cutter,4,3,3,4,3,4,3,4,Standard,Standard,208.0,0.006,-0.041,,,,,0.041,,1,-1,0.963,0.037,30,32,31,33,1,4,2.0,1,1.0,1.0,2.92,-0.12,-0.12,47.9,,,,,
SL,2024-07-04,88.2,-1.14,6.47,"Yelich, Christian",592885,641755,field_out,hit_into_play,,,,,5.0,Christian Yelich lines out sharply to right fielder Jake Cave.,R,L,R,COL,MIL,X,9.0,line_drive,1,1,2024,0.15,0.14,0.0515453183500842,2.8179332784706346,,,,1,7,Top,185.55,77.12,,,,,2.543817076196626,-128.61669454908005,-3.162099975150793,1.2259295595821011,23.06741167034084,-30.165692362660447,3.36,1.7,335.0,102.0,21.0,87.6,2727.0,5.5,746532,553869,669911,663898,641857,678662,666134,656541,595909,55.01,0.431,0.6795714285714286,0.0,1.0,0.0,0.0,5.0,56,3,Slider,4,3,3,4,3,4,3,4,Standard,Standard,181.0,0.03,-0.243,76.1,7.9,,1.242,0.243,102.0,1,-1,0.738,0.262,33,32,33,33,1,3,3.0,1,2.0,1.0,2.74,-0.15,0.15,43.4,17.485146085905342,0.2472779088739252,34.30266880133732,36.77626347034372,32.95655959883626
CH,2024-07-04,88.7,-1.16,6.39,"Yelich, Christian",592885,641755,,swinging_strike,,,,,7.0,,R,L,R,COL,MIL,S,,,1,0,2024,-0.71,0.66,-0.4333546669698833,2.0971106716809595,,,,1,7,Top,,,,,,,3.2069878872217874,-129.30406564305136,-5.892248389897924,-8.564716351013438,20.879517931665863,-23.904054224085243,3.36,1.7,,,,88.5,1775.0,5.6,746532,553869,669911,663898,641857,678662,666134,656541,595909,54.95,,,,,,,,56,2,Changeup,4,3,3,4,3,4,3,4,Standard,Standard,223.0,0.007,-0.051,78.1,8.4,3.570099792,,0.051,,1,-1,0.731,0.269,33,32,33,33,1,3,3.0,1,2.0,1.0,2.18,0.71,-0.71,41.6,23.915380708938507,-16.87102069881998,31.65119069180348,42.72622751566846,41.622877117733566
SL,2024-07-04,88.9,-1.32,6.34,"Yelich, Christian",592885,641755,,ball,,,,,14.0,,R,L,R,COL,MIL,B,,,0,0,2024,0.04,0.31,1.2547060896174278,-0.1271142100506481,,,,1,7,Top,,,,,,,6.134509499479065,-129.1493081452839,-10.424653466555332,-0.6074807700721521,21.491041094671655,-27.0267823913086,3.39457379917607,1.75978532173664,,,,88.4,2835.0,5.6,746532,553869,669911,663898,641857,678662,666134,656541,595909,54.87,,,,,,,,56,1,Slider,4,3,3,4,3,4,3,4,Standard,Standard,204.0,-0.005,0.039,,,,,-0.039,,1,-1,0.736,0.264,33,32,33,33,1,3,3.0,1,2.0,1.0,2.54,-0.04,0.04,43.9,,,,,
SL,2024-07-03,84.8,-2.57,6.13,"Yelich, Christian",592885,641712,walk,ball,,,,,11.0,Christian Yelich walks. Brice Turang to 3rd. William Contreras to 2nd.,R,L,R,COL,MIL,B,,,3,1,2024,0.0,0.13,-1.481323950544739,3.213913178436382,,668930.0,661388.0,1,5,Top,,,,,,,2.5409981963687995,-123.61570769660428,-0.8061751656801593,-0.4592559823185607,22.80898035580643,-30.84120872117545,3.30791095892983,1.54101102942753,,,,85.0,2563.0,6.2,746534,553869,669911,663898,641857,668845,666134,686668,595909,54.35,,0.689131,0.7,1.0,0.0,0.0,,36,5,Slider,0,2,2,0,2,0,2,0,Standard,Standard,17.0,-0.026,0.201,,,,,-0.201,,-2,2,0.201,0.799,29,32,30,33,3,2,5.0,1,38.0,1.0,3.01,0.0,0.0,33.5,,,,,
CH,2024-07-03,85.4,-2.47,5.95,"Yelich, Christian",592885,641712,,blocked_ball,,,,,13.0,,R,L,R,COL,MIL,B,,,2,1,2024,-0.78,0.45,-0.5223698334468213,0.4503812294408549,,668930.0,661388.0,1,5,Top,,,,,,,6.1983617750231454,-124.20061891549788,-7.667016764348083,-9.254841837965772,21.08949629591148,-26.34463311877022,3.35498206097737,1.58828637463192,,,,86.3,1709.0,6.6,746534,553869,669911,663898,641857,668845,666134,686668,595909,53.93,,,,,,,,36,4,Changeup,0,2,2,0,2,0,2,0,Standard,Standard,233.0,-0.014,0.104,,,,,-0.104,,-2,2,0.215,0.785,29,32,30,33,3,2,5.0,1,38.0,1.0,2.64,0.78,-0.78,31.8,,,,,
SL,2024-07-03,83.7,-2.57,6.08,"Yelich, Christian",592885,641712,,called_strike,,,,,2.0,,R,L,R,COL,MIL,S,,,2,0,2024,0.31,-0.28,0.1014930331297287,2.8257738315462926,,668930.0,661388.0,1,5,Top,,,,,,,5.546308706974654,-121.83948539913575,-0.5018138699171765,1.8862897451559992,25.12941802850443,-35.086576095341314,3.35498206097737,1.58828637463192,,,,83.4,2602.0,6.2,746534,553869,669911,663898,641857,668845,666134,686668,595909,54.29,,,,,,,,36,3,Slider,0,2,2,0,2,0,2,0,Standard,Standard,52.0,0.009,-0.067,,,,,0.067,,-2,2,0.206,0.794,29,32,30,33,3,2,5.0,1,38.0,1.0,3.55,-0.31,0.31,36.8,,,,,
CU,2024-07-03,79.9,-2.73,6.14,"Yelich, Christian",592885,641712,,ball,,,,,13.0,,R,L,R,COL,MIL,B,,,1,0,2024,0.71,-0.88,-1.6078483039232476,2.0337481047408144,,668930.0,661388.0,1,5,Top,,,,,,,1.127001036836983,-116.49403997181972,-0.7098393226523918,6.288368213904859,21.051138041717888,-40.29597574244983,3.33144753499981,1.51737126452029,,,,80.1,2678.0,6.3,746534,553869,669911,663898,641857,668845,666134,686668,595909,54.24,,,,,,,,36,2,Curveball,0,2,2,0,2,0,2,0,Standard,Standard,43.0,-0.009,0.055,,,,,-0.055,,-2,2,0.215,0.785,29,32,30,33,3,2,5.0,1,38.0,1.0,4.43,-0.71,0.71,38.3,,,,,
CU,2024-07-03,79.7,-2.61,6.17,"Yelich, Christian",592885,641712,,blocked_ball,,,,,14.0,,R,L,R,COL,MIL,B,,,0,0,2024,0.92,-0.42,1.2063466270999683,0.3155671856951914,,668930.0,661388.0,1,5,Top,,,,,,,6.664310048976022,-116.00082389715348,-5.379872300207098,7.194517513769753,20.134836172129607,-35.265865071791055,3.33144753499981,1.54101102942753,,,,79.9,2730.0,6.2,746534,553869,669911,663898,641857,668845,666134,686668,595909,54.25,,,,,,,,36,1,Curveball,0,2,2,0,2,0,2,0,Standard,Standard,30.0,-0.004,0.03,,,,,-0.03,,-2,2,0.219,0.781,29,32,30,33,3,2,5.0,1,38.0,1.0,3.99,-0.92,0.92,34.2,,,,,
CH,2024-07-03,84.0,-2.21,6.03,"Yelich, Christian",592885,641712,double,hit_into_play,,,,,2.0,Christian Yelich doubles (10) on a sharp line drive to right fielder Jake Cave. William Contreras to 3rd.,R,L,R,COL,MIL,X,9.0,line_drive,2,1,2024,-0.68,0.23,0.2464094910732074,2.900624225783716,,,661388.0,1,3,Top,225.49,90.33,,,,,7.034565608039533,-122.39665428086018,-1.462006188141734,-8.030471008173436,19.26824623609271,-29.72018891158926,3.34,1.68,257.0,113.2,13.0,84.9,1839.0,6.3,746534,553869,669911,663898,641857,668845,666134,686668,595909,54.17,0.779,0.86,1.25,1.0,1.0,1.0,6.0,19,4,Changeup,0,2,2,0,2,0,2,0,Infield shade,Standard,235.0,-0.064,0.776,,,,1.255,-0.776,113.2,-2,2,0.284,0.716,29,32,30,33,2,1,5.0,1,38.0,1.0,2.94,0.68,-0.68,35.9,,,,,
CH,2024-07-03,84.0,-2.32,6.03,"Yelich, Christian",592885,641712,,ball,,,,,13.0,,R,L,R,COL,MIL,B,,,1,1,2024,-0.83,0.21,-1.0759191755945992,2.198545301850727,,,661388.0,1,3,Top,,,,,,,4.530672255889254,-122.35267608659568,-3.010851542383488,-9.223833566966098,20.086177922845085,-29.710979946828108,3.32941540573382,1.66688468861611,,,,84.7,1867.0,6.3,746534,553869,669911,663898,641857,668845,666134,686668,595909,54.21,,,,,,,,19,3,Changeup,0,2,2,0,2,0,2,0,Infield shade,Standard,234.0,-0.004,0.046,,,,,-0.046,,-2,2,0.288,0.712,29,32,30,33,2,1,5.0,1,38.0,1.0,2.97,0.83,-0.83,38.8,,,,,
CH,2024-07-03,84.7,-2.29,6.04,"Yelich, Christian",592885,641712,,swinging_strike,,,,,9.0,,R,L,R,COL,MIL,S,,,1,0,2024,-0.69,0.13,0.3215592619826793,1.6055236173369645,,,661388.0,1,3,Top,,,,,,,7.497926134435928,-123.32660961801147,-4.400938878935983,-8.385284091632942,20.19179174086797,-30.236288289024586,3.34,1.68,,,,85.6,1755.0,6.5,746534,553869,669911,663898,641857,668845,666134,686668,595909,54.04,,,,,,,,19,2,Changeup,0,2,2,0,2,0,2,0,Standard,Standard,238.0,0.004,-0.047,80.0,8.2,0.307837176,,0.047,,-2,2,0.284,0.716,29,32,30,33,2,1,5.0,1,38.0,1.0,3.0,0.69,-0.69,40.8,20.00747880960289,-10.647024413950612,38.12511471505878,32.096436652294415,37.142776188426
CU,2024-07-03,80.4,-2.53,6.13,"Yelich, Christian",592885,641712,,ball,,,,,14.0,,R,L,R,COL,MIL,B,,,0,0,2024,1.4,-0.71,0.2714675856350688,1.4268769541621418,,,661388.0,1,3,Top,,,,,,,3.5741283254377083,-117.24770453282368,-2.5372095278718776,12.506050060224226,18.484928235551653,-38.55645477594844,3.3441601151948,1.68733131310394,,,,81.0,2620.0,6.2,746534,553869,669911,663898,641857,668845,666134,686668,595909,54.29,,,,,,,,19,1,Curveball,0,2,2,0,2,0,2,0,Infield shade,Standard,35.0,-0.003,0.036,,,,,-0.036,,-2,2,0.287,0.713,29,32,30,33,2,1,5.0,1,38.0,1.0,4.17,-1.4,1.4,34.5,,,,,
FF,2024-07-03,95.1,-1.86,5.98,"Yelich, Christian",592885,663567,strikeout,called_strike,,,,,3.0,Christian Yelich called out on strikes.,R,L,R,COL,MIL,S,2.0,,1,2,2024,-0.57,1.05,0.3301541206838314,3.1123858790069203,,,661388.0,1,7,Top,,,,,,,7.030491754728272,-138.41655851078332,-4.324609342641336,-8.663818224995062,25.3818413807832,-17.86842659879848,3.35498206097737,1.54101102942753,,,,96.2,2284.0,6.5,746534,553869,669911,663898,641857,668845,666134,686668,595909,54.01,,0.0,0.0,1.0,0.0,0.0,,52,4,4-Seam Fastball,0,3,3,0,3,0,3,0,Infield shade,Standard,216.0,0.008,-0.182,,,,,0.182,,-3,3,0.11,0.89,27,32,27,33,1,3,31.0,1,6.0,1.0,1.43,0.57,-0.57,52.6,,,,,
FF,2024-07-03,94.1,-1.85,6.01,"Yelich, Christian",592885,663567,,foul,,,,,11.0,,R,L,R,COL,MIL,S,,,1,1,2024,-0.4,1.15,-0.7121136615850414,3.5584762426142467,,,661388.0,1,7,Top,,,,,,,3.834620173313112,-137.15170455137633,-3.32337106104152,-5.7643778004482105,23.78931702441036,-17.01117662059027,3.34,1.68,303.0,85.6,41.0,95.1,2244.0,6.3,746534,553869,669911,663898,641857,668845,666134,686668,595909,54.19,,,,,,,,52,3,4-Seam Fastball,0,3,3,0,3,0,3,0,Infield shade,Standard,213.0,0.003,-0.059,65.3,6.3,,,0.059,88.0,-3,3,0.107,0.893,27,32,27,33,1,3,31.0,1,6.0,1.0,1.37,0.4,-0.4,50.9,-0.1994984639757302,32.79145608053857,25.24475080731964,43.559610690451166,10.975161447998534
FF,2024-07-03,94.6,-1.74,6.04,"Yelich, Christian",592885,663567,,foul,,,,,1.0,,R,L,R,COL,MIL,S,,,1,0,2024,-0.42,1.07,-0.5800998192451463,3.226448695214165,,,661388.0,1,7,Top,,,,,,,3.9669082403663904,-137.89448750344434,-4.209716860190767,-6.074534273188613,23.587006649099,-17.692159215851728,3.34,1.68,339.0,98.3,23.0,95.9,2260.0,6.4,746534,553869,669911,663898,641857,668845,666134,686668,595909,54.06,,,,,,,,52,2,4-Seam Fastball,0,3,3,0,3,0,3,0,Infield shade,Standard,218.0,0.002,-0.047,66.8,6.4,,,0.047,98.3,-3,3,0.105,0.895,27,32,27,33,1,3,31.0,1,6.0,1.0,1.42,0.42,-0.42,52.2,-2.367963451665937,26.303117724930576,28.68939480547752,41.8882765654455,13.615016589691416
FF,2024-07-03,93.8,-1.72,6.09,"Yelich, Christian",592885,663567,,ball,,,,,11.0,,R,L,R,COL,MIL,B,,,0,0,2024,-0.3,0.95,-1.1398091573017175,4.298013762996684,,,661388.0,1,7,Top,,,,,,,2.154545512340354,-136.794741827812,-1.1493874741281285,-4.150944676695681,24.075823610882825,-20.035314897553096,3.37851452636965,1.67081706125833,,,,95.0,2226.0,6.4,746534,553869,669911,663898,641857,668845,666134,686668,595909,54.1,,,,,,,,52,1,4-Seam Fastball,0,3,3,0,3,0,3,0,Standard,Standard,211.0,-0.001,0.036,,,,,-0.036,,-3,3,0.106,0.894,27,32,27,33,1,3,31.0,1,6.0,1.0,1.59,0.3,-0.3,52.3,,,,,
SI,2024-07-03,90.6,-2.26,6.17,"Yelich, Christian",592885,641712,home_run,hit_into_play,,,,,2.0,Christian Yelich homers (9) on a line drive to right field.,R,L,R,COL,MIL,X,,line_drive,3,1,2024,-0.63,0.05,-0.0052920661099383,2.85075039691865,,,,2,1,Top,217.02,70.01,,,,,6.987493209952813,-132.0360961289386,-2.6027107807771164,-8.670352963561761,22.70026415407581,-31.286027630703973,3.34,1.68,446.0,111.9,23.0,91.4,2144.0,6.3,746534,553869,669911,663898,641857,668845,666134,686668,595909,54.22,1.0,2.0,2.0,1.0,0.0,3.0,6.0,3,5,Sinker,0,0,0,0,1,0,1,0,Infield shade,Standard,227.0,-0.095,2.436,73.9,7.7,,4.0,-2.436,111.9,0,0,0.533,0.467,29,32,30,33,1,0,5.0,1,38.0,1.0,2.67,0.63,-0.63,44.4,19.02165823836619,-5.4451109926177175,30.85558667515279,36.27854305933676,36.02893868941389
CU,2024-07-03,79.2,-2.7,6.12,"Yelich, Christian",592885,641712,,ball,,,,,11.0,,R,L,R,COL,MIL,B,,,2,1,2024,0.96,-0.52,-2.2707086092396622,3.7863940336822655,,,,2,1,Top,,,,,,,-0.8521998420185253,-115.44653321951353,2.5858240288453502,8.804707475083648,20.01156051904816,-37.53540447055898,3.2985199614339,1.47157215753913,,,,79.2,2683.0,6.1,746534,553869,669911,663898,641857,668845,666134,686668,595909,54.44,,,,,,,,3,4,Curveball,0,0,0,0,0,0,0,0,Standard,Standard,51.0,-0.004,0.112,,,,,-0.112,,0,0,0.537,0.463,29,32,30,33,1,0,5.0,1,38.0,1.0,4.13,-0.96,0.96,37.5,,,,,
CU,2024-07-03,79.1,-2.59,6.11,"Yelich, Christian",592885,641712,,foul,,,,,9.0,,R,L,R,COL,MIL,S,,,2,0,2024,0.71,-0.85,0.5095334702434577,1.9790943320841212,,,,2,1,Top,,,,,,,5.421242625357132,-115.09059948340324,-0.6670773966019996,5.329223503567961,20.81151375531956,-39.79115968641394,3.34,1.68,3.0,57.5,-39.0,78.9,2779.0,6.1,746534,553869,669911,663898,641857,668845,666134,686668,595909,54.38,,,,,,,,3,3,Curveball,0,0,0,0,0,0,0,0,Standard,Standard,36.0,0.003,-0.061,72.7,8.4,,,0.061,88.0,0,0,0.534,0.466,29,32,30,33,1,0,5.0,1,38.0,1.0,4.48,-0.71,0.71,35.8,27.512637767591347,-33.80895169774163,32.31919521753685,31.7269247230652,53.110755961265525
FF,2024-07-03,88.9,-2.62,6.17,"Yelich, Christian",592885,641712,,ball,,,,,11.0,,R,L,R,COL,MIL,B,,,1,0,2024,0.05,0.47,-2.497107166963437,2.9130657091808705,,,668930.0,1,1,Top,,,,,,,0.1964091451163779,-129.5793177248428,-3.0332385887443163,0.5343638729789952,23.02879315757833,-26.405414046425275,3.33514457238983,1.68042248402435,,,,89.4,2249.0,6.2,746534,553869,669911,663898,641857,668845,666134,686668,595909,54.35,,,,,,,,3,2,4-Seam Fastball,0,0,0,0,0,0,0,0,Infield shade,Strategic,217.0,0.04,0.056,,,,,-0.056,,0,0,0.494,0.506,29,32,30,33,1,0,5.0,1,38.0,1.0,2.36,-0.05,0.05,39.3,,,,,
FF,2024-07-03,89.3,-2.46,6.15,"Yelich, Christian",592885,641712,,ball,,,,,11.0,,R,L,R,COL,MIL,B,,,0,0,2024,0.01,0.61,-2.126612009678044,3.988883331040501,,,668930.0,1,1,Top,,,,,,,0.7946522725742139,-130.28673330803952,-0.7097902541901908,0.0054950066308644,22.69325311904297,-25.1777026566032,3.35492812030012,1.58051062603178,,,,90.0,2159.0,6.2,746534,553869,669911,663898,641857,668845,666134,686668,595909,54.33,,,,,,,,3,1,4-Seam Fastball,0,0,0,0,0,0,0,0,Infield shade,Strategic,215.0,-0.004,0.036,,,,,-0.036,,0,0,0.498,0.502,29,32,30,33,1,0,5.0,1,38.0,1.0,2.19,-0.01,0.01,37.7,,,,,
FF,2024-07-02,94.8,-1.25,5.52,"Yelich, Christian",592885,663372,single,hit_into_play,,,,,8.0,Christian Yelich singles on a ground ball to pitcher Ryan Feltner.,R,L,R,COL,MIL,X,1.0,ground_ball,3,2,2024,-0.41,1.03,0.1092450836060716,2.153743708920348,,,,1,5,Top,129.15,182.12,,,,,4.500007479606614,-138.09326458662642,-5.56872728361453,-6.195362706424252,25.52581909435284,-17.93276018770564,3.35,1.69,16.0,101.4,-7.0,96.0,2432.0,6.6,746537,607732,669911,663898,641857,678662,666134,686668,696100,53.93,0.338,0.306,0.9,1.0,1.0,0.0,2.0,38,6,4-Seam Fastball,2,1,1,2,1,2,1,2,Infield shade,Standard,209.0,-0.031,0.345,70.9,6.9,,0.401,-0.345,101.4,1,-1,0.665,0.335,27,32,28,33,3,2,6.0,1,6.0,1.0,1.46,0.41,-0.41,41.6,-4.109031776549238,15.78687575946308,38.27995448253624,36.17700892053236,20.97170069628424
SL,2024-07-02,87.4,-1.18,5.38,"Yelich, Christian",592885,663372,,swinging_strike,,,,,14.0,,R,L,R,COL,MIL,S,,,3,1,2024,0.51,0.34,0.996549326328052,2.0986699285802297,,,,1,5,Top,,,,,,,4.223243331322934,-127.41166184087923,-2.6008011985524733,4.935647110510386,21.802631007944107,-28.157480515580215,3.35,1.69,,,,88.6,2508.0,6.6,746537,607732,669911,663898,641857,678662,666134,686668,696100,53.91,,,,,,,,38,5,Slider,2,1,1,2,1,2,1,2,Infield shade,Standard,190.0,0.009,-0.092,79.3,8.5,0.622710492,,0.092,,1,-1,0.656,0.344,27,32,28,33,3,2,6.0,1,6.0,1.0,2.59,-0.51,0.51,40.2,26.4369884368125,-30.543256195384128,37.90710065988569,26.360761866978407,44.700881509874925
SL,2024-07-02,87.9,-1.26,5.39,"Yelich, Christian",592885,663372,,ball,,,,,12.0,,R,L,R,COL,MIL,B,,,2,1,2024,0.43,0.45,0.1874392441117279,3.6281566468446895,,,,1,5,Top,,,,,,,2.642075121678731,-128.2537157278513,0.7610195197097341,4.360236196202263,20.971606677762782,-27.4420322885872,3.36306978412031,1.77635458852951,,,,89.2,2444.0,6.5,746537,607732,669911,663898,641857,678662,666134,686668,696100,54.02,,,,,,,,38,4,Slider,2,1,1,2,1,2,1,2,Infield shade,Standard,186.0,-0.01,0.122,,,,,-0.122,,1,-1,0.666,0.334,27,32,28,33,3,2,6.0,1,6.0,1.0,2.44,-0.43,0.43,36.6,,,,,
SI,2024-07-02,93.1,-1.3,5.48,"Yelich, Christian",592885,663372,,ball,,,,,11.0,,R,L,R,COL,MIL,B,,,1,1,2024,-0.81,0.71,-1.2661928098648216,2.699615231307763,,,,1,5,Top,,,,,,,1.881646251767758,-135.74451071438108,-3.033572786255857,-10.516979156414385,25.864511755079636,-22.883790786227934,3.27651152652915,1.72637205206491,,,,94.1,2211.0,6.5,746537,607732,669911,663898,641857,678662,666134,686668,696100,54.0,,,,,,,,38,3,Sinker,2,1,1,2,1,2,1,2,Infield shade,Standard,213.0,-0.005,0.059,,,,,-0.059,,1,-1,0.671,0.329,27,32,28,33,3,2,6.0,1,6.0,1.0,1.88,0.81,-0.81,38.6,,,,,
FF,2024-07-02,92.8,-1.17,5.4,"Yelich, Christian",592885,663372,,ball,,,,,14.0,,R,L,R,COL,MIL,B,,,0,1,2024,-0.48,0.91,1.5158044551568577,2.0779372744663585,,,,1,5,Top,,,,,,,7.9876611822657315,-135.02986053165375,-4.830385603883888,-7.39034564961629,23.386899044519726,-20.19342094119261,3.28573660373003,1.73587131968678,,,,94.1,2377.0,6.6,746537,607732,669911,663898,641857,678662,666134,686668,696100,53.87,,,,,,,,38,2,4-Seam Fastball,2,1,1,2,1,2,1,2,Standard,Standard,208.0,-0.002,0.024,,,,,-0.024,,1,-1,0.673,0.327,27,32,28,33,3,2,6.0,1,6.0,1.0,1.7,0.48,-0.48,38.7,,,,,
FF,2024-07-02,92.5,-1.35,5.5,"Yelich, Christian",592885,663372,,called_strike,,,,,4.0,,R,L,R,COL,MIL,S,,,0,0,2024,-0.28,0.94,-0.596909010203759,2.4230819249309805,,,,1,5,Top,,,,,,,2.5599598584460117,-134.94394224997916,-4.263749038501119,-3.942661872977082,23.168993182025236,-19.91914397413921,3.41423272685591,1.71751860972154,,,,93.9,2281.0,6.5,746537,607732,669911,663898,641857,678662,666134,686668,696100,54.02,,,,,,,,38,1,4-Seam Fastball,2,1,1,2,1,2,1,2,Standard,Standard,218.0,0.003,-0.037,,,,,0.037,,1,-1,0.67,0.33,27,32,28,33,3,2,6.0,1,6.0,1.0,1.66,0.28,-0.28,38.9,,,,,
CU,2024-07-02,80.0,-1.17,5.52,"Yelich, Christian",592885,663372,double,hit_into_play,,,,,8.0,Christian Yelich doubles (9) on a sharp fly ball to center fielder Brenton Doyle.,R,L,R,COL,MIL,X,8.0,fly_ball,2,2,2024,0.82,-0.59,-0.0504195885650025,2.153067636607441,,,,1,3,Top,146.88,28.12,,,,,0.9267935394371116,-116.74986015089434,0.2337431433402648,7.446848028329787,17.821044647858503,-37.82790798088754,3.35,1.69,423.0,101.8,33.0,81.2,2807.0,6.5,746537,607732,669911,663898,641857,678662,666134,686668,696100,53.99,0.566,1.1390000000000002,1.25,1.0,1.0,1.0,6.0,21,5,Curveball,2,1,1,2,1,2,1,2,Infield shade,Standard,44.0,-0.051,0.688,72.0,8.0,,2.235,-0.688,101.8,1,-1,0.641,0.359,27,32,28,33,2,1,6.0,1,6.0,1.0,4.07,-0.82,0.82,44.7,13.142507767176694,-12.155463402913574,35.133213598478704,38.09911971895862,35.93854506657763
FF,2024-07-02,94.6,-1.15,5.43,"Yelich, Christian",592885,663372,,foul,,,,,3.0,,R,L,R,COL,MIL,S,,,2,1,2024,-0.31,1.15,0.7820222028241514,2.94331392528895,,,,1,3,Top,,,,,,,5.76370357293086,-137.9019260406657,-3.523498265553005,-4.9949219112730665,24.03010777085443,-16.850725510843578,3.35,1.69,161.0,59.5,49.0,96.1,2463.0,6.6,746537,607732,669911,663898,641857,678662,666134,686668,696100,53.9,,,,,,,,21,4,4-Seam Fastball,2,1,1,2,1,2,1,2,Infield shade,Standard,212.0,0.006,-0.078,67.0,6.3,,,0.078,88.0,1,-1,0.635,0.365,27,32,28,33,2,1,6.0,1,6.0,1.0,1.35,0.31,-0.31,39.9,-1.3044735923053097,16.89070072886182,36.852799431245245,27.96467602266794,21.303865547504355
SL,2024-07-02,89.7,-1.28,5.56,"Yelich, Christian",592885,663372,,ball,,,,,11.0,,R,L,R,COL,MIL,B,,,1,1,2024,0.39,0.36,-0.4163285678595609,4.321809969195163,,,,1,3,Top,,,,,,,1.3179476862509196,-130.86231142289824,2.062941357836685,4.275365988336533,22.17575501866525,-28.549593708687105,3.36174629155584,1.76544261826047,,,,90.9,2554.0,6.5,746537,607732,669911,663898,641857,678662,666134,686668,696100,54.05,,,,,,,,21,3,Slider,2,1,1,2,1,2,1,2,Infield shade,Standard,179.0,-0.004,0.059,,,,,-0.059,,1,-1,0.639,0.361,27,32,28,33,2,1,6.0,1,6.0,1.0,2.42,-0.39,0.39,43.4,,,,,
CH,2024-07-02,85.3,-1.27,5.5,"Yelich, Christian",592885,663372,,foul,,,,,5.0,,R,L,R,COL,MIL,S,,,1,0,2024,-0.39,0.49,0.0990609680814852,2.650096869011411,,,,1,3,Top,,,,,,,4.019114617587382,-124.4435759970304,-1.5464895685984708,-4.6982024251220285,19.539025878941604,-26.964758943813983,3.35,1.69,,,,86.7,1622.0,6.6,746537,607732,669911,663898,641857,678662,666134,686668,696100,53.94,,,,,,,,21,2,Changeup,2,1,1,2,1,2,1,2,Standard,Standard,217.0,0.004,-0.051,73.7,7.8,,,0.051,,1,-1,0.635,0.365,27,32,28,33,2,1,6.0,1,6.0,1.0,2.58,0.39,-0.39,48.5,22.63110462939745,1.3218211154914588,27.82635157913908,35.76294843596572,32.78636581142658
FF,2024-07-02,95.7,-1.19,5.51,"Yelich, Christian",592885,663372,,ball,,,,,12.0,,R,L,R,COL,MIL,B,,,0,0,2024,-0.24,1.08,0.0536369832780165,3.7077328369253104,,,,1,3,Top,,,,,,,3.852456997075801,-139.50570394564966,-1.7197458876614646,-3.901147194326439,24.48594507402473,-17.6876642373542,3.32002779671456,1.64921082233024,,,,97.1,2454.0,6.5,746537,607732,669911,663898,641857,678662,666134,686668,696100,53.98,,,,,,,,21,1,4-Seam Fastball,2,1,1,2,1,2,1,2,Standard,Standard,210.0,-0.003,0.039,,,,,-0.039,,1,-1,0.638,0.362,27,32,28,33,2,1,6.0,1,6.0,1.0,1.36,0.24,-0.24,41.2,,,,,
CU,2024-07-02,81.3,3.28,5.67,"Yelich, Christian",592885,621389,strikeout,swinging_strike,,,,,13.0,Christian Yelich strikes out swinging.,R,L,L,COL,MIL,S,2.0,,1,2,2024,-0.15,-0.53,-2.3025227461066717,1.2988632361183168,,668930.0,661388.0,1,7,Top,,,,,,,-12.0136357704466,-118.02008882097364,-2.233700441669498,0.4743356122094536,18.675677788231685,-36.98965036795217,3.35,1.69,,,,80.4,2486.0,5.5,746537,607732,669911,663898,641857,678662,666134,686668,696100,55.04,,0.0,0.0,1.0,0.0,0.0,,57,4,Curveball,2,2,2,2,2,2,2,2,Standard,Standard,319.0,0.053,-0.177,,,,,0.177,,0,0,0.458,0.542,33,32,34,33,1,3,6.0,1,5.0,1.0,3.95,-0.15,-0.15,27.6,,,,,
SI,2024-07-02,90.1,3.2,5.7,"Yelich, Christian",592885,621389,,called_strike,,,,,9.0,,R,L,L,COL,MIL,S,,,1,1,2024,1.07,0.6,0.4999003719410766,1.9893432402103497,,668930.0,661388.0,1,7,Top,,,,,,,-8.802706611557594,-131.12914231824843,-4.594709242190135,13.961802625886934,21.25071977161016,-24.5547572267274,3.42646441736886,1.73632163271333,,,,89.4,2148.0,5.3,746537,607732,669911,663898,641857,678662,666134,686668,696100,55.17,,,,,,,,57,3,Sinker,2,2,2,2,2,2,2,2,Standard,Standard,113.0,0.018,-0.04,,,,,0.04,,0,0,0.44,0.56,33,32,34,33,1,3,6.0,1,5.0,1.0,2.16,1.07,1.07,19.6,,,,,
SI,2024-07-02,89.9,3.19,5.68,"Yelich, Christian",592885,621389,,ball,,,,,13.0,,R,L,L,COL,MIL,B,,,0,1,2024,1.03,0.52,-1.1488183017043372,1.5233195954781484,,668930.0,661388.0,1,7,Top,,,,,,,-12.647239539245655,-130.53212129827452,-5.4451488393945695,14.005049196390711,20.504185572103506,-25.366857835775747,3.42287185580238,1.80578142821007,,,,89.0,2189.0,5.3,746537,607732,669911,663898,641857,678662,666134,686668,696100,55.2,,,,,,,,57,2,Sinker,2,2,2,2,2,2,2,2,Standard,Standard,114.0,-0.007,0.015,,,,,-0.015,,0,0,0.447,0.553,33,32,34,33,1,3,6.0,1,5.0,1.0,2.26,1.03,1.03,18.7,,,,,
SI,2024-07-02,89.9,3.25,5.79,"Yelich, Christian",592885,621389,,called_strike,,,,,8.0,,R,L,L,COL,MIL,S,,,0,0,2024,1.12,0.7,0.1947175427986824,2.02161435564878,,668930.0,661388.0,1,7,Top,,,,,,,-9.726103118939228,-130.73662897712208,-4.862004521222242,14.67973151505515,21.88090458370403,-23.353545195298924,3.50389251014173,1.55814566912043,,,,88.9,2154.0,5.2,746537,607732,669911,663898,641857,678662,666134,686668,696100,55.27,,,,,,,,57,1,Sinker,2,2,2,2,2,2,2,2,Standard,Standard,124.0,0.011,-0.039,,,,,0.039,,0,0,0.436,0.564,33,32,34,33,1,3,6.0,1,5.0,1.0,2.08,1.12,1.12,25.3,,,,,
FF,2024-07-02,96.5,-1.28,6.22,"Yelich, Christian",592885,683232,single,hit_into_play,,,,,6.0,"Christian Yelich singles on a ground ball to second baseman Brendan Rodgers, deflected by pitcher Nick Mears. Andruw Monasterio to 3rd. Brice Turang to 2nd.",R,L,R,COL,MIL,X,1.0,ground_ball,3,2,2024,-0.02,1.47,0.7562274694948774,2.681518920700372,,655316.0,668930.0,1,9,Top,128.54,178.49,,,,,5.528632547292548,-140.5259219102525,-7.399902637880023,-1.2474240284458564,25.06761410959057,-11.201488169197246,3.35,1.69,13.0,66.0,-10.0,98.7,2364.0,7.0,746537,607732,669911,663898,641857,678662,666134,686668,656541,53.51,0.062,0.069,0.9,1.0,1.0,0.0,2.0,76,7,4-Seam Fastball,3,2,2,3,2,3,2,3,Standard,Strategic,194.0,-0.149,0.422,,,,0.064,-0.422,88.0,1,-1,0.685,0.315,27,32,28,33,1,4,2.0,1,5.0,1.0,0.93,0.02,-0.02,65.1,,,,,
FF,2024-07-02,96.7,-1.59,6.24,"Yelich, Christian",592885,683232,,foul,,,,,3.0,,R,L,R,COL,MIL,S,,,3,2,2024,-0.06,1.46,0.4306913949772917,3.151152760287109,,655316.0,668930.0,1,9,Top,,,,,,,5.583941790717826,-140.76225266621742,-6.183760591695964,-1.783825895950834,26.0619502450204,-11.452053332280965,3.35,1.69,232.0,71.5,32.0,98.6,2367.0,6.9,746537,607732,669911,663898,641857,678662,666134,686668,656541,53.57,,,,,,,,76,6,4-Seam Fastball,3,2,2,3,2,3,2,3,Standard,Strategic,197.0,0.0,0.0,,,,,0.0,88.0,1,-1,0.685,0.315,27,32,28,33,1,4,2.0,1,5.0,1.0,0.94,0.06,-0.06,66.3,,,,,
FF,2024-07-02,96.9,-1.43,6.26,"Yelich, Christian",592885,683232,,ball,,,,,12.0,,R,L,R,COL,MIL,B,,,2,2,2024,-0.16,1.48,1.1228248883867706,4.767940590820663,,655316.0,668930.0,1,9,Top,,,,,,,7.289742924487923,-141.11563582759513,-1.932002819986584,-3.629419992101032,27.09846191631068,-11.985835117289596,3.33114488048714,1.73122663221576,,,,98.7,2362.0,6.9,746537,607732,669911,663898,641857,678662,666134,686668,656541,53.6,,,,,,,,76,5,4-Seam Fastball,3,2,2,3,2,3,2,3,Standard,Standard,191.0,-0.047,0.086,,,,,-0.086,,1,-1,0.732,0.268,27,32,28,33,1,4,2.0,1,5.0,1.0,0.91,0.16,-0.16,65.8,,,,,
SL,2024-07-02,87.5,-1.61,6.17,"Yelich, Christian",592885,683232,,foul,,,,,5.0,,R,L,R,COL,MIL,S,,,2,1,2024,0.29,-0.01,0.2214715579690844,2.5221785396038503,,655316.0,668930.0,1,9,Top,,,,,,,3.878329742615158,-127.50531017124186,-2.796948828270252,2.561133897358886,21.794872736576146,-31.92670372175146,3.35,1.69,41.0,73.8,2.0,89.2,2495.0,6.9,746537,607732,669911,663898,641857,678662,666134,686668,656541,53.59,,,,,,,,76,4,Slider,3,2,2,3,2,3,2,3,Standard,Strategic,90.0,0.038,-0.047,31.7,5.6,,,0.047,88.0,1,-1,0.694,0.306,27,32,28,33,1,4,2.0,1,5.0,1.0,2.93,-0.29,0.29,62.3,-21.72932940318771,52.51830614481968,37.6189915627218,32.993735897445305,-4.933292010176597
FF,2024-07-02,97.1,-1.29,6.24,"Yelich, Christian",592885,683232,,ball,,,,,12.0,,R,L,R,COL,MIL,B,,,1,1,2024,-0.28,1.35,0.2065080477156644,3.947986403409412,,655316.0,668930.0,1,9,Top,,,,,,,4.712262719992451,-141.47619950321905,-3.798060438885937,-4.763975667796289,28.4028103981256,-13.289436173090133,3.33599286807744,1.77328976939922,,,,98.8,2347.0,6.9,746537,607732,669911,663898,641857,678662,666134,686668,656541,53.57,,,,,,,,76,3,4-Seam Fastball,3,2,2,3,2,3,2,3,Standard,Strategic,195.0,-0.024,0.042,,,,,-0.042,,1,-1,0.718,0.282,27,32,28,33,1,4,2.0,1,5.0,1.0,1.04,0.28,-0.28,64.1,,,,,
FF,2024-07-02,97.5,-1.53,6.22,"Yelich, Christian",592885,683232,,called_strike,,,,,2.0,,R,L,R,COL,MIL,S,,,1,0,2024,-0.25,1.4,-0.2400217838099295,3.3077781579310934,,655316.0,668930.0,1,9,Top,,,,,,,4.088145708913475,-142.0301232183779,-5.7040180662054825,-4.2218579896832376,26.576257044388814,-12.092417072651946,3.33360792823495,1.77079962407348,,,,99.4,2343.0,6.9,746537,607732,669911,663898,641857,678662,666134,686668,656541,53.62,,,,,,,,76,2,4-Seam Fastball,3,2,2,3,2,3,2,3,Standard,Standard,195.0,0.024,-0.054,,,,,0.054,,1,-1,0.694,0.306,27,32,28,33,1,4,2.0,1,5.0,1.0,0.96,0.25,-0.25,62.0,,,,,
FF,2024-07-02,97.6,-1.53,6.23,"Yelich, Christian",592885,683232,,ball,,,,,11.0,,R,L,R,COL,MIL,B,,,0,0,2024,-0.36,1.38,-0.1262957479831011,3.713202236526193,,655316.0,668930.0,1,9,Top,,,,,,,4.679386704746877,-142.30782330835424,-4.605948511819318,-5.847385524805931,26.455223875785936,-12.515908552383513,3.33071428199638,1.83442256709913,,,,99.7,2351.0,6.9,746537,607732,669911,663898,641857,678662,666134,686668,656541,53.6,,,,,,,,76,1,4-Seam Fastball,3,2,2,3,2,3,2,3,Standard,Standard,200.0,-0.017,0.03,,,,,-0.03,,1,-1,0.711,0.289,27,32,28,33,1,4,2.0,1,5.0,1.0,0.97,0.36,-0.36,60.7,,,,,
CH,2024-07-02,84.7,-1.2,5.52,"Yelich, Christian",592885,663372,field_out,hit_into_play,,,,,4.0,Christian Yelich lines out sharply to left fielder Nolan Jones.,R,L,R,COL,MIL,X,7.0,line_drive,2,1,2024,-0.45,0.43,-0.6366161284425749,2.766339063289142,,,,2,1,Top,55.51,106.29,,,,,2.2173618747718344,-123.44985730005736,-0.9875007010735084,-5.008588249570871,23.54168856176953,-27.806071638841452,3.35,1.69,289.0,102.0,15.0,85.3,1608.0,6.5,746537,607732,669911,663898,641857,678662,666134,686668,696100,54.01,0.642,0.661,0.0,1.0,0.0,0.0,4.0,3,4,Changeup,0,0,0,0,0,0,0,0,Infield shade,Standard,220.0,0.011,-0.303,71.7,6.9,,0.914,0.303,102.0,0,0,0.537,0.463,27,32,28,33,1,0,6.0,1,6.0,1.0,2.73,0.45,-0.45,43.1,2.933584542115228,18.091615134790555,30.45304417425401,44.83352877765618,19.33573426488999
SL,2024-07-02,90.2,-1.14,5.51,"Yelich, Christian",592885,663372,,ball,,,,,12.0,,R,L,R,COL,MIL,B,,,1,1,2024,0.54,0.47,1.6519824914395405,3.22998099454626,,,,2,1,Top,,,,,,,5.8206905027546965,-131.4461061041589,-0.8290962685495213,5.351337720925264,22.861935104959453,-26.64903124936589,3.34818065403898,1.71227026928106,,,,91.2,2538.0,6.4,746537,607732,669911,663898,641857,678662,666134,686668,696100,54.11,,,,,,,,3,3,Slider,0,0,0,0,0,0,0,0,Infield shade,Standard,193.0,-0.001,0.058,,,,,-0.058,,0,0,0.538,0.462,27,32,28,33,1,0,6.0,1,6.0,1.0,2.28,-0.54,0.54,41.1,,,,,
FF,2024-07-02,95.3,-1.17,5.54,"Yelich, Christian",592885,663372,,ball,,,,,14.0,,R,L,R,COL,MIL,B,,,0,1,2024,-0.39,1.04,1.6373388813184824,1.7065617506025368,,,,2,1,Top,,,,,,,8.288783214029984,-138.72396746133805,-6.93133739290703,-6.565237964123321,23.537047917395856,-17.44243997011248,3.35665371339496,1.68546599556238,,,,96.7,2449.0,6.5,746537,607732,669911,663898,641857,678662,666134,686668,696100,53.96,,,,,,,,3,2,4-Seam Fastball,0,0,0,0,0,0,0,0,Standard,Standard,213.0,-0.002,0.029,,,,,-0.029,,0,0,0.54,0.46,27,32,28,33,1,0,6.0,1,6.0,1.0,1.42,0.39,-0.39,39.6,,,,,
SL,2024-07-02,89.2,-1.29,5.59,"Yelich, Christian",592885,663372,,swinging_strike,,,,,14.0,,R,L,R,COL,MIL,S,,,0,0,2024,0.42,0.3,0.2223110112713769,0.938027556848231,,,,2,1,Top,,,,,,,2.857765052268453,-130.06455571262794,-6.223271584397974,4.342614566139656,21.476728517730905,-27.896185105841507,3.35,1.69,,,,90.5,2481.0,6.5,746537,607732,669911,663898,641857,678662,666134,686668,696100,53.99,,,,,,,,3,1,Slider,0,0,0,0,0,0,0,0,Standard,Standard,183.0,0.002,-0.041,80.4,8.5,4.603147536,,0.041,,0,0,0.538,0.462,27,32,28,33,1,0,6.0,1,6.0,1.0,2.51,-0.42,0.42,39.7,23.384945859762396,-11.952130262539905,40.17582680348816,34.459839343436705,41.02676993489233
KC,2024-07-01,78.6,2.1,6.48,"Yelich, Christian",592885,596295,field_out,hit_into_play,,,,,7.0,"Christian Yelich grounds out, pitcher Austin Gomber to first baseman Michael Toglia.",R,L,L,COL,MIL,X,1.0,ground_ball,0,1,2024,-0.69,-0.78,-0.6342229396843341,1.6987068701133183,,,,2,5,Top,135.63,182.73,,,,,-4.68054669742381,-114.4618510202056,-2.189563840051199,-5.3558934016280935,18.25360731478092,-38.96831435459822,3.34,1.69,6.0,66.2,-18.0,79.7,2603.0,6.7,746535,553869,669911,663898,641857,678662,666134,686668,595909,53.83,0.043,0.084,0.0,1.0,0.0,0.0,2.0,38,2,Knuckle Curve,3,4,4,3,4,3,4,3,Standard,Standard,334.0,0.009,-0.215,71.0,8.4,,0.045,0.215,88.0,-1,1,0.406,0.594,30,32,31,33,3,2,6.0,1,5.0,1.0,4.43,-0.69,-0.69,55.5,15.460385569055608,-8.475749755044534,32.03292308638144,44.52417478945505,36.44000308665048
SL,2024-07-01,85.9,2.22,6.51,"Yelich, Christian",592885,596295,,called_strike,,,,,4.0,,R,L,L,COL,MIL,S,,,0,0,2024,-0.2,0.29,-0.6473677170823678,2.58460093031711,,,,2,5,Top,,,,,,,-6.474892913483246,-125.18651387471836,-3.81086619512109,-1.107908580398267,19.78581349765696,-28.6170527214968,3.43625705765533,1.75040131820229,,,,87.7,2556.0,6.9,746535,553869,669911,663898,641857,678662,666134,686668,595909,53.61,,,,,,,,38,1,Slider,3,4,4,3,4,3,4,3,Standard,Standard,230.0,0.002,-0.041,,,,,0.041,,-1,1,0.404,0.596,30,32,31,33,3,2,6.0,1,5.0,1.0,2.74,-0.2,-0.2,53.7,,,,,
FF,2024-07-01,90.9,2.14,6.49,"Yelich, Christian",592885,596295,single,hit_into_play,,,,,9.0,Christian Yelich singles on a sharp line drive to right fielder Jake Cave. William Contreras to 2nd.,R,L,L,COL,MIL,X,9.0,line_drive,0,1,2024,0.57,1.27,0.5639844299915368,1.6988991635489084,,,661388.0,0,4,Top,163.23,66.06,,,,,-5.225154315831328,-132.27591801385475,-9.027877452160965,7.675816090755256,21.44808685820696,-15.652814376984455,3.34,1.69,299.0,105.9,13.0,92.6,2221.0,6.8,746535,553869,669911,663898,641857,678662,666134,686668,595909,53.7,0.884,0.914,0.9,1.0,1.0,0.0,5.0,24,2,4-Seam Fastball,3,0,0,3,0,3,0,3,Infield shade,Standard,151.0,-0.067,0.491,73.6,7.9,,1.23,-0.491,105.9,3,-3,0.78,0.22,30,32,31,33,2,1,6.0,1,5.0,1.0,1.43,0.57,0.57,53.0,12.657646688387365,-5.043914001474323,41.6660982041235,30.965525128726046,33.98970785177701
SL,2024-07-01,84.7,2.3,6.57,"Yelich, Christian",592885,596295,,called_strike,,,,,2.0,,R,L,L,COL,MIL,S,,,0,0,2024,-0.29,0.2,0.2744153229509078,3.2070585673075858,,,661388.0,0,4,Top,,,,,,,-4.2176140408487015,-123.5753961396439,-2.0763710024652653,-2.3205026310619195,19.420278071965736,-29.918268163469648,3.30765663052681,1.71688833016925,,,,86.6,2452.0,6.9,746535,553869,669911,663898,641857,678662,666134,686668,595909,53.59,,,,,,,,24,1,Slider,3,0,0,3,0,3,0,3,Standard,Standard,187.0,0.005,-0.042,,,,,0.042,,3,-3,0.775,0.225,30,32,31,33,2,1,6.0,1,5.0,1.0,2.91,-0.29,-0.29,53.0,,,,,
FF,2024-07-01,94.5,-1.91,6.37,"Yelich, Christian",592885,683627,triple,hit_into_play,,,,,4.0,Christian Yelich triples (3) on a sharp line drive to left fielder Nolan Jones.,R,L,R,COL,MIL,X,7.0,line_drive,3,2,2024,-0.56,1.22,-0.4481178449129903,2.5807007543162506,,,,1,8,Top,83.82,45.42,,,,,5.046285744708506,-137.57511955274862,-6.999040145187332,-8.08299859217295,25.6290886297762,-15.360872363655496,3.34,1.69,393.0,105.8,19.0,95.1,2106.0,6.2,746535,553869,669911,663898,641857,678662,666134,686668,595909,54.25,0.516,0.8315749999999997,1.6,1.0,1.0,2.0,6.0,61,6,4-Seam Fastball,6,4,4,6,4,6,4,6,Infield shade,Standard,213.0,-0.079,1.011,73.9,7.5,,1.527,-1.011,105.8,2,-2,0.893,0.107,22,32,22,33,1,3,3.0,1,3.0,1.0,1.3,0.56,-0.56,48.9,3.8448299705723614,5.060376839500164,32.98163982125508,42.76007215718416,24.412048704934072
SL,2024-07-01,89.2,-2.23,6.23,"Yelich, Christian",592885,683627,,ball,,,,,11.0,,R,L,R,COL,MIL,B,,,2,2,2024,0.2,0.56,-1.0464146009999666,2.6599991541492187,,,,1,8,Top,,,,,,,2.481315932990116,-130.09603512174638,-4.081473280364183,1.942001720435501,20.903554726378143,-25.18163585838191,3.35736050038186,1.72827809201528,,,,90.0,1998.0,6.1,746535,553869,669911,663898,641857,678662,666134,686668,595909,54.35,,,,,,,,61,5,Slider,6,4,4,6,4,6,4,6,Infield shade,Standard,194.0,-0.011,0.108,,,,,-0.108,,2,-2,0.904,0.096,22,32,22,33,1,3,3.0,1,3.0,1.0,2.24,-0.2,0.2,47.7,,,,,
FF,2024-07-01,95.4,-2.07,6.36,"Yelich, Christian",592885,683627,,ball,,,,,11.0,,R,L,R,COL,MIL,B,,,1,2,2024,-0.74,1.11,-1.5529315694399553,3.661618763620953,,,,1,8,Top,,,,,,,2.998465332133724,-138.9869229783294,-4.052801913054634,-10.23975202478227,26.20955640612343,-16.980431266552813,3.31160568740935,1.75600632826001,,,,95.7,2147.0,6.1,746535,553869,669911,663898,641857,678662,666134,686668,595909,54.43,,,,,,,,61,4,4-Seam Fastball,6,4,4,6,4,6,4,6,Infield shade,Standard,213.0,-0.003,0.043,,,,,-0.043,,2,-2,0.907,0.093,22,32,22,33,1,3,3.0,1,3.0,1.0,1.35,0.74,-0.74,48.5,,,,,
CH,2024-07-01,86.7,-1.95,6.35,"Yelich, Christian",592885,683627,,foul,,,,,4.0,,R,L,R,COL,MIL,S,,,1,1,2024,-1.08,0.58,-0.4236365061951364,2.653551344839111,,,,1,8,Top,,,,,,,5.832743028335504,-126.26397489206384,-3.944051157990075,-12.643263219308894,21.461851497310157,-25.36102519469966,3.34,1.69,1.0,56.4,-66.0,87.3,1995.0,6.3,746535,553869,669911,663898,641857,678662,666134,686668,595909,54.23,,,,,,,,61,3,Changeup,6,4,4,6,4,6,4,6,Infield shade,Standard,229.0,0.006,-0.061,75.9,8.1,,,0.061,88.0,2,-2,0.901,0.099,22,32,22,33,1,3,3.0,1,3.0,1.0,2.41,1.08,-1.08,49.8,27.49718431236408,-13.307967700926577,27.36624049512354,42.50800421131319,42.76035636225083
CH,2024-07-01,87.0,-2.03,6.34,"Yelich, Christian",592885,683627,,ball,,,,,14.0,,R,L,R,COL,MIL,B,,,0,1,2024,-1.08,0.31,0.0977289118889239,0.3433665958228049,,,,1,8,Top,,,,,,,7.285076187401935,-126.40905559753269,-8.946882736044804,-12.89594118020906,20.03386679415729,-27.48479115298844,3.27673363886559,1.71814311279163,,,,87.6,1962.0,6.3,746535,553869,669911,663898,641857,678662,666134,686668,595909,54.24,,,,,,,,61,2,Changeup,6,4,4,6,4,6,4,6,Infield shade,Standard,229.0,-0.003,0.024,,,,,-0.024,,2,-2,0.904,0.096,22,32,22,33,1,3,3.0,1,3.0,1.0,2.66,1.08,-1.08,50.7,,,,,
SL,2024-07-01,90.6,-2.1,6.25,"Yelich, Christian",592885,683627,,called_strike,,,,,7.0,,R,L,R,COL,MIL,S,,,0,0,2024,0.19,0.47,-0.4036378183067689,2.1869934779704137,,,,1,8,Top,,,,,,,3.832874107385401,-132.08138409336073,-5.366121867766412,1.5994329488634238,22.19556728417523,-25.874083542981957,3.34534807790317,1.74970479376776,,,,91.4,1991.0,6.2,746535,553869,669911,663898,641857,678662,666134,686668,595909,54.31,,,,,,,,61,1,Slider,6,4,4,6,4,6,4,6,Infield shade,Standard,191.0,0.004,-0.037,,,,,0.037,,2,-2,0.9,0.1,22,32,22,33,1,3,3.0,1,3.0,1.0,2.25,-0.19,0.19,48.8,,,,,
FF,2024-07-01,90.8,1.95,6.51,"Yelich, Christian",592885,596295,field_out,hit_into_play,,,,,5.0,"Christian Yelich grounds out sharply, second baseman Brendan Rodgers to first baseman Michael Toglia. William Contreras to 3rd.",R,L,L,COL,MIL,X,4.0,ground_ball,0,0,2024,0.8,1.27,0.1409389991527412,2.301627914951512,,661388.0,,1,1,Top,146.54,151.22,,,,,-6.303156416003542,-132.06867744969747,-7.518729026348745,10.536949884326935,22.893210232913876,-15.898789205317645,3.34,1.69,50.0,104.0,0.0,92.6,2167.0,7.0,746535,553869,669911,663898,641857,678662,666134,686668,595909,53.55,0.489,0.45,0.0,1.0,0.0,0.0,4.0,3,1,4-Seam Fastball,0,0,0,0,0,0,0,0,Standard,Standard,149.0,0.03,-0.259,75.3,7.6,,0.535,0.259,104.0,0,0,0.481,0.519,30,32,31,33,1,0,6.0,1,5.0,1.0,1.45,0.8,0.8,51.3,6.084821489812462,4.955242689505423,36.04809265370458,35.418409765961584,28.038749063501918
FF,2024-07-01,97.5,-2.17,5.53,"Yelich, Christian",592885,680767,field_out,hit_into_play,,,,,3.0,Christian Yelich flies out to center fielder Brenton Doyle.,R,L,R,COL,MIL,X,8.0,fly_ball,1,1,2024,-0.5,1.06,0.731885438641595,2.903693062911474,,,,2,9,Top,105.08,53.23,,,,,9.034255146709707,-141.85717836628734,-4.104903266325304,-8.609586954177233,27.48132152331692,-17.03862911200257,3.34,1.69,364.0,92.4,29.0,99.1,2251.0,6.8,746535,553869,669911,663898,641857,678662,666134,686668,595909,53.66,0.089,0.128,0.0,1.0,0.0,0.0,3.0,75,3,4-Seam Fastball,7,7,7,7,7,7,7,7,Standard,Standard,214.0,0.032,-0.244,68.0,6.6,,0.228,0.244,92.4,0,0,0.607,0.393,24,32,25,33,1,4,1.0,1,4.0,1.0,1.31,0.5,-0.5,53.7,8.393573644256993,8.773724669161249,34.97642654489835,29.54965312902067,25.827819313960138
CH,2024-07-01,87.8,-2.7,5.11,"Yelich, Christian",592885,680767,,called_strike,,,,,11.0,,R,L,R,COL,MIL,S,,,1,0,2024,-0.92,0.14,-0.5841681103960393,3.4637404071344884,,,,2,9,Top,,,,,,,7.108524024423327,-127.8810813381829,1.7572260904975503,-11.373057020613556,21.18278674190823,-31.11736283772496,3.2738540192203,1.34722362420364,,,,89.5,1783.0,6.9,746535,553869,669911,663898,641857,678662,666134,686668,595909,53.64,,,,,,,,75,2,Changeup,7,7,7,7,7,7,7,7,Standard,Standard,247.0,0.005,-0.051,,,,,0.051,,0,0,0.602,0.398,24,32,25,33,1,4,1.0,1,4.0,1.0,2.77,0.92,-0.92,28.5,,,,,
FF,2024-07-01,96.8,-2.18,5.77,"Yelich, Christian",592885,680767,,ball,,,,,12.0,,R,L,R,COL,MIL,B,,,0,0,2024,-0.57,1.16,0.6602838973625986,3.5545580476545533,,,,2,9,Top,,,,,,,8.935221167063034,-140.84232664289746,-3.10753653780691,-9.431650622883629,26.851312341504578,-16.093727974982276,3.35829420431873,1.72503197234974,,,,97.9,2356.0,6.6,746535,553869,669911,663898,641857,678662,666134,686668,595909,53.94,,,,,,,,75,1,4-Seam Fastball,7,7,7,7,7,7,7,7,Standard,Standard,213.0,-0.003,0.04,,,,,-0.04,,0,0,0.605,0.395,24,32,25,33,1,4,1.0,1,4.0,1.0,1.24,0.57,-0.57,53.2,,,,,
CU,2024-06-30,73.5,-2.38,5.76,"Yelich, Christian",592885,543294,home_run,hit_into_play,,,,,5.0,Christian Yelich homers (8) on a fly ball to center field. William Contreras scores.,R,L,R,MIL,CHC,X,,fly_ball,2,1,2024,1.32,-0.63,-0.2473053161797251,2.676116123304963,,,661388.0,0,4,Bot,143.14,32.89,,,,,1.9980435061543105,-106.90381313758496,2.1982864088379466,9.673356521005015,20.81715535299459,-37.62689658587854,3.34,1.7,422.0,107.4,24.0,72.0,2924.0,5.4,745971,665804,683737,663538,666624,621020,664023,691718,673548,55.07,0.867,1.6922499999999998,2.0,1.0,0.0,3.0,6.0,28,4,Curveball,0,1,0,1,1,2,2,1,Standard,Standard,46.0,0.201,1.02,75.0,7.3,,3.296,-1.02,107.4,-1,-1,0.484,0.484,34,32,35,33,2,1,5.0,1,6.0,1.0,4.9,-1.32,1.32,41.9,6.282112059310093,0.4603985750117208,31.97392643150047,39.99023201507734,33.56769552165944
SI,2024-06-30,86.9,-2.33,5.73,"Yelich, Christian",592885,543294,,ball,,,,,11.0,,R,L,R,MIL,CHC,B,,,1,1,2024,-1.45,0.77,-1.0061396082199088,3.048891950529093,,,661388.0,0,4,Bot,,,,,,,6.053898309333812,-126.40065568415632,-1.7693093534963111,-16.75693221565953,26.818482919864586,-23.787960539039283,3.36706916350495,1.65741395435824,,,,85.8,2079.0,5.7,745971,665804,683737,663538,666624,621020,664023,691718,673548,54.8,,,,,,,,28,3,Sinker,0,1,0,1,1,0,0,1,Standard,Standard,213.0,0.009,0.043,,,,,-0.043,,-1,-1,0.475,0.475,34,32,35,33,2,1,5.0,1,6.0,1.0,2.26,1.45,-1.45,41.9,,,,,
SI,2024-06-30,86.3,-2.3,5.83,"Yelich, Christian",592885,543294,,ball,,,,,14.0,,R,L,R,MIL,CHC,B,,,0,1,2024,-1.39,0.94,0.0135647116886978,1.1280619887999432,,,661388.0,0,4,Bot,,,,,,,8.223064739795381,-125.33020281804004,-6.754187570485174,-16.2838772171674,26.187320779314884,-21.0538503160824,3.39754529038744,1.61584859286664,,,,85.2,2107.0,5.8,745971,665804,683737,663538,666624,621020,664023,691718,673548,54.75,,,,,,,,28,2,Sinker,0,1,0,1,1,0,0,1,Standard,Standard,209.0,0.005,0.034,,,,,-0.034,,-1,-1,0.47,0.47,34,32,35,33,2,1,5.0,1,6.0,1.0,2.14,1.39,-1.39,45.0,,,,,
CH,2024-06-30,77.6,-2.38,5.86,"Yelich, Christian",592885,543294,,called_strike,,,,,11.0,,R,L,R,MIL,CHC,S,,,0,0,2024,-1.32,0.49,-0.5882050885117276,3.6121145419007377,,,661388.0,0,4,Bot,,,,,,,6.142771223373329,-112.90963711483082,1.1596281297715925,-12.370599497781951,19.3594107500678,-28.40288606906301,3.41837240324742,1.42021678711747,,,,76.8,2061.0,5.6,745971,665804,683737,663538,666624,621020,664023,691718,673548,54.93,,,,,,,,28,1,Changeup,0,1,0,1,1,0,0,1,Standard,Standard,240.0,-0.007,-0.042,,,,,0.042,,-1,-1,0.477,0.477,34,32,35,33,2,1,5.0,1,6.0,1.0,3.28,1.32,-1.32,43.4,,,,,
SI,2024-06-30,92.5,1.21,6.6,"Yelich, Christian",592885,592767,field_out,hit_into_play,,,,,3.0,Christian Yelich pops out to second baseman Nico Hoerner.,R,L,L,MIL,CHC,X,4.0,popup,3,1,2024,0.6,1.61,0.7985688966672455,3.291379688576115,,,661388.0,1,7,Bot,158.28,134.56,,,,,-2.33905586810524,-134.5572000442341,-6.07868550813151,7.81998295207341,29.51405653487863,-11.5636674991436,3.34,1.7,183.0,74.0,57.0,91.7,2280.0,5.9,745971,665804,683737,663538,666624,621020,664023,691718,673548,54.63,0.061,0.068,0.0,1.0,0.0,0.0,3.0,55,5,Sinker,7,1,7,1,1,7,7,1,Standard,Standard,142.0,-0.001,-0.402,77.0,7.5,,0.086,0.402,88.0,6,6,0.993,0.993,35,32,35,33,1,3,4.0,1,4.0,1.0,1.06,0.6,0.6,52.8,18.88184824594833,-9.186024217490724,27.4789472333718,28.970927561430457,32.16390907506273
SI,2024-06-30,93.2,1.2,6.6,"Yelich, Christian",592885,592767,,called_strike,,,,,3.0,,R,L,L,MIL,CHC,S,,,3,0,2024,0.41,1.55,0.3520230785995973,3.251917498000127,,,661388.0,1,7,Bot,,,,,,,-3.05948708405366,-135.57720324146817,-6.154992474936387,5.761412538914877,30.403741313293697,-11.977399579225272,3.36374912399349,1.66146817568023,,,,92.3,2264.0,5.8,745971,665804,683737,663538,666624,621020,664023,691718,673548,54.69,,,,,,,,55,4,Sinker,7,1,7,1,1,7,7,1,Standard,Standard,146.0,-0.001,-0.047,,,,,0.047,,6,6,0.994,0.994,35,32,35,33,1,3,4.0,1,4.0,1.0,1.09,0.41,0.41,50.0,,,,,
FC,2024-06-30,89.1,1.51,6.31,"Yelich, Christian",592885,592767,,ball,,,,,13.0,,R,L,L,MIL,CHC,B,,,2,0,2024,0.44,1.28,-0.4181971742792736,1.3509603858519688,,,661388.0,1,7,Bot,,,,,,,-5.60335990925733,-129.53219739222214,-8.813445773099605,6.071976589094218,24.11001591423284,-16.123686420733293,3.43746473427787,1.66521345944426,,,,88.7,2242.0,5.8,745971,665804,683737,663538,666624,621020,664023,691718,673548,54.65,,,,,,,,55,3,Cutter,7,1,7,1,1,7,7,1,Standard,Standard,137.0,0.001,0.102,,,,,-0.102,,6,6,0.993,0.993,35,32,35,33,1,3,4.0,1,4.0,1.0,1.57,0.44,0.44,45.3,,,,,
KC,2024-06-30,80.0,1.57,6.4,"Yelich, Christian",592885,592767,,ball,,,,,14.0,,R,L,L,MIL,CHC,B,,,1,0,2024,0.29,-0.28,1.4848625243676516,1.853437039214048,,,661388.0,1,7,Bot,,,,,,,-0.7285146027691122,-116.58233138190892,-2.8486544462948453,2.824021225250352,19.59420412878007,-34.4636910094929,3.42645889367704,1.72438794006519,,,,79.4,2356.0,5.5,745971,665804,683737,663538,666624,621020,664023,691718,673548,54.96,,,,,,,,55,2,Knuckle Curve,7,1,7,1,1,7,7,1,Standard,Standard,34.0,0.0,0.056,,,,,-0.056,,6,6,0.993,0.993,35,32,35,33,1,3,4.0,1,4.0,1.0,3.8,0.29,0.29,45.9,,,,,
KC,2024-06-30,80.5,1.56,6.4,"Yelich, Christian",592885,592767,,ball,,,,,13.0,,R,L,L,MIL,CHC,B,,,0,0,2024,0.22,-0.24,-0.0270156989270509,1.4037919225856963,,,661388.0,1,7,Bot,,,,,,,-3.912655809618279,-117.31304235333616,-4.058157227604955,2.718512227538909,19.11930538986684,-33.91242367873328,3.46671695029343,1.7296654821609,,,,80.4,2252.0,5.8,745971,665804,683737,663538,666624,621020,664023,691718,673548,54.7,,,,,,,,55,1,Knuckle Curve,7,1,7,1,1,7,7,1,Standard,Standard,30.0,0.0,0.036,,,,,-0.036,,6,6,0.993,0.993,35,32,35,33,1,3,4.0,1,4.0,1.0,3.71,0.22,0.22,47.1,,,,,
FF,2024-06-30,94.5,-1.88,5.59,"Yelich, Christian",592885,605347,single,hit_into_play,,,,,2.0,Christian Yelich singles on a ground ball to center fielder Pete Crow-Armstrong.,R,L,R,MIL,CHC,X,8.0,ground_ball,2,2,2024,-0.83,1.31,-0.0344538483781176,2.937677804446368,,,,0,5,Bot,140.1,99.52,,,,,6.641394961209911,-137.37247642244125,-4.103573271933751,-12.0309527944874,31.287419742833155,-14.9061890868843,3.34,1.7,35.0,97.9,-2.0,94.2,2031.0,6.2,745971,665804,683737,663538,666624,621020,664023,691718,673548,54.25,0.427,0.404,0.9,1.0,1.0,0.0,2.0,40,7,4-Seam Fastball,7,1,7,1,1,7,7,1,Standard,Standard,226.0,0.003,0.476,74.0,6.9,,0.429,-0.476,97.9,6,6,0.978,0.978,31,32,31,33,1,2,2.0,1,2.0,1.0,1.26,0.83,-0.83,33.4,0.5116838333677829,10.63267808532364,30.340840694926676,39.05681049194386,24.511729211173588
FF,2024-06-30,94.9,-1.87,5.75,"Yelich, Christian",592885,605347,,foul,,,,,2.0,,R,L,R,MIL,CHC,S,,,2,2,2024,-0.75,1.26,-0.2088891745298625,3.0729724269109813,,,,0,5,Bot,,,,,,,6.0239833589334175,-138.09117885314595,-4.192169830168193,-10.909334609033982,29.05551379383537,-15.272400435013935,3.34,1.7,216.0,74.2,47.0,95.2,2136.0,6.4,745971,665804,683737,663538,666624,621020,664023,691718,673548,54.15,,,,,,,,40,6,4-Seam Fastball,7,1,7,1,1,7,7,1,Standard,Standard,227.0,0.0,0.0,73.4,7.0,,,0.0,88.0,6,6,0.978,0.978,31,32,31,33,1,2,2.0,1,2.0,1.0,1.26,0.75,-0.75,36.4,4.609303381406429,9.333707381558,30.47784190700157,40.71987392059093,25.55481639360726
CH,2024-06-30,87.3,-1.94,5.66,"Yelich, Christian",592885,605347,,foul,,,,,13.0,,R,L,R,MIL,CHC,S,,,2,2,2024,-1.35,-0.01,-0.3898747726341782,1.2653043518896312,,,,0,5,Bot,,,,,,,6.494976024109596,-126.99406099447688,-4.412030877641671,-15.946261174336966,25.19425258310934,-31.63610337769201,3.34,1.7,3.0,49.0,-29.0,87.4,1754.0,6.3,745971,665804,683737,663538,666624,621020,664023,691718,673548,54.22,,,,,,,,40,5,Changeup,7,1,7,1,1,7,7,1,Standard,Standard,245.0,0.0,0.0,64.0,8.3,,,0.0,88.0,6,6,0.978,0.978,31,32,31,33,1,2,2.0,1,2.0,1.0,3.0,1.35,-1.35,34.9,17.914540942702654,-2.806598389392865,35.59247938748992,42.86659018674929,36.17265518901653
CH,2024-06-30,81.2,-2.71,5.83,"Yelich, Christian",592885,543294,field_out,hit_into_play,,,,,7.0,"Christian Yelich grounds out, second baseman Nico Hoerner to first baseman Michael Busch.",R,L,R,MIL,CHC,X,4.0,ground_ball,1,1,2024,-1.3,0.44,-0.6977532207750119,1.802168681011668,,,,2,1,Bot,138.07,153.95,,,,,6.890972993178117,-118.0332280179662,-3.186053769961779,-13.459898151708522,23.502988053591903,-27.603179488212916,3.34,1.7,4.0,68.6,-27.0,80.0,2163.0,5.6,745971,665804,683737,663538,666624,621020,664023,691718,673548,54.87,0.049,0.057,0.0,1.0,0.0,0.0,2.0,9,3,Changeup,0,1,0,1,1,0,0,1,Standard,Standard,229.0,-0.009,-0.244,73.1,7.9,,0.071,0.244,88.0,-1,-1,0.406,0.406,34,32,35,33,1,0,5.0,1,6.0,1.0,3.03,1.3,-1.3,40.8,7.975753254979568,-7.087732176201229,34.56630599619949,45.39550729806045,34.28307334260059
FF,2024-06-30,87.9,-2.87,5.79,"Yelich, Christian",592885,543294,,ball,,,,,13.0,,R,L,R,MIL,CHC,B,,,0,1,2024,-0.58,1.28,-0.9125120410604296,1.453839471011993,,,,2,1,Bot,,,,,,,5.873048931702746,-127.70990120094432,-6.945934092183841,-7.632128368934946,27.074129925557635,-16.901608833437777,3.34669479154283,1.43054345834302,,,,86.7,2116.0,5.7,745971,665804,683737,663538,666624,621020,664023,691718,673548,54.81,,,,,,,,9,2,4-Seam Fastball,0,1,0,1,1,0,0,1,Standard,Standard,215.0,0.001,0.029,,,,,-0.029,,-1,-1,0.405,0.405,34,32,35,33,1,0,5.0,1,6.0,1.0,1.69,0.58,-0.58,43.2,,,,,
KC,2024-06-30,82.5,-1.86,5.82,"Yelich, Christian",592885,605347,,ball,,,,,12.0,,R,L,R,MIL,CHC,B,,,1,2,2024,0.97,-0.9,1.5248777496466095,3.52772924320636,,,,0,5,Bot,,,,,,,5.780177249790417,-119.9814325831804,3.0348015216188,8.228449127336637,23.276118110734053,-41.64686366026195,3.3540447129263,1.77079301149051,,,,82.0,2570.0,6.0,745971,665804,683737,663538,666624,621020,664023,691718,673548,54.48,,,,,,,,40,4,Knuckle Curve,7,1,7,1,1,7,7,1,Strategic,Standard,43.0,0.001,0.04,,,,,-0.04,,6,6,0.977,0.977,31,32,31,33,1,2,2.0,1,2.0,1.0,4.25,-0.97,0.97,39.7,,,,,
SI,2024-06-30,87.1,-2.7,5.84,"Yelich, Christian",592885,543294,,called_strike,,,,,9.0,,R,L,R,MIL,CHC,S,,,0,0,2024,-1.13,0.78,0.5471021399596663,2.063175564460716,,,,2,1,Bot,,,,,,,9.970244013912689,-126.40570773510092,-4.439411810751613,-14.128229929017404,24.72045564700182,-23.10367324652273,3.32010614998957,1.5790051563832,,,,86.0,2066.0,5.7,745971,665804,683737,663538,666624,621020,664023,691718,673548,54.85,,,,,,,,9,1,Sinker,0,1,0,1,1,0,0,1,Standard,Standard,212.0,-0.002,-0.041,,,,,0.041,,-1,-1,0.407,0.407,34,32,35,33,1,0,5.0,1,6.0,1.0,2.23,1.13,-1.13,44.8,,,,,
KC,2024-06-30,83.0,-1.98,5.66,"Yelich, Christian",592885,605347,,ball,,,,,14.0,,R,L,R,MIL,CHC,B,,,0,2,2024,0.59,-1.22,0.8599900697295998,0.0963057441851034,,,,0,5,Bot,,,,,,,5.323699483573668,-120.72574324600744,-3.737298489547056,4.513059575845942,27.795700539577773,-43.300734791892864,3.4410448554877,1.83448754934929,,,,82.2,2486.0,6.2,745971,665804,683737,663538,666624,621020,664023,691718,673548,54.32,,,,,,,,40,3,Knuckle Curve,7,1,7,1,1,7,7,1,Strategic,Standard,83.0,0.0,0.023,,,,,-0.023,,6,6,0.977,0.977,31,32,31,33,1,2,2.0,1,2.0,1.0,4.58,-0.59,0.59,35.4,,,,,
FF,2024-06-30,93.6,-2.1,5.42,"Yelich, Christian",592885,605347,,called_strike,,,,,6.0,,R,L,R,MIL,CHC,S,,,0,1,2024,-1.23,1.17,0.4023702025137803,2.443769844349084,,,,0,5,Bot,,,,,,,9.157715747044785,-135.97063971896642,-4.479411046279127,-17.2789104873026,31.89050667729732,-16.816646566894903,3.38872809649809,1.71174142138315,,,,93.3,2106.0,6.4,745971,665804,683737,663538,666624,621020,664023,691718,673548,54.13,,,,,,,,40,2,4-Seam Fastball,7,1,7,1,1,7,7,1,Strategic,Standard,232.0,-0.001,-0.054,,,,,0.054,,6,6,0.978,0.978,31,32,31,33,1,2,2.0,1,2.0,1.0,1.45,1.23,-1.23,29.6,,,,,
KC,2024-06-30,81.4,-2.12,5.68,"Yelich, Christian",592885,605347,,swinging_strike,,,,,14.0,,R,L,R,MIL,CHC,S,,,0,0,2024,0.88,-1.11,0.5733282346646449,1.143454870985647,,,,0,5,Bot,,,,,,,4.327311758983756,-118.36996474943528,-1.3685713694705508,7.293921497217309,25.263567573173045,-42.43210249045608,3.34,1.7,,,,80.7,2434.0,6.1,745971,665804,683737,663538,666624,621020,664023,691718,673548,54.36,,,,,,,,40,1,Knuckle Curve,7,1,7,1,1,7,7,1,Strategic,Standard,52.0,0.0,-0.037,68.8,8.5,3.436750884,,0.037,,6,6,0.978,0.978,31,32,31,33,1,2,2.0,1,2.0,1.0,4.58,-0.88,0.88,37.9,22.36258310162739,-20.77858117868182,36.19683140280673,32.05856768940639,42.57157104143806
FF,2024-06-29,92.7,2.11,5.91,"Yelich, Christian",592885,657006,field_out,hit_into_play,,,,,1.0,Christian Yelich flies out to left fielder Ian Happ.,R,L,L,MIL,CHC,X,7.0,fly_ball,2,1,2024,0.11,0.85,-0.698130483565166,2.8598459474709808,,,,2,5,Bot,54.38,107.12,,,,,-7.432644678868719,-134.97661497108578,-3.914612981904318,2.7678942097068653,26.498178512441243,-21.155076499340183,3.36,1.7,288.0,89.4,46.0,93.5,2417.0,6.5,745972,621512,683737,663538,666624,621020,664023,691718,673548,53.98,0.001,0.0,0.0,1.0,0.0,0.0,3.0,45,4,4-Seam Fastball,3,3,3,3,3,3,3,3,Standard,Standard,161.0,-0.017,-0.303,75.4,7.6,,0.001,0.303,89.4,0,0,0.517,0.517,28,32,29,33,3,2,5.0,1,6.0,1.0,1.78,0.11,0.11,43.8,11.17447204215131,5.194269254573072,30.387022608559423,47.0524270746856,26.83748939667872
SL,2024-06-29,84.4,2.08,5.97,"Yelich, Christian",592885,657006,,ball,,,,,14.0,,R,L,L,MIL,CHC,B,,,1,1,2024,-0.78,-0.07,0.890239209545741,1.894734438911836,,,,2,5,Bot,,,,,,,-1.219494577848747,-123.05446635396711,-3.050617682273823,-7.7287987685028465,22.881666068393315,-32.51160596187905,3.28060433961943,1.76615913673256,,,,84.7,2749.0,6.3,745972,621512,683737,663538,666624,621020,664023,691718,673548,54.24,,,,,,,,45,3,Slider,3,3,3,3,3,3,3,3,Standard,Standard,309.0,0.003,0.058,,,,,-0.058,,0,0,0.514,0.514,28,32,29,33,3,2,5.0,1,6.0,1.0,3.24,-0.78,-0.78,48.9,,,,,
FF,2024-06-29,92.9,2.11,5.91,"Yelich, Christian",592885,657006,,ball,,,,,12.0,,R,L,L,MIL,CHC,B,,,0,1,2024,-0.16,1.14,0.7982648914455837,3.785008587179616,,,,2,5,Bot,,,,,,,-3.011508943655722,-135.47570079654318,-2.284393463615032,-1.46996454553747,23.863509278964244,-17.66117840544092,3.37819175537579,1.76012997020091,,,,94.0,2365.0,6.4,745972,621512,683737,663538,666624,621020,664023,691718,673548,54.13,,,,,,,,45,2,4-Seam Fastball,3,3,3,3,3,3,3,3,Standard,Standard,165.0,0.001,0.029,,,,,-0.029,,0,0,0.513,0.513,28,32,29,33,3,2,5.0,1,6.0,1.0,1.45,-0.16,-0.16,49.0,,,,,
FF,2024-06-29,92.5,2.12,5.93,"Yelich, Christian",592885,657006,,called_strike,,,,,2.0,,R,L,L,MIL,CHC,S,,,0,0,2024,0.05,0.82,0.2113031666347044,3.497206125208921,,,,2,5,Bot,,,,,,,-4.981073864922968,-134.8117925833414,-2.270409785923558,1.5428635934522466,25.959031576184252,-21.787066102415142,3.4203767754099,1.76864833771406,,,,93.3,2360.0,6.4,745972,621512,683737,663538,666624,621020,664023,691718,673548,54.06,,,,,,,,45,1,4-Seam Fastball,3,3,3,3,3,3,3,3,Standard,Standard,157.0,-0.002,-0.041,,,,,0.041,,0,0,0.515,0.515,28,32,29,33,3,2,5.0,1,6.0,1.0,1.81,0.05,0.05,48.1,,,,,
FF,2024-06-29,93.4,2.17,5.93,"Yelich, Christian",592885,657006,strikeout,swinging_strike,,,,,11.0,Christian Yelich strikes out swinging.,R,L,L,MIL,CHC,S,2.0,,0,2,2024,0.03,1.04,-0.330394294272615,3.6015466562289817,668930.0,661388.0,,1,3,Bot,,,,,,,-6.5239417499826695,-136.13056664073676,-2.6495352158183314,1.5013741830304883,24.58807672533325,-18.78095301094506,3.36,1.7,,,,94.6,2540.0,6.5,745972,621512,683737,663538,666624,621020,664023,691718,673548,53.97,,0.0,0.0,1.0,0.0,0.0,,25,3,4-Seam Fastball,2,2,2,2,2,2,2,2,Strategic,Standard,161.0,-0.052,-0.275,,,,,0.275,,0,0,0.616,0.616,28,32,29,33,2,1,5.0,1,6.0,1.0,1.53,0.03,0.03,44.7,,,,,
SL,2024-06-29,86.6,1.92,5.94,"Yelich, Christian",592885,657006,,swinging_strike,,,,,13.0,,R,L,L,MIL,CHC,S,,,0,1,2024,-1.01,-0.02,-1.299219162311013,0.7965033327560498,,668930.0,661388.0,1,3,Bot,,,,,,,-5.623669291583541,-125.88191123469112,-5.995898377676355,-9.48218476435052,26.77351030681719,-31.32136264165461,3.37758019585677,1.60877962696848,,,,86.5,2820.0,6.4,745972,621512,683737,663538,666624,621020,664023,691718,673548,54.09,,,,,,,,25,2,Slider,2,2,2,2,2,2,2,2,Standard,Standard,305.0,0.024,-0.048,33.7,7.3,13.583727924,,0.048,,0,0,0.592,0.592,28,32,29,33,2,1,5.0,1,6.0,1.0,3.08,-1.01,-1.01,49.3,6.264433539862045,6.84546493223237,42.932229509721154,54.806962071254176,25.586689405923657
SI,2024-06-29,94.4,1.97,5.91,"Yelich, Christian",592885,657006,,called_strike,,,,,8.0,,R,L,L,MIL,CHC,S,,,0,0,2024,1.06,0.9,0.2425808933882027,1.725120723276662,,668930.0,661388.0,1,3,Bot,,,,,,,-6.885095089807555,-137.1986122697755,-7.250199741244527,14.8797886946099,28.19805394140683,-19.411961344808077,3.39865858969066,1.69532700865782,,,,94.9,2588.0,6.5,745972,621512,683737,663538,666624,621020,664023,691718,673548,54.0,,,,,,,,25,1,Sinker,2,2,2,2,2,2,2,2,Standard,Standard,172.0,-0.007,-0.039,,,,,0.039,,0,0,0.599,0.599,28,32,29,33,2,1,5.0,1,6.0,1.0,1.65,1.06,1.06,44.2,,,,,
FF,2024-06-29,95.1,-2.81,5.57,"Yelich, Christian",592885,687863,single,hit_into_play,,,,,1.0,Christian Yelich singles on a line drive to left fielder Ian Happ.,R,L,R,MIL,CHC,X,7.0,line_drive,3,2,2024,0.39,1.09,-0.500983682308226,2.8649975010150244,,,,1,8,Bot,74.1,122.41,,,,,5.289337404238383,-138.523556540165,-4.026385468220816,4.002196283488058,27.023422431105388,-17.440146328305573,3.36,1.7,102.0,103.6,4.0,97.5,2482.0,7.3,745972,665804,683737,663538,623520,621020,664023,691718,673548,53.21,0.579,0.542,0.9,1.0,1.0,0.0,4.0,67,8,4-Seam Fastball,3,5,3,5,5,3,3,5,Infield shade,Standard,187.0,0.047,0.345,70.8,6.6,,0.655,-0.345,103.6,-2,-2,0.131,0.131,23,32,23,33,1,3,2.0,1,4.0,1.0,1.4,-0.39,0.39,43.8,-5.922045712148264,26.6951178395022,33.48106822353994,42.967624102967214,13.00836207090262
FF,2024-06-29,94.9,-2.7,5.63,"Yelich, Christian",592885,687863,,ball,,,,,11.0,,R,L,R,MIL,CHC,B,,,2,2,2024,0.26,1.08,-1.268881105261267,3.881489514484573,,,,1,8,Bot,,,,,,,3.2263369274258125,-138.3165058271836,-1.3886253446347718,2.6997252947548844,29.04875465214763,-18.16205357107217,3.29192940055255,1.72284124819056,,,,97.1,2407.0,7.3,745972,665804,683737,663538,623520,621020,664023,691718,673548,53.15,,,,,,,,67,7,4-Seam Fastball,3,5,3,5,5,3,3,5,Infield shade,Standard,188.0,0.013,0.108,,,,,-0.108,,-2,-2,0.118,0.118,23,32,23,33,1,3,2.0,1,4.0,1.0,1.43,-0.26,0.26,43.5,,,,,
ST,2024-06-29,82.0,-3.05,5.43,"Yelich, Christian",592885,687863,,ball,,,,,13.0,,R,L,R,MIL,CHC,B,,,1,2,2024,1.46,-0.15,-1.149991580586828,2.322844952194096,,,,1,8,Bot,,,,,,,1.4900036398278425,-119.39347204953398,-0.177981435834801,13.712666224428318,23.133409069070133,-33.78715608925202,3.25296132466994,1.71893520815148,,,,83.3,2784.0,7.1,745972,665804,683737,663538,623520,621020,664023,691718,673548,53.38,,,,,,,,67,6,Sweeper,3,5,3,5,5,3,3,5,Infield shade,Standard,55.0,0.004,0.043,,,,,-0.043,,-2,-2,0.114,0.114,23,32,23,33,1,3,2.0,1,4.0,1.0,3.54,-1.46,1.46,37.3,,,,,
ST,2024-06-29,82.3,-2.89,5.42,"Yelich, Christian",592885,687863,,foul,,,,,14.0,,R,L,R,MIL,CHC,S,,,1,2,2024,1.52,-0.24,0.1285669914051639,1.4828428871332142,,,,1,8,Bot,,,,,,,3.9662733079722936,-119.85480976327194,-1.9188259590086345,13.80852848248477,24.52858119877019,-34.3096467639169,3.36,1.7,2.0,70.6,-34.0,83.6,2784.0,7.3,745972,665804,683737,663538,623520,621020,664023,691718,673548,53.23,,,,,,,,67,5,Sweeper,3,5,3,5,5,3,3,5,Infield shade,Standard,62.0,0.0,0.0,69.2,8.7,,,0.0,88.0,-2,-2,0.114,0.114,23,32,23,33,1,3,2.0,1,4.0,1.0,3.62,-1.52,1.52,38.5,27.95423742203164,-7.457542040600713,40.73437083231215,36.702060031304754,36.62781728997115
FF,2024-06-29,96.5,-2.46,5.71,"Yelich, Christian",592885,687863,,foul,,,,,2.0,,R,L,R,MIL,CHC,S,,,1,2,2024,0.06,1.17,-0.0066986087193934,3.4350724285124814,,,,1,8,Bot,,,,,,,6.512042057998927,-140.43248742736833,-3.2520152367196578,-0.6112763418048861,29.13936726662066,-16.09913852951231,3.36,1.7,250.0,78.3,30.0,98.6,2504.0,7.3,745972,665804,683737,663538,623520,621020,664023,691718,673548,53.23,,,,,,,,67,4,4-Seam Fastball,3,5,3,5,5,3,3,5,Infield shade,Standard,195.0,0.0,0.0,68.9,6.1,,,0.0,88.0,-2,-2,0.114,0.114,23,32,23,33,1,3,2.0,1,4.0,1.0,1.26,-0.06,0.06,47.0,-1.410790236427839,27.42441718929701,28.859466451315907,37.27550440317553,15.709754199618292
FF,2024-06-29,97.9,-2.67,5.62,"Yelich, Christian",592885,687863,,ball,,,,,13.0,,R,L,R,MIL,CHC,B,,,0,2,2024,-0.08,1.42,-0.0286321572960742,1.478536995292222,,,,1,8,Bot,,,,,,,7.47468668294487,-142.27988816360397,-9.187268730604966,-2.678969707906252,30.312739326501735,-10.998585892085105,3.37499963534538,1.75847089057611,,,,100.2,2516.0,7.5,745972,665804,683737,663538,623520,621020,664023,691718,673548,53.04,,,,,,,,67,3,4-Seam Fastball,3,5,3,5,5,3,3,5,Infield shade,Standard,200.0,0.003,0.02,,,,,-0.02,,-2,-2,0.111,0.111,23,32,23,33,1,3,2.0,1,4.0,1.0,0.95,0.08,-0.08,42.7,,,,,
FF,2024-06-29,95.9,-2.71,5.6,"Yelich, Christian",592885,687863,,foul,,,,,5.0,,R,L,R,MIL,CHC,S,,,0,1,2024,0.24,1.14,0.2659559931035584,2.592194893000858,,,,1,8,Bot,,,,,,,7.426095124956958,-139.49065359549004,-5.020569405281132,1.5959511587261277,29.74657546950853,-16.376122646857365,3.36,1.7,226.0,76.6,47.0,97.6,2424.0,7.2,745972,665804,683737,663538,623520,621020,664023,691718,673548,53.32,,,,,,,,67,2,4-Seam Fastball,3,5,3,5,5,3,3,5,Standard,Standard,193.0,-0.007,-0.057,76.3,7.0,,,0.057,88.0,-2,-2,0.118,0.118,23,32,23,33,1,3,2.0,1,4.0,1.0,1.33,-0.24,0.24,39.0,1.5940772543610089,15.882634903764592,35.742983622161546,35.057763599210126,21.845944633453676
ST,2024-06-29,82.7,-3.05,5.48,"Yelich, Christian",592885,687863,,called_strike,,,,,4.0,,R,L,R,MIL,CHC,S,,,0,0,2024,1.3,0.08,-0.6311470736512375,2.7514491834611747,,,,1,8,Bot,,,,,,,2.9989550667420617,-120.39813291205958,0.1248578972033953,12.07627231860972,23.82778714095832,-31.609127633873975,3.40259055443511,1.65858024698453,,,,83.7,2761.0,7.0,745972,665804,683737,663538,623520,621020,664023,691718,673548,53.53,,,,,,,,67,1,Sweeper,3,5,3,5,5,3,3,5,Standard,Standard,65.0,-0.005,-0.037,,,,,0.037,,-2,-2,0.123,0.123,23,32,23,33,1,3,2.0,1,4.0,1.0,3.25,-1.3,1.3,37.2,,,,,
SI,2024-06-29,92.6,2.04,6.01,"Yelich, Christian",592885,657006,grounded_into_double_play,hit_into_play,,,,,8.0,"Christian Yelich grounds into a double play, third baseman Christopher Morel to shortstop Dansby Swanson to first baseman Michael Busch. William Contreras out at 2nd. Christian Yelich out at 1st.",R,L,L,MIL,CHC,X,5.0,ground_ball,0,0,2024,1.11,0.77,-0.0182460103193722,1.9211653632636072,,,661388.0,1,1,Bot,107.61,164.12,,,,,-7.674971009989909,-134.61832754288136,-6.35009329078805,15.094361647096465,27.709028527680346,-21.569644185898664,3.36,1.7,6.0,103.8,-16.0,92.8,2379.0,6.3,745972,621512,683737,663538,666624,621020,664023,691718,673548,54.17,0.208,0.256,0.0,1.0,0.0,0.0,2.0,9,1,Sinker,0,2,0,2,2,0,0,2,Standard,Standard,160.0,-0.053,-0.314,69.2,6.7,,0.21,0.314,103.8,-2,-2,0.355,0.355,28,32,29,33,1,0,5.0,1,6.0,1.0,1.88,1.11,1.11,43.1,-14.41701906648118,27.77350859905925,39.9092948431992,37.90403267830418,14.680791781567766
FF,2024-06-28,93.1,-1.19,5.87,"Yelich, Christian",592885,592791,field_out,hit_into_play,,,,,6.0,Christian Yelich grounds out to first baseman Michael Busch.,R,L,R,MIL,CHC,X,3.0,ground_ball,3,0,2024,-0.34,1.13,0.6046197430233464,2.689004100455368,,,668930.0,2,5,Bot,148.73,178.87,,,,,5.4105057181511,-135.47430763073956,-4.951684368439663,-5.36304420469941,28.12140370697701,-17.338112166808834,3.36,1.7,17.0,89.9,-8.0,94.3,2374.0,6.9,745970,665804,683737,663538,666624,621020,664023,691718,641355,53.63,0.208,0.19,0.0,1.0,0.0,0.0,2.0,41,4,4-Seam Fastball,4,2,4,2,2,4,4,2,Standard,Standard,207.0,-0.023,-0.43,74.5,7.3,,0.249,0.43,89.9,2,2,0.802,0.802,32,32,33,33,3,2,6.0,2,6.0,1.0,1.49,0.34,-0.34,41.2,10.357122292455427,-7.066536364270681,37.08284948726143,29.864379252365207,32.49374792628789
CU,2024-06-28,79.7,-1.2,6.1,"Yelich, Christian",592885,592791,,ball,,,,,11.0,,R,L,R,MIL,CHC,B,,,2,0,2024,0.83,-0.8,-0.4701419145673994,3.923137190729526,,,668930.0,2,5,Bot,,,,,,,0.0439510231429287,-116.05297479156675,3.482168296723356,7.481265010974956,21.54258169259228,-40.27166404108384,3.35999872193666,1.76854604832224,,,,80.3,2815.0,6.6,745970,665804,683737,663538,666624,621020,664023,691718,641355,53.87,,,,,,,,41,3,Curveball,4,2,4,2,2,4,4,2,Standard,Standard,58.0,0.004,0.076,,,,,-0.076,,2,2,0.798,0.798,32,32,33,33,3,2,6.0,2,6.0,1.0,4.38,-0.83,0.83,47.2,,,,,
FF,2024-06-28,92.7,-1.18,5.88,"Yelich, Christian",592885,592791,,ball,,,,,13.0,,R,L,R,MIL,CHC,B,,,1,0,2024,-0.72,0.98,-1.1993997335305593,2.3760172527042958,,,668930.0,2,5,Bot,,,,,,,1.5557497829076707,-134.91883493233678,-5.367986267091023,-9.186873984251656,28.643372061162847,-19.253677269703896,3.35999977284898,1.76003610003345,,,,93.6,2308.0,6.8,745970,665804,683737,663538,666624,621020,664023,691718,641355,53.75,,,,,,,,41,2,4-Seam Fastball,4,2,4,2,2,4,4,2,Standard,Standard,213.0,0.003,0.05,,,,,-0.05,,2,2,0.795,0.795,32,32,33,33,3,2,6.0,2,6.0,1.0,1.67,0.72,-0.72,41.7,,,,,
FF,2024-06-28,92.5,-1.33,5.93,"Yelich, Christian",592885,592791,,ball,,,,,11.0,,R,L,R,MIL,CHC,B,,,0,0,2024,-0.61,1.12,-0.0880397529041969,3.988195872914079,,,668930.0,2,5,Bot,,,,,,,4.540470005242627,-134.7852515803396,-1.6584263076792876,-8.326369387768157,26.294188203140344,-18.31587504193793,3.39082095757243,1.46426059431363,,,,93.8,2281.0,6.7,745970,665804,683737,663538,666624,621020,664023,691718,641355,53.77,,,,,,,,41,1,4-Seam Fastball,4,2,4,2,2,4,4,2,Standard,Standard,206.0,0.001,0.034,,,,,-0.034,,2,2,0.794,0.794,32,32,33,33,3,2,6.0,2,6.0,1.0,1.52,0.61,-0.61,43.8,,,,,
FC,2024-06-28,87.3,-1.43,5.96,"Yelich, Christian",592885,592791,force_out,hit_into_play,,,,,4.0,"Christian Yelich grounds into a force out, first baseman Michael Busch to shortstop Dansby Swanson. William Contreras out at 2nd. Christian Yelich to 1st.",R,L,R,MIL,CHC,X,3.0,ground_ball,0,0,2024,0.51,0.79,-0.5510385603065591,2.2435389929686367,,,661388.0,0,4,Bot,147.2,179.38,,,,,1.080681389831177,-127.26351980167452,-4.566456786220941,5.3989311289551685,22.577091520777984,-22.88379038259912,3.36,1.7,3.0,84.3,-39.0,88.8,2555.0,6.8,745970,665804,683737,663538,666624,621020,664023,691718,641355,53.7,0.057,0.072,0.0,1.0,0.0,0.0,2.0,29,1,Cutter,0,2,0,2,2,0,0,2,Standard,Standard,172.0,-0.044,-0.353,80.7,8.2,,0.059,0.353,88.0,-2,-2,0.359,0.359,32,32,33,33,2,1,6.0,2,6.0,1.0,2.16,-0.51,0.51,42.3,19.653515566776356,-4.888275842993864,36.86174635427457,42.12422792284737,29.49672709609024
CH,2024-06-28,86.6,-1.28,5.99,"Yelich, Christian",592885,592791,field_out,hit_into_play,,,,,13.0,Christian Yelich lines out to center fielder Pete Crow-Armstrong.,R,L,R,MIL,CHC,X,8.0,line_drive,1,1,2024,-1.17,0.85,-0.0777267858845172,1.490895026726936,,,,2,1,Bot,91.63,70.51,,,,,5.3024223695596255,-125.91304058058095,-6.298533871685999,-13.5518100827608,25.380708496648364,-22.089993580177136,3.36,1.7,329.0,91.4,23.0,87.3,1967.0,6.7,745970,665804,683737,663538,666624,621020,664023,691718,641355,53.77,0.15,0.171,0.0,1.0,0.0,0.0,3.0,7,3,Changeup,0,0,0,0,0,0,0,0,Standard,Standard,229.0,-0.009,-0.244,77.2,8.0,,0.274,0.244,91.4,0,0,0.509,0.509,32,32,33,33,1,0,6.0,2,6.0,1.0,2.2,1.17,-1.17,44.7,11.188524857335493,-1.055405977447992,41.747596131592864,38.54329673366009,31.369308214923144
FF,2024-06-28,95.1,-2.64,5.9,"Yelich, Christian",592885,605155,strikeout,swinging_strike,,,,,5.0,Christian Yelich strikes out swinging.,R,L,R,MIL,CHC,S,2.0,,1,2,2024,-0.48,0.92,-0.1981674884442931,2.3944312123404354,,,,1,8,Bot,,,,,,,7.469835721038851,-138.31740154814585,-5.626667049995958,-7.770558189841816,28.35962806172496,-19.31385424163719,3.36,1.7,,,,95.2,2235.0,6.2,745970,621512,641355,663538,666624,621020,664023,691718,670156,54.3,,0.0,0.0,1.0,0.0,0.0,,62,4,4-Seam Fastball,4,2,4,2,2,4,4,2,Infield shade,Standard,220.0,-0.003,-0.182,74.9,6.8,1.269697608,,0.182,,2,2,0.93,0.93,31,32,32,33,1,3,3.0,2,4.0,1.0,1.59,0.48,-0.48,34.1,-12.249070389691688,27.80605149825949,37.36780189796708,39.70031860929652,9.080604238342534
FF,2024-06-28,92.5,-1.24,5.96,"Yelich, Christian",592885,592791,,foul,,,,,6.0,,R,L,R,MIL,CHC,S,,,1,0,2024,-0.48,1.21,0.4122708855763037,2.732144972045265,,,,2,1,Bot,,,,,,,5.299141581989011,-134.645544886753,-5.101666149448594,-6.978716750830435,29.073511313973704,-16.541084335246314,3.36,1.7,171.0,77.2,17.0,93.4,2327.0,6.8,745970,665804,683737,663538,666624,621020,664023,691718,641355,53.72,,,,,,,,7,2,4-Seam Fastball,0,0,0,0,0,0,0,0,Standard,Standard,209.0,-0.002,-0.051,76.0,7.5,,,0.051,88.0,0,0,0.511,0.511,32,32,33,33,1,0,6.0,2,6.0,1.0,1.45,0.48,-0.48,44.6,15.256784941354436,-1.3673240672771505,39.43893326720327,32.36483288263505,29.92027452448714
CU,2024-06-28,80.8,-2.37,6.24,"Yelich, Christian",592885,605155,,ball,,,,,14.0,,R,L,R,MIL,CHC,B,,,0,2,2024,1.32,-1.0,1.54036629002311,0.7145446852541766,,,,1,8,Bot,,,,,,,6.15777739275562,-117.496194394183,-3.613742352670161,10.73047059411162,25.81907531332109,-40.80189574662864,3.3599986031584,1.76908454547587,,,,80.0,2737.0,6.1,745970,621512,641355,663538,666624,621020,664023,691718,670156,54.38,,,,,,,,62,3,Curveball,4,2,4,2,2,4,4,2,Standard,Standard,40.0,0.0,0.02,,,,,-0.02,,2,2,0.93,0.93,31,32,32,33,1,3,3.0,2,4.0,1.0,4.55,-1.32,1.32,42.5,,,,,
FF,2024-06-28,92.6,-1.3,5.93,"Yelich, Christian",592885,592791,,ball,,,,,13.0,,R,L,R,MIL,CHC,B,,,0,0,2024,-0.66,1.4,-1.234652717045884,2.359260673771903,,,,2,1,Bot,,,,,,,1.6410667764797282,-134.78531007656292,-6.433102487590366,-8.444396463227891,29.32893882632696,-13.869893438411829,3.54963742776172,1.61633429828985,,,,93.4,2321.0,6.7,745970,665804,683737,663538,666624,621020,664023,691718,641355,53.76,,,,,,,,7,1,4-Seam Fastball,0,0,0,0,0,0,0,0,Standard,Standard,211.0,0.001,0.04,,,,,-0.04,,0,0,0.51,0.51,32,32,33,33,1,0,6.0,2,6.0,1.0,1.25,0.66,-0.66,41.4,,,,,
SL,2024-06-28,85.6,-2.84,6.09,"Yelich, Christian",592885,605155,,foul_tip,,,,,2.0,,R,L,R,MIL,CHC,S,,,0,1,2024,0.4,0.24,0.1255443599896957,3.2904951979030184,,,,1,8,Bot,,,,,,,6.192802081636826,-124.64142397315416,-0.862433249065461,2.9836110671045235,23.46368958356333,-29.733265509940345,3.36,1.7,,,,85.8,2523.0,6.2,745970,621512,641355,663538,666624,621020,664023,691718,670156,54.28,,,,,,,,62,2,Slider,4,2,4,2,2,4,4,2,Standard,Standard,113.0,-0.001,-0.057,75.8,7.1,,,0.057,,2,2,0.931,0.931,31,32,32,33,1,3,3.0,2,4.0,1.0,2.85,-0.4,0.4,36.0,12.236027238079885,9.137705154242346,29.37742916184639,35.74666296566693,25.0574687630276
SL,2024-06-28,86.9,-2.86,6.1,"Yelich, Christian",592885,605155,,foul,,,,,5.0,,R,L,R,MIL,CHC,S,,,0,0,2024,0.28,0.05,-0.0369145627121212,2.393959729949021,,,,1,8,Bot,,,,,,,6.182152316930317,-126.44127116064992,-2.802769745856155,1.7789590561753934,25.054834530777683,-31.328241580057007,3.36,1.7,5.0,74.2,-28.0,86.7,2623.0,6.1,745970,621512,641355,663538,666624,621020,664023,691718,670156,54.38,,,,,,,,62,1,Slider,4,2,4,2,2,4,4,2,Standard,Standard,118.0,-0.001,-0.037,78.9,8.6,,,0.037,88.0,2,2,0.932,0.932,31,32,32,33,1,3,3.0,2,4.0,1.0,2.97,-0.28,0.28,40.5,32.4943727063269,-13.823144912936549,33.65798246063482,38.39161245628704,43.36235976993348
FF,2024-06-26,97.0,-2.33,5.2,"Yelich, Christian",592885,543135,single,hit_into_play,,,,,2.0,Christian Yelich singles on a sharp line drive to center fielder Derek Hill.,R,L,R,MIL,TEX,X,8.0,line_drive,1,2,2024,-1.17,0.86,0.0038884332489408,2.9427741899106974,,,,2,7,Bot,140.12,70.94,,,,,8.981103959372192,-140.97779383914255,-2.455712638263648,-17.73557766437333,32.93861127510598,-20.386757106121017,3.39,1.7,270.0,108.2,13.0,97.4,2159.0,6.6,745975,641680,663993,543760,673995,669701,694671,656537,666969,53.86,0.845,0.87,0.9,1.0,1.0,0.0,5.0,62,4,4-Seam Fastball,5,5,5,5,5,5,5,5,Standard,Standard,238.0,0.026,0.408,72.8,6.8,,1.192,-0.408,108.2,0,0,0.515,0.515,34,32,34,33,4,3,5.0,1,6.0,2.0,1.58,1.17,-1.17,29.0,5.248926683791841,9.669704680345609,31.001405620990727,36.31089829308263,28.41397591194006
CU,2024-06-26,77.7,-2.07,5.52,"Yelich, Christian",592885,543135,,swinging_strike,,,,,9.0,,R,L,R,MIL,TEX,S,,,1,1,2024,0.6,-0.44,0.4787775776348569,1.817854738241123,,,,2,7,Bot,,,,,,,4.39183329126694,-113.06422998316371,-0.2021779229637887,4.34091637977273,20.627198842685186,-36.13830767391479,3.39,1.7,,,,78.2,1759.0,6.6,745975,641680,663993,543760,673995,669701,694671,656537,666969,53.87,,,,,,,,62,3,Curveball,5,5,5,5,5,5,5,5,Standard,Standard,49.0,-0.005,-0.064,64.5,9.0,5.174803008,,0.064,,0,0,0.52,0.52,34,32,34,33,4,3,5.0,1,6.0,2.0,4.22,-0.6,0.6,38.7,32.43168849474871,-52.12969602303947,33.822872880037124,33.88076538928691,61.26892876982431
FF,2024-06-26,96.4,-2.22,5.32,"Yelich, Christian",592885,543135,,foul,,,,,5.0,,R,L,R,MIL,TEX,S,,,1,0,2024,-1.18,0.75,0.1659735784307103,2.708310518849516,,,,2,7,Bot,,,,,,,9.075284607725486,-140.12026552972193,-3.12317309984654,-17.562077265550606,29.42708281244878,-21.75341708258294,3.39,1.7,198.0,76.5,20.0,97.2,2119.0,6.7,745975,641680,663993,543760,673995,669701,694671,656537,666969,53.83,,,,,,,,62,2,4-Seam Fastball,5,5,5,5,5,5,5,5,Standard,Standard,234.0,-0.003,-0.051,76.4,7.3,,,0.051,88.0,0,0,0.523,0.523,34,32,34,33,4,3,5.0,1,6.0,2.0,1.69,1.18,-1.18,31.1,7.592051231775575,4.36288875558875,36.63253511908771,35.41826549376985,23.77875261544196
FC,2024-06-26,93.0,-2.18,5.44,"Yelich, Christian",592885,543135,,ball,,,,,14.0,,R,L,R,MIL,TEX,B,,,0,0,2024,-0.37,0.71,0.2906372637198667,1.005128567771222,,,,2,7,Bot,,,,,,,7.194232160348639,-135.27690954056214,-7.242625093401748,-6.026760853558688,26.56035208080383,-22.075722118575925,3.32822212285098,1.77897247821942,,,,93.9,2283.0,6.6,745975,641680,663993,543760,673995,669701,694671,656537,666969,53.88,,,,,,,,62,1,Cutter,5,5,5,5,5,5,5,5,Standard,Standard,211.0,0.002,0.04,,,,,-0.04,,0,0,0.521,0.521,34,32,34,33,4,3,5.0,1,6.0,2.0,1.9,0.37,-0.37,33.7,,,,,
FC,2024-06-26,92.3,-2.27,5.44,"Yelich, Christian",592885,543135,field_out,hit_into_play,,,,,9.0,"Christian Yelich grounds out, first baseman Nathaniel Lowe to pitcher Nathan Eovaldi.",R,L,R,MIL,TEX,X,3.0,ground_ball,1,0,2024,0.0,0.59,0.6898506070078543,2.0735736016779622,,,,1,5,Bot,153.17,170.96,,,,,7.572544849602984,-134.34381808213976,-4.130535716303866,-1.4386721660986432,24.94685402511505,-24.36253696383548,3.39,1.7,19.0,77.2,-4.0,93.2,2321.0,6.5,745975,641680,663993,543760,673995,669701,694671,656537,666969,53.98,0.1,0.094,0.0,1.0,0.0,0.0,2.0,45,2,Cutter,5,5,5,5,5,5,5,5,Standard,Standard,198.0,-0.025,-0.295,74.2,7.1,,0.122,0.295,88.0,0,0,0.54,0.54,34,32,34,33,3,2,5.0,1,6.0,2.0,2.05,0.0,0.0,34.6,1.6611321894665343,8.529494969635705,41.42497250537903,27.89649995369688,27.475379022789333
FS,2024-06-26,89.5,-2.31,5.5,"Yelich, Christian",592885,543135,,ball,,,,,14.0,,R,L,R,MIL,TEX,B,,,0,0,2024,-1.18,0.14,0.7938179166384203,1.4103312363053004,,,,1,5,Bot,,,,,,,10.209188987583476,-129.9429974760743,-4.460596464697949,-15.370273876264434,24.286607625984704,-29.837548681492446,3.31400460975524,1.76474951107655,,,,90.4,1719.0,6.7,745975,641680,663993,543760,673995,669701,694671,656537,666969,53.75,,,,,,,,45,1,Split-Finger,5,5,5,5,5,5,5,5,Infield shade,Standard,250.0,0.003,0.039,,,,,-0.039,,0,0,0.537,0.537,34,32,34,33,3,2,5.0,1,6.0,2.0,2.69,1.18,-1.18,33.8,,,,,
FF,2024-06-26,96.0,-2.33,5.35,"Yelich, Christian",592885,543135,single,hit_into_play,,,,,1.0,Christian Yelich singles on a sharp ground ball to center fielder Derek Hill. Jackson Chourio to 3rd.,R,L,R,MIL,TEX,X,8.0,ground_ball,1,1,2024,-1.01,0.98,-0.2928744109027845,3.052818983597331,,,694192.0,2,3,Bot,151.14,92.08,,,,,7.7457720632501825,-139.7279381415655,-2.766506342887391,-14.916031210793768,29.534085925519214,-18.82880140214678,3.39,1.7,95.0,110.2,4.0,97.0,2210.0,6.7,745975,641680,663993,543760,673995,669701,694671,656537,666969,53.77,0.676,0.644,0.9,1.0,1.0,0.0,4.0,25,3,4-Seam Fastball,0,1,0,1,1,0,0,1,Standard,Standard,230.0,0.034,0.372,75.9,7.4,,0.777,-0.372,110.2,-1,-1,0.403,0.403,34,32,34,33,2,1,5.0,1,6.0,2.0,1.48,1.01,-1.01,40.2,5.367349271779101,-0.1416415431309537,31.08240127861946,40.26008675499924,26.75216179416237
FC,2024-06-26,90.4,-2.25,5.54,"Yelich, Christian",592885,543135,,foul,,,,,2.0,,R,L,R,MIL,TEX,S,,,1,0,2024,-0.02,0.77,-0.2516921635729932,3.1625260740698744,,,694192.0,2,3,Bot,,,,,,,5.024949150221074,-131.66253731895716,-1.6829883490052389,-1.1643812752900888,25.90421478833701,-23.054705845197397,3.39,1.7,,,,91.0,2346.0,6.4,745975,641680,663993,543760,673995,669701,694671,656537,666969,54.07,,,,,,,,25,2,Cutter,0,1,0,1,1,0,0,1,Standard,Standard,195.0,-0.004,-0.048,78.1,7.7,,,0.048,,-1,-1,0.407,0.407,34,32,34,33,2,1,5.0,1,6.0,2.0,2.0,0.02,-0.02,34.8,15.901042780604278,-5.837004339492094,27.86647780187133,40.07702316703577,31.312734903494928
FC,2024-06-26,92.9,-2.24,5.44,"Yelich, Christian",592885,543135,,ball,,,,,9.0,,R,L,R,MIL,TEX,B,,,0,0,2024,0.1,1.03,0.7108934176976223,1.6415785437720334,,,694192.0,2,3,Bot,,,,,,,7.3726173553737615,-134.99975342393745,-6.226648812495434,-0.3851124054037186,28.478510274232946,-18.42285636794797,3.21180312887384,1.4994557152111,,,,93.3,2360.0,6.5,745975,641680,663993,543760,673995,669701,694671,656537,666969,53.97,,,,,,,,25,1,Cutter,0,1,0,1,1,0,0,1,Standard,Standard,205.0,0.003,0.034,,,,,-0.034,,-1,-1,0.404,0.404,34,32,34,33,2,1,5.0,1,6.0,2.0,1.61,-0.1,0.1,34.5,,,,,
FS,2024-06-26,90.1,-2.44,5.44,"Yelich, Christian",592885,543135,single,hit_into_play,,,,,4.0,Christian Yelich singles on a sharp line drive to left fielder Wyatt Langford.,R,L,R,MIL,TEX,X,7.0,line_drive,0,2,2024,-1.14,0.21,-0.8207816542728397,2.54273271524181,,,,2,1,Bot,49.72,112.46,,,,,6.468418354167353,-131.232377918218,-1.7528611715195548,-14.503619923931009,23.976072681710026,-29.634970471581536,3.39,1.7,210.0,102.0,10.0,91.1,1715.0,6.5,745975,641680,663993,543760,673995,669701,694671,656537,666969,53.99,0.839,0.826,0.9,1.0,1.0,0.0,4.0,6,4,Split-Finger,0,0,0,0,0,0,0,0,Infield shade,Standard,242.0,0.016,0.431,70.2,6.9,,1.039,-0.431,102.0,0,0,0.506,0.506,34,32,34,33,1,0,5.0,1,6.0,2.0,2.57,1.14,-1.14,33.0,-6.110597824728098,26.019895706219792,31.192570050505797,46.514350509924405,16.045060501523086
FF,2024-06-26,96.8,-2.36,5.39,"Yelich, Christian",592885,543135,,foul,,,,,2.0,,R,L,R,MIL,TEX,S,,,0,2,2024,-1.15,0.81,0.0126102587418326,3.000297164334241,,,,2,1,Bot,,,,,,,8.992343715253407,-140.7379702980644,-2.710862821304409,-17.252454015900344,29.487003094202016,-20.91815163364937,3.39,1.7,193.0,75.4,20.0,97.6,2250.0,6.6,745975,641680,663993,543760,673995,669701,694671,656537,666969,53.9,,,,,,,,6,3,4-Seam Fastball,0,0,0,0,0,0,0,0,Infield shade,Standard,340.0,0.0,0.0,73.1,6.5,,,0.0,88.0,0,0,0.506,0.506,34,32,34,33,1,0,5.0,1,6.0,2.0,1.61,1.15,-1.15,30.6,-3.6423245685896033,23.413987897300373,32.93864174310819,36.52084099338704,17.64035677186794
FF,2024-06-26,97.6,-2.33,5.35,"Yelich, Christian",592885,543135,,swinging_strike,,,,,2.0,,R,L,R,MIL,TEX,S,,,0,1,2024,-0.99,1.07,-0.0525167219464824,2.986504520473136,,,,2,1,Bot,,,,,,,8.47043532708881,-141.94422367394515,-3.366283117147889,-15.354606533530822,31.279105168546213,-17.072554401869994,3.39,1.7,,,,98.3,2337.0,6.6,745975,641680,663993,543760,673995,669701,694671,656537,666969,53.86,,,,,,,,6,2,4-Seam Fastball,0,0,0,0,0,0,0,0,Infield shade,Standard,231.0,-0.002,-0.058,77.1,6.8,0.230965644,,0.058,,0,0,0.508,0.508,34,32,34,33,1,0,5.0,1,6.0,2.0,1.32,0.99,-0.99,30.8,3.620293546647394,10.62182301085108,31.418840943724007,37.07285362833235,21.864678706952567
FF,2024-06-26,97.0,-2.52,5.42,"Yelich, Christian",592885,543135,,called_strike,,,,,2.0,,R,L,R,MIL,TEX,S,,,0,0,2024,-1.1,0.87,-0.2046861950328637,3.039440909046199,,,,2,1,Bot,,,,,,,8.7240342893484,-140.99318959846738,-2.847676951001734,-16.589104969293764,30.52902360362065,-20.096892541256548,3.28675232294633,1.58746644008923,,,,97.6,2322.0,6.6,745975,641680,663993,543760,673995,669701,694671,656537,666969,53.94,,,,,,,,6,1,4-Seam Fastball,0,0,0,0,0,0,0,0,Infield shade,Standard,227.0,-0.002,-0.041,,,,,0.041,,0,0,0.51,0.51,34,32,34,33,1,0,5.0,1,6.0,2.0,1.55,1.1,-1.1,29.6,,,,,
,2024-06-26,,,,"Yelich, Christian",592885,489446,intent_walk,automatic_ball,,,,,,Kirby Yates intentionally walks Christian Yelich.,R,L,R,MIL,TEX,B,,,3,0,2024,,,,,668930.0,,,2,9,Bot,,,,,,,,,,,,,,,,,,,,,745975,641680,663993,543760,673995,669701,694671,656537,666969,,,,0.4,,0.0,0.0,,77,4,,5,5,5,5,5,5,5,5,,,,0.002,,,,,,,,0,0,0.635,0.635,37,32,37,33,1,4,5.0,1,7.0,2.0,,,,,,,,,
,2024-06-26,,,,"Yelich, Christian",592885,489446,,automatic_ball,,,,,,,R,L,R,MIL,TEX,B,,,2,0,2024,,,,,668930.0,,,2,9,Bot,,,,,,,,,,,,,,,,,,,,,745975,641680,663993,543760,673995,669701,694671,656537,666969,,,,,,,,,77,3,,5,5,5,5,5,5,5,5,,,,0.002,,,,,,,,0,0,0.633,0.633,37,32,37,33,1,4,5.0,1,7.0,2.0,,,,,,,,,
,2024-06-26,,,,"Yelich, Christian",592885,489446,,automatic_ball,,,,,,,R,L,R,MIL,TEX,B,,,0,0,2024,,,,,668930.0,,,2,9,Bot,,,,,,,,,,,,,,,,,,,,,745975,641680,663993,543760,673995,669701,694671,656537,666969,,,,,,,,,77,1,,5,5,5,5,5,5,5,5,,,,0.001,,,,,,,,0,0,0.631,0.631,37,32,37,33,1,4,5.0,1,7.0,2.0,,,,,,,,,
,2024-06-26,,,,"Yelich, Christian",592885,489446,,automatic_ball,,,,,,,R,L,R,MIL,TEX,B,,,1,0,2024,,,,,668930.0,,,2,9,Bot,,,,,,,,,,,,,,,,,,,,,745975,641680,663993,543760,673995,669701,694671,656537,666969,,,,,,,,,77,2,,5,5,5,5,5,5,5,5,,,,0.001,,,,,,,,0,0,0.632,0.632,37,32,37,33,1,4,5.0,1,7.0,2.0,,,,,,,,,
FF,2024-06-25,92.4,2.75,4.81,"Yelich, Christian",592885,571760,field_out,hit_into_play,,,,,6.0,Christian Yelich lines out to center fielder Leody Taveras.,R,L,L,MIL,TEX,X,8.0,line_drive,3,2,2024,1.21,1.01,0.7052831441713583,2.492549180685335,,,661388.0,0,5,Bot,128.44,64.75,,,,,-7.849552295533916,-134.2952601675539,-2.278939295951842,16.28896491298743,29.26603880094881,-19.64906507829215,3.41,1.73,333.0,96.1,21.0,92.6,2462.0,6.5,745973,641680,663993,543760,669701,608369,694671,665750,666969,54.01,0.224,0.264,0.0,1.0,0.0,0.0,3.0,38,7,4-Seam Fastball,2,1,2,1,1,2,2,1,Standard,Standard,126.0,-0.038,-0.351,75.2,7.0,,0.429,0.351,96.1,1,1,0.748,0.748,33,32,33,33,3,2,6.0,1,5.0,1.0,1.67,1.21,1.21,27.0,5.963545036041663,2.740454183673073,37.40543267733128,29.852793818759523,29.2220747916858
SL,2024-06-25,81.5,2.8,4.81,"Yelich, Christian",592885,571760,,ball,,,,,14.0,,R,L,L,MIL,TEX,B,,,2,2,2024,-0.23,-0.34,0.1526157885655142,1.31553607435237,,,661388.0,0,5,Bot,,,,,,,-5.502164405867772,-118.672914047356,-0.639007102773913,-1.114565865578712,21.989245166916614,-35.45359073319342,3.29319398341107,1.77076937336327,,,,81.5,2650.0,6.2,745973,641680,663993,543760,669701,608369,694671,665750,666969,54.31,,,,,,,,38,6,Slider,2,1,2,1,1,2,2,1,Standard,Standard,307.0,0.012,0.117,,,,,-0.117,,1,1,0.736,0.736,33,32,33,33,3,2,6.0,1,5.0,1.0,3.75,-0.23,-0.23,25.6,,,,,
FF,2024-06-25,91.4,2.92,4.46,"Yelich, Christian",592885,571760,,foul,,,,,3.0,,R,L,L,MIL,TEX,S,,,2,2,2024,1.42,0.98,0.319042357449522,3.495430330551776,,,661388.0,0,5,Bot,,,,,,,-9.67578756877828,-132.71790869349036,1.3831855477011774,18.867165905957798,28.674386057397356,-21.198763611917148,3.41,1.73,191.0,66.9,47.0,91.8,2505.0,6.7,745973,641680,663993,543760,669701,608369,694671,665750,666969,53.81,,,,,,,,38,5,4-Seam Fastball,2,1,2,1,1,2,2,1,Standard,Standard,115.0,0.0,0.0,70.2,6.2,,,0.0,88.0,1,1,0.736,0.736,33,32,33,33,3,2,6.0,1,5.0,1.0,1.77,1.42,1.42,15.1,-0.2906572491805687,24.517457745146263,27.851700443071017,34.49205527465386,20.303798561493345
SV,2024-06-25,78.7,3.01,4.19,"Yelich, Christian",592885,571760,,ball,,,,,13.0,,R,L,L,MIL,TEX,B,,,1,2,2024,-0.94,-0.24,-2.2439886533273663,1.333237934980359,,,661388.0,0,5,Bot,,,,,,,-9.69632485869681,-114.28294263085664,1.1574769398486962,-6.280819776807948,22.175278110530385,-34.75436881491545,3.2858063030955,1.76319838130148,,,,78.8,2701.0,6.6,745973,641680,663993,543760,669701,608369,694671,665750,666969,53.88,,,,,,,,38,4,Slurve,2,1,2,1,1,2,2,1,Standard,Standard,295.0,0.004,0.045,,,,,-0.045,,1,1,0.732,0.732,33,32,33,33,3,2,6.0,1,5.0,1.0,3.95,-0.94,-0.94,19.4,,,,,
SL,2024-06-25,80.6,2.65,4.87,"Yelich, Christian",592885,571760,,foul,,,,,13.0,,R,L,L,MIL,TEX,S,,,1,1,2024,-0.38,-0.05,-0.9515551549816462,1.802911659809845,,,661388.0,0,5,Bot,,,,,,,-7.298083755301473,-117.21953344782816,-0.0161148637110331,-2.0432440184621186,23.100241873515863,-32.86525718692789,3.41,1.73,3.0,46.0,-32.0,80.6,2673.0,6.4,745973,641680,663993,543760,669701,608369,694671,665750,666969,54.1,,,,,,,,38,3,Slider,2,1,2,1,1,2,2,1,Standard,Standard,303.0,-0.007,-0.049,63.9,8.2,,,0.049,88.0,1,1,0.739,0.739,33,32,33,33,3,2,6.0,1,5.0,1.0,3.57,-0.38,-0.38,27.8,18.126094821562408,-21.04675366288798,31.949632015508566,48.306598343833095,40.22552156434634
SL,2024-06-25,80.6,2.71,4.9,"Yelich, Christian",592885,571760,,called_strike,,,,,9.0,,R,L,L,MIL,TEX,S,,,1,0,2024,-0.14,0.04,0.6794211068500945,1.8028961450174037,,,661388.0,0,5,Bot,,,,,,,-4.236543975234874,-117.38901131733452,-0.296621070551926,-0.4675314713953056,22.97114390902665,-31.95561029082173,3.33068113829601,1.69694316274262,,,,80.4,2613.0,6.2,745973,641680,663993,543760,669701,608369,694671,665750,666969,54.31,,,,,,,,38,2,Slider,2,1,2,1,1,2,2,1,Standard,Standard,291.0,-0.007,-0.049,,,,,0.049,,1,1,0.746,0.746,33,32,33,33,3,2,6.0,1,5.0,1.0,3.47,-0.14,-0.14,30.5,,,,,
FF,2024-06-25,90.1,2.79,4.93,"Yelich, Christian",592885,571760,,ball,,,,,12.0,,R,L,L,MIL,TEX,B,,,0,0,2024,1.39,0.99,0.9977255539931128,3.714343492363216,,,661388.0,0,5,Bot,,,,,,,-7.388270692489942,-130.91968564173828,0.9167360348041392,17.54193087322411,29.82909940830727,-21.359294192728093,3.30759015383961,1.74184541065316,,,,89.8,2375.0,6.4,745973,641680,663993,543760,669701,608369,694671,665750,666969,54.13,,,,,,,,38,1,4-Seam Fastball,2,1,2,1,1,2,2,1,Standard,Standard,120.0,0.005,0.041,,,,,-0.041,,1,1,0.741,0.741,33,32,33,33,3,2,6.0,1,5.0,1.0,1.85,1.39,1.39,28.1,,,,,
SL,2024-06-25,83.1,2.64,4.95,"Yelich, Christian",592885,571760,strikeout,swinging_strike,,,,,13.0,Christian Yelich strikes out swinging.,R,L,L,MIL,TEX,S,2.0,,0,2,2024,-0.02,0.05,-0.1401513400725908,1.0556392823944545,,661388.0,,0,3,Bot,,,,,,,-6.324088931854928,-120.88784272210262,-2.5746806140489924,0.9742755820543366,22.491711483111395,-31.40748708590632,3.41,1.73,,,,83.2,2579.0,6.3,745973,641680,663993,543760,669701,608369,694671,665750,666969,54.21,,0.0,0.0,1.0,0.0,0.0,,22,4,Slider,0,1,0,1,1,0,0,1,Standard,Standard,294.0,-0.03,-0.206,34.3,6.9,0.559707828,,0.206,,-1,-1,0.49,0.49,33,32,33,33,2,1,6.0,1,5.0,1.0,3.24,-0.02,-0.02,27.0,6.5865542748593615,17.6329939211829,41.88401550541437,40.04549729212829,16.945984461336884
FF,2024-06-25,92.4,2.75,4.93,"Yelich, Christian",592885,571760,,foul,,,,,12.0,,R,L,L,MIL,TEX,S,,,0,2,2024,1.35,0.97,0.6566636612182117,3.700826047727805,,661388.0,,0,3,Bot,,,,,,,-8.280154577447679,-134.3540228583874,0.5819571397183996,18.15966994270708,28.483516663165062,-20.77022340707307,3.41,1.73,80.0,81.8,3.0,92.7,2383.0,6.4,745973,641680,663993,543760,669701,608369,694671,665750,666969,54.07,,,,,,,,22,3,4-Seam Fastball,0,1,0,1,1,0,0,1,Standard,Standard,127.0,0.0,0.0,26.4,4.4,,,0.0,88.0,-1,-1,0.49,0.49,33,32,33,33,2,1,6.0,1,5.0,1.0,1.7,1.35,1.35,27.8,-19.99031944712203,64.5793467864667,35.35984532921198,30.02283743172673,-4.367371323316851
FF,2024-06-25,93.0,2.77,4.93,"Yelich, Christian",592885,571760,,foul,,,,,3.0,,R,L,L,MIL,TEX,S,,,0,1,2024,1.27,1.12,0.3979150836328398,3.284632655377464,,661388.0,,0,3,Bot,,,,,,,-8.867293357621065,-135.14051004001956,-0.8803871222273645,17.526174979947,28.790068897241216,-18.45501467632388,3.41,1.73,,,,93.0,2319.0,6.3,745973,641680,663993,543760,669701,608369,694671,665750,666969,54.19,,,,,,,,22,2,4-Seam Fastball,0,1,0,1,1,0,0,1,Standard,Standard,123.0,-0.012,-0.067,73.3,6.6,,,0.067,,-1,-1,0.502,0.502,33,32,33,33,2,1,6.0,1,5.0,1.0,1.52,1.27,1.27,26.1,5.046624041130879,9.94163666439182,32.22182210011874,32.9130337729588,20.849193727991164
SL,2024-06-25,81.9,2.79,4.96,"Yelich, Christian",592885,571760,,foul,,,,,5.0,,R,L,L,MIL,TEX,S,,,0,0,2024,-0.12,0.17,0.1781519877546263,2.4825799731516933,,661388.0,,0,3,Bot,,,,,,,-5.63937264823009,-119.17378009185086,0.6308419815228383,-0.0632289061016244,22.914458482796803,-30.93622811626968,3.41,1.73,4.0,86.9,-34.0,81.6,2546.0,6.1,745973,641680,663993,543760,669701,608369,694671,665750,666969,54.41,,,,,,,,22,1,Slider,0,1,0,1,1,0,0,1,Standard,Standard,271.0,-0.008,-0.035,73.3,8.0,,,0.035,88.0,-1,-1,0.51,0.51,33,32,33,33,2,1,6.0,1,5.0,1.0,3.23,-0.12,-0.12,30.7,25.97014330816482,-16.479253907332353,27.037458248074124,33.97898810212055,43.61781173998208
FF,2024-06-25,92.1,2.77,4.64,"Yelich, Christian",592885,571760,walk,ball,,,,,13.0,Christian Yelich walks. William Contreras to 2nd.,R,L,L,MIL,TEX,B,,,3,2,2024,1.48,0.65,-0.1328292366788366,1.562046771429518,,,661388.0,1,1,Bot,,,,,,,-10.628702310321652,-133.7674881561478,-3.433292899501412,19.979721745376445,27.515339861120832,-23.744909663403245,3.26662235088583,1.73000004786813,,,,92.7,2391.0,6.6,745973,641680,663993,543760,669701,608369,694671,665750,666969,53.87,,0.689131,0.7,1.0,0.0,0.0,,7,6,4-Seam Fastball,0,1,0,1,1,0,0,1,Infield shade,Standard,126.0,0.034,0.259,,,,,-0.259,,-1,-1,0.456,0.456,33,32,33,33,1,0,6.0,1,5.0,1.0,2.03,1.48,1.48,21.5,,,,,
FF,2024-06-25,91.5,2.65,5.0,"Yelich, Christian",592885,571760,,ball,,,,,11.0,,R,L,L,MIL,TEX,B,,,2,2,2024,1.26,0.88,-0.5007802357056821,4.475741744032402,,,661388.0,1,1,Bot,,,,,,,-10.673132147439924,-132.84040709970867,2.682100004859321,17.219279159446504,28.03623291501869,-22.533052349053552,3.28625546725937,1.70747632057672,,,,91.7,2334.0,6.5,745973,641680,663993,543760,669701,608369,694671,665750,666969,54.02,,,,,,,,7,5,4-Seam Fastball,0,1,0,1,1,0,0,1,Infield shade,Standard,127.0,0.01,0.077,,,,,-0.077,,-1,-1,0.446,0.446,33,32,33,33,1,0,6.0,1,5.0,1.0,1.85,1.26,1.26,28.6,,,,,
FF,2024-06-25,91.8,2.69,5.03,"Yelich, Christian",592885,571760,,ball,,,,,12.0,,R,L,L,MIL,TEX,B,,,1,2,2024,1.3,0.84,0.2924266244314395,4.55422519570822,,,661388.0,1,1,Bot,,,,,,,-8.879562001800902,-133.45255710474584,2.8220110410967383,17.431489875712693,27.27529386569502,-22.96679724182681,3.28454762733233,1.70564969427738,,,,91.9,2402.0,6.3,745973,641680,663993,543760,669701,608369,694671,665750,666969,54.22,,,,,,,,7,4,4-Seam Fastball,0,1,0,1,1,0,0,1,Infield shade,Standard,130.0,0.005,0.048,,,,,-0.048,,-1,-1,0.441,0.441,33,32,33,33,1,0,6.0,1,5.0,1.0,1.86,1.3,1.3,31.7,,,,,
SL,2024-06-25,81.5,2.76,4.98,"Yelich, Christian",592885,571760,,swinging_strike,,,,,14.0,,R,L,L,MIL,TEX,S,,,1,1,2024,-0.2,-0.07,1.0526829563259152,2.371334647527721,,,661388.0,1,1,Bot,,,,,,,-3.47023865937438,-118.70318990587744,0.7986031727886922,-1.2638251266016225,20.66178048495565,-33.193802604798854,3.41,1.73,,,,81.9,2397.0,6.3,745973,641680,663993,543760,669701,608369,694671,665750,666969,54.18,,,,,,,,7,3,Slider,0,1,0,1,1,0,0,1,Infield shade,Standard,286.0,-0.008,-0.059,76.0,7.3,0.1,,0.059,,-1,-1,0.449,0.449,33,32,33,33,1,0,6.0,1,5.0,1.0,3.47,-0.2,-0.2,28.9,12.080401476182766,-6.688057680274965,37.11033330499595,23.801173336033475,29.33321515219484
FF,2024-06-25,91.7,2.56,4.99,"Yelich, Christian",592885,571760,,called_strike,,,,,1.0,,R,L,L,MIL,TEX,S,,,1,0,2024,1.38,0.77,-0.3462168036180015,3.3183166656889425,,,661388.0,1,1,Bot,,,,,,,-10.315014663938555,-133.15051087512978,0.0003972440628253,18.54963820838248,27.745094455999897,-23.267339535898618,3.31311831181937,1.74241596787082,,,,91.8,2351.0,6.4,745973,641680,663993,543760,669701,608369,694671,665750,666969,54.09,,,,,,,,7,2,4-Seam Fastball,0,1,0,1,1,0,0,1,Infield shade,Standard,124.0,-0.005,-0.047,,,,,0.047,,-1,-1,0.454,0.454,33,32,33,33,1,0,6.0,1,5.0,1.0,1.95,1.38,1.38,29.9,,,,,
SL,2024-06-25,81.7,2.67,4.98,"Yelich, Christian",592885,571760,,blocked_ball,,,,,13.0,,R,L,L,MIL,TEX,B,,,0,0,2024,-0.21,0.06,-0.4016142069895815,-0.2246474097937683,,,661388.0,1,1,Bot,,,,,,,-6.524847886760456,-118.71995724538318,-5.225331540573225,-0.614032160366512,24.22987295316776,-30.70885653444088,3.32833675871294,1.6874594499236,,,,81.5,2504.0,6.4,745973,641680,663993,543760,669701,608369,694671,665750,666969,54.1,,,,,,,,7,1,Slider,0,1,0,1,1,0,0,1,Infield shade,Standard,313.0,0.004,0.036,,,,,-0.036,,-1,-1,0.45,0.45,33,32,33,33,1,0,6.0,1,5.0,1.0,3.38,-0.21,-0.21,29.9,,,,,
FC,2024-06-25,90.1,-2.41,5.4,"Yelich, Christian",592885,641540,single,hit_into_play,,,,,5.0,Christian Yelich singles on a ground ball to right fielder Adolis García.,R,L,R,MIL,TEX,X,9.0,ground_ball,0,0,2024,0.17,0.83,-0.0076886818771234,2.442157740638332,,,,0,7,Bot,160.02,132.8,,,,,5.6807557824702615,-131.16060890243284,-3.201290508652646,0.788521999768539,26.8931455125318,-22.062322746221472,3.41,1.73,90.0,108.8,4.0,91.4,2291.0,7.0,745973,641680,663993,543760,669701,608369,694671,665750,666969,53.52,0.632,0.588,0.9,1.0,1.0,0.0,4.0,54,1,Cutter,2,1,2,1,1,2,2,1,Standard,Standard,203.0,0.028,0.448,76.3,7.7,,0.716,-0.448,108.8,1,1,0.789,0.789,29,32,30,33,1,3,9.0,1,4.0,1.0,1.96,-0.17,0.17,38.6,8.120773319323389,-3.356734115910632,34.142969841888366,37.1030013614622,31.83174899358857
FF,2024-06-24,93.2,-1.7,5.63,"Yelich, Christian",592885,547179,single,hit_into_play,,,,,5.0,Christian Yelich singles on a ground ball to left fielder Wyatt Langford.,R,L,R,MIL,TEX,X,7.0,ground_ball,2,1,2024,-0.65,1.3,0.017368268164399,2.663010474963338,,,,1,4,Bot,105.37,124.59,,,,,5.799098653192198,-135.56131583605062,-4.673619232448972,-9.328488051165486,29.86401302257273,-15.354230447781548,3.41,1.73,101.0,86.4,6.0,92.6,2461.0,6.0,745974,641680,677649,543760,669701,608369,694671,665750,666969,54.53,0.429,0.408,0.9,1.0,1.0,0.0,4.0,26,4,4-Seam Fastball,0,0,0,0,0,0,0,0,Standard,Standard,224.0,0.027,0.375,70.0,6.8,,0.497,-0.375,88.0,0,0,0.536,0.536,32,32,32,33,2,1,6.0,1,5.0,1.0,1.33,0.65,-0.65,43.7,6.287515879435172,22.4569513782907,32.255020376285536,37.56060217339986,19.34958428357104
CH,2024-06-24,85.2,-1.64,5.64,"Yelich, Christian",592885,547179,,ball,,,,,13.0,,R,L,R,MIL,TEX,B,,,1,1,2024,-1.16,0.76,-1.5811505091391351,2.0509705083609258,,,,1,4,Bot,,,,,,,2.4633906336521214,-123.93329726816351,-3.592524223871181,-12.454911333276243,26.78007658766681,-23.83213918555963,3.35721606813007,1.65463989191692,,,,84.5,2067.0,6.0,745974,641680,677649,543760,669701,608369,694671,665750,666969,54.46,,,,,,,,26,3,Changeup,0,0,0,0,0,0,0,0,Standard,Standard,239.0,0.004,0.059,,,,,-0.059,,0,0,0.532,0.532,32,32,32,33,2,1,6.0,1,5.0,1.0,2.4,1.16,-1.16,41.0,,,,,
FC,2024-06-24,88.4,-1.7,5.65,"Yelich, Christian",592885,547179,,swinging_strike,,,,,14.0,,R,L,R,MIL,TEX,S,,,1,0,2024,-0.03,0.35,1.2163896196915671,2.1747723841668094,,,,1,4,Bot,,,,,,,7.124291228860318,-128.5905596688334,-3.1410985871317267,-1.7555413844793684,25.341860461645293,-27.802147365271576,3.41,1.73,,,,88.1,2641.0,6.0,745974,641680,677649,543760,669701,608369,694671,665750,666969,54.49,,,,,,,,26,2,Cutter,0,0,0,0,0,0,0,0,Standard,Standard,198.0,-0.004,-0.051,78.6,8.1,0.970044576,,0.051,,0,0,0.536,0.536,32,32,32,33,2,1,6.0,1,5.0,1.0,2.55,0.03,-0.03,43.1,27.15524858053476,-17.762759440848928,39.01180670037984,22.9732444913464,38.50483008474501
CU,2024-06-24,81.3,-1.68,5.74,"Yelich, Christian",592885,547179,,ball,,,,,13.0,,R,L,R,MIL,TEX,B,,,0,0,2024,0.45,-0.82,-1.1142191110539916,2.246874970712527,,,,1,4,Bot,,,,,,,0.4037156973869644,-118.42424906858324,0.3272904679491637,4.120569770232138,22.721458103960646,-40.14795326019826,3.27893495811176,1.61117310557643,,,,80.9,2807.0,6.0,745974,641680,677649,543760,669701,608369,694671,665750,666969,54.51,,,,,,,,26,1,Curveball,0,0,0,0,0,0,0,0,Standard,Standard,68.0,0.003,0.039,,,,,-0.039,,0,0,0.533,0.533,32,32,32,33,2,1,6.0,1,5.0,1.0,4.26,-0.45,0.45,43.6,,,,,
SI,2024-06-24,96.3,-1.34,5.27,"Yelich, Christian",592885,642546,field_out,hit_into_play,,,,,14.0,Christian Yelich lines out sharply to center fielder Leody Taveras.,R,L,R,MIL,TEX,X,8.0,line_drive,2,1,2024,-1.28,0.77,0.0745556777134761,1.590956117310284,,,,1,7,Bot,107.08,47.07,,,,,6.714647917928661,-140.15127045779295,-6.040773085892761,-18.41716334954862,28.62115852857212,-20.84221952325086,3.41,1.73,378.0,103.5,19.0,97.4,2229.0,6.7,745974,641680,677649,543760,669701,608369,694671,665750,666969,53.8,0.409,0.6289230769230768,0.0,1.0,0.0,0.0,5.0,62,4,Sinker,6,3,6,3,3,6,6,3,Infield shade,Standard,233.0,-0.006,-0.302,79.7,7.7,,1.136,0.302,103.5,3,3,0.937,0.937,27,32,28,33,1,3,7.0,1,3.0,1.0,1.67,1.28,-1.28,27.6,5.451491284441136,0.0890306060273642,40.13868516473711,38.20087251179593,30.72186550048717
SL,2024-06-24,86.8,-1.59,5.39,"Yelich, Christian",592885,642546,,ball,,,,,13.0,,R,L,R,MIL,TEX,B,,,1,1,2024,0.46,0.18,-0.9629753614258284,2.335823244055129,,,,1,7,Bot,,,,,,,0.562350950075807,-126.59735600746136,-1.5630548148974794,4.8691894607019615,23.72001961070422,-30.117821635824026,3.29628422900588,1.61503024987961,,,,87.4,2567.0,6.4,745974,641680,677649,543760,669701,608369,694671,665750,666969,54.12,,,,,,,,62,3,Slider,6,3,6,3,3,6,6,3,Standard,Standard,115.0,0.001,0.059,,,,,-0.059,,3,3,0.936,0.936,27,32,28,33,1,3,7.0,1,3.0,1.0,2.81,-0.46,0.46,29.5,,,,,
SL,2024-06-24,87.0,-1.7,5.26,"Yelich, Christian",592885,642546,,ball,,,,,13.0,,R,L,R,MIL,TEX,B,,,0,1,2024,0.42,0.24,-1.2309171588805876,1.7235725835763267,,,,1,7,Bot,,,,,,,0.2621010377628914,-126.79546094192683,-2.86415237106329,4.476396167608351,23.657127563553164,-29.273368399639843,3.32693682074469,1.64570917746504,,,,87.9,2568.0,6.6,745974,641680,677649,543760,669701,608369,694671,665750,666969,53.92,,,,,,,,62,2,Slider,6,3,6,3,3,6,6,3,Standard,Standard,123.0,0.001,0.024,,,,,-0.024,,3,3,0.935,0.935,27,32,28,33,1,3,7.0,1,3.0,1.0,2.74,-0.42,0.42,30.2,,,,,
SI,2024-06-24,97.7,-1.39,5.44,"Yelich, Christian",592885,642546,,called_strike,,,,,5.0,,R,L,R,MIL,TEX,S,,,0,0,2024,-1.33,0.98,0.0632594724360224,2.348685722345806,,,,1,7,Bot,,,,,,,7.027480324868514,-142.09047822309455,-5.100458436208041,-19.68787310431139,31.823652115044077,-17.910835675703456,3.32598782125105,1.54173179938316,,,,98.2,2217.0,6.5,745974,641680,677649,543760,669701,608369,694671,665750,666969,53.97,,,,,,,,62,1,Sinker,6,3,6,3,3,6,6,3,Standard,Standard,232.0,-0.001,-0.037,,,,,0.037,,3,3,0.936,0.936,27,32,28,33,1,3,7.0,1,3.0,1.0,1.41,1.33,-1.33,29.0,,,,,
FF,2024-06-24,94.1,-1.5,5.73,"Yelich, Christian",592885,547179,strikeout,called_strike,,,,,9.0,Christian Yelich called out on strikes.,R,L,R,MIL,TEX,S,2.0,,2,2,2024,-0.92,1.2,0.7086492147967907,1.960414446910706,,,,2,1,Bot,,,,,,,7.728632667576907,-136.80911809842527,-6.706234833566428,-13.250898536639742,29.679832174335274,-15.75938120978296,3.24693840570885,1.56119963595726,,,,93.7,2374.0,6.0,745974,641680,677649,543760,669701,608369,694671,665750,666969,54.46,,0.0,0.0,1.0,0.0,0.0,,7,7,4-Seam Fastball,0,0,0,0,0,0,0,0,Strategic,Standard,224.0,-0.008,-0.219,,,,,0.219,,0,0,0.508,0.508,32,32,32,33,1,0,6.0,1,5.0,1.0,1.37,0.92,-0.92,48.0,,,,,
SI,2024-06-24,93.8,-1.69,5.54,"Yelich, Christian",592885,547179,,foul,,,,,5.0,,R,L,R,MIL,TEX,S,,,2,2,2024,-1.45,0.5,-0.2652933611369803,2.749865938140426,,,,2,1,Bot,,,,,,,6.841142595676367,-136.37905771971452,-2.57126851568128,-19.63584747249621,30.51156332664329,-25.558424203771843,3.41,1.73,227.0,94.5,14.0,93.0,2149.0,5.9,745974,641680,677649,543760,669701,608369,694671,665750,666969,54.57,,,,,,,,7,6,Sinker,0,0,0,0,0,0,0,0,Strategic,Standard,231.0,0.0,0.0,71.2,6.6,,,0.0,94.5,0,0,0.508,0.508,32,32,32,33,1,0,6.0,1,5.0,1.0,2.1,1.45,-1.45,37.9,-4.331999350087832,24.8521135682403,32.7879399500825,39.93194928839971,17.999897175263044
FF,2024-06-24,93.6,-1.55,5.79,"Yelich, Christian",592885,547179,,foul,,,,,13.0,,R,L,R,MIL,TEX,S,,,2,2,2024,-1.02,1.17,-0.9630327781840272,2.569264968967405,,,,2,1,Bot,,,,,,,3.75031553245527,-136.16576667531706,-5.091358764884755,-13.530818880824446,31.100918494436115,-16.702277925925344,3.41,1.73,109.0,101.2,4.0,92.9,2316.0,6.0,745974,641680,677649,543760,669701,608369,694671,665750,666969,54.53,,,,,,,,7,5,4-Seam Fastball,0,0,0,0,0,0,0,0,Infield shade,Standard,227.0,0.0,0.0,64.9,6.8,,,0.0,101.2,0,0,0.508,0.508,32,32,32,33,1,0,6.0,1,5.0,1.0,1.44,1.02,-1.02,42.2,-7.674087481031527,34.19370160354219,30.772714813705917,48.82937787011101,8.620883878650334
FC,2024-06-24,89.9,-1.66,5.73,"Yelich, Christian",592885,547179,,swinging_strike,,,,,12.0,,R,L,R,MIL,TEX,S,,,2,1,2024,0.17,0.54,1.3505005485103594,2.60154943942088,,,,2,1,Bot,,,,,,,7.044667147144795,-130.80368976408465,-2.934563147856654,0.6053158277960683,25.94915619449266,-25.540651224721007,3.41,1.73,,,,89.5,2510.0,5.9,745974,641680,677649,543760,669701,608369,694671,665750,666969,54.57,,,,,,,,7,4,Cutter,0,0,0,0,0,0,0,0,Standard,Standard,194.0,-0.003,-0.084,35.1,6.0,4.208266788,,0.084,,0,0,0.511,0.511,32,32,32,33,1,0,6.0,1,5.0,1.0,2.27,-0.17,0.17,41.4,-6.132039763881416,24.933465216083384,43.320426395965065,19.79320622736664,16.39965917049974
FF,2024-06-24,94.1,-1.61,5.69,"Yelich, Christian",592885,547179,,ball,,,,,14.0,,R,L,R,MIL,TEX,B,,,1,1,2024,-0.95,1.09,0.9139075022095622,1.7705677185163289,,,,2,1,Bot,,,,,,,8.565429866775437,-136.64080320821049,-6.813767962743337,-13.758118293563816,29.12260967866041,-17.206948291703462,3.37947331322399,1.68814736940379,,,,93.5,2291.0,6.0,745974,641680,677649,543760,669701,608369,694671,665750,666969,54.54,,,,,,,,7,3,4-Seam Fastball,0,0,0,0,0,0,0,0,Standard,Standard,223.0,0.002,0.058,,,,,-0.058,,0,0,0.509,0.509,32,32,32,33,1,0,6.0,1,5.0,1.0,1.49,0.95,-0.95,43.3,,,,,
FC,2024-06-24,89.3,-1.7,5.76,"Yelich, Christian",592885,547179,,ball,,,,,12.0,,R,L,R,MIL,TEX,B,,,0,1,2024,0.24,0.45,0.6718216735275855,4.041450186677933,,,,2,1,Bot,,,,,,,5.284498910134079,-130.1001837554661,0.7487989643349093,1.7986373463504988,24.41032876159402,-27.341183405904093,3.34722683881144,1.51738627836794,,,,89.2,2634.0,5.9,745974,641680,677649,543760,669701,608369,694671,665750,666969,54.6,,,,,,,,7,2,Cutter,0,0,0,0,0,0,0,0,Standard,Standard,175.0,0.001,0.029,,,,,-0.029,,0,0,0.508,0.508,32,32,32,33,1,0,6.0,1,5.0,1.0,2.38,-0.24,0.24,48.3,,,,,
FF,2024-06-24,94.1,-1.54,5.83,"Yelich, Christian",592885,547179,,called_strike,,,,,6.0,,R,L,R,MIL,TEX,S,,,0,0,2024,-0.96,1.26,0.720015033395976,2.4354155272205005,,,,2,1,Bot,,,,,,,7.910815320773721,-136.67268905226328,-5.806973105740336,-13.797144992017582,32.25072028733352,-15.26355059543719,3.30334301706048,1.68132246090294,,,,93.1,2435.0,6.0,745974,641680,677649,543760,669701,608369,694671,665750,666969,54.52,,,,,,,,7,1,4-Seam Fastball,0,0,0,0,0,0,0,0,Standard,Standard,222.0,-0.002,-0.041,,,,,0.041,,0,0,0.51,0.51,32,32,32,33,1,0,6.0,1,5.0,1.0,1.34,0.96,-0.96,42.4,,,,,
FF,2024-06-24,96.8,1.51,5.94,"Yelich, Christian",592885,656641,walk,ball,,,,,14.0,Christian Yelich walks.,R,L,L,MIL,TEX,B,,,3,2,2024,0.45,1.54,0.0453203502646736,1.3461448824233138,,661388.0,,0,6,Bot,,,,,,,-4.969217241831275,-140.59217760388526,-10.24343434062658,7.126491112300299,31.24219014626049,-9.65971462600597,3.22840241812149,1.63507798629603,,,,97.3,2448.0,6.6,745974,641680,677649,543760,669701,608369,694671,665750,666969,53.87,,0.689131,0.7,1.0,0.0,0.0,,47,9,4-Seam Fastball,1,3,1,3,3,1,1,3,Standard,Standard,157.0,0.051,0.263,,,,,-0.263,,-2,-2,0.361,0.361,28,32,28,33,1,2,2.0,1,2.0,1.0,0.9,0.45,0.45,52.6,,,,,
FF,2024-06-24,95.9,1.41,5.94,"Yelich, Christian",592885,656641,,foul,,,,,7.0,,R,L,L,MIL,TEX,S,,,3,2,2024,0.37,1.57,-0.52336245462202,1.9392446732504465,,661388.0,,0,6,Bot,,,,,,,-5.956836600277172,-139.2658240455454,-8.548094687808588,6.11966788414437,31.938327753747945,-9.938706319326664,3.41,1.73,299.0,89.8,37.0,96.2,2385.0,6.6,745974,641680,677649,543760,669701,608369,694671,665750,666969,53.87,,,,,,,,47,8,4-Seam Fastball,1,3,1,3,3,1,1,3,Standard,Standard,156.0,0.0,0.0,76.2,7.6,,,0.0,89.8,-2,-2,0.361,0.361,28,32,28,33,1,2,2.0,1,2.0,1.0,0.92,0.37,0.37,51.7,2.4561583045866096,6.869498677587,39.24921394561533,45.48602425662927,21.54297196973925
SL,2024-06-24,83.7,1.87,5.88,"Yelich, Christian",592885,656641,,foul,,,,,7.0,,R,L,L,MIL,TEX,S,,,3,2,2024,-0.47,-0.14,-0.4751608030630762,1.7996933600380092,,661388.0,,0,6,Bot,,,,,,,-4.525077013156656,-121.93272947463186,-2.768096482339554,-3.820632348394351,23.237216169037232,-33.201772337993695,3.41,1.73,3.0,73.1,-34.0,84.4,2795.0,6.6,745974,641680,677649,543760,669701,608369,694671,665750,666969,53.88,,,,,,,,47,7,Slider,1,3,1,3,3,1,1,3,Standard,Standard,295.0,0.0,0.0,72.7,8.3,,,0.0,88.0,-2,-2,0.361,0.361,28,32,28,33,1,2,2.0,1,2.0,1.0,3.37,-0.47,-0.47,46.5,20.82463250027487,-10.5643960349173,31.90232023872522,43.26399665839374,42.2579504545469
SL,2024-06-24,82.2,1.59,5.87,"Yelich, Christian",592885,656641,,foul,,,,,2.0,,R,L,L,MIL,TEX,S,,,3,2,2024,-0.88,-0.14,0.1981838885696789,2.932708352823615,,661388.0,,0,6,Bot,,,,,,,-1.4642893670317592,-119.72698575145095,0.1674483309100511,-8.121408556331435,23.771586016032465,-33.732577254293204,3.41,1.73,143.0,62.6,59.0,82.8,2765.0,6.7,745974,641680,677649,543760,669701,608369,694671,665750,666969,53.83,,,,,,,,47,6,Slider,1,3,1,3,3,1,1,3,Standard,Standard,301.0,0.0,0.0,70.4,6.7,,,0.0,88.0,-2,-2,0.361,0.361,28,32,28,33,1,2,2.0,1,2.0,1.0,3.51,-0.88,-0.88,51.9,-0.0282582199783528,12.7530250960417,30.32300378608837,36.1789841960688,22.881529805658865
FF,2024-06-24,96.1,1.4,5.99,"Yelich, Christian",592885,656641,,foul,,,,,11.0,,R,L,L,MIL,TEX,S,,,3,1,2024,0.46,1.49,-0.6463979786987601,3.6088531051123343,,661388.0,,0,6,Bot,,,,,,,-6.49505028323547,-139.79365954145212,-4.07529230814148,7.552157761714422,32.45901267391966,-11.980035905432004,3.41,1.73,200.0,81.8,18.0,96.4,2541.0,6.5,745974,641680,677649,543760,669701,608369,694671,665750,666969,53.98,,,,,,,,47,5,4-Seam Fastball,1,3,1,3,3,1,1,3,Standard,Standard,161.0,-0.015,-0.091,71.7,6.9,,,0.091,88.0,-2,-2,0.376,0.376,28,32,28,33,1,2,2.0,1,2.0,1.0,0.99,0.46,0.46,54.8,4.42082892194859,17.162152275112177,23.94346914209149,46.539684092230914,16.432184249203917
FF,2024-06-24,95.3,1.59,5.96,"Yelich, Christian",592885,656641,,ball,,,,,13.0,,R,L,L,MIL,TEX,B,,,2,1,2024,0.48,1.41,-1.1999312288952408,1.6340013937976687,,661388.0,,0,6,Bot,,,,,,,-8.455507441773282,-138.38332424434117,-8.900642553854855,8.112737013959135,30.94126902715968,-12.256863722460874,3.31673536971688,1.5881674523867,,,,95.7,2492.0,6.6,745974,641680,677649,543760,669701,608369,694671,665750,666969,53.88,,,,,,,,47,4,4-Seam Fastball,1,3,1,3,3,1,1,3,Standard,Standard,165.0,0.018,0.093,,,,,-0.093,,-2,-2,0.358,0.358,28,32,28,33,1,2,2.0,1,2.0,1.0,1.11,0.48,0.48,53.4,,,,,
FF,2024-06-24,95.8,1.43,5.97,"Yelich, Christian",592885,656641,,ball,,,,,13.0,,R,L,L,MIL,TEX,B,,,1,1,2024,0.41,1.55,-1.429004590557183,1.3121836962279616,,661388.0,,0,6,Bot,,,,,,,-8.503901749676931,-138.9264548396891,-10.187423891238346,7.232596877783848,30.941198488814017,-9.995744263867367,3.3194965842294,1.69230454828433,,,,96.1,2490.0,6.7,745974,641680,677649,543760,669701,608369,694671,665750,666969,53.85,,,,,,,,47,3,4-Seam Fastball,1,3,1,3,3,1,1,3,Standard,Standard,159.0,0.009,0.041,,,,,-0.041,,-2,-2,0.349,0.349,28,32,28,33,1,2,2.0,1,2.0,1.0,0.95,0.41,0.41,49.1,,,,,
SL,2024-06-24,82.7,1.76,5.88,"Yelich, Christian",592885,656641,,blocked_ball,,,,,13.0,,R,L,L,MIL,TEX,B,,,0,1,2024,-0.62,0.06,-1.877024618996776,-0.099265462406076,,661388.0,,0,6,Bot,,,,,,,-7.147608834950447,-120.18830514133046,-7.299303759146864,-4.673449890454367,23.14437698341441,-30.35979454785525,3.3573266186499,1.59751111730289,,,,83.5,2690.0,6.9,745974,641680,677649,543760,669701,608369,694671,665750,666969,53.65,,,,,,,,47,2,Slider,1,3,1,3,3,1,1,3,Standard,Standard,298.0,0.007,0.036,,,,,-0.036,,-2,-2,0.342,0.342,28,32,28,33,1,2,2.0,1,2.0,1.0,3.28,-0.62,-0.62,57.4,,,,,
SL,2024-06-24,80.7,1.82,5.95,"Yelich, Christian",592885,656641,,called_strike,,,,,4.0,,R,L,L,MIL,TEX,S,,,0,0,2024,-0.62,-0.09,-0.3962685877894449,2.744252303115559,,661388.0,,0,6,Bot,,,,,,,-3.775809573524664,-117.58248242073824,-0.3221831039802816,-5.069460150082372,21.80691706096034,-33.202437950714675,3.35017700335226,1.65785191544974,,,,81.4,2618.0,6.6,745974,641680,677649,543760,669701,608369,694671,665750,666969,53.88,,,,,,,,47,1,Slider,1,3,1,3,3,1,1,3,Standard,Standard,305.0,-0.01,-0.035,,,,,0.035,,-2,-2,0.352,0.352,28,32,28,33,1,2,2.0,1,2.0,1.0,3.58,-0.62,-0.62,57.2,,,,,
ST,2024-06-23,80.1,-3.16,5.37,"Yelich, Christian",592885,650633,field_out,hit_into_play,,,,,7.0,Christian Yelich flies out to center fielder Jackson Merrill.,R,L,R,SD,MIL,X,8.0,fly_ball,1,0,2024,1.12,0.24,-0.4377204490173743,1.69159583155619,,,672012.0,0,5,Top,133.62,69.02,,,,,3.868367902975392,-116.75424349518178,-1.9363942988097131,9.62845799407447,20.00945312250531,-29.844046010062065,3.41,1.72,323.0,89.4,32.0,79.6,2651.0,5.7,745396,664954,650333,630105,592518,673490,595777,701538,444482,54.83,0.047,0.066,0.0,1.0,0.0,0.0,3.0,35,2,Sweeper,0,5,5,0,5,0,5,0,Infield shade,Standard,69.0,0.008,-0.287,78.8,8.6,,0.111,0.287,89.4,-5,5,0.055,0.945,29,32,29,33,3,2,5.0,1,6.0,1.0,3.28,-1.12,1.12,26.2,19.592404605639054,-6.867098801903684,38.747059532462,40.984058934652936,35.8660006119684
SI,2024-06-23,92.2,-3.2,5.44,"Yelich, Christian",592885,650633,,ball,,,,,14.0,,R,L,R,SD,MIL,B,,,0,0,2024,-1.36,0.45,1.4351935541869003,2.440080012870177,,,672012.0,0,5,Top,,,,,,,14.621348651851925,-133.52676595357107,-2.772036735750285,-19.181974938912305,25.073038863455068,-26.39527718855497,3.43501756287126,1.84605546740433,,,,92.0,2154.0,6.1,745396,664954,650333,630105,592518,673490,595777,701538,444482,54.36,,,,,,,,35,1,Sinker,0,5,5,0,5,0,5,0,Infield shade,Standard,221.0,-0.001,0.041,,,,,-0.041,,-5,5,0.056,0.944,29,32,29,33,3,2,5.0,1,6.0,1.0,2.23,1.36,-1.36,29.5,,,,,
FF,2024-06-23,93.4,-3.05,5.68,"Yelich, Christian",592885,650633,strikeout,swinging_strike,,,,,11.0,Christian Yelich strikes out swinging.,R,L,R,SD,MIL,S,2.0,,0,2,2024,-0.39,1.17,-0.5504468106250482,3.668648582895722,,,672012.0,2,2,Top,,,,,,,7.251793340791148,-135.8639087406606,-1.9512147254944303,-6.445084706541907,31.159390449042704,-17.530873850963374,3.41,1.72,,,,92.8,2240.0,6.1,745396,664954,650333,630105,592518,673490,595777,701538,444482,54.43,,0.0,0.0,1.0,0.0,0.0,,15,3,4-Seam Fastball,0,5,5,0,5,0,5,0,Infield shade,Standard,216.0,0.004,-0.17,69.3,6.3,2.137641768,,0.17,,-5,5,0.121,0.879,29,32,29,33,2,1,5.0,1,6.0,1.0,1.46,0.39,-0.39,34.4,-3.2778265809702667,35.58715036991405,24.365663251268025,41.37665832847092,13.526351286533398
ST,2024-06-23,82.1,-3.29,5.28,"Yelich, Christian",592885,650633,,swinging_strike,,,,,14.0,,R,L,R,SD,MIL,S,,,0,1,2024,0.89,0.52,0.4608624874104587,1.5494347485077622,,,672012.0,2,2,Top,,,,,,,6.72764866033878,-119.31218280080604,-2.8194271981490138,7.037657928847378,25.058609960423272,-26.867987251001832,3.41,1.72,,,,81.4,2641.0,6.1,745396,664954,650333,630105,592518,673490,595777,701538,444482,54.42,,,,,,,,15,2,Sweeper,0,5,5,0,5,0,5,0,Standard,Standard,74.0,0.002,-0.054,74.8,9.1,9.125933016,,0.054,,-5,5,0.119,0.881,29,32,29,33,2,1,5.0,1,6.0,1.0,2.9,-0.89,0.89,23.9,33.46781794821875,-44.871768311606,37.764966873418,31.693474776777244,60.38325471127281
ST,2024-06-23,83.0,-3.22,5.48,"Yelich, Christian",592885,650633,,swinging_strike,,,,,8.0,,R,L,R,SD,MIL,S,,,0,0,2024,0.61,0.73,0.2420142659767153,2.075107869698214,,,672012.0,2,2,Top,,,,,,,6.687694186438368,-120.69478652064522,-2.733997164263377,4.718227875519079,23.36085201461747,-24.67079706342154,3.41,1.72,,,,82.6,2588.0,6.0,745396,664954,650333,630105,592518,673490,595777,701538,444482,54.46,,,,,,,,15,1,Sweeper,0,5,5,0,5,0,5,0,Standard,Standard,78.0,0.001,-0.047,75.9,8.9,3.248770548,,0.047,,-5,5,0.118,0.882,29,32,29,33,2,1,5.0,1,6.0,1.0,2.58,-0.61,0.61,30.8,31.766302804561107,-38.39927988056877,37.37106268676342,34.53841513469982,55.29611353821589
CH,2024-06-23,91.2,-1.07,6.13,"Yelich, Christian",592885,666745,field_out,hit_into_play,,,,,4.0,"Christian Yelich grounds out softly, first baseman Luis Arraez to pitcher Jhony Brito. Jackson Chourio to 3rd.",R,L,R,SD,MIL,X,3.0,ground_ball,1,2,2024,-1.24,0.55,-0.5397316604242111,2.5001265992347506,,694192.0,,1,9,Top,149.46,169.71,,,,,4.010447393803517,-132.75232144733982,-4.480093680810725,-15.483378351699612,26.5843678888151,-24.87203304450727,3.41,1.72,2.0,83.3,-51.0,91.7,1828.0,6.4,745396,664954,650333,630105,592518,673490,595777,701538,444482,54.08,0.241,0.222,0.0,1.0,0.0,0.0,2.0,71,4,Changeup,2,6,6,2,6,2,6,2,Standard,Standard,234.0,0.001,-0.181,72.3,7.2,,0.243,0.181,88.0,-4,4,0.014,0.986,26,32,26,33,1,4,1.0,1,48.0,1.0,2.17,1.24,-1.24,58.0,4.0316192882826005,16.64509193562928,30.63262922364089,42.35513035853681,22.772051304607626
SI,2024-06-23,96.3,-0.87,6.18,"Yelich, Christian",592885,666745,,called_strike,,,,,2.0,,R,L,R,SD,MIL,S,,,1,1,2024,-1.49,0.95,0.0449403116680231,3.4370180711378278,,694192.0,,1,9,Top,,,,,,,5.80553646795041,-140.2057751445412,-3.9025036585059047,-20.965288628159215,29.86675620019592,-18.95168306061157,3.43681325996565,1.84788072542805,,,,96.6,2154.0,6.3,745396,664954,650333,630105,592518,673490,595777,701538,444482,54.22,,,,,,,,71,3,Sinker,2,6,6,2,6,2,6,2,Standard,Standard,220.0,0.001,-0.062,,,,,0.062,,-4,4,0.013,0.987,26,32,26,33,1,4,1.0,1,48.0,1.0,1.49,1.49,-1.49,56.1,,,,,
CH,2024-06-23,90.2,-0.95,6.11,"Yelich, Christian",592885,666745,,called_strike,,,,,9.0,,R,L,R,SD,MIL,S,,,1,0,2024,-1.2,0.56,0.5592263404278017,1.8209589788095293,,694192.0,,1,9,Top,,,,,,,6.307170192979285,-131.15745133436417,-5.964146276050225,-15.104292603103415,25.30667275636415,-24.63845423245273,3.3910065540614,1.84788072542805,,,,90.7,1709.0,6.5,745396,664954,650333,630105,592518,673490,595777,701538,444482,54.04,,,,,,,,71,2,Changeup,2,6,6,2,6,2,6,2,Standard,Standard,235.0,0.0,-0.043,,,,,0.043,,-4,4,0.013,0.987,26,32,26,33,1,4,1.0,1,48.0,1.0,2.22,1.2,-1.2,53.9,,,,,
CH,2024-06-23,91.0,-1.24,6.08,"Yelich, Christian",592885,666745,,blocked_ball,,,,,13.0,,R,L,R,SD,MIL,B,,,0,0,2024,-1.49,0.53,-0.0186533340153165,0.6264256075048467,,694192.0,,1,9,Top,,,,,,,6.285610490805695,-132.1940453038238,-8.98874902055776,-18.773697790588123,26.773981065757127,-24.218226082970027,3.41390993610043,1.87078580222077,,,,91.6,1763.0,6.6,745396,664954,650333,630105,592518,673490,595777,701538,444482,53.86,,,,,,,,71,1,Changeup,2,6,6,2,6,2,6,2,Standard,Standard,239.0,0.0,0.027,,,,,-0.027,,-4,4,0.013,0.987,26,32,26,33,1,4,1.0,1,48.0,1.0,2.22,1.49,-1.49,60.9,,,,,
SL,2024-06-23,84.0,-3.27,5.43,"Yelich, Christian",592885,650633,strikeout,swinging_strike_blocked,,,,,13.0,Christian Yelich strikes out swinging.,R,L,R,SD,MIL,S,2.0,,1,2,2024,0.25,-0.26,-0.1002693461289977,0.6553144953887053,,,,2,1,Top,,,,,,,6.775181175249586,-122.08738938327328,-4.079478182809307,1.065344443526462,25.28599482968968,-34.11922966249717,3.41,1.72,,,,83.0,2388.0,5.8,745396,664954,650333,630105,592518,673490,595777,701538,444482,54.67,,0.0,0.0,1.0,0.0,0.0,,3,4,Slider,0,0,0,0,0,0,0,0,Infield shade,Standard,83.0,0.007,-0.18,53.6,8.5,5.017044192,,0.18,,0,0,0.541,0.459,29,32,29,33,1,0,5.0,1,6.0,1.0,3.51,-0.25,0.25,28.3,18.559039365976187,-12.851245165785176,41.75878802603373,37.31629353985211,34.872657884731794
FF,2024-06-23,94.2,-2.91,5.74,"Yelich, Christian",592885,650633,,foul,,,,,2.0,,R,L,R,SD,MIL,S,,,1,1,2024,-0.73,1.35,0.1673225047025798,3.2847515414804787,,,,2,1,Top,,,,,,,9.557194748813496,-136.65726724888012,-3.522037740048329,-11.541890973771377,36.04242075924049,-14.791431030119172,3.41,1.72,,,,92.8,2402.0,6.1,745396,664954,650333,630105,592518,673490,595777,701538,444482,54.42,,,,,,,,3,3,4-Seam Fastball,0,0,0,0,0,0,0,0,Standard,Standard,219.0,0.003,-0.064,73.1,6.6,,,0.064,,0,0,0.538,0.462,29,32,29,33,1,0,5.0,1,6.0,1.0,1.28,0.73,-0.73,36.1,9.784386983124744,18.51742974922146,31.61276675130784,34.06431375394129,22.79991631349692
ST,2024-06-23,81.3,-3.46,5.37,"Yelich, Christian",592885,650633,,swinging_strike,,,,,5.0,,R,L,R,SD,MIL,S,,,1,0,2024,1.27,0.58,-0.1240092262854072,2.5061031732196404,,,,2,1,Top,,,,,,,4.9878900301287326,-118.21514864564028,-0.8268426857895339,10.74649537599092,25.47059553849501,-26.87501452754353,3.41,1.72,,,,80.1,2680.0,5.8,745396,664954,650333,630105,592518,673490,595777,701538,444482,54.73,,,,,,,,3,2,Sweeper,0,0,0,0,0,0,0,0,Standard,Standard,67.0,0.001,-0.051,75.3,8.7,0.20785236,,0.051,,0,0,0.537,0.463,29,32,29,33,1,0,5.0,1,6.0,1.0,2.91,-1.27,1.27,27.5,28.98766113416214,-30.46015074136204,33.17438430956749,39.84144155599055,47.468755919667146
SI,2024-06-23,94.2,-3.15,5.49,"Yelich, Christian",592885,650633,,ball,,,,,14.0,,R,L,R,SD,MIL,B,,,0,0,2024,-1.6,0.44,1.154166384603546,2.3327245044937897,,,,2,1,Top,,,,,,,14.568335145336665,-136.30679040392775,-3.3523924921665778,-23.32036918881401,32.868978696286234,-26.03220225118593,3.45792140229506,1.75443285507283,,,,92.8,2284.0,6.0,745396,664954,650333,630105,592518,673490,595777,701538,444482,54.54,,,,,,,,3,1,Sinker,0,0,0,0,0,0,0,0,Standard,Standard,222.0,-0.001,0.04,,,,,-0.04,,0,0,0.538,0.462,29,32,29,33,1,0,5.0,1,6.0,1.0,2.17,1.6,-1.6,29.6,,,,,
ST,2024-06-23,75.0,2.95,4.51,"Yelich, Christian",592885,676680,single,hit_into_play,,,,,8.0,Christian Yelich singles on a sharp line drive to right fielder David Peralta. Jackson Chourio to 2nd.,R,L,L,SD,MIL,X,9.0,line_drive,0,1,2024,-2.2,0.25,-0.0190915541213576,1.7227588586044955,,,694192.0,1,7,Top,176.04,100.61,,,,,-2.2374967277001554,-109.1282512405687,0.9930876236643148,-17.028004153104057,20.817707004208764,-30.611704417816192,3.41,1.72,189.0,102.9,9.0,74.1,2632.0,5.8,745396,664954,650333,630105,592518,673490,595777,701538,444482,54.72,0.753,0.725,0.9,1.0,1.0,0.0,4.0,54,2,Sweeper,1,5,5,1,5,1,5,1,Standard,Strategic,279.0,-0.009,0.446,76.3,7.8,,0.89,-0.446,102.9,-4,4,0.06,0.94,28,32,28,33,1,3,2.0,1,3.0,1.0,3.83,-2.2,-2.2,8.7,7.106841185116187,-13.603163488488947,36.54606751226814,35.243783443489534,38.249642111644704
ST,2024-06-23,76.3,2.94,4.5,"Yelich, Christian",592885,676680,,called_strike,,,,,9.0,,R,L,L,SD,MIL,S,,,0,0,2024,-1.92,0.59,0.5244995167891555,2.3439686296784457,,,694192.0,1,7,Top,,,,,,,-1.623739094731004,-111.03705715412492,1.4583467494804714,-15.478461617956118,21.217078468159617,-27.783962153420934,3.54953614854925,1.82314983373038,,,,75.4,2801.0,5.8,745396,664954,650333,630105,592518,673490,595777,701538,444482,54.74,,,,,,,,54,1,Sweeper,1,5,5,1,5,1,5,1,Standard,Standard,279.0,0.001,-0.04,,,,,0.04,,-4,4,0.059,0.941,28,32,28,33,1,3,2.0,1,3.0,1.0,3.34,-1.92,-1.92,7.5,,,,,
FC,2024-06-22,91.3,-1.93,5.93,"Yelich, Christian",592885,681190,field_out,hit_into_play,,,,,11.0,"Christian Yelich grounds out, pitcher Randy Vásquez to first baseman Luis Arraez.",R,L,R,SD,MIL,X,1.0,ground_ball,1,2,2024,0.0,0.89,-0.0054291371613567,3.7098199362005686,,,,0,4,Top,127.54,172.03,,,,,4.84604650475192,-132.99170824370938,-1.6759372461428188,-0.9448455914605668,25.926681093414967,-21.42507731103782,3.42,1.73,10.0,72.7,-19.0,91.5,2555.0,6.1,745402,543309,650333,630105,592518,673490,642180,701538,444482,54.36,0.047,0.056,0.0,1.0,0.0,0.0,2.0,22,5,Cutter,0,0,0,0,0,0,0,0,Infield shade,Standard,185.0,0.019,-0.186,58.8,6.5,,0.049,0.186,88.0,0,0,0.508,0.492,25,32,26,33,2,1,5.0,1,6.0,1.0,1.82,0.0,0.0,36.4,9.82995349422762,19.253871852475967,22.466734920432103,36.08829140293423,17.530703302562703
CH,2024-06-22,87.8,-1.94,5.98,"Yelich, Christian",592885,681190,,ball,,,,,13.0,,R,L,R,SD,MIL,B,,,0,2,2024,-1.61,0.79,-0.6217256981748245,-0.0181162835161883,,,,0,4,Top,,,,,,,6.474941978231353,-127.44808529464764,-9.963219418055717,-18.867617851963665,25.305300950708077,-21.705451228484616,3.34520415593036,1.68756486850285,,,,87.4,2284.0,6.1,745402,543309,650333,630105,592518,673490,642180,701538,444482,54.43,,,,,,,,22,4,Changeup,0,0,0,0,0,0,0,0,Infield shade,Standard,234.0,-0.003,0.023,,,,,-0.023,,0,0,0.511,0.489,25,32,26,33,2,1,5.0,1,6.0,1.0,2.17,1.61,-1.61,38.3,,,,,
FF,2024-06-22,93.7,-1.97,5.99,"Yelich, Christian",592885,681190,,foul,,,,,1.0,,R,L,R,SD,MIL,S,,,0,2,2024,-0.74,1.45,-0.6396607191325474,3.4465466814538246,,,,0,4,Top,,,,,,,5.040438015860882,-136.46726045614207,-4.07618867042069,-10.28548276400361,28.25761887762461,-13.288662768875588,3.42,1.73,255.0,81.9,26.0,93.4,2390.0,6.0,745402,543309,650333,630105,592518,673490,642180,701538,444482,54.55,,,,,,,,22,3,4-Seam Fastball,0,0,0,0,0,0,0,0,Infield shade,Standard,220.0,0.0,0.0,61.5,6.1,,,0.0,88.0,0,0,0.511,0.489,25,32,26,33,2,1,5.0,1,6.0,1.0,1.13,0.74,-0.74,36.9,-10.343205773047483,41.57887233737787,27.060357691011458,44.38678118711144,5.405711870599092
SI,2024-06-22,92.4,-1.98,5.79,"Yelich, Christian",592885,681190,,called_strike,,,,,9.0,,R,L,R,SD,MIL,S,,,0,1,2024,-1.32,0.98,0.5746077714347042,2.1912338109749383,,,,0,4,Top,,,,,,,9.324954233075609,-134.22242560387136,-5.4861656891667625,-17.99914894673217,28.0284741146102,-19.240864958137667,3.43681665249927,1.80208922939324,,,,92.0,2373.0,6.1,745402,543309,650333,630105,592518,673490,642180,701538,444482,54.41,,,,,,,,22,2,Sinker,0,0,0,0,0,0,0,0,Infield shade,Standard,217.0,0.007,-0.054,,,,,0.054,,0,0,0.504,0.496,25,32,26,33,2,1,5.0,1,6.0,1.0,1.69,1.32,-1.32,33.6,,,,,
ST,2024-06-22,84.4,-2.13,5.98,"Yelich, Christian",592885,681190,,called_strike,,,,,5.0,,R,L,R,SD,MIL,S,,,0,0,2024,0.41,0.6,0.03932534604135,2.210771167889599,,,,0,4,Top,,,,,,,4.212445992902214,-122.93765119540872,-3.6434215106386167,3.4443953756815646,22.43945615267836,-25.540294470661145,3.32230089147175,1.66465996118907,,,,84.2,3004.0,5.9,745402,543309,650333,630105,592518,673490,642180,701538,444482,54.57,,,,,,,,22,1,Sweeper,0,0,0,0,0,0,0,0,Standard,Standard,101.0,0.004,-0.037,,,,,0.037,,0,0,0.5,0.5,25,32,26,33,2,1,5.0,1,6.0,1.0,2.57,-0.41,0.41,37.3,,,,,
SI,2024-06-22,94.9,-1.88,5.84,"Yelich, Christian",592885,681190,walk,ball,,,,,14.0,Christian Yelich walks.,R,L,R,SD,MIL,B,,,3,1,2024,-1.34,0.86,1.1251475238777586,1.8654962371659785,,,,2,1,Top,,,,,,,10.8236987889958,-137.74065228257,-6.647310497596294,-19.410615059388284,29.7841923865828,-19.87044899478291,3.29714837829698,1.79980596314186,,,,94.7,2462.0,6.2,745402,543309,650333,630105,592518,673490,642180,701538,444482,54.27,,0.689131,0.7,1.0,0.0,0.0,,3,5,Sinker,0,0,0,0,0,0,0,0,Infield shade,Standard,208.0,-0.007,0.178,,,,,-0.178,,0,0,0.533,0.467,25,32,26,33,1,0,5.0,1,6.0,1.0,1.68,1.34,-1.34,33.5,,,,,
FF,2024-06-22,94.8,-2.07,5.97,"Yelich, Christian",592885,681190,,called_strike,,,,,11.0,,R,L,R,SD,MIL,S,,,3,0,2024,-0.85,1.34,-0.8673696254929346,3.1571506238748124,,,,2,1,Top,,,,,,,4.998247757331543,-137.99359304542094,-4.641528953063307,-12.022008971031246,31.57829473890842,-14.259231360689402,3.35859730265227,1.56372501947167,,,,94.0,2356.0,5.8,745402,543309,650333,630105,592518,673490,642180,701538,444482,54.66,,,,,,,,3,4,4-Seam Fastball,0,0,0,0,0,0,0,0,Infield shade,Standard,206.0,0.002,-0.058,,,,,0.058,,0,0,0.531,0.469,25,32,26,33,1,0,5.0,1,6.0,1.0,1.2,0.85,-0.85,34.5,,,,,
FC,2024-06-22,90.9,-2.0,5.88,"Yelich, Christian",592885,681190,,ball,,,,,3.0,,R,L,R,SD,MIL,B,,,2,0,2024,0.46,0.66,0.5903806916156511,3.3149639897359027,,,668930.0,1,1,Top,,,,,,,5.504330799007459,-132.35511240040864,-2.003836295122267,4.383962394371896,25.039432918286664,-24.16214772069479,3.22117285772677,1.72405509208086,,,,91.1,2595.0,6.1,745402,543309,650333,630105,592518,673490,642180,701538,444482,54.35,,,,,,,,3,3,Cutter,0,0,0,0,0,0,0,0,Infield shade,Standard,188.0,0.044,0.102,,,,,-0.102,,0,0,0.487,0.513,25,32,26,33,1,0,5.0,1,6.0,1.0,2.07,-0.46,0.46,34.3,,,,,
FF,2024-06-22,95.1,-1.91,5.95,"Yelich, Christian",592885,681190,,ball,,,,,12.0,,R,L,R,SD,MIL,B,,,1,0,2024,-0.62,1.4,0.1326337714779504,4.019382810139719,,,668930.0,1,1,Top,,,,,,,6.695454309678579,-138.3481474008088,-2.548603120837371,-9.384681134707575,30.19939047897786,-13.84397449191591,3.38876418973483,1.73108935164973,,,,94.8,2414.0,6.1,745402,543309,650333,630105,592518,673490,642180,701538,444482,54.39,,,,,,,,3,2,4-Seam Fastball,0,0,0,0,0,0,0,0,Infield shade,Standard,209.0,-0.007,0.056,,,,,-0.056,,0,0,0.494,0.506,25,32,26,33,1,0,5.0,1,6.0,1.0,1.12,0.62,-0.62,35.1,,,,,
CU,2024-06-22,82.4,-2.07,5.85,"Yelich, Christian",592885,681190,,ball,,,,,13.0,,R,L,R,SD,MIL,B,,,0,0,2024,1.07,-0.55,-0.5338039689387385,1.0925798359993726,,,668930.0,1,1,Top,,,,,,,1.413144628670974,-120.08063260454804,-3.246097908667801,10.11646900075696,22.817658313890387,-37.09173884097574,3.41271435967183,1.84561697394107,,,,82.4,3218.0,6.2,745402,543309,650333,630105,592518,673490,642180,701538,444482,54.34,,,,,,,,3,1,Curveball,0,0,0,0,0,0,0,0,Infield shade,Standard,78.0,-0.004,0.036,,,,,-0.036,,0,0,0.498,0.502,25,32,26,33,1,0,5.0,1,6.0,1.0,3.89,-1.07,1.07,36.3,,,,,
SI,2024-06-22,98.7,2.17,5.79,"Yelich, Christian",592885,670970,field_out,hit_into_play,,,,,1.0,"Christian Yelich grounds out, shortstop Ha-Seong Kim to first baseman Luis Arraez.",R,L,L,SD,MIL,X,6.0,ground_ball,1,2,2024,1.19,0.8,-0.3142497150358836,2.9775928651410704,,,,1,8,Top,110.9,152.8,,,,,-9.532795467224744,-143.36142497008507,-4.000862830822626,18.74206116791892,36.361982330560416,-20.384539198422434,3.42,1.73,8.0,97.9,-19.0,98.2,2458.0,6.4,745402,543309,650333,630105,592518,673490,640492,701538,444482,54.15,0.157,0.165,0.0,1.0,0.0,0.0,2.0,59,4,Sinker,6,0,0,6,0,6,0,6,Standard,Standard,140.0,0.001,-0.182,67.0,6.8,,0.159,0.182,97.9,6,-6,0.996,0.004,25,32,25,33,1,3,2.0,1,2.0,1.0,1.57,1.19,1.19,41.6,4.676580542046451,22.962012192051684,26.18152266818808,42.57456224201331,18.340636604873943
SL,2024-06-22,86.9,2.61,5.62,"Yelich, Christian",592885,670970,,foul,,,,,7.0,,R,L,L,SD,MIL,S,,,1,1,2024,-0.79,-0.38,-0.505591148851287,1.9826190598264937,,,,1,8,Top,,,,,,,-5.847727344950236,-126.51012787771326,-1.7222754580957822,-7.2555399188589345,26.951108879047528,-36.10159552955988,3.42,1.73,1.0,62.7,-66.0,86.8,2822.0,6.3,745402,543309,650333,630105,592518,673490,640492,701538,444482,54.22,,,,,,,,59,3,Slider,6,0,0,6,0,6,0,6,Standard,Standard,280.0,0.001,-0.061,71.0,8.2,,,0.061,88.0,6,-6,0.995,0.005,25,32,25,33,1,3,2.0,1,2.0,1.0,3.41,-0.79,-0.79,36.8,21.43686963580216,-8.134094860652134,30.27830797408882,43.71804949172339,35.79780530344541
SL,2024-06-22,86.6,2.6,5.65,"Yelich, Christian",592885,670970,,ball,,,,,13.0,,R,L,L,SD,MIL,B,,,0,1,2024,-0.73,-0.4,-0.4863544131354939,1.498810022447718,,,,1,8,Top,,,,,,,-5.881046372930109,-125.94385921312764,-2.8739362658081107,-6.4759801094337455,26.47844078828884,-36.02093745496505,3.41406160930674,1.80117579859238,,,,86.4,2832.0,6.3,745402,543309,650333,630105,592518,673490,640492,701538,444482,54.22,,,,,,,,59,2,Slider,6,0,0,6,0,6,0,6,Standard,Standard,288.0,0.0,0.024,,,,,-0.024,,6,-6,0.995,0.005,25,32,25,33,1,3,2.0,1,2.0,1.0,3.45,-0.73,-0.73,40.4,,,,,
SI,2024-06-22,97.6,2.37,5.7,"Yelich, Christian",592885,670970,,swinging_strike,,,,,8.0,,R,L,L,SD,MIL,S,,,0,0,2024,1.29,0.39,-0.0805664487178472,1.6244260919218712,,,,1,8,Top,,,,,,,-9.58790961907074,-141.63801770241034,-6.328360194273074,19.60105603475648,33.54155976447632,-25.644326117236613,3.42,1.73,,,,97.6,2442.0,6.5,745402,543309,650333,630105,592518,673490,640492,701538,444482,53.95,,,,,,,,59,1,Sinker,6,0,0,6,0,6,0,6,Standard,Standard,140.0,0.0,-0.037,75.9,7.8,1.08176826,,0.037,,6,-6,0.995,0.005,25,32,25,33,1,3,2.0,1,2.0,1.0,2.03,1.29,1.29,36.9,9.166360590671236,5.421929540752073,34.55381515759126,39.07004370964006,24.90381661812333
SI,2024-06-22,96.7,1.64,6.2,"Yelich, Christian",592885,593974,field_out,hit_into_play,,,,,6.0,"Christian Yelich grounds out, second baseman Jake Cronenworth to first baseman Luis Arraez.",R,L,L,SD,MIL,X,4.0,ground_ball,1,2,2024,1.53,0.81,0.4730782854851711,2.317356656595061,,,,0,6,Top,148.98,154.0,,,,,-6.508601865939713,-140.46518688554886,-6.523753836944847,21.67618000432549,33.93368598505582,-20.05494700881192,3.42,1.73,3.0,90.5,-33.0,95.3,2201.0,5.7,745402,543309,650333,630105,592518,673490,642180,701538,444482,54.78,0.067,0.06,0.0,1.0,0.0,0.0,2.0,42,4,Sinker,4,0,0,4,0,4,0,4,Strategic,Standard,133.0,0.012,-0.186,71.4,6.5,,0.108,0.186,90.5,4,-4,0.923,0.077,32,32,33,33,1,2,2.0,1,2.0,1.0,1.64,1.53,1.53,45.6,1.8128796556931,21.533078694248708,36.33958003560625,29.60490125526785,22.13438935681464
CH,2024-06-22,89.7,1.61,5.8,"Yelich, Christian",592885,593974,,foul,,,,,8.0,,R,L,L,SD,MIL,S,,,1,1,2024,1.45,0.12,-0.0478907560399239,2.2495427744610264,,,,0,6,Top,,,,,,,-7.1014707673185535,-130.44636939474455,-2.9876415238907854,18.084918826278543,29.857920046116757,-30.310130685416198,3.42,1.73,,,,88.6,2094.0,5.8,745402,543309,650333,630105,592518,673490,642180,701538,444482,54.65,,,,,,,,42,3,Changeup,4,0,0,4,0,4,0,4,Standard,Standard,123.0,0.004,-0.056,77.2,8.1,,,0.056,,4,-4,0.919,0.081,32,32,33,33,1,2,2.0,1,2.0,1.0,2.73,1.45,1.45,42.3,18.702841364837397,-8.915318713838516,30.52398970013094,38.05790007759733,38.163187222574464
SI,2024-06-22,95.3,1.44,6.05,"Yelich, Christian",592885,593974,,foul,,,,,8.0,,R,L,L,SD,MIL,S,,,1,0,2024,1.52,0.75,0.0163212195454918,1.8152737073479333,,,,0,6,Top,,,,,,,-7.035950769046213,-138.40187711712755,-7.005621133014567,21.116742571121577,34.069800007875216,-21.11536182387488,3.42,1.73,,,,93.6,2120.0,5.6,745402,543309,650333,630105,592518,673490,642180,701538,444482,54.87,,,,,,,,42,2,Sinker,4,0,0,4,0,4,0,4,Standard,Standard,130.0,0.004,-0.049,87.2,8.0,,,0.049,,4,-4,0.915,0.085,32,32,33,33,1,2,2.0,1,2.0,1.0,1.79,1.52,1.52,45.1,11.54920762134138,3.26309241357844,35.29598900947304,37.759798192161696,38.05178563935712
SI,2024-06-22,96.2,1.58,6.22,"Yelich, Christian",592885,593974,,ball,,,,,11.0,,R,L,L,SD,MIL,B,,,0,0,2024,1.3,0.65,-0.2938626463140501,4.224817480377989,,,,0,6,Top,,,,,,,-7.805515392511366,-139.82800864365797,-1.1299572188078113,18.90761564419729,33.29188002577074,-23.675326111632664,3.0932654705807,1.50432533589285,,,,94.6,2137.0,5.5,745402,543309,650333,630105,592518,673490,642180,701538,444482,54.96,,,,,,,,42,1,Sinker,4,0,0,4,0,4,0,4,Standard,Standard,130.0,-0.003,0.038,,,,,-0.038,,4,-4,0.918,0.082,32,32,33,33,1,2,2.0,1,2.0,1.0,1.83,1.3,1.3,45.0,,,,,
SL,2024-06-21,87.8,-1.89,6.07,"Yelich, Christian",592885,656302,single,hit_into_play,,,,,7.0,Christian Yelich singles on a ground ball to center fielder Jackson Merrill. Brice Turang scores. William Contreras to 3rd. Christian Yelich to 2nd.,R,L,R,SD,MIL,X,8.0,ground_ball,1,0,2024,0.02,0.55,-0.741254822314563,1.9969708508177777,668930.0,,661388.0,1,5,Top,136.15,91.13,,,,,2.7336728276122706,-127.75634399989444,-4.854645650460668,-0.3338930183383384,27.584539457225063,-25.3381141741383,3.39,1.71,19.0,101.3,-5.0,87.9,2645.0,6.5,745403,543309,650333,630105,592518,673490,595777,701538,665487,54.03,0.364,0.328,0.9,1.0,1.0,0.0,2.0,36,2,Slider,1,2,2,1,3,1,3,1,Standard,Standard,115.0,-0.106,0.43,72.4,8.0,,0.405,-0.43,101.3,-1,1,0.287,0.713,28,32,29,33,3,2,5.0,1,5.0,1.0,2.42,-0.02,0.02,52.4,14.196059326659336,11.412042820833875,33.65600829781135,45.13439466647234,24.045095108584995
FF,2024-06-21,96.6,-1.7,6.22,"Yelich, Christian",592885,656302,,ball,,,,,11.0,,R,L,R,SD,MIL,B,,,0,0,2024,-0.16,1.49,-0.1587094136501741,4.446274516082386,668930.0,,661388.0,1,5,Top,,,,,,,4.433587395891302,-140.62043090957212,-2.5108129873823968,-3.154016085674805,34.443172858931014,-12.085905791186663,3.46044144172689,1.84315314758042,,,,95.9,2312.0,6.0,745403,543309,650333,630105,592518,673490,595777,701538,665487,54.45,,,,,,,,36,1,4-Seam Fastball,1,2,2,1,2,1,2,1,Standard,Standard,196.0,-0.003,0.024,,,,,-0.024,,-1,1,0.29,0.71,28,32,29,33,3,2,5.0,1,5.0,1.0,0.96,0.16,-0.16,55.3,,,,,
FF,2024-06-21,95.9,-1.53,6.32,"Yelich, Christian",592885,656302,field_out,hit_into_play,,,,,5.0,"Christian Yelich grounds out, second baseman Jake Cronenworth to first baseman Luis Arraez.",R,L,R,SD,MIL,X,4.0,ground_ball,1,1,2024,-0.23,1.54,0.0995772999516835,2.4039148032097373,,,,0,4,Top,149.41,141.69,,,,,4.802424838446073,-139.31661851493874,-8.141296516193238,-4.13556140751057,34.01369380950873,-10.447456703237954,3.39,1.71,6.0,91.9,-22.0,95.3,2475.0,6.2,745403,543309,650333,630105,592518,673490,595777,701538,665487,54.29,0.105,0.094,0.0,1.0,0.0,0.0,2.0,24,3,4-Seam Fastball,1,0,0,1,0,1,0,1,Infield shade,Standard,192.0,0.028,-0.243,76.4,7.4,,0.127,0.243,91.9,1,-1,0.624,0.376,28,32,29,33,2,1,5.0,1,5.0,1.0,0.96,0.23,-0.23,54.0,11.383651599441896,11.597592249804393,32.71438940815364,35.33949767463787,23.756193480739853
FF,2024-06-21,95.6,-1.44,6.29,"Yelich, Christian",592885,656302,,ball,,,,,12.0,,R,L,R,SD,MIL,B,,,0,1,2024,-0.33,1.64,0.8698902029053521,3.4647720130520496,,,,0,4,Top,,,,,,,6.813607801005109,-138.99314239222136,-5.459864986531908,-5.831780379478973,32.81455457347375,-9.929369731051285,3.48665173012778,1.84472214001929,,,,95.2,2501.0,6.2,745403,543309,650333,630105,592518,673490,595777,701538,665487,54.29,,,,,,,,24,2,4-Seam Fastball,1,0,0,1,0,1,0,1,Infield shade,Standard,190.0,-0.003,0.025,,,,,-0.025,,1,-1,0.627,0.373,28,32,29,33,2,1,5.0,1,5.0,1.0,0.87,0.33,-0.33,53.7,,,,,
FF,2024-06-21,94.9,-1.37,6.34,"Yelich, Christian",592885,656302,,called_strike,,,,,12.0,,R,L,R,SD,MIL,S,,,0,0,2024,-0.19,1.7,0.1754394478256254,3.9122928945342537,,,,0,4,Top,,,,,,,4.461631333384474,-138.027588571697,-4.4379749145417575,-3.497482861550263,33.36417290888445,-9.669695364812712,3.595002018979,1.7227619752745,,,,94.4,2398.0,6.2,745403,543309,650333,630105,592518,673490,595777,701538,665487,54.3,,,,,,,,24,1,4-Seam Fastball,1,0,0,1,0,1,0,1,Infield shade,Standard,188.0,0.004,-0.037,,,,,0.037,,1,-1,0.623,0.377,28,32,29,33,2,1,5.0,1,5.0,1.0,0.85,0.19,-0.19,57.1,,,,,
CH,2024-06-21,73.2,-1.0,6.24,"Yelich, Christian",592885,656302,field_out,hit_into_play,,,,,7.0,"Christian Yelich grounds out, second baseman Jake Cronenworth to first baseman Luis Arraez.",R,L,R,SD,MIL,X,4.0,ground_ball,1,1,2024,-0.7,1.56,-0.6049565275865691,2.1422384751890102,,,,2,1,Top,154.3,154.07,,,,,2.01599215000824,-106.562722965286,-3.618569553359525,-5.672612360556513,18.95878856963503,-19.90720093068033,3.39,1.71,50.0,84.5,2.0,73.4,1662.0,6.5,745403,543309,650333,630105,592518,673490,595777,701538,665487,53.98,0.302,0.274,0.0,1.0,0.0,0.0,2.0,3,3,Changeup,0,0,0,0,0,0,0,0,Infield shade,Standard,177.0,0.01,-0.244,70.4,7.7,,0.343,0.244,88.0,0,0,0.538,0.462,28,32,29,33,1,0,5.0,1,5.0,1.0,2.7,0.7,-0.7,68.4,12.367234562422649,-3.7491506645649575,32.765059395980856,43.56099160836328,38.7667047075585
FF,2024-06-21,96.5,-1.43,6.22,"Yelich, Christian",592885,656302,,ball,,,,,12.0,,R,L,R,SD,MIL,B,,,0,1,2024,-0.14,1.53,1.168693179242077,3.1436166224395192,,,,2,1,Top,,,,,,,7.22530403274951,-140.18090076106287,-6.033228950938395,-3.637597398733943,35.154236061587284,-10.816849237829931,3.50395043464834,1.83897041027702,,,,95.9,2452.0,6.3,745403,543309,650333,630105,592518,673490,595777,701538,665487,54.19,,,,,,,,3,2,4-Seam Fastball,0,0,0,0,0,0,0,0,Infield shade,Standard,194.0,-0.002,0.029,,,,,-0.029,,0,0,0.54,0.46,28,32,29,33,1,0,5.0,1,5.0,1.0,0.95,0.14,-0.14,57.0,,,,,
FF,2024-06-21,96.5,-1.39,6.29,"Yelich, Christian",592885,656302,,foul,,,,,12.0,,R,L,R,SD,MIL,S,,,0,0,2024,-0.4,1.79,0.8419813237595153,2.7631909239634265,,,,2,1,Top,,,,,,,6.841644593241512,-140.13585258066223,-7.856896812499539,-6.832481537136121,32.66942561987344,-6.926027979279802,3.39,1.71,176.0,64.4,49.0,96.2,2536.0,6.3,745403,543309,650333,630105,592518,673490,595777,701538,665487,54.19,,,,,,,,3,1,4-Seam Fastball,0,0,0,0,0,0,0,0,Standard,Standard,186.0,0.002,-0.041,67.1,6.6,,,0.041,88.0,0,0,0.538,0.462,28,32,29,33,1,0,5.0,1,5.0,1.0,0.67,0.4,-0.4,58.4,3.662686980830612,13.894535429403026,39.0963435523669,25.318728899046484,21.632171042161147
CH,2024-06-21,87.2,-2.04,5.57,"Yelich, Christian",592885,660853,strikeout,swinging_strike,,,,,11.0,Christian Yelich strikes out swinging.,R,L,R,SD,MIL,S,2.0,,1,2,2024,-1.45,0.72,-1.146754229707147,2.709463351921962,,,,0,9,Top,,,,,,,5.107305757573716,-126.88521138747666,-2.158936005503677,-16.68633272924509,27.353140877618078,-24.18404825406284,3.39,1.71,,,,86.8,1831.0,6.1,745403,543309,650333,630105,592518,673490,640492,701538,642180,54.37,,0.0,0.0,1.0,0.0,0.0,,82,4,Changeup,9,5,5,9,5,9,5,9,Infield shade,Standard,243.0,0.006,-0.186,72.6,8.0,0.671649012,,0.186,,4,-4,0.988,0.012,28,32,29,33,1,4,1.0,1,3.0,1.0,2.29,1.45,-1.45,27.1,15.822162873571594,-7.329165276720378,24.43212673935967,50.26664582802496,33.02150591990625
FF,2024-06-21,94.5,-2.09,5.61,"Yelich, Christian",592885,660853,,foul,,,,,11.0,,R,L,R,SD,MIL,S,,,1,1,2024,-0.91,1.26,-0.5870330037217539,3.540715573337483,,,,0,9,Top,,,,,,,5.900758238352801,-137.44167131567076,-2.434149012614179,-12.893754512963955,32.9613091278513,-15.994362754130435,3.39,1.71,259.0,79.5,53.0,93.7,2225.0,6.0,745403,543309,650333,630105,592518,673490,640492,701538,642180,54.46,,,,,,,,82,3,4-Seam Fastball,9,5,5,9,5,9,5,9,Infield shade,Standard,221.0,0.003,-0.056,79.4,7.1,,,0.056,88.0,4,-4,0.985,0.015,28,32,29,33,1,4,1.0,1,3.0,1.0,1.32,0.91,-0.91,29.0,11.318249971279895,15.152954927113925,23.154148913601688,43.59406976584605,22.55160295593549
CH,2024-06-21,88.1,-2.12,5.64,"Yelich, Christian",592885,660853,,ball,,,,,13.0,,R,L,R,SD,MIL,B,,,0,1,2024,-1.59,0.73,-0.2935742598099014,1.2707853222783227,,,,0,9,Top,,,,,,,7.707809893841143,-127.95523318761276,-5.982052366332772,-19.044166782406688,27.804500127612908,-23.009488989152352,3.52542344262915,1.77354276987747,,,,87.7,1931.0,6.2,745403,543309,650333,630105,592518,673490,640492,701538,642180,54.26,,,,,,,,82,2,Changeup,9,5,5,9,5,9,5,9,Infield shade,Standard,235.0,-0.001,0.025,,,,,-0.025,,4,-4,0.986,0.014,28,32,29,33,1,4,1.0,1,3.0,1.0,2.23,1.59,-1.59,26.2,,,,,
SL,2024-06-21,85.4,-2.16,5.5,"Yelich, Christian",592885,660853,,called_strike,,,,,7.0,,R,L,R,SD,MIL,S,,,0,0,2024,0.3,0.58,-0.5663077517222816,2.13272225179474,,,,0,9,Top,,,,,,,3.1156308932461214,-124.34458397076968,-2.7293126997665373,2.421675601716613,27.86462547928424,-25.8102130533486,3.57143807513144,1.70486303187478,,,,84.6,2275.0,6.0,745403,543309,650333,630105,592518,673490,640492,701538,642180,54.49,,,,,,,,82,1,Slider,9,5,5,9,5,9,5,9,Infield shade,Standard,195.0,0.001,-0.037,,,,,0.037,,4,-4,0.985,0.015,28,32,29,33,1,4,1.0,1,3.0,1.0,2.57,-0.3,0.3,27.7,,,,,
FF,2024-06-21,96.8,-2.04,5.61,"Yelich, Christian",592885,663568,single,hit_into_play,,,,,2.0,Christian Yelich singles on a line drive to left fielder Jurickson Profar.,R,L,R,SD,MIL,X,7.0,line_drive,0,1,2024,-0.42,1.27,0.2305550981121371,3.3916522406184373,,,,1,7,Top,78.5,141.12,,,,,6.996333271954725,-140.76912107667056,-3.2303910530060302,-7.22123883026119,34.094546318190844,-14.733709652494134,3.39,1.71,189.0,80.6,16.0,96.5,2272.0,6.3,745403,543309,650333,630105,592518,673490,595777,701538,642180,54.2,0.958,0.901,0.9,1.0,1.0,0.0,4.0,58,2,4-Seam Fastball,5,4,4,5,4,5,4,5,Standard,Standard,214.0,-0.055,0.458,64.6,6.0,,1.077,-0.458,88.0,1,-1,0.741,0.259,27,32,27,33,1,3,5.0,1,4.0,1.0,1.17,0.42,-0.42,39.1,2.9382517435941478,30.55599490327485,30.005723741549605,34.21953466224173,17.77219428743543
SI,2024-06-21,96.6,-2.2,5.39,"Yelich, Christian",592885,663568,,foul_tip,,,,,3.0,,R,L,R,SD,MIL,S,,,0,0,2024,-1.35,0.68,0.3931908326426911,3.148915909930514,,,,1,7,Top,,,,,,,9.967885145230484,-140.26901040218266,-1.9312787995754088,-20.06189703444888,31.94902223628518,-23.01898900002147,3.39,1.71,,,,96.6,2080.0,6.4,745403,543309,650333,630105,592518,673490,595777,701538,642180,54.09,,,,,,,,58,1,Sinker,5,4,4,5,4,5,4,5,Standard,Standard,218.0,0.005,-0.037,72.1,6.2,,,0.037,,1,-1,0.736,0.264,27,32,27,33,1,3,5.0,1,4.0,1.0,1.78,1.35,-1.35,35.5,0.4868012018032537,25.69124460536535,32.13061811713388,32.618219988515506,15.84855715557056
CH,2024-06-20,90.2,-0.68,5.91,"Yelich, Christian",592885,800049,single,hit_into_play,,,,,7.0,Christian Yelich singles on a line drive to center fielder Jackson Merrill.,R,L,R,SD,MIL,X,8.0,line_drive,1,0,2024,-0.97,0.51,-0.7590972836962696,2.0227314652391595,,,,2,5,Top,127.75,84.05,,,,,1.87163367016234,-131.39099749206522,-4.817139316850806,-11.625358129012634,27.874545232333094,-25.46046457191272,3.37,1.68,248.0,85.8,17.0,90.4,1526.0,6.4,745401,669134,650333,630105,592518,673490,444482,701538,665487,54.11,0.934,0.885,0.9,1.0,1.0,0.0,4.0,39,2,Changeup,4,1,1,4,1,4,1,4,Infield shade,Standard,227.0,-0.011,0.293,77.0,7.9,,1.073,-0.293,88.0,3,-3,0.874,0.126,23,32,23,33,3,2,5.0,1,5.0,1.0,2.29,0.97,-0.97,48.2,11.965628192149756,3.32880948599604,32.51884311871162,46.27510637732615,31.873562627032257
SL,2024-06-20,87.4,-0.81,6.0,"Yelich, Christian",592885,800049,,ball,,,,,11.0,,R,L,R,SD,MIL,B,,,0,0,2024,-0.05,0.24,-1.3537714963258909,2.9596657907386024,,,,2,5,Top,,,,,,,-1.1926199897967118,-127.23842352239971,-1.6134905422327943,-0.2619478168191551,28.46226016792536,-29.48160147761524,3.4296279944992,1.70327232137177,,,,86.6,2262.0,5.9,745401,669134,650333,630105,592518,673490,444482,701538,665487,54.57,,,,,,,,39,1,Slider,4,1,1,4,1,4,1,4,Infield shade,Standard,141.0,-0.001,0.04,,,,,-0.04,,3,-3,0.875,0.125,23,32,23,33,3,2,5.0,1,5.0,1.0,2.77,0.05,-0.05,49.1,,,,,
SL,2024-06-20,87.6,-0.55,6.01,"Yelich, Christian",592885,800049,strikeout,called_strike,,,,,9.0,Christian Yelich called out on strikes.,R,L,R,SD,MIL,S,2.0,,2,2,2024,0.25,0.09,0.4343760617603931,1.4106162782319909,,,,1,3,Top,,,,,,,1.8678583961587791,-127.53891795925456,-5.113462225732141,2.2847792653606924,28.53135758821244,-30.2709240195414,3.30964383105254,1.51484197642032,,,,87.0,2352.0,6.1,745401,669134,650333,630105,592518,673490,444482,701538,665487,54.4,,0.0,0.0,1.0,0.0,0.0,,24,5,Slider,4,1,1,4,1,4,1,4,Infield shade,Standard,99.0,0.013,-0.225,,,,,0.225,,3,-3,0.818,0.182,23,32,23,33,2,1,5.0,1,5.0,1.0,2.9,-0.25,0.25,49.9,,,,,
CH,2024-06-20,90.5,-0.76,5.96,"Yelich, Christian",592885,800049,,ball,,,,,13.0,,R,L,R,SD,MIL,B,,,1,2,2024,-0.93,0.59,-1.2882741524528285,2.192117715385752,,,,1,3,Top,,,,,,,0.6576282565392231,-131.7696241152237,-4.697486841809687,-10.971843646942144,28.34711810305788,-24.51871650950043,3.36091822397085,1.70327232137177,,,,89.8,1637.0,5.9,745401,669134,650333,630105,592518,673490,444482,701538,665487,54.64,,,,,,,,24,4,Changeup,4,1,1,4,1,4,1,4,Infield shade,Standard,224.0,-0.002,0.043,,,,,-0.043,,3,-3,0.82,0.18,23,32,23,33,2,1,5.0,1,5.0,1.0,2.19,0.93,-0.93,47.8,,,,,
SL,2024-06-20,87.0,-0.66,6.03,"Yelich, Christian",592885,800049,,ball,,,,,13.0,,R,L,R,SD,MIL,B,,,0,2,2024,0.01,0.05,-0.4102448274855773,1.634412331412482,,,,1,3,Top,,,,,,,0.5753472072507131,-126.61808062520308,-4.37452110954332,-0.0735594263197532,29.297619316327253,-30.917742532745024,3.35364368638673,1.90240322880519,,,,86.1,2254.0,6.0,745401,669134,650333,630105,592518,673490,444482,701538,665487,54.52,,,,,,,,24,3,Slider,4,1,1,4,1,4,1,4,Infield shade,Standard,93.0,-0.002,0.02,,,,,-0.02,,3,-3,0.822,0.178,23,32,23,33,2,1,5.0,1,5.0,1.0,3.0,-0.01,0.01,49.3,,,,,
FF,2024-06-20,95.6,-0.58,6.06,"Yelich, Christian",592885,800049,,foul,,,,,3.0,,R,L,R,SD,MIL,S,,,0,1,2024,-0.43,1.42,0.7548557569057694,3.0215308474863645,,,,1,3,Top,,,,,,,4.446781509413864,-139.05614372304302,-5.532887383977379,-6.548207991629607,31.29176031352802,-12.739937827597949,3.37,1.68,34.0,75.9,27.0,94.7,2171.0,5.8,745401,669134,650333,630105,592518,673490,444482,701538,665487,54.69,,,,,,,,24,2,4-Seam Fastball,4,1,1,4,1,4,1,4,Infield shade,Standard,209.0,0.004,-0.057,73.5,7.1,,,0.057,88.0,3,-3,0.818,0.182,23,32,23,33,2,1,5.0,1,5.0,1.0,1.08,0.43,-0.43,49.2,9.589213006040044,-0.0618713327544811,35.08441002868415,28.174415255623696,28.717570032838815
FF,2024-06-20,94.8,-0.73,5.98,"Yelich, Christian",592885,800049,,foul,,,,,7.0,,R,L,R,SD,MIL,S,,,0,0,2024,-0.41,1.48,-0.2957112035240689,2.106944764889848,,,,1,3,Top,,,,,,,2.046741299938346,-137.84928391725526,-7.65506602307714,-5.737195335241046,34.38440003849618,-11.745121343400424,3.37,1.68,339.0,97.9,36.0,93.9,2190.0,6.1,745401,669134,650333,630105,592518,673490,444482,701538,665487,54.43,,,,,,,,24,1,4-Seam Fastball,4,1,1,4,1,4,1,4,Infield shade,Standard,209.0,0.002,-0.037,74.6,7.4,,,0.037,97.9,3,-3,0.816,0.184,23,32,23,33,2,1,5.0,1,5.0,1.0,1.08,0.41,-0.41,47.7,4.229346236722567,12.915868414575089,36.76365570972924,40.88180560187615,23.972115122098305
FF,2024-06-20,90.5,1.88,5.98,"Yelich, Christian",592885,673513,field_out,hit_into_play,,,,,4.0,Christian Yelich lines out to center fielder Jackson Merrill.,R,L,L,SD,MIL,X,8.0,line_drive,2,1,2024,0.02,1.73,-0.5304928080206899,2.631848010572684,,668930.0,661388.0,1,7,Top,127.22,70.34,,,,,-6.026576779049658,-131.55771648811475,-6.016370350395437,1.6778331038809928,30.706840721701774,-11.047958776247365,3.37,1.68,320.0,100.0,18.0,89.5,2401.0,6.0,745401,669134,650333,630105,592518,673490,444482,701538,665487,54.53,0.397,0.444,0.0,1.0,0.0,0.0,4.0,57,4,4-Seam Fastball,5,3,3,5,3,5,3,5,Infield shade,Standard,166.0,0.086,-0.257,75.2,7.8,,0.657,0.257,100.0,2,-2,0.734,0.266,28,32,29,33,1,3,2.0,1,2.0,1.0,1.08,0.02,0.02,65.4,11.545811307592308,0.0782034402327468,28.751772078349145,44.0759306622823,29.57139521422453
SL,2024-06-20,87.0,2.04,5.93,"Yelich, Christian",592885,673513,,swinging_strike,,,,,13.0,,R,L,L,SD,MIL,S,,,2,0,2024,-0.66,0.13,-0.097114647167722,1.463419425757381,,668930.0,661388.0,1,7,Top,,,,,,,-3.737539400498848,-126.54688821285932,-4.729895925607524,-6.2541897921800285,27.267949172569924,-29.996331356482678,3.37,1.68,,,,86.0,2796.0,5.8,745401,669134,650333,630105,592518,673490,444482,701538,665487,54.71,,,,,,,,57,3,Slider,5,3,3,5,3,5,3,5,Infield shade,Standard,199.0,0.019,-0.067,75.9,8.7,3.844708056,,0.067,,2,-2,0.715,0.285,28,32,29,33,1,3,2.0,1,2.0,1.0,2.9,-0.66,-0.66,57.1,26.64330599659511,-25.6620874099826,34.03710741071166,37.6268055080944,48.60282306180689
SL,2024-06-20,86.9,2.14,5.87,"Yelich, Christian",592885,673513,,ball,,,,,14.0,,R,L,L,SD,MIL,B,,,1,0,2024,-0.32,0.25,0.7142915467798601,1.4443274001368618,,668930.0,661388.0,1,7,Top,,,,,,,-2.7497745839836485,-126.42301430111434,-4.862006836816409,-2.7893814551626166,27.028256450974663,-28.699107247723894,3.41525747872457,1.66601226950111,,,,85.9,2741.0,5.8,745401,669134,650333,630105,592518,673490,444482,701538,665487,54.74,,,,,,,,57,2,Slider,5,3,3,5,3,5,3,5,Infield shade,Standard,202.0,-0.019,0.055,,,,,-0.055,,2,-2,0.734,0.266,28,32,29,33,1,3,2.0,1,2.0,1.0,2.78,-0.32,-0.32,57.1,,,,,
SL,2024-06-20,86.1,-0.78,5.95,"Yelich, Christian",592885,800049,fielders_choice,hit_into_play,,,,,8.0,"Christian Yelich reaches on a fielder's choice, fielded by first baseman Luis Arraez. Brice Turang scores.",R,L,R,SD,MIL,X,3.0,ground_ball,2,2,2024,0.3,0.02,-0.0099676950703348,2.069654017061715,668930.0,,,1,1,Top,150.42,182.39,,,,,1.204667932347268,-125.50084900701157,-3.0641754224904583,3.0012008431342307,24.086023323815493,-31.571127863208105,3.37,1.68,3.0,84.7,-33.0,86.1,2420.0,6.1,745401,669134,650333,630105,592518,673490,444482,701538,665487,54.44,0.062,0.058,0.9,1.0,0.0,0.0,2.0,3,5,Slider,0,0,0,0,1,0,1,0,Strategic,Standard,82.0,-0.061,0.579,73.6,7.9,,0.064,-0.579,88.0,0,0,0.463,0.537,23,32,23,33,1,0,5.0,1,5.0,1.0,3.03,-0.3,0.3,48.5,12.895861223307618,-1.789955955011091,35.60747220504866,36.25438793550639,31.514281233409186
SL,2024-06-20,86.6,2.18,5.92,"Yelich, Christian",592885,673513,,ball,,,,,14.0,,R,L,L,SD,MIL,B,,,0,0,2024,-0.51,0.25,1.1092144436507776,2.1326766755845514,,668930.0,661388.0,1,7,Top,,,,,,,-1.4957654912873526,-126.1939717569603,-3.32050146896853,-5.166783323581891,26.37494569556408,-29.038042967289822,3.43816036934129,1.68891704115338,,,,85.8,2785.0,5.8,745401,669134,650333,630105,592518,673490,444482,701538,665487,54.71,,,,,,,,57,1,Slider,5,3,3,5,3,5,3,5,Infield shade,Standard,189.0,-0.01,0.03,,,,,-0.03,,2,-2,0.744,0.256,28,32,29,33,1,3,2.0,1,2.0,1.0,2.79,-0.51,-0.51,62.4,,,,,
FF,2024-06-20,95.1,-0.71,6.01,"Yelich, Christian",592885,800049,,ball,,,,,3.0,,R,L,R,SD,MIL,B,,,1,2,2024,-0.63,1.45,0.6472358364825248,3.4460057123342263,668930.0,,,1,1,Top,,,,,,,4.939722388749312,-138.3693739837385,-4.274147929136629,-9.166289867834182,32.08114962158384,-12.841302649460903,3.34564920051954,1.66509714089484,,,,94.5,2131.0,6.1,745401,669134,650333,630105,592518,673490,444482,701538,665487,54.45,,,,,,,,3,4,4-Seam Fastball,0,0,0,0,0,0,0,0,Strategic,Standard,215.0,-0.008,0.026,,,,,-0.026,,0,0,0.471,0.529,23,32,23,33,1,0,5.0,1,5.0,1.0,1.08,0.63,-0.63,46.7,,,,,
FF,2024-06-20,95.0,-0.68,5.97,"Yelich, Christian",592885,800049,,called_strike,,,,,3.0,,R,L,R,SD,MIL,S,,,1,1,2024,-0.46,1.55,0.810892022607283,3.031600003580486,668930.0,,,1,1,Top,,,,,,,4.904525244382596,-138.13403570623296,-5.417720752384403,-7.062187799013854,33.93224382072659,-11.422543952435875,3.3645209844,1.6421920883275,,,,94.0,2272.0,6.0,745401,669134,650333,630105,592518,673490,444482,701538,665487,54.52,,,,,,,,3,3,4-Seam Fastball,0,0,0,0,0,0,0,0,Strategic,Standard,213.0,0.014,-0.114,,,,,0.114,,0,0,0.457,0.543,23,32,23,33,1,0,5.0,1,5.0,1.0,1.01,0.46,-0.46,47.0,,,,,
CH,2024-06-20,89.7,-0.75,5.94,"Yelich, Christian",592885,800049,,ball,,,,,13.0,,R,L,R,SD,MIL,B,,,0,1,2024,-1.41,0.86,-1.2470767523628743,2.044253071758649,668930.0,,,1,1,Top,,,,,,,1.7646733699463402,-130.46334423666116,-5.373715707961889,-16.439251415494137,30.43326079344364,-21.44337191781513,3.36855255171432,1.66509714089484,,,,88.9,1697.0,6.1,745401,669134,650333,630105,592518,673490,444482,701538,665487,54.43,,,,,,,,3,2,Changeup,0,0,0,0,0,0,0,0,Strategic,Standard,227.0,-0.006,0.025,,,,,-0.025,,0,0,0.463,0.537,23,32,23,33,1,0,5.0,1,5.0,1.0,2.0,1.41,-1.41,50.5,,,,,
CH,2024-06-20,90.9,-0.85,5.91,"Yelich, Christian",592885,800049,,swinging_strike,,,,,13.0,,R,L,R,SD,MIL,S,,,0,0,2024,-1.39,0.53,-1.4570889721733609,2.074765058416548,668930.0,,,1,1,Top,,,,,,,1.4638859015805066,-132.3485921541505,-4.785349840429745,-16.61159664399698,29.83937678967572,-25.16127174491916,3.37,1.68,,,,90.4,1662.0,6.1,745401,669134,650333,630105,592518,673490,444482,701538,665487,54.43,,,,,,,,3,1,Changeup,0,0,0,0,0,0,0,0,Strategic,Standard,222.0,0.009,-0.049,71.3,8.1,2.387145192,,0.049,,0,0,0.454,0.546,23,32,23,33,1,0,5.0,1,5.0,1.0,2.24,1.39,-1.39,45.2,14.019868719915005,-1.052403345602757,26.855319228484973,54.26309486235313,26.818643309867237
SL,2024-06-20,90.2,-1.34,5.59,"Yelich, Christian",592885,669093,walk,blocked_ball,,,,,14.0,Christian Yelich walks.,R,L,R,SD,MIL,B,,,3,2,2024,0.29,0.48,0.911675092491054,0.3325010424427437,,,,0,9,Top,,,,,,,5.040945395422991,-131.16176523732145,-8.218455991106332,2.2583353130217825,28.48046174169994,-25.02196068738323,3.39998882315365,1.69655193343881,,,,91.3,2180.0,7.0,745401,669134,650333,630105,592518,673490,640492,701538,665487,53.47,,0.689131,0.7,1.0,0.0,0.0,,76,8,Slider,6,4,4,6,4,6,4,6,Strategic,Strategic,163.0,-0.068,0.371,,,,,-0.371,,2,-2,0.912,0.088,25,32,26,33,1,4,1.0,1,4.0,1.0,2.33,-0.29,0.29,54.4,,,,,
FS,2024-06-20,83.1,-1.32,5.6,"Yelich, Christian",592885,669093,,ball,,,,,14.0,,R,L,R,SD,MIL,B,,,2,2,2024,-1.39,0.63,0.8601199010182654,1.840317614984272,,,,0,9,Top,,,,,,,7.844679790281928,-120.75248206936128,-3.39943744738922,-15.171006758584856,23.900793103476836,-25.500261952181948,3.42289175305908,1.67364716548142,,,,84.2,1316.0,7.1,745401,669134,650333,630105,592518,673490,640492,701538,665487,53.37,,,,,,,,76,7,Split-Finger,6,4,4,6,4,6,4,6,Strategic,Strategic,229.0,-0.018,0.107,,,,,-0.107,,2,-2,0.93,0.07,25,32,26,33,1,4,1.0,1,4.0,1.0,2.68,1.39,-1.39,57.4,,,,,
FS,2024-06-20,84.5,-1.25,5.62,"Yelich, Christian",592885,669093,,ball,,,,,3.0,,R,L,R,SD,MIL,B,,,1,2,2024,-1.13,0.75,0.7942808985753178,3.06657919586135,,,,0,9,Top,,,,,,,7.150168251344864,-122.86517336086013,-1.0196264993064352,-12.89698404680624,26.28144859126466,-24.649295633385936,3.41830067017701,1.56421319878989,,,,85.6,1290.0,7.2,745401,669134,650333,630105,592518,673490,640492,701538,665487,53.25,,,,,,,,76,6,Split-Finger,6,4,4,6,4,6,4,6,Strategic,Strategic,225.0,-0.006,0.04,,,,,-0.04,,2,-2,0.936,0.064,25,32,26,33,1,4,1.0,1,4.0,1.0,2.47,1.13,-1.13,61.8,,,,,
FF,2024-06-20,97.3,-1.11,5.84,"Yelich, Christian",592885,669093,,foul,,,,,12.0,,R,L,R,SD,MIL,S,,,1,2,2024,0.03,1.61,0.0888865586581839,4.045308186525708,,,,0,9,Top,,,,,,,3.190991582140496,-141.6970376635969,-2.966028298270607,-0.4410139527959194,34.776693085250095,-10.164846345830698,3.37,1.68,226.0,77.4,49.0,97.9,2041.0,6.8,745401,669134,650333,630105,592518,673490,640492,701538,665487,53.74,,,,,,,,76,5,4-Seam Fastball,6,4,4,6,4,6,4,6,Strategic,Strategic,180.0,0.0,0.0,54.2,5.7,,,0.0,88.0,2,-2,0.936,0.064,25,32,26,33,1,4,1.0,1,4.0,1.0,0.81,-0.03,0.03,67.8,8.962019108242425,38.569418909965165,23.10607048167304,35.8372186618835,13.428790764761072
SL,2024-06-20,88.3,-1.34,5.74,"Yelich, Christian",592885,669093,,foul,,,,,3.0,,R,L,R,SD,MIL,S,,,1,2,2024,0.22,0.42,0.7254961862076129,2.92168654744704,,,,0,9,Top,,,,,,,4.615960988426981,-128.5789474240859,-1.67090558529789,1.5277865609445571,26.67207730350011,-27.421158222140168,3.37,1.68,99.0,69.9,8.0,89.3,2203.0,6.8,745401,669134,650333,630105,592518,673490,640492,701538,665487,53.66,,,,,,,,76,4,Slider,6,4,4,6,4,6,4,6,Strategic,Standard,135.0,0.0,0.0,58.2,5.8,,,0.0,88.0,2,-2,0.936,0.064,25,32,26,33,1,4,1.0,1,4.0,1.0,2.5,-0.22,0.22,61.1,-4.9446025495976125,24.729246695154007,36.4610980957171,27.457749094845667,17.253313726837625
SL,2024-06-20,92.6,-1.37,5.69,"Yelich, Christian",592885,669093,,swinging_strike,,,,,8.0,,R,L,R,SD,MIL,S,,,1,1,2024,0.32,0.95,0.1800419420017355,1.6082681852570324,,,,0,9,Top,,,,,,,3.293798077438422,-134.73283770900244,-6.737799972028595,3.16955141399215,30.39659910458485,-19.310319551453752,3.37,1.68,,,,93.5,2264.0,6.9,745401,669134,650333,630105,592518,673490,640492,701538,665487,53.56,,,,,,,,76,3,Slider,6,4,4,6,4,6,4,6,Standard,Standard,184.0,0.01,-0.056,76.0,7.7,1.75562484,,0.056,,2,-2,0.926,0.074,25,32,26,33,1,4,1.0,1,4.0,1.0,1.72,-0.32,0.32,61.6,11.838358171392262,-3.125536301178593,37.760937313412825,34.66640940213979,31.813731250366
FF,2024-06-20,96.1,-0.91,5.86,"Yelich, Christian",592885,669093,,ball,,,,,13.0,,R,L,R,SD,MIL,B,,,0,1,2024,-0.34,1.79,-0.3791662508936015,1.4518448688807708,,,,0,9,Top,,,,,,,2.2114329891055005,-139.61865668184487,-10.213754112181991,-4.935221854331306,33.02115842659746,-6.614079497336073,3.46869743424337,1.71945669001314,,,,96.9,2104.0,6.9,745401,669134,650333,630105,592518,673490,640492,701538,665487,53.56,,,,,,,,76,2,4-Seam Fastball,6,4,4,6,4,6,4,6,Standard,Standard,193.0,-0.004,0.025,,,,,-0.025,,2,-2,0.93,0.07,25,32,26,33,1,4,1.0,1,4.0,1.0,0.69,0.34,-0.34,67.1,,,,,
SL,2024-06-20,89.7,-1.37,5.84,"Yelich, Christian",592885,669093,,swinging_strike,,,,,5.0,,R,L,R,SD,MIL,S,,,0,0,2024,0.21,0.66,0.0602034493047685,2.584945487929535,,,,0,9,Top,,,,,,,3.112260209815523,-130.58585907316112,-3.446697095568206,1.7082907977768242,29.13647595954452,-24.07976828630194,3.37,1.68,,,,90.2,2225.0,6.7,745401,669134,650333,630105,592518,673490,640492,701538,665487,53.77,,,,,,,,76,1,Slider,6,4,4,6,4,6,4,6,Standard,Standard,169.0,0.006,-0.037,77.3,8.0,0.861205524,,0.037,,2,-2,0.924,0.076,25,32,26,33,1,4,1.0,1,4.0,1.0,2.18,-0.21,0.21,55.9,24.36710507456468,-19.499509706950764,29.184824566493432,37.3712703335591,42.763417226056745
FF,2024-06-19,89.2,1.35,6.51,"Yelich, Christian",592885,542881,field_out,hit_into_play,,,,,12.0,Christian Yelich flies out to center fielder Mickey Moniak.,R,L,L,LAA,MIL,X,8.0,fly_ball,1,0,2024,0.16,1.66,0.1622726316747852,3.608701309580984,,,,0,6,Top,98.87,61.5,,,,,-3.232855301708504,-129.82671814788606,-4.5197352136545605,2.4912965245811134,30.1670442709575,-12.739794546451623,3.37,1.68,347.0,95.8,28.0,88.5,2235.0,6.1,746219,642136,694384,641645,650859,687263,621493,666160,607680,54.39,0.263,0.4789411764705882,0.0,1.0,0.0,0.0,5.0,40,2,4-Seam Fastball,0,1,1,0,1,0,1,0,Standard,Standard,162.0,0.029,-0.292,68.2,6.7,,0.918,0.292,95.8,-1,1,0.336,0.664,34,32,35,33,3,2,5.0,1,6.0,1.0,1.23,0.16,0.16,58.2,18.088055137486965,12.321164730661444,25.95259793415486,33.40098426033819,25.651834251796934
FC,2024-06-19,82.8,1.67,6.46,"Yelich, Christian",592885,542881,,ball,,,,,11.0,,R,L,L,LAA,MIL,B,,,0,0,2024,-0.59,0.76,-0.7705255654088463,4.172482554044608,,,,0,6,Top,,,,,,,-4.398739095316185,-120.5678756376447,-0.2216704177989715,-4.897666786889235,24.00155780906679,-24.949273853947915,3.32390117312841,1.74445015177655,,,,82.4,2244.0,6.0,746219,642136,694384,641645,650859,687263,621493,666160,607680,54.49,,,,,,,,40,1,Cutter,0,1,1,0,1,0,1,0,Standard,Standard,176.0,-0.004,0.038,,,,,-0.038,,-1,1,0.34,0.66,34,32,35,33,3,2,5.0,1,6.0,1.0,2.57,-0.59,-0.59,52.9,,,,,
FC,2024-06-19,85.1,1.74,6.38,"Yelich, Christian",592885,542881,double,hit_into_play,,,,,5.0,Christian Yelich doubles (8) on a line drive to right fielder Kevin Pillar.,R,L,L,LAA,MIL,X,9.0,line_drive,2,0,2024,-0.21,1.21,-0.2263079213536125,2.337954060719113,,,,2,3,Top,198.52,111.4,,,,,-4.185152655818639,-123.88488882091924,-5.608281381311301,-1.390187798505159,23.87302898350208,-18.77472834511574,3.37,1.68,245.0,86.9,20.0,85.1,2229.0,6.2,746219,642136,694384,641645,650859,687263,621493,666160,607680,54.35,0.547,0.547,1.25,1.0,1.0,1.0,4.0,20,3,Cutter,0,1,1,0,1,0,1,0,Standard,Standard,166.0,-0.019,0.507,78.0,8.2,,0.712,-0.507,88.0,-1,1,0.422,0.578,34,32,35,33,2,1,5.0,1,6.0,1.0,1.92,-0.21,-0.21,52.4,22.426119200519693,-17.070738082213513,32.961826586297995,38.47162577014505,42.71542368462475
FF,2024-06-19,90.7,1.11,6.4,"Yelich, Christian",592885,542881,,ball,,,,,13.0,,R,L,L,LAA,MIL,B,,,1,0,2024,0.23,1.83,-1.4255025950267843,0.7413563037698487,,,,2,3,Top,,,,,,,-6.782093504127449,-131.37372042469715,-12.027107156855866,4.121926382580946,28.758373343244298,-8.520374787387492,3.48269769647493,1.79914816969138,,,,90.1,2240.0,6.3,746219,642136,694384,641645,650859,687263,621493,666160,607680,54.23,,,,,,,,20,2,4-Seam Fastball,0,1,1,0,1,0,1,0,Standard,Standard,163.0,-0.003,0.068,,,,,-0.068,,-1,1,0.425,0.575,34,32,35,33,2,1,5.0,1,6.0,1.0,0.97,0.23,0.23,58.3,,,,,
FF,2024-06-19,91.1,1.11,6.46,"Yelich, Christian",592885,542881,,ball,,,,,11.0,,R,L,L,LAA,MIL,B,,,0,0,2024,0.34,1.82,-0.9188157581798224,2.794544654540906,,,,2,3,Top,,,,,,,-5.789608513783899,-132.32479990019257,-7.114858135318057,5.311333396818324,30.82072801405912,-9.451303114714868,3.50552406978703,1.79081610667075,,,,90.3,2270.0,6.1,746219,642136,694384,641645,650859,687263,621493,666160,607680,54.38,,,,,,,,20,1,4-Seam Fastball,0,1,1,0,1,0,1,0,Infield shade,Standard,164.0,-0.001,0.04,,,,,-0.04,,-1,1,0.426,0.574,34,32,35,33,2,1,5.0,1,6.0,1.0,0.95,0.34,0.34,60.5,,,,,
SI,2024-06-19,96.8,-2.37,6.27,"Yelich, Christian",592885,472610,walk,ball,,,,,11.0,Christian Yelich walks.,R,L,R,LAA,MIL,B,,,3,1,2024,-1.28,0.62,-1.076857725689722,3.72420221789144,,,,2,8,Top,,,,,,,6.411111094786903,-140.8200125060762,-2.6261724987928017,-18.511189379863048,34.76759235380264,-23.528671513492704,3.4027460772301,1.70672773010306,,,,97.0,2035.0,6.6,746219,642136,694384,683021,650859,687263,621493,607680,666176,53.87,,0.689131,0.7,1.0,0.0,0.0,,58,5,Sinker,0,1,1,0,1,0,1,0,Infield shade,Standard,204.0,-0.008,0.178,,,,,-0.178,,-1,1,0.291,0.709,37,32,37,33,1,3,2.0,1,2.0,1.0,1.83,1.28,-1.28,43.1,,,,,
SI,2024-06-19,97.0,-2.37,6.22,"Yelich, Christian",592885,472610,,ball,,,,,14.0,,R,L,R,LAA,MIL,B,,,2,1,2024,-1.35,0.43,0.3998309127823958,1.4819885733704985,,,,2,8,Top,,,,,,,10.578111640566064,-140.6791767635467,-8.100414017669861,-20.41376730868421,34.114852624333544,-24.68128692942395,3.37124073106816,1.76277541922184,,,,97.3,2022.0,6.8,746219,642136,694384,683021,650859,687263,621493,607680,666176,53.71,,,,,,,,58,4,Sinker,0,1,1,0,1,0,1,0,Infield shade,Standard,213.0,-0.004,0.112,,,,,-0.112,,-1,1,0.295,0.705,37,32,37,33,1,3,2.0,1,2.0,1.0,2.03,1.35,-1.35,42.3,,,,,
SI,2024-06-19,96.7,-2.44,6.24,"Yelich, Christian",592885,472610,,called_strike,,,,,1.0,,R,L,R,LAA,MIL,S,,,2,0,2024,-1.28,0.57,-0.7343918428157818,3.232931252428143,,,,2,8,Top,,,,,,,7.5100837298651,-140.51044192670167,-3.7363737236596752,-18.65416209619225,34.240160820728,-23.95858196004284,3.40807288715025,1.77346374692522,,,,96.9,2001.0,6.7,746219,642136,694384,683021,650859,687263,621493,607680,666176,53.83,,,,,,,,58,3,Sinker,0,1,1,0,1,0,1,0,Infield shade,Standard,209.0,0.003,-0.061,,,,,0.061,,-1,1,0.292,0.708,37,32,37,33,1,3,2.0,1,2.0,1.0,1.89,1.28,-1.28,42.7,,,,,
FC,2024-06-19,82.6,1.34,6.43,"Yelich, Christian",592885,542881,field_out,hit_into_play,,,,,11.0,"Christian Yelich grounds out softly, second baseman Luis Guillorme to first baseman Nolan Schanuel. Joey Ortiz to 3rd. William Contreras to 2nd.",R,L,L,LAA,MIL,X,4.0,ground_ball,0,1,2024,-0.44,1.13,-0.8300026608008767,3.042300430000174,,687401.0,661388.0,0,1,Top,145.83,161.19,,,,,-4.084790489126238,-120.26849614336412,-3.422099967173712,-3.4450700644170804,23.433740807646146,-20.71254959599325,3.37,1.68,2.0,59.6,-52.0,82.5,2343.0,6.2,746219,642136,694384,641645,650859,687263,621493,666160,607680,54.31,0.279,0.266,0.0,1.0,0.0,0.0,2.0,3,2,Cutter,0,0,0,0,0,0,0,0,Standard,Standard,176.0,-0.002,-0.272,74.2,8.1,,0.281,0.272,88.0,0,0,0.417,0.583,34,32,35,33,1,0,5.0,1,6.0,1.0,2.2,-0.44,-0.44,56.1,24.11214146890573,-11.977097397471203,27.7816208767089,45.45063366926251,39.4559765478443
SI,2024-06-19,96.3,-2.45,6.3,"Yelich, Christian",592885,472610,,ball,,,,,11.0,,R,L,R,LAA,MIL,B,,,1,0,2024,-1.26,0.65,-1.4071740047972487,2.8934172911733773,,,,2,8,Top,,,,,,,5.65054600930515,-140.05000379270726,-4.882382330509617,-17.832848523499635,34.7674377687072,-22.74400319521786,3.44582515436635,1.78040094445995,,,,96.3,2121.0,6.6,746219,642136,694384,683021,650859,687263,621493,607680,666176,53.93,,,,,,,,58,2,Sinker,0,1,1,0,1,0,1,0,Standard,Standard,209.0,-0.003,0.068,,,,,-0.068,,-1,1,0.295,0.705,37,32,37,33,1,3,2.0,1,2.0,1.0,1.84,1.26,-1.26,46.1,,,,,
ST,2024-06-19,81.3,-2.66,6.17,"Yelich, Christian",592885,472610,,ball,,,,,11.0,,R,L,R,LAA,MIL,B,,,0,0,2024,1.11,0.36,-1.79857945435953,3.568584799926564,,,,2,8,Top,,,,,,,-0.1972652251929512,-118.42261195273066,0.1149485874011386,10.415287894598649,23.53448213094544,-29.07600284932353,3.55136575916102,1.70176814093993,,,,81.6,2397.0,6.6,746219,642136,694384,683021,650859,687263,621493,607680,666176,53.95,,,,,,,,58,1,Sweeper,0,1,1,0,1,0,1,0,Standard,Standard,69.0,-0.001,0.04,,,,,-0.04,,-1,1,0.296,0.704,37,32,37,33,1,3,2.0,1,2.0,1.0,3.1,-1.11,1.11,40.8,,,,,
FC,2024-06-19,82.9,1.51,6.42,"Yelich, Christian",592885,542881,,swinging_strike,,,,,8.0,,R,L,L,LAA,MIL,S,,,0,0,2024,-0.37,1.23,-0.2654531474908919,1.9766038039100984,,687401.0,661388.0,0,1,Top,,,,,,,-3.3302747249218654,-120.61042249745802,-6.06179592108682,-2.966209179049488,23.55239686789045,-19.229341077277887,3.37,1.68,,,,82.7,2312.0,6.2,746219,642136,694384,641645,650859,687263,621493,666160,607680,54.31,,,,,,,,3,1,Cutter,0,0,0,0,0,0,0,0,Standard,Standard,168.0,0.007,-0.044,77.6,8.8,5.374564548,,0.044,,0,0,0.41,0.59,34,32,35,33,1,0,5.0,1,6.0,1.0,2.09,-0.37,-0.37,54.2,31.80953520448044,-35.29972783767339,33.488072639522905,38.669753888608206,52.42930001213176
CH,2024-06-18,89.4,-1.85,5.73,"Yelich, Christian",592885,656288,field_out,hit_into_play,,,,,13.0,"Christian Yelich grounds out softly, pitcher Griffin Canning to first baseman Nolan Schanuel.",R,L,R,LAA,MIL,X,1.0,ground_ball,2,2,2024,-1.15,-0.16,-1.1414093507188583,1.88525399330605,,,,1,5,Top,131.56,191.93,,,,,4.101390763201443,-130.09141854080974,-3.0646205900721046,-13.91341711474791,29.216344381612743,-33.50834162368287,3.37,1.67,1.0,57.4,-72.0,88.1,1533.0,5.6,746217,681351,694384,592273,650859,687263,621493,666160,666176,54.89,0.171,0.256,0.0,1.0,0.0,0.0,1.0,37,5,Changeup,0,5,5,0,5,0,5,0,Infield shade,Standard,246.0,0.003,-0.225,67.0,7.9,,0.173,0.225,88.0,-5,5,0.07,0.93,28,32,28,33,3,2,5.0,1,6.0,1.0,3.03,1.15,-1.15,39.1,12.63618470973174,8.97043565260975,31.39799347601349,51.84511477607117,24.20983224215145
FF,2024-06-18,93.4,-1.53,5.89,"Yelich, Christian",592885,656288,,ball,,,,,12.0,,R,L,R,LAA,MIL,B,,,1,2,2024,-0.49,1.29,1.2358986875938602,4.522113206256491,,,,1,5,Top,,,,,,,8.1379932742981,-135.74947069211984,-0.5695343405294951,-7.960002397823469,31.73202072177845,-16.383990838409975,3.34166022178159,1.68860970845608,,,,92.5,2179.0,6.0,746217,681351,694384,592273,650859,687263,621493,666160,666176,54.51,,,,,,,,37,4,4-Seam Fastball,0,5,5,0,5,0,5,0,Infield shade,Standard,215.0,0.0,0.043,,,,,-0.043,,-5,5,0.07,0.93,28,32,28,33,3,2,5.0,1,6.0,1.0,1.34,0.49,-0.49,44.2,,,,,
SL,2024-06-18,88.9,-1.93,5.87,"Yelich, Christian",592885,656288,,ball,,,,,13.0,,R,L,R,LAA,MIL,B,,,0,2,2024,-0.06,0.08,-0.0118537433805517,0.853544297011656,,,,1,5,Top,,,,,,,4.7797107382562745,-129.21490983516497,-6.2967691114497,-1.7136388284801507,28.71015047927154,-30.102657177639134,3.35129600590628,1.7124144455977,,,,87.7,2619.0,5.8,746217,681351,694384,592273,650859,687263,621493,666160,666176,54.74,,,,,,,,37,3,Slider,0,5,5,0,5,0,5,0,Infield shade,Standard,313.0,-0.001,0.02,,,,,-0.02,,-5,5,0.071,0.929,28,32,28,33,3,2,5.0,1,6.0,1.0,2.83,0.06,-0.06,42.3,,,,,
SL,2024-06-18,86.7,-1.99,5.83,"Yelich, Christian",592885,656288,,foul,,,,,13.0,,R,L,R,LAA,MIL,S,,,0,1,2024,0.05,-0.28,-0.0940877729446837,1.5246010737365077,,,,1,5,Top,,,,,,,4.405176609007091,-126.22248976299996,-3.536700992224871,-0.3494786653712873,24.759685780806144,-34.69340588656295,3.37,1.67,1.0,65.7,-56.0,86.2,2646.0,5.9,746217,681351,694384,592273,650859,687263,621493,666160,666176,54.62,,,,,,,,37,2,Slider,0,5,5,0,5,0,5,0,Standard,Standard,30.0,0.001,-0.057,79.1,8.4,,,0.057,88.0,-5,5,0.07,0.93,28,32,28,33,3,2,5.0,1,6.0,1.0,3.3,-0.05,0.05,43.5,17.84906403384934,-13.53135948617539,40.41672951965857,38.94527711025113,39.53677376622143
FF,2024-06-18,93.7,-1.57,5.96,"Yelich, Christian",592885,656288,,called_strike,,,,,5.0,,R,L,R,LAA,MIL,S,,,0,0,2024,-0.42,1.23,0.0496110701490241,2.5661202145221127,,,,1,5,Top,,,,,,,5.0849944270556575,-136.35291549285444,-5.719290770825371,-6.363866353348176,30.93319490037949,-15.734242674263506,3.31575636946487,1.76602432099163,,,,93.3,2104.0,6.1,746217,681351,694384,592273,650859,687263,621493,666160,666176,54.36,,,,,,,,37,1,4-Seam Fastball,0,5,5,0,5,0,5,0,Standard,Standard,217.0,0.001,-0.037,,,,,0.037,,-5,5,0.069,0.931,28,32,28,33,3,2,5.0,1,6.0,1.0,1.37,0.42,-0.42,48.3,,,,,
CH,2024-06-18,89.5,-1.66,5.74,"Yelich, Christian",592885,656288,grounded_into_double_play,hit_into_play,,,,,8.0,"Christian Yelich grounds into a double play, second baseman Brandon Drury to shortstop Zach Neto to first baseman Nolan Schanuel. Brice Turang to 3rd. William Contreras out at 2nd. Christian Yelich out at 1st.",R,L,R,LAA,MIL,X,4.0,ground_ball,2,2,2024,-1.41,0.1,-0.0163532416265539,1.6943418665524677,,668930.0,661388.0,0,3,Top,146.94,148.39,,,,,6.986920061290457,-130.17524415872435,-4.1587763858608975,-17.546194959527487,27.55480645988497,-30.32086656637123,3.37,1.67,72.0,109.2,3.0,88.8,1883.0,5.9,746217,681351,694384,592273,650859,687263,621493,666160,666176,54.62,0.574,0.516,0.0,1.0,0.0,0.0,4.0,20,6,Changeup,0,2,2,0,2,0,2,0,Infield shade,Standard,244.0,0.07,-0.264,73.7,7.7,,0.62,0.264,109.2,-2,2,0.226,0.774,28,32,28,33,2,1,5.0,1,6.0,1.0,2.75,1.41,-1.41,38.1,4.671733668331132,4.563371708645186,41.02565224151514,37.76270316018631,27.806164354640696
SL,2024-06-18,89.2,-1.66,5.87,"Yelich, Christian",592885,656288,,foul,,,,,8.0,,R,L,R,LAA,MIL,S,,,2,2,2024,-0.03,-0.21,0.2244946382750174,2.164457749721405,,668930.0,661388.0,0,3,Top,,,,,,,4.651679788748959,-129.92362575867284,-2.640838468153773,-1.2603816627640545,27.18102002811392,-34.256814966252435,3.37,1.67,,,,88.7,2719.0,5.9,746217,681351,694384,592273,650859,687263,621493,666160,666176,54.57,,,,,,,,20,5,Slider,0,2,2,0,2,0,2,0,Standard,Standard,10.0,0.0,0.0,79.0,7.9,,,0.0,,-2,2,0.226,0.774,28,32,28,33,2,1,5.0,1,6.0,1.0,3.07,0.03,-0.03,40.8,15.689978803978809,-6.336345059366387,35.680294465574484,35.61713448718127,34.40548621430577
SL,2024-06-18,89.3,-1.63,5.84,"Yelich, Christian",592885,656288,,blocked_ball,,,,,14.0,,R,L,R,LAA,MIL,B,,,1,2,2024,-0.12,0.28,0.9996000460354032,0.4804971312472101,,668930.0,661388.0,0,3,Top,,,,,,,6.6778472886691285,-129.59697644369993,-7.610954830391137,-2.917687480019881,30.442554983820678,-27.514833979151028,3.3713825779979,1.78151321552489,,,,88.2,2621.0,6.0,746217,681351,694384,592273,650859,687263,621493,666160,666176,54.48,,,,,,,,20,4,Slider,0,2,2,0,2,0,2,0,Standard,Standard,294.0,-0.005,0.026,,,,,-0.026,,-2,2,0.231,0.769,28,32,28,33,2,1,5.0,1,6.0,1.0,2.63,0.12,-0.12,40.8,,,,,
CH,2024-06-18,90.1,-1.71,5.76,"Yelich, Christian",592885,656288,,foul,,,,,7.0,,R,L,R,LAA,MIL,S,,,1,1,2024,-1.55,0.29,-0.7811300115386295,2.007054070749172,,668930.0,661388.0,0,3,Top,,,,,,,5.543677178479096,-131.0560718675165,-3.895903462581461,-19.002290992990265,29.897972806193785,-28.219957059321263,3.37,1.67,4.0,73.0,-24.0,89.1,1630.0,5.9,746217,681351,694384,592273,650859,687263,621493,666160,666176,54.6,,,,,,,,20,3,Changeup,0,2,2,0,2,0,2,0,Standard,Standard,245.0,0.009,-0.069,74.0,7.9,,,0.069,88.0,-2,2,0.222,0.778,28,32,28,33,2,1,5.0,1,6.0,1.0,2.54,1.55,-1.55,35.1,14.543738289392673,6.321998711804233,31.189232584517693,46.73601178236918,26.121342421902654
CH,2024-06-18,89.5,-1.68,5.81,"Yelich, Christian",592885,656288,,foul,,,,,7.0,,R,L,R,LAA,MIL,S,,,1,0,2024,-1.53,0.05,-0.6568595688090273,1.7989463176172062,,668930.0,661388.0,0,3,Top,,,,,,,5.709419058688904,-130.19497497017548,-3.9529500390181376,-18.628398918383017,28.950528950987465,-30.94150583921163,3.37,1.67,2.0,57.0,-38.0,88.7,1768.0,5.9,746217,681351,694384,592273,650859,687263,621493,666160,666176,54.57,,,,,,,,20,2,Changeup,0,2,2,0,2,0,2,0,Standard,Standard,251.0,0.007,-0.055,71.8,8.1,,,0.055,88.0,-2,2,0.215,0.785,28,32,28,33,2,1,5.0,1,6.0,1.0,2.81,1.53,-1.53,39.2,15.651539286900052,4.95152229353347,31.65068977128076,46.379304173847295,28.79581821157489
CH,2024-06-18,89.0,-1.9,5.68,"Yelich, Christian",592885,656288,,blocked_ball,,,,,13.0,,R,L,R,LAA,MIL,B,,,0,0,2024,-1.43,0.37,-0.1831422381219218,0.480072021805233,,668930.0,661388.0,0,3,Top,,,,,,,7.131081794557937,-129.29131170327585,-7.391389375887713,-17.513852996063132,28.26615807947392,-26.611786503816447,3.36576398963062,1.77699851489356,,,,88.0,1622.0,5.9,746217,681351,694384,592273,650859,687263,621493,666160,666176,54.61,,,,,,,,20,1,Changeup,0,2,2,0,2,0,2,0,Standard,Standard,243.0,-0.005,0.045,,,,,-0.045,,-2,2,0.22,0.78,28,32,28,33,2,1,5.0,1,6.0,1.0,2.53,1.43,-1.43,35.2,,,,,
FF,2024-06-18,95.0,-0.9,5.91,"Yelich, Christian",592885,672710,field_out,hit_into_play,,,,,5.0,"Christian Yelich grounds out, second baseman Brandon Drury to first baseman Nolan Schanuel.",R,L,R,LAA,MIL,X,4.0,ground_ball,2,2,2024,-0.61,1.6,-0.2275258886057954,2.2750398072672637,,,,1,7,Top,149.97,163.52,,,,,3.153812770922808,-138.1691686085862,-7.447144974758375,-8.546437643520544,33.14633174361214,-10.272833359155198,3.37,1.67,2.0,93.3,-54.0,95.3,2420.0,6.7,746217,681351,694384,592273,650859,687263,621493,666160,666176,53.84,0.238,0.237,0.0,1.0,0.0,0.0,2.0,53,7,4-Seam Fastball,0,6,6,0,6,0,6,0,Infield shade,Standard,206.0,0.002,-0.225,68.7,7.1,,0.24,0.225,93.3,-6,6,0.018,0.982,24,32,25,33,1,3,4.0,1,4.0,1.0,0.95,0.61,-0.61,44.7,-0.8806912866976516,22.602486405873957,36.05931606517782,40.9364765825044,16.72558135513336
CH,2024-06-18,88.9,-0.83,5.82,"Yelich, Christian",592885,672710,,foul,,,,,11.0,,R,L,R,LAA,MIL,S,,,2,2,2024,-1.25,1.0,-1.0004605674444451,3.348908410816368,,,,1,7,Top,,,,,,,2.23242193112958,-129.47417248370968,-2.079770331965694,-14.48321355281051,29.632668464698117,-20.71359773780415,3.37,1.67,131.0,75.8,11.0,89.3,1941.0,6.7,746217,681351,694384,592273,650859,687263,621493,666160,666176,53.81,,,,,,,,53,6,Changeup,0,6,6,0,6,0,6,0,Infield shade,Standard,231.0,0.0,0.0,66.9,6.7,,,0.0,88.0,-6,6,0.018,0.982,24,32,25,33,1,3,4.0,1,4.0,1.0,1.9,1.25,-1.25,46.2,-0.8747766966742118,25.87212959880496,24.79132797336745,50.49556075044795,11.036602237913154
FF,2024-06-18,94.7,-0.78,5.96,"Yelich, Christian",592885,672710,,foul,,,,,5.0,,R,L,R,LAA,MIL,S,,,2,2,2024,-0.35,1.59,0.2316647304483718,2.787424744104141,,,,1,7,Top,,,,,,,3.443733687416486,-137.76649403811163,-6.133638292423515,-5.254928867426417,33.4286363773781,-10.752076968210098,3.37,1.67,,,,94.8,2437.0,6.6,746217,681351,694384,592273,650859,687263,621493,666160,666176,53.93,,,,,,,,53,5,4-Seam Fastball,0,6,6,0,6,0,6,0,Infield shade,Standard,210.0,0.0,0.0,,,,,0.0,,-6,6,0.018,0.982,24,32,25,33,1,3,4.0,1,4.0,1.0,0.97,0.35,-0.35,49.6,,,,,
CU,2024-06-18,79.6,-0.89,6.02,"Yelich, Christian",592885,672710,,swinging_strike,,,,,14.0,,R,L,R,LAA,MIL,S,,,2,1,2024,0.96,-1.14,0.7694327696135359,1.0429833796800336,,,,1,7,Top,,,,,,,1.8376329294347344,-115.8215922729784,-1.89972277033192,8.112315661050967,25.955654850582672,-42.082394473622415,3.37,1.67,,,,79.1,2672.0,6.4,746217,681351,694384,592273,650859,687263,621493,666160,666176,54.11,,,,,,,,53,4,Curveball,0,6,6,0,6,0,6,0,Infield shade,Standard,38.0,0.0,-0.078,73.8,9.1,8.641125528,,0.078,,-6,6,0.018,0.982,24,32,25,33,1,3,4.0,1,4.0,1.0,4.79,-0.96,0.96,48.3,35.526115321589266,-43.26222802061226,40.33318184573299,30.00704479369401,57.33512245295816
CH,2024-06-18,89.7,-0.77,5.93,"Yelich, Christian",592885,672710,,foul_tip,,,,,2.0,,R,L,R,LAA,MIL,S,,,2,0,2024,-1.34,1.0,-0.125724325322289,3.169234372120468,,,,1,7,Top,,,,,,,4.460307990326052,-130.47822255319903,-2.931205884803848,-16.282896625789014,29.37043635019061,-20.370168325547144,3.37,1.67,,,,90.0,1999.0,6.6,746217,681351,694384,592273,650859,687263,621493,666160,666176,53.87,,,,,,,,53,3,Changeup,0,6,6,0,6,0,6,0,Infield shade,Standard,227.0,0.0,-0.065,73.2,7.2,,,0.065,,-6,6,0.018,0.982,24,32,25,33,1,3,4.0,1,4.0,1.0,1.85,1.34,-1.34,48.2,10.30497880065715,9.103137549172532,32.536579183738304,39.96764189041088,26.25778067863052
CH,2024-06-18,90.3,-0.95,5.81,"Yelich, Christian",592885,672710,,ball,,,,,14.0,,R,L,R,LAA,MIL,B,,,1,0,2024,-1.28,0.55,0.1354706818052931,1.356980097678718,,,,1,7,Top,,,,,,,5.467198282148679,-131.25702220755838,-6.3136614004281775,-16.01227507262305,28.73977027725109,-24.62840083037667,3.35229027369768,1.73833830168191,,,,90.7,1951.0,6.7,746217,681351,694384,592273,650859,687263,621493,666160,666176,53.81,,,,,,,,53,2,Changeup,0,6,6,0,6,0,6,0,Infield shade,Standard,230.0,0.0,0.072,,,,,-0.072,,-6,6,0.018,0.982,24,32,25,33,1,3,4.0,1,4.0,1.0,2.26,1.28,-1.28,44.1,,,,,
CU,2024-06-18,79.6,-0.98,5.93,"Yelich, Christian",592885,672710,,ball,,,,,13.0,,R,L,R,LAA,MIL,B,,,0,0,2024,0.55,-1.01,-1.4450574646466705,1.450505658438459,,,,1,7,Top,,,,,,,-2.045213127646057,-115.90416562159989,-1.1379592882062746,5.301605095383604,23.391780066836155,-41.208667296276325,3.3746331536648,1.78350591994707,,,,79.6,2600.0,6.4,746217,681351,694384,592273,650859,687263,621493,666160,666176,54.07,,,,,,,,53,1,Curveball,0,6,6,0,6,0,6,0,Standard,Standard,34.0,0.0,0.039,,,,,-0.039,,-6,6,0.018,0.982,24,32,25,33,1,3,4.0,1,4.0,1.0,4.62,-0.55,0.55,46.8,,,,,
FF,2024-06-18,94.8,-1.68,5.88,"Yelich, Christian",592885,656288,home_run,hit_into_play,,,,,12.0,Christian Yelich homers (7) on a fly ball to right center field.,R,L,R,LAA,MIL,X,,fly_ball,3,1,2024,-0.9,1.55,0.4616509504887084,3.612074708923379,,,,2,1,Top,206.01,56.62,,,,,7.553865808166393,-137.78603334156892,-3.6341238919283416,-13.27699332084594,34.97204683340041,-11.886775434815114,3.37,1.67,403.0,107.2,34.0,93.7,2177.0,6.0,746217,681351,694384,592273,650859,687263,621493,666160,666176,54.47,0.828,1.6805294117647065,2.0,1.0,0.0,3.0,6.0,3,5,4-Seam Fastball,0,0,0,0,1,0,1,0,Infield shade,Standard,220.0,-0.095,2.436,71.2,7.3,,3.306,-2.436,107.2,0,0,0.533,0.467,28,32,28,33,1,0,5.0,1,6.0,1.0,1.02,0.9,-0.9,44.8,25.356155159100087,-7.921041502065151,26.84617982394967,32.26990100261392,34.56341891549801
CH,2024-06-18,89.7,-1.76,5.89,"Yelich, Christian",592885,656288,,ball,,,,,11.0,,R,L,R,LAA,MIL,B,,,2,1,2024,-1.4,0.29,-1.2743143755735733,2.875325560182933,,,,2,1,Top,,,,,,,4.113153225134697,-130.43188254607028,-1.972016610730512,-16.765995570282048,31.643851833659696,-28.69450919355515,3.36830533767805,1.66395440159382,,,,88.3,1910.0,5.8,746217,681351,694384,592273,650859,687263,621493,666160,666176,54.68,,,,,,,,3,4,Changeup,0,0,0,0,0,0,0,0,Infield shade,Standard,241.0,-0.004,0.112,,,,,-0.112,,0,0,0.537,0.463,28,32,28,33,1,0,5.0,1,6.0,1.0,2.59,1.4,-1.4,42.7,,,,,
CH,2024-06-18,89.5,-1.83,5.88,"Yelich, Christian",592885,656288,,ball,,,,,11.0,,R,L,R,LAA,MIL,B,,,1,1,2024,-1.3,0.21,-1.7505169295785346,4.047471933481288,,,,2,1,Top,,,,,,,2.903160307880412,-130.21236424675516,1.1004625479219334,-15.321913451688175,31.78972396120525,-30.317413712623534,3.36830533767805,1.69772656235533,,,,87.9,1890.0,5.7,746217,681351,694384,592273,650859,687263,621493,666160,666176,54.84,,,,,,,,3,3,Changeup,0,0,0,0,0,0,0,0,Infield shade,Standard,242.0,-0.001,0.058,,,,,-0.058,,0,0,0.538,0.462,28,32,28,33,1,0,5.0,1,6.0,1.0,2.67,1.3,-1.3,41.5,,,,,
FF,2024-06-18,94.4,-1.61,5.97,"Yelich, Christian",592885,656288,,foul,,,,,2.0,,R,L,R,LAA,MIL,S,,,1,0,2024,-0.87,1.53,-0.1542673647905705,3.1530261229050494,,,,2,1,Top,,,,,,,5.668371236123954,-137.2519476005039,-4.930017187091205,-12.266275042991545,34.28968438060195,-12.012521213067474,3.37,1.67,217.0,82.3,61.0,93.3,2262.0,6.0,746217,681351,694384,592273,650859,687263,621493,666160,666176,54.52,,,,,,,,3,2,4-Seam Fastball,0,0,0,0,0,0,0,0,Infield shade,Standard,210.0,0.001,-0.051,72.1,6.9,,,0.051,88.0,0,0,0.537,0.463,28,32,28,33,1,0,5.0,1,6.0,1.0,1.06,0.87,-0.87,47.3,7.04345415700401,14.332520646137771,31.30080769695224,39.3700248692481,22.927026353858764
FF,2024-06-18,94.6,-1.49,5.95,"Yelich, Christian",592885,656288,,ball,,,,,12.0,,R,L,R,LAA,MIL,B,,,0,0,2024,-0.65,1.45,1.3078793807964466,3.552814221707462,,,,2,1,Top,,,,,,,8.728320984750884,-137.3508035543896,-3.712252768941448,-10.30613928156244,33.9209028573797,-13.298416256676065,3.44965927191657,1.69772656235533,,,,93.8,2156.0,6.2,746217,681351,694384,592273,650859,687263,621493,666160,666176,54.27,,,,,,,,3,1,4-Seam Fastball,0,0,0,0,0,0,0,0,Standard,Standard,210.0,-0.001,0.04,,,,,-0.04,,0,0,0.538,0.462,28,32,28,33,1,0,5.0,1,6.0,1.0,1.14,0.65,-0.65,47.2,,,,,
FF,2024-06-17,89.1,-0.42,6.34,"Yelich, Christian",592885,668676,field_out,hit_into_play,,,,,3.0,Christian Yelich flies out to shortstop Zach Neto.,R,L,R,LAA,MIL,X,6.0,fly_ball,2,0,2024,-0.45,1.55,0.5621134996936874,2.843979602296705,,,,0,6,Top,90.4,133.6,,,,,3.3612006046412124,-129.67392921885255,-5.801842628934701,-5.733051060026959,27.821008428556883,-13.691229043528768,3.37,1.67,189.0,64.6,46.0,89.1,1965.0,6.3,746215,681351,694384,592273,641645,687263,621493,666160,666176,54.16,0.245,0.224,0.0,1.0,0.0,0.0,3.0,44,3,4-Seam Fastball,5,3,3,5,3,5,3,5,Infield shade,Standard,205.0,0.048,-0.361,70.5,6.7,,0.272,0.361,88.0,2,-2,0.762,0.238,29,32,29,33,3,2,,1,5.0,1.0,1.33,0.45,-0.45,54.8,4.566510815291514,11.71819762323298,34.20651423510368,29.738973920526423,25.318552228190303
CH,2024-06-17,84.0,-0.56,6.14,"Yelich, Christian",592885,668676,,ball,,,,,14.0,,R,L,R,LAA,MIL,B,,,1,0,2024,-0.48,1.24,0.840346375250007,-0.5400262755592518,,,,0,6,Top,,,,,,,4.201198090250937,-121.87690117002602,-11.511688402358386,-5.636104741734601,23.490675064062582,-17.757314511060894,3.4943469046855,1.80880888031066,,,,84.2,1767.0,6.5,746215,681351,694384,592273,641645,687263,621493,666160,666176,53.99,,,,,,,,44,2,Changeup,5,3,3,5,3,5,3,5,Infield shade,Standard,211.0,-0.012,0.069,,,,,-0.069,,2,-2,0.774,0.226,29,32,29,33,3,2,,1,5.0,1.0,2.0,0.48,-0.48,54.5,,,,,
CU,2024-06-17,74.7,-0.37,6.34,"Yelich, Christian",592885,668676,,ball,,,,,11.0,,R,L,R,LAA,MIL,B,,,0,0,2024,0.27,-0.96,-0.7390020295560746,4.145505193707091,,,,0,6,Top,,,,,,,-1.2382266409739775,-108.67074889390014,4.365779839924733,2.3596173927802893,19.26784083896665,-40.78961301902818,3.67127624898484,1.69823794451421,,,,74.5,2200.0,6.2,746215,681351,694384,592273,641645,687263,621493,666160,666176,54.32,,,,,,,,44,1,Curveball,5,3,3,5,3,5,3,5,Infield shade,Standard,36.0,-0.005,0.038,,,,,-0.038,,2,-2,0.779,0.221,29,32,29,33,3,2,,1,5.0,1.0,5.05,-0.27,0.27,61.0,,,,,
FF,2024-06-17,89.8,-0.28,6.37,"Yelich, Christian",592885,668676,field_out,hit_into_play,,,,,2.0,Christian Yelich flies out to left fielder Taylor Ward.,R,L,R,LAA,MIL,X,7.0,fly_ball,3,0,2024,-0.68,1.54,-0.052900621165949,3.386723186900249,,668930.0,,1,3,Top,78.42,88.74,,,,,2.001330876401433,-130.60136812158456,-4.579021944913526,-8.179798915346225,31.671517407697717,-13.895518454491205,3.37,1.67,277.0,88.2,50.0,89.5,2042.0,6.5,746215,681351,694384,592273,641645,687263,621493,666160,666176,54.01,0.013,0.016,0.0,1.0,0.0,0.0,3.0,18,4,4-Seam Fastball,0,2,2,0,2,0,2,0,Infield shade,Standard,201.0,0.036,-0.415,70.8,7.1,,0.022,0.415,88.2,-2,2,0.264,0.736,29,32,29,33,2,1,,1,5.0,1.0,1.33,0.68,-0.68,55.5,10.13804702447635,3.919964782397426,27.901484970120944,37.699660221058096,25.758446525270514
CH,2024-06-17,83.3,-0.31,6.23,"Yelich, Christian",592885,668676,,ball,,,,,11.0,,R,L,R,LAA,MIL,B,,,2,0,2024,-0.86,1.01,-1.275002220125696,2.9315278525053854,,668930.0,,1,3,Top,,,,,,,-0.5224831163559235,-121.23700334648564,-3.082592564060952,-8.32648552789258,25.689471885459696,-21.830677763134773,3.36503290651457,1.654376760137,,,,83.4,1568.0,6.6,746215,681351,694384,592273,641645,687263,621493,666160,666176,53.94,,,,,,,,18,3,Changeup,0,2,2,0,2,0,2,0,Infield shade,Standard,216.0,-0.004,0.083,,,,,-0.083,,-2,2,0.268,0.732,29,32,29,33,2,1,,1,5.0,1.0,2.29,0.86,-0.86,56.4,,,,,
CH,2024-06-17,84.0,-0.33,6.27,"Yelich, Christian",592885,668676,,ball,,,,,11.0,,R,L,R,LAA,MIL,B,,,1,0,2024,-1.04,0.97,-1.5895760943725452,3.726158457714191,,668930.0,,1,3,Top,,,,,,,-0.8368623134663218,-122.26928398834592,-1.3757602831882358,-10.221341803468055,26.46424869361219,-22.443045517374763,3.39469060542388,1.73356292390005,,,,83.9,1547.0,6.4,746215,681351,694384,592273,641645,687263,621493,666160,666176,54.08,,,,,,,,18,2,Changeup,0,2,2,0,2,0,2,0,Infield shade,Standard,217.0,-0.003,0.042,,,,,-0.042,,-2,2,0.271,0.729,29,32,29,33,2,1,,1,5.0,1.0,2.28,1.04,-1.04,57.0,,,,,
CH,2024-06-17,84.3,-0.31,6.27,"Yelich, Christian",592885,668676,,ball,,,,,14.0,,R,L,R,LAA,MIL,B,,,0,0,2024,-1.02,1.2,0.0265965223392105,1.466797127875852,,668930.0,,1,3,Top,,,,,,,2.811980358213803,-122.5268906122828,-7.132136514781218,-10.79729521337593,25.6506543469196,-18.86843938848256,3.40157317353472,1.7583168302065,,,,84.3,1614.0,6.5,746215,681351,694384,592273,641645,687263,621493,666160,666176,53.99,,,,,,,,18,1,Changeup,0,2,2,0,2,0,2,0,Infield shade,Standard,210.0,-0.001,0.027,,,,,-0.027,,-2,2,0.272,0.728,29,32,29,33,2,1,,1,5.0,1.0,2.03,1.02,-1.02,55.5,,,,,
FF,2024-06-17,90.0,-0.14,6.34,"Yelich, Christian",592885,668676,field_out,hit_into_play,,,,,13.0,Christian Yelich flies out to left fielder Taylor Ward.,R,L,R,LAA,MIL,X,7.0,fly_ball,2,1,2024,-0.79,1.59,-0.0396465775407512,1.4196585122215888,,,,2,1,Top,88.09,100.19,,,,,1.93803449351308,-130.79228001807988,-9.59527437452908,-9.413039552908335,29.841483782136358,-12.042561888235316,3.37128116590734,1.671255089868,264.0,82.0,40.0,90.0,1956.0,6.6,746215,681351,694384,592273,641645,687263,621493,666160,666176,53.93,0.003,0.002,0.0,1.0,0.0,0.0,3.0,3,4,4-Seam Fastball,0,0,0,0,0,0,0,0,Infield shade,Standard,206.0,0.011,-0.303,,,,0.003,0.303,88.0,0,0,0.537,0.463,29,32,29,33,1,0,,1,5.0,1.0,1.25,0.79,-0.79,56.9,,,,,
CH,2024-06-17,84.3,-0.39,6.31,"Yelich, Christian",592885,668676,,ball,,,,,11.0,,R,L,R,LAA,MIL,B,,,1,1,2024,-0.95,0.97,-1.3746416588937684,4.1813643920834815,,,,2,1,Top,,,,,,,-0.4072551082488644,-122.83710173357004,-0.5185627471455404,-9.4822067843362,24.66853620129919,-22.4711919125705,3.46318659196238,1.74017912816965,,,,84.4,1586.0,6.3,746215,681351,694384,592273,641645,687263,621493,666160,666176,54.17,,,,,,,,3,3,Changeup,0,0,0,0,0,0,0,0,Infield shade,Standard,213.0,-0.001,0.058,,,,,-0.058,,0,0,0.538,0.462,29,32,29,33,1,0,,1,5.0,1.0,2.23,0.95,-0.95,54.7,,,,,
CH,2024-06-17,84.9,-0.38,6.28,"Yelich, Christian",592885,668676,,ball,,,,,11.0,,R,L,R,LAA,MIL,B,,,0,1,2024,-0.81,1.08,-0.8553365360499611,4.19170383623341,,,,2,1,Top,,,,,,,0.5081520340754264,-123.71972799540926,-0.7278046366823782,-8.418455465880514,25.1447805224456,-21.128012483237768,3.43809139991848,1.74414997238568,,,,85.1,1756.0,6.4,746215,681351,694384,592273,641645,687263,621493,666160,666176,54.11,,,,,,,,3,2,Changeup,0,0,0,0,0,0,0,0,Infield shade,Standard,211.0,-0.002,0.029,,,,,-0.029,,0,0,0.54,0.46,29,32,29,33,1,0,,1,5.0,1.0,2.07,0.81,-0.81,53.8,,,,,
FF,2024-06-17,90.5,-0.13,6.34,"Yelich, Christian",592885,668676,,foul,,,,,14.0,,R,L,R,LAA,MIL,S,,,0,0,2024,-0.59,1.69,0.4845961452408143,1.3880674397212929,,,,2,1,Top,,,,,,,2.794226628157606,-131.47312881634411,-9.997558538208803,-7.439468939555281,29.535917558531388,-10.611821405456116,3.37,1.67,,,,90.6,2083.0,6.6,746215,681351,694384,592273,641645,687263,621493,666160,666176,53.94,,,,,,,,3,1,4-Seam Fastball,0,0,0,0,0,0,0,0,Infield shade,Standard,204.0,0.002,-0.041,76.6,8.3,,,0.041,,0,0,0.538,0.462,29,32,29,33,1,0,,1,5.0,1.0,1.11,0.59,-0.59,61.5,26.712154097959584,-21.345593649126837,42.77282135638683,30.941227983749684,41.59034660383664
FF,2024-06-17,92.2,0.89,6.39,"Yelich, Christian",592885,519043,field_out,hit_into_play,,,,,3.0,"Christian Yelich grounds out, second baseman Brandon Drury to first baseman Nolan Schanuel. Joey Ortiz to 2nd.",R,L,L,LAA,MIL,X,4.0,ground_ball,0,1,2024,1.19,1.09,0.5028252875563091,3.0033538832790256,,,687401.0,0,8,Top,158.37,158.39,,,,,-3.5387633163451837,-134.14095681833365,-5.086295439697109,15.093004215686053,30.123232311220494,-18.178256811264948,3.37,1.67,12.0,77.2,-13.0,91.5,2135.0,6.0,746215,681351,694384,592273,650859,687263,621493,607680,666176,54.54,0.051,0.048,0.0,1.0,0.0,0.0,2.0,60,2,4-Seam Fastball,5,3,3,5,3,5,3,5,Standard,Standard,136.0,0.035,-0.31,72.0,6.9,,0.053,0.31,88.0,2,-2,0.802,0.198,35,32,35,33,1,3,2.0,1,4.0,1.0,1.61,1.19,1.19,40.4,8.2538095633882,4.132768889530763,31.194964564064872,29.668440423928786,28.453505567428547
FF,2024-06-17,91.5,0.9,6.37,"Yelich, Christian",592885,519043,,called_strike,,,,,2.0,,R,L,L,LAA,MIL,S,,,0,0,2024,0.9,1.02,-0.1214027383919532,3.403707275001709,,,687401.0,0,8,Top,,,,,,,-4.503927410333523,-133.13350641176956,-3.788837131697352,11.699990455541691,28.707140275965266,-19.450687309560188,3.4568822042599,1.80170516027751,,,,91.0,2104.0,6.0,746215,681351,694384,592273,650859,687263,621493,607680,666176,54.5,,,,,,,,60,1,4-Seam Fastball,5,3,3,5,3,5,3,5,Standard,Standard,142.0,0.009,-0.042,,,,,0.042,,2,-2,0.793,0.207,35,32,35,33,1,3,2.0,1,4.0,1.0,1.71,0.9,0.9,39.6,,,,,
FF,2024-06-16,94.2,-1.21,5.66,"Yelich, Christian",592885,593423,walk,ball,,,,,12.0,Christian Yelich walks. William Contreras to 2nd.,R,L,R,MIL,CIN,B,,,3,2,2024,-0.73,1.24,0.1922313293262199,3.874158505319485,,,661388.0,0,6,Bot,,,,,,,5.252550919556392,-137.1357796150501,-1.7248732399835307,-10.39427007129842,28.199003599652865,-16.226371922483647,3.30766690971985,1.69626692108138,,,,94.2,2324.0,6.1,745977,571912,668715,663697,600869,682829,666181,670770,641584,54.41,,0.689131,0.7,1.0,0.0,0.0,,44,9,4-Seam Fastball,1,3,1,3,3,1,1,3,Standard,Standard,220.0,0.078,0.291,,,,,-0.291,,-2,-2,0.334,0.334,31,32,31,33,3,2,7.0,1,6.0,1.0,1.31,0.73,-0.73,37.3,,,,,
FF,2024-06-16,95.6,-1.12,5.74,"Yelich, Christian",592885,593423,,foul,,,,,4.0,,R,L,R,MIL,CIN,S,,,3,2,2024,-0.58,1.36,-0.7332540268692923,2.742589995738194,,,661388.0,0,6,Bot,,,,,,,2.323048730483606,-139.11025116194364,-5.297828360599146,-8.059917130045147,31.53904914275189,-13.594772542837056,3.35,1.67,342.0,96.5,26.0,95.1,2342.0,6.0,745977,571912,668715,663697,600869,682829,666181,670770,641584,54.48,,,,,,,,44,8,4-Seam Fastball,1,3,1,3,3,1,1,3,Infield shade,Standard,222.0,0.0,0.0,68.0,7.0,,,0.0,96.5,-2,-2,0.334,0.334,31,32,31,33,3,2,7.0,1,6.0,1.0,1.14,0.58,-0.58,40.4,-0.3316157774341361,20.93750974418269,29.778608152483592,45.8842024449526,16.969917993516173
SI,2024-06-16,94.6,-1.14,5.67,"Yelich, Christian",592885,593423,,foul,,,,,5.0,,R,L,R,MIL,CIN,S,,,3,2,2024,-1.31,0.58,-0.0782561400692438,2.7650048369114093,,,661388.0,0,6,Bot,,,,,,,5.659432219958728,-137.62164808449168,-3.1740987059578,-17.89504100053546,30.954908257244284,-24.24860714964612,3.35,1.67,226.0,84.0,60.0,94.0,2250.0,6.0,745977,571912,668715,663697,600869,682829,666181,670770,641584,54.52,,,,,,,,44,7,Sinker,1,3,1,3,3,1,1,3,Infield shade,Standard,214.0,0.0,0.0,73.2,7.1,,,0.0,88.0,-2,-2,0.334,0.334,31,32,31,33,3,2,7.0,1,6.0,1.0,1.97,1.31,-1.31,39.6,3.0416104373208417,9.38021307103902,33.50609595910729,38.09913170865652,27.53686047503725
FC,2024-06-16,90.9,-1.07,5.71,"Yelich, Christian",592885,593423,,foul,,,,,5.0,,R,L,R,MIL,CIN,S,,,3,2,2024,0.15,0.63,0.0220980159600212,2.664293406252117,,,661388.0,0,6,Bot,,,,,,,2.4023006586046454,-132.4346466012348,-3.098049063404302,1.3015013407047835,26.38811350775647,-24.352112661054885,3.35,1.67,165.0,63.3,52.0,90.7,2390.0,6.0,745977,571912,668715,663697,600869,682829,666181,670770,641584,54.52,,,,,,,,44,6,Cutter,1,3,1,3,3,1,1,3,Infield shade,Standard,199.0,0.0,0.0,74.5,7.2,,,0.0,88.0,-2,-2,0.334,0.334,31,32,31,33,3,2,7.0,1,6.0,1.0,2.11,-0.15,0.15,40.5,1.599052082140903,13.95571287243369,34.63719455363235,37.08183232758208,23.34955196585834
FF,2024-06-16,95.3,-1.11,5.86,"Yelich, Christian",592885,593423,,ball,,,,,11.0,,R,L,R,MIL,CIN,B,,,2,2,2024,-0.55,1.13,-1.640075520609698,3.186419399262026,,,661388.0,0,6,Bot,,,,,,,-0.1669504445690627,-138.87700844354836,-3.936573600206008,-7.069000405139103,30.568497669598194,-16.837005958973705,3.3500005930449,1.74830819557116,,,,94.8,2258.0,5.9,745977,571912,668715,663697,600869,682829,666181,670770,641584,54.6,,,,,,,,44,5,4-Seam Fastball,1,3,1,3,3,1,1,3,Infield shade,Standard,206.0,0.022,0.117,,,,,-0.117,,-2,-2,0.312,0.312,31,32,31,33,3,2,7.0,1,6.0,1.0,1.37,0.55,-0.55,43.6,,,,,
FC,2024-06-16,90.3,-1.2,5.7,"Yelich, Christian",592885,593423,,foul,,,,,6.0,,R,L,R,MIL,CIN,S,,,2,1,2024,0.13,0.51,0.7434469984107205,2.5032950579817257,,,661388.0,0,6,Bot,,,,,,,4.536359567255503,-131.51730429674103,-3.162325884858918,0.6207438390402343,25.254132284425385,-25.736564193228958,3.35,1.67,4.0,57.7,-33.0,90.2,2301.0,6.0,745977,571912,668715,663697,600869,682829,666181,670770,641584,54.55,,,,,,,,44,4,Cutter,1,3,1,3,3,1,1,3,Standard,Standard,193.0,-0.017,-0.048,76.9,8.6,,,0.048,88.0,-2,-2,0.329,0.329,31,32,31,33,3,2,7.0,1,6.0,1.0,2.25,-0.13,0.13,38.0,31.936667297205293,-27.671576249023616,34.436881966699225,29.43723772868482,43.83330453372725
FF,2024-06-16,94.7,-1.14,5.67,"Yelich, Christian",592885,593423,,ball,,,,,12.0,,R,L,R,MIL,CIN,B,,,1,1,2024,-0.54,1.25,1.550229740437636,2.675044515196423,,,661388.0,0,6,Bot,,,,,,,8.171599360967228,-137.727679351964,-4.941631110236263,-8.529405899472094,27.968603542404647,-15.342331401876846,3.35000085600446,1.73621586350889,,,,94.6,2297.0,6.0,745977,571912,668715,663697,600869,682829,666181,670770,641584,54.45,,,,,,,,44,3,4-Seam Fastball,1,3,1,3,3,1,1,3,Standard,Standard,224.0,0.012,0.043,,,,,-0.043,,-2,-2,0.317,0.317,31,32,31,33,3,2,7.0,1,6.0,1.0,1.28,0.54,-0.54,38.2,,,,,
FC,2024-06-16,89.6,-1.15,5.71,"Yelich, Christian",592885,593423,,foul,,,,,12.0,,R,L,R,MIL,CIN,S,,,1,0,2024,0.11,0.57,0.4849618452425779,3.5423115728631838,,,661388.0,0,6,Bot,,,,,,,3.7934263205463705,-130.4724506881285,-0.5952265300414572,0.4615885418605379,26.86008361727705,-25.69237016652857,3.35,1.67,106.0,75.9,83.0,89.4,2237.0,6.1,745977,571912,668715,663697,600869,682829,666181,670770,641584,54.4,,,,,,,,44,2,Cutter,1,3,1,3,3,1,1,3,Standard,Standard,188.0,-0.012,-0.049,75.4,7.2,,,0.049,88.0,-2,-2,0.329,0.329,31,32,31,33,3,2,7.0,1,6.0,1.0,2.26,-0.11,0.11,39.2,15.94834626770819,-2.923917817121203,26.299725131096466,30.51138188604753,32.097768299659656
FC,2024-06-16,89.4,-1.27,5.79,"Yelich, Christian",592885,593423,,ball,,,,,11.0,,R,L,R,MIL,CIN,B,,,0,0,2024,0.17,0.65,-0.192441441324596,3.982004766967602,,,661388.0,0,6,Bot,,,,,,,2.298789327028441,-130.2111055916074,0.1285770626012924,1.475289016869519,26.19498118319549,-24.96426809133021,3.35000113625103,1.793413210766,,,,89.2,2255.0,6.0,745977,571912,668715,663697,600869,682829,666181,670770,641584,54.51,,,,,,,,44,1,Cutter,1,3,1,3,3,1,1,3,Standard,Standard,188.0,0.009,0.041,,,,,-0.041,,-2,-2,0.32,0.32,31,32,31,33,3,2,7.0,1,6.0,1.0,2.18,-0.17,0.17,40.9,,,,,
FF,2024-06-16,96.7,-1.02,5.83,"Yelich, Christian",592885,593423,field_out,hit_into_play,,,,,6.0,"Christian Yelich grounds out, second baseman Jonathan India to first baseman Spencer Steer.",R,L,R,MIL,CIN,X,4.0,ground_ball,2,2,2024,-0.4,1.19,0.5421578187983309,2.354961536030592,,,,0,4,Bot,142.13,153.95,,,,,5.051201518080026,-140.84504014961968,-6.487776938396018,-6.37397941081627,26.18351948626397,-15.120744004392115,3.35,1.67,31.0,81.4,-2.0,97.1,2405.0,6.1,745977,571912,668715,663697,600869,682829,666181,670770,641584,54.44,0.145,0.15,0.0,1.0,0.0,0.0,2.0,28,6,4-Seam Fastball,0,3,0,3,3,0,0,3,Standard,Standard,210.0,-0.021,-0.227,72.9,6.6,,0.167,0.227,88.0,-3,-3,0.212,0.212,31,32,31,33,2,1,7.0,1,6.0,1.0,1.21,0.4,-0.4,43.4,-3.519453789907492,12.428292445334163,40.215749059404445,31.124004158103823,23.53965220814097
ST,2024-06-16,84.0,-1.0,5.75,"Yelich, Christian",592885,593423,,ball,,,,,14.0,,R,L,R,MIL,CIN,B,,,1,2,2024,0.81,0.47,0.7532843009634049,1.3616410223546866,,,,0,4,Bot,,,,,,,2.4480306283036697,-122.28793617791936,-4.67149417828367,7.637908980837812,24.64582330920718,-26.744141339362105,3.34999972552693,1.69199176481952,,,,83.6,2569.0,6.1,745977,571912,668715,663697,600869,682829,666181,670770,641584,54.43,,,,,,,,28,5,Sweeper,0,3,0,3,3,0,0,3,Standard,Standard,99.0,0.004,0.04,,,,,-0.04,,-3,-3,0.208,0.208,31,32,31,33,2,1,7.0,1,6.0,1.0,2.76,-0.81,0.81,45.5,,,,,
FF,2024-06-16,95.3,-1.03,5.68,"Yelich, Christian",592885,593423,,ball,,,,,11.0,,R,L,R,MIL,CIN,B,,,0,2,2024,-0.55,1.14,-1.2815605658452838,3.430986062128643,,,,0,4,Bot,,,,,,,0.5612692129618827,-138.88981136257448,-2.889493911220139,-7.246855377118329,28.450065333159728,-16.881073244007293,3.35000115394402,1.74838331894333,,,,95.2,2358.0,5.9,745977,571912,668715,663697,600869,682829,666181,670770,641584,54.57,,,,,,,,28,4,4-Seam Fastball,0,3,0,3,3,0,0,3,Standard,Standard,216.0,0.002,0.023,,,,,-0.023,,-3,-3,0.206,0.206,31,32,31,33,2,1,7.0,1,6.0,1.0,1.34,0.55,-0.55,34.3,,,,,
SI,2024-06-16,95.7,-0.93,5.82,"Yelich, Christian",592885,593423,,foul,,,,,5.0,,R,L,R,MIL,CIN,S,,,0,2,2024,-1.22,0.71,0.2278506677941323,2.317185602108577,,,,0,4,Bot,,,,,,,5.750997399897843,-139.41741739256625,-5.27495754775922,-17.14436629111688,27.05462630742626,-22.02158076120251,3.35,1.67,248.0,83.6,53.0,95.8,2170.0,6.0,745977,571912,668715,663697,600869,682829,666181,670770,641584,54.53,,,,,,,,28,3,Sinker,0,3,0,3,3,0,0,3,Standard,Standard,214.0,0.0,0.0,76.1,7.3,,,0.0,88.0,-3,-3,0.206,0.206,31,32,31,33,2,1,7.0,1,6.0,1.0,1.75,1.22,-1.22,40.5,5.321225765909868,6.45143954157786,37.196397732024806,34.808140789589885,26.44141199081028
FF,2024-06-16,94.7,-1.09,5.71,"Yelich, Christian",592885,593423,,foul,,,,,3.0,,R,L,R,MIL,CIN,S,,,0,1,2024,-0.47,1.28,0.6321633892339904,3.1821823300109444,,,,0,4,Bot,,,,,,,5.505081728268458,-137.88813107631134,-3.814108917639072,-7.1487028700492985,27.689255115278737,-15.183980692501711,3.35,1.67,103.0,61.3,73.0,94.5,2327.0,5.9,745977,571912,668715,663697,600869,682829,666181,670770,641584,54.57,,,,,,,,28,2,4-Seam Fastball,0,3,0,3,3,0,0,3,Standard,Standard,217.0,-0.006,-0.054,72.6,6.9,,,0.054,88.0,-3,-3,0.212,0.212,31,32,31,33,2,1,7.0,1,6.0,1.0,1.24,0.47,-0.47,38.1,10.099398025501303,7.680195540144968,33.69437681976625,30.40395063809004,27.395892418232755
SI,2024-06-16,94.6,-1.1,5.73,"Yelich, Christian",592885,593423,,called_strike,,,,,8.0,,R,L,R,MIL,CIN,S,,,0,0,2024,-1.38,0.74,0.0432232176672486,1.9247587944316664,,,,0,4,Bot,,,,,,,6.025741441098094,-137.6415656198901,-5.867254344427577,-18.93588367009457,29.71425666409163,-21.696798367282238,3.35000059454178,1.7682097002442,,,,94.2,2156.0,6.0,745977,571912,668715,663697,600869,682829,666181,670770,641584,54.48,,,,,,,,28,1,Sinker,0,3,0,3,3,0,0,3,Standard,Standard,216.0,-0.004,-0.037,,,,,0.037,,-3,-3,0.216,0.216,31,32,31,33,2,1,7.0,1,6.0,1.0,1.8,1.38,-1.38,40.0,,,,,
FF,2024-06-16,95.0,-1.1,5.84,"Yelich, Christian",592885,593423,field_out,hit_into_play,,,,,6.0,Christian Yelich flies out to right fielder Jake Fraley.,R,L,R,MIL,CIN,X,9.0,fly_ball,3,1,2024,-0.44,1.32,0.6409114033539441,2.5536413044614954,,,661388.0,1,1,Bot,148.23,79.94,,,,,5.514785835483656,-138.26682974472274,-5.907885801708103,-6.840796185104362,30.26245890474603,-14.074945264274474,3.35,1.67,301.0,82.6,29.0,94.6,2280.0,6.0,745977,571912,668715,663697,600869,682829,666181,670770,641584,54.52,0.074,0.087,0.0,1.0,0.0,0.0,3.0,7,5,4-Seam Fastball,0,1,0,1,1,0,0,1,Standard,Standard,217.0,-0.046,-0.402,73.3,7.3,,0.132,0.402,88.0,-1,-1,0.466,0.466,31,32,31,33,1,0,7.0,1,6.0,1.0,1.2,0.44,-0.44,42.7,8.2553332932879,-2.6771702530442947,39.37948797562018,29.4147286380991,28.90658802060617
FF,2024-06-16,95.1,-1.09,5.88,"Yelich, Christian",592885,593423,,foul,,,,,6.0,,R,L,R,MIL,CIN,S,,,3,0,2024,-0.39,1.33,0.4890536910612741,2.5787932071551505,,,661388.0,1,1,Bot,,,,,,,4.978664547972522,-138.37545229096494,-5.955714962678964,-6.070035858058865,30.417210912170617,-13.975868608426945,3.35,1.67,98.0,86.8,86.0,94.6,2366.0,6.0,745977,571912,668715,663697,600869,682829,666181,670770,641584,54.52,,,,,,,,7,4,4-Seam Fastball,0,1,0,1,1,0,0,1,Standard,Standard,219.0,-0.008,-0.047,83.0,8.1,,,0.047,88.0,-1,-1,0.474,0.474,31,32,31,33,1,0,7.0,1,6.0,1.0,1.19,0.39,-0.39,41.9,21.903335283675265,-13.80060376173172,36.81633496587346,31.36183424515413,36.093003492926215
FF,2024-06-16,94.7,-1.39,5.78,"Yelich, Christian",592885,593423,,ball,,,,,12.0,,R,L,R,MIL,CIN,B,,,2,0,2024,-0.44,1.23,0.8748326375284878,3.611864497816065,,,661388.0,1,1,Bot,,,,,,,6.822433184775641,-137.7835824694096,-2.758365349432933,-7.009678735648649,28.96530943098972,-16.02712943024177,3.35000157735116,1.70113297053424,,,,94.2,2337.0,5.9,745977,571912,668715,663697,600869,682829,666181,670770,641584,54.63,,,,,,,,7,3,4-Seam Fastball,0,1,0,1,1,0,0,1,Standard,Standard,216.0,0.012,0.102,,,,,-0.102,,-1,-1,0.462,0.462,31,32,31,33,1,0,7.0,1,6.0,1.0,1.3,0.44,-0.44,42.7,,,,,
FF,2024-06-16,93.6,2.81,5.09,"Yelich, Christian",592885,594580,single,hit_into_play,,,,,2.0,Christian Yelich singles on a soft bunt ground ball to first baseman Spencer Steer. Brice Turang scores.,R,L,L,MIL,CIN,X,3.0,ground_ball,0,0,2024,0.74,1.01,0.0960283441247331,3.296961717172813,668930.0,,,1,7,Bot,131.46,192.05,,,,,-8.414294894653342,-136.1544257121653,-1.1514171758134912,10.900052167920014,26.551935783023737,-19.427347268934813,3.35,1.67,12.0,33.7,-11.0,91.8,2574.0,4.9,745977,663886,668715,663697,600869,682829,656413,670770,641584,55.55,0.298,0.268,0.9,1.0,1.0,0.0,1.0,58,1,4-Seam Fastball,4,3,4,3,3,5,5,3,Strategic,Standard,115.0,0.048,0.056,3.7,0.9,,0.3,-0.056,88.0,1,1,0.839,0.839,32,32,32,33,1,3,4.0,1,3.0,1.0,1.57,0.74,0.74,20.5,-13.73373194596488,170.79968868228042,6.917057026213202,33.88210121044273,26.003701278331683
FS,2024-06-16,86.4,-1.43,5.75,"Yelich, Christian",592885,593423,,ball,,,,,13.0,,R,L,R,MIL,CIN,B,,,1,0,2024,-0.86,0.33,-1.3969272424749763,1.3529899809408428,,,661388.0,1,1,Bot,,,,,,,1.799157595414656,-125.85349646870874,-4.930079530225989,-9.45994045955432,25.355799684820237,-27.83151721870832,3.35000146379233,1.80176835086585,,,,85.9,1572.0,5.9,745977,571912,668715,663697,600869,682829,666181,670770,641584,54.6,,,,,,,,7,2,Split-Finger,0,1,0,1,1,0,0,1,Standard,Standard,230.0,0.008,0.056,,,,,-0.056,,-1,-1,0.454,0.454,31,32,31,33,1,0,7.0,1,6.0,1.0,2.71,0.86,-0.86,38.9,,,,,
FF,2024-06-16,95.3,-1.26,5.87,"Yelich, Christian",592885,593423,,ball,,,,,14.0,,R,L,R,MIL,CIN,B,,,0,0,2024,-0.47,1.2,0.3959782114484408,0.7917600541155234,,,661388.0,1,1,Bot,,,,,,,5.382299191482378,-138.4573679651827,-10.381810700396134,-7.206406760841414,28.97795336453218,-14.592492035245986,3.35000156900361,1.47140502010163,,,,95.1,2367.0,6.1,745977,571912,668715,663697,600869,682829,666181,670770,641584,54.35,,,,,,,,7,1,4-Seam Fastball,0,1,0,1,1,0,0,1,Standard,Standard,214.0,0.004,0.036,,,,,-0.036,,-1,-1,0.45,0.45,31,32,31,33,1,0,7.0,1,6.0,1.0,1.3,0.47,-0.47,40.1,,,,,
FF,2024-06-15,90.8,1.27,5.79,"Yelich, Christian",592885,671096,strikeout,swinging_strike,,,,,12.0,Christian Yelich strikes out swinging.,R,L,L,MIL,CIN,S,2.0,,0,2,2024,0.63,1.39,1.1751197606203083,4.230969642648633,,,,1,5,Bot,,,,,,,-1.5830190565867088,-132.31488261936357,-0.9650681206652444,7.690378341831826,28.706281823250503,-15.879103090612531,3.35,1.66,,,,91.5,2158.0,6.7,745976,663886,668715,663697,600869,682829,666181,670770,641584,53.83,,0.0,0.0,1.0,0.0,0.0,,39,3,4-Seam Fastball,3,0,3,0,0,3,3,0,Standard,Standard,157.0,-0.004,-0.162,41.4,4.3,1.194762636,,0.162,,3,3,0.872,0.872,25,32,25,33,3,2,7.0,1,6.0,1.0,1.37,0.63,0.63,49.4,-17.69670305683454,60.94759855324692,34.7327624250591,23.602657340908884,7.1810963157452825
ST,2024-06-15,82.6,1.63,5.7,"Yelich, Christian",592885,671096,,foul,,,,,8.0,,R,L,L,MIL,CIN,S,,,0,1,2024,-0.92,0.44,0.149869441360507,1.9923045709417568,,,,1,5,Bot,,,,,,,-1.5897238891124583,-120.31008716309177,-2.820465322264473,-8.595924238246743,23.50375957553689,-27.53670757312801,3.35,1.66,196.0,80.2,60.0,83.0,2709.0,6.5,745976,663886,668715,663697,600869,682829,666181,670770,641584,53.98,,,,,,,,39,2,Sweeper,3,0,3,0,0,3,3,0,Standard,Standard,265.0,-0.002,-0.057,73.1,7.5,,,0.057,88.0,3,3,0.874,0.874,25,32,25,33,3,2,7.0,1,6.0,1.0,2.89,-0.92,-0.92,44.3,5.7753251893055255,0.2567668932375891,38.815895569529125,36.08159638156621,33.30482032223183
ST,2024-06-15,83.9,1.58,5.66,"Yelich, Christian",592885,671096,,called_strike,,,,,6.0,,R,L,L,MIL,CIN,S,,,0,0,2024,-0.36,0.76,0.281251396395858,2.370435893678164,,,,1,5,Bot,,,,,,,-2.3282148078219675,-122.16916529440158,-2.755376613681048,-3.1152756468902014,23.636125010809742,-24.20252273453376,3.46390180053752,1.57448550935417,,,,84.7,2597.0,6.7,745976,663886,668715,663697,600869,682829,666181,670770,641584,53.75,,,,,,,,39,1,Sweeper,3,0,3,0,0,3,3,0,Standard,Standard,248.0,-0.001,-0.037,,,,,0.037,,3,3,0.875,0.875,25,32,25,33,3,2,7.0,1,6.0,1.0,2.47,-0.36,-0.36,45.4,,,,,
CH,2024-06-15,85.3,1.54,5.63,"Yelich, Christian",592885,671096,single,hit_into_play,,,,,6.0,Christian Yelich singles on a ground ball to first baseman Spencer Steer.,R,L,L,MIL,CIN,X,3.0,ground_ball,0,2,2024,1.62,0.86,0.5617593599912349,2.617026236111001,,,,2,3,Bot,168.57,155.36,,,,,-5.568840674338135,-124.1075032089482,-2.5288581690748404,17.822929559141386,25.22310890077299,-22.93844063727924,3.35,1.66,102.0,74.6,9.0,85.6,2173.0,6.5,745976,663886,668715,663697,600869,682829,666181,670770,641584,53.98,0.316,0.296,0.9,1.0,1.0,0.0,2.0,24,3,Changeup,0,0,0,0,0,0,0,0,Standard,Standard,135.0,0.019,0.431,74.6,8.0,,0.362,-0.431,88.0,0,0,0.507,0.507,25,32,25,33,2,1,7.0,1,6.0,1.0,2.27,1.62,1.62,40.9,15.161172891288256,-10.081968576734196,31.4957814802278,31.12510381873826,35.656011048911964
CH,2024-06-15,85.3,1.42,5.72,"Yelich, Christian",592885,671096,,called_strike,,,,,4.0,,R,L,L,MIL,CIN,S,,,0,1,2024,1.24,1.31,-0.3599529322034471,2.1270046726840324,,,,2,3,Bot,,,,,,,-6.722222818852399,-124.02720118174992,-4.8114419843399325,14.1952140383108,24.832777242667653,-17.854868707637156,3.35000085353533,1.4924649823976,,,,85.7,2156.0,6.6,745976,663886,668715,663697,600869,682829,666181,670770,641584,53.93,,,,,,,,24,2,Changeup,0,0,0,0,0,0,0,0,Standard,Standard,132.0,-0.003,-0.058,,,,,0.058,,0,0,0.51,0.51,25,32,25,33,2,1,7.0,1,6.0,1.0,1.83,1.24,1.24,49.3,,,,,
FF,2024-06-15,93.6,1.35,5.76,"Yelich, Christian",592885,671096,,called_strike,,,,,7.0,,R,L,L,MIL,CIN,S,,,0,0,2024,0.77,1.45,-0.4479677789125434,1.9235739587255472,,,,2,3,Bot,,,,,,,-6.375876804310568,-136.00898050916018,-7.3844442750932755,10.941456264531418,29.75108341867288,-12.783255118105773,3.52546364936005,1.67440690229993,,,,94.3,2258.0,6.8,745976,663886,668715,663697,600869,682829,666181,670770,641584,53.73,,,,,,,,24,1,4-Seam Fastball,0,0,0,0,0,0,0,0,Standard,Standard,150.0,-0.002,-0.041,,,,,0.041,,0,0,0.512,0.512,25,32,25,33,2,1,7.0,1,6.0,1.0,1.16,0.77,0.77,50.0,,,,,
FF,2024-06-15,94.2,1.43,5.81,"Yelich, Christian",592885,671096,single,hit_into_play,,,,,2.0,Christian Yelich singles on a ground ball to left fielder Will Benson.,R,L,L,MIL,CIN,X,7.0,ground_ball,0,0,2024,0.8,1.35,0.0770655122726957,3.131280160748616,,,,2,1,Bot,87.66,118.04,,,,,-5.336155241178083,-137.10009688780454,-4.300739260208777,11.298605169584125,29.00641008427412,-14.419702794822742,3.35,1.66,89.0,85.7,5.0,95.1,2349.0,6.7,745976,663886,668715,663697,600869,682829,666181,670770,641584,53.81,0.416,0.403,0.9,1.0,1.0,0.0,4.0,7,1,4-Seam Fastball,0,0,0,0,0,0,0,0,Standard,Standard,155.0,0.012,0.333,68.3,6.3,,0.485,-0.333,88.0,0,0,0.51,0.51,25,32,25,33,1,0,7.0,1,6.0,1.0,1.21,0.8,0.8,48.4,-2.85094815555056,23.662210402695983,33.922029464803764,35.818060186785466,17.92714784866177
SI,2024-06-15,90.6,3.23,6.04,"Yelich, Christian",592885,608718,field_out,hit_into_play,,,,,8.0,"Christian Yelich grounds out, shortstop Elly De La Cruz to first baseman Jeimer Candelario.",R,L,L,MIL,CIN,X,6.0,ground_ball,2,2,2024,0.84,0.86,-0.1852702184021882,2.181291063454796,,,,1,8,Bot,122.7,165.87,,,,,-10.533785754346637,-131.51608303665986,-5.667798801089156,11.879698396677044,25.828552005561065,-21.11599055325141,3.35,1.66,2.0,82.2,-50.0,92.6,2078.0,7.5,745976,663886,600869,663697,669289,682829,668715,670770,656413,53.03,0.22,0.198,0.0,1.0,0.0,0.0,2.0,58,9,Sinker,3,0,3,0,0,3,3,0,Standard,Standard,159.0,-0.003,-0.225,69.2,6.8,,0.222,0.225,88.0,3,3,0.97,0.97,34,32,35,33,1,3,4.0,1,2.0,1.0,1.91,0.84,0.84,53.1,-7.819485520297213,25.94341811066117,36.49721790849166,42.22957930915776,10.476211881266517
SL,2024-06-15,78.1,3.42,6.29,"Yelich, Christian",592885,608718,,foul,,,,,5.0,,R,L,L,MIL,CIN,S,,,2,2,2024,-0.55,-0.28,0.0171980881165609,2.1980723517178835,,,,1,8,Bot,,,,,,,-6.3940560791988,-113.66118140750989,-1.4333463634359012,-3.622040752641481,20.492692927382205,-34.52636545116827,3.35,1.66,2.0,82.4,-57.0,79.2,2359.0,7.0,745976,663886,600869,663697,669289,682829,668715,670770,656413,53.51,,,,,,,,58,8,Slider,3,0,3,0,0,3,3,0,Standard,Standard,295.0,0.0,0.0,72.7,7.5,,,0.0,88.0,3,3,0.97,0.97,34,32,35,33,1,3,4.0,1,2.0,1.0,4.01,-0.55,-0.55,51.1,12.714302778565754,-1.2306232983727616,32.155763549706535,37.90722879932346,32.608664263379644
FF,2024-06-15,90.4,3.19,6.07,"Yelich, Christian",592885,608718,,foul,,,,,5.0,,R,L,L,MIL,CIN,S,,,2,2,2024,-0.31,1.12,-0.2514411917924317,2.6455083851488626,,,,1,8,Bot,,,,,,,-8.07686207617719,-131.35931472711442,-5.071781072150232,-1.872108699025029,27.60481485274531,-18.28781011127805,3.35,1.66,202.0,76.7,21.0,92.2,2277.0,7.4,745976,663886,600869,663697,669289,682829,668715,670770,656413,53.06,,,,,,,,58,7,4-Seam Fastball,3,0,3,0,0,3,3,0,Standard,Standard,179.0,0.0,0.0,68.1,6.3,,,0.0,88.0,3,3,0.97,0.97,34,32,35,33,1,3,4.0,1,2.0,1.0,1.67,-0.31,-0.31,54.7,-14.4464580387892,30.62452958329293,36.5431721478196,43.07986252153982,7.0294271547172205
SI,2024-06-15,89.8,3.24,6.1,"Yelich, Christian",592885,608718,,foul,,,,,12.0,,R,L,L,MIL,CIN,S,,,2,2,2024,0.95,1.23,0.943637680171035,3.2633251332874726,,,,1,8,Bot,,,,,,,-7.855126900144173,-130.6346044593932,-3.714956143753657,12.4826127359684,26.344880643211237,-17.49110401668802,3.35,1.66,40.0,73.2,-2.0,91.7,2058.0,7.3,745976,663886,600869,663697,669289,682829,668715,670770,656413,53.16,,,,,,,,58,6,Sinker,3,0,3,0,0,3,3,0,Standard,Standard,187.0,0.0,0.0,,,,,0.0,88.0,3,3,0.97,0.97,34,32,35,33,1,3,4.0,1,2.0,1.0,1.59,0.95,0.95,51.9,,,,,
SI,2024-06-15,88.7,3.36,6.08,"Yelich, Christian",592885,608718,,foul,,,,,12.0,,R,L,L,MIL,CIN,S,,,2,2,2024,0.94,1.13,0.2474425015556939,3.481934548795054,,,,1,8,Bot,,,,,,,-9.744930502912696,-128.85732109062957,-2.7371255248136697,12.419857735460084,24.54005688533002,-19.123677062618853,3.35,1.66,255.0,86.8,22.0,90.4,2059.0,7.3,745976,663886,600869,663697,669289,682829,668715,670770,656413,53.24,,,,,,,,58,5,Sinker,3,0,3,0,0,3,3,0,Standard,Standard,162.0,0.0,0.0,59.5,5.4,,,0.0,88.0,3,3,0.97,0.97,34,32,35,33,1,3,4.0,1,2.0,1.0,1.75,0.94,0.94,52.2,-14.008192260922096,42.52949956476909,33.96063004498,36.53956725448774,7.7134498892310095
CH,2024-06-15,73.5,3.49,6.17,"Yelich, Christian",592885,608718,,ball,,,,,13.0,,R,L,L,MIL,CIN,B,,,1,2,2024,0.74,0.98,-0.4080065019238911,1.2708222397067577,,,,1,8,Bot,,,,,,,-9.225439989657032,-106.7496782942023,-4.370166038351066,7.115224581479119,16.673627623753507,-24.121868608488725,3.35000115356625,1.6729145194758,,,,74.2,1647.0,6.7,745976,663886,600869,663697,669289,682829,668715,670770,656413,53.77,,,,,,,,58,4,Changeup,3,0,3,0,0,3,3,0,Standard,Standard,158.0,0.001,0.043,,,,,-0.043,,3,3,0.969,0.969,34,32,35,33,1,3,4.0,1,2.0,1.0,3.23,0.74,0.74,52.2,,,,,
SL,2024-06-15,80.2,3.54,6.32,"Yelich, Christian",592885,608718,,called_strike,,,,,3.0,,R,L,L,MIL,CIN,S,,,1,1,2024,-0.26,0.01,0.5753899459402082,3.196460775136552,,,,1,8,Bot,,,,,,,-6.174219016832944,-116.6470221390092,-0.20981011977583,-1.2178452306280272,21.45780758425163,-32.29093613446908,3.3499999240528,1.7017564594221,,,,81.5,2215.0,7.2,745976,663886,600869,663697,669289,682829,668715,670770,656413,53.33,,,,,,,,58,3,Slider,3,0,3,0,0,3,3,0,Standard,Standard,263.0,-0.001,-0.061,,,,,0.061,,3,3,0.97,0.97,34,32,35,33,1,3,4.0,1,2.0,1.0,3.53,-0.26,-0.26,53.1,,,,,
SL,2024-06-15,80.8,3.45,6.26,"Yelich, Christian",592885,608718,,ball,,,,,13.0,,R,L,L,MIL,CIN,B,,,0,1,2024,-0.37,-0.08,-0.8746199571596596,1.0466772584204276,,,,1,8,Bot,,,,,,,-9.02981153637315,-117.39706738506224,-4.875488017205804,-1.7392979449279016,21.406582212873555,-32.1487263196531,3.34999994609424,1.56742012880416,,,,81.7,2250.0,6.9,745976,663886,600869,663697,669289,682829,668715,670770,656413,53.59,,,,,,,,58,2,Slider,3,0,3,0,0,3,3,0,Standard,Standard,274.0,0.0,0.024,,,,,-0.024,,3,3,0.97,0.97,34,32,35,33,1,3,4.0,1,2.0,1.0,3.57,-0.37,-0.37,52.2,,,,,
FF,2024-06-15,86.7,3.17,6.07,"Yelich, Christian",592885,608718,,called_strike,,,,,9.0,,R,L,L,MIL,CIN,S,,,0,0,2024,-0.13,1.04,0.3208023039115846,1.8381652271460664,,,,1,8,Bot,,,,,,,-6.661594476214445,-126.15304119046222,-6.250910163062662,-0.2319893041615752,21.74420257556228,-19.982029687406065,3.43081850469331,1.567304034209,,,,88.8,2155.0,7.3,745976,663886,600869,663697,669289,682829,668715,670770,656413,53.23,,,,,,,,58,1,4-Seam Fastball,3,0,3,0,0,3,3,0,Standard,Standard,173.0,0.0,-0.037,,,,,0.037,,3,3,0.97,0.97,34,32,35,33,1,3,4.0,1,2.0,1.0,1.95,-0.13,-0.13,58.2,,,,,
FF,2024-06-14,97.9,-1.75,6.07,"Yelich, Christian",592885,668881,single,hit_into_play,,,,,6.0,"Christian Yelich singles on a line drive to center fielder TJ Friedl, deflected by shortstop Elly De La Cruz. William Contreras to 3rd.",R,L,R,MIL,CIN,X,6.0,line_drive,0,1,2024,-0.56,1.36,0.3167246537657487,2.307914985883537,,,661388.0,1,5,Bot,111.86,120.52,,,,,6.867511471736779,-142.31168474137078,-7.825354594332978,-9.16042274172596,32.848496700149944,-12.02172811625068,3.34,1.68,182.0,93.0,11.0,98.1,2368.0,6.5,745979,663886,668715,663697,600869,682829,674441,670770,666181,54.05,0.816,0.757,0.9,1.0,1.0,0.0,4.0,46,2,4-Seam Fastball,1,5,1,5,5,1,1,5,Standard,Standard,212.0,0.058,0.446,72.4,6.8,,0.908,-0.446,93.0,-4,-4,0.121,0.121,24,32,25,33,3,2,8.0,2,5.0,1.0,1.02,0.56,-0.56,38.5,-1.484536809527332,14.856529963025292,38.87995420954252,33.574492572492126,22.873453009373293
SL,2024-06-14,87.6,-2.23,5.61,"Yelich, Christian",592885,668881,,foul,,,,,8.0,,R,L,R,MIL,CIN,S,,,0,0,2024,0.47,0.19,-0.2392342466450018,2.102564728809689,,,661388.0,1,5,Bot,,,,,,,3.855866967991624,-127.71245680690215,-2.827603086193621,4.438381716164792,23.268235486940807,-29.7725001435,3.34,1.68,2.0,74.7,-47.0,88.4,2347.0,6.4,745979,663886,668715,663697,600869,682829,674441,670770,666181,54.09,,,,,,,,46,1,Slider,1,5,1,5,5,1,1,5,Standard,Standard,124.0,-0.004,-0.04,70.5,8.2,,,0.04,88.0,-4,-4,0.125,0.125,24,32,25,33,3,2,8.0,2,5.0,1.0,2.74,-0.47,0.47,26.2,17.540729909074006,1.8595763548109137,31.80175830677157,39.73015109205106,29.264086659074056
CU,2024-06-14,82.9,-1.92,5.96,"Yelich, Christian",592885,668881,field_out,hit_into_play,,,,,8.0,Christian Yelich flies out to right fielder Will Benson.,R,L,R,MIL,CIN,X,9.0,fly_ball,1,0,2024,0.89,0.28,0.08586183887483,2.180918722248807,,,,1,3,Bot,142.51,114.03,,,,,2.869974050383706,-120.7558589396602,-2.753042593976683,8.14137033586652,22.753498781836225,-29.08796620970755,3.34,1.68,218.0,97.0,58.0,83.4,2464.0,6.5,745979,663886,668715,663697,600869,682829,674441,670770,666181,54.03,0.013,0.016,0.0,1.0,0.0,0.0,3.0,24,2,Curveball,1,1,1,1,1,1,1,1,Standard,Standard,80.0,-0.021,-0.295,81.1,8.5,,0.024,0.295,97.0,0,0,0.533,0.533,24,32,25,33,2,1,8.0,2,5.0,1.0,3.02,-0.89,0.89,39.8,24.708938345659817,-13.47808580567725,35.920071935481765,37.3764951193136,41.89477247683113
FF,2024-06-14,97.8,-1.63,6.07,"Yelich, Christian",592885,668881,,ball,,,,,12.0,,R,L,R,MIL,CIN,B,,,0,0,2024,-0.6,1.43,1.242612466537365,3.632358744576751,,,,1,3,Bot,,,,,,,9.147459144526652,-142.14158376187737,-4.371036542723439,-10.319620518470886,33.16906144156872,-11.948768183144638,3.46695111983779,1.64845244300379,,,,97.7,2409.0,6.4,745979,663886,668715,663697,600869,682829,674441,670770,666181,54.13,,,,,,,,24,1,4-Seam Fastball,1,1,1,1,1,1,1,1,Standard,Standard,214.0,0.003,0.039,,,,,-0.039,,0,0,0.53,0.53,24,32,25,33,2,1,8.0,2,5.0,1.0,0.96,0.6,-0.6,36.8,,,,,
FF,2024-06-14,99.6,-2.21,5.63,"Yelich, Christian",592885,668881,strikeout,swinging_strike,,,,,2.0,Christian Yelich strikes out swinging.,R,L,R,MIL,CIN,S,2.0,,0,2,2024,-1.33,1.32,-0.1697460825722607,3.2598923530452524,,,661388.0,1,1,Bot,,,,,,,8.742645389198525,-144.74734441709944,-4.190169247524596,-20.755548224329782,35.20279225624394,-12.865702940504562,3.34,1.68,,,,99.7,2565.0,6.5,745979,663886,668715,663697,600869,682829,674441,670770,666181,53.98,,0.0,0.0,1.0,0.0,0.0,,7,3,4-Seam Fastball,0,0,0,0,0,0,0,0,Standard,Standard,229.0,-0.017,-0.159,,,,,0.159,,0,0,0.539,0.539,24,32,25,33,1,0,8.0,2,5.0,1.0,0.99,1.33,-1.33,24.1,,,,,
FF,2024-06-14,96.5,1.46,6.28,"Yelich, Christian",592885,458677,walk,ball,,,,,13.0,Christian Yelich walks.,R,L,L,MIL,CIN,B,,,3,2,2024,0.57,1.54,-1.3333657273011408,1.9428999736159245,,,,0,7,Bot,,,,,,,-8.710156262862645,-140.08739283317675,-9.469639221173257,9.426421107333864,30.394756525848774,-9.8331494462601,3.33999995248494,1.74652415401221,,,,96.6,2315.0,6.4,745979,663886,668715,663697,600869,682829,674441,670770,666181,54.14,,0.689131,0.7,1.0,0.0,0.0,,63,9,4-Seam Fastball,3,6,3,6,6,3,3,6,Standard,Standard,154.0,0.043,0.371,,,,,-0.371,,-3,-3,0.136,0.136,36,32,37,33,1,3,3.0,2,8.0,1.0,0.91,0.57,0.57,52.7,,,,,
FF,2024-06-14,95.8,1.51,6.29,"Yelich, Christian",592885,458677,,foul,,,,,1.0,,R,L,L,MIL,CIN,S,,,3,2,2024,0.52,1.59,-0.8196138546838363,3.354567440045132,,,,0,7,Bot,,,,,,,-7.313805653962869,-139.33235648784392,-5.762192035039638,8.275955510848554,28.89923906783565,-10.29882660071262,3.34,1.68,143.0,80.4,20.0,96.0,2265.0,6.2,745979,663886,668715,663697,600869,682829,674441,670770,666181,54.26,,,,,,,,63,8,4-Seam Fastball,3,6,3,6,6,3,3,6,Standard,Standard,159.0,0.0,0.0,65.0,6.7,,,0.0,88.0,-3,-3,0.136,0.136,36,32,37,33,1,3,3.0,2,8.0,1.0,0.88,0.52,0.52,51.4,-3.3696753905638968,26.23207970584217,28.580544899164156,47.895943064816805,8.347591705125868
FF,2024-06-14,97.7,-2.17,5.93,"Yelich, Christian",592885,668881,,swinging_strike,,,,,12.0,,R,L,R,MIL,CIN,S,,,0,1,2024,-0.97,1.42,0.2659746067546215,3.4649779641843126,,,661388.0,1,1,Bot,,,,,,,8.783872016209227,-142.00573928787514,-4.380979141285607,-15.119829560839529,34.00800102413751,-12.156607574168069,3.34,1.68,,,,97.6,2472.0,6.4,745979,663886,668715,663697,600869,682829,674441,670770,666181,54.12,,,,,,,,7,2,4-Seam Fastball,0,0,0,0,0,0,0,0,Standard,Standard,215.0,-0.008,-0.052,70.4,6.2,0.959742372,,0.052,,0,0,0.547,0.547,24,32,25,33,1,0,8.0,2,5.0,1.0,0.98,0.97,-0.97,31.3,4.525788987933581,19.828220353217255,31.893690295205616,33.47781169846105,16.064827591439872
FF,2024-06-14,95.9,1.97,6.08,"Yelich, Christian",592885,458677,,foul,,,,,3.0,,R,L,L,MIL,CIN,S,,,3,2,2024,0.84,1.35,0.6462302090227331,3.1978326623259727,,,,0,7,Bot,,,,,,,-5.384650734868527,-139.64486961268207,-5.094401594962921,12.14362104004976,30.008327072664404,-13.565102202183152,3.34,1.68,214.0,70.6,32.0,95.9,2234.0,6.2,745979,663886,668715,663697,600869,682829,674441,670770,666181,54.35,,,,,,,,63,7,4-Seam Fastball,3,6,3,6,6,3,3,6,Standard,Standard,151.0,0.0,0.0,63.3,5.8,,,0.0,88.0,-3,-3,0.136,0.136,36,32,37,33,1,3,3.0,2,8.0,1.0,1.12,0.84,0.84,40.3,-8.119848366877063,22.397501002211733,36.85799618853429,29.96386899959497,14.745717699883212
FF,2024-06-14,98.2,-2.37,5.74,"Yelich, Christian",592885,668881,,foul,,,,,1.0,,R,L,R,MIL,CIN,S,,,0,0,2024,-0.74,1.3,-0.5889688517519803,3.1144742355164463,,,661388.0,1,1,Bot,,,,,,,6.57040634088224,-142.82388692690878,-4.656770332004556,-11.622536435914885,31.700423435665154,-13.53991334322054,3.34,1.68,292.0,88.3,41.0,98.7,2419.0,6.5,745979,663886,668715,663697,600869,682829,674441,670770,666181,53.96,,,,,,,,7,1,4-Seam Fastball,0,0,0,0,0,0,0,0,Standard,Standard,219.0,-0.004,-0.04,62.8,6.7,,,0.04,88.3,0,0,0.551,0.551,24,32,25,33,1,0,8.0,2,5.0,1.0,1.06,0.74,-0.74,28.6,-5.862550087043173,22.278271254039936,31.03877140385925,43.63395335976983,12.353856649031048
FC,2024-06-14,92.1,1.97,6.08,"Yelich, Christian",592885,458677,,ball,,,,,13.0,,R,L,L,MIL,CIN,B,,,2,2,2024,-0.44,0.62,-0.6234759462543047,1.119985738584458,,,,0,7,Bot,,,,,,,-5.63645171775524,-133.96297849663776,-8.152189271826838,-4.221083731627341,25.76440187545494,-23.25451505155894,3.34000027717045,1.62462773611085,,,,92.6,2391.0,6.3,745979,663886,668715,663697,600869,682829,674441,670770,666181,54.16,,,,,,,,63,6,Cutter,3,6,3,6,6,3,3,6,Standard,Standard,179.0,0.012,0.107,,,,,-0.107,,-3,-3,0.124,0.124,36,32,37,33,1,3,3.0,2,8.0,1.0,2.05,-0.44,-0.44,45.0,,,,,
FC,2024-06-14,92.3,1.7,6.2,"Yelich, Christian",592885,458677,,foul,,,,,2.0,,R,L,L,MIL,CIN,S,,,2,2,2024,-0.47,0.78,-0.0652290495046625,2.840749082000201,,,,0,7,Bot,,,,,,,-3.486988218586601,-134.51946641201522,-4.499754922233506,-5.018947481513775,26.435901364192684,-21.980696998215148,3.34,1.68,195.0,73.4,31.0,92.7,2342.0,6.2,745979,663886,668715,663697,600869,682829,674441,670770,666181,54.25,,,,,,,,63,5,Cutter,3,6,3,6,6,3,3,6,Standard,Standard,176.0,0.0,0.0,74.1,7.2,,,0.0,88.0,-3,-3,0.124,0.124,36,32,37,33,1,3,3.0,2,8.0,1.0,1.87,-0.47,-0.47,47.8,3.458742040853159,5.170283263075559,33.26560349341797,38.84728158273572,24.515965651302636
SL,2024-06-14,89.8,1.72,6.16,"Yelich, Christian",592885,458677,,ball,,,,,13.0,,R,L,L,MIL,CIN,B,,,1,2,2024,-0.2,0.2,-1.5704598505661662,0.5945784548443882,,,,0,7,Bot,,,,,,,-7.718573319505253,-130.46577741507215,-8.28650814061512,-0.8611755233271248,24.074948462628004,-28.43661295249104,3.34000002006848,1.61225193231486,,,,90.3,2363.0,6.4,745979,663886,668715,663697,600869,682829,674441,670770,666181,54.11,,,,,,,,63,4,Slider,3,6,3,6,6,3,3,6,Standard,Standard,185.0,0.004,0.04,,,,,-0.04,,-3,-3,0.12,0.12,36,32,37,33,1,3,3.0,2,8.0,1.0,2.6,-0.2,-0.2,49.2,,,,,
FF,2024-06-14,95.5,1.25,6.51,"Yelich, Christian",592885,458677,,ball,,,,,11.0,,R,L,L,MIL,CIN,B,,,0,2,2024,0.31,1.53,-1.35895809074025,5.826098911454401,,,,0,7,Bot,,,,,,,-7.539401883102482,-138.94316421584952,0.3588550322058814,5.707544682662968,30.64459210446048,-12.604299236399838,3.24232562331379,1.59503293587716,,,,95.1,2252.0,6.0,745979,663886,668715,663697,600869,682829,674441,670770,666181,54.48,,,,,,,,63,3,4-Seam Fastball,3,6,3,6,6,3,3,6,Standard,Standard,161.0,0.003,0.023,,,,,-0.023,,-3,-3,0.117,0.117,36,32,37,33,1,3,3.0,2,8.0,1.0,0.97,0.31,0.31,55.4,,,,,
FF,2024-06-14,93.8,-2.27,4.25,"Yelich, Christian",592885,664747,single,hit_into_play,,,,,1.0,Christian Yelich singles on a ground ball to left fielder Jacob Hurtubise.,R,L,R,MIL,CIN,X,7.0,ground_ball,1,1,2024,-0.96,0.99,-0.3801698252226633,3.128866069652444,,,,0,9,Bot,55.69,127.52,,,,,7.229292547904388,-136.48727733760376,0.6712612235558582,-13.630970168465302,29.96684178472797,-20.15752208824233,3.34,1.68,7.0,102.4,-25.0,96.6,2583.0,7.9,745979,663886,668715,663697,600869,682829,674441,670770,666181,52.64,0.174,0.161,0.9,1.0,1.0,0.0,2.0,78,3,4-Seam Fastball,3,6,3,6,6,3,3,6,Standard,Standard,237.0,0.05,0.46,,,,0.196,-0.46,102.4,-3,-3,0.042,0.042,27,32,28,33,1,4,2.0,2,4.0,1.0,1.6,0.96,-0.96,7.9,,,,,
FF,2024-06-14,93.7,-2.19,4.33,"Yelich, Christian",592885,664747,,foul,,,,,3.0,,R,L,R,MIL,CIN,S,,,1,0,2024,-0.6,1.22,0.6477418472543052,2.965549584000468,,,,0,9,Bot,,,,,,,8.935304553019574,-136.3217392961844,-0.494802173587004,-9.41798481435504,28.59422345146289,-17.04794376343666,3.34,1.68,142.0,75.3,13.0,96.6,2702.0,7.9,745979,663886,668715,663697,600869,682829,674441,670770,666181,52.64,,,,,,,,78,2,4-Seam Fastball,3,6,3,6,6,3,3,6,Standard,Standard,223.0,-0.006,-0.049,75.2,7.0,,,0.049,88.0,-3,-3,0.048,0.048,27,32,28,33,1,4,2.0,2,4.0,1.0,1.37,0.6,-0.6,7.9,5.550151593191696,12.007971161101205,35.58519086498025,29.9987978139144,24.38625419215922
FF,2024-06-14,95.9,1.43,6.37,"Yelich, Christian",592885,458677,,foul,,,,,4.0,,R,L,L,MIL,CIN,S,,,0,1,2024,0.36,1.57,-0.6756637867266917,2.439678556080556,,,,0,7,Bot,,,,,,,-6.327964548812939,-139.30200894935012,-8.286213527307812,6.079441371989823,30.77278702384224,-10.050453950295289,3.34,1.68,233.0,90.4,53.0,95.4,2335.0,6.1,745979,663886,668715,663697,600869,682829,674441,670770,666181,54.42,,,,,,,,63,2,4-Seam Fastball,3,6,3,6,6,3,3,6,Standard,Standard,159.0,-0.007,-0.054,75.4,7.8,,,0.054,90.4,-3,-3,0.124,0.124,36,32,37,33,1,3,3.0,2,8.0,1.0,0.91,0.36,0.36,51.0,9.696201572651889,4.529775556845096,31.691131012360326,45.91026654097795,28.52246037383465
SL,2024-06-14,88.0,1.95,6.25,"Yelich, Christian",592885,458677,,swinging_strike,,,,,8.0,,R,L,L,MIL,CIN,S,,,0,0,2024,-0.26,0.12,0.1529266716670938,2.0233633560489994,,,,0,7,Bot,,,,,,,-3.821255728374869,-128.18534056822023,-4.46122855981864,-2.1214115796293678,24.476026639042257,-30.172120429537223,3.34,1.68,,,,88.1,2367.0,6.1,745979,663886,668715,663697,600869,682829,674441,670770,666181,54.36,,,,,,,,63,1,Slider,3,6,3,6,6,3,3,6,Standard,Standard,221.0,-0.004,-0.037,75.0,8.2,1.037766396,,0.037,,-3,-3,0.128,0.128,36,32,37,33,1,3,3.0,2,8.0,1.0,2.8,-0.26,-0.26,46.8,24.62760146189928,-19.54332311866666,33.55268562907118,34.89496788303909,46.31420756545524
FF,2024-06-14,94.0,-2.32,4.34,"Yelich, Christian",592885,664747,,ball,,,,,11.0,,R,L,R,MIL,CIN,B,,,0,0,2024,-1.05,1.04,-1.167771665072999,3.6533014158044175,,,,0,9,Bot,,,,,,,5.451818633759321,-136.78951661186414,1.6669678342240637,-14.353185023070266,28.591425176582412,-19.58778263309878,3.07062690707292,1.62261272301247,,,,96.7,2584.0,7.7,745979,663886,668715,663697,600869,682829,674441,670770,666181,52.79,,,,,,,,78,1,4-Seam Fastball,3,6,3,6,6,3,3,6,Standard,Standard,237.0,0.005,0.038,,,,,-0.038,,-3,-3,0.043,0.043,27,32,28,33,1,4,2.0,2,4.0,1.0,1.53,1.05,-1.05,6.5,,,,,
SI,2024-06-12,94.3,-1.89,5.16,"Yelich, Christian",592885,605135,walk,ball,,,,,14.0,Christian Yelich walks.,R,L,R,MIL,TOR,B,,,3,1,2024,-1.37,0.45,1.0682030253356107,2.371898457470997,,,,1,5,Bot,,,,,,,10.745059283046992,-137.04251343523407,-2.5922522983662954,-19.469108343691808,27.03371342993966,-26.142777968315915,3.34000021144701,1.72527277921754,,,,95.0,2255.0,6.5,745978,672386,687462,643396,676391,666182,676914,662139,543807,54.0,,0.689131,0.7,1.0,0.0,0.0,,38,5,Sinker,0,1,0,1,1,0,0,1,Infield shade,Strategic,224.0,0.023,0.256,,,,,-0.256,,-1,-1,0.397,0.397,35,32,35,33,3,2,5.0,1,6.0,2.0,2.1,1.37,-1.37,28.7,,,,,
FC,2024-06-12,90.3,-1.65,5.46,"Yelich, Christian",592885,605135,,ball,,,,,12.0,,R,L,R,MIL,TOR,B,,,2,1,2024,0.16,0.66,1.472929914472591,3.587512165748845,,,,1,5,Bot,,,,,,,7.44216852706142,-131.33687427574347,-0.1540982628895034,0.3681843013936867,26.34240084883877,-24.62985724766667,3.3400001747038,1.76495238845847,,,,90.8,2303.0,6.5,745978,672386,687462,643396,676391,666182,676914,662139,543807,54.03,,,,,,,,38,4,Cutter,0,1,0,1,1,0,0,1,Infield shade,Strategic,199.0,0.011,0.122,,,,,-0.122,,-1,-1,0.386,0.386,35,32,35,33,3,2,5.0,1,6.0,2.0,2.12,-0.16,0.16,35.9,,,,,
ST,2024-06-12,74.4,-1.78,5.12,"Yelich, Christian",592885,605135,,ball,,,,,14.0,,R,L,R,MIL,TOR,B,,,1,1,2024,1.56,-0.56,0.1407400753867065,1.0950734208697377,,,,1,5,Bot,,,,,,,1.2125431963164204,-108.38634224087184,-0.0270619604897923,11.975751844139005,20.543218766948897,-36.7595190237023,3.34000009613614,1.63180852814189,,,,74.0,2493.0,6.1,745978,672386,687462,643396,676391,666182,676914,662139,543807,54.4,,,,,,,,38,3,Sweeper,0,1,0,1,1,0,0,1,Infield shade,Standard,65.0,0.005,0.059,,,,,-0.059,,-1,-1,0.381,0.381,35,32,35,33,3,2,5.0,1,6.0,2.0,4.69,-1.56,1.56,26.8,,,,,
FC,2024-06-12,90.9,-1.83,5.41,"Yelich, Christian",592885,605135,,foul,,,,,12.0,,R,L,R,MIL,TOR,S,,,1,0,2024,-0.19,0.88,0.3770698186220063,3.499719280502333,,,,1,5,Bot,,,,,,,5.976610137033065,-132.3056906559176,-0.7823782587469047,-3.530982936082567,27.34015214402024,-21.838226005686924,3.34,1.68,,,,91.5,2295.0,6.5,745978,672386,687462,643396,676391,666182,676914,662139,543807,53.95,,,,,,,,38,2,Cutter,0,1,0,1,1,0,0,1,Infield shade,Standard,206.0,-0.005,-0.051,,,,,0.051,,-1,-1,0.386,0.386,35,32,35,33,3,2,5.0,1,6.0,2.0,1.87,0.19,-0.19,33.1,,,,,
CU,2024-06-12,71.1,-1.53,5.63,"Yelich, Christian",592885,605135,,ball,,,,,13.0,,R,L,R,MIL,TOR,B,,,0,0,2024,1.32,-1.13,-2.127685618505853,2.398338372004166,,,,1,5,Bot,,,,,,,-3.393818859940696,-103.3353822326564,3.239226782829616,10.03424733978184,19.681298902355035,-41.0486951869299,3.33999855085164,1.58553484989805,,,,70.6,2333.0,6.3,745978,672386,687462,643396,676391,666182,676914,662139,543807,54.21,,,,,,,,38,1,Curveball,0,1,0,1,1,0,0,1,Standard,Standard,44.0,0.004,0.039,,,,,-0.039,,-1,-1,0.382,0.382,35,32,35,33,3,2,5.0,1,6.0,2.0,5.7,-1.32,1.32,41.0,,,,,
SI,2024-06-12,94.1,-1.45,5.53,"Yelich, Christian",592885,605135,strikeout,called_strike,,,,,3.0,Christian Yelich called out on strikes.,R,L,R,MIL,TOR,S,2.0,,2,2,2024,-1.3,0.57,0.6928393629665808,3.4206597558682037,,,,1,3,Bot,,,,,,,8.432811613413438,-136.82732571108411,-1.04928854887654,-18.173231901214848,28.492787572908327,-24.932437511552692,3.34000148143235,1.72090050090091,,,,94.3,2237.0,6.3,745978,672386,687462,643396,676391,666182,676914,662139,543807,54.15,,0.0,0.0,1.0,0.0,0.0,,23,6,Sinker,0,1,0,1,1,0,0,1,Standard,Standard,222.0,-0.016,-0.225,,,,,0.225,,-1,-1,0.406,0.406,35,32,35,33,2,1,5.0,1,6.0,2.0,1.99,1.3,-1.3,37.7,,,,,
FC,2024-06-12,90.1,-1.63,5.44,"Yelich, Christian",592885,605135,,foul,,,,,2.0,,R,L,R,MIL,TOR,S,,,2,2,2024,0.06,0.78,0.0519537986333671,3.12776052152235,,,,1,3,Bot,,,,,,,4.063043404965281,-131.20089785168366,-1.4561278048867805,-0.1882586904687743,27.618433911810964,-23.010910794364097,3.34,1.68,,,,90.3,2315.0,6.4,745978,672386,687462,643396,676391,666182,676914,662139,543807,54.11,,,,,,,,23,5,Cutter,0,1,0,1,1,0,0,1,Standard,Standard,209.0,0.0,0.0,70.9,6.2,,,0.0,,-1,-1,0.406,0.406,35,32,35,33,2,1,5.0,1,6.0,2.0,2.02,-0.06,0.06,37.0,-9.811616532202152,31.365868273355986,32.54580085944756,36.17986568920996,13.093150303352504
SI,2024-06-12,92.6,-2.01,5.29,"Yelich, Christian",592885,605135,,called_strike,,,,,8.0,,R,L,R,MIL,TOR,S,,,2,1,2024,-1.37,0.71,-0.127911728461106,1.7351214348581487,,,,1,3,Bot,,,,,,,7.797690745172121,-134.53815081950236,-4.79202750441885,-18.37874343522714,29.353915051540376,-22.7205725515334,3.34000021310928,1.53910423111601,,,,92.6,2110.0,6.4,745978,672386,687462,643396,676391,666182,676914,662139,543807,54.1,,,,,,,,23,4,Sinker,0,1,0,1,1,0,0,1,Infield shade,Standard,218.0,-0.006,-0.078,,,,,0.078,,-1,-1,0.412,0.412,35,32,35,33,2,1,5.0,1,6.0,2.0,1.96,1.37,-1.37,31.1,,,,,
FC,2024-06-12,90.3,-1.74,5.39,"Yelich, Christian",592885,605135,,ball,,,,,12.0,,R,L,R,MIL,TOR,B,,,1,1,2024,0.14,0.68,1.2202515544957702,2.4674223945085663,,,,1,3,Bot,,,,,,,7.084220775893549,-131.33539189660823,-2.801153712703808,0.2174033907783426,26.37869439066298,-23.917329053956877,3.33999960064793,1.57384814386626,,,,90.6,2326.0,6.4,745978,672386,687462,643396,676391,666182,676914,662139,543807,54.12,,,,,,,,23,3,Cutter,0,1,0,1,1,0,0,1,Standard,Standard,199.0,0.004,0.059,,,,,-0.059,,-1,-1,0.408,0.408,35,32,35,33,2,1,5.0,1,6.0,2.0,2.11,-0.14,0.14,36.0,,,,,
FC,2024-06-12,88.9,-1.73,5.47,"Yelich, Christian",592885,605135,,called_strike,,,,,6.0,,R,L,R,MIL,TOR,S,,,1,0,2024,0.3,0.62,0.5166962998492739,2.1766134391263225,,,,1,3,Bot,,,,,,,4.901605638626928,-129.48897295405382,-3.3819288372952894,2.3803443298662064,25.85049482928462,-24.648918863669294,3.38913789963179,1.52420848625528,,,,89.3,2290.0,6.4,745978,672386,687462,643396,676391,666182,676914,662139,543807,54.1,,,,,,,,23,2,Cutter,0,1,0,1,1,0,0,1,Standard,Standard,191.0,-0.004,-0.051,,,,,0.051,,-1,-1,0.412,0.412,35,32,35,33,2,1,5.0,1,6.0,2.0,2.24,-0.3,0.3,38.8,,,,,
CU,2024-06-12,71.6,-1.46,5.66,"Yelich, Christian",592885,605135,,ball,,,,,13.0,,R,L,R,MIL,TOR,B,,,0,0,2024,1.29,-1.27,-0.1936454173182953,0.819795811222888,,,,1,3,Bot,,,,,,,0.3077447465195818,-104.14744723274724,0.2228803941429942,9.254695293401886,19.92214204674988,-41.63799989911639,3.34859751934474,1.59031949788204,,,,71.2,2253.0,6.3,745978,672386,687462,643396,676391,666182,676914,662139,543807,54.16,,,,,,,,23,1,Curveball,0,1,0,1,1,0,0,1,Standard,Standard,43.0,0.003,0.039,,,,,-0.039,,-1,-1,0.409,0.409,35,32,35,33,2,1,5.0,1,6.0,2.0,5.77,-1.29,1.29,44.5,,,,,
SI,2024-06-12,90.0,-1.72,5.47,"Yelich, Christian",592885,605135,single,hit_into_play,,,,,8.0,Christian Yelich singles on a ground ball to right fielder George Springer.,R,L,R,MIL,TOR,X,9.0,ground_ball,0,0,2024,-1.18,0.84,0.1946824562459859,1.7853839911425962,,,,2,1,Bot,165.99,134.38,,,,,7.253558397080178,-130.91771214305135,-5.0239993595347405,-15.033916970873271,24.82351048440011,-21.65421084203309,3.33,1.68,66.0,111.2,2.0,90.5,2004.0,6.4,745978,672386,687462,643396,676391,666182,676914,662139,543807,54.09,0.592,0.548,0.9,1.0,1.0,0.0,4.0,7,1,Sinker,0,1,0,1,1,0,0,1,Infield shade,Standard,223.0,0.013,0.333,77.4,7.8,,0.659,-0.333,111.2,-1,-1,0.407,0.407,35,32,35,33,1,0,5.0,1,6.0,2.0,1.95,1.18,-1.18,33.3,8.27294443862975,1.4553811937906207,42.31305380291028,33.94365726728039,32.104581297596084
SI,2024-06-12,94.8,1.5,5.86,"Yelich, Christian",592885,663893,single,hit_into_play,,,,,5.0,Christian Yelich singles on a ground ball to second baseman Isiah Kiner-Falefa.,R,L,L,MIL,TOR,X,4.0,ground_ball,0,0,2024,1.38,0.05,-0.039932766049558,2.705642488027073,,,,2,8,Bot,139.6,168.75,,,,,-7.000597113561239,-137.85820189971827,-2.666154708842078,19.144719977451544,30.40316019382588,-31.197729044769183,3.34,1.68,2.0,63.6,-49.0,93.6,2017.0,5.6,745978,672386,687462,643396,676391,666182,676914,595281,543807,54.9,0.281,0.277,0.9,1.0,1.0,0.0,2.0,65,1,Sinker,5,1,5,1,1,5,5,1,Standard,Standard,123.0,0.0,0.333,74.1,6.9,,0.283,-0.333,88.0,4,4,0.986,0.986,27,32,28,33,1,4,2.0,1,2.0,2.0,2.49,1.38,1.38,29.0,1.2218288832233648,19.08907894226246,32.650064766051194,37.63848703010399,19.665816571802736
SL,2024-06-12,87.3,1.67,6.21,"Yelich, Christian",592885,641835,single,hit_into_play,,,,,4.0,"Christian Yelich singles on a ground ball to left fielder Davis Schneider, deflected by third baseman Ernie Clement. William Contreras scores.",R,L,L,MIL,TOR,X,5.0,ground_ball,2,2,2024,-0.05,0.03,-0.6861506801884918,2.7029286955332963,,661388.0,,2,6,Bot,100.5,117.84,,,,,-5.613519833802132,-126.96337795617688,-2.3351005059621484,0.6169852548269333,27.20352151101552,-31.518593740176488,3.34,1.68,9.0,103.8,-15.0,87.8,2273.0,6.8,745978,672386,687462,643396,676391,666182,676914,662139,543807,53.74,0.223,0.267,0.9,1.0,1.0,0.0,2.0,50,5,Slider,2,1,2,1,1,3,3,1,Standard,Standard,302.0,0.107,0.723,70.2,6.8,,0.245,-0.723,103.8,1,1,0.722,0.722,32,32,32,33,1,3,7.0,1,3.0,2.0,2.97,-0.05,-0.05,42.8,-5.0254676038994095,31.72058310567089,28.785549981132288,46.375453561476974,11.7975289867248
SI,2024-06-12,92.3,1.62,6.04,"Yelich, Christian",592885,641835,,called_strike,,,,,4.0,,R,L,L,MIL,TOR,S,,,2,1,2024,1.33,0.71,-0.6125385221624713,2.403752828545927,,,661388.0,2,6,Bot,,,,,,,-8.626965010930627,-134.01721612071827,-4.901518374566425,17.942906017734728,32.3138368182359,-22.724991758071933,3.27588393184927,1.67691753562646,,,,92.3,2003.0,6.7,745978,672386,687462,643396,676391,666182,676914,662139,543807,53.84,,,,,,,,50,4,Sinker,2,1,2,1,1,2,2,1,Standard,Standard,131.0,0.005,-0.072,,,,,0.072,,1,1,0.717,0.717,32,32,32,33,1,3,7.0,1,3.0,2.0,2.0,1.33,1.33,36.1,,,,,
SL,2024-06-12,86.2,1.42,6.17,"Yelich, Christian",592885,641835,,ball,,,,,13.0,,R,L,L,MIL,TOR,B,,,1,1,2024,-0.25,-0.13,-0.8474794385146133,1.0461285018751592,,,661388.0,2,6,Bot,,,,,,,-4.942314430974342,-125.3491009945698,-5.64707168593714,-1.4283372265190384,28.661145500293163,-32.43924960965428,3.33999907652925,1.69345729445909,,,,86.6,2246.0,6.9,745978,672386,687462,643396,676391,666182,676914,662139,543807,53.61,,,,,,,,50,3,Slider,2,1,2,1,1,2,2,1,Infield shade,Standard,316.0,0.003,0.05,,,,,-0.05,,1,1,0.714,0.714,32,32,32,33,1,3,7.0,1,3.0,2.0,3.23,-0.25,-0.25,42.9,,,,,
SI,2024-06-12,91.9,1.5,6.13,"Yelich, Christian",592885,641835,,called_strike,,,,,11.0,,R,L,L,MIL,TOR,S,,,1,0,2024,1.37,0.77,-1.0177785451010175,2.707815222461837,,,661388.0,2,6,Bot,,,,,,,-9.406336319936171,-133.3835917234934,-4.442884566208497,18.44855129784324,32.12750704231884,-22.133482709263145,3.32766939087072,1.64385246320578,,,,91.9,1982.0,6.7,745978,672386,687462,643396,676391,666182,676914,662139,543807,53.78,,,,,,,,50,2,Sinker,2,1,2,1,1,2,2,1,Infield shade,Standard,140.0,-0.003,-0.048,,,,,0.048,,1,1,0.717,0.717,32,32,32,33,1,3,7.0,1,3.0,2.0,1.97,1.37,1.37,41.0,,,,,
SI,2024-06-12,90.5,1.48,6.18,"Yelich, Christian",592885,641835,,ball,,,,,11.0,,R,L,L,MIL,TOR,B,,,0,0,2024,1.43,0.64,-1.1736732103634482,3.10284241033996,,,661388.0,2,6,Bot,,,,,,,-9.722343343122256,-131.2883333531799,-2.992077938747523,18.77619351275017,33.07922888648149,-24.30190624823944,3.33999936412025,1.73089439322288,,,,90.2,1920.0,6.7,745978,672386,687462,643396,676391,666182,676914,662139,543807,53.82,,,,,,,,50,1,Sinker,2,1,2,1,1,2,2,1,Standard,Standard,142.0,0.002,0.034,,,,,-0.034,,1,1,0.715,0.715,32,32,32,33,1,3,7.0,1,3.0,2.0,2.2,1.43,1.43,40.8,,,,,
FF,2024-06-11,96.4,2.49,5.24,"Yelich, Christian",592885,579328,field_out,hit_into_play,,,,,3.0,"Christian Yelich grounds out, shortstop Bo Bichette to first baseman Justin Turner.",R,L,L,MIL,TOR,X,6.0,ground_ball,1,1,2024,0.5,1.31,0.3048319391097929,3.0874822791754317,,,,1,5,Bot,114.71,143.78,,,,,-7.057016813357335,-140.312550574414,-3.2045703245270865,8.157485045243867,30.095728933212445,-14.315501866237907,3.3,1.67,20.0,92.5,-7.0,98.0,2285.0,7.1,745981,643376,457759,687462,643396,666182,662139,595281,543807,53.43,0.202,0.276,0.0,1.0,0.0,0.0,2.0,45,3,4-Seam Fastball,0,2,0,2,2,0,0,2,Standard,Standard,155.0,-0.021,-0.243,68.2,6.3,,0.243,0.243,92.5,-2,-2,0.256,0.256,33,32,33,33,3,2,5.0,1,6.0,1.0,1.13,0.5,0.5,40.1,3.1906419701841524,24.91820625049293,30.912104441591666,33.57766320946442,18.534328868082845
SL,2024-06-11,88.8,2.4,5.21,"Yelich, Christian",592885,579328,,ball,,,,,13.0,,R,L,L,MIL,TOR,B,,,0,1,2024,-0.48,-0.05,-1.5714204246406511,-0.1340344459224471,,,,1,5,Bot,,,,,,,-8.897287758466677,-128.99474013132345,-7.056295401668468,-3.5261550699175555,26.523212511380017,-31.43693589562383,3.4479097772884,1.74425356278336,,,,90.7,2472.0,7.5,745981,643376,457759,687462,643396,666182,662139,595281,543807,52.97,,,,,,,,45,2,Slider,0,2,0,2,2,0,0,2,Standard,Standard,275.0,0.002,0.024,,,,,-0.024,,-2,-2,0.254,0.254,33,32,33,33,3,2,5.0,1,6.0,1.0,2.95,-0.48,-0.48,41.9,,,,,
CU,2024-06-11,81.5,2.15,5.4,"Yelich, Christian",592885,579328,,called_strike,,,,,8.0,,R,L,L,MIL,TOR,S,,,0,0,2024,-0.43,-0.35,-0.1103493674657351,1.960034741787088,,,,1,5,Bot,,,,,,,-4.308428456756362,-118.77844216689492,-0.5142011318599916,-3.324769636318258,21.510019982839747,-35.59336774158042,3.41524329141567,1.67623508064923,,,,82.9,2431.0,7.0,745981,643376,457759,687462,643396,666182,662139,595281,543807,53.49,,,,,,,,45,1,Curveball,0,2,0,2,2,0,0,2,Standard,Standard,308.0,-0.003,-0.037,,,,,0.037,,-2,-2,0.257,0.257,33,32,33,33,3,2,5.0,1,6.0,1.0,3.75,-0.43,-0.43,50.8,,,,,
FF,2024-06-11,95.7,2.47,5.34,"Yelich, Christian",592885,579328,field_out,hit_into_play,,,,,5.0,Christian Yelich lines out to left fielder Daulton Varsho.,R,L,L,MIL,TOR,X,7.0,line_drive,0,0,2024,0.66,1.41,-0.0355643061985228,2.576646295471839,,,,0,3,Bot,44.33,106.72,,,,,-8.205546702263284,-139.06951481628565,-4.893097711384708,10.49269383861616,32.31497195961317,-12.92906918355795,3.3,1.67,304.0,97.0,22.0,96.7,2279.0,7.0,745981,643376,457759,687462,643396,666182,662139,595281,543807,53.47,0.255,0.327,0.0,1.0,0.0,0.0,5.0,27,1,4-Seam Fastball,0,1,0,1,1,0,0,1,Standard,Standard,146.0,-0.028,-0.254,72.4,6.9,,0.538,0.254,97.0,-1,-1,0.437,0.437,33,32,33,33,2,1,5.0,1,6.0,1.0,1.09,0.66,0.66,40.0,-1.45029424447925,16.966915777498716,33.50703695688495,37.28612625275652,22.19639884247207
CU,2024-06-11,84.3,2.15,5.64,"Yelich, Christian",592885,579328,strikeout,swinging_strike_blocked,,,,,13.0,Christian Yelich strikes out swinging.,R,L,L,MIL,TOR,S,2.0,,0,2,2024,-0.3,-0.61,-0.3999702092453071,0.2457356949759921,,655316.0,661388.0,0,1,Bot,,,,,,,-5.395416063001602,-122.59156536671988,-5.002491203026516,-1.946632296877232,24.3535262288839,-37.54650063538441,3.3,1.67,,,,85.5,2520.0,7.1,745981,643376,457759,687462,643396,666182,662139,595281,543807,53.42,,0.0,0.0,1.0,0.0,0.0,,6,3,Curveball,0,0,0,0,0,0,0,0,Standard,Standard,314.0,-0.029,-0.159,67.2,8.8,8.264403828,,0.159,,0,0,0.616,0.616,33,32,33,33,1,0,5.0,1,6.0,1.0,3.82,-0.3,-0.3,50.7,24.199655085044096,-19.922455565089724,41.80665935253176,40.84241262162003,42.132054017911216
FF,2024-06-11,96.6,2.53,5.43,"Yelich, Christian",592885,579328,,swinging_strike,,,,,3.0,,R,L,L,MIL,TOR,S,,,0,1,2024,0.63,1.33,0.7794964306717295,3.1567046820634728,,655316.0,661388.0,0,1,Bot,,,,,,,-6.169274222834452,-140.54182136549227,-3.52476854502094,9.770985305026768,33.05798997324913,-14.030202245742938,3.3,1.67,,,,97.7,2302.0,7.0,745981,643376,457759,687462,643396,666182,662139,595281,543807,53.5,,,,,,,,6,2,4-Seam Fastball,0,0,0,0,0,0,0,0,Standard,Standard,153.0,-0.013,-0.071,,,,,0.071,,0,0,0.629,0.629,33,32,33,33,1,0,5.0,1,6.0,1.0,1.13,0.63,0.63,40.6,,,,,
CU,2024-06-11,81.8,2.09,5.59,"Yelich, Christian",592885,579328,,called_strike,,,,,7.0,,R,L,L,MIL,TOR,S,,,0,0,2024,-0.67,-0.63,-0.4467593108890943,1.8811295078458852,,655316.0,661388.0,0,1,Bot,,,,,,,-4.499727477462686,-119.13796825487069,-0.6111720825305319,-5.493662170041927,22.57202597427106,-38.239376039386144,3.49246468918744,1.69436310234458,,,,83.0,2583.0,7.0,745981,643376,457759,687462,643396,666182,662139,595281,543807,53.47,,,,,,,,6,1,Curveball,0,0,0,0,0,0,0,0,Standard,Standard,330.0,-0.007,-0.044,,,,,0.044,,0,0,0.636,0.636,33,32,33,33,1,0,5.0,1,6.0,1.0,4.02,-0.67,-0.67,49.2,,,,,
FF,2024-06-11,92.9,-2.18,6.25,"Yelich, Christian",592885,670950,double,hit_into_play,,,,,5.0,Christian Yelich doubles (7) on a sharp line drive to center fielder Daulton Varsho.,R,L,R,MIL,TOR,X,8.0,line_drive,1,0,2024,-0.61,1.62,-0.1936273942206341,2.5536962480108114,,,,0,8,Bot,75.62,58.78,,,,,6.427675841493933,-134.96090325565308,-7.189408889760602,-8.85992843561678,30.44967281325988,-10.995973214076388,3.3,1.67,368.0,104.1,21.0,92.8,2265.0,6.4,745981,643376,687462,643396,676391,666182,676914,662139,543807,54.13,0.552,0.9243243243243244,1.25,1.0,1.0,1.0,6.0,63,2,4-Seam Fastball,0,2,0,2,2,0,0,2,Standard,Standard,201.0,0.104,0.655,75.0,7.2,,1.716,-0.655,104.1,-2,-2,0.175,0.175,31,32,31,33,1,3,2.0,1,1.0,1.0,1.04,0.61,-0.61,57.2,2.8502539109192453,10.260247920568023,35.46232369290614,37.87802239317045,24.16660030690379
CH,2024-06-11,78.6,-2.5,6.14,"Yelich, Christian",592885,670950,,ball,,,,,14.0,,R,L,R,MIL,TOR,B,,,0,0,2024,-1.05,-0.17,0.6769285502446993,1.0233346929741658,,,,0,8,Bot,,,,,,,8.820660504704383,-114.17201909993568,-3.925039899943518,-10.816075698581438,20.26735925787801,-33.179548870819595,3.46844433977478,1.59272054283238,,,,78.5,2606.0,6.2,745981,643376,687462,643396,676391,666182,676914,662139,543807,54.25,,,,,,,,63,1,Changeup,0,2,0,2,2,0,0,2,Standard,Standard,271.0,0.008,0.038,,,,,-0.038,,-2,-2,0.167,0.167,31,32,31,33,1,3,2.0,1,1.0,1.0,3.87,1.05,-1.05,50.4,,,,,
CH,2024-06-10,85.5,-2.0,5.49,"Yelich, Christian",592885,621244,strikeout,called_strike,,,,,8.0,Christian Yelich called out on strikes.,R,L,R,MIL,TOR,S,2.0,,3,2,2024,-1.06,0.42,0.1874886854708406,1.4955124603659251,668930.0,,661388.0,0,6,Bot,,,,,,,7.325684020519288,-124.3781979892398,-4.002966870580185,-12.442409641911803,23.90408013909882,-27.236106572786657,3.34902515635893,1.37748759983037,,,,86.0,1444.0,6.6,745982,672386,665489,687462,643396,666182,676914,662139,543807,53.94,,0.0,0.0,1.0,0.0,0.0,,41,7,Changeup,2,1,2,1,1,2,2,1,Standard,Standard,255.0,-0.049,-0.295,,,,,0.295,,1,1,0.853,0.853,30,32,30,33,3,2,5.0,1,6.0,1.0,2.69,1.06,-1.06,36.5,,,,,
FF,2024-06-10,93.9,-1.94,5.5,"Yelich, Christian",592885,621244,,ball,,,,,11.0,,R,L,R,MIL,TOR,B,,,2,2,2024,-0.95,1.34,-0.2314643604939797,3.8803629062517846,668930.0,,661388.0,0,6,Bot,,,,,,,6.556073575182234,-136.6100512369239,-1.4320580152595386,-13.383372096451923,29.831099581024,-15.27976346003827,3.29754276567238,1.81198502591536,,,,94.1,2371.0,6.4,745982,672386,665489,687462,643396,666182,676914,662139,543807,54.09,,,,,,,,41,6,4-Seam Fastball,2,1,2,1,1,2,2,1,Standard,Standard,224.0,0.011,0.04,,,,,-0.04,,1,1,0.842,0.842,30,32,30,33,3,2,5.0,1,6.0,1.0,1.24,0.95,-0.95,36.4,,,,,
SI,2024-06-10,94.0,-1.68,5.75,"Yelich, Christian",592885,621244,,foul,,,,,2.0,,R,L,R,MIL,TOR,S,,,2,2,2024,-1.19,1.15,-0.1524557475630727,3.3346714603718564,668930.0,,661388.0,0,6,Bot,,,,,,,6.632635078404382,-136.75620238698605,-3.1142937213836586,-16.45182695680629,29.682295810899657,-17.268699028401006,3.3,1.67,215.0,76.9,23.0,94.3,2097.0,6.4,745982,672386,665489,687462,643396,666182,676914,662139,543807,54.05,,,,,,,,41,5,Sinker,2,1,2,1,1,2,2,1,Standard,Standard,227.0,0.0,0.0,69.8,6.3,,,0.0,88.0,1,1,0.842,0.842,30,32,30,33,3,2,5.0,1,6.0,1.0,1.43,1.19,-1.19,41.7,-1.1008659439030173,24.79971692031984,30.047477398914868,38.83850257486402,14.78203735773177
SV,2024-06-10,84.0,-2.04,5.7,"Yelich, Christian",592885,621244,,called_strike,,,,,11.0,,R,L,R,MIL,TOR,S,,,2,1,2024,1.39,-0.41,-0.9249515180807142,2.723742408268329,668930.0,,661388.0,0,6,Bot,,,,,,,-0.1573698986450289,-122.31885879334487,0.3476041932896796,13.902379666996836,25.64509994815041,-36.59363736665725,3.31934128883557,1.53919950056046,,,,83.7,2289.0,6.2,745982,672386,665489,687462,643396,666182,676914,662139,543807,54.31,,,,,,,,41,4,Slurve,2,1,2,1,1,2,2,1,Standard,Standard,46.0,-0.009,-0.076,,,,,0.076,,1,1,0.851,0.851,30,32,30,33,3,2,5.0,1,6.0,1.0,3.65,-1.39,1.39,41.1,,,,,
CH,2024-06-10,84.3,-2.07,5.43,"Yelich, Christian",592885,621244,,blocked_ball,,,,,13.0,,R,L,R,MIL,TOR,B,,,1,1,2024,-1.3,0.28,-0.5748972987775098,0.7248456905052119,668930.0,,661388.0,0,6,Bot,,,,,,,6.101056785188506,-122.59019211757364,-5.117496490020878,-14.288784271960251,24.69436665988006,-28.560778774070734,3.31098414052223,1.82545882285738,,,,84.9,1553.0,6.7,745982,672386,665489,687462,643396,666182,676914,662139,543807,53.75,,,,,,,,41,3,Changeup,2,1,2,1,1,2,2,1,Strategic,Standard,257.0,0.004,0.016,,,,,-0.016,,1,1,0.847,0.847,30,32,30,33,3,2,5.0,1,6.0,1.0,2.94,1.3,-1.3,42.5,,,,,
CH,2024-06-10,84.6,-2.08,5.48,"Yelich, Christian",592885,621244,,swinging_strike,,,,,7.0,,R,L,R,MIL,TOR,S,,,1,0,2024,-1.38,0.68,-0.670333099140799,2.035358625810196,668930.0,,661388.0,0,6,Bot,,,,,,,6.075937702486083,-123.06134218907124,-3.0555413376603395,-15.209592152595029,24.476724221802904,-24.83423960792149,3.3,1.67,,,,85.1,1521.0,6.6,745982,672386,665489,687462,643396,666182,676914,662139,543807,53.88,,,,,,,,41,2,Changeup,2,1,2,1,1,2,2,1,Strategic,Standard,258.0,-0.004,-0.043,73.7,9.0,1.764028956,,0.043,,1,1,0.851,0.851,30,32,30,33,3,2,5.0,1,6.0,1.0,2.51,1.38,-1.38,38.1,28.19374887896304,-26.050778716350862,30.2342475251716,44.41938546094951,45.76898949591515
FF,2024-06-10,94.5,-1.98,5.73,"Yelich, Christian",592885,621244,,ball,,,,,11.0,,R,L,R,MIL,TOR,B,,,0,0,2024,-0.79,1.36,-0.9735553269890846,4.002531779782411,668930.0,,661388.0,0,6,Bot,,,,,,,4.396402281008639,-137.5337978990442,-1.83244295980262,-11.034695383947575,32.09497193237899,-14.774648422149674,3.38186595573918,1.82880976563132,,,,94.5,2257.0,6.4,745982,672386,665489,687462,643396,666182,676914,662139,543807,54.1,,,,,,,,41,1,4-Seam Fastball,2,1,2,1,1,2,2,1,Strategic,Standard,223.0,0.002,0.021,,,,,-0.021,,1,1,0.849,0.849,30,32,30,33,3,2,5.0,1,6.0,1.0,1.2,0.79,-0.79,42.6,,,,,
SI,2024-06-10,93.7,-1.62,5.66,"Yelich, Christian",592885,621244,field_out,hit_into_play,,,,,9.0,"Christian Yelich grounds out, third baseman Isiah Kiner-Falefa to first baseman Vladimir Guerrero Jr.",R,L,R,MIL,TOR,X,5.0,ground_ball,0,2,2024,-1.32,0.99,0.3730825651365674,1.9453919334583172,,,,0,4,Bot,105.27,156.69,,,,,8.08210533385121,-136.13453886450824,-6.053063862388571,-18.184191237612843,29.1759695259029,-18.744710233988293,3.3,1.67,11.0,97.7,-9.0,94.0,2056.0,6.5,745982,672386,665489,687462,643396,666182,676914,662139,543807,53.98,0.25,0.258,0.0,1.0,0.0,0.0,2.0,26,3,Sinker,1,1,1,1,1,1,1,1,Infield shade,Standard,221.0,-0.016,-0.163,67.0,6.4,,0.313,0.163,97.7,0,0,0.549,0.549,30,32,30,33,2,1,5.0,1,6.0,1.0,1.61,1.32,-1.32,42.6,-13.147698970792558,26.50264385430705,44.91709684245511,31.71209497411901,15.462648643376031
FF,2024-06-10,93.0,-1.73,5.72,"Yelich, Christian",592885,621244,,foul,,,,,3.0,,R,L,R,MIL,TOR,S,,,0,1,2024,-0.61,1.38,0.6394337997454341,3.3374278227061,,,,0,4,Bot,,,,,,,7.442098964498198,-135.234353558512,-3.329293196036066,-9.16882956927222,30.46827457887474,-14.774554702932658,3.3,1.67,181.0,67.3,24.0,93.0,2249.0,6.4,745982,672386,665489,687462,643396,666182,676914,662139,543807,54.07,,,,,,,,26,2,4-Seam Fastball,1,1,1,1,1,1,1,1,Standard,Standard,215.0,-0.007,-0.054,56.4,5.6,,,0.054,88.0,0,0,0.556,0.556,30,32,30,33,2,1,5.0,1,6.0,1.0,1.27,0.61,-0.61,41.8,-5.748047113772055,30.96793656178184,36.32254234922775,27.689342925669205,13.633624127409847
FF,2024-06-10,91.5,-2.01,5.54,"Yelich, Christian",592885,621244,,called_strike,,,,,5.0,,R,L,R,MIL,TOR,S,,,0,0,2024,-0.78,1.12,-0.1745693635675415,2.8395462560706166,,,,0,4,Bot,,,,,,,6.319496222782753,-133.1214135615112,-3.354493939376473,-10.591181391210633,29.117154346123503,-18.39288335831424,3.46757621796226,1.80793938774847,,,,91.8,2123.0,6.5,745982,672386,665489,687462,643396,666182,676914,662139,543807,53.99,,,,,,,,26,1,4-Seam Fastball,1,1,1,1,1,1,1,1,Standard,Standard,229.0,-0.004,-0.037,,,,,0.037,,0,0,0.56,0.56,30,32,30,33,2,1,5.0,1,6.0,1.0,1.61,0.78,-0.78,39.7,,,,,
KC,2024-06-10,85.6,1.43,6.19,"Yelich, Christian",592885,663893,strikeout,swinging_strike,,,,,8.0,Christian Yelich strikes out swinging.,R,L,L,MIL,TOR,S,2.0,,2,2,2024,-0.45,-0.83,-0.2289087304152099,1.6910315513980851,,,,1,8,Bot,,,,,,,-2.9861216609626644,-124.65697510091962,-2.638685615326538,-4.03606886932322,25.85860062249517,-40.44218948259941,3.3,1.67,,,,84.5,2281.0,5.6,745982,672386,665489,687462,643396,666182,676914,662139,543807,54.91,,0.0,0.0,1.0,0.0,0.0,,56,5,Knuckle Curve,3,1,3,1,1,3,3,1,Infield shade,Standard,328.0,-0.004,-0.225,73.0,8.5,0.168375516,,0.225,,2,2,0.931,0.931,27,32,28,33,1,3,7.0,1,2.0,1.0,3.94,-0.45,-0.45,47.6,23.480260338400686,-18.07864157749753,32.37528196725485,39.93865797408952,37.758415788027264
KC,2024-06-10,85.8,1.47,6.2,"Yelich, Christian",592885,663893,,ball,,,,,13.0,,R,L,L,MIL,TOR,B,,,1,2,2024,-0.62,-0.71,-0.0615395335502029,1.2705351838411008,,,,1,8,Bot,,,,,,,-2.34653102155144,-124.92440906442384,-3.947809406471638,-6.009257173933071,25.06584087845596,-38.98125324694333,3.40317038782472,1.77621293317069,,,,85.0,2177.0,5.7,745982,672386,665489,687462,643396,666182,676914,662139,543807,54.8,,,,,,,,56,4,Knuckle Curve,3,1,3,1,1,3,3,1,Infield shade,Standard,328.0,0.001,0.043,,,,,-0.043,,2,2,0.93,0.93,27,32,28,33,1,3,7.0,1,2.0,1.0,3.8,-0.62,-0.62,41.4,,,,,
KC,2024-06-10,84.9,1.46,6.09,"Yelich, Christian",592885,663893,,swinging_strike,,,,,13.0,,R,L,L,MIL,TOR,S,,,1,1,2024,-0.49,-0.65,-1.1795580059786903,1.3431762567867902,,,,1,8,Bot,,,,,,,-5.134901227210309,-123.58074021663808,-3.461105049799751,-3.985570867841417,25.127663716681,-38.29716747888664,3.3,1.67,,,,83.8,2258.0,5.6,745982,672386,665489,687462,643396,666182,676914,662139,543807,54.91,,,,,,,,56,3,Knuckle Curve,3,1,3,1,1,3,3,1,Infield shade,Standard,332.0,-0.002,-0.061,64.5,8.8,9.029689404,,0.061,,2,2,0.932,0.932,27,32,28,33,1,3,7.0,1,2.0,1.0,3.81,-0.49,-0.49,46.2,27.841784434196462,-28.494133859125853,30.86545300166168,49.60725439095478,49.06957885362964
KC,2024-06-10,85.9,1.57,6.09,"Yelich, Christian",592885,663893,,called_strike,,,,,9.0,,R,L,L,MIL,TOR,S,,,1,0,2024,-0.58,-0.58,0.6760212457512478,1.655866264635078,,,,1,8,Bot,,,,,,,-0.9360059127548194,-125.18752371021571,-3.0722464549047235,-5.877065947381832,24.81617080534575,-37.9142905092537,3.39905760470267,1.46094346705566,,,,85.0,2169.0,5.6,745982,672386,665489,687462,643396,666182,676914,662139,543807,54.95,,,,,,,,56,2,Knuckle Curve,3,1,3,1,1,3,3,1,Standard,Standard,327.0,-0.001,-0.051,,,,,0.051,,2,2,0.933,0.933,27,32,28,33,1,3,7.0,1,2.0,1.0,3.66,-0.58,-0.58,44.4,,,,,
SI,2024-06-10,93.6,1.77,5.8,"Yelich, Christian",592885,663893,,ball,,,,,14.0,,R,L,L,MIL,TOR,B,,,0,0,2024,1.37,-0.37,1.4004703539834855,2.0440095131361584,,,,1,8,Bot,,,,,,,-3.924384190061376,-136.1656741650931,-3.0397478157890108,17.858727619428986,33.316582451338874,-36.28071723809859,3.47162756134258,1.77893664349714,,,,92.2,2009.0,5.7,745982,672386,665489,687462,643396,666182,676914,662139,543807,54.79,,,,,,,,56,1,Sinker,3,1,3,1,1,3,3,1,Standard,Standard,130.0,0.001,0.039,,,,,-0.039,,2,2,0.932,0.932,27,32,28,33,1,3,7.0,1,2.0,1.0,3.0,1.37,1.37,27.6,,,,,
SI,2024-06-10,92.7,-2.02,5.62,"Yelich, Christian",592885,621244,field_out,hit_into_play,,,,,4.0,Christian Yelich flies out to left fielder Davis Schneider.,R,L,R,MIL,TOR,X,7.0,fly_ball,2,0,2024,-1.34,0.7,-0.6311962577783061,2.2701518242223484,,,,2,1,Bot,33.62,101.61,,,,,6.509207363385344,-134.84564890316847,-4.344480364164938,-17.78751677134018,27.52012595450737,-22.88806671308013,3.3,1.67,330.0,94.9,34.0,93.3,1916.0,6.5,745982,672386,665489,687462,643396,666182,676914,662139,543807,54.0,0.124,0.224,0.0,1.0,0.0,0.0,3.0,7,3,Sinker,0,0,0,0,0,0,0,0,Standard,Standard,228.0,-0.014,-0.363,75.1,7.5,,0.426,0.363,94.9,0,0,0.514,0.514,30,32,30,33,1,0,5.0,1,6.0,1.0,1.94,1.34,-1.34,42.1,3.952403338584081,6.485387633792271,33.417340701230906,44.40958981080159,23.65067280344072
CH,2024-06-10,84.9,-1.99,5.47,"Yelich, Christian",592885,621244,,ball,,,,,14.0,,R,L,R,MIL,TOR,B,,,1,0,2024,-0.99,0.4,0.68600582263624,1.039413147476616,,,,2,1,Bot,,,,,,,8.281361129485653,-123.36355012915068,-4.837534065340024,-11.778652279873135,24.918296292466277,-27.252719292801263,3.39589976696033,1.74854983787061,,,,85.2,1481.0,6.6,745982,672386,665489,687462,643396,666182,676914,662139,543807,53.93,,,,,,,,7,2,Changeup,0,0,0,0,0,0,0,0,Standard,Standard,253.0,0.003,0.068,,,,,-0.068,,0,0,0.511,0.511,30,32,30,33,1,0,5.0,1,6.0,1.0,2.77,0.99,-0.99,37.0,,,,,
SI,2024-06-10,91.8,-2.03,5.57,"Yelich, Christian",592885,621244,,ball,,,,,13.0,,R,L,R,MIL,TOR,B,,,0,0,2024,-1.4,0.74,-0.2290069217145012,1.4356969761717149,,,,2,1,Bot,,,,,,,7.607938301072891,-133.4254181908511,-6.251569845329565,-18.318226587085867,27.14986216176764,-22.16810055265535,3.49399945068431,1.8121004422407,,,,92.3,2046.0,6.5,745982,672386,665489,687462,643396,666182,676914,662139,543807,53.97,,,,,,,,7,1,Sinker,0,0,0,0,0,0,0,0,Standard,Standard,226.0,0.001,0.04,,,,,-0.04,,0,0,0.51,0.51,30,32,30,33,1,0,5.0,1,6.0,1.0,1.96,1.4,-1.4,39.3,,,,,
SL,2024-06-09,88.1,1.84,6.01,"Yelich, Christian",592885,669373,field_out,hit_into_play,,,,,5.0,"Christian Yelich grounds out, second baseman Andy Ibáñez to first baseman Mark Canha.",R,L,L,DET,MIL,X,4.0,ground_ball,0,2,2024,-0.17,0.24,-0.2473000932248227,2.3131257674599404,,,,0,4,Top,163.85,139.6,,,,,-4.703005130654001,-128.33432612890783,-3.3991780762461405,-0.941846116354335,25.734374775840404,-29.087425531829236,3.31,1.67,6.0,89.5,-21.0,88.2,2053.0,6.2,746463,668670,592192,628451,570482,656716,682985,663837,672761,54.27,0.077,0.08,0.0,1.0,0.0,0.0,2.0,27,3,Slider,2,0,0,2,0,2,0,2,Strategic,Strategic,166.0,0.016,-0.163,75.6,7.6,,0.099,0.163,89.5,2,-2,0.74,0.26,27,32,28,33,2,1,6.0,1,5.0,1.0,2.69,-0.17,-0.17,47.3,11.234441125652712,0.229832299676981,28.886497120486556,40.9482436673056,33.07212098633816
SL,2024-06-09,89.5,1.99,5.99,"Yelich, Christian",592885,669373,,swinging_strike,,,,,13.0,,R,L,L,DET,MIL,S,,,0,1,2024,-0.03,0.74,-0.5709589877235981,1.227155386888215,,,,0,4,Top,,,,,,,-6.252617412002686,-130.21811385975977,-7.3799908630181585,0.7574373890246879,23.38074422283971,-22.508955824311094,3.31,1.67,,,,89.9,2175.0,6.2,746463,668670,592192,628451,570482,656716,682985,663837,672761,54.28,,,,,,,,27,2,Slider,2,0,0,2,0,2,0,2,Standard,Strategic,153.0,0.007,-0.054,74.9,8.5,2.884923708,,0.054,,2,-2,0.733,0.267,27,32,28,33,2,1,6.0,1,5.0,1.0,2.08,-0.03,-0.03,46.6,17.417040036996504,-10.50394605454867,38.86995176958418,43.24201835375472,39.146842449254606
SL,2024-06-09,87.9,1.76,6.18,"Yelich, Christian",592885,669373,,called_strike,,,,,1.0,,R,L,L,DET,MIL,S,,,0,0,2024,-0.12,0.45,-0.3248051638117034,3.101884469270761,,,,0,4,Top,,,,,,,-4.793155467594036,-128.06092298748516,-2.316652316339273,-0.3760273334205533,24.703008347621235,-26.981458669474076,3.31150203376513,1.59491755997209,,,,88.0,2110.0,6.1,746463,668670,592192,628451,570482,656716,682985,663837,672761,54.36,,,,,,,,27,1,Slider,2,0,0,2,0,2,0,2,Standard,Strategic,171.0,0.004,-0.037,,,,,0.037,,2,-2,0.729,0.271,27,32,28,33,2,1,6.0,1,5.0,1.0,2.48,-0.12,-0.12,48.9,,,,,
CH,2024-06-09,88.9,1.79,5.96,"Yelich, Christian",592885,669373,strikeout,swinging_strike,,,,,14.0,Christian Yelich strikes out swinging.,R,L,L,DET,MIL,S,2.0,,0,2,2024,1.72,0.32,0.1092344306454842,1.1391543165399989,,,,2,1,Top,,,,,,,-7.70077434594319,-129.20067197152923,-6.4400059973858905,20.855720029605287,26.533940478514733,-27.40296975215229,3.31,1.67,,,,88.9,1673.0,6.3,746463,668670,592192,628451,570482,656716,682985,663837,672761,54.19,,0.0,0.0,1.0,0.0,0.0,,3,3,Changeup,0,0,0,0,0,0,0,0,Infield shade,Standard,132.0,0.006,-0.157,71.2,8.9,9.297276876,,0.157,,0,0,0.542,0.458,27,32,28,33,1,0,6.0,1,5.0,1.0,2.57,1.72,1.72,44.7,28.882874311196773,-35.927657490303474,33.919499952084465,36.03051294217177,53.27737294143678
SI,2024-06-09,98.0,1.63,6.01,"Yelich, Christian",592885,669373,,foul_tip,,,,,6.0,,R,L,L,DET,MIL,S,,,0,1,2024,1.49,1.04,0.322441510437786,2.34999726459248,,,,2,1,Top,,,,,,,-6.9735584645202415,-142.40781963525615,-6.783459378397298,21.93524537753952,33.29745332861312,-16.62671200950864,3.31,1.67,,,,97.8,2088.0,6.3,746463,668670,592192,628451,570482,656716,682985,663837,672761,54.22,,,,,,,,3,2,Sinker,0,0,0,0,0,0,0,0,Infield shade,Standard,146.0,0.002,-0.058,73.3,7.1,,,0.058,,0,0,0.54,0.46,27,32,28,33,1,0,6.0,1,5.0,1.0,1.34,1.49,1.49,47.7,5.015922684099182,20.43256330043701,34.34809387521702,33.06904546565198,18.73934097227597
SI,2024-06-09,97.2,1.7,6.06,"Yelich, Christian",592885,669373,,foul,,,,,6.0,,R,L,L,DET,MIL,S,,,0,0,2024,1.52,1.13,0.5613354170995251,2.575116974660105,,,,2,1,Top,,,,,,,-6.513067649989713,-141.15699382879873,-6.3113681420456,21.77907710087969,36.34888283012697,-15.740786547968458,3.31,1.67,,,,96.4,2184.0,6.2,746463,668670,592192,628451,570482,656716,682985,663837,672761,54.27,,,,,,,,3,1,Sinker,0,0,0,0,0,0,0,0,Infield shade,Standard,149.0,0.002,-0.041,74.2,7.9,,,0.041,,0,0,0.538,0.462,27,32,28,33,1,0,6.0,1,5.0,1.0,1.31,1.52,1.52,44.9,22.214032948134907,-5.371609132988411,30.20652893629433,31.804582532699804,31.226191907347715
FF,2024-06-08,96.7,-1.58,5.68,"Yelich, Christian",592885,663554,single,hit_into_play,,,,,6.0,Christian Yelich singles on a ground ball to third baseman Matt Vierling. Brice Turang to 3rd.,R,L,R,DET,MIL,X,5.0,ground_ball,3,1,2024,-0.58,1.1,0.4473534551313819,2.6024361093096693,,668930.0,,2,5,Top,106.08,170.23,,,,,6.834952253328595,-140.72644044612755,-5.249771684711861,-9.210726214684444,30.06244270441234,-16.596357156412385,3.31,1.68,4.0,80.8,-32.0,98.3,2207.0,7.1,746461,608348,570482,656716,663837,595879,669234,682985,668731,53.44,0.062,0.056,0.9,1.0,1.0,0.0,2.0,42,5,4-Seam Fastball,4,3,3,4,3,4,3,4,Standard,Standard,211.0,-0.017,0.616,65.7,6.1,,0.064,-0.616,88.0,1,-1,0.655,0.345,27,32,27,33,3,2,6.0,1,5.0,1.0,1.33,0.58,-0.58,45.3,-13.927692075047254,32.35632009393141,41.92081399860745,32.0482426193394,12.567119637204058
FF,2024-06-08,95.6,-1.6,5.72,"Yelich, Christian",592885,663554,,ball,,,,,12.0,,R,L,R,DET,MIL,B,,,2,1,2024,-0.52,1.37,0.7378340434131779,4.407819859392271,,668930.0,,2,5,Top,,,,,,,7.453577291912239,-139.1457452341111,-0.9496233554922852,-8.449525313106788,30.09970860527522,-14.355599272794116,3.31150203376513,1.66872353273287,,,,97.1,2324.0,7.0,746461,608348,570482,656716,663837,595879,669234,682985,668731,53.46,,,,,,,,42,4,4-Seam Fastball,4,3,3,4,3,4,3,4,Standard,Standard,214.0,-0.004,0.045,,,,,-0.045,,1,-1,0.659,0.341,27,32,27,33,3,2,6.0,1,5.0,1.0,1.12,0.52,-0.52,46.5,,,,,
SL,2024-06-08,83.4,-1.99,5.47,"Yelich, Christian",592885,663554,,called_strike,,,,,9.0,,R,L,R,DET,MIL,S,,,2,0,2024,0.49,-0.23,0.6656401437348873,1.739294105238359,,668930.0,,2,5,Top,,,,,,,5.20806691240828,-121.44827318019978,-1.7672135800784528,3.98838522529879,20.97480371571575,-34.40143290176469,3.27654599659973,1.69441376092977,,,,85.0,2265.0,7.0,746461,608348,570482,656716,663837,595879,669234,682985,668731,53.47,,,,,,,,42,3,Slider,4,3,3,4,3,4,3,4,Standard,Standard,76.0,0.003,-0.028,,,,,0.028,,1,-1,0.656,0.344,27,32,27,33,3,2,6.0,1,5.0,1.0,3.48,-0.49,0.49,37.4,,,,,
SL,2024-06-08,84.3,-1.87,5.43,"Yelich, Christian",592885,663554,,blocked_ball,,,,,14.0,,R,L,R,DET,MIL,B,,,1,0,2024,0.46,-0.11,0.2922530212363345,0.3005394722014256,,668930.0,,2,5,Top,,,,,,,4.166370720317521,-122.78289548853108,-5.43942557733955,3.902382888292743,23.44489146639184,-32.44450805359631,3.30222279178413,1.68198576930837,,,,85.6,2324.0,7.0,746461,608348,570482,656716,663837,595879,669234,682985,668731,53.49,,,,,,,,42,2,Slider,4,3,3,4,3,4,3,4,Standard,Standard,62.0,-0.003,0.024,,,,,-0.024,,1,-1,0.659,0.341,27,32,27,33,3,2,6.0,1,5.0,1.0,3.3,-0.46,0.46,40.8,,,,,
FF,2024-06-08,96.5,-1.58,5.63,"Yelich, Christian",592885,663554,,ball,,,,,12.0,,R,L,R,DET,MIL,B,,,0,0,2024,-0.78,1.44,0.9694004490128668,3.25329592631194,,668930.0,,2,5,Top,,,,,,,8.6875136340502,-140.21995872960304,-4.048145307732939,-12.356116189423288,32.95057591886374,-12.479877965940632,3.32789928816129,1.77148287399724,,,,97.5,2307.0,7.0,746461,608348,570482,656716,663837,595879,669234,682985,668731,53.47,,,,,,,,42,1,4-Seam Fastball,4,3,3,4,3,4,3,4,Standard,Standard,213.0,-0.002,0.014,,,,,-0.014,,1,-1,0.661,0.339,27,32,27,33,3,2,6.0,1,5.0,1.0,1.02,0.78,-0.78,42.4,,,,,
SL,2024-06-08,84.9,-1.96,5.47,"Yelich, Christian",592885,663554,sac_fly,hit_into_play,,,,,8.0,Christian Yelich out on a sacrifice fly to left fielder Justyn-Henry Malloy. Jackson Chourio scores. Brice Turang to 3rd. William Contreras to 2nd.,R,L,R,DET,MIL,X,7.0,fly_ball,0,0,2024,0.22,-0.21,0.0239605739406088,2.066824395184921,694192.0,668930.0,661388.0,0,3,Top,47.67,123.43,,,,,4.257455015171663,-123.71038416939346,-1.2749657221642596,1.4888447311811357,23.210178252941272,-34.28686380939098,3.31,1.68,269.0,91.0,49.0,86.3,2220.0,7.0,746461,608348,570482,656716,663837,595879,669234,682985,668731,53.54,,0.0,0.0,1.0,0.0,0.0,3.0,25,1,Slider,4,1,1,4,2,4,2,4,Standard,Standard,95.0,-0.002,-0.175,76.6,7.8,,,0.175,91.0,3,-3,0.618,0.382,27,32,27,33,2,1,6.0,1,5.0,1.0,3.35,-0.22,0.22,40.1,10.622600004842656,-2.43782894806273,35.91327367582366,36.86252982165479,30.85682616945295
FS,2024-06-08,87.4,-1.7,5.26,"Yelich, Christian",592885,571946,strikeout,swinging_strike,,,,,13.0,Christian Yelich strikes out swinging.,R,L,R,DET,MIL,S,2.0,,0,2,2024,-1.17,0.75,-0.9179488767801014,1.6680281974332305,,,,1,7,Top,,,,,,,4.364666205262291,-127.21912226367677,-4.079037160258979,-13.62371523216869,26.524731837993293,-23.42039751997813,3.31,1.68,,,,88.4,1972.0,7.0,746461,608348,570482,628451,656716,595879,669234,682985,663837,53.54,,0.0,0.0,1.0,0.0,0.0,,60,3,Split-Finger,4,5,5,4,5,4,5,4,Strategic,Strategic,216.0,0.011,-0.162,72.2,8.4,1.04580432,,0.162,,-1,1,0.34,0.66,33,32,34,33,1,3,4.0,1,3.0,1.0,2.24,1.17,-1.17,43.3,17.631966422582554,-7.54758231917974,30.277992521999927,48.11258982165764,35.028601487225934
FF,2024-06-08,93.0,-1.83,5.24,"Yelich, Christian",592885,571946,,foul,,,,,11.0,,R,L,R,DET,MIL,S,,,0,1,2024,-0.72,1.46,-0.8117640538507718,3.3768881441327374,,,,1,7,Top,,,,,,,4.235230388177126,-135.39239996383372,-2.237153177057268,-9.830729307883264,30.18046811661817,-13.90100628264385,3.31,1.68,190.0,84.1,66.0,93.9,2362.0,6.8,746461,608348,570482,628451,656716,595879,669234,682985,663837,53.67,,,,,,,,60,2,4-Seam Fastball,4,5,5,4,5,4,5,4,Standard,Strategic,211.0,0.005,-0.057,68.9,7.3,,,0.057,88.0,-1,1,0.335,0.665,33,32,34,33,1,3,4.0,1,3.0,1.0,1.17,0.72,-0.72,46.3,11.064851689708131,11.027321217817397,23.68661173970891,47.09137052444804,21.75556405865441
FF,2024-06-08,93.0,-1.7,5.22,"Yelich, Christian",592885,571946,,called_strike,,,,,9.0,,R,L,R,DET,MIL,S,,,0,0,2024,-0.68,1.43,0.4486753173178841,1.4480270512001714,,,,1,7,Top,,,,,,,7.082193368503833,-135.1927625138535,-7.094320319553745,-9.87870280465282,29.76836190910506,-13.23951851712389,3.31300338355313,1.55505950262905,,,,94.0,2432.0,7.0,746461,608348,570482,628451,656716,595879,669234,682985,663837,53.52,,,,,,,,60,1,4-Seam Fastball,4,5,5,4,5,4,5,4,Standard,Strategic,213.0,0.003,-0.037,,,,,0.037,,-1,1,0.332,0.668,33,32,34,33,1,3,4.0,1,3.0,1.0,1.21,0.68,-0.68,37.9,,,,,
FS,2024-06-08,85.5,-1.89,5.5,"Yelich, Christian",592885,663554,single,hit_into_play,,,,,8.0,Christian Yelich singles on a ground ball to right fielder Akil Baddoo. Brice Turang scores.,R,L,R,DET,MIL,X,9.0,ground_ball,0,1,2024,-0.88,0.65,-0.007880121810063,2.01580382486898,,668930.0,,1,1,Top,175.63,119.36,,,,,6.272877966937337,-124.32040203267098,-3.233755647095437,-10.36762002696214,25.8030760565016,-24.9866856462088,3.31,1.68,78.0,96.0,4.0,86.1,1127.0,6.8,746461,608348,570482,690993,663837,595879,669234,682985,668731,53.7,0.497,0.453,0.9,1.0,1.0,0.0,4.0,3,2,Split-Finger,0,0,0,0,1,0,1,0,Standard,Standard,231.0,-0.084,0.592,79.0,8.0,,0.559,-0.592,96.0,0,0,0.486,0.514,27,32,27,33,1,0,6.0,1,5.0,1.0,2.48,0.88,-0.88,41.6,16.124987389713187,-8.759444915006958,37.2083394835406,38.01280648547953,37.90808368570151
FF,2024-06-08,96.1,-1.58,5.58,"Yelich, Christian",592885,663554,,called_strike,,,,,7.0,,R,L,R,DET,MIL,S,,,0,0,2024,-0.71,1.38,-0.5887909724752587,2.123308591364241,,,668930.0,1,1,Top,,,,,,,4.294937757503322,-139.6328953136524,-6.707002244998499,-10.30867558360356,34.90655925080996,-12.85278792447182,3.30227631766951,1.74586205389758,,,,96.9,2210.0,7.1,746461,608348,570482,690993,663837,595879,669234,682985,668731,53.44,,,,,,,,3,1,4-Seam Fastball,0,0,0,0,0,0,0,0,Standard,Standard,214.0,0.004,-0.04,,,,,0.04,,0,0,0.498,0.502,27,32,27,33,1,0,6.0,1,5.0,1.0,1.12,0.71,-0.71,44.5,,,,,
SI,2024-06-08,90.2,2.08,6.18,"Yelich, Christian",592885,605177,field_out,hit_into_play,,,,,6.0,"Christian Yelich grounds out, third baseman Matt Vierling to first baseman Gio Urshela.",R,L,L,DET,MIL,X,5.0,ground_ball,0,0,2024,1.09,1.06,0.3618728313775048,2.745440153302063,668930.0,,661388.0,2,9,Top,106.08,169.21,,,,,-6.590249879113503,-131.1278151639687,-4.804010626516292,13.969400840832154,29.96873054842224,-19.082690283057666,3.31,1.68,14.0,76.0,-9.0,90.0,2087.0,6.4,746461,608348,570482,656716,663837,595879,669234,682985,672761,54.11,0.069,0.062,0.0,1.0,0.0,0.0,2.0,75,1,Sinker,4,5,5,4,5,4,5,4,Standard,Standard,141.0,0.039,-0.287,68.4,6.3,,0.132,0.287,88.0,-1,1,0.165,0.835,34,32,34,33,1,4,3.0,1,3.0,1.0,1.76,1.09,1.09,45.9,-9.456269825532734,28.256710694795427,38.06349348972856,32.88868736034512,14.25575244580372
FF,2024-06-07,93.8,-2.73,5.95,"Yelich, Christian",592885,681857,single,hit_into_play,,,,,3.0,Christian Yelich singles on a line drive to left fielder Riley Greene. William Contreras to 3rd.,R,L,R,DET,MIL,X,7.0,line_drive,3,2,2024,-0.61,1.47,0.4250779827252618,3.189180642175661,,661388.0,,1,4,Top,91.04,124.0,,,,,9.367783630453298,-136.1836331756372,-4.515885142943192,-9.752709288470312,33.1547645699126,-13.176885233312984,3.32,1.65,167.0,63.7,22.0,92.2,2297.0,5.7,746466,608348,592192,690993,570482,595879,682985,663837,672761,54.82,0.629,0.566,0.9,1.0,1.0,0.0,4.0,31,7,4-Seam Fastball,0,7,7,0,7,0,7,0,Standard,Standard,224.0,-0.005,0.541,66.3,6.5,,0.657,-0.541,88.0,-7,7,0.028,0.972,24,32,25,33,3,2,6.0,2,5.0,1.0,1.16,0.61,-0.61,42.3,5.334448351153285,20.483569086454388,30.20406117551267,31.357592095031077,19.82009696094929
CH,2024-06-07,84.9,-2.85,5.84,"Yelich, Christian",592885,681857,,foul,,,,,14.0,,R,L,R,DET,MIL,S,,,3,2,2024,-1.22,-0.24,0.4128736686294534,1.4227256186825803,,661388.0,,1,4,Top,,,,,,,9.93901053074193,-123.2262340378982,-3.4776571771698714,-14.403601120113652,24.095321197950447,-34.067136805214524,3.32,1.65,,,,83.8,2068.0,5.7,746466,608348,592192,690993,570482,595879,682985,663837,672761,54.84,,,,,,,,31,6,Changeup,0,7,7,0,7,0,7,0,Standard,Standard,248.0,0.0,0.0,71.4,8.7,,,0.0,,-7,7,0.028,0.972,24,32,25,33,3,2,6.0,2,5.0,1.0,3.41,1.22,-1.22,33.2,26.962577563568384,-16.40952767303722,37.0092208935482,32.115635314505234,40.33638387307416
CU,2024-06-07,79.3,-2.52,6.1,"Yelich, Christian",592885,681857,,blocked_ball,,,,,14.0,,R,L,R,DET,MIL,B,,,2,2,2024,0.88,-1.26,2.0642432933556143,0.3957533433047571,,661388.0,,1,4,Top,,,,,,,8.250833942446476,-115.15166232190067,-3.138422326922698,5.843647380279943,25.61528594762063,-42.761096683106345,3.22508239817376,1.64289311910896,,,,77.6,2668.0,5.6,746466,608348,592192,690993,570482,595879,682985,663837,672761,54.88,,,,,,,,31,5,Curveball,0,7,7,0,7,0,7,0,Standard,Standard,37.0,-0.001,0.074,,,,,-0.074,,-7,7,0.029,0.971,24,32,25,33,3,2,6.0,2,5.0,1.0,4.96,-0.88,0.88,40.8,,,,,
CH,2024-06-07,85.8,-2.83,5.78,"Yelich, Christian",592885,681857,,ball,,,,,13.0,,R,L,R,DET,MIL,B,,,1,2,2024,-1.1,-0.19,-0.3485156465305032,0.9778809060935432,,661388.0,,1,4,Top,,,,,,,7.975982483910931,-124.57872465071917,-4.607935379859657,-13.066401298954652,26.238519237699823,-33.34376513047373,3.22508239817376,1.61720171565919,,,,84.5,1881.0,5.7,746466,608348,592192,690993,570482,595879,682985,663837,672761,54.82,,,,,,,,31,4,Changeup,0,7,7,0,7,0,7,0,Standard,Standard,251.0,0.0,0.018,,,,,-0.018,,-7,7,0.029,0.971,24,32,25,33,3,2,6.0,2,5.0,1.0,3.31,1.1,-1.1,39.0,,,,,
CH,2024-06-07,85.0,-2.74,5.84,"Yelich, Christian",592885,681857,,swinging_strike,,,,,13.0,,R,L,R,DET,MIL,S,,,1,1,2024,-1.18,-0.27,-0.4454642809480778,1.1545460621107169,,661388.0,,1,4,Top,,,,,,,7.652649622869583,-123.50140078153386,-3.998771056723164,-13.705157378021651,27.475005877527657,-34.22147662958216,3.32,1.65,,,,83.6,1950.0,5.7,746466,608348,592192,690993,570482,595879,682985,663837,672761,54.8,,,,,,,,31,3,Changeup,0,7,7,0,7,0,7,0,Standard,Standard,250.0,0.001,-0.062,73.6,8.6,1.955108532,,0.062,,-7,7,0.028,0.972,24,32,25,33,3,2,6.0,2,5.0,1.0,3.46,1.18,-1.18,32.4,21.36362560942634,-16.434881731494773,32.954104925819706,42.61276457817267,42.76059169735828
CU,2024-06-07,78.9,-2.38,6.11,"Yelich, Christian",592885,681857,,blocked_ball,,,,,14.0,,R,L,R,DET,MIL,B,,,0,1,2024,0.97,-1.14,2.1354397828814444,0.3626747081244987,,661388.0,,1,4,Top,,,,,,,7.937002269689486,-114.65734421567574,-3.4391228751614404,6.826992515291029,23.74446084891288,-41.66518036166035,3.32779279900819,1.71996576763016,,,,77.7,2722.0,5.8,746466,608348,592192,690993,570482,595879,682985,663837,672761,54.75,,,,,,,,31,2,Curveball,0,7,7,0,7,0,7,0,Standard,Standard,31.0,-0.001,0.021,,,,,-0.021,,-7,7,0.029,0.971,24,32,25,33,3,2,6.0,2,5.0,1.0,4.85,-0.97,0.97,45.6,,,,,
CU,2024-06-07,79.5,-2.52,6.11,"Yelich, Christian",592885,681857,,swinging_strike,,,,,14.0,,R,L,R,DET,MIL,S,,,0,0,2024,0.9,-1.19,0.723016651285337,1.2575266022411578,,661388.0,,1,4,Top,,,,,,,5.357481175264428,-115.64486998027724,-1.5092620622472075,6.763826984870054,25.42799535895772,-42.67177573656671,3.32,1.65,,,,77.9,2648.0,5.6,746466,608348,592192,690993,570482,595879,682985,663837,672761,54.92,,,,,,,,31,1,Curveball,0,7,7,0,7,0,7,0,Standard,Standard,32.0,0.001,-0.036,,,,,0.036,,-7,7,0.028,0.972,24,32,25,33,3,2,6.0,2,5.0,1.0,4.86,-0.9,0.9,42.4,,,,,
FF,2024-06-07,94.4,-2.69,5.87,"Yelich, Christian",592885,681857,single,hit_into_play,,,,,2.0,Christian Yelich singles on a ground ball to right fielder Wenceel Pérez. Brice Turang to 3rd.,R,L,R,DET,MIL,X,9.0,ground_ball,2,2,2024,-0.65,1.33,-0.1199807911521544,2.906636483991249,,,668930.0,2,2,Top,155.32,110.21,,,,,8.053884857722565,-137.217364355822,-4.923727943719877,-10.066773668045409,31.37682447364916,-14.441472906274155,3.32,1.65,138.0,81.7,9.0,93.4,2265.0,5.8,746466,608348,592192,690993,570482,595879,682985,663837,672761,54.69,0.453,0.429,0.9,1.0,1.0,0.0,4.0,15,6,4-Seam Fastball,0,4,4,0,4,0,4,0,Infield shade,Standard,232.0,-0.014,0.394,69.1,7.1,,0.516,-0.394,88.0,-4,4,0.172,0.828,24,32,25,33,2,1,6.0,2,5.0,1.0,1.24,0.65,-0.65,34.6,6.938989121019509,13.17807528779928,29.14704926160209,37.71307070441155,23.422684944582144
CH,2024-06-07,85.6,-2.83,5.75,"Yelich, Christian",592885,681857,,ball,,,,,13.0,,R,L,R,DET,MIL,B,,,1,2,2024,-0.81,-0.07,-0.6040247780979624,1.316161347701271,,,668930.0,2,2,Top,,,,,,,6.779592282792746,-124.4085074854309,-3.983316150224724,-9.742295809178906,25.484876192536998,-32.289333835143886,3.39626387070657,1.63432947745466,,,,84.5,1968.0,5.7,746466,608348,592192,690993,570482,595879,682985,663837,672761,54.84,,,,,,,,15,5,Changeup,0,4,4,0,4,0,4,0,Infield shade,Standard,252.0,-0.001,0.038,,,,,-0.038,,-4,4,0.173,0.827,24,32,25,33,2,1,6.0,2,5.0,1.0,3.19,0.81,-0.81,30.6,,,,,
FF,2024-06-07,94.7,-2.75,5.95,"Yelich, Christian",592885,681857,,foul,,,,,11.0,,R,L,R,DET,MIL,S,,,1,2,2024,-0.54,1.36,-0.5800173178351686,3.465505040148036,,,668930.0,2,2,Top,,,,,,,6.79590607815981,-137.7514991075041,-3.773804938961357,-8.442424874827099,31.68860034048058,-14.268399919459688,3.32,1.65,167.0,78.8,14.0,93.5,2272.0,5.7,746466,608348,592192,690993,570482,595879,682985,663837,672761,54.81,,,,,,,,15,4,4-Seam Fastball,0,4,4,0,4,0,4,0,Infield shade,Standard,226.0,0.0,0.0,,,,,0.0,88.0,-4,4,0.173,0.827,24,32,25,33,2,1,6.0,2,5.0,1.0,1.19,0.54,-0.54,41.5,,,,,
FF,2024-06-07,93.9,-2.85,5.9,"Yelich, Christian",592885,681857,,ball,,,,,11.0,,R,L,R,DET,MIL,B,,,0,2,2024,-0.59,1.29,-0.9536450949308344,4.807527067283724,,,668930.0,2,2,Top,,,,,,,6.136424898365962,-136.6956020078272,0.0035772030439983,-8.691334912470117,29.80887557462929,-16.162080879632367,3.29355665942206,1.68571167786068,,,,92.8,2314.0,5.6,746466,608348,592192,690993,570482,595879,682985,663837,672761,54.89,,,,,,,,15,3,4-Seam Fastball,0,4,4,0,4,0,4,0,Infield shade,Standard,228.0,-0.001,0.027,,,,,-0.027,,-4,4,0.174,0.826,24,32,25,33,2,1,6.0,2,5.0,1.0,1.29,0.59,-0.59,31.3,,,,,
CH,2024-06-07,86.6,-2.86,5.74,"Yelich, Christian",592885,681857,,swinging_strike,,,,,13.0,,R,L,R,DET,MIL,S,,,0,1,2024,-1.06,-0.09,-0.3258818512722288,1.3703897864328023,,,668930.0,2,2,Top,,,,,,,8.121331684088833,-126.00122406739888,-4.097515368925743,-12.802783976254586,21.935260074251318,-32.627385911797525,3.32,1.65,,,,86.2,2113.0,5.7,746466,608348,592192,690993,570482,595879,682985,663837,672761,54.76,,,,,,,,15,2,Changeup,0,4,4,0,4,0,4,0,Infield shade,Standard,250.0,0.002,-0.054,75.2,8.3,0.51385944,,0.054,,-4,4,0.172,0.828,24,32,25,33,2,1,6.0,2,5.0,1.0,3.1,1.06,-1.06,30.7,15.4758101641632,-2.9091530514438864,36.14471987542731,40.08547641253671,31.49651619382465
CU,2024-06-07,79.4,-2.58,6.08,"Yelich, Christian",592885,681857,,foul_tip,,,,,14.0,,R,L,R,DET,MIL,S,,,0,0,2024,0.92,-1.18,0.4896694596204097,1.4621922299260612,,,668930.0,2,2,Top,,,,,,,4.924780285326909,-115.58314341164429,-1.1008285259170338,7.238245484603211,23.077803023573317,-42.73140082894907,3.32,1.65,,,,78.1,2859.0,5.5,746466,608348,592192,690993,570482,595879,682985,663837,672761,54.96,,,,,,,,15,1,Curveball,0,4,4,0,4,0,4,0,Infield shade,Standard,37.0,0.002,-0.047,76.1,8.8,,,0.047,,-4,4,0.17,0.83,24,32,25,33,2,1,6.0,2,5.0,1.0,4.82,-0.92,0.92,45.7,28.60176258537456,-30.88914398576897,38.24156336374751,32.17197437086354,48.71883064843354
CH,2024-06-07,88.0,-1.61,5.93,"Yelich, Christian",592885,689225,single,hit_into_play,,,,,13.0,Christian Yelich singles on a line drive to center fielder Matt Vierling.,R,L,R,DET,MIL,X,8.0,line_drive,1,1,2024,-1.29,0.51,-0.8765005484399919,2.2341382674460686,,,,0,6,Top,95.96,95.63,,,,,4.4277096345223725,-128.085666681414,-3.8727667855476886,-15.073203621174867,27.456591463144917,-25.999210854281305,3.32,1.65,215.0,90.1,12.0,87.4,2084.0,6.0,746466,608348,592192,690993,570482,595879,682985,663837,672761,54.51,0.811,0.764,0.9,1.0,1.0,0.0,4.0,47,3,Changeup,0,10,10,0,10,0,10,0,Infield shade,Standard,229.0,0.0,0.46,71.7,7.5,,0.94,-0.46,90.1,-10,10,0.002,0.998,26,32,26,33,1,3,4.0,2,4.0,1.0,2.44,1.29,-1.29,51.5,-1.6421564922869707,5.853881880674603,33.11836541970952,47.77468686909741,24.709612403278992
SL,2024-06-07,86.7,-1.65,5.87,"Yelich, Christian",592885,689225,,called_strike,,,,,8.0,,R,L,R,DET,MIL,S,,,1,0,2024,0.41,0.33,0.1620771136095186,1.3904018067172137,,,,0,6,Top,,,,,,,3.4680291211604146,-126.23135402791728,-5.207438574421131,3.8297743269190208,23.2218831398426,-27.88605143516933,3.252167055514,1.49064850198666,,,,86.6,2486.0,6.0,746466,608348,592192,690993,570482,595879,682985,663837,672761,54.53,,,,,,,,47,2,Slider,0,10,10,0,10,0,10,0,Infield shade,Standard,148.0,0.0,-0.049,,,,,0.049,,-10,10,0.002,0.998,26,32,26,33,1,3,4.0,2,4.0,1.0,2.68,-0.41,0.41,46.9,,,,,
FF,2024-06-07,94.0,-1.45,6.02,"Yelich, Christian",592885,689225,,ball,,,,,11.0,,R,L,R,DET,MIL,B,,,0,0,2024,-0.43,1.56,-0.6904771788685157,3.91109476296832,,,,0,6,Top,,,,,,,2.909341411211288,-136.86385120504607,-3.175107449711709,-6.014595140795157,30.9282003892844,-12.122154195551635,3.30211564619013,1.668584262783,,,,93.5,2430.0,6.0,746466,608348,592192,690993,570482,595879,682985,663837,672761,54.5,,,,,,,,47,1,4-Seam Fastball,0,10,10,0,10,0,10,0,Infield shade,Standard,209.0,0.0,0.038,,,,,-0.038,,-10,10,0.002,0.998,26,32,26,33,1,3,4.0,2,4.0,1.0,1.02,0.43,-0.43,51.7,,,,,
CH,2024-06-07,86.2,-2.82,5.84,"Yelich, Christian",592885,681857,walk,ball,,,,,14.0,Christian Yelich walks.,R,L,R,DET,MIL,B,,,3,1,2024,-0.73,0.17,1.2058324588616625,1.5259521262654818,,,,2,1,Top,,,,,,,10.864408540475743,-125.15047885421023,-4.356662713317101,-9.685092799179138,23.08313906954543,-29.66164281152121,3.34491086512958,1.68571167786068,,,,85.3,2075.0,5.6,746466,608348,592192,690993,570482,595879,682985,663837,672761,54.87,,0.689131,0.7,1.0,0.0,0.0,,3,5,Changeup,0,0,0,0,0,0,0,0,Infield shade,Standard,250.0,-0.007,0.178,,,,,-0.178,,0,0,0.533,0.467,24,32,25,33,1,0,6.0,2,5.0,1.0,2.89,0.73,-0.73,32.6,,,,,
CH,2024-06-07,87.3,-2.71,5.82,"Yelich, Christian",592885,681857,,ball,,,,,14.0,,R,L,R,DET,MIL,B,,,2,1,2024,-0.69,0.31,1.596928464980094,1.1071965901141394,,,,2,1,Top,,,,,,,11.624010393006856,-126.73345619720082,-5.829301575775324,-9.523397727487842,21.85773232864935,-27.861778580000934,3.34491086512958,1.71140238681008,,,,86.7,1955.0,5.7,746466,608348,592192,690993,570482,595879,682985,663837,672761,54.8,,,,,,,,3,4,Changeup,0,0,0,0,0,0,0,0,Infield shade,Standard,251.0,-0.004,0.112,,,,,-0.112,,0,0,0.537,0.463,24,32,25,33,1,0,6.0,2,5.0,1.0,2.66,0.69,-0.69,32.7,,,,,
FF,2024-06-07,94.2,-2.74,6.02,"Yelich, Christian",592885,681857,,foul,,,,,1.0,,R,L,R,DET,MIL,S,,,2,0,2024,-0.83,1.2,-0.3672193292642099,3.2196651729639103,,,,2,1,Top,,,,,,,7.936709032672439,-137.01277118653596,-4.191383761424319,-12.216111259450292,30.29801023733161,-16.277073342888148,3.32,1.65,,,,93.3,2245.0,5.8,746466,608348,592192,690993,570482,595879,682985,663837,672761,54.69,,,,,,,,3,3,4-Seam Fastball,0,0,0,0,0,0,0,0,Infield shade,Standard,227.0,0.003,-0.061,72.3,7.1,,,0.061,,0,0,0.534,0.466,24,32,25,33,1,0,6.0,2,5.0,1.0,1.37,0.83,-0.83,40.4,11.61278673661016,12.186204859465272,28.238335970207167,41.6078611834956,23.47475489690239
CU,2024-06-07,80.1,-2.47,6.15,"Yelich, Christian",592885,681857,,ball,,,,,14.0,,R,L,R,DET,MIL,B,,,1,0,2024,0.78,-1.29,1.8640422909525236,0.5644586220482308,,,,2,1,Top,,,,,,,8.001889086035575,-116.35847985892552,-3.0356747169843024,5.22295622289555,25.239053916031605,-43.36133178468612,3.37058751831312,1.60863798759593,,,,78.5,2784.0,5.6,746466,608348,592192,690993,570482,595879,682985,663837,672761,54.87,,,,,,,,3,2,Curveball,0,0,0,0,0,0,0,0,Infield shade,Standard,35.0,-0.003,0.068,,,,,-0.068,,0,0,0.537,0.463,24,32,25,33,1,0,6.0,2,5.0,1.0,4.9,-0.78,0.78,47.7,,,,,
FF,2024-06-07,95.2,-2.67,5.87,"Yelich, Christian",592885,681857,,ball,,,,,14.0,,R,L,R,DET,MIL,B,,,0,0,2024,-0.86,1.03,0.099615877356249,1.142775187860019,,,,2,1,Top,,,,,,,9.087618567236255,-138.2793386665003,-9.019761581102715,-12.957525088702146,28.115149657994326,-17.167682808824416,3.39626387070657,1.78847293909331,,,,94.5,2292.0,5.8,746466,608348,592192,690993,570482,595879,682985,663837,672761,54.72,,,,,,,,3,1,4-Seam Fastball,0,0,0,0,0,0,0,0,Infield shade,Standard,229.0,-0.001,0.04,,,,,-0.04,,0,0,0.538,0.462,24,32,25,33,1,0,6.0,2,5.0,1.0,1.48,0.86,-0.86,40.9,,,,,
SI,2024-06-07,91.3,1.58,5.85,"Yelich, Christian",592885,663947,hit_by_pitch,hit_by_pitch,,,,,12.0,Christian Yelich hit by pitch.,R,L,L,DET,MIL,B,,,0,0,2024,1.14,0.9,2.027659742961058,3.815439990133075,,,,0,8,Top,,,,,,,-1.3268082868356998,-133.02035522791783,-1.1797390754434989,13.849674076377951,29.16598275015835,-21.497998979746416,3.32,1.65,,,,91.1,2230.0,6.2,746466,608348,628451,690993,570482,595879,682985,663837,672761,54.34,,0.720192,0.7,1.0,0.0,0.0,,62,1,Sinker,0,10,10,0,10,0,10,0,Infield shade,Standard,146.0,0.0,0.451,,,,,-0.451,,-10,10,0.001,0.999,28,32,28,33,1,4,3.0,2,4.0,1.0,1.84,1.14,1.14,41.4,,,,,
KC,2024-06-05,80.2,-1.88,5.16,"Yelich, Christian",592885,605400,field_out,hit_into_play,,,,,7.0,"Christian Yelich grounds out, second baseman Bryson Stott to first baseman Bryce Harper. William Contreras to 3rd.",R,L,R,PHI,MIL,X,4.0,ground_ball,3,2,2024,1.14,-0.88,-0.2873213576780802,1.6236557915169505,,661388.0,,0,7,Top,152.79,157.3,,,,,1.371895751736912,-116.70730862488148,0.5891388965150546,10.099458624186813,23.63012108270912,-40.49064460586563,3.33,1.63,89.0,103.6,4.0,80.4,2642.0,6.6,745570,596117,547180,681082,664761,624641,593160,665506,592206,53.92,0.579,0.542,0.0,1.0,0.0,0.0,4.0,46,8,Knuckle Curve,2,0,0,2,0,2,0,2,Standard,Standard,57.0,0.045,-0.238,77.3,7.9,,0.655,0.238,103.6,2,-2,0.716,0.284,31,32,31,33,3,2,5.0,1,8.0,2.0,4.44,-1.14,1.14,22.8,9.637753453645946,-1.8577060533949648,38.12824675651888,40.45391530738792,33.85824546775242
FC,2024-06-05,89.2,-1.98,5.07,"Yelich, Christian",592885,605400,,foul,,,,,9.0,,R,L,R,PHI,MIL,S,,,3,2,2024,-0.03,0.96,0.716050282438247,2.105408251764396,,661388.0,,0,7,Top,,,,,,,6.764556662342144,-129.8887785835566,-3.372651083439463,-1.676516963439128,25.166794454271525,-20.72381837151456,3.33,1.63,5.0,92.1,-25.0,90.5,2319.0,6.9,745570,596117,547180,681082,664761,624641,593160,665506,592206,53.62,,,,,,,,46,7,Cutter,2,0,0,2,0,2,0,2,Standard,Standard,220.0,0.0,0.0,70.9,7.6,,,0.0,92.1,2,-2,0.716,0.284,31,32,31,33,3,2,5.0,1,8.0,2.0,1.88,0.03,-0.03,21.8,18.025109166201617,-3.33788495243401,41.27761241055981,27.23241305834054,30.30869479785113
KC,2024-06-05,80.2,-1.86,5.19,"Yelich, Christian",592885,605400,,foul,,,,,4.0,,R,L,R,PHI,MIL,S,,,3,2,2024,1.08,-0.49,-0.4819689485267314,2.380627641840724,,661388.0,,0,7,Top,,,,,,,1.021247619623737,-116.8701286159902,1.3388258550732144,9.776303263595697,19.30865430149236,-37.1527904967658,3.33,1.63,245.0,87.0,53.0,80.9,2655.0,6.4,745570,596117,547180,681082,664761,624641,593160,665506,592206,54.07,,,,,,,,46,6,Knuckle Curve,2,0,0,2,0,2,0,2,Standard,Standard,61.0,0.0,0.0,74.5,7.7,,,0.0,88.0,2,-2,0.716,0.284,31,32,31,33,3,2,5.0,1,8.0,2.0,3.99,-1.08,1.08,20.8,9.41148560327217,3.228273155606094,34.424308579396616,42.86433901106107,28.27474205131618
FF,2024-06-05,92.9,-1.82,5.09,"Yelich, Christian",592885,605400,,ball,,,,,12.0,,R,L,R,PHI,MIL,B,,,2,2,2024,-0.75,1.42,0.1503283535497995,3.87960549095783,,661388.0,,0,7,Top,,,,,,,6.744982123742713,-135.15823954558752,-0.4079552418878021,-10.680724581931132,29.987607519475095,-14.940939729010513,3.22396457777302,1.62635450905332,,,,93.5,2342.0,6.7,745570,596117,547180,681082,664761,624641,593160,665506,592206,53.8,,,,,,,,46,5,4-Seam Fastball,2,0,0,2,0,2,0,2,Standard,Standard,225.0,-0.02,0.062,,,,,-0.062,,2,-2,0.736,0.264,31,32,31,33,3,2,5.0,1,8.0,2.0,1.23,0.75,-0.75,19.4,,,,,
KC,2024-06-05,80.0,-1.89,5.14,"Yelich, Christian",592885,605400,,foul,,,,,8.0,,R,L,R,PHI,MIL,S,,,2,1,2024,1.39,-0.76,-0.0832832733299226,1.6068065011243835,,661388.0,,0,7,Top,,,,,,,1.3822963755727309,-116.59810534002143,0.3440796187688739,12.378305291745471,22.124222276979907,-39.36806614203622,3.33,1.63,,,,80.3,2706.0,6.4,745570,596117,547180,681082,664761,624641,593160,665506,592206,54.1,,,,,,,,46,4,Knuckle Curve,2,0,0,2,0,2,0,2,Standard,Standard,61.0,0.017,-0.06,70.5,8.4,,,0.06,,2,-2,0.719,0.281,31,32,31,33,3,2,5.0,1,8.0,2.0,4.31,-1.39,1.39,19.0,26.46058833541988,-10.259193160216867,37.2370654242006,38.380198363308494,39.04458405706456
FF,2024-06-05,92.7,-1.95,5.01,"Yelich, Christian",592885,605400,,called_strike,,,,,8.0,,R,L,R,PHI,MIL,S,,,2,0,2024,-0.87,1.28,0.0165543998208992,1.9136670549209935,,661388.0,,0,7,Top,,,,,,,7.010383880396812,-134.80983974136157,-4.984447875511423,-12.129942171637866,27.202773345986422,-15.64098401936462,3.31057992181306,1.61674391613268,,,,93.8,2377.0,6.8,745570,596117,547180,681082,664761,624641,593160,665506,592206,53.69,,,,,,,,46,3,4-Seam Fastball,2,0,0,2,0,2,0,2,Standard,Standard,228.0,0.013,-0.045,,,,,0.045,,2,-2,0.706,0.294,31,32,31,33,3,2,5.0,1,8.0,2.0,1.36,0.87,-0.87,21.0,,,,,
KC,2024-06-05,80.5,-1.92,5.09,"Yelich, Christian",592885,605400,,ball,,,,,14.0,,R,L,R,PHI,MIL,B,,,1,0,2024,1.3,-0.91,0.8591492676165888,0.7892038130801673,,661388.0,,0,7,Top,,,,,,,3.7264163530213374,-117.25785925293414,-1.111670338336487,11.21210041367992,23.6107553702921,-40.53945041259975,3.2402157053097,1.62483875251336,,,,80.9,2694.0,6.6,745570,596117,547180,681082,664761,624641,593160,665506,592206,53.88,,,,,,,,46,2,Knuckle Curve,2,0,0,2,0,2,0,2,Standard,Standard,55.0,-0.013,0.05,,,,,-0.05,,2,-2,0.719,0.281,31,32,31,33,3,2,5.0,1,8.0,2.0,4.44,-1.3,1.3,20.7,,,,,
SI,2024-06-05,90.9,-1.9,5.08,"Yelich, Christian",592885,605400,,ball,,,,,11.0,,R,L,R,PHI,MIL,B,,,0,0,2024,-1.34,0.64,-0.4417002512212733,3.778418755798672,,661388.0,,0,7,Top,,,,,,,6.594435223897054,-132.3081374803418,1.2744879561683269,-17.093383856286117,26.72599248160648,-25.157132891298826,3.24215226587979,1.63484511986942,,,,92.0,2252.0,6.8,745570,596117,547180,681082,664761,624641,593160,665506,592206,53.69,,,,,,,,46,1,Sinker,2,0,0,2,0,2,0,2,Standard,Standard,222.0,-0.007,0.038,,,,,-0.038,,2,-2,0.726,0.274,31,32,31,33,3,2,5.0,1,8.0,2.0,2.11,1.34,-1.34,20.4,,,,,
FC,2024-06-05,87.9,-1.79,5.15,"Yelich, Christian",592885,605400,field_out,hit_into_play,,,,,5.0,Christian Yelich flies out to left fielder Whit Merrifield.,R,L,R,PHI,MIL,X,7.0,fly_ball,3,2,2024,0.21,0.51,0.0023234337799356,2.69862056965361,,,,1,4,Top,91.18,88.36,,,,,3.960873390406499,-128.03172314242846,-0.9414386757937602,1.5636346387556448,23.483988045635023,-26.582953685110077,3.33,1.63,288.0,92.3,49.0,89.5,2209.0,7.0,745570,596117,547180,681082,664761,624641,593160,665506,592206,53.52,0.001,0.0,0.0,1.0,0.0,0.0,3.0,25,7,Cutter,0,0,0,0,0,0,0,0,Infield shade,Standard,205.0,0.025,-0.332,78.5,7.6,,0.001,0.332,92.3,0,0,0.522,0.478,31,32,31,33,2,1,5.0,1,8.0,2.0,2.41,-0.21,0.21,22.7,11.988596260785371,-4.124177408730235,33.98682181313316,35.910109240396054,31.07880472944056
KC,2024-06-05,81.5,-1.92,5.05,"Yelich, Christian",592885,605400,,ball,,,,,14.0,,R,L,R,PHI,MIL,B,,,2,2,2024,0.81,-0.94,0.1129152422001922,0.6556637739328406,,,,1,4,Top,,,,,,,3.02607064587456,-118.66575177033306,-1.4798989140238652,7.042966776274627,23.24210114711928,-40.92969670007015,3.21284294848778,1.65334619099882,,,,82.0,2687.0,6.6,745570,596117,547180,681082,664761,624641,593160,665506,592206,53.86,,,,,,,,25,6,Knuckle Curve,0,0,0,0,0,0,0,0,Infield shade,Standard,56.0,-0.008,0.108,,,,,-0.108,,0,0,0.53,0.47,31,32,31,33,2,1,5.0,1,8.0,2.0,4.37,-0.81,0.81,22.1,,,,,
FC,2024-06-05,88.1,-1.8,5.15,"Yelich, Christian",592885,605400,,ball,,,,,14.0,,R,L,R,PHI,MIL,B,,,1,2,2024,0.18,0.67,1.9462280542622064,1.3139777115907567,,,,1,4,Top,,,,,,,8.807568861265578,-128.02763975120578,-4.67312570156709,0.3899551803971158,24.0101348383256,-24.08241690089974,3.26894529296392,1.63383296206808,,,,89.3,2408.0,6.9,745570,596117,547180,681082,664761,624641,593160,665506,592206,53.6,,,,,,,,25,5,Cutter,0,0,0,0,0,0,0,0,Infield shade,Standard,209.0,-0.003,0.043,,,,,-0.043,,0,0,0.533,0.467,31,32,31,33,2,1,5.0,1,8.0,2.0,2.26,-0.18,0.18,22.9,,,,,
FF,2024-06-05,93.2,-1.97,5.0,"Yelich, Christian",592885,605400,,foul,,,,,13.0,,R,L,R,PHI,MIL,S,,,1,2,2024,-0.94,1.06,-1.0702738701103125,1.982360112395428,,,,1,4,Top,,,,,,,4.409398714054026,-135.64195256758885,-4.3726508808573215,-12.520739725335895,29.397870774466824,-18.28143477982217,3.33,1.63,216.0,75.0,44.0,94.3,2192.0,6.9,745570,596117,547180,681082,664761,624641,593160,665506,592206,53.62,,,,,,,,25,4,4-Seam Fastball,0,0,0,0,0,0,0,0,Infield shade,Standard,229.0,0.0,0.0,66.9,7.4,,,0.0,88.0,0,0,0.533,0.467,31,32,31,33,2,1,5.0,1,8.0,2.0,1.56,0.94,-0.94,18.5,-3.895109001804261,17.34384209871355,33.91776703988736,49.77918566410536,14.042257203542924
KC,2024-06-05,79.9,-1.88,5.1,"Yelich, Christian",592885,605400,,foul,,,,,13.0,,R,L,R,PHI,MIL,S,,,1,1,2024,1.0,-1.02,-0.6238827697987362,1.467187572277869,,,,1,4,Top,,,,,,,0.8827478500713979,-116.39966398341194,0.6728249857140829,8.866877484492965,22.66909483413179,-41.78419580471585,3.33,1.63,1.0,61.9,-51.0,80.5,2592.0,6.7,745570,596117,547180,681082,664761,624641,593160,665506,592206,53.78,,,,,,,,25,3,Knuckle Curve,0,0,0,0,0,0,0,0,Standard,Standard,60.0,0.005,-0.061,72.1,7.7,,,0.061,88.0,0,0,0.528,0.472,31,32,31,33,2,1,5.0,1,8.0,2.0,4.59,-1.0,1.0,20.0,8.7399914906215,8.136942227304342,36.367160392035125,44.04439910063719,24.757274995410743
CH,2024-06-05,85.1,-2.0,4.89,"Yelich, Christian",592885,605400,,ball,,,,,13.0,,R,L,R,PHI,MIL,B,,,0,1,2024,-1.09,0.28,-0.5713631530005343,1.4097677686135124,,,,1,4,Top,,,,,,,5.560477117990861,-123.88167046266317,-2.455547278577149,-12.330124245775265,23.705426734798987,-29.041945945558187,3.33008734832023,1.69279487690204,,,,85.7,1551.0,6.6,745570,596117,547180,681082,664761,624641,593160,665506,592206,53.94,,,,,,,,25,2,Changeup,0,0,0,0,0,0,0,0,Standard,Standard,252.0,-0.002,0.024,,,,,-0.024,,0,0,0.53,0.47,31,32,31,33,2,1,5.0,1,8.0,2.0,2.86,1.09,-1.09,16.1,,,,,
FC,2024-06-05,86.9,-1.83,5.1,"Yelich, Christian",592885,605400,,called_strike,,,,,5.0,,R,L,R,PHI,MIL,S,,,0,0,2024,0.15,0.64,-0.1416991554339499,2.564947016262344,,,,1,4,Top,,,,,,,3.784051851490197,-126.61685644291356,-1.213444901864435,0.8681874162545721,25.61625807216576,-25.295741000230507,3.24703474238061,1.59578022355451,,,,87.9,2307.0,6.9,745570,596117,547180,681082,664761,624641,593160,665506,592206,53.65,,,,,,,,25,1,Cutter,0,0,0,0,0,0,0,0,Standard,Standard,211.0,0.003,-0.037,,,,,0.037,,0,0,0.527,0.473,31,32,31,33,2,1,5.0,1,8.0,2.0,2.37,-0.15,0.15,21.4,,,,,
FC,2024-06-05,91.5,1.06,6.61,"Yelich, Christian",592885,621237,strikeout,swinging_strike,,,,,13.0,Christian Yelich strikes out swinging.,R,L,L,PHI,MIL,S,2.0,,1,2,2024,0.05,0.17,-0.729856258197014,1.172953303351889,,,661388.0,1,9,Top,,,,,,,-4.661033961094592,-133.14126821444285,-8.340303413782795,1.5185116292256318,26.731879776408388,-28.631353322242564,3.33,1.63,,,,92.8,1992.0,6.9,745570,596117,547180,681082,664761,624641,593160,665506,592206,53.59,,0.0,0.0,1.0,0.0,0.0,,61,5,Cutter,2,0,0,2,0,2,0,2,Standard,Standard,151.0,0.038,-0.182,70.5,8.4,2.517356616,,0.182,,2,-2,0.926,0.074,29,32,29,33,1,3,2.0,1,4.0,2.0,2.54,0.05,0.05,64.2,17.96307833248198,-6.872236713122446,37.72644693704876,46.57493903412608,31.78270146659836
SI,2024-06-05,97.7,1.12,6.58,"Yelich, Christian",592885,621237,,foul,,,,,2.0,,R,L,L,PHI,MIL,S,,,1,2,2024,1.09,1.02,0.1773116322342758,2.904432123766973,,,661388.0,1,9,Top,,,,,,,-5.121278014557507,-142.09549689419492,-6.855959138623761,15.943783524596537,31.35245822995194,-17.038599260848216,3.33,1.63,2.0,77.4,-56.0,99.2,2008.0,7.1,745570,596117,547180,681082,664761,624641,593160,665506,592206,53.44,,,,,,,,61,4,Sinker,2,0,0,2,0,2,0,2,Standard,Standard,154.0,0.0,0.0,67.6,6.0,,,0.0,88.0,2,-2,0.926,0.074,29,32,29,33,1,3,2.0,1,4.0,2.0,1.37,1.09,1.09,61.7,-3.738050703594367,31.056384188333496,29.156239217519023,36.26040286616001,14.310090477388975
FC,2024-06-05,91.0,1.05,6.79,"Yelich, Christian",592885,621237,,ball,,,,,13.0,,R,L,L,PHI,MIL,B,,,0,2,2024,-0.18,0.12,-1.814262870655463,1.4870950738669122,,,661388.0,1,9,Top,,,,,,,-6.864485457448338,-132.23917416148598,-7.724367011782736,-0.6697605707182658,27.295163403413707,-29.36022061010284,3.43306171978879,1.66787509285463,,,,92.0,2087.0,6.9,745570,596117,547180,681082,664761,624641,593160,665506,592206,53.59,,,,,,,,61,3,Cutter,2,0,0,2,0,2,0,2,Strategic,Standard,173.0,-0.006,0.022,,,,,-0.022,,2,-2,0.932,0.068,29,32,29,33,1,3,2.0,1,4.0,2.0,2.64,-0.18,-0.18,68.0,,,,,
FC,2024-06-05,91.6,1.08,6.68,"Yelich, Christian",592885,621237,,swinging_strike,,,,,13.0,,R,L,L,PHI,MIL,S,,,0,1,2024,0.02,0.19,-1.5746389723207064,1.5332384098324114,,,661388.0,1,9,Top,,,,,,,-6.820000835346172,-132.9814854751498,-7.517378777830319,1.8892751844896083,31.543420217272747,-28.39588773302932,3.33,1.63,,,,92.1,2017.0,7.0,745570,596117,547180,681082,664761,624641,593160,665506,592206,53.52,,,,,,,,61,2,Cutter,2,0,0,2,0,2,0,2,Standard,Standard,163.0,0.014,-0.052,70.7,8.4,10.088304732,,0.052,,2,-2,0.918,0.082,29,32,29,33,1,3,2.0,1,4.0,2.0,2.57,0.02,0.02,63.1,21.757198305559548,-7.5249657323501795,28.543944507172316,56.250802351359816,36.69358896542308
KC,2024-06-05,80.0,-1.79,5.27,"Yelich, Christian",592885,605400,strikeout,swinging_strike,,,,,9.0,Christian Yelich strikes out swinging.,R,L,R,PHI,MIL,S,2.0,,3,2,2024,0.94,-0.78,0.7885038437470323,1.8247409557786745,,,,2,1,Top,,,,,,,3.928801192827428,-116.38494632225834,0.6458544475746224,7.712701139372151,23.53746192376644,-39.593868383416925,3.33,1.63,,,,80.1,2694.0,6.6,745570,596117,547180,681082,664761,624641,593160,665506,592206,53.95,,0.0,0.0,1.0,0.0,0.0,,3,6,Knuckle Curve,0,0,0,0,0,0,0,0,Infield shade,Standard,55.0,0.012,-0.325,74.4,9.0,0.287131032,,0.325,,0,0,0.536,0.464,31,32,31,33,1,0,5.0,1,8.0,2.0,4.37,-0.94,0.94,23.5,35.783584797986165,-41.17638817701812,38.06732825100082,28.66061047929889,54.805457661725896
SI,2024-06-05,97.6,1.07,6.63,"Yelich, Christian",592885,621237,,called_strike,,,,,7.0,,R,L,L,PHI,MIL,S,,,0,0,2024,1.14,1.15,-0.5704770005390236,1.8802230894456904,,,661388.0,1,9,Top,,,,,,,-7.131941942701368,-141.63090989012778,-10.016991827625946,16.972403215069637,32.515727848232466,-14.602581853042205,3.45836110858847,1.76886048453414,,,,98.7,2046.0,7.1,745570,596117,547180,681082,664761,624641,593160,665506,592206,53.42,,,,,,,,61,1,Sinker,2,0,0,2,0,2,0,2,Standard,Standard,152.0,0.008,-0.04,,,,,0.04,,2,-2,0.91,0.09,29,32,29,33,1,3,2.0,1,4.0,2.0,1.26,1.14,1.14,61.3,,,,,
FC,2024-06-05,88.8,-1.74,5.19,"Yelich, Christian",592885,605400,,ball,,,,,14.0,,R,L,R,PHI,MIL,B,,,2,2,2024,0.05,0.57,1.3184291100875454,1.19247770816066,,,,2,1,Top,,,,,,,7.462468998695389,-129.16222857749426,-4.9773191570496325,-1.0009427116847114,26.694945799105145,-24.902081133558013,3.23163706217358,1.63054516374663,,,,89.8,2355.0,6.9,745570,596117,547180,681082,664761,624641,593160,665506,592206,53.6,,,,,,,,3,5,Cutter,0,0,0,0,0,0,0,0,Infield shade,Standard,214.0,-0.004,0.106,,,,,-0.106,,0,0,0.54,0.46,31,32,31,33,1,0,5.0,1,8.0,2.0,2.32,-0.05,0.05,21.3,,,,,
SI,2024-06-05,93.1,-1.77,5.13,"Yelich, Christian",592885,605400,,ball,,,,,3.0,,R,L,R,PHI,MIL,B,,,1,2,2024,-1.36,0.66,0.7946161653838693,2.9490909655330224,,,,2,1,Top,,,,,,,9.68823474554283,-135.1903663119149,-1.2067847224667614,-18.90184964743557,32.301744008932346,-24.1109563137855,3.33893958899162,1.67194823663881,,,,93.8,2326.0,7.0,745570,596117,547180,681082,664761,624641,593160,665506,592206,53.47,,,,,,,,3,4,Sinker,0,0,0,0,0,0,0,0,Infield shade,Standard,225.0,-0.001,0.039,,,,,-0.039,,0,0,0.541,0.459,31,32,31,33,1,0,5.0,1,8.0,2.0,2.0,1.36,-1.36,20.7,,,,,
KC,2024-06-05,79.6,-1.74,5.23,"Yelich, Christian",592885,605400,,foul,,,,,9.0,,R,L,R,PHI,MIL,S,,,1,1,2024,1.02,-0.82,0.3384957538635689,1.8529453006830985,,,,2,1,Top,,,,,,,2.668036686999216,-115.87183421780148,0.9438432107004102,8.540039389399894,23.65607523845093,-39.91472581827803,3.33,1.63,5.0,103.3,-24.0,79.8,2649.0,6.6,745570,596117,547180,681082,664761,624641,593160,665506,592206,53.87,,,,,,,,3,3,Knuckle Curve,0,0,0,0,0,0,0,0,Infield shade,Standard,51.0,0.003,-0.064,79.0,8.2,,,0.064,103.3,0,0,0.538,0.462,31,32,31,33,1,0,5.0,1,8.0,2.0,4.44,-1.02,1.02,23.9,21.89901996774142,-16.833850670631186,38.86130754761042,34.15037257519349,44.82034779495344
KC,2024-06-05,79.8,-1.79,5.17,"Yelich, Christian",592885,605400,,ball,,,,,14.0,,R,L,R,PHI,MIL,B,,,0,1,2024,1.2,-0.92,0.8188969951306363,1.085521733889938,,,,2,1,Top,,,,,,,3.488340307505111,-116.1385992502475,-0.4560516716523436,10.089122713747772,24.014975855563783,-40.5688986926368,3.30760305513013,1.63111824142918,,,,80.1,2650.0,6.7,745570,596117,547180,681082,664761,624641,593160,665506,592206,53.81,,,,,,,,3,2,Knuckle Curve,0,0,0,0,0,0,0,0,Infield shade,Standard,60.0,-0.002,0.029,,,,,-0.029,,0,0,0.54,0.46,31,32,31,33,1,0,5.0,1,8.0,2.0,4.53,-1.2,1.2,24.5,,,,,
FF,2024-06-05,93.7,-1.83,5.1,"Yelich, Christian",592885,605400,,foul,,,,,13.0,,R,L,R,PHI,MIL,S,,,0,0,2024,-1.03,1.27,-0.9371755245490396,2.239731332947817,,,,2,1,Top,,,,,,,4.637693448055216,-136.2616281800378,-4.450442063029587,-13.904317483253434,32.88478824366292,-15.642268966298824,3.33,1.63,217.0,73.9,27.0,94.3,2272.0,6.9,745570,596117,547180,681082,664761,624641,593160,665506,592206,53.6,,,,,,,,3,1,4-Seam Fastball,0,0,0,0,0,0,0,0,Standard,Standard,228.0,0.002,-0.041,71.8,7.3,,,0.041,88.0,0,0,0.538,0.462,31,32,31,33,1,0,5.0,1,8.0,2.0,1.35,1.03,-1.03,19.6,-1.3862961190131804,14.19542454298122,34.867874978690146,47.96082424707999,16.741892780510362
SL,2024-06-04,86.3,1.73,6.32,"Yelich, Christian",592885,650911,field_out,hit_into_play,,,,,7.0,"Christian Yelich grounds out softly, third baseman Alec Bohm to first baseman Bryce Harper.",R,L,L,PHI,MIL,X,5.0,ground_ball,0,2,2024,-0.04,-0.2,-0.276492632972835,1.5995638124626654,,687401.0,,2,6,Top,106.7,169.04,,,,,-4.757550663148534,-125.5845690780177,-4.65843669170068,0.5298737426339136,25.373197941033546,-33.556680340349025,3.35,1.65,2.0,55.7,-35.0,87.7,2098.0,7.2,745568,592663,547180,681082,664761,624641,621311,679032,592206,53.34,0.131,0.124,0.0,1.0,0.0,0.0,1.0,42,4,Slider,0,1,1,0,1,0,1,0,Standard,Standard,318.0,0.023,-0.193,74.3,8.2,,0.133,0.193,88.0,-1,1,0.373,0.627,27,32,28,33,3,2,6.0,1,8.0,1.0,3.26,-0.04,-0.04,37.9,22.72631883236179,-11.93987155427831,36.75136732901438,40.32595451823674,39.77648817837835
SL,2024-06-04,86.2,1.77,6.26,"Yelich, Christian",592885,650911,,foul,,,,,7.0,,R,L,L,PHI,MIL,S,,,0,2,2024,0.17,-0.51,-0.7156427920475352,1.6066150312471823,,687401.0,,2,6,Top,,,,,,,-6.313691224297307,-125.36877349948954,-3.7714713930776194,3.112026756337748,27.111973133590396,-36.91745491488042,3.35,1.65,1.0,57.4,-51.0,86.8,2017.0,6.8,745568,592663,547180,681082,664761,624641,621311,679032,592206,53.67,,,,,,,,42,3,Slider,0,1,1,0,1,0,1,0,Standard,Standard,325.0,0.0,0.0,71.1,8.0,,,0.0,88.0,-1,1,0.373,0.627,27,32,28,33,3,2,6.0,1,8.0,1.0,3.6,0.17,0.17,32.5,14.96571748682289,7.663137856404199,33.88951213879478,46.98239298551284,24.917181302772278
SI,2024-06-04,95.9,1.79,6.31,"Yelich, Christian",592885,650911,,foul,,,,,12.0,,R,L,L,PHI,MIL,S,,,0,1,2024,1.54,0.54,0.9069151219039387,2.524898010644752,,687401.0,,2,6,Top,,,,,,,-5.892250940994542,-139.48422861033367,-5.687408060031737,21.46884998159817,32.04328870494363,-23.987458493313817,3.35,1.65,,,,96.9,2122.0,6.9,745568,592663,547180,681082,664761,624641,621311,679032,592206,53.56,,,,,,,,42,2,Sinker,0,1,1,0,1,0,1,0,Standard,Standard,123.0,0.01,-0.067,69.1,6.1,,,0.067,,-1,1,0.363,0.637,27,32,28,33,3,2,6.0,1,8.0,1.0,1.94,1.54,1.54,34.5,-3.943781429927122,27.48918037523334,39.61871830777705,26.98381138289084,16.484549112832646
SI,2024-06-04,94.3,1.77,6.27,"Yelich, Christian",592885,650911,,called_strike,,,,,9.0,,R,L,L,PHI,MIL,S,,,0,0,2024,1.54,0.54,0.3869642317718149,2.192429924571895,,687401.0,,2,6,Top,,,,,,,-7.104436070791695,-136.97778308838812,-6.124095556834377,21.011159361182653,31.23823337908085,-24.17923923250094,3.49318134579055,1.80321612655001,,,,95.2,2006.0,7.0,745568,592663,547180,681082,664761,624641,621311,679032,592206,53.54,,,,,,,,42,1,Sinker,0,1,1,0,1,0,1,0,Standard,Standard,124.0,0.006,-0.04,,,,,0.04,,-1,1,0.357,0.643,27,32,28,33,3,2,6.0,1,8.0,1.0,2.04,1.54,1.54,35.6,,,,,
CH,2024-06-04,85.2,1.84,6.26,"Yelich, Christian",592885,650911,single,hit_into_play,,,,,8.0,Christian Yelich singles on a sharp ground ball to right fielder Nick Castellanos.,R,L,L,PHI,MIL,X,9.0,ground_ball,2,2,2024,1.59,0.13,0.0567432263713227,1.9869009991214708,,,,1,4,Top,169.9,134.34,,,,,-7.498199390926725,-123.88398998868686,-4.06632687853326,17.887284561832878,23.14047971282739,-30.22136310656866,3.35,1.65,37.0,101.7,-1.0,86.5,2172.0,7.0,745568,592663,547180,681082,664761,624641,621311,679032,592206,53.48,0.461,0.436,0.9,1.0,1.0,0.0,4.0,25,9,Changeup,0,1,1,0,1,0,1,0,Strategic,Standard,106.0,-0.028,0.453,76.9,8.1,,0.513,-0.453,101.7,-1,1,0.403,0.597,27,32,28,33,2,1,6.0,1,8.0,1.0,3.0,1.59,1.59,29.3,14.515888137056274,-8.067997541423034,37.68141266110513,37.07361365919178,35.365092835139905
SL,2024-06-04,85.0,1.82,6.32,"Yelich, Christian",592885,650911,,foul,,,,,2.0,,R,L,L,PHI,MIL,S,,,2,2,2024,-0.14,-0.22,-0.0660473560530723,3.3143475429746627,,,,1,4,Top,,,,,,,-4.19233109059978,-123.88624742183792,-0.3330106926144381,-0.6110182039234472,23.37778844359716,-34.59816722466411,3.35,1.65,228.0,77.4,45.0,86.3,1983.0,6.9,745568,592663,547180,681082,664761,624641,621311,679032,592206,53.58,,,,,,,,25,8,Slider,0,1,1,0,1,0,1,0,Strategic,Standard,331.0,0.0,0.0,65.4,6.3,,,0.0,88.0,-1,1,0.403,0.597,27,32,28,33,2,1,6.0,1,8.0,1.0,3.35,-0.14,-0.14,35.1,-2.5678146154218893,20.844932286039985,31.254383709340523,39.02328581383236,15.061882727368545
SI,2024-06-04,95.3,1.85,6.3,"Yelich, Christian",592885,650911,,ball,,,,,14.0,,R,L,L,PHI,MIL,B,,,1,2,2024,1.44,0.65,1.757976427754435,1.994163917402707,,,,1,4,Top,,,,,,,-3.503586822524964,-138.5884651970968,-7.212000838145808,19.282734902056006,31.155648254239583,-22.398782988463736,3.31474663618766,1.78987020587195,,,,96.4,2158.0,7.0,745568,592663,547180,681082,664761,624641,621311,679032,592206,53.55,,,,,,,,25,7,Sinker,0,1,1,0,1,0,1,0,Strategic,Standard,121.0,-0.002,0.043,,,,,-0.043,,-1,1,0.405,0.595,27,32,28,33,2,1,6.0,1,8.0,1.0,1.87,1.44,1.44,35.0,,,,,
SI,2024-06-04,95.8,1.77,6.37,"Yelich, Christian",592885,650911,,foul,,,,,8.0,,R,L,L,PHI,MIL,S,,,1,2,2024,1.54,0.81,-0.0509281220979815,1.937749205199156,,,,1,4,Top,,,,,,,-8.385185389224764,-139.14521498741013,-8.003329921849216,21.92312412188515,30.527598399464072,-19.96691635992564,3.35,1.65,14.0,89.6,-6.0,96.8,2121.0,6.9,745568,592663,547180,681082,664761,624641,621311,679032,592206,53.61,,,,,,,,25,6,Sinker,0,1,1,0,1,0,1,0,Strategic,Standard,122.0,0.0,0.0,62.2,6.0,,,0.0,89.6,-1,1,0.405,0.595,27,32,28,33,2,1,6.0,1,8.0,1.0,1.68,1.54,1.54,38.3,-32.30355442927478,47.35318637486989,43.84847537368434,37.89731372318999,-7.761863029926319
CH,2024-06-04,85.5,1.97,6.28,"Yelich, Christian",592885,650911,,foul,,,,,14.0,,R,L,L,PHI,MIL,S,,,1,2,2024,1.65,0.24,1.4536669534284608,1.7988993386450391,,,,1,4,Top,,,,,,,-4.61467415869622,-124.36651996584013,-4.7424015684503615,18.020100296076794,27.076297070611982,-28.92558468311203,3.35,1.65,4.0,80.7,-26.0,86.2,2013.0,7.0,745568,592663,547180,681082,664761,624641,621311,679032,592206,53.55,,,,,,,,25,5,Changeup,0,1,1,0,1,0,1,0,Strategic,Standard,109.0,0.0,0.0,70.4,7.6,,,0.0,88.0,-1,1,0.405,0.595,27,32,28,33,2,1,6.0,1,8.0,1.0,2.91,1.65,1.65,31.6,23.821318063364163,-15.37572727979957,45.656420564592246,20.176179126417253,36.7531951543679
CH,2024-06-04,85.1,2.0,6.18,"Yelich, Christian",592885,650911,,foul,,,,,13.0,,R,L,L,PHI,MIL,S,,,1,2,2024,1.64,0.08,-0.0305417889194106,1.095551610830741,,,,1,4,Top,,,,,,,-8.172429399019602,-123.52420349318858,-5.817004741070937,18.46052497405283,24.487875671554196,-30.350683207159605,3.35,1.65,,,,86.1,2054.0,7.1,745568,592663,547180,681082,664761,624641,621311,679032,592206,53.44,,,,,,,,25,4,Changeup,0,1,1,0,1,0,1,0,Strategic,Standard,107.0,0.0,0.0,68.2,8.4,,,0.0,,-1,1,0.405,0.595,27,32,28,33,2,1,6.0,1,8.0,1.0,3.08,1.64,1.64,28.9,23.966350626411423,-7.47827541054987,39.26664756069712,37.33514049395224,34.49239789223437
SI,2024-06-04,94.8,1.82,6.32,"Yelich, Christian",592885,650911,,foul,,,,,9.0,,R,L,L,PHI,MIL,S,,,1,1,2024,1.56,0.64,0.4551864231640086,1.6427528312355535,,,,1,4,Top,,,,,,,-7.15358656345527,-137.72271607086125,-8.01262740137894,21.485621997799225,32.39478015356987,-22.33947403367485,3.35,1.65,1.0,70.6,-52.0,95.5,2097.0,6.9,745568,592663,547180,681082,664761,624641,621311,679032,592206,53.58,,,,,,,,25,3,Sinker,0,1,1,0,1,0,1,0,Standard,Standard,121.0,0.004,-0.061,70.4,7.0,,,0.061,88.0,-1,1,0.401,0.599,27,32,28,33,2,1,6.0,1,8.0,1.0,1.92,1.56,1.56,31.4,-2.423075508159454,18.06717757371013,41.31148610461199,32.18213342199173,19.522412999844477
SL,2024-06-04,86.2,1.79,6.3,"Yelich, Christian",592885,650911,,ball,,,,,13.0,,R,L,L,PHI,MIL,B,,,0,1,2024,-0.18,-0.26,-0.8228481461133834,1.382772593372268,,,,1,4,Top,,,,,,,-5.895976151536766,-125.2947423701858,-4.917065843287494,-0.614329787836048,26.65595301483367,-34.07933358978393,3.35454512895565,1.8547429976019,,,,86.8,2231.0,6.9,745568,592663,547180,681082,664761,624641,621311,679032,592206,53.65,,,,,,,,25,2,Slider,0,1,1,0,1,0,1,0,Standard,Standard,305.0,-0.002,0.024,,,,,-0.024,,-1,1,0.403,0.597,27,32,28,33,2,1,6.0,1,8.0,1.0,3.35,-0.18,-0.18,36.1,,,,,
SL,2024-06-04,83.8,1.84,6.34,"Yelich, Christian",592885,650911,,called_strike,,,,,3.0,,R,L,L,PHI,MIL,S,,,0,0,2024,-0.13,-0.23,0.6735083559352175,3.011396939896476,,,,1,4,Top,,,,,,,-2.4771856411227247,-122.1395819760311,-0.8656151405687242,-0.8043691038186961,23.597842521423686,-34.49651940098668,3.35985874228123,1.86047234427112,,,,84.8,2154.0,6.8,745568,592663,547180,681082,664761,624641,621311,679032,592206,53.69,,,,,,,,25,1,Slider,0,1,1,0,1,0,1,0,Standard,Standard,296.0,0.003,-0.037,,,,,0.037,,-1,1,0.4,0.6,27,32,28,33,2,1,6.0,1,8.0,1.0,3.46,-0.13,-0.13,37.8,,,,,
FF,2024-06-04,93.5,3.37,5.41,"Yelich, Christian",592885,621381,single,hit_into_play,,,,,14.0,Christian Yelich singles on a ground ball to right fielder Nick Castellanos. William Contreras to 2nd.,R,L,L,PHI,MIL,X,9.0,ground_ball,0,0,2024,1.29,1.19,0.2733078988717297,1.4877548776716485,,,661388.0,0,9,Top,171.08,129.81,,,,,-10.79882005699278,-135.62593586354026,-6.9245939602512925,18.322541269945948,30.917487025092782,-16.09052600426467,3.35,1.65,19.0,94.5,-4.0,93.0,2449.0,6.3,745568,592663,547180,681082,664761,624641,665506,679032,592206,54.21,0.333,0.311,0.9,1.0,1.0,0.0,2.0,65,1,4-Seam Fastball,1,1,1,1,1,1,1,1,Standard,Standard,135.0,-0.113,0.449,76.7,8.0,,0.355,-0.449,94.5,0,0,0.419,0.581,32,32,33,33,1,3,2.0,1,5.0,1.0,1.44,1.29,1.29,31.0,14.394653123716122,-3.482666234661522,43.17974364823513,34.417117951135936,31.009713124321262
SL,2024-06-04,86.4,1.83,6.3,"Yelich, Christian",592885,650911,field_out,hit_into_play,,,,,13.0,Christian Yelich grounds out to pitcher Cristopher Sánchez.,R,L,L,PHI,MIL,X,1.0,ground_ball,0,1,2024,-0.15,-0.33,-0.4657876680964696,1.2762433407932727,,,,2,1,Top,139.48,177.06,,,,,-5.205064008593205,-125.79852457396848,-5.133375079505461,-0.5722867910330897,24.989458516488053,-34.841466617758854,3.35,1.65,1.0,62.4,-59.0,87.3,2196.0,6.8,745568,592663,547180,681082,664761,624641,621311,679032,592206,53.74,0.276,0.248,0.0,1.0,0.0,0.0,2.0,3,2,Slider,0,0,0,0,0,0,0,0,Standard,Standard,314.0,0.008,-0.215,73.8,8.0,,0.278,0.215,88.0,0,0,0.54,0.46,27,32,28,33,1,0,6.0,1,8.0,1.0,3.37,-0.15,-0.15,34.1,11.817444906339622,-2.404094247534099,37.13307196104319,43.06871985579054,31.210860137670316
SI,2024-06-04,95.4,1.76,6.33,"Yelich, Christian",592885,650911,,called_strike,,,,,9.0,,R,L,L,PHI,MIL,S,,,0,0,2024,1.49,0.7,0.5316579001556707,1.7563728391905475,,,,2,1,Top,,,,,,,-6.666797168776574,-138.55043797682245,-8.035761357019613,20.736992393614013,30.863932700827775,-21.48020517921453,3.29291767502609,1.75788870824555,,,,96.2,2130.0,6.9,745568,592663,547180,681082,664761,624641,621311,679032,592206,53.63,,,,,,,,3,1,Sinker,0,0,0,0,0,0,0,0,Standard,Standard,117.0,0.002,-0.041,,,,,0.041,,0,0,0.538,0.462,27,32,28,33,1,0,6.0,1,8.0,1.0,1.81,1.49,1.49,33.2,,,,,
FS,2024-06-03,86.6,-2.16,5.24,"Yelich, Christian",592885,554430,field_out,hit_into_play,,,,,13.0,"Christian Yelich grounds out softly, pitcher Zack Wheeler to first baseman Bryce Harper.",R,L,R,PHI,MIL,X,1.0,ground_ball,0,1,2024,-1.08,0.49,-0.0407078046453444,1.2111850435053433,,,,2,6,Top,120.77,189.67,,,,,7.398532017161524,-125.8971942436542,-4.496528479133188,-12.991452591789272,24.398407242380223,-26.28718896877396,3.36,1.66,0.0,57.6,-71.0,88.3,1601.0,7.3,745569,592663,547180,681082,664761,624641,621311,679032,592206,53.19,0.185,0.256,0.0,1.0,0.0,0.0,1.0,42,2,Split-Finger,3,0,0,3,0,3,0,3,Standard,Standard,236.0,0.008,-0.215,73.0,8.3,,0.187,0.215,88.0,3,-3,0.903,0.097,34,32,34,33,3,2,6.0,1,8.0,1.0,2.55,1.08,-1.08,20.7,21.749425158127828,-8.241189930878534,39.69317117761302,37.98406848431358,40.418225793904526
FF,2024-06-03,93.0,-2.16,5.31,"Yelich, Christian",592885,554430,,called_strike,,,,,9.0,,R,L,R,PHI,MIL,S,,,0,0,2024,-0.64,1.1,0.7797708030345688,1.939174669915338,,,,2,6,Top,,,,,,,9.134305879610809,-135.08550229347148,-5.392221327941977,-9.819120394295402,28.908365194248496,-17.63845054136818,3.31187470559703,1.65985785245267,,,,94.9,2373.0,7.4,745569,592663,547180,681082,664761,624641,621311,679032,592206,53.06,,,,,,,,42,1,4-Seam Fastball,3,0,0,3,0,3,0,3,Standard,Standard,227.0,0.001,-0.041,,,,,0.041,,3,-3,0.902,0.098,34,32,34,33,3,2,6.0,1,8.0,1.0,1.54,0.64,-0.64,27.5,,,,,
SI,2024-06-03,95.2,-2.06,5.25,"Yelich, Christian",592885,554430,strikeout,called_strike,,,,,2.0,Christian Yelich called out on strikes.,R,L,R,PHI,MIL,S,2.0,,3,2,2024,-1.57,0.52,0.0041579804492151,3.308550706971184,,,,0,4,Top,,,,,,,9.121878389944785,-138.37702292203386,-0.5586149800788258,-22.21773185137466,32.46019941723429,-25.651466591526177,3.26384349030863,1.65985785245267,,,,96.6,2306.0,7.3,745569,592663,547180,681082,664761,624641,621311,679032,592206,53.22,,0.0,0.0,1.0,0.0,0.0,,26,6,Sinker,2,0,0,2,0,2,0,2,Standard,Standard,225.0,0.034,-0.333,,,,,0.333,,2,-2,0.722,0.278,34,32,34,33,2,1,6.0,1,8.0,1.0,2.01,1.57,-1.57,25.0,,,,,
FS,2024-06-03,85.3,-2.11,5.27,"Yelich, Christian",592885,554430,,ball,,,,,13.0,,R,L,R,PHI,MIL,B,,,2,2,2024,-1.2,0.72,-0.3918577873709432,1.1694313739197684,,,,0,4,Top,,,,,,,6.605238288735515,-124.00937817475923,-4.841339373181786,-13.68023092495534,26.325759705624023,-23.910233088989912,3.2158187359844,1.65985785245267,,,,86.9,1482.0,7.5,745569,592663,547180,681082,664761,624641,621311,679032,592206,52.99,,,,,,,,26,5,Split-Finger,2,0,0,2,0,2,0,2,Standard,Standard,236.0,-0.011,0.107,,,,,-0.107,,2,-2,0.733,0.267,34,32,34,33,2,1,6.0,1,8.0,1.0,2.43,1.2,-1.2,26.7,,,,,
FC,2024-06-03,90.5,-2.2,5.21,"Yelich, Christian",592885,554430,,foul,,,,,6.0,,R,L,R,PHI,MIL,S,,,2,1,2024,0.25,0.82,0.7229108642442668,2.6779669834779574,,,,0,4,Top,,,,,,,6.8921084538842665,-131.6468906922185,-2.1491241690802134,1.3737053678396056,28.395222983607763,-22.420149428397384,3.36,1.66,235.0,100.7,16.0,91.9,2509.0,7.2,745569,592663,547180,681082,664761,624641,621311,679032,592206,53.3,,,,,,,,26,4,Cutter,2,0,0,2,0,2,0,2,Standard,Standard,208.0,0.008,-0.069,80.4,7.9,,,0.069,100.7,2,-2,0.725,0.275,34,32,34,33,2,1,6.0,1,8.0,1.0,1.97,-0.25,0.25,24.2,19.24579205709378,-17.061053955508843,36.70698044510988,29.50807525628022,34.2399878398082
FF,2024-06-03,94.0,-2.18,5.42,"Yelich, Christian",592885,554430,,called_strike,,,,,1.0,,R,L,R,PHI,MIL,S,,,2,0,2024,-0.61,1.13,-0.7721262952443901,3.2262214090850607,,,,0,4,Top,,,,,,,5.098126660402777,-136.8961854484373,-2.5116943563941208,-8.843491842727335,30.34124958612384,-17.607394462251857,3.31187470559703,1.65985785245267,,,,95.6,2350.0,7.2,745569,592663,547180,681082,664761,624641,621311,679032,592206,53.32,,,,,,,,26,3,4-Seam Fastball,2,0,0,2,0,2,0,2,Standard,Standard,225.0,0.009,-0.065,,,,,0.065,,2,-2,0.716,0.284,34,32,34,33,2,1,6.0,1,8.0,1.0,1.45,0.61,-0.61,26.9,,,,,
CU,2024-06-03,80.5,-2.22,5.47,"Yelich, Christian",592885,554430,,ball,,,,,11.0,,R,L,R,PHI,MIL,B,,,1,0,2024,0.96,-0.68,-2.071920817779869,3.458416858557145,,,,0,4,Top,,,,,,,-1.506735586528257,-117.25020565654216,3.512171998096136,9.138158772551032,21.596361449645336,-39.28274353030712,3.26384349030863,1.65985785245267,,,,81.2,2670.0,6.7,745569,592663,547180,681082,664761,624641,621311,679032,592206,53.82,,,,,,,,26,2,Curveball,2,0,0,2,0,2,0,2,Standard,Standard,62.0,-0.009,0.069,,,,,-0.069,,2,-2,0.725,0.275,34,32,34,33,2,1,6.0,1,8.0,1.0,4.18,-0.96,0.96,26.9,,,,,
FF,2024-06-03,93.8,-2.17,5.44,"Yelich, Christian",592885,554430,,ball,,,,,11.0,,R,L,R,PHI,MIL,B,,,0,0,2024,-0.76,1.05,-0.731837564099841,4.2990828044293705,,,,0,4,Top,,,,,,,5.5226033665068455,-136.58720195373243,0.4564529984571507,-10.722316369840136,29.842333648819007,-19.28076878195101,3.2158187359844,1.65985785245267,,,,95.6,2344.0,7.3,745569,592663,547180,681082,664761,624641,621311,679032,592206,53.2,,,,,,,,26,1,4-Seam Fastball,2,0,0,2,0,2,0,2,Standard,Standard,226.0,-0.004,0.038,,,,,-0.038,,2,-2,0.729,0.271,34,32,34,33,2,1,6.0,1,8.0,1.0,1.53,0.76,-0.76,25.7,,,,,
FC,2024-06-03,92.3,-2.09,5.26,"Yelich, Christian",592885,554430,field_out,hit_into_play,,,,,2.0,Christian Yelich pops out to shortstop Edmundo Sosa.,R,L,R,PHI,MIL,X,6.0,popup,1,0,2024,0.05,0.69,0.1627223474050267,3.209504083591604,,,,2,1,Top,110.84,128.88,,,,,5.702919698186034,-134.523342390294,-1.016951601874033,-0.4464957592010834,24.06482197106201,-23.70100713422657,3.36,1.66,183.0,67.8,50.0,94.3,2584.0,7.0,745569,592663,547180,681082,664761,624641,621311,679032,592206,53.5,0.126,0.114,0.0,1.0,0.0,0.0,3.0,3,2,Cutter,0,0,0,0,0,0,0,0,Strategic,Standard,217.0,0.011,-0.295,71.6,7.4,,0.142,0.295,88.0,0,0,0.537,0.463,34,32,34,33,1,0,6.0,1,8.0,1.0,1.94,-0.05,0.05,23.8,15.347220953402788,4.065725922892158,30.26221199501783,34.65023275888676,26.462255391194265
FF,2024-06-03,96.8,-2.1,5.32,"Yelich, Christian",592885,554430,,ball,,,,,1.0,,R,L,R,PHI,MIL,B,,,0,0,2024,-0.8,0.8,-0.6550147844903264,2.965324814262015,,,,2,1,Top,,,,,,,5.779273264831128,-140.93042351138982,-2.6285522351788475,-11.92196026541289,29.27302829103799,-21.128331303737195,3.24000809145243,1.68483199606798,,,,98.7,2320.0,7.1,745569,592663,547180,681082,664761,624641,621311,679032,592206,53.36,,,,,,,,3,1,4-Seam Fastball,0,0,0,0,0,0,0,0,Strategic,Standard,224.0,-0.001,0.04,,,,,-0.04,,0,0,0.538,0.462,34,32,34,33,1,0,6.0,1,8.0,1.0,1.62,0.8,-0.8,24.5,,,,,
FC,2024-06-03,91.3,1.15,6.75,"Yelich, Christian",592885,621237,strikeout,swinging_strike,,,,,13.0,Christian Yelich strikes out swinging.,R,L,L,PHI,MIL,S,2.0,,0,2,2024,0.0,0.14,-0.85136798310183,1.5587460297986206,,,,0,9,Top,,,,,,,-5.055756076274862,-132.81265195410106,-7.509842119614049,1.0252298487615086,26.095564978614487,-29.25916751945156,3.36,1.66,,,,91.7,2088.0,6.3,745569,592663,547180,681082,664761,624641,665506,679032,592206,54.16,,0.0,0.0,1.0,0.0,0.0,,62,3,Cutter,3,1,1,3,1,3,1,3,Standard,Standard,152.0,0.023,-0.163,70.7,7.8,2.951290884,,0.163,,2,-2,0.94,0.06,29,32,29,33,1,3,1.0,1,2.0,1.0,2.58,0.0,0.0,71.0,7.02500400886098,6.411645891418302,31.538338660282765,48.41696177119893,23.212784066518463
FC,2024-06-03,91.0,0.96,6.84,"Yelich, Christian",592885,621237,,called_strike,,,,,1.0,,R,L,L,PHI,MIL,S,,,0,1,2024,0.03,0.68,-0.7728746868894997,3.0038188504080274,,,,0,9,Top,,,,,,,-4.466799732632686,-132.50616809061816,-5.3227992033410505,1.1774456209757331,24.46537678770073,-23.270166194170915,3.35991241769054,1.70773469610369,,,,92.5,2090.0,6.9,745569,592663,547180,681082,664761,624641,665506,679032,592206,53.64,,,,,,,,62,2,Cutter,3,1,1,3,1,3,1,3,Standard,Standard,161.0,0.01,-0.054,,,,,0.054,,2,-2,0.93,0.07,29,32,29,33,1,3,1.0,1,2.0,1.0,2.04,0.03,0.03,73.3,,,,,
SI,2024-06-03,96.2,1.06,6.77,"Yelich, Christian",592885,621237,,called_strike,,,,,8.0,,R,L,L,PHI,MIL,S,,,0,0,2024,0.7,1.54,0.1421568588029337,2.151124533958943,,,,0,9,Top,,,,,,,-4.025627539082618,-139.85342005776576,-10.23805155860179,10.042748552265817,29.81938468477832,-9.838666432147631,3.35991241769054,1.6119865614146,,,,96.9,2098.0,6.6,745569,592663,547180,681082,664761,624641,665506,679032,592206,53.88,,,,,,,,62,1,Sinker,3,1,1,3,1,3,1,3,Standard,Standard,158.0,0.006,-0.037,,,,,0.037,,2,-2,0.924,0.076,29,32,29,33,1,3,1.0,1,2.0,1.0,0.91,0.7,0.7,65.7,,,,,
CU,2024-06-02,78.0,-1.81,5.66,"Yelich, Christian",592885,680897,field_out,hit_into_play,,,,,5.0,Christian Yelich flies out to second baseman Nicky Lopez.,R,L,R,MIL,CWS,X,4.0,fly_ball,3,2,2024,0.24,-0.71,0.1268189202538581,2.659291280232978,,,,1,3,Bot,176.75,144.33,,,,,3.77051805409564,-113.59636110549722,1.7207330795598643,1.4156556136783245,19.810900122810573,-38.83153593257646,3.36,1.66,186.0,94.3,60.0,78.9,2319.0,6.8,745984,686676,657757,670032,672820,657557,502054,666150,693049,53.7,0.013,0.017,0.0,1.0,0.0,0.0,3.0,25,8,Curveball,4,2,4,2,2,4,4,2,Standard,Standard,40.0,-0.015,-0.332,78.1,8.3,,0.023,0.332,94.3,2,2,0.752,0.752,24,32,24,33,2,1,6.0,1,6.0,1.0,4.43,-0.24,0.24,49.0,25.431370798592503,-20.08616280285211,31.41338677239348,35.91133076487196,46.577025898720166
SL,2024-06-02,85.0,-2.01,5.65,"Yelich, Christian",592885,680897,,foul,,,,,5.0,,R,L,R,MIL,CWS,S,,,3,2,2024,0.2,0.01,-0.0562345608405684,2.7925433289920143,,,,1,3,Bot,,,,,,,4.203356303891056,-123.7067180426492,-0.2975512089037052,1.055225360283987,28.52151303751285,-32.20661289527186,3.36,1.66,237.0,72.5,41.0,85.1,2242.0,6.7,745984,686676,657757,670032,672820,657557,502054,666150,693049,53.81,,,,,,,,25,7,Slider,4,2,4,2,2,4,4,2,Standard,Standard,78.0,0.0,0.0,76.8,8.5,,,0.0,88.0,2,2,0.752,0.752,24,32,24,33,2,1,6.0,1,6.0,1.0,3.18,-0.2,0.2,46.2,21.4092640019176,-17.34986297709731,31.8867074115881,37.36802500653386,37.099966790765606
CU,2024-06-02,80.1,-1.84,5.58,"Yelich, Christian",592885,680897,,foul,,,,,13.0,,R,L,R,MIL,CWS,S,,,3,2,2024,0.04,-0.78,-0.3055722729870005,0.9648907635440483,,,,1,3,Bot,,,,,,,3.3080427678296624,-116.54940650257352,-1.957263837008651,-0.2800423949463511,23.473115711640787,-39.0966345507689,3.36,1.66,,,,80.1,2377.0,6.5,745984,686676,657757,670032,672820,657557,502054,666150,693049,54.05,,,,,,,,25,6,Curveball,4,2,4,2,2,4,4,2,Standard,Standard,30.0,0.0,0.0,74.3,8.5,,,0.0,,2,2,0.752,0.752,24,32,24,33,2,1,6.0,1,6.0,1.0,4.36,-0.04,0.04,47.5,21.738089680910345,-6.241725967086022,41.12162017689994,39.97361948675618,38.297727954901305
FF,2024-06-02,94.1,-2.0,5.76,"Yelich, Christian",592885,680897,,ball,,,,,11.0,,R,L,R,MIL,CWS,B,,,2,2,2024,-0.38,1.54,-1.1322796671925774,3.9334411776293696,,,,1,3,Bot,,,,,,,3.0977571742675654,-136.9709500584238,-2.442710940405441,-5.431414284610367,31.04049491843468,-12.454638245115913,3.24666178814779,1.64862123618801,,,,94.3,2288.0,6.5,745984,686676,657757,670032,672820,657557,502054,666150,693049,54.03,,,,,,,,25,5,4-Seam Fastball,4,2,4,2,2,4,4,2,Standard,Standard,197.0,0.005,0.108,,,,,-0.108,,2,2,0.747,0.747,24,32,24,33,2,1,6.0,1,6.0,1.0,1.04,0.38,-0.38,44.5,,,,,
SL,2024-06-02,84.8,-1.9,5.61,"Yelich, Christian",592885,680897,,foul,,,,,9.0,,R,L,R,MIL,CWS,S,,,2,1,2024,0.23,0.11,0.5612038443507182,2.1294859757280453,,,,1,3,Bot,,,,,,,5.327549650662577,-123.37315359993578,-1.926649000148792,1.132208029542266,27.837629151106217,-30.906194583634324,3.36,1.66,5.0,73.6,-24.0,84.9,2240.0,6.7,745984,686676,657757,670032,672820,657557,502054,666150,693049,53.81,,,,,,,,25,4,Slider,4,2,4,2,2,4,4,2,Standard,Standard,89.0,-0.004,-0.078,79.2,8.6,,,0.078,88.0,2,2,0.751,0.751,24,32,24,33,2,1,6.0,1,6.0,1.0,3.1,-0.23,0.23,43.5,31.579162905889916,-25.781294502874445,38.22216828877162,30.99664616805905,47.07553650546938
SL,2024-06-02,83.3,-1.79,5.63,"Yelich, Christian",592885,680897,,swinging_strike,,,,,9.0,,R,L,R,MIL,CWS,S,,,2,0,2024,0.17,-0.02,0.6014101475085997,1.734372056073854,,,,1,3,Bot,,,,,,,5.185989748531028,-121.0889146037606,-2.3486683437074563,0.5053131727030079,27.43385901057474,-32.11682980233845,3.36,1.66,,,,83.3,2202.0,6.7,745984,686676,657757,670032,672820,657557,502054,666150,693049,53.76,,,,,,,,25,3,Slider,4,2,4,2,2,4,4,2,Standard,Standard,68.0,-0.003,-0.065,75.8,8.8,2.030734776,,0.065,,2,2,0.754,0.754,24,32,24,33,2,1,6.0,1,6.0,1.0,3.36,-0.17,0.17,45.9,33.96579151365311,-38.12127825869809,39.6884423599503,30.97632279067729,54.85919150576153
SL,2024-06-02,84.6,-1.98,5.64,"Yelich, Christian",592885,680897,,ball,,,,,14.0,,R,L,R,MIL,CWS,B,,,1,0,2024,0.25,0.09,0.391535110134688,1.3686882747695015,,,,1,3,Bot,,,,,,,5.064942513145346,-123.18555313846106,-3.867940005569303,1.5914805238193317,22.867623549815796,-30.6758485629267,3.25014715122233,1.65228795867108,,,,85.2,2284.0,6.5,745984,686676,657757,670032,672820,657557,502054,666150,693049,53.99,,,,,,,,25,2,Slider,4,2,4,2,2,4,4,2,Standard,Standard,99.0,0.003,0.072,,,,,-0.072,,2,2,0.751,0.751,24,32,24,33,2,1,6.0,1,6.0,1.0,3.07,-0.25,0.25,44.0,,,,,
FF,2024-06-02,94.5,-1.87,5.75,"Yelich, Christian",592885,680897,,ball,,,,,13.0,,R,L,R,MIL,CWS,B,,,0,0,2024,-0.66,1.61,-0.4217072293869691,0.7470977466929334,,,,1,3,Bot,,,,,,,5.270281300521029,-137.1705304355279,-10.979477566685674,-9.484752097934038,30.53404954059565,-9.555226889299597,3.27500593031712,1.64185592862343,,,,95.0,2415.0,6.8,745984,686676,657757,670032,672820,657557,502054,666150,693049,53.74,,,,,,,,25,1,4-Seam Fastball,4,2,4,2,2,4,4,2,Standard,Standard,197.0,0.002,0.039,,,,,-0.039,,2,2,0.749,0.749,24,32,24,33,2,1,6.0,1,6.0,1.0,0.95,0.66,-0.66,45.1,,,,,
SL,2024-06-02,86.0,-2.09,5.69,"Yelich, Christian",592885,680897,field_out,hit_into_play,,,,,8.0,"Christian Yelich grounds out, second baseman Nicky Lopez to first baseman Gavin Sheets.",R,L,R,MIL,CWS,X,4.0,ground_ball,0,1,2024,0.09,0.22,-0.0755887054880706,1.696359689449527,,,,2,1,Bot,151.91,141.65,,,,,4.613833651919535,-125.2319151493052,-3.74586787301171,0.1131642024559804,23.29161802406701,-29.32716742435924,3.36,1.66,104.0,80.5,8.0,86.7,2203.0,6.5,745984,686676,657757,670032,672820,657557,502054,666150,693049,53.99,0.355,0.342,0.0,1.0,0.0,0.0,4.0,10,2,Slider,0,2,0,2,2,0,0,2,Standard,Standard,93.0,-0.009,-0.215,79.4,8.3,,0.42,0.215,88.0,-2,-2,0.311,0.311,24,32,24,33,1,0,6.0,1,6.0,1.0,2.84,-0.09,0.09,43.1,18.529934329614413,-11.000425106383576,40.82100452043158,37.96725424679362,38.12731153520777
CU,2024-06-02,79.5,-2.0,5.72,"Yelich, Christian",592885,680897,,called_strike,,,,,6.0,,R,L,R,MIL,CWS,S,,,0,0,2024,0.32,-0.86,0.3151624615505157,2.202245449602034,,,,2,1,Bot,,,,,,,4.489358127599089,-115.80700082586512,0.6241776976767379,2.0783126663245284,20.85759159033956,-40.22321528434552,3.16966413913814,1.57332738810621,,,,79.9,2325.0,6.4,745984,686676,657757,670032,672820,657557,502054,666150,693049,54.07,,,,,,,,10,1,Curveball,0,2,0,2,2,0,0,2,Standard,Standard,36.0,-0.002,-0.041,,,,,0.041,,-2,-2,0.313,0.313,24,32,24,33,1,0,6.0,1,6.0,1.0,4.44,-0.32,0.32,45.4,,,,,
SL,2024-06-02,86.7,2.65,6.03,"Yelich, Christian",592885,621383,field_out,hit_into_play,,,,,8.0,"Christian Yelich grounds out, second baseman Nicky Lopez to first baseman Gavin Sheets.",R,L,L,MIL,CWS,X,4.0,ground_ball,3,1,2024,-0.48,0.44,0.0845431949888151,1.9546685611001695,,,,2,5,Bot,151.65,154.16,,,,,-5.1296234429245215,-126.3030494534233,-4.521784375230557,-4.277990371733153,22.21009140939068,-26.84124395661301,3.36,1.66,21.0,106.4,-4.0,86.8,2422.0,6.0,745984,686676,657757,670032,672820,657557,502054,666150,693049,54.48,0.417,0.377,0.0,1.0,0.0,0.0,2.0,41,5,Slider,4,3,4,3,3,4,4,3,Standard,Standard,216.0,-0.015,-0.414,74.2,7.7,,0.439,0.414,106.4,1,1,0.675,0.675,32,32,33,33,1,2,4.0,1,2.0,1.0,2.56,-0.48,-0.48,49.2,5.408985855786564,-4.20494476427317,38.46650159452621,35.60595061843359,30.86326552397549
SL,2024-06-02,88.2,2.6,6.07,"Yelich, Christian",592885,621383,,ball,,,,,13.0,,R,L,L,MIL,CWS,B,,,2,1,2024,-0.38,0.54,-1.1202077419993397,2.229952269390062,,,,2,5,Bot,,,,,,,-8.238070708879638,-128.29693571628297,-4.443966335161522,-2.7916458802784656,22.420654767972927,-25.4737726558424,3.31244189911681,1.68800814409901,,,,88.4,2428.0,6.1,745984,686676,657757,670032,672820,657557,502054,666150,693049,54.38,,,,,,,,41,4,Slider,4,3,4,3,3,4,4,3,Standard,Standard,204.0,0.003,0.112,,,,,-0.112,,1,1,0.672,0.672,32,32,33,33,1,2,4.0,1,2.0,1.0,2.35,-0.38,-0.38,50.9,,,,,
SI,2024-06-02,92.4,2.41,6.19,"Yelich, Christian",592885,621383,,ball,,,,,14.0,,R,L,L,MIL,CWS,B,,,1,1,2024,0.81,0.7,0.765438598083986,1.264572375947438,,,,2,5,Bot,,,,,,,-5.901206598166551,-134.43307633816156,-8.271455773293109,11.056142929643732,25.9193712090796,-22.14475178824443,3.33194439826513,1.70734212897535,,,,92.3,2739.0,6.0,745984,686676,657757,670032,672820,657557,502054,666150,693049,54.54,,,,,,,,41,3,Sinker,4,3,4,3,3,4,4,3,Standard,Standard,215.0,0.002,0.058,,,,,-0.058,,1,1,0.67,0.67,32,32,33,33,1,2,4.0,1,2.0,1.0,1.94,0.81,0.81,47.5,,,,,
ST,2024-06-02,82.4,2.84,5.83,"Yelich, Christian",592885,621383,,ball,,,,,13.0,,R,L,L,MIL,CWS,B,,,0,1,2024,-0.95,0.18,-1.0802825437994756,2.001254877257371,,,,2,5,Bot,,,,,,,-7.029888151719404,-119.82709406206244,-2.5241204785134856,-7.766540738400671,23.14401247181413,-30.118506638605734,3.1041738028866,1.58099422304838,,,,82.1,2288.0,6.1,745984,686676,657757,670032,672820,657557,502054,666150,693049,54.4,,,,,,,,41,2,Sweeper,4,3,4,3,3,4,4,3,Standard,Standard,287.0,0.001,0.029,,,,,-0.029,,1,1,0.669,0.669,32,32,33,33,1,2,4.0,1,2.0,1.0,3.18,-0.95,-0.95,43.1,,,,,
SL,2024-06-02,87.1,2.71,6.12,"Yelich, Christian",592885,621383,,foul_bunt,,,,,6.0,,R,L,L,MIL,CWS,S,,,0,0,2024,-0.55,0.42,0.3451894142574268,2.6580693087287277,,,,2,5,Bot,,,,,,,-4.532898050752364,-126.96311780744432,-3.082279502527504,-5.160193196886611,22.44115453916312,-27.23257947519277,3.36,1.66,,,,87.1,2397.0,5.9,745984,686676,657757,670032,672820,657557,502054,666150,693049,54.59,,,,,,,,41,1,Slider,4,3,4,3,3,4,4,3,Standard,Standard,225.0,-0.002,-0.041,33.4,1.6,,,0.041,,1,1,0.671,0.671,32,32,33,33,1,2,4.0,1,2.0,1.0,2.54,-0.55,-0.55,49.2,30.534385272363405,-149.8424281095244,62.40036647838152,29.395571107138057,25.17595163037748
SI,2024-06-02,88.0,3.73,3.02,"Yelich, Christian",592885,657612,single,hit_into_play,,,,,8.0,Christian Yelich singles on a ground ball to left fielder Zach Remillard.,R,L,L,MIL,CWS,X,7.0,ground_ball,1,1,2024,1.21,-0.53,0.097421723734379,2.1152088131742404,,,,0,8,Bot,87.66,112.44,,,,,-11.35828055421798,-127.46294732809032,5.129946366228834,15.520056943146994,26.457343340718523,-39.36230291391654,3.36,1.66,5.0,104.3,-21.0,88.3,1960.0,6.7,745984,686676,657757,670032,672820,657557,621545,502054,693049,53.78,0.182,0.164,0.9,1.0,1.0,0.0,2.0,61,3,Sinker,4,3,4,3,3,4,4,3,Standard,Standard,90.0,0.02,0.46,69.7,6.5,,0.204,-0.46,104.3,1,1,0.866,0.866,34,32,34,33,1,3,2.0,1,4.0,1.0,3.5,1.21,1.21,-20.4,-10.186279943180931,24.46462499369767,39.4952782071407,37.99570544742896,12.098816435995053
SI,2024-06-02,88.0,3.69,2.96,"Yelich, Christian",592885,657612,,foul,,,,,14.0,,R,L,L,MIL,CWS,S,,,1,0,2024,1.45,-0.2,0.5392787589287469,1.4551809964442275,,,,0,8,Bot,,,,,,,-10.71002827088622,-127.68725946515758,2.9468243048381844,18.113417884820343,27.015245482297143,-35.27046911345394,3.36,1.66,2.0,68.8,-34.0,88.3,1056.0,6.7,745984,686676,657757,670032,672820,657557,621545,502054,693049,53.78,,,,,,,,61,2,Sinker,4,3,4,3,3,4,4,3,Standard,Standard,63.0,-0.003,-0.049,77.1,7.7,,,0.049,88.0,1,1,0.869,0.869,34,32,34,33,1,3,2.0,1,4.0,1.0,3.17,1.45,1.45,-22.2,8.817387740533414,3.1533890582815216,37.568418922312574,31.983517541198943,29.66888366797847
SI,2024-06-02,86.8,3.58,3.06,"Yelich, Christian",592885,657612,,ball,,,,,13.0,,R,L,L,MIL,CWS,B,,,0,0,2024,1.32,-0.44,-0.5213564080331077,1.1317219539574488,,,,0,8,Bot,,,,,,,-12.573052019244528,-125.632529159828,2.597309065332156,16.53484553140277,26.442556639107845,-37.6679704308274,3.32050362508819,1.73667804445196,,,,87.0,2099.0,6.8,745984,686676,657757,670032,672820,657557,621545,502054,693049,53.7,,,,,,,,61,1,Sinker,4,3,4,3,3,4,4,3,Standard,Standard,102.0,0.002,0.038,,,,,-0.038,,1,1,0.867,0.867,34,32,34,33,1,3,2.0,1,4.0,1.0,3.51,1.32,1.32,-20.7,,,,,
FC,2024-06-01,92.5,2.53,6.02,"Yelich, Christian",592885,676979,field_out,hit_into_play,,,,,12.0,"Christian Yelich grounds out, second baseman Danny Mendick to first baseman Gavin Sheets.",R,L,L,MIL,CWS,X,4.0,ground_ball,3,2,2024,-0.05,0.6,0.5711452285986102,3.560039907033987,,,661388.0,2,5,Bot,144.66,146.32,,,,,-4.9648718176778495,-134.6988608255914,-1.8386878276334389,0.3700839384012664,26.64841258207892,-24.69784315959169,3.37,1.67,20.0,95.5,-9.0,94.1,2634.0,7.0,745980,686676,657757,664901,672820,621545,502054,666150,667452,53.54,0.214,0.197,0.0,1.0,0.0,0.0,2.0,43,6,Cutter,1,3,1,3,3,1,1,3,Standard,Standard,183.0,-0.036,-0.32,67.9,6.4,,0.216,0.32,95.5,-2,-2,0.257,0.257,25,32,25,33,3,2,6.0,1,6.0,1.0,2.04,-0.05,-0.05,38.0,11.915468639837815,5.321739276105764,28.02769979616552,30.570133829624268,24.717119799710822
FF,2024-06-01,98.5,2.56,5.86,"Yelich, Christian",592885,676979,,ball,,,,,1.0,,R,L,L,MIL,CWS,B,,,2,2,2024,0.77,1.18,-0.7343274320259622,3.3931189640331483,,,661388.0,2,5,Bot,,,,,,,-10.888575970841297,-143.0867577262045,-4.014289762646769,13.108727942745093,33.17697121314428,-15.251613154772285,3.35482106396596,1.70289811399831,,,,99.8,2482.0,7.1,745980,686676,657757,664901,672820,621545,502054,666150,667452,53.39,,,,,,,,43,5,4-Seam Fastball,1,3,1,3,3,1,1,3,Standard,Standard,140.0,0.01,0.085,,,,,-0.085,,-2,-2,0.247,0.247,25,32,25,33,3,2,6.0,1,6.0,1.0,1.18,0.77,0.77,35.3,,,,,
FF,2024-06-01,97.1,2.64,5.84,"Yelich, Christian",592885,676979,,foul,,,,,8.0,,R,L,L,MIL,CWS,S,,,2,1,2024,0.78,1.22,0.1844362297410222,1.9022721586017663,,,661388.0,2,5,Bot,,,,,,,-8.488529745300518,-141.08018941768492,-7.916417789887827,12.30817397925363,30.775817859256836,-14.297717119343645,3.37,1.67,217.0,76.7,33.0,98.5,2519.0,7.1,745980,686676,657757,664901,672820,621545,502054,666150,667452,53.42,,,,,,,,43,4,4-Seam Fastball,1,3,1,3,3,1,1,3,Standard,Standard,140.0,-0.008,-0.072,73.3,7.0,,,0.072,88.0,-2,-2,0.255,0.255,25,32,25,33,3,2,6.0,1,6.0,1.0,1.2,0.78,0.78,33.7,-7.74173571463983,14.05388620998959,43.05784121210949,35.26656400313814,17.648757151350907
FC,2024-06-01,92.0,2.47,6.08,"Yelich, Christian",592885,676979,,swinging_strike,,,,,8.0,,R,L,L,MIL,CWS,S,,,2,0,2024,-0.1,0.6,-0.0442165070530298,1.750908098990976,,,661388.0,2,5,Bot,,,,,,,-6.230011356235004,-133.8078120914942,-6.535259940895424,0.0320607831133369,27.35233827220293,-23.740629001755888,3.37,1.67,,,,93.3,2624.0,7.0,745980,686676,657757,664901,672820,621545,502054,666150,667452,53.54,,,,,,,,43,3,Cutter,1,3,1,3,3,1,1,3,Standard,Standard,177.0,-0.006,-0.048,80.4,7.9,0.1,,0.048,,-2,-2,0.261,0.261,25,32,25,33,3,2,6.0,1,6.0,1.0,2.08,-0.1,-0.1,42.2,18.41008698151583,-4.636123263213446,36.84371504152913,37.22139818774951,35.33902625404611
FC,2024-06-01,90.0,2.39,6.05,"Yelich, Christian",592885,676979,,blocked_ball,,,,,13.0,,R,L,L,MIL,CWS,B,,,1,0,2024,-0.6,0.24,-1.4738230067746805,0.2953490584038167,,,661388.0,2,5,Bot,,,,,,,-8.392480333267102,-130.54596558269665,-8.873597411361335,-5.075543843313776,28.23123859152723,-27.623147705979427,3.37200108904185,1.49618021088485,,,,90.9,2545.0,7.1,745980,686676,657757,664901,672820,621545,502054,666150,667452,53.42,,,,,,,,43,2,Cutter,1,3,1,3,3,1,1,3,Standard,Standard,204.0,0.006,0.05,,,,,-0.05,,-2,-2,0.255,0.255,25,32,25,33,3,2,6.0,1,6.0,1.0,2.59,-0.6,-0.6,44.6,,,,,
FF,2024-06-01,96.5,2.47,5.9,"Yelich, Christian",592885,676979,,ball,,,,,11.0,,R,L,L,MIL,CWS,B,,,0,0,2024,0.76,0.98,-1.175615835871961,3.511235543285105,,,661388.0,2,5,Bot,,,,,,,-11.534591307554996,-140.07433516844145,-3.0203164459906056,12.53016989369202,30.9944476238124,-18.787130611709944,3.39070039363955,1.58310662737738,,,,97.5,2402.0,7.0,745980,686676,657757,664901,672820,621545,502054,666150,667452,53.53,,,,,,,,43,1,4-Seam Fastball,1,3,1,3,3,1,1,3,Standard,Standard,137.0,0.003,0.034,,,,,-0.034,,-2,-2,0.252,0.252,25,32,25,33,3,2,6.0,1,6.0,1.0,1.48,0.76,0.76,35.7,,,,,
FF,2024-06-01,97.2,2.5,5.94,"Yelich, Christian",592885,676979,strikeout,swinging_strike,,,,,12.0,Christian Yelich strikes out swinging.,R,L,L,MIL,CWS,S,2.0,,0,2,2024,0.46,1.32,0.5515610758362836,3.675789354978154,687401.0,,,1,3,Bot,,,,,,,-6.339528160928268,-141.39076876083936,-3.607665032658796,7.60983531509847,31.18423516308912,-13.794912855766444,3.37,1.67,,,,98.3,2506.0,6.9,745980,686676,657757,664901,672820,621545,502054,666150,667452,53.64,,0.0,0.0,1.0,0.0,0.0,,23,4,4-Seam Fastball,1,1,1,1,1,1,1,1,Strategic,Standard,141.0,-0.041,-0.308,44.1,4.7,1.316481624,,0.308,,0,0,0.584,0.584,25,32,25,33,2,1,6.0,1,6.0,1.0,1.09,0.46,0.46,36.8,-17.739817492442594,46.90566202282237,35.15685716585767,31.550902226290013,-2.801947814010724
FF,2024-06-01,97.3,2.54,5.82,"Yelich, Christian",592885,676979,,foul,,,,,2.0,,R,L,L,MIL,CWS,S,,,0,2,2024,0.5,1.13,-0.2390500660193522,3.151842353285073,687401.0,,,1,3,Bot,,,,,,,-8.722215068945914,-141.3948347780482,-4.272859653766874,8.718365117347572,31.562341083852072,-16.171804032277866,3.37,1.67,104.0,84.2,9.0,98.5,2457.0,7.0,745980,686676,657757,664901,672820,621545,502054,666150,667452,53.53,,,,,,,,23,3,4-Seam Fastball,1,1,1,1,1,1,1,1,Strategic,Standard,146.0,0.0,0.0,68.3,6.2,,,0.0,88.0,0,0,0.584,0.584,25,32,25,33,2,1,6.0,1,6.0,1.0,1.28,0.5,0.5,33.0,-5.575284426444542,30.13662411536625,31.544156554219423,40.941579389699264,7.54588954783058
ST,2024-06-01,83.1,2.29,6.01,"Yelich, Christian",592885,676979,,swinging_strike,,,,,7.0,,R,L,L,MIL,CWS,S,,,0,1,2024,-1.42,-0.11,-0.7422995846454317,2.077490616851717,687401.0,,,1,3,Bot,,,,,,,-4.208998835151867,-120.92705353629216,-2.3152436987298803,-13.001036683923784,24.513676387305598,-32.973269279441126,3.37,1.67,,,,83.7,2359.0,6.8,745980,686676,657757,664901,672820,621545,502054,666150,667452,53.73,,,,,,,,23,2,Sweeper,1,1,1,1,1,1,1,1,Strategic,Standard,307.0,-0.017,-0.1,77.6,8.1,2.403875052,,0.1,,0,0,0.601,0.601,25,32,25,33,2,1,6.0,1,6.0,1.0,3.42,-1.42,-1.42,40.4,21.394423081339376,-12.510607055548636,32.225068508565094,44.75594080410424,43.49826844971346
FF,2024-06-01,97.1,2.51,5.77,"Yelich, Christian",592885,676979,,swinging_strike,,,,,2.0,,R,L,L,MIL,CWS,S,,,0,0,2024,0.52,1.07,0.1965778935531579,3.2131256763587643,687401.0,,,1,3,Bot,,,,,,,-7.503956704368132,-141.23022608302836,-3.8299161904177614,8.62340282347775,31.340923111690003,-17.148451084421414,3.37,1.67,,,,98.7,2452.0,7.2,745980,686676,657757,664901,672820,621545,502054,666150,667452,53.34,,,,,,,,23,1,4-Seam Fastball,1,1,1,1,1,1,1,1,Strategic,Standard,139.0,-0.01,-0.049,70.3,6.1,1.36401018,,0.049,,0,0,0.611,0.611,25,32,25,33,2,1,6.0,1,6.0,1.0,1.34,0.52,0.52,35.2,-3.500192705460669,30.38213775475402,35.25187254218023,35.13505348360984,10.35522502709329
FF,2024-06-01,99.5,-2.49,5.58,"Yelich, Christian",592885,656629,,ball,,,,,12.0,,R,L,R,MIL,CWS,B,,,1,1,2024,-0.78,1.68,0.556381951414418,4.605359541754535,,661388.0,,0,10,Bot,,,,,,,10.304466226250176,-144.50405971264271,-1.184029519013568,-13.504792653291362,36.03208087590987,-8.63658980915721,3.53491193744627,1.54882662196624,,,,100.2,2702.0,7.0,745980,686676,657757,664901,672820,621545,502054,666150,667452,53.54,,,,,,,,77,3,4-Seam Fastball,3,3,3,3,3,3,3,3,Standard,Standard,220.0,0.006,0.041,,,,,-0.041,,0,0,0.8,0.8,28,32,28,33,1,4,3.0,1,4.0,1.0,0.64,0.78,-0.78,42.2,,,,,
FF,2024-06-01,98.3,-2.49,5.54,"Yelich, Christian",592885,656629,,foul,,,,,1.0,,R,L,R,MIL,CWS,S,,,1,0,2024,-0.8,1.55,-0.3893280148612077,3.190083885903562,,661388.0,,0,10,Bot,,,,,,,7.655551236961458,-142.9683506198003,-4.554902419803624,-12.741092262414403,32.644529466123224,-10.039518266737948,3.37,1.67,230.0,80.8,32.0,99.7,2654.0,7.1,745980,686676,657757,664901,672820,621545,502054,666150,667452,53.43,,,,,,,,77,2,4-Seam Fastball,3,3,3,3,3,3,3,3,Standard,Standard,213.0,-0.006,-0.036,70.3,6.6,,,0.036,88.0,0,0,0.806,0.806,28,32,28,33,1,4,3.0,1,4.0,1.0,0.81,0.8,-0.8,42.4,-0.7545002914908598,23.75956626392637,29.804592295082823,40.63759170582304,13.507441542444658
SL,2024-06-01,82.8,-2.58,5.59,"Yelich, Christian",592885,656629,,ball,,,,,14.0,,R,L,R,MIL,CWS,B,,,0,0,2024,0.6,-0.35,0.8787517578241574,2.004403510115412,,661388.0,,0,10,Bot,,,,,,,6.772645368483698,-120.50905486624228,-1.0127367909508411,4.573555050064263,23.306505257951823,-35.649410822173216,3.52126753799657,1.60855842862594,,,,83.6,2464.0,6.8,745980,686676,657757,664901,672820,621545,502054,666150,667452,53.71,,,,,,,,77,1,Slider,3,3,3,3,3,3,3,3,Standard,Standard,49.0,0.001,0.038,,,,,-0.038,,0,0,0.805,0.805,28,32,28,33,1,4,3.0,1,4.0,1.0,3.68,-0.6,0.6,44.2,,,,,
FF,2024-06-01,95.9,2.5,5.97,"Yelich, Christian",592885,676979,single,hit_into_play,,,,,5.0,Christian Yelich singles on a ground ball to right fielder Corey Julks.,R,L,L,MIL,CWS,X,9.0,ground_ball,0,0,2024,0.64,1.09,-0.0445929069097882,2.447409480273894,,,,2,1,Bot,179.18,108.17,,,,,-8.267623844304003,-139.28758525989707,-6.228812917239799,10.233357679803513,31.67737423178632,-16.687796920403308,3.37,1.67,134.0,107.6,7.0,96.8,2412.0,7.0,745980,686676,657757,664901,672820,621545,643217,502054,667452,53.54,0.653,0.599,0.9,1.0,1.0,0.0,4.0,6,1,4-Seam Fastball,0,0,0,0,0,0,0,0,Standard,Standard,143.0,0.012,0.333,74.4,7.5,,0.754,-0.333,107.6,0,0,0.51,0.51,25,32,25,33,1,0,6.0,1,6.0,1.0,1.4,0.64,0.64,37.2,11.125816798653476,0.9040760634647496,31.269991710107863,37.236057995644735,31.326585886896503
FF,2024-06-01,97.7,-1.39,5.74,"Yelich, Christian",592885,673929,walk,ball,,,,,12.0,Christian Yelich walks.,R,L,R,MIL,CWS,B,,,3,1,2024,-0.31,1.46,0.4961789690305752,3.836771215443794,668930.0,661388.0,,2,7,Bot,,,,,,,5.8855157228390285,-142.17308801035264,-3.0180119975714046,-5.518862583399404,32.280781781815435,-11.895768229865247,3.34947200182774,1.68610978548384,,,,99.1,2182.0,7.0,745980,686676,657757,664901,672820,621545,502054,666150,667452,53.47,,0.689131,0.7,1.0,0.0,0.0,,59,5,4-Seam Fastball,1,3,1,3,3,1,1,3,Standard,Standard,202.0,0.018,0.078,,,,,-0.078,,-2,-2,0.257,0.257,25,32,26,33,1,3,3.0,1,3.0,1.0,0.93,0.31,-0.31,49.4,,,,,
CU,2024-06-01,80.1,-1.45,5.75,"Yelich, Christian",592885,673929,,ball,,,,,14.0,,R,L,R,MIL,CWS,B,,,2,1,2024,0.46,-1.22,0.5726958526198722,-1.778423677473802,,668930.0,661388.0,2,7,Bot,,,,,,,3.652111190301357,-116.43793355729136,-7.612569787029694,3.398077023298632,23.912328299097123,-41.81835838581576,3.35552539449453,1.75733808381041,,,,80.8,2917.0,7.0,745980,686676,657757,664901,672820,621545,502054,666150,667452,53.48,,,,,,,,59,4,Curveball,1,3,1,3,3,1,1,3,Standard,Standard,35.0,0.036,0.065,,,,,-0.065,,-2,-2,0.221,0.221,25,32,26,33,1,3,3.0,1,3.0,1.0,4.8,-0.46,0.46,52.4,,,,,
SL,2024-06-01,89.8,-1.54,5.68,"Yelich, Christian",592885,673929,,blocked_ball,,,,,14.0,,R,L,R,MIL,CWS,B,,,1,1,2024,0.5,0.45,0.5248424306726853,-0.0301580396882772,,668930.0,661388.0,2,7,Bot,,,,,,,4.095587218549208,-130.55074847842218,-9.245362514429251,4.998381647635482,24.589959019226026,-25.4301139884986,3.35562639871085,1.61782277926545,,,,91.2,2493.0,6.9,745980,686676,657757,664901,672820,621545,502054,666150,667452,53.56,,,,,,,,59,3,Slider,1,3,1,3,3,1,1,3,Standard,Standard,140.0,0.01,0.042,,,,,-0.042,,-2,-2,0.211,0.211,25,32,26,33,1,3,3.0,1,3.0,1.0,2.36,-0.5,0.5,48.6,,,,,
FF,2024-06-01,96.6,-1.5,5.69,"Yelich, Christian",592885,673929,,ball,,,,,14.0,,R,L,R,MIL,CWS,B,,,0,1,2024,-0.39,1.53,0.7707340924181774,1.3356228176540863,,668930.0,661388.0,2,7,Bot,,,,,,,7.042140064334413,-140.23792711885395,-9.631699424938803,-6.70478134293189,30.149649843295684,-10.038076198762194,3.35536697579526,1.67791636194404,,,,98.0,2297.0,7.1,745980,686676,657757,664901,672820,621545,502054,666150,667452,53.4,,,,,,,,59,2,4-Seam Fastball,1,3,1,3,3,1,1,3,Standard,Standard,205.0,0.008,0.033,,,,,-0.033,,-2,-2,0.203,0.203,25,32,26,33,1,3,3.0,1,3.0,1.0,0.92,0.39,-0.39,48.0,,,,,
FF,2024-06-01,96.9,-1.5,5.68,"Yelich, Christian",592885,673929,,foul,,,,,12.0,,R,L,R,MIL,CWS,S,,,0,0,2024,-0.39,1.56,0.9903658588846108,3.0146455538656136,,668930.0,661388.0,2,7,Bot,,,,,,,7.657844484952926,-140.8548309562214,-5.140825797831246,-7.023596605679303,34.379089836081405,-10.5208525465732,3.37,1.67,176.0,66.9,34.0,97.9,2308.0,7.1,745980,686676,657757,664901,672820,621545,502054,666150,667452,53.44,,,,,,,,59,1,4-Seam Fastball,1,3,1,3,3,1,1,3,Standard,Standard,210.0,-0.012,-0.048,67.9,6.2,,,0.048,88.0,-2,-2,0.215,0.215,25,32,26,33,1,3,3.0,1,3.0,1.0,0.89,0.39,-0.39,46.1,3.2636678410446245,14.555495634683036,37.63338502006216,25.231272912292237,24.513658172466897
,2024-06-01,,,,"Yelich, Christian",592885,656629,intent_walk,automatic_ball,,,,,,Michael Kopech intentionally walks Christian Yelich.,R,L,R,MIL,CWS,B,,,3,1,2024,,,,,,661388.0,,0,10,Bot,,,,,,,,,,,,,,,,,,,,,745980,686676,657757,664901,672820,621545,502054,666150,667452,,,,0.4,,0.0,0.0,,77,5,,3,3,3,3,3,3,3,3,,,,0.004,,,,,,,,0,0,0.807,0.807,28,32,28,33,1,4,3.0,1,4.0,1.0,,,,,,,,,
,2024-06-01,,,,"Yelich, Christian",592885,656629,,automatic_ball,,,,,,,R,L,R,MIL,CWS,B,,,2,1,2024,,,,,,661388.0,,0,10,Bot,,,,,,,,,,,,,,,,,,,,,745980,686676,657757,664901,672820,621545,502054,666150,667452,,,,,,,,,77,4,,3,3,3,3,3,3,3,3,,,,0.001,,,,,,,,0,0,0.806,0.806,28,32,28,33,1,4,3.0,1,4.0,1.0,,,,,,,,,
CH,2024-05-31,89.2,-1.68,5.76,"Yelich, Christian",592885,607200,single,hit_into_play,,,,,8.0,Christian Yelich singles on a ground ball to right fielder Corey Julks. Joey Ortiz scores. Blake Perkins scores. William Contreras to 2nd.,R,L,R,MIL,CWS,X,9.0,ground_ball,1,0,2024,-0.64,0.52,-0.0413139427256421,1.65611585071517,687401.0,663368.0,661388.0,1,4,Bot,183.75,105.12,,,,,5.439886293496629,-129.75005899468033,-5.217100277691937,-8.379369230290441,25.84188946177186,-25.468436767744784,3.39,1.73,53.0,105.8,1.0,90.3,1738.0,6.8,745983,455117,657757,670032,664901,657557,643217,502054,667452,53.65,0.521,0.471,0.9,1.0,1.0,0.0,4.0,39,2,Changeup,2,3,2,3,3,4,4,3,Standard,Standard,224.0,0.148,0.396,76.2,8.1,,0.564,-0.396,105.8,-1,-1,0.573,0.573,31,32,31,33,3,2,6.0,1,5.0,1.0,2.34,0.64,-0.64,38.4,10.15380489156703,-4.036935899245507,40.90622211888308,37.7870757581087,31.9206339727507
CH,2024-05-31,88.7,-1.65,5.71,"Yelich, Christian",592885,607200,,ball,,,,,13.0,,R,L,R,MIL,CWS,B,,,0,0,2024,-0.85,0.44,-0.0070753989783002,0.9477706490309804,687401.0,663368.0,661388.0,1,4,Bot,,,,,,,5.8325413354644216,-129.04364667503927,-6.608399082238988,-10.640063511808997,24.9428931876708,-26.097965919403794,3.34912812809868,1.72420583713035,,,,89.8,1791.0,6.8,745983,455117,657757,670032,664901,657557,643217,502054,667452,53.7,,,,,,,,39,1,Changeup,2,3,2,3,3,2,2,3,Standard,Standard,227.0,0.011,0.039,,,,,-0.039,,-1,-1,0.562,0.562,31,32,31,33,3,2,6.0,1,5.0,1.0,2.44,0.85,-0.85,35.2,,,,,
SI,2024-05-31,92.7,-1.46,5.85,"Yelich, Christian",592885,607200,double,hit_into_play,,,,,7.0,Christian Yelich doubles (5) on a ground ball to center fielder Tommy Pham.,R,L,R,MIL,CWS,X,8.0,ground_ball,1,0,2024,-0.55,0.92,-0.4322574466745262,2.0410763755526347,,,,0,3,Bot,138.97,109.25,,,,,3.861653794685671,-134.84369637448333,-5.999843723335883,-7.581072789832508,28.6088762121472,-19.81302352449048,3.39,1.73,18.0,107.1,-6.0,93.2,1901.0,6.6,745983,455117,657757,670032,664901,657557,643217,502054,667452,53.94,0.398,0.403,1.25,1.0,1.0,1.0,2.0,25,2,Sinker,1,3,1,3,3,1,1,3,Infield shade,Standard,212.0,0.066,0.655,73.9,7.4,,0.439,-0.655,107.1,-2,-2,0.332,0.332,31,32,31,33,2,1,6.0,1,5.0,1.0,1.73,0.55,-0.55,38.9,5.699563324102768,14.195942199666067,36.14299709212803,41.523371808959766,24.15347443975808
ST,2024-05-31,80.3,-1.71,5.63,"Yelich, Christian",592885,607200,,ball,,,,,11.0,,R,L,R,MIL,CWS,B,,,0,0,2024,1.26,0.21,-1.2167776282305456,2.5700671178944745,,,,0,3,Bot,,,,,,,-1.2913596628265864,-116.99900295652328,-0.4978857246623714,11.772904780586432,22.19573600566385,-30.34520911833671,3.39486256724275,1.71814133493807,,,,80.5,2273.0,6.4,745983,455117,657757,670032,664901,657557,643217,502054,667452,54.14,,,,,,,,25,1,Sweeper,1,3,1,3,3,1,1,3,Standard,Standard,82.0,0.004,0.038,,,,,-0.038,,-2,-2,0.328,0.328,31,32,31,33,2,1,6.0,1,5.0,1.0,3.32,-1.26,1.26,32.6,,,,,
FF,2024-05-31,92.7,1.4,5.38,"Yelich, Christian",592885,694363,single,hit_into_play,,,,,7.0,Christian Yelich singles on a line drive to left fielder Andrew Benintendi. Brice Turang scores.,R,L,L,MIL,CWS,X,7.0,line_drive,2,0,2024,0.77,1.11,-0.5976711269802824,1.8201084542299757,,668930.0,,1,8,Bot,87.89,117.8,,,,,-6.814794947876597,-134.79833096704198,-5.758439533338827,10.832159462857287,28.26512901446831,-17.576956341454338,3.39,1.73,165.0,96.3,9.0,93.3,2174.0,6.6,745983,455117,657757,670032,664901,657557,643217,502054,667452,53.88,0.613,0.552,0.9,1.0,1.0,0.0,4.0,81,3,4-Seam Fastball,10,5,10,5,5,11,11,5,Standard,Standard,141.0,0.003,0.487,72.4,7.6,,0.637,-0.487,96.3,5,5,0.995,0.995,25,32,26,33,1,5,4.0,1,5.0,1.0,1.54,0.77,0.77,38.7,3.24447584459422,12.36540124122347,38.024785417344056,43.6759257947999,21.43714442194231
SI,2024-05-31,92.3,1.35,5.4,"Yelich, Christian",592885,694363,,ball,,,,,13.0,,R,L,L,MIL,CWS,B,,,1,0,2024,1.06,0.98,-0.6018476170487446,1.1774962463527845,,668930.0,,1,8,Bot,,,,,,,-7.338790857118012,-134.14406219317644,-7.103288582596184,14.383137632297588,28.553619822484016,-18.98911204255784,3.25964358230976,1.71657074541221,,,,93.1,2163.0,6.8,745983,455117,657757,670032,664901,657557,643217,502054,667452,53.73,,,,,,,,81,2,Sinker,10,5,10,5,5,10,10,5,Standard,Standard,144.0,0.0,0.042,,,,,-0.042,,5,5,0.995,0.995,25,32,26,33,1,5,4.0,1,5.0,1.0,1.7,1.06,1.06,39.8,,,,,
SL,2024-05-31,88.8,1.55,5.33,"Yelich, Christian",592885,694363,,ball,,,,,13.0,,R,L,L,MIL,CWS,B,,,0,0,2024,-0.33,0.63,-1.3586032261198302,1.1318100141940657,,668930.0,,1,8,Bot,,,,,,,-6.474578046142341,-129.05909717350798,-5.546724981969795,-2.272577402486164,27.164940950081608,-24.21303370991333,3.36759514643443,1.71631285332305,,,,89.4,2294.0,6.7,745983,455117,657757,670032,664901,657557,643217,502054,667452,53.77,,,,,,,,81,1,Slider,10,5,10,5,5,10,10,5,Standard,Standard,154.0,0.0,0.027,,,,,-0.027,,5,5,0.995,0.995,25,32,26,33,1,5,4.0,1,5.0,1.0,2.27,-0.33,-0.33,39.8,,,,,
CH,2024-05-31,89.4,-1.72,5.68,"Yelich, Christian",592885,607200,strikeout,foul_tip,,,,,14.0,Christian Yelich strikes out on a foul tip.,R,L,R,MIL,CWS,S,2.0,,2,2,2024,-1.02,0.14,0.4487782964043036,1.039153466676602,,668930.0,661388.0,0,1,Bot,,,,,,,7.565748092327939,-130.00032119526955,-5.798326043038037,-13.151537758766848,25.71205327950939,-29.615437180941782,3.39,1.73,,,,90.4,1881.0,6.8,745983,455117,657757,670032,664901,657557,643217,502054,667452,53.71,,0.0,0.0,1.0,0.0,0.0,,6,6,Changeup,0,0,0,0,0,0,0,0,Standard,Standard,233.0,-0.042,-0.223,75.9,7.3,,,0.223,,0,0,0.629,0.629,31,32,31,33,1,0,6.0,1,5.0,1.0,2.7,1.02,-1.02,33.4,2.8152823206223365,1.6432820924530185,46.64053236287757,31.06606518145628,28.53167637475032
FC,2024-05-31,90.8,-1.67,5.75,"Yelich, Christian",592885,607200,,foul,,,,,3.0,,R,L,R,MIL,CWS,S,,,2,2,2024,0.28,0.7,0.5893643647285483,3.329063580974516,,668930.0,661388.0,0,1,Bot,,,,,,,5.089309668841285,-132.30464816682925,-1.6957477826610514,2.288973101989742,26.95014183707124,-23.730846374890383,3.39,1.73,112.0,56.3,18.0,91.6,2283.0,6.6,745983,455117,657757,670032,664901,657557,643217,502054,667452,53.9,,,,,,,,6,5,Cutter,0,0,0,0,0,0,0,0,Standard,Standard,192.0,0.0,0.0,59.7,5.8,,,0.0,88.0,0,0,0.629,0.629,31,32,31,33,1,0,6.0,1,5.0,1.0,2.04,-0.28,0.28,35.6,-4.2665570612651305,28.96477126967348,33.764129882612544,28.76147292131654,16.90224677606527
FC,2024-05-31,90.5,-1.81,5.73,"Yelich, Christian",592885,607200,,ball,,,,,11.0,,R,L,R,MIL,CWS,B,,,1,2,2024,0.19,0.72,-0.0756395274553976,3.967724204288264,,668930.0,661388.0,0,1,Bot,,,,,,,3.964774011172293,-131.83946165930914,-0.0451565478436502,1.401732271484283,25.652940663785607,-23.946151821882168,3.24860023201047,1.71092417831469,,,,91.3,2181.0,6.5,745983,455117,657757,670032,664901,657557,643217,502054,667452,53.97,,,,,,,,6,4,Cutter,0,0,0,0,0,0,0,0,Standard,Standard,195.0,0.008,0.026,,,,,-0.026,,0,0,0.621,0.621,31,32,31,33,1,0,6.0,1,5.0,1.0,2.04,-0.19,0.19,35.1,,,,,
CH,2024-05-31,88.4,-1.86,5.69,"Yelich, Christian",592885,607200,,foul,,,,,13.0,,R,L,R,MIL,CWS,S,,,1,1,2024,-0.97,0.12,-0.6655760792412301,1.5523186673399931,,668930.0,661388.0,0,1,Bot,,,,,,,4.964933017637442,-128.6453996979541,-4.323421038371521,-11.737542875871132,25.16181693657774,-30.142339494025297,3.39,1.73,,,,89.2,1890.0,6.6,745983,455117,657757,670032,664901,657557,643217,502054,667452,53.88,,,,,,,,6,3,Changeup,0,0,0,0,0,0,0,0,Standard,Standard,230.0,-0.013,-0.069,75.1,8.0,,,0.069,,0,0,0.634,0.634,31,32,31,33,1,0,6.0,1,5.0,1.0,2.78,0.97,-0.97,32.6,13.507904361168144,2.4020666159000585,36.48403350451315,43.89417774997759,28.386936932008005
SI,2024-05-31,87.1,3.75,2.98,"Yelich, Christian",592885,657612,single,hit_into_play,,,,,8.0,Christian Yelich singles on a ground ball to right fielder Corey Julks. William Contreras to 3rd.,R,L,L,MIL,CWS,X,9.0,ground_ball,1,0,2024,1.28,-0.03,0.2707523929652455,1.8762105748009013,,,661388.0,1,6,Bot,162.94,85.28,,,,,-11.093159410243356,-126.35108697574884,3.6388642248649,15.8707239526307,24.00754507816546,-33.507671711569905,3.39,1.73,23.0,109.2,-4.0,88.1,2076.0,6.9,745983,455117,657757,670032,664901,657557,643217,502054,667452,53.55,0.413,0.373,0.9,1.0,1.0,0.0,4.0,57,2,Sinker,4,5,4,5,5,4,4,5,Standard,Standard,99.0,0.106,0.369,75.4,7.4,,0.431,-0.369,109.2,-1,-1,0.408,0.408,34,32,34,33,1,3,3.0,1,2.0,1.0,3.04,1.28,1.28,-18.6,0.1702076450774849,5.437592750593068,40.98827295951441,33.65127262930202,27.132737264522177
FC,2024-05-31,90.2,-1.67,5.76,"Yelich, Christian",592885,607200,,ball,,,,,11.0,,R,L,R,MIL,CWS,B,,,0,1,2024,0.21,0.57,-0.2235300096230797,4.022663065995875,,668930.0,661388.0,0,1,Bot,,,,,,,3.170378207243679,-131.51227224706108,0.3637730170831644,1.893372214948497,24.97533653899406,-25.81539320555987,3.34428140604876,1.71951480836545,,,,91.4,2009.0,6.7,745983,455117,657757,670032,664901,657557,643217,502054,667452,53.82,,,,,,,,6,2,Cutter,0,0,0,0,0,0,0,0,Standard,Standard,182.0,0.005,0.034,,,,,-0.034,,0,0,0.629,0.629,31,32,31,33,1,0,6.0,1,5.0,1.0,2.2,-0.21,0.21,35.0,,,,,
SI,2024-05-31,87.0,3.7,3.06,"Yelich, Christian",592885,657612,,ball,,,,,14.0,,R,L,L,MIL,CWS,B,,,0,0,2024,1.29,-0.36,2.239402337843212,1.8335877039056283,,,661388.0,1,6,Bot,,,,,,,-6.211077479217158,-126.45924422104264,4.025793378915079,15.092399629682118,24.490775536675688,-37.10360738446671,3.48766190882678,1.79339663755606,,,,88.1,2091.0,6.9,745983,455117,657757,670032,664901,657557,643217,502054,667452,53.58,,,,,,,,57,1,Sinker,4,5,4,5,5,4,4,5,Standard,Standard,76.0,0.007,0.036,,,,,-0.036,,-1,-1,0.401,0.401,34,32,34,33,1,3,3.0,1,2.0,1.0,3.37,1.29,1.29,-17.0,,,,,
SL,2024-05-31,82.3,-2.18,5.97,"Yelich, Christian",592885,605154,double,hit_into_play,,,,,11.0,Christian Yelich doubles (6) on a ground ball to left fielder Andrew Benintendi. Brice Turang scores. William Contreras scores.,R,L,R,MIL,CWS,X,7.0,ground_ball,3,2,2024,0.9,0.03,-0.9643613225187456,3.293862536223043,,668930.0,661388.0,1,7,Bot,57.35,123.94,,,,,1.0215265964461226,-119.91221303834055,0.338903031714389,8.506165441290978,21.632884362151614,-32.12810778445937,3.39,1.73,10.0,85.1,-16.0,82.9,2741.0,6.4,745983,455117,657757,670032,664901,657557,643217,502054,667452,54.06,0.064,0.058,1.25,1.0,1.0,1.0,2.0,69,6,Slider,6,5,6,5,5,8,8,5,Standard,Standard,84.0,0.121,0.752,,,,0.086,-0.752,88.0,1,1,0.826,0.826,34,32,34,33,1,4,3.0,1,2.0,1.0,3.31,-0.9,0.9,45.0,,,,,
SI,2024-05-31,93.1,-1.73,5.78,"Yelich, Christian",592885,607200,,foul,,,,,13.0,,R,L,R,MIL,CWS,S,,,0,0,2024,-0.79,0.91,-1.3711548460609768,2.4323595498670554,,668930.0,661388.0,0,1,Bot,,,,,,,2.6751873518462523,-135.60352042796202,-4.903042339967482,-10.317384262224897,28.222122047443307,-20.096968946508326,3.39,1.73,184.0,72.5,27.0,94.4,1935.0,6.9,745983,455117,657757,670032,664901,657557,643217,502054,667452,53.62,,,,,,,,6,1,Sinker,0,0,0,0,0,0,0,0,Standard,Standard,209.0,-0.007,-0.044,65.3,7.2,,,0.044,88.0,0,0,0.636,0.636,31,32,31,33,1,0,6.0,1,5.0,1.0,1.71,0.79,-0.79,36.8,-4.869196905692543,21.405633174632342,31.20438820213369,52.834570046881,11.770628112601877
SL,2024-05-31,82.9,-2.24,5.91,"Yelich, Christian",592885,605154,,swinging_strike,,,,,8.0,,R,L,R,MIL,CWS,S,,,3,1,2024,0.84,0.07,0.1987826613109592,2.2107586327863773,,668930.0,661388.0,1,7,Bot,,,,,,,3.944106329300186,-120.78448128218832,-2.181082329349296,7.57678204054471,22.23462665552852,-31.243871060237584,3.39,1.73,,,,83.7,2700.0,6.6,745983,455117,657757,670032,664901,657557,643217,502054,667452,53.89,,,,,,,,69,5,Slider,6,5,6,5,5,6,6,5,Standard,Standard,122.0,-0.011,-0.065,74.7,9.1,1.404828696,,0.065,,1,1,0.837,0.837,34,32,34,33,1,4,3.0,1,2.0,1.0,3.22,-0.84,0.84,45.8,30.504850292850477,-43.11753302407735,33.85033756620952,35.851862405485,52.11591629132637
SL,2024-05-31,82.3,-2.14,5.89,"Yelich, Christian",592885,605154,,ball,,,,,14.0,,R,L,R,MIL,CWS,B,,,2,1,2024,0.79,0.03,1.1067871408021153,1.3185312969752263,,668930.0,661388.0,1,7,Bot,,,,,,,5.859489936532569,-119.80500260538288,-3.950897276017062,6.523017506279487,21.936294679993484,-31.378555996785607,3.28545979376719,1.67732642384792,,,,82.8,2709.0,6.5,745983,455117,657757,670032,664901,657557,643217,502054,667452,53.98,,,,,,,,69,4,Slider,6,5,6,5,5,6,6,5,Standard,Standard,105.0,0.013,0.104,,,,,-0.104,,1,1,0.824,0.824,34,32,34,33,1,4,3.0,1,2.0,1.0,3.32,-0.79,0.79,44.0,,,,,
FF,2024-05-31,92.8,-2.04,6.02,"Yelich, Christian",592885,605154,,ball,,,,,11.0,,R,L,R,MIL,CWS,B,,,1,1,2024,-0.74,1.6,-1.155115120762007,5.011092260925578,,668930.0,661388.0,1,7,Bot,,,,,,,3.8885745423412232,-135.0017073535026,-0.2438313062323504,-9.859768441787294,32.33398313569567,-12.961207505826932,3.30224146026897,1.70270854193752,,,,92.6,2300.0,6.4,745983,455117,657757,670032,664901,657557,643217,502054,667452,54.11,,,,,,,,69,3,4-Seam Fastball,6,5,6,5,5,6,6,5,Standard,Standard,202.0,0.007,0.042,,,,,-0.042,,1,1,0.817,0.817,34,32,34,33,1,4,3.0,1,2.0,1.0,1.07,0.74,-0.74,47.0,,,,,
SL,2024-05-31,82.8,-2.2,5.88,"Yelich, Christian",592885,605154,,foul,,,,,4.0,,R,L,R,MIL,CWS,S,,,1,0,2024,0.79,0.1,-0.667416752286364,2.3208848409343266,,668930.0,661388.0,1,7,Bot,,,,,,,1.972273713708602,-120.66850446562589,-1.940001075530124,7.425026329967615,20.68882007209413,-30.994378544738225,3.39,1.73,269.0,90.5,44.0,83.5,2601.0,6.4,745983,455117,657757,670032,664901,657557,643217,502054,667452,54.1,,,,,,,,69,2,Slider,6,5,6,5,5,6,6,5,Standard,Standard,123.0,-0.007,-0.054,76.8,7.8,,,0.054,90.5,1,1,0.824,0.824,34,32,34,33,1,4,3.0,1,2.0,1.0,3.18,-0.79,0.79,43.1,8.990889418180332,6.010214444192131,35.84297533471244,44.370009115162006,24.665945912453264
SL,2024-05-31,84.8,-2.22,5.94,"Yelich, Christian",592885,605154,,ball,,,,,11.0,,R,L,R,MIL,CWS,B,,,0,0,2024,0.65,0.48,-0.7833887387964145,3.569849953371967,,668930.0,661388.0,1,7,Bot,,,,,,,2.070071260283187,-123.56520231770337,-0.2453676367680245,6.336407004492629,21.90789085095524,-27.343041092290907,3.31960119911152,1.70289612595727,,,,85.8,2510.0,6.6,745983,455117,657757,670032,664901,657557,643217,502054,667452,53.86,,,,,,,,69,1,Slider,6,5,6,5,5,6,6,5,Standard,Standard,148.0,0.005,0.03,,,,,-0.03,,1,1,0.819,0.819,34,32,34,33,1,4,3.0,1,2.0,1.0,2.65,-0.65,0.65,42.4,,,,,
FF,2024-05-30,93.5,-1.49,5.87,"Yelich, Christian",592885,592791,field_out,hit_into_play,,,,,5.0,"Christian Yelich grounds out, second baseman Nico Hoerner to first baseman Michael Busch.",R,L,R,MIL,CHC,X,4.0,ground_ball,1,0,2024,-0.64,1.35,0.0334704432683289,2.8188478692316803,,,,2,5,Bot,148.6,154.16,,,,,5.411195270173344,-136.03435835787857,-5.152560949901682,-9.18362641900102,29.357955178499143,-14.511210198158196,3.37,1.72,11.0,96.5,-14.0,94.6,2329.0,6.9,745985,665804,683737,663538,666624,621020,664023,691718,643565,53.59,0.226,0.212,0.0,1.0,0.0,0.0,2.0,40,2,4-Seam Fastball,3,1,3,1,1,3,3,1,Infield shade,Standard,203.0,-0.008,-0.295,70.8,6.9,,0.228,0.295,96.5,2,2,0.787,0.787,32,32,33,33,3,2,5.0,1,6.0,1.0,1.26,0.64,-0.64,48.4,7.095957178096884,9.43400180078978,32.895993133914786,35.92568417816649,23.24753082533192
FC,2024-05-30,86.8,-1.42,5.9,"Yelich, Christian",592885,592791,,ball,,,,,14.0,,R,L,R,MIL,CHC,B,,,0,0,2024,0.55,0.54,1.0002673492425251,1.9872264039131,,,,2,5,Bot,,,,,,,4.7308135082476666,-126.47532192555904,-4.440493057831452,5.146794791652384,21.03674881067137,-25.729555025940893,3.34482682648181,1.52389328383884,,,,88.5,2746.0,6.9,745985,665804,683737,663538,666624,621020,664023,691718,643565,53.63,,,,,,,,40,1,Cutter,3,1,3,1,1,3,3,1,Infield shade,Standard,142.0,0.001,0.04,,,,,-0.04,,2,2,0.786,0.786,32,32,33,33,3,2,5.0,1,6.0,1.0,2.43,-0.55,0.55,46.6,,,,,
FF,2024-05-30,93.1,-1.32,6.0,"Yelich, Christian",592885,592791,field_out,hit_into_play,,,,,12.0,Christian Yelich pops out to shortstop Dansby Swanson.,R,L,R,MIL,CHC,X,6.0,popup,0,2,2024,-0.42,1.52,0.4841586866821307,3.773943025075113,,,,1,3,Bot,119.96,134.99,,,,,5.59278528530361,-135.44479866816616,-3.279555470957377,-6.407872593718153,31.40462308940772,-13.002630635705415,3.37,1.72,166.0,75.8,59.0,93.7,2310.0,6.8,745985,665804,683737,663538,666624,621020,664023,691718,643565,53.72,0.021,0.019,0.0,1.0,0.0,0.0,3.0,23,3,4-Seam Fastball,3,1,3,1,1,3,3,1,Infield shade,Standard,199.0,-0.007,-0.162,72.8,6.9,,0.021,0.162,88.0,2,2,0.744,0.744,32,32,33,33,2,1,5.0,1,6.0,1.0,1.12,0.42,-0.42,44.7,17.26211778536904,-0.5934319618629831,25.6113541881488,31.169780727736413,29.21083219383993
FC,2024-05-30,86.3,-1.56,5.98,"Yelich, Christian",592885,592791,,called_strike,,,,,7.0,,R,L,R,MIL,CHC,S,,,0,1,2024,0.61,0.55,-0.474762698104669,1.834492167000632,,,,1,3,Bot,,,,,,,1.3496129963369137,-125.68603965101347,-4.785442007534378,6.139093823147226,26.221516304401185,-25.58352077665821,3.34177670727529,1.49024051424271,,,,87.0,2538.0,6.7,745985,665804,683737,663538,666624,621020,664023,691718,643565,53.77,,,,,,,,23,2,Cutter,3,1,3,1,1,3,3,1,Infield shade,Standard,148.0,-0.003,-0.057,,,,,0.057,,2,2,0.747,0.747,32,32,33,33,2,1,5.0,1,6.0,1.0,2.51,-0.61,0.61,45.5,,,,,
FF,2024-05-30,92.4,-1.52,5.92,"Yelich, Christian",592885,592791,,called_strike,,,,,5.0,,R,L,R,MIL,CHC,S,,,0,0,2024,-0.4,1.37,-0.1390998028143082,2.613295661464462,,,,1,3,Bot,,,,,,,4.418343260619007,-134.42550735858893,-5.601718096736033,-5.80606506424404,30.34848385076366,-14.5638945308957,3.35158677273333,1.46456998491527,,,,93.0,2313.0,6.8,745985,665804,683737,663538,666624,621020,664023,691718,643565,53.73,,,,,,,,23,1,4-Seam Fastball,3,1,3,1,1,3,3,1,Standard,Standard,202.0,-0.002,-0.037,,,,,0.037,,2,2,0.749,0.749,32,32,33,33,2,1,5.0,1,6.0,1.0,1.31,0.4,-0.4,44.1,,,,,
FF,2024-05-30,93.4,-1.44,5.95,"Yelich, Christian",592885,592791,strikeout,called_strike,,,,,9.0,Christian Yelich called out on strikes.,R,L,R,MIL,CHC,S,2.0,,3,2,2024,-0.67,1.45,0.4157823964632213,1.926542508194032,,,,2,1,Bot,,,,,,,6.325836176929057,-135.755254340438,-7.848593314047068,-9.660062835666633,30.802350667332217,-12.658812259072343,3.29399463161891,1.39447397284963,,,,94.2,2280.0,6.9,745985,665804,683737,663538,666624,621020,664023,691718,643565,53.58,,0.0,0.0,1.0,0.0,0.0,,7,6,4-Seam Fastball,0,1,0,1,1,0,0,1,Infield shade,Standard,203.0,-0.012,-0.325,,,,,0.325,,-1,-1,0.409,0.409,32,32,33,33,1,0,5.0,1,6.0,1.0,1.17,0.67,-0.67,43.8,,,,,
CU,2024-05-30,81.0,-1.44,6.09,"Yelich, Christian",592885,592791,,ball,,,,,9.0,,R,L,R,MIL,CHC,B,,,2,2,2024,0.63,-0.73,0.7247098689837557,1.5890860233467423,,,,2,1,Bot,,,,,,,3.659370311579772,-117.84288067553152,-1.9744097252887451,5.082249808915113,24.291229628082675,-38.77600120706468,3.25029690960186,1.53776847882843,,,,81.2,2634.0,6.7,745985,665804,683737,663538,666624,621020,664023,691718,643565,53.85,,,,,,,,7,5,Curveball,0,1,0,1,1,0,0,1,Infield shade,Standard,41.0,0.004,0.106,,,,,-0.106,,-1,-1,0.405,0.405,32,32,33,33,1,0,5.0,1,6.0,1.0,4.23,-0.63,0.63,46.9,,,,,
FF,2024-05-30,93.1,-1.4,5.94,"Yelich, Christian",592885,592791,,called_strike,,,,,9.0,,R,L,R,MIL,CHC,S,,,2,1,2024,-0.64,1.56,0.3369498003106976,1.940082566993079,,,,2,1,Bot,,,,,,,5.919027406693722,-135.19189019840064,-7.926728833314375,-9.233897214204948,30.900304047057613,-11.463433401322163,3.32477149898319,1.35774022616285,,,,93.5,2288.0,6.8,745985,665804,683737,663538,666624,621020,664023,691718,643565,53.73,,,,,,,,7,4,4-Seam Fastball,0,1,0,1,1,0,0,1,Infield shade,Standard,206.0,-0.003,-0.084,,,,,0.084,,-1,-1,0.408,0.408,32,32,33,33,1,0,5.0,1,6.0,1.0,1.09,0.64,-0.64,42.2,,,,,
CU,2024-05-30,80.1,-1.37,6.13,"Yelich, Christian",592885,592791,,ball,,,,,12.0,,R,L,R,MIL,CHC,B,,,1,1,2024,0.53,-0.74,0.9149346190490016,2.394943931425598,,,,2,1,Bot,,,,,,,4.077779011007811,-116.6506673977442,-0.1180488893736253,4.025448320933203,22.862419883791738,-39.09221473879911,3.3302935706364,1.36326067145657,,,,80.6,2524.0,6.7,745985,665804,683737,663538,666624,621020,664023,691718,643565,53.84,,,,,,,,7,3,Curveball,0,1,0,1,1,0,0,1,Infield shade,Standard,39.0,0.002,0.058,,,,,-0.058,,-1,-1,0.406,0.406,32,32,33,33,1,0,5.0,1,6.0,1.0,4.3,-0.53,0.53,51.2,,,,,
FC,2024-05-30,86.5,-1.68,6.0,"Yelich, Christian",592885,592791,,ball,,,,,11.0,,R,L,R,MIL,CHC,B,,,0,1,2024,0.2,0.6,-1.2652183573676106,3.286759080522617,,,,2,1,Bot,,,,,,,0.588917010407302,-126.04261900294134,-1.5327368034506157,1.9844850774667768,24.852085728780644,-25.643183093643948,3.25354625093566,1.2863069225805,,,,87.1,2486.0,6.5,745985,665804,683737,663538,666624,621020,664023,691718,643565,53.96,,,,,,,,7,2,Cutter,0,1,0,1,1,0,0,1,Standard,Standard,160.0,0.001,0.029,,,,,-0.029,,-1,-1,0.405,0.405,32,32,33,33,1,0,5.0,1,6.0,1.0,2.43,-0.2,0.2,42.5,,,,,
FF,2024-05-30,92.7,-1.49,5.99,"Yelich, Christian",592885,592791,,called_strike,,,,,4.0,,R,L,R,MIL,CHC,S,,,0,0,2024,-0.68,1.55,-0.7555646294329458,2.3983276669375404,,,,2,1,Bot,,,,,,,3.3804561598286638,-134.73003838723926,-6.764795898811617,-8.989519802035161,31.56796591289348,-12.003469735877092,3.31823447065645,1.38509014750662,,,,93.1,2275.0,6.8,745985,665804,683737,663538,666624,621020,664023,691718,643565,53.73,,,,,,,,7,1,4-Seam Fastball,0,1,0,1,1,0,0,1,Standard,Standard,209.0,-0.002,-0.041,,,,,0.041,,-1,-1,0.407,0.407,32,32,33,33,1,0,5.0,1,6.0,1.0,1.12,0.68,-0.68,42.7,,,,,
ST,2024-05-30,81.8,2.97,5.25,"Yelich, Christian",592885,681432,walk,ball,,,,,13.0,Christian Yelich walks.,R,L,L,MIL,CHC,B,,,3,2,2024,-1.32,-0.04,-2.555150516713167,2.0138552724500767,,,,0,8,Bot,,,,,,,-10.03209960658864,-118.75094918238456,-0.5885274889291275,-10.463962403529404,23.30947696929741,-32.67581375094602,3.31577602361227,1.65497385979506,,,,82.7,2305.0,7.1,745985,665804,683737,663538,663611,621020,664023,643565,673548,53.45,,0.689131,0.7,1.0,0.0,0.0,,62,6,Sweeper,4,4,4,4,4,4,4,4,Standard,Standard,295.0,0.053,0.371,,,,,-0.371,,0,0,0.617,0.617,23,32,24,33,1,3,2.0,1,5.0,1.0,3.47,-1.32,-1.32,20.4,,,,,
FF,2024-05-30,94.8,2.66,5.67,"Yelich, Christian",592885,681432,,ball,,,,,12.0,,R,L,L,MIL,CHC,B,,,2,2,2024,0.71,0.88,1.7601234153170413,4.669055470221744,,,,0,8,Bot,,,,,,,-4.0110844959708665,-138.0577144993181,1.1338068084199495,10.002249582147796,32.36399941727488,-21.45301572271462,3.40240038927612,1.72055982808047,,,,96.0,2159.0,7.0,745985,665804,683737,663538,663611,621020,664023,643565,673548,53.47,,,,,,,,62,5,4-Seam Fastball,4,4,4,4,4,4,4,4,Standard,Standard,134.0,0.016,0.107,,,,,-0.107,,0,0,0.601,0.601,23,32,24,33,1,3,2.0,1,5.0,1.0,1.66,0.71,0.71,28.1,,,,,
FF,2024-05-30,94.4,2.74,5.6,"Yelich, Christian",592885,681432,,foul,,,,,1.0,,R,L,L,MIL,CHC,S,,,2,1,2024,0.72,0.85,-0.3249630312143473,2.945886696666271,,,,0,8,Bot,,,,,,,-9.72071134888847,-137.20606779464453,-3.167056586680357,11.200752320024405,28.52901430619461,-20.907729752399597,3.37,1.72,251.0,80.8,28.0,95.8,2192.0,7.0,745985,665804,683737,663538,663611,621020,664023,643565,673548,53.47,,,,,,,,62,4,4-Seam Fastball,4,4,4,4,4,4,4,4,Standard,Standard,135.0,-0.013,-0.069,64.6,6.2,,,0.069,88.0,0,0,0.614,0.614,23,32,24,33,1,3,2.0,1,5.0,1.0,1.7,0.72,0.72,28.9,-12.062555955050026,39.075631332281176,30.37198498437386,43.6000017144719,7.69629473735688
ST,2024-05-30,81.3,3.04,5.53,"Yelich, Christian",592885,681432,,ball,,,,,13.0,,R,L,L,MIL,CHC,B,,,1,1,2024,-1.06,0.17,-0.807919983240674,1.4763081660191029,,,,0,8,Bot,,,,,,,-6.655952565430738,-118.15939447317191,-2.7455959181214022,-8.559184043959197,24.18525257370749,-30.28479212862376,3.33161526164587,1.64958466607334,,,,81.9,2289.0,6.9,745985,665804,683737,663538,663611,621020,664023,643565,673548,53.56,,,,,,,,62,3,Sweeper,4,4,4,4,4,4,4,4,Standard,Standard,295.0,0.008,0.053,,,,,-0.053,,0,0,0.606,0.606,23,32,24,33,1,3,2.0,1,5.0,1.0,3.31,-1.06,-1.06,23.6,,,,,
FF,2024-05-30,93.3,2.75,5.78,"Yelich, Christian",592885,681432,,foul,,,,,6.0,,R,L,L,MIL,CHC,S,,,1,0,2024,0.82,0.68,0.5901081832588272,2.371956972007061,,,,0,8,Bot,,,,,,,-7.451475136807256,-135.6614136448686,-4.573328600632056,11.67730574830644,28.007918532355284,-22.993909795760864,3.37,1.72,,,,94.7,2214.0,7.0,745985,665804,683737,663538,663611,621020,664023,643565,673548,53.49,,,,,,,,62,2,4-Seam Fastball,4,4,4,4,4,4,4,4,Standard,Standard,143.0,-0.008,-0.049,73.2,7.6,,,0.049,,0,0,0.614,0.614,23,32,24,33,1,3,2.0,1,5.0,1.0,1.93,0.82,0.82,31.2,7.997970750708871,1.2153045527821968,30.088077779492977,31.792016711792392,30.523836613930047
FF,2024-05-30,93.2,2.9,5.83,"Yelich, Christian",592885,681432,,ball,,,,,12.0,,R,L,L,MIL,CHC,B,,,0,0,2024,0.84,0.78,1.1725643141627702,3.589861230489451,,,,0,8,Bot,,,,,,,-6.36084848655363,-135.6890369362214,-1.763772996758378,11.73566058688828,27.744143448295358,-22.342111488516203,3.41137863893339,1.59172657210559,,,,94.6,2130.0,6.9,745985,665804,683737,663538,663611,621020,664023,643565,673548,53.58,,,,,,,,62,1,4-Seam Fastball,4,4,4,4,4,4,4,4,Standard,Standard,134.0,0.006,0.038,,,,,-0.038,,0,0,0.608,0.608,23,32,24,33,1,3,2.0,1,5.0,1.0,1.83,0.84,0.84,30.2,,,,,
FF,2024-05-29,90.5,2.48,5.16,"Yelich, Christian",592885,684007,field_out,hit_into_play,,,,,7.0,Christian Yelich pops out to third baseman Christopher Morel in foul territory.,R,L,L,MIL,CHC,X,5.0,popup,3,1,2024,0.53,1.73,-0.3928482649270518,1.9607174430166667,,,,0,5,Bot,74.83,174.08,,,,,-8.325393551051139,-131.36500638079357,-5.657326672146139,8.071199094195237,30.59997021505395,-11.190495705213747,3.37,1.72,141.0,71.9,64.0,90.3,2434.0,6.5,745988,543228,621550,663538,666624,621020,664023,641355,673548,53.99,0.001,0.0,0.0,1.0,0.0,0.0,3.0,47,5,4-Seam Fastball,7,4,7,4,4,7,7,4,Infield shade,Standard,148.0,-0.015,-0.418,74.5,7.9,,0.001,0.418,88.0,3,3,0.89,0.89,30,32,31,33,3,2,11.0,1,6.0,1.0,1.09,0.53,0.53,37.1,7.777671845817418,-5.61605885159728,35.828436378573215,41.44429138807217,35.31969454542723
ST,2024-05-29,81.7,2.86,5.0,"Yelich, Christian",592885,684007,,ball,,,,,13.0,,R,L,L,MIL,CHC,B,,,2,1,2024,-0.99,0.08,-0.8734892642670228,-0.1790458681268241,,,,0,5,Bot,,,,,,,-6.527136430088744,-118.79217529879634,-5.206915046761204,-7.979999801368449,24.13900160145464,-30.597230107962787,3.39361117333391,1.74388256896228,,,,81.8,2536.0,6.5,745988,543228,621550,663538,666624,621020,664023,641355,673548,53.98,,,,,,,,47,4,Sweeper,7,4,7,4,4,7,7,4,Infield shade,Standard,294.0,0.005,0.122,,,,,-0.122,,3,3,0.885,0.885,30,32,31,33,3,2,11.0,1,6.0,1.0,3.36,-0.99,-0.99,32.8,,,,,
FF,2024-05-29,90.2,2.39,5.23,"Yelich, Christian",592885,684007,,ball,,,,,13.0,,R,L,L,MIL,CHC,B,,,1,1,2024,0.89,1.64,-1.4562877360080697,1.9832346154439255,,,,0,5,Bot,,,,,,,-11.47445373994832,-130.81008790070874,-5.567472837829888,12.65589249011177,28.226493849607927,-12.305064546275457,3.39415002843918,1.69708285430539,,,,90.2,2482.0,6.5,745988,543228,621550,663538,666624,621020,664023,641355,673548,53.98,,,,,,,,47,3,4-Seam Fastball,7,4,7,4,4,7,7,4,Infield shade,Standard,148.0,0.001,0.053,,,,,-0.053,,3,3,0.884,0.884,30,32,31,33,3,2,11.0,1,6.0,1.0,1.19,0.89,0.89,39.9,,,,,
FS,2024-05-29,81.4,2.74,5.15,"Yelich, Christian",592885,684007,,ball,,,,,14.0,,R,L,L,MIL,CHC,B,,,0,1,2024,0.93,0.49,0.2543465332589179,0.575874346465743,,,,0,5,Bot,,,,,,,-7.361933910529013,-118.21593205120948,-4.579253345029132,10.151921713349196,22.78284968708386,-26.924120288228927,3.44086957177718,1.76749995118931,,,,81.4,1143.0,6.4,745988,543228,621550,663538,666624,621020,664023,641355,673548,54.06,,,,,,,,47,2,Split-Finger,7,4,7,4,4,7,7,4,Infield shade,Standard,137.0,0.001,0.025,,,,,-0.025,,3,3,0.883,0.883,30,32,31,33,3,2,11.0,1,6.0,1.0,2.97,0.93,0.93,34.5,,,,,
FF,2024-05-29,89.5,2.47,5.41,"Yelich, Christian",592885,684007,,called_strike,,,,,4.0,,R,L,L,MIL,CHC,S,,,0,0,2024,0.58,1.61,-0.495925357779609,2.936151062595467,,,,0,5,Bot,,,,,,,-8.553674805054278,-129.94071000725742,-3.4182501840758253,8.479182303315469,30.00639501703463,-13.479231135765325,3.49586127722396,1.74364176454957,,,,89.2,2465.0,6.5,745988,543228,621550,663538,666624,621020,664023,641355,673548,54.03,,,,,,,,47,1,4-Seam Fastball,7,4,7,4,4,7,7,4,Standard,Standard,149.0,-0.001,-0.037,,,,,0.037,,3,3,0.884,0.884,30,32,31,33,3,2,11.0,1,6.0,1.0,1.27,0.58,0.58,41.3,,,,,
ST,2024-05-29,82.2,2.98,5.02,"Yelich, Christian",592885,684007,single,hit_into_play,,,,,1.0,Christian Yelich singles on a fly ball to right fielder Seiya Suzuki. Joey Ortiz to 3rd.,R,L,L,MIL,CHC,X,9.0,fly_ball,1,0,2024,-1.15,0.5,-0.4443062878749609,3.020578105085648,,,687401.0,1,3,Bot,158.88,73.08,,,,,-5.5028222321079046,-119.53239685778448,1.1574469451306988,-9.634732014880813,27.070367403502853,-27.930235855443023,3.37,1.72,330.0,97.8,21.0,81.4,2524.0,6.2,745988,543228,683737,663538,666624,621020,664023,641355,673548,54.29,0.295,0.354,0.9,1.0,1.0,0.0,5.0,25,2,Sweeper,2,1,2,1,1,2,2,1,Standard,Standard,267.0,0.056,0.369,71.9,7.4,,0.561,-0.369,97.8,1,1,0.674,0.674,30,32,31,33,2,1,11.0,1,6.0,1.0,2.92,-1.15,-1.15,33.1,14.244531662356286,-3.920323795957688,29.57751186571913,41.24414983935188,32.04461045759181
FS,2024-05-29,83.3,2.71,5.06,"Yelich, Christian",592885,684007,,ball,,,,,13.0,,R,L,L,MIL,CHC,B,,,0,0,2024,0.94,0.59,-0.618071992376867,1.183711104130444,,,687401.0,1,3,Bot,,,,,,,-9.510593064750749,-120.93856835978292,-3.572529939300582,11.104817291937271,25.008421285806573,-25.81304795670937,3.42208410805852,1.70460533025904,,,,83.4,928.0,6.6,745988,543228,683737,663538,666624,621020,664023,641355,673548,53.91,,,,,,,,25,1,Split-Finger,2,1,2,1,1,2,2,1,Standard,Standard,128.0,0.003,0.036,,,,,-0.036,,1,1,0.671,0.671,30,32,31,33,2,1,11.0,1,6.0,1.0,2.72,0.94,0.94,34.2,,,,,
CH,2024-05-29,82.9,-2.36,5.87,"Yelich, Christian",592885,543294,field_out,hit_into_play,,,,,13.0,Christian Yelich grounds out to first baseman Patrick Wisdom. Joey Ortiz scores. William Contreras to 3rd.,R,L,R,MIL,CHC,X,3.0,ground_ball,2,2,2024,-1.35,0.63,-0.5701995130826212,1.4517567367794912,687401.0,661388.0,,1,7,Bot,142.63,187.52,,,,,6.624825258228379,-120.60879702118746,-4.804919320224164,-14.442565249124366,22.73214260757724,-25.28902098809808,3.37,1.72,1.0,69.9,-43.0,81.9,2217.0,5.5,745988,543228,621550,663538,666624,621020,664023,641355,673548,54.96,0.191,0.175,0.0,1.0,0.0,0.0,2.0,63,5,Changeup,7,4,7,4,4,8,8,4,Strategic,Standard,228.0,0.01,-0.068,69.3,7.9,,0.193,0.068,88.0,3,3,0.96,0.96,34,32,35,33,1,3,6.0,1,4.0,1.0,2.68,1.35,-1.35,42.1,8.250378186428042,5.59233343592284,35.2855694837406,43.53239415066676,28.53834269778091
FF,2024-05-29,88.6,-2.43,5.79,"Yelich, Christian",592885,543294,,foul_tip,,,,,12.0,,R,L,R,MIL,CHC,S,,,2,1,2024,-0.65,1.3,0.1011284991907901,3.851861903083014,687401.0,661388.0,,1,7,Bot,,,,,,,7.439419292879651,-128.87758509319653,-1.3831215658534086,-8.727692181959235,26.237542530313927,-17.629365040184236,3.37,1.72,,,,87.6,2164.0,5.6,745988,543228,621550,663538,666624,621020,664023,641355,673548,54.87,,,,,,,,63,4,4-Seam Fastball,7,4,7,4,4,7,7,4,Strategic,Standard,218.0,-0.003,-0.121,44.2,4.9,,,0.121,,3,3,0.963,0.963,34,32,35,33,1,3,6.0,1,4.0,1.0,1.6,0.65,-0.65,41.4,-13.942347693810332,53.63072167283613,33.91675548761375,33.16871158600949,-0.8752439766018063
SI,2024-05-29,88.5,-2.47,5.79,"Yelich, Christian",592885,543294,,called_strike,,,,,4.0,,R,L,R,MIL,CHC,S,,,2,0,2024,-1.29,0.54,-0.753826246324333,2.3694828871102693,687401.0,,661388.0,1,7,Bot,,,,,,,6.767466028446574,-128.73155070564482,-3.3785877834167115,-15.724490190823031,25.44245360042126,-25.695452563601844,3.40263842601797,1.72169199371933,,,,87.5,2008.0,5.6,745988,543228,621550,663538,666624,621020,664023,641355,673548,54.93,,,,,,,,63,3,Sinker,7,4,7,4,4,7,7,4,Standard,Standard,221.0,0.003,-0.066,,,,,0.066,,3,3,0.96,0.96,34,32,35,33,1,3,6.0,1,4.0,1.0,2.36,1.29,-1.29,41.3,,,,,
SI,2024-05-29,88.1,-2.44,5.77,"Yelich, Christian",592885,543294,,ball,,,,,12.0,,R,L,R,MIL,CHC,B,,,1,0,2024,-1.2,0.43,0.5334576826382549,3.7439055288804415,687401.0,,661388.0,1,7,Bot,,,,,,,9.567564573399938,-127.99667831865932,0.2457777590634744,-15.118664806039511,24.389775800629728,-27.661242537742883,3.41044905704847,1.73731320623501,,,,87.2,2011.0,5.6,745988,543228,621550,663538,666624,621020,664023,641355,673548,54.89,,,,,,,,63,2,Sinker,7,4,7,4,4,7,7,4,Standard,Standard,216.0,0.001,0.028,,,,,-0.028,,3,3,0.959,0.959,34,32,35,33,1,3,6.0,1,4.0,1.0,2.5,1.2,-1.2,42.4,,,,,
CH,2024-05-29,82.5,-2.53,5.82,"Yelich, Christian",592885,543294,,ball,,,,,11.0,,R,L,R,MIL,CHC,B,,,0,0,2024,-1.44,0.61,-1.855096402084496,2.7838664744377617,687401.0,,661388.0,1,7,Bot,,,,,,,4.268302754045605,-120.1652716569836,-1.5989520931248515,-14.811594338263705,22.766883219105413,-26.116271702785344,3.41792612956276,1.70575155316346,,,,81.4,2120.0,5.5,745988,543228,621550,663538,666624,621020,664023,641355,673548,55.03,,,,,,,,63,1,Changeup,7,4,7,4,4,7,7,4,Standard,Standard,233.0,0.0,0.024,,,,,-0.024,,3,3,0.959,0.959,34,32,35,33,1,3,6.0,1,4.0,1.0,2.72,1.44,-1.44,41.9,,,,,
FF,2024-05-29,93.2,2.29,5.3,"Yelich, Christian",592885,684007,home_run,hit_into_play,,,,,5.0,Christian Yelich homers (6) on a fly ball to right center field. Joey Ortiz scores.,R,L,L,MIL,CHC,X,,fly_ball,0,0,2024,0.8,1.53,0.1663728673531124,2.6279794822133526,,687401.0,,1,1,Bot,184.57,29.87,,,,,-7.20975795638833,-135.54918489296017,-4.477311087960199,11.409165471840732,29.774864077554515,-12.523653107348723,3.37,1.72,441.0,110.5,28.0,93.4,2422.0,6.4,745988,543228,683737,663538,666624,621020,664023,641355,673548,54.08,1.0,2.0,2.0,1.0,0.0,3.0,6.0,6,1,4-Seam Fastball,0,0,0,0,0,2,2,0,Standard,Standard,193.0,0.15,1.29,76.0,7.9,,4.0,-1.29,110.5,0,0,0.567,0.567,30,32,31,33,1,0,11.0,1,6.0,1.0,1.1,0.8,0.8,41.1,20.59223957151442,-8.353590620288076,36.53883980481149,34.33007165830332,34.84447171482404
FF,2024-05-28,97.9,-1.67,6.18,"Yelich, Christian",592885,676962,strikeout,called_strike,,,,,7.0,Christian Yelich called out on strikes.,R,L,R,MIL,CHC,S,2.0,,1,2,2024,-0.71,1.46,-0.6744739590455148,2.0367782391438265,,,,0,7,Bot,,,,,,,4.348055359376922,-142.3739549974558,-9.130527765250298,-10.655755030811916,31.990017798502,-10.367223656130468,3.4013646100459,1.80838731682908,,,,98.7,2347.0,6.7,745987,665804,683737,663538,666624,621020,664023,641355,643565,53.78,,0.0,0.0,1.0,0.0,0.0,,47,4,4-Seam Fastball,0,1,0,1,1,0,0,1,Infield shade,Standard,214.0,-0.034,-0.186,,,,,0.186,,-1,-1,0.35,0.35,24,32,25,33,3,2,5.0,1,5.0,1.0,0.91,0.71,-0.71,41.1,,,,,
KC,2024-05-28,86.8,-1.62,6.27,"Yelich, Christian",592885,676962,,foul,,,,,5.0,,R,L,R,MIL,CHC,S,,,1,1,2024,0.18,-0.23,-0.2359935961453341,2.517578592482486,,,,0,7,Bot,,,,,,,2.965595663871933,-126.4443655174834,-2.3035891355086724,1.2480051348007073,27.170588868931773,-34.39936552565631,3.35,1.72,147.0,68.9,36.0,86.9,2378.0,6.4,745987,665804,683737,663538,666624,621020,664023,641355,643565,54.11,,,,,,,,47,3,Knuckle Curve,0,1,0,1,1,0,0,1,Infield shade,Standard,69.0,-0.012,-0.056,75.2,7.9,,,0.056,88.0,-1,-1,0.362,0.362,24,32,25,33,3,2,5.0,1,5.0,1.0,3.27,-0.18,0.18,41.8,10.133184596638658,-0.1386569271059034,33.88317409761685,40.18059691680416,29.802623255320704
FF,2024-05-28,95.5,-1.62,6.13,"Yelich, Christian",592885,676962,,ball,,,,,12.0,,R,L,R,MIL,CHC,B,,,0,1,2024,-0.72,1.62,1.8596820859205212,3.1245754237990866,,,,0,7,Bot,,,,,,,10.82924605659172,-138.56245901727775,-5.938557285256299,-11.702618361257509,30.303419406687794,-10.109022806961477,3.40045724886095,1.80743017439331,,,,96.0,2264.0,6.7,745987,665804,683737,663538,666624,621020,664023,641355,643565,53.8,,,,,,,,47,2,4-Seam Fastball,0,1,0,1,1,0,0,1,Infield shade,Standard,215.0,0.005,0.025,,,,,-0.025,,-1,-1,0.357,0.357,24,32,25,33,3,2,5.0,1,5.0,1.0,0.89,0.72,-0.72,40.6,,,,,
FF,2024-05-28,95.9,-1.63,6.17,"Yelich, Christian",592885,676962,,foul,,,,,2.0,,R,L,R,MIL,CHC,S,,,0,0,2024,-0.79,1.42,0.2049592598645274,2.896510319307555,,,,0,7,Bot,,,,,,,6.691869090944955,-139.48930613872534,-6.336129837422801,-11.830067387434443,31.13592932678394,-12.323186798599648,3.35,1.72,209.0,75.5,52.0,96.7,2309.0,6.7,745987,665804,683737,663538,666624,621020,664023,641355,643565,53.76,,,,,,,,47,1,4-Seam Fastball,0,1,0,1,1,0,0,1,Infield shade,Standard,211.0,-0.007,-0.037,69.3,6.5,,,0.037,88.0,-1,-1,0.364,0.364,24,32,25,33,3,2,5.0,1,5.0,1.0,1.05,0.79,-0.79,45.2,0.3770548152786893,16.948132228252444,35.817303496863936,33.143734151107495,20.328304070516573
KC,2024-05-28,87.5,-1.62,6.27,"Yelich, Christian",592885,676962,field_out,hit_into_play,,,,,2.0,Christian Yelich flies out sharply to right fielder Mike Tauchman.,R,L,R,MIL,CHC,X,9.0,fly_ball,0,1,2024,0.22,-0.23,0.2151079381737381,2.9331057784439487,,,,2,4,Bot,204.36,86.26,,,,,3.994613072018285,-127.50520166723172,-1.4727588025381648,1.579936518972129,25.614077427131004,-34.57800665965182,3.35,1.72,338.0,103.4,43.0,88.2,2329.0,6.6,745987,665804,683737,663538,666624,621020,664023,641355,643565,53.91,0.168,0.317,0.0,1.0,0.0,0.0,5.0,26,2,Knuckle Curve,0,1,0,1,1,0,0,1,Infield shade,Standard,82.0,-0.012,-0.215,73.3,8.1,,0.6,0.215,103.4,-1,-1,0.374,0.374,24,32,25,33,2,1,5.0,1,5.0,1.0,3.19,-0.22,0.22,41.4,28.98033760048724,-12.051475379494924,28.754490413878763,34.23944518667768,36.10681768377349
FF,2024-05-28,96.9,-1.66,6.21,"Yelich, Christian",592885,676962,,called_strike,,,,,6.0,,R,L,R,MIL,CHC,S,,,0,0,2024,-0.9,1.34,0.4806202306627394,2.3797695631554,,,,2,4,Bot,,,,,,,7.8422807025463,-140.73344580278476,-7.781203460317142,-13.762675046985398,32.218694324953425,-12.746165978121914,3.42255114299873,1.8250183244451,,,,97.5,2223.0,6.8,745987,665804,683737,663538,666624,621020,664023,641355,643565,53.73,,,,,,,,26,1,4-Seam Fastball,0,1,0,1,1,0,0,1,Standard,Standard,216.0,-0.002,-0.041,,,,,0.041,,-1,-1,0.376,0.376,24,32,25,33,2,1,5.0,1,5.0,1.0,1.1,0.9,-0.9,45.0,,,,,
FS,2024-05-28,85.4,-1.48,5.94,"Yelich, Christian",592885,593576,walk,blocked_ball,,,,,14.0,Christian Yelich walks.,R,L,R,MIL,CHC,B,,,3,1,2024,-0.9,-0.48,0.5322600742738404,0.4117986839499266,,,,2,9,Bot,,,,,,,6.542627601141311,-124.0018687843792,-5.618951776568068,-10.714143246131783,29.02717990350621,-35.94884716782814,3.37747930001384,1.71529888614715,,,,84.6,1143.0,6.3,745987,665804,683737,663538,663611,621020,664023,641355,643565,54.2,,0.689131,0.7,1.0,0.0,0.0,,66,5,Split-Finger,0,1,0,1,1,0,0,1,Standard,Standard,264.0,0.031,0.178,,,,,-0.178,,-1,-1,0.068,0.068,35,32,35,33,1,3,7.0,1,3.0,1.0,3.66,0.9,-0.9,43.5,,,,,
KC,2024-05-28,88.1,-1.52,6.29,"Yelich, Christian",592885,676962,strikeout,swinging_strike,,,,,14.0,Christian Yelich strikes out swinging.,R,L,R,MIL,CHC,S,2.0,,2,2,2024,0.2,-0.38,0.9105650571957522,1.0183340671904348,,,,2,1,Bot,,,,,,,5.541353020438694,-128.1465489046449,-5.906712495114014,0.9478551619619968,27.64970800327138,-35.29640691238614,3.35,1.72,,,,88.6,2370.0,6.7,745987,665804,683737,663538,666624,621020,664023,641355,643565,53.79,,0.0,0.0,1.0,0.0,0.0,,6,5,Knuckle Curve,0,0,0,0,0,0,0,0,Infield shade,Standard,67.0,-0.008,-0.219,64.0,8.4,9.132048672,,0.219,,0,0,0.508,0.508,24,32,25,33,1,0,5.0,1,5.0,1.0,3.33,-0.2,0.2,45.3,29.179890972244173,-35.05902654712853,40.653450777365926,26.854579971284835,50.23437717823357
FS,2024-05-28,84.9,-1.54,5.98,"Yelich, Christian",592885,593576,,ball,,,,,13.0,,R,L,R,MIL,CHC,B,,,2,1,2024,-0.87,-0.23,-0.3925659781776095,1.0330216998561403,,,,2,9,Bot,,,,,,,4.410415153162453,-123.49279868910762,-4.732780002887945,-9.792218124866611,26.743061671637832,-33.705809740349906,3.27797307390411,1.69155283141373,,,,84.5,1050.0,6.2,745987,665804,683737,663538,663611,621020,664023,641355,643565,54.25,,,,,,,,66,4,Split-Finger,0,1,0,1,1,0,0,1,Infield shade,Standard,265.0,0.016,0.112,,,,,-0.112,,-1,-1,0.052,0.052,35,32,35,33,1,3,7.0,1,3.0,1.0,3.42,0.87,-0.87,43.5,,,,,
FF,2024-05-28,97.3,-1.61,6.17,"Yelich, Christian",592885,676962,,ball,,,,,11.0,,R,L,R,MIL,CHC,B,,,1,2,2024,-0.83,1.27,-1.845158655465127,2.898853035564935,,,,2,1,Bot,,,,,,,1.297603411309787,-141.58197224413163,-6.176798714381404,-11.452549446836365,34.58177303147821,-13.901271395676808,3.29526295736895,1.69787416613448,,,,97.9,2273.0,6.8,745987,665804,683737,663538,666624,621020,664023,641355,643565,53.71,,,,,,,,6,4,4-Seam Fastball,0,0,0,0,0,0,0,0,Infield shade,Standard,211.0,0.001,0.039,,,,,-0.039,,0,0,0.507,0.507,24,32,25,33,1,0,5.0,1,5.0,1.0,1.15,0.83,-0.83,40.5,,,,,
FF,2024-05-28,94.1,-1.48,5.94,"Yelich, Christian",592885,593576,,called_strike,,,,,13.0,,R,L,R,MIL,CHC,S,,,2,0,2024,-0.94,1.46,-0.6937107594103941,1.608268225035436,,,,2,9,Bot,,,,,,,4.099160594168233,-136.59487234390963,-8.637289345563955,-12.649709756552364,34.65992781907208,-12.165277492561984,3.3104590483642,1.74948568371385,,,,93.2,2465.0,6.2,745987,665804,683737,663538,663611,621020,664023,641355,643565,54.26,,,,,,,,66,3,4-Seam Fastball,0,1,0,1,1,0,0,1,Standard,Standard,216.0,-0.011,-0.061,,,,,0.061,,-1,-1,0.063,0.063,35,32,35,33,1,3,7.0,1,3.0,1.0,1.16,0.94,-0.94,44.4,,,,,
FF,2024-05-28,97.5,-1.54,6.23,"Yelich, Christian",592885,676962,,ball,,,,,11.0,,R,L,R,MIL,CHC,B,,,0,2,2024,-0.78,1.37,-1.2711924959919103,3.7557093606746736,,,,2,1,Bot,,,,,,,2.557882763571643,-141.83183514633117,-4.294494477032837,-11.147362402073306,35.09271525912012,-12.905569194032866,3.35274230963017,1.80341815725201,,,,98.0,2275.0,6.8,745987,665804,683737,663538,666624,621020,664023,641355,643565,53.75,,,,,,,,6,3,4-Seam Fastball,0,0,0,0,0,0,0,0,Standard,Standard,216.0,0.001,0.023,,,,,-0.023,,0,0,0.506,0.506,24,32,25,33,1,0,5.0,1,5.0,1.0,1.04,0.78,-0.78,38.7,,,,,
FF,2024-05-28,94.2,-1.52,5.98,"Yelich, Christian",592885,593576,,ball,,,,,13.0,,R,L,R,MIL,CHC,B,,,1,0,2024,-0.86,1.55,-0.7039124032679478,1.0423808411844195,,,,2,9,Bot,,,,,,,4.0048416357227055,-136.64352269369115,-10.385172558620257,-11.701598255969651,34.718038467277886,-10.563211452682657,3.30929712902937,1.70733816869891,,,,93.1,2488.0,6.2,745987,665804,683737,663538,663611,621020,664023,641355,643565,54.32,,,,,,,,66,2,4-Seam Fastball,0,1,0,1,1,0,0,1,Standard,Standard,216.0,0.011,0.068,,,,,-0.068,,-1,-1,0.052,0.052,35,32,35,33,1,3,7.0,1,3.0,1.0,1.07,0.86,-0.86,44.1,,,,,
FF,2024-05-28,97.3,-1.63,6.15,"Yelich, Christian",592885,676962,,called_strike,,,,,8.0,,R,L,R,MIL,CHC,S,,,0,1,2024,-0.81,1.33,-0.2260484131428568,1.90349022902738,,,,2,1,Bot,,,,,,,5.669554603650296,-141.39177020251952,-8.947737154474266,-12.154380700615556,33.970054838161545,-12.498174275367674,3.33938352093749,1.75809469445511,,,,97.9,2224.0,6.8,745987,665804,683737,663538,666624,621020,664023,641355,643565,53.69,,,,,,,,6,2,4-Seam Fastball,0,0,0,0,0,0,0,0,Standard,Standard,220.0,-0.002,-0.058,,,,,0.058,,0,0,0.508,0.508,24,32,25,33,1,0,5.0,1,5.0,1.0,1.1,0.81,-0.81,38.8,,,,,
FF,2024-05-28,94.9,-1.46,5.95,"Yelich, Christian",592885,593576,,ball,,,,,13.0,,R,L,R,MIL,CHC,B,,,0,0,2024,-0.98,1.43,-0.7388572860543462,1.34578287292279,,,,2,9,Bot,,,,,,,4.061457095744282,-137.8313512104389,-9.449989339931705,-13.423277490095964,35.1924879430692,-11.986744355537995,3.33537489434115,1.70555225109108,,,,94.0,2491.0,6.2,745987,665804,683737,663538,663611,621020,664023,641355,643565,54.3,,,,,,,,66,1,4-Seam Fastball,0,1,0,1,1,0,0,1,Standard,Standard,214.0,0.005,0.04,,,,,-0.04,,-1,-1,0.047,0.047,35,32,35,33,1,3,7.0,1,3.0,1.0,1.14,0.98,-0.98,39.6,,,,,
FF,2024-05-28,97.2,-1.6,6.13,"Yelich, Christian",592885,676962,,called_strike,,,,,4.0,,R,L,R,MIL,CHC,S,,,0,0,2024,-0.72,1.35,-0.7815982851906534,2.7503414269065285,,,,2,1,Bot,,,,,,,3.871478864079746,-141.3073504460702,-6.612263244162532,-10.58902186670036,34.45211328163991,-12.792053687858091,3.40519070059602,1.69708340349537,,,,97.7,2229.0,6.8,745987,665804,683737,663538,666624,621020,664023,641355,643565,53.74,,,,,,,,6,1,4-Seam Fastball,0,0,0,0,0,0,0,0,Infield shade,Standard,217.0,-0.002,-0.041,,,,,0.041,,0,0,0.51,0.51,24,32,25,33,1,0,5.0,1,5.0,1.0,1.08,0.72,-0.72,36.6,,,,,
SI,2024-05-27,92.9,1.88,6.04,"Yelich, Christian",592885,657006,field_out,hit_into_play,,,,,9.0,"Christian Yelich grounds out, second baseman Nico Hoerner to first baseman Patrick Wisdom.",R,L,L,MIL,CHC,X,4.0,ground_ball,1,2,2024,0.98,0.69,0.6368441063035175,2.051298530454484,,,,1,6,Bot,162.43,156.49,,,,,-5.335152143539872,-135.15286782483813,-5.9649452866175485,13.116406826822775,27.70622906145551,-22.684117806167038,3.34,1.71,8.0,100.8,-14.0,93.2,2435.0,6.3,745986,665804,621550,663538,663611,621020,664023,641355,673548,54.16,0.232,0.217,0.0,1.0,0.0,0.0,2.0,39,4,Sinker,0,0,0,0,0,0,0,0,Standard,Standard,156.0,-0.017,-0.182,72.7,7.2,,0.234,0.182,100.8,0,0,0.534,0.534,28,32,29,33,3,2,5.0,1,5.0,1.0,1.94,0.98,0.98,45.1,7.321725202615956,4.602445094602678,41.81486702225209,30.88185854532566,25.588596048235686
FF,2024-05-27,92.4,1.93,6.08,"Yelich, Christian",592885,657006,,ball,,,,,11.0,,R,L,L,MIL,CHC,B,,,0,2,2024,0.21,1.35,-0.0348228573820322,4.084333692574327,,,,1,6,Bot,,,,,,,-5.458077199523964,-134.52668740924753,-2.2551451293086133,3.584061313180407,26.50522761571024,-15.43691507879462,3.32978469966287,1.69141284995308,,,,92.8,2409.0,6.3,745986,665804,621550,663538,663611,621020,664023,641355,673548,54.21,,,,,,,,39,3,4-Seam Fastball,0,0,0,0,0,0,0,0,Standard,Standard,157.0,0.002,0.02,,,,,-0.02,,0,0,0.532,0.532,28,32,29,33,3,2,5.0,1,5.0,1.0,1.3,0.21,0.21,47.1,,,,,
SI,2024-05-27,89.8,1.81,6.12,"Yelich, Christian",592885,657006,,foul,,,,,12.0,,R,L,L,MIL,CHC,S,,,0,1,2024,0.77,0.62,0.6283912943834215,3.598332851141524,,,,1,6,Bot,,,,,,,-4.546437777986157,-130.73986830855745,-1.6086532473190618,9.756493681262135,26.209035825556885,-24.92109096969765,3.34,1.71,110.0,76.9,11.0,90.1,2392.0,6.3,745986,665804,621550,663538,663611,621020,664023,641355,673548,54.17,,,,,,,,39,2,Sinker,0,0,0,0,0,0,0,0,Standard,Standard,156.0,-0.006,-0.057,59.3,5.5,,,0.057,88.0,0,0,0.538,0.538,28,32,29,33,3,2,5.0,1,5.0,1.0,2.19,0.77,0.77,44.9,-10.676283498168717,44.88130781062417,31.854689107247587,31.197675828507634,11.75846463205773
SL,2024-05-27,82.0,1.8,6.17,"Yelich, Christian",592885,657006,,called_strike,,,,,8.0,,R,L,L,MIL,CHC,S,,,0,0,2024,-0.89,-0.14,0.0330337155911353,1.882319785592664,,,,1,6,Bot,,,,,,,-2.2622710166004776,-119.44662393840308,-2.910081511666635,-8.194790417297714,21.529949008842625,-33.234354418294025,3.30709616318059,1.69100477144516,,,,82.0,2621.0,6.1,745986,665804,621550,663538,663611,621020,664023,641355,673548,54.41,,,,,,,,39,1,Slider,0,0,0,0,0,0,0,0,Standard,Standard,313.0,-0.004,-0.037,,,,,0.037,,0,0,0.542,0.542,28,32,29,33,3,2,5.0,1,5.0,1.0,3.51,-0.89,-0.89,46.3,,,,,
SI,2024-05-27,92.4,1.88,6.09,"Yelich, Christian",592885,657006,field_out,hit_into_play,,,,,6.0,Christian Yelich pops out to shortstop Dansby Swanson.,R,L,L,MIL,CHC,X,6.0,popup,1,1,2024,1.2,0.82,0.3547790809123066,2.666399342917501,,661388.0,,1,3,Bot,85.78,134.62,,,,,-6.512576972806054,-134.4346003164977,-4.711961752128575,15.99421776562616,28.12328279418823,-21.42146017627697,3.34,1.71,197.0,79.5,54.0,92.5,2446.0,6.3,745986,665804,621550,663538,663611,621020,664023,641355,673548,54.19,0.021,0.019,0.0,1.0,0.0,0.0,3.0,20,3,Sinker,0,0,0,0,0,0,0,0,Standard,Standard,158.0,-0.037,-0.247,73.6,7.3,,0.022,0.247,88.0,0,0,0.575,0.575,28,32,29,33,2,1,5.0,1,5.0,1.0,1.84,1.2,1.2,46.4,7.519580573562933,9.746082712793717,34.83853138381427,34.063133266060944,27.319751231917195
SI,2024-05-27,93.6,1.85,6.09,"Yelich, Christian",592885,657006,,ball,,,,,13.0,,R,L,L,MIL,CHC,B,,,0,1,2024,1.15,0.79,-0.7244218747494071,1.109861388840715,,661388.0,,1,3,Bot,,,,,,,-9.17581152138406,-135.74631676490827,-8.855600822089242,16.231364436088594,28.873735762835476,-20.61444147156327,3.34596449680862,1.6597081873758,,,,93.7,2523.0,6.5,745986,665804,621550,663538,663611,621020,664023,641355,673548,54.02,,,,,,,,20,2,Sinker,0,0,0,0,0,0,0,0,Standard,Standard,153.0,0.004,0.021,,,,,-0.021,,0,0,0.571,0.571,28,32,29,33,2,1,5.0,1,5.0,1.0,1.82,1.15,1.15,51.9,,,,,
SI,2024-05-27,92.6,1.75,6.14,"Yelich, Christian",592885,657006,,swinging_strike,,,,,2.0,,R,L,L,MIL,CHC,S,,,0,0,2024,1.13,0.82,0.1202878299019281,2.878713501982148,,668930.0,661388.0,0,3,Bot,,,,,,,-6.607534971978093,-134.69478758842075,-4.323908239818368,15.135566458939218,28.7536730140846,-21.47697599952761,3.34,1.71,,,,92.7,2467.0,6.3,745986,665804,621550,663538,663611,621020,664023,641355,673548,54.18,,,,,,,,20,1,Sinker,0,0,0,0,0,0,0,0,Standard,Standard,162.0,-0.008,-0.044,70.1,6.6,0.207498252,,0.044,,0,0,0.654,0.654,28,32,29,33,2,1,5.0,1,5.0,1.0,1.84,1.13,1.13,48.0,-7.017440575981696,30.45825689086317,36.64162346660976,35.17020526701009,10.38132900265962
FS,2024-05-27,84.2,-1.36,5.78,"Yelich, Christian",592885,643410,strikeout,swinging_strike,,,,,13.0,Christian Yelich strikes out swinging.,R,L,R,MIL,CHC,S,2.0,,0,2,2024,-0.4,0.23,-0.2561832002531679,1.5523102871153034,668930.0,,661388.0,0,8,Bot,,,,,,,3.37942915333174,-122.59731022751264,-3.872330138437421,-4.719775724910075,25.80047860871952,-29.3008493837959,3.34,1.71,,,,84.6,670.0,6.7,745986,665804,621550,663538,663611,621020,664023,641355,673548,53.81,,0.0,0.0,1.0,0.0,0.0,,57,3,Split-Finger,1,0,1,0,0,1,1,0,Strategic,Standard,239.0,-0.017,-0.232,75.6,8.8,10.81951998,,0.232,,1,1,0.925,0.925,33,32,33,33,1,3,2.0,1,1.0,1.0,3.0,0.4,-0.4,52.4,33.661585355690725,-34.31808528904788,35.71662933922481,41.404250252610645,55.36173792203248
CU,2024-05-27,73.4,-1.41,5.8,"Yelich, Christian",592885,643410,,called_strike,,,,,2.0,,R,L,R,MIL,CHC,S,,,0,1,2024,0.72,-1.44,-0.2311412884880826,3.137303033461828,668930.0,,661388.0,0,8,Bot,,,,,,,1.1529343379771164,-106.65152388083834,4.586480619975074,5.208814527867497,20.560379796391462,-44.21309448042239,3.31649580422242,1.69192970589472,,,,73.5,2320.0,6.7,745986,665804,621550,663538,663611,621020,664023,641355,673548,53.78,,,,,,,,57,2,Curveball,1,0,1,0,0,1,1,0,Strategic,Standard,21.0,-0.007,-0.066,,,,,0.066,,1,1,0.932,0.932,33,32,33,33,1,3,2.0,1,1.0,1.0,5.73,-0.72,0.72,53.3,,,,,
SI,2024-05-27,90.9,-1.74,5.62,"Yelich, Christian",592885,643410,,called_strike,,,,,6.0,,R,L,R,MIL,CHC,S,,,0,0,2024,-1.14,0.81,0.6810329490621154,2.813047161605115,668930.0,,661388.0,0,8,Bot,,,,,,,8.565523490437366,-132.20542547700256,-2.8856966641020425,-15.144470618003693,27.63108386182981,-22.229212350437287,3.34895568270769,1.69331031232488,,,,91.7,2029.0,6.7,745986,665804,621550,663538,663611,621020,664023,641355,673548,53.75,,,,,,,,57,1,Sinker,1,0,1,0,0,1,1,0,Strategic,Standard,214.0,-0.004,-0.04,,,,,0.04,,1,1,0.936,0.936,33,32,33,33,1,3,2.0,1,1.0,1.0,1.95,1.14,-1.14,46.0,,,,,
FF,2024-05-27,93.7,1.7,6.07,"Yelich, Christian",592885,657006,strikeout,called_strike,,,,,6.0,Christian Yelich called out on strikes.,R,L,L,MIL,CHC,S,2.0,,0,2,2024,0.11,1.33,0.3541740102430736,2.334879769166585,,,,1,1,Bot,,,,,,,-3.728560026347787,-136.4151580513081,-6.891538238660712,2.1480119781028653,28.980918773178765,-14.2183622387587,3.34882602901648,1.59005083181542,,,,93.9,2478.0,6.3,745986,665804,621550,663538,663611,621020,664023,641355,673548,54.17,,0.0,0.0,1.0,0.0,0.0,,5,3,4-Seam Fastball,0,0,0,0,0,0,0,0,Standard,Standard,161.0,-0.01,-0.162,,,,,0.162,,0,0,0.52,0.52,28,32,29,33,1,0,5.0,1,5.0,1.0,1.25,0.11,0.11,47.3,,,,,
SI,2024-05-27,90.9,1.74,6.14,"Yelich, Christian",592885,657006,,called_strike,,,,,13.0,,R,L,L,MIL,CHC,S,,,0,1,2024,0.65,1.11,-0.8490969043359513,2.106565338228781,,,,1,1,Bot,,,,,,,-7.890455189408441,-132.01570705098197,-6.590778460188794,9.26248565852834,27.253875424993865,-17.92666237137181,3.39087958725459,1.76920120137246,,,,91.0,2508.0,6.4,745986,665804,621550,663538,663611,621020,664023,641355,673548,54.08,,,,,,,,5,2,Sinker,0,0,0,0,0,0,0,0,Infield shade,Standard,159.0,-0.004,-0.057,,,,,0.057,,0,0,0.524,0.524,28,32,29,33,1,0,5.0,1,5.0,1.0,1.65,0.65,0.65,47.1,,,,,
FF,2024-05-27,92.3,1.8,6.16,"Yelich, Christian",592885,657006,,called_strike,,,,,3.0,,R,L,L,MIL,CHC,S,,,0,0,2024,0.3,1.34,0.7952140161433889,2.9538905263627924,,,,1,1,Bot,,,,,,,-3.210848120548899,-134.37084943834049,-5.258103287054949,4.284619667226981,29.071833801926992,-14.9559269477788,3.50746881425614,1.64499635939623,,,,92.3,2514.0,6.3,745986,665804,621550,663538,663611,621020,664023,641355,673548,54.24,,,,,,,,5,1,4-Seam Fastball,0,0,0,0,0,0,0,0,Standard,Standard,160.0,-0.002,-0.037,,,,,0.037,,0,0,0.526,0.526,28,32,29,33,1,0,5.0,1,5.0,1.0,1.33,0.3,0.3,46.9,,,,,
FS,2024-05-26,87.9,-2.33,5.52,"Yelich, Christian",592885,656557,fielders_choice_out,hit_into_play,,,,,7.0,"Christian Yelich reaches on a fielder's choice out, first baseman Dominic Smith to catcher Reese McGuire to third baseman Rafael Devers. Brice Turang out at home. William Contreras to 2nd.",R,L,R,BOS,MIL,X,3.0,ground_ball,2,1,2024,-1.24,-0.39,-0.4201228756175106,1.7410718213618628,668930.0,,661388.0,1,5,Top,145.43,172.87,,,,,7.135192723225013,-127.81363083524788,-2.213625653882592,-15.085568560077348,26.950638995480958,-36.19591750341654,3.31,1.67,5.0,102.6,-19.0,87.2,2039.0,5.9,746957,624512,642086,687093,646240,666152,680776,678882,677800,54.57,0.193,0.174,0.0,1.0,0.0,0.0,2.0,36,4,Split-Finger,1,1,1,1,1,1,1,1,Standard,Standard,262.0,0.102,-0.323,74.0,8.1,,0.195,0.323,102.6,0,0,0.406,0.594,28,32,28,33,3,2,6.0,1,5.0,1.0,3.35,1.24,-1.24,20.8,15.919705267064597,-2.779969901791683,34.23275632824905,42.68978755491403,37.070833214186905
ST,2024-05-26,81.7,-2.51,5.52,"Yelich, Christian",592885,656557,,ball,,,,,13.0,,R,L,R,BOS,MIL,B,,,1,1,2024,1.34,-0.1,-1.1978728716700426,2.068245490071841,668930.0,,661388.0,1,5,Top,,,,,,,0.3739239660873621,-119.032648497868,-1.0272416657447905,12.6313516095518,23.196334993716388,-33.11214966986927,3.38133245178092,1.73962011669986,,,,80.8,2463.0,5.7,746957,624512,642086,687093,646240,666152,680776,678882,677800,54.83,,,,,,,,36,3,Sweeper,1,1,1,1,1,1,1,1,Standard,Standard,60.0,-0.008,0.024,,,,,-0.024,,0,0,0.414,0.586,28,32,28,33,3,2,6.0,1,5.0,1.0,3.51,-1.34,1.34,17.6,,,,,
ST,2024-05-26,82.6,-2.33,5.5,"Yelich, Christian",592885,656557,,foul,,,,,6.0,,R,L,R,BOS,MIL,S,,,1,0,2024,1.55,0.08,0.6447255408948718,2.7880166796397865,668930.0,,661388.0,1,5,Top,,,,,,,3.712822031532539,-120.19779515768744,0.2252738105121561,14.13348295658059,25.31058731113916,-31.69894071052322,3.31,1.67,412.0,111.6,33.0,81.4,2516.0,5.7,746957,624512,642086,687093,646240,666152,680776,678882,677800,54.8,,,,,,,,36,2,Sweeper,1,1,1,1,1,1,1,1,Standard,Standard,80.0,0.008,-0.062,77.4,8.0,,,0.062,111.6,0,0,0.406,0.594,28,32,28,33,3,2,6.0,1,5.0,1.0,3.29,-1.55,1.55,21.1,21.62518174262933,-18.551780110593537,33.60365845800632,30.74319495049528,43.01375773583162
FS,2024-05-26,88.3,-2.0,5.5,"Yelich, Christian",592885,656557,,ball,,,,,14.0,,R,L,R,BOS,MIL,B,,,0,0,2024,-1.22,-0.44,0.940561618096054,1.2680397845167768,668930.0,,661388.0,1,5,Top,,,,,,,9.670267343495023,-128.2041282775237,-3.239954852736045,-15.501375920459717,27.34018140817383,-36.54930039248131,3.31660351330603,1.6936019073638,,,,87.9,1895.0,6.2,746957,624512,642086,687093,646240,666152,680776,678882,677800,54.25,,,,,,,,36,1,Split-Finger,1,1,1,1,1,1,1,1,Standard,Standard,255.0,-0.004,0.024,,,,,-0.024,,0,0,0.41,0.59,28,32,28,33,3,2,6.0,1,5.0,1.0,3.39,1.22,-1.22,23.6,,,,,
FS,2024-05-26,88.7,-2.11,5.39,"Yelich, Christian",592885,656557,field_out,hit_into_play,,,,,7.0,"Christian Yelich grounds out, second baseman Vaughn Grissom to first baseman Dominic Smith.",R,L,R,BOS,MIL,X,4.0,ground_ball,0,1,2024,-1.12,-0.5,-0.4174218239218301,1.822463737238824,,,668930.0,2,3,Top,155.06,150.06,,,,,6.443951236558433,-129.07689302510823,-1.596280283003747,-13.870627660800483,27.887509396544413,-37.64737798833804,3.31,1.67,4.0,91.1,-25.0,88.1,1795.0,6.0,746957,624512,642086,687093,646240,666152,680776,678882,677800,54.52,0.083,0.087,0.0,1.0,0.0,0.0,2.0,18,2,Split-Finger,0,0,0,0,0,0,0,0,Infield shade,Standard,258.0,0.021,-0.224,71.2,7.8,,0.085,0.224,91.1,0,0,0.534,0.466,28,32,28,33,2,1,6.0,1,5.0,1.0,3.41,1.12,-1.12,21.9,10.441723189773374,5.1823425985591145,33.895016414006946,42.591716057994304,28.79956262301457
ST,2024-05-26,82.7,-2.38,5.47,"Yelich, Christian",592885,656557,,called_strike,,,,,4.0,,R,L,R,BOS,MIL,S,,,0,0,2024,1.36,0.0,-0.8220051353418489,2.615126610302426,,,668930.0,2,3,Top,,,,,,,0.9038413004666586,-120.5003718435843,0.0064759937042186,12.98078389157747,24.85546278016942,-32.42520546624929,3.43207844554628,1.80966061485484,,,,81.7,2592.0,5.7,746957,624512,642086,687093,646240,666152,680776,678882,677800,54.79,,,,,,,,18,1,Sweeper,0,0,0,0,0,0,0,0,Standard,Standard,57.0,0.004,-0.047,,,,,0.047,,0,0,0.53,0.47,28,32,28,33,2,1,6.0,1,5.0,1.0,3.34,-1.36,1.36,23.2,,,,,
FC,2024-05-26,92.8,-3.17,5.96,"Yelich, Christian",592885,455119,field_out,hit_into_play,,,,,6.0,"Christian Yelich grounds out, first baseman Dominic Smith to pitcher Chris Martin.",R,L,R,BOS,MIL,X,3.0,ground_ball,1,1,2024,0.03,0.71,0.5848727115232996,2.340133781910975,663368.0,,,2,7,Top,153.54,161.21,,,,,9.568917550463206,-134.81011760736718,-5.058781484486891,-1.643066207832569,27.599055803194773,-22.61548542662334,3.31,1.67,9.0,91.8,-13.0,93.2,2304.0,6.5,746957,624512,642086,687093,646240,666152,680776,678882,677800,54.0,0.157,0.147,0.0,1.0,0.0,0.0,2.0,53,3,Cutter,1,1,1,1,1,1,1,1,Standard,Standard,198.0,0.068,-0.272,78.0,7.1,,0.179,0.272,91.8,0,0,0.52,0.48,38,32,38,33,1,3,5.0,1,4.0,1.0,1.93,-0.03,0.03,37.5,7.462582233074172,8.810871432685099,39.08563003276026,30.64004445788646,28.7025302199381
SI,2024-05-26,93.0,-2.27,5.66,"Yelich, Christian",592885,656557,single,hit_into_play,,,,,4.0,Christian Yelich singles on a sharp line drive to center fielder Ceddanne Rafaela.,R,L,R,BOS,MIL,X,8.0,line_drive,0,0,2024,-1.19,-0.04,-0.472183158622024,2.3108244787647774,,,,2,1,Top,132.44,75.61,,,,,7.123544096710204,-135.22012618336868,-2.683194524100478,-16.219541054620887,30.61385962470804,-32.24981019557444,3.31,1.67,256.0,107.6,13.0,91.6,2794.0,5.5,746957,624512,642086,687093,646240,666152,680776,678882,677800,54.95,0.845,0.87,0.9,1.0,1.0,0.0,5.0,3,1,Sinker,0,0,0,0,0,0,0,0,Standard,Standard,315.0,-0.012,0.333,72.2,7.8,,1.192,-0.333,107.6,0,0,0.538,0.462,28,32,28,33,1,0,6.0,1,5.0,1.0,2.69,1.19,-1.19,20.3,12.69709647695988,4.641098943189155,34.48095537201701,42.718093630043626,28.53854487608937
FS,2024-05-26,88.9,-3.15,5.93,"Yelich, Christian",592885,455119,,ball,,,,,13.0,,R,L,R,BOS,MIL,B,,,0,1,2024,-0.86,0.13,-0.3739324140738044,0.968033241600834,663368.0,,,2,7,Top,,,,,,,8.647114128245352,-129.1422509579917,-6.410253844857141,-11.441804638906502,26.21995291476518,-29.51831361892196,3.43023706822583,1.75629739379935,,,,89.3,1345.0,6.6,746957,624512,642086,687093,646240,666152,680776,678882,677800,53.91,,,,,,,,53,2,Split-Finger,1,1,1,1,1,1,1,1,Standard,Standard,231.0,-0.007,0.032,,,,,-0.032,,0,0,0.527,0.473,38,32,38,33,1,3,5.0,1,4.0,1.0,2.75,0.86,-0.86,35.6,,,,,
FC,2024-05-26,92.3,-3.16,5.98,"Yelich, Christian",592885,455119,,called_strike,,,,,3.0,,R,L,R,BOS,MIL,S,,,0,0,2024,0.13,0.67,0.3259224173859976,2.961580928009496,663368.0,,,2,7,Top,,,,,,,8.597039224757452,-134.25904435920913,-3.339188250772656,-0.2097012900482845,28.414220293566537,-23.50026931944172,3.47998445363967,1.79736667837836,,,,92.6,2251.0,6.4,746957,624512,642086,687093,646240,666152,680776,678882,677800,54.06,,,,,,,,53,1,Cutter,1,1,1,1,1,1,1,1,Standard,Standard,200.0,0.011,-0.039,,,,,0.039,,0,0,0.516,0.484,38,32,38,33,1,3,5.0,1,4.0,1.0,2.0,-0.13,0.13,34.7,,,,,
FF,2024-05-25,94.5,-1.29,6.81,"Yelich, Christian",592885,601713,double,hit_into_play,,,,,4.0,Christian Yelich hits a ground-rule double (4) on a line drive down the left-field line.,R,L,R,BOS,MIL,X,,line_drive,3,2,2024,-0.29,1.71,-0.5654370669101247,2.2156625831317145,,,,2,3,Top,60.76,147.02,,,,,2.535302055867737,-137.3168163587537,-10.15009305973138,-4.17914759511951,30.717761426898964,-8.429772341363622,3.31,1.65,151.0,102.1,6.0,95.1,2399.0,6.8,746958,657136,642086,666152,646240,678882,641933,680776,677800,53.74,0.655,0.601,1.25,1.0,1.0,1.0,4.0,18,6,4-Seam Fastball,0,0,0,0,0,0,0,0,Infield shade,Standard,198.0,-0.023,0.545,69.6,6.9,,0.71,-0.545,102.1,0,0,0.541,0.459,31,32,31,33,2,1,6.0,1,5.0,1.0,0.85,0.29,-0.29,56.9,-7.5624996127855715,27.21527466880261,36.52996559257959,44.20767527814152,12.677670267512289
FC,2024-05-25,88.0,-1.47,6.84,"Yelich, Christian",592885,601713,,ball,,,,,13.0,,R,L,R,BOS,MIL,B,,,2,2,2024,0.6,0.41,-0.7693898300010332,1.4548382286981043,,,,2,3,Top,,,,,,,0.474234239915132,-128.0903755782063,-7.857921682535505,6.485856664753739,26.201647497793427,-26.289955370103662,3.31836007726658,1.67688419855357,,,,88.6,2351.0,6.6,746958,657136,642086,666152,646240,678882,641933,680776,677800,53.88,,,,,,,,18,5,Cutter,0,0,0,0,0,0,0,0,Infield shade,Standard,159.0,-0.004,0.106,,,,,-0.106,,0,0,0.545,0.455,31,32,31,33,2,1,6.0,1,5.0,1.0,2.53,-0.6,0.6,55.7,,,,,
FF,2024-05-25,94.8,-1.11,6.84,"Yelich, Christian",592885,601713,,ball,,,,,12.0,,R,L,R,BOS,MIL,B,,,1,2,2024,-0.32,1.64,0.9623345364181862,3.287067680040115,,,,2,3,Top,,,,,,,6.198866629541673,-137.76190150834128,-7.309144164903032,-5.52763699758097,32.407730124142645,-9.824505798425117,3.38458920032479,1.77046732675455,,,,95.5,2371.0,6.9,746958,657136,642086,666152,646240,678882,641933,680776,677800,53.62,,,,,,,,18,4,4-Seam Fastball,0,0,0,0,0,0,0,0,Strategic,Standard,190.0,-0.002,0.039,,,,,-0.039,,0,0,0.547,0.453,31,32,31,33,2,1,6.0,1,5.0,1.0,0.91,0.32,-0.32,58.6,,,,,
ST,2024-05-25,81.2,-1.31,6.78,"Yelich, Christian",592885,601713,,swinging_strike,,,,,6.0,,R,L,R,BOS,MIL,S,,,1,1,2024,1.4,0.19,0.63174829871311,2.413885997685598,,,,2,3,Top,,,,,,,1.668259457193515,-118.31268189411696,-3.560784548321185,12.826899861875091,22.692350803331493,-29.945715126283478,3.31,1.65,,,,81.9,2434.0,6.7,746958,657136,642086,666152,646240,678882,641933,680776,677800,53.8,,,,,,,,18,3,Sweeper,0,0,0,0,0,0,0,0,Standard,Standard,68.0,0.003,-0.064,69.1,9.1,1.838314644,,0.064,,0,0,0.544,0.456,31,32,31,33,2,1,6.0,1,5.0,1.0,3.26,-1.4,1.4,57.3,31.554768873498077,-49.392291669342825,36.135819207350266,32.04817193831632,57.943659942623455
CU,2024-05-25,80.0,-1.46,6.84,"Yelich, Christian",592885,601713,,foul,,,,,9.0,,R,L,R,BOS,MIL,S,,,1,0,2024,0.76,-1.24,0.517869847530033,2.052782157884189,,,,2,3,Top,,,,,,,2.950502886339049,-116.53599705440242,-1.5000931141815703,6.342293238608587,22.49382387266453,-43.34393450544402,3.31,1.65,10.0,95.2,-12.0,80.4,2984.0,6.5,746958,657136,642086,666152,646240,678882,641933,680776,677800,53.96,,,,,,,,18,2,Curveball,0,0,0,0,0,0,0,0,Standard,Standard,26.0,0.002,-0.051,76.0,7.9,,,0.051,95.2,0,0,0.542,0.458,31,32,31,33,2,1,6.0,1,5.0,1.0,4.8,-0.76,0.76,56.3,20.42178918890485,-7.090343773617035,37.356827836624575,30.733411989727813,38.70593425430156
FF,2024-05-25,94.0,-1.22,6.86,"Yelich, Christian",592885,601713,,ball,,,,,14.0,,R,L,R,BOS,MIL,B,,,0,0,2024,-0.16,1.63,0.7377546876953663,1.527096566805239,,,,2,3,Top,,,,,,,5.470002030981588,-136.43063511553282,-11.83110907391528,-3.0963273637262114,27.178739430895504,-9.48290679650834,3.3717427039337,1.70310140944035,,,,95.2,2372.0,6.9,746958,657136,642086,666152,646240,678882,641933,680776,677800,53.61,,,,,,,,18,1,4-Seam Fastball,0,0,0,0,0,0,0,0,Standard,Standard,192.0,-0.001,0.04,,,,,-0.04,,0,0,0.543,0.457,31,32,31,33,2,1,6.0,1,5.0,1.0,0.94,0.16,-0.16,58.6,,,,,
FF,2024-05-25,94.8,-0.98,6.94,"Yelich, Christian",592885,601713,field_out,hit_into_play,,,,,6.0,Christian Yelich lines out to second baseman David Hamilton.,R,L,R,BOS,MIL,X,4.0,line_drive,2,1,2024,-0.44,1.69,0.3893743615251249,2.289501528846202,,,,2,1,Top,151.51,150.06,,,,,4.611229702851082,-137.76208252782249,-10.361859301228138,-6.580281433492987,28.68689405122089,-8.57607747815186,3.31,1.65,151.0,110.4,8.0,95.8,2363.0,6.8,746958,657136,642086,666152,646240,678882,641933,680776,677800,53.68,0.742,0.683,0.0,1.0,0.0,0.0,4.0,3,4,4-Seam Fastball,0,0,0,0,0,0,0,0,Standard,Standard,190.0,0.011,-0.303,77.3,7.6,,0.866,0.303,110.4,0,0,0.537,0.463,31,32,31,33,1,0,6.0,1,5.0,1.0,0.84,0.44,-0.44,62.1,11.65333966780508,-3.067918349758165,39.0705041937734,32.28296066408039,31.97670471503
FF,2024-05-25,95.0,-1.03,6.84,"Yelich, Christian",592885,601713,,foul,,,,,2.0,,R,L,R,BOS,MIL,S,,,2,0,2024,-0.25,1.76,0.1944937482318018,2.938626962332963,,,,2,1,Top,,,,,,,3.798273760576734,-138.09360812569375,-8.543378478432498,-4.075775843889843,31.19179613668764,-8.002137628424512,3.31,1.65,233.0,71.1,40.0,95.7,2358.0,6.8,746958,657136,642086,666152,646240,678882,641933,680776,677800,53.72,,,,,,,,3,3,4-Seam Fastball,0,0,0,0,0,0,0,0,Standard,Standard,187.0,0.003,-0.061,71.0,7.0,,,0.061,88.0,0,0,0.534,0.466,31,32,31,33,1,0,6.0,1,5.0,1.0,0.78,0.25,-0.25,61.0,5.997261180481671,10.100532262925102,34.12691195088101,34.6261532900737,21.72123842057654
FF,2024-05-25,95.4,-1.06,6.82,"Yelich, Christian",592885,601713,,ball,,,,,11.0,,R,L,R,BOS,MIL,B,,,1,0,2024,-0.3,1.7,-0.4905056913977527,3.776755663670721,,,,2,1,Top,,,,,,,2.1947410933367397,-138.87221729538027,-6.2484465050874745,-4.330502853299106,31.69952106100893,-9.050083698593864,3.30186057748293,1.67811444719163,,,,96.4,2428.0,6.9,746958,657136,642086,666152,646240,678882,641933,680776,677800,53.63,,,,,,,,3,2,4-Seam Fastball,0,0,0,0,0,0,0,0,Standard,Standard,196.0,-0.003,0.068,,,,,-0.068,,0,0,0.537,0.463,31,32,31,33,1,0,6.0,1,5.0,1.0,0.81,0.3,-0.3,59.4,,,,,
CU,2024-05-25,80.5,-1.36,6.82,"Yelich, Christian",592885,601713,,ball,,,,,14.0,,R,L,R,BOS,MIL,B,,,0,0,2024,0.81,-1.38,0.1691281747156967,0.919690892160692,,,,2,1,Top,,,,,,,1.866950074113132,-117.20434699373612,-3.7578804942700814,6.983290194506197,24.471689477460117,-44.239360917046895,3.30080892539267,1.65938815508954,,,,80.6,2914.0,6.6,746958,657136,642086,666152,646240,678882,641933,680776,677800,53.9,,,,,,,,3,1,Curveball,0,0,0,0,0,0,0,0,Standard,Standard,20.0,-0.001,0.04,,,,,-0.04,,0,0,0.538,0.462,31,32,31,33,1,0,6.0,1,5.0,1.0,4.92,-0.81,0.81,60.4,,,,,
FC,2024-05-25,89.6,-3.33,5.34,"Yelich, Christian",592885,677161,field_out,hit_into_play,,,,,5.0,"Christian Yelich grounds out, shortstop Ceddanne Rafaela to first baseman Dominic Smith. William Contreras to 3rd.",R,L,R,BOS,MIL,X,6.0,ground_ball,3,2,2024,0.12,0.49,0.1510408236228996,2.597753306483929,,661388.0,,1,6,Top,119.06,147.52,,,,,8.441613921962798,-130.29886154033906,-1.797523414976072,-0.4191390238568487,28.28677023609332,-26.386963803646765,3.31,1.65,47.0,97.8,0.0,90.6,2512.0,7.0,746958,657136,642086,666152,646240,678882,641933,680776,677800,53.51,0.384,0.346,0.0,1.0,0.0,0.0,4.0,48,7,Cutter,0,5,5,0,5,0,5,0,Standard,Standard,181.0,0.005,-0.273,70.7,6.6,,0.411,0.273,97.8,-5,5,0.044,0.956,29,32,29,33,1,3,3.0,1,11.0,1.0,2.36,-0.12,0.12,37.5,-2.8120371849899337,14.74058370708542,37.104793805646096,34.75758164648792,23.209689151149743
FC,2024-05-25,89.6,-3.36,5.37,"Yelich, Christian",592885,677161,,ball,,,,,11.0,,R,L,R,BOS,MIL,B,,,2,2,2024,0.31,0.54,-0.3403294623255917,3.7297893381713534,,661388.0,,1,6,Top,,,,,,,6.85713100714983,-130.37960481386236,0.8141012081825013,2.141045991061073,26.60047428576169,-26.41795307110511,3.48811179642029,1.79373564030211,,,,90.5,2601.0,6.8,746958,657136,642086,666152,646240,678882,641933,680776,677800,53.71,,,,,,,,48,6,Cutter,0,5,5,0,5,0,5,0,Standard,Standard,149.0,-0.001,0.074,,,,,-0.074,,-5,5,0.045,0.955,29,32,29,33,1,3,3.0,1,11.0,1.0,2.3,-0.31,0.31,35.2,,,,,
ST,2024-05-25,81.5,-3.38,5.14,"Yelich, Christian",592885,677161,,foul,,,,,2.0,,R,L,R,BOS,MIL,S,,,2,2,2024,1.68,0.34,-0.0005802462671042,3.1508154831555357,,661388.0,,1,6,Top,,,,,,,4.422062086831365,-118.71704606705732,1.4808002348319975,15.124882932694746,22.05184615631758,-29.42172430835568,3.31,1.65,3.0,63.1,-50.0,82.9,2874.0,7.1,746958,657136,642086,666152,646240,678882,641933,680776,677800,53.39,,,,,,,,48,5,Sweeper,0,5,5,0,5,0,5,0,Standard,Standard,85.0,0.0,0.0,68.8,7.1,,,0.0,88.0,-5,5,0.045,0.955,29,32,29,33,1,3,3.0,1,11.0,1.0,3.07,-1.68,1.68,35.4,16.496826570944222,7.419824045039025,29.26994762735394,36.80934133697389,26.21799891063409
CH,2024-05-25,82.7,-3.23,5.18,"Yelich, Christian",592885,677161,,ball,,,,,13.0,,R,L,R,BOS,MIL,B,,,1,2,2024,-1.54,0.14,-2.32500182704745,1.854978836527982,,661388.0,,1,6,Top,,,,,,,5.1405377228548845,-120.27438250737916,-1.308380121640765,-15.943634681293814,24.35939955895083,-30.81202240239909,3.33039489496517,1.67918800330143,,,,83.7,2328.0,7.1,746958,657136,642086,666152,646240,678882,641933,680776,677800,53.43,,,,,,,,48,4,Changeup,0,5,5,0,5,0,5,0,Standard,Standard,278.0,-0.001,0.018,,,,,-0.018,,-5,5,0.046,0.954,29,32,29,33,1,3,3.0,1,11.0,1.0,3.21,1.54,-1.54,32.5,,,,,
CH,2024-05-25,82.1,-2.96,5.15,"Yelich, Christian",592885,677161,,blocked_ball,,,,,13.0,,R,L,R,BOS,MIL,B,,,0,2,2024,-1.55,-0.29,-0.8441898349438115,0.6529758512466586,,661388.0,,1,6,Top,,,,,,,7.909776173649504,-119.24205684731332,-3.0507843491986586,-16.313053840477423,23.555503194717748,-34.567560908723,3.35031994455056,1.74143734546062,,,,83.2,2387.0,7.2,746958,657136,642086,666152,646240,678882,641933,680776,677800,53.34,,,,,,,,48,3,Changeup,0,5,5,0,5,0,5,0,Standard,Standard,273.0,0.0,0.024,,,,,-0.024,,-5,5,0.046,0.954,29,32,29,33,1,3,3.0,1,11.0,1.0,3.7,1.55,-1.55,30.1,,,,,
FC,2024-05-25,89.9,-3.4,5.34,"Yelich, Christian",592885,677161,,foul,,,,,2.0,,R,L,R,BOS,MIL,S,,,0,1,2024,0.09,0.49,-0.1852532949710292,2.906853824019572,,661388.0,,1,6,Top,,,,,,,7.834032443057291,-130.71529320317856,-1.0711733964205297,-0.6710910193375546,28.28816424358549,-26.53464277340225,3.31,1.65,3.0,68.9,-46.0,90.6,2575.0,6.8,746958,657136,642086,666152,646240,678882,641933,680776,677800,53.71,,,,,,,,48,2,Cutter,0,5,5,0,5,0,5,0,Standard,Standard,174.0,0.001,-0.065,56.6,5.9,,,0.065,88.0,-5,5,0.045,0.955,29,32,29,33,1,3,3.0,1,11.0,1.0,2.34,-0.09,0.09,35.8,-14.312859277329338,42.69513991539596,38.21735049596919,37.83272279949181,3.652897761301353
FC,2024-05-25,88.9,-3.18,5.42,"Yelich, Christian",592885,677161,,called_strike,,,,,3.0,,R,L,R,BOS,MIL,S,,,0,0,2024,0.07,0.47,0.3514309295726039,3.156999351818464,,661388.0,,1,6,Top,,,,,,,8.588752658768252,-129.2635931546485,-0.4376202851435034,-1.1335550384658948,28.104059366132063,-27.05982788798441,3.42084646007944,1.79718912619858,,,,89.5,2537.0,6.8,746958,657136,642086,666152,646240,678882,641933,680776,677800,53.68,,,,,,,,48,1,Cutter,0,5,5,0,5,0,5,0,Infield shade,Standard,160.0,0.001,-0.036,,,,,0.036,,-5,5,0.044,0.956,29,32,29,33,1,3,3.0,1,11.0,1.0,2.43,-0.07,0.07,38.3,,,,,
FF,2024-05-25,94.5,2.56,5.8,"Yelich, Christian",592885,592155,field_out,hit_into_play,,,,,3.0,"Christian Yelich grounds out, pitcher Cam Booser to second baseman David Hamilton to first baseman Dominic Smith. Brice Turang to 3rd.",R,L,L,BOS,MIL,X,1.0,ground_ball,2,1,2024,0.7,1.43,0.5190602484239071,2.844434685337402,,668930.0,,1,4,Top,144.92,152.59,,,,,-6.861471300362915,-137.38415699234167,-5.212429139140058,10.383322664142812,30.079227908857323,-13.031334958061777,3.31,1.65,27.0,102.1,-4.0,94.4,2232.0,6.2,746958,657136,642086,666152,646240,678882,641933,680776,677800,54.25,0.401,0.377,0.0,1.0,0.0,0.0,2.0,32,4,4-Seam Fastball,0,5,5,0,5,0,5,0,Standard,Standard,147.0,0.009,-0.281,,,,0.423,0.281,102.1,-5,5,0.073,0.927,32,32,32,33,1,2,3.0,1,5.0,1.0,1.12,0.7,0.7,40.3,,,,,
SI,2024-05-25,92.6,-3.7,4.89,"Yelich, Christian",592885,669711,walk,ball,,,,,13.0,Christian Yelich walks.,R,L,R,BOS,MIL,B,,,3,0,2024,-1.55,0.16,-1.0134266642775602,2.170860140535237,,,,0,9,Top,,,,,,,10.150540613698668,-134.36337757731275,-1.407071048857881,-21.05681510868072,31.30450949847821,-30.154551487520745,3.49135278466591,1.86501774651871,,,,91.6,2093.0,6.0,746958,657136,642086,666152,646240,678882,608701,680776,677800,54.51,,0.689131,0.7,1.0,0.0,0.0,,69,4,Sinker,2,6,6,2,6,2,6,2,Standard,Standard,235.0,-0.001,0.197,,,,,-0.197,,-4,4,0.014,0.986,29,32,29,33,1,4,3.0,1,3.0,1.0,2.53,1.55,-1.55,18.3,,,,,
FF,2024-05-25,92.1,2.55,5.88,"Yelich, Christian",592885,592155,,swinging_strike,,,,,14.0,,R,L,L,BOS,MIL,S,,,2,0,2024,0.65,1.31,0.014080819959139,1.344099543177148,,668930.0,,1,4,Top,,,,,,,-7.831676022545902,-133.69913095823384,-8.507190605819028,9.441346368425153,27.98855137582233,-14.837486017691448,3.31,1.65,,,,92.1,2100.0,6.4,746958,657136,642086,666152,646240,678882,641933,680776,677800,54.13,,,,,,,,32,3,4-Seam Fastball,0,5,5,0,5,0,5,0,Standard,Standard,149.0,0.001,-0.047,76.7,8.3,0.503619288,,0.047,,-5,5,0.072,0.928,32,32,32,33,1,2,3.0,1,5.0,1.0,1.39,0.65,0.65,41.3,20.28951385521328,-12.770724181456831,36.82588693124564,36.61473590496493,37.51032253512467
ST,2024-05-25,79.4,-4.05,4.32,"Yelich, Christian",592885,669711,,ball,,,,,14.0,,R,L,R,BOS,MIL,B,,,2,0,2024,1.58,0.68,1.973629008468684,2.029574009093313,,,,0,9,Top,,,,,,,10.102856373045432,-115.08402409446012,0.6705211943688362,11.603933983501436,25.739671151235644,-26.677479411741405,3.33784795334324,1.86999400332921,,,,77.9,2874.0,5.9,746958,657136,642086,666152,646240,678882,608701,680776,677800,54.57,,,,,,,,69,3,Sweeper,2,6,6,2,6,2,6,2,Standard,Standard,74.0,0.0,0.147,,,,,-0.147,,-4,4,0.014,0.986,29,32,29,33,1,4,3.0,1,3.0,1.0,3.03,-1.58,1.58,7.4,,,,,
SI,2024-05-25,94.4,-3.71,4.89,"Yelich, Christian",592885,669711,,ball,,,,,13.0,,R,L,R,BOS,MIL,B,,,1,0,2024,-1.48,0.25,-1.356169530671449,1.4231155973704774,,,,0,9,Top,,,,,,,9.32487887862476,-137.21653094654096,-3.8652860270390175,-20.70487729087473,29.510220326411197,-28.364768434508463,3.43490964289785,1.86516259656768,,,,93.8,2124.0,6.0,746958,657136,642086,666152,646240,678882,608701,680776,677800,54.54,,,,,,,,69,2,Sinker,2,6,6,2,6,2,6,2,Standard,Standard,240.0,-0.001,0.069,,,,,-0.069,,-4,4,0.015,0.985,29,32,29,33,1,4,3.0,1,3.0,1.0,2.31,1.48,-1.48,16.6,,,,,
FC,2024-05-25,88.5,2.89,5.54,"Yelich, Christian",592885,592155,,ball,,,,,14.0,,R,L,L,BOS,MIL,B,,,1,0,2024,-0.09,0.44,0.1272195130955916,0.910998383120166,,668930.0,,1,4,Top,,,,,,,-6.5302059528386165,-128.77238929266878,-6.198672252455504,0.164350247959577,24.175838119494724,-26.21933261844626,3.46125139276158,1.68154351496229,,,,88.8,1984.0,6.2,746958,657136,642086,666152,646240,678882,641933,680776,677800,54.26,,,,,,,,32,2,Cutter,0,5,5,0,5,0,5,0,Infield shade,Standard,154.0,-0.001,0.042,,,,,-0.042,,-5,5,0.073,0.927,32,32,32,33,1,2,3.0,1,5.0,1.0,2.45,-0.09,-0.09,34.3,,,,,
SI,2024-05-25,93.3,-3.77,4.88,"Yelich, Christian",592885,669711,,ball,,,,,13.0,,R,L,R,BOS,MIL,B,,,0,0,2024,-1.37,0.35,-1.7340512124888372,2.280499822264323,,,,0,9,Top,,,,,,,8.209615836341255,-135.66249592405524,-1.689137885083889,-18.772917716049307,30.217264657686112,-27.67412006775883,3.48433214568814,1.84645172172495,,,,92.8,2112.0,6.1,746958,657136,642086,666152,646240,678882,608701,680776,677800,54.41,,,,,,,,69,1,Sinker,2,6,6,2,6,2,6,2,Standard,Standard,234.0,0.0,0.038,,,,,-0.038,,-4,4,0.015,0.985,29,32,29,33,1,4,3.0,1,3.0,1.0,2.28,1.37,-1.37,17.1,,,,,
FC,2024-05-25,88.5,2.94,5.59,"Yelich, Christian",592885,592155,,ball,,,,,12.0,,R,L,L,BOS,MIL,B,,,0,0,2024,-0.26,0.47,0.9033137729242996,3.9274216347568807,,,668930.0,1,4,Top,,,,,,,-4.4182917478246,-128.81798123321107,0.998750656111062,-1.9609420218091835,26.02300095586777,-27.32828867577179,3.88164020275152,1.84286194432134,,,,88.3,1849.0,6.1,746958,657136,642086,666152,646240,678882,641933,680776,677800,54.43,,,,,,,,32,1,Cutter,0,5,5,0,5,0,5,0,Infield shade,Standard,163.0,-0.006,0.036,,,,,-0.036,,-5,5,0.079,0.921,32,32,32,33,1,2,3.0,1,5.0,1.0,2.43,-0.26,-0.26,33.8,,,,,
KC,2024-05-24,77.3,-1.03,5.97,"Yelich, Christian",592885,676710,double,hit_into_play,,,,,4.0,Christian Yelich doubles (3) on a sharp line drive to center fielder Ceddanne Rafaela. Blake Perkins scores. William Contreras to 3rd.,R,L,R,BOS,MIL,X,8.0,line_drive,0,0,2024,0.9,-1.2,-0.4771785548660744,2.682003964624892,,663368.0,661388.0,1,5,Top,104.92,45.95,,,,,-0.4570214598713002,-112.53674521993288,2.1435005843652863,7.709920541690442,22.040033837860904,-42.94380169106813,3.32,1.65,381.0,106.1,21.0,76.7,2351.0,6.0,746956,657136,642086,687093,646240,666152,680776,678882,677800,54.51,0.683,1.2069696969696966,1.25,1.0,1.0,1.0,6.0,39,1,Knuckle Curve,1,3,3,1,4,1,4,1,Standard,Standard,31.0,-0.102,0.809,,,,2.27,-0.809,106.1,-2,2,0.219,0.781,28,32,28,33,3,2,6.0,2,5.0,1.0,5.03,-0.9,0.9,51.2,,,,,
FC,2024-05-24,87.8,-0.6,5.73,"Yelich, Christian",592885,502624,single,hit_into_play,,,,,3.0,Christian Yelich singles on a fly ball to left fielder Jarren Duran.,R,L,R,BOS,MIL,X,7.0,fly_ball,1,1,2024,0.27,0.6,0.537755390980479,3.3854371317145926,,,,1,9,Top,73.67,128.49,,,,,2.169153617969328,-127.95865049984174,-0.8862284144976749,2.6302428171192,23.367751672509637,-25.579037308507413,3.32,1.65,196.0,66.0,33.0,87.8,2500.0,6.0,746956,657136,643265,687093,646240,666152,680776,678882,608701,54.54,0.845,0.797,0.9,1.0,1.0,0.0,4.0,73,3,Cutter,2,6,6,2,6,2,6,2,Standard,Standard,158.0,-0.002,0.434,63.9,6.2,,0.935,-0.434,88.0,-4,4,0.017,0.983,36,32,37,33,2,4,7.0,2,5.0,1.0,2.32,-0.27,0.27,48.2,6.568457611463991,20.23961417721665,32.52993700884569,29.68927931803946,20.796707735340195
FC,2024-05-24,89.1,-0.51,5.75,"Yelich, Christian",592885,502624,,called_strike,,,,,8.0,,R,L,R,BOS,MIL,S,,,1,0,2024,0.36,0.67,-0.2719428660786625,1.969304472325057,,,,1,9,Top,,,,,,,-0.166687939291981,-129.72621435186025,-4.662862627148531,4.0625548353595375,26.102440103111583,-23.89396344215285,3.24952386452671,1.60907401119675,,,,88.5,2482.0,5.8,746956,657136,643265,687093,646240,666152,680776,678882,608701,54.68,,,,,,,,73,2,Cutter,2,6,6,2,6,2,6,2,Standard,Standard,181.0,0.0,-0.051,,,,,0.051,,-4,4,0.017,0.983,36,32,37,33,2,4,7.0,2,5.0,1.0,2.19,-0.36,0.36,46.6,,,,,
CU,2024-05-24,77.8,-0.65,5.79,"Yelich, Christian",592885,502624,,ball,,,,,13.0,,R,L,R,BOS,MIL,B,,,0,0,2024,0.52,-1.44,-1.5150760155052374,1.6197605924596925,,,,1,9,Top,,,,,,,-2.7785896475707736,-113.34108868603968,0.5800333343573087,4.974242209421557,21.038869241731195,-44.90618347848847,3.29339774093031,1.61845146118063,,,,77.0,2021.0,5.7,746956,657136,643265,687093,646240,666152,680776,678882,608701,54.82,,,,,,,,73,1,Curveball,2,6,6,2,6,2,6,2,Infield shade,Standard,25.0,0.0,0.039,,,,,-0.039,,-4,4,0.017,0.983,36,32,37,33,2,4,7.0,2,5.0,1.0,5.2,-0.52,0.52,44.4,,,,,
FC,2024-05-24,87.8,-1.36,5.79,"Yelich, Christian",592885,676710,strikeout,swinging_strike,,,,,14.0,Christian Yelich strikes out swinging.,R,L,R,BOS,MIL,S,2.0,,1,2,2024,0.67,0.29,0.1785590997333145,1.4234241012842652,,,,1,3,Top,,,,,,,2.3431780095004324,-127.93708833520238,-5.077545198065944,6.88040598534805,25.210645323967253,-28.216722062643147,3.32,1.65,,,,87.9,2544.0,6.2,746956,657136,642086,687093,646240,666152,680776,678882,677800,54.32,,0.0,0.0,1.0,0.0,0.0,,20,4,Cutter,0,3,3,0,3,0,3,0,Infield shade,Standard,177.0,0.007,-0.182,78.5,8.2,1.123799652,,0.182,,-3,3,0.222,0.778,28,32,28,33,2,1,6.0,2,5.0,1.0,2.65,-0.67,0.67,47.0,21.56344226180049,-10.490003819071918,40.396495102401246,35.111989382596974,38.947256795848
FS,2024-05-24,82.6,-1.26,5.82,"Yelich, Christian",592885,676710,,foul,,,,,8.0,,R,L,R,BOS,MIL,S,,,1,1,2024,-0.72,0.34,-0.0272399315004294,1.8536200167570471,,,,1,3,Top,,,,,,,4.193890218462049,-120.21844903892516,-3.1530475346607343,-7.82000178966969,24.49518921365573,-28.491118591743543,3.32,1.65,4.0,79.4,-24.0,82.1,1128.0,6.1,746956,657136,642086,687093,646240,666152,680776,678882,677800,54.44,,,,,,,,20,3,Split-Finger,0,3,3,0,3,0,3,0,Infield shade,Standard,221.0,0.003,-0.061,68.9,8.0,,,0.061,88.0,-3,3,0.219,0.781,28,32,28,33,2,1,6.0,2,5.0,1.0,3.02,0.72,-0.72,44.7,17.196185275719237,-3.315059453658396,36.70670343861231,36.99235225449191,36.22653773809591
FC,2024-05-24,87.7,-1.06,5.9,"Yelich, Christian",592885,676710,,foul,,,,,6.0,,R,L,R,BOS,MIL,S,,,1,0,2024,0.56,0.55,0.4945726155621287,2.310605278578268,,,,1,3,Top,,,,,,,2.587598448194623,-127.84074414005008,-3.754261557826113,5.68473011756557,24.353499975295072,-25.58552598844544,3.32,1.65,4.0,70.9,-32.0,87.9,2525.0,6.1,746956,657136,642086,687093,646240,666152,680776,678882,677800,54.37,,,,,,,,20,2,Cutter,0,3,3,0,3,0,3,0,Infield shade,Standard,174.0,0.002,-0.051,72.8,7.9,,,0.051,88.0,-3,3,0.217,0.783,28,32,28,33,2,1,6.0,2,5.0,1.0,2.38,-0.56,0.56,47.7,20.241289660801797,-9.090580256559845,37.600418393881945,30.60802886485822,37.910299372889625
FC,2024-05-24,87.0,-1.2,5.89,"Yelich, Christian",592885,676710,,ball,,,,,12.0,,R,L,R,BOS,MIL,B,,,0,0,2024,0.58,0.67,0.4634492571283163,4.045758272559595,,,,1,3,Top,,,,,,,2.8145346085145926,-126.86021398003544,0.282998636323582,5.771147453719264,23.01162178895532,-25.089403692479443,3.37782848096432,1.79573677946259,,,,87.2,2556.0,6.1,746956,657136,642086,687093,646240,666152,680776,678882,677800,54.44,,,,,,,,20,1,Cutter,0,3,3,0,3,0,3,0,Infield shade,Standard,171.0,-0.002,0.039,,,,,-0.039,,-3,3,0.219,0.781,28,32,28,33,2,1,6.0,2,5.0,1.0,2.3,-0.58,0.58,47.9,,,,,
FC,2024-05-24,89.7,-0.62,5.65,"Yelich, Christian",592885,502624,single,hit_into_play,,,,,6.0,Christian Yelich singles on a ground ball to right fielder Wilyer Abreu. William Contreras to 2nd.,R,L,R,BOS,MIL,X,9.0,ground_ball,3,2,2024,0.47,0.53,0.4011206110008004,2.4775264378715804,,,661388.0,1,7,Top,180.41,107.98,,,,,1.50744102301288,-130.71156169697886,-3.006451678677486,5.127330019528023,26.23592168847838,-25.67504109342612,3.32,1.65,53.0,94.2,1.0,89.3,2418.0,5.9,746956,657136,642086,687093,646240,666152,680776,678882,677800,54.61,0.404,0.364,0.9,1.0,1.0,0.0,2.0,57,6,Cutter,2,6,6,2,6,2,6,2,Infield shade,Standard,176.0,-0.007,0.35,74.0,7.3,,0.426,-0.35,94.2,-4,4,0.058,0.942,36,32,37,33,1,3,7.0,2,5.0,1.0,2.28,-0.47,0.47,48.3,10.121232306096838,7.0233287930178685,36.92593155773145,32.64879831649174,30.624264450323214
CH,2024-05-24,82.9,-0.81,5.58,"Yelich, Christian",592885,502624,,ball,,,,,14.0,,R,L,R,BOS,MIL,B,,,2,2,2024,-1.35,0.93,0.1356252441584262,1.1063995919385423,,,661388.0,1,7,Top,,,,,,,4.737349533080924,-120.64346212984026,-5.499944285883546,-14.064392222221594,23.642959198009244,-22.26074363697073,3.21810645309792,1.65462527143983,,,,82.2,2289.0,5.8,746956,657136,642086,687093,646240,666152,680776,678882,677800,54.68,,,,,,,,57,5,Changeup,2,6,6,2,6,2,6,2,Infield shade,Standard,243.0,-0.002,0.077,,,,,-0.077,,-4,4,0.06,0.94,36,32,37,33,1,3,7.0,2,5.0,1.0,2.39,1.35,-1.35,41.8,,,,,
FC,2024-05-24,89.5,-0.63,5.66,"Yelich, Christian",592885,502624,,foul,,,,,6.0,,R,L,R,BOS,MIL,S,,,2,1,2024,0.35,0.68,0.3629790217961262,2.6120102705307024,,,661388.0,1,7,Top,,,,,,,1.711143516159974,-130.40326000573586,-2.9885247460832094,3.67722287368544,25.899499616187057,-23.995975592432103,3.32,1.65,198.0,69.4,47.0,89.2,2474.0,5.9,746956,657136,642086,687093,646240,666152,680776,678882,677800,54.6,,,,,,,,57,4,Cutter,2,6,6,2,6,2,6,2,Standard,Standard,182.0,0.002,-0.057,70.6,6.6,,,0.057,88.0,-4,4,0.058,0.942,36,32,37,33,1,3,7.0,2,5.0,1.0,2.15,-0.35,0.35,44.3,-3.239429346024284,15.13904436154031,39.05272886324512,32.54391112906802,21.58519284599482
FC,2024-05-24,88.8,-0.5,5.72,"Yelich, Christian",592885,502624,,ball,,,,,12.0,,R,L,R,BOS,MIL,B,,,1,1,2024,0.28,0.62,1.023656026394833,3.8883333055489926,,,661388.0,1,7,Top,,,,,,,3.1253440346100154,-129.42594362545637,0.2002597007038029,2.60366650330374,25.087630066629792,-25.453148714344024,3.31042590516822,1.71306002409046,,,,88.6,2476.0,5.9,746956,657136,642086,687093,646240,666152,680776,678882,677800,54.57,,,,,,,,57,3,Cutter,2,6,6,2,6,2,6,2,Standard,Standard,170.0,-0.001,0.046,,,,,-0.046,,-4,4,0.059,0.941,36,32,37,33,1,3,7.0,2,5.0,1.0,2.25,-0.28,0.28,46.0,,,,,
CH,2024-05-24,85.0,-0.8,5.58,"Yelich, Christian",592885,502624,,called_strike,,,,,8.0,,R,L,R,BOS,MIL,S,,,1,0,2024,-1.35,1.02,0.0608973055509953,2.0075938912968114,,,661388.0,1,7,Top,,,,,,,4.68927991741624,-123.74470361251076,-4.087783394643726,-14.816294243785194,24.52969970402978,-21.06730589257403,3.31158696964682,1.68039360838754,,,,84.4,2367.0,5.9,746956,657136,642086,687093,646240,666152,680776,678882,677800,54.62,,,,,,,,57,2,Changeup,2,6,6,2,6,2,6,2,Standard,Standard,239.0,0.001,-0.047,,,,,0.047,,-4,4,0.058,0.942,36,32,37,33,1,3,7.0,2,5.0,1.0,2.13,1.35,-1.35,40.0,,,,,
FC,2024-05-24,89.3,-0.71,5.67,"Yelich, Christian",592885,502624,,ball,,,,,11.0,,R,L,R,BOS,MIL,B,,,0,0,2024,0.22,0.6,-0.8218181902775432,3.4143152051225782,,,661388.0,1,7,Top,,,,,,,-0.737808816227747,-130.06511931078677,-0.8249765981085498,2.663807167289349,26.310321954768884,-25.397954183412303,3.2673461095151,1.60185901892239,,,,88.9,2542.0,5.9,746956,657136,642086,687093,646240,666152,680776,678882,677800,54.62,,,,,,,,57,1,Cutter,2,6,6,2,6,2,6,2,Standard,Standard,182.0,-0.001,0.036,,,,,-0.036,,-4,4,0.059,0.941,36,32,37,33,1,3,7.0,2,5.0,1.0,2.25,-0.22,0.22,43.4,,,,,
FF,2024-05-24,94.3,-1.1,6.0,"Yelich, Christian",592885,676710,walk,ball,,,,,12.0,Christian Yelich walks.,R,L,R,BOS,MIL,B,,,3,2,2024,-0.42,1.8,0.6012509721474308,4.110051459268738,,,,2,1,Top,,,,,,,5.335589101667082,-137.1142004663965,-3.1434222455861502,-6.528671732210875,33.63167261425209,-9.112877606965116,3.28645839805262,1.63931285760876,,,,93.6,2546.0,6.2,746956,657136,642086,687093,646240,666152,680776,678882,677800,54.31,,0.689131,0.7,1.0,0.0,0.0,,3,8,4-Seam Fastball,0,0,0,0,0,0,0,0,Infield shade,Standard,203.0,-0.01,0.267,,,,,-0.267,,0,0,0.536,0.464,28,32,28,33,1,0,6.0,2,5.0,1.0,0.79,0.42,-0.42,49.5,,,,,
FC,2024-05-24,88.7,-1.29,5.94,"Yelich, Christian",592885,676710,,foul,,,,,7.0,,R,L,R,BOS,MIL,S,,,3,2,2024,0.23,0.53,-0.7037599753301057,1.9578897226984455,,,,2,1,Top,,,,,,,0.96594214745049,-129.23821919425066,-4.865221791470275,2.405811367540127,23.254997226453387,-25.52644171468661,3.32,1.65,2.0,72.4,-49.0,89.0,2450.0,6.1,746956,657136,642086,687093,646240,666152,680776,678882,677800,54.4,,,,,,,,3,7,Cutter,0,0,0,0,0,0,0,0,Infield shade,Standard,168.0,0.0,0.0,68.5,8.2,,,0.0,88.0,0,0,0.536,0.464,28,32,28,33,1,0,6.0,2,5.0,1.0,2.33,-0.23,0.23,46.3,15.3350262493155,4.38632323584178,33.67983030940348,45.57813994785118,29.230653790920016
FC,2024-05-24,88.2,-1.04,5.98,"Yelich, Christian",592885,676710,,foul,,,,,6.0,,R,L,R,BOS,MIL,S,,,3,2,2024,0.43,0.46,0.713937553328164,2.6195630285119926,,,,2,1,Top,,,,,,,3.3831558566680364,-128.48394048066078,-3.093402040164186,4.107460228730965,24.1141031896067,-26.69858826305206,3.32,1.65,5.0,78.5,-31.0,88.6,2508.0,6.3,746956,657136,642086,687093,646240,666152,680776,678882,677800,54.23,,,,,,,,3,6,Cutter,0,0,0,0,0,0,0,0,Infield shade,Standard,160.0,0.0,0.0,69.7,7.9,,,0.0,88.0,0,0,0.536,0.464,28,32,28,33,1,0,6.0,2,5.0,1.0,2.45,-0.43,0.43,48.7,26.6414162180906,-18.000255567272823,34.39893217755088,29.089776062855023,41.24322868014669
KC,2024-05-24,79.9,-1.04,6.06,"Yelich, Christian",592885,676710,,ball,,,,,13.0,,R,L,R,BOS,MIL,B,,,2,2,2024,0.5,-1.36,-0.9090619705762264,1.7193435624019535,,,,2,1,Top,,,,,,,-0.6496262794172653,-116.30715109112694,-0.2220707879103423,4.61558981159299,23.984017393323573,-44.62655426083896,3.34995867348069,1.61986115826458,,,,79.5,2117.0,6.2,746956,657136,642086,687093,646240,666152,680776,678882,677800,54.27,,,,,,,,3,5,Knuckle Curve,0,0,0,0,0,0,0,0,Infield shade,Standard,24.0,-0.004,0.106,,,,,-0.106,,0,0,0.54,0.46,28,32,28,33,1,0,6.0,2,5.0,1.0,4.96,-0.5,0.5,52.7,,,,,
FF,2024-05-24,93.8,-1.2,6.01,"Yelich, Christian",592885,676710,,ball,,,,,12.0,,R,L,R,BOS,MIL,B,,,1,2,2024,-0.67,1.67,0.9657900199894894,3.367170690948437,,,,2,1,Top,,,,,,,7.052788507792383,-136.4054004111224,-4.744688298837729,-9.916741324150347,31.09038387091526,-10.516831690106027,3.33282484854689,1.66894028608102,,,,93.2,2541.0,6.1,746956,657136,642086,687093,646240,666152,680776,678882,677800,54.43,,,,,,,,3,4,4-Seam Fastball,0,0,0,0,0,0,0,0,Infield shade,Standard,206.0,-0.001,0.039,,,,,-0.039,,0,0,0.541,0.459,28,32,28,33,1,0,6.0,2,5.0,1.0,0.93,0.67,-0.67,45.6,,,,,
FC,2024-05-24,88.0,-1.19,5.93,"Yelich, Christian",592885,676710,,foul,,,,,9.0,,R,L,R,BOS,MIL,S,,,1,1,2024,0.48,0.25,0.7335266594930713,1.9505307193354549,,,,2,1,Top,,,,,,,3.663142369585732,-128.22590529893225,-4.1240212192080685,4.654374882843263,24.06860643870408,-28.811316088645167,3.32,1.65,4.0,94.0,-26.0,88.1,2533.0,6.1,746956,657136,642086,687093,646240,666152,680776,678882,677800,54.43,,,,,,,,3,3,Cutter,0,0,0,0,0,0,0,0,Infield shade,Standard,158.0,0.003,-0.064,78.2,8.1,,,0.064,94.0,0,0,0.538,0.462,28,32,28,33,1,0,6.0,2,5.0,1.0,2.66,-0.48,0.48,46.0,20.05248833517347,-18.51479762169854,39.84776949907212,28.430073393248065,43.236412390460245
FC,2024-05-24,87.6,-1.13,5.98,"Yelich, Christian",592885,676710,,ball,,,,,12.0,,R,L,R,BOS,MIL,B,,,0,1,2024,0.56,0.17,0.8983200101889219,2.770638657674229,,,,2,1,Top,,,,,,,3.741353647269497,-127.59554443517897,-2.0198154299353197,5.46107240508541,24.412344476819406,-30.110449280268607,3.30909942298474,1.64378683464552,,,,87.7,2441.0,6.1,746956,657136,642086,687093,646240,666152,680776,678882,677800,54.37,,,,,,,,3,2,Cutter,0,0,0,0,0,0,0,0,Infield shade,Standard,156.0,-0.002,0.029,,,,,-0.029,,0,0,0.54,0.46,28,32,28,33,1,0,6.0,2,5.0,1.0,2.78,-0.56,0.56,47.8,,,,,
KC,2024-05-24,78.9,-1.04,5.96,"Yelich, Christian",592885,676710,,called_strike,,,,,6.0,,R,L,R,BOS,MIL,S,,,0,0,2024,0.49,-1.0,0.3706593291115818,2.247005896652544,,,,2,1,Top,,,,,,,2.157185052488652,-114.9006229049616,0.60245194023597,3.911484488693576,22.12604993723613,-41.32837568371456,3.36266745882524,1.70966137106392,,,,78.5,2016.0,6.1,746956,657136,642086,687093,646240,666152,680776,678882,677800,54.43,,,,,,,,3,1,Knuckle Curve,0,0,0,0,0,0,0,0,Infield shade,Standard,24.0,0.002,-0.041,,,,,0.041,,0,0,0.538,0.462,28,32,28,33,1,0,6.0,2,5.0,1.0,4.67,-0.49,0.49,49.5,,,,,
FF,2024-05-22,93.2,2.28,6.1,"Yelich, Christian",592885,666200,field_out,hit_into_play,,,,,4.0,Christian Yelich flies out to left fielder Nick Gordon.,R,L,L,MIA,MIL,X,7.0,fly_ball,2,1,2024,1.02,1.54,-0.6547572455664594,2.1773247995615943,,,,1,7,Top,49.54,90.55,,,,,-9.569286486859715,-135.08321002598765,-7.462402823716395,14.66258913944161,33.21434265200358,-11.821926514216964,3.3,1.61,327.0,96.7,26.0,91.0,2256.0,5.5,746063,663743,605137,672640,669394,641313,624503,665862,660821,55.03,0.287,0.4958999999999999,0.0,1.0,0.0,0.0,5.0,44,4,4-Seam Fastball,1,0,0,1,0,1,0,1,Standard,Standard,130.0,0.037,-0.302,68.0,7.6,,0.943,0.302,96.7,1,-1,0.731,0.269,26,32,27,33,3,2,5.0,1,6.0,2.0,1.13,1.02,1.02,37.6,7.532335267573142,11.616262955177923,34.613613586908706,46.28990637152398,21.66282237829278
SL,2024-05-22,81.7,2.31,5.99,"Yelich, Christian",592885,666200,,ball,,,,,13.0,,R,L,L,MIA,MIL,B,,,1,1,2024,0.12,0.29,-0.4488918318698432,1.1280203700831448,,,,1,7,Top,,,,,,,-6.330061606407214,-118.855395811839,-4.871070205522496,2.3210195271465763,23.08431374371833,-28.65286747513174,3.27129625470867,1.71210062291971,,,,80.5,2365.0,5.5,746063,663743,605137,672640,669394,641313,624503,665862,660821,55.02,,,,,,,,44,3,Slider,1,0,0,1,0,1,0,1,Standard,Standard,156.0,-0.007,0.059,,,,,-0.059,,1,-1,0.738,0.262,26,32,27,33,3,2,5.0,1,6.0,2.0,3.13,0.12,0.12,37.3,,,,,
SI,2024-05-22,93.2,2.2,6.12,"Yelich, Christian",592885,666200,,ball,,,,,14.0,,R,L,L,MIA,MIL,B,,,0,1,2024,1.32,1.26,1.4462915025890584,2.576613934658221,,,,1,7,Top,,,,,,,-4.756499089213193,-135.4953487309883,-5.9383440153071945,17.333711107806028,33.10184516609864,-15.55986341840713,3.41686211154374,1.7919495653781,,,,91.3,2194.0,5.5,746063,663743,605137,672640,669394,641313,624503,665862,660821,55.02,,,,,,,,44,2,Sinker,1,0,0,1,0,1,0,1,Standard,Standard,137.0,-0.003,0.024,,,,,-0.024,,1,-1,0.741,0.259,26,32,27,33,3,2,5.0,1,6.0,2.0,1.39,1.32,1.32,39.1,,,,,
FF,2024-05-22,93.4,2.27,6.08,"Yelich, Christian",592885,666200,,called_strike,,,,,4.0,,R,L,L,MIA,MIL,S,,,0,0,2024,1.0,1.53,-0.5787771981160479,2.3995127799956046,,,,1,7,Top,,,,,,,-9.382447373242805,-135.47247611141134,-6.889486773078784,14.512144526097469,33.5724270418593,-11.996545242444842,3.4289478071148,1.80433030834942,,,,91.6,2305.0,5.7,746063,663743,605137,672640,669394,641313,624503,665862,660821,54.82,,,,,,,,44,1,4-Seam Fastball,1,0,0,1,0,1,0,1,Standard,Standard,132.0,0.005,-0.037,,,,,0.037,,1,-1,0.736,0.264,26,32,27,33,3,2,5.0,1,6.0,2.0,1.13,1.0,1.0,40.7,,,,,
FF,2024-05-22,95.8,2.13,5.95,"Yelich, Christian",592885,666200,strikeout,swinging_strike,,,,,5.0,Christian Yelich strikes out swinging.,R,L,L,MIA,MIL,S,2.0,,3,2,2024,0.94,1.4,-0.2159218121214454,2.3358752364582496,,,,1,4,Top,,,,,,,-8.219519026607767,-139.08340430525453,-6.997248824679109,14.00686791047819,31.966214242242938,-12.589137985331195,3.3,1.61,,,,94.7,2236.0,5.8,746063,663743,605137,672640,669394,641313,624503,665862,660821,54.67,,0.0,0.0,1.0,0.0,0.0,,23,8,4-Seam Fastball,1,0,0,1,0,1,0,1,Standard,Standard,132.0,0.025,-0.332,71.3,7.0,1.91976162,,0.332,,1,-1,0.647,0.353,26,32,27,33,2,1,5.0,1,6.0,2.0,1.1,0.94,0.94,41.9,-7.229632319399918,22.10967233633152,38.09913721502315,40.21334079147683,14.894128949156698
FF,2024-05-22,96.3,2.26,5.99,"Yelich, Christian",592885,666200,,foul,,,,,3.0,,R,L,L,MIA,MIL,S,,,3,2,2024,1.11,1.34,0.2770405450925983,2.956066929588916,,,,1,4,Top,,,,,,,-7.656503733137625,-139.87985732593623,-5.386366530910302,16.31543132612309,34.34917946719931,-13.624783542259577,3.3,1.61,,,,94.6,2302.0,5.6,746063,663743,605137,672640,669394,641313,624503,665862,660821,54.89,,,,,,,,23,7,4-Seam Fastball,1,0,0,1,0,1,0,1,Standard,Standard,132.0,0.0,0.0,68.7,6.3,,,0.0,,1,-1,0.647,0.353,26,32,27,33,2,1,5.0,1,6.0,2.0,1.15,1.11,1.11,36.6,-3.5009646797992837,24.474448820130068,36.00104240477755,34.80604523771203,17.24941575480661
CH,2024-05-22,87.6,2.3,5.89,"Yelich, Christian",592885,666200,,foul,,,,,13.0,,R,L,L,MIA,MIL,S,,,3,2,2024,1.42,0.77,-0.2468296011593558,1.394020135165419,,,,1,4,Top,,,,,,,-8.92696980125103,-127.11771997668328,-6.196468860982367,17.23550179021085,26.53292725243768,-22.645962997342743,3.3,1.61,3.0,70.0,-28.0,86.1,2103.0,5.5,746063,663743,605137,672640,669394,641313,624503,665862,660821,54.99,,,,,,,,23,6,Changeup,1,0,0,1,0,1,0,1,Standard,Standard,122.0,0.0,0.0,69.4,8.4,,,0.0,88.0,1,-1,0.647,0.353,26,32,27,33,2,1,5.0,1,6.0,2.0,2.22,1.42,1.42,38.7,18.008013441058573,-10.726187794876877,38.62461831913312,40.61371746024287,35.990698745743046
SL,2024-05-22,84.6,2.22,5.9,"Yelich, Christian",592885,666200,,ball,,,,,13.0,,R,L,L,MIA,MIL,B,,,2,2,2024,0.01,0.15,-1.1127476411411932,0.5190873321898941,,,,1,4,Top,,,,,,,-7.669604232219695,-122.82242789517846,-6.317889676573527,1.793730710777703,26.995605783930948,-29.50947883910213,3.30603854635278,1.72315125326455,,,,82.9,2459.0,5.5,746063,663743,605137,672640,669394,641313,624503,665862,660821,54.98,,,,,,,,23,5,Slider,1,0,0,1,0,1,0,1,Standard,Standard,49.0,-0.008,0.108,,,,,-0.108,,1,-1,0.655,0.345,26,32,27,33,2,1,5.0,1,6.0,2.0,3.08,0.01,0.01,42.1,,,,,
SL,2024-05-22,83.6,2.27,5.9,"Yelich, Christian",592885,666200,,ball,,,,,13.0,,R,L,L,MIA,MIL,B,,,1,2,2024,0.08,0.26,-1.854261117637365,1.3527953528378531,,,,1,4,Top,,,,,,,-9.46783534573662,-121.17765373489922,-4.335622551795595,2.9964186058220195,28.193811599209884,-28.853404568880755,3.30720949975601,1.61983006981231,,,,81.4,2453.0,5.4,746063,663743,605137,672640,669394,641313,624503,665862,660821,55.05,,,,,,,,23,4,Slider,1,0,0,1,0,1,0,1,Standard,Standard,5.0,-0.003,0.043,,,,,-0.043,,1,-1,0.658,0.342,26,32,27,33,2,1,5.0,1,6.0,2.0,3.08,0.08,0.08,36.9,,,,,
FF,2024-05-22,95.4,2.17,6.01,"Yelich, Christian",592885,666200,,ball,,,,,11.0,,R,L,L,MIA,MIL,B,,,0,2,2024,1.27,1.33,-0.8668155514825298,2.972382266481145,,,,1,4,Top,,,,,,,-10.650416385344128,-138.2888700219693,-5.173679841617553,18.762705817684623,34.56570105034899,-14.131712234516383,3.30629752043929,1.76478570145117,,,,93.5,2343.0,5.7,746063,663743,605137,672640,669394,641313,624503,665862,660821,54.85,,,,,,,,23,3,4-Seam Fastball,1,0,0,1,0,1,0,1,Standard,Standard,125.0,-0.002,0.02,,,,,-0.02,,1,-1,0.66,0.34,26,32,27,33,2,1,5.0,1,6.0,2.0,1.22,1.27,1.27,40.6,,,,,
CH,2024-05-22,86.1,2.28,6.01,"Yelich, Christian",592885,666200,,swinging_strike,,,,,5.0,,R,L,L,MIA,MIL,S,,,0,1,2024,1.4,0.79,0.144307428972741,2.209261307046257,,,,1,4,Top,,,,,,,-7.7790266938676735,-125.11290847730729,-4.279393759362035,16.316462536152233,27.073332124690705,-23.207131210288296,3.3,1.61,,,,84.6,2074.0,5.6,746063,663743,605137,672640,669394,641313,624503,665862,660821,54.94,,,,,,,,23,2,Changeup,1,0,0,1,0,1,0,1,Standard,Standard,118.0,0.005,-0.057,76.8,8.5,2.385756768,,0.057,,1,-1,0.655,0.345,26,32,27,33,2,1,5.0,1,6.0,2.0,2.31,1.4,1.4,37.7,28.57308924110854,-31.26860145271934,35.166263758445766,36.71287594602231,50.40238751608507
SL,2024-05-22,82.3,2.4,5.83,"Yelich, Christian",592885,666200,,swinging_strike,,,,,13.0,,R,L,L,MIA,MIL,S,,,0,0,2024,0.15,0.19,-0.6358619602761827,0.9559997539641244,,,,1,4,Top,,,,,,,-7.049392726688453,-119.4025771659127,-4.649231502171381,3.1063413132997093,28.52432464856755,-29.47112753582784,3.3,1.61,,,,80.1,2276.0,5.5,746063,663743,605137,672640,669394,641313,624503,665862,660821,55.01,,,,,,,,23,1,Slider,1,0,0,1,0,1,0,1,Standard,Standard,72.0,0.003,-0.037,73.1,8.8,14.728718808,,0.037,,1,-1,0.652,0.348,26,32,27,33,2,1,5.0,1,6.0,2.0,3.26,0.15,0.15,37.3,29.24275073366076,-33.40130889551195,38.02927127902828,44.217497472271546,59.34897054698996
FF,2024-05-22,97.2,2.35,5.22,"Yelich, Christian",592885,656945,force_out,hit_into_play,,,,,9.0,"Christian Yelich grounds into a force out, fielded by shortstop Tim Anderson. William Contreras out at 2nd.",R,L,L,MIA,MIL,X,6.0,ground_ball,3,1,2024,0.7,1.54,0.3150314947539198,1.885693280097852,,,661388.0,2,9,Top,119.62,146.7,,,,,-7.047982088869712,-141.16338279104517,-6.904090051491993,10.950741058824269,33.86242955531774,-10.213889357376203,3.3,1.61,97.0,106.2,4.0,97.1,2668.0,6.5,746063,663743,669394,672640,656896,641313,624503,665862,660821,54.03,0.571,0.542,0.0,1.0,0.0,0.0,4.0,59,5,4-Seam Fastball,1,0,0,1,0,1,0,1,Standard,Strategic,144.0,0.106,-0.385,73.6,7.2,,0.661,0.385,106.2,1,-1,0.894,0.106,29,32,30,33,1,3,2.0,1,4.0,2.0,0.89,0.7,0.7,31.2,0.0385766174366761,11.557323492975392,39.24555119328463,34.12582164120878,23.363158731965605
SL,2024-05-22,87.3,2.5,5.16,"Yelich, Christian",592885,656945,,ball,,,,,12.0,,R,L,L,MIA,MIL,B,,,2,1,2024,-0.72,0.0,1.2956699787021346,3.013081275520641,,,661388.0,2,9,Top,,,,,,,-1.415228904585283,-127.25032201170688,0.9569542718730516,-7.595195913998848,25.626904720989376,-32.549426201052704,3.27961926535193,1.69116375421687,,,,87.4,2717.0,6.2,746063,663743,669394,672640,656896,641313,624503,665862,660821,54.27,,,,,,,,59,4,Slider,1,0,0,1,0,1,0,1,Standard,Strategic,258.0,-0.02,0.078,,,,,-0.078,,1,-1,0.914,0.086,29,32,30,33,1,3,2.0,1,4.0,2.0,2.97,-0.72,-0.72,32.6,,,,,
SL,2024-05-22,87.9,2.37,5.13,"Yelich, Christian",592885,656945,,ball,,,,,13.0,,R,L,L,MIA,MIL,B,,,1,1,2024,-0.71,-0.22,-1.699550985853551,1.1465609468918667,,,661388.0,2,9,Top,,,,,,,-8.440125598644467,-127.73270161373463,-3.0967720054152825,-6.093517328538097,26.128697425044045,-34.13685802878264,3.34064232743735,1.65354252699109,,,,88.5,2702.0,6.7,746063,663743,669394,672640,656896,641313,624503,665862,660821,53.78,,,,,,,,59,3,Slider,1,0,0,1,0,1,0,1,Standard,Standard,282.0,-0.011,0.05,,,,,-0.05,,1,-1,0.925,0.075,29,32,30,33,1,3,2.0,1,4.0,2.0,3.18,-0.71,-0.71,33.3,,,,,
SL,2024-05-22,87.4,2.57,5.14,"Yelich, Christian",592885,656945,,called_strike,,,,,8.0,,R,L,L,MIA,MIL,S,,,1,0,2024,-0.49,0.12,-0.0587040491410886,1.8035435967730853,,,661388.0,2,9,Top,,,,,,,-5.341655416163995,-127.2802799669511,-2.1613057349832365,-4.314044316188834,25.56040109552987,-30.62268678889804,3.35830350071564,1.63865580935779,,,,87.8,2649.0,6.4,746063,663743,669394,672640,656896,641313,624503,665862,660821,54.06,,,,,,,,59,2,Slider,1,0,0,1,0,1,0,1,Standard,Standard,246.0,0.011,-0.048,,,,,0.048,,1,-1,0.914,0.086,29,32,30,33,1,3,2.0,1,4.0,2.0,2.85,-0.49,-0.49,33.3,,,,,
FF,2024-05-22,97.1,2.29,5.35,"Yelich, Christian",592885,656945,,ball,,,,,2.0,,R,L,L,MIA,MIL,B,,,0,0,2024,0.51,1.52,0.2350836130265611,3.118731273332472,,,661388.0,2,9,Top,,,,,,,-6.673130383594164,-141.13822471627867,-3.8802346184921097,8.405530303925003,33.93248374841028,-11.158460097893371,3.32299693478147,1.75927369241333,,,,96.9,2625.0,6.4,746063,663743,669394,672640,656896,641313,624503,665862,660821,54.15,,,,,,,,59,1,4-Seam Fastball,1,0,0,1,0,1,0,1,Standard,Standard,142.0,-0.007,0.034,,,,,-0.034,,1,-1,0.921,0.079,29,32,30,33,1,3,2.0,1,4.0,2.0,0.91,0.51,0.51,37.4,,,,,
SL,2024-05-22,84.8,2.21,5.93,"Yelich, Christian",592885,666200,strikeout,swinging_strike,,,,,13.0,Christian Yelich strikes out swinging.,R,L,L,MIA,MIL,S,2.0,,0,2,2024,0.0,0.21,-1.214486421782942,1.4812443391615764,,,,2,1,Top,,,,,,,-7.874164802006336,-123.24805427082728,-4.40159879622232,1.6217411736170346,26.05514593794329,-29.28267736939848,3.3,1.61,,,,83.4,2406.0,5.6,746063,663743,605137,672640,669394,641313,624503,665862,660821,54.9,,0.0,0.0,1.0,0.0,0.0,,3,3,Slider,0,0,0,0,0,0,0,0,Standard,Standard,118.0,0.006,-0.157,67.8,8.7,9.455004432,,0.157,,0,0,0.542,0.458,26,32,27,33,1,0,5.0,1,6.0,2.0,2.98,0.0,0.0,38.5,27.555133638574564,-28.1188597974338,34.18219257135748,50.60619382305373,47.2180159600899
FF,2024-05-22,95.2,2.32,6.07,"Yelich, Christian",592885,666200,,called_strike,,,,,7.0,,R,L,L,MIA,MIL,S,,,0,1,2024,1.03,1.35,-0.7768626710247211,2.234644764931451,,,,2,1,Top,,,,,,,-10.27362773925132,-138.00425244148568,-7.292634457151884,15.479023241040393,32.622548793057845,-13.35534539280179,3.3224975363557,1.83423166006332,,,,93.6,2287.0,5.7,746063,663743,605137,672640,669394,641313,624503,665862,660821,54.77,,,,,,,,3,2,4-Seam Fastball,0,0,0,0,0,0,0,0,Standard,Strategic,131.0,0.002,-0.058,,,,,0.058,,0,0,0.54,0.46,26,32,27,33,1,0,5.0,1,6.0,2.0,1.19,1.03,1.03,40.1,,,,,
FF,2024-05-22,93.9,2.37,6.0,"Yelich, Christian",592885,666200,,called_strike,,,,,11.0,,R,L,L,MIA,MIL,S,,,0,0,2024,1.0,1.53,-0.8370070803289562,2.841126884541086,,,,2,1,Top,,,,,,,-10.350770808126368,-136.1702996202806,-5.705289052487777,14.732202096871768,31.44170749526735,-12.08272793304717,3.34265062601543,1.75596081480965,,,,92.5,2293.0,5.8,746063,663743,605137,672640,669394,641313,624503,665862,660821,54.73,,,,,,,,3,1,4-Seam Fastball,0,0,0,0,0,0,0,0,Standard,Strategic,135.0,0.002,-0.041,,,,,0.041,,0,0,0.538,0.462,26,32,27,33,1,0,5.0,1,6.0,2.0,1.09,1.0,1.0,39.8,,,,,
CH,2024-05-21,88.5,2.4,5.74,"Yelich, Christian",592885,669432,field_out,hit_into_play,,,,,9.0,"Christian Yelich grounds out, second baseman Otto Lopez to first baseman Jake Burger. William Contreras to 2nd.",R,L,L,MIA,MIL,X,4.0,ground_ball,1,0,2024,1.6,0.48,0.3332787965095434,2.129482689300956,,,661388.0,1,4,Top,155.06,156.65,,,,,-8.45850191134002,-128.53449621704956,-3.701907080585837,19.489743189884045,29.09503761813341,-26.234566192827568,3.3,1.62,10.0,99.6,-12.0,88.8,2300.0,6.8,746058,542194,669394,672640,656896,641313,650559,665862,667472,53.69,0.259,0.238,0.0,1.0,0.0,0.0,2.0,33,2,Changeup,1,4,4,1,4,1,4,1,Standard,Standard,130.0,0.012,-0.35,74.0,7.7,,0.281,0.35,99.6,-3,3,0.183,0.817,26,32,27,33,3,2,6.0,1,6.0,1.0,2.46,1.6,1.6,24.2,9.258715010913887,1.84690421644896,36.84452170790874,34.23424366371906,31.43138649292294
FC,2024-05-21,83.7,2.47,5.57,"Yelich, Christian",592885,669432,,ball,,,,,13.0,,R,L,L,MIA,MIL,B,,,0,0,2024,-0.22,0.44,-2.2510981439502427,1.2779538285713872,,,661388.0,1,4,Top,,,,,,,-10.5547677689937,-121.51956087597937,-4.408646592216884,-0.2312157182354147,22.575669618509025,-27.08137579365561,3.30000098622234,1.50101677223056,,,,84.7,2251.0,6.9,746058,542194,669394,672640,656896,641313,650559,665862,667472,53.55,,,,,,,,33,1,Cutter,1,4,4,1,4,1,4,1,Standard,Standard,145.0,-0.002,0.036,,,,,-0.036,,-3,3,0.185,0.815,26,32,27,33,3,2,6.0,1,6.0,1.0,2.81,-0.22,-0.22,22.0,,,,,
SI,2024-05-21,90.5,2.54,5.65,"Yelich, Christian",592885,669432,walk,ball,,,,,14.0,Christian Yelich walks.,R,L,L,MIA,MIL,B,,,3,2,2024,1.51,0.67,1.1981280862595949,1.34671196608966,,,,0,3,Top,,,,,,,-6.59572229461425,-131.53960002864778,-6.257462695590565,18.92215744299306,27.670555987953662,-23.23605582621101,3.24692914406459,1.72910564589519,,,,91.0,2387.0,6.6,746058,542194,669394,672640,656896,641313,650559,665862,667472,53.88,,0.689131,0.7,1.0,0.0,0.0,,21,6,Sinker,1,2,2,1,2,1,2,1,Standard,Standard,131.0,-0.03,0.371,,,,,-0.371,,-1,1,0.383,0.617,26,32,27,33,2,1,6.0,1,6.0,1.0,2.12,1.51,1.51,19.9,,,,,
SI,2024-05-21,90.4,2.52,5.68,"Yelich, Christian",592885,669432,,foul,,,,,9.0,,R,L,L,MIA,MIL,S,,,3,1,2024,1.62,0.66,0.6266675232969234,1.7912703079668897,,,,0,3,Top,,,,,,,-8.222915338090495,-131.2198728906403,-5.11613298752166,20.466962342769847,30.1034780823508,-23.59845345209289,3.3,1.62,,,,90.6,2450.0,6.8,746058,542194,669394,672640,656896,641313,650559,665862,667472,53.75,,,,,,,,21,5,Sinker,1,2,2,1,2,1,2,1,Standard,Standard,133.0,0.009,-0.085,78.1,8.0,,,0.085,,-1,1,0.374,0.626,26,32,27,33,2,1,6.0,1,6.0,1.0,2.16,1.62,1.62,22.9,19.76375589283419,-10.373304582287066,38.13668310656831,30.974917577525797,35.488767324872555
FC,2024-05-21,82.6,2.55,5.56,"Yelich, Christian",592885,669432,,ball,,,,,13.0,,R,L,L,MIA,MIL,B,,,2,1,2024,-0.11,0.55,-1.4053819753527073,0.7624393144173456,,,,0,3,Top,,,,,,,-8.832998281653989,-119.91294961694948,-5.47783902750145,0.6171945014588263,23.17715870456934,-25.99481039854543,3.20574211720704,1.65511031282031,,,,82.9,2247.0,6.6,746058,542194,669394,672640,656896,641313,650559,665862,667472,53.87,,,,,,,,21,4,Cutter,1,2,2,1,2,1,2,1,Standard,Standard,131.0,-0.011,0.122,,,,,-0.122,,-1,1,0.385,0.615,26,32,27,33,2,1,6.0,1,6.0,1.0,2.81,-0.11,-0.11,21.7,,,,,
FC,2024-05-21,83.5,2.6,5.66,"Yelich, Christian",592885,669432,,ball,,,,,14.0,,R,L,L,MIA,MIL,B,,,1,1,2024,-0.34,0.59,0.083441697548532,1.48968634338194,,,,0,3,Top,,,,,,,-5.170045011468854,-121.41656075370418,-4.342237601193446,-2.3042020086747743,24.21687757798122,-25.649967509383664,3.30021572514151,1.6843813155437,,,,83.9,2314.0,6.7,746058,542194,669394,672640,656896,641313,650559,665862,667472,53.84,,,,,,,,21,3,Cutter,1,2,2,1,2,1,2,1,Standard,Standard,170.0,-0.004,0.053,,,,,-0.053,,-1,1,0.389,0.611,26,32,27,33,2,1,6.0,1,6.0,1.0,2.69,-0.34,-0.34,23.5,,,,,
SI,2024-05-21,89.9,2.61,5.67,"Yelich, Christian",592885,669432,,ball,,,,,14.0,,R,L,L,MIA,MIL,B,,,0,1,2024,1.58,0.66,0.955120699713606,1.6321880089193228,,,,0,3,Top,,,,,,,-7.486279229901991,-130.52675910697675,-5.381563925950266,19.622872085978205,30.0899430425114,-23.67142586769836,3.30312890363872,1.6874146638771,,,,90.1,2326.0,6.7,746058,542194,669394,672640,656896,641313,650559,665862,667472,53.76,,,,,,,,21,2,Sinker,1,2,2,1,2,1,2,1,Standard,Standard,129.0,-0.002,0.025,,,,,-0.025,,-1,1,0.391,0.609,26,32,27,33,2,1,6.0,1,6.0,1.0,2.2,1.58,1.58,22.9,,,,,
FF,2024-05-21,90.8,2.47,5.72,"Yelich, Christian",592885,669432,,called_strike,,,,,8.0,,R,L,L,MIA,MIL,S,,,0,0,2024,1.09,1.32,-0.122601371778948,2.0158253791179472,,,,0,3,Top,,,,,,,-8.871001188120822,-131.7846514827424,-6.130568696240921,14.675723936417429,30.16816593647089,-15.673549140735002,3.16858454169173,1.61786522811928,,,,90.9,2369.0,6.7,746058,542194,669394,672640,656896,641313,650559,665862,667472,53.81,,,,,,,,21,1,4-Seam Fastball,1,2,2,1,2,1,2,1,Standard,Standard,127.0,0.003,-0.037,,,,,0.037,,-1,1,0.388,0.612,26,32,27,33,2,1,6.0,1,6.0,1.0,1.48,1.09,1.09,22.5,,,,,
SI,2024-05-21,95.6,2.44,5.39,"Yelich, Christian",592885,640462,triple,hit_into_play,,,,,6.0,Christian Yelich triples (2) on a sharp line drive to right fielder Dane Myers. Jake Bauers scores. William Contreras scores.,R,L,L,MIA,MIL,X,9.0,line_drive,1,1,2024,1.52,0.69,0.7192023802467553,2.536816433464584,641343.0,,661388.0,2,8,Top,160.63,49.68,,,,,-8.069116412438126,-138.8647905322653,-3.4408764050090213,21.49128787585662,33.25468328849534,-22.64240854827321,3.3,1.62,178.0,111.0,9.0,96.6,2281.0,7.1,746058,542194,669394,672640,656896,641313,650559,665862,667472,53.39,0.863,0.866,1.6,1.0,1.0,2.0,5.0,72,3,Sinker,5,4,4,5,6,5,6,5,Standard,Standard,134.0,-0.487,1.106,,,,1.124,-1.106,111.0,1,-1,0.751,0.249,29,32,29,33,1,4,2.0,1,6.0,1.0,1.82,1.52,1.52,29.8,,,,,
SI,2024-05-21,95.9,2.42,5.42,"Yelich, Christian",592885,640462,,foul,,,,,12.0,,R,L,L,MIA,MIL,S,,,1,0,2024,1.48,0.74,0.9345740632848228,2.8963814870632048,641343.0,,661388.0,2,8,Top,,,,,,,-7.412929426826917,-139.45381993733423,-2.761556668997616,20.97219501343912,32.309643091381844,-22.162511577494467,3.3,1.62,70.0,90.2,2.0,97.5,2153.0,7.3,746058,542194,669394,672640,656896,641313,650559,665862,667472,53.19,,,,,,,,72,2,Sinker,5,4,4,5,4,5,4,5,Standard,Standard,135.0,0.012,-0.045,54.0,4.8,,,0.045,90.2,1,-1,0.739,0.261,29,32,29,33,1,4,2.0,1,6.0,1.0,1.75,1.48,1.48,27.6,-31.78128309751725,52.17462884976238,45.44095542673612,27.316294671489715,-0.5253704038018898
FF,2024-05-21,95.5,-0.97,6.07,"Yelich, Christian",592885,676534,walk,ball,,,,,11.0,Christian Yelich walks. William Contreras to 2nd.,R,L,R,MIA,MIL,B,,,3,1,2024,-0.45,1.41,-1.2765965683396483,3.01018447408068,,,661388.0,2,6,Top,,,,,,,0.1830203940576072,-139.00641405633868,-5.50568334438041,-5.793097132354848,34.17846749031082,-12.91239882034518,3.21090419904165,1.59786753254115,,,,94.2,2295.0,5.7,746058,542194,669394,672640,656896,641313,650559,665862,667472,54.78,,0.689131,0.7,1.0,0.0,0.0,,52,5,4-Seam Fastball,2,4,4,2,4,2,4,2,Infield shade,Standard,210.0,-0.01,0.152,,,,,-0.152,,-2,2,0.236,0.764,28,32,29,33,1,3,3.0,1,4.0,1.0,1.11,0.45,-0.45,53.7,,,,,
ST,2024-05-21,83.6,2.37,5.55,"Yelich, Christian",592885,640462,,ball,,,,,11.0,,R,L,L,MIA,MIL,B,,,0,0,2024,-0.85,0.67,-1.6511432435636475,2.815782988399204,641343.0,,661388.0,2,8,Top,,,,,,,-7.729654846204483,-121.58466919527103,-1.15907104856035,-6.771766562483313,25.72753512219066,-25.51430623942636,3.3876266078535,1.66323447929244,,,,84.8,2299.0,7.3,746058,542194,669394,672640,656896,641313,650559,665862,667472,53.19,,,,,,,,72,1,Sweeper,5,4,4,5,4,5,4,5,Standard,Standard,294.0,-0.006,0.03,,,,,-0.03,,1,-1,0.745,0.255,29,32,29,33,1,4,2.0,1,6.0,1.0,2.61,-0.85,-0.85,31.9,,,,,
FF,2024-05-21,95.4,-1.23,5.95,"Yelich, Christian",592885,676534,,called_strike,,,,,4.0,,R,L,R,MIA,MIL,S,,,3,0,2024,-0.55,1.32,-0.5493999623739878,2.7904851932673336,,,661388.0,2,6,Top,,,,,,,2.976447567018833,-138.74036304882856,-5.535193811266903,-7.748052311988668,34.311147433776526,-14.058143617997027,3.30949507411196,1.66401571857346,,,,94.0,2322.0,5.7,746058,542194,669394,672640,656896,641313,650559,665862,667472,54.77,,,,,,,,52,4,4-Seam Fastball,2,4,4,2,4,2,4,2,Infield shade,Standard,220.0,0.004,-0.046,,,,,0.046,,-2,2,0.232,0.768,28,32,29,33,1,3,3.0,1,4.0,1.0,1.2,0.55,-0.55,42.4,,,,,
FF,2024-05-21,94.4,-0.97,6.07,"Yelich, Christian",592885,676534,,ball,,,,,13.0,,R,L,R,MIA,MIL,B,,,2,0,2024,-0.62,1.33,-1.1211221746210245,1.2618861979899805,,,661388.0,2,6,Top,,,,,,,0.9828389679215936,-137.1001839438232,-9.605295091813696,-8.002169169363363,32.6759463795443,-13.412114062641614,3.1801422431724,1.72997337763302,,,,93.1,2277.0,5.8,746058,542194,669394,672640,656896,641313,650559,665862,667472,54.71,,,,,,,,52,3,4-Seam Fastball,2,4,4,2,4,2,4,2,Infield shade,Standard,215.0,-0.005,0.076,,,,,-0.076,,-2,2,0.237,0.763,28,32,29,33,1,3,3.0,1,4.0,1.0,1.25,0.62,-0.62,54.2,,,,,
FC,2024-05-21,90.5,-1.01,6.1,"Yelich, Christian",592885,676534,,ball,,,,,7.0,,R,L,R,MIA,MIL,B,,,1,0,2024,0.44,0.04,-0.2894902937242293,1.5767649427888195,,,661388.0,2,6,Top,,,,,,,0.8402911289027322,-131.838834588693,-5.406864233293037,4.985794175385692,27.910101828956723,-30.803779238503505,3.18602792151534,1.61187482586809,,,,89.8,2855.0,5.8,746058,542194,669394,672640,656896,641313,650559,665862,667472,54.74,,,,,,,,52,2,Cutter,2,4,4,2,4,2,4,2,Infield shade,Standard,106.0,-0.003,0.05,,,,,-0.05,,-2,2,0.24,0.76,28,32,29,33,1,3,3.0,1,4.0,1.0,2.74,-0.44,0.44,53.9,,,,,
FC,2024-05-21,91.0,-0.95,6.1,"Yelich, Christian",592885,676534,,ball,,,,,14.0,,R,L,R,MIA,MIL,B,,,0,0,2024,0.27,-0.03,0.8853670208534661,1.3952824723920991,,,661388.0,2,6,Top,,,,,,,3.985620809688885,-132.49570477268767,-5.792136513449005,2.355485322237673,28.120687752665308,-31.45529913973744,3.28755067139571,1.60998972952145,,,,90.0,2854.0,5.6,746058,542194,669394,672640,656896,641313,650559,665862,667472,54.85,,,,,,,,52,1,Cutter,2,4,4,2,4,2,4,2,Standard,Standard,173.0,-0.002,0.034,,,,,-0.034,,-2,2,0.242,0.758,28,32,29,33,1,3,3.0,1,4.0,1.0,2.77,-0.27,0.27,48.9,,,,,
FC,2024-05-21,86.4,2.65,5.6,"Yelich, Christian",592885,669432,field_out,hit_into_play,,,,,5.0,"Christian Yelich grounds out, first baseman Jake Burger to pitcher Trevor Rogers. William Contreras to 3rd.",R,L,L,MIA,MIL,X,3.0,ground_ball,1,1,2024,-0.16,0.67,-0.0041691810636139,2.4115228606425814,,661388.0,,0,1,Top,160.63,164.76,,,,,-6.025335578441343,-125.68849025109007,-2.7600077466371333,-0.4688470256752394,24.838112741990876,-24.7343601444926,3.3,1.62,95.0,100.9,5.0,86.8,2239.0,6.5,746058,542194,669394,672640,656896,641313,650559,665862,667472,54.01,0.579,0.537,0.0,1.0,0.0,0.0,4.0,3,3,Cutter,0,1,1,0,1,0,1,0,Standard,Standard,151.0,0.008,-0.195,73.2,8.1,,0.654,0.195,100.9,-1,1,0.352,0.648,26,32,27,33,1,0,6.0,1,6.0,1.0,2.38,-0.16,-0.16,19.4,19.899115897915586,-15.342654915689687,31.16848549710846,37.54994960959663,40.233578514397
SI,2024-05-21,93.1,2.74,5.52,"Yelich, Christian",592885,669432,,ball,,,,,14.0,,R,L,L,MIA,MIL,B,,,0,1,2024,1.56,0.57,0.6326934342314383,1.1683246585327676,,661388.0,,0,1,Top,,,,,,,-8.870769115050129,-135.11441596499083,-6.644134131478775,21.03433081243145,30.933787941337272,-23.80086670098557,3.29999919359005,1.79619291117243,,,,93.3,2420.0,6.7,746058,542194,669394,672640,656896,641313,650559,665862,667472,53.84,,,,,,,,3,2,Sinker,0,1,1,0,1,0,1,0,Standard,Standard,121.0,-0.003,0.036,,,,,-0.036,,-1,1,0.355,0.645,26,32,27,33,1,0,6.0,1,6.0,1.0,2.08,1.56,1.56,20.4,,,,,
FC,2024-05-21,85.9,2.67,5.51,"Yelich, Christian",592885,669432,,swinging_strike,,,,,7.0,,R,L,L,MIA,MIL,S,,,0,0,2024,-0.03,0.65,-0.7922917296038463,1.7335140855716165,,661388.0,,0,1,Top,,,,,,,-8.192620954926868,-124.92038901546005,-4.041480957210967,1.3353239067037397,24.61066439871918,-24.772989703621448,3.3,1.62,,,,86.6,2147.0,6.7,746058,542194,669394,672640,656896,641313,650559,665862,667472,53.79,,,,,,,,3,1,Cutter,0,1,1,0,1,0,1,0,Standard,Standard,133.0,0.005,-0.035,74.0,8.3,7.255273212,,0.035,,-1,1,0.35,0.65,26,32,27,33,1,0,6.0,1,6.0,1.0,2.44,-0.03,-0.03,19.9,22.573316312804977,-19.766024434471223,32.56555468286995,45.78269299485839,46.57305946784696
SI,2024-05-20,95.0,2.8,5.6,"Yelich, Christian",592885,677960,walk,ball,,,,,13.0,Christian Yelich walks.,R,L,L,MIA,MIL,B,,,3,1,2024,1.58,0.71,-0.5115880496486878,0.6311519147556026,,,,1,6,Top,,,,,,,-12.017910397057037,-137.5630542504028,-8.777155412611352,22.789533526160174,31.731729022281694,-21.26569115043636,3.30238687630035,1.64423594369708,,,,93.5,2319.0,5.8,746066,663743,605137,672640,669394,660644,624503,665862,660821,54.74,,0.689131,0.7,1.0,0.0,0.0,,37,5,Sinker,0,1,1,0,1,0,1,0,Standard,Strategic,128.0,-0.016,0.256,,,,,-0.256,,-1,1,0.354,0.646,24,32,25,33,3,2,6.0,1,6.0,1.0,1.85,1.58,1.58,31.0,,,,,
SI,2024-05-20,94.3,2.94,5.54,"Yelich, Christian",592885,677960,,ball,,,,,13.0,,R,L,L,MIA,MIL,B,,,2,1,2024,1.53,0.75,-0.8187544764289825,0.8688159712940158,,,,1,6,Top,,,,,,,-12.994683245153482,-136.54947843653613,-7.996181397200094,22.068326236484324,30.777316222565236,-20.99653553726713,3.28597987079924,1.64419590232134,,,,93.0,2301.0,5.9,746066,663743,605137,672640,669394,660644,624503,665862,660821,54.63,,,,,,,,37,4,Sinker,0,1,1,0,1,0,1,0,Standard,Strategic,128.0,-0.008,0.122,,,,,-0.122,,-1,1,0.362,0.638,24,32,25,33,3,2,6.0,1,6.0,1.0,1.84,1.53,1.53,30.3,,,,,
ST,2024-05-20,83.2,3.15,5.53,"Yelich, Christian",592885,677960,,ball,,,,,13.0,,R,L,L,MIA,MIL,B,,,1,1,2024,-1.17,-0.26,-1.2181360257749867,1.0696769528710353,,,,1,6,Top,,,,,,,-7.610165629768107,-120.81973435881766,-3.077349495517636,-9.528777745128858,28.50256221928665,-34.22548791471788,3.29405898438078,1.6686590381881,,,,81.5,2566.0,5.7,746066,663743,605137,672640,669394,660644,624503,665862,660821,54.78,,,,,,,,37,3,Sweeper,0,1,1,0,1,0,1,0,Standard,Strategic,316.0,-0.004,0.059,,,,,-0.059,,-1,1,0.366,0.634,24,32,25,33,3,2,6.0,1,6.0,1.0,3.63,-1.17,-1.17,30.1,,,,,
CH,2024-05-20,84.5,2.97,5.51,"Yelich, Christian",592885,677960,,foul_tip,,,,,8.0,,R,L,L,MIA,MIL,S,,,1,0,2024,1.13,0.35,-0.0346375240731329,1.937734121596498,,,,1,6,Top,,,,,,,-9.199054442536342,-122.79323674219457,-2.6459918185674542,13.23519581922829,24.281702658813582,-28.26144997464029,3.28,1.63,,,,84.0,1909.0,6.0,746066,663743,605137,672640,669394,660644,624503,665862,660821,54.45,,,,,,,,37,2,Changeup,0,1,1,0,1,0,1,0,Standard,Strategic,122.0,0.004,-0.051,76.8,7.8,,,0.051,,-1,1,0.362,0.638,24,32,25,33,3,2,6.0,1,6.0,1.0,2.85,1.13,1.13,35.2,20.557827716411943,-7.141241526097902,35.11060047545071,38.35718852011712,38.90025928456721
FF,2024-05-20,96.3,2.7,5.81,"Yelich, Christian",592885,677960,,ball,,,,,4.0,,R,L,L,MIA,MIL,B,,,0,0,2024,0.97,1.28,-0.7742776367401913,2.4838744623668045,,,,1,6,Top,,,,,,,-11.279860076435472,-139.6123939599427,-6.040614260724507,15.302481662009033,33.78161059749938,-14.164814696200828,3.41068419965492,1.57254575599927,,,,94.9,2333.0,5.8,746066,663743,605137,672640,669394,660644,624503,665862,660821,54.66,,,,,,,,37,1,4-Seam Fastball,0,1,1,0,1,0,1,0,Standard,Strategic,133.0,-0.003,0.039,,,,,-0.039,,-1,1,0.365,0.635,24,32,25,33,3,2,6.0,1,6.0,1.0,1.21,0.97,0.97,36.7,,,,,
SI,2024-05-20,94.2,2.9,5.67,"Yelich, Christian",592885,677960,field_out,hit_into_play,,,,,5.0,"Christian Yelich grounds out, second baseman Otto Lopez to first baseman Josh Bell.",R,L,L,MIA,MIL,X,4.0,ground_ball,2,0,2024,1.6,0.63,0.1808126177190514,2.3162745932989663,,,,1,4,Top,147.04,155.88,,,,,-10.506728381871827,-136.7822026614042,-4.342977216245487,22.41104299044636,30.77494441708126,-23.47877305933446,3.28,1.63,4.0,93.6,-28.0,93.2,2265.0,5.9,746066,663743,605137,672640,669394,660644,624503,665862,660821,54.65,0.094,0.085,0.0,1.0,0.0,0.0,2.0,21,3,Sinker,0,0,0,0,0,0,0,0,Standard,Strategic,132.0,0.029,-0.367,71.3,6.9,,0.096,0.367,93.6,0,0,0.518,0.482,24,32,25,33,2,1,6.0,1,6.0,1.0,1.96,1.6,1.6,33.1,1.6493200444275975,13.381088791372983,36.44086374569656,36.41692903851419,22.18184411866246
ST,2024-05-20,83.0,3.18,5.54,"Yelich, Christian",592885,677960,,ball,,,,,13.0,,R,L,L,MIA,MIL,B,,,1,0,2024,-1.13,-0.47,-1.790450163519961,-0.0018294689536597,,,,1,4,Top,,,,,,,-9.005196248316448,-120.41550291138476,-5.007547395739062,-8.594741334248866,29.490449138939866,-35.701004550004185,3.35960376625322,1.70154466680523,,,,80.9,2569.0,5.6,746066,663743,605137,672640,669394,660644,624503,665862,660821,54.9,,,,,,,,21,2,Sweeper,0,0,0,0,0,0,0,0,Standard,Strategic,314.0,-0.006,0.072,,,,,-0.072,,0,0,0.524,0.476,24,32,25,33,2,1,6.0,1,6.0,1.0,3.88,-1.13,-1.13,30.2,,,,,
ST,2024-05-20,79.9,3.2,5.56,"Yelich, Christian",592885,677960,,ball,,,,,13.0,,R,L,L,MIA,MIL,B,,,0,0,2024,-0.79,0.33,-0.8624391148806234,2.0448176243889487,,,,1,4,Top,,,,,,,-7.349138802980625,-116.14262719895888,-1.5535792739983592,-5.608169499644111,23.682138293660977,-29.129298811690973,3.31899270023379,1.74221274599563,,,,78.5,2386.0,5.6,746066,663743,605137,672640,669394,660644,624503,665862,660821,54.93,,,,,,,,21,1,Sweeper,0,0,0,0,0,0,0,0,Standard,Strategic,311.0,-0.003,0.039,,,,,-0.039,,0,0,0.527,0.473,24,32,25,33,2,1,6.0,1,6.0,1.0,3.28,-0.79,-0.79,32.6,,,,,
ST,2024-05-20,83.3,2.98,5.66,"Yelich, Christian",592885,677960,field_out,hit_into_play,,,,,5.0,Christian Yelich flies out to third baseman Jake Burger in foul territory.,R,L,L,MIA,MIL,X,5.0,fly_ball,0,1,2024,-0.54,0.58,0.1719778897956273,2.2915286361753133,,,,1,1,Top,70.8,164.08,,,,,-5.329639432326366,-121.29716867319895,-2.4349825284771844,-4.308245378114796,23.137190291044703,-26.197796130441425,3.28,1.63,163.0,84.3,64.0,82.3,2622.0,5.5,746066,663743,605137,672640,669394,660644,624503,665862,660821,54.95,0.011,0.009,0.0,1.0,0.0,0.0,3.0,2,2,Sweeper,0,0,0,0,0,0,0,0,Standard,Strategic,306.0,0.014,-0.219,71.4,7.7,,0.011,0.219,88.0,0,0,0.524,0.476,24,32,25,33,1,0,6.0,1,6.0,1.0,2.7,-0.54,-0.54,32.6,13.653904547553752,-6.015348070335314,37.99124502305037,35.359849411801974,34.69555437144868
FF,2024-05-20,95.4,2.81,5.78,"Yelich, Christian",592885,677960,,called_strike,,,,,4.0,,R,L,L,MIA,MIL,S,,,0,0,2024,1.18,1.31,-0.5027328485170492,2.2941664809877294,,,,1,1,Top,,,,,,,-11.183332380091771,-138.41178899652192,-6.386511577392147,17.618647685378523,30.39912036609824,-14.041378336414285,3.29422040344122,1.6442602762783,,,,94.1,2359.0,5.6,746066,663743,605137,672640,669394,660644,624503,665862,660821,54.86,,,,,,,,2,1,4-Seam Fastball,0,0,0,0,0,0,0,0,Standard,Strategic,136.0,0.002,-0.037,,,,,0.037,,0,0,0.522,0.478,24,32,25,33,1,0,6.0,1,6.0,1.0,1.21,1.18,1.18,35.5,,,,,
FF,2024-05-20,96.9,2.46,5.25,"Yelich, Christian",592885,656945,walk,ball,,,,,11.0,Christian Yelich walks.,R,L,L,MIA,MIL,B,,,3,0,2024,0.31,1.4,-0.9182476474993648,3.009131609420268,,668930.0,,0,10,Top,,,,,,,-9.729936726857913,-140.73368244883468,-3.5964349666974718,6.358545230690487,33.4187497780963,-12.908900746149929,3.26943385672374,1.63580117322517,,,,96.7,2606.0,6.4,746066,542194,605137,672640,669394,660644,624503,665862,660821,54.12,,0.689131,0.7,1.0,0.0,0.0,,73,4,4-Seam Fastball,2,2,2,2,2,2,2,2,Standard,Standard,144.0,-0.02,0.129,,,,,-0.129,,0,0,0.469,0.531,29,32,30,33,1,4,2.0,1,2.0,1.0,1.04,0.31,0.31,35.1,,,,,
FF,2024-05-20,96.9,2.36,5.32,"Yelich, Christian",592885,656945,,ball,,,,,11.0,,R,L,L,MIA,MIL,B,,,2,0,2024,0.46,1.43,-1.3647384383845464,3.5338133653747823,,668930.0,,0,10,Top,,,,,,,-10.981236096772864,-140.62467867252712,-2.443332603137198,8.66011980961854,33.13257758069268,-12.8967760982595,3.27339317286869,1.61531365631812,,,,96.6,2689.0,6.4,746066,542194,605137,672640,669394,660644,624503,665862,660821,54.15,,,,,,,,73,3,4-Seam Fastball,2,2,2,2,2,2,2,2,Infield shade,Standard,144.0,-0.016,0.091,,,,,-0.091,,0,0,0.485,0.515,29,32,30,33,1,4,2.0,1,2.0,1.0,1.02,0.46,0.46,36.6,,,,,
SI,2024-05-20,94.5,-1.79,5.18,"Yelich, Christian",592885,686539,field_out,hit_into_play,,,,,8.0,"Christian Yelich grounds out, second baseman Otto Lopez to first baseman Josh Bell.",R,L,R,MIA,MIL,X,4.0,ground_ball,0,0,2024,-0.75,0.18,0.0033335438947419,1.6273035397498363,,,,1,8,Top,151.88,158.91,,,,,6.276119231167286,-137.49486228420292,-3.964125588772304,-10.838805936581489,28.914239718520975,-29.277685047076783,3.28,1.63,6.0,99.4,-16.0,94.0,2474.0,5.9,746066,663743,605137,672640,669394,660644,624503,665862,660821,54.62,0.193,0.27,0.0,1.0,0.0,0.0,2.0,54,1,Sinker,1,2,2,1,2,1,2,1,Standard,Strategic,237.0,0.018,-0.256,74.6,7.2,,0.195,0.256,99.4,-1,1,0.278,0.722,26,32,27,33,1,3,2.0,1,6.0,1.0,2.37,0.75,-0.75,19.7,5.131785082639127,4.264422986569891,39.6636625314434,37.97601087106143,31.9598343515
FF,2024-05-20,96.2,2.48,5.28,"Yelich, Christian",592885,656945,,ball,,,,,13.0,,R,L,L,MIA,MIL,B,,,1,0,2024,0.41,1.49,-1.0258239700212863,1.773827997764223,,668930.0,,0,10,Top,,,,,,,-10.205730691965949,-139.55208975817692,-7.05102617359497,7.653832638220651,32.08558924117204,-11.276979632014449,3.273291864264,1.61519772140414,,,,96.1,2677.0,6.4,746066,542194,605137,672640,669394,660644,624503,665862,660821,54.06,,,,,,,,73,2,4-Seam Fastball,2,2,2,2,2,2,2,2,Standard,Standard,141.0,-0.01,0.05,,,,,-0.05,,0,0,0.495,0.505,29,32,30,33,1,4,2.0,1,2.0,1.0,1.0,0.41,0.41,33.3,,,,,
FF,2024-05-20,96.1,2.54,5.27,"Yelich, Christian",592885,656945,,ball,,,,,13.0,,R,L,L,MIA,MIL,B,,,0,0,2024,0.32,1.31,-1.1500494215545178,2.3521898664926373,,668930.0,,0,10,Top,,,,,,,-10.505947014496847,-139.43957788423015,-5.05732562120112,6.688923273549066,32.81186992988748,-14.067721983981732,3.27537519753126,1.61725521078638,,,,96.0,2613.0,6.5,746066,542194,605137,672640,669394,660644,624503,665862,660821,54.03,,,,,,,,73,1,4-Seam Fastball,2,2,2,2,2,2,2,2,Standard,Standard,148.0,-0.005,0.038,,,,,-0.038,,0,0,0.5,0.5,29,32,30,33,1,4,2.0,1,2.0,1.0,1.18,0.32,0.32,35.1,,,,,
FF,2024-05-19,92.5,-1.32,5.16,"Yelich, Christian",592885,681293,field_out,hit_into_play,,,,,5.0,Christian Yelich grounds out to first baseman Jon Singleton.,R,L,R,HOU,MIL,X,3.0,ground_ball,1,0,2024,-0.66,1.35,-0.0825606717559145,2.5331773268571736,,,,0,6,Top,157.59,166.28,,,,,4.6473749996417695,-134.53543855010284,-3.840062549820407,-9.008634688483498,31.65405099202185,-15.17727890628676,3.27,1.63,3.0,81.5,-37.0,93.4,2405.0,7.0,746392,605170,572138,514888,608324,665161,694388,676694,663656,53.46,0.047,0.067,0.0,1.0,0.0,0.0,2.0,49,2,4-Seam Fastball,5,1,1,5,1,5,1,5,Standard,Standard,219.0,0.02,-0.292,70.2,7.4,,0.069,0.292,88.0,4,-4,0.915,0.085,24,32,24,33,3,2,6.0,1,6.0,1.0,1.33,0.66,-0.66,25.6,12.797321309943072,7.319276469535494,34.55266130060879,37.8451549053123,28.60743056412554
FF,2024-05-19,92.9,-1.33,5.08,"Yelich, Christian",592885,681293,,ball,,,,,14.0,,R,L,R,HOU,MIL,B,,,0,0,2024,-0.8,1.31,0.3196801077722155,1.1417540213181814,,,,0,6,Top,,,,,,,6.083767228895542,-134.95643070354473,-7.221185588339248,-11.164997108874603,31.991016652346417,-14.767932183720376,3.56046274838368,1.63993597330372,,,,93.9,2339.0,7.2,746392,605170,572138,514888,608324,665161,694388,676694,663656,53.33,,,,,,,,49,1,4-Seam Fastball,5,1,1,5,1,5,1,5,Standard,Standard,222.0,-0.003,0.038,,,,,-0.038,,4,-4,0.918,0.082,24,32,24,33,3,2,6.0,1,6.0,1.0,1.36,0.8,-0.8,28.7,,,,,
FC,2024-05-19,86.6,-1.45,5.04,"Yelich, Christian",592885,681293,strikeout,swinging_strike,,,,,1.0,Christian Yelich strikes out swinging.,R,L,R,HOU,MIL,S,2.0,,2,2,2024,0.51,0.39,-0.3196225440945011,2.7770526761554843,,,661388.0,2,3,Top,,,,,,,1.689764994052667,-126.12831709027093,0.0017218699378952,5.072905069027581,25.84064972612738,-28.2303004154244,3.27,1.63,,,,87.9,2608.0,7.1,746392,605170,572138,514888,608324,665161,694388,676694,663656,53.41,,0.0,0.0,1.0,0.0,0.0,,25,7,Cutter,4,1,1,4,1,4,1,4,Infield shade,Standard,146.0,0.017,-0.234,65.9,7.2,1.63168866,,0.234,,3,-3,0.822,0.178,24,32,24,33,2,1,6.0,1,6.0,1.0,2.65,-0.51,0.51,21.4,3.60773573360044,17.410511484546895,35.60434983609201,41.87501265462868,18.43125358944669
CU,2024-05-19,79.9,-1.5,5.08,"Yelich, Christian",592885,681293,,foul,,,,,9.0,,R,L,R,HOU,MIL,S,,,2,2,2024,1.14,-0.74,0.3168590297831909,1.8402517282687247,,,661388.0,2,3,Top,,,,,,,1.873531560807332,-116.29727247580664,1.0428511284927895,9.91848289016677,22.734021472824143,-39.337109392850685,3.27,1.63,6.0,69.3,-18.0,80.9,2895.0,7.0,746392,605170,572138,514888,608324,665161,694388,676694,663656,53.47,,,,,,,,25,6,Curveball,4,1,1,4,1,4,1,4,Infield shade,Standard,70.0,0.0,0.0,75.4,8.5,,,0.0,88.0,3,-3,0.822,0.178,24,32,24,33,2,1,6.0,1,6.0,1.0,4.33,-1.14,1.14,23.8,30.183895470833605,-12.639699772751664,35.96074929580452,34.960087171845345,37.4831805355126
FF,2024-05-19,94.5,-1.26,5.21,"Yelich, Christian",592885,681293,,foul,,,,,4.0,,R,L,R,HOU,MIL,S,,,2,2,2024,-1.21,1.51,-0.3743141916922909,2.419191583776603,,,661388.0,2,3,Top,,,,,,,5.106222041968239,-137.36184490212867,-4.976511900060373,-16.41950681113168,34.06707881364255,-12.15315859049048,3.27,1.63,223.0,77.6,42.0,95.9,2463.0,7.4,746392,605170,572138,514888,608324,665161,694388,676694,663656,53.09,,,,,,,,25,5,4-Seam Fastball,4,1,1,4,1,4,1,4,Strategic,Standard,224.0,0.0,0.0,67.4,7.0,,,0.0,88.0,3,-3,0.822,0.178,24,32,24,33,2,1,6.0,1,6.0,1.0,1.07,1.21,-1.21,22.1,-4.644744014818426,20.099037858872087,37.49897180496149,42.87609528459284,15.641035082304636
FF,2024-05-19,94.5,-1.0,5.18,"Yelich, Christian",592885,681293,,foul,,,,,8.0,,R,L,R,HOU,MIL,S,,,2,1,2024,-1.13,1.37,0.2131711559297606,2.052556641917638,,,661388.0,2,3,Top,,,,,,,5.798665358933072,-137.3562249420992,-5.511119441016634,-15.670327865848066,34.03400122282652,-13.87520793620418,3.27,1.63,249.0,88.6,50.0,95.5,2242.0,7.2,746392,605170,572138,514888,608324,665161,694388,676694,663656,53.32,,,,,,,,25,4,4-Seam Fastball,4,1,1,4,1,4,1,4,Standard,Standard,219.0,0.005,-0.072,76.7,7.2,,,0.072,88.6,3,-3,0.817,0.183,24,32,24,33,2,1,6.0,1,6.0,1.0,1.22,1.13,-1.13,25.9,3.925919600566476,4.655545116134371,40.986934774847256,35.897363613712336,29.376954283819902
CH,2024-05-19,83.9,-1.43,5.02,"Yelich, Christian",592885,681293,,blocked_ball,,,,,14.0,,R,L,R,HOU,MIL,B,,,1,1,2024,-1.2,0.59,0.4882696924606198,-0.7651282409577473,,,661388.0,2,3,Top,,,,,,,6.936412310555092,-121.67445751740408,-8.169034490204364,-13.345925517874935,25.80331885394697,-24.785380479398377,3.25960172611901,1.57891562827263,,,,84.9,1691.0,7.3,746392,605170,572138,514888,608324,665161,694388,676694,663656,53.22,,,,,,,,25,3,Changeup,4,1,1,4,1,4,1,4,Standard,Standard,237.0,-0.003,0.05,,,,,-0.05,,3,-3,0.82,0.18,24,32,24,33,2,1,6.0,1,6.0,1.0,2.69,1.2,-1.2,25.3,,,,,
FF,2024-05-19,92.4,-1.22,5.49,"Yelich, Christian",592885,681293,,ball,,,,,11.0,,R,L,R,HOU,MIL,B,,,0,1,2024,-0.93,1.42,-0.8435216985847247,4.618409925688815,,,661388.0,2,3,Top,,,,,,,3.04903902438702,-134.5136170213852,0.5812758202594259,-11.88775664487533,32.12383600505476,-15.48231798187206,3.37257618196169,1.39056549304254,,,,93.9,2334.0,7.4,746392,605170,572138,514888,608324,665161,694388,676694,663656,53.13,,,,,,,,25,2,4-Seam Fastball,4,1,1,4,1,4,1,4,Standard,Standard,214.0,-0.002,0.032,,,,,-0.032,,3,-3,0.822,0.178,24,32,24,33,2,1,6.0,1,6.0,1.0,1.27,0.93,-0.93,31.2,,,,,
CH,2024-05-19,83.9,-1.33,4.89,"Yelich, Christian",592885,681293,,called_strike,,,,,8.0,,R,L,R,HOU,MIL,S,,,0,0,2024,-1.2,0.24,0.0457756444753827,1.6375301865802356,,,661388.0,2,3,Top,,,,,,,5.825746028429995,-122.06013405462409,-1.5725816152419074,-13.20876651110734,25.83730335281504,-29.70293063406372,3.36731040213051,1.68631134644755,,,,87.1,1590.0,8.5,746392,605170,572138,514888,608324,665161,694388,676694,663656,52.03,,,,,,,,25,1,Changeup,4,1,1,4,1,4,1,4,Standard,Standard,241.0,0.003,-0.047,,,,,0.047,,3,-3,0.819,0.181,24,32,24,33,2,1,6.0,1,6.0,1.0,3.02,1.2,-1.2,22.1,,,,,
CU,2024-05-19,78.7,-1.39,5.13,"Yelich, Christian",592885,681293,single,hit_into_play,,,,,8.0,Christian Yelich singles on a ground ball to right fielder Kyle Tucker. Brice Turang scores.,R,L,R,HOU,MIL,X,9.0,ground_ball,2,1,2024,1.03,-0.74,-0.1935677282436212,1.6797082566557506,668930.0,,,1,1,Top,160.13,100.38,,,,,0.688851431682275,-114.55527437828398,0.8167205903072334,8.84444071501115,23.65093165543856,-39.04642412502673,3.27,1.63,13.0,96.0,-7.0,79.3,2753.0,6.9,746392,605170,572138,514888,608324,665161,694388,676694,663656,53.56,0.232,0.256,0.9,1.0,1.0,0.0,2.0,3,4,Curveball,0,0,0,0,1,0,1,0,Strategic,Standard,62.0,-0.05,0.449,80.3,7.9,,0.254,-0.449,96.0,0,0,0.452,0.548,24,32,24,33,1,0,6.0,1,6.0,1.0,4.45,-1.03,1.03,27.2,10.511002990619971,4.533600797024527,38.873776755884016,39.61586815540976,31.645627540374875
SL,2024-05-19,86.0,-2.17,5.97,"Yelich, Christian",592885,650556,single,hit_into_play,,,,,5.0,Christian Yelich singles on a ground ball to right fielder Kyle Tucker. Blake Perkins scores. Brice Turang to 3rd.,R,L,R,HOU,MIL,X,9.0,ground_ball,2,0,2024,0.38,-0.5,-0.2128404183718817,2.528776865519901,,663368.0,668930.0,2,7,Top,179.96,115.37,,,,,3.873746898872799,-125.25498534192694,-0.8950866444845218,3.143948934859223,25.925818875816752,-37.41439114863445,3.27,1.63,49.0,98.3,0.0,85.8,2910.0,6.2,746392,605170,572138,514888,608324,665161,694388,676694,663656,54.31,0.384,0.346,0.9,1.0,1.0,0.0,4.0,64,3,Slider,6,3,3,6,4,6,4,6,Standard,Standard,57.0,-0.07,0.494,69.9,8.1,,0.411,-0.494,98.3,3,-3,0.884,0.116,27,32,27,33,1,3,2.0,1,2.0,1.0,3.58,-0.38,0.38,50.6,21.65045350221584,-4.519386695210345,29.83646002336645,41.96424492404178,33.153864835349765
CU,2024-05-19,77.9,-1.41,5.17,"Yelich, Christian",592885,681293,,called_strike,,,,,8.0,,R,L,R,HOU,MIL,S,,,2,0,2024,1.11,-0.7,0.2177925408434915,1.7190472321265928,668930.0,,,1,1,Top,,,,,,,1.4636943515962513,-113.3619163683148,0.8631549095406121,9.246257371495952,22.45221420617712,-38.56522777829692,3.31719188223509,1.5293790612015,,,,78.7,2720.0,7.1,746392,605170,572138,514888,608324,665161,694388,676694,663656,53.44,,,,,,,,3,3,Curveball,0,0,0,0,0,0,0,0,Strategic,Standard,67.0,0.004,-0.065,,,,,0.065,,0,0,0.448,0.552,24,32,24,33,1,0,6.0,1,6.0,1.0,4.48,-1.11,1.11,26.7,,,,,
SL,2024-05-19,84.2,-1.97,6.05,"Yelich, Christian",592885,650556,,ball,,,,,14.0,,R,L,R,HOU,MIL,B,,,1,0,2024,0.56,-0.86,0.4889590898056283,1.1367474613828543,,663368.0,668930.0,2,7,Top,,,,,,,4.591557587391984,-122.40914732479187,-3.221124866974388,4.52667087563571,27.361912245948435,-40.24656679534617,3.32959450038439,1.32979316152908,,,,83.6,2951.0,6.2,746392,605170,572138,514888,608324,665161,694388,676694,663656,54.25,,,,,,,,64,2,Slider,6,3,3,6,3,6,3,6,Standard,Standard,43.0,-0.008,0.044,,,,,-0.044,,3,-3,0.892,0.108,27,32,27,33,1,3,2.0,1,2.0,1.0,4.12,-0.56,0.56,51.9,,,,,
FF,2024-05-19,94.7,-1.12,5.19,"Yelich, Christian",592885,681293,,ball,,,,,14.0,,R,L,R,HOU,MIL,B,,,1,0,2024,-0.8,1.22,0.1366783797394631,1.113853230882615,668930.0,,,1,1,Top,,,,,,,5.173420915921046,-137.67384710240478,-7.781131996093603,-11.394772023165723,32.15265664105355,-15.07470085928673,3.25445957456125,1.66858963435266,,,,96.0,2200.0,7.2,746392,605170,572138,514888,608324,665161,694388,676694,663656,53.28,,,,,,,,3,2,4-Seam Fastball,0,0,0,0,0,0,0,0,Strategic,Standard,221.0,-0.004,0.022,,,,,-0.022,,0,0,0.452,0.548,24,32,24,33,1,0,6.0,1,6.0,1.0,1.34,0.8,-0.8,25.7,,,,,
CU,2024-05-19,79.8,-1.22,5.12,"Yelich, Christian",592885,681293,,ball,,,,,14.0,,R,L,R,HOU,MIL,B,,,0,0,2024,0.9,-0.59,0.2469335517013894,0.4059502393575469,,668930.0,,1,1,Top,,,,,,,1.5413890619299253,-116.22866566632251,-2.498584096669505,7.780349147083137,24.08278566184121,-37.19328547682024,3.90757629778222,1.60889142013333,,,,80.7,2734.0,7.1,746392,605170,572138,514888,608324,665161,694388,676694,663656,53.44,,,,,,,,3,1,Curveball,0,0,0,0,0,0,0,0,Standard,Standard,63.0,-0.029,0.027,,,,,-0.027,,0,0,0.481,0.519,24,32,24,33,1,0,6.0,1,6.0,1.0,4.19,-0.9,0.9,25.5,,,,,
SL,2024-05-19,85.7,-2.11,5.96,"Yelich, Christian",592885,650556,,ball,,,,,14.0,,R,L,R,HOU,MIL,B,,,0,0,2024,0.28,-0.55,1.4518935477766968,1.5149116106460094,,663368.0,668930.0,2,7,Top,,,,,,,7.84332398487001,-124.58798580339462,-3.082902904800076,1.277393074844891,26.396155535132404,-37.43116421721386,3.32144786237177,1.55835919630356,,,,85.5,2842.0,6.4,746392,605170,572138,514888,608324,665161,694388,676694,663656,54.14,,,,,,,,64,1,Slider,6,3,3,6,3,6,3,6,Standard,Standard,45.0,-0.004,0.026,,,,,-0.026,,3,-3,0.896,0.104,27,32,27,33,1,3,2.0,1,2.0,1.0,3.67,-0.28,0.28,49.4,,,,,
FF,2024-05-18,92.4,-1.19,7.31,"Yelich, Christian",592885,434378,field_out,hit_into_play,,,,,2.0,"Christian Yelich grounds out, second baseman Jose Altuve to pitcher Justin Verlander.",R,L,R,HOU,MIL,X,4.0,ground_ball,0,2,2024,-0.86,1.58,0.0337757556836075,3.336853418474874,,,,0,4,Top,153.01,155.86,,,,,4.899841522495234,-134.29041996170594,-7.543999891793707,-11.445763902106735,32.70297564290179,-11.667206666581436,3.28,1.64,32.0,101.7,-4.0,90.6,2379.0,5.5,746389,673237,572138,514888,608324,665161,643289,676694,663656,54.97,0.401,0.377,0.0,1.0,0.0,0.0,2.0,24,3,4-Seam Fastball,1,0,0,1,0,1,0,1,Strategic,Standard,203.0,0.017,-0.163,,,,0.423,0.163,101.7,1,-1,0.635,0.365,41,32,41,33,2,1,6.0,1,6.0,1.0,1.13,0.86,-0.86,60.1,,,,,
CH,2024-05-18,84.4,-1.43,7.25,"Yelich, Christian",592885,434378,,foul,,,,,14.0,,R,L,R,HOU,MIL,S,,,0,1,2024,-0.97,0.96,0.0740536491127381,1.317027038574429,,,,0,4,Top,,,,,,,5.381012798534482,-122.48514673048282,-9.20110188683126,-10.857888993680776,25.504256607446987,-20.81947378228969,3.28,1.64,,,,83.5,1812.0,6.0,746389,673237,572138,514888,608324,665161,643289,676694,663656,54.54,,,,,,,,24,2,Changeup,1,0,0,1,0,1,0,1,Standard,Standard,223.0,0.008,-0.054,70.7,8.8,,,0.054,,1,-1,0.627,0.373,41,32,41,33,2,1,6.0,1,6.0,1.0,2.27,0.97,-0.97,54.5,30.58585430374164,-21.75047679060969,37.71022804543735,35.83132900791423,44.74320610862808
CH,2024-05-18,83.4,-1.82,7.09,"Yelich, Christian",592885,434378,,called_strike,,,,,5.0,,R,L,R,HOU,MIL,S,,,0,0,2024,-1.09,0.9,-0.1314440898902193,2.5381294753007007,,,,0,4,Top,,,,,,,5.961695590306638,-121.15841746961551,-5.689830341925584,-11.950829811931404,25.581527745515544,-22.320340306097236,3.36119791549184,1.68971592073088,,,,82.3,1835.0,5.8,746389,673237,572138,514888,608324,665161,643289,676694,663656,54.68,,,,,,,,24,1,Changeup,1,0,0,1,0,1,0,1,Standard,Standard,228.0,0.004,-0.037,,,,,0.037,,1,-1,0.623,0.377,41,32,41,33,2,1,6.0,1,6.0,1.0,2.41,1.09,-1.09,49.0,,,,,
FF,2024-05-18,92.9,-1.26,7.34,"Yelich, Christian",592885,434378,field_out,hit_into_play,,,,,2.0,Christian Yelich flies out to right fielder Kyle Tucker.,R,L,R,HOU,MIL,X,9.0,fly_ball,2,0,2024,-0.57,1.68,-0.0650977096805731,3.387485256210576,,,,2,1,Top,213.72,100.37,,,,,4.244771814663068,-134.9076219223758,-7.855433539469195,-7.871115485514892,32.5730608806064,-10.20026027716169,3.28,1.64,324.0,90.2,41.0,91.6,2262.0,5.8,746389,673237,572138,514888,608324,665161,643289,676694,663656,54.66,0.008,0.016,0.0,1.0,0.0,0.0,3.0,3,3,4-Seam Fastball,0,0,0,0,0,0,0,0,Standard,Standard,203.0,0.014,-0.363,74.0,7.9,,0.029,0.363,90.2,0,0,0.534,0.466,41,32,41,33,1,0,6.0,1,6.0,1.0,1.0,0.57,-0.57,59.8,20.643821560167936,-17.910670655411653,29.83329451195812,38.051771625777725,40.42179902203014
CU,2024-05-18,76.5,-1.35,7.28,"Yelich, Christian",592885,434378,,ball,,,,,11.0,,R,L,R,HOU,MIL,B,,,1,0,2024,0.64,-1.18,-1.6587208607210644,2.846773100288572,,,,2,1,Top,,,,,,,-1.781331785817571,-111.2661555197574,-0.103471353858439,5.632806182222253,23.23270934347506,-42.08009854041922,3.17036566447875,1.49972938855376,,,,75.1,2616.0,5.7,746389,673237,572138,514888,608324,665161,643289,676694,663656,54.84,,,,,,,,3,2,Curveball,0,0,0,0,0,0,0,0,Standard,Standard,35.0,-0.003,0.068,,,,,-0.068,,0,0,0.537,0.463,41,32,41,33,1,0,6.0,1,6.0,1.0,5.13,-0.64,0.64,57.5,,,,,
FF,2024-05-18,93.1,-1.3,7.26,"Yelich, Christian",592885,434378,,ball,,,,,11.0,,R,L,R,HOU,MIL,B,,,0,0,2024,-0.89,1.45,-1.36353258592161,3.556563236668045,,,,2,1,Top,,,,,,,1.7876229880637895,-135.45374594887085,-6.813723161612975,-11.367130532341578,31.67388402233612,-13.034736790440224,3.19793710771248,1.53870388111518,,,,92.0,2364.0,5.8,746389,673237,572138,514888,608324,665161,643289,676694,663656,54.72,,,,,,,,3,1,4-Seam Fastball,0,0,0,0,0,0,0,0,Standard,Standard,205.0,-0.001,0.04,,,,,-0.04,,0,0,0.538,0.462,41,32,41,33,1,0,6.0,1,6.0,1.0,1.19,0.89,-0.89,56.5,,,,,
SI,2024-05-18,91.8,0.84,5.6,"Yelich, Christian",592885,656786,field_out,hit_into_play,,,,,12.0,"Christian Yelich grounds out, first baseman Jon Singleton to pitcher Parker Mushinski.",R,L,L,HOU,MIL,X,3.0,ground_ball,3,2,2024,0.76,1.18,1.0323805444388034,2.704063809044594,,,,0,8,Top,145.95,173.59,,,,,-1.1507576307447491,-133.7148395833357,-4.023827460730105,9.307120705939672,30.62926337669712,-17.3670954324023,3.28,1.64,11.0,67.6,-12.0,92.2,2558.0,6.6,746389,673237,572138,514888,608324,665161,643289,676694,663656,53.9,0.055,0.054,0.0,1.0,0.0,0.0,2.0,57,6,Sinker,2,4,4,2,4,2,4,2,Infield shade,Standard,168.0,0.015,-0.333,66.3,6.9,,0.096,0.333,88.0,-2,2,0.135,0.865,28,32,29,33,1,3,38.0,1,2.0,1.0,1.53,0.76,0.76,48.2,7.763819687729248,7.465085670819659,37.839392062825866,24.86622694991906,25.14910989582788
ST,2024-05-18,80.4,0.83,5.59,"Yelich, Christian",592885,656786,,ball,,,,,14.0,,R,L,L,HOU,MIL,B,,,2,2,2024,-1.75,0.1,0.1010381537150022,0.8301314759817697,,,,0,8,Top,,,,,,,1.7352383608257602,-116.96559342139304,-4.0003380818941805,-16.342378879941144,24.2458661057394,-30.666078021743505,3.26007785177673,1.63970640055883,,,,80.6,2593.0,6.7,746389,673237,572138,514888,608324,665161,643289,676694,663656,53.84,,,,,,,,57,5,Sweeper,2,4,4,2,4,2,4,2,Infield shade,Standard,301.0,-0.005,0.107,,,,,-0.107,,-2,2,0.14,0.86,28,32,29,33,1,3,38.0,1,2.0,1.0,3.46,-1.75,-1.75,44.7,,,,,
FF,2024-05-18,90.8,-2.34,4.52,"Yelich, Christian",592885,661527,walk,ball,,,,,11.0,Christian Yelich walks.,R,L,R,HOU,MIL,B,,,3,0,2024,-0.97,0.87,-1.053355063812862,3.675633093448552,,,,2,5,Top,,,,,,,5.446190217568115,-132.06403804341542,2.0541079797459454,-12.582161330818243,30.150483318925826,-22.748492055158504,3.21748322194249,1.60920055701826,,,,92.7,1994.0,7.6,746389,673237,572138,514888,608324,665161,643289,676694,663656,52.89,,0.689131,0.7,1.0,0.0,0.0,,36,4,4-Seam Fastball,1,4,4,1,4,1,4,1,Infield shade,Standard,242.0,-0.002,0.12,,,,,-0.12,,-3,3,0.181,0.819,29,32,30,33,1,2,3.0,1,2.0,1.0,1.91,0.97,-0.97,13.2,,,,,
FC,2024-05-18,88.1,0.75,5.73,"Yelich, Christian",592885,656786,,foul,,,,,8.0,,R,L,L,HOU,MIL,S,,,2,1,2024,-0.64,0.7,0.047740993336288,2.0429824446401272,,,,0,8,Top,,,,,,,-0.3932672994389587,-128.398834529043,-4.395078552100012,-7.018757365867501,24.68276503843349,-23.71759057597863,3.28,1.64,228.0,91.4,56.0,89.0,2673.0,6.6,746389,673237,572138,514888,608324,665161,643289,676694,663656,53.93,,,,,,,,57,4,Cutter,2,4,4,2,4,2,4,2,Standard,Standard,200.0,0.004,-0.069,74.7,7.9,,,0.069,91.4,-2,2,0.136,0.864,28,32,29,33,1,3,38.0,1,2.0,1.0,2.21,-0.64,-0.64,51.2,10.723073827647625,0.0704375758266717,38.78861660147953,37.66733113755403,33.64321375631126
FF,2024-05-18,91.6,-2.43,4.45,"Yelich, Christian",592885,661527,,ball,,,,,11.0,,R,L,R,HOU,MIL,B,,,2,0,2024,-1.17,0.92,-1.5945494804244342,2.626534100920637,,,,2,5,Top,,,,,,,4.728855072739968,-133.28087979273718,-0.6927170419251807,-14.987359350934751,29.60354984536213,-21.342229009070653,3.20862758929411,1.66890309572698,,,,92.8,1934.0,7.1,746389,673237,572138,514888,608324,665161,643289,676694,663656,53.39,,,,,,,,36,3,4-Seam Fastball,1,4,4,1,4,1,4,1,Infield shade,Standard,245.0,-0.002,0.109,,,,,-0.109,,-3,3,0.183,0.817,29,32,30,33,1,2,3.0,1,2.0,1.0,1.81,1.17,-1.17,8.6,,,,,
ST,2024-05-18,80.1,0.83,5.69,"Yelich, Christian",592885,656786,,ball,,,,,12.0,,R,L,L,HOU,MIL,B,,,1,1,2024,-1.53,0.04,0.1497045120149371,3.937272509431191,,,,0,8,Top,,,,,,,1.405677191084502,-116.59997979978044,2.839042546502317,-14.163053939858496,23.98902610541502,-32.64672042182884,3.21186807658651,1.62844363919437,,,,80.0,2632.0,6.4,746389,673237,572138,514888,608324,665161,643289,676694,663656,54.12,,,,,,,,57,3,Sweeper,2,4,4,2,4,2,4,2,Standard,Standard,301.0,-0.003,0.053,,,,,-0.053,,-2,2,0.139,0.861,28,32,29,33,1,3,38.0,1,2.0,1.0,3.54,-1.53,-1.53,47.7,,,,,
CH,2024-05-18,85.5,-2.31,4.63,"Yelich, Christian",592885,661527,,ball,,,,,13.0,,R,L,R,HOU,MIL,B,,,1,0,2024,-1.27,-0.53,-1.1723182382695192,0.434930640156665,,,,2,5,Top,,,,,,,5.310985465578908,-124.3276904168104,-2.478892699356797,-14.241406315387804,27.38611472938465,-37.31321039788097,3.24811954325125,1.63999650483355,,,,86.2,1622.0,7.0,746389,673237,572138,514888,608324,665161,643289,676694,663656,53.53,,,,,,,,36,2,Changeup,1,4,4,1,4,1,4,1,Infield shade,Standard,260.0,-0.001,0.068,,,,,-0.068,,-3,3,0.184,0.816,29,32,30,33,1,2,3.0,1,2.0,1.0,3.68,1.27,-1.27,14.7,,,,,
FC,2024-05-18,88.4,0.8,5.66,"Yelich, Christian",592885,656786,,called_strike,,,,,3.0,,R,L,L,HOU,MIL,S,,,1,0,2024,-0.63,0.85,0.6856745636444144,3.159619080038108,,,,0,8,Top,,,,,,,1.0406359045335447,-128.86247873060773,-1.8362593809236996,-7.24795024568372,25.379260888486563,-22.48102557748128,3.21172181561313,1.59457222029915,,,,88.9,2697.0,6.4,746389,673237,572138,514888,608324,665161,643289,676694,663656,54.12,,,,,,,,57,2,Cutter,2,4,4,2,4,2,4,2,Standard,Standard,198.0,0.003,-0.049,,,,,0.049,,-2,2,0.136,0.864,28,32,29,33,1,3,38.0,1,2.0,1.0,2.04,-0.63,-0.63,47.0,,,,,
ST,2024-05-18,79.4,-2.56,4.61,"Yelich, Christian",592885,661527,,ball,,,,,11.0,,R,L,R,HOU,MIL,B,,,0,0,2024,1.0,0.81,-1.331743901516658,2.4938875464833687,,,,2,5,Top,,,,,,,0.8210048705620565,-115.61800864765618,0.675976730258143,8.7819649656393,22.9938960310657,-25.300075370981173,3.18450175588627,1.50791325404447,,,,80.8,2377.0,7.4,746389,673237,572138,514888,608324,665161,643289,676694,663656,53.12,,,,,,,,36,1,Sweeper,1,4,4,1,4,1,4,1,Standard,Standard,108.0,-0.001,0.04,,,,,-0.04,,-3,3,0.185,0.815,29,32,30,33,1,2,3.0,1,2.0,1.0,2.82,-1.0,1.0,15.1,,,,,
FC,2024-05-18,89.1,0.71,5.72,"Yelich, Christian",592885,656786,,ball,,,,,13.0,,R,L,L,HOU,MIL,B,,,0,0,2024,-0.53,0.91,-1.1553071740355436,1.599955980908341,,,,0,8,Top,,,,,,,-3.4929276236733044,-129.78789174863658,-6.090812385677306,-5.314263559534673,25.401316897872043,-20.87647223333532,3.68419140520437,1.66425879684731,,,,90.0,2710.0,6.6,746389,673237,572138,514888,608324,665161,643289,676694,663656,53.86,,,,,,,,57,1,Cutter,2,4,4,2,4,2,4,2,Standard,Standard,190.0,-0.002,0.038,,,,,-0.038,,-2,2,0.138,0.862,28,32,29,33,1,3,38.0,1,2.0,1.0,1.94,-0.53,-0.53,51.8,,,,,
CH,2024-05-17,89.1,-1.63,6.12,"Yelich, Christian",592885,686613,strikeout,swinging_strike,,,,,13.0,Christian Yelich strikes out swinging.,R,L,R,HOU,MIL,S,2.0,,2,2,2024,-1.28,0.66,-1.022595931328961,1.3645889423540158,,,,2,5,Top,,,,,,,4.228803715430722,-129.42735560558273,-6.985470871505833,-15.261582475148858,31.459603155141757,-23.3246963510234,3.3,1.68,,,,89.3,1604.0,6.9,746388,605170,572138,514888,608324,665161,694388,676694,663656,53.61,,0.0,0.0,1.0,0.0,0.0,,37,6,Changeup,2,4,4,2,4,2,4,2,Standard,Standard,214.0,0.008,-0.219,70.6,9.0,3.941217084,,0.219,,-2,2,0.281,0.719,25,32,26,33,3,2,6.0,3,5.0,1.0,2.26,1.28,-1.28,50.9,28.00872625847056,-20.557622360250125,30.66758145206728,49.9568859065436,41.48709147573997
CH,2024-05-17,88.9,-1.97,6.08,"Yelich, Christian",592885,686613,,ball,,,,,13.0,,R,L,R,HOU,MIL,B,,,1,2,2024,-1.55,0.48,-0.905291962970014,0.3965458607788257,,,,2,5,Top,,,,,,,5.925538638074877,-129.01012360878835,-8.924724224201931,-18.50966921903797,27.99129718614576,-25.02255399918796,3.29105028803966,1.61380785787302,,,,89.6,1571.0,6.9,746388,605170,572138,514888,608324,665161,694388,676694,663656,53.55,,,,,,,,37,5,Changeup,2,4,4,2,4,2,4,2,Standard,Standard,223.0,-0.002,0.039,,,,,-0.039,,-2,2,0.283,0.717,25,32,26,33,3,2,6.0,3,5.0,1.0,2.43,1.55,-1.55,51.3,,,,,
CH,2024-05-17,89.8,-1.62,6.13,"Yelich, Christian",592885,686613,,ball,,,,,14.0,,R,L,R,HOU,MIL,B,,,0,2,2024,-1.28,0.97,0.2001764882030825,0.5216726911828387,,,,2,5,Top,,,,,,,7.251224523530036,-130.2455833709464,-9.902395684918266,-16.145512109544516,30.252858735752334,-19.121932741694675,3.36147021726142,1.57869379514213,,,,89.8,1651.0,6.7,746388,605170,572138,514888,608324,665161,694388,676694,663656,53.79,,,,,,,,37,4,Changeup,2,4,4,2,4,2,4,2,Standard,Standard,219.0,-0.001,0.023,,,,,-0.023,,-2,2,0.284,0.716,25,32,26,33,3,2,6.0,3,5.0,1.0,1.9,1.28,-1.28,51.5,,,,,
FF,2024-05-17,94.0,-1.5,6.54,"Yelich, Christian",592885,686613,,foul,,,,,11.0,,R,L,R,HOU,MIL,S,,,0,2,2024,-0.31,1.56,-0.3824994482215202,3.7551785566732487,,,,2,5,Top,,,,,,,3.5898731949310814,-136.6902477767626,-4.88565678026296,-4.698881277797393,34.72084919072427,-11.837893496829524,3.3,1.68,,,,93.5,2273.0,6.4,746388,605170,572138,514888,608324,665161,694388,676694,663656,54.12,,,,,,,,37,3,4-Seam Fastball,2,4,4,2,4,2,4,2,Standard,Standard,199.0,0.0,0.0,59.1,6.1,,,0.0,,-2,2,0.284,0.716,25,32,26,33,3,2,6.0,3,5.0,1.0,1.06,0.31,-0.31,63.2,-4.135318015909742,39.20172616260908,28.844806131570195,41.71854297798526,2.661260821528235
KC,2024-05-17,79.4,-1.57,6.47,"Yelich, Christian",592885,686613,,swinging_strike,,,,,8.0,,R,L,R,HOU,MIL,S,,,0,1,2024,0.63,-1.16,0.0243476187102146,1.5653158510083554,,,,2,5,Top,,,,,,,2.2804190760066194,-115.6119721990117,-1.7036019632884525,5.127770203001135,24.777347252997195,-42.32261442211892,3.3,1.68,,,,78.2,2493.0,5.8,746388,605170,572138,514888,608324,665161,694388,676694,663656,54.73,,,,,,,,37,2,Knuckle Curve,2,4,4,2,4,2,4,2,Standard,Standard,14.0,0.003,-0.058,67.6,8.8,0.989818284,,0.058,,-2,2,0.281,0.719,25,32,26,33,3,2,6.0,3,5.0,1.0,4.81,-0.63,0.63,68.0,26.932610278538892,-31.09579738613119,33.03971364402763,37.91899713484217,50.63341383716856
KC,2024-05-17,81.1,-1.44,6.44,"Yelich, Christian",592885,686613,,swinging_strike,,,,,13.0,,R,L,R,HOU,MIL,S,,,0,0,2024,-0.01,-1.26,-0.1441241649459322,1.5045768913779884,,,,2,5,Top,,,,,,,2.9374117743004744,-118.03704336217248,-1.8849991647647988,-0.7756436561617559,26.38335258784053,-43.58544995965927,3.3,1.68,,,,81.1,2429.0,6.6,746388,605170,572138,514888,608324,665161,694388,676694,663656,53.85,,,,,,,,37,1,Knuckle Curve,2,4,4,2,4,2,4,2,Standard,Standard,16.0,0.001,-0.041,78.4,8.6,3.292295196,,0.041,,-2,2,0.28,0.72,25,32,26,33,3,2,6.0,3,5.0,1.0,4.77,0.01,-0.01,69.1,28.976998031836786,-25.01941215214677,36.0605291771349,39.73185560749511,49.53810529142426
FF,2024-05-17,97.2,-1.23,6.44,"Yelich, Christian",592885,686613,field_out,hit_into_play,,,,,2.0,Christian Yelich flies out to left fielder Joey Loperfido.,R,L,R,HOU,MIL,X,7.0,fly_ball,2,2,2024,-0.36,1.55,0.0884871102991723,3.0986121360166,,687401.0,661388.0,2,3,Top,47.09,114.26,,,,,4.365813264508302,-141.25687665387858,-6.897315782209192,-5.9582878931231065,36.95126065102967,-10.07886613200828,3.3,1.68,286.0,94.1,50.0,96.8,2331.0,6.5,746388,605170,572138,514888,608324,665161,694388,676694,663656,54.03,0.003,0.003,0.0,1.0,0.0,0.0,3.0,21,5,4-Seam Fastball,2,1,1,2,1,2,1,2,Standard,Standard,200.0,0.043,-0.203,68.0,6.9,,0.004,0.203,94.1,1,-1,0.626,0.374,25,32,26,33,2,1,6.0,3,5.0,1.0,0.9,0.36,-0.36,63.9,7.430935906277795,11.497932251955737,30.814479407406303,36.73527883735588,24.81523583899961
CH,2024-05-17,87.5,-1.86,6.17,"Yelich, Christian",592885,686613,,called_strike,,,,,1.0,,R,L,R,HOU,MIL,S,,,2,1,2024,-1.26,0.54,-0.463797277104629,3.1745918637582458,,687401.0,661388.0,2,3,Top,,,,,,,5.97958338721433,-127.18006057043038,-2.120458226050741,-14.925045445206171,28.74710138625498,-26.083833728069852,3.24857648433036,1.63123317090299,,,,87.2,1417.0,6.4,746388,605170,572138,514888,608324,665161,694388,676694,663656,54.14,,,,,,,,21,4,Changeup,2,1,1,2,1,2,1,2,Standard,Standard,223.0,0.012,-0.102,,,,,0.102,,1,-1,0.614,0.386,25,32,26,33,2,1,6.0,3,5.0,1.0,2.47,1.26,-1.26,52.5,,,,,
FF,2024-05-17,95.7,-1.4,6.43,"Yelich, Christian",592885,686613,,ball,,,,,11.0,,R,L,R,HOU,MIL,B,,,1,1,2024,-0.27,1.48,-0.1518579974191269,4.037510307384983,,687401.0,661388.0,2,3,Top,,,,,,,3.91636275601853,-139.1798215372231,-3.977053909290679,-4.497626960438838,35.0999727140986,-12.398010621532125,3.28706513641069,1.66983091240874,,,,95.5,2372.0,6.5,746388,605170,572138,514888,608324,665161,694388,676694,663656,54.04,,,,,,,,21,3,4-Seam Fastball,2,1,1,2,1,2,1,2,Standard,Standard,193.0,-0.007,0.042,,,,,-0.042,,1,-1,0.621,0.379,25,32,26,33,2,1,6.0,3,5.0,1.0,1.04,0.27,-0.27,62.5,,,,,
FF,2024-05-17,96.1,-1.57,6.34,"Yelich, Christian",592885,686613,,foul,,,,,1.0,,R,L,R,HOU,MIL,S,,,1,0,2024,-0.25,1.67,-0.7079833794775812,3.0780211168360205,,687401.0,661388.0,2,3,Top,,,,,,,2.871132306490068,-139.71533560187692,-6.804531655235006,-3.974750851958409,35.851738463416474,-9.018184934347492,3.3,1.68,257.0,78.3,33.0,96.1,2435.0,6.6,746388,605170,572138,514888,608324,665161,694388,676694,663656,53.86,,,,,,,,21,2,4-Seam Fastball,2,1,1,2,1,2,1,2,Standard,Standard,200.0,0.007,-0.042,68.9,7.8,,,0.042,88.0,1,-1,0.614,0.386,25,32,26,33,2,1,6.0,3,5.0,1.0,0.83,0.25,-0.25,57.6,15.37641363083314,5.220965448553224,29.06773412897253,46.2005319845961,22.119836944534605
FC,2024-05-17,92.3,-1.54,6.42,"Yelich, Christian",592885,686613,,ball,,,,,12.0,,R,L,R,HOU,MIL,B,,,0,0,2024,0.37,0.75,0.3224903268102941,3.581401951187932,,687401.0,661388.0,2,3,Top,,,,,,,3.943705585396476,-134.34260997137793,-3.0148597334104243,3.607117774085386,30.96357707290783,-22.659142428113565,3.28726160508406,1.63424922857413,,,,92.4,2321.0,6.5,746388,605170,572138,514888,608324,665161,694388,676694,663656,54.03,,,,,,,,21,1,Cutter,2,1,1,2,1,2,1,2,Standard,Standard,168.0,-0.004,0.026,,,,,-0.026,,1,-1,0.618,0.382,25,32,26,33,2,1,6.0,3,5.0,1.0,1.94,-0.37,0.37,63.8,,,,,
CH,2024-05-17,90.8,-1.5,6.12,"Yelich, Christian",592885,686613,strikeout,swinging_strike,,,,,13.0,Christian Yelich strikes out swinging.,R,L,R,HOU,MIL,S,2.0,,1,2,2024,-1.2,0.57,-1.1248007518954488,1.0994474036361983,,,,2,1,Top,,,,,,,3.561917322143749,-131.9505559037346,-7.909493002049929,-14.753566808528069,30.377467769223088,-23.90146294831207,3.3,1.68,,,,91.7,1472.0,7.1,746388,605170,572138,514888,608324,665161,694388,676694,663656,53.42,,0.0,0.0,1.0,0.0,0.0,,3,4,Changeup,0,0,0,0,0,0,0,0,Strategic,Standard,223.0,0.007,-0.18,69.7,8.6,8.0693463,,0.18,,0,0,0.541,0.459,25,32,26,33,1,0,6.0,3,5.0,1.0,2.22,1.2,-1.2,52.5,26.241981755751667,-17.282831788172928,32.5632626782989,51.12953995516759,42.90910852916991
SL,2024-05-17,92.3,-1.56,6.27,"Yelich, Christian",592885,686613,,ball,,,,,14.0,,R,L,R,HOU,MIL,B,,,0,2,2024,0.4,0.54,1.490904254604562,1.250217258463577,,,,2,1,Top,,,,,,,6.93013922956396,-134.1242107410189,-8.149010917786844,3.3306644602937143,29.602242910069197,-24.08998879296914,3.30038676806886,1.73904684193624,,,,92.8,2398.0,6.7,746388,605170,572138,514888,608324,665161,694388,676694,663656,53.78,,,,,,,,3,3,Slider,0,0,0,0,0,0,0,0,Standard,Standard,141.0,-0.001,0.023,,,,,-0.023,,0,0,0.542,0.458,25,32,26,33,1,0,6.0,3,5.0,1.0,2.15,-0.4,0.4,57.9,,,,,
FF,2024-05-17,98.0,-1.58,6.34,"Yelich, Christian",592885,686613,,called_strike,,,,,3.0,,R,L,R,HOU,MIL,S,,,0,1,2024,-0.39,1.56,0.5956839496225881,2.88122995018694,,,,2,1,Top,,,,,,,6.83584015504387,-142.2665096915978,-7.455578977538763,-7.045191068991569,35.969135664096484,-9.455431607002096,3.29670011772789,1.700438576612,,,,98.2,2475.0,6.8,746388,605170,572138,514888,608324,665161,694388,676694,663656,53.72,,,,,,,,3,2,4-Seam Fastball,0,0,0,0,0,0,0,0,Standard,Standard,198.0,0.002,-0.058,,,,,0.058,,0,0,0.54,0.46,25,32,26,33,1,0,6.0,3,5.0,1.0,0.84,0.39,-0.39,57.8,,,,,
CH,2024-05-17,89.7,-1.48,6.19,"Yelich, Christian",592885,686613,,swinging_strike,,,,,13.0,,R,L,R,HOU,MIL,S,,,0,0,2024,-1.27,0.55,-0.3968469754641615,1.4056130075804534,,,,2,1,Top,,,,,,,5.421579985156679,-130.37788183211956,-7.008664777643162,-15.676206489898744,29.55133090111113,-24.548217382866227,3.3,1.68,,,,90.1,1638.0,6.8,746388,605170,572138,514888,608324,665161,694388,676694,663656,53.71,,,,,,,,3,1,Changeup,0,0,0,0,0,0,0,0,Standard,Standard,220.0,0.002,-0.041,73.8,8.8,8.106549588,,0.041,,0,0,0.538,0.462,25,32,26,33,1,0,6.0,3,5.0,1.0,2.31,1.27,-1.27,51.9,31.605239104627604,-31.836645336226606,32.10043304936938,41.81808358483351,52.05175764632165
SL,2024-05-17,84.3,-2.23,5.97,"Yelich, Christian",592885,650556,field_out,hit_into_play,,,,,2.0,"Christian Yelich grounds out, second baseman Jose Altuve to first baseman Jon Singleton.",R,L,R,HOU,MIL,X,4.0,ground_ball,0,0,2024,0.52,-0.38,-0.186423271009956,3.053530562808036,,,,0,8,Top,149.04,153.2,,,,,3.708594032389228,-122.75447364982816,0.387846495594053,4.442020118892568,25.464691542343644,-36.35707818547183,3.3,1.68,44.0,83.1,0.0,83.9,2764.0,6.1,746388,605170,572138,514888,608324,665161,643289,676694,663656,54.38,0.253,0.228,0.0,1.0,0.0,0.0,2.0,60,1,Slider,5,4,4,5,4,5,4,5,Standard,Standard,61.0,0.054,-0.254,65.4,7.5,,0.316,0.254,88.0,1,-1,0.745,0.255,27,32,27,33,1,3,3.0,3,2.0,1.0,3.6,-0.52,0.52,42.8,17.320789445508705,4.1493697076872085,24.819736387253595,39.47598821926795,24.70092325397915
SI,2024-05-14,94.2,-1.36,5.75,"Yelich, Christian",592885,682990,field_out,hit_into_play,,,,,7.0,"Christian Yelich grounds out, shortstop Oneil Cruz to first baseman Connor Joe.",R,L,R,MIL,PIT,X,6.0,ground_ball,1,0,2024,-1.0,0.33,-0.3857206812464439,1.6761548968104845,,,,1,5,Bot,118.21,125.25,,,,,4.760242913666068,-137.19216884413663,-5.681596248323378,-13.710523531414768,28.187489420032176,-26.970414685140327,3.31,1.68,129.0,104.4,4.0,94.7,2111.0,6.4,745989,518735,656582,693304,669707,665833,669261,572191,668804,54.12,0.579,0.542,0.0,1.0,0.0,0.0,4.0,40,2,Sinker,4,2,4,2,2,4,4,2,Standard,Standard,227.0,-0.013,-0.295,75.1,7.6,,0.655,0.295,104.4,2,2,0.799,0.799,23,32,24,33,3,2,7.0,1,19.0,3.0,2.22,1.0,-1.0,36.4,2.318633951382232,11.476910562500771,39.0365783877016,41.36321550762375,23.80764179426065
FF,2024-05-14,92.2,-1.23,5.78,"Yelich, Christian",592885,682990,,ball,,,,,12.0,,R,L,R,MIL,PIT,B,,,0,0,2024,-0.3,1.18,0.8472210543627837,3.910607982721767,,,,1,5,Bot,,,,,,,5.977164185231436,-134.19850074120228,-1.5496421868833408,-4.8863240162898,26.6857149185815,-17.654448316747164,3.29619226026524,1.67149105047559,,,,93.2,2298.0,6.7,745989,518735,656582,693304,669707,665833,669261,572191,668804,53.82,,,,,,,,40,1,4-Seam Fastball,4,2,4,2,2,4,4,2,Standard,Standard,216.0,0.002,0.039,,,,,-0.039,,2,2,0.797,0.797,23,32,24,33,3,2,7.0,1,19.0,3.0,1.48,0.3,-0.3,42.2,,,,,
SI,2024-05-14,92.8,-1.37,5.68,"Yelich, Christian",592885,682990,single,hit_into_play,,,,,4.0,Christian Yelich singles on a line drive to center fielder Michael A. Taylor. Jackson Chourio scores. Brice Turang to 3rd.,R,L,R,MIL,PIT,X,8.0,line_drive,1,0,2024,-1.19,0.24,-0.6828265062222958,2.2646936723285256,694192.0,,668930.0,2,2,Bot,144.08,105.2,,,,,4.367336634991151,-135.17324024383024,-3.5367777195517958,-15.574170139426856,27.76384007726996,-28.640858838590606,3.31,1.68,150.0,84.5,12.0,93.2,2133.0,6.3,745989,518735,656582,693304,669707,665833,669261,572191,668804,54.17,0.666,0.616,0.9,1.0,1.0,0.0,4.0,20,2,Sinker,3,0,3,0,0,4,4,0,Standard,Standard,226.0,0.056,0.587,73.2,7.7,,0.759,-0.587,88.0,3,3,0.822,0.822,23,32,24,33,2,1,7.0,1,19.0,3.0,2.39,1.19,-1.19,35.6,4.360822764714301,-2.792957002443867,33.8090706452636,44.283534676824246,31.05031907444668
CU,2024-05-14,79.5,-1.31,6.05,"Yelich, Christian",592885,682990,,ball,,,,,11.0,,R,L,R,MIL,PIT,B,,,0,0,2024,0.33,-0.52,-1.409429875407369,3.1654983262154315,694192.0,,668930.0,2,2,Bot,,,,,,,-0.8374179086904786,-115.82853433164296,1.3337125924339883,3.153113046263666,19.81133263233979,-37.29201959092118,3.24926650178451,1.65031646343041,,,,79.7,2506.0,6.2,745989,518735,656582,693304,669707,665833,669261,572191,668804,54.32,,,,,,,,20,1,Curveball,3,0,3,0,0,3,3,0,Standard,Standard,59.0,0.001,0.03,,,,,-0.03,,3,3,0.821,0.821,23,32,24,33,2,1,7.0,1,19.0,3.0,4.09,-0.33,0.33,47.2,,,,,
FF,2024-05-14,95.4,-1.11,5.92,"Yelich, Christian",592885,682990,strikeout,swinging_strike,,,,,4.0,Christian Yelich strikes out swinging.,R,L,R,MIL,PIT,S,2.0,,1,2,2024,-0.68,1.22,-0.3395647664931988,2.7714557985226955,668930.0,,661388.0,0,1,Bot,,,,,,,3.5640287497228087,-138.87877963711674,-5.385247053500584,-9.590849194377842,32.16787919791017,-15.396431554722868,3.31,1.68,,,,95.3,2256.0,6.3,745989,518735,656582,693304,669707,665833,669261,572191,668804,54.21,,0.0,0.0,1.0,0.0,0.0,,8,4,4-Seam Fastball,0,0,0,0,0,0,0,0,Standard,Standard,216.0,-0.036,-0.228,65.4,5.9,2.035396776,,0.228,,0,0,0.649,0.649,23,32,24,33,1,0,7.0,1,19.0,3.0,1.29,0.68,-0.68,42.6,-16.736519699704225,40.48815134483554,40.5318643846233,41.84714610820192,-1.1611646504839217
CH,2024-05-14,88.9,-1.26,5.71,"Yelich, Christian",592885,682990,,ball,,,,,13.0,,R,L,R,MIL,PIT,B,,,0,2,2024,-1.21,0.18,-1.2551754558601131,0.9548850663706429,668930.0,,661388.0,0,1,Bot,,,,,,,2.541904852390915,-129.31984640981932,-5.990220081182993,-14.037383244773771,28.225406539510494,-29.034315806113767,3.18671319123423,1.61529485190476,,,,89.0,1541.0,6.5,745989,518735,656582,693304,669707,665833,669261,572191,668804,54.01,,,,,,,,8,3,Changeup,0,0,0,0,0,0,0,0,Standard,Standard,243.0,0.005,-0.003,,,,,0.003,,0,0,0.644,0.644,23,32,24,33,1,0,7.0,1,19.0,3.0,2.71,1.21,-1.21,39.7,,,,,
SI,2024-05-14,95.1,-1.28,5.76,"Yelich, Christian",592885,682990,,foul,,,,,5.0,,R,L,R,MIL,PIT,S,,,0,1,2024,-1.24,0.25,-0.0619667876267129,2.3560372996667507,668930.0,,661388.0,0,1,Bot,,,,,,,5.986763273495142,-138.37963096943875,-3.8877480927240993,-17.20131667318699,28.955421672564405,-28.326380764394465,3.31,1.68,241.0,85.8,23.0,95.8,1999.0,6.5,745989,518735,656582,693304,669707,665833,669261,572191,668804,53.97,,,,,,,,8,2,Sinker,0,0,0,0,0,0,0,0,Standard,Standard,224.0,-0.012,-0.066,67.8,6.5,,,0.066,88.0,0,0,0.656,0.656,23,32,24,33,1,0,7.0,1,19.0,3.0,2.26,1.24,-1.24,39.0,-11.24955737531652,26.12763138122453,42.69709835676796,37.65477820299058,11.498160835222366
FF,2024-05-14,94.7,-1.12,5.97,"Yelich, Christian",592885,682990,,foul,,,,,3.0,,R,L,R,MIL,PIT,S,,,0,0,2024,-0.53,1.35,0.8048324021285014,3.287664129165136,668930.0,,661388.0,0,1,Bot,,,,,,,6.225949302349442,-137.78525623705124,-4.376662214213276,-8.113289064852534,30.380408237298152,-14.130588257847672,3.31,1.68,15.0,80.1,-10.0,95.1,2345.0,6.5,745989,518735,656582,693304,669707,665833,669261,572191,668804,53.99,,,,,,,,8,1,4-Seam Fastball,0,0,0,0,0,0,0,0,Standard,Standard,214.0,-0.008,-0.04,,,,,0.04,88.0,0,0,0.664,0.664,23,32,24,33,1,0,7.0,1,19.0,3.0,1.19,0.53,-0.53,45.3,,,,,
SL,2024-05-14,91.6,-1.51,5.96,"Yelich, Christian",592885,693312,double,hit_into_play,,,,,6.0,Christian Yelich doubles (2) on a fly ball to left fielder Jack Suwinski.,R,L,R,MIL,PIT,X,7.0,fly_ball,1,2,2024,0.43,0.18,0.4491649393382571,2.668895582897889,,,,1,7,Bot,54.22,134.92,,,,,4.099588765880542,-133.4729147345419,-2.94295537317619,4.372105426054746,25.312020285087936,-29.599213760821407,3.31,1.68,210.0,71.0,30.0,93.4,2446.0,7.0,745989,518735,656582,693304,669707,665833,669261,572191,668804,53.46,0.792,0.746,1.25,1.0,1.0,1.0,4.0,55,4,Slider,4,2,4,2,2,4,4,2,Strategic,Standard,147.0,0.023,0.731,71.0,6.6,,0.868,-0.731,88.0,2,2,0.874,0.874,25,32,25,33,1,3,2.0,1,7.0,3.0,2.5,-0.43,0.43,45.6,0.3783607421795847,18.18543429173321,37.77106007185132,31.580045578784052,19.808637626287627
FF,2024-05-14,98.7,-1.51,6.07,"Yelich, Christian",592885,693312,,foul,,,,,6.0,,R,L,R,MIL,PIT,S,,,1,1,2024,-0.83,1.48,0.4175415536683269,2.5540249905091787,,,,1,7,Bot,,,,,,,7.275527368356359,-143.49402353602747,-7.680412291024525,-13.15870112249948,32.549847058079045,-10.060777696398397,3.31,1.68,183.0,68.5,51.0,100.1,2447.0,7.0,745989,518735,656582,693304,669707,665833,669261,572191,668804,53.46,,,,,,,,55,3,4-Seam Fastball,4,2,4,2,2,4,4,2,Standard,Standard,210.0,-0.002,-0.061,71.3,6.8,,,0.061,88.0,2,2,0.876,0.876,25,32,25,33,1,3,2.0,1,7.0,3.0,0.86,0.83,-0.83,44.7,-2.514742255564047,16.224455442429637,39.85136567772221,31.702720596834496,20.25859418511391
CU,2024-05-14,84.0,-1.48,5.99,"Yelich, Christian",592885,693312,,called_strike,,,,,1.0,,R,L,R,MIL,PIT,S,,,1,0,2024,0.37,-0.99,-0.288395413733648,3.179946006686221,,,,1,7,Bot,,,,,,,2.048369811196962,-122.37569749669584,1.8418273216385768,3.3628701970422643,23.610569421978404,-42.662605947810256,3.24983632661252,1.62634316372802,,,,85.2,2524.0,7.0,745989,518735,656582,693304,669707,665833,669261,572191,668804,53.55,,,,,,,,55,2,Curveball,4,2,4,2,2,4,4,2,Standard,Standard,40.0,-0.001,-0.051,,,,,0.051,,2,2,0.877,0.877,25,32,25,33,1,3,2.0,1,7.0,3.0,4.2,-0.37,0.37,49.9,,,,,
FF,2024-05-14,98.0,-1.56,6.17,"Yelich, Christian",592885,693312,,ball,,,,,14.0,,R,L,R,MIL,PIT,B,,,0,0,2024,-0.73,1.48,0.8827810364934666,2.11906305615468,,,,1,7,Bot,,,,,,,8.389835128415056,-142.3114792799024,-9.011027137030588,-11.80996332258884,31.16890745699416,-10.085441862405805,3.28234156055579,1.67307734421309,,,,99.3,2326.0,7.0,745989,518735,656582,693304,669707,665833,669261,572191,668804,53.48,,,,,,,,55,1,4-Seam Fastball,4,2,4,2,2,4,4,2,Standard,Standard,218.0,0.001,0.039,,,,,-0.039,,2,2,0.876,0.876,25,32,25,33,1,3,2.0,1,7.0,3.0,0.89,0.73,-0.73,47.8,,,,,
SL,2024-05-13,88.8,-1.95,5.82,"Yelich, Christian",592885,656605,strikeout,foul_tip,,,,,14.0,Christian Yelich strikes out on a foul tip.,R,L,R,MIL,PIT,S,2.0,,0,2,2024,0.36,-0.02,0.0584632886940976,1.2055819145496471,,694192.0,661388.0,2,5,Bot,,,,,,,4.195244817840239,-129.28158667197854,-5.246714094816474,3.1769931056527607,25.535904526124696,-31.55937679188437,3.31,1.68,,,,89.3,2618.0,6.5,745991,518735,642133,693304,669707,665833,669261,572191,668804,54.03,,0.0,0.0,1.0,0.0,0.0,,43,4,Slider,0,3,0,3,3,0,0,3,Standard,Standard,96.0,-0.03,-0.186,76.7,7.9,,,0.186,,-3,-3,0.167,0.167,28,32,28,33,3,2,7.0,1,6.0,1.0,2.9,-0.36,0.36,40.6,7.8401928595068435,7.883077159977243,45.34667221073947,36.00688108013223,21.342192899992
FF,2024-05-13,97.4,-2.08,5.63,"Yelich, Christian",592885,656605,,foul,,,,,6.0,,R,L,R,MIL,PIT,S,,,0,2,2024,-0.82,1.1,0.6024384218514651,2.642423103235513,,694192.0,661388.0,2,5,Bot,,,,,,,9.14170259993093,-141.498069167269,-5.029536358797975,-13.10735965262791,32.305149873771214,-16.421679391141698,3.29912007433514,1.66928881218882,179.0,65.8,49.0,97.9,2527.0,6.7,745991,518735,642133,693304,669707,665833,669261,572191,668804,53.83,,,,,,,,43,3,4-Seam Fastball,0,3,0,3,3,0,0,3,Standard,Standard,217.0,0.0,0.0,70.9,6.7,,,0.0,88.0,-3,-3,0.167,0.167,28,32,28,33,3,2,7.0,1,6.0,1.0,1.31,0.82,-0.82,31.4,0.0310488896059882,14.500775909566045,40.82180583788757,29.58968690550376,19.743582565210648
FF,2024-05-13,96.4,-2.04,5.69,"Yelich, Christian",592885,656605,,swinging_strike,,,,,12.0,,R,L,R,MIL,PIT,S,,,0,1,2024,-0.72,1.0,0.6068815955226815,3.695274912269914,,694192.0,661388.0,2,5,Bot,,,,,,,8.713917609076224,-140.1822035231736,-2.015210676154501,-11.362292519072836,30.20420720757531,-18.757238068005996,3.31,1.68,,,,97.1,2517.0,6.6,745991,518735,642133,693304,669707,665833,669261,572191,668804,53.88,,,,,,,,43,2,4-Seam Fastball,0,3,0,3,3,0,0,3,Standard,Standard,215.0,-0.013,-0.046,33.7,4.9,2.021687472,,0.046,,-3,-3,0.18,0.18,28,32,28,33,3,2,7.0,1,6.0,1.0,1.45,0.72,-0.72,35.8,-17.26673867574819,43.34206919925523,42.7055486441609,28.62425618811482,5.552165172989156
CU,2024-05-13,79.0,-1.93,5.94,"Yelich, Christian",592885,656605,,called_strike,,,,,13.0,,R,L,R,MIL,PIT,S,,,0,0,2024,0.99,-1.19,-0.8983949592165258,2.1712051150216016,,694192.0,661388.0,2,5,Bot,,,,,,,0.4032266458767352,-115.05522803107326,0.8741986572534699,8.625555862629422,23.796312368995352,-43.06501937531196,3.18725050011052,1.5675179421063,,,,78.7,2689.0,6.3,745991,518735,642133,693304,669707,665833,669261,572191,668804,54.19,,,,,,,,43,1,Curveball,0,3,0,3,3,0,0,3,Standard,Standard,37.0,-0.007,-0.048,,,,,0.048,,-3,-3,0.187,0.187,28,32,28,33,3,2,7.0,1,6.0,1.0,4.87,-0.99,0.99,41.6,,,,,
ST,2024-05-13,84.7,-2.27,5.62,"Yelich, Christian",592885,656605,single,hit_into_play,,,,,5.0,Christian Yelich singles on a line drive to left fielder Jack Suwinski. William Contreras to 2nd.,R,L,R,MIL,PIT,X,7.0,line_drive,1,2,2024,1.23,-0.23,-0.0222884812964165,2.598149800876991,,,661388.0,2,3,Bot,97.69,112.52,,,,,2.7787517114435936,-123.37344730332124,-0.2164971952236829,11.95382722943479,26.286842618989077,-34.72805313022893,3.31,1.68,196.0,72.6,19.0,84.7,2921.0,6.4,745991,518735,642133,693304,669707,665833,669261,572191,668804,54.08,0.924,0.855,0.9,1.0,1.0,0.0,4.0,26,4,Sweeper,0,3,0,3,3,0,0,3,Strategic,Standard,61.0,0.03,0.431,69.4,7.2,,1.006,-0.431,88.0,-3,-3,0.201,0.201,28,32,28,33,2,1,7.0,1,6.0,1.0,3.42,-1.23,1.23,31.1,1.4480166059284307,14.19677462008282,35.40981989835147,36.24870734867167,22.756628612987395
FF,2024-05-13,94.2,-2.08,5.73,"Yelich, Christian",592885,656605,,called_strike,,,,,6.0,,R,L,R,MIL,PIT,S,,,1,1,2024,-0.43,1.43,0.7764304875212681,2.682557245448779,,,661388.0,2,3,Bot,,,,,,,8.406253119060947,-136.93498322309398,-5.416325833861063,-7.25108413241401,30.5418199514889,-13.13935786337398,3.27203992129533,1.54470266210217,,,,94.7,2532.0,6.6,745991,518735,642133,693304,669707,665833,669261,572191,668804,53.86,,,,,,,,26,3,4-Seam Fastball,0,3,0,3,3,0,0,3,Standard,Standard,215.0,-0.006,-0.06,,,,,0.06,,-3,-3,0.207,0.207,28,32,28,33,2,1,7.0,1,6.0,1.0,1.14,0.43,-0.43,36.1,,,,,
CH,2024-05-13,90.8,-2.06,5.78,"Yelich, Christian",592885,656605,,ball,,,,,11.0,,R,L,R,MIL,PIT,B,,,0,1,2024,-1.04,0.11,-0.1646013816725662,3.5310851479698613,,,661388.0,2,3,Bot,,,,,,,6.998395246093391,-132.12162380605366,0.0473540851430182,-13.70479924756011,27.410788855679822,-31.15855174979781,3.24207125691083,1.57921182775328,,,,91.2,2131.0,6.5,745991,518735,642133,693304,669707,665833,669261,572191,668804,54.0,,,,,,,,26,2,Changeup,0,3,0,3,3,0,0,3,Standard,Standard,237.0,0.002,0.032,,,,,-0.032,,-3,-3,0.205,0.205,28,32,28,33,2,1,7.0,1,6.0,1.0,2.65,1.04,-1.04,34.3,,,,,
FC,2024-05-13,91.8,-2.2,5.78,"Yelich, Christian",592885,656605,,called_strike,,,,,11.0,,R,L,R,MIL,PIT,S,,,0,0,2024,0.12,0.38,-0.23513353513107,3.42429173886163,,,661388.0,2,3,Bot,,,,,,,4.761765983488661,-133.7280650986894,-0.953497919615898,0.4337971718985291,28.04537810370264,-27.624571716851158,3.25401446028397,1.63165574850916,,,,92.6,2455.0,6.6,745991,518735,642133,693304,669707,665833,669261,572191,668804,53.87,,,,,,,,26,1,Cutter,0,3,0,3,3,0,0,3,Standard,Standard,188.0,-0.003,-0.047,,,,,0.047,,-3,-3,0.208,0.208,28,32,28,33,2,1,7.0,1,6.0,1.0,2.31,-0.12,0.12,34.8,,,,,
SL,2024-05-13,85.8,-1.46,5.72,"Yelich, Christian",592885,676702,strikeout,swinging_strike_blocked,,,,,14.0,"Christian Yelich strikes out swinging, catcher Yasmani Grandal to first baseman Rowdy Tellez.",R,L,R,MIL,PIT,S,2.0,,0,2,2024,0.66,0.33,0.2400746131450655,0.5624876614763554,655316.0,,,2,8,Bot,,,,,,,2.69486111860472,-124.87384552019564,-6.624706863903895,6.40715186269899,25.07483370153546,-27.593643623285047,3.31,1.68,,,,86.1,2714.0,6.5,745991,518735,642133,693304,669707,665833,669261,572191,668804,54.01,,0.0,0.0,1.0,0.0,0.0,,76,5,Slider,6,7,6,7,7,6,6,7,Standard,Standard,86.0,-0.07,-0.167,,,,,0.167,,-1,-1,0.235,0.235,27,32,28,33,1,4,2.0,1,4.0,1.0,2.76,-0.66,0.66,34.2,,,,,
FF,2024-05-13,97.1,-1.44,5.76,"Yelich, Christian",592885,676702,,foul,,,,,5.0,,R,L,R,MIL,PIT,S,,,0,2,2024,-0.55,1.0,-0.1628555470038601,2.3772477174034163,655316.0,,,2,8,Bot,,,,,,,4.690202300362543,-141.24367723027154,-5.817052095137629,-8.413701835192457,33.14166873032903,-17.59879031212844,3.31,1.68,198.0,74.0,22.0,97.3,2507.0,6.5,745991,518735,642133,693304,669707,665833,669261,572191,668804,54.0,,,,,,,,76,4,4-Seam Fastball,6,7,6,7,7,6,6,7,Standard,Standard,213.0,0.0,0.0,75.2,7.4,,,0.0,88.0,-1,-1,0.235,0.235,27,32,28,33,1,4,2.0,1,4.0,1.0,1.42,0.55,-0.55,32.8,5.573305508096444,13.069991284424813,37.89712047307567,39.60477713297223,20.353193468215643
FF,2024-05-13,95.8,-1.49,5.78,"Yelich, Christian",592885,676702,,foul,,,,,1.0,,R,L,R,MIL,PIT,S,,,0,2,2024,-0.14,1.25,-0.3067329616012082,2.8986398723278044,655316.0,,,2,8,Bot,,,,,,,3.434933381420211,-139.54289554017993,-4.850892450384412,-2.5905325979348977,31.10187090841797,-14.905530625516498,3.31,1.68,202.0,72.4,42.0,95.9,2442.0,6.3,745991,518735,642133,693304,669707,665833,669261,572191,668804,54.2,,,,,,,,76,3,4-Seam Fastball,6,7,6,7,7,6,6,7,Standard,Standard,205.0,0.0,0.0,70.5,7.1,,,0.0,88.0,-1,-1,0.235,0.235,27,32,28,33,1,4,2.0,1,4.0,1.0,1.22,0.14,-0.14,34.2,0.132427592544828,15.744629433600592,31.413266408007583,39.90708011858427,15.002708702817367
FF,2024-05-13,95.7,-1.2,5.87,"Yelich, Christian",592885,676702,,foul,,,,,14.0,,R,L,R,MIL,PIT,S,,,0,1,2024,-0.08,1.16,0.7406831616217743,1.5088564978692864,655316.0,,,2,8,Bot,,,,,,,5.3157965062625845,-139.1217522006256,-8.525365659727534,-2.2895131552920645,31.91938069702713,-15.321116123118296,3.31,1.68,2.0,90.9,-41.0,95.8,2704.0,6.4,745991,518735,642133,693304,669707,665833,669261,572191,668804,54.05,,,,,,,,76,2,4-Seam Fastball,6,7,6,7,7,6,6,7,Standard,Standard,204.0,-0.029,-0.058,73.6,8.2,,,0.058,90.9,-1,-1,0.264,0.264,27,32,28,33,1,4,2.0,1,4.0,1.0,1.33,0.08,-0.08,36.4,20.39173943750299,-0.5881082813002516,44.140092403155805,28.71575207551304,30.53142539029264
SI,2024-05-13,91.2,2.46,5.23,"Yelich, Christian",592885,676596,strikeout,called_strike,,,,,9.0,Christian Yelich called out on strikes.,R,L,L,MIL,PIT,S,2.0,,2,2,2024,1.51,-0.07,0.6449758667848648,1.5838074551109096,,655316.0,661388.0,1,7,Bot,,,,,,,-7.830187417620518,-132.60220971302095,-3.108520265083712,19.476082234314923,29.06517121612185,-32.512427742520515,3.18374758932459,1.58658366050448,,,,91.4,1762.0,6.5,745991,518735,642133,693304,669707,665833,669261,572191,668804,53.99,,0.0,0.0,1.0,0.0,0.0,,62,5,Sinker,0,5,0,5,5,0,0,5,Standard,Standard,114.0,-0.023,-0.212,,,,,0.212,,-5,-5,0.059,0.059,28,32,28,33,1,3,2.0,1,34.0,1.0,2.82,1.51,1.51,25.7,,,,,
FC,2024-05-13,91.2,-1.35,5.82,"Yelich, Christian",592885,676702,,foul,,,,,3.0,,R,L,R,MIL,PIT,S,,,0,0,2024,0.08,0.47,0.5407196396966524,2.952560129888474,655316.0,,,2,8,Bot,,,,,,,4.600939113059707,-132.8733174827401,-2.364898606127646,-0.033715763574797,27.26706462124692,-26.312732645518505,3.31,1.68,155.0,72.9,73.0,91.6,2675.0,6.4,745991,518735,642133,693304,669707,665833,669261,572191,668804,54.11,,,,,,,,76,1,Cutter,6,7,6,7,7,6,6,7,Standard,Standard,177.0,-0.017,-0.039,77.0,7.3,,,0.039,88.0,-1,-1,0.281,0.281,27,32,28,33,1,4,2.0,1,4.0,1.0,2.26,-0.08,0.08,34.5,16.5568250685652,-1.874459480829508,34.062938722307216,31.248466466463697,34.39636063211041
SI,2024-05-13,90.7,2.52,5.34,"Yelich, Christian",592885,676596,,foul,,,,,14.0,,R,L,L,MIL,PIT,S,,,2,1,2024,1.49,0.13,0.4131311006775795,1.5478055384507885,,655316.0,661388.0,1,7,Bot,,,,,,,-8.481709233792872,-131.7218902123559,-3.813456860784253,19.209967148686697,28.58252028427161,-30.02921996155572,3.31,1.68,,,,90.8,1803.0,6.5,745991,518735,642133,693304,669707,665833,669261,572191,668804,54.0,,,,,,,,62,4,Sinker,0,5,0,5,5,0,0,5,Standard,Standard,114.0,-0.008,-0.047,78.8,7.9,,,0.047,,-5,-5,0.067,0.067,28,32,28,33,1,3,2.0,1,34.0,1.0,2.66,1.49,1.49,30.0,16.370613199673297,-3.6015756477129237,41.42557081193932,32.072255151202626,30.054323524345897
SI,2024-05-13,90.8,2.55,5.24,"Yelich, Christian",592885,676596,,foul,,,,,13.0,,R,L,L,MIL,PIT,S,,,2,0,2024,1.36,0.08,-0.5701577182791948,1.473741706524002,,655316.0,661388.0,1,7,Bot,,,,,,,-10.738368220782784,-131.74132913513927,-3.634793404320236,18.168579849324523,28.293138244768237,-30.663132749340576,3.31,1.68,1.0,61.9,-46.0,90.9,1884.0,6.5,745991,518735,642133,693304,669707,665833,669261,572191,668804,53.96,,,,,,,,62,3,Sinker,0,5,0,5,5,0,0,5,Standard,Standard,112.0,-0.009,-0.067,74.5,8.0,,,0.067,88.0,-5,-5,0.076,0.076,28,32,28,33,1,3,2.0,1,34.0,1.0,2.71,1.36,1.36,26.7,14.68120033156115,8.145465046883526,37.99069897634881,44.33328630847477,26.53117338753698
FC,2024-05-13,88.2,2.52,5.35,"Yelich, Christian",592885,676596,,ball,,,,,13.0,,R,L,L,MIL,PIT,B,,,1,0,2024,0.23,0.45,-1.2199233531540563,1.471693113738671,,655316.0,661388.0,1,7,Bot,,,,,,,-9.628979509949785,-128.20681099711788,-4.3092892828892255,4.446273966255575,25.218887712294336,-26.531342638113838,3.25557858294567,1.62631789636868,,,,88.8,1942.0,6.6,745991,518735,642133,693304,669707,665833,669261,572191,668804,53.86,,,,,,,,62,2,Cutter,0,5,0,5,5,0,0,5,Standard,Standard,94.0,0.009,0.055,,,,,-0.055,,-5,-5,0.067,0.067,28,32,28,33,1,3,2.0,1,34.0,1.0,2.48,0.23,0.23,31.4,,,,,
FC,2024-05-13,87.8,2.48,5.43,"Yelich, Christian",592885,676596,,ball,,,,,13.0,,R,L,L,MIL,PIT,B,,,0,0,2024,0.26,0.44,-2.0761389556746077,1.6444901894539172,,655316.0,661388.0,1,7,Bot,,,,,,,-11.605548395738358,-127.472450313274,-3.980184956801956,5.055478806362499,24.612478434403016,-26.70357484936505,3.24054694032878,1.45077661470779,,,,88.4,1993.0,6.7,745991,518735,642133,693304,669707,665833,669261,572191,668804,53.85,,,,,,,,62,1,Cutter,0,5,0,5,5,0,0,5,Standard,Standard,98.0,0.004,0.03,,,,,-0.03,,-5,-5,0.063,0.063,28,32,28,33,1,3,2.0,1,34.0,1.0,2.51,0.26,0.26,39.0,,,,,
SI,2024-05-13,96.2,-2.18,5.59,"Yelich, Christian",592885,656605,strikeout,swinging_strike,,,,,4.0,Christian Yelich strikes out swinging.,R,L,R,MIL,PIT,S,2.0,,0,2,2024,-1.05,0.88,-0.5344487717002391,2.699836029286508,,,,2,1,Bot,,,,,,,6.7718805682381165,-139.8289362323917,-4.034522112515338,-15.323568724293938,33.45639335718322,-19.958568042745423,3.31,1.68,,,,96.3,2625.0,6.5,745991,518735,642133,693304,669707,665833,669261,572191,668804,53.98,,0.0,0.0,1.0,0.0,0.0,,9,3,Sinker,0,2,0,2,2,0,0,2,Standard,Standard,221.0,-0.007,-0.157,68.0,6.5,0.708136464,,0.157,,-2,-2,0.309,0.309,28,32,28,33,1,0,7.0,1,6.0,1.0,1.6,1.05,-1.05,29.3,-11.190615909155095,41.21913429647543,37.5129157819207,44.32761700546059,-1.134398386689555
FC,2024-05-13,93.4,-1.96,5.78,"Yelich, Christian",592885,656605,,foul,,,,,3.0,,R,L,R,MIL,PIT,S,,,0,1,2024,-0.04,1.11,0.5113328545015298,3.224017660626608,,,,2,1,Bot,,,,,,,6.5105617983835495,-135.94065861046323,-3.3183351235686875,-1.8252586138031104,27.882351948382556,-17.875280204894665,3.31,1.68,151.0,57.1,41.0,94.5,2565.0,6.8,745991,518735,642133,693304,669707,665833,669261,572191,668804,53.74,,,,,,,,9,2,Cutter,0,2,0,2,2,0,0,2,Standard,Standard,195.0,-0.002,-0.058,65.9,6.4,,,0.058,88.0,-2,-2,0.311,0.311,28,32,28,33,1,0,7.0,1,6.0,1.0,1.49,0.04,-0.04,39.3,-0.0369794837244397,22.36400170599201,37.755255571557655,30.896612317531705,19.01086969379918
FF,2024-05-13,95.9,-2.05,5.7,"Yelich, Christian",592885,656605,,called_strike,,,,,4.0,,R,L,R,MIL,PIT,S,,,0,0,2024,-0.82,1.12,-0.319829729571912,2.427361982475671,,,,2,1,Bot,,,,,,,6.455387507159124,-139.5074878456594,-5.622515579441596,-12.099571671755196,30.711062173661364,-16.4167775626756,3.33019435071494,1.65825332846147,,,,96.6,2412.0,6.6,745991,518735,642133,693304,669707,665833,669261,572191,668804,53.87,,,,,,,,9,1,4-Seam Fastball,0,2,0,2,2,0,0,2,Standard,Standard,216.0,-0.002,-0.041,,,,,0.041,,-2,-2,0.313,0.313,28,32,28,33,1,0,7.0,1,6.0,1.0,1.35,0.82,-0.82,34.4,,,,,
CH,2024-05-12,86.0,-3.12,5.9,"Yelich, Christian",592885,571945,single,hit_into_play,,,,,8.0,Christian Yelich singles on a sharp line drive to right fielder Lars Nootbaar. William Contreras to 2nd.,R,L,R,MIL,STL,X,9.0,line_drive,1,0,2024,-1.12,0.48,-0.0908452654991562,1.9110593872633967,,,661388.0,2,5,Bot,167.0,123.94,,,,,9.468060253669156,-124.91304161794028,-4.192252219667665,-13.591116471822875,24.415874245249,-26.51395590645435,3.32,1.69,211.0,100.4,13.0,86.3,1791.0,6.5,745990,671056,502671,669357,680977,543063,676475,672279,663457,53.99,0.921,0.901,0.9,1.0,1.0,0.0,4.0,46,2,Changeup,3,2,3,2,2,3,3,2,Infield shade,Standard,231.0,0.018,0.324,77.0,8.1,,1.144,-0.324,100.4,1,1,0.684,0.684,35,32,36,33,3,2,5.0,2,6.0,1.0,2.61,1.12,-1.12,34.9,16.878131561151832,-6.742304292379603,39.07837076265743,38.7004177101604,34.517444778939776
FF,2024-05-12,92.7,-2.81,6.34,"Yelich, Christian",592885,571945,,ball,,,,,12.0,,R,L,R,MIL,STL,B,,,0,0,2024,-0.27,1.22,0.7566038414213372,4.50762583942141,,,661388.0,2,5,Bot,,,,,,,9.656627632357743,-134.65872487925404,-1.539274262747931,-5.3800939461168,29.152195436189828,-17.155943699918392,3.22614827325222,1.68460630673481,,,,92.3,2293.0,6.2,745990,671056,502671,669357,680977,543063,676475,672279,663457,54.35,,,,,,,,46,1,4-Seam Fastball,3,2,3,2,2,3,3,2,Infield shade,Standard,215.0,0.002,0.034,,,,,-0.034,,1,1,0.682,0.682,35,32,36,33,3,2,5.0,2,6.0,1.0,1.44,0.27,-0.27,41.0,,,,,
SL,2024-05-12,84.6,-2.32,6.42,"Yelich, Christian",592885,571945,single,hit_into_play,,,,,8.0,Christian Yelich singles on a sharp line drive to right fielder Lars Nootbaar.,R,L,R,MIL,STL,X,9.0,line_drive,0,0,2024,0.64,0.19,-0.1197411562767779,2.1722024946866445,,,,1,3,Bot,172.17,123.02,,,,,3.844045198291016,-123.07739444009115,-3.8796947741233936,5.611757199785574,26.86877399798142,-29.621985197487643,3.32,1.69,168.0,108.3,9.0,84.1,2227.0,6.2,745990,671056,502671,669357,680977,543063,676475,672279,663457,54.31,0.784,0.751,0.9,1.0,1.0,0.0,4.0,29,1,Slider,3,1,3,1,1,3,3,1,Standard,Standard,179.0,0.017,0.422,79.0,8.1,,0.971,-0.422,108.3,2,2,0.749,0.749,35,32,36,33,2,1,5.0,2,6.0,1.0,3.02,-0.64,0.64,44.0,20.02774815547457,-5.543984829986909,36.930240779063645,38.99774818811053,36.37011039056141
ST,2024-05-12,82.2,1.3,5.25,"Yelich, Christian",592885,668941,strikeout,called_strike,,,,,8.0,Christian Yelich called out on strikes.,R,L,L,MIL,STL,S,2.0,,2,2,2024,-0.65,0.05,0.1591320895448561,1.9055407840787697,,,,0,8,Bot,,,,,,,-1.3031558079957106,-119.7462958051865,-1.1014674755116505,-5.944029888356454,24.755271552416477,-31.717673455310056,3.28597042735137,1.71477632716124,,,,81.1,2649.0,5.6,745990,671056,502671,669357,680977,543063,666185,672279,663457,54.89,,0.0,0.0,1.0,0.0,0.0,,69,5,Sweeper,3,4,3,4,4,3,3,4,Infield shade,Standard,305.0,-0.054,-0.227,,,,,0.227,,-1,-1,0.299,0.299,27,32,28,33,1,3,1.0,2,2.0,1.0,3.34,-0.65,-0.65,34.5,,,,,
ST,2024-05-12,83.2,1.39,5.3,"Yelich, Christian",592885,668941,,ball,,,,,13.0,,R,L,L,MIL,STL,B,,,1,2,2024,-1.03,-0.08,-2.5344142141910835,0.5695983511474334,,,,0,8,Bot,,,,,,,-6.890728766510215,-120.94423367514489,-4.10425460497457,-8.502298774175339,26.91458929978572,-32.280337684349035,3.31580369138499,1.59488196274696,,,,81.8,2825.0,5.7,745990,671056,502671,669357,680977,543063,666185,672279,663457,54.78,,,,,,,,69,4,Sweeper,3,4,3,4,4,3,3,4,Infield shade,Standard,302.0,0.01,0.04,,,,,-0.04,,-1,-1,0.289,0.289,27,32,28,33,1,3,1.0,2,2.0,1.0,3.42,-1.03,-1.03,33.2,,,,,
SI,2024-05-12,93.2,1.38,5.29,"Yelich, Christian",592885,668941,,called_strike,,,,,3.0,,R,L,L,MIL,STL,S,,,1,1,2024,1.53,0.67,0.8044856240768574,3.255896771368968,,,,0,8,Bot,,,,,,,-4.747455385299891,-135.65577816531265,-0.9031314683019068,19.87282777578056,30.707972896115745,-23.960447159186927,3.34563312391319,1.64093017198702,,,,91.8,2078.0,5.5,745990,671056,502671,669357,680977,543063,666185,672279,663457,54.99,,,,,,,,69,3,Sinker,3,4,3,4,4,3,3,4,Standard,Standard,123.0,-0.016,-0.056,,,,,0.056,,-1,-1,0.305,0.305,27,32,28,33,1,3,1.0,2,2.0,1.0,1.96,1.53,1.53,30.2,,,,,
ST,2024-05-12,82.8,1.55,5.29,"Yelich, Christian",592885,668941,,swinging_strike,,,,,13.0,,R,L,L,MIL,STL,S,,,1,0,2024,-1.18,0.22,-1.0405099190210907,2.0982928900183158,,,,0,8,Bot,,,,,,,-3.5529432061339543,-120.48824194716607,-1.1041299132474345,-10.513083500956055,27.43775237639645,-30.0792368442077,3.32,1.69,,,,81.1,2803.0,5.5,745990,671056,502671,669357,680977,543063,666185,672279,663457,54.99,,,,,,,,69,2,Sweeper,3,4,3,4,4,3,3,4,Standard,Standard,293.0,-0.013,-0.049,71.3,8.0,1.088904312,,0.049,,-1,-1,0.318,0.318,27,32,28,33,1,3,1.0,2,2.0,1.0,3.15,-1.18,-1.18,31.8,12.33450141532284,-1.5301619987848802,34.711358685380176,50.9719724018121,28.436469196128986
SI,2024-05-12,92.7,1.56,5.25,"Yelich, Christian",592885,668941,,ball,,,,,14.0,,R,L,L,MIL,STL,B,,,0,0,2024,1.38,0.27,1.5419931542494745,2.452663268642425,,,,0,8,Bot,,,,,,,-2.9958609504532103,-135.07650915444844,-1.937970456007832,17.521574216353553,29.57357784676862,-28.70405392243799,3.34549462598744,1.71457717604822,,,,91.5,1991.0,5.5,745990,671056,502671,669357,680977,543063,666185,672279,663457,55.03,,,,,,,,69,1,Sinker,3,4,3,4,4,3,3,4,Standard,Standard,124.0,0.01,0.038,,,,,-0.038,,-1,-1,0.308,0.308,27,32,28,33,1,3,1.0,2,2.0,1.0,2.38,1.38,1.38,28.4,,,,,
SI,2024-05-12,91.9,-1.69,6.56,"Yelich, Christian",592885,571945,walk,ball,,,,,3.0,Christian Yelich walks. William Contreras to 2nd.,R,L,R,MIL,STL,B,,,3,2,2024,-1.16,0.95,0.8262069582859801,3.131118446715329,,,661388.0,1,1,Bot,,,,,,,8.906446290118636,-133.4685004696578,-4.847761984078584,-15.837120686732597,29.984073968270643,-19.998684201335195,3.27213223558751,1.72594287469412,,,,91.8,2200.0,6.4,745990,671056,502671,669357,680977,543063,676475,672279,663457,54.09,,0.689131,0.7,1.0,0.0,0.0,,8,6,Sinker,0,0,0,0,0,0,0,0,Standard,Standard,200.0,0.031,0.259,,,,,-0.259,,0,0,0.556,0.556,35,32,36,33,1,0,5.0,2,6.0,1.0,1.77,1.16,-1.16,48.7,,,,,
CH,2024-05-12,87.6,-1.81,6.43,"Yelich, Christian",592885,571945,,blocked_ball,,,,,13.0,,R,L,R,MIL,STL,B,,,2,2,2024,-1.07,1.02,-0.3874291434177852,0.6382657850848206,,,661388.0,1,1,Bot,,,,,,,5.632947607815057,-127.09671566541616,-9.899078511357905,-12.715849728036448,26.075496284621803,-19.26767982996071,3.32530918420582,1.4354917409834,,,,87.4,1752.0,6.3,745990,671056,502671,669357,680977,543063,676475,672279,663457,54.15,,,,,,,,8,5,Changeup,0,0,0,0,0,0,0,0,Standard,Standard,220.0,0.009,0.077,,,,,-0.077,,0,0,0.547,0.547,35,32,36,33,1,0,5.0,2,6.0,1.0,1.97,1.07,-1.07,45.7,,,,,
FF,2024-05-12,94.3,-1.64,6.71,"Yelich, Christian",592885,571945,,ball,,,,,12.0,,R,L,R,MIL,STL,B,,,1,2,2024,-0.35,1.07,1.226826738565278,3.445121105839536,,,661388.0,1,1,Bot,,,,,,,8.202347363455893,-137.0070760244588,-5.14927703733017,-6.26775006673282,29.96561737289192,-17.725945832522864,3.26622201914435,1.44086741764115,,,,93.9,2274.0,6.1,745990,671056,502671,669357,680977,543063,676475,672279,663457,54.41,,,,,,,,8,4,4-Seam Fastball,0,0,0,0,0,0,0,0,Standard,Standard,202.0,0.005,0.048,,,,,-0.048,,0,0,0.542,0.542,35,32,36,33,1,0,5.0,2,6.0,1.0,1.5,0.35,-0.35,50.1,,,,,
CU,2024-05-12,77.2,-1.64,6.63,"Yelich, Christian",592885,571945,,blocked_ball,,,,,14.0,,R,L,R,MIL,STL,B,,,0,2,2024,0.57,-1.23,1.835839938277824,-0.2420155213229424,,,661388.0,1,1,Bot,,,,,,,6.35551060142288,-112.20098495945822,-5.342014399759439,3.50327700226146,22.307861532856137,-41.676453671663445,3.29485887062978,1.43735452371875,,,,76.9,2475.0,6.3,745990,671056,502671,669357,680977,543063,676475,672279,663457,54.17,,,,,,,,8,3,Curveball,0,0,0,0,0,0,0,0,Standard,Standard,29.0,0.003,0.022,,,,,-0.022,,0,0,0.539,0.539,35,32,36,33,1,0,5.0,2,6.0,1.0,5.1,-0.57,0.57,53.6,,,,,
FF,2024-05-12,93.2,-1.84,6.61,"Yelich, Christian",592885,571945,,foul,,,,,6.0,,R,L,R,MIL,STL,S,,,0,1,2024,-0.49,1.16,0.581760219275852,2.500797794452395,,,661388.0,1,1,Bot,,,,,,,7.272196415005785,-135.36128107141414,-7.276355916003782,-7.720635474579827,31.074024225575847,-16.513942318233074,3.32,1.69,11.0,98.4,-13.0,92.7,2315.0,6.2,745990,671056,502671,669357,680977,543063,676475,672279,663457,54.28,,,,,,,,8,2,4-Seam Fastball,0,0,0,0,0,0,0,0,Standard,Standard,206.0,-0.008,-0.052,73.8,7.4,,,0.052,98.4,0,0,0.547,0.547,35,32,36,33,1,0,5.0,2,6.0,1.0,1.49,0.49,-0.49,49.8,15.444809295989286,-7.967823355888873,39.47950849930478,29.36799119483394,34.43955927787288
CU,2024-05-12,74.3,-1.73,6.75,"Yelich, Christian",592885,571945,,called_strike,,,,,5.0,,R,L,R,MIL,STL,S,,,0,0,2024,0.53,-1.29,0.0483965145148313,1.947234943951603,,,661388.0,1,1,Bot,,,,,,,2.696760693184092,-108.08060285873722,-0.2615867328445833,3.615901372530276,20.85218422866461,-42.38909242052701,3.25320238160117,1.26707820835072,,,,73.9,2497.0,6.3,745990,671056,502671,669357,680977,543063,676475,672279,663457,54.24,,,,,,,,8,1,Curveball,0,0,0,0,0,0,0,0,Standard,Standard,332.0,-0.004,-0.04,,,,,0.04,,0,0,0.551,0.551,35,32,36,33,1,0,5.0,2,6.0,1.0,5.46,-0.53,0.53,55.7,,,,,
FF,2024-05-10,90.4,-3.28,5.59,"Yelich, Christian",592885,458681,single,hit_into_play,,,,,9.0,Christian Yelich singles on a sharp line drive to right fielder Dylan Carlson. William Contreras to 3rd.,R,L,R,MIL,STL,X,9.0,line_drive,1,0,2024,-0.34,0.57,0.3037858585616567,1.9718010041428216,,661388.0,,0,4,Bot,175.47,83.44,,,,,9.663959083332832,-131.406880032317,-4.3160799381550685,-5.92884652826976,26.13967602487719,-24.84336632929161,3.32,1.7,261.0,109.3,14.0,90.7,2637.0,6.4,745993,671056,502671,665877,571448,691026,663457,672279,666185,54.13,0.737,0.802,0.9,1.0,1.0,0.0,5.0,25,2,4-Seam Fastball,0,0,0,0,0,0,0,0,Strategic,Standard,207.0,0.065,0.479,75.0,7.7,,1.157,-0.479,109.3,0,0,0.637,0.637,37,32,37,33,2,1,6.0,1,5.0,2.0,2.21,0.34,-0.34,32.8,9.2880136893821,2.8416512281880766,41.15820015496363,33.899981323130646,28.985182456833023
FF,2024-05-10,90.3,-3.29,5.56,"Yelich, Christian",592885,458681,,ball,,,,,14.0,,R,L,R,MIL,STL,B,,,0,0,2024,-0.42,0.63,0.9421417972912596,2.1152905213023105,,661388.0,,0,4,Bot,,,,,,,11.448684135663322,-131.09010721817958,-3.980108293632841,-7.127897782973205,26.171012923982357,-24.274586441382453,3.2518643983783,1.57854242205177,,,,90.7,2638.0,6.6,745993,671056,502671,665877,571448,691026,663457,672279,666185,53.94,,,,,,,,25,1,4-Seam Fastball,0,0,0,0,0,0,0,0,Standard,Standard,204.0,0.003,0.038,,,,,-0.038,,0,0,0.634,0.634,37,32,37,33,2,1,6.0,1,5.0,2.0,2.17,0.42,-0.42,31.2,,,,,
FF,2024-05-10,95.0,-1.55,5.69,"Yelich, Christian",592885,681517,strikeout,swinging_strike,,,,,1.0,Christian Yelich strikes out swinging.,R,L,R,MIL,STL,S,2.0,,1,2,2024,-0.29,1.44,-0.3118920915200635,2.8992353347239725,,,661388.0,0,7,Bot,,,,,,,3.982575638122957,-138.33381696132497,-5.0015938184454445,-4.624418023806613,30.828979107517757,-12.73493926317862,3.32,1.7,,,,97.1,2251.0,7.4,745993,671056,502671,665877,571448,691026,663457,672279,666185,53.06,,0.0,0.0,1.0,0.0,0.0,,55,7,4-Seam Fastball,7,1,7,1,1,7,7,1,Infield shade,Standard,207.0,-0.001,-0.184,73.2,7.0,0.985910784,,0.184,,6,6,0.994,0.994,27,32,27,33,1,3,3.0,1,3.0,2.0,1.08,0.29,-0.29,45.7,0.7970309091704713,19.44210357630793,32.01923071140731,41.19344816434265,15.209712749710576
CU,2024-05-10,81.9,-1.42,5.83,"Yelich, Christian",592885,681517,,foul,,,,,4.0,,R,L,R,MIL,STL,S,,,1,2,2024,0.85,-1.02,-0.6806132202364452,2.3306121447796677,,,661388.0,0,7,Bot,,,,,,,0.0217168206688305,-119.31815047338704,0.6646308547154978,8.128325429268497,23.650026405006592,-42.28670748208819,3.32,1.7,,,,83.1,2362.0,7.1,745993,671056,502671,665877,571448,691026,663457,672279,666185,53.43,,,,,,,,55,6,Curveball,7,1,7,1,1,7,7,1,Infield shade,Standard,37.0,0.0,0.0,68.7,8.4,,,0.0,,6,6,0.994,0.994,27,32,27,33,1,3,3.0,1,3.0,2.0,4.42,-0.85,0.85,49.9,23.729979413465948,-10.13889621159677,27.58933812777618,46.12797040575147,34.931023752041725
CH,2024-05-10,89.5,-1.58,5.62,"Yelich, Christian",592885,681517,,foul,,,,,13.0,,R,L,R,MIL,STL,S,,,1,2,2024,-1.19,0.49,-0.9245637800925636,2.167365880568668,,,661388.0,0,7,Bot,,,,,,,4.214644193772858,-130.27578055999868,-3.617337018420177,-14.464517401731923,26.681079413807737,-26.06270895950499,3.32,1.7,203.0,74.4,55.0,91.1,1623.0,7.2,745993,671056,502671,665877,571448,691026,663457,672279,666185,53.29,,,,,,,,55,5,Changeup,7,1,7,1,1,7,7,1,Infield shade,Standard,224.0,0.0,0.0,74.9,7.9,,,0.0,88.0,6,6,0.994,0.994,27,32,27,33,1,3,3.0,1,3.0,2.0,2.35,1.19,-1.19,38.7,6.827768954866827,6.066604085599298,32.78030642268531,48.546598074840006,21.69478566294005
CU,2024-05-10,81.8,-1.49,5.81,"Yelich, Christian",592885,681517,,foul,,,,,13.0,,R,L,R,MIL,STL,S,,,1,2,2024,0.68,-0.93,-1.313636519961987,1.840834076182508,,,661388.0,0,7,Bot,,,,,,,-0.9293132210495488,-119.17178550967785,-0.5574261264452216,6.65064878286602,23.92874873063722,-41.164957340974006,3.32,1.7,1.0,52.9,-57.0,83.0,2347.0,7.1,745993,671056,502671,665877,571448,691026,663457,672279,666185,53.36,,,,,,,,55,4,Curveball,7,1,7,1,1,7,7,1,Infield shade,Standard,30.0,0.0,0.0,70.2,8.3,,,0.0,88.0,6,6,0.994,0.994,27,32,27,33,1,3,3.0,1,3.0,2.0,4.35,-0.68,0.68,48.5,8.622400688231092,-2.701988830916985,32.069503419968775,53.14168142643537,27.970162599177645
FF,2024-05-10,94.7,-1.49,5.71,"Yelich, Christian",592885,681517,,called_strike,,,,,3.0,,R,L,R,MIL,STL,S,,,1,1,2024,-0.18,1.51,0.3898838431257921,2.900018002824567,,,661388.0,0,7,Bot,,,,,,,5.436235853200255,-137.7840335531106,-5.142122269814356,-3.4899460962236684,31.1152787821565,-12.000726500607213,3.30654711533207,1.62904291980686,,,,96.7,2341.0,7.5,745993,671056,502671,665877,571448,691026,663457,672279,666185,53.02,,,,,,,,55,3,4-Seam Fastball,7,1,7,1,1,7,7,1,Infield shade,Standard,206.0,0.0,-0.049,,,,,0.049,,6,6,0.994,0.994,27,32,27,33,1,3,3.0,1,3.0,2.0,1.04,0.18,-0.18,47.3,,,,,
FF,2024-05-10,94.5,-1.5,5.75,"Yelich, Christian",592885,681517,,swinging_strike,,,,,2.0,,R,L,R,MIL,STL,S,,,1,0,2024,-0.09,1.55,0.1742332017371128,2.981388210577907,,,661388.0,0,7,Bot,,,,,,,4.659225960257767,-137.487201200138,-5.062540654400492,-2.256075976310027,31.426372105489897,-11.619342743255038,3.32,1.7,,,,96.4,2287.0,7.4,745993,671056,502671,665877,571448,691026,663457,672279,666185,53.06,,,,,,,,55,2,4-Seam Fastball,7,1,7,1,1,7,7,1,Infield shade,Standard,205.0,0.0,-0.049,75.6,7.2,1.28494518,,0.049,,6,6,0.994,0.994,27,32,27,33,1,3,3.0,1,3.0,2.0,1.01,0.09,-0.09,48.0,12.220403471501928,10.8955700770457,34.95298136874808,35.443363469952715,21.44660431772953
ST,2024-05-10,83.4,-1.82,5.69,"Yelich, Christian",592885,681517,,ball,,,,,11.0,,R,L,R,MIL,STL,B,,,0,0,2024,1.1,0.21,-0.9820795863517104,3.3988666930487668,,,661388.0,0,7,Bot,,,,,,,-0.2399472330430798,-121.49102371117505,0.7818795203470583,10.951814142229722,23.634810675655,-30.44807352112272,3.28274617431564,1.68676571676345,,,,84.9,2507.0,7.2,745993,671056,502671,665877,571448,691026,663457,672279,666185,53.33,,,,,,,,55,1,Sweeper,7,1,7,1,1,7,7,1,Infield shade,Standard,82.0,0.0,0.041,,,,,-0.041,,6,6,0.994,0.994,27,32,27,33,1,3,3.0,1,3.0,2.0,3.06,-1.1,1.1,41.4,,,,,
SI,2024-05-10,90.6,-3.35,5.44,"Yelich, Christian",592885,458681,field_out,hit_into_play,,,,,13.0,"Christian Yelich grounds out softly, pitcher Lance Lynn to first baseman Paul Goldschmidt.",R,L,R,MIL,STL,X,1.0,ground_ball,1,0,2024,-1.02,0.59,-0.6823702832029319,1.4223152329426445,,,,2,1,Bot,119.38,180.99,,,,,8.875342994067218,-131.74482742059956,-5.418672112618563,-13.71122478412929,25.48200894415617,-24.372842022186187,3.32,1.7,1.0,58.9,-51.0,91.3,2453.0,6.5,745993,671056,502671,665877,571448,691026,663457,672279,666185,53.95,0.281,0.289,0.0,1.0,0.0,0.0,1.0,6,2,Sinker,0,0,0,0,0,0,0,0,Infield shade,Standard,218.0,-0.011,-0.295,76.5,8.8,,0.283,0.295,88.0,0,0,0.511,0.511,37,32,37,33,1,0,6.0,1,5.0,2.0,2.17,1.02,-1.02,29.6,25.745741808934287,-9.77115875391216,36.98226498408534,46.26153966423499,38.66508952561655
SI,2024-05-10,90.5,-3.37,5.5,"Yelich, Christian",592885,458681,,ball,,,,,13.0,,R,L,R,MIL,STL,B,,,0,0,2024,-1.1,0.49,-0.5303442685277666,0.9424147889178875,,,,2,1,Bot,,,,,,,9.44252202473249,-131.41372695081742,-6.501524607770421,-14.693061271578191,25.804127972771223,-25.334228773180417,3.21151609057291,1.62608929226485,,,,90.9,2399.0,6.5,745993,671056,502671,665877,571448,691026,663457,672279,666185,53.99,,,,,,,,6,1,Sinker,0,0,0,0,0,0,0,0,Infield shade,Standard,214.0,0.001,0.04,,,,,-0.04,,0,0,0.51,0.51,37,32,37,33,1,0,6.0,1,5.0,2.0,2.29,1.1,-1.1,30.8,,,,,
SI,2024-05-10,94.6,0.72,6.38,"Yelich, Christian",592885,669461,single,hit_into_play,,,,,3.0,Christian Yelich singles on a soft bunt ground ball to third baseman Nolan Arenado. Brice Turang scores. William Contreras to 2nd.,R,L,L,MIL,STL,X,5.0,ground_ball,0,0,2024,0.93,1.43,0.3747209331582968,3.146836754391647,668930.0,,661388.0,2,5,Bot,107.54,185.0,,,,,-2.988145024254383,-137.6361359593957,-5.979658639890424,12.497112659587552,29.653286831958063,-12.84089898721702,3.32,1.7,3.0,41.8,-49.0,94.9,2314.0,6.4,745993,671056,502671,665877,571448,691026,663457,672279,666185,54.12,0.286,0.295,0.9,1.0,1.0,0.0,1.0,38,1,Sinker,3,0,3,0,0,4,4,0,Infield shade,Standard,155.0,0.045,0.229,,,,0.288,-0.229,88.0,3,3,0.884,0.884,24,32,25,33,1,2,5.0,1,3.0,2.0,1.11,0.93,0.93,47.0,,,,,
FC,2024-05-09,90.1,-0.83,5.33,"Yelich, Christian",592885,543243,triple,hit_into_play,,,,,12.0,Christian Yelich triples (1) on a line drive to right fielder Dylan Carlson. William Contreras scores.,R,L,R,MIL,STL,X,9.0,line_drive,3,2,2024,0.75,0.56,0.9517332637054624,2.864935970936496,,,661388.0,0,5,Bot,197.12,124.66,,,,,2.868829891933281,-131.34008701246722,-1.4008088409693846,8.094498018077738,26.89897515089808,-25.61175200094675,3.33,1.69,254.0,94.7,20.0,91.2,2837.0,6.8,745995,686780,676475,669357,571448,691026,663457,672279,666185,53.72,0.305,0.351,1.6,1.0,1.0,2.0,4.0,43,7,Cutter,5,1,5,1,1,6,6,1,Standard,Standard,164.0,0.033,0.88,74.4,7.5,,0.531,-0.88,94.7,4,4,0.942,0.942,34,32,35,33,3,2,6.0,1,5.0,1.0,2.23,-0.75,0.75,46.7,16.505409680526693,-11.318742028879898,35.882049619066144,26.399850652544053,29.81822713928204
FC,2024-05-09,88.5,-1.02,5.33,"Yelich, Christian",592885,543243,,foul,,,,,2.0,,R,L,R,MIL,STL,S,,,3,2,2024,0.64,0.26,-0.2199886249996719,3.169696853085124,,,661388.0,0,5,Bot,,,,,,,0.6144587545193388,-129.05717966760082,0.1874504087716473,7.096333015100609,24.81148120507911,-29.489424972246194,3.33,1.69,195.0,69.5,44.0,89.3,2771.0,6.5,745995,686780,676475,669357,571448,691026,663457,672279,666185,53.98,,,,,,,,43,6,Cutter,5,1,5,1,1,5,5,1,Standard,Standard,145.0,0.0,0.0,69.5,6.6,,,0.0,88.0,4,4,0.942,0.942,34,32,35,33,3,2,6.0,1,5.0,1.0,2.62,-0.64,0.64,43.8,-3.716017337225547,28.43358993599093,28.48529728891062,39.854203883619846,14.482425047919104
CH,2024-05-09,89.0,-1.02,5.25,"Yelich, Christian",592885,543243,,ball,,,,,13.0,,R,L,R,MIL,STL,B,,,2,2,2024,-1.2,0.19,-0.596570745001637,1.0960665182598728,,,661388.0,0,5,Bot,,,,,,,3.590914017974215,-129.47258802184453,-4.551336247922039,-14.285982861787662,28.618865613512355,-29.20482803223753,3.31763799343407,1.72370337783293,,,,89.5,1796.0,6.7,745995,686780,676475,669357,571448,691026,663457,672279,666185,53.76,,,,,,,,43,5,Changeup,5,1,5,1,1,5,5,1,Standard,Standard,219.0,0.003,0.117,,,,,-0.117,,4,4,0.939,0.939,34,32,35,33,3,2,6.0,1,5.0,1.0,2.7,1.2,-1.2,42.5,,,,,
CU,2024-05-09,78.8,-0.88,5.42,"Yelich, Christian",592885,543243,,foul,,,,,6.0,,R,L,R,MIL,STL,S,,,2,1,2024,1.1,-1.21,0.3394987998567711,2.44604445760441,,,661388.0,0,5,Bot,,,,,,,0.6153288654277309,-114.656217707971,2.736978015908464,9.41750809137625,24.7650529103307,-43.51965944818895,3.33,1.69,402.0,109.2,27.0,78.7,2796.0,6.6,745995,686780,676475,669357,571448,691026,663457,672279,666185,53.92,,,,,,,,43,4,Curveball,5,1,5,1,1,5,5,1,Infield shade,Standard,31.0,-0.002,-0.048,75.9,8.0,,,0.048,109.2,4,4,0.941,0.941,34,32,35,33,3,2,6.0,1,5.0,1.0,4.93,-1.1,1.1,50.7,20.743084149956104,-8.893809994514571,31.39823232802078,34.31552318484323,41.87541043687109
FC,2024-05-09,91.1,-0.99,5.34,"Yelich, Christian",592885,543243,,foul_tip,,,,,2.0,,R,L,R,MIL,STL,S,,,2,0,2024,0.31,0.93,0.1567161205191444,3.3814217174368864,,,661388.0,0,5,Bot,,,,,,,2.226685818181053,-132.85806241737484,-1.103201611377553,3.269957934770377,25.570250397938228,-21.01013984829829,3.33,1.69,,,,92.2,2604.0,6.6,745995,686780,676475,669357,571448,691026,663457,672279,666185,53.9,,,,,,,,43,3,Cutter,5,1,5,1,1,5,5,1,Infield shade,Standard,186.0,-0.003,-0.074,74.1,6.9,,,0.074,,4,4,0.944,0.944,34,32,35,33,3,2,6.0,1,5.0,1.0,1.78,-0.31,0.31,46.4,10.103461348386045,15.20585294481432,30.107518154900816,35.14803682365533,19.227552697820105
CH,2024-05-09,89.4,-0.97,5.38,"Yelich, Christian",592885,543243,,ball,,,,,1.0,,R,L,R,MIL,STL,B,,,1,0,2024,-1.06,0.52,-0.5668460875846455,3.3698208494812665,,,661388.0,0,5,Bot,,,,,,,3.234428445600575,-130.2116710716514,-0.0570386664342156,-12.767138223554696,27.07618615421905,-26.420482210814157,3.41415329257538,1.6902800417865,,,,89.8,1846.0,6.5,745995,686780,676475,669357,571448,691026,663457,672279,666185,54.05,,,,,,,,43,2,Changeup,5,1,5,1,1,5,5,1,Infield shade,Standard,220.0,0.003,0.068,,,,,-0.068,,4,4,0.941,0.941,34,32,35,33,3,2,6.0,1,5.0,1.0,2.32,1.06,-1.06,46.8,,,,,
CU,2024-05-09,79.9,-0.83,5.46,"Yelich, Christian",592885,543243,,blocked_ball,,,,,14.0,,R,L,R,MIL,STL,B,,,0,0,2024,1.02,-1.31,1.1050847162152264,0.0700021431265858,,,661388.0,0,5,Bot,,,,,,,2.346646786243459,-116.25871129734374,-2.550053403899807,8.56703984065907,25.866645388961157,-43.5879661061666,3.34147391677199,1.5295588622774,,,,79.5,2631.0,6.5,745995,686780,676475,669357,571448,691026,663457,672279,666185,54.03,,,,,,,,43,1,Curveball,5,1,5,1,1,5,5,1,Infield shade,Standard,27.0,0.001,0.041,,,,,-0.041,,4,4,0.94,0.94,34,32,35,33,3,2,6.0,1,5.0,1.0,4.94,-1.02,1.02,49.9,,,,,
FF,2024-05-09,92.5,-1.0,5.4,"Yelich, Christian",592885,543243,field_out,hit_into_play,,,,,9.0,"Christian Yelich grounds out, shortstop Masyn Winn to first baseman Alec Burleson.",R,L,R,MIL,STL,X,6.0,ground_ball,0,1,2024,-0.18,1.33,0.2961425792981971,2.124905847228238,,,,0,3,Bot,117.0,142.0,,,,,3.723611516938098,-134.67022572505925,-5.552275806701007,-2.934045705679212,26.88015536816976,-14.912466107696575,3.33,1.69,135.0,97.0,6.0,93.6,2672.0,6.7,745995,686780,676475,669357,571448,691026,663457,672279,666185,53.78,0.555,0.507,0.0,1.0,0.0,0.0,4.0,24,2,4-Seam Fastball,4,1,4,1,1,4,4,1,Infield shade,Standard,208.0,-0.009,-0.217,72.5,6.9,,0.62,0.217,97.0,3,3,0.837,0.837,34,32,35,33,2,1,6.0,1,5.0,1.0,1.31,0.18,-0.18,46.7,-1.0779077115776072,17.065764090954186,41.00003630209592,32.88332751188268,21.845284712655346
CU,2024-05-09,79.7,-1.13,5.56,"Yelich, Christian",592885,543243,,called_strike,,,,,5.0,,R,L,R,MIL,STL,S,,,0,0,2024,1.31,-1.2,-0.1035129696553829,2.7826500110678465,,,,0,3,Bot,,,,,,,-0.2317929834055942,-115.96629549058235,3.013969368191602,11.766281624169814,25.246450186702116,-43.73974090565208,3.31310793519195,1.72132077744851,,,,79.4,2865.0,6.5,745995,686780,676475,669357,571448,691026,663457,672279,666185,54.05,,,,,,,,24,1,Curveball,4,1,4,1,1,4,4,1,Infield shade,Standard,32.0,-0.002,-0.037,,,,,0.037,,3,3,0.839,0.839,34,32,35,33,2,1,6.0,1,5.0,1.0,4.83,-1.31,1.31,47.7,,,,,
FF,2024-05-09,94.2,-1.11,5.39,"Yelich, Christian",592885,543243,single,hit_into_play,,,,,4.0,Christian Yelich singles on a sharp line drive to right fielder Dylan Carlson. William Contreras to 2nd.,R,L,R,MIL,STL,X,9.0,line_drive,0,0,2024,-0.17,1.01,-0.3181175313883723,2.7623730364612253,,,661388.0,1,1,Bot,155.2,97.35,,,,,2.448424446645776,-137.23969482652387,-3.4200389950298007,-2.629055903048747,29.74783879812013,-18.82057063415961,3.33,1.69,183.0,109.1,10.0,95.0,2680.0,6.6,745995,686780,676475,669357,571448,691026,663457,672279,666185,53.87,0.908,0.933,0.9,1.0,1.0,0.0,5.0,7,1,4-Seam Fastball,0,0,0,0,0,0,0,0,Infield shade,Standard,204.0,0.036,0.405,73.1,7.4,,1.217,-0.405,109.1,0,0,0.551,0.551,34,32,35,33,1,0,6.0,1,5.0,1.0,1.55,0.17,-0.17,45.4,10.508222133945363,0.5130772030279086,31.29877309662412,40.099134556357846,29.67943204683414
SI,2024-05-09,93.8,1.77,5.35,"Yelich, Christian",592885,667463,single,hit_into_play,,,,,13.0,Christian Yelich singles on a ground ball to left fielder Lars Nootbaar. William Contreras to 2nd.,R,L,L,MIL,STL,X,7.0,ground_ball,1,2,2024,1.32,0.46,-0.0708639845760856,1.2525918290223956,,,661388.0,0,7,Bot,81.67,133.24,,,,,-7.646845809126358,-136.25221481685995,-5.82651754727734,18.149101946005302,30.638342473628907,-25.364839700931984,3.33,1.69,5.0,86.5,-12.0,93.4,2167.0,6.2,745995,686780,676475,669357,571448,691026,663457,672279,666185,54.31,0.091,0.16,0.9,1.0,1.0,0.0,2.0,59,4,Sinker,7,1,7,1,1,7,7,1,Infield shade,Standard,127.0,0.002,0.506,71.3,7.0,,0.093,-0.506,88.0,6,6,0.994,0.994,29,32,30,33,1,3,3.0,1,4.0,1.0,2.15,1.32,1.32,27.3,-11.05236041744893,26.221608004803137,45.72998568739932,39.65418189122976,9.884750536846422
CH,2024-05-09,82.5,1.85,5.32,"Yelich, Christian",592885,667463,,ball,,,,,13.0,,R,L,L,MIL,STL,B,,,0,2,2024,1.43,0.09,-0.1462808675415288,1.0197295546173462,,,661388.0,0,7,Bot,,,,,,,-7.278916688030766,-119.95344370666976,-3.423906207139168,15.250458100403506,23.06700798177486,-30.88375447573264,3.31713073657538,1.66352455882019,,,,82.1,1551.0,6.0,745995,686780,676475,669357,571448,691026,663457,672279,666185,54.47,,,,,,,,59,3,Changeup,7,1,7,1,1,7,7,1,Infield shade,Standard,112.0,0.0,0.033,,,,,-0.033,,6,6,0.994,0.994,29,32,30,33,1,3,3.0,1,4.0,1.0,3.27,1.43,1.43,22.2,,,,,
SI,2024-05-09,92.3,1.54,5.39,"Yelich, Christian",592885,667463,,called_strike,,,,,8.0,,R,L,L,MIL,STL,S,,,0,1,2024,1.28,0.36,0.2682301158578202,1.6683323124874891,,,661388.0,0,7,Bot,,,,,,,-6.0053974363019815,-134.289955150012,-4.409753643600998,16.817322014224917,29.21314306851256,-27.089751330725157,3.31701564700075,1.74888468255548,,,,92.1,2217.0,6.2,745995,686780,676475,669357,571448,691026,663457,672279,666185,54.34,,,,,,,,59,2,Sinker,7,1,7,1,1,7,7,1,Infield shade,Standard,128.0,0.0,-0.048,,,,,0.048,,6,6,0.994,0.994,29,32,30,33,1,3,3.0,1,4.0,1.0,2.32,1.28,1.28,28.7,,,,,
SI,2024-05-09,91.9,1.78,5.41,"Yelich, Christian",592885,667463,,called_strike,,,,,6.0,,R,L,L,MIL,STL,S,,,0,0,2024,1.26,0.09,0.4932354966281076,2.645833768342233,,,661388.0,0,7,Bot,,,,,,,-5.942272454536973,-133.6799779423812,-1.352035103350598,16.344086771106085,28.85247609444541,-31.01595348010273,3.36014702726421,1.71162115790089,,,,91.4,2165.0,6.0,745995,686780,676475,669357,571448,691026,663457,672279,666185,54.48,,,,,,,,59,1,Sinker,7,1,7,1,1,7,7,1,Infield shade,Standard,121.0,0.0,-0.042,,,,,0.042,,6,6,0.994,0.994,29,32,30,33,1,3,3.0,1,4.0,1.0,2.61,1.26,1.26,24.7,,,,,
SI,2024-05-08,90.0,-1.42,5.15,"Yelich, Christian",592885,663903,field_out,hit_into_play,,,,,13.0,Christian Yelich pops out to third baseman Maikel Garcia.,R,L,R,KC,MIL,X,5.0,popup,0,1,2024,-1.13,0.76,-0.8954013912382421,2.135056328307016,,,,0,6,Top,80.18,143.87,,,,,3.762898946889626,-130.96104926237138,-3.1321252609756765,-13.84363977550924,28.57273603914216,-22.946512720829496,3.33,1.7,180.0,70.9,56.0,91.0,1999.0,7.0,746312,666023,686469,624428,672580,677951,669004,664728,592669,53.51,0.063,0.064,0.0,1.0,0.0,0.0,3.0,40,2,Sinker,2,1,1,2,1,2,1,2,Infield shade,Standard,227.0,0.031,-0.217,75.8,7.9,,0.081,0.217,88.0,1,-1,0.665,0.335,27,32,28,33,3,2,5.0,26,5.0,1.0,2.06,1.13,-1.13,23.0,12.143168311930602,-2.1585323757720785,31.752883513695984,47.410758879441,34.706987811642065
SL,2024-05-08,78.9,-1.57,5.38,"Yelich, Christian",592885,663903,,called_strike,,,,,7.0,,R,L,R,KC,MIL,S,,,0,0,2024,0.55,-0.21,-0.6118865808354269,1.5186357537868955,,,,0,6,Top,,,,,,,1.0570648502413156,-115.0420855508805,-1.2738433254888843,4.771049453727165,19.597150996173056,-34.04079172771092,3.15905916120619,1.62298201164974,,,,79.7,2298.0,6.6,746312,666023,686469,624428,672580,677951,669004,664728,592669,53.94,,,,,,,,40,1,Slider,2,1,1,2,1,2,1,2,Infield shade,Standard,89.0,0.005,-0.037,,,,,0.037,,1,-1,0.66,0.34,27,32,28,33,3,2,5.0,26,5.0,1.0,3.83,-0.55,0.55,35.1,,,,,
SI,2024-05-08,92.4,-1.44,5.13,"Yelich, Christian",592885,663903,field_out,hit_into_play,,,,,13.0,"Christian Yelich grounds out, shortstop Bobby Witt Jr. to first baseman Vinnie Pasquantino.",R,L,R,KC,MIL,X,6.0,ground_ball,1,0,2024,-1.24,0.67,-0.1329188190339441,1.5011992500743028,,,,2,3,Top,123.85,146.32,,,,,6.1210155741683625,-134.50219158239952,-4.991377934074759,-16.402727820181727,27.34144519412425,-23.157217192513563,3.33,1.7,34.0,108.0,-1.0,93.8,2161.0,7.0,746312,666023,686469,624428,672580,677951,669004,664728,592669,53.52,0.497,0.46,0.0,1.0,0.0,0.0,4.0,20,2,Sinker,2,1,1,2,1,2,1,2,Infield shade,Standard,217.0,0.013,-0.295,77.5,7.4,,0.536,0.295,108.0,1,-1,0.656,0.344,27,32,28,33,2,1,5.0,26,5.0,1.0,1.98,1.24,-1.24,20.8,-0.8547512157337557,11.871667865905223,42.46148304007989,38.49327053907595,22.87114455352016
SI,2024-05-08,92.8,-1.43,5.11,"Yelich, Christian",592885,663903,,ball,,,,,13.0,,R,L,R,KC,MIL,B,,,0,0,2024,-1.4,0.67,-0.1739665980602684,1.4423731746233648,,,,2,3,Top,,,,,,,6.3341416158177335,-135.0340118911396,-5.131990899469089,-18.461170361012275,28.592260499206382,-23.025438447319686,3.24004428629545,1.66849266485253,,,,93.8,2209.0,6.8,746312,666023,686469,624428,672580,677951,669004,664728,592669,53.66,,,,,,,,20,1,Sinker,2,1,1,2,1,2,1,2,Standard,Standard,226.0,-0.001,0.04,,,,,-0.04,,1,-1,0.657,0.343,27,32,28,33,2,1,5.0,26,5.0,1.0,1.97,1.4,-1.4,23.7,,,,,
SL,2024-05-08,83.9,-1.58,5.38,"Yelich, Christian",592885,663903,field_out,hit_into_play,,,,,9.0,"Christian Yelich grounds out, second baseman Adam Frazier to first baseman Vinnie Pasquantino. William Contreras to 3rd.",R,L,R,KC,MIL,X,4.0,ground_ball,2,2,2024,0.26,-0.07,0.3399789906656047,1.6063134202538376,,661388.0,,0,1,Top,139.61,172.3,,,,,3.9736836320811073,-122.35335086454042,-2.309863342591745,1.979132690582453,20.434390775121084,-32.70673537531281,3.33,1.7,19.0,101.2,-4.0,85.4,2439.0,6.8,746312,666023,686469,624428,672580,677951,669004,664728,592669,53.68,0.37,0.335,0.0,1.0,0.0,0.0,2.0,3,6,Slider,0,1,1,0,1,0,1,0,Standard,Standard,90.0,0.005,-0.177,74.0,7.5,,0.411,0.177,101.2,-1,1,0.355,0.645,27,32,28,33,1,0,5.0,26,5.0,1.0,3.26,-0.26,0.26,28.8,7.958893010830041,3.756268343155838,42.72856737593129,34.40006819591363,29.750034864770903
FF,2024-05-08,93.2,-1.52,5.3,"Yelich, Christian",592885,663903,,ball,,,,,11.0,,R,L,R,KC,MIL,B,,,1,2,2024,-0.53,1.22,-1.3434567846000274,4.032433112186091,,661388.0,,0,1,Top,,,,,,,1.6370593748500093,-135.854797920517,-0.2315382226448387,-6.958154007029887,28.09005538166504,-17.14862259554663,3.25381421249228,1.72508236183828,,,,94.4,2448.0,6.7,746312,666023,686469,624428,672580,677951,669004,664728,592669,53.75,,,,,,,,3,5,4-Seam Fastball,0,1,1,0,1,0,1,0,Standard,Standard,217.0,-0.006,0.054,,,,,-0.054,,-1,1,0.361,0.639,27,32,28,33,1,0,5.0,26,5.0,1.0,1.38,0.53,-0.53,32.1,,,,,
SL,2024-05-08,84.9,-1.52,5.28,"Yelich, Christian",592885,663903,,foul,,,,,9.0,,R,L,R,KC,MIL,S,,,1,2,2024,0.33,-0.1,0.2819651714952891,1.854053901597621,,661388.0,,0,1,Top,,,,,,,3.5799102306515693,-123.6139080310543,-1.532632207830202,2.7257672494909078,24.037488547937244,-33.07330504229811,3.33,1.7,3.0,82.3,-30.0,85.8,2486.0,6.8,746312,666023,686469,624428,672580,677951,669004,664728,592669,53.73,,,,,,,,3,4,Slider,0,1,1,0,1,0,1,0,Standard,Standard,100.0,0.0,0.0,71.0,7.9,,,0.0,88.0,-1,1,0.361,0.639,27,32,28,33,1,0,5.0,26,5.0,1.0,3.25,-0.33,0.33,27.1,21.244314779393804,-3.92025981351946,39.58742867916527,33.92675751176703,34.08166915335802
SI,2024-05-08,93.5,-1.61,5.18,"Yelich, Christian",592885,663903,,called_strike,,,,,7.0,,R,L,R,KC,MIL,S,,,1,1,2024,-1.55,0.57,-0.7920009863500896,1.8000163852771702,,661388.0,,0,1,Top,,,,,,,5.608444184086329,-135.97340735030315,-4.189369231061679,-20.426276400674634,34.02595331505734,-24.31849450569756,3.25243940177512,1.59287739614689,,,,94.2,2220.0,7.0,746312,666023,686469,624428,672580,677951,669004,664728,592669,53.47,,,,,,,,3,3,Sinker,0,1,1,0,1,0,1,0,Standard,Standard,225.0,0.009,-0.073,,,,,0.073,,-1,1,0.352,0.648,27,32,28,33,1,0,5.0,26,5.0,1.0,2.07,1.55,-1.55,25.2,,,,,
SI,2024-05-08,93.2,-1.49,5.17,"Yelich, Christian",592885,663903,,called_strike,,,,,8.0,,R,L,R,KC,MIL,S,,,1,0,2024,-1.26,0.9,0.0864130890897159,1.7312461219721025,,661388.0,,0,1,Top,,,,,,,6.902907900148428,-135.39216223968765,-5.040685186629334,-16.987616490389374,31.66038589067024,-20.183371339606428,3.24268370231626,1.55030975404335,,,,94.1,2178.0,7.1,746312,666023,686469,624428,672580,677951,669004,664728,592669,53.41,,,,,,,,3,2,Sinker,0,1,1,0,1,0,1,0,Standard,Standard,223.0,0.005,-0.036,,,,,0.036,,-1,1,0.347,0.653,27,32,28,33,1,0,5.0,26,5.0,1.0,1.75,1.26,-1.26,28.4,,,,,
SI,2024-05-08,93.2,-1.44,5.18,"Yelich, Christian",592885,663903,,blocked_ball,,,,,14.0,,R,L,R,KC,MIL,B,,,0,0,2024,-1.06,0.85,0.6955245025292858,0.5840617333012268,,661388.0,,0,1,Top,,,,,,,7.955454128043715,-135.41688387000204,-8.022547383476196,-14.824426726753977,29.179672934032308,-20.168483590499832,3.28598475477749,1.593594813358,,,,94.8,2273.0,7.3,746312,666023,686469,624428,672580,677951,669004,664728,592669,53.24,,,,,,,,3,1,Sinker,0,1,1,0,1,0,1,0,Standard,Standard,223.0,-0.003,0.038,,,,,-0.038,,-1,1,0.35,0.65,27,32,28,33,1,0,5.0,26,5.0,1.0,1.78,1.06,-1.06,24.3,,,,,
SI,2024-05-08,95.4,2.79,5.16,"Yelich, Christian",592885,672582,strikeout,swinging_strike,,,,,13.0,Christian Yelich strikes out swinging.,R,L,L,KC,MIL,S,2.0,,2,2,2024,1.55,0.18,-0.876432210707955,1.6577828270383932,,668930.0,661388.0,2,7,Top,,,,,,,-12.821104395682262,-138.40617198192996,-3.93082252767064,22.69178005316617,28.7305681837206,-29.156281270859505,3.33,1.7,,,,93.7,2006.0,5.3,746312,666023,686469,624428,672580,677951,669004,664728,592669,55.22,,0.0,0.0,1.0,0.0,0.0,,54,6,Sinker,3,2,2,3,2,3,2,3,Standard,Standard,121.0,0.074,-0.204,75.1,7.8,1.067134824,,0.204,,1,-1,0.715,0.285,24,32,25,33,1,3,1.0,26,5.0,1.0,2.32,1.55,1.55,20.2,7.539059103571098,7.285212353928913,34.20172849439422,48.62046122060378,21.6155212102765
SI,2024-05-08,96.0,2.8,5.33,"Yelich, Christian",592885,672582,,foul,,,,,3.0,,R,L,L,KC,MIL,S,,,2,2,2024,1.42,0.25,0.4002589846057298,3.30536465360609,,668930.0,661388.0,2,7,Top,,,,,,,-9.421579717157652,-139.51239158603997,-0.3423666667913116,20.607154928858595,29.782660730140343,-28.99848222289022,3.33,1.7,167.0,83.5,11.0,95.0,1981.0,5.7,746312,666023,686469,624428,672580,677951,669004,664728,592669,54.82,,,,,,,,54,5,Sinker,3,2,2,3,2,3,2,3,Standard,Standard,125.0,0.0,0.0,56.9,5.6,,,0.0,88.0,1,-1,0.715,0.285,24,32,25,33,1,3,1.0,26,5.0,1.0,2.22,1.42,1.42,27.8,-12.49464911886871,39.89492880922417,29.5330477615763,33.07211903262237,5.82732002426863
SI,2024-05-08,95.7,2.86,5.15,"Yelich, Christian",592885,672582,,ball,,,,,13.0,,R,L,L,KC,MIL,B,,,1,2,2024,1.58,0.0,-1.3640730926153404,1.4587482747068234,,668930.0,661388.0,2,7,Top,,,,,,,-14.316995585339123,-138.60597204798725,-4.028259989316166,23.43563793857669,29.42970580123752,-31.430555950287108,3.26091549431737,1.70144940413081,,,,93.5,2000.0,5.2,746312,666023,686469,624428,672580,677951,669004,664728,592669,55.34,,,,,,,,54,4,Sinker,3,2,2,3,2,3,2,3,Standard,Standard,123.0,-0.013,0.016,,,,,-0.016,,1,-1,0.728,0.272,24,32,25,33,1,3,1.0,26,5.0,1.0,2.5,1.58,1.58,22.7,,,,,
SI,2024-05-08,95.6,-2.5,5.68,"Yelich, Christian",592885,663704,field_out,hit_into_play,,,,,13.0,"Christian Yelich grounds out softly, pitcher James McArthur to first baseman Garrett Hampson.",R,L,R,KC,MIL,X,1.0,ground_ball,0,0,2024,-1.3,0.63,-0.431006666266204,1.2521403028712823,668930.0,,,2,9,Top,137.74,187.85,,,,,8.469201719652071,-138.8846169807946,-7.537278811855868,-18.69350555752545,28.851536951947907,-22.593103818791164,3.33,1.7,1.0,49.7,-62.0,96.7,2158.0,6.9,746312,666023,641658,624428,672580,677951,680118,664728,592669,53.65,0.223,0.24,0.0,1.0,0.0,0.0,1.0,76,1,Sinker,6,4,4,6,4,6,4,6,Infield shade,Standard,229.0,0.04,-0.279,77.2,8.2,,0.225,0.279,88.0,2,-2,0.96,0.04,27,32,28,33,1,4,1.0,26,4.0,1.0,1.86,1.3,-1.3,29.2,13.29884393450878,-3.7736023115323336,38.62093317585544,42.866302214245735,33.185991178292035
SI,2024-05-08,95.3,2.86,5.31,"Yelich, Christian",592885,672582,,called_strike,,,,,2.0,,R,L,L,KC,MIL,S,,,1,1,2024,1.45,0.39,0.0807274255617538,3.18178786793072,,668930.0,661388.0,2,7,Top,,,,,,,-10.442430042808184,-138.51047268779573,-0.8621119554779666,21.004494369154813,29.37537968808653,-27.09594552424184,3.30325482995858,1.8127043290219,,,,94.5,2015.0,5.8,746312,666023,686469,624428,672580,677951,669004,664728,592669,54.72,,,,,,,,54,3,Sinker,3,2,2,3,2,3,2,3,Standard,Standard,123.0,0.022,-0.076,,,,,0.076,,1,-1,0.706,0.294,24,32,25,33,1,3,1.0,26,5.0,1.0,2.11,1.45,1.45,26.1,,,,,
SI,2024-05-08,95.3,2.94,5.3,"Yelich, Christian",592885,672582,,ball,,,,,13.0,,R,L,L,KC,MIL,B,,,0,1,2024,1.62,0.4,-0.962744475292168,1.5794759821725053,,668930.0,661388.0,2,7,Top,,,,,,,-13.62329129895238,-138.12976529142395,-4.989000789519624,23.6560074498078,27.708412422539254,-26.08947985151984,3.27441990804365,1.78421285177836,,,,93.9,2014.0,5.5,746312,666023,686469,624428,672580,677951,669004,664728,592669,55.04,,,,,,,,54,2,Sinker,3,2,2,3,2,3,2,3,Infield shade,Standard,123.0,-0.009,0.033,,,,,-0.033,,1,-1,0.715,0.285,24,32,25,33,1,3,1.0,26,5.0,1.0,2.11,1.62,1.62,26.7,,,,,
SI,2024-05-08,95.8,2.79,5.31,"Yelich, Christian",592885,672582,,called_strike,,,,,1.0,,R,L,L,KC,MIL,S,,,0,0,2024,1.37,0.36,-0.3511379719613121,3.184582465410396,,668930.0,661388.0,2,7,Top,,,,,,,-11.163715956944625,-139.16979504585254,-0.8506985640955073,20.20983459759107,28.42207923019449,-27.52034189264811,3.24261654806444,1.7016354242387,,,,94.4,2020.0,5.4,746312,666023,686469,624428,672580,677951,669004,664728,592669,55.14,,,,,,,,54,1,Sinker,3,2,2,3,2,3,2,3,Infield shade,Standard,125.0,0.013,-0.048,,,,,0.048,,1,-1,0.702,0.298,24,32,25,33,1,3,1.0,26,5.0,1.0,2.12,1.37,1.37,27.5,,,,,
FF,2024-04-12,92.7,-1.14,6.93,"Yelich, Christian",592885,669330,single,hit_into_play,,,,,2.0,Christian Yelich singles on a ground ball to right fielder Colton Cowser.,R,L,R,BAL,MIL,X,9.0,ground_ball,2,0,2024,-0.27,1.49,0.1230657360490429,2.9606776154214307,,,,2,1,Top,174.71,117.65,,,,,3.806579988465935,-134.8238106446831,-7.549707566237193,-4.1051277718701735,31.43708460026389,-12.596380945383356,3.33,1.7,91.0,102.7,4.0,92.5,2215.0,6.3,747055,543510,656811,702616,676059,683002,669720,656775,681297,54.16,0.584,0.547,0.9,1.0,1.0,0.0,4.0,3,3,4-Seam Fastball,0,0,0,0,0,0,0,0,Strategic,Standard,205.0,-0.008,0.225,72.8,7.1,,0.659,-0.225,102.7,0,0,0.534,0.466,29,32,30,33,1,0,6.0,2,,26.0,1.18,0.27,-0.27,50.5,17.767277166252427,1.1369391964358944,33.01822736987361,35.281754221349644,31.62648069918192
FC,2024-04-12,88.0,-1.44,6.96,"Yelich, Christian",592885,669330,,ball,,,,,11.0,,R,L,R,BAL,MIL,B,,,1,0,2024,0.5,0.92,-1.069906398823227,3.857774402706633,,,,2,1,Top,,,,,,,-0.1408074518533864,-128.16674646976136,-3.3418340941595823,5.487408221631899,26.53562787328151,-21.57062201543144,3.26596744873041,1.49142645181426,,,,88.0,2426.0,6.2,747055,543510,656811,702616,676059,683002,669720,656775,681297,54.27,,,,,,,,3,2,Cutter,0,0,0,0,0,0,0,0,Strategic,Standard,180.0,-0.003,0.068,,,,,-0.068,,0,0,0.537,0.463,29,32,30,33,1,0,6.0,2,,26.0,2.02,-0.5,0.5,47.1,,,,,
FF,2024-04-12,91.9,-1.11,6.94,"Yelich, Christian",592885,669330,,ball,,,,,14.0,,R,L,R,BAL,MIL,B,,,0,0,2024,-0.46,1.57,0.1383893101841422,1.1565438337016731,,,,2,1,Top,,,,,,,4.152033942675977,-133.2636753763742,-12.13195973274449,-6.362848503710229,30.119641648096945,-10.935893165842607,3.31563045734833,1.60192227600621,,,,91.5,2331.0,6.4,747055,543510,656811,702616,676059,683002,669720,656775,681297,54.12,,,,,,,,3,1,4-Seam Fastball,0,0,0,0,0,0,0,0,Strategic,Standard,209.0,-0.001,0.04,,,,,-0.04,,0,0,0.538,0.462,29,32,30,33,1,0,6.0,2,,26.0,1.15,0.46,-0.46,50.5,,,,,
SL,2024-04-10,87.0,-2.41,5.89,"Yelich, Christian",592885,668881,field_out,hit_into_play,,,,,2.0,Christian Yelich flies out to left fielder Spencer Steer.,R,L,R,CIN,MIL,X,7.0,fly_ball,2,2,2024,0.81,0.16,-0.2523219531387038,2.9431194886008405,,,,0,5,Top,64.35,103.74,,,,,3.527958728005784,-126.71870925970364,-1.215760895184257,7.970589968449501,26.5822933923031,-30.462328582882478,3.3,1.69,282.0,86.3,40.0,87.1,2372.0,6.4,746728,571912,687952,669289,600869,682829,668715,656413,666181,54.11,0.011,0.016,0.0,1.0,0.0,0.0,3.0,35,5,Slider,1,6,6,1,6,1,6,1,Strategic,Standard,115.0,0.004,-0.227,71.5,7.4,,0.027,0.227,88.0,-5,5,0.065,0.935,24,32,25,33,3,2,5.0,1,6.0,2.0,2.86,-0.81,0.81,29.2,13.0145512594651,10.88716177332246,31.54270790678195,40.64597853822922,24.97514618416968
SL,2024-04-10,87.8,-2.24,5.97,"Yelich, Christian",592885,668881,,foul,,,,,9.0,,R,L,R,CIN,MIL,S,,,2,1,2024,0.57,0.3,0.3456822800821127,1.6047086136659572,,,,0,5,Top,,,,,,,5.075125982213007,-127.74455288113045,-5.052490151363931,5.159603183261575,27.545991606314224,-28.0306687363292,3.3,1.69,4.0,73.2,-24.0,87.7,2332.0,6.3,746728,571912,687952,669289,600869,682829,668715,656413,666181,54.18,,,,,,,,35,4,Slider,1,6,6,1,6,1,6,1,Infield shade,Standard,143.0,0.002,-0.069,74.3,7.8,,,0.069,88.0,-5,5,0.063,0.937,24,32,25,33,3,2,5.0,1,6.0,2.0,2.67,-0.57,0.57,30.4,14.913085323896492,-0.419987134769295,42.78426451019202,33.02873722045813,30.30446153045542
FF,2024-04-10,96.8,-1.9,6.29,"Yelich, Christian",592885,668881,,foul_tip,,,,,4.0,,R,L,R,CIN,MIL,S,,,2,0,2024,-0.96,1.59,-0.2921264711724955,2.626771623630132,,,,0,5,Top,,,,,,,6.491802075871743,-140.58025037998337,-7.801169650472705,-14.198308031117744,34.46692462853258,-9.506103061563635,3.3,1.69,,,,96.6,2404.0,6.5,746728,571912,687952,669289,600869,682829,668715,656413,666181,54.02,,,,,,,,35,3,4-Seam Fastball,1,6,6,1,6,1,6,1,Infield shade,Standard,213.0,0.001,-0.065,76.8,7.0,,,0.065,,-5,5,0.062,0.938,24,32,25,33,3,2,5.0,1,6.0,2.0,0.87,0.96,-0.96,39.1,1.703521254296083,18.689879791448927,37.91223944322598,41.13499865784894,17.38334374516596
FF,2024-04-10,96.1,-1.69,6.44,"Yelich, Christian",592885,668881,,ball,,,,,12.0,,R,L,R,CIN,MIL,B,,,1,0,2024,-0.61,1.57,1.888924415238726,2.6591544566343925,,,,0,5,Top,,,,,,,10.823635790330554,-139.21876709906877,-7.859850824475961,-10.582289425809408,34.304022384883574,-10.13853023708461,3.35265080877685,1.75493097667638,,,,95.4,2368.0,6.3,746728,571912,687952,669289,600869,682829,668715,656413,666181,54.16,,,,,,,,35,2,4-Seam Fastball,1,6,6,1,6,1,6,1,Infield shade,Standard,210.0,-0.001,0.069,,,,,-0.069,,-5,5,0.063,0.937,24,32,25,33,3,2,5.0,1,6.0,2.0,0.94,0.61,-0.61,44.0,,,,,
FF,2024-04-10,96.9,-2.16,5.99,"Yelich, Christian",592885,668881,,ball,,,,,14.0,,R,L,R,CIN,MIL,B,,,0,0,2024,-1.01,1.41,0.6428083961314408,1.633044134259435,,,,0,5,Top,,,,,,,9.842482729861358,-140.42070066339343,-9.265109581163692,-15.6849022195404,34.23235547220423,-11.501139992038874,3.29439164795681,1.84216670698974,,,,96.9,2361.0,6.7,746728,571912,687952,669289,600869,682829,668715,656413,666181,53.81,,,,,,,,35,1,4-Seam Fastball,1,6,6,1,6,1,6,1,Infield shade,Standard,221.0,-0.001,0.038,,,,,-0.038,,-5,5,0.064,0.936,24,32,25,33,3,2,5.0,1,6.0,2.0,1.05,1.01,-1.01,32.2,,,,,
FF,2024-04-10,98.1,-2.34,6.02,"Yelich, Christian",592885,668881,strikeout,swinging_strike,,,,,8.0,Christian Yelich strikes out swinging.,R,L,R,CIN,MIL,S,2.0,,3,2,2024,-0.71,1.5,0.0593438086800414,2.1567632831385204,,,661388.0,2,2,Top,,,,,,,8.119120788723869,-142.41480613517436,-8.402360881933001,-11.605366421930771,34.12886750089005,-9.931560419026798,3.3,1.69,,,,97.8,2443.0,6.4,746728,571912,687952,669289,600869,682829,668715,656413,666181,54.14,,0.0,0.0,1.0,0.0,0.0,,15,9,4-Seam Fastball,0,5,5,0,5,0,5,0,Strategic,Standard,215.0,0.008,-0.319,73.8,6.5,1.705524624,,0.319,,-5,5,0.117,0.883,24,32,25,33,2,1,5.0,1,6.0,2.0,0.89,0.71,-0.71,32.6,-16.1377288017126,29.934081996281147,46.97912767513508,36.36659624361064,9.526195001112422
FF,2024-04-10,98.7,-1.87,6.35,"Yelich, Christian",592885,668881,,ball,,,,,11.0,,R,L,R,CIN,MIL,B,,,2,2,2024,-0.69,1.54,-1.5722745265088092,4.5308332733600665,,,661388.0,2,2,Top,,,,,,,2.411272992001348,-143.71015452202786,-3.059857844941058,-10.11372143780399,36.29699130390926,-10.43653185589876,3.26869833229376,1.84612535613948,,,,98.5,2420.0,6.3,746728,571912,687952,669289,600869,682829,668715,656413,666181,54.17,,,,,,,,15,8,4-Seam Fastball,0,5,5,0,5,0,5,0,Strategic,Standard,208.0,-0.002,0.085,,,,,-0.085,,-5,5,0.119,0.881,24,32,25,33,2,1,5.0,1,6.0,2.0,0.81,0.69,-0.69,38.7,,,,,
SL,2024-04-10,87.4,-2.27,5.89,"Yelich, Christian",592885,668881,,foul,,,,,14.0,,R,L,R,CIN,MIL,S,,,2,2,2024,0.59,0.18,1.1119512822899684,2.309045194056788,,,661388.0,2,2,Top,,,,,,,6.948823979274589,-127.18132280941634,-2.8712931331823413,5.033836977610728,25.44779945579336,-29.826911825195637,3.3,1.69,,,,87.8,2413.0,6.5,746728,571912,687952,669289,600869,682829,668715,656413,666181,53.99,,,,,,,,15,7,Slider,0,5,5,0,5,0,5,0,Strategic,Standard,97.0,0.0,0.0,75.9,7.4,,,0.0,,-5,5,0.119,0.881,24,32,25,33,2,1,5.0,1,6.0,2.0,2.8,-0.59,0.59,28.3,18.011328071320236,-1.9273883914606849,42.790862000679255,25.026527678039635,31.48356863510296
CU,2024-04-10,81.5,-1.98,6.18,"Yelich, Christian",592885,668881,,foul,,,,,14.0,,R,L,R,CIN,MIL,S,,,2,2,2024,1.41,0.06,1.0373391111199908,2.2914299921456918,,,661388.0,2,2,Top,,,,,,,4.080648010692773,-118.6150699969098,-2.24806694586734,12.4404446824764,23.89040398410565,-31.344741271812605,3.3,1.69,25.0,97.0,-4.0,81.5,2504.0,6.4,746728,571912,687952,669289,600869,682829,668715,656413,666181,54.08,,,,,,,,15,6,Curveball,0,5,5,0,5,0,5,0,Strategic,Standard,63.0,0.0,0.0,78.8,8.3,,,0.0,97.0,-5,5,0.119,0.881,24,32,25,33,2,1,5.0,1,6.0,2.0,3.38,-1.41,1.41,39.2,27.87094179214789,-24.12682147713329,43.389634666797015,26.55399961201688,45.18027236419305
FF,2024-04-10,98.3,-1.96,6.27,"Yelich, Christian",592885,668881,,foul,,,,,1.0,,R,L,R,CIN,MIL,S,,,2,2,2024,-0.61,1.58,-0.4237533578162215,3.062238086511685,,,661388.0,2,2,Top,,,,,,,5.598700637084417,-142.93972194075425,-6.940076008929307,-9.648311086721924,31.720281082235356,-9.031205526916212,3.3,1.69,282.0,83.8,32.0,98.7,2422.0,6.5,746728,571912,687952,669289,600869,682829,668715,656413,666181,54.05,,,,,,,,15,5,4-Seam Fastball,0,5,5,0,5,0,5,0,Infield shade,Standard,212.0,0.0,0.0,69.1,6.2,,,0.0,88.0,-5,5,0.119,0.881,24,32,25,33,2,1,5.0,1,6.0,2.0,0.77,0.61,-0.61,36.7,-8.831968916832256,33.706335434712486,33.946144911946995,42.10284085896134,9.723558400010052
SL,2024-04-10,86.7,-2.01,6.03,"Yelich, Christian",592885,668881,,blocked_ball,,,,,14.0,,R,L,R,CIN,MIL,B,,,1,2,2024,0.52,0.21,2.0999171147189823,-0.1269221208607951,,,661388.0,2,2,Top,,,,,,,8.73851814773322,-125.7848356053134,-8.928385762562444,3.8261907286386,25.01337216428619,-28.286084061755464,3.33009840385167,1.8207607652986,,,,86.7,2446.0,6.4,746728,571912,687952,669289,600869,682829,668715,656413,666181,54.07,,,,,,,,15,4,Slider,0,5,5,0,5,0,5,0,Infield shade,Standard,101.0,-0.001,0.038,,,,,-0.038,,-5,5,0.12,0.88,24,32,25,33,2,1,5.0,1,6.0,2.0,2.83,-0.52,0.52,32.7,,,,,
FF,2024-04-10,97.4,-1.5,6.42,"Yelich, Christian",592885,668881,,foul,,,,,6.0,,R,L,R,CIN,MIL,S,,,1,1,2024,-0.66,1.48,0.767686964113383,2.7306972379117065,,,661388.0,2,2,Top,,,,,,,7.622380910032327,-141.47641853469446,-7.76029541859511,-10.65418090513055,35.45725139014337,-10.661676973930144,3.3,1.69,173.0,68.0,28.0,97.2,2481.0,6.5,746728,571912,687952,669289,600869,682829,668715,656413,666181,53.98,,,,,,,,15,3,4-Seam Fastball,0,5,5,0,5,0,5,0,Infield shade,Standard,209.0,0.002,-0.06,66.3,6.0,,,0.06,88.0,-5,5,0.118,0.882,24,32,25,33,2,1,5.0,1,6.0,2.0,0.95,0.66,-0.66,42.6,-7.416485753224848,26.202468852456025,43.77290097643736,28.3095746972487,13.092119806644252
FF,2024-04-10,98.9,-2.09,6.19,"Yelich, Christian",592885,668881,,ball,,,,,11.0,,R,L,R,CIN,MIL,B,,,0,1,2024,-0.83,1.53,-1.092649955030997,3.1733010007459166,,,661388.0,2,2,Top,,,,,,,4.65385949630695,-143.77648249935717,-6.341551827043952,-12.59003478564611,35.63119757908022,-9.651051702151229,3.37832464300145,1.81057897958045,,,,98.8,2384.0,6.4,746728,571912,687952,669289,600869,682829,668715,656413,666181,54.06,,,,,,,,15,2,4-Seam Fastball,0,5,5,0,5,0,5,0,Infield shade,Standard,220.0,-0.001,0.032,,,,,-0.032,,-5,5,0.119,0.881,24,32,25,33,2,1,5.0,1,6.0,2.0,0.81,0.83,-0.83,35.3,,,,,
FF,2024-04-10,97.8,-2.01,6.32,"Yelich, Christian",592885,668881,,called_strike,,,,,3.0,,R,L,R,CIN,MIL,S,,,0,0,2024,-0.62,1.6,0.3606567643001472,3.292484850472139,,,661388.0,2,2,Top,,,,,,,7.808531131408475,-142.08706394113025,-6.306629465700693,-10.268776501751606,34.62428037253172,-9.26191704567242,3.3460446360107,1.77841223162613,,,,97.4,2392.0,6.3,746728,571912,687952,669289,600869,682829,668715,656413,666181,54.22,,,,,,,,15,1,4-Seam Fastball,0,5,5,0,5,0,5,0,Infield shade,Standard,217.0,0.001,-0.047,,,,,0.047,,-5,5,0.118,0.882,24,32,25,33,2,1,5.0,1,6.0,2.0,0.8,0.62,-0.62,39.2,,,,,
CH,2024-04-10,74.7,3.21,6.27,"Yelich, Christian",592885,608718,field_out,hit_into_play,,,,,12.0,"Christian Yelich grounds out, second baseman Santiago Espinal to first baseman Christian Encarnacion-Strand.",R,L,L,CIN,MIL,X,4.0,ground_ball,1,0,2024,0.78,0.98,1.021688359831846,3.0982164157390883,,,,2,9,Top,151.45,151.47,,,,,-5.963585431121668,-108.64377327381928,-1.0173868160461748,7.236772443276155,19.782565354956915,-24.50885758275357,3.3,1.69,76.0,72.7,5.0,75.6,1656.0,7.1,746728,571912,687952,669289,600869,682829,668715,656413,666181,53.42,0.191,0.174,0.0,1.0,0.0,0.0,2.0,67,2,Changeup,2,7,7,2,7,2,7,2,Infield shade,Standard,168.0,0.0,-0.295,68.1,6.1,,0.254,0.295,88.0,-5,5,0.008,0.992,34,32,35,33,1,4,3.0,1,3.0,2.0,3.13,0.78,0.78,52.9,3.0014863125966507,9.81687354580921,36.35560567244102,25.10337825623712,24.79535308838554
SI,2024-04-10,83.1,3.06,6.3,"Yelich, Christian",592885,608718,,ball,,,,,12.0,,R,L,L,CIN,MIL,B,,,0,0,2024,0.7,1.37,0.3193849641357219,4.328986686802983,,,,2,9,Top,,,,,,,-7.81679306979693,-120.83753992035784,-0.702222208735649,8.411059205618173,23.99554018730641,-18.8910977757017,3.48552812733485,1.85186124380616,,,,84.7,2117.0,7.4,746728,571912,687952,669289,600869,682829,668715,656413,666181,53.08,,,,,,,,67,1,Sinker,2,7,7,2,7,2,7,2,Infield shade,Standard,182.0,0.0,0.04,,,,,-0.04,,-5,5,0.008,0.992,34,32,35,33,1,4,3.0,1,3.0,2.0,1.94,0.7,0.7,59.7,,,,,
SL,2024-04-10,85.5,-2.39,5.99,"Yelich, Christian",592885,668881,home_run,hit_into_play,,,,,4.0,Christian Yelich homers (5) on a fly ball to right center field. Jackson Chourio scores.,R,L,R,CIN,MIL,X,,fly_ball,1,1,2024,0.67,0.27,-0.2871185971702218,2.304862053882464,694192.0,,,1,1,Top,190.65,65.71,,,,,3.619131361533135,-124.49350143668842,-2.9770254785578727,6.21213023472913,24.64462333618796,-28.96585165416697,3.3,1.69,367.0,97.0,25.0,85.6,2442.0,6.3,746728,571912,687952,669289,600869,682829,668715,656413,666181,54.24,0.267,0.4443636363636364,2.0,1.0,0.0,3.0,5.0,3,3,Slider,0,0,0,0,2,0,2,0,Strategic,Standard,104.0,-0.126,1.047,78.1,8.2,,0.83,-1.047,97.0,0,0,0.457,0.543,24,32,25,33,1,0,5.0,1,6.0,2.0,2.84,-0.67,0.67,28.6,23.996032111966805,-9.454008346906695,35.878953452048954,42.427534555133306,39.63048507194381
SL,2024-04-10,85.6,-2.33,6.19,"Yelich, Christian",592885,668881,,ball,,,,,14.0,,R,L,R,CIN,MIL,B,,,0,1,2024,0.72,0.29,1.3420833383841428,1.1959307139531408,694192.0,,,1,1,Top,,,,,,,7.1911004030945165,-124.39200671627356,-6.0822127250563245,6.064421054499307,25.19932606218258,-28.09212635294801,3.32155775223042,1.7704484726133,,,,85.5,2517.0,6.3,746728,571912,687952,669289,600869,682829,668715,656413,666181,54.17,,,,,,,,3,2,Slider,0,0,0,0,0,0,0,0,Strategic,Standard,97.0,-0.006,0.025,,,,,-0.025,,0,0,0.463,0.537,24,32,25,33,1,0,5.0,1,6.0,2.0,2.83,-0.72,0.72,34.1,,,,,
FF,2024-04-10,97.7,-1.97,6.41,"Yelich, Christian",592885,668881,,called_strike,,,,,7.0,,R,L,R,CIN,MIL,S,,,0,0,2024,-0.56,1.56,-0.6005522386385003,2.090353618213964,694192.0,,,1,1,Top,,,,,,,4.968205872219297,-141.91656412773014,-9.674932291230586,-8.772983497977538,34.15982357825729,-9.058242886287418,3.3236424935372,1.83000090452018,,,,97.4,2499.0,6.3,746728,571912,687952,669289,600869,682829,668715,656413,666181,54.16,,,,,,,,3,1,4-Seam Fastball,0,0,0,0,0,0,0,0,Strategic,Standard,212.0,0.009,-0.049,,,,,0.049,,0,0,0.454,0.546,24,32,25,33,1,0,5.0,1,6.0,2.0,0.85,0.56,-0.56,39.0,,,,,
SI,2024-04-10,92.0,-1.17,5.77,"Yelich, Christian",592885,571656,walk,ball,,,,,11.0,Christian Yelich walks. William Contreras to 2nd.,R,L,R,CIN,MIL,B,,,3,2,2024,-1.47,0.62,-1.3643479360422777,3.4332938173224097,,,661388.0,1,7,Top,,,,,,,2.674083544130548,-133.9828597033194,-1.4108345193978726,-18.17465812191566,31.093553550827668,-24.645296895398097,3.46122796296091,1.86332290219517,,,,91.5,2342.0,6.1,746728,571912,687952,669289,600869,682829,668715,656413,666181,54.38,,0.689131,0.7,1.0,0.0,0.0,,52,8,Sinker,2,7,7,2,7,2,7,2,Standard,Standard,229.0,-0.004,0.259,,,,,-0.259,,-5,5,0.031,0.969,33,32,33,33,1,3,3.0,1,2.0,2.0,2.08,1.47,-1.47,30.1,,,,,
SL,2024-04-10,81.7,-1.27,5.66,"Yelich, Christian",592885,571656,,foul,,,,,14.0,,R,L,R,CIN,MIL,S,,,3,2,2024,1.27,0.08,0.9086250800023346,1.5137931368166893,,,661388.0,1,7,Top,,,,,,,2.4477874516960165,-118.84349568496438,-2.8239149515982365,11.35923233211563,25.643752562446764,-31.08832827849929,3.3,1.69,,,,80.9,2834.0,6.0,746728,571912,687952,669289,600869,682829,668715,656413,666181,54.47,,,,,,,,52,7,Slider,2,7,7,2,7,2,7,2,Strategic,Standard,63.0,0.0,0.0,74.7,8.6,,,0.0,,-5,5,0.031,0.969,33,32,33,33,1,3,3.0,1,2.0,2.0,3.38,-1.27,1.27,27.3,23.999610903283987,-19.000166149989656,44.58092206897048,27.331265315892008,41.09303928802103
CH,2024-04-10,86.2,-1.26,5.8,"Yelich, Christian",592885,571656,,ball,,,,,11.0,,R,L,R,CIN,MIL,B,,,2,2,2024,-1.08,-0.07,-1.1901179789074787,3.3471556358622365,,,661388.0,1,7,Top,,,,,,,2.3389703852681256,-125.51691615305631,0.5485752350099338,-11.831173563223434,26.079592816866,-33.223779153445946,3.33309484488788,1.76421123716296,,,,85.8,1848.0,6.0,746728,571912,687952,669289,600869,682829,668715,656413,666181,54.47,,,,,,,,52,6,Changeup,2,7,7,2,7,2,7,2,Strategic,Standard,249.0,-0.001,0.077,,,,,-0.077,,-5,5,0.032,0.968,33,32,33,33,1,3,3.0,1,2.0,2.0,3.14,1.08,-1.08,29.0,,,,,
SL,2024-04-10,82.1,-1.12,5.68,"Yelich, Christian",592885,571656,,ball,,,,,14.0,,R,L,R,CIN,MIL,B,,,1,2,2024,0.99,0.11,1.7218436762141789,0.9872024491204696,,,661388.0,1,7,Top,,,,,,,4.504116534311216,-119.34603552209818,-4.182393274007927,8.397753220659478,25.88847849827443,-30.49698074010211,3.36896260649844,1.8293220852344,,,,81.4,2791.0,6.1,746728,571912,687952,669289,600869,682829,668715,656413,666181,54.35,,,,,,,,52,5,Slider,2,7,7,2,7,2,7,2,Strategic,Standard,81.0,-0.001,0.048,,,,,-0.048,,-5,5,0.033,0.967,33,32,33,33,1,3,3.0,1,2.0,2.0,3.32,-0.99,0.99,27.6,,,,,
FF,2024-04-10,91.7,-1.22,5.87,"Yelich, Christian",592885,571656,,foul,,,,,1.0,,R,L,R,CIN,MIL,S,,,1,2,2024,-1.08,1.03,-0.6279769021495076,3.399641173861953,,,661388.0,1,7,Top,,,,,,,3.805080950636543,-133.5966122450384,-2.61170785738197,-13.745177344201617,28.679657913555257,-19.463317744131647,3.3,1.69,334.0,98.0,27.0,91.3,2362.0,6.0,746728,571912,687952,669289,600869,682829,668715,656413,666181,54.54,,,,,,,,52,4,4-Seam Fastball,2,7,7,2,7,2,7,2,Strategic,Standard,232.0,0.0,0.0,63.2,6.3,,,0.0,98.0,-5,5,0.033,0.967,33,32,33,33,1,3,3.0,1,2.0,2.0,1.67,1.08,-1.08,28.9,6.55794336105572,32.3659532814703,26.401718549394943,45.28842394825914,15.890770574082143
CH,2024-04-10,86.1,-1.42,5.75,"Yelich, Christian",592885,571656,,called_strike,,,,,1.0,,R,L,R,CIN,MIL,S,,,1,1,2024,-1.02,-0.13,-0.8160304256528897,3.137905116923871,,,661388.0,1,7,Top,,,,,,,3.48887937244264,-125.38030634461276,0.3220887772105218,-11.452914686611033,26.39242097934752,-33.878493368439315,3.37750643990328,1.86683833978334,,,,85.5,2076.0,5.9,746728,571912,687952,669289,600869,682829,668715,656413,666181,54.55,,,,,,,,52,3,Changeup,2,7,7,2,7,2,7,2,Infield shade,Standard,241.0,0.001,-0.059,,,,,0.059,,-5,5,0.032,0.968,33,32,33,33,1,3,3.0,1,2.0,2.0,3.21,1.02,-1.02,34.0,,,,,
SI,2024-04-10,91.9,-1.17,5.87,"Yelich, Christian",592885,571656,,ball,,,,,11.0,,R,L,R,CIN,MIL,B,,,0,1,2024,-1.44,0.73,-0.8885979953871725,3.509785543368616,,,661388.0,1,7,Top,,,,,,,3.8191740716302975,-133.8200578131422,-1.7159061738857937,-18.151577541282787,29.493761726881605,-23.229824786808656,3.48506314305862,1.85806841149077,,,,91.6,2363.0,6.1,746728,571912,687952,669289,600869,682829,668715,656413,666181,54.4,,,,,,,,52,2,Sinker,2,7,7,2,7,2,7,2,Infield shade,Standard,227.0,0.0,0.029,,,,,-0.029,,-5,5,0.032,0.968,33,32,33,33,1,3,3.0,1,2.0,2.0,1.97,1.44,-1.44,31.7,,,,,
SL,2024-04-10,80.6,-1.45,5.71,"Yelich, Christian",592885,571656,,foul,,,,,5.0,,R,L,R,CIN,MIL,S,,,0,0,2024,1.29,0.28,0.1293837592372331,2.6658696725869646,,,661388.0,1,7,Top,,,,,,,1.0385321903944256,-117.30923579958532,-0.5905660475641278,11.665114638110907,23.78166046234848,-29.74887083689652,3.3,1.69,131.0,54.4,39.0,79.9,2761.0,5.9,746728,571912,687952,669289,600869,682829,668715,656413,666181,54.57,,,,,,,,52,1,Slider,2,7,7,2,7,2,7,2,Infield shade,Standard,75.0,0.0,-0.04,70.2,6.5,,,0.04,88.0,-5,5,0.032,0.968,33,32,33,33,1,3,3.0,1,2.0,2.0,3.25,-1.29,1.29,26.6,-9.204171554166123,23.80375596479448,39.59001804190986,34.573529654564794,16.326976146506
FS,2024-04-09,84.9,-1.46,5.67,"Yelich, Christian",592885,593423,double,hit_into_play,,,,,14.0,Christian Yelich doubles (1) on a line drive to right fielder Jake Fraley. Blake Perkins scores. William Contreras scores.,R,L,R,CIN,MIL,X,9.0,line_drive,0,0,2024,-0.73,0.01,0.2668280739837114,1.5389333798435785,663368.0,661388.0,,1,5,Top,166.42,136.67,,,,,5.4345376185475125,-123.63145518038372,-3.373403217664789,-8.512112466983309,23.45652717364665,-31.66353742912457,3.29,1.71,187.0,107.5,9.0,84.3,1492.0,5.8,746732,663886,687952,663697,600869,682829,668715,666181,641584,54.72,0.8,0.761,1.25,1.0,1.0,1.0,4.0,38,1,Split-Finger,1,3,3,1,5,1,5,1,Strategic,Standard,237.0,-0.085,0.694,77.5,8.1,,0.958,-0.694,107.5,-2,2,0.181,0.819,31,32,31,33,3,2,6.0,1,6.0,1.0,3.14,0.73,-0.73,37.0,12.332898239747763,-11.17390212498826,41.10513584685557,33.47343407450259,35.38487259318552
FC,2024-04-09,90.0,-1.58,5.68,"Yelich, Christian",592885,593423,single,hit_into_play,,,,,3.0,Christian Yelich singles on a sharp line drive to right fielder Jake Fraley. Blake Perkins scores.,R,L,R,CIN,MIL,X,9.0,line_drive,2,2,2024,0.13,0.67,0.3365423872085366,2.954520368705816,663368.0,,,2,3,Top,170.43,130.38,,,,,4.440308455308382,-131.09202487394472,-2.279686352844939,0.670230046926968,24.147907102614848,-24.177398013991453,3.29,1.71,205.0,107.2,13.0,89.8,2380.0,5.8,746732,663886,687952,663697,600869,682829,668715,666181,641584,54.7,0.868,0.899,0.9,1.0,1.0,0.0,5.0,20,5,Cutter,0,2,2,0,3,0,3,0,Strategic,Standard,189.0,-0.079,0.796,,,,1.216,-0.796,107.2,-2,2,0.301,0.699,31,32,31,33,2,1,6.0,1,6.0,1.0,2.11,-0.13,0.13,36.8,,,,,
FS,2024-04-09,85.6,-1.54,5.74,"Yelich, Christian",592885,593423,,ball,,,,,13.0,,R,L,R,CIN,MIL,B,,,1,2,2024,-1.07,-0.05,-0.6923975952070344,1.1289463996426536,663368.0,,,2,3,Top,,,,,,,4.098735783858277,-124.71457904617276,-4.525086960098383,-11.966043873225754,23.387204179271123,-32.02856842507382,3.33430658411207,1.58372789565784,,,,84.8,1373.0,5.6,746732,663886,687952,663697,600869,682829,668715,666181,641584,54.94,,,,,,,,20,4,Split-Finger,0,2,2,0,2,0,2,0,Standard,Standard,240.0,-0.005,0.017,,,,,-0.017,,-2,2,0.306,0.694,31,32,31,33,2,1,6.0,1,6.0,1.0,3.13,1.07,-1.07,35.2,,,,,
FS,2024-04-09,85.5,-1.49,5.7,"Yelich, Christian",592885,593423,,blocked_ball,,,,,13.0,,R,L,R,CIN,MIL,B,,,0,2,2024,-0.95,0.1,-0.0294350528021943,0.1463158892783345,663368.0,,,2,3,Top,,,,,,,5.351291626807528,-124.4405040912798,-7.073110461165249,-10.909830843978984,22.63807156979912,-29.95539066241833,3.33629880834918,1.66515289355938,,,,85.9,1566.0,6.3,746732,663886,687952,663697,600869,682829,668715,666181,641584,54.2,,,,,,,,20,3,Split-Finger,0,2,2,0,2,0,2,0,Standard,Standard,238.0,-0.003,0.018,,,,,-0.018,,-2,2,0.309,0.691,31,32,31,33,2,1,6.0,1,6.0,1.0,2.99,0.95,-0.95,39.3,,,,,
SI,2024-04-09,91.9,-1.48,5.28,"Yelich, Christian",592885,686730,walk,ball,,,,,13.0,Christian Yelich walks. William Contreras to 2nd.,R,L,R,CIN,MIL,B,,,3,1,2024,-1.23,0.85,-0.7164297774590929,1.0777321531085855,,,661388.0,1,8,Top,,,,,,,4.64190950612149,-133.70551168349266,-6.673632033229605,-15.808963529687222,28.35057443814973,-20.75598749926635,3.28345599600545,1.59688297897804,,,,92.4,2176.0,6.6,746732,663886,687952,663697,600869,682829,668715,666181,641584,53.93,,0.689131,0.7,1.0,0.0,0.0,,68,5,Sinker,3,9,9,3,9,3,9,3,Infield shade,Standard,228.0,-0.001,0.167,,,,,-0.167,,-6,6,0.008,0.992,26,32,27,33,2,4,,1,39.0,1.0,1.85,1.23,-1.23,27.7,,,,,
FF,2024-04-09,94.7,-1.44,5.66,"Yelich, Christian",592885,593423,,foul,,,,,6.0,,R,L,R,CIN,MIL,S,,,0,1,2024,-0.53,1.21,0.7015707429581134,2.725991212271338,663368.0,,,2,3,Top,,,,,,,6.730954417825104,-137.8170259105638,-4.682345267149974,-8.21706911536966,28.99504936850575,-15.869093983516974,3.29,1.71,185.0,67.3,28.0,94.2,2481.0,5.9,746732,663886,687952,663697,600869,682829,668715,666181,641584,54.64,,,,,,,,20,2,4-Seam Fastball,0,2,2,0,2,0,2,0,Standard,Standard,220.0,0.008,-0.058,74.1,7.1,,,0.058,88.0,-2,2,0.301,0.699,31,32,31,33,2,1,6.0,1,6.0,1.0,1.32,0.53,-0.53,35.6,5.567245776321177,4.412139719544368,40.09058579167321,29.41314667360252,23.26176980767596
SI,2024-04-09,93.7,-1.38,5.8,"Yelich, Christian",592885,593423,,foul,,,,,5.0,,R,L,R,CIN,MIL,S,,,0,0,2024,-1.16,0.66,-0.1810861003866313,2.5316272962419064,663368.0,,,2,3,Top,,,,,,,5.594423754795352,-136.43829576087342,-4.17329825742516,-15.690391244915652,28.38068881625129,-23.17098788976664,3.29,1.71,107.0,78.9,13.0,93.2,2270.0,5.8,746732,663886,687952,663697,600869,682829,668715,666181,641584,54.67,,,,,,,,20,1,Sinker,0,2,2,0,2,0,2,0,Standard,Standard,215.0,0.005,-0.039,74.8,7.0,,,0.039,88.0,-2,2,0.296,0.704,31,32,31,33,2,1,6.0,1,6.0,1.0,1.92,1.16,-1.16,36.2,2.37520449653968,16.202713011402754,35.611963134185935,39.7102595321909,18.818231677249607
FF,2024-04-09,91.9,-1.3,5.38,"Yelich, Christian",592885,686730,,ball,,,,,14.0,,R,L,R,CIN,MIL,B,,,2,1,2024,-0.88,1.42,1.0836502935770953,1.1652960405731392,,,661388.0,1,8,Top,,,,,,,7.967350349921047,-133.49926867633948,-7.946691053922979,-12.15659109829697,27.833964947752385,-13.575039901606637,3.37870126555823,1.54644616099467,,,,92.3,2375.0,6.5,746732,663886,687952,663697,600869,682829,668715,666181,641584,53.96,,,,,,,,68,4,4-Seam Fastball,3,9,9,3,9,3,9,3,Infield shade,Standard,220.0,0.0,0.112,,,,,-0.112,,-6,6,0.008,0.992,26,32,27,33,2,4,,1,39.0,1.0,1.28,0.88,-0.88,29.2,,,,,
SI,2024-04-09,92.2,-1.4,5.31,"Yelich, Christian",592885,686730,,called_strike,,,,,4.0,,R,L,R,CIN,MIL,S,,,2,0,2024,-1.29,0.9,-0.3627492305434938,2.6666205549711943,,,661388.0,1,8,Top,,,,,,,5.46349177848691,-134.1774079606398,-2.899169014688105,-16.727818837291704,27.63934290800386,-20.82247901093493,3.24977552781773,1.6643311356022,,,,92.7,2103.0,6.5,746732,663886,687952,663697,600869,682829,668715,666181,641584,54.02,,,,,,,,68,3,Sinker,3,9,9,3,9,3,9,3,Infield shade,Standard,222.0,0.0,-0.057,,,,,0.057,,-6,6,0.008,0.992,26,32,27,33,2,4,,1,39.0,1.0,1.77,1.29,-1.29,28.8,,,,,
FF,2024-04-09,91.6,-1.51,5.4,"Yelich, Christian",592885,686730,,ball,,,,,14.0,,R,L,R,CIN,MIL,B,,,1,0,2024,-0.86,1.4,1.492182823483062,1.9290161279248348,,,661388.0,1,8,Top,,,,,,,9.473967426119708,-133.00555331381477,-5.952867757495574,-12.116542896187095,26.999299952067496,-14.46068819628337,3.33049150886607,1.66436463650945,,,,92.2,2367.0,6.7,746732,663886,687952,663697,600869,682829,668715,666181,641584,53.85,,,,,,,,68,2,4-Seam Fastball,3,9,9,3,9,3,9,3,Infield shade,Standard,218.0,0.0,0.056,,,,,-0.056,,-6,6,0.008,0.992,26,32,27,33,2,4,,1,39.0,1.0,1.32,0.86,-0.86,29.7,,,,,
FF,2024-04-09,92.7,-1.33,5.39,"Yelich, Christian",592885,686730,,ball,,,,,14.0,,R,L,R,CIN,MIL,B,,,0,0,2024,-0.63,1.31,1.2466461595342495,1.995259676556548,,,661388.0,1,8,Top,,,,,,,8.020755451939314,-134.81511302149673,-5.819042661073451,-9.38847883421844,26.8159339528406,-15.135875676757092,3.32484770189051,1.6644537661257,,,,93.5,2269.0,6.6,746732,663886,687952,663697,600869,682829,668715,666181,641584,53.87,,,,,,,,68,1,4-Seam Fastball,3,9,9,3,9,3,9,3,Infield shade,Standard,218.0,0.0,0.036,,,,,-0.036,,-6,6,0.008,0.992,26,32,27,33,2,4,,1,39.0,1.0,1.33,0.63,-0.63,30.7,,,,,
CH,2024-04-09,87.7,-1.63,5.18,"Yelich, Christian",592885,686730,field_out,hit_into_play,,,,,7.0,Christian Yelich flies out to left fielder Spencer Steer.,R,L,R,CIN,MIL,X,7.0,fly_ball,0,2,2024,-1.33,0.83,-0.5349742183048536,1.8363397104940355,,,661388.0,0,7,Top,59.06,105.71,,,,,5.434664586394703,-127.54264744878697,-3.696071776911468,-15.664843858219506,26.104648484686827,-22.57181982135433,3.29,1.71,284.0,93.7,49.0,88.3,1761.0,6.7,746732,663886,687952,663697,600869,682829,668715,666181,641584,53.81,0.001,0.0,0.0,1.0,0.0,0.0,3.0,53,3,Changeup,1,6,6,1,6,1,6,1,Infield shade,Standard,242.0,0.002,-0.155,71.5,7.9,,0.001,0.155,93.7,-5,5,0.03,0.97,26,32,27,33,1,3,,1,39.0,1.0,2.14,1.33,-1.33,28.4,12.064711766707218,3.327555068793547,36.96354786137062,43.2328775002309,30.32709804137308
CH,2024-04-09,86.5,-1.6,5.25,"Yelich, Christian",592885,686730,,swinging_strike,,,,,8.0,,R,L,R,CIN,MIL,S,,,0,1,2024,-1.46,0.8,0.0642427379881398,2.141552163143255,,,661388.0,0,7,Top,,,,,,,6.977691828181829,-125.68760511171531,-2.7815513786875723,-16.91721204574414,27.46210041451026,-23.315332458715712,3.29,1.71,,,,86.4,1778.0,6.5,746732,663886,687952,663697,600869,682829,668715,666181,641584,54.01,,,,,,,,53,2,Changeup,1,6,6,1,6,1,6,1,Infield shade,Standard,252.0,0.001,-0.048,74.0,8.6,2.918185212,,0.048,,-5,5,0.029,0.971,26,32,27,33,1,3,,1,39.0,1.0,2.27,1.46,-1.46,26.2,34.86003286186028,-33.36798630736899,38.48733236863581,36.27740526842501,52.653847793567
ST,2024-04-09,82.2,-1.92,5.1,"Yelich, Christian",592885,686730,,called_strike,,,,,5.0,,R,L,R,CIN,MIL,S,,,0,0,2024,1.2,0.19,0.1927829308650509,2.259847180347533,,,661388.0,0,7,Top,,,,,,,2.4609793990493145,-119.81666734533177,-0.3193850893627994,11.201565082384224,21.661641159527534,-30.481134658483874,3.25417595170163,1.50656814659951,,,,82.9,2722.0,6.5,746732,663886,687952,663697,600869,682829,668715,666181,641584,53.97,,,,,,,,53,1,Sweeper,1,6,6,1,6,1,6,1,Infield shade,Standard,84.0,0.001,-0.042,,,,,0.042,,-5,5,0.028,0.972,26,32,27,33,1,3,,1,39.0,1.0,3.15,-1.2,1.2,24.0,,,,,
FC,2024-04-09,89.7,-1.31,5.8,"Yelich, Christian",592885,593423,field_out,hit_into_play,,,,,12.0,"Christian Yelich grounds out, pitcher Frankie Montas to first baseman Christian Encarnacion-Strand.",R,L,R,CIN,MIL,X,1.0,ground_ball,3,2,2024,0.14,0.63,0.9154006495919588,2.710616393718208,,,,2,1,Top,137.54,183.36,,,,,5.161209713735106,-130.63261497570227,-2.9821064474583547,0.6199984712817627,26.41567583587112,-24.580293633680004,3.29,1.71,1.0,61.5,-61.0,89.1,2454.0,5.8,746732,663886,687952,663697,600869,682829,668715,666181,641584,54.73,0.259,0.286,0.0,1.0,0.0,0.0,2.0,3,6,Cutter,0,0,0,0,0,0,0,0,Infield shade,Standard,182.0,0.012,-0.325,67.6,6.0,,0.261,0.325,88.0,0,0,0.536,0.464,31,32,31,33,1,0,6.0,1,6.0,1.0,2.19,-0.14,0.14,38.6,-7.407767587309325,24.86911005755903,40.32934252891702,26.91001795171254,19.669642816908286
SI,2024-04-09,94.5,-1.23,5.77,"Yelich, Christian",592885,593423,,ball,,,,,12.0,,R,L,R,CIN,MIL,B,,,2,2,2024,-0.93,0.71,0.0829855081458391,3.544266071065376,,,,2,1,Top,,,,,,,5.396805342200647,-137.50350579929872,-1.6831595859784054,-12.940078878635155,30.99581430989999,-23.016235993270996,3.2838055333692,1.56913747996927,,,,93.3,2187.0,5.6,746732,663886,687952,663697,600869,682829,668715,666181,641584,54.9,,,,,,,,3,5,Sinker,0,0,0,0,0,0,0,0,Infield shade,Standard,214.0,-0.004,0.106,,,,,-0.106,,0,0,0.54,0.46,31,32,31,33,1,0,6.0,1,6.0,1.0,1.85,0.93,-0.93,35.9,,,,,
FF,2024-04-09,95.0,-1.48,5.84,"Yelich, Christian",592885,593423,,ball,,,,,12.0,,R,L,R,CIN,MIL,B,,,1,2,2024,-0.77,1.24,0.3236459421411599,4.274391212298935,,,,2,1,Top,,,,,,,6.352188228457744,-138.2473872246073,-1.1761674106040252,-11.278617367886977,32.37281364539511,-16.3141326023411,3.31160123387392,1.56760282114458,,,,93.7,2382.0,5.6,746732,663886,687952,663697,600869,682829,668715,666181,641584,54.86,,,,,,,,3,4,4-Seam Fastball,0,0,0,0,0,0,0,0,Infield shade,Standard,220.0,-0.001,0.039,,,,,-0.039,,0,0,0.541,0.459,31,32,31,33,1,0,6.0,1,6.0,1.0,1.3,0.77,-0.77,37.3,,,,,
FS,2024-04-09,85.7,-1.5,5.77,"Yelich, Christian",592885,593423,,ball,,,,,13.0,,R,L,R,CIN,MIL,B,,,0,2,2024,-1.24,0.19,-0.3287034404415516,1.0388807446280497,,,,2,1,Top,,,,,,,5.208364751880213,-124.61559442281028,-5.245273044327886,-13.933826014601047,25.422235257629787,-29.305460299542617,3.2391473239715,1.46614267357494,,,,84.9,1657.0,5.8,746732,663886,687952,663697,600869,682829,668715,666181,641584,54.69,,,,,,,,3,3,Split-Finger,0,0,0,0,0,0,0,0,Infield shade,Standard,241.0,-0.001,0.023,,,,,-0.023,,0,0,0.542,0.458,31,32,31,33,1,0,6.0,1,6.0,1.0,2.92,1.24,-1.24,35.0,,,,,
FS,2024-04-09,85.5,-1.54,5.69,"Yelich, Christian",592885,593423,,called_strike,,,,,8.0,,R,L,R,CIN,MIL,S,,,0,1,2024,-1.3,0.27,0.1442766657315746,1.6830668092344774,,,,2,1,Top,,,,,,,6.556338011462849,-124.42619594364432,-3.7044402651309207,-14.861220672260933,24.053813117499644,-28.835594414570696,3.33565521851121,1.44585075023441,,,,85.0,1664.0,5.9,746732,663886,687952,663697,600869,682829,668715,666181,641584,54.59,,,,,,,,3,2,Split-Finger,0,0,0,0,0,0,0,0,Infield shade,Standard,241.0,0.002,-0.058,,,,,0.058,,0,0,0.54,0.46,31,32,31,33,1,0,6.0,1,6.0,1.0,2.84,1.3,-1.3,34.2,,,,,
FC,2024-04-09,89.7,-1.44,5.86,"Yelich, Christian",592885,593423,,called_strike,,,,,1.0,,R,L,R,CIN,MIL,S,,,0,0,2024,0.23,0.62,-0.680155621168528,2.795706476473097,,,,2,1,Top,,,,,,,1.3709964982017353,-130.73261518210265,-2.943835410160471,2.3960986328890628,25.6949909419363,-24.656360210883182,3.36081315732242,1.50029256155466,,,,89.4,2435.0,5.8,746732,663886,687952,663697,600869,682829,668715,666181,641584,54.65,,,,,,,,3,1,Cutter,0,0,0,0,0,0,0,0,Infield shade,Standard,187.0,0.002,-0.041,,,,,0.041,,0,0,0.538,0.462,31,32,31,33,1,0,6.0,1,6.0,1.0,2.19,-0.23,0.23,39.9,,,,,
FC,2024-04-08,94.6,-0.54,6.44,"Yelich, Christian",592885,668933,field_out,hit_into_play,,,,,12.0,Christian Yelich lines out to right fielder Stuart Fairchild.,R,L,R,CIN,MIL,X,9.0,line_drive,0,0,2024,-0.06,0.58,0.922620630154044,2.8339273772921905,,686554.0,661388.0,2,5,Top,178.31,101.85,,,,,3.891009641009452,-137.77586641493932,-4.9648078280248535,-1.598676358615123,30.21655942973276,-23.87293221268847,3.29,1.71,274.0,93.0,19.0,93.3,2457.0,5.4,746735,663886,687952,669289,600869,682829,668715,669352,656413,55.08,0.403,0.415,0.0,1.0,0.0,0.0,4.0,44,1,Cutter,8,3,3,8,3,8,3,8,Standard,Standard,201.0,0.021,-0.279,68.1,6.9,,0.571,0.279,93.0,5,-5,0.939,0.061,26,32,26,33,3,2,6.0,2,6.0,1.0,1.96,0.06,-0.06,55.8,15.979880498514106,7.988781121968618,32.290959412217795,26.313537266078413,31.108759882764105
SI,2024-04-08,98.1,-0.51,6.44,"Yelich, Christian",592885,668933,strikeout,swinging_strike,,,,,2.0,Christian Yelich strikes out swinging.,R,L,R,CIN,MIL,S,2.0,,0,2,2024,-0.83,0.76,-0.234680003440061,3.2362911622206134,,,,1,4,Top,,,,,,,2.63095508048834,-142.8852940711535,-4.876374754176464,-12.004543116262347,33.18342029395263,-20.883421808261243,3.29,1.71,,,,96.7,2287.0,5.4,746735,663886,687952,669289,600869,682829,668715,669352,656413,55.07,,0.0,0.0,1.0,0.0,0.0,,25,3,Sinker,2,0,0,2,0,2,0,2,Strategic,Standard,215.0,0.011,-0.162,71.4,6.5,0.792698808,,0.162,,2,-2,0.763,0.237,26,32,26,33,2,1,6.0,2,6.0,1.0,1.61,0.83,-0.83,53.5,4.221212904138126,20.401629124911956,33.72061362094046,39.73175169000537,17.414690388465296
SI,2024-04-08,96.4,-0.87,6.12,"Yelich, Christian",592885,668933,,called_strike,,,,,11.0,,R,L,R,CIN,MIL,S,,,0,1,2024,-0.62,0.69,-0.3468358575416412,3.4176462778400927,,,,1,4,Top,,,,,,,2.7505791912191806,-140.41251371309383,-3.180574979613666,-8.820958996248034,30.66040106452571,-22.471220158654138,3.28137332362934,1.67264894082516,,,,95.2,2242.0,5.5,746735,663886,687952,669289,600869,682829,668715,669352,656413,55.05,,,,,,,,25,2,Sinker,2,0,0,2,0,2,0,2,Infield shade,Standard,212.0,0.004,-0.057,,,,,0.057,,2,-2,0.759,0.241,26,32,26,33,2,1,6.0,2,6.0,1.0,1.75,0.62,-0.62,43.4,,,,,
SL,2024-04-08,89.1,-0.68,6.25,"Yelich, Christian",592885,668933,,foul,,,,,12.0,,R,L,R,CIN,MIL,S,,,0,0,2024,1.0,0.02,1.0419826227643272,2.8056908552358086,,,,1,4,Top,,,,,,,2.084533578028314,-129.69406216390962,-2.425489069716652,10.850920550996165,28.196283101954283,-31.68854215591995,3.29,1.71,59.0,74.8,3.0,87.8,2872.0,5.6,746735,663886,687952,669289,600869,682829,668715,669352,656413,54.94,,,,,,,,25,1,Slider,2,0,0,2,0,2,0,2,Infield shade,Standard,57.0,0.003,-0.037,73.2,7.7,,,0.037,88.0,2,-2,0.756,0.244,26,32,26,33,2,1,6.0,2,6.0,1.0,2.86,-1.0,1.0,47.5,17.14780053951441,-8.584952091869228,35.74926245644391,26.24120353406556,33.43318518090489
FC,2024-04-08,98.2,-0.42,6.43,"Yelich, Christian",592885,668933,field_out,hit_into_play,,,,,12.0,"Christian Yelich grounds out, second baseman Santiago Espinal to first baseman Christian Encarnacion-Strand.",R,L,R,CIN,MIL,X,4.0,ground_ball,0,2,2024,0.06,0.71,1.0410120781421437,2.898892998401106,,,,2,1,Top,145.39,157.53,,,,,3.762744026965487,-142.99400180164474,-5.71163336625628,0.0270952521180443,29.02008746170349,-21.35408426021624,3.29,1.71,18.0,65.6,-7.0,97.1,2403.0,5.3,746735,663886,687952,669289,600869,682829,668715,669352,656413,55.16,0.072,0.066,0.0,1.0,0.0,0.0,2.0,3,5,Cutter,0,0,0,0,0,0,0,0,Strategic,Standard,195.0,0.006,-0.157,66.5,6.3,,0.074,0.157,88.0,0,0,0.542,0.458,26,32,26,33,1,0,6.0,2,6.0,1.0,1.63,-0.06,0.06,49.2,-1.4777583973189845,15.955974245455852,39.27412182259006,25.051609521347544,22.224992569845035
SL,2024-04-08,90.3,-0.59,6.15,"Yelich, Christian",592885,668933,,foul,,,,,14.0,,R,L,R,CIN,MIL,S,,,0,2,2024,0.91,0.1,0.9445043281928136,2.228965815944449,,,,2,1,Top,,,,,,,1.8646761170623705,-131.5177607326065,-4.000298811238154,10.134059890092338,27.566783280644565,-30.36255002445939,3.29,1.71,192.0,64.8,35.0,89.2,2928.0,5.5,746735,663886,687952,669289,600869,682829,668715,669352,656413,54.99,,,,,,,,3,4,Slider,0,0,0,0,0,0,0,0,Strategic,Standard,56.0,0.0,0.0,72.0,7.5,,,0.0,88.0,0,0,0.542,0.458,26,32,26,33,1,0,6.0,2,6.0,1.0,2.69,-0.91,0.91,44.3,9.944566322396978,-1.5248528705588036,44.64824724905464,26.27887707557013,28.76264425263067
FC,2024-04-08,99.0,-0.35,6.48,"Yelich, Christian",592885,668933,,foul,,,,,6.0,,R,L,R,CIN,MIL,S,,,0,2,2024,0.02,0.86,0.5257240152928038,2.7198474789557308,,,,2,1,Top,,,,,,,2.3085232891274297,-144.23702919727347,-6.806214696551459,-0.1366067795889413,29.59837323573342,-18.88071972667624,3.29,1.71,102.0,65.1,10.0,98.0,2360.0,5.4,746735,663886,687952,669289,600869,682829,668715,669352,656413,55.12,,,,,,,,3,3,Cutter,0,0,0,0,0,0,0,0,Infield shade,Standard,200.0,0.0,0.0,66.2,6.2,,,0.0,88.0,0,0,0.542,0.458,26,32,26,33,1,0,6.0,2,6.0,1.0,1.44,-0.02,0.02,50.5,-11.182141685608734,27.24425630296957,38.09276311867304,31.258242985403143,17.110374531589116
FC,2024-04-08,97.2,-0.37,6.52,"Yelich, Christian",592885,668933,,foul,,,,,11.0,,R,L,R,CIN,MIL,S,,,0,1,2024,0.13,0.71,-0.0265082681316812,3.441095671169561,,,,2,1,Top,,,,,,,0.6067887727656132,-141.7130108531747,-4.334203827191495,1.7040188235868043,29.64991261142843,-21.897667070765,3.29,1.71,257.0,79.7,31.0,95.9,2403.0,5.3,746735,663886,687952,669289,600869,682829,668715,669352,656413,55.25,,,,,,,,3,2,Cutter,0,0,0,0,0,0,0,0,Infield shade,Standard,199.0,0.002,-0.058,61.8,6.0,,,0.058,88.0,0,0,0.54,0.46,26,32,26,33,1,0,6.0,2,6.0,1.0,1.68,-0.13,0.13,51.0,-6.0874071103364695,33.28076621750471,30.389651956710768,37.28444614632912,12.717642456952548
FC,2024-04-08,97.4,-0.52,6.48,"Yelich, Christian",592885,668933,,called_strike,,,,,12.0,,R,L,R,CIN,MIL,S,,,0,0,2024,0.13,0.66,0.4474496627011078,3.701777913647568,,,,2,1,Top,,,,,,,2.276213323074905,-141.86160499301167,-3.4621458678761337,1.2715702642885298,30.39290253187296,-22.657672640824043,3.39192566672909,1.66265560078598,,,,96.2,2380.0,5.4,746735,663886,687952,669289,600869,682829,668715,669352,656413,55.12,,,,,,,,3,1,Cutter,0,0,0,0,0,0,0,0,Infield shade,Standard,194.0,0.002,-0.041,,,,,0.041,,0,0,0.538,0.462,26,32,26,33,1,0,6.0,2,6.0,1.0,1.72,-0.13,0.13,49.5,,,,,
FF,2024-04-08,95.5,2.03,6.43,"Yelich, Christian",592885,458677,home_run,hit_into_play,,,,,11.0,Christian Yelich homers (4) on a fly ball to left field. William Contreras scores.,R,L,L,CIN,MIL,X,,fly_ball,1,1,2024,0.64,1.65,-0.1064579904947261,3.677839868796344,,661388.0,,0,7,Top,32.26,86.87,,,,,-7.009141493793467,-138.871300228143,-5.317419879400824,9.760643887687536,29.32820881175504,-9.73923601051624,3.29,1.71,360.0,99.7,30.0,95.0,2129.0,5.9,746735,663886,687952,669289,600869,682829,668715,669352,656413,54.58,0.514,0.9947631578947372,2.0,1.0,0.0,3.0,6.0,61,3,4-Seam Fastball,9,6,6,9,8,9,8,9,Infield shade,Standard,147.0,-0.142,1.015,65.4,6.4,,1.94,-1.015,99.7,3,-3,0.834,0.166,36,32,37,33,1,3,5.0,2,6.0,1.0,0.84,0.64,0.64,45.6,11.143576906887883,21.197680058324856,23.72202068382269,39.66208199902047,19.611875794437665
SL,2024-04-08,88.0,2.0,6.38,"Yelich, Christian",592885,458677,,blocked_ball,,,,,13.0,,R,L,L,CIN,MIL,B,,,0,1,2024,-0.29,0.59,-0.742468761802205,0.98593595060423,,661388.0,,0,7,Top,,,,,,,-6.017580998058282,-127.9873557508024,-8.232822901729243,-2.1283408415488965,24.13100303392751,-24.24712636309774,3.24186345810018,1.68308209925046,,,,88.1,2306.0,6.2,746735,663886,687952,669289,600869,682829,668715,669352,656413,54.31,,,,,,,,61,2,Slider,9,6,6,9,6,9,6,9,Infield shade,Standard,190.0,-0.005,0.036,,,,,-0.036,,3,-3,0.839,0.161,36,32,37,33,1,3,5.0,2,6.0,1.0,2.34,-0.29,-0.29,49.4,,,,,
FF,2024-04-08,92.4,-2.28,4.6,"Yelich, Christian",592885,664747,walk,ball,,,,,12.0,Christian Yelich walks.,R,L,R,CIN,MIL,B,,,3,2,2024,-0.41,1.17,1.0871245973151669,3.224188026126813,,,,1,9,Top,,,,,,,9.743238992998096,-134.3921883893355,-0.2803351683577926,-6.854815715536716,25.327151283611265,-18.02178051300007,3.30488499998086,1.70344427342992,,,,95.5,2640.0,7.8,746735,663886,687952,669289,600869,682829,668715,669352,656413,52.71,,0.689131,0.7,1.0,0.0,0.0,,79,6,4-Seam Fastball,10,8,8,10,8,10,8,10,Strategic,Standard,223.0,-0.045,0.348,,,,,-0.348,,2,-2,0.955,0.045,27,32,28,33,1,4,2.0,2,6.0,1.0,1.48,0.41,-0.41,10.7,,,,,
FF,2024-04-08,95.0,2.11,6.39,"Yelich, Christian",592885,458677,,called_strike,,,,,5.0,,R,L,L,CIN,MIL,S,,,0,0,2024,0.79,1.5,-0.1436747491369282,2.651514778861072,,661388.0,,0,7,Top,,,,,,,-7.625890945024112,-138.04465951211876,-7.459503198508483,11.76489248028766,29.21963027501453,-11.477157555968336,3.25526666941234,1.71782982214815,,,,94.5,2221.0,6.0,746735,663886,687952,669289,600869,682829,668715,669352,656413,54.52,,,,,,,,61,1,4-Seam Fastball,9,6,6,9,6,9,6,9,Standard,Standard,146.0,0.007,-0.035,,,,,0.035,,3,-3,0.832,0.168,36,32,37,33,1,3,5.0,2,6.0,1.0,1.02,0.79,0.79,44.1,,,,,
SL,2024-04-08,87.3,-2.28,4.64,"Yelich, Christian",592885,664747,,ball,,,,,13.0,,R,L,R,CIN,MIL,B,,,2,2,2024,0.43,0.19,-0.0933009674001645,0.8380577989040696,,,,1,9,Top,,,,,,,4.4954405682530325,-127.14264808488528,-3.5456752450891003,3.9304802472594007,22.43280251829702,-29.66599948910841,3.29065563235205,1.69634980434918,,,,90.1,2672.0,7.6,746735,663886,687952,669289,600869,682829,668715,669352,656413,52.88,,,,,,,,79,5,Slider,10,8,8,10,8,10,8,10,Infield shade,Standard,133.0,-0.012,0.108,,,,,-0.108,,2,-2,0.967,0.033,27,32,28,33,1,4,2.0,2,6.0,1.0,2.76,-0.43,0.43,8.9,,,,,
SL,2024-04-08,87.4,-2.36,4.62,"Yelich, Christian",592885,664747,,ball,,,,,14.0,,R,L,R,CIN,MIL,B,,,1,2,2024,0.38,0.07,0.630499802456844,0.7078161748618053,,,,1,9,Top,,,,,,,6.596525658864923,-127.18314768926687,-3.5497533654318856,2.901364645837183,23.4841318845134,-30.972498828591416,3.27626714825782,1.68909358104625,,,,89.9,2717.0,7.6,746735,663886,687952,669289,600869,682829,668715,669352,656413,52.88,,,,,,,,79,4,Slider,10,8,8,10,8,10,8,10,Infield shade,Standard,140.0,-0.003,0.043,,,,,-0.043,,2,-2,0.97,0.03,27,32,28,33,1,4,2.0,2,6.0,1.0,2.89,-0.38,0.38,11.4,,,,,
SL,2024-04-08,87.3,-2.22,4.62,"Yelich, Christian",592885,664747,,ball,,,,,14.0,,R,L,R,CIN,MIL,B,,,0,2,2024,0.5,0.29,1.294884869071303,0.7009899495797085,,,,1,9,Top,,,,,,,7.6131124356641235,-127.07529826450052,-4.052826181399317,4.168971726970351,22.5300321808648,-28.38748907959786,3.46559819581442,1.68918131135166,,,,90.0,2693.0,7.6,746735,663886,687952,669289,600869,682829,668715,669352,656413,52.88,,,,,,,,79,3,Slider,10,8,8,10,8,10,8,10,Strategic,Standard,134.0,-0.003,0.02,,,,,-0.02,,2,-2,0.973,0.027,27,32,28,33,1,4,2.0,2,6.0,1.0,2.66,-0.5,0.5,11.1,,,,,
SL,2024-04-08,87.5,-2.24,4.65,"Yelich, Christian",592885,664747,,swinging_strike,,,,,14.0,,R,L,R,CIN,MIL,S,,,0,1,2024,0.56,0.26,0.6145378094185078,1.1339787273916562,,,,1,9,Top,,,,,,,5.890999413556073,-127.48922821505788,-3.025980129110506,5.10178309790716,22.561792548587228,-28.986298300265968,3.29,1.71,,,,90.3,2780.0,7.6,746735,663886,687952,669289,600869,682829,668715,669352,656413,52.91,,,,,,,,79,2,Slider,10,8,8,10,8,10,8,10,Infield shade,Standard,133.0,0.006,-0.057,45.7,7.7,2.288216268,,0.057,,2,-2,0.967,0.033,27,32,28,33,1,4,2.0,2,6.0,1.0,2.68,-0.56,0.56,12.6,11.847704148857185,3.732628079688356,49.64944024047256,30.79504838478558,29.91361408133333
FF,2024-04-08,93.8,-2.19,4.52,"Yelich, Christian",592885,664747,,called_strike,,,,,3.0,,R,L,R,CIN,MIL,S,,,0,0,2024,-0.97,0.98,0.724184886518055,3.2390975513485483,,,,1,9,Top,,,,,,,9.946370675423015,-136.45207543507226,0.1890890934592903,-14.163436998786672,26.096792666196333,-20.021055598106948,3.2501278734827,1.69864767127244,,,,96.7,2733.0,7.7,746735,663886,687952,669289,600869,682829,668715,669352,656413,52.83,,,,,,,,79,1,4-Seam Fastball,10,8,8,10,8,10,8,10,Infield shade,Standard,238.0,0.004,-0.037,,,,,0.037,,2,-2,0.963,0.037,27,32,28,33,1,4,2.0,2,6.0,1.0,1.58,0.97,-0.97,6.0,,,,,
FS,2024-04-06,83.4,-1.56,5.15,"Yelich, Christian",592885,682243,field_out,hit_into_play,,,,,8.0,"Christian Yelich grounds out, second baseman Jorge Polanco to first baseman Dylan Moore.",R,L,R,MIL,SEA,X,4.0,ground_ball,0,1,2024,-0.74,-0.35,-0.0857941012427992,1.6225649473607562,,,661388.0,2,6,Bot,156.34,158.53,,,,,4.8804523175915735,-121.26966708324348,-0.8495085725779196,-8.371060596724895,27.761817414090697,-35.67303134286209,3.27,1.69,37.0,93.1,0.0,83.3,907.0,6.7,746006,663728,664238,593871,649966,641487,669392,677594,571745,53.82,0.375,0.342,0.0,1.0,0.0,0.0,2.0,47,2,Split-Finger,0,3,0,3,3,0,0,3,Infield shade,Standard,275.0,-0.02,-0.224,77.8,7.9,,0.397,0.224,93.1,-3,-3,0.127,0.127,25,32,26,33,3,2,6.0,1,6.0,2.0,3.68,0.74,-0.74,38.6,12.700239096375563,-8.172603433073691,40.33946556298238,37.42430818678167,33.58127140305405
FF,2024-04-06,95.0,-1.5,5.54,"Yelich, Christian",592885,682243,,swinging_strike,,,,,1.0,,R,L,R,MIL,SEA,S,,,0,0,2024,-0.8,1.65,-0.315291173369824,3.0576213399975494,,,661388.0,2,6,Bot,,,,,,,4.901020472155395,-138.0926363714084,-4.45681698918411,-11.390202990114128,34.66104841500318,-10.382476439394274,3.27,1.69,,,,94.5,2464.0,6.3,746006,663728,664238,593871,649966,641487,669392,677594,571745,54.18,,,,,,,,47,1,4-Seam Fastball,0,3,0,3,3,0,0,3,Infield shade,Standard,210.0,-0.004,-0.047,77.3,7.5,0.402636264,,0.047,,-3,-3,0.131,0.131,25,32,26,33,3,2,6.0,1,6.0,2.0,0.91,0.8,-0.8,50.1,10.633365256612525,2.9931501732102586,30.405868733800105,40.77169781963044,24.2615551934748
FF,2024-04-06,95.3,-1.0,5.68,"Yelich, Christian",592885,682243,field_out,hit_into_play,,,,,2.0,Christian Yelich lines out to center fielder Julio Rodríguez.,R,L,R,MIL,SEA,X,8.0,line_drive,3,2,2024,-0.44,1.58,0.2380510724035907,3.390324721217349,,661388.0,,0,4,Bot,122.55,73.78,,,,,4.258428374540861,-138.65600743937156,-3.905338891303454,-6.615663458360838,32.453216884750105,-11.165568249772187,3.27,1.69,312.0,86.6,25.0,95.5,2373.0,6.5,746006,663728,664238,593871,649966,641487,669392,677594,571745,53.99,0.089,0.097,0.0,1.0,0.0,0.0,3.0,31,7,4-Seam Fastball,0,3,0,3,3,0,0,3,Standard,Standard,203.0,-0.054,-0.31,70.2,6.8,,0.159,0.31,88.0,-3,-3,0.288,0.288,25,32,26,33,2,1,6.0,1,6.0,2.0,0.94,0.44,-0.44,46.7,9.343072571128737,6.362609010601997,29.509872904089672,35.1819956381961,24.425586827421714
FS,2024-04-06,85.0,-1.43,5.39,"Yelich, Christian",592885,682243,,ball,,,,,13.0,,R,L,R,MIL,SEA,B,,,2,2,2024,-1.13,-0.1,-1.2888782685080789,1.6750551825456506,,661388.0,,0,4,Bot,,,,,,,2.62667283146156,-123.62309194621852,-2.092712739362104,-12.09769561503522,28.188918250067218,-32.992256474813225,3.33370775140506,1.73843654735971,,,,84.9,660.0,6.6,746006,663728,664238,593871,649966,641487,669392,677594,571745,53.92,,,,,,,,31,6,Split-Finger,0,3,0,3,3,0,0,3,Standard,Standard,242.0,0.014,0.062,,,,,-0.062,,-3,-3,0.274,0.274,25,32,26,33,2,1,6.0,1,6.0,2.0,3.3,1.13,-1.13,42.3,,,,,
FS,2024-04-06,84.1,-1.35,5.34,"Yelich, Christian",592885,682243,,foul,,,,,14.0,,R,L,R,MIL,SEA,S,,,2,2,2024,-0.39,-0.48,0.2385166129112056,1.0825786357348828,,661388.0,,0,4,Bot,,,,,,,4.498797164642989,-122.45496019117142,-2.5510414769402248,-4.836046967706428,23.88208621822013,-36.75574888497322,3.27,1.69,1.0,101.5,-37.0,84.9,843.0,6.7,746006,663728,664238,593871,649966,641487,669392,677594,571745,53.76,,,,,,,,31,5,Split-Finger,0,3,0,3,3,0,0,3,Infield shade,Standard,247.0,0.0,0.0,73.4,7.9,,,0.0,101.5,-3,-3,0.274,0.274,25,32,26,33,2,1,6.0,1,6.0,2.0,3.7,0.39,-0.39,40.7,9.76409694937074,3.281258774925996,46.73506560239132,33.94100300332826,26.211803846112133
FF,2024-04-06,94.9,-1.22,5.62,"Yelich, Christian",592885,682243,,foul_tip,,,,,2.0,,R,L,R,MIL,SEA,S,,,2,1,2024,-0.39,1.69,0.047698853113607,2.9783176658863604,,661388.0,,0,4,Bot,,,,,,,4.196944738983175,-138.09303858274686,-4.9916713978744935,-5.979649048413613,33.138264272249415,-9.742471240286791,3.27,1.69,,,,94.9,2556.0,6.5,746006,663728,664238,593871,649966,641487,669392,677594,571745,54.03,,,,,,,,31,4,4-Seam Fastball,0,3,0,3,3,0,0,3,Standard,Standard,205.0,-0.012,-0.06,76.5,7.2,,,0.06,,-3,-3,0.286,0.286,25,32,26,33,2,1,6.0,1,6.0,2.0,0.86,0.39,-0.39,50.8,9.731631469114753,6.413525429422641,34.13685380363252,36.234419622056905,22.136584803644027
FS,2024-04-06,84.2,-1.33,5.36,"Yelich, Christian",592885,682243,,ball,,,,,14.0,,R,L,R,MIL,SEA,B,,,1,1,2024,-0.62,-0.11,0.066675249014681,0.9686502587449168,,661388.0,,0,4,Bot,,,,,,,4.51554521021356,-122.44663881568256,-3.565519037055441,-7.184254584761813,25.705189864543875,-32.7170909592933,3.33370968089359,1.77042254634032,,,,84.6,745.0,6.7,746006,663728,664238,593871,649966,641487,669392,677594,571745,53.76,,,,,,,,31,3,Split-Finger,0,3,0,3,3,0,0,3,Infield shade,Standard,239.0,0.007,0.041,,,,,-0.041,,-3,-3,0.279,0.279,25,32,26,33,2,1,6.0,1,6.0,2.0,3.34,0.62,-0.62,42.2,,,,,
SL,2024-04-06,86.1,-1.47,5.51,"Yelich, Christian",592885,682243,,foul,,,,,6.0,,R,L,R,MIL,SEA,S,,,1,0,2024,0.51,-0.16,0.2869663974922801,2.506630973651806,,661388.0,,0,4,Bot,,,,,,,3.158818128180122,-125.34482117229706,-0.5478656720274796,4.695576985062698,25.612062745688377,-34.01390558029014,3.27,1.69,,,,86.3,2561.0,6.4,746006,663728,664238,593871,649966,641487,669392,677594,571745,54.1,,,,,,,,31,2,Slider,0,3,0,3,3,0,0,3,Infield shade,Standard,109.0,-0.007,-0.036,78.0,7.6,,,0.036,,-3,-3,0.286,0.286,25,32,26,33,2,1,6.0,1,6.0,2.0,3.24,-0.51,0.51,49.5,13.85155068474112,-1.7634044751237816,32.79227834385567,32.89941023915492,29.262468436917622
ST,2024-04-06,79.8,-1.55,5.43,"Yelich, Christian",592885,682243,,ball,,,,,11.0,,R,L,R,MIL,SEA,B,,,0,0,2024,1.34,-0.25,-0.7007157703662135,3.808643084564006,,661388.0,,0,4,Bot,,,,,,,-0.6529897178481323,-115.97911762271268,3.757988433605405,12.12027984958352,25.122644836809545,-35.45875030542287,3.33989346472701,1.78747521836853,,,,79.2,2269.0,6.3,746006,663728,664238,593871,649966,641487,669392,677594,571745,54.17,,,,,,,,31,1,Sweeper,0,3,0,3,3,0,0,3,Standard,Standard,44.0,0.005,0.038,,,,,-0.038,,-3,-3,0.281,0.281,25,32,26,33,2,1,6.0,1,6.0,2.0,3.88,-1.34,1.34,41.3,,,,,
FS,2024-04-06,85.6,-1.38,5.41,"Yelich, Christian",592885,682243,field_out,hit_into_play,,,,,7.0,"Christian Yelich grounds out, first baseman Dylan Moore to pitcher Bryce Miller.",R,L,R,MIL,SEA,X,3.0,ground_ball,0,1,2024,-0.61,0.53,-0.5905099001765394,1.8501229559199757,,,,2,1,Bot,155.32,166.16,,,,,3.10453367410213,-124.61695226051938,-3.1945673427770624,-6.964685627985337,25.425185455785552,-26.224932047444845,3.27,1.69,8.0,70.0,-13.0,86.1,768.0,6.6,746006,663728,664238,593871,649966,641487,669392,677594,571745,53.88,0.045,0.058,0.0,1.0,0.0,0.0,2.0,7,2,Split-Finger,0,0,0,0,0,0,0,0,Infield shade,Standard,236.0,-0.008,-0.215,75.2,8.4,,0.047,0.215,88.0,0,0,0.508,0.508,25,32,26,33,1,0,6.0,1,6.0,2.0,2.58,0.61,-0.61,40.2,17.86801835556894,-10.334596557631423,37.635879272102684,43.21652231081681,36.50333809690889
ST,2024-04-06,80.9,-1.43,5.52,"Yelich, Christian",592885,682243,,called_strike,,,,,4.0,,R,L,R,MIL,SEA,S,,,0,0,2024,1.54,-0.52,-0.2801009959173057,2.4541774921901647,,,,2,1,Bot,,,,,,,-0.3754743248220153,-117.74849132186463,0.8416223279425419,14.35841987967635,23.70357444922205,-37.41174705276195,3.38104896883348,1.81791124490241,,,,80.8,2332.0,6.3,746006,663728,664238,593871,649966,641487,669392,677594,571745,54.16,,,,,,,,7,1,Sweeper,0,0,0,0,0,0,0,0,Standard,Standard,40.0,-0.002,-0.041,,,,,0.041,,0,0,0.51,0.51,25,32,26,33,1,0,6.0,1,6.0,2.0,4.02,-1.54,1.54,49.9,,,,,
FF,2024-04-06,91.8,1.73,5.39,"Yelich, Christian",592885,642100,walk,ball,,,,,12.0,Christian Yelich walks. William Contreras to 2nd.,R,L,L,MIL,SEA,B,,,3,0,2024,0.75,1.52,1.0817788500668084,3.162593358372731,,,661388.0,1,8,Bot,,,,,,,-3.220708581960773,-133.55695299590337,-2.9704037211354355,9.708618052260713,32.62347303345646,-13.722383863963058,3.34957467468477,1.79484617569519,,,,90.2,2264.0,5.6,746006,663728,664238,593871,649966,641487,670042,677594,571745,54.89,,0.689131,0.7,1.0,0.0,0.0,,64,4,4-Seam Fastball,2,4,2,4,4,2,2,4,Standard,Standard,127.0,0.034,0.12,,,,,-0.12,,-2,-2,0.229,0.229,29,32,29,33,1,3,5.0,1,3.0,2.0,1.22,0.75,0.75,26.0,,,,,
SI,2024-04-06,92.4,1.57,5.26,"Yelich, Christian",592885,642100,,ball,,,,,13.0,,R,L,L,MIL,SEA,B,,,2,0,2024,1.47,0.51,-0.820665828464245,1.5746219061345472,,,661388.0,1,8,Bot,,,,,,,-9.204777952783418,-134.15161975967797,-4.551641101840676,19.82393539310421,32.20176215221965,-25.17951806820547,3.35829101736972,1.80355760946424,,,,91.1,2016.0,5.9,746006,663728,664238,593871,649966,641487,670042,677594,571745,54.63,,,,,,,,64,3,Sinker,2,4,2,4,4,2,2,4,Standard,Standard,127.0,0.026,0.102,,,,,-0.102,,-2,-2,0.203,0.203,29,32,29,33,1,3,5.0,1,3.0,2.0,2.2,1.47,1.47,26.9,,,,,
SL,2024-04-06,82.1,1.79,5.14,"Yelich, Christian",592885,642100,,ball,,,,,13.0,,R,L,L,MIL,SEA,B,,,1,0,2024,-0.4,-0.08,-0.5514948792210614,1.367174628032934,,,661388.0,1,8,Bot,,,,,,,-4.5027130074178565,-119.47384285765092,-1.8040885934435624,-2.886310244949397,24.11079742554416,-32.839900361412056,3.45848484029835,1.70765722540849,,,,81.4,2245.0,5.9,746006,663728,664238,593871,649966,641487,670042,677594,571745,54.6,,,,,,,,64,2,Slider,2,4,2,4,4,2,2,4,Standard,Standard,268.0,0.017,0.056,,,,,-0.056,,-2,-2,0.186,0.186,29,32,29,33,1,3,5.0,1,3.0,2.0,3.48,-0.4,-0.4,23.7,,,,,
SI,2024-04-06,92.0,1.48,5.43,"Yelich, Christian",592885,642100,,ball,,,,,12.0,,R,L,L,MIL,SEA,B,,,0,0,2024,1.46,0.62,0.7155346120389114,4.496291964097552,,,661388.0,1,8,Bot,,,,,,,-5.033282606828102,-133.87098841175222,2.144180033994575,18.630529304772036,32.022980801151135,-25.555022700800592,3.37686691136647,1.68886103926697,,,,90.5,1982.0,5.6,746006,663728,664238,593871,649966,641487,670042,677594,571745,54.86,,,,,,,,64,1,Sinker,2,4,2,4,4,2,2,4,Standard,Standard,130.0,0.008,0.036,,,,,-0.036,,-2,-2,0.178,0.178,29,32,29,33,1,3,5.0,1,3.0,2.0,2.1,1.46,1.46,28.6,,,,,
SL,2024-04-05,86.4,-0.99,5.96,"Yelich, Christian",592885,669302,home_run,hit_into_play,,,,,6.0,Christian Yelich homers (3) on a fly ball to right field.,R,L,R,MIL,SEA,X,,fly_ball,1,1,2024,0.28,0.07,0.4343209383415253,2.517520018126689,,,,1,6,Bot,237.32,62.88,,,,,2.901709025820866,-125.8738274118272,-2.1528276693203616,2.362048009598564,26.60898186157085,-31.150990878033028,3.24,1.66,431.0,112.4,32.0,88.7,1755.0,7.8,746007,663728,664238,593871,668942,641487,669392,677594,571745,52.75,1.0,2.0,2.0,1.0,0.0,3.0,6.0,47,3,Slider,3,3,3,3,3,4,4,3,Infield shade,Standard,97.0,0.178,1.595,84.2,8.2,,4.0,-1.595,112.4,0,0,0.541,0.541,27,32,27,33,3,2,6.0,2,5.0,1.0,2.98,-0.28,0.28,50.3,29.157493221862545,-15.59202479688344,37.980353105827504,31.529955593748596,38.24112963274716
SL,2024-04-05,86.0,-1.01,5.87,"Yelich, Christian",592885,669302,,swinging_strike,,,,,14.0,,R,L,R,MIL,SEA,S,,,1,0,2024,0.32,-0.08,0.2769743649479211,1.347931767692125,,,,1,6,Bot,,,,,,,2.487408785583863,-125.15281888372772,-4.4027913181091485,2.8180601437934656,26.10206918294948,-32.28422900289002,3.24,1.66,,,,88.5,1877.0,7.9,746007,663728,664238,593871,668942,641487,669392,677594,571745,52.6,,,,,,,,47,2,Slider,3,3,3,3,3,3,3,3,Standard,Standard,95.0,-0.005,-0.051,76.8,8.5,0.964815024,,0.051,,0,0,0.546,0.546,27,32,27,33,3,2,6.0,2,5.0,1.0,3.17,-0.32,0.32,51.5,25.24667019348769,-17.718605122473004,40.69935700183135,33.23206606903334,42.98907782615782
ST,2024-04-05,83.3,-1.19,5.87,"Yelich, Christian",592885,669302,,ball,,,,,14.0,,R,L,R,MIL,SEA,B,,,0,0,2024,0.63,-0.24,0.4411423544447287,0.0788778721811325,,,,1,6,Bot,,,,,,,2.588520441612382,-121.25263063110576,-6.554729980273732,5.696649592722594,23.686968703205224,-33.463336262644994,3.22693553734258,1.65142985665828,,,,85.7,2012.0,7.8,746007,663728,664238,593871,668942,641487,669392,677594,571745,52.66,,,,,,,,47,1,Sweeper,3,3,3,3,3,3,3,3,Standard,Standard,37.0,0.004,0.039,,,,,-0.039,,0,0,0.542,0.542,27,32,27,33,3,2,6.0,2,5.0,1.0,3.52,-0.63,0.63,54.2,,,,,
FC,2024-04-05,90.2,-0.92,6.0,"Yelich, Christian",592885,669302,strikeout,swinging_strike,,,,,11.0,Christian Yelich strikes out swinging.,R,L,R,MIL,SEA,S,2.0,,2,2,2024,0.16,0.67,-0.0280286075354439,3.637344034223287,,,,2,3,Bot,,,,,,,1.939274378197396,-131.36077233094764,-1.3596154559183176,1.395661785957036,28.192765267994435,-24.394421527061372,3.24,1.66,,,,92.8,2153.0,7.8,746007,663728,670042,593871,668942,641487,686527,677594,571745,52.69,,0.0,0.0,1.0,0.0,0.0,,23,5,Cutter,2,0,2,0,0,2,2,0,Infield shade,Standard,171.0,-0.007,-0.219,,,,,0.219,,2,2,0.736,0.736,27,32,27,33,2,1,6.0,2,5.0,1.0,2.13,-0.16,0.16,52.9,,,,,
SL,2024-04-05,89.6,-0.91,5.89,"Yelich, Christian",592885,669302,,swinging_strike,,,,,14.0,,R,L,R,MIL,SEA,S,,,2,1,2024,-0.05,0.25,0.32941634081333,1.1008177606212477,,,,2,3,Bot,,,,,,,3.276765704927196,-130.19846599483532,-6.400796533353542,-1.3919731092471754,32.08535512271495,-28.06688607852124,3.24,1.66,,,,91.4,1903.0,7.9,746007,663728,670042,593871,668942,641487,686527,677594,571745,52.64,,,,,,,,23,4,Slider,2,0,2,0,0,2,2,0,Standard,Standard,137.0,-0.002,-0.084,76.0,8.4,2.845609704,,0.084,,2,2,0.738,0.738,27,32,27,33,2,1,6.0,2,5.0,1.0,2.64,0.05,-0.05,54.6,25.65746763694796,-15.654282845197926,42.46451874562626,34.37023446958783,46.145363682749405
SL,2024-04-05,86.6,-1.16,5.97,"Yelich, Christian",592885,669302,,swinging_strike,,,,,2.0,,R,L,R,MIL,SEA,S,,,2,0,2024,0.19,0.27,-0.2759547255151059,3.229958482465057,,,,2,3,Bot,,,,,,,1.7822866036959266,-126.12338344595494,-0.865527784206047,1.6201497139746,26.85719337126171,-29.33942098660597,3.24,1.66,,,,88.9,1848.0,7.8,746007,663728,670042,593871,668942,641487,686527,677594,571745,52.71,,,,,,,,23,3,Slider,2,0,2,0,0,2,2,0,Standard,Standard,121.0,-0.002,-0.061,75.4,7.1,0.573683376,,0.061,,2,2,0.74,0.74,27,32,27,33,2,1,6.0,2,5.0,1.0,2.78,-0.19,0.19,55.2,6.944419615777702,9.28885021895281,29.197671665461677,40.34835632308973,21.83966693146578
FC,2024-04-05,90.7,-1.01,6.04,"Yelich, Christian",592885,669302,,ball,,,,,11.0,,R,L,R,MIL,SEA,B,,,1,0,2024,0.17,0.61,-0.247522857039039,3.937292624310806,,,,2,3,Bot,,,,,,,1.5916647722235815,-132.18674030230736,-0.6511314275307776,1.6085491790595343,28.61677514278917,-25.066909416140017,3.25695503994019,1.64498031989767,,,,93.4,2252.0,7.8,746007,663728,670042,593871,668942,641487,686527,677594,571745,52.66,,,,,,,,23,2,Cutter,2,0,2,0,0,2,2,0,Standard,Standard,167.0,0.002,0.068,,,,,-0.068,,2,2,0.738,0.738,27,32,27,33,2,1,6.0,2,5.0,1.0,2.15,-0.17,0.17,59.7,,,,,
FC,2024-04-05,91.4,-1.14,5.96,"Yelich, Christian",592885,669302,,ball,,,,,11.0,,R,L,R,MIL,SEA,B,,,0,0,2024,0.16,0.67,-1.0232223688454405,3.87323598510068,,,,2,3,Bot,,,,,,,-0.0615255398982,-133.1906119391466,-0.8309265527563728,1.9080660181317664,29.1409940875878,-24.30360144841909,3.30898295471415,1.64126740706985,,,,93.9,2203.0,7.7,746007,663728,670042,593871,668942,641487,686527,677594,571745,52.77,,,,,,,,23,1,Cutter,2,0,2,0,0,2,2,0,Standard,Standard,172.0,0.001,0.04,,,,,-0.04,,2,2,0.737,0.737,27,32,27,33,2,1,6.0,2,5.0,1.0,2.06,-0.16,0.16,51.9,,,,,
FS,2024-04-05,85.8,-1.32,5.77,"Yelich, Christian",592885,669302,strikeout,called_strike,,,,,7.0,Christian Yelich called out on strikes.,R,L,R,MIL,SEA,S,2.0,,2,2,2024,-0.38,1.59,-0.3325008793202211,2.158130324471609,,,,2,1,Bot,,,,,,,3.19561169955984,-124.70279721441096,-5.522195309420219,-4.637616181488827,28.36184446760198,-14.769740420862943,3.32391615036962,1.64991611898918,,,,87.4,625.0,7.7,746007,663728,670042,593871,668942,641487,686527,677594,571745,52.83,,0.0,0.0,1.0,0.0,0.0,,7,5,Split-Finger,0,0,0,0,0,0,0,0,Infield shade,Standard,253.0,-0.008,-0.219,,,,,0.219,,0,0,0.508,0.508,27,32,27,33,1,0,6.0,2,5.0,1.0,1.55,0.38,-0.38,50.3,,,,,
FF,2024-04-05,94.8,-1.06,6.04,"Yelich, Christian",592885,669302,,ball,,,,,11.0,,R,L,R,MIL,SEA,B,,,1,2,2024,-0.05,1.49,-1.3258077235019352,2.763088663881896,,,,2,1,Bot,,,,,,,-0.6014673868689485,-138.01607501076234,-6.41754428340466,-0.4425970340558949,30.51485078969819,-11.95754443501822,3.28570706990445,1.64982681187382,,,,97.6,2197.0,7.8,746007,663728,670042,593871,668942,641487,686527,677594,571745,52.66,,,,,,,,7,4,4-Seam Fastball,0,0,0,0,0,0,0,0,Infield shade,Standard,178.0,0.001,0.039,,,,,-0.039,,0,0,0.507,0.507,27,32,27,33,1,0,6.0,2,5.0,1.0,1.05,0.05,-0.05,53.0,,,,,
ST,2024-04-05,84.3,-1.27,6.07,"Yelich, Christian",592885,669302,,foul,,,,,1.0,,R,L,R,MIL,SEA,S,,,1,1,2024,0.95,-0.06,-0.5471328075384568,2.9257035522166865,,,,2,1,Bot,,,,,,,-0.2131855666832436,-122.72569093764248,-0.8036405017269703,9.587300526589486,25.333531580231668,-32.80157486537517,3.24,1.66,222.0,84.0,24.0,85.7,1993.0,7.2,746007,663728,670042,593871,668942,641487,686527,677594,571745,53.26,,,,,,,,7,3,Sweeper,0,0,0,0,0,0,0,0,Infield shade,Standard,49.0,-0.002,-0.064,62.0,6.0,,,0.064,88.0,0,0,0.509,0.509,27,32,27,33,1,0,6.0,2,5.0,1.0,3.27,-0.95,0.95,55.2,-14.567376230724722,39.75882942950174,33.194372246498354,42.99651206194893,6.466869348803689
SL,2024-04-05,89.6,-1.18,6.05,"Yelich, Christian",592885,669302,,called_strike,,,,,2.0,,R,L,R,MIL,SEA,S,,,1,0,2024,0.2,0.17,-0.03963507566869,2.7800671326082864,,,,2,1,Bot,,,,,,,2.4521863460828963,-130.36682601094273,-2.39973853590501,1.6379260403680858,30.616774149187236,-29.98085208085175,3.28250779955069,1.6495126125157,,,,91.3,1801.0,7.6,746007,663728,670042,593871,668942,641487,686527,677594,571745,52.9,,,,,,,,7,2,Slider,0,0,0,0,0,0,0,0,Infield shade,Standard,133.0,-0.002,-0.051,,,,,0.051,,0,0,0.511,0.511,27,32,27,33,1,0,6.0,2,5.0,1.0,2.7,-0.2,0.2,51.3,,,,,
FF,2024-04-05,97.2,-1.13,6.08,"Yelich, Christian",592885,669302,,ball,,,,,11.0,,R,L,R,MIL,SEA,B,,,0,0,2024,-0.42,1.7,-0.7793030511421574,3.996385733664903,,,,2,1,Bot,,,,,,,1.951153301290832,-141.54343476420829,-4.02238666748848,-6.043953009731408,33.90540230395839,-8.61962361993442,3.24,1.66,,,,99.3,2061.0,7.5,746007,663728,670042,593871,668942,641487,686527,677594,571745,52.99,,,,,,,,7,1,4-Seam Fastball,0,0,0,0,0,0,0,0,Infield shade,Standard,206.0,0.001,0.04,,,,,-0.04,,0,0,0.51,0.51,27,32,27,33,1,0,6.0,2,5.0,1.0,0.72,0.42,-0.42,,,,,,
FS,2024-04-05,88.6,-0.81,6.45,"Yelich, Christian",592885,592773,strikeout,swinging_strike,,,,,7.0,Christian Yelich strikes out swinging.,R,L,R,MIL,SEA,S,2.0,,0,2,2024,-0.59,0.16,-0.5167694766616571,1.7391018726226428,,,661388.0,1,8,Bot,,,,,,,1.9469377485015331,-128.92882506171136,-5.759695455683837,-6.952196701836245,27.730021799191963,-29.33208021948519,3.24,1.66,,,,88.3,789.0,6.2,746007,663728,664238,593871,649966,641487,669392,677594,571745,54.32,,0.0,0.0,1.0,0.0,0.0,,64,3,Split-Finger,4,3,4,3,3,4,4,3,Infield shade,Standard,253.0,-0.01,-0.159,76.6,8.3,0.874914144,,0.159,,1,1,0.86,0.86,32,32,33,33,1,3,4.0,2,4.0,1.0,2.75,0.59,-0.59,50.8,23.63528055700372,-13.94877993661199,34.50532603040309,43.112682183564566,39.11394886162402
FF,2024-04-05,98.3,-0.99,6.51,"Yelich, Christian",592885,592773,,foul,,,,,4.0,,R,L,R,MIL,SEA,S,,,0,1,2024,-0.6,1.57,-0.5751102780919541,2.3984890984330742,,,661388.0,1,8,Bot,,,,,,,2.502021025768752,-142.88635833506794,-9.206074066761015,-8.85485135906382,36.51776542816429,-8.65888262636288,3.24,1.66,257.0,82.6,41.0,97.4,2362.0,6.1,746007,663728,664238,593871,649966,641487,669392,677594,571745,54.42,,,,,,,,64,2,4-Seam Fastball,4,3,4,3,3,4,4,3,Infield shade,Standard,211.0,-0.004,-0.052,72.1,6.9,,,0.052,88.0,1,1,0.864,0.864,32,32,33,33,1,3,4.0,2,4.0,1.0,0.81,0.6,-0.6,48.7,-4.3933798649848015,17.79202651094595,35.01770573691165,43.19970812014817,15.714547872394196
SL,2024-04-05,87.9,-1.36,6.25,"Yelich, Christian",592885,592773,,called_strike,,,,,5.0,,R,L,R,MIL,SEA,S,,,0,0,2024,0.3,-0.3,0.2196542812285886,2.412954398808976,,,661388.0,1,8,Bot,,,,,,,3.2110026626572807,-128.01921083433325,-2.5303895667233416,2.5604135117380804,28.01220655068801,-35.16198409788782,3.22998943461549,1.53326601878397,,,,87.5,2441.0,6.1,746007,663728,664238,593871,649966,641487,669392,677594,571745,54.36,,,,,,,,64,1,Slider,4,3,4,3,3,4,4,3,Infield shade,Standard,66.0,-0.003,-0.04,,,,,0.04,,1,1,0.867,0.867,32,32,33,33,1,3,4.0,2,4.0,1.0,3.26,-0.3,0.3,45.6,,,,,
CU,2024-04-03,79.9,-2.68,6.03,"Yelich, Christian",592885,663978,field_out,hit_into_play,,,,,6.0,Christian Yelich lines out to shortstop Carlos Correa.,R,L,R,MIL,MIN,X,6.0,line_drive,1,2,2024,0.76,-0.64,0.326746815712255,2.6262200861600085,,,,1,3,Bot,117.88,138.96,,,,,5.231614262695901,-116.21328792598868,0.4779784116749064,5.904889873349939,22.30831106689855,-38.296068212536326,3.24,1.66,157.0,78.4,13.0,80.7,2183.0,6.9,746008,680777,467793,666397,571657,621043,666135,650489,596146,53.6,0.524,0.471,0.0,1.0,0.0,0.0,4.0,25,4,Curveball,1,0,1,0,0,1,1,0,Infield shade,Standard,41.0,-0.01,-0.182,72.9,6.9,,0.55,0.182,88.0,1,1,0.643,0.643,28,32,28,33,2,1,,1,7.0,2.0,4.22,-0.76,0.76,44.4,1.9937521913373415,11.022726198058876,38.98096311772306,32.90409793438472,23.355313769802517
FF,2024-04-03,94.8,-2.51,6.18,"Yelich, Christian",592885,663978,,ball,,,,,11.0,,R,L,R,MIL,MIN,B,,,0,2,2024,-0.88,1.45,-0.3103602234507678,4.628078247037033,,,,1,3,Bot,,,,,,,7.800073535665762,-137.83231203545895,-1.637666006551337,-12.94482914507252,30.856762754962038,-13.527236372312965,3.26603679600031,1.75656098603084,,,,95.8,2258.0,6.9,746008,680777,467793,666397,571657,621043,666135,650489,596146,53.57,,,,,,,,25,3,4-Seam Fastball,1,0,1,0,0,1,1,0,Infield shade,Standard,208.0,0.001,0.02,,,,,-0.02,,1,1,0.642,0.642,28,32,28,33,2,1,,1,7.0,2.0,1.09,0.88,-0.88,47.4,,,,,
CU,2024-04-03,78.3,-2.83,6.18,"Yelich, Christian",592885,663978,,foul,,,,,5.0,,R,L,R,MIL,MIN,S,,,0,1,2024,0.61,-1.05,0.083890646060129,2.465771745937361,,,,1,3,Bot,,,,,,,5.212452069828519,-113.8537361746118,0.9033466604291888,4.148231417458383,23.80526972148887,-41.63990278231913,3.24,1.66,5.0,83.9,-25.0,78.5,2314.0,6.8,746008,680777,467793,666397,571657,621043,666135,650489,596146,53.69,,,,,,,,25,2,Curveball,1,0,1,0,0,1,1,0,Infield shade,Standard,33.0,-0.004,-0.057,77.2,7.8,,,0.057,88.0,1,1,0.646,0.646,28,32,28,33,2,1,,1,7.0,2.0,4.81,-0.61,0.61,41.8,16.915027132581137,-7.058288099190376,37.71391941611498,36.115203089425954,36.08897204452569
CH,2024-04-03,84.3,-2.97,5.91,"Yelich, Christian",592885,663978,,called_strike,,,,,4.0,,R,L,R,MIL,MIN,S,,,0,0,2024,-1.16,1.02,-0.2807418931443728,2.46874655884103,,,,1,3,Bot,,,,,,,8.641100106375108,-122.41670781982344,-3.660878348613477,-13.380502013615551,24.25570499971025,-21.389575321149454,3.39453206569708,1.78778263492279,,,,85.0,1778.0,6.9,746008,680777,467793,666397,571657,621043,666135,650489,596146,53.64,,,,,,,,25,1,Changeup,1,0,1,0,0,1,1,0,Infield shade,Standard,246.0,-0.002,-0.037,,,,,0.037,,1,1,0.648,0.648,28,32,28,33,2,1,,1,7.0,2.0,2.2,1.16,-1.16,36.0,,,,,
CH,2024-04-03,91.8,-0.86,5.43,"Yelich, Christian",592885,643377,field_out,hit_into_play,,,,,8.0,Christian Yelich grounds out to first baseman Carlos Santana.,R,L,R,MIL,MIN,X,3.0,ground_ball,2,2,2024,-1.17,0.08,-0.2611036296793396,1.6040405743839918,,,,1,8,Bot,153.68,169.43,,,,,4.068606515334656,-133.63608004392958,-4.01846811011103,-14.840624098655246,29.542389623012102,-30.489003192452007,3.24,1.66,6.0,71.5,-17.0,92.4,1852.0,6.7,746008,680777,467793,571657,650489,621043,622534,668885,596146,53.84,0.049,0.061,0.0,1.0,0.0,0.0,2.0,70,6,Changeup,3,6,3,6,6,3,3,6,Infield shade,Standard,234.0,-0.014,-0.225,75.9,7.8,,0.051,0.225,88.0,-3,-3,0.057,0.057,29,32,30,33,1,3,4.0,1,5.0,2.0,2.62,1.17,-1.17,48.8,14.484182974860712,-4.877194014594304,41.0810164861603,40.150056615545616,34.20380379558887
ST,2024-04-03,88.4,-1.05,5.36,"Yelich, Christian",592885,643377,,ball,,,,,14.0,,R,L,R,MIL,MIN,B,,,1,2,2024,1.24,0.14,1.0484702719702377,1.4886494894248457,,,,1,8,Bot,,,,,,,2.523676329842913,-128.68951513607516,-3.657033122674447,13.29414674401838,26.809898088201848,-30.056649129215568,3.28352010831276,1.76194119490567,,,,88.7,3097.0,6.5,746008,680777,467793,571657,650489,621043,622534,668885,596146,54.02,,,,,,,,70,5,Sweeper,3,6,3,6,6,3,3,6,Infield shade,Standard,45.0,0.002,0.043,,,,,-0.043,,-3,-3,0.055,0.055,29,32,30,33,1,3,4.0,1,5.0,2.0,2.77,-1.24,1.24,44.1,,,,,
CU,2024-04-03,87.0,-0.74,5.6,"Yelich, Christian",592885,643377,,foul,,,,,2.0,,R,L,R,MIL,MIN,S,,,1,2,2024,0.23,-1.08,-0.0408117987240754,2.775630225312047,,,,1,8,Bot,,,,,,,1.2052118649387196,-126.75362028007596,1.609516303648876,2.272302201929468,25.40028098214619,-44.371130584336754,3.24,1.66,8.0,99.9,-17.0,87.6,3088.0,6.5,746008,680777,467793,571657,650489,621043,622534,668885,596146,53.97,,,,,,,,70,4,Curveball,3,6,3,6,6,3,3,6,Infield shade,Standard,31.0,0.0,0.0,59.8,6.1,,,0.0,99.9,-3,-3,0.055,0.055,29,32,30,33,1,3,4.0,1,5.0,2.0,4.08,-0.23,0.23,57.0,-12.607221165240247,36.58229716023222,35.17006250105591,36.530404929217646,4.609113328990279
FC,2024-04-03,93.6,-1.27,5.71,"Yelich, Christian",592885,650960,field_out,hit_into_play,,,,,2.0,Christian Yelich grounds out to first baseman Carlos Santana.,R,L,R,MIL,MIN,X,3.0,ground_ball,0,0,2024,0.26,1.12,0.2442339964870358,2.911703432774988,,,,1,5,Bot,156.22,166.38,,,,,3.3241268077891943,-136.27149075101707,-3.991481121919512,2.5836292802709893,28.843287061570365,-17.480481062020097,3.24,1.66,101.0,103.8,5.0,93.6,2615.0,6.2,746008,680777,467793,571657,650489,621043,666135,622534,596146,54.31,0.595,0.547,0.0,1.0,0.0,0.0,4.0,46,1,Cutter,3,1,3,1,1,3,3,1,Infield shade,Standard,189.0,-0.011,-0.256,76.1,7.8,,0.663,0.256,103.8,2,2,0.797,0.797,27,32,28,33,1,2,3.0,1,,2.0,1.47,-0.26,0.26,41.2,19.43491807909919,-9.402140779055244,31.873652869074647,34.48796337403374,33.041115385563714
FF,2024-04-03,97.1,-0.86,5.51,"Yelich, Christian",592885,643377,,ball,,,,,11.0,,R,L,R,MIL,MIN,B,,,0,2,2024,-0.41,1.33,-0.6441567222234205,4.283649592922496,,,,1,8,Bot,,,,,,,1.5357870959349171,-141.50777601853707,-0.8295582598343829,-5.898458460362973,31.218298563420564,-14.239069834647523,3.29771068741348,1.86874867534319,,,,97.5,2466.0,6.4,746008,680777,467793,571657,650489,621043,622534,668885,596146,54.13,,,,,,,,70,3,4-Seam Fastball,3,6,3,6,6,3,3,6,Infield shade,Standard,211.0,0.002,0.02,,,,,-0.02,,-3,-3,0.053,0.053,29,32,30,33,1,3,4.0,1,5.0,2.0,1.07,0.41,-0.41,44.4,,,,,
FF,2024-04-03,95.1,-2.77,5.99,"Yelich, Christian",592885,663978,single,hit_into_play,,,,,5.0,Christian Yelich singles on a sharp line drive to center fielder Willi Castro. William Contreras to 2nd.,R,L,R,MIL,MIN,X,8.0,line_drive,2,0,2024,-1.16,1.37,0.0584651630427062,2.1638063635607114,,,661388.0,1,1,Bot,94.84,64.61,,,,,10.118247256296286,-137.92120269943047,-7.456835717066926,-17.11844205379403,33.04819026631086,-13.13793785858267,3.21,1.62,296.0,110.3,12.0,95.6,2362.0,7.0,746008,680777,467793,666397,571657,621043,666135,650489,596146,53.54,0.866,0.915,0.9,1.0,1.0,0.0,5.0,7,3,4-Seam Fastball,0,0,0,0,0,0,0,0,Infield shade,Standard,212.0,0.025,0.313,76.3,7.2,,1.272,-0.313,110.3,0,0,0.562,0.562,28,32,28,33,1,0,,1,7.0,2.0,1.18,1.16,-1.16,44.4,3.632582045894545,7.814531176099797,41.09971713593586,35.35071092111182,22.766753076127664
CH,2024-04-03,83.1,-3.2,5.65,"Yelich, Christian",592885,663978,,ball,,,,,13.0,,R,L,R,MIL,MIN,B,,,1,0,2024,-1.24,0.56,-1.5034594920365252,0.7761992670490012,,,661388.0,1,1,Bot,,,,,,,6.425482141518042,-120.76376210519626,-5.842663306547111,-13.387470894684563,24.38324263264216,-25.75202332005266,3.33911973186321,1.77694243039754,,,,84.3,1847.0,7.2,746008,680777,467793,666397,571657,621043,666135,650489,596146,53.26,,,,,,,,7,2,Changeup,0,0,0,0,0,0,0,0,Infield shade,Standard,260.0,0.007,0.056,,,,,-0.056,,0,0,0.555,0.555,28,32,28,33,1,0,,1,7.0,2.0,2.76,1.24,-1.24,33.2,,,,,
ST,2024-04-03,90.6,-1.02,5.37,"Yelich, Christian",592885,643377,,swinging_strike,,,,,14.0,,R,L,R,MIL,MIN,S,,,0,1,2024,0.53,0.18,0.4410871104460009,1.4114993464985348,,,,1,8,Bot,,,,,,,2.530108055204791,-131.9619493060385,-4.403105420270186,5.683399840527963,26.41087392983831,-29.37332611400861,3.24,1.66,,,,91.2,3030.0,6.5,746008,680777,467793,571657,650489,621043,622534,668885,596146,54.03,,,,,,,,70,2,Sweeper,3,6,3,6,6,3,3,6,Infield shade,Standard,50.0,-0.004,-0.057,77.8,8.5,0.296481372,,0.057,,-3,-3,0.057,0.057,29,32,30,33,1,3,4.0,1,5.0,2.0,2.58,-0.53,0.53,42.9,22.962360111823752,-12.89154330130366,42.70315950997358,31.820230243795635,35.95013134479271
CU,2024-04-03,80.9,-2.84,5.97,"Yelich, Christian",592885,663978,,blocked_ball,,,,,14.0,,R,L,R,MIL,MIN,B,,,0,0,2024,0.17,-0.76,1.1596344237146483,-1.5757964951186048,,,661388.0,1,1,Bot,,,,,,,8.653175425371705,-117.2437245849272,-8.705098029717082,-0.1484520941660627,23.72309495241932,-37.50988338422364,3.43241321800254,1.87019363275618,,,,81.2,2111.0,6.9,746008,680777,467793,666397,571657,621043,666135,650489,596146,53.61,,,,,,,,7,1,Curveball,0,0,0,0,0,0,0,0,Infield shade,Standard,23.0,0.004,0.036,,,,,-0.036,,0,0,0.551,0.551,28,32,28,33,1,0,,1,7.0,2.0,4.29,-0.17,0.17,45.0,,,,,
ST,2024-04-03,88.6,-1.19,5.33,"Yelich, Christian",592885,643377,,called_strike,,,,,9.0,,R,L,R,MIL,MIN,S,,,0,0,2024,0.94,0.0,0.4680011085156605,1.7259503200509232,,,,1,8,Bot,,,,,,,2.113245783804193,-129.11864297792096,-2.7761498708659715,10.058925530569017,26.621057820954835,-31.839083822851364,3.30306153546492,1.78143176018511,,,,89.2,3087.0,6.6,746008,680777,467793,571657,650489,621043,622534,668885,596146,53.93,,,,,,,,70,1,Sweeper,3,6,3,6,6,3,3,6,Infield shade,Standard,48.0,-0.003,-0.037,,,,,0.037,,-3,-3,0.06,0.06,29,32,30,33,1,3,4.0,1,5.0,2.0,2.89,-0.94,0.94,45.8,,,,,
SL,2024-04-02,88.3,-1.94,5.45,"Yelich, Christian",592885,686973,strikeout,swinging_strike,,,,,13.0,Christian Yelich strikes out swinging.,R,L,R,MIL,MIN,S,2.0,,3,2,2024,0.04,0.21,-1.1451821041171335,1.7778937105077253,,,,2,4,Bot,,,,,,,1.870927978755795,-128.71697729552508,-3.385858286613684,0.0825575520274416,24.856551170686743,-29.366445517783635,3.21,1.62,,,,89.5,2489.0,6.8,746009,543877,467793,666397,650489,621043,670242,621439,596146,53.75,,0.0,0.0,1.0,0.0,0.0,,37,6,Slider,3,1,3,1,1,3,3,1,Infield shade,Standard,154.0,-0.009,-0.325,,,,,0.325,,2,2,0.76,0.76,26,32,27,33,3,2,,2,7.0,1.0,2.69,-0.04,0.04,36.6,,,,,
SL,2024-04-02,91.2,-1.65,5.44,"Yelich, Christian",592885,686973,,ball,,,,,14.0,,R,L,R,MIL,MIN,B,,,2,2,2024,0.19,0.25,1.4518226065894422,0.3603001949968827,,,,2,4,Bot,,,,,,,7.436897576014083,-132.53767721885836,-7.503435944181706,0.8063979016705355,26.17703802482768,-27.82654429501367,3.24089618849595,1.75478134049824,,,,92.1,2490.0,6.7,746009,543877,467793,666397,650489,621043,670242,621439,596146,53.76,,,,,,,,37,5,Slider,3,1,3,1,1,3,3,1,Infield shade,Standard,159.0,0.002,0.106,,,,,-0.106,,2,2,0.758,0.758,26,32,27,33,3,2,,2,7.0,1.0,2.48,-0.19,0.19,39.1,,,,,
KC,2024-04-02,85.0,-1.84,5.47,"Yelich, Christian",592885,686973,,swinging_strike,,,,,8.0,,R,L,R,MIL,MIN,S,,,2,1,2024,0.05,-0.73,-0.0079398386878454,1.5728700393364377,,,,2,4,Bot,,,,,,,4.2358933692474805,-123.73650584475112,-1.3926944809072157,-0.2979129289300523,23.70504977888144,-39.59177649746951,3.21,1.62,,,,86.1,2422.0,6.9,746009,543877,467793,666397,650489,621043,670242,621439,596146,53.61,,,,,,,,37,4,Knuckle Curve,3,1,3,1,1,3,3,1,Infield shade,Standard,55.0,-0.002,-0.084,,,,,0.084,,2,2,0.76,0.76,26,32,27,33,3,2,,2,7.0,1.0,3.87,-0.05,0.05,42.4,,,,,
SL,2024-04-02,91.2,-1.88,5.33,"Yelich, Christian",592885,686973,,called_strike,,,,,8.0,,R,L,R,MIL,MIN,S,,,2,0,2024,-0.04,0.7,-0.0745946305236829,1.7745293816850225,,,,2,4,Bot,,,,,,,4.710279363773905,-132.78951548845325,-4.66524504218036,-1.426188804247562,25.222257409880765,-23.14638207268193,3.2050376733726,1.75993206750935,,,,92.9,2566.0,7.0,746009,543877,467793,666397,650489,621043,670242,621439,596146,53.5,,,,,,,,37,3,Slider,3,1,3,1,1,3,3,1,Infield shade,Standard,192.0,-0.001,-0.061,,,,,0.061,,2,2,0.761,0.761,26,32,27,33,3,2,,2,7.0,1.0,2.01,0.04,-0.04,35.2,,,,,
SL,2024-04-02,91.0,-1.74,5.36,"Yelich, Christian",592885,686973,,ball,,,,,14.0,,R,L,R,MIL,MIN,B,,,1,0,2024,0.06,0.5,1.0285616674270772,2.0312294177229107,,,,2,4,Bot,,,,,,,6.8641209427244165,-132.5055217287802,-3.607986478967892,-0.6116273805918566,25.76727987587568,-25.75216097883412,3.24676142652528,1.79232275199679,,,,92.1,2433.0,6.7,746009,543877,467793,666397,650489,621043,670242,621439,596146,53.8,,,,,,,,37,2,Slider,3,1,3,1,1,3,3,1,Infield shade,Standard,176.0,0.001,0.068,,,,,-0.068,,2,2,0.76,0.76,26,32,27,33,3,2,,2,7.0,1.0,2.23,-0.06,0.06,38.0,,,,,
CH,2024-04-02,88.8,-1.97,5.35,"Yelich, Christian",592885,686973,,ball,,,,,13.0,,R,L,R,MIL,MIN,B,,,0,0,2024,-1.5,0.19,-1.3602387896877128,1.8846340848988772,,,,2,4,Bot,,,,,,,4.724090634654408,-129.3021777278457,-2.891000000264268,-17.842698590661005,26.059350099516717,-29.6165604649936,3.30558147749785,1.78768581041736,,,,90.4,1765.0,7.1,746009,543877,467793,666397,650489,621043,670242,621439,596146,53.35,,,,,,,,37,1,Changeup,3,1,3,1,1,3,3,1,Infield shade,Standard,236.0,0.001,0.04,,,,,-0.04,,2,2,0.759,0.759,26,32,27,33,3,2,,2,7.0,1.0,2.69,1.5,-1.5,32.2,,,,,
FF,2024-04-02,95.6,-1.92,5.29,"Yelich, Christian",592885,686973,home_run,hit_into_play,,,,,5.0,Christian Yelich homers (2) on a fly ball to center field.,R,L,R,MIL,MIN,X,,fly_ball,3,2,2024,-0.42,1.36,0.032582766903347,2.3150979538046474,,,,0,3,Bot,113.9,28.41,,,,,6.1627173567375735,-139.0286864234325,-5.341206679785512,-6.823906076414235,30.53227541949534,-13.513412307837166,3.21,1.62,423.0,104.3,28.0,96.7,2241.0,6.9,746009,543877,467793,666397,650489,621043,670242,621439,596146,53.62,0.757,1.517754098360656,2.0,1.0,0.0,3.0,6.0,22,6,4-Seam Fastball,1,0,1,0,0,2,2,0,Infield shade,Standard,214.0,0.09,1.035,,,,2.973,-1.035,104.3,1,1,0.674,0.674,26,32,27,33,2,1,,2,7.0,1.0,1.13,0.42,-0.42,39.3,,,,,
SL,2024-04-02,90.0,-1.73,5.49,"Yelich, Christian",592885,686973,,ball,,,,,14.0,,R,L,R,MIL,MIN,B,,,2,2,2024,0.43,0.35,1.0461199415595877,1.3169654022830484,,,,0,3,Bot,,,,,,,5.972440555914266,-131.03397248534512,-5.163718341960831,3.8422311790822,25.99436566941143,-27.30991299069444,3.36562955203189,1.79659964480581,,,,90.3,2551.0,6.3,746009,543877,467793,666397,650489,621043,670242,621439,596146,54.21,,,,,,,,22,5,Slider,1,0,1,0,0,1,1,0,Infield shade,Standard,143.0,0.008,0.107,,,,,-0.107,,1,1,0.666,0.666,26,32,27,33,2,1,,2,7.0,1.0,2.45,-0.43,0.43,39.0,,,,,
FF,2024-04-02,96.6,-1.86,5.36,"Yelich, Christian",592885,686973,,ball,,,,,11.0,,R,L,R,MIL,MIN,B,,,1,2,2024,-0.65,1.27,-1.0028240135659647,3.294855833089948,,,,0,3,Bot,,,,,,,3.790852659874048,-140.63949791400125,-2.859778326977964,-9.545410506665604,31.30287779081415,-14.925076121141752,3.30706440366919,1.77122526263724,,,,97.3,2146.0,6.6,746009,543877,467793,666397,650489,621043,670242,621439,596146,53.9,,,,,,,,22,4,4-Seam Fastball,1,0,1,0,0,1,1,0,Infield shade,Standard,213.0,0.003,0.04,,,,,-0.04,,1,1,0.663,0.663,26,32,27,33,2,1,,2,7.0,1.0,1.17,0.65,-0.65,37.0,,,,,
FF,2024-04-02,95.8,-1.8,5.31,"Yelich, Christian",592885,686973,,called_strike,,,,,4.0,,R,L,R,MIL,MIN,S,,,1,1,2024,-0.59,1.24,-0.3339469631537999,2.24159824108707,,,,0,3,Bot,,,,,,,5.238652663911319,-139.4207793940528,-5.338512771080263,-8.80243680329793,30.455197528693837,-15.010583896064606,3.25867593079138,1.78930929934308,,,,96.5,2164.0,6.6,746009,543877,467793,666397,650489,621043,670242,621439,596146,53.9,,,,,,,,22,3,4-Seam Fastball,1,0,1,0,0,1,1,0,Infield shade,Standard,223.0,-0.005,-0.056,,,,,0.056,,1,1,0.668,0.668,26,32,27,33,2,1,,2,7.0,1.0,1.24,0.59,-0.59,36.5,,,,,
FF,2024-04-02,96.2,-1.86,5.36,"Yelich, Christian",592885,686973,,ball,,,,,12.0,,R,L,R,MIL,MIN,B,,,0,1,2024,-0.59,1.32,0.1932823213612283,3.5049859739598195,,,,0,3,Bot,,,,,,,6.845413481108348,-139.98403525916902,-2.361232697759712,-9.316519422027104,30.51941150274834,-14.492181945815627,3.2705419571112,1.83432559740941,,,,97.0,2197.0,6.7,746009,543877,467793,666397,650489,621043,670242,621439,596146,53.81,,,,,,,,22,2,4-Seam Fastball,1,0,1,0,0,1,1,0,Infield shade,Standard,219.0,0.002,0.025,,,,,-0.025,,1,1,0.666,0.666,26,32,27,33,2,1,,2,7.0,1.0,1.14,0.59,-0.59,37.5,,,,,
SL,2024-04-02,90.1,-1.75,5.53,"Yelich, Christian",592885,686973,,foul,,,,,6.0,,R,L,R,MIL,MIN,S,,,0,0,2024,0.34,0.64,0.2867513378357711,2.3320315833700818,,,,0,3,Bot,,,,,,,4.3712153545507215,-131.18350200854135,-3.412490716964961,3.0484539277772584,26.09074189246777,-24.22009881686313,3.21,1.62,238.0,80.0,34.0,91.0,2422.0,6.6,746009,543877,467793,666397,650489,621043,670242,621439,596146,53.85,,,,,,,,22,1,Slider,1,0,1,0,0,1,1,0,Infield shade,Standard,182.0,-0.003,-0.037,,,,,0.037,88.0,1,1,0.669,0.669,26,32,27,33,2,1,,2,7.0,1.0,2.15,-0.34,0.34,38.8,,,,,
SL,2024-04-02,91.3,-3.1,6.35,"Yelich, Christian",592885,660896,field_out,hit_into_play,,,,,4.0,Christian Yelich pops out to third baseman Willi Castro.,R,L,R,MIL,MIN,X,5.0,popup,1,1,2024,-0.05,0.6,-0.5310501235060205,2.4651367508803643,668930.0,,661388.0,2,6,Bot,103.55,166.16,,,,,6.543429235496275,-132.8706163386387,-5.167051099531005,-1.91797254817874,28.029157231578075,-24.209169765684663,3.21,1.62,96.0,80.4,74.0,91.0,2517.0,6.1,746009,543877,467793,666397,650489,621043,670242,621439,596146,54.41,0.001,0.0,0.0,1.0,0.0,0.0,3.0,52,3,Slider,3,1,3,1,1,3,3,1,Infield shade,Standard,199.0,-0.028,-0.284,,,,0.001,0.284,88.0,2,2,0.843,0.843,28,32,29,33,1,3,3.0,2,4.0,1.0,2.13,0.05,-0.05,45.8,,,,,
SL,2024-04-02,89.4,-3.12,6.34,"Yelich, Christian",592885,660896,,swinging_strike,,,,,13.0,,R,L,R,MIL,MIN,S,,,1,0,2024,-0.02,0.34,-0.0959634417439519,1.1757616577998182,668930.0,,661388.0,2,6,Bot,,,,,,,7.468085627104267,-129.81069934475212,-7.379698278646395,-1.8113012321236257,27.81348886328842,-26.868673367613894,3.21,1.62,,,,88.9,2550.0,6.2,746009,543877,467793,666397,650489,621043,670242,621439,596146,54.32,,,,,,,,52,2,Slider,3,1,3,1,1,3,3,1,Infield shade,Standard,183.0,-0.003,-0.045,,,,,0.045,,2,2,0.846,0.846,28,32,29,33,1,3,3.0,2,4.0,1.0,2.52,0.02,-0.02,52.6,,,,,
CH,2024-04-02,89.3,-3.32,6.37,"Yelich, Christian",592885,660896,,ball,,,,,11.0,,R,L,R,MIL,MIN,B,,,0,0,2024,-1.34,1.06,-1.1263528736574515,3.4405315751366685,668930.0,,661388.0,2,6,Bot,,,,,,,8.143272166646488,-129.77106743788772,-3.353974913808152,-16.863436435060187,28.3499536852176,-19.748051764040248,3.1695889958072,1.55720342002614,,,,88.5,2449.0,5.9,746009,543877,467793,666397,650489,621043,670242,621439,596146,54.55,,,,,,,,52,1,Changeup,3,1,3,1,1,3,3,1,Infield shade,Standard,224.0,0.001,0.03,,,,,-0.03,,2,2,0.845,0.845,28,32,29,33,1,3,3.0,2,4.0,1.0,1.82,1.34,-1.34,47.4,,,,,
FF,2024-04-02,96.1,-2.0,5.36,"Yelich, Christian",592885,686973,field_out,hit_into_play,,,,,2.0,"Christian Yelich grounds out softly, pitcher Louie Varland to first baseman Carlos Santana. William Contreras to 2nd.",R,L,R,MIL,MIN,X,1.0,ground_ball,3,2,2024,-0.65,1.12,-0.094758197498686,2.8956349117507285,,,661388.0,1,1,Bot,132.79,179.58,,,,,6.637711448868777,-139.8338958453601,-3.5511906987401933,-10.075002007930951,31.03797871853984,-16.805948551359894,3.21,1.62,3.0,48.5,-48.0,97.5,2200.0,7.1,746009,543877,467793,666397,650489,621043,670242,621439,596146,53.43,0.265,0.241,0.0,1.0,0.0,0.0,1.0,6,6,4-Seam Fastball,0,0,0,0,0,0,0,0,Infield shade,Standard,212.0,-0.023,-0.368,,,,0.267,0.368,88.0,0,0,0.556,0.556,26,32,27,33,1,0,,2,7.0,1.0,1.34,0.65,-0.65,34.1,,,,,
SL,2024-04-02,90.3,-1.94,5.54,"Yelich, Christian",592885,686973,,ball,,,,,13.0,,R,L,R,MIL,MIN,B,,,2,2,2024,0.6,0.4,-0.2804376555324214,1.4672782310711994,,,661388.0,1,1,Bot,,,,,,,2.8723525968467367,-131.50058527552218,-5.089579030248703,6.319943927997213,28.34640970504236,-26.61843713375073,3.20317887144374,1.79684588658629,,,,91.1,2531.0,6.8,746009,543877,467793,666397,650489,621043,670242,621439,596146,53.71,,,,,,,,6,5,Slider,0,0,0,0,0,0,0,0,Infield shade,Standard,180.0,0.009,0.077,,,,,-0.077,,0,0,0.547,0.547,26,32,27,33,1,0,,2,7.0,1.0,2.39,-0.6,0.6,37.0,,,,,
FF,2024-04-02,95.6,-1.99,5.32,"Yelich, Christian",592885,686973,,ball,,,,,12.0,,R,L,R,MIL,MIN,B,,,1,2,2024,-0.59,1.52,0.7994272020324374,4.0184784425850095,,,661388.0,1,1,Bot,,,,,,,8.794964088726307,-138.95443855532264,-1.2458435675647983,-9.595475333832368,30.64881530417021,-12.35665675445767,3.29797943879718,1.79502234788384,,,,96.7,2233.0,7.0,746009,543877,467793,666397,650489,621043,670242,621439,596146,53.54,,,,,,,,6,4,4-Seam Fastball,0,0,0,0,0,0,0,0,Infield shade,Standard,222.0,0.005,0.048,,,,,-0.048,,0,0,0.542,0.542,26,32,27,33,1,0,,2,7.0,1.0,0.97,0.59,-0.59,31.6,,,,,
FF,2024-04-02,96.5,-2.08,5.34,"Yelich, Christian",592885,686973,,foul,,,,,4.0,,R,L,R,MIL,MIN,S,,,1,1,2024,-0.84,1.38,-0.6034642215973706,2.581039108827119,,,661388.0,1,1,Bot,,,,,,,5.916199341766607,-140.27876155514858,-4.895493617641991,-12.5310948058768,34.53228600586345,-13.10504097598896,3.21,1.62,179.0,83.4,70.0,97.3,2370.0,7.0,746009,543877,467793,666397,650489,621043,670242,621439,596146,53.52,,,,,,,,6,3,4-Seam Fastball,0,0,0,0,0,0,0,0,Infield shade,Standard,215.0,-0.008,-0.059,,,,,0.059,88.0,0,0,0.55,0.55,26,32,27,33,1,0,,2,7.0,1.0,1.09,0.84,-0.84,34.8,,,,,
SL,2024-04-02,90.3,-2.06,5.41,"Yelich, Christian",592885,686973,,ball,,,,,14.0,,R,L,R,MIL,MIN,B,,,0,1,2024,0.46,0.57,0.4502775027137507,1.352869863459622,,,661388.0,1,1,Bot,,,,,,,5.316503293139654,-131.32513233726462,-5.400735657623061,4.144937587983363,27.874498049400653,-24.634727453009067,3.20395638983363,1.73295735385621,,,,91.0,2577.0,6.8,746009,543877,467793,666397,650489,621043,670242,621439,596146,53.75,,,,,,,,6,2,Slider,0,0,0,0,0,0,0,0,Infield shade,Standard,187.0,0.003,0.029,,,,,-0.029,,0,0,0.547,0.547,26,32,27,33,1,0,,2,7.0,1.0,2.23,-0.46,0.46,35.8,,,,,
SL,2024-04-02,90.0,-2.04,5.46,"Yelich, Christian",592885,686973,,swinging_strike,,,,,14.0,,R,L,R,MIL,MIN,S,,,0,0,2024,0.2,0.55,0.1198176736450357,1.0463763786315707,,,661388.0,1,1,Bot,,,,,,,4.978576690360869,-131.0281657793022,-6.2465040227715845,1.3189582219817406,26.23525028685089,-24.69484554127573,3.21,1.62,,,,91.1,2607.0,6.8,746009,543877,467793,666397,650489,621043,670242,621439,596146,53.66,,,,,,,,6,1,Slider,0,0,0,0,0,0,0,0,Infield shade,Standard,176.0,-0.004,-0.04,,,,,0.04,,0,0,0.551,0.551,26,32,27,33,1,0,,2,7.0,1.0,2.24,-0.2,0.2,37.0,,,,,
