pitch_type,game_date,release_speed,release_pos_x,release_pos_z,player_name,batter,pitcher,events,description,spin_dir,spin_rate_deprecated,break_angle_deprecated,break_length_deprecated,zone,des,game_type,stand,p_throws,home_team,away_team,type,hit_location,bb_type,balls,strikes,game_year,pfx_x,pfx_z,plate_x,plate_z,on_3b,on_2b,on_1b,outs_when_up,inning,inning_topbot,hc_x,hc_y,tfs_deprecated,tfs_zulu_deprecated,umpire,sv_id,vx0,vy0,vz0,ax,ay,az,sz_top,sz_bot,hit_distance_sc,launch_speed,launch_angle,effective_speed,release_spin_rate,release_extension,game_pk,fielder_2,fielder_3,fielder_4,fielder_5,fielder_6,fielder_7,fielder_8,fielder_9,release_pos_y,estimated_ba_using_speedangle,estimated_woba_using_speedangle,woba_value,woba_denom,babip_value,iso_value,launch_speed_angle,at_bat_number,pitch_number,pitch_name,home_score,away_score,bat_score,fld_score,post_away_score,post_home_score,post_bat_score,post_fld_score,if_fielding_alignment,of_fielding_alignment,spin_axis,delta_home_win_exp,delta_run_exp,bat_speed,swing_length,miss_distance,estimated_slg_using_speedangle,delta_pitcher_run_exp,hyper_speed,home_score_diff,bat_score_diff,home_win_exp,bat_win_exp,age_pit_legacy,age_bat_legacy,age_pit,age_bat,n_thruorder_pitcher,n_priorpa_thisgame_player_at_bat,pitcher_days_since_prev_game,batter_days_since_prev_game,pitcher_days_until_next_game,batter_days_until_next_game,api_break_z_with_gravity,api_break_x_arm,api_break_x_batter_in,arm_angle,attack_angle,attack_direction,swing_path_tilt,intercept_ball_minus_batter_pos_x_inches,intercept_ball_minus_batter_pos_y_inches,player_type
SL,2024-09-29,90.7,-2.06,4.87,"Mitchell, Garrett",669003,621242,strikeout,swinging_strike,,,,,14,Garrett Mitchell strikes out swinging.,R,L,R,MIL,NYM,S,2.0,,3,2,2024,0.0,0.39,0.1326223208770747,1.357052697665707,,641343.0,,1,9,Bot,,,,,,,5.581582186261176,-132.03387147504645,-3.826902751964484,-1.062491279151965,24.881743360283053,-27.01639720303087,3.48,1.59,,,,92.6,2274,7.2,745932,620443,624413,657193,578428,596019,607043,664056,621438,53.33,,0.0,0.0,1.0,0.0,0.0,,75,7,Slider,0,5,0,5,5,0,0,5,Standard,Standard,212,-0.008,-0.291,57.0,8.3,3.747768444,,0.291,,-5,-5,0.01,0.01,30,25,30,26,1,0,7.0,1.0,1.0,2,2.35,0.0,0.0,26.3,14.648400649027463,-13.930972498848346,32.43054484512245,34.930418871817324,38.56294257166649,batter
FF,2024-09-29,97.8,-2.02,4.58,"Mitchell, Garrett",669003,621242,,ball,,,,,11,,R,L,R,MIL,NYM,B,,,2,2,2024,-0.97,1.21,-0.9657882028339398,3.3809923176617103,,641343.0,,1,9,Bot,,,,,,,5.302183712881064,-142.4461481632943,-0.5521024557566467,-14.471409913063274,31.335478317087382,-15.747316975861358,3.69656207615126,1.75051414787497,,,,101.9,2389,8.3,745932,620443,624413,657193,578428,596019,607043,664056,621438,52.15,,,,,,,,75,6,4-Seam Fastball,0,5,0,5,5,0,0,5,Standard,Standard,231,0.003,0.074,,,,,-0.074,,-5,-5,0.007,0.007,30,25,30,26,1,0,7.0,1.0,1.0,2,1.16,0.97,-0.97,20.1,,,,,,batter
SL,2024-09-29,90.0,-1.99,4.77,"Mitchell, Garrett",669003,621242,,blocked_ball,,,,,14,,R,L,R,MIL,NYM,B,,,1,2,2024,0.25,0.4,0.9801285323063716,-0.0357146098759932,,641343.0,,1,9,Bot,,,,,,,6.990259255935827,-130.92817457334547,-6.975589908858957,1.500056317991252,25.1601452323457,-26.326473284814384,3.69656207615126,1.7210217351674,,,,92.1,2353,7.3,745932,620443,624413,657193,578428,596019,607043,664056,621438,53.16,,,,,,,,75,5,Slider,0,5,0,5,5,0,0,5,Standard,Standard,186,0.001,0.018,,,,,-0.018,,-5,-5,0.006,0.006,30,25,30,26,1,0,7.0,1.0,1.0,2,2.39,-0.25,0.25,20.0,,,,,,batter
FF,2024-09-29,98.5,-1.98,4.57,"Mitchell, Garrett",669003,621242,,foul,,,,,6,,R,L,R,MIL,NYM,S,,,1,2,2024,-1.19,1.11,0.3497233925199647,2.874506580153537,,641343.0,,1,9,Bot,,,,,,,9.302555387690498,-143.18307372236887,-1.7150760879505529,-18.611665299761928,34.085511840515,-16.781170997821867,3.48,1.59,,,,100.4,2358,7.5,745932,620443,624413,657193,578428,596019,607043,664056,621438,53.04,,,,,,,,75,4,4-Seam Fastball,0,5,0,5,5,0,0,5,Standard,Standard,228,0.0,0.0,78.9,7.1,,,0.0,,-5,-5,0.006,0.006,30,25,30,26,1,0,7.0,1.0,1.0,2,1.25,1.19,-1.19,17.0,7.872379035161735,2.727444599985031,32.43920770204409,31.84937923425722,27.73781648839669,batter
FF,2024-09-29,98.6,-2.05,4.69,"Mitchell, Garrett",669003,621242,,swinging_strike,,,,,1,,R,L,R,MIL,NYM,S,,,1,1,2024,-1.31,1.23,-0.751958354257418,3.446053430240221,,641343.0,,1,9,Bot,,,,,,,6.744207800331631,-143.41555564562103,-0.7956007801199018,-19.690205332067173,34.42626700212406,-15.233881465848624,3.48,1.59,,,,100.5,2406,7.4,745932,620443,624413,657193,578428,596019,607043,664056,621438,53.06,,,,,,,,75,3,4-Seam Fastball,0,5,0,5,5,0,0,5,Standard,Standard,237,-0.002,-0.062,47.0,5.8,4.980991356,,0.062,,-5,-5,0.008,0.008,30,25,30,26,1,0,7.0,1.0,1.0,2,1.12,1.31,-1.31,19.0,-3.0056644257433045,50.63877954922904,25.163473439953595,45.50826407147544,-4.629345494432554,batter
FF,2024-09-29,98.4,-2.04,4.64,"Mitchell, Garrett",669003,621242,,ball,,,,,11,,R,L,R,MIL,NYM,B,,,0,1,2024,-1.2,1.16,-1.170920259399388,3.0655909654381324,,641343.0,,1,9,Bot,,,,,,,5.260565073195287,-143.2107176928042,-1.535359399403441,-17.749959129502688,33.26210398191103,-16.04560268999487,3.69656207615126,1.75051414787497,,,,100.3,2356,7.3,745932,620443,624413,657193,578428,596019,607043,664056,621438,53.15,,,,,,,,75,2,4-Seam Fastball,0,5,0,5,5,0,0,5,Standard,Standard,231,0.001,0.021,,,,,-0.021,,-5,-5,0.007,0.007,30,25,30,26,1,0,7.0,1.0,1.0,2,1.19,1.2,-1.2,19.1,,,,,,batter
FF,2024-09-29,98.6,-2.13,4.68,"Mitchell, Garrett",669003,621242,,swinging_strike,,,,,11,,R,L,R,MIL,NYM,S,,,0,0,2024,-1.35,1.03,-1.0233474021016675,2.882728715615764,,,641343.0,1,9,Bot,,,,,,,6.287890053140936,-143.52148782681763,-1.850651137778196,-20.1416713908162,34.2549891993385,-17.766845060626164,3.48,1.59,,,,100.3,2357,7.3,745932,620443,624413,657193,578428,596019,607043,664056,621438,53.24,,,,,,,,75,1,4-Seam Fastball,0,5,0,5,5,0,0,5,Standard,Standard,233,0.0,-0.04,75.2,7.2,1.157180064,,0.04,,-5,-5,0.007,0.007,30,25,30,26,1,0,7.0,1.0,1.0,2,1.32,1.35,-1.35,16.9,1.793141482792835,19.333757731455325,25.959469876842327,49.37569964328311,13.321819809879756,batter
SI,2024-09-28,89.2,2.34,5.52,"Mitchell, Garrett",669003,500779,sac_bunt,hit_into_play,,,,,6,"Garrett Mitchell out on a sacrifice bunt, third baseman Mark Vientos to second baseman Jose Iglesias. Jackson Chourio to 3rd.",R,L,L,MIL,NYM,X,5.0,ground_ball,0,0,2024,1.26,0.63,0.6729975981101652,2.235703596765507,,694192.0,,0,5,Bot,119.74,191.52,,,,,-6.783551568095171,-129.7705559339648,-3.416099529612299,15.686800055790291,26.265521377137087,-24.56143323426249,3.46,1.59,2.0,32.9,-47.0,89.8,2014,6.6,745931,620443,624413,578428,668901,682668,607043,664056,516782,53.91,,,0.2,0.0,0.0,0.0,1.0,38,1,Sinker,2,0,2,0,0,2,2,0,Strategic,Standard,148,-0.004,-0.024,,,,,0.024,88.0,2,2,0.852,0.852,35,25,35,26,3,2,10.0,1.0,5.0,1,2.23,1.26,1.26,39.0,,,,,,batter
SI,2024-09-28,90.5,2.03,5.54,"Mitchell, Garrett",669003,500779,strikeout,called_strike,,,,,1,Garrett Mitchell called out on strikes.,R,L,L,MIL,NYM,S,2.0,,2,2,2024,1.06,0.9,-0.5837711694966028,3.393752759024426,,,,2,3,Bot,,,,,,,-8.850193980869253,-131.64778152078867,-1.370561833810214,14.095780889239036,26.18457741565277,-21.60635330541282,3.62134236366444,1.64657684445619,,,,91.5,2080,6.8,745931,620443,624413,578428,668901,682668,607043,664056,516782,53.74,,0.0,0.0,1.0,0.0,0.0,,22,6,Sinker,0,0,0,0,0,0,0,0,Infield shade,Strategic,158,-0.01,-0.219,,,,,0.219,,0,0,0.51,0.51,35,25,35,26,2,1,10.0,1.0,5.0,1,1.87,1.06,1.06,42.1,,,,,,batter
SI,2024-09-28,90.4,2.11,5.54,"Mitchell, Garrett",669003,500779,,ball,,,,,13,,R,L,L,MIL,NYM,B,,,1,2,2024,1.08,0.92,-0.9354475163397864,2.4745632164787974,,,,2,3,Bot,,,,,,,-9.962460835911676,-131.23352569394555,-3.670167461563189,14.508361660818494,27.16493123820808,-20.89467129899805,3.56179707413038,1.64657684445619,,,,91.3,2042,6.9,745931,620443,624413,578428,668901,682668,607043,664056,516782,53.6,,,,,,,,22,5,Sinker,0,0,0,0,0,0,0,0,Infield shade,Strategic,167,0.002,0.039,,,,,-0.039,,0,0,0.508,0.508,35,25,35,26,2,1,10.0,1.0,5.0,1,1.87,1.08,1.08,42.8,,,,,,batter
SV,2024-09-28,77.4,2.28,5.53,"Mitchell, Garrett",669003,500779,,foul,,,,,7,,R,L,L,MIL,NYM,S,,,1,2,2024,-1.09,0.05,-0.7716384380828337,2.06843539317822,,,,2,3,Bot,,,,,,,-4.548627016641584,-112.63855953418704,-0.5462580250477329,-8.449473396012415,20.150044629192227,-31.83445772559252,3.46,1.59,,,,78.0,2205,6.7,745931,620443,624413,578428,668901,682668,607043,664056,516782,53.84,,,,,,,,22,4,Slurve,0,0,0,0,0,0,0,0,Infield shade,Strategic,301,0.0,0.0,79.1,8.0,,,0.0,,0,0,0.508,0.508,35,25,35,26,2,1,10.0,1.0,5.0,1,3.75,-1.09,-1.09,40.8,16.6173989904993,-10.037792799926878,30.922250290033844,44.39862044575909,45.45216172987426,batter
SI,2024-09-28,90.1,2.41,5.52,"Mitchell, Garrett",669003,500779,,foul,,,,,12,,R,L,L,MIL,NYM,S,,,1,1,2024,1.16,0.67,0.9719669686763236,2.596607601558125,,,,2,3,Bot,,,,,,,-6.075558710854376,-131.181246811486,-2.78857444262126,14.658187406871685,25.8194514102588,-23.99867835635847,3.46,1.59,,,,91.1,2001,6.7,745931,620443,624413,578428,668901,682668,607043,664056,516782,53.79,,,,,,,,22,3,Sinker,0,0,0,0,0,0,0,0,Standard,Strategic,148,-0.003,-0.064,80.5,7.4,,,0.064,,0,0,0.511,0.511,35,25,35,26,2,1,10.0,1.0,5.0,1,2.12,1.16,1.16,40.0,13.754710783477329,-4.237497515600085,29.22785226040836,24.419653800766,32.74304970852086,batter
SV,2024-09-28,78.0,2.09,5.5,"Mitchell, Garrett",669003,500779,,ball,,,,,13,,R,L,L,MIL,NYM,B,,,0,1,2024,-0.87,0.09,-1.6947446266518016,0.659062696603069,,,,2,3,Bot,,,,,,,-6.537053060007157,-113.37055280205377,-3.635293611044393,-6.207171644335107,22.32956594063992,-30.89482566477518,3.65112368311689,1.61710377753553,,,,77.9,2253,6.5,745931,620443,624413,578428,668901,682668,607043,664056,516782,54.02,,,,,,,,22,2,Slurve,0,0,0,0,0,0,0,0,Standard,Strategic,310,0.001,0.029,,,,,-0.029,,0,0,0.51,0.51,35,25,35,26,2,1,10.0,1.0,5.0,1,3.69,-0.87,-0.87,42.2,,,,,,batter
SV,2024-09-28,78.3,2.09,5.57,"Mitchell, Garrett",669003,500779,,swinging_strike,,,,,13,,R,L,L,MIL,NYM,S,,,0,0,2024,-0.87,0.15,-1.1554117758525375,1.4955116540635045,,,,2,3,Bot,,,,,,,-5.469662284132519,-113.94669507213172,-2.173298350441801,-6.470036617165339,22.314855735169782,-30.704116325949663,3.65112368311689,1.76452306580056,,,,79.0,2214,6.9,745931,620443,624413,578428,668901,682668,607043,664056,516782,53.57,,,,,,,,22,1,Slurve,0,0,0,0,0,0,0,0,Standard,Strategic,298,-0.002,-0.041,44.3,7.8,7.157555232,,0.041,,0,0,0.512,0.512,35,25,35,26,2,1,10.0,1.0,5.0,1,3.59,-0.87,-0.87,44.9,13.213748242947274,-5.109557044926574,28.605249983320583,50.4021069233102,40.11069571557944,batter
FF,2024-09-28,92.2,2.26,5.71,"Mitchell, Garrett",669003,500779,strikeout,swinging_strike,,,,,2,Garrett Mitchell strikes out swinging. Jackson Chourio steals (22) 2nd base.,R,L,L,MIL,NYM,S,2.0,,1,2,2024,0.46,1.19,-0.2201519260368642,3.1865261955587743,,,694192.0,0,1,Bot,,,,,,,-7.329103820052602,-134.18202054116438,-3.225763445920708,7.047109310299925,26.345994313370728,-17.293011722796333,3.46,1.59,,,,93.0,2035,6.5,745931,620443,624413,578428,668901,682668,607043,664056,516782,53.97,,0.0,0.0,1.0,0.0,0.0,,6,4,4-Seam Fastball,0,0,0,0,0,0,0,0,Standard,Standard,152,-0.006,-0.184,73.7,6.2,0.644419668,,0.184,,0,0,0.573,0.573,35,25,35,26,1,0,10.0,1.0,5.0,1,1.48,0.46,0.46,42.3,-0.1291389004458819,32.10738097238926,29.374516812364718,39.806225553348064,16.69500052097076,batter
SI,2024-09-28,92.5,2.32,5.64,"Mitchell, Garrett",669003,500779,,foul,,,,,3,,R,L,L,MIL,NYM,S,,,1,1,2024,1.03,1.09,0.2810534164799668,2.9080373200420957,,,694192.0,0,1,Bot,,,,,,,-7.454996428443113,-134.58750441286475,-3.550445868058329,14.135628483921456,28.209073238113945,-18.33684823079398,3.46,1.59,229.0,74.7,30.0,92.8,2140,6.4,745931,620443,624413,578428,668901,682668,607043,664056,516782,54.13,,,,,,,,6,3,Sinker,0,0,0,0,0,0,0,0,Standard,Standard,143,-0.008,-0.049,72.5,5.9,,,0.049,88.0,0,0,0.581,0.581,35,25,35,26,1,0,10.0,1.0,5.0,1,1.57,1.03,1.03,39.3,-11.295811696996232,34.819077248967744,34.72126801270997,33.01973710473064,17.211058301543055,batter
SI,2024-09-28,92.1,2.48,5.62,"Mitchell, Garrett",669003,500779,,ball,,,,,3,,R,L,L,MIL,NYM,B,,,0,1,2024,1.21,0.97,0.3291828862499395,3.627632641298868,,,694192.0,0,1,Bot,,,,,,,-8.113726039809759,-133.94706516138706,-1.319303469234213,16.35855390835992,29.237749077748926,-20.412387184471253,3.53179967724645,1.70405618660473,,,,92.2,2282,6.4,745931,620443,624413,578428,668901,682668,607043,664056,516782,54.08,,,,,,,,6,2,Sinker,0,0,0,0,0,0,0,0,Strategic,Standard,154,0.003,0.034,,,,,-0.034,,0,0,0.578,0.578,35,25,35,26,1,0,10.0,1.0,5.0,1,1.72,1.21,1.21,39.1,,,,,,batter
SI,2024-09-28,92.0,2.3,5.67,"Mitchell, Garrett",669003,500779,,called_strike,,,,,4,,R,L,L,MIL,NYM,S,,,0,0,2024,0.99,1.09,-0.7820674901691493,2.311088132015584,,,694192.0,0,1,Bot,,,,,,,-10.00164472616633,-133.6555473744462,-5.110508218711905,13.865723253419931,26.27264434563656,-18.09590860610473,3.47252243603165,1.67605529746217,,,,92.7,2208,6.6,745931,620443,624413,578428,668901,682668,607043,664056,516782,53.93,,,,,,,,6,1,Sinker,0,0,0,0,0,0,0,0,Standard,Standard,152,-0.005,-0.042,,,,,0.042,,0,0,0.583,0.583,35,25,35,26,1,0,10.0,1.0,5.0,1,1.59,0.99,0.99,41.0,,,,,,batter
FF,2024-09-28,98.6,-2.17,5.65,"Mitchell, Garrett",669003,657585,single,hit_into_play,,,,,8,Garrett Mitchell singles on a ground ball to center fielder Tyrone Taylor.,R,L,R,MIL,NYM,X,8.0,ground_ball,0,0,2024,-0.79,1.21,0.1095272576167628,1.8841352647585088,,,,0,8,Bot,154.31,96.98,,,,,8.004912342510323,-143.1742564911817,-7.536475704786264,-12.69698253102274,33.321969794431055,-13.952781928896927,3.46,1.59,86.0,110.3,2.0,98.2,2409,6.2,745931,682626,624413,578428,668901,682668,607043,621438,516782,54.32,0.561,0.505,0.9,1.0,1.0,0.0,4.0,56,1,4-Seam Fastball,2,0,2,0,0,2,2,0,Standard,Standard,224,0.01,0.448,79.6,7.8,,0.602,-0.448,110.3,2,2,0.938,0.938,31,25,31,26,1,3,7.0,1.0,4.0,1,1.15,0.79,-0.79,41.2,6.21789041926316,4.494812158786295,36.28457974934715,34.98417736614812,26.181533064598533,batter
FF,2024-09-27,91.5,3.97,4.99,"Mitchell, Garrett",669003,640455,double,hit_into_play,,,,,6,Garrett Mitchell doubles (12) on a ground ball to right fielder Jesse Winker. Brice Turang to 3rd.,R,L,L,MIL,NYM,X,9.0,ground_ball,1,0,2024,1.14,0.85,0.3670214949948143,2.468234381268882,,,668930.0,2,4,Bot,186.8,134.11,,,,,-11.699043751044265,-132.81211568618613,-2.357695790348654,15.957598853924326,26.852996066432052,-21.76060652472833,3.49,1.6,4.0,85.1,-30.0,92.7,2036,7.0,745930,682626,624413,578428,668901,596019,607043,621438,608385,53.46,0.07,0.075,1.25,1.0,1.0,1.0,2.0,37,2,4-Seam Fastball,5,2,5,2,2,5,5,2,Standard,Standard,130,0.015,0.831,85.3,7.9,,0.097,-0.831,88.0,3,3,0.848,0.848,32,25,32,26,3,0,6.0,1.0,5.0,1,1.87,1.14,1.14,14.8,17.1887380786241,-5.119334602540114,32.368352261585926,31.859903292146,35.90479368139003,batter
FF,2024-09-27,92.0,3.77,4.94,"Mitchell, Garrett",669003,640455,,ball,,,,,13,,R,L,L,MIL,NYM,B,,,0,0,2024,1.14,0.54,-1.5862962411061132,1.9870083971088632,,,668930.0,2,4,Bot,,,,,,,-16.217078412811933,-133.0066549201359,-2.7995169272777254,16.881760701551677,27.02909808397252,-25.26856960885293,3.34481385322368,1.52527334787443,,,,93.1,1969,7.2,745930,682626,624413,578428,668901,596019,607043,621438,608385,53.33,,,,,,,,37,1,4-Seam Fastball,5,2,5,2,2,5,5,2,Standard,Standard,115,0.001,0.034,,,,,-0.034,,3,3,0.847,0.847,32,25,32,26,3,0,6.0,1.0,5.0,1,2.17,1.14,1.14,16.2,,,,,,batter
SI,2024-09-27,90.8,1.63,5.68,"Mitchell, Garrett",669003,622065,strikeout,called_strike,,,,,13,Garrett Mitchell called out on strikes.,R,L,L,MIL,NYM,S,2.0,,2,2,2024,0.96,0.42,-0.4233062242337592,1.3601948932942278,,,,2,8,Bot,,,,,,,-7.150721947202885,-132.0827450510851,-5.8294886241700645,12.677609581919183,26.039677625371457,-26.214420107842468,3.62386057334463,1.60416138491015,,,,90.6,2289,6.0,745930,620443,624413,578428,668901,596019,607043,664056,621438,54.46,,0.0,0.0,1.0,0.0,0.0,,73,7,Sinker,8,4,8,4,4,8,8,4,Strategic,Standard,132,-0.001,-0.219,,,,,0.219,,4,4,0.986,0.986,30,25,31,26,1,2,7.0,1.0,,1,2.33,0.96,0.96,28.4,,,,,,batter
CU,2024-09-27,82.3,2.0,5.71,"Mitchell, Garrett",669003,622065,,foul,,,,,5,,R,L,L,MIL,NYM,S,,,2,2,2024,-1.15,-0.32,-0.1830783413720286,2.395571508059078,,,,2,8,Bot,,,,,,,-2.6916954908835,-119.90216928275652,-0.3887469217811007,-10.574391705442068,23.4091094971087,-35.42928931550533,3.49,1.6,166.0,64.6,35.0,81.6,2106,5.8,745930,620443,624413,578428,668901,596019,607043,664056,621438,54.73,,,,,,,,73,6,Curveball,8,4,8,4,4,8,8,4,Strategic,Standard,313,0.0,0.0,75.5,7.6,,,0.0,88.0,4,4,0.986,0.986,30,25,31,26,1,2,7.0,1.0,,1,3.68,-1.15,-1.15,28.3,7.663478735039566,-3.730447508533001,33.71122863902045,38.82875565047081,28.512187996468292,batter
ST,2024-09-27,83.2,3.48,4.9,"Mitchell, Garrett",669003,664849,walk,ball,,,,,13,Garrett Mitchell walks. Brice Turang scores. Wild pitch by pitcher Danny Young.,R,L,L,MIL,NYM,B,,,3,2,2024,-1.53,-0.32,-2.359457981241856,0.0380795768344537,668930.0,,,2,6,Bot,,,,,,,-10.330293430132958,-120.73771241945838,-3.964837191772165,-12.657179917853458,25.488745631729184,-34.62725316884837,3.41065598099912,1.57241915586533,,,,82.4,2755,6.1,745930,682626,624413,578428,668901,596019,607043,621438,608385,54.38,,0.689131,0.7,1.0,0.0,0.0,,53,7,Sweeper,6,2,6,2,2,7,7,2,Standard,Standard,323,0.022,0.182,,,,,-0.182,,4,4,0.949,0.949,30,25,30,26,1,1,3.0,1.0,1.0,1,3.65,-1.53,-1.53,13.6,,,,,,batter
SI,2024-09-27,91.3,1.62,5.81,"Mitchell, Garrett",669003,622065,,foul,,,,,3,,R,L,L,MIL,NYM,S,,,2,2,2024,1.15,0.79,0.4569241270537449,3.2328669446957856,,,,2,8,Bot,,,,,,,-5.3537289254115406,-132.84942487909797,-2.2744073710043744,14.808077495181523,29.19499058522364,-22.56072876705264,3.49,1.6,186.0,67.6,42.0,90.3,2334,5.7,745930,620443,624413,578428,668901,596019,607043,664056,621438,54.75,,,,,,,,73,5,Sinker,8,4,8,4,4,8,8,4,Standard,Standard,139,0.0,0.0,78.0,7.0,,,0.0,88.0,4,4,0.986,0.986,30,25,31,26,1,2,7.0,1.0,,1,1.95,1.15,1.15,30.0,13.3630147441578,5.189643400707187,29.23678659957161,30.86418904983198,25.83306991958092,batter
SI,2024-09-27,92.4,3.11,5.25,"Mitchell, Garrett",669003,664849,,foul,,,,,5,,R,L,L,MIL,NYM,S,,,3,2,2024,1.37,0.21,0.2056070056143515,2.2958931477470936,668930.0,,,2,6,Bot,,,,,,,-10.295235892540262,-134.17649543592435,-2.1538685121139123,18.794994396231463,27.86974914806314,-29.37471158791774,3.49,1.6,4.0,91.4,-30.0,91.9,2509,6.0,745930,682626,624413,578428,668901,596019,607043,621438,608385,54.51,,,,,,,,53,6,Sinker,6,2,6,2,2,6,6,2,Standard,Standard,120,0.0,0.0,79.6,8.1,,,0.0,91.4,4,4,0.949,0.949,30,25,30,26,1,1,3.0,1.0,1.0,1,2.46,1.37,1.37,20.7,16.543656953784872,-11.852580300583668,31.37389033943393,33.99959425187868,37.0699575415417,batter
CH,2024-09-27,86.8,1.58,5.89,"Mitchell, Garrett",669003,622065,,ball,,,,,14,,R,L,L,MIL,NYM,B,,,1,2,2024,0.88,-0.03,0.0967292869059601,0.8545613523861322,,,,2,8,Bot,,,,,,,-5.318693868934359,-126.4121660750089,-5.861213412409642,10.482968111758057,22.09152428086541,-31.599579623843827,3.30036326550804,1.4200308288078,,,,86.7,1479,5.9,745930,620443,624413,578428,668901,596019,607043,664056,621438,54.62,,,,,,,,73,4,Changeup,8,4,8,4,4,8,8,4,Standard,Standard,127,0.0,0.039,,,,,-0.039,,4,4,0.986,0.986,30,25,31,26,1,2,7.0,1.0,,1,3.01,0.88,0.88,30.8,,,,,,batter
CH,2024-09-27,87.2,1.77,5.89,"Mitchell, Garrett",669003,622065,,swinging_strike,,,,,14,,R,L,L,MIL,NYM,S,,,1,1,2024,0.79,0.15,0.4497889636660989,1.245059137256816,,,,2,8,Bot,,,,,,,-4.755866740076153,-126.9323054721262,-5.3364249344400845,9.467099945108671,23.51608383930498,-29.74007950318752,3.49,1.6,,,,86.8,1623,5.8,745930,620443,624413,578428,668901,596019,607043,664056,621438,54.66,,,,,,,,73,3,Changeup,8,4,8,4,4,8,8,4,Standard,Standard,135,0.0,-0.064,81.2,8.4,1.055601396,,0.064,,4,4,0.986,0.986,30,25,31,26,1,2,7.0,1.0,,1,2.82,0.79,0.79,33.5,17.485155369699417,-15.253787083593997,36.08751771599589,31.786522456488512,39.11109775931487,batter
ST,2024-09-27,81.9,3.33,4.9,"Mitchell, Garrett",669003,664849,,ball,,,,,13,,R,L,L,MIL,NYM,B,,,2,2,2024,-1.73,-0.25,-1.3099678892900088,0.9083185807936612,668930.0,,,2,6,Bot,,,,,,,-7.097811076748404,-119.148745714517,-1.9671568299692144,-15.086813658023116,23.26323136686328,-34.35050761795093,3.37306799194038,1.44219025345141,,,,81.5,2923,6.1,745930,682626,624413,578428,668901,596019,607043,621438,608385,54.44,,,,,,,,53,5,Sweeper,6,2,6,2,2,6,6,2,Standard,Strategic,307,0.001,0.051,,,,,-0.051,,4,4,0.948,0.948,30,25,30,26,1,1,3.0,1.0,1.0,1,3.65,-1.73,-1.73,11.3,,,,,,batter
SI,2024-09-27,91.6,1.48,5.79,"Mitchell, Garrett",669003,622065,,ball,,,,,13,,R,L,L,MIL,NYM,B,,,0,1,2024,1.21,0.33,-2.843902278529741,1.906275893441259,,,,2,8,Bot,,,,,,,-13.406981339185066,-132.72871663497787,-4.606149701744739,17.079596219601793,27.17051532403772,-27.38119418069156,3.43978024320413,1.55953161828573,,,,90.9,2321,6.0,745930,620443,624413,578428,668901,596019,607043,664056,621438,54.48,,,,,,,,73,2,Sinker,8,4,8,4,4,8,8,4,Standard,Standard,130,0.0,0.029,,,,,-0.029,,4,4,0.986,0.986,30,25,31,26,1,2,7.0,1.0,,1,2.4,1.21,1.21,30.2,,,,,,batter
SI,2024-09-27,93.1,3.02,5.17,"Mitchell, Garrett",669003,664849,,ball,,,,,13,,R,L,L,MIL,NYM,B,,,1,2,2024,1.28,0.47,-2.5200310914928696,1.9519849174934445,,668930.0,,2,6,Bot,,,,,,,-16.917730489978442,-134.59754976756722,-3.491074724286819,18.97364372626966,26.1295151783061,-25.863967438200184,3.47041358523244,1.65748183015815,,,,92.9,2499,6.3,745930,682626,624413,578428,668901,596019,607043,621438,608385,54.2,,,,,,,,53,4,Sinker,6,2,6,2,2,6,6,2,Standard,Strategic,118,0.002,0.037,,,,,-0.037,,4,4,0.946,0.946,30,25,30,26,1,1,3.0,1.0,1.0,1,2.17,1.28,1.28,22.3,,,,,,batter
CU,2024-09-27,82.3,2.07,5.77,"Mitchell, Garrett",669003,622065,,foul,,,,,7,,R,L,L,MIL,NYM,S,,,0,0,2024,-1.35,-0.27,-0.5597428150561061,2.1050465315097795,,,,2,8,Bot,,,,,,,-3.3280503319812453,-119.92205994125518,-1.2997127308587355,-12.474645649604104,22.163624306432112,-34.756273267523675,3.49,1.6,118.0,68.1,71.0,81.7,2393,5.7,745930,620443,624413,578428,668901,596019,607043,664056,621438,54.82,,,,,,,,73,1,Curveball,8,4,8,4,4,8,8,4,Standard,Standard,296,0.0,-0.041,77.8,8.0,,,0.041,88.0,4,4,0.986,0.986,30,25,31,26,1,2,7.0,1.0,,1,3.61,-1.35,-1.35,28.7,14.71402550605551,-1.6441357309377738,30.84675577266095,43.62735746364863,34.22368025942004,batter
ST,2024-09-27,82.0,3.34,4.78,"Mitchell, Garrett",669003,664849,,ball,,,,,13,,R,L,L,MIL,NYM,B,,,0,2,2024,-1.42,0.07,-3.482305363476966,0.7436456116964343,,,668930.0,2,6,Bot,,,,,,,-12.610603445790831,-118.90481424063653,-2.6658379051086447,-11.13453945777349,22.57171114367045,-31.154312860362356,3.41838983045988,1.57974679254042,,,,81.6,2628,6.2,745930,682626,624413,578428,668901,596019,607043,621438,608385,54.28,,,,,,,,53,3,Sweeper,6,2,6,2,2,6,6,2,Standard,Strategic,290,0.002,0.027,,,,,-0.027,,4,4,0.944,0.944,30,25,30,26,1,1,3.0,1.0,1.0,1,3.34,-1.42,-1.42,9.8,,,,,,batter
SI,2024-09-27,92.7,3.13,5.16,"Mitchell, Garrett",669003,664849,,foul,,,,,4,,R,L,L,MIL,NYM,S,,,0,1,2024,1.47,0.55,-0.4573912779891849,2.443868002704243,,,668930.0,2,6,Bot,,,,,,,-12.274438305717329,-134.37779240054897,-2.242101935773567,20.636023042995436,31.82834574101375,-25.231336686762187,3.49,1.6,211.0,97.5,11.0,91.5,2474,6.0,745930,682626,624413,578428,668901,596019,607043,621438,608385,54.51,,,,,,,,53,2,Sinker,6,2,6,2,2,6,6,2,Standard,Standard,117,-0.001,-0.054,71.9,6.7,,,0.054,97.5,4,4,0.945,0.945,30,25,30,26,1,1,3.0,1.0,1.0,1,2.14,1.47,1.47,18.3,-3.1334827685210103,27.94312552875775,30.90537560598442,43.2061567667726,15.671657583088765,batter
SI,2024-09-27,93.2,2.86,5.35,"Mitchell, Garrett",669003,664849,,called_strike,,,,,1,,R,L,L,MIL,NYM,S,,,0,0,2024,1.64,0.32,-0.6095319413370619,2.9718727462916856,,,668930.0,2,6,Bot,,,,,,,-12.405875437865644,-135.07580044933462,-0.9700098116688652,22.824883637900104,31.89287071037454,-28.2479007147732,3.4184146352845,1.5795117844114,,,,92.1,2570,6.1,745930,682626,624413,578428,668901,596019,607043,621438,608385,54.45,,,,,,,,53,1,Sinker,6,2,6,2,2,6,6,2,Standard,Standard,122,-0.001,-0.047,,,,,0.047,,4,4,0.946,0.946,30,25,30,26,1,1,3.0,1.0,1.0,1,2.34,1.64,1.64,22.7,,,,,,batter
ST,2024-09-26,83.9,-2.08,5.59,"Mitchell, Garrett",669003,656605,walk,ball,,,,,13,Garrett Mitchell walks.,R,L,R,PIT,MIL,B,,,3,2,2024,0.94,-0.15,-1.6726443885792637,2.34483436085423,,668930.0,,2,5,Top,,,,,,,-0.9200725424988044,-122.27161369708035,-0.8066172759030131,9.581542750017398,24.076629904459512,-33.76767129648716,3.37375894717087,1.56770582737501,,,,84.3,2740,6.5,745443,663698,669707,693304,643396,678894,668804,665833,650559,54.04,,0.689131,0.7,1.0,0.0,0.0,,38,6,Sweeper,0,3,3,0,3,0,3,0,Standard,Standard,67,-0.004,0.115,,,,,-0.115,,-3,3,0.171,0.829,28,25,28,26,3,2,6.0,1.0,,1,3.38,-0.94,0.94,29.2,,,,,,batter
FF,2024-09-26,95.6,-1.97,5.66,"Mitchell, Garrett",669003,656605,,foul,,,,,1,,R,L,R,PIT,MIL,S,,,3,1,2024,-0.68,1.11,-0.8262185132649819,3.1033829515419997,,668930.0,,2,5,Top,,,,,,,4.568715861156691,-139.17444504967727,-3.664836000479109,-9.876153979427448,29.589285973225486,-17.131752297079647,3.51,1.61,261.0,77.9,34.0,96.1,2549,6.5,745443,663698,669707,693304,643396,678894,668804,665833,650559,54.04,,,,,,,,38,5,4-Seam Fastball,0,3,3,0,3,0,3,0,Standard,Standard,224,0.001,-0.059,73.5,6.8,,,0.059,88.0,-3,3,0.17,0.83,28,25,28,26,3,2,6.0,1.0,,1,1.37,0.68,-0.68,30.3,3.2315915774184347,22.41322501787214,28.36363859103424,47.10195854598473,19.722500188065677,batter
SL,2024-09-26,89.2,-1.93,5.84,"Mitchell, Garrett",669003,656605,,ball,,,,,4,,R,L,R,PIT,MIL,B,,,2,1,2024,0.32,0.16,-0.8169814443407264,2.4274397610184697,,668930.0,,2,5,Top,,,,,,,2.0760073835526645,-129.96096677579945,-2.77924876092898,3.211555050181341,24.91370521859689,-30.0209015364114,3.63043732869651,1.74310032726614,,,,89.8,2633,6.4,745443,663698,669707,693304,643396,678894,668804,665833,650559,54.09,,,,,,,,38,4,Slider,0,3,3,0,3,0,3,0,Standard,Standard,108,-0.001,0.045,,,,,-0.045,,-3,3,0.171,0.829,28,25,28,26,3,2,6.0,1.0,,1,2.68,-0.32,0.32,37.1,,,,,,batter
SL,2024-09-26,88.0,-1.91,5.76,"Mitchell, Garrett",669003,656605,,swinging_strike,,,,,13,,R,L,R,PIT,MIL,S,,,2,0,2024,0.3,0.14,-0.0055543745119268,0.8316717838835892,,668930.0,,2,5,Top,,,,,,,4.026194825180145,-128.1643454364821,-6.241943556651005,2.587760453934763,25.05422881632113,-29.55486245502514,3.51,1.61,,,,88.8,2662,6.6,745443,663698,669707,693304,643396,678894,668804,665833,650559,53.86,,,,,,,,38,3,Slider,0,3,3,0,3,0,3,0,Standard,Standard,90,0.001,-0.028,77.8,8.8,5.126584356,,0.028,,-3,3,0.17,0.83,28,25,28,26,3,2,6.0,1.0,,1,2.78,-0.3,0.3,33.7,18.58352873316702,-15.6702444804959,35.107735445789054,39.38842835818943,47.48058346818481,batter
FF,2024-09-26,95.1,-2.02,5.59,"Mitchell, Garrett",669003,656605,,ball,,,,,14,,R,L,R,PIT,MIL,B,,,1,0,2024,-0.56,1.04,0.985614626158578,1.221300950622578,,668930.0,,2,5,Top,,,,,,,9.139355239804567,-138.1038294190968,-8.147219351083672,-9.141297805446102,30.398378440651303,-17.13130015529719,3.46693240403381,1.57899219787696,,,,95.3,2444,6.5,745443,663698,669707,693304,643396,678894,668804,665833,650559,54.03,,,,,,,,38,2,4-Seam Fastball,0,3,3,0,3,0,3,0,Standard,Standard,226,-0.001,0.024,,,,,-0.024,,-3,3,0.171,0.829,28,25,28,26,3,2,6.0,1.0,,1,1.48,0.56,-0.56,32.5,,,,,,batter
ST,2024-09-26,82.3,-2.1,5.64,"Mitchell, Garrett",669003,656605,,ball,,,,,11,,R,L,R,PIT,MIL,B,,,0,0,2024,1.67,-0.17,-1.36688687012751,2.7563256113875942,,668930.0,,2,5,Top,,,,,,,-1.5820736216764326,-119.8118111244302,0.3725765842175144,16.316607389439348,24.992909118654914,-34.08655234297079,3.45657511433781,1.56882261653075,,,,82.3,2750,6.5,745443,663698,669707,693304,643396,678894,668804,665833,650559,54.02,,,,,,,,38,1,Sweeper,0,3,3,0,3,0,3,0,Standard,Standard,63,-0.001,0.014,,,,,-0.014,,-3,3,0.172,0.828,28,25,28,26,3,2,6.0,1.0,,1,3.55,-1.67,1.67,28.4,,,,,,batter
FF,2024-09-26,94.9,-1.97,5.65,"Mitchell, Garrett",669003,656605,field_out,hit_into_play,,,,,1,"Garrett Mitchell grounds out softly, pitcher Mitch Keller to first baseman Jared Triolo.",R,L,R,PIT,MIL,X,1.0,ground_ball,2,2,2024,-0.51,0.99,-0.2924673860189454,3.018840828108618,,,,0,4,Top,133.3,174.82,,,,,5.530366960932239,-138.1561826810756,-3.467464587925563,-7.724827607854365,30.03602010561685,-18.916014085041077,3.51,1.61,1.0,59.7,-64.0,95.3,2313,6.4,745443,663698,669707,693304,643396,678894,668804,665833,650559,54.08,0.3,0.273,0.0,1.0,0.0,0.0,2.0,25,5,4-Seam Fastball,0,1,1,0,1,0,1,0,Standard,Standard,224,0.02,-0.227,69.7,6.6,,0.307,0.227,88.0,-1,1,0.38,0.62,28,25,28,26,2,1,6.0,1.0,,1,1.53,0.51,-0.51,31.5,11.118805455956872,26.231938966572347,26.63113961826981,40.01250968252985,19.133515181361552,batter
FF,2024-09-26,94.4,-1.97,5.6,"Mitchell, Garrett",669003,656605,,foul,,,,,2,,R,L,R,PIT,MIL,S,,,2,1,2024,-0.43,1.04,0.0369623368014517,3.2704521451768405,,,,0,4,Top,,,,,,,6.185763739730145,-137.28832716973312,-2.6903923387037683,-6.810773248619265,31.50912246638828,-18.58718727139589,3.51,1.61,182.0,76.4,64.0,94.5,2314,6.5,745443,663698,669707,693304,643396,678894,668804,665833,650559,54.04,,,,,,,,25,4,4-Seam Fastball,0,1,1,0,1,0,1,0,Standard,Standard,223,0.007,-0.069,74.7,7.2,,,0.069,88.0,-1,1,0.373,0.627,28,25,28,26,2,1,6.0,1.0,,1,1.52,0.43,-0.43,30.8,9.034035829509024,6.728310906406575,27.220052780126185,36.781422343638624,27.886316489476705,batter
SL,2024-09-26,88.8,-2.03,5.78,"Mitchell, Garrett",669003,656605,,ball,,,,,14,,R,L,R,PIT,MIL,B,,,1,1,2024,0.41,0.14,0.1909401685566539,1.0987405820511025,,,,0,4,Top,,,,,,,4.593189077250576,-129.2152512070663,-5.730118243268183,3.6432388618552,25.72704992815722,-29.642696985371146,3.3884510986685,1.58974489844381,,,,89.1,2528,6.4,745443,663698,669707,693304,643396,678894,668804,665833,650559,54.11,,,,,,,,25,3,Slider,0,1,1,0,1,0,1,0,Standard,Standard,178,-0.005,0.053,,,,,-0.053,,-1,1,0.378,0.622,28,25,28,26,2,1,6.0,1.0,,1,2.74,-0.41,0.41,33.3,,,,,,batter
SL,2024-09-26,85.9,-1.87,5.81,"Mitchell, Garrett",669003,656605,,foul,,,,,9,,R,L,R,PIT,MIL,S,,,1,0,2024,0.57,-0.37,0.466892717461747,1.8207190263000537,,,,0,4,Top,,,,,,,4.387066009417031,-125.10533567649676,-2.4611000861797594,5.078620963755906,24.84694746821169,-35.78447087746446,3.51,1.61,,,,86.2,2450,6.4,745443,663698,669707,693304,643396,678894,668804,665833,650559,54.12,,,,,,,,25,2,Slider,0,1,1,0,1,0,1,0,Standard,Standard,86,0.005,-0.049,81.0,8.6,,,0.049,,-1,1,0.373,0.627,28,25,28,26,2,1,6.0,1.0,,1,3.45,-0.57,0.57,37.2,17.941445075354235,-15.45472392589478,36.41239613275604,32.15261988761932,37.804808019619415,batter
FF,2024-09-26,93.4,-2.14,5.62,"Mitchell, Garrett",669003,656605,,ball,,,,,13,,R,L,R,PIT,MIL,B,,,0,0,2024,-0.9,1.13,-0.8371785589444889,2.4374361382395504,,,,0,4,Top,,,,,,,5.352052892821302,-135.91921403126997,-4.972111162088104,-12.321588427664883,28.36534250765665,-17.269334094623783,3.40321722541184,1.60386089762768,,,,93.7,2310,6.4,745443,663698,669707,693304,643396,678894,668804,665833,650559,54.13,,,,,,,,25,1,4-Seam Fastball,0,1,1,0,1,0,1,0,Standard,Standard,223,-0.004,0.038,,,,,-0.038,,-1,1,0.377,0.623,28,25,28,26,2,1,6.0,1.0,,1,1.47,0.9,-0.9,29.6,,,,,,batter
SI,2024-09-26,94.7,-1.94,5.56,"Mitchell, Garrett",669003,656605,strikeout,called_strike,,,,,6,Garrett Mitchell called out on strikes.,R,L,R,PIT,MIL,S,2.0,,3,2,2024,-1.11,0.74,0.7408869745163198,2.2400324121867974,,,,2,1,Top,,,,,,,9.52609251223038,-137.59667323523945,-4.656090816804256,-16.22903389781059,30.73663548063709,-21.8461350488168,3.39587502947648,1.55132584954727,,,,95.0,2530,6.6,745443,663698,669707,693304,643396,678894,668804,665833,650559,53.92,,0.0,0.0,1.0,0.0,0.0,,3,6,Sinker,0,0,0,0,0,0,0,0,Standard,Standard,224,0.012,-0.325,,,,,0.325,,0,0,0.536,0.464,28,25,28,26,1,0,6.0,1.0,,1,1.81,1.11,-1.11,31.9,,,,,,batter
FF,2024-09-26,95.7,-2.06,5.61,"Mitchell, Garrett",669003,656605,,ball,,,,,11,,R,L,R,PIT,MIL,B,,,2,2,2024,-0.76,1.06,-0.8671891269454888,3.427226505146216,,,,2,1,Top,,,,,,,4.864726520686488,-139.29851557911218,-2.554661660159515,-10.945536482522211,30.98181195599752,-18.05523046266,3.33435525102659,1.44925336814136,,,,96.1,2363,6.5,745443,663698,669707,693304,643396,678894,668804,665833,650559,53.99,,,,,,,,3,5,4-Seam Fastball,0,0,0,0,0,0,0,0,Standard,Standard,225,-0.004,0.106,,,,,-0.106,,0,0,0.54,0.46,28,25,28,26,1,0,6.0,1.0,,1,1.43,0.76,-0.76,31.0,,,,,,batter
SL,2024-09-26,87.5,-1.92,5.79,"Mitchell, Garrett",669003,656605,,swinging_strike,,,,,14,,R,L,R,PIT,MIL,S,,,2,1,2024,0.62,-0.26,0.5607220305876228,1.240471080673784,,,,2,1,Top,,,,,,,4.703972522748354,-127.38747098306769,-4.3198141436821365,5.880262702143347,24.91200535652689,-34.4023008255404,3.51,1.61,,,,87.5,2632,6.2,745443,663698,669707,693304,643396,678894,668804,665833,650559,54.34,,,,,,,,3,4,Slider,0,0,0,0,0,0,0,0,Standard,Standard,87,0.003,-0.084,80.1,7.9,2.831253804,,0.084,,0,0,0.537,0.463,28,25,28,26,1,0,6.0,1.0,,1,3.23,-0.62,0.62,37.6,10.891027039168332,-2.556854130051612,36.605480622764645,29.73264886328471,32.52382334472324,batter
SL,2024-09-26,86.0,-1.85,5.87,"Mitchell, Garrett",669003,656605,,ball,,,,,11,,R,L,R,PIT,MIL,B,,,1,1,2024,0.78,-0.22,-0.9557144306811374,3.300671512673979,,,,2,1,Top,,,,,,,0.5309573724302108,-125.45098107198363,0.4232070693135445,8.367639127008784,18.731352838370626,-34.74322343720016,3.33286241875307,1.52935338262932,,,,87.1,2538,6.2,745443,663698,669707,693304,643396,678894,668804,665833,650559,54.25,,,,,,,,3,3,Slider,0,0,0,0,0,0,0,0,Standard,Standard,65,-0.001,0.058,,,,,-0.058,,0,0,0.538,0.462,28,25,28,26,1,0,6.0,1.0,,1,3.22,-0.78,0.78,40.4,,,,,,batter
FF,2024-09-26,95.2,-1.99,5.58,"Mitchell, Garrett",669003,656605,,called_strike,,,,,1,,R,L,R,PIT,MIL,S,,,1,0,2024,-0.71,1.04,-0.6998385462340799,3.072290797730756,,,,2,1,Top,,,,,,,4.999594948066042,-138.58788213341367,-3.30448326946126,-10.25573312129243,29.36627697204068,-18.18994916861664,3.38409164895808,1.49896258163661,,,,95.6,2348,6.4,745443,663698,669707,693304,643396,678894,668804,665833,650559,54.13,,,,,,,,3,2,4-Seam Fastball,0,0,0,0,0,0,0,0,Standard,Standard,218,0.001,-0.051,,,,,0.051,,0,0,0.537,0.463,28,25,28,26,1,0,6.0,1.0,,1,1.46,0.71,-0.71,31.8,,,,,,batter
CU,2024-09-26,78.0,-1.74,5.89,"Mitchell, Garrett",669003,656605,,ball,,,,,13,,R,L,R,PIT,MIL,B,,,0,0,2024,1.43,-1.03,-0.8479342918488326,1.6702417912325913,,,,2,1,Top,,,,,,,-0.7122109756535492,-113.50728353119496,-0.199375002402848,12.38516271923067,23.934027339381267,-41.14996206633153,3.59176112818955,1.83373974450072,,,,77.5,2502,6.2,745443,663698,669707,693304,643396,678894,668804,665833,650559,54.26,,,,,,,,3,1,Curveball,0,0,0,0,0,0,0,0,Standard,Standard,37,-0.001,0.04,,,,,-0.04,,0,0,0.538,0.462,28,25,28,26,1,0,6.0,1.0,,1,4.82,-1.43,1.43,38.6,,,,,,batter
CU,2024-09-26,74.9,-1.97,5.76,"Mitchell, Garrett",669003,670280,field_out,hit_into_play,,,,,4,Garrett Mitchell lines out to left fielder Bryan Reynolds.,R,L,R,PIT,MIL,X,7.0,line_drive,0,0,2024,0.73,-0.57,-0.6023486826503187,2.3122137147087,,,596142.0,0,7,Top,65.13,82.26,,,,,1.518956077309555,-109.0789091688396,1.0768224421145658,5.499200979253796,20.191157694188654,-37.15224250883456,3.51,1.61,326.0,94.7,24.0,74.2,2386,5.8,745443,663698,669707,693304,643396,678894,668804,665833,650559,54.69,0.182,0.223,0.0,1.0,0.0,0.0,5.0,54,1,Curveball,0,5,5,0,5,0,5,0,Standard,Standard,49,0.004,-0.246,76.2,7.5,,0.359,0.246,94.7,-5,5,0.028,0.972,29,25,30,26,1,3,2.0,1.0,2.0,1,4.65,-0.73,0.73,31.8,6.972809598843808,11.441471110458174,34.358097586292736,43.56554135954411,27.18159971116434,batter
SL,2024-09-25,84.9,-1.7,4.99,"Mitchell, Garrett",669003,682847,field_out,hit_into_play,,,,,8,Garrett Mitchell lines out to shortstop Liover Peguero.,R,L,R,PIT,MIL,X,6.0,line_drive,1,2,2024,0.79,0.5,-0.0602197372119107,1.8723467176658957,,,,2,6,Top,125.53,134.69,,,,,2.265312025626514,-123.7174335675962,-1.9810247125486955,7.670481696112993,25.33882542461375,-26.8520468186498,3.49,1.61,164.0,75.8,15.0,85.7,2502,6.8,745442,518735,669707,693304,643396,678894,668804,665833,694377,53.74,0.739,0.671,0.0,1.0,0.0,0.0,4.0,41,4,Slider,2,1,1,2,1,2,1,2,Standard,Standard,62,0.012,-0.18,78.4,8.7,,0.798,0.18,88.0,1,-1,0.728,0.272,25,25,25,26,3,2,6.0,3.0,,1,2.66,-0.79,0.79,24.1,22.424990173887096,-17.627803731724697,35.00320442645817,38.29176980254625,47.026151657186674,batter
SL,2024-09-25,84.3,-1.89,4.84,"Mitchell, Garrett",669003,682847,,ball,,,,,13,,R,L,R,PIT,MIL,B,,,0,2,2024,0.81,0.4,-0.9533873067724984,2.1935760999746314,,,,2,6,Top,,,,,,,0.5903165280654161,-122.90112320808376,-0.6382085920957465,8.099114684553026,22.75457242552773,-28.203330777364,3.5328242793018,1.52263508265055,,,,85.6,2490,6.9,745442,518735,669707,693304,643396,678894,668804,665833,694377,53.63,,,,,,,,41,3,Slider,2,1,1,2,1,2,1,2,Standard,Standard,67,-0.002,0.023,,,,,-0.023,,1,-1,0.73,0.27,25,25,25,26,3,2,6.0,3.0,,1,2.78,-0.81,0.81,23.2,,,,,,batter
SL,2024-09-25,85.2,-1.76,4.95,"Mitchell, Garrett",669003,682847,,foul,,,,,8,,R,L,R,PIT,MIL,S,,,0,1,2024,0.34,-0.42,0.1904995680492787,1.7707946265658174,,,,2,6,Top,,,,,,,3.9273437344941,-124.04068272331816,-0.3010378820482746,2.70007422857133,25.448968461874564,-36.69461719376663,3.49,1.61,2.0,79.8,-43.0,85.9,2347,6.8,745442,518735,669707,693304,643396,678894,668804,665833,694377,53.73,,,,,,,,41,2,Slider,2,1,1,2,1,2,1,2,Standard,Standard,72,0.004,-0.058,78.2,8.1,,,0.058,88.0,1,-1,0.726,0.274,25,25,25,26,3,2,6.0,3.0,,1,3.57,-0.34,0.34,22.8,17.459227537200846,-7.177137868089623,32.25295586817475,34.69775878117098,39.32471800040681,batter
FC,2024-09-25,90.2,-1.66,5.06,"Mitchell, Garrett",669003,682847,,called_strike,,,,,3,,R,L,R,PIT,MIL,S,,,0,0,2024,0.63,0.59,0.3490425348030136,3.6131380206381536,,,,2,6,Top,,,,,,,3.665071417457055,-131.28719777915327,1.1412525707377967,6.49284910641888,29.16400188908544,-25.83693056153832,3.59804880666094,1.7107037037864,,,,90.8,2329,6.7,745442,518735,669707,693304,643396,678894,668804,665833,694377,53.75,,,,,,,,41,1,Cutter,2,1,1,2,1,2,1,2,Standard,Standard,185,0.003,-0.041,,,,,0.041,,1,-1,0.723,0.277,25,25,25,26,3,2,6.0,3.0,,1,2.22,-0.63,0.63,25.8,,,,,,batter
FF,2024-09-25,96.3,-1.64,4.91,"Mitchell, Garrett",669003,682847,strikeout,swinging_strike,,,,,2,Garrett Mitchell strikes out swinging.,R,L,R,PIT,MIL,S,2.0,,1,2,2024,-1.09,0.86,-0.1170488623276726,3.47722751323717,,,661388.0,0,4,Top,,,,,,,6.591090122828384,-140.12515671997105,-0.167334452376472,-15.86577154945246,31.583873049724914,-21.00287846415371,3.49,1.61,,,,97.3,2270,6.9,745442,518735,669707,693304,643396,678894,668804,665833,694377,53.62,,0.0,0.0,1.0,0.0,0.0,,22,4,4-Seam Fastball,0,1,1,0,1,0,1,0,Standard,Standard,234,0.024,-0.184,77.6,6.7,1.071402804,,0.184,,-1,1,0.351,0.649,25,25,25,26,2,1,6.0,3.0,,1,1.6,1.09,-1.09,19.3,7.449542632685172,22.399790558783423,27.333635847491625,38.7811567816064,19.98510322305993,batter
FC,2024-09-25,91.8,-1.82,4.92,"Mitchell, Garrett",669003,682847,,foul,,,,,5,,R,L,R,PIT,MIL,S,,,1,1,2024,-0.16,0.71,0.0856978103128812,2.8517681828854684,,,661388.0,0,4,Top,,,,,,,5.224849373942367,-133.6977529760874,-0.9658139997954016,-3.008272304425636,26.550257315859596,-23.600138080402512,3.49,1.61,193.0,78.6,69.0,93.1,2499,6.8,745442,518735,669707,693304,643396,678894,668804,665833,694377,53.66,,,,,,,,22,3,Cutter,0,1,1,0,1,0,1,0,Standard,Standard,207,0.008,-0.049,77.1,7.5,,,0.049,88.0,-1,1,0.343,0.657,25,25,25,26,2,1,6.0,3.0,,1,1.97,0.16,-0.16,22.1,10.282899573233069,-1.0136820103227773,30.13164472849537,35.96292472995472,34.14902858326205,batter
SL,2024-09-25,84.6,-1.77,4.95,"Mitchell, Garrett",669003,682847,,ball,,,,,11,,R,L,R,PIT,MIL,B,,,0,1,2024,0.66,0.47,-1.0198223353712346,2.9612976739540486,,,661388.0,0,4,Top,,,,,,,0.4382158727723039,-123.47072737342329,0.6231852052679079,6.789812233003371,19.177729281771096,-27.56387378969009,3.64509686639546,1.67095064189414,,,,86.4,2344,6.8,745442,518735,669707,693304,643396,678894,668804,665833,694377,53.7,,,,,,,,22,2,Slider,0,1,1,0,1,0,1,0,Standard,Standard,83,-0.003,0.034,,,,,-0.034,,-1,1,0.346,0.654,25,25,25,26,2,1,6.0,3.0,,1,2.64,-0.66,0.66,25.6,,,,,,batter
FC,2024-09-25,91.3,-1.9,4.88,"Mitchell, Garrett",669003,682847,,called_strike,,,,,1,,R,L,R,PIT,MIL,S,,,0,0,2024,-0.25,1.01,-0.5925119756551229,3.3484101185833834,,,661388.0,0,4,Top,,,,,,,3.864296818634894,-133.03241290809945,-0.1961105251466793,-3.736741955426937,26.664840117653835,-20.31159778416261,3.58192457655197,1.68944645429673,,,,92.4,2482,6.7,745442,518735,669707,693304,643396,678894,668804,665833,694377,53.78,,,,,,,,22,1,Cutter,0,1,1,0,1,0,1,0,Standard,Standard,214,0.005,-0.042,,,,,0.042,,-1,1,0.341,0.659,25,25,25,26,2,1,6.0,3.0,,1,1.71,0.25,-0.25,20.3,,,,,,batter
SL,2024-09-25,85.4,-1.62,4.86,"Mitchell, Garrett",669003,682847,strikeout,called_strike,,,,,14,Garrett Mitchell called out on strikes.,R,L,R,PIT,MIL,S,2.0,,2,2,2024,0.57,-0.06,0.6427703207024276,1.2249530002124684,668930.0,,,2,1,Top,,,,,,,4.22610383581232,-124.3536808837616,-2.1957130723199465,5.118602011974691,23.687548166773837,-32.57318090746154,3.48706386949901,1.46947919412987,,,,86.4,2338,6.8,745442,518735,669707,693304,643396,678894,668804,665833,694377,53.72,,0.0,0.0,1.0,0.0,0.0,,4,5,Slider,0,0,0,0,0,0,0,0,Standard,Standard,59,0.031,-0.202,,,,,0.202,,0,0,0.517,0.483,25,25,25,26,1,0,6.0,3.0,,1,3.17,-0.57,0.57,26.1,,,,,,batter
FF,2024-09-25,97.3,-1.57,5.0,"Mitchell, Garrett",669003,682847,,ball,,,,,12,,R,L,R,PIT,MIL,B,,,1,2,2024,-0.66,1.02,0.7879686352919393,3.541265214871067,668930.0,,,2,1,Top,,,,,,,7.940200975079921,-141.53718926768155,-0.7301096158655949,-10.751756585866715,32.92614468391461,-18.530033110058174,3.43027443254356,1.56483636147881,,,,98.2,2335,6.8,745442,518735,669707,693304,643396,678894,668804,665833,694377,53.66,,,,,,,,4,4,4-Seam Fastball,0,0,0,0,0,0,0,0,Standard,Standard,232,-0.005,0.017,,,,,-0.017,,0,0,0.522,0.478,25,25,25,26,1,0,6.0,3.0,,1,1.39,0.66,-0.66,20.7,,,,,,batter
FC,2024-09-25,90.2,-1.73,4.92,"Mitchell, Garrett",669003,682847,,swinging_strike,,,,,6,,R,L,R,PIT,MIL,S,,,1,1,2024,0.38,0.75,0.3019579909996371,2.8887108270814155,668930.0,,,2,1,Top,,,,,,,4.265499508749618,-131.28268821261355,-0.7101188821878555,3.511212531317802,27.84111799825513,-23.524228082935384,3.49,1.61,,,,90.9,2367,6.7,745442,518735,669707,693304,643396,678894,668804,665833,694377,53.82,,,,,,,,4,3,Cutter,0,0,0,0,0,0,0,0,Standard,Standard,186,0.009,-0.073,76.1,7.5,1.531365456,,0.073,,0,0,0.513,0.487,25,25,25,26,1,0,6.0,3.0,,1,2.05,-0.38,0.38,23.2,12.094482009610184,6.355808712822658,33.11360264088078,33.77960888128372,31.27907392600782,batter
FC,2024-09-25,91.2,-1.81,4.95,"Mitchell, Garrett",669003,682847,,swinging_strike,,,,,2,,R,L,R,PIT,MIL,S,,,1,0,2024,0.6,0.75,-0.0868707220632364,3.005704140468689,668930.0,,,2,1,Top,,,,,,,3.05887403654633,-132.79120090296095,-0.6152176279879614,6.436951781543947,28.559629702379063,-23.39165867371645,3.49,1.61,,,,91.9,2350,6.7,745442,518735,669707,693304,643396,678894,668804,665833,694377,53.81,,,,,,,,4,2,Cutter,0,0,0,0,0,0,0,0,Standard,Standard,196,0.003,-0.039,73.6,6.6,0.183027372,,0.039,88.0,0,0,0.51,0.49,25,25,25,26,1,0,6.0,3.0,,1,1.99,-0.6,0.6,23.7,-4.634501036729757,31.213166649992782,33.891790894013404,36.984592839941946,13.40047576862015,batter
FF,2024-09-25,96.8,-1.71,4.98,"Mitchell, Garrett",669003,682847,,ball,,,,,14,,R,L,R,PIT,MIL,B,,,0,0,2024,-0.75,0.97,1.8637186591237067,1.8154573251078008,668930.0,,,2,1,Top,,,,,,,11.402228833954329,-140.57021740558818,-5.174262361859719,-12.459578215537627,31.07720752092174,-18.312748526588244,3.55638022022395,1.51846377410616,,,,98.3,2301,7.2,745442,518735,669707,693304,643396,678894,668804,665833,694377,53.34,,,,,,,,4,1,4-Seam Fastball,0,0,0,0,0,0,0,0,Standard,Standard,231,-0.001,0.032,,,,,-0.032,,0,0,0.511,0.489,25,25,25,26,1,0,6.0,3.0,,1,1.47,0.75,-0.75,23.9,,,,,,batter
SI,2024-09-22,89.3,3.19,5.06,"Mitchell, Garrett",669003,573009,single,hit_into_play,,,,,5,"Garrett Mitchell singles on a ground ball to left fielder Lourdes Gurriel Jr. , deflected by third baseman Eugenio Suárez. Jackson Chourio scores. Blake Perkins to 3rd.",R,L,L,MIL,AZ,X,5.0,ground_ball,3,2,2024,1.37,0.26,-0.1171175896542466,2.6248503457912,,694192.0,663368.0,2,8,Bot,78.01,127.7,,,,,-11.054631850408937,-129.52155344471294,-0.4870363578840063,17.78849904804143,27.447751815459107,-29.34686112700737,3.49,1.62,111.0,102.8,4.0,89.4,2162,6.5,745929,645444,572233,606466,553993,672695,666971,664983,682998,53.96,0.584,0.547,0.9,1.0,1.0,0.0,4.0,79,6,Sinker,6,9,6,9,9,7,7,9,Standard,Standard,106,0.075,0.546,74.7,6.8,,0.659,-0.546,102.8,-3,-3,0.095,0.095,33,25,33,26,1,1,1.0,1.0,5.0,3,2.62,1.37,1.37,16.0,-2.460555403697166,19.08682080674267,32.15281312169367,38.63890248633021,19.974329246846608,batter
CH,2024-09-22,82.2,3.09,5.01,"Mitchell, Garrett",669003,573009,,ball,,,,,13,,R,L,L,MIL,AZ,B,,,2,2,2024,1.3,-0.18,-0.9276199992462446,1.433643417714269,,694192.0,663368.0,2,8,Bot,,,,,,,-11.6397081160791,-119.13687605961076,-1.1545409548531629,14.595366102463394,23.29165489289309,-33.852976810269894,3.38277856875929,1.53747064846393,,,,82.2,1552,6.6,745929,645444,572233,606466,553993,672695,666971,664983,682998,53.93,,,,,,,,79,5,Changeup,6,9,6,9,9,6,6,9,Standard,Standard,83,0.016,0.093,,,,,-0.093,,-3,-3,0.079,0.079,33,25,33,26,1,1,1.0,1.0,5.0,3,3.58,1.3,1.3,15.6,,,,,,batter
SI,2024-09-22,88.3,3.27,4.96,"Mitchell, Garrett",669003,573009,,called_strike,,,,,8,,R,L,L,MIL,AZ,S,,,2,1,2024,1.44,0.24,0.1649346779229767,1.8436185897160424,,694192.0,663368.0,2,8,Bot,,,,,,,-10.562808230916742,-128.1249151564554,-1.9377116901033824,18.09085492829198,27.68804168819897,-29.291896419649504,3.28521332706367,1.54743445763133,,,,88.2,2221,6.5,745929,645444,572233,606466,553993,672695,666971,664983,682998,53.98,,,,,,,,79,4,Sinker,6,9,6,9,9,6,6,9,Standard,Standard,109,-0.013,-0.102,,,,,0.102,,-3,-3,0.092,0.092,33,25,33,26,1,1,1.0,1.0,5.0,3,2.71,1.44,1.44,16.3,,,,,,batter
CU,2024-09-22,81.1,3.23,5.02,"Mitchell, Garrett",669003,573009,,ball,,,,,13,,R,L,L,MIL,AZ,B,,,1,1,2024,-0.85,-0.37,-1.2134378141602982,1.3694217706362202,,694192.0,663368.0,2,8,Bot,,,,,,,-8.347852392451573,-117.89367314382449,-0.8044007922091068,-6.338890474355294,22.795728992894368,-35.66392786653614,3.4301804973182,1.65655625695634,,,,81.4,2600,6.6,745929,645444,572233,606466,553993,672695,666971,664983,682998,53.89,,,,,,,,79,3,Curveball,6,9,6,9,9,6,6,9,Standard,Standard,324,0.008,0.042,,,,,-0.042,,-3,-3,0.084,0.084,33,25,33,26,1,1,1.0,1.0,5.0,3,3.84,-0.85,-0.85,17.4,,,,,,batter
CU,2024-09-22,80.7,3.13,5.12,"Mitchell, Garrett",669003,573009,,swinging_strike,,,,,13,,R,L,L,MIL,AZ,S,,,1,0,2024,-0.84,-0.36,-0.797951710387696,1.4244963881555273,,694192.0,663368.0,2,8,Bot,,,,,,,-7.15708656044932,-117.2807443873676,-0.8370024438585542,-6.339124995445133,23.159662056810152,-35.54302855879213,3.49,1.62,,,,80.8,2581,6.5,745929,645444,572233,606466,553993,672695,666971,664983,682998,53.98,,,,,,,,79,2,Curveball,6,9,6,9,9,6,6,9,Standard,Standard,322,-0.008,-0.042,74.1,8.9,7.052495088,,0.042,,-3,-3,0.092,0.092,33,25,33,26,1,1,1.0,1.0,5.0,3,3.88,-0.84,-0.84,19.7,19.883646211918222,-24.392072798766616,32.39221796470089,45.68554191543535,51.68914181304068,batter
CU,2024-09-22,80.3,3.15,4.98,"Mitchell, Garrett",669003,573009,,ball,,,,,13,,R,L,L,MIL,AZ,B,,,0,0,2024,-0.8,-0.32,-2.415793444228778,1.0079906614119691,,694192.0,663368.0,2,8,Bot,,,,,,,-10.82974130991854,-116.54917843623248,-1.44113884471122,-5.1921475024723085,22.54790806256033,-35.03649264502534,3.34684695767386,1.50140198758423,,,,80.4,2520,6.5,745929,645444,572233,606466,553993,672695,666971,664983,682998,53.97,,,,,,,,79,1,Curveball,6,9,6,9,9,6,6,9,Standard,Standard,326,0.005,0.026,,,,,-0.026,,-3,-3,0.087,0.087,33,25,33,26,1,1,1.0,1.0,5.0,3,3.88,-0.8,-0.8,17.9,,,,,,batter
SI,2024-09-22,89.5,-3.61,3.73,"Mitchell, Garrett",669003,657044,single,hit_into_play,,,,,5,Garrett Mitchell singles on a ground ball to right fielder Pavin Smith.,R,L,R,MIL,AZ,X,9.0,ground_ball,0,0,2024,-1.11,-0.52,-0.0186910267280164,2.2156285872455985,,,,0,7,Bot,182.12,114.47,,,,,11.292235580613845,-129.8212426596727,3.413608032780811,-14.863094222457937,25.532016370396565,-39.03353342143112,3.49,1.62,99.0,111.0,5.0,90.4,1876,6.9,745929,645444,605137,606466,553993,672695,666971,664983,656976,53.64,0.695,0.664,0.9,1.0,1.0,0.0,4.0,65,1,Sinker,4,8,4,8,8,4,4,8,Standard,Standard,272,0.034,0.448,77.9,8.0,,0.82,-0.448,111.0,-4,-4,0.071,0.071,32,25,32,26,1,0,2.0,1.0,5.0,3,3.37,1.11,-1.11,-9.0,13.331231057777298,-0.2271001348255053,32.31168925678622,37.34066377569801,36.86135157826959,batter
SI,2024-09-21,92.9,-1.94,5.32,"Mitchell, Garrett",669003,518876,field_out,hit_into_play,,,,,7,"Garrett Mitchell grounds out, pitcher Merrill Kelly to first baseman Christian Walker.",R,L,R,MIL,AZ,X,1.0,ground_ball,0,0,2024,-1.5,0.4,-0.7040142400738747,1.7748717313951503,,,,1,4,Bot,128.93,182.94,,,,,6.4305704748165535,-135.07118082466974,-4.122156971896549,-19.80518288658382,30.19816434811902,-26.59330875216812,3.49,1.62,2.0,74.7,-44.0,92.4,2166,6.1,745936,645444,572233,606466,553993,672695,656976,664983,682998,54.42,0.173,0.165,0.0,1.0,0.0,0.0,2.0,28,1,Sinker,0,2,0,2,2,0,0,2,Standard,Standard,228,-0.02,-0.256,80.0,8.1,,0.18,0.256,88.0,-2,-2,0.282,0.282,35,25,36,26,2,1,5.0,1.0,6.0,1,2.25,1.5,-1.5,21.6,12.728290007282324,-0.161605758152247,32.15291937434177,44.25378557744629,33.37760753638575,batter
SI,2024-09-21,93.9,-1.98,5.36,"Mitchell, Garrett",669003,518876,field_out,hit_into_play,,,,,13,Garrett Mitchell flies out to left fielder Pavin Smith.,R,L,R,MIL,AZ,X,7.0,fly_ball,1,0,2024,-1.38,0.47,-0.8380315164509391,2.1380824096469846,,,,2,1,Bot,49.85,116.07,,,,,5.9735445639706,-136.522884299517,-3.5902571628847224,-18.54300260363253,31.40884961833417,-25.74793713667811,3.49,1.62,278.0,84.0,29.0,93.2,2245,6.0,745936,645444,572233,606466,553993,672695,656976,664983,682998,54.46,0.05,0.053,0.0,1.0,0.0,0.0,3.0,8,2,Sinker,0,2,0,2,2,0,0,2,Infield shade,Standard,227,-0.012,-0.295,77.4,7.5,,0.086,0.295,88.0,-2,-2,0.314,0.314,35,25,36,26,1,0,5.0,1.0,6.0,1,2.13,1.38,-1.38,25.4,11.877099038684506,16.740448114003215,31.07060907347416,45.828237417126175,26.70233777321191,batter
FC,2024-09-21,91.4,-2.16,5.36,"Mitchell, Garrett",669003,518876,,ball,,,,,13,,R,L,R,MIL,AZ,B,,,0,0,2024,-0.29,1.08,-1.3119109905167807,2.3317591620931006,,,,2,1,Bot,,,,,,,2.732487092082005,-133.08012366951098,-4.105392128210645,-3.98368075224386,26.937999906081465,-18.6379866182248,3.43837118515406,1.50703025825196,,,,91.1,2278,6.0,745936,645444,572233,606466,553993,672695,656976,664983,682998,54.52,,,,,,,,8,1,Cutter,0,2,0,2,2,0,0,2,Infield shade,Standard,220,0.001,0.04,,,,,-0.04,,-2,-2,0.313,0.313,35,25,36,26,1,0,5.0,1.0,6.0,1,1.63,0.29,-0.29,23.9,,,,,,batter
FF,2024-09-20,95.7,-2.83,5.71,"Mitchell, Garrett",669003,668678,home_run,hit_into_play,,,,,4,Garrett Mitchell homers (8) on a fly ball to left center field.,R,L,R,MIL,AZ,X,,fly_ball,0,0,2024,-0.06,1.37,-0.4470605155773634,2.305372802489837,,,,2,5,Bot,67.4,51.24,,,,,6.493547643853763,-139.19922905327672,-6.555922157629376,-2.159770594964339,29.695737761646463,-13.059342260956086,3.5,1.62,393.0,106.3,22.0,97.0,2299,7.0,745934,672515,572233,606466,553993,672695,666971,682998,656976,53.54,0.705,1.2899615384615388,2.0,1.0,0.0,3.0,6.0,45,1,4-Seam Fastball,3,4,3,4,4,4,4,4,Infield shade,Standard,208,0.158,2.594,78.0,7.6,,2.456,-2.594,106.3,-1,-1,0.357,0.357,28,25,29,26,3,2,5.0,1.0,5.0,1,1.11,0.06,-0.06,41.3,9.841618055714582,11.799065646559209,30.448310468612917,41.28570904585112,27.95961038908125,batter
FF,2024-09-20,96.2,-3.05,5.61,"Mitchell, Garrett",669003,668678,strikeout,called_strike,,,,,7,Garrett Mitchell called out on strikes.,R,L,R,MIL,AZ,S,2.0,,1,2,2024,-0.32,1.38,-0.8209711799345872,1.9587428165860452,,,661388.0,2,3,Bot,,,,,,,6.702339280954,-139.8497009518194,-7.296759159973787,-5.67674032012743,31.67110764710011,-12.586339321821532,3.64512524278036,1.69968214976041,,,,97.2,2335,6.9,745934,672515,572233,606466,553993,672695,666971,682998,656976,53.6,,0.0,0.0,1.0,0.0,0.0,,28,4,4-Seam Fastball,0,3,0,3,3,0,0,3,Standard,Standard,212,-0.015,-0.196,,,,,0.196,,-3,-3,0.201,0.201,28,25,29,26,2,1,5.0,1.0,5.0,1,1.09,0.32,-0.32,37.9,,,,,,batter
FF,2024-09-20,94.9,-3.04,5.73,"Mitchell, Garrett",669003,668678,,swinging_strike,,,,,1,,R,L,R,MIL,AZ,S,,,1,1,2024,0.0,1.22,-0.3263896811102353,2.9858129418726094,,,661388.0,2,3,Bot,,,,,,,7.154658059617277,-138.122138563639,-4.301549644609581,-1.542415494862067,29.954770107281533,-15.73089281912272,3.5,1.62,,,,95.8,2254,6.7,745934,672515,572233,606466,553993,672695,666971,682998,656976,53.77,,,,,,,,28,3,4-Seam Fastball,0,3,0,3,3,0,0,3,Infield shade,Standard,204,-0.006,-0.06,77.7,6.7,0.650349648,,0.06,,-3,-3,0.207,0.207,28,25,29,26,2,1,5.0,1.0,5.0,1,1.3,0.0,0.0,37.8,2.585983321160084,25.399254599324863,28.939573426638088,39.828763287656855,19.395403916585455,batter
CH,2024-09-20,88.2,-3.14,5.53,"Mitchell, Garrett",669003,668678,,ball,,,,,13,,R,L,R,MIL,AZ,B,,,0,1,2024,-0.92,0.35,-0.7313210486457031,1.3215034595278805,,,661388.0,2,3,Bot,,,,,,,7.776265562449912,-128.18785642255955,-4.887457677582471,-11.700751668766172,25.07318958538956,-27.53420233206595,3.61534532058821,1.75865862443601,,,,88.6,1436,6.5,745934,672515,572233,606466,553993,672695,666971,682998,656976,54.04,,,,,,,,28,2,Changeup,0,3,0,3,3,0,0,3,Infield shade,Standard,238,0.002,0.032,,,,,-0.032,,-3,-3,0.205,0.205,28,25,29,26,2,1,5.0,1.0,5.0,1,2.58,0.92,-0.92,35.2,,,,,,batter
FF,2024-09-20,94.1,-2.72,5.87,"Mitchell, Garrett",669003,668678,,foul,,,,,3,,R,L,R,MIL,AZ,S,,,0,0,2024,-0.3,1.41,0.753059234902337,3.394031082711227,,,661388.0,2,3,Bot,,,,,,,9.711348370035598,-136.69336211840073,-3.849878812322423,-5.773235356894478,29.04325211699423,-13.854787871639878,3.5,1.62,177.0,64.0,53.0,94.7,2377,6.7,745934,672515,572233,606466,553993,672695,666971,682998,656976,53.83,,,,,,,,28,1,4-Seam Fastball,0,3,0,3,3,0,0,3,Standard,Standard,199,-0.003,-0.047,72.3,6.9,,,0.047,88.0,-3,-3,0.208,0.208,28,25,29,26,2,1,5.0,1.0,5.0,1,1.17,0.3,-0.3,42.9,12.102292907461326,7.0189766054083975,29.74231677321457,27.27570331880073,27.423619665964928,batter
KC,2024-09-20,82.8,-2.99,5.65,"Mitchell, Garrett",669003,668678,strikeout,swinging_strike,,,,,13,Garrett Mitchell strikes out swinging. Jackson Chourio to 2nd. Brice Turang steals (46) 3rd base. Jackson Chourio steals (21) 2nd base.,R,L,R,MIL,AZ,S,2.0,,2,2,2024,0.71,-0.8,-0.1509178953941132,0.9125901061556608,,668930.0,694192.0,1,1,Bot,,,,,,,5.108441431980912,-120.5325522057162,-2.764914771970828,5.944138927621316,23.89182724937146,-39.612089109790425,3.5,1.62,,,,83.3,2386,6.6,745934,672515,572233,606466,553993,672695,666971,682998,656976,53.86,,0.0,0.0,1.0,0.0,0.0,,9,6,Knuckle Curve,0,1,0,1,1,0,0,1,Standard,Standard,42,-0.026,-0.212,71.6,8.3,2.215609524,,0.212,,-1,-1,0.483,0.483,28,25,29,26,1,0,5.0,1.0,5.0,1,4.13,-0.71,0.71,37.7,9.19841724612306,-7.753257915683178,36.54744354286808,37.55230490989017,34.3065619824072,batter
FF,2024-09-20,95.0,-2.89,5.79,"Mitchell, Garrett",669003,668678,,foul,,,,,8,,R,L,R,MIL,AZ,S,,,2,2,2024,-0.14,1.21,-0.0036848169091416,1.8590766960167409,,668930.0,694192.0,1,1,Bot,,,,,,,7.945674579274259,-138.071842433475,-7.428003634801799,-3.517201178460978,29.09162758913456,-15.241365276244991,3.5,1.62,,,,96.0,2248,6.8,745934,672515,572233,606466,553993,672695,666971,682998,656976,53.67,,,,,,,,9,5,4-Seam Fastball,0,1,0,1,1,0,0,1,Standard,Standard,207,0.0,0.0,78.9,7.3,,,0.0,,-1,-1,0.483,0.483,28,25,29,26,1,0,5.0,1.0,5.0,1,1.31,0.14,-0.14,42.2,4.85044309004922,8.382249498962667,33.54612746127712,35.22717180931024,25.470129476202203,batter
CH,2024-09-20,88.6,-3.0,5.53,"Mitchell, Garrett",669003,668678,,blocked_ball,,,,,13,,R,L,R,MIL,AZ,B,,,1,2,2024,-1.06,0.08,-0.4713084144803681,-0.1735947861416642,,668930.0,694192.0,1,1,Bot,,,,,,,8.423711374337461,-128.6471453153476,-8.12107171259829,-13.435746476939016,24.133675661217328,-29.81761099431525,3.60045755047826,1.65546407259727,,,,89.4,1481,6.7,745934,672515,572233,606466,553993,672695,666971,682998,656976,53.81,,,,,,,,9,4,Changeup,0,1,0,1,1,0,0,1,Standard,Standard,229,0.007,0.035,,,,,-0.035,,-1,-1,0.476,0.476,28,25,29,26,1,0,5.0,1.0,5.0,1,2.81,1.06,-1.06,32.6,,,,,,batter
KC,2024-09-20,82.0,-2.98,5.71,"Mitchell, Garrett",669003,668678,,blocked_ball,,,,,13,,R,L,R,MIL,AZ,B,,,0,2,2024,0.51,-0.91,-0.4455716194202655,0.6288657470740615,,668930.0,694192.0,1,1,Bot,,,,,,,4.768472587116496,-119.28312485365676,-3.1589251914571097,3.926822384304437,24.07334560548075,-40.37685666698758,3.63023455112853,1.65546407259727,,,,82.3,2414,6.6,745934,672515,572233,606466,553993,672695,666971,682998,656976,53.9,,,,,,,,9,3,Knuckle Curve,0,1,0,1,1,0,0,1,Standard,Standard,38,0.005,0.022,,,,,-0.022,,-1,-1,0.471,0.471,28,25,29,26,1,0,5.0,1.0,5.0,1,4.31,-0.51,0.51,43.7,,,,,,batter
FF,2024-09-20,95.6,-2.67,5.82,"Mitchell, Garrett",669003,668678,,foul,,,,,3,,R,L,R,MIL,AZ,S,,,0,1,2024,-0.26,1.28,0.6858349105535733,3.324038228866671,,668930.0,694192.0,1,1,Bot,,,,,,,9.515542800234588,-139.01178135864362,-3.889171235596285,-5.420770134535567,29.618245789263632,-14.841402690875425,3.5,1.62,162.0,74.5,16.0,96.6,2306,6.8,745934,672515,572233,606466,553993,672695,666971,682998,656976,53.69,,,,,,,,9,2,4-Seam Fastball,0,1,0,1,1,0,0,1,Standard,Standard,187,-0.012,-0.048,75.6,6.1,,,0.048,88.0,-1,-1,0.483,0.483,28,25,29,26,1,0,5.0,1.0,5.0,1,1.21,0.26,-0.26,44.9,0.364236525940535,24.484828305067182,29.607099450943675,28.01070088356105,23.42256456524292,batter
FS,2024-09-20,91.2,-2.08,6.21,"Mitchell, Garrett",669003,679885,strikeout,swinging_strike,,,,,14,Garrett Mitchell strikes out swinging.,R,L,R,MIL,AZ,S,2.0,,0,2,2024,-0.49,-0.02,0.2210316726714514,1.152175014864048,,,661388.0,1,7,Bot,,,,,,,6.8783127534154245,-132.6457053205587,-6.836678046164238,-7.2177227884359585,26.134565026440697,-31.207454565251982,3.5,1.62,,,,91.8,952,6.5,745934,672515,572233,606466,553993,672695,656976,664983,682998,54.02,,0.0,0.0,1.0,0.0,0.0,,67,3,Split-Finger,4,7,4,7,7,4,4,7,Standard,Standard,253,-0.022,-0.159,72.9,8.5,2.4352335,,0.159,,-3,-3,0.118,0.118,22,25,23,26,1,3,1.0,1.0,2.0,1,2.74,0.49,-0.49,45.6,14.809208221349492,-16.619747683983267,34.03168330190714,33.74701364380715,40.6480741419801,batter
FF,2024-09-20,96.7,-2.83,5.8,"Mitchell, Garrett",669003,668678,,called_strike,,,,,14,,R,L,R,MIL,AZ,S,,,0,0,2024,-0.3,1.41,0.1923092066729023,1.4044219096156807,,668930.0,694192.0,1,1,Bot,,,,,,,8.800112192625859,-140.3580142936214,-9.45751525887332,-5.815051270367874,30.17434337655021,-11.544271846751302,3.56438911123301,1.58906811613472,,,,97.7,2378,6.9,745934,672515,572233,606466,553993,672695,666971,682998,656976,53.61,,,,,,,,9,1,4-Seam Fastball,0,1,0,1,1,0,0,1,Standard,Standard,201,-0.007,-0.039,,,,,0.039,,-1,-1,0.49,0.49,28,25,29,26,1,0,5.0,1.0,5.0,1,1.03,0.3,-0.3,44.9,,,,,,batter
FS,2024-09-20,90.2,-2.09,6.11,"Mitchell, Garrett",669003,679885,,swinging_strike,,,,,14,,R,L,R,MIL,AZ,S,,,0,1,2024,-0.53,0.02,0.962926773837634,1.092487101803239,,,661388.0,1,7,Bot,,,,,,,8.767301246881312,-131.0534295272539,-6.609996326933104,-7.887814357897836,25.794523326869584,-30.820516536287027,3.5,1.62,,,,90.8,1046,6.6,745934,672515,572233,606466,553993,672695,656976,664983,682998,53.9,,,,,,,,67,2,Split-Finger,4,7,4,7,7,4,4,7,Standard,Standard,252,-0.009,-0.052,41.7,7.5,11.351921448,,0.052,,-3,-3,0.127,0.127,22,25,23,26,1,3,1.0,1.0,2.0,1,2.78,0.53,-0.53,41.4,13.50008882153654,0.5316193462849546,32.55903694494189,25.074784748950144,30.160396089279097,batter
SI,2024-09-20,100.0,-2.18,6.07,"Mitchell, Garrett",669003,679885,,foul,,,,,11,,R,L,R,MIL,AZ,S,,,0,0,2024,-1.12,0.38,-0.9858072547954156,2.7570369486001343,,,661388.0,1,7,Bot,,,,,,,5.924657594580951,-145.63981591175897,-4.712175149868833,-17.25524792348528,31.242267154856503,-25.94580653661571,3.5,1.62,230.0,83.1,20.0,100.5,2097,6.3,745934,672515,572233,606466,553993,672695,656976,664983,682998,54.19,,,,,,,,67,1,Sinker,4,7,4,7,7,4,4,7,Standard,Standard,221,-0.005,-0.04,71.1,6.7,,,0.04,88.0,-3,-3,0.132,0.132,22,25,23,26,1,3,1.0,1.0,2.0,1,1.88,1.12,-1.12,36.8,2.419149317062624,32.66731699376141,27.00039579876172,47.26449832160334,13.60268073600118,batter
ST,2024-09-19,85.3,-2.13,5.47,"Mitchell, Garrett",669003,694297,home_run,hit_into_play,,,,,8,Garrett Mitchell homers (7) on a fly ball to center field.,R,L,R,MIL,AZ,X,,fly_ball,1,1,2024,0.98,0.63,0.1167303290640691,1.8149171394801409,,,,2,7,Bot,155.09,39.7,,,,,3.3429699503295933,-124.1362155332992,-3.551895619550095,9.35744149341463,26.306611565689305,-25.1500642592279,3.51,1.62,401.0,105.0,23.0,85.6,2853,6.6,745937,672515,572233,606466,553993,672695,656976,664983,682998,53.92,0.67,1.232761904761905,2.0,1.0,0.0,3.0,6.0,51,3,Sweeper,0,3,0,3,3,1,1,3,Infield shade,Standard,85,0.073,2.606,72.3,8.2,,2.357,-2.606,105.0,-3,-3,0.081,0.081,25,25,26,26,3,2,5.0,1.0,5.0,1,2.52,-0.98,0.98,33.8,14.082111375260189,-6.029393156369939,37.482032318707255,34.765759147394604,38.7918048131592,batter
CH,2024-09-19,87.1,-2.23,5.25,"Mitchell, Garrett",669003,694297,,ball,,,,,13,,R,L,R,MIL,AZ,B,,,0,1,2024,-1.12,0.31,-1.6306894795583982,2.161990103401945,,,,2,7,Bot,,,,,,,3.7855066662496415,-126.88098701712508,-1.8878057122037155,-12.913164999772574,26.60023685567284,-28.6463547514469,3.55174453625828,1.56109455529124,,,,87.6,1956,6.6,745937,672515,572233,606466,553993,672695,656976,664983,682998,53.9,,,,,,,,51,2,Changeup,0,3,0,3,3,0,0,3,Infield shade,Standard,232,0.001,0.029,,,,,-0.029,,-3,-3,0.08,0.08,25,25,26,26,3,2,5.0,1.0,5.0,1,2.69,1.12,-1.12,24.7,,,,,,batter
FF,2024-09-19,94.6,-1.91,5.59,"Mitchell, Garrett",669003,694297,,swinging_strike,,,,,1,,R,L,R,MIL,AZ,S,,,0,0,2024,-0.16,1.44,-0.4429112011251471,3.1278035143556924,,,,2,7,Bot,,,,,,,4.217939277823741,-137.60744384464292,-3.965524814646813,-2.9694686342889645,31.93911618320221,-13.236743613824324,3.51,1.62,,,,95.3,2552,6.8,745937,672515,572233,606466,553993,672695,656976,664983,682998,53.67,,,,,,,,51,1,4-Seam Fastball,0,3,0,3,3,0,0,3,Infield shade,Standard,207,-0.001,-0.041,76.9,7.5,0.49231554,,0.041,,-3,-3,0.081,0.081,25,25,26,26,3,2,5.0,1.0,5.0,1,1.12,0.16,-0.16,33.4,12.719023729335987,12.885381011389102,31.07244652412841,41.60582890238439,29.151407356712124,batter
FF,2024-09-19,95.1,-2.1,5.44,"Mitchell, Garrett",669003,694297,strikeout,swinging_strike,,,,,2,Garrett Mitchell strikes out swinging.,R,L,R,MIL,AZ,S,2.0,,1,2,2024,-0.47,1.42,-0.123725690013175,2.992403409917336,,668930.0,,2,4,Bot,,,,,,,6.266650264223735,-138.3557425413464,-3.97996208937837,-7.410964759491247,31.146691643712824,-13.232155460653903,3.51,1.62,,,,95.6,2604,6.6,745937,672515,572233,606466,553993,672695,656976,664983,682998,53.91,,0.0,0.0,1.0,0.0,0.0,,29,4,4-Seam Fastball,0,0,0,0,0,0,0,0,Standard,Standard,218,-0.029,-0.213,79.0,7.3,1.825556208,,0.213,,0,0,0.529,0.529,25,25,26,26,2,1,5.0,1.0,5.0,1,1.1,0.47,-0.47,27.3,12.67031653363048,13.962121629524653,33.02879965442963,39.65513637648623,25.860295133048623,batter
CU,2024-09-19,84.2,-2.17,5.46,"Mitchell, Garrett",669003,694297,,swinging_strike,,,,,8,,R,L,R,MIL,AZ,S,,,1,1,2024,0.87,-1.02,-0.0936186166354802,1.5156315318183933,,668930.0,,2,4,Bot,,,,,,,3.1124188735662366,-122.56719589833163,-0.6843393754527649,8.00836068917357,26.80664110377784,-42.42398259172859,3.51,1.62,,,,84.2,2665,6.5,745937,672515,572233,606466,553993,672695,656976,664983,682998,53.98,,,,,,,,29,3,Curveball,0,0,0,0,0,0,0,0,Infield shade,Standard,51,-0.011,-0.06,81.0,7.9,0.771198384,,0.06,,0,0,0.54,0.54,25,25,26,26,2,1,5.0,1.0,5.0,1,4.26,-0.87,0.87,28.5,8.700932714834252,6.453720953537871,34.488257915365416,38.772444902930935,28.92801020493736,batter
FF,2024-09-19,95.0,-1.97,5.55,"Mitchell, Garrett",669003,694297,,swinging_strike,,,,,3,,R,L,R,MIL,AZ,S,,,1,0,2024,-0.54,1.52,0.6339430510449189,3.253842761280426,,668930.0,,2,4,Bot,,,,,,,8.101577895602233,-138.0800695008872,-3.7473510157676455,-8.8527059003225,33.11657297616828,-12.095806771702769,3.51,1.62,,,,95.5,2547,6.8,745937,672515,572233,606466,553993,672695,656976,664983,682998,53.71,,,,,,,,29,2,4-Seam Fastball,0,0,0,0,0,0,0,0,Infield shade,Standard,224,-0.003,-0.043,79.6,7.5,0.38864322,,0.043,,0,0,0.543,0.543,25,25,26,26,2,1,5.0,1.0,5.0,1,1.02,0.54,-0.54,29.0,17.312373352797454,-0.2543236913921973,31.67324195402546,29.337757636808693,27.03314737032766,batter
CH,2024-09-19,87.7,-2.08,5.3,"Mitchell, Garrett",669003,694297,,ball,,,,,13,,R,L,R,MIL,AZ,B,,,0,0,2024,-1.28,0.47,-0.1022747378272601,1.0589579305255752,,668930.0,,2,4,Bot,,,,,,,7.507478915267875,-127.40341282691249,-5.069545641664386,-15.51265432521287,28.107699024849666,-26.18286527461045,3.46185369447654,1.61703103370824,,,,88.3,2094,7.0,745937,672515,572233,606466,553993,672695,656976,664983,682998,53.55,,,,,,,,29,1,Changeup,0,0,0,0,0,0,0,0,Infield shade,Standard,230,0.001,0.014,,,,,-0.014,,0,0,0.542,0.542,25,25,26,26,2,1,5.0,1.0,5.0,1,2.52,1.28,-1.28,24.3,,,,,,batter
CH,2024-09-19,89.1,-1.86,5.53,"Mitchell, Garrett",669003,694297,field_out,hit_into_play,,,,,9,Garrett Mitchell flies out to left fielder Pavin Smith.,R,L,R,MIL,AZ,X,7.0,fly_ball,0,1,2024,-1.13,0.63,0.5508856474529551,2.0138659320747863,,,,0,2,Bot,66.56,124.79,,,,,8.3693119731347,-129.47960026779737,-3.989785556019001,-14.402627587475743,25.21537222689009,-24.41913679197442,3.51,1.62,237.0,90.0,56.0,90.2,2204,6.9,745937,672515,572233,606466,553993,672695,656976,664983,682998,53.6,0.005,0.005,0.0,1.0,0.0,0.0,3.0,11,2,Changeup,0,0,0,0,0,0,0,0,Infield shade,Standard,225,-0.02,-0.217,69.4,7.7,,0.007,0.217,90.0,0,0,0.548,0.548,25,25,26,26,1,0,5.0,1.0,5.0,1,2.23,1.13,-1.13,29.0,12.719780418675,0.402248234717243,37.098746922817845,30.47138867809258,35.165521069834654,batter
FF,2024-09-19,95.1,-1.68,5.77,"Mitchell, Garrett",669003,694297,,called_strike,,,,,4,,R,L,R,MIL,AZ,S,,,0,0,2024,-0.49,1.38,-0.7475044958630892,2.584355424175396,,,,0,2,Bot,,,,,,,3.583432045416848,-138.44354886454596,-5.892621571025383,-7.136962226264862,29.068610562261046,-13.258573797001723,3.47816088324365,1.52016148403675,,,,96.1,2602,6.7,745937,672515,572233,606466,553993,672695,656976,664983,682998,53.81,,,,,,,,11,1,4-Seam Fastball,0,0,0,0,0,0,0,0,Infield shade,Standard,203,-0.003,-0.037,,,,,0.037,,0,0,0.551,0.551,25,25,26,26,1,0,5.0,1.0,5.0,1,1.12,0.49,-0.49,33.9,,,,,,batter
FF,2024-09-18,91.9,-1.8,4.8,"Mitchell, Garrett",669003,605400,field_out,hit_into_play,,,,,4,Garrett Mitchell bunt pops out to catcher Garrett Stubbs in foul territory.,R,L,R,MIL,PHI,X,2.0,popup,0,0,2024,-1.39,1.17,-0.4586852601669495,2.883772187073248,,,,2,6,Bot,126.23,224.33,,,,,6.50326011391115,-133.68674868444808,-1.5325574166664395,-18.056135723021438,29.87204917485148,-18.086589709551465,3.49,1.62,50.0,51.2,82.0,93.1,2375,7.1,745933,596117,547180,681082,664761,607208,669016,679032,592206,53.39,0.003,0.002,0.0,1.0,0.0,0.0,1.0,46,1,4-Seam Fastball,1,1,1,1,1,1,1,1,Standard,Standard,237,-0.017,0.09,,,,0.003,-0.09,88.0,0,0,0.517,0.517,31,25,31,26,3,2,5.0,1.0,5.0,1,1.54,1.39,-1.39,18.8,,,,,,batter
CH,2024-09-18,87.1,-2.03,4.75,"Mitchell, Garrett",669003,605400,field_out,hit_into_play,,,,,13,Garrett Mitchell grounds out to first baseman Bryce Harper. William Contreras to 2nd.,R,L,R,MIL,PHI,X,3.0,ground_ball,1,1,2024,-1.29,0.25,-0.0437804691489296,1.0891493537338786,,,661388.0,0,4,Bot,144.66,176.84,,,,,7.515154691847644,-126.61452301246108,-3.191624360124684,-15.360628840864807,24.515305091786708,-29.04823202198752,3.49,1.62,1.0,66.5,-43.0,88.4,1654,7.0,745933,596117,547180,681082,664761,607208,669016,679032,592206,53.49,0.23,0.266,0.0,1.0,0.0,0.0,2.0,29,3,Changeup,0,1,0,1,1,0,0,1,Standard,Standard,251,-0.021,-0.345,76.9,8.2,,0.237,0.345,88.0,-1,-1,0.475,0.475,31,25,31,26,2,1,5.0,1.0,5.0,1,2.75,1.29,-1.29,16.6,16.477207159052266,-7.142255374896708,36.57300697531706,35.896812102602546,42.17386297984093,batter
CH,2024-09-18,85.8,-2.04,4.72,"Mitchell, Garrett",669003,605400,,ball,,,,,13,,R,L,R,MIL,PHI,B,,,0,1,2024,-1.26,0.05,-1.739502401506507,2.3877071688202034,,,661388.0,0,4,Bot,,,,,,,3.320109872561585,-125.01822184900035,0.6477799439234395,-13.8773029847034,24.996347364294515,-31.9576630828025,3.38059657831542,1.62000082965288,,,,87.1,1516,7.0,745933,596117,547180,681082,664761,607208,669016,679032,592206,53.46,,,,,,,,29,2,Changeup,0,1,0,1,1,0,0,1,Standard,Standard,258,0.005,0.034,,,,,-0.034,,-1,-1,0.47,0.47,31,25,31,26,2,1,5.0,1.0,5.0,1,3.03,1.26,-1.26,16.1,,,,,,batter
SI,2024-09-18,91.6,-1.87,4.8,"Mitchell, Garrett",669003,605400,,called_strike,,,,,6,,R,L,R,MIL,PHI,S,,,0,0,2024,-1.31,0.52,0.7249895350757793,2.501577486007172,,,661388.0,0,4,Bot,,,,,,,9.49081483822597,-133.0808866625866,-1.0708594390679305,-17.615404637528034,27.49167265696068,-25.984973541531144,3.37916919261699,1.54694633200163,,,,92.6,2030,6.9,745933,596117,547180,681082,664761,607208,669016,679032,592206,53.63,,,,,,,,29,1,Sinker,0,1,0,1,1,0,0,1,Standard,Standard,227,-0.007,-0.042,,,,,0.042,,-1,-1,0.477,0.477,31,25,31,26,2,1,5.0,1.0,5.0,1,2.2,1.31,-1.31,18.7,,,,,,batter
KC,2024-09-18,80.5,-1.89,4.87,"Mitchell, Garrett",669003,605400,field_out,hit_into_play,,,,,8,"Garrett Mitchell grounds out, second baseman Bryson Stott to first baseman Bryce Harper.",R,L,R,MIL,PHI,X,4.0,ground_ball,2,1,2024,0.95,-1.04,0.0924232703483126,1.9546557862840397,668930.0,,,2,1,Bot,142.63,156.49,,,,,2.606250031575933,-117.12588394972022,2.2733959502073957,8.157089422202702,24.185072924322757,-42.43145328766819,3.49,1.62,33.0,100.7,-1.0,80.8,2721,6.7,745933,596117,547180,681082,664761,607208,669016,679032,592206,53.77,0.392,0.353,0.0,1.0,0.0,0.0,4.0,7,4,Knuckle Curve,0,0,0,0,0,0,0,0,Standard,Standard,60,-0.038,-0.32,77.1,7.6,,0.415,0.32,100.7,0,0,0.538,0.538,31,25,31,26,1,0,5.0,1.0,5.0,1,4.59,-0.95,0.95,21.4,11.382128736004102,7.116441839533347,34.840435436544205,34.31383144110035,28.889579279588737,batter
FC,2024-09-18,89.9,-1.85,4.88,"Mitchell, Garrett",669003,605400,,ball,,,,,12,,R,L,R,MIL,PHI,B,,,1,1,2024,-0.13,0.57,1.5398738265480925,2.631555880328621,668930.0,,,2,1,Bot,,,,,,,8.799923743417644,-130.65945843318727,-0.8005644999501728,-3.314226658065063,26.89623826402361,-25.69014509125498,3.44752362932727,1.62000101807142,,,,91.1,2283,7.0,745933,596117,547180,681082,664761,607208,669016,679032,592206,53.45,,,,,,,,7,3,Cutter,0,0,0,0,0,0,0,0,Standard,Standard,214,0.003,0.047,,,,,-0.047,,0,0,0.535,0.535,31,25,31,26,1,0,5.0,1.0,5.0,1,2.25,0.13,-0.13,22.0,,,,,,batter
SI,2024-09-18,93.0,-1.8,4.82,"Mitchell, Garrett",669003,605400,,foul,,,,,2,,R,L,R,MIL,PHI,S,,,1,0,2024,-1.39,0.64,0.1205416775510441,3.0178777836097765,668930.0,,,2,1,Bot,,,,,,,8.098926247500561,-135.21405383916354,-0.2091332331971517,-18.83870236161651,30.1319006389767,-24.481170770381784,3.49,1.62,230.0,73.5,30.0,94.3,2200,7.1,745933,596117,547180,681082,664761,607208,669016,679032,592206,53.38,,,,,,,,7,2,Sinker,0,0,0,0,0,0,0,0,Standard,Standard,232,-0.003,-0.039,79.8,7.2,,,0.039,88.0,0,0,0.538,0.538,31,25,31,26,1,0,5.0,1.0,5.0,1,2.0,1.39,-1.39,19.6,13.933730300031648,6.970537406609527,31.557876522278548,33.8728415779926,28.075530520964367,batter
FF,2024-09-18,92.9,-1.94,4.9,"Mitchell, Garrett",669003,605400,,ball,,,,,12,,R,L,R,MIL,PHI,B,,,0,0,2024,-0.98,1.23,0.666857520297661,3.792991547009608,668930.0,,,2,1,Bot,,,,,,,8.946230086772626,-135.01560148419506,0.3122998881718992,-14.06713944067625,31.92266813004221,-17.499919289472615,3.34001503261812,1.4779111020732,,,,93.8,2340,7.1,745933,596117,547180,681082,664761,607208,669016,679032,592206,53.44,,,,,,,,7,1,4-Seam Fastball,0,0,0,0,0,0,0,0,Standard,Standard,232,0.001,0.032,,,,,-0.032,,0,0,0.537,0.537,31,25,31,26,1,0,5.0,1.0,5.0,1,1.43,0.98,-0.98,21.1,,,,,,batter
FF,2024-09-18,98.0,-1.85,5.78,"Mitchell, Garrett",669003,608032,strikeout,swinging_strike,,,,,2,Garrett Mitchell strikes out swinging.,R,L,R,MIL,PHI,S,2.0,,0,2,2024,-0.85,1.4,0.075543216770019,3.4960014891621056,694192.0,661388.0,,0,9,Bot,,,,,,,7.170517602157561,-142.43655025197071,-3.887554320782757,-13.273629083763955,34.61395319645617,-12.436038008297894,3.49,1.62,,,,97.9,2239,6.4,745933,596117,547180,681082,664761,607208,669016,679032,592206,54.09,,0.0,0.0,1.0,0.0,0.0,,65,3,4-Seam Fastball,1,1,1,1,1,1,1,1,Strategic,Strategic,207,-0.047,-0.272,79.5,7.5,0.533443404,,0.272,,0,0,0.89,0.89,31,25,32,26,1,3,4.0,1.0,5.0,1,0.99,0.85,-0.85,39.2,17.660407021819392,-4.618983026293368,26.03879997082501,33.27211865760226,28.00925041751051,batter
FF,2024-09-18,97.8,-1.77,5.96,"Mitchell, Garrett",669003,608032,,swinging_strike,,,,,5,,R,L,R,MIL,PHI,S,,,0,1,2024,-0.76,1.4,-0.2362795747695721,2.859452101716838,694192.0,661388.0,,0,9,Bot,,,,,,,5.895037686474126,-142.2769765046504,-6.083884969623732,-11.683071484325328,33.61566743169535,-12.003784927976852,3.49,1.62,,,,97.9,2211,6.4,745933,596117,547180,681082,664761,607208,669016,679032,592206,54.06,,,,,,,,65,2,4-Seam Fastball,1,1,1,1,1,1,1,1,Strategic,Strategic,212,-0.02,-0.031,72.3,6.0,0.169092192,,0.031,,0,0,0.91,0.91,31,25,32,26,1,3,4.0,1.0,5.0,1,0.99,0.76,-0.76,42.6,-8.098253829039457,39.131394911495605,32.43313792670193,37.8024239860483,7.505621504771723,batter
FF,2024-09-18,97.3,-1.92,5.82,"Mitchell, Garrett",669003,608032,,swinging_strike,,,,,5,,R,L,R,MIL,PHI,S,,,0,0,2024,-0.95,1.26,-0.0800506408741124,2.576189743080572,694192.0,,661388.0,0,9,Bot,,,,,,,7.120835398506727,-141.3864409031587,-6.063745222302888,-14.317672359220484,32.641153222288466,-14.026873671864395,3.49,1.62,,,,97.3,2241,6.4,745933,596117,547180,681082,664761,607208,669016,679032,592206,54.1,,,,,,,,65,1,4-Seam Fastball,1,1,1,1,1,1,1,1,Strategic,Strategic,210,-0.017,-0.04,77.3,6.8,0.696958644,,0.04,,0,0,0.927,0.927,31,25,32,26,1,3,4.0,1.0,5.0,1,1.15,0.95,-0.95,39.2,-0.3615598423731616,20.866853032433493,35.04686702974195,36.313319668250365,15.378099219898523,batter
FS,2024-09-17,86.7,-2.16,5.01,"Mitchell, Garrett",669003,554430,field_out,hit_into_play,,,,,7,"Garrett Mitchell grounds out, shortstop Trea Turner to first baseman Bryce Harper.",R,L,R,MIL,PHI,X,6.0,ground_ball,2,2,2024,-1.15,0.66,-0.2928826446850874,1.6588969812309329,,,,0,7,Bot,118.27,144.79,,,,,6.944931350468311,-126.03485807088134,-3.1795115737644792,-13.68089106366072,25.862439453469417,-24.71162905111647,3.49,1.62,45.0,70.7,3.0,88.2,1547,7.3,745935,592663,547180,681082,624641,607208,669016,679032,592206,53.2,0.15,0.148,0.0,1.0,0.0,0.0,2.0,54,5,Split-Finger,1,4,1,4,4,1,1,4,Standard,Standard,237,-0.024,-0.227,70.7,8.6,,0.177,0.227,88.0,-3,-3,0.124,0.124,34,25,34,26,3,2,6.0,2.0,5.0,1,2.38,1.15,-1.15,28.7,16.36694138010221,-27.86974656007916,37.22542395599078,39.084425571403486,45.13548961527441,batter
ST,2024-09-17,85.9,-2.32,4.98,"Mitchell, Garrett",669003,554430,,foul,,,,,7,,R,L,R,MIL,PHI,S,,,2,1,2024,0.33,0.33,-0.4425320714623188,1.692276333209883,,,,0,7,Bot,,,,,,,3.8195202007491895,-125.06340542778184,-2.2434486761881542,2.7076596290217028,24.425789115271584,-28.48797873687113,3.49,1.62,175.0,66.7,46.0,87.0,2574,6.9,745935,592663,547180,681082,624641,607208,669016,679032,592206,53.61,,,,,,,,54,4,Sweeper,1,4,1,4,4,1,1,4,Standard,Standard,71,-0.009,-0.069,77.3,7.9,,,0.069,88.0,-3,-3,0.133,0.133,34,25,34,26,3,2,6.0,2.0,5.0,1,2.75,-0.33,0.33,22.8,5.837903792220416,1.6793851107076063,35.43355909094801,40.73199743270862,32.93019855505807,batter
FF,2024-09-17,93.7,-2.08,5.08,"Mitchell, Garrett",669003,554430,,ball,,,,,11,,R,L,R,MIL,PHI,B,,,1,1,2024,-0.81,1.27,-0.8033052463771931,3.930914258895164,,,,0,7,Bot,,,,,,,5.215312956775659,-136.35205421580474,-0.0421884414305004,-11.25666416905604,29.74865722564623,-16.534725926493515,3.54418989691086,1.65076397356975,,,,95.7,2297,7.4,745935,592663,547180,681082,624641,607208,669016,679032,592206,53.08,,,,,,,,54,3,4-Seam Fastball,1,4,1,4,4,1,1,4,Standard,Standard,226,0.006,0.053,,,,,-0.053,,-3,-3,0.127,0.127,34,25,34,26,3,2,6.0,2.0,5.0,1,1.33,0.81,-0.81,26.3,,,,,,batter
FF,2024-09-17,94.0,-2.14,5.03,"Mitchell, Garrett",669003,554430,,swinging_strike,,,,,12,,R,L,R,MIL,PHI,S,,,1,0,2024,-0.81,1.18,0.0069984764337263,3.688424392701593,,,,0,7,Bot,,,,,,,7.503299540080421,-136.77661381531902,-0.3732534812537266,-11.876040611956611,30.081350552010832,-17.52307217965325,3.49,1.62,,,,95.7,2400,7.3,745935,592663,547180,681082,624641,607208,669016,679032,592206,53.25,,,,,,,,54,2,4-Seam Fastball,1,4,1,4,4,1,1,4,Standard,Standard,230,-0.006,-0.049,80.2,7.1,0.771695784,,0.049,,-3,-3,0.133,0.133,34,25,34,26,3,2,6.0,2.0,5.0,1,1.4,0.81,-0.81,23.4,20.5146166658551,10.0312926798392,27.023558828664545,34.86518965763566,26.419148397723117,batter
FF,2024-09-17,93.5,-2.23,5.03,"Mitchell, Garrett",669003,554430,,ball,,,,,11,,R,L,R,MIL,PHI,B,,,0,0,2024,-0.94,1.23,-0.961281094074062,3.3201357841423444,,,,0,7,Bot,,,,,,,5.440990635258657,-136.0657420565675,-1.3892765221504484,-12.847169540094818,29.98990036516788,-16.78714510530199,3.54025518983664,1.53816830328191,,,,95.2,2334,7.3,745935,592663,547180,681082,624641,607208,669016,679032,592206,53.21,,,,,,,,54,1,4-Seam Fastball,1,4,1,4,4,1,1,4,Standard,Standard,225,0.005,0.038,,,,,-0.038,,-3,-3,0.128,0.128,34,25,34,26,3,2,6.0,2.0,5.0,1,1.38,0.94,-0.94,23.0,,,,,,batter
FF,2024-09-17,95.9,-2.13,5.07,"Mitchell, Garrett",669003,554430,triple,hit_into_play,,,,,7,Garrett Mitchell triples (3) on a sharp line drive to center fielder Cal Stevenson. William Contreras scores.,R,L,R,MIL,PHI,X,8.0,line_drive,1,2,2024,-0.67,1.32,-0.347073902479837,2.090330237415533,,,661388.0,1,4,Bot,148.0,59.88,,,,,6.378743028294344,-139.44097355649174,-5.369918798981787,-10.15929630049864,31.10641412640504,-13.980111443129172,3.49,1.62,269.0,108.4,10.0,98.2,2452,7.6,745935,592663,547180,681082,624641,607208,669016,670276,592206,52.91,0.884,0.876,1.6,1.0,1.0,2.0,4.0,29,4,4-Seam Fastball,0,1,0,1,1,1,1,1,Standard,Standard,221,0.202,1.191,79.5,7.6,,1.132,-1.191,108.4,-1,-1,0.42,0.42,34,25,34,26,2,1,6.0,2.0,5.0,1,1.16,0.67,-0.67,26.0,6.355450506635178,5.73941344654228,33.908471120196225,39.20993593909246,30.590808758468956,batter
FC,2024-09-17,91.8,-2.24,4.97,"Mitchell, Garrett",669003,554430,,blocked_ball,,,,,13,,R,L,R,MIL,PHI,B,,,0,2,2024,-0.07,0.56,-0.179890233743221,0.4616110702382812,,,661388.0,1,4,Bot,,,,,,,5.470133312003695,-133.61435361034407,-6.977390165492059,-1.8667675125336705,24.41163679906516,-24.272804753301237,3.53929951782357,1.65452341456509,,,,94.1,2434,7.3,745935,592663,547180,681082,624641,607208,669016,670276,592206,53.2,,,,,,,,29,3,Cutter,0,1,0,1,1,0,0,1,Standard,Standard,204,0.004,0.022,,,,,-0.022,,-1,-1,0.416,0.416,34,25,34,26,2,1,6.0,2.0,5.0,1,2.11,0.07,-0.07,25.4,,,,,,batter
FF,2024-09-17,95.1,-2.19,5.06,"Mitchell, Garrett",669003,554430,,foul,,,,,2,,R,L,R,MIL,PHI,S,,,0,1,2024,-0.53,1.16,0.2425700043933989,3.0049041581799627,,,661388.0,1,4,Bot,,,,,,,7.736452394689118,-138.32330625471076,-2.390787484136708,-8.487522062936977,29.704010033816385,-16.86609212739557,3.49,1.62,198.0,75.4,59.0,97.2,2408,7.4,745935,592663,547180,681082,624641,607208,669016,670276,592206,53.09,,,,,,,,29,2,4-Seam Fastball,0,1,0,1,1,0,0,1,Standard,Standard,229,-0.01,-0.052,78.2,7.1,,,0.052,88.0,-1,-1,0.426,0.426,34,25,34,26,2,1,6.0,2.0,5.0,1,1.35,0.53,-0.53,26.9,9.76833687725832,6.177754838396914,31.63958148090687,33.13651826697917,29.5477800976618,batter
FF,2024-09-17,95.3,-2.15,5.06,"Mitchell, Garrett",669003,554430,,swinging_strike,,,,,2,,R,L,R,MIL,PHI,S,,,0,0,2024,-0.48,1.09,0.0492983334929526,3.445640869009151,,,661388.0,1,4,Bot,,,,,,,7.016584652561177,-138.72089280373316,-1.097107398583456,-7.692748841230085,29.477856599291123,-17.964871787628727,3.49,1.62,,,,97.6,2437,7.4,745935,592663,547180,681082,624641,607208,669016,670276,592206,53.05,,,,,,,,29,1,4-Seam Fastball,0,1,0,1,1,0,0,1,Standard,Standard,224,-0.006,-0.04,80.2,7.2,0.539685132,,0.04,,-1,-1,0.432,0.432,34,25,34,26,2,1,6.0,2.0,5.0,1,1.4,0.48,-0.48,28.2,14.827932096641648,10.026929262063446,27.417672894059343,35.673454715103446,27.082069086818866,batter
SI,2024-09-17,96.5,-2.06,5.05,"Mitchell, Garrett",669003,554430,single,hit_into_play,,,,,7,Garrett Mitchell singles on a ground ball to center fielder Cal Stevenson.,R,L,R,MIL,PHI,X,8.0,ground_ball,3,2,2024,-1.44,0.54,-0.4924483965907806,1.8772521467973304,,,,0,2,Bot,130.96,99.52,,,,,7.592887084932316,-140.33668469439522,-4.175253459184313,-20.776264906719558,31.330243879982916,-24.265965725978965,3.49,1.62,6.0,97.5,-18.0,98.3,2342,7.3,745935,592663,547180,681082,624641,607208,669016,670276,592206,53.18,0.189,0.178,0.9,1.0,1.0,0.0,2.0,13,7,Sinker,0,1,0,1,1,0,0,1,Strategic,Standard,229,0.035,0.369,76.6,7.3,,0.196,-0.369,97.5,-1,-1,0.449,0.449,34,25,34,26,1,0,6.0,2.0,5.0,1,1.91,1.44,-1.44,24.7,1.9085899208059935,11.61029053140571,32.39867370552556,41.96470911394407,23.58392267587344,batter
FF,2024-09-17,95.6,-2.1,5.04,"Mitchell, Garrett",669003,554430,,foul,,,,,8,,R,L,R,MIL,PHI,S,,,3,2,2024,-0.69,1.37,-0.0130149958413429,2.173239451224049,,,,0,2,Bot,,,,,,,7.202537871286989,-139.07338703100515,-5.17869191791978,-10.438989662900315,28.708740311167062,-13.406733014841189,3.49,1.62,214.0,79.0,54.0,98.0,2390,7.5,745935,592663,547180,681082,624641,607208,669016,670276,592206,53.0,,,,,,,,13,6,4-Seam Fastball,0,1,0,1,1,0,0,1,Standard,Standard,231,0.0,0.0,77.4,7.2,,,0.0,88.0,-1,-1,0.449,0.449,34,25,34,26,1,0,6.0,2.0,5.0,1,1.11,0.69,-0.69,25.1,-2.618919172739598,7.177340060308617,37.71001772587383,35.49218974239234,25.601692588190797,batter
FF,2024-09-17,95.8,-2.18,5.13,"Mitchell, Garrett",669003,554430,,called_strike,,,,,11,,R,L,R,MIL,PHI,S,,,3,1,2024,-0.58,1.22,-1.1102406422041873,3.053199554381197,,,,0,2,Bot,,,,,,,4.21002935465639,-139.56039869917427,-2.7263828055418364,-8.48140677961698,30.243670563250653,-15.777205302643532,3.49429740048606,1.63320847369373,,,,98.0,2438,7.4,745935,592663,547180,681082,624641,607208,669016,670276,592206,53.12,,,,,,,,13,5,4-Seam Fastball,0,1,0,1,1,0,0,1,Standard,Standard,225,-0.01,-0.085,,,,,0.085,,-1,-1,0.459,0.459,34,25,34,26,1,0,6.0,2.0,5.0,1,1.25,0.58,-0.58,25.7,,,,,,batter
FF,2024-09-17,96.1,-2.16,5.18,"Mitchell, Garrett",669003,554430,,ball,,,,,11,,R,L,R,MIL,PHI,B,,,2,1,2024,-0.68,1.39,-1.020083222537952,3.4383893330040727,,,,0,2,Bot,,,,,,,4.633389295566257,-139.90178386914462,-2.2314220673192784,-9.952984488519869,31.19422395545154,-13.585416703105992,3.59405928403511,1.63898826432106,,,,97.9,2476,7.2,745935,592663,547180,681082,624641,607208,669016,670276,592206,53.25,,,,,,,,13,4,4-Seam Fastball,0,1,0,1,1,0,0,1,Standard,Standard,233,0.012,0.122,,,,,-0.122,,-1,-1,0.447,0.447,34,25,34,26,1,0,6.0,2.0,5.0,1,1.07,0.68,-0.68,24.3,,,,,,batter
FF,2024-09-17,94.8,-2.13,5.17,"Mitchell, Garrett",669003,554430,,ball,,,,,11,,R,L,R,MIL,PHI,B,,,1,1,2024,-0.7,1.27,-0.9713719323563008,3.90705828837563,,,,0,2,Bot,,,,,,,4.682897404649711,-138.109205310307,-0.5089551757981512,-10.00391404721846,29.77900203785187,-15.941631306093688,3.58159368586965,1.66406297629833,,,,96.9,2419,7.3,745935,592663,547180,681082,624641,607208,669016,670276,592206,53.17,,,,,,,,13,3,4-Seam Fastball,0,1,0,1,1,0,0,1,Standard,Standard,230,0.005,0.053,,,,,-0.053,,-1,-1,0.442,0.442,34,25,34,26,1,0,6.0,2.0,5.0,1,1.25,0.7,-0.7,26.0,,,,,,batter
FF,2024-09-17,95.2,-2.05,5.23,"Mitchell, Garrett",669003,554430,,foul,,,,,5,,R,L,R,MIL,PHI,S,,,1,0,2024,-0.7,1.22,0.1237436053776848,2.359559254819584,,,,0,2,Bot,,,,,,,7.441797721978197,-138.4905802260251,-4.733294864376704,-10.630925273793126,30.729985848315323,-15.566230860167396,3.49,1.62,232.0,75.3,38.0,97.2,2404,7.4,745935,592663,547180,681082,624641,607208,669016,670276,592206,53.06,,,,,,,,13,2,4-Seam Fastball,0,1,0,1,1,0,0,1,Standard,Standard,227,-0.005,-0.049,71.8,6.5,,,0.049,88.0,-1,-1,0.447,0.447,34,25,34,26,1,0,6.0,2.0,5.0,1,1.29,0.7,-0.7,26.5,-6.137240432004835,27.661343488441283,33.91401046823439,34.895841976345366,20.77777327171007,batter
FF,2024-09-17,94.9,-2.21,5.16,"Mitchell, Garrett",669003,554430,,ball,,,,,11,,R,L,R,MIL,PHI,B,,,0,0,2024,-0.87,1.25,-1.1801882178205856,2.641656108499607,,,,0,2,Bot,,,,,,,4.751576634659271,-138.0361550555504,-3.748527404084567,-12.212456207673403,31.789662321634616,-15.636814945187032,3.0641826316789,1.4852521557911,,,,96.5,2416,7.3,745935,592663,547180,681082,624641,607208,669016,670276,592206,53.18,,,,,,,,13,1,4-Seam Fastball,0,1,0,1,1,0,0,1,Standard,Standard,230,0.004,0.038,,,,,-0.038,,-1,-1,0.443,0.443,34,25,34,26,1,0,6.0,2.0,5.0,1,1.29,0.87,-0.87,24.0,,,,,,batter
FS,2024-09-17,92.0,-2.66,5.74,"Mitchell, Garrett",669003,656546,field_out,hit_into_play,,,,,7,"Garrett Mitchell grounds out, second baseman Bryson Stott to first baseman Bryce Harper.",R,L,R,MIL,PHI,X,4.0,ground_ball,0,1,2024,-1.05,0.85,-0.4369725878095734,1.6527030139123229,,,,2,9,Bot,144.93,155.91,,,,,7.97052917590528,-133.7574173068059,-6.431335525653823,-14.261853357014036,26.97995314471444,-20.77841071906363,3.49,1.62,3.0,64.6,-31.0,92.8,1802,6.7,745935,592663,547180,681082,624641,607208,669016,679032,592206,53.85,0.078,0.088,0.0,1.0,0.0,0.0,2.0,71,2,Split-Finger,1,5,1,5,5,1,1,5,Standard,Standard,239,-0.001,-0.215,74.9,7.9,,0.085,0.215,88.0,-4,-4,0.001,0.001,31,25,31,26,1,3,3.0,2.0,3.0,1,1.83,1.05,-1.05,43.0,13.769782557227249,-4.735898720216582,34.43674678114714,40.84620078525568,33.91024037262207,batter
FF,2024-09-17,97.4,-2.76,5.84,"Mitchell, Garrett",669003,656546,,swinging_strike,,,,,4,,R,L,R,MIL,PHI,S,,,0,0,2024,-0.75,1.46,-0.3580200295743524,2.8989233951296174,,,,2,9,Bot,,,,,,,8.209582959331446,-141.61114422469157,-5.779523413967087,-11.939467627495494,30.387694654689717,-11.30593884587134,3.49,1.62,,,,97.9,2688,6.5,745935,592663,547180,681082,624641,607208,669016,679032,592206,53.99,,,,,,,,71,1,4-Seam Fastball,1,5,1,5,5,1,1,5,Standard,Standard,219,0.0,-0.041,81.6,7.7,0.1,,0.041,,-4,-4,0.001,0.001,31,25,31,26,1,3,3.0,2.0,3.0,1,0.93,0.75,-0.75,39.3,15.08762455895578,4.621424189751542,29.816997209753332,40.8636424759582,27.08406905624184,batter
FF,2024-09-15,95.2,-2.81,5.84,"Mitchell, Garrett",669003,668678,field_out,hit_into_play,,,,,6,"Garrett Mitchell grounds out, second baseman Ketel Marte to first baseman Christian Walker.",R,L,R,AZ,MIL,X,4.0,ground_ball,2,0,2024,-0.26,1.34,0.4674278482998026,2.4206071485702205,,,,1,5,Top,155.81,155.07,,,,,9.248622473799,-138.36820323897533,-6.383325068044615,-5.365183972730474,29.52484684967853,-13.66431323541815,3.48,1.63,6.0,87.7,-21.0,96.0,2292,6.7,747151,645444,572233,606466,553993,672695,656976,664983,682998,53.81,0.078,0.07,0.0,1.0,0.0,0.0,2.0,44,3,4-Seam Fastball,5,3,3,5,3,5,3,5,Standard,Standard,210,0.03,-0.367,78.3,6.9,,0.105,0.367,88.0,2,-2,0.77,0.23,28,25,29,26,3,2,5.0,1.0,5.0,2,1.17,0.26,-0.26,41.0,6.351233595416503,14.654726973001592,32.762177005211704,30.67116111275179,25.072607555084986,batter
FF,2024-09-15,95.5,-2.77,5.86,"Mitchell, Garrett",669003,668678,,ball,,,,,14,,R,L,R,AZ,MIL,B,,,1,0,2024,-0.77,1.2,0.5014547153440656,0.7702965040305307,,,,1,5,Top,,,,,,,10.412706668246694,-138.3655911584138,-10.492549244362737,-12.293820032685408,32.295715835970846,-14.503073516833426,3.57730506908438,1.68377021513146,,,,95.9,2436,6.9,747151,645444,572233,606466,553993,672695,656976,664983,682998,53.62,,,,,,,,44,2,4-Seam Fastball,5,3,3,5,3,5,3,5,Standard,Standard,207,-0.007,0.072,,,,,-0.072,,2,-2,0.777,0.223,28,25,29,26,3,2,5.0,1.0,5.0,2,1.34,0.77,-0.77,42.7,,,,,,batter
CH,2024-09-15,86.7,-2.99,5.74,"Mitchell, Garrett",669003,668678,,ball,,,,,14,,R,L,R,AZ,MIL,B,,,0,0,2024,-0.87,0.23,0.8226776335597162,1.4577607829170325,,,,1,5,Top,,,,,,,10.948284046075385,-125.8629983699467,-4.54306191566343,-11.356757918124512,24.478577566294785,-28.949443344552307,3.57642411013851,1.71002318149326,,,,87.3,1542,6.7,747151,645444,572233,606466,553993,672695,656976,664983,682998,53.78,,,,,,,,44,1,Changeup,5,3,3,5,3,5,3,5,Standard,Standard,233,-0.003,0.039,,,,,-0.039,,2,-2,0.78,0.22,28,25,29,26,3,2,5.0,1.0,5.0,2,2.8,0.87,-0.87,34.4,,,,,,batter
FF,2024-09-15,94.9,-2.67,6.02,"Mitchell, Garrett",669003,668678,strikeout,swinging_strike,,,,,1,Garrett Mitchell strikes out swinging.,R,L,R,AZ,MIL,S,2.0,,2,2,2024,-0.28,1.59,-0.4580332426748865,3.260583933717056,606992.0,,694192.0,2,3,Top,,,,,,,6.447323596028775,-137.9243586351423,-5.0983275366822784,-5.071420280681372,32.089631696928215,-10.983914775509463,3.48,1.63,,,,95.2,2389,6.6,747151,645444,572233,606466,553993,672695,656976,664983,682998,53.86,,0.0,0.0,1.0,0.0,0.0,,24,5,4-Seam Fastball,2,0,0,2,0,2,0,2,Standard,Standard,204,0.044,-0.238,74.1,6.0,0.109529988,,0.238,,2,-2,0.72,0.28,28,25,29,26,2,1,5.0,1.0,5.0,2,0.96,0.28,-0.28,48.4,1.513819213872013,31.119804393698782,29.93678748773821,39.9455210553869,10.274016913449088,batter
CH,2024-09-15,85.0,-3.0,5.8,"Mitchell, Garrett",669003,668678,,swinging_strike,,,,,13,,R,L,R,AZ,MIL,S,,,2,1,2024,-1.15,0.48,-0.1667728444210185,1.2977069868463116,606992.0,,694192.0,2,3,Top,,,,,,,8.975671489317692,-123.43114080075638,-5.21228850340336,-13.463925772187247,23.44516236392716,-26.438071612425617,3.48,1.63,,,,85.4,1635,6.6,747151,645444,572233,606466,553993,672695,656976,664983,682998,53.93,,,,,,,,24,4,Changeup,2,0,0,2,0,2,0,2,Standard,Standard,228,0.011,-0.057,82.3,8.8,3.469219392,,0.057,,2,-2,0.709,0.291,28,25,29,26,2,1,5.0,1.0,5.0,2,2.68,1.15,-1.15,34.5,25.653300903499737,-23.61606744168466,35.55238557731373,39.1976707305174,46.61947004954656,batter
CH,2024-09-15,86.2,-3.02,5.81,"Mitchell, Garrett",669003,668678,,ball,,,,,13,,R,L,R,AZ,MIL,B,,,1,1,2024,-1.15,0.42,-0.9070395771182852,1.4731684252938222,606992.0,,694192.0,2,3,Top,,,,,,,7.386726795356893,-125.27783022699548,-4.938413527167104,-13.576691543219647,24.3064314648711,-26.965868450479967,3.48216676096343,1.68017683697664,,,,86.6,1717,6.5,747151,645444,572233,606466,553993,672695,656976,664983,682998,53.98,,,,,,,,24,3,Changeup,2,0,0,2,0,2,0,2,Standard,Standard,229,-0.006,0.024,,,,,-0.024,,2,-2,0.715,0.285,28,25,29,26,2,1,5.0,1.0,5.0,2,2.65,1.15,-1.15,34.3,,,,,,batter
FF,2024-09-15,94.2,-2.57,6.05,"Mitchell, Garrett",669003,668678,,called_strike,,,,,3,,R,L,R,AZ,MIL,S,,,1,0,2024,-0.2,1.55,0.6976653388596821,2.9437920574399263,606992.0,,694192.0,2,3,Top,,,,,,,8.95570254551848,-136.76483871219264,-5.79071382382574,-4.498886520502165,30.62760059658399,-11.606933184989716,3.53244562644852,1.61605444551049,,,,94.5,2407,6.6,747151,645444,572233,606466,553993,672695,656976,664983,682998,53.85,,,,,,,,24,2,4-Seam Fastball,2,0,0,2,0,2,0,2,Standard,Standard,201,0.006,-0.045,,,,,0.045,,2,-2,0.709,0.291,28,25,29,26,2,1,5.0,1.0,5.0,2,1.03,0.2,-0.2,47.3,,,,,,batter
FF,2024-09-15,93.4,-2.51,6.12,"Mitchell, Garrett",669003,668678,,ball,,,,,12,,R,L,R,AZ,MIL,B,,,0,0,2024,-0.19,1.39,0.1537519569707836,4.317988832283604,606992.0,,694192.0,2,3,Top,,,,,,,7.317222528908689,-135.947994390428,-1.957597479109545,-3.979762043636919,29.18910691972819,-14.696085454294533,3.63902817544407,1.72293277318445,,,,94.0,2244,6.6,747151,645444,572233,606466,553993,672695,656976,664983,682998,53.95,,,,,,,,24,1,4-Seam Fastball,2,0,0,2,0,2,0,2,Standard,Standard,201,-0.003,0.03,,,,,-0.03,,2,-2,0.712,0.288,28,25,29,26,2,1,5.0,1.0,5.0,2,1.22,0.19,-0.19,49.9,,,,,,batter
KC,2024-09-15,81.1,-3.04,5.82,"Mitchell, Garrett",669003,668678,walk,ball,,,,,13,Garrett Mitchell walks.,R,L,R,AZ,MIL,B,,,3,2,2024,0.66,-1.09,-1.176718626103746,2.0385528461154823,,668930.0,,2,1,Top,,,,,,,2.909544134978514,-118.01886223062228,0.3080761290338707,5.567799028629091,23.907315574815144,-42.63089304745768,3.54298304817796,1.66449732891006,,,,81.2,2467,6.5,747151,645444,572233,606466,553993,672695,656976,664983,682998,54.01,,0.689131,0.7,1.0,0.0,0.0,,4,6,Knuckle Curve,0,0,0,0,0,0,0,0,Standard,Standard,37,-0.009,0.115,,,,,-0.115,,0,0,0.514,0.486,28,25,29,26,1,0,5.0,1.0,5.0,2,4.58,-0.66,0.66,39.3,,,,,,batter
FF,2024-09-15,93.8,-2.97,5.94,"Mitchell, Garrett",669003,668678,,ball,,,,,12,,R,L,R,AZ,MIL,B,,,2,2,2024,-0.32,1.21,0.2650073248018152,5.12621164769843,,668930.0,,2,1,Top,,,,,,,9.092167370328736,-136.4567680155788,0.9031510704444804,-5.848482570034736,27.39468552062672,-17.359525639485952,3.74302594942291,1.8355068447093,,,,94.4,2173,6.5,747151,645444,572233,606466,553993,672695,656976,664983,682998,54.03,,,,,,,,4,5,4-Seam Fastball,0,0,0,0,0,0,0,0,Standard,Standard,212,-0.007,0.049,,,,,-0.049,,0,0,0.521,0.479,28,25,29,26,1,0,5.0,1.0,5.0,2,1.36,0.32,-0.32,38.8,,,,,,batter
KC,2024-09-15,83.0,-3.03,5.75,"Mitchell, Garrett",669003,668678,,blocked_ball,,,,,14,,R,L,R,AZ,MIL,B,,,1,2,2024,0.28,-1.08,0.0982842359601172,-0.9603424474850172,,668930.0,,2,1,Top,,,,,,,6.607205016281545,-120.65600745083503,-6.748740851636366,1.4684142516020884,23.903347425791598,-41.58447684014838,3.47999952999927,1.66595647554734,,,,83.1,2554,6.4,747151,645444,572233,606466,553993,672695,656976,664983,682998,54.07,,,,,,,,4,4,Knuckle Curve,0,0,0,0,0,0,0,0,Standard,Standard,29,-0.005,0.037,,,,,-0.037,,0,0,0.526,0.474,28,25,29,26,1,0,5.0,1.0,5.0,2,4.4,-0.28,0.28,36.7,,,,,,batter
FF,2024-09-15,94.8,-2.97,5.89,"Mitchell, Garrett",669003,668678,,foul,,,,,3,,R,L,R,AZ,MIL,S,,,1,1,2024,-0.1,1.18,0.407136216364618,3.599603259375142,,668930.0,,2,1,Top,,,,,,,9.101032617648071,-137.89710573870929,-3.030247121386503,-3.07844143202088,26.95809577860508,-16.531207991507365,3.48,1.63,131.0,81.2,9.0,95.7,2212,6.6,747151,645444,572233,606466,553993,672695,656976,664983,682998,53.94,,,,,,,,4,3,4-Seam Fastball,0,0,0,0,0,0,0,0,Standard,Standard,203,0.008,-0.06,71.2,5.7,,,0.06,88.0,0,0,0.518,0.482,28,25,29,26,1,0,5.0,1.0,5.0,2,1.33,0.1,-0.1,39.3,-0.0086321570828439,35.45255608728211,31.892956684698003,29.908679065558,16.834332663009842,batter
FF,2024-09-15,94.4,-2.82,5.85,"Mitchell, Garrett",669003,668678,,ball,,,,,12,,R,L,R,AZ,MIL,B,,,0,1,2024,-0.47,1.26,0.9659176339586552,2.6275569318315486,,668930.0,,2,1,Top,,,,,,,10.93835470452938,-137.0682414568983,-5.562769549085082,-8.108777525806476,27.42717393485693,-15.18232966670384,3.56938683572095,1.66357607474131,,,,95.1,2261,6.6,747151,645444,572233,606466,553993,672695,656976,664983,682998,53.9,,,,,,,,4,2,4-Seam Fastball,0,0,0,0,0,0,0,0,Standard,Standard,216,-0.003,0.012,,,,,-0.012,,0,0,0.521,0.479,28,25,29,26,1,0,5.0,1.0,5.0,2,1.29,0.47,-0.47,41.0,,,,,,batter
CH,2024-09-15,86.4,-3.1,5.82,"Mitchell, Garrett",669003,668678,,swinging_strike,,,,,8,,R,L,R,AZ,MIL,S,,,0,0,2024,-0.94,0.04,-0.2273877430733453,1.682219458373711,,668930.0,,2,1,Top,,,,,,,8.797986391708141,-125.65268374570104,-3.799583825462441,-11.624839362264906,22.30520685568085,-31.280123430924107,3.48,1.63,,,,87.3,1448,6.6,747151,645444,572233,606466,553993,672695,656976,664983,682998,53.89,,,,,,,,4,1,Changeup,0,0,0,0,0,0,0,0,Standard,Standard,232,0.005,-0.04,79.8,8.4,0.604300092,,0.04,,0,0,0.516,0.484,28,25,29,26,1,0,5.0,1.0,5.0,2,2.99,0.94,-0.94,37.2,22.364568083112147,-16.03187768046998,34.74987615149156,38.752994729822966,41.74168457615952,batter
SL,2024-09-14,84.4,-1.16,5.47,"Mitchell, Garrett",669003,700270,field_out,hit_into_play,,,,,8,"Garrett Mitchell grounds out, second baseman Luis Guillorme to first baseman Josh Bell.",R,L,R,AZ,MIL,X,4.0,ground_ball,1,2,2024,0.1,-0.23,-0.2668360502997481,1.5856083800460836,,,,2,9,Top,163.17,154.12,,,,,1.8663357236288176,-122.93675495721754,-2.2602959858479665,0.6629005577011667,22.7097285430434,-34.32812534785054,3.47,1.62,8.0,91.5,-12.0,83.9,2687,5.8,747148,680728,605137,641645,621028,672695,656976,664983,545341,54.72,0.189,0.175,0.0,1.0,0.0,0.0,2.0,88,5,Slider,8,15,15,8,15,8,15,8,Strategic,Standard,45,0.0,-0.18,79.4,7.9,,0.216,0.18,91.5,-7,7,0.001,0.999,23,25,24,26,2,5,48.0,1.0,8.0,1,3.41,-0.1,0.1,34.4,9.47723496205541,2.5035915116270515,36.79657865457903,39.34879956573455,37.37292583107434,batter
FF,2024-09-14,96.1,-1.33,5.52,"Mitchell, Garrett",669003,700270,,foul,,,,,2,,R,L,R,AZ,MIL,S,,,1,2,2024,-0.89,0.9,-0.029752120266158,3.432881020684152,,,,2,9,Top,,,,,,,5.419448251985576,-139.98355979525837,-2.044418602019811,-12.94299013869184,28.199422684491577,-20.006524626950878,3.47,1.62,174.0,82.8,13.0,95.7,2242,5.7,747148,680728,605137,641645,621028,672695,656976,664983,545341,54.76,,,,,,,,88,4,4-Seam Fastball,8,15,15,8,15,8,15,8,Strategic,Standard,228,0.0,0.0,71.6,5.9,,,0.0,88.0,-7,7,0.001,0.999,23,25,24,26,2,5,48.0,1.0,8.0,1,1.54,0.89,-0.89,35.5,2.38433643996356,31.848997591071893,28.659852852929284,37.35453324332506,17.103553331998814,batter
SL,2024-09-14,81.6,-1.22,5.62,"Mitchell, Garrett",669003,700270,,foul,,,,,4,,R,L,R,AZ,MIL,S,,,1,1,2024,0.04,-0.42,-0.5638563300220948,2.861791947679791,,,,2,9,Top,,,,,,,1.4011711475048243,-118.91272125367416,1.0321916810252898,0.1116547097717057,19.481680369641868,-36.53777849220301,3.47,1.62,225.0,83.5,58.0,81.1,2657,5.6,747148,680728,605137,641645,621028,672695,656976,664983,545341,54.92,,,,,,,,88,3,Slider,8,15,15,8,15,8,15,8,Strategic,Standard,45,0.0,-0.064,79.6,7.5,,,0.064,88.0,-7,7,0.001,0.999,23,25,24,26,2,5,48.0,1.0,8.0,1,3.79,-0.04,0.04,36.4,13.94445117325719,17.990216283969723,28.253308781590107,43.93191247989675,25.694392819378724,batter
SL,2024-09-14,82.5,-1.22,5.58,"Mitchell, Garrett",669003,700270,,foul,,,,,8,,R,L,R,AZ,MIL,S,,,1,0,2024,0.11,-0.32,-0.26486255933602,1.5687634570696931,,,,2,9,Top,,,,,,,1.9165179769924623,-120.20369215362018,-2.040042503472084,0.7687733355646968,21.88121050954896,-35.11159261590435,3.47,1.62,2.0,74.3,-44.0,81.8,2842,5.6,747148,680728,605137,641645,621028,672695,656976,664983,545341,54.91,,,,,,,,88,2,Slider,8,15,15,8,15,8,15,8,Strategic,Standard,40,0.0,-0.051,71.0,8.4,,,0.051,88.0,-7,7,0.001,0.999,23,25,24,26,2,5,48.0,1.0,8.0,1,3.64,-0.11,0.11,37.1,19.97439291125742,-1.4522139651600776,31.413244713868483,40.107920711505926,39.70570492074627,batter
KC,2024-09-14,79.2,-0.99,5.83,"Mitchell, Garrett",669003,700270,,ball,,,,,14,,R,L,R,AZ,MIL,B,,,0,0,2024,0.59,-1.18,1.1080411790161655,1.1050158059254276,,,,2,9,Top,,,,,,,3.4451912926319426,-115.286458067896,-1.2793741960588665,4.484972289880552,23.39473726715202,-42.62213858703835,3.48576576207295,1.57422480571071,,,,78.0,2534,5.6,747148,680728,605137,641645,621028,672695,656976,664983,545341,54.9,,,,,,,,88,1,Knuckle Curve,8,15,15,8,15,8,15,8,Strategic,Standard,27,0.0,0.04,,,,,-0.04,,-7,7,0.001,0.999,23,25,24,26,2,5,48.0,1.0,8.0,1,4.84,-0.59,0.59,47.0,,,,,,batter
FF,2024-09-14,94.5,-1.93,5.58,"Mitchell, Garrett",669003,694297,walk,ball,,,,,3,Garrett Mitchell walks. Brice Turang scores. Jackson Chourio to 3rd. William Contreras to 2nd.,R,L,R,AZ,MIL,B,,,3,2,2024,-0.37,1.31,0.3976187176423799,3.628825125070855,668930.0,694192.0,661388.0,2,2,Top,,,,,,,6.948061446674842,-137.5979404055919,-2.356536421890985,-6.212683884924516,28.875012608879363,-15.16517981508282,3.53376369371458,1.62125697561554,,,,95.6,2422,6.8,747148,680728,572233,606466,553993,672695,656976,664983,682998,53.75,,0.689131,0.7,1.0,0.0,0.0,,17,7,4-Seam Fastball,0,3,3,0,4,0,4,0,Infield shade,Standard,219,-0.052,0.251,,,,,-0.251,,-3,3,0.199,0.801,25,25,26,26,2,1,8.0,1.0,5.0,1,1.23,0.37,-0.37,30.9,,,,,,batter
ST,2024-09-14,86.2,-2.4,5.36,"Mitchell, Garrett",669003,694297,,foul,,,,,8,,R,L,R,AZ,MIL,S,,,3,2,2024,0.82,0.42,0.2746076096120277,1.706141613926527,668930.0,694192.0,661388.0,2,2,Top,,,,,,,4.717825153514334,-125.48244373200136,-3.341332133456519,7.720050156578902,24.472875462532585,-27.27123182138454,3.47,1.62,72.0,99.0,3.0,86.6,2846,6.4,747148,680728,572233,606466,553993,672695,656976,664983,682998,54.05,,,,,,,,17,6,Sweeper,0,3,3,0,3,0,3,0,Infield shade,Standard,115,0.0,0.0,79.6,8.5,,,0.0,99.0,-3,3,0.199,0.801,25,25,26,26,2,1,8.0,1.0,5.0,1,2.64,-0.82,0.82,23.2,16.662201761179826,-19.68961156359216,34.36745268439921,33.79467371779131,44.201456244852906,batter
SI,2024-09-14,94.3,-2.0,5.52,"Mitchell, Garrett",669003,694297,,ball,,,,,12,,R,L,R,AZ,MIL,B,,,2,2,2024,-1.09,0.52,0.4882357428038995,3.533503252765316,668930.0,694192.0,661388.0,2,2,Top,,,,,,,8.956571247443984,-137.09465505227462,-0.6519427568369386,-15.683525630587528,28.20147441341813,-25.64460155944987,3.41064928598864,1.600997690659,,,,95.1,2109,6.6,747148,680728,572233,606466,553993,672695,656976,664983,682998,53.86,,,,,,,,17,5,Sinker,0,3,3,0,3,0,3,0,Infield shade,Standard,228,-0.016,0.103,,,,,-0.103,,-3,3,0.215,0.785,25,25,26,26,2,1,8.0,1.0,5.0,1,2.03,1.09,-1.09,29.1,,,,,,batter
FF,2024-09-14,94.6,-2.06,5.51,"Mitchell, Garrett",669003,694297,,ball,,,,,11,,R,L,R,AZ,MIL,B,,,1,2,2024,-0.58,1.19,-1.1771796821305802,4.17652236755094,668930.0,694192.0,661388.0,2,2,Top,,,,,,,3.6037776637684416,-137.84609179274548,-0.4838498083648186,-8.126965160779797,29.01119768677059,-17.07167936387038,3.4012210921729,1.58710868784622,,,,95.4,2510,6.5,747148,680728,572233,606466,553993,672695,656976,664983,682998,53.96,,,,,,,,17,4,4-Seam Fastball,0,3,3,0,3,0,3,0,Infield shade,Standard,227,-0.006,0.052,,,,,-0.052,,-3,3,0.221,0.779,25,25,26,26,2,1,8.0,1.0,5.0,1,1.34,0.58,-0.58,25.3,,,,,,batter
CH,2024-09-14,87.4,-2.15,5.26,"Mitchell, Garrett",669003,694297,,foul,,,,,8,,R,L,R,AZ,MIL,S,,,1,1,2024,-1.1,0.13,-0.1092493490105244,1.5228188323500018,668930.0,694192.0,661388.0,2,2,Top,,,,,,,7.269596306867759,-127.1940506246827,-3.1833736042767145,-13.431985819989851,24.79781385776527,-30.27755012397501,3.47,1.62,1.0,69.1,-48.0,88.4,2011,6.8,747148,680728,572233,606466,553993,672695,656976,664983,682998,53.71,,,,,,,,17,3,Changeup,0,3,3,0,3,0,3,0,Standard,Standard,230,0.011,-0.05,74.2,6.9,,,0.05,88.0,-3,3,0.21,0.79,25,25,26,26,2,1,8.0,1.0,5.0,1,2.84,1.1,-1.1,23.3,3.0195894469521645,12.0453249108954,36.11653424763252,37.21893392351071,23.74144985423125,batter
ST,2024-09-14,86.4,-2.3,5.31,"Mitchell, Garrett",669003,694297,,swinging_strike,,,,,14,,R,L,R,AZ,MIL,S,,,1,0,2024,0.83,0.37,1.0015629661832797,1.6967095168812576,668930.0,694192.0,661388.0,2,2,Top,,,,,,,6.189616243467931,-125.66787442205926,-3.1351961315511714,7.467221074167198,26.328409800425423,-27.79821367984915,3.47,1.62,,,,86.4,2857,6.4,747148,680728,572233,606466,553993,672695,656976,664983,682998,54.08,,,,,,,,17,2,Sweeper,0,3,3,0,3,0,3,0,Standard,Standard,51,0.008,-0.044,83.4,8.3,1.938338508,,0.044,,-3,3,0.202,0.798,25,25,26,26,2,1,8.0,1.0,5.0,1,2.69,-0.83,0.83,22.8,21.59621151368737,-22.5449143511297,35.560836899585304,24.391174214333702,46.06093410063373,batter
FF,2024-09-14,95.0,-2.12,5.75,"Mitchell, Garrett",669003,694297,,ball,,,,,11,,R,L,R,AZ,MIL,B,,,0,0,2024,-0.36,1.39,-1.769406221175776,4.50713765465672,668930.0,694192.0,661388.0,2,2,Top,,,,,,,1.74724440696495,-138.38219822165638,-0.7400315601020684,-5.01410306147605,29.380557501492586,-14.297832276560152,3.51912808119767,1.53868106117384,,,,95.9,2482,6.6,747148,680728,572233,606466,553993,672695,656976,664983,682998,53.86,,,,,,,,17,1,4-Seam Fastball,0,3,3,0,3,0,3,0,Standard,Standard,213,-0.006,0.031,,,,,-0.031,,-3,3,0.208,0.792,25,25,26,26,2,1,8.0,1.0,5.0,1,1.12,0.36,-0.36,32.2,,,,,,batter
SI,2024-09-14,86.1,-3.54,6.01,"Mitchell, Garrett",669003,571670,walk,ball,,,,,13,Garrett Mitchell walks.,R,L,R,AZ,MIL,B,,,3,1,2024,-1.3,0.5,-2.139555601212388,2.3098128889049727,,,,0,6,Top,,,,,,,5.959513646263977,-125.1671500081851,-3.5362251650285743,-14.8427779050894,25.94343005050513,-26.37434623680684,3.5077578925559,1.49688741730414,,,,86.0,1962,6.3,747148,680728,605137,621028,641645,672695,656976,664983,545341,54.17,,0.689131,0.7,1.0,0.0,0.0,,49,5,Sinker,0,12,12,0,12,0,12,0,Infield shade,Standard,227,0.0,0.287,,,,,-0.287,,-12,12,0.001,0.999,33,25,34,26,2,3,3.0,1.0,,1,2.58,1.3,-1.3,41.4,,,,,,batter
SL,2024-09-14,81.1,-3.79,5.89,"Mitchell, Garrett",669003,571670,,ball,,,,,11,,R,L,R,AZ,MIL,B,,,2,1,2024,0.1,0.3,-1.0766578158335076,3.345446347108995,,,,0,6,Top,,,,,,,5.890625259367856,-118.0462734528426,0.3810221220145255,-0.2787846532801609,23.42044904335832,-29.65233935397562,3.47020243025661,1.50171055096493,,,,81.0,1954,6.3,747148,680728,605137,621028,641645,672695,656976,664983,545341,54.17,,,,,,,,49,4,Slider,0,12,12,0,12,0,12,0,Infield shade,Standard,190,0.0,0.122,,,,,-0.122,,-12,12,0.001,0.999,33,25,34,26,2,3,3.0,1.0,,1,3.17,-0.1,0.1,32.8,,,,,,batter
SI,2024-09-14,87.1,-3.56,5.99,"Mitchell, Garrett",669003,571670,,foul,,,,,1,,R,L,R,AZ,MIL,S,,,2,0,2024,-1.19,0.67,-0.289925749477,2.996897184976317,,,,0,6,Top,,,,,,,10.302433822171764,-126.51233153454342,-2.3907151905471595,-14.853276939402932,25.274648323565536,-24.63773442508421,3.47,1.62,207.0,74.4,53.0,87.2,2019,6.4,747148,680728,605137,621028,641645,672695,656976,664983,545341,54.09,,,,,,,,49,3,Sinker,0,12,12,0,12,0,12,0,Infield shade,Standard,227,0.0,-0.065,71.8,6.9,,,0.065,88.0,-12,12,0.001,0.999,33,25,34,26,2,3,3.0,1.0,,1,2.34,1.19,-1.19,37.3,5.475358178997398,16.906232870009376,31.234049466160705,38.41502927958194,23.103378416942288,batter
CH,2024-09-14,81.2,-3.85,5.92,"Mitchell, Garrett",669003,571670,,ball,,,,,13,,R,L,R,AZ,MIL,B,,,1,0,2024,-0.99,0.27,-1.5241073633297733,2.22507882161814,,,,0,6,Top,,,,,,,7.118028524891859,-118.085450037322,-2.181508306964444,-10.596337920800718,22.131267642860134,-29.41836061932409,3.47038405043804,1.45069762239375,,,,81.5,1500,6.5,747148,680728,605137,621028,641645,672695,656976,664983,545341,54.03,,,,,,,,49,2,Changeup,0,12,12,0,12,0,12,0,Infield shade,Standard,249,0.0,0.069,,,,,-0.069,,-12,12,0.001,0.999,33,25,34,26,2,3,3.0,1.0,,1,3.18,0.99,-0.99,35.3,,,,,,batter
CH,2024-09-14,81.9,-3.55,5.83,"Mitchell, Garrett",669003,571670,,ball,,,,,14,,R,L,R,AZ,MIL,B,,,0,0,2024,-1.14,0.05,1.2843227042794831,0.7200190566287366,,,,0,6,Top,,,,,,,13.1207383115655,-118.58924275859812,-5.050235984985218,-13.207697780277696,21.494425787012887,-30.899327538246578,3.57071243689958,1.75808016534565,,,,82.1,1500,6.6,747148,680728,605137,621028,641645,672695,656976,664983,545341,53.94,,,,,,,,49,1,Changeup,0,12,12,0,12,0,12,0,Infield shade,Standard,261,0.0,0.038,,,,,-0.038,,-12,12,0.001,0.999,33,25,34,26,2,3,3.0,1.0,,1,3.37,1.14,-1.14,29.4,,,,,,batter
FF,2024-09-14,97.3,-0.82,5.69,"Mitchell, Garrett",669003,700270,walk,ball,,,,,14,Garrett Mitchell walks.,R,L,R,AZ,MIL,B,,,3,2,2024,-0.58,1.27,1.1557145920457177,2.136497526744255,,668930.0,,2,7,Top,,,,,,,6.56496828497124,-141.4657102483104,-6.897844281301135,-9.210311385080026,29.932395166001683,-13.70937344895354,3.52268434311735,1.58627591237002,,,,96.9,2296,6.0,747148,680728,605137,621028,641645,672695,656976,664983,545341,54.54,,0.689131,0.7,1.0,0.0,0.0,,64,7,4-Seam Fastball,2,13,13,2,13,2,13,2,Infield shade,Standard,219,0.0,0.115,,,,,-0.115,,-11,11,0.001,0.999,23,25,24,26,1,4,48.0,1.0,8.0,1,1.13,0.58,-0.58,45.4,,,,,,batter
KC,2024-09-14,79.9,-0.84,5.92,"Mitchell, Garrett",669003,700270,,blocked_ball,,,,,14,,R,L,R,AZ,MIL,B,,,2,2,2024,0.34,-1.23,0.4882038108096291,0.2642639253125161,,668930.0,,2,7,Top,,,,,,,2.25842170142148,-116.24408313815589,-3.337718806575044,2.614384013081684,23.574413734456176,-42.79716969224855,3.40699664102078,1.47052892406909,,,,78.8,2442,5.7,747148,680728,605137,621028,641645,672695,656976,664983,545341,54.77,,,,,,,,64,6,Knuckle Curve,2,13,13,2,13,2,13,2,Infield shade,Standard,18,0.0,0.049,,,,,-0.049,,-11,11,0.001,0.999,23,25,24,26,1,4,48.0,1.0,8.0,1,4.82,-0.34,0.34,48.7,,,,,,batter
SL,2024-09-14,85.4,-1.02,5.5,"Mitchell, Garrett",669003,700270,,foul,,,,,9,,R,L,R,AZ,MIL,S,,,2,2,2024,-0.08,-0.17,0.8098690918972853,2.077320051551751,,668930.0,,2,7,Top,,,,,,,4.430344522076101,-124.47960447514193,-1.5318693606342622,-1.5680021678709215,21.21518399610352,-33.88175645314277,3.47,1.62,10.0,100.1,-12.0,85.4,2678,5.8,747148,680728,605137,621028,641645,672695,656976,664983,545341,54.66,,,,,,,,64,5,Slider,2,13,13,2,13,2,13,2,Infield shade,Standard,33,0.0,0.0,79.6,7.7,,,0.0,100.1,-11,11,0.001,0.999,23,25,24,26,1,4,48.0,1.0,8.0,1,3.25,0.08,-0.08,39.2,13.220393464512847,-9.66237753929114,35.085178850055094,27.63937957615642,35.68903413214429,batter
FF,2024-09-14,95.1,-0.83,5.72,"Mitchell, Garrett",669003,700270,,called_strike,,,,,1,,R,L,R,AZ,MIL,S,,,2,1,2024,-1.04,1.16,-0.4987082155386771,3.360289381063682,,668930.0,,2,7,Top,,,,,,,3.1875367928955978,-138.5634660258499,-3.148503133784073,-14.12371070621682,30.51227459198173,-16.660566808657293,3.54089891058021,1.66033281871414,,,,94.6,2308,5.9,747148,680728,605137,621028,641645,672695,656976,664983,545341,54.61,,,,,,,,64,4,4-Seam Fastball,2,13,13,2,13,2,13,2,Infield shade,Standard,218,0.0,-0.062,,,,,0.062,,-11,11,0.001,0.999,23,25,24,26,1,4,48.0,1.0,8.0,1,1.35,1.04,-1.04,46.2,,,,,,batter
FF,2024-09-14,96.7,-1.04,5.77,"Mitchell, Garrett",669003,700270,,ball,,,,,3,,R,L,R,AZ,MIL,B,,,1,1,2024,-0.86,1.27,0.8183728954538487,3.31266709371413,,668930.0,,2,7,Top,,,,,,,6.8627672180166295,-140.6420011493383,-3.866003547020041,-13.00794242141429,31.804938948601475,-14.621139288173255,3.40587807161146,1.63682322951065,,,,96.1,2299,5.9,747148,680728,605137,621028,641645,672695,656976,664983,545341,54.55,,,,,,,,64,3,4-Seam Fastball,2,13,13,2,13,2,13,2,Infield shade,Standard,217,0.0,0.039,,,,,-0.039,,-11,11,0.001,0.999,23,25,24,26,1,4,48.0,1.0,8.0,1,1.17,0.86,-0.86,44.4,,,,,,batter
SL,2024-09-14,83.7,-1.05,5.58,"Mitchell, Garrett",669003,700270,,swinging_strike,,,,,14,,R,L,R,AZ,MIL,S,,,1,0,2024,-0.08,-0.36,0.7539464925374109,0.985532427885392,,668930.0,,2,7,Top,,,,,,,4.280792678992091,-121.91685095244992,-3.522091769662109,-1.5846246284760603,21.64355192466142,-35.3976570664685,3.47,1.62,,,,83.2,2698,5.7,747148,680728,605137,621028,641645,672695,656976,664983,545341,54.82,,,,,,,,64,2,Slider,2,13,13,2,13,2,13,2,Infield shade,Standard,21,0.0,-0.043,75.1,9.2,8.78914974,,0.043,,-11,11,0.001,0.999,23,25,24,26,1,4,48.0,1.0,8.0,1,3.59,0.08,-0.08,37.2,23.986986925108848,-46.964682792687846,33.79707026979204,29.82508352036222,60.33780431238352,batter
SL,2024-09-14,84.3,-1.16,5.58,"Mitchell, Garrett",669003,700270,,ball,,,,,13,,R,L,R,AZ,MIL,B,,,0,0,2024,0.01,-0.15,-0.0225668803532635,1.0518235549288426,,668930.0,,2,7,Top,,,,,,,2.608176089136518,-122.91670537931,-3.9355899876317553,-0.3711675326997693,21.18053204013389,-33.23528009042571,3.47082061282508,1.57012172256308,,,,84.0,2689,5.7,747148,680728,605137,621028,641645,672695,656976,664983,545341,54.82,,,,,,,,64,1,Slider,2,13,13,2,13,2,13,2,Standard,Standard,15,0.0,0.014,,,,,-0.014,,-11,11,0.001,0.999,23,25,24,26,1,4,48.0,1.0,8.0,1,3.31,-0.01,0.01,38.8,,,,,,batter
FF,2024-09-14,95.5,-1.72,5.73,"Mitchell, Garrett",669003,694297,single,hit_into_play,,,,,7,Garrett Mitchell singles on a line drive to center fielder Jake McCarthy.,R,L,R,AZ,MIL,X,8.0,line_drive,0,0,2024,-0.53,1.35,-0.5747039835553726,2.076401046047534,,,,2,1,Top,110.59,87.21,,,,,4.239483003506858,-139.0212693334353,-7.157154119938715,-7.76775860854112,28.09839557186306,-13.22406930872762,3.47,1.62,243.0,92.5,14.0,96.6,2554,6.7,747148,680728,572233,606466,553993,672695,656976,664983,682998,53.83,0.968,0.929,0.9,1.0,1.0,0.0,4.0,4,1,4-Seam Fastball,0,1,1,0,1,0,1,0,Infield shade,Standard,220,-0.011,0.333,78.5,7.4,,1.141,-0.333,92.5,-1,1,0.438,0.562,25,25,26,26,1,0,8.0,1.0,5.0,1,1.12,0.53,-0.53,32.2,6.92024999653654,14.97787979246072,32.86278187335803,44.75314406703707,28.53413318241265,batter
FF,2024-09-14,87.9,-3.54,6.12,"Mitchell, Garrett",669003,571670,home_run,hit_into_play,,,,,4,Garrett Mitchell homers (6) on a fly ball to left center field. William Contreras scores.,R,L,R,AZ,MIL,X,,fly_ball,2,1,2024,-0.7,1.42,-0.4171152873957651,2.7814128356372043,,661388.0,,0,4,Top,73.52,48.53,,,,,8.985212771234428,-127.74769939585966,-4.938078086223882,-9.40890897053054,24.47198137830344,-15.70640876021836,3.47,1.62,394.0,101.3,28.0,87.9,2163,6.2,747148,680728,572233,606466,553993,672695,656976,664983,682998,54.28,0.58,1.1186603773584909,2.0,1.0,0.0,3.0,6.0,32,4,4-Seam Fastball,0,9,9,0,11,0,11,0,Standard,Standard,230,-0.005,0.974,70.7,7.4,,2.182,-0.974,101.3,-9,9,0.008,0.992,33,25,34,26,1,2,3.0,1.0,,1,1.52,0.7,-0.7,35.8,8.414731461996066,6.384784601381896,32.46485797628633,40.32165957562759,24.910339600873645,batter
CH,2024-09-14,81.2,-3.63,5.82,"Mitchell, Garrett",669003,571670,,swinging_strike,,,,,13,,R,L,R,AZ,MIL,S,,,2,0,2024,-1.18,0.11,-0.8724705149538514,0.8312053452052139,,661388.0,,0,4,Top,,,,,,,8.42368719416549,-117.907560550348,-4.7233816308541865,-12.57551006580619,22.5057354415058,-30.44712725281052,3.47,1.62,,,,81.2,1771,6.4,747148,680728,572233,606466,553993,672695,656976,664983,682998,54.1,,,,,,,,32,3,Changeup,0,9,9,0,9,0,9,0,Standard,Standard,255,0.0,-0.045,80.6,8.8,8.274339108,,0.045,,-9,9,0.008,0.992,33,25,34,26,1,2,3.0,1.0,,1,3.37,1.18,-1.18,30.0,19.019352088437152,-15.403259787235902,33.461249897931715,46.39713390437321,48.22653223285828,batter
CH,2024-09-14,81.1,-3.73,5.86,"Mitchell, Garrett",669003,571670,,ball,,,,,11,,R,L,R,AZ,MIL,B,,,1,0,2024,-1.15,-0.17,-1.384301360722645,2.638791302238514,,661388.0,,0,4,Top,,,,,,,7.409505274089448,-117.8573869960703,-0.2074699790947908,-12.12414630890809,22.98016553928326,-33.94303432475688,3.60831402346448,1.60330183582519,,,,80.8,1594,6.2,747148,680728,572233,606466,553993,672695,656976,664983,682998,54.28,,,,,,,,32,2,Changeup,0,9,9,0,9,0,9,0,Infield shade,Standard,254,0.0,0.05,,,,,-0.05,,-9,9,0.008,0.992,33,25,34,26,1,2,3.0,1.0,,1,3.65,1.15,-1.15,33.1,,,,,,batter
SL,2024-09-14,82.1,-3.52,6.07,"Mitchell, Garrett",669003,571670,,ball,,,,,14,,R,L,R,AZ,MIL,B,,,0,0,2024,0.09,0.38,1.5625067427840384,1.246329080574886,,661388.0,,0,4,Top,,,,,,,11.2608848661891,-118.96563922785217,-5.012606226312465,-1.396745299660248,24.02093667073977,-27.68275524383273,3.55306871860152,1.71120570420554,,,,81.5,2004,6.2,747148,680728,572233,606466,553993,672695,656976,664983,682998,54.29,,,,,,,,32,1,Slider,0,9,9,0,9,0,9,0,Infield shade,Standard,230,0.0,0.038,,,,,-0.038,,-9,9,0.008,0.992,33,25,34,26,1,2,3.0,1.0,,1,3.04,-0.09,0.09,36.5,,,,,,batter
FF,2024-09-13,90.8,1.19,6.07,"Mitchell, Garrett",669003,593958,sac_bunt,hit_into_play,,,,,4,Garrett Mitchell hits a sacrifice bunt. Throwing error by pitcher Eduardo Rodriguez. Joey Ortiz to 2nd. Garrett Mitchell to 1st.,R,L,L,AZ,MIL,X,1.0,ground_ball,1,1,2024,0.67,1.42,-0.4487629142147317,2.3011706915432923,,,687401.0,1,5,Top,125.65,184.03,,,,,-5.553432652708135,-132.0828872642834,-6.6053031638864335,9.022020283030423,26.482855620153632,-14.288382672339912,3.47,1.62,1.0,51.1,-62.0,91.1,2267,6.4,747153,645444,572233,606466,553993,672695,656976,664983,682998,54.14,,,0.9,0.0,0.0,0.0,1.0,38,3,4-Seam Fastball,1,2,2,1,2,1,2,1,Standard,Standard,152,-0.041,0.103,,,,,-0.103,88.0,-1,1,0.362,0.638,31,25,31,26,3,2,6.0,1.0,5.0,1,1.33,0.67,0.67,40.7,,,,,,batter
FF,2024-09-13,91.9,1.51,5.93,"Mitchell, Garrett",669003,593958,,ball,,,,,7,,R,L,L,AZ,MIL,B,,,0,1,2024,0.75,1.34,-0.4136885633582116,1.532055179538176,,,687401.0,1,5,Top,,,,,,,-6.493280810882907,-133.50189653047445,-8.208865752965327,10.299772492513828,27.17634334138364,-14.542949431218783,3.06349498265554,1.46268075181769,,,,92.1,2433,6.4,747153,645444,572233,606466,553993,672695,656976,664983,682998,54.12,,,,,,,,38,2,4-Seam Fastball,1,2,2,1,2,1,2,1,Standard,Standard,149,-0.003,0.029,,,,,-0.029,,-1,1,0.365,0.635,31,25,31,26,3,2,6.0,1.0,5.0,1,1.35,0.75,0.75,38.9,,,,,,batter
FF,2024-09-13,90.8,1.48,5.9,"Mitchell, Garrett",669003,593958,,called_strike,,,,,6,,R,L,L,AZ,MIL,S,,,0,0,2024,0.74,1.46,0.6184451759433393,2.113755444244735,,,687401.0,1,5,Top,,,,,,,-3.7670252564647857,-132.05950453231074,-6.695760771518383,9.51337262572636,27.27814284591677,-13.901200411603105,2.98592757140979,1.48594017969942,,,,91.0,2284,6.4,747153,645444,572233,606466,553993,672695,656976,664983,682998,54.11,,,,,,,,38,1,4-Seam Fastball,1,2,2,1,2,1,2,1,Standard,Standard,150,0.005,-0.04,,,,,0.04,,-1,1,0.36,0.64,31,25,31,26,3,2,6.0,1.0,5.0,1,1.3,0.74,0.74,38.7,,,,,,batter
SL,2024-09-13,83.4,1.21,5.97,"Mitchell, Garrett",669003,593958,strikeout,called_strike,,,,,1,Garrett Mitchell called out on strikes.,R,L,L,AZ,MIL,S,2.0,,2,2,2024,-0.52,0.13,-0.4920652249975598,3.29650162261223,,,,1,3,Top,,,,,,,-2.909752248903375,-121.5398003181443,-0.0515545108191872,-4.664666468734975,21.177961294312567,-31.010116569811995,3.46999898422135,1.57701287371419,,,,84.2,2175,6.5,747153,645444,572233,606466,553993,672695,656976,664983,682998,54.01,,0.0,0.0,1.0,0.0,0.0,,21,5,Slider,1,0,0,1,0,1,0,1,Standard,Standard,247,0.016,-0.225,,,,,0.225,,1,-1,0.641,0.359,31,25,31,26,2,1,6.0,1.0,5.0,1,3.1,-0.52,-0.52,41.9,,,,,,batter
FF,2024-09-13,93.1,1.23,5.99,"Mitchell, Garrett",669003,593958,,ball,,,,,4,,R,L,L,AZ,MIL,B,,,1,2,2024,0.68,1.1,-0.7882402041813227,2.687665175215123,,,,1,3,Top,,,,,,,-6.699297255800861,-135.47364284143757,-5.16470235764856,9.86418161913297,28.624781326845525,-17.63904458094522,3.57985613534238,1.60784163548399,,,,93.5,2277,6.5,747153,645444,572233,606466,553993,672695,656976,664983,682998,54.03,,,,,,,,21,4,4-Seam Fastball,1,0,0,1,0,1,0,1,Standard,Standard,156,-0.003,0.043,,,,,-0.043,,1,-1,0.644,0.356,31,25,31,26,2,1,6.0,1.0,5.0,1,1.52,0.68,0.68,42.6,,,,,,batter
SI,2024-09-13,91.4,1.15,6.04,"Mitchell, Garrett",669003,593958,,ball,,,,,11,,R,L,L,AZ,MIL,B,,,0,2,2024,1.0,0.73,-0.9523655047294316,3.0815827840175936,,,694192.0,0,3,Top,,,,,,,-7.436150561172804,-132.961127692022,-3.193537553533876,13.37567735989615,26.20652588921756,-22.97446142633924,3.57201568401836,1.62115072668366,,,,91.6,2207,6.3,747153,645444,572233,606466,553993,672695,656976,664983,682998,54.23,,,,,,,,21,3,Sinker,1,0,0,1,0,1,0,1,Strategic,Standard,160,-0.004,0.033,,,,,-0.033,,1,-1,0.585,0.415,31,25,31,26,2,1,6.0,1.0,5.0,1,1.98,1.0,1.0,45.5,,,,,,batter
FF,2024-09-13,91.7,1.51,5.99,"Mitchell, Garrett",669003,593958,,foul_tip,,,,,2,,R,L,L,AZ,MIL,S,,,0,1,2024,0.39,1.14,-0.1303318953393313,3.541024088550188,,,694192.0,0,3,Top,,,,,,,-5.006181220815032,-133.60887674472144,-2.8306860710200863,5.741416715970511,27.10961637249604,-18.13012434352933,3.47,1.62,,,,91.9,2274,6.2,747153,645444,572233,606466,553993,672695,656976,664983,682998,54.27,,,,,,,,21,2,4-Seam Fastball,1,0,0,1,0,1,0,1,Standard,Standard,152,0.01,-0.048,71.8,5.7,,,0.048,,1,-1,0.575,0.425,31,25,31,26,2,1,6.0,1.0,5.0,1,1.56,0.39,0.39,40.2,-0.6597672619062019,42.45331856435956,25.871426427110443,40.19136913243962,10.774089329932334,batter
FC,2024-09-13,90.9,1.32,5.88,"Mitchell, Garrett",669003,593958,,called_strike,,,,,1,,R,L,L,AZ,MIL,S,,,0,0,2024,0.06,1.35,-0.4947041734813728,3.223950251135462,,,694192.0,0,3,Top,,,,,,,-4.676987492423161,-132.33928603876777,-3.669265147444052,1.6508858117405991,27.029974191992576,-15.707637577730427,3.51642675941753,1.62442572306153,,,,91.3,2179,6.4,747153,645444,572233,606466,553993,672695,656976,664983,682998,54.08,,,,,,,,21,1,Cutter,1,0,0,1,0,1,0,1,Strategic,Standard,149,0.006,-0.042,,,,,0.042,,1,-1,0.569,0.431,31,25,31,26,2,1,6.0,1.0,5.0,1,1.4,0.06,0.06,39.8,,,,,,batter
FF,2024-09-13,91.0,1.46,5.93,"Mitchell, Garrett",669003,593958,strikeout,swinging_strike,,,,,12,Garrett Mitchell strikes out swinging.,R,L,L,AZ,MIL,S,2.0,,1,2,2024,0.5,1.28,0.2501905919539089,4.0296320118448605,,694192.0,,0,1,Top,,,,,,,-4.105197649512887,-132.61906953294067,-1.67613872505645,6.729379515274037,25.6286249937291,-16.880818373481393,3.47,1.62,,,,91.3,2260,6.2,747153,645444,572233,606466,553993,672695,656976,664983,682998,54.31,,0.0,0.0,1.0,0.0,0.0,,2,4,4-Seam Fastball,0,0,0,0,0,0,0,0,Standard,Standard,153,0.028,-0.237,40.9,5.3,1.711437228,,0.237,,0,0,0.453,0.547,31,25,31,26,1,0,6.0,1.0,5.0,1,1.45,0.5,0.5,41.1,4.200357157233206,27.670096819695686,28.162961928166485,31.172299859749003,11.905710563200415,batter
SI,2024-09-13,91.8,1.47,5.92,"Mitchell, Garrett",669003,593958,,swinging_strike,,,,,14,,R,L,L,AZ,MIL,S,,,1,1,2024,1.48,0.61,0.8504432123448871,1.7844275780616996,,694192.0,,0,1,Top,,,,,,,-4.764163041335191,-133.52760427134672,-5.898270043113542,18.73525289915084,29.91577779367484,-23.81038209933228,3.47,1.62,,,,91.7,2110,6.3,747153,645444,572233,606466,553993,672695,656976,664983,682998,54.18,,,,,,,,2,3,Sinker,0,0,0,0,0,0,0,0,Standard,Standard,155,0.01,-0.073,74.4,6.7,2.54178948,,0.073,,0,0,0.443,0.557,31,25,31,26,1,0,6.0,1.0,5.0,1,2.11,1.48,1.48,41.2,-2.695041665899466,16.81164387097502,41.9584236091128,24.713292379286408,19.49769973737951,batter
FF,2024-09-13,92.8,1.38,5.88,"Mitchell, Garrett",669003,593958,,ball,,,,,13,,R,L,L,AZ,MIL,B,,,0,1,2024,0.55,1.14,-1.2256122027831664,1.4064598699732005,,694192.0,,0,1,Top,,,,,,,-7.856618098295597,-134.69522242815466,-8.14493584598014,8.34269820715027,28.803986541044736,-16.734928660686403,3.61158636951257,1.72263023653775,,,,92.9,2150,6.5,747153,645444,572233,606466,553993,672695,656976,664983,682998,54.03,,,,,,,,2,2,4-Seam Fastball,0,0,0,0,0,0,0,0,Standard,Standard,144,-0.004,0.036,,,,,-0.036,,0,0,0.447,0.553,31,25,31,26,1,0,6.0,1.0,5.0,1,1.52,0.55,0.55,40.0,,,,,,batter
FF,2024-09-13,91.6,1.52,5.95,"Mitchell, Garrett",669003,593958,,foul,,,,,5,,R,L,L,AZ,MIL,S,,,0,0,2024,0.49,1.22,0.1752465588572726,2.4599007257337924,,694192.0,,0,1,Top,,,,,,,-4.450040226393306,-133.24439957720918,-5.569390046742726,6.772263518194236,27.759211142526155,-16.6563418862597,3.47,1.62,276.0,90.9,20.0,91.5,2255,6.2,747153,645444,572233,606466,553993,672695,656976,664983,682998,54.31,,,,,,,,2,1,4-Seam Fastball,0,0,0,0,0,0,0,0,Standard,Standard,152,0.006,-0.035,67.8,6.1,,,0.035,90.9,0,0,0.441,0.559,31,25,31,26,1,0,6.0,1.0,5.0,1,1.49,0.49,0.49,43.6,-3.5780437983732054,30.01330664645221,36.397210112699696,34.63993862083413,15.531077449331294,batter
CH,2024-09-12,88.6,-1.09,6.32,"Mitchell, Garrett",669003,806185,field_out,hit_into_play,,,,,5,"Garrett Mitchell grounds out, second baseman Marco Luciano to first baseman LaMonte Wade Jr.",R,L,R,SF,MIL,X,4.0,ground_ball,2,2,2024,-0.88,-0.17,-0.1615813497421564,2.396316706434057,,,,1,4,Top,143.9,159.69,,,,,4.151119071862359,-129.09600217862413,-3.299080903957109,-10.736530186767885,22.15135959625502,-33.754170910151,3.42,1.61,7.0,98.9,-17.0,90.0,1498,6.7,745288,592200,664774,682617,656305,689172,671218,687529,573262,53.84,0.227,0.229,0.0,1.0,0.0,0.0,2.0,21,5,Changeup,0,0,0,0,0,0,0,0,Standard,Standard,262,0.017,-0.225,74.4,7.0,,0.234,0.225,98.9,0,0,0.53,0.47,22,25,23,26,2,1,8.0,1.0,6.0,1,3.03,0.88,-0.88,39.8,2.992432273444216,9.66315713005445,32.14483907929024,36.7079716223536,24.735443491826285,batter
FF,2024-09-12,97.1,-0.99,6.64,"Mitchell, Garrett",669003,806185,,ball,,,,,11,,R,L,R,SF,MIL,B,,,1,2,2024,-0.7,1.45,-0.9930744060513984,3.232734589993317,,,,1,4,Top,,,,,,,1.6182283810413634,-141.3545477666362,-6.977420484021418,-9.837640336791726,29.46889468170724,-11.323020190664726,3.46414174291773,1.63305265396274,,,,97.9,2431,6.5,745288,592200,664774,682617,656305,689172,671218,687529,573262,53.98,,,,,,,,21,4,4-Seam Fastball,0,0,0,0,0,0,0,0,Standard,Standard,220,-0.003,0.043,,,,,-0.043,,0,0,0.533,0.467,22,25,23,26,2,1,8.0,1.0,6.0,1,0.95,0.7,-0.7,43.2,,,,,,batter
FF,2024-09-12,97.2,-1.01,6.58,"Mitchell, Garrett",669003,806185,,swinging_strike,,,,,2,,R,L,R,SF,MIL,S,,,1,1,2024,-0.68,1.4,0.0611343886811681,3.3580966930665745,,,,1,4,Top,,,,,,,4.452584783422892,-141.4176833138636,-6.361438489341781,-10.166766062428271,30.957440797834185,-12.067900231306984,3.42,1.61,,,,97.7,2195,6.5,745288,592200,664774,682617,656305,689172,671218,687529,573262,54.0,,,,,,,,21,3,4-Seam Fastball,0,0,0,0,0,0,0,0,Standard,Standard,217,0.005,-0.061,76.3,6.3,1.282904364,,0.061,,0,0,0.528,0.472,22,25,23,26,2,1,8.0,1.0,6.0,1,1.0,0.68,-0.68,44.0,3.9573170838630176,22.774485779378526,32.114335975618985,32.855984088877825,19.59299961544985,batter
CH,2024-09-12,87.4,-1.34,6.28,"Mitchell, Garrett",669003,806185,,swinging_strike,,,,,8,,R,L,R,SF,MIL,S,,,1,0,2024,-1.07,-0.1,-0.0272142038298889,1.7491897173655566,,,,1,4,Top,,,,,,,5.408486880833812,-127.2533253077646,-4.675451780281289,-12.740835512849255,23.072388847367268,-32.59326384078127,3.42,1.61,,,,88.5,1339,6.7,745288,592200,664774,682617,656305,689172,671218,687529,573262,53.81,,,,,,,,21,2,Changeup,0,0,0,0,0,0,0,0,Standard,Standard,260,0.004,-0.051,77.7,8.3,0.9522444,,0.051,,0,0,0.524,0.476,22,25,23,26,2,1,8.0,1.0,6.0,1,3.05,1.07,-1.07,38.6,20.505565191556062,-20.78390778457165,33.24170689077587,35.31630660093485,45.01747278649384,batter
CH,2024-09-12,88.3,-1.31,6.44,"Mitchell, Garrett",669003,806185,,ball,,,,,11,,R,L,R,SF,MIL,B,,,0,0,2024,-0.98,0.05,-0.8991198893943367,5.210983454105308,,,,1,4,Top,,,,,,,3.036589474070389,-128.60333483373452,2.9395442368692013,-11.486756586715495,24.340182018046452,-32.35573388830423,3.49068530604966,1.56912387137926,,,,89.0,1375,6.5,745288,592200,664774,682617,656305,689172,671218,687529,573262,54.02,,,,,,,,21,1,Changeup,0,0,0,0,0,0,0,0,Standard,Standard,257,-0.003,0.039,,,,,-0.039,,0,0,0.527,0.473,22,25,23,26,2,1,8.0,1.0,6.0,1,2.85,0.98,-0.98,40.1,,,,,,batter
CH,2024-09-12,87.4,-1.76,6.06,"Mitchell, Garrett",669003,702352,field_out,hit_into_play,,,,,13,"Garrett Mitchell grounds out, shortstop Brett Wisely to first baseman Mark Canha.",R,L,R,SF,MIL,X,6.0,ground_ball,1,1,2024,-1.36,-0.2,-1.0697605602393483,2.068393976432501,,,,1,8,Top,133.26,149.05,,,,,4.414279182189362,-127.11757880874114,-2.945538690391693,-15.574378404296368,29.797938079512857,-33.87081784856334,3.42,1.61,6.0,68.6,-18.0,86.2,1601,5.9,745288,592200,592192,682617,656305,689172,671218,687529,573262,54.63,0.059,0.083,0.0,1.0,0.0,0.0,2.0,56,3,Changeup,0,3,3,0,3,0,3,0,Standard,Standard,244,0.006,-0.243,76.1,7.8,,0.066,0.243,88.0,-3,3,0.078,0.922,30,25,30,26,1,3,4.0,1.0,3.0,1,3.22,1.36,-1.36,34.7,16.593538081460974,5.380399176181699,28.8277919995497,48.03556230764808,31.87095891279958,batter
CH,2024-09-12,84.7,1.57,6.26,"Mitchell, Garrett",669003,669062,strikeout,swinging_strike,,,,,8,Garrett Mitchell strikes out swinging.,R,L,L,SF,MIL,S,2.0,,2,2,2024,1.25,0.34,-0.0525671501555402,2.1532878525030714,,,694192.0,1,6,Top,,,,,,,-6.312720404912553,-123.15434634936032,-3.865281452993445,14.038938455005804,26.93248781511201,-28.1035619031288,3.42,1.61,,,,84.6,1738,6.5,745288,592200,664774,682617,656305,689172,671218,687529,573262,54.01,,0.0,0.0,1.0,0.0,0.0,,39,5,Changeup,0,0,0,0,0,0,0,0,Standard,Standard,98,0.037,-0.229,78.3,7.8,1.301352324,,0.229,,0,0,0.503,0.497,26,25,26,26,1,2,4.0,1.0,2.0,1,2.87,1.25,1.25,27.0,17.59706037230414,-11.60789502443379,33.234405600903465,34.78029262704956,35.56468543862417,batter
CH,2024-09-12,88.1,-1.7,6.09,"Mitchell, Garrett",669003,702352,,swinging_strike,,,,,13,,R,L,R,SF,MIL,S,,,1,0,2024,-1.47,0.13,-1.377577939063217,1.7468074068681458,,,,1,8,Top,,,,,,,3.8203922396290144,-128.2399060000769,-4.694442730524687,-17.041318886762852,27.270746782467626,-29.984659433353183,3.42,1.61,,,,87.7,1570,6.1,745288,592200,592192,682617,656305,689172,671218,687529,573262,54.4,,,,,,,,56,2,Changeup,0,3,3,0,3,0,3,0,Standard,Standard,241,0.001,-0.051,78.5,7.9,3.634769652,,0.051,,-3,3,0.077,0.923,30,25,30,26,1,3,4.0,1.0,3.0,1,2.81,1.47,-1.47,32.0,14.929662203590777,0.4621773342865077,32.02935301880498,50.53894153778913,37.16245220271897,batter
ST,2024-09-12,80.0,-1.77,5.99,"Mitchell, Garrett",669003,702352,,ball,,,,,13,,R,L,R,SF,MIL,B,,,0,0,2024,1.2,0.49,-0.4342576477018045,1.5029753327388875,,,,1,8,Top,,,,,,,0.6775546540608408,-116.4563045083282,-4.067471603339993,10.739972838358478,23.297541902733595,-27.12829705805484,3.53858475054376,1.73084621879762,,,,79.5,2128,6.1,745288,592200,592192,682617,656305,689172,671218,687529,573262,54.41,,,,,,,,56,1,Sweeper,0,3,3,0,3,0,3,0,Standard,Standard,74,-0.001,0.039,,,,,-0.039,,-3,3,0.078,0.922,30,25,30,26,1,3,4.0,1.0,3.0,1,3.09,-1.2,1.2,31.0,,,,,,batter
FF,2024-09-12,95.4,-1.25,6.52,"Mitchell, Garrett",669003,806185,field_out,hit_into_play,,,,,5,Garrett Mitchell lines out sharply to left fielder Heliot Ramos.,R,L,R,SF,MIL,X,7.0,line_drive,3,1,2024,-0.71,1.41,-0.2544481659458115,2.3959927820747846,,,,1,1,Top,52.91,100.04,,,,,4.242370891958746,-138.74368557580738,-8.444152898800073,-10.089995791425409,30.45475135151041,-12.321207895803033,3.42,1.61,304.0,102.6,17.0,96.1,2128,6.7,745288,592200,664774,689172,656305,666149,671218,687529,573262,53.8,0.463,0.513,0.0,1.0,0.0,0.0,5.0,2,5,4-Seam Fastball,0,0,0,0,0,0,0,0,Standard,Standard,213,0.026,-0.424,73.4,6.6,,0.78,0.424,102.6,0,0,0.512,0.488,22,25,23,26,1,0,8.0,1.0,6.0,1,1.1,0.71,-0.71,43.8,1.0476583566797055,21.25757852039691,33.43950342105529,38.11766596318141,20.561348928081028,batter
FF,2024-09-12,93.6,0.83,6.8,"Mitchell, Garrett",669003,669062,,called_strike,,,,,7,,R,L,L,SF,MIL,S,,,2,1,2024,0.73,1.1,-0.4593244087370064,2.030099387923128,,,694192.0,1,6,Top,,,,,,,-4.95462101414713,-136.0234192406105,-9.060235582080043,10.154711234185536,28.12546712797754,-16.74027078522752,3.64496634729426,1.66367133409691,,,,94.2,2192,6.6,745288,592200,664774,682617,656305,689172,671218,687529,573262,53.92,,,,,,,,39,4,4-Seam Fastball,0,0,0,0,0,0,0,0,Standard,Standard,137,0.011,-0.057,,,,,0.057,,0,0,0.492,0.508,26,25,26,26,1,2,4.0,1.0,2.0,1,1.5,0.73,0.73,43.0,,,,,,batter
CH,2024-09-12,87.2,-1.22,6.3,"Mitchell, Garrett",669003,806185,,ball,,,,,14,,R,L,R,SF,MIL,B,,,2,1,2024,-0.76,-0.2,0.6241254685151492,0.3791468645944356,,,,1,1,Top,,,,,,,6.044546067870869,-126.8143360684576,-7.777180448320713,-9.336195957249126,23.487485956153872,-33.02479166622067,3.56136975926221,1.64600421645845,,,,88.3,1306,6.8,745288,592200,664774,689172,656305,666149,671218,687529,573262,53.71,,,,,,,,2,4,Changeup,0,0,0,0,0,0,0,0,Standard,Standard,265,-0.008,0.122,,,,,-0.122,,0,0,0.52,0.48,22,25,23,26,1,0,8.0,1.0,6.0,1,3.17,0.76,-0.76,40.6,,,,,,batter
CH,2024-09-12,83.3,1.47,6.2,"Mitchell, Garrett",669003,669062,,swinging_strike,,,,,7,,R,L,L,SF,MIL,S,,,2,0,2024,1.02,0.03,-0.4099934024474028,2.0529422573731413,,,694192.0,1,6,Top,,,,,,,-6.328864642382561,-121.15093758408624,-3.153071223827392,11.214081310105865,22.608698061706583,-31.50840991926252,3.42,1.61,,,,83.7,1621,6.5,745288,592200,664774,682617,656305,689172,671218,687529,573262,53.99,,,,,,,,39,3,Changeup,0,0,0,0,0,0,0,0,Standard,Standard,100,0.011,-0.057,76.7,8.4,3.698905548,,0.057,,0,0,0.481,0.519,26,25,26,26,1,2,4.0,1.0,2.0,1,3.25,1.02,1.02,23.5,21.517221213097365,-24.505419377351306,30.199814772594507,39.19327490387953,46.27416407351349,batter
FF,2024-09-12,95.1,-1.15,6.55,"Mitchell, Garrett",669003,806185,,foul,,,,,1,,R,L,R,SF,MIL,S,,,2,0,2024,-0.59,1.34,-0.3070904453455038,3.108448267999208,,,,1,1,Top,,,,,,,3.5515790051319804,-138.50914374345183,-6.453822370283964,-8.403931574131743,28.59251391406454,-13.707551574807852,3.42,1.61,211.0,78.8,21.0,96.1,2130,6.6,745288,592200,664774,689172,656305,666149,671218,687529,573262,53.87,,,,,,,,2,3,4-Seam Fastball,0,0,0,0,0,0,0,0,Standard,Standard,212,0.005,-0.065,77.2,6.6,,,0.065,88.0,0,0,0.515,0.485,22,25,23,26,1,0,8.0,1.0,6.0,1,1.16,0.59,-0.59,45.6,6.083830457173334,22.03772137570281,29.971688000747008,39.858362172651695,23.963314157770075,batter
ST,2024-09-12,81.9,1.06,6.63,"Mitchell, Garrett",669003,669062,,ball,,,,,12,,R,L,L,SF,MIL,B,,,1,0,2024,-0.44,0.14,0.7273495606782561,3.7746086988962135,,,694192.0,1,6,Top,,,,,,,0.0968135910197829,-119.46118316481832,-0.2756225016767198,-4.245157738303533,19.915641956171086,-30.94316776976878,3.58387298028471,1.54886791034412,,,,82.6,2607,6.3,745288,592200,664774,682617,656305,689172,671218,687529,573262,54.19,,,,,,,,39,2,Sweeper,0,0,0,0,0,0,0,0,Standard,Standard,291,-0.011,0.056,,,,,-0.056,,0,0,0.492,0.508,26,25,26,26,1,2,4.0,1.0,2.0,1,3.2,-0.44,-0.44,40.8,,,,,,batter
FF,2024-09-12,93.2,0.71,6.81,"Mitchell, Garrett",669003,669062,,ball,,,,,9,,R,L,L,SF,MIL,B,,,0,0,2024,0.63,1.07,0.5879265568689135,1.8274658862625357,,,694192.0,1,6,Top,,,,,,,-1.6984387886832109,-135.50040521127232,-9.404226912168523,8.172793468792296,29.209792067065376,-17.20056165749315,3.67091680272791,1.76994483091392,,,,93.6,1999,6.5,745288,592200,664774,682617,656305,689172,671218,687529,573262,53.98,,,,,,,,39,1,4-Seam Fastball,0,0,0,0,0,0,0,0,Standard,Standard,138,-0.005,0.036,,,,,-0.036,,0,0,0.497,0.503,26,25,26,26,1,2,4.0,1.0,2.0,1,1.56,0.63,0.63,47.8,,,,,,batter
CH,2024-09-12,87.4,-1.31,6.36,"Mitchell, Garrett",669003,806185,,ball,,,,,12,,R,L,R,SF,MIL,B,,,1,0,2024,-0.76,0.02,0.178389432620071,3.8721359179881247,,,,1,1,Top,,,,,,,5.212441924232443,-127.37337589968756,0.0126691057058787,-9.305732469779167,22.172052168502614,-32.174549456274725,3.52387574761777,1.6366602700741,,,,88.8,1390,6.8,745288,592200,664774,689172,656305,666149,671218,687529,573262,53.75,,,,,,,,2,2,Changeup,0,0,0,0,0,0,0,0,Standard,Standard,254,-0.005,0.072,,,,,-0.072,,0,0,0.52,0.48,22,25,23,26,1,0,8.0,1.0,6.0,1,2.92,0.76,-0.76,41.2,,,,,,batter
CU,2024-09-12,78.0,-1.15,6.5,"Mitchell, Garrett",669003,806185,,ball,,,,,13,,R,L,R,SF,MIL,B,,,0,0,2024,0.39,-1.2,-1.16608296674584,0.8011481246701528,,,,1,1,Top,,,,,,,-0.7695998836925957,-113.59856425053924,-3.122192076212525,3.5210940604348044,22.33027925550857,-42.16349404604306,3.53795392695577,1.62229546463834,,,,78.3,2680,6.6,745288,592200,664774,689172,656305,666149,671218,687529,573262,53.86,,,,,,,,2,1,Curveball,0,0,0,0,0,0,0,0,Standard,Standard,33,-0.002,0.039,,,,,-0.039,,0,0,0.522,0.478,22,25,23,26,1,0,8.0,1.0,6.0,1,4.97,-0.39,0.39,47.0,,,,,,batter
CU,2024-09-11,81.8,1.7,6.67,"Mitchell, Garrett",669003,605483,double,hit_into_play,,,,,8,Garrett Mitchell doubles (10) on a sharp fly ball to center fielder Grant McCray.,R,L,L,SF,MIL,X,8.0,fly_ball,1,2,2024,-1.16,-0.47,-0.1975314499649748,1.8353673711444085,,,,1,5,Top,117.17,43.28,,,,,-2.04803343290123,-119.09257377554432,-3.446609456501428,-10.68594420619208,22.854525674172223,-36.22512501296033,3.43,1.62,385.0,102.5,23.0,82.7,2460,6.8,745285,672275,664774,689172,656305,666149,671218,687529,573262,53.65,0.543,0.939409090909091,1.25,1.0,1.0,1.0,6.0,42,4,Curveball,10,1,1,10,1,10,1,10,Standard,Standard,331,-0.003,0.731,76.4,7.7,,1.782,-0.731,102.5,9,-9,0.995,0.005,31,25,32,26,3,0,6.0,1.0,6.0,1,3.88,-1.16,-1.16,60.7,11.298017606348257,-2.857108044366845,36.55880240138748,37.04430107082549,33.58578916003639,batter
FF,2024-09-11,95.1,1.67,6.66,"Mitchell, Garrett",669003,605483,,called_strike,,,,,4,,R,L,L,SF,MIL,S,,,1,1,2024,0.24,1.62,-0.4408831136577325,2.6903964178860607,,,,1,5,Top,,,,,,,-6.136411292895752,-138.13515959129873,-8.457890555389938,4.417581406167043,30.97265256513864,-9.714460418550749,3.5550285829457,1.61324147014218,,,,96.1,2323,7.0,745285,672275,664774,689172,656305,666149,671218,687529,573262,53.51,,,,,,,,42,3,4-Seam Fastball,10,1,1,10,1,10,1,10,Standard,Standard,158,0.0,-0.061,,,,,0.061,,9,-9,0.995,0.005,31,25,32,26,3,0,6.0,1.0,6.0,1,0.91,0.24,0.24,57.1,,,,,,batter
FF,2024-09-11,95.3,1.78,6.67,"Mitchell, Garrett",669003,605483,,swinging_strike,,,,,12,,R,L,L,SF,MIL,S,,,1,0,2024,0.45,1.46,0.1857353915620353,3.50538965955104,,,,1,5,Top,,,,,,,-5.27190442218781,-138.6576639375291,-6.066131952756385,6.956338549207255,28.67265666123204,-12.153057242062326,3.3,1.56,,,,96.6,2408,6.9,745285,672275,664774,689172,656305,666149,671218,687529,573262,53.64,,,,,,,,42,2,4-Seam Fastball,10,1,1,10,1,10,1,10,Standard,Standard,156,0.0,-0.051,79.3,6.9,0.355619448,,0.051,,9,-9,0.995,0.005,31,25,32,26,3,0,6.0,1.0,6.0,1,1.03,0.45,0.45,56.6,13.809217828124838,9.724658032614917,27.43365785893794,34.63535343328527,23.10649788704053,batter
FF,2024-09-11,96.1,1.69,6.69,"Mitchell, Garrett",669003,605483,,ball,,,,,13,,R,L,L,SF,MIL,B,,,0,0,2024,0.26,1.32,-1.6467431443996874,1.9656044942484447,,,,1,5,Top,,,,,,,-9.537191283744,-139.3888920458882,-10.006449444535408,5.468772545857738,29.45439083486679,-12.90843286611239,3.58352708168442,1.61987469120227,,,,97.3,2369,7.0,745285,672275,664774,689172,656305,666149,671218,687529,573262,53.48,,,,,,,,42,1,4-Seam Fastball,10,1,1,10,1,10,1,10,Standard,Standard,159,0.0,0.039,,,,,-0.039,,9,-9,0.995,0.005,31,25,32,26,3,0,6.0,1.0,6.0,1,1.16,0.26,0.26,60.1,,,,,,batter
ST,2024-09-11,80.1,-2.06,5.35,"Mitchell, Garrett",669003,681810,double,hit_into_play,,,,,6,"Garrett Mitchell doubles (11) on a ground ball to right fielder Luis Matos, deflected by first baseman LaMonte Wade Jr.",R,L,R,SF,MIL,X,3.0,ground_ball,0,0,2024,1.28,0.0,0.507764202393288,2.4988013699253404,,,,0,7,Top,158.0,155.09,,,,,3.27324672916122,-116.74289041320594,0.3540212035167236,11.20654305735578,20.71578329355432,-32.41188590957947,3.43,1.62,20.0,83.5,-6.0,81.0,2666,6.7,745285,672275,664774,682617,689172,666149,671218,687529,682641,53.82,0.166,0.149,1.25,1.0,1.0,1.0,2.0,62,1,Sweeper,11,1,1,11,1,11,1,11,Standard,Standard,50,-0.001,0.693,80.1,7.4,,0.234,-0.693,88.0,10,-10,0.999,0.001,28,25,28,26,1,1,5.0,1.0,2.0,1,3.52,-1.28,1.28,34.1,10.624801294703875,2.665023111539536,32.88850343306129,29.158706449739547,34.15202527318287,batter
SI,2024-09-11,93.9,-1.27,6.6,"Mitchell, Garrett",669003,663546,strikeout,called_strike,,,,,2,Garrett Mitchell called out on strikes.,R,L,R,SF,MIL,S,2.0,,2,2,2024,-1.14,0.3,0.0865080001161511,3.42697917677279,,,,0,9,Top,,,,,,,6.078784301037429,-136.65403651718518,-3.213381337747552,-15.603336564298656,28.233551655571237,-27.892722068869773,3.4408849570282,1.59061183919042,,,,94.6,2177,6.6,745285,672275,664774,682617,689172,666149,671218,687529,682641,53.92,,0.0,0.0,1.0,0.0,0.0,,80,5,Sinker,13,2,2,13,2,13,2,13,Strategic,Standard,229,0.0,-0.227,,,,,0.227,,11,-11,0.999,0.001,27,25,27,26,1,2,1.0,1.0,3.0,1,2.27,1.14,-1.14,32.4,,,,,,batter
SI,2024-09-11,93.5,-1.42,6.53,"Mitchell, Garrett",669003,663546,,swinging_strike,,,,,1,,R,L,R,SF,MIL,S,,,2,1,2024,-1.16,0.28,-0.576120020927694,3.219162409443189,,,,0,9,Top,,,,,,,4.7817901661180295,-136.18088157143615,-3.450506447853809,-15.47207580385325,28.82424456317498,-28.16256040954501,3.43,1.62,,,,94.6,2180,6.8,745285,672275,664774,682617,689172,666149,671218,687529,682641,53.7,,,,,,,,80,4,Sinker,13,2,2,13,2,13,2,13,Strategic,Standard,232,0.0,-0.069,75.5,6.3,0.16952382,,0.069,,11,-11,0.999,0.001,27,25,27,26,1,2,1.0,1.0,3.0,1,2.32,1.16,-1.16,27.7,2.742478051796434,26.845609801861556,28.05473352179006,42.7162061411228,14.621569996808926,batter
FC,2024-09-11,89.5,-1.33,6.73,"Mitchell, Garrett",669003,663546,,ball,,,,,12,,R,L,R,SF,MIL,B,,,1,1,2024,-0.07,0.52,0.2044015398541961,4.307384118872638,,,,0,9,Top,,,,,,,3.9325574389017257,-130.40571218400996,-1.1411977770998385,-1.4952084612672671,24.37032212594086,-26.18187564165973,3.52651508472076,1.67836232916653,,,,90.3,2200,6.5,745285,672275,664774,682617,689172,666149,671218,687529,682641,54.05,,,,,,,,80,3,Cutter,13,2,2,13,2,13,2,13,Standard,Standard,207,0.0,0.053,,,,,-0.053,,11,-11,0.999,0.001,27,25,27,26,1,2,1.0,1.0,3.0,1,2.29,0.07,-0.07,33.2,,,,,,batter
FC,2024-09-11,90.3,-1.46,6.53,"Mitchell, Garrett",669003,663546,,ball,,,,,11,,R,L,R,SF,MIL,B,,,0,1,2024,-0.47,0.5,-0.4123588704694222,3.961437244554305,,,,0,9,Top,,,,,,,3.636623505555617,-131.56099140894798,-1.5705817288069106,-6.215134444936536,25.59991532682918,-26.196955553378316,3.49798662327782,1.70758701555969,,,,91.2,2111,6.6,745285,672275,664774,682617,689172,666149,671218,687529,682641,53.93,,,,,,,,80,2,Cutter,13,2,2,13,2,13,2,13,Standard,Standard,215,0.0,0.025,,,,,-0.025,,11,-11,0.999,0.001,27,25,27,26,1,2,1.0,1.0,3.0,1,2.27,0.47,-0.47,28.9,,,,,,batter
SI,2024-09-11,92.5,-1.5,6.6,"Mitchell, Garrett",669003,663546,,called_strike,,,,,5,,R,L,R,SF,MIL,S,,,0,0,2024,-1.27,0.53,-0.0179413356238777,2.22110881687826,,,,0,9,Top,,,,,,,6.583087534202802,-134.5838249643632,-6.607945740045979,-16.80475385422213,26.900563507880868,-24.560466424717596,3.49798662327782,1.61324147014218,,,,93.5,2058,6.7,745285,672275,664774,682617,689172,666149,671218,687529,682641,53.8,,,,,,,,80,1,Sinker,13,2,2,13,2,13,2,13,Standard,Standard,226,0.0,-0.037,,,,,0.037,,11,-11,0.999,0.001,27,25,27,26,1,2,1.0,1.0,3.0,1,2.12,1.27,-1.27,29.2,,,,,,batter
CU,2024-09-10,77.3,-2.55,5.53,"Mitchell, Garrett",669003,694738,field_out,hit_into_play,,,,,4,Garrett Mitchell pops out to third baseman Matt Chapman.,R,L,R,SF,MIL,X,5.0,popup,1,0,2024,1.43,-0.72,-0.4666348198880552,2.211881129697713,,,,1,3,Top,111.69,157.99,,,,,1.8309271740239708,-112.5244680563116,1.2441389592854213,11.709845555138704,22.48321866703705,-38.70265198016619,3.44,1.61,114.0,77.1,69.0,76.7,3010,6.1,745291,672275,664774,682617,656305,666149,624424,687529,573262,54.41,0.003,0.002,0.0,1.0,0.0,0.0,3.0,19,2,Curveball,1,2,2,1,2,1,2,1,Standard,Standard,56,0.018,-0.295,75.2,8.0,,0.004,0.295,88.0,-1,1,0.408,0.592,25,25,26,26,2,1,5.0,3.0,5.0,1,4.56,-1.43,1.43,30.6,14.68579767947386,-7.359136993439021,31.660705061887057,41.9892141338909,42.69517863056736,batter
CU,2024-09-10,78.3,-2.76,5.5,"Mitchell, Garrett",669003,694738,,ball,,,,,13,,R,L,R,SF,MIL,B,,,0,0,2024,1.38,-0.74,-1.7198754528362885,2.156315737324447,,,,1,3,Top,,,,,,,-0.3098389740369071,-113.93697301462788,1.0664647761049022,12.016825574418869,23.145373079994325,-39.03191800319853,3.17676280019761,1.46361123220974,,,,77.4,3014,5.9,745291,672275,664774,682617,656305,666149,624424,687529,573262,54.6,,,,,,,,19,1,Curveball,1,2,2,1,2,1,2,1,Standard,Standard,60,-0.002,0.039,,,,,-0.039,,-1,1,0.41,0.59,25,25,26,26,2,1,5.0,3.0,5.0,1,4.49,-1.38,1.38,25.3,,,,,,batter
SI,2024-09-10,93.9,-1.61,6.57,"Mitchell, Garrett",669003,663546,field_out,hit_into_play,,,,,5,"Garrett Mitchell grounds out, third baseman Matt Chapman to first baseman Mark Canha.",R,L,R,SF,MIL,X,5.0,ground_ball,0,0,2024,-1.43,0.15,-0.1139138636155236,2.441653579297592,,,,1,8,Top,116.59,170.31,,,,,7.06226978634993,-136.45676965456693,-5.312638921617878,-19.366595858739288,30.117884492339236,-29.315056702009315,3.44,1.61,2.0,82.2,-43.0,94.4,2245,6.6,745291,672275,592192,682617,656305,666149,624424,687529,573262,53.86,0.093,0.125,0.0,1.0,0.0,0.0,2.0,54,1,Sinker,2,3,3,2,3,2,3,2,Standard,Standard,211,0.018,-0.256,75.1,6.3,,0.1,0.256,88.0,-1,1,0.278,0.722,27,25,27,26,1,3,4.0,3.0,1.0,1,2.44,1.43,-1.43,28.5,-8.624289113527931,23.32617043155629,36.15162744505686,37.61031310862359,15.155581865999649,batter
CU,2024-09-10,78.9,-3.02,5.45,"Mitchell, Garrett",669003,694738,field_out,hit_into_play,,,,,4,Garrett Mitchell flies out to left fielder Michael Conforto.,R,L,R,SF,MIL,X,7.0,fly_ball,1,2,2024,1.39,-0.56,-0.4765029328226433,2.274020945274593,,694192.0,,0,1,Top,90.42,110.15,,,,,2.957582063906987,-114.87600251506667,1.0007310864046666,11.602944904423843,23.44438308088552,-37.51657544792572,3.44,1.61,240.0,85.9,48.0,78.7,2961,6.4,745291,672275,664774,682617,656305,666149,624424,687529,573262,54.14,0.005,0.005,0.0,1.0,0.0,0.0,3.0,2,4,Curveball,0,0,0,0,0,0,0,0,Standard,Standard,57,0.028,-0.194,73.0,8.1,,0.005,0.194,88.0,0,0,0.453,0.547,25,25,26,26,1,0,5.0,3.0,5.0,1,4.25,-1.39,1.39,25.8,17.273570126592652,-9.393662115033903,36.17072328828457,42.281685001904165,34.48467564293033,batter
CH,2024-09-10,88.8,-2.89,5.24,"Mitchell, Garrett",669003,694738,,called_strike,,,,,9,,R,L,R,SF,MIL,S,,,1,1,2024,-1.43,-0.24,0.6799963130567748,1.9114665560691204,,694192.0,,0,1,Top,,,,,,,11.793752567804004,-128.78074721141363,-1.5249772098729082,-18.382261526186337,27.5594500727321,-34.77658718411062,3.48975852588011,1.67236857941181,,,,89.1,1887,6.7,745291,672275,664774,682617,656305,666149,624424,687529,573262,53.8,,,,,,,,2,3,Changeup,0,0,0,0,0,0,0,0,Standard,Standard,258,0.01,-0.073,,,,,0.073,,0,0,0.443,0.557,25,25,26,26,1,0,5.0,3.0,5.0,1,3.16,1.43,-1.43,20.4,,,,,,batter
CH,2024-09-10,87.7,-3.0,5.31,"Mitchell, Garrett",669003,694738,,ball,,,,,13,,R,L,R,SF,MIL,B,,,0,1,2024,-1.26,-0.07,-1.5184876609244111,1.984967856878052,,694192.0,,0,1,Top,,,,,,,6.2290208809038985,-127.72267555207743,-1.8164112268592023,-15.008875433203062,24.64874510013784,-32.75688811310827,3.06645579072973,1.31715624824992,,,,88.5,1596,6.6,745291,672275,664774,682617,656305,666149,624424,687529,573262,53.9,,,,,,,,2,2,Changeup,0,0,0,0,0,0,0,0,Standard,Standard,264,-0.004,0.036,,,,,-0.036,,0,0,0.447,0.553,25,25,26,26,1,0,5.0,3.0,5.0,1,3.01,1.26,-1.26,15.8,,,,,,batter
SI,2024-09-10,94.3,-2.72,5.33,"Mitchell, Garrett",669003,694738,,called_strike,,,,,1,,R,L,R,SF,MIL,S,,,0,0,2024,-1.39,0.13,-0.5079041154940538,3.319202699402953,,694192.0,,0,1,Top,,,,,,,8.862433743739928,-137.13481857073492,0.1563606216667605,-19.424224392066407,28.06110621861322,-30.785174905598065,3.46010721895976,1.58943424436192,,,,94.9,2013,6.5,745291,672275,664774,682617,656305,666149,624424,687529,573262,54.02,,,,,,,,2,1,Sinker,0,0,0,0,0,0,0,0,Standard,Standard,243,0.006,-0.035,,,,,0.035,,0,0,0.441,0.559,25,25,26,26,1,0,5.0,3.0,5.0,1,2.42,1.39,-1.39,24.2,,,,,,batter
CU,2024-09-10,77.1,-2.76,6.05,"Mitchell, Garrett",669003,663941,home_run,hit_into_play,,,,,5,Garrett Mitchell homers (5) on a fly ball to center field.,R,L,R,SF,MIL,X,,fly_ball,0,0,2024,0.73,-1.16,-0.2012875878908961,2.336255766000153,,,,0,6,Top,118.49,33.19,,,,,4.157722270840767,-112.20798808143944,1.3064244383293988,5.275236680566532,22.727447539032138,-42.39703837314404,3.44,1.61,411.0,109.7,21.0,77.6,2103,6.9,745291,672275,664774,682617,656305,666149,624424,687529,573262,53.56,0.874,1.6318275862068965,2.0,1.0,0.0,3.0,6.0,38,1,Curveball,1,2,2,1,3,1,3,1,Standard,Standard,27,-0.119,1.114,79.5,7.6,,3.137,-1.114,109.7,-1,1,0.34,0.66,28,25,28,26,1,2,7.0,3.0,3.0,1,5.03,-0.73,0.73,51.2,10.800226766245082,3.096394980698749,35.21119733554416,38.384909277482585,35.61032274604433,batter
SL,2024-09-07,88.4,-2.85,5.45,"Mitchell, Garrett",669003,676105,strikeout,called_strike,,,,,8,Garrett Mitchell called out on strikes. Willy Adames steals (18) 2nd base.,R,L,R,MIL,COL,S,2.0,,2,2,2024,0.07,0.6,-0.01287788475795,1.6830608396901252,,,642715.0,0,8,Bot,,,,,,,6.791416120168956,-128.69690523738535,-4.43497468026817,-0.5634209660899702,24.684994841357717,-24.741275239095224,3.41358309994881,1.65546407259727,,,,88.9,2331,6.4,745942,691011,669911,663898,641857,678662,666134,656541,696100,54.1,,0.0,0.0,1.0,0.0,0.0,,63,5,Slider,5,2,5,2,2,5,5,2,Infield shade,Standard,234,-0.001,-0.228,,,,,0.228,,3,3,0.976,0.976,25,25,25,26,1,0,4.0,1.0,8.0,3,2.29,-0.07,0.07,39.7,,,,,,batter
FF,2024-09-07,95.6,-3.17,5.36,"Mitchell, Garrett",669003,676105,,ball,,,,,11,,R,L,R,MIL,COL,B,,,1,2,2024,-0.96,1.0,-0.7679422175501122,3.9087016409852975,,,642715.0,0,8,Bot,,,,,,,8.475346732198009,-139.0678975213838,-0.4482140677998572,-14.288637833304124,30.702164395142063,-19.30071461085,3.41358309994881,1.68494143282438,,,,95.7,2246,6.3,745942,691011,669911,663898,641857,678662,666134,656541,696100,54.16,,,,,,,,63,4,4-Seam Fastball,5,2,5,2,2,5,5,2,Infield shade,Standard,227,0.0,0.045,,,,,-0.045,,3,3,0.976,0.976,25,25,25,26,1,0,4.0,1.0,8.0,3,1.49,0.96,-0.96,32.9,,,,,,batter
CH,2024-09-07,86.5,-3.01,5.46,"Mitchell, Garrett",669003,676105,,ball,,,,,13,,R,L,R,MIL,COL,B,,,0,2,2024,-1.4,0.52,-1.955869841515552,1.4131798509318385,,,642715.0,0,8,Bot,,,,,,,5.374659103978499,-125.88930906606508,-4.51963444066516,-16.015865554593397,25.59592318206385,-25.901775837642024,3.43678826619843,1.69968214976041,,,,86.7,2077,6.4,745942,691011,669911,663898,641857,678662,666134,656541,696100,54.11,,,,,,,,63,3,Changeup,5,2,5,2,2,5,5,2,Infield shade,Standard,252,0.001,0.033,,,,,-0.033,,3,3,0.975,0.975,25,25,25,26,1,0,4.0,1.0,8.0,3,2.52,1.4,-1.4,36.4,,,,,,batter
CH,2024-09-07,87.4,-3.07,5.4,"Mitchell, Garrett",669003,676105,,swinging_strike,,,,,13,,R,L,R,MIL,COL,S,,,0,1,2024,-1.46,0.45,-0.8178811355755906,1.449076322934958,,,642715.0,0,8,Bot,,,,,,,8.448431507344628,-126.95087794346958,-4.282324430886986,-17.57398696951445,26.15231550724208,-26.61571891854153,3.42,1.59,,,,87.4,2129,6.4,745942,691011,669911,663898,641857,678662,666134,656541,696100,54.12,,,,,,,,63,2,Changeup,5,2,5,2,2,5,5,2,Standard,Standard,253,-0.001,-0.048,78.8,8.2,1.637243964,,0.048,,3,3,0.976,0.976,25,25,25,26,1,0,4.0,1.0,8.0,3,2.55,1.46,-1.46,35.2,17.158717044174058,-8.34759978226529,32.6549246149918,45.55868155996251,40.00580562532291,batter
FF,2024-09-07,96.3,-3.08,5.23,"Mitchell, Garrett",669003,676105,,called_strike,,,,,4,,R,L,R,MIL,COL,S,,,0,0,2024,-0.99,1.13,-0.6783046088971477,2.6893498934442093,,,642715.0,0,8,Bot,,,,,,,8.647912246301784,-139.94898105946626,-3.735198723504581,-14.98861404268199,31.53003356342248,-16.65639794951651,3.55580299581276,1.69968214976041,,,,96.5,2231,6.5,745942,691011,669911,663898,641857,678662,666134,656541,696100,54.04,,,,,,,,63,1,4-Seam Fastball,5,2,5,2,2,5,5,2,Standard,Standard,227,-0.001,-0.042,,,,,0.042,,3,3,0.977,0.977,25,25,25,26,1,0,4.0,1.0,8.0,3,1.33,0.99,-0.99,29.2,,,,,,batter
FF,2024-09-06,95.6,-1.4,5.35,"Mitchell, Garrett",669003,663372,strikeout,called_strike,,,,,7,Garrett Mitchell called out on strikes.,R,L,R,MIL,COL,S,2.0,,2,2,2024,-0.82,1.51,-0.2873747219009492,1.5640683235255928,,,,1,6,Bot,,,,,,,4.781798139587037,-138.86892321804785,-7.709270774784792,-11.735630188976591,33.38086209911221,-11.140390620516452,3.51116155985088,1.62599213581223,,,,95.4,2450,6.5,745941,607732,669911,668845,641857,678662,656541,686668,687597,54.04,,0.0,0.0,1.0,0.0,0.0,,45,5,4-Seam Fastball,1,3,1,3,3,1,1,3,Infield shade,Standard,217,-0.021,-0.225,,,,,0.225,,-2,-2,0.221,0.221,27,25,28,26,3,2,6.0,2.0,6.0,1,1.01,0.82,-0.82,39.4,,,,,,batter
FF,2024-09-06,95.4,-1.07,5.37,"Mitchell, Garrett",669003,663372,,ball,,,,,14,,R,L,R,MIL,COL,B,,,1,2,2024,-0.77,1.46,1.7708561554480582,1.1199468219990123,,,,1,6,Bot,,,,,,,9.217860850771263,-138.34911152879903,-8.76360152226722,-12.018343298782368,32.565290350399245,-11.589828471309351,3.51116155985088,1.59652561270956,,,,95.2,2459,6.5,745941,607732,669911,668845,641857,678662,656541,686668,687597,54.01,,,,,,,,45,4,4-Seam Fastball,1,3,1,3,3,1,1,3,Infield shade,Standard,218,0.004,0.043,,,,,-0.043,,-2,-2,0.217,0.217,27,25,28,26,3,2,6.0,2.0,6.0,1,1.07,0.77,-0.77,40.3,,,,,,batter
FF,2024-09-06,94.6,-1.35,5.35,"Mitchell, Garrett",669003,663372,,called_strike,,,,,9,,R,L,R,MIL,COL,S,,,1,1,2024,-0.71,1.53,0.614162104011301,2.281003298619574,,,,1,6,Bot,,,,,,,6.718939952635752,-137.50066440899948,-5.686321141091063,-10.556252293705803,33.201856156708,-11.7626180639558,3.60045755047826,1.71442422618646,,,,94.5,2378,6.5,745941,607732,669911,668845,641857,678662,656541,686668,687597,54.02,,,,,,,,45,3,4-Seam Fastball,1,3,1,3,3,1,1,3,Standard,Standard,215,-0.007,-0.061,,,,,0.061,,-2,-2,0.224,0.224,27,25,28,26,3,2,6.0,2.0,6.0,1,1.04,0.71,-0.71,41.2,,,,,,batter
FF,2024-09-06,94.9,-1.29,5.42,"Mitchell, Garrett",669003,663372,,foul_tip,,,,,5,,R,L,R,MIL,COL,S,,,1,0,2024,-0.7,1.48,0.2097385718395585,2.7396434244495107,,,,1,6,Bot,,,,,,,5.4880673970837375,-138.03313610024094,-4.656630976075027,-10.152011493815618,32.54267619311416,-12.404624911235434,3.42,1.59,,,,94.9,2340,6.4,745941,607732,669911,668845,641857,678662,656541,686668,687597,54.06,,,,,,,,45,2,4-Seam Fastball,1,3,1,3,3,1,1,3,Standard,Standard,212,-0.005,-0.051,77.3,6.3,,,0.051,,-2,-2,0.229,0.229,27,25,28,26,3,2,6.0,2.0,6.0,1,1.06,0.7,-0.7,42.7,2.349430730494819,21.44217376620496,39.26539235997046,33.73047566792151,17.448905782236842,batter
SL,2024-09-06,90.1,-1.35,5.29,"Mitchell, Garrett",669003,663372,,ball,,,,,14,,R,L,R,MIL,COL,B,,,0,0,2024,-0.24,0.93,0.4602903083234947,1.4554643695962035,,,,1,6,Bot,,,,,,,5.033600956139872,-131.08625189611752,-5.571598185952763,-3.856419931649686,27.65781228038919,-20.421962101100373,3.51116155985088,1.58253792075733,,,,90.4,2398,6.5,745941,607732,669911,668845,641857,678662,656541,686668,687597,54.05,,,,,,,,45,1,Slider,1,3,1,3,3,1,1,3,Standard,Standard,197,0.004,0.039,,,,,-0.039,,-2,-2,0.225,0.225,27,25,28,26,3,2,6.0,2.0,6.0,1,1.87,0.24,-0.24,39.7,,,,,,batter
CU,2024-09-06,79.1,-1.27,5.5,"Mitchell, Garrett",669003,663372,field_out,hit_into_play,,,,,6,Garrett Mitchell lines out to right fielder Jordan Beck.,R,L,R,MIL,COL,X,9.0,line_drive,1,2,2024,1.02,-1.14,0.5374397515489336,2.2094341269541946,,,,2,3,Bot,169.95,101.19,,,,,2.032082150817504,-115.08421226992316,1.8313495083497529,8.553639868447052,23.954329411790063,-42.81997868478073,3.42,1.59,267.0,93.2,17.0,78.9,2635,6.4,745941,607732,669911,668845,641857,678662,656541,686668,687597,54.08,0.679,0.672,0.0,1.0,0.0,0.0,4.0,23,4,Curveball,1,0,1,0,0,1,1,0,Infield shade,Standard,53,-0.007,-0.18,77.4,7.5,,0.86,0.18,93.2,1,1,0.63,0.63,27,25,28,26,2,1,6.0,2.0,6.0,1,4.82,-1.02,1.02,46.4,10.454551398105377,0.5360526245380514,34.17593772903867,30.21826035128125,36.86259656301368,batter
CU,2024-09-06,80.8,-1.14,5.49,"Mitchell, Garrett",669003,663372,,ball,,,,,14,,R,L,R,MIL,COL,B,,,0,2,2024,0.93,-0.96,0.322196729724007,0.7071724908051418,,,,2,3,Bot,,,,,,,1.4867054166874665,-117.57628449199292,-2.084997633350889,8.26945529330333,25.130431127379467,-40.81316624303394,3.51116155985088,1.68494143282438,,,,80.5,2639,6.4,745941,607732,669911,668845,641857,678662,656541,686668,687597,54.09,,,,,,,,23,3,Curveball,1,0,1,0,0,1,1,0,Infield shade,Standard,42,0.001,0.023,,,,,-0.023,,1,1,0.629,0.629,27,25,28,26,2,1,6.0,2.0,6.0,1,4.49,-0.93,0.93,50.3,,,,,,batter
FF,2024-09-06,95.3,-1.34,5.31,"Mitchell, Garrett",669003,663372,,called_strike,,,,,9,,R,L,R,MIL,COL,S,,,0,1,2024,-0.82,1.25,0.7096436010124925,1.6388122723665255,,,,2,3,Bot,,,,,,,7.240090523852432,-138.4353680124012,-6.791617154935477,-12.173317567746285,31.924365273127624,-14.769894118074566,3.54092106047517,1.65546407259727,,,,95.3,2407,6.5,745941,607732,669911,668845,641857,678662,656541,686668,687597,54.02,,,,,,,,23,2,4-Seam Fastball,1,0,1,0,0,1,1,0,Standard,Standard,215,-0.003,-0.058,,,,,0.058,,1,1,0.632,0.632,27,25,28,26,2,1,6.0,2.0,6.0,1,1.28,0.82,-0.82,37.2,,,,,,batter
SI,2024-09-06,93.7,-1.5,5.34,"Mitchell, Garrett",669003,663372,,called_strike,,,,,7,,R,L,R,MIL,COL,S,,,0,0,2024,-1.24,0.9,-0.3762846665988608,2.1693855006900327,,,,2,3,Bot,,,,,,,5.682999393577075,-136.24603941396194,-4.419698985947833,-16.733963288268736,30.900968953652843,-20.21164479278297,3.42191796572769,1.62599213581223,,,,93.9,2272,6.5,745941,607732,669911,668845,641857,678662,656541,686668,687597,53.99,,,,,,,,23,1,Sinker,1,0,1,0,0,1,1,0,Standard,Standard,211,-0.001,-0.041,,,,,0.041,,1,1,0.633,0.633,27,25,28,26,2,1,6.0,2.0,6.0,1,1.71,1.24,-1.24,38.5,,,,,,batter
CH,2024-09-06,88.5,-0.97,5.75,"Mitchell, Garrett",669003,683409,strikeout,swinging_strike,,,,,7,Garrett Mitchell strikes out swinging.,R,L,R,MIL,COL,S,2.0,,3,2,2024,-1.32,0.58,-0.5564334216353699,1.5056404200119198,,,,2,8,Bot,,,,,,,3.788482030613029,-128.7060710301475,-5.470419103794518,-15.416564066154612,28.67968543356376,-24.755180323084332,3.42,1.59,,,,88.6,1944,6.6,745941,607732,669911,668845,641857,678662,656541,686668,687597,53.94,,0.0,0.0,1.0,0.0,0.0,,60,6,Changeup,2,3,2,3,3,2,2,3,Infield shade,Standard,244,-0.037,-0.325,75.8,8.1,0.53540316,,0.325,,-1,-1,0.202,0.202,21,25,22,26,1,3,3.0,2.0,2.0,1,2.35,1.32,-1.32,38.7,15.762249785057907,-15.24975155005653,34.07037088268823,42.209265655910926,44.60453734446014,batter
CH,2024-09-06,88.6,-1.02,5.7,"Mitchell, Garrett",669003,683409,,swinging_strike,,,,,14,,R,L,R,MIL,COL,S,,,3,1,2024,-1.36,0.7,0.3719915709870862,1.3071687023906566,,,,2,8,Bot,,,,,,,6.289928266553257,-128.6707515212828,-6.121990269693226,-16.431843327701205,28.485922044138537,-23.265035191108776,3.42,1.59,,,,89.1,1850,6.8,745941,607732,669911,668845,641857,678662,656541,686668,687597,53.65,,,,,,,,60,5,Changeup,2,3,2,3,3,2,2,3,Infield shade,Standard,242,-0.009,-0.089,79.5,8.6,4.163038248,,0.089,,-1,-1,0.211,0.211,21,25,22,26,1,3,3.0,2.0,2.0,1,2.23,1.36,-1.36,41.1,23.260087424050266,-27.922204887826663,37.42028397262951,32.89865323030756,50.83988972333674,batter
CH,2024-09-06,84.9,-1.41,5.4,"Mitchell, Garrett",669003,663372,field_out,hit_into_play,,,,,5,Garrett Mitchell lines out to right fielder Jordan Beck.,R,L,R,MIL,COL,X,9.0,line_drive,0,1,2024,-0.39,0.5,-0.0582301483131306,2.254133997540685,,,694192.0,2,1,Bot,170.38,90.52,,,,,3.9694509560228415,-123.67104333836596,-2.031200829854166,-4.818551754429914,25.41180388665356,-26.882474365710515,3.42,1.59,291.0,99.6,17.0,85.3,1590,6.6,745941,607732,669911,668845,641857,678662,656541,686668,687597,53.91,0.458,0.499,0.0,1.0,0.0,0.0,4.0,8,2,Changeup,0,0,0,0,0,0,0,0,Infield shade,Standard,204,-0.019,-0.224,79.4,7.9,,0.74,0.224,99.6,0,0,0.519,0.519,27,25,28,26,1,0,6.0,2.0,6.0,1,2.67,0.39,-0.39,42.6,16.620887854295034,-7.0786348187908565,33.56332418761926,37.917608793808064,38.41539085463333,batter
FF,2024-09-06,95.9,-1.07,5.73,"Mitchell, Garrett",669003,683409,,ball,,,,,14,,R,L,R,MIL,COL,B,,,2,1,2024,-1.29,1.18,0.0075337932532508,0.7053675841637609,,,,2,8,Bot,,,,,,,5.8153325657762345,-139.27662122387366,-10.418744729383729,-18.106585827949505,31.411035172343063,-14.608728993416031,3.54092106047517,1.65546407259727,,,,96.6,2334,6.8,745941,607732,669911,668845,641857,678662,656541,686668,687597,53.69,,,,,,,,60,4,4-Seam Fastball,2,3,2,3,3,2,2,3,Infield shade,Standard,237,0.01,0.112,,,,,-0.112,,-1,-1,0.201,0.201,21,25,22,26,1,3,3.0,2.0,2.0,1,1.31,1.29,-1.29,37.8,,,,,,batter
FF,2024-09-06,92.9,-1.54,5.35,"Mitchell, Garrett",669003,663372,,called_strike,,,,,8,,R,L,R,MIL,COL,S,,,0,0,2024,-0.56,1.42,-0.1532842165641056,1.834109992662212,,,694192.0,2,1,Bot,,,,,,,4.798428095490445,-135.1705362283493,-6.350549257032955,-7.902070971319128,30.440523851054436,-13.595474412156053,3.60045755047826,1.71442422618646,,,,93.2,2378,6.6,745941,607732,669911,668845,641857,678662,656541,686668,687597,53.94,,,,,,,,8,1,4-Seam Fastball,0,0,0,0,0,0,0,0,Infield shade,Standard,209,-0.003,-0.047,,,,,0.047,,0,0,0.522,0.522,27,25,28,26,1,0,6.0,2.0,6.0,1,1.23,0.56,-0.56,40.0,,,,,,batter
CH,2024-09-06,88.2,-0.99,5.7,"Mitchell, Garrett",669003,683409,,ball,,,,,14,,R,L,R,MIL,COL,B,,,1,1,2024,-1.18,0.83,0.397534270057319,1.1254016018230977,,,,2,8,Bot,,,,,,,5.865191313319418,-128.14872414138938,-6.762106324225187,-14.193668622741304,27.54335232989352,-21.77594862493481,3.54092106047517,1.68494143282438,,,,88.7,1798,6.8,745941,607732,669911,668845,641857,678662,656541,686668,687597,53.72,,,,,,,,60,3,Changeup,2,3,2,3,3,2,2,3,Infield shade,Standard,246,0.006,0.058,,,,,-0.058,,-1,-1,0.195,0.195,21,25,22,26,1,3,3.0,2.0,2.0,1,2.12,1.18,-1.18,37.7,,,,,,batter
CH,2024-09-06,87.6,-1.1,5.75,"Mitchell, Garrett",669003,683409,,swinging_strike,,,,,8,,R,L,R,MIL,COL,S,,,1,0,2024,-0.98,0.62,-0.2462914344505791,1.4986359321216305,,,,2,8,Bot,,,,,,,4.117717609150339,-127.48422149685972,-5.409408053790864,-11.53643406504549,27.183053367488125,-24.525900218696123,3.42,1.59,,,,88.0,1824,6.6,745941,607732,669911,668845,641857,678662,656541,686668,687597,53.91,,,,,,,,60,2,Changeup,2,3,2,3,3,2,2,3,Standard,Standard,244,-0.006,-0.051,79.7,8.6,3.132052044,,0.051,,-1,-1,0.201,0.201,21,25,22,26,1,3,3.0,2.0,2.0,1,2.36,0.98,-0.98,41.0,22.074166823846596,-20.12556732552016,34.65829664451162,39.717457006304855,48.844823939670825,batter
FF,2024-09-06,96.7,-1.14,5.76,"Mitchell, Garrett",669003,683409,,ball,,,,,13,,R,L,R,MIL,COL,B,,,0,0,2024,-1.37,0.95,-1.6498258209130483,2.100269636069945,,,,2,8,Bot,,,,,,,1.7890747471815152,-140.6870149522762,-6.38294223999001,-18.53808637243996,33.52441036057378,-18.294366176236288,3.57068638878734,1.68494143282438,,,,97.1,2153,6.6,745941,607732,669911,668845,641857,678662,656541,686668,687597,53.89,,,,,,,,60,1,4-Seam Fastball,2,3,2,3,3,2,2,3,Standard,Standard,243,0.004,0.04,,,,,-0.04,,-1,-1,0.197,0.197,21,25,22,26,1,3,3.0,2.0,2.0,1,1.5,1.37,-1.37,34.5,,,,,,batter
CH,2024-09-04,87.8,-1.04,5.25,"Mitchell, Garrett",669003,543243,triple,hit_into_play,,,,,5,"Garrett Mitchell triples (2) on a ground ball to right fielder Lars Nootbaar, deflected by first baseman Paul Goldschmidt.",R,L,R,MIL,STL,X,3.0,ground_ball,0,1,2024,-0.78,0.66,-0.182034736975379,2.660797568853205,,,,0,7,Bot,187.15,143.36,,,,,3.7282899129939087,-127.8493034133606,-1.5375461148027922,-9.373676029569664,25.887978419958323,-24.863071069529795,3.41,1.59,115.0,81.6,9.0,88.3,1849,6.5,745938,671056,502671,680977,665877,691026,676475,672279,663457,53.97,0.453,0.429,1.6,1.0,1.0,2.0,4.0,53,2,Changeup,0,2,0,2,2,0,0,2,Standard,Standard,225,0.135,1.023,77.6,8.4,,0.516,-1.023,88.0,-2,-2,0.215,0.215,34,25,35,26,3,2,6.0,1.0,8.0,2,2.29,0.78,-0.78,43.1,25.516092966575403,-16.636789516087763,30.64395414731573,39.67474070719219,49.28906953181954,batter
FF,2024-09-04,93.6,-0.93,5.38,"Mitchell, Garrett",669003,543243,,called_strike,,,,,9,,R,L,R,MIL,STL,S,,,0,0,2024,-0.1,1.27,0.5954101703438659,1.879926070915542,,,,0,7,Bot,,,,,,,4.179795765343829,-136.2960667684376,-6.172484707506888,-2.0710916442605964,28.66541593172453,-15.156749215044792,3.35383745889324,1.58022845078298,,,,94.7,2564,6.8,745938,671056,502671,680977,665877,691026,676475,672279,663457,53.73,,,,,,,,53,1,4-Seam Fastball,0,2,0,2,2,0,0,2,Standard,Standard,214,-0.006,-0.037,,,,,0.037,,-2,-2,0.221,0.221,34,25,35,26,3,2,6.0,1.0,8.0,2,1.32,0.1,-0.1,47.7,,,,,,batter
CU,2024-09-04,80.2,-0.75,5.45,"Mitchell, Garrett",669003,543243,field_out,hit_into_play,,,,,5,Garrett Mitchell lines out sharply to left fielder Alec Burleson.,R,L,R,MIL,STL,X,7.0,line_drive,0,0,2024,1.07,-1.22,-0.1397177553413028,2.2994716900003587,,694192.0,,2,4,Bot,70.6,96.19,,,,,-0.674170323442528,-116.66883383128578,2.193305242573505,9.77009607076034,26.024315617024563,-43.90154122702244,3.41,1.59,291.0,102.5,16.0,79.9,2783,6.5,745938,671056,502671,680977,665877,691026,676475,672279,663457,53.98,0.529,0.566,0.0,1.0,0.0,0.0,5.0,33,1,Curveball,0,2,0,2,2,0,0,2,Standard,Standard,31,-0.04,-0.301,76.4,7.1,,0.818,0.301,102.5,-2,-2,0.289,0.289,34,25,35,26,2,1,6.0,1.0,8.0,2,4.82,-1.07,1.07,53.3,3.2675491536978463,14.481918381526617,36.84406578290371,37.59754883977632,24.48321308193469,batter
FF,2024-09-04,92.5,-1.07,5.3,"Mitchell, Garrett",669003,543243,field_out,hit_into_play,,,,,9,"Garrett Mitchell bunt grounds out softly, pitcher Sonny Gray to first baseman Paul Goldschmidt.",R,L,R,MIL,STL,X,1.0,ground_ball,0,0,2024,-0.01,0.98,0.3748739046121438,1.9082616819295732,,,,1,2,Bot,120.38,187.77,,,,,3.730982165590764,-134.75201675786946,-5.076276016623331,-0.8555981753677835,26.761217900758464,-19.337593051787223,3.41,1.59,1.0,40.0,-59.0,93.7,2390,6.8,745938,671056,502671,680977,665877,691026,676475,672279,663457,53.75,0.349,0.316,0.0,1.0,0.0,0.0,1.0,16,1,4-Seam Fastball,0,2,0,2,2,0,0,2,Standard,Standard,204,-0.018,0.043,,,,0.356,-0.043,88.0,-2,-2,0.317,0.317,34,25,35,26,1,0,6.0,1.0,8.0,2,1.66,0.01,-0.01,46.2,,,,,,batter
SL,2024-09-04,88.9,-1.8,5.74,"Mitchell, Garrett",669003,552640,strikeout,swinging_strike_blocked,,,,,14,"Garrett Mitchell strikes out swinging, catcher Iván Herrera to first baseman Paul Goldschmidt.",R,L,R,MIL,STL,S,2.0,,1,2,2024,0.44,-0.1,0.8156614239649602,0.7587746952154939,668930.0,642715.0,,2,8,Bot,,,,,,,5.513360619575492,-129.45973025676582,-6.050310460345365,3.969382932272212,24.62945987646364,-32.35097465534284,3.41,1.59,,,,89.8,2662,6.6,745938,671056,502671,680977,665877,691026,676475,672279,663457,53.89,,0.0,0.0,1.0,0.0,0.0,,66,4,Slider,2,2,2,2,2,2,2,2,Standard,Standard,125,-0.079,-0.2,77.2,8.9,6.573258972,,0.2,,0,0,0.579,0.579,34,25,34,26,1,3,1.0,1.0,3.0,2,2.96,-0.44,0.44,42.5,25.27460040115769,-33.283006713691684,37.62644469445876,26.85456581689941,47.07158310206265,batter
SL,2024-09-04,87.4,-1.75,5.64,"Mitchell, Garrett",669003,552640,,blocked_ball,,,,,14,,R,L,R,MIL,STL,B,,,0,2,2024,0.54,-0.42,1.271878495735334,0.2275933511307171,668930.0,642715.0,,2,8,Bot,,,,,,,6.208402213177792,-127.15612671937392,-6.115383723964689,4.722124346831439,23.947371463831487,-35.74717051382275,3.2175297379609,1.45906485257592,,,,88.3,2788,6.6,745938,671056,502671,680977,665877,691026,676475,672279,663457,53.85,,,,,,,,66,3,Slider,2,2,2,2,2,2,2,2,Standard,Standard,93,0.011,0.024,,,,,-0.024,,0,0,0.568,0.568,34,25,34,26,1,3,1.0,1.0,3.0,2,3.38,-0.54,0.54,38.5,,,,,,batter
FF,2024-09-04,94.9,-1.64,5.77,"Mitchell, Garrett",669003,552640,,swinging_strike,,,,,12,,R,L,R,MIL,STL,S,,,0,1,2024,-0.16,1.28,0.4717965744930846,3.5352367539071943,668930.0,,642715.0,2,8,Bot,,,,,,,5.943414913863392,-138.19405178676757,-3.122354850448486,-3.2765851914438566,28.246019054538205,-15.230945197327577,3.41,1.59,,,,96.2,2616,6.8,745938,671056,502671,680977,665877,691026,676475,672279,663457,53.72,,,,,,,,66,2,4-Seam Fastball,2,2,2,2,2,2,2,2,Standard,Standard,193,-0.023,-0.082,80.8,6.9,1.655719032,,0.082,,0,0,0.591,0.591,34,25,34,26,1,3,1.0,1.0,3.0,2,1.23,0.16,-0.16,44.2,15.591844989902192,5.846421086819741,28.219209769937525,30.555762598292286,24.884117691147328,batter
SL,2024-09-04,89.5,-1.92,5.66,"Mitchell, Garrett",669003,552640,,swinging_strike,,,,,14,,R,L,R,MIL,STL,S,,,0,0,2024,0.53,0.2,0.3200275145878143,1.3868019214731926,668930.0,,642715.0,2,8,Bot,,,,,,,4.438107025078742,-130.35545226797586,-5.091140731703665,5.251662598156607,24.0833918086835,-29.06634485717757,3.41,1.59,,,,90.6,2682,6.7,745938,671056,502671,680977,665877,691026,676475,672279,663457,53.84,,,,,,,,66,1,Slider,2,2,2,2,2,2,2,2,Standard,Standard,138,-0.016,-0.046,81.5,8.5,1.730257092,,0.046,,0,0,0.607,0.607,34,25,34,26,1,3,1.0,1.0,3.0,2,2.61,-0.53,0.53,40.2,14.519451842562228,-11.979163397338343,34.96112017820591,33.206774847471166,37.17580873008562,batter
SL,2024-09-03,91.7,-0.29,6.09,"Mitchell, Garrett",669003,664854,strikeout,swinging_strike,,,,,14,Garrett Mitchell strikes out swinging.,R,L,R,MIL,STL,S,2.0,,0,2,2024,0.54,0.09,0.2537195858911478,1.1928861822267027,,663368.0,,1,11,Bot,,,,,,,0.1905609478413994,-133.4267662527033,-6.744324027481026,6.470463634352779,28.30472495621689,-29.890427953274983,3.41,1.59,,,,92.3,2583,6.6,745944,671056,502671,680977,571448,691026,663457,672279,687363,53.88,,0.0,0.0,1.0,0.0,0.0,,83,3,Slider,3,4,3,4,4,3,3,4,Standard,Standard,134,-0.085,-0.174,75.4,8.0,1.474692096,,0.174,,-1,-1,0.233,0.233,29,25,30,26,1,0,3.0,1.0,4.0,1,2.62,-0.54,0.54,59.1,9.9954514125132,-10.038851595712064,35.38816750498106,34.02792221940984,30.227336556370847,batter
SL,2024-09-03,88.2,-0.31,6.15,"Mitchell, Garrett",669003,664854,,called_strike,,,,,5,,R,L,R,MIL,STL,S,,,0,1,2024,0.3,-0.27,0.192461182792055,2.8448897724077105,,663368.0,,1,11,Bot,,,,,,,0.6128715990957572,-128.45256619347472,-1.3787098676874052,3.158058619041927,27.31363593055748,-35.07185456752314,3.57068638878734,1.59652561270956,,,,88.6,2446,6.6,745944,671056,502671,680977,571448,691026,663457,672279,687363,53.92,,,,,,,,83,2,Slider,3,4,3,4,4,3,3,4,Standard,Standard,89,-0.036,-0.065,,,,,0.065,,-1,-1,0.269,0.269,29,25,30,26,1,0,3.0,1.0,4.0,1,3.2,-0.3,0.3,59.4,,,,,,batter
FF,2024-09-03,101.3,-0.33,6.11,"Mitchell, Garrett",669003,664854,,called_strike,,,,,2,,R,L,R,MIL,STL,S,,,0,0,2024,-0.01,1.66,-0.1354294407351616,3.4739545832945,,663368.0,,1,11,Bot,,,,,,,0.5622401259699186,-147.40112507662343,-6.015807306343953,-0.2960555324601733,36.67988329080914,-6.76810094544084,3.54092106047517,1.59652561270956,,,,101.5,2640,6.5,745944,671056,502671,680977,571448,691026,663457,672279,687363,53.97,,,,,,,,83,1,4-Seam Fastball,3,4,3,4,4,3,3,4,Standard,Standard,198,-0.021,-0.036,,,,,0.036,,-1,-1,0.29,0.29,29,25,30,26,1,0,3.0,1.0,4.0,1,0.57,0.01,-0.01,61.0,,,,,,batter
KC,2024-09-02,77.3,-1.64,5.9,"Mitchell, Garrett",669003,669467,field_out,hit_into_play,,,,,13,"Garrett Mitchell grounds out, second baseman Brendan Donovan to first baseman Paul Goldschmidt.",R,L,R,MIL,STL,X,4.0,ground_ball,0,0,2024,0.47,-1.53,-0.3681605419532752,1.472957443541172,,,,2,5,Bot,149.62,151.62,,,,,1.853434386323911,-112.45698542097148,0.5099019409721011,3.5217264070225576,25.80815830778115,-45.280512908233625,3.43,1.6,76.0,77.8,6.0,77.1,2816,6.8,745947,686780,502671,680977,571448,691026,663457,672279,691023,53.73,0.324,0.296,0.0,1.0,0.0,0.0,2.0,45,1,Knuckle Curve,5,2,5,2,2,5,5,2,Standard,Standard,22,-0.005,-0.256,75.5,8.2,,0.392,0.256,88.0,3,3,0.868,0.868,25,25,26,26,3,2,5.0,2.0,8.0,1,5.43,-0.47,0.47,60.3,17.17806081307109,-3.5856645355310883,34.40967455646528,41.09016490685519,41.124396719435104,batter
SL,2024-09-02,86.9,-1.98,5.77,"Mitchell, Garrett",669003,669467,single,hit_into_play,,,,,8,Garrett Mitchell singles on a ground ball to center fielder Michael Siani.,R,L,R,MIL,STL,X,8.0,ground_ball,1,1,2024,0.59,-0.3,0.1129511140926816,1.5816467520101782,,,,0,4,Bot,136.41,103.79,,,,,3.831595746988449,-126.56099571218476,-3.293405099035449,5.618691538335118,25.278110179045875,-34.95609877474218,3.43,1.6,8.0,101.8,-11.0,87.8,2384,6.8,745947,686780,502671,680977,571448,691026,663457,672279,691023,53.72,0.26,0.33,0.9,1.0,1.0,0.0,2.0,31,3,Slider,3,1,3,1,1,3,3,1,Infield shade,Standard,98,0.024,0.46,77.9,7.4,,0.267,-0.46,101.8,2,2,0.785,0.785,25,25,26,26,2,1,5.0,2.0,8.0,1,3.31,-0.59,0.59,56.6,2.0194451777841405,11.18694155648164,38.66322999513311,35.59580560672535,30.18628911015071,batter
FF,2024-09-02,94.1,-1.75,5.85,"Mitchell, Garrett",669003,669467,,ball,,,,,14,,R,L,R,MIL,STL,B,,,0,1,2024,-0.13,0.84,0.5541321130417035,0.9900573722371632,,,,0,4,Bot,,,,,,,6.291581274317918,-136.7239952626025,-8.81424913679777,-2.9494726886498674,29.403647864382243,-19.83896398807447,3.60213216999927,1.71044074415604,,,,94.8,2247,6.7,745947,686780,502671,680977,571448,691026,663457,672279,691023,53.79,,,,,,,,31,2,4-Seam Fastball,3,1,3,1,1,3,3,1,Infield shade,Standard,190,0.001,0.025,,,,,-0.025,,2,2,0.784,0.784,25,25,26,26,2,1,5.0,2.0,8.0,1,1.73,0.13,-0.13,55.1,,,,,,batter
FF,2024-09-02,93.9,-1.77,5.91,"Mitchell, Garrett",669003,669467,,foul,,,,,8,,R,L,R,MIL,STL,S,,,0,0,2024,-0.28,1.09,0.2546842660418266,1.7625980768245937,,,,0,4,Bot,,,,,,,5.899312123311013,-136.5346098462068,-7.501571389456178,-4.705232933696912,28.696381310935987,-17.042412013568775,3.43,1.6,,,,94.8,2315,6.7,745947,686780,502671,680977,571448,691026,663457,672279,691023,53.76,,,,,,,,31,1,4-Seam Fastball,3,1,3,1,1,3,3,1,Standard,Standard,186,-0.002,-0.037,75.6,6.9,,,0.037,,2,2,0.786,0.786,25,25,26,26,2,1,5.0,2.0,8.0,1,1.49,0.28,-0.28,57.8,0.8409987349349622,20.204471739202344,36.10687121262541,33.74155575820353,23.763074709752747,batter
SL,2024-09-02,87.2,-2.09,5.66,"Mitchell, Garrett",669003,669467,field_out,hit_into_play,,,,,8,"Garrett Mitchell grounds out, first baseman Paul Goldschmidt to pitcher Andre Pallante.",R,L,R,MIL,STL,X,3.0,ground_ball,0,1,2024,0.52,0.11,-0.2306274133678942,2.159441112911822,,,,2,1,Bot,146.57,173.5,,,,,3.4422507948862204,-127.09921147783298,-2.572221690161617,5.009338732843699,23.11854290145792,-30.693695006466225,3.43,1.6,2.0,70.3,-44.0,88.4,2382,6.7,745947,686780,502671,680977,571448,691026,663457,672279,691023,53.79,0.25,0.227,0.0,1.0,0.0,0.0,2.0,9,2,Slider,3,0,3,0,0,3,3,0,Infield shade,Standard,84,-0.005,-0.215,79.1,7.9,,0.257,0.215,88.0,3,3,0.783,0.783,25,25,26,26,1,0,5.0,2.0,8.0,1,2.85,-0.52,0.52,51.9,1.258253594577326,-3.167820409054998,32.29002963138017,39.59495841128485,37.05734496255433,batter
FF,2024-09-02,94.9,-1.84,5.83,"Mitchell, Garrett",669003,669467,,called_strike,,,,,8,,R,L,R,MIL,STL,S,,,0,0,2024,0.01,1.11,-0.0884931234635663,1.887144949873552,,,,2,1,Bot,,,,,,,4.605324348493917,-138.07565841911807,-7.246133417195703,-0.8038434244083597,29.57467333706554,-16.54736405153114,3.54259502379745,1.68095868538142,,,,96.1,2301,6.9,745947,686780,502671,680977,571448,691026,663457,672279,691023,53.6,,,,,,,,9,1,4-Seam Fastball,3,0,3,0,0,3,3,0,Infield shade,Standard,187,-0.001,-0.041,,,,,0.041,,3,3,0.784,0.784,25,25,26,26,1,0,5.0,2.0,8.0,1,1.41,-0.01,0.01,58.9,,,,,,batter
CH,2024-09-02,89.2,-1.66,5.66,"Mitchell, Garrett",669003,681517,field_out,hit_into_play,,,,,8,Garrett Mitchell grounds out to first baseman Paul Goldschmidt.,R,L,R,MIL,STL,X,3.0,ground_ball,0,0,2024,-1.04,0.61,-0.2400503598316419,2.030998896818634,,,,0,7,Bot,161.8,168.41,,,,,5.77314709155716,-129.7939230081028,-4.244781596563576,-12.963440375460715,26.770416411829817,-24.55682066725525,3.43,1.6,57.0,78.7,3.0,90.5,1416,7.0,745947,686780,502671,680977,571448,691026,687363,672279,691023,53.47,0.276,0.252,0.0,1.0,0.0,0.0,2.0,64,1,Changeup,9,3,9,3,3,9,9,3,Infield shade,Standard,222,-0.001,-0.254,71.4,8.4,,0.303,0.254,88.0,6,6,0.993,0.993,27,25,27,26,1,3,7.0,2.0,4.0,1,2.25,1.04,-1.04,44.7,28.046749550304376,-8.285863035388006,35.38583753744758,40.4174416648876,44.93880730842734,batter
CU,2024-08-31,76.9,-2.22,6.31,"Mitchell, Garrett",669003,571527,field_out,hit_into_play,,,,,7,"Garrett Mitchell grounds out, shortstop Elly De La Cruz to first baseman Dominic Smith. Willy Adames scores. Blake Perkins to 3rd.",R,L,R,CIN,MIL,X,6.0,ground_ball,3,1,2024,0.28,-1.27,-0.432796494802207,1.6109729870782123,642715.0,663368.0,,1,6,Top,118.73,150.86,,,,,3.2636088189778847,-111.88794334723116,-0.6358438197071548,1.677720686810422,21.541301566740884,-42.85728253388898,3.43,1.61,2.0,88.9,-37.0,76.0,2501,5.8,746667,571912,642086,642708,682622,682829,668715,670770,666181,54.7,0.072,0.078,0.0,1.0,0.0,0.0,2.0,48,5,Curveball,2,3,3,2,4,2,4,2,Strategic,Standard,23,-0.015,-0.246,71.6,7.1,,0.079,0.246,88.9,-1,1,0.243,0.757,35,25,35,26,2,2,,1.0,,2,5.14,-0.28,0.28,52.6,-2.743155907157488,21.56697225949881,36.717735088561824,40.46059785386655,20.5086842526771,batter
FC,2024-08-31,89.9,-2.09,6.29,"Mitchell, Garrett",669003,571527,,ball,,,,,12,,R,L,R,CIN,MIL,B,,,2,1,2024,0.17,0.45,1.2007207090256369,3.696944583369731,642715.0,663368.0,,1,6,Top,,,,,,,7.720357725200641,-130.81619207324604,-1.4488935193733068,0.4668531927235951,25.814837788335133,-26.86088128879548,3.28871663689535,1.46790102824324,,,,89.3,2128,5.8,746667,571912,642086,642708,682622,682829,668715,670770,666181,54.71,,,,,,,,48,4,Cutter,2,3,3,2,3,2,3,2,Strategic,Standard,174,-0.002,0.057,,,,,-0.057,,-1,1,0.245,0.755,35,25,35,26,2,2,,1.0,,2,2.35,-0.17,0.17,53.8,,,,,,batter
FC,2024-08-31,90.0,-2.22,6.28,"Mitchell, Garrett",669003,571527,,ball,,,,,11,,R,L,R,CIN,MIL,B,,,1,1,2024,0.02,0.54,-0.3891817894336624,4.8703109581803,642715.0,663368.0,,1,6,Top,,,,,,,4.447310527908627,-131.1109874119213,1.2626026437819426,-0.6902928883041971,26.110978714933967,-26.38630820963833,3.26307788641944,1.44189552486137,,,,89.2,2229,5.6,746667,571912,642086,642708,682622,682829,668715,670770,666181,54.9,,,,,,,,48,3,Cutter,2,3,3,2,3,2,3,2,Strategic,Standard,186,-0.005,0.04,,,,,-0.04,,-1,1,0.25,0.75,35,25,35,26,2,2,,1.0,,2,2.26,-0.02,0.02,55.1,,,,,,batter
FS,2024-08-31,81.0,-0.74,6.2,"Mitchell, Garrett",669003,518585,strikeout,swinging_strike,,,,,1,Garrett Mitchell strikes out swinging.,R,L,R,CIN,MIL,S,2.0,,0,2,2024,-0.16,0.48,-0.3405690545003207,3.529785647785362,,642715.0,656555.0,1,2,Top,,,,,,,1.2065345929211522,-118.05318459007589,-0.3177960320626812,-1.7373990281911202,20.45916498156703,-27.814739426816363,3.43,1.61,,,,82.3,587,6.9,746667,571912,642086,642708,682622,682829,668715,670770,666181,53.63,,0.0,0.0,1.0,0.0,0.0,,12,3,Split-Finger,0,0,0,0,0,0,0,0,Standard,Standard,224,0.029,-0.155,57.4,6.2,1.194813096,,0.155,,0,0,0.477,0.523,34,25,34,26,1,0,3.0,1.0,6.0,2,2.96,0.16,-0.16,52.0,8.609776231708612,31.21569032898677,27.63487860078338,40.46719607688923,12.377405849509069,batter
FC,2024-08-31,89.4,-2.34,6.18,"Mitchell, Garrett",669003,571527,,ball,,,,,11,,R,L,R,CIN,MIL,B,,,0,1,2024,-0.14,0.33,-0.8695633911004312,2.8373544568032565,642715.0,663368.0,,1,6,Top,,,,,,,3.8761811726746354,-130.26556648276727,-2.967111044460649,-2.3188152835534237,25.532113281236,-27.954645371176245,3.31434891241059,1.59782918594172,,,,89.1,2185,5.9,746667,571912,642086,642708,682622,682829,668715,670770,666181,54.64,,,,,,,,48,2,Cutter,2,3,3,2,3,2,3,2,Strategic,Standard,190,-0.009,0.017,,,,,-0.017,,-1,1,0.259,0.741,35,25,35,26,2,2,,1.0,,2,2.49,0.14,-0.14,52.6,,,,,,batter
FS,2024-08-31,81.2,-0.65,6.12,"Mitchell, Garrett",669003,518585,,foul,,,,,6,,R,L,R,CIN,MIL,S,,,0,1,2024,-0.51,-0.03,0.8041057952150144,2.2326908958015053,,642715.0,656555.0,1,2,Top,,,,,,,4.2645444026520405,-118.09908605851795,-1.9674177126532253,-5.586359214180129,24.780696720228484,-32.26808029440676,3.43,1.61,5.0,82.4,-27.0,81.7,700,6.9,746667,571912,642086,642708,682622,682829,668715,670770,666181,53.63,,,,,,,,12,2,Split-Finger,0,0,0,0,0,0,0,0,Standard,Standard,239,0.012,-0.048,75.6,8.3,,,0.048,88.0,0,0,0.465,0.535,34,25,34,26,1,0,3.0,1.0,6.0,2,3.52,0.51,-0.51,47.6,26.81217534759141,-26.423534204392823,31.97580459778728,28.43896310016304,51.05740427622071,batter
CH,2024-08-31,84.3,-2.35,6.22,"Mitchell, Garrett",669003,571527,,called_strike,,,,,7,,R,L,R,CIN,MIL,S,,,0,0,2024,-1.08,0.47,-0.3021536849378434,1.974077987421256,642715.0,663368.0,,1,6,Top,,,,,,,6.812169903060802,-122.62994145006576,-4.429248153579866,-12.181427557591109,22.98759854630793,-26.752175413669487,3.41681331098216,1.62379496730552,,,,83.6,1670,5.7,746667,571912,642086,642708,682622,682829,668715,670770,666181,54.79,,,,,,,,48,1,Changeup,2,3,3,2,3,2,3,2,Strategic,Standard,225,0.013,-0.054,,,,,0.054,,-1,1,0.246,0.754,35,25,35,26,2,2,,1.0,,2,2.73,1.08,-1.08,50.2,,,,,,batter
FS,2024-08-31,81.7,-0.93,6.09,"Mitchell, Garrett",669003,518585,,swinging_strike,,,,,13,,R,L,R,CIN,MIL,S,,,0,0,2024,-0.4,-0.04,-0.3249508761560583,1.1306755699578774,,642715.0,656555.0,1,2,Top,,,,,,,2.149850084347067,-118.82263662982484,-4.461646766292132,-4.203061409928295,26.012593093306464,-31.80965828524106,3.43,1.61,,,,82.2,650,7.0,746667,571912,642086,642708,682622,682829,668715,670770,666181,53.55,,,,,,,,12,1,Split-Finger,0,0,0,0,0,0,0,0,Standard,Standard,237,0.007,-0.039,67.4,9.3,22.299560892,,0.039,,0,0,0.458,0.542,34,25,34,26,1,0,3.0,1.0,6.0,2,3.5,0.4,-0.4,45.9,30.594069234753395,-56.364375175872205,30.19500220665964,,,batter
FF,2024-08-31,99.2,-2.3,5.32,"Mitchell, Garrett",669003,663574,strikeout,swinging_strike,,,,,4,Garrett Mitchell strikes out swinging.,R,L,R,CIN,MIL,S,2.0,,1,2,2024,-1.06,1.25,-0.2913061165692614,2.475821939517891,,663368.0,,1,8,Top,,,,,,,7.932896015889914,-144.18003689037116,-5.254056501039504,-16.67490485533961,33.63460802690815,-13.65564665799562,3.43,1.61,,,,98.7,2494,6.1,746667,571912,642086,642708,682622,682829,668715,670770,666181,54.41,,0.0,0.0,1.0,0.0,0.0,,67,5,4-Seam Fastball,4,4,4,4,4,4,4,4,Standard,Standard,228,0.052,-0.198,75.6,6.7,1.080999168,,0.198,,0,0,0.476,0.524,27,25,27,26,1,3,2.0,1.0,5.0,2,1.07,1.06,-1.06,26.6,-0.1278927107778192,22.863296985696262,35.30640565010128,38.91519785418812,17.283177662953257,batter
SV,2024-08-31,88.2,-2.59,5.43,"Mitchell, Garrett",669003,663574,,foul,,,,,2,,R,L,R,CIN,MIL,S,,,1,2,2024,0.81,-0.32,0.0476090870800728,2.999764438044449,,663368.0,,1,8,Top,,,,,,,4.70932062197154,-128.39316666404665,0.8549735628550004,7.904923617811155,27.1072012641998,-36.130311626236505,3.43,1.61,92.0,79.3,6.0,87.6,2215,5.9,746667,571912,642086,642708,682622,682829,668715,670770,666181,54.55,,,,,,,,67,4,Slurve,4,4,4,4,4,4,4,4,Standard,Standard,38,0.0,0.0,63.4,5.7,,,0.0,88.0,0,0,0.476,0.524,27,25,27,26,1,3,2.0,1.0,5.0,2,3.25,-0.81,0.81,26.6,-11.651672975136597,37.51017514418469,31.434291738043964,33.43429042057593,12.729303679640289,batter
FF,2024-08-31,97.9,-2.44,5.39,"Mitchell, Garrett",669003,663574,,swinging_strike,,,,,11,,R,L,R,CIN,MIL,S,,,1,1,2024,-0.73,1.0,-0.1565967213032123,3.805448087148952,,663368.0,,1,8,Top,,,,,,,7.802086658178662,-142.43974958155655,-1.1280425225937685,-11.723629470768971,31.144616494090837,-18.45604719894398,3.43,1.61,,,,97.6,2228,6.0,746667,571912,642086,642708,682622,682829,668715,670770,666181,54.48,,,,,,,,67,3,4-Seam Fastball,4,4,4,4,4,4,4,4,Standard,Standard,228,0.018,-0.062,69.0,5.6,1.7199429,,0.062,,0,0,0.458,0.542,27,25,27,26,1,3,2.0,1.0,5.0,2,1.37,0.73,-0.73,23.7,1.4996718565689022,40.38348935320492,27.61795997679586,36.762088297128734,9.684281859250092,batter
FF,2024-08-31,97.6,-2.34,5.37,"Mitchell, Garrett",669003,663574,,foul,,,,,4,,R,L,R,CIN,MIL,S,,,1,0,2024,-1.03,0.88,-0.5252010839833923,2.6396150556448585,,663368.0,,1,8,Top,,,,,,,7.213845204621657,-142.03110702164304,-3.868641361285541,-15.546885531471464,30.48837861349376,-19.59420364450941,3.43,1.61,195.0,81.1,17.0,97.4,2168,6.0,746667,571912,642086,642708,682622,682829,668715,670770,666181,54.45,,,,,,,,67,2,4-Seam Fastball,4,4,4,4,4,4,4,4,Standard,Standard,221,0.007,-0.043,74.2,6.6,,,0.043,88.0,0,0,0.451,0.549,27,25,27,26,1,3,2.0,1.0,5.0,2,1.5,1.03,-1.03,25.0,-0.3347503242404071,24.0771773799454,30.909636921632305,41.65113373168862,16.898125201096416,batter
FF,2024-08-31,98.1,-2.43,5.41,"Mitchell, Garrett",669003,663574,,ball,,,,,1,,R,L,R,CIN,MIL,B,,,0,0,2024,-0.94,1.27,-0.795002800580412,3.191232066236212,,663368.0,,1,8,Top,,,,,,,6.573282947168219,-142.7513774876338,-3.460291916099718,-14.326218385186513,31.775751808326792,-14.149943390315734,3.3542084954528,1.53432945067102,,,,97.9,2362,6.1,746667,571912,642086,642708,682622,682829,668715,670770,666181,54.4,,,,,,,,67,1,4-Seam Fastball,4,4,4,4,4,4,4,4,Standard,Standard,224,-0.003,0.027,,,,,-0.027,,0,0,0.454,0.546,27,25,27,26,1,3,2.0,1.0,5.0,2,1.09,0.94,-0.94,26.8,,,,,,batter
SI,2024-08-31,93.1,-2.15,6.17,"Mitchell, Garrett",669003,571527,walk,ball,,,,,14,Garrett Mitchell walks.,R,L,R,CIN,MIL,B,,,3,2,2024,-1.28,0.65,1.4658595001060664,1.365831699761418,,,,1,4,Top,,,,,,,11.91946299395483,-134.82574207903286,-7.87508443440596,-18.225304764414066,29.51632618289366,-22.550978181947983,3.31434891241059,1.51989215383542,,,,91.9,2103,5.9,746667,571912,642086,642708,682622,682829,668715,670770,666181,54.65,,0.689131,0.7,1.0,0.0,0.0,,29,7,Sinker,0,3,3,0,3,0,3,0,Infield shade,Standard,211,-0.012,0.348,,,,,-0.348,,-3,3,0.197,0.803,35,25,35,26,1,1,,1.0,,2,2.0,1.28,-1.28,52.0,,,,,,batter
FC,2024-08-31,88.9,-2.13,6.21,"Mitchell, Garrett",669003,571527,,ball,,,,,14,,R,L,R,CIN,MIL,B,,,2,2,2024,0.34,0.63,1.174073214550207,2.1386955650096047,,,,1,4,Top,,,,,,,7.318831563067693,-129.33072403061394,-5.2522629505972,2.4118365616496744,25.733249755186336,-24.207204068170665,3.36559404779771,1.62379496730552,,,,88.3,2259,5.8,746667,571912,642086,642708,682622,682829,668715,670770,666181,54.66,,,,,,,,29,6,Cutter,0,3,3,0,3,0,3,0,Infield shade,Standard,187,-0.003,0.108,,,,,-0.108,,-3,3,0.2,0.8,35,25,35,26,1,1,,1.0,,2,2.24,-0.34,0.34,53.8,,,,,,batter
CH,2024-08-31,83.8,-2.33,6.36,"Mitchell, Garrett",669003,571527,,foul,,,,,6,,R,L,R,CIN,MIL,S,,,2,2,2024,-1.1,0.24,0.4129493731367473,2.767002265926109,,,,1,4,Top,,,,,,,8.368534619734078,-121.75616335630986,-2.351025236910485,-12.53773162722234,23.008545252793883,-29.51097822488071,3.43,1.61,176.0,64.1,41.0,82.8,1594,5.6,746667,571912,642086,642708,682622,682829,668715,670770,666181,54.88,,,,,,,,29,5,Changeup,0,3,3,0,3,0,3,0,Infield shade,Standard,225,0.0,0.0,67.6,6.2,,,0.0,88.0,-3,3,0.2,0.8,35,25,35,26,1,1,,1.0,,2,3.0,1.1,-1.1,55.9,-6.0157293866991015,14.20458498087249,36.73656367939867,31.79454474678608,22.4236668383803,batter
CU,2024-08-31,77.1,-2.17,6.28,"Mitchell, Garrett",669003,571527,,ball,,,,,14,,R,L,R,CIN,MIL,B,,,1,2,2024,0.43,-1.25,1.4125679966346492,0.6110934816095845,,,,1,4,Top,,,,,,,6.773865627787099,-112.08743624126836,-2.6837067953233484,2.178509492840816,23.09876930830756,-42.31115270129087,3.33997471527677,1.57185679194911,,,,76.0,2424,5.9,746667,571912,642086,642708,682622,682829,668715,670770,666181,54.62,,,,,,,,29,4,Curveball,0,3,3,0,3,0,3,0,Infield shade,Standard,14,-0.002,0.043,,,,,-0.043,,-3,3,0.202,0.798,35,25,35,26,1,1,,1.0,,2,5.14,-0.43,0.43,54.5,,,,,,batter
SI,2024-08-31,92.4,-2.4,6.25,"Mitchell, Garrett",669003,571527,,ball,,,,,11,,R,L,R,CIN,MIL,B,,,0,2,2024,-1.11,0.74,-0.4526210485908311,4.156845305549929,,,,1,4,Top,,,,,,,7.274941783569922,-134.3689403092674,-1.1324114095595543,-15.033088747634588,28.296400268074706,-23.11520379508364,3.31434891241059,1.51989215383542,,,,91.4,2123,5.7,746667,571912,642086,642708,682622,682829,668715,670770,666181,54.82,,,,,,,,29,3,Sinker,0,3,3,0,3,0,3,0,Standard,Standard,210,-0.001,0.02,,,,,-0.02,,-3,3,0.203,0.797,35,25,35,26,1,1,,1.0,,2,1.92,1.11,-1.11,48.2,,,,,,batter
FC,2024-08-31,89.1,-2.38,6.26,"Mitchell, Garrett",669003,571527,,called_strike,,,,,8,,R,L,R,CIN,MIL,S,,,0,1,2024,0.51,0.54,-0.0618462245744482,2.07648851852056,,,,1,4,Top,,,,,,,4.587647739770054,-129.67082155470484,-5.349476261016214,4.8438955230608025,26.321914929175545,-25.23129781130139,3.36559404779771,1.67570670439361,,,,88.4,2166,5.8,746667,571912,642086,642708,682622,682829,668715,670770,666181,54.73,,,,,,,,29,2,Cutter,0,3,3,0,3,0,3,0,Standard,Standard,182,0.003,-0.057,,,,,0.057,,-3,3,0.2,0.8,35,25,35,26,1,1,,1.0,,2,2.33,-0.51,0.51,51.3,,,,,,batter
CU,2024-08-31,75.3,-2.28,6.32,"Mitchell, Garrett",669003,571527,,swinging_strike,,,,,8,,R,L,R,CIN,MIL,S,,,0,0,2024,0.47,-1.57,0.224033135873496,1.8365926351915007,,,,1,4,Top,,,,,,,4.3259092393776175,-109.49021554926183,0.6835344253523541,2.863886322133108,21.853782389646792,-45.036910415598896,3.43,1.61,,,,74.1,2542,5.7,746667,571912,642086,642708,682622,682829,668715,670770,666181,54.78,,,,,,,,29,1,Curveball,0,3,3,0,3,0,3,0,Standard,Standard,21,0.001,-0.037,78.6,7.9,0.628251144,,0.037,,-3,3,0.199,0.801,35,25,35,26,1,1,,1.0,,2,5.64,-0.47,0.47,55.6,19.11961773260065,-3.429671138992229,36.14093658856625,34.65447686864121,37.35320693311586,batter
CU,2024-08-30,81.6,-1.38,6.22,"Mitchell, Garrett",669003,607259,single,hit_into_play,,,,,7,Garrett Mitchell singles on a ground ball to shortstop Elly De La Cruz.,R,L,R,CIN,MIL,X,6.0,ground_ball,0,2,2024,0.31,-1.41,-0.5789070685599478,1.8110129150518928,,,,1,6,Top,128.56,156.45,,,,,1.1854812869075797,-118.84310968190128,-0.6301530579420171,2.734643744140348,23.2298907396994,-45.612209326526894,3.41,1.58,1.0,63.5,-67.0,80.7,2610,5.7,746730,571912,642086,663697,669289,682829,668715,670770,666181,54.85,0.3,0.283,0.9,1.0,1.0,0.0,2.0,47,3,Curveball,4,4,4,4,4,4,4,4,Infield shade,Standard,11,-0.047,0.515,71.4,6.7,,0.307,-0.515,88.0,0,0,0.544,0.456,33,25,34,26,3,2,5.0,1.0,5.0,0,4.83,-0.31,0.31,60.5,-3.116252556667507,27.47191264846772,34.94822098527028,42.3769376004712,20.56438396776582,batter
FF,2024-08-30,94.1,-1.77,6.16,"Mitchell, Garrett",669003,607259,,foul,,,,,2,,R,L,R,CIN,MIL,S,,,0,1,2024,-0.39,1.29,-0.1212369701131552,3.0585410672187407,,,,1,6,Top,,,,,,,5.065459345111844,-136.96993095021028,-5.1600601892762645,-5.995961880291102,30.11382869296043,-15.012043127027098,3.41,1.58,163.0,75.2,15.0,93.1,2316,5.7,746730,571912,642086,663697,669289,682829,668715,670770,666181,54.81,,,,,,,,47,2,4-Seam Fastball,4,4,4,4,4,4,4,4,Standard,Standard,208,0.006,-0.057,75.7,6.3,,,0.057,88.0,0,0,0.538,0.462,33,25,34,26,3,2,5.0,1.0,5.0,0,1.28,0.39,-0.39,51.4,2.8937075988667607,25.213795078552376,29.642654562890407,37.39010200968493,22.152879508277465,batter
FF,2024-08-30,94.2,-1.78,6.08,"Mitchell, Garrett",669003,607259,,called_strike,,,,,8,,R,L,R,CIN,MIL,S,,,0,0,2024,-0.09,1.37,0.0955585916156193,1.8180604375261915,,,,1,6,Top,,,,,,,5.019105881293486,-137.02342094422733,-8.344155595947152,-2.1689683407846085,29.495693369676577,-13.30686082199374,3.44861526608348,1.63049473312701,,,,93.4,2344,5.8,746730,571912,642086,663697,669289,682829,668715,670770,666181,54.71,,,,,,,,47,1,4-Seam Fastball,4,4,4,4,4,4,4,4,Standard,Standard,208,0.004,-0.037,,,,,0.037,,0,0,0.534,0.466,33,25,34,26,3,2,5.0,1.0,5.0,0,1.2,0.09,-0.09,51.5,,,,,,batter
FF,2024-08-30,91.8,-2.0,5.92,"Mitchell, Garrett",669003,695076,walk,ball,,,,,11,Garrett Mitchell walks.,R,L,R,CIN,MIL,B,,,3,1,2024,-0.99,1.17,-0.9872189096498488,3.122161919917457,,,,1,4,Top,,,,,,,4.658593691048031,-133.5144608762076,-3.685629565308332,-12.844704982410988,31.149056250358605,-17.65733909164601,3.37696818331491,1.65011371338966,,,,90.9,2258,5.9,746665,663886,664034,669289,682622,682829,668715,670770,642708,54.56,,0.689131,0.7,1.0,0.0,0.0,,26,5,4-Seam Fastball,0,0,0,0,0,0,0,0,Standard,Standard,229,-0.018,0.256,,,,,-0.256,,0,0,0.515,0.485,22,25,22,26,2,1,,0.0,6.0,1,1.56,0.99,-0.99,35.5,,,,,,batter
FF,2024-08-30,91.8,-1.95,5.94,"Mitchell, Garrett",669003,695076,,swinging_strike,,,,,2,,R,L,R,CIN,MIL,S,,,3,0,2024,-0.78,1.4,0.0862604913222617,3.4140480618122657,,,,1,4,Top,,,,,,,6.793825982547931,-133.49201083315563,-3.486066498722164,-10.8920401516787,31.324562786256077,-14.997249845287794,3.43,1.6,,,,90.8,2304,5.9,746665,663886,664034,669289,682622,682829,668715,670770,642708,54.55,,,,,,,,26,4,4-Seam Fastball,0,0,0,0,0,0,0,0,Standard,Standard,235,0.006,-0.081,80.1,7.2,0.693933468,,0.081,,0,0,0.509,0.491,22,25,22,26,2,1,,0.0,6.0,1,1.33,0.78,-0.78,37.5,20.57905717951381,3.7215358379267927,29.315604241832023,36.58597019351248,32.92241151896383,batter
SL,2024-08-30,84.5,-2.13,5.65,"Mitchell, Garrett",669003,695076,,ball,,,,,14,,R,L,R,CIN,MIL,B,,,2,0,2024,0.27,-0.14,2.094669749331893,-0.0597322921925962,,,,1,4,Top,,,,,,,9.207846335838171,-122.66222496058111,-6.611450201594985,0.9760732536174268,23.39577214420632,-32.45518788677421,3.37696818331491,1.65011371338966,,,,83.9,2738,5.9,746665,663886,664034,669289,682622,682829,668715,670770,642708,54.56,,,,,,,,26,3,Slider,0,0,0,0,0,0,0,0,Standard,Standard,49,-0.009,0.139,,,,,-0.139,,0,0,0.518,0.482,22,25,22,26,2,1,,0.0,6.0,1,3.34,-0.27,0.27,29.8,,,,,,batter
FF,2024-08-30,92.4,-2.18,5.97,"Mitchell, Garrett",669003,695076,,ball,,,,,11,,R,L,R,CIN,MIL,B,,,1,0,2024,-1.0,1.05,-1.5760075021369515,3.148325180692801,,,,1,4,Top,,,,,,,3.701902108968175,-134.51709907007128,-3.6107403545555257,-12.966597716792862,31.423802394607705,-18.840428469447385,3.37696818331491,1.65011371338966,,,,91.4,2387,5.9,746665,663886,664034,669289,682622,682829,668715,670770,642708,54.64,,,,,,,,26,2,4-Seam Fastball,0,0,0,0,0,0,0,0,Standard,Standard,234,-0.006,0.072,,,,,-0.072,,0,0,0.524,0.476,22,25,22,26,2,1,,0.0,6.0,1,1.63,1.0,-1.0,35.0,,,,,,batter
FF,2024-08-30,92.3,-2.21,5.91,"Mitchell, Garrett",669003,695076,,ball,,,,,12,,R,L,R,CIN,MIL,B,,,0,0,2024,-0.78,1.26,0.1616788495731994,4.024245767873012,,,,1,4,Top,,,,,,,7.6658311019793555,-134.23404059027166,-1.6970022166349372,-11.13779363206898,29.86981450345311,-16.772602613980318,3.37696818331491,1.59819109907486,,,,91.5,2404,5.9,746665,663886,664034,669289,682622,682829,668715,670770,642708,54.6,,,,,,,,26,1,4-Seam Fastball,0,0,0,0,0,0,0,0,Standard,Standard,228,-0.003,0.039,,,,,-0.039,,0,0,0.527,0.473,22,25,22,26,2,1,,0.0,6.0,1,1.42,0.78,-0.78,32.4,,,,,,batter
CH,2024-08-30,78.1,-1.43,6.33,"Mitchell, Garrett",669003,607259,double,hit_into_play,,,,,5,Garrett Mitchell doubles (9) on a line drive to right fielder Will Benson. Willy Adames to 3rd.,R,L,R,CIN,MIL,X,9.0,line_drive,2,1,2024,-0.69,0.4,0.0667440219932622,2.275061807441774,,,642715.0,0,4,Top,191.73,121.46,,,,,4.471032623692466,-113.71460299493695,-2.6737097340483134,-6.754172698689682,18.276293583900795,-28.421849914607453,3.41,1.58,252.0,88.1,20.0,78.2,1862,6.0,746730,571912,642086,663697,669289,682829,668715,670770,666181,54.48,0.497,0.492,1.25,1.0,1.0,1.0,4.0,29,4,Changeup,3,2,2,3,2,3,2,3,Standard,Standard,245,-0.124,0.697,80.1,8.2,,0.634,-0.697,88.1,1,-1,0.569,0.431,33,25,34,26,2,1,5.0,1.0,5.0,0,3.3,0.69,-0.69,56.6,29.11632081386924,-12.445179871493304,33.66573201986852,35.97288472071105,45.05609017078652,batter
FF,2024-08-30,91.4,-1.6,6.23,"Mitchell, Garrett",669003,607259,,called_strike,,,,,7,,R,L,R,CIN,MIL,S,,,2,0,2024,-0.45,1.31,-0.643266230213978,2.0136751361573717,,,642715.0,0,4,Top,,,,,,,3.328097702003685,-132.93491915465012,-7.533100855288235,-5.974730892412536,26.385130535345976,-15.25119789473612,3.51820993386467,1.6850739670511,,,,90.8,2291,5.8,746730,571912,642086,663697,669289,682829,668715,670770,666181,54.74,,,,,,,,29,3,4-Seam Fastball,3,2,2,3,2,3,2,3,Standard,Standard,205,0.014,-0.074,,,,,0.074,,1,-1,0.555,0.445,33,25,34,26,2,1,5.0,1.0,5.0,0,1.41,0.45,-0.45,54.7,,,,,,batter
CH,2024-08-30,78.2,-1.48,6.33,"Mitchell, Garrett",669003,607259,,ball,,,,,14,,R,L,R,CIN,MIL,B,,,1,0,2024,-0.73,0.48,0.9848812828845158,1.049368202378171,,,642715.0,0,4,Top,,,,,,,6.616574986728276,-113.71023815794946,-5.411599360219114,-7.489216473149644,18.63644584321069,-27.28186186033828,3.40999987854461,1.53222306864158,,,,77.9,1947,5.9,746730,571912,642086,663697,669289,682829,668715,670770,666181,54.59,,,,,,,,29,2,Changeup,3,2,2,3,2,3,2,3,Standard,Standard,246,-0.014,0.068,,,,,-0.068,,1,-1,0.569,0.431,33,25,34,26,2,1,5.0,1.0,5.0,0,3.22,0.73,-0.73,56.6,,,,,,batter
FF,2024-08-30,92.5,-1.7,6.26,"Mitchell, Garrett",669003,607259,,ball,,,,,11,,R,L,R,CIN,MIL,B,,,0,0,2024,-0.5,1.22,-0.941025957276953,3.881063863528921,,,642715.0,0,4,Top,,,,,,,2.989331356795635,-134.6899832777402,-2.878782474902696,-6.695051374347748,30.849852615152543,-16.92226892083013,2.88848546206719,1.32324807067689,,,,91.3,2287,5.7,746730,571912,642086,663697,669289,682829,668715,670770,666181,54.83,,,,,,,,29,1,4-Seam Fastball,3,2,2,3,2,3,2,3,Standard,Standard,213,-0.007,0.041,,,,,-0.041,,1,-1,0.576,0.424,33,25,34,26,2,1,5.0,1.0,5.0,0,1.45,0.5,-0.5,58.5,,,,,,batter
SI,2024-08-30,93.0,-2.19,5.57,"Mitchell, Garrett",669003,695076,strikeout,called_strike,,,,,3,Garrett Mitchell called out on strikes.,R,L,R,CIN,MIL,S,2.0,,3,2,2024,-1.43,0.69,0.3736948061538661,3.1647428579060723,,,,0,2,Top,,,,,,,9.710357220493552,-135.18206538998007,-1.9157135709823103,-19.60499158029739,27.512531828774947,-23.464790620965157,3.40303828430211,1.62456536391095,,,,93.3,2118,6.4,746665,663886,664034,669289,682622,682829,668715,670770,642708,54.11,,0.0,0.0,1.0,0.0,0.0,,9,6,Sinker,0,0,0,0,0,0,0,0,Infield shade,Standard,238,0.029,-0.333,,,,,0.333,,0,0,0.494,0.506,22,25,22,26,1,0,,0.0,6.0,1,1.94,1.43,-1.43,28.9,,,,,,batter
CH,2024-08-30,88.0,-2.37,5.58,"Mitchell, Garrett",669003,695076,,ball,,,,,13,,R,L,R,CIN,MIL,B,,,2,2,2024,-1.34,0.05,-1.4068040138778812,2.1913223686294514,,,,0,2,Top,,,,,,,5.1040698172616015,-128.05004629132063,-2.231267206639145,-15.823288044692308,25.96147923457045,-31.381942250286595,3.37742840739985,1.62456536391095,,,,87.9,2034,6.2,746665,663886,664034,669289,682622,682829,668715,670770,642708,54.32,,,,,,,,9,5,Changeup,0,0,0,0,0,0,0,0,Infield shade,Standard,253,-0.009,0.107,,,,,-0.107,,0,0,0.503,0.497,22,25,22,26,1,0,,0.0,6.0,1,2.89,1.34,-1.34,28.2,,,,,,batter
FF,2024-08-30,95.1,-2.13,5.96,"Mitchell, Garrett",669003,695076,,called_strike,,,,,5,,R,L,R,CIN,MIL,S,,,2,1,2024,-1.01,1.42,0.1308338106628883,2.56760071242676,,,,0,2,Top,,,,,,,8.140016297101623,-138.13483146548734,-6.386412080554319,-14.7895183403483,30.910871780527835,-12.730328762265122,3.42864169648116,1.62456536391095,,,,94.6,2418,6.1,746665,663886,664034,669289,682622,682829,668715,670770,642708,54.41,,,,,,,,9,4,4-Seam Fastball,0,0,0,0,0,0,0,0,Standard,Standard,221,0.007,-0.069,,,,,0.069,,0,0,0.496,0.504,22,25,22,26,1,0,,0.0,6.0,1,1.11,1.01,-1.01,37.9,,,,,,batter
SL,2024-08-30,84.0,-2.34,5.77,"Mitchell, Garrett",669003,695076,,foul,,,,,5,,R,L,R,CIN,MIL,S,,,2,0,2024,0.2,-0.3,-0.0243060614606541,2.4233512920383435,,,,0,2,Top,,,,,,,4.927400619669544,-122.2949202400519,-0.8166562523936675,1.115466956776004,22.643020519880597,-35.26215637908516,3.43,1.6,229.0,88.2,22.0,83.5,2767,5.8,746665,663886,664034,669289,682622,682829,668715,670770,642708,54.69,,,,,,,,9,3,Slider,0,0,0,0,0,0,0,0,Standard,Standard,58,0.007,-0.065,71.4,6.1,,,0.065,88.2,0,0,0.489,0.511,22,25,22,26,1,0,,0.0,6.0,1,3.51,-0.2,0.2,27.7,-5.954401623603993,33.91016465021976,36.93562754105157,36.49377536596836,16.530598120188273,batter
CH,2024-08-30,86.2,-2.52,5.57,"Mitchell, Garrett",669003,695076,,ball,,,,,11,,R,L,R,CIN,MIL,B,,,1,0,2024,-1.53,0.15,-2.3705447445541,2.7725506440213463,,,,0,2,Top,,,,,,,3.436944399339588,-125.51323122227684,-0.7113553592537687,-16.818019410019158,26.73407647094636,-30.624435814531918,3.40303828430211,1.62456536391095,,,,85.5,2024,5.9,746665,663886,664034,669289,682622,682829,668715,670770,642708,54.56,,,,,,,,9,2,Changeup,0,0,0,0,0,0,0,0,Standard,Standard,254,-0.007,0.069,,,,,-0.069,,0,0,0.496,0.504,22,25,22,26,1,0,,0.0,6.0,1,2.92,1.53,-1.53,26.1,,,,,,batter
FF,2024-08-30,94.3,-2.16,5.97,"Mitchell, Garrett",669003,695076,,ball,,,,,11,,R,L,R,CIN,MIL,B,,,0,0,2024,-0.83,1.01,-0.904906081704369,3.598251029671464,,,,0,2,Top,,,,,,,5.073479616857978,-137.25274236817407,-2.6858388598057665,-11.639043209185283,31.67351262091761,-19.03412623957804,3.32618925032499,1.54664876767764,,,,93.6,2317,6.0,746665,663886,664034,669289,682622,682829,668715,670770,642708,54.52,,,,,,,,9,1,4-Seam Fastball,0,0,0,0,0,0,0,0,Standard,Standard,229,-0.004,0.038,,,,,-0.038,,0,0,0.5,0.5,22,25,22,26,1,0,,0.0,6.0,1,1.56,0.83,-0.83,33.9,,,,,,batter
CH,2024-08-30,79.2,-1.43,6.38,"Mitchell, Garrett",669003,607259,field_out,hit_into_play,,,,,4,Garrett Mitchell flies out to left fielder Spencer Steer.,R,L,R,CIN,MIL,X,7.0,fly_ball,2,2,2024,-0.77,0.33,-0.5700875764807545,2.520661411675293,,,,0,2,Top,60.96,104.35,,,,,3.2839706401158906,-115.4002906786198,-2.330918458028577,-7.453620668799931,19.13517646374038,-29.01569689545208,3.41,1.58,284.0,88.3,49.0,79.0,1877,5.8,746730,571912,642086,663697,669289,682829,668715,670770,666181,54.7,0.011,0.014,0.0,1.0,0.0,0.0,3.0,10,5,Changeup,1,1,1,1,1,1,1,1,Infield shade,Standard,243,0.02,-0.227,71.8,7.4,,0.019,0.227,88.3,0,0,0.503,0.497,33,25,34,26,1,0,5.0,1.0,5.0,0,3.26,0.77,-0.77,57.3,17.746255339314253,11.769570342654756,27.6101699285444,42.80768398297437,31.923397781915988,batter
CU,2024-08-30,79.4,-1.28,6.32,"Mitchell, Garrett",669003,607259,,foul,,,,,14,,R,L,R,CIN,MIL,S,,,2,1,2024,-0.04,-1.14,0.291982241127224,1.410143197883884,,,,0,2,Top,,,,,,,3.472394704342446,-115.63433900139177,-1.7947074181378395,-1.065414592469495,23.061625992054687,-42.24370266323567,3.41,1.58,3.0,64.0,-24.0,78.2,2638,5.5,746730,571912,642086,663697,669289,682829,668715,670770,666181,54.97,,,,,,,,10,4,Curveball,1,1,1,1,1,1,1,1,Standard,Standard,7,0.007,-0.069,78.7,8.1,,,0.069,88.0,0,0,0.496,0.504,33,25,34,26,1,0,5.0,1.0,5.0,0,4.77,0.04,-0.04,66.1,17.175605654181354,-11.3949508330469,39.06268483356341,32.8524082290117,43.30950768109291,batter
CH,2024-08-30,79.9,-1.5,6.48,"Mitchell, Garrett",669003,607259,,ball,,,,,13,,R,L,R,CIN,MIL,B,,,1,1,2024,-0.94,0.61,-1.2450018814728503,2.0581045266589237,,,,0,2,Top,,,,,,,2.3118783542431403,-116.32979422190692,-4.110511939636033,-8.975047797583365,22.72119489528852,-26.10647999587797,3.40999862339897,1.60890429651528,,,,79.1,2144,5.8,746730,571912,642086,663697,669289,682829,668715,670770,666181,54.72,,,,,,,,10,3,Changeup,1,1,1,1,1,1,1,1,Standard,Standard,232,-0.005,0.053,,,,,-0.053,,0,0,0.501,0.499,33,25,34,26,1,0,5.0,1.0,5.0,0,2.97,0.94,-0.94,61.1,,,,,,batter
FF,2024-08-30,91.4,-1.64,6.31,"Mitchell, Garrett",669003,607259,,ball,,,,,11,,R,L,R,CIN,MIL,B,,,0,1,2024,-0.21,1.52,-0.9743923325810806,3.753923042484818,,,,0,2,Top,,,,,,,2.10632292455644,-133.11652535574,-3.78160887273698,-2.9061938902211266,29.77223715585901,-13.522546335961556,3.45582512664145,1.63646405394343,,,,90.3,2342,5.7,746730,571912,642086,663697,669289,682829,668715,670770,666181,54.82,,,,,,,,10,2,4-Seam Fastball,1,1,1,1,1,1,1,1,Standard,Standard,202,-0.002,0.025,,,,,-0.025,,0,0,0.503,0.497,33,25,34,26,1,0,5.0,1.0,5.0,0,1.21,0.21,-0.21,60.5,,,,,,batter
CU,2024-08-30,78.8,-1.29,6.32,"Mitchell, Garrett",669003,607259,,called_strike,,,,,6,,R,L,R,CIN,MIL,S,,,0,0,2024,0.07,-1.22,0.3598415724215827,2.715260133159448,,,,0,2,Top,,,,,,,3.416799547607772,-114.66430766460404,1.2534676838097576,-0.0435488345952281,22.487623985298075,-43.33928108001743,3.53859682290422,1.63081422512282,,,,77.8,2541,5.7,746730,571912,642086,663697,669289,682829,668715,670770,666181,54.8,,,,,,,,10,1,Curveball,1,1,1,1,1,1,1,1,Standard,Standard,13,0.003,-0.037,,,,,0.037,,0,0,0.5,0.5,33,25,34,26,1,0,5.0,1.0,5.0,0,4.91,-0.07,0.07,61.4,,,,,,batter
SI,2024-08-30,97.5,-1.4,5.71,"Mitchell, Garrett",669003,691172,strikeout,foul_tip,,,,,5,Garrett Mitchell strikes out on a foul tip.,R,L,R,CIN,MIL,S,2.0,,3,2,2024,-1.5,0.26,-0.2456266726047289,2.497107012071321,,,,0,8,Top,,,,,,,6.523733072596278,-141.9171033126364,-3.74250656915812,-21.7199646191031,30.252908752393584,-28.073988457563363,3.43,1.6,,,,97.6,2171,6.1,746665,663886,664034,642708,682622,682829,668715,670770,677956,54.35,,0.0,0.0,1.0,0.0,0.0,,57,6,Sinker,0,4,4,0,4,0,4,0,Infield shade,Standard,231,0.005,-0.333,73.2,6.4,,,0.333,,-4,4,0.035,0.965,26,25,26,26,1,3,21.0,0.0,20.0,1,2.13,1.5,-1.5,25.7,-5.759275888635862,29.17924963652649,34.116674924098724,40.5963889473518,17.180411517476816,batter
SI,2024-08-30,96.8,-1.5,5.7,"Mitchell, Garrett",669003,691172,,foul,,,,,5,,R,L,R,CIN,MIL,S,,,3,1,2024,-1.49,0.37,-0.245920040986173,2.5436520911920217,,,,0,8,Top,,,,,,,6.72128275730158,-140.81673281599228,-3.7341751009696615,-21.387565804562847,30.433197924393607,-26.58172315747836,3.43,1.6,,,,96.7,2240,6.2,746665,663886,664034,642708,682622,682829,668715,670770,677956,54.34,,,,,,,,57,5,Sinker,0,4,4,0,4,0,4,0,Standard,Standard,237,0.001,-0.085,76.0,6.2,,,0.085,,-4,4,0.034,0.966,26,25,26,26,1,3,21.0,0.0,20.0,1,2.05,1.49,-1.49,25.2,-0.8770162050418636,31.359039704790305,34.05186000099583,40.62960910984015,14.999860224586737,batter
SI,2024-08-30,91.2,-1.45,5.69,"Mitchell, Garrett",669003,691172,,ball,,,,,14,,R,L,R,CIN,MIL,B,,,2,1,2024,-1.47,0.12,0.9523677814249408,2.5063693306892456,,,,0,8,Top,,,,,,,9.18465311811692,-132.5328894514527,-2.3407638716003163,-19.267277768678586,28.413224844709244,-30.49240466847727,3.40303828430211,1.62456536391095,,,,91.0,2300,6.3,746665,663886,664034,642708,682622,682829,668715,670770,677956,54.25,,,,,,,,57,4,Sinker,0,4,4,0,4,0,4,0,Standard,Standard,243,-0.001,0.122,,,,,-0.122,,-4,4,0.035,0.965,26,25,26,26,1,3,21.0,0.0,20.0,1,2.63,1.47,-1.47,25.7,,,,,,batter
SI,2024-08-30,97.2,-1.55,5.8,"Mitchell, Garrett",669003,691172,,ball,,,,,13,,R,L,R,CIN,MIL,B,,,1,1,2024,-1.43,0.34,-1.1555430095128283,1.8991594515922607,,,,0,8,Top,,,,,,,4.322056278300301,-141.46236014959717,-5.688135192914206,-20.201416925780467,32.36930166528486,-26.534467960435087,3.42864169648116,1.59859977871626,,,,96.9,2316,6.1,746665,663886,664034,642708,682622,682829,668715,670770,677956,54.39,,,,,,,,57,3,Sinker,0,4,4,0,4,0,4,0,Standard,Standard,233,-0.001,0.053,,,,,-0.053,,-4,4,0.036,0.964,26,25,26,26,1,3,21.0,0.0,20.0,1,2.07,1.43,-1.43,25.6,,,,,,batter
SI,2024-08-30,96.9,-1.45,5.83,"Mitchell, Garrett",669003,691172,,called_strike,,,,,1,,R,L,R,CIN,MIL,S,,,1,0,2024,-0.96,-0.12,-0.603698284777468,3.063227130193273,,,,0,8,Top,,,,,,,4.443402361800681,-141.1333985380703,-1.5839475944167276,-13.81501991404124,31.301618888364647,-33.68038851950837,3.40257714068265,1.59819109907486,,,,96.7,2123,6.1,746665,663886,664034,642708,682622,682829,668715,670770,677956,54.41,,,,,,,,57,2,Sinker,0,4,4,0,4,0,4,0,Standard,Standard,230,0.001,-0.049,,,,,0.049,,-4,4,0.035,0.965,26,25,26,26,1,3,21.0,0.0,20.0,1,2.54,0.96,-0.96,29.1,,,,,,batter
ST,2024-08-30,81.6,-1.7,5.39,"Mitchell, Garrett",669003,686730,home_run,hit_into_play,,,,,5,Garrett Mitchell homers (4) on a fly ball to left center field.,R,L,R,CIN,MIL,X,,fly_ball,0,0,2024,1.2,-0.34,-0.2564773753890443,2.3518000014018456,,,,0,6,Top,71.78,47.11,,,,,0.9514053260163916,-118.8805075850711,0.4317084777421482,11.090709535669966,24.18837704960237,-35.73428779324918,3.43,1.6,399.0,106.0,27.0,81.5,2781,6.3,746665,663886,664034,669289,682622,682829,668715,670770,642708,54.18,0.845,1.693822222222222,2.0,1.0,0.0,3.0,6.0,41,1,Sweeper,0,1,1,0,2,0,2,0,Standard,Standard,70,-0.119,1.114,77.2,7.4,,3.33,-1.114,106.0,-1,1,0.34,0.66,26,25,27,26,1,2,5.0,0.0,3.0,1,3.78,-1.2,1.2,28.7,3.768760149533823,3.859557887563686,37.3717460288658,39.24493393922653,33.5188889411028,batter
FA,2024-08-30,64.1,-2.14,6.4,"Mitchell, Garrett",669003,571912,triple,hit_into_play,,,,,9,Garrett Mitchell triples (1) on a ground ball to right fielder Rece Hinds.,R,L,R,CIN,MIL,X,9.0,ground_ball,0,0,2024,-0.5,1.48,0.6273511641328701,2.113999411944518,,,,1,9,Top,215.08,112.68,,,,,5.526571097117917,-93.21166705987132,-1.4419790487179025,-3.7239754757064767,13.432860766279228,-23.504216727742705,3.43,1.6,42.0,95.5,0.0,63.0,1706,5.3,746665,663886,664034,642708,682622,682829,668715,670770,677956,55.23,0.433,0.39,1.6,1.0,1.0,2.0,2.0,69,1,Other,0,8,8,0,8,0,8,0,Infield shade,Standard,211,0.0,1.088,79.2,7.7,,0.501,-1.088,95.5,-8,8,0.001,0.999,33,25,33,26,1,4,10.0,0.0,,1,4.05,0.5,-0.5,38.2,22.6256642846098,-12.204535477682567,38.82150177761958,27.94511210390924,49.54541459892157,batter
SI,2024-08-30,96.0,-1.43,5.75,"Mitchell, Garrett",669003,691172,,ball,,,,,14,,R,L,R,CIN,MIL,B,,,0,0,2024,-1.33,0.08,0.1307488801130836,1.2531087809524208,,,,0,8,Top,,,,,,,7.076949115879618,-139.62540449639528,-6.490892161070721,-18.995855564814068,29.69038152757046,-29.880452495375323,3.4281796343055,1.62415571045474,,,,95.5,2253,5.9,746665,663886,664034,642708,682622,682829,668715,670770,677956,54.58,,,,,,,,57,1,Sinker,0,4,4,0,4,0,4,0,Standard,Standard,232,-0.001,0.038,,,,,-0.038,,-4,4,0.036,0.964,26,25,26,26,1,3,21.0,0.0,20.0,1,2.38,1.33,-1.33,23.8,,,,,,batter
CU,2024-08-29,79.2,-1.28,6.18,"Mitchell, Garrett",669003,806185,strikeout,swinging_strike_blocked,,,,,14,Garrett Mitchell strikes out swinging.,R,L,R,MIL,SF,S,2.0,,2,2,2024,0.91,-1.41,0.2330759957131828,1.2015068307663732,,,642715.0,2,3,Bot,,,,,,,1.602167828051544,-115.3012426586321,-1.3812764136494722,7.717735114177065,24.183985001639485,-44.56292305515824,3.41,1.58,,,,79.5,2817,6.8,745945,672275,664774,642731,656305,666149,671218,687529,666464,53.74,,0.0,0.0,1.0,0.0,0.0,,27,6,Curveball,3,0,3,0,0,3,3,0,Standard,Standard,37,-0.01,-0.234,75.9,8.2,1.357741992,,0.234,,3,3,0.824,0.824,22,25,23,26,2,1,6.0,5.0,6.0,1,5.08,-0.91,0.91,44.7,15.67700536884546,-10.013830672895867,32.55308910057758,34.924696696147926,41.38122546958402,batter
CH,2024-08-29,87.0,-1.63,5.95,"Mitchell, Garrett",669003,806185,,foul,,,,,1,,R,L,R,MIL,SF,S,,,2,2,2024,-0.72,-0.24,-0.4265126514370302,3.027724435162708,,,642715.0,2,3,Bot,,,,,,,4.393744642042473,-126.54644034304997,-0.2835044495485475,-8.625817387622206,27.54392794564341,-34.92362859421877,3.41,1.58,240.0,84.3,51.0,87.5,1083,6.8,745945,672275,664774,642731,656305,666149,671218,687529,666464,53.7,,,,,,,,27,5,Changeup,3,0,3,0,0,3,3,0,Standard,Standard,266,0.0,0.0,72.8,6.8,,,0.0,88.0,3,3,0.824,0.824,22,25,23,26,2,1,6.0,5.0,6.0,1,3.27,0.72,-0.72,40.9,10.718070946073643,24.06446290746748,26.787602158224217,41.72663263564199,22.453362910475597,batter
FF,2024-08-29,96.7,-1.28,6.17,"Mitchell, Garrett",669003,806185,,ball,,,,,11,,R,L,R,MIL,SF,B,,,1,2,2024,-0.73,1.38,-1.7307855780893544,4.637478487714754,661388.0,,642715.0,2,3,Bot,,,,,,,0.4496332824804265,-140.82084532288843,-1.6751452329195158,-9.744370819377004,32.90249786741266,-13.739480977628777,3.53008515960361,1.70476519387638,,,,97.3,2333,6.6,745945,672275,664774,642731,656305,666149,671218,687529,666464,53.86,,,,,,,,27,4,4-Seam Fastball,2,0,2,0,0,3,3,0,Standard,Standard,221,0.07,0.045,,,,,-0.045,,2,2,0.754,0.754,22,25,23,26,2,1,6.0,5.0,6.0,1,1.06,0.73,-0.73,41.2,,,,,,batter
FF,2024-08-29,95.5,-1.35,6.12,"Mitchell, Garrett",669003,806185,,called_strike,,,,,1,,R,L,R,MIL,SF,S,,,1,1,2024,-0.76,1.56,-0.6871112819989506,3.336267708141845,661388.0,,642715.0,2,3,Bot,,,,,,,3.4588922017044457,-138.92688468227644,-5.218977150349824,-10.558892349436466,33.16151973009625,-10.99409323029966,3.5824989088103,1.64263785920201,,,,95.7,2314,6.6,745945,672275,664774,642731,656305,666149,671218,687529,666464,53.91,,,,,,,,27,3,4-Seam Fastball,2,0,2,0,0,2,2,0,Standard,Standard,214,-0.009,-0.078,,,,,0.078,,2,2,0.763,0.763,22,25,23,26,2,1,6.0,5.0,6.0,1,0.95,0.76,-0.76,37.6,,,,,,batter
CH,2024-08-29,86.1,-1.41,5.85,"Mitchell, Garrett",669003,806185,,called_strike,,,,,4,,R,L,R,MIL,SF,S,,,1,0,2024,-0.83,-0.04,-0.74873094150038,2.8645819234913152,661388.0,,642715.0,2,3,Bot,,,,,,,3.286560544511851,-125.4683105447317,-0.8083497351568552,-9.381558451023066,24.21431436169865,-32.599279933952346,3.5273361105727,1.54899305257579,,,,87.1,1250,6.8,745945,672275,664774,642731,656305,666149,671218,687529,666464,53.74,,,,,,,,27,2,Changeup,2,0,2,0,0,2,2,0,Standard,Standard,265,-0.003,-0.045,,,,,0.045,,2,2,0.766,0.766,22,25,23,26,2,1,6.0,5.0,6.0,1,3.09,0.83,-0.83,36.5,,,,,,batter
CU,2024-08-29,79.0,-1.19,6.06,"Mitchell, Garrett",669003,806185,,blocked_ball,,,,,14,,R,L,R,MIL,SF,B,,,0,0,2024,0.58,-1.15,1.6536976783913535,-0.9737676635232582,661388.0,,642715.0,2,3,Bot,,,,,,,5.161561537020341,-114.8648654970765,-6.307171929159274,3.979439094466448,24.01476591494897,-41.1954285340713,3.57474853016359,1.68568105968727,,,,79.2,2701,6.7,745945,672275,664774,642731,656305,666149,671218,687529,666464,53.76,,,,,,,,27,1,Curveball,2,0,2,0,0,2,2,0,Standard,Standard,31,0.001,0.03,,,,,-0.03,,2,2,0.765,0.765,22,25,23,26,2,1,6.0,5.0,6.0,1,4.85,-0.58,0.58,43.6,,,,,,batter
CU,2024-08-29,77.3,-2.39,5.23,"Mitchell, Garrett",669003,694738,walk,blocked_ball,,,,,14,Garrett Mitchell walks.,R,L,R,MIL,SF,B,,,3,2,2024,1.41,-0.96,1.6058918771032065,0.4676751678241482,,,,1,7,Bot,,,,,,,5.948832533725622,-112.26608461322124,-1.2466098068850036,10.433386879005065,24.974418730755097,-40.169109478646135,3.62810859738543,1.58466957918788,,,,76.8,3031,6.6,745945,672275,664774,642731,656305,666149,671218,687529,666464,53.94,,0.689131,0.7,1.0,0.0,0.0,,58,6,Curveball,6,0,6,0,0,6,6,0,Standard,Standard,45,0.001,0.348,,,,,-0.348,,6,6,0.992,0.992,25,25,26,26,1,3,2.0,5.0,3.0,1,4.87,-1.41,1.41,31.6,,,,,,batter
CH,2024-08-29,87.8,-2.37,4.96,"Mitchell, Garrett",669003,694738,,ball,,,,,13,,R,L,R,MIL,SF,B,,,2,2,2024,-1.58,0.23,-0.2631275492882776,1.218410029316432,,,,1,7,Bot,,,,,,,8.461802055390166,-127.5315043831605,-3.410619757839369,-19.011270196610425,25.998454332531992,-29.194842789553977,3.62270577967193,1.65520240384455,,,,88.6,1851,6.8,745945,672275,664774,642731,656305,666149,671218,687529,666464,53.65,,,,,,,,58,5,Changeup,6,0,6,0,0,6,6,0,Standard,Standard,254,0.0,0.108,,,,,-0.108,,6,6,0.992,0.992,25,25,26,26,1,3,2.0,5.0,3.0,1,2.74,1.58,-1.58,26.3,,,,,,batter
FF,2024-08-29,95.5,-1.44,6.27,"Mitchell, Garrett",669003,806185,home_run,hit_into_play,,,,,2,Garrett Mitchell homers (3) on a fly ball to right center field.,R,L,R,MIL,SF,X,,fly_ball,1,0,2024,-0.61,1.22,0.0698011755737256,3.235172399437427,,,,1,2,Bot,194.32,56.65,,,,,5.361332200104588,-138.99198693775975,-5.125103499810726,-9.106709191495792,31.66976462433577,-15.408174156676903,3.41,1.58,390.0,103.1,24.0,95.8,2274,6.5,745945,672275,664774,642731,656305,666149,671218,687529,666464,54.0,0.656,1.1985087719298244,2.0,1.0,0.0,3.0,6.0,14,2,4-Seam Fastball,0,0,0,0,0,1,1,0,Standard,Standard,214,0.105,1.544,76.4,7.7,,2.292,-1.544,103.1,0,0,0.531,0.531,22,25,23,26,1,0,6.0,5.0,6.0,1,1.28,0.61,-0.61,41.1,18.38703054242374,-6.772754059347803,28.09770071613236,36.91834257245887,34.882869117600606,batter
FF,2024-08-29,94.6,-1.53,6.17,"Mitchell, Garrett",669003,806185,,ball,,,,,1,,R,L,R,MIL,SF,B,,,0,0,2024,-0.81,1.22,-0.8119129924641005,3.041071354353572,,,,1,2,Bot,,,,,,,3.69819735763354,-137.5891999111316,-5.194714522433864,-11.150024102321648,32.02380111232885,-15.716444202007812,3.5606843609505,1.60889821028899,,,,94.7,2267,6.5,745945,672275,664774,642731,656305,666149,671218,687529,666464,53.99,,,,,,,,14,1,4-Seam Fastball,0,0,0,0,0,0,0,0,Standard,Standard,217,0.003,0.039,,,,,-0.039,,0,0,0.528,0.528,22,25,23,26,1,0,6.0,5.0,6.0,1,1.34,0.81,-0.81,39.3,,,,,,batter
FF,2024-08-29,93.0,-2.18,5.23,"Mitchell, Garrett",669003,694738,,ball,,,,,11,,R,L,R,MIL,SF,B,,,1,2,2024,-0.98,0.87,-1.0452577825438736,3.6232294498983473,,,,1,7,Bot,,,,,,,5.099687353191482,-135.37132744340994,-0.2422810163381783,-13.176388061955423,29.38671280206196,-21.6669237394002,3.57731383736489,1.64771861728038,,,,93.7,1993,6.7,745945,672275,664774,642731,656305,666149,671218,687529,666464,53.82,,,,,,,,58,4,4-Seam Fastball,6,0,6,0,0,6,6,0,Standard,Standard,241,0.0,0.043,,,,,-0.043,,6,6,0.992,0.992,25,25,26,26,1,3,2.0,5.0,3.0,1,1.77,0.98,-0.98,33.2,,,,,,batter
CU,2024-08-29,77.3,-2.47,5.32,"Mitchell, Garrett",669003,694738,,ball,,,,,13,,R,L,R,MIL,SF,B,,,0,2,2024,1.35,-0.78,-0.3712705889386847,0.5318454426753796,,,,1,7,Bot,,,,,,,2.011342043118912,-112.53771167365896,-1.7132633316867405,10.8655414201784,24.20288256450745,-38.60108776979864,3.46705089295756,1.57526885131912,,,,76.8,2927,6.3,745945,672275,664774,642731,656305,666149,671218,687529,666464,54.16,,,,,,,,58,3,Curveball,6,0,6,0,0,6,6,0,Standard,Standard,53,0.0,0.02,,,,,-0.02,,6,6,0.992,0.992,25,25,26,26,1,3,2.0,5.0,3.0,1,4.65,-1.35,1.35,30.3,,,,,,batter
CU,2024-08-29,78.0,-2.44,5.19,"Mitchell, Garrett",669003,694738,,swinging_strike,,,,,8,,R,L,R,MIL,SF,S,,,0,1,2024,1.29,-0.71,0.0184173525757338,1.4770898497438003,,,,1,7,Bot,,,,,,,2.92963709849294,-113.5646704092086,0.2861508974546725,10.428554060058902,23.45012539794926,-38.54103840286571,3.41,1.58,,,,77.8,2926,6.4,745945,672275,664774,642731,656305,666149,671218,687529,666464,54.11,,,,,,,,58,2,Curveball,6,0,6,0,0,6,6,0,Standard,Standard,55,0.0,-0.057,75.0,8.4,1.426469016,,0.057,,6,6,0.992,0.992,25,25,26,26,1,3,2.0,5.0,3.0,1,4.49,-1.29,1.29,31.1,19.78490178970576,-11.050912716747984,36.43315407897797,37.24896753553275,37.84647680981736,batter
CH,2024-08-29,87.6,-2.48,4.99,"Mitchell, Garrett",669003,694738,,swinging_strike,,,,,13,,R,L,R,MIL,SF,S,,,0,0,2024,-1.21,0.09,-0.0116399678560652,1.0811269042956324,,,,1,7,Bot,,,,,,,8.515148096584662,-127.4700037463514,-3.6025861579320315,-14.79634164987468,22.68210016181201,-30.650232818614256,3.41,1.58,,,,88.7,1775,6.7,745945,672275,664774,642731,656305,666149,671218,687529,666464,53.82,,,,,,,,58,1,Changeup,6,0,6,0,0,6,6,0,Standard,Standard,259,0.0,-0.037,80.0,8.7,4.430186772,,0.037,,6,6,0.992,0.992,25,25,26,26,1,3,2.0,5.0,3.0,1,2.84,1.21,-1.21,19.5,24.765609861989457,-14.676056066994397,38.88865139445671,39.18517333809436,46.656387511478485,batter
SI,2024-08-29,95.0,-1.34,6.26,"Mitchell, Garrett",669003,663546,single,hit_into_play,,,,,5,Garrett Mitchell singles on a ground ball to center fielder Grant McCray.,R,L,R,MIL,SF,X,8.0,ground_ball,1,1,2024,-1.5,0.43,0.0234197872643571,2.3324343288659435,,,,0,5,Bot,142.0,98.7,,,,,6.979625593451186,-138.15082983740086,-5.6148983409893125,-20.75361241596898,31.136922351465227,-25.643860361677717,3.41,1.58,10.0,104.2,-13.0,95.6,2296,6.7,745945,672275,664774,642731,656305,666149,671218,687529,666464,53.81,0.332,0.352,0.9,1.0,1.0,0.0,2.0,43,3,Sinker,6,0,6,0,0,6,6,0,Standard,Standard,226,0.003,0.46,66.1,6.9,,0.339,-0.46,104.2,6,6,0.978,0.978,27,25,27,26,1,2,1.0,5.0,5.0,1,2.11,1.5,-1.5,28.8,12.255453181620869,19.329785196620907,34.439181125342515,37.15955148705437,23.16636015829434,batter
FC,2024-08-29,92.6,-1.6,6.18,"Mitchell, Garrett",669003,663546,,ball,,,,,12,,R,L,R,MIL,SF,B,,,0,1,2024,-0.43,0.76,1.5843616064370345,3.310045259664867,,,,0,5,Bot,,,,,,,9.156964602044589,-134.5468826448311,-3.2251099772131315,-7.124876979520526,27.696809071781487,-22.42256976527645,3.68150886948109,1.69071133115705,,,,93.7,2230,6.9,745945,672275,664774,642731,656305,666149,671218,687529,666464,53.61,,,,,,,,43,2,Cutter,6,0,6,0,0,6,6,0,Standard,Standard,219,0.0,0.025,,,,,-0.025,,6,6,0.978,0.978,27,25,27,26,1,2,1.0,5.0,5.0,1,1.9,0.43,-0.43,29.2,,,,,,batter
SI,2024-08-29,94.4,-1.67,6.2,"Mitchell, Garrett",669003,663546,,missed_bunt,,,,,4,,R,L,R,MIL,SF,S,,,0,0,2024,-1.37,0.32,-0.3143343091651873,2.495445619922706,,,,0,5,Bot,,,,,,,6.637347419466908,-137.33063413528592,-4.7017778469554425,-18.805507054128068,30.99917069613561,-27.234650831585917,3.41,1.58,,,,95.2,2285,6.8,745945,672275,664774,642731,656305,666149,671218,687529,666464,53.7,,,,,,,,43,1,Sinker,6,0,6,0,0,6,6,0,Standard,Standard,226,0.0,-0.037,21.3,2.7,,,0.037,,6,6,0.978,0.978,27,25,27,26,1,2,1.0,5.0,5.0,1,2.24,1.37,-1.37,26.6,8.184780536055762,-9.117248725088755,6.30461901253102,41.34516717229511,37.542301389232335,batter
SL,2024-08-24,88.4,-1.3,6.16,"Mitchell, Garrett",669003,671212,strikeout,called_strike,,,,,8,Garrett Mitchell called out on strikes.,R,L,R,ATH,MIL,S,2.0,,3,2,2024,0.28,-0.09,0.2285505786894955,2.0406364833582824,,642715.0,,2,3,Top,,,,,,,3.180148423579847,-128.9141216647728,-3.904220872823,2.5647618118388595,23.07823330501352,-32.69696960988426,3.44756276135749,1.54999954704168,,,,89.5,2618,6.5,745617,669127,664913,680869,663527,680474,609280,668709,671732,53.95,,0.0,0.0,1.0,0.0,0.0,,23,6,Slider,1,3,3,1,3,1,3,1,Standard,Standard,80,0.029,-0.298,,,,,0.298,,-2,2,0.299,0.701,24,25,25,26,2,1,5.0,2.0,5.0,5,2.96,-0.28,0.28,42.6,,,,,,batter
SL,2024-08-24,89.9,-1.21,6.15,"Mitchell, Garrett",669003,671212,,ball,,,,,12,,R,L,R,ATH,MIL,B,,,2,2,2024,0.37,-0.1,0.9730354556954663,3.8191507469516135,,642715.0,,2,3,Top,,,,,,,4.637947750546453,-131.037806139296,0.3457528670329406,3.4888038791638394,24.30032313805864,-33.64730265226176,3.42699420821716,1.55000047383541,,,,90.7,2657,6.4,745617,669127,664913,680869,663527,680474,609280,668709,671732,54.06,,,,,,,,23,5,Slider,1,3,3,1,3,1,3,1,Standard,Standard,88,-0.005,0.049,,,,,-0.049,,-2,2,0.304,0.696,24,25,25,26,2,1,5.0,2.0,5.0,5,2.89,-0.37,0.37,44.7,,,,,,batter
FF,2024-08-24,98.9,-1.06,6.06,"Mitchell, Garrett",669003,671212,,foul,,,,,5,,R,L,R,ATH,MIL,S,,,2,1,2024,-0.83,1.44,0.2690522606459639,2.5165813701098547,,642715.0,,2,3,Top,,,,,,,5.577227411410145,-143.7674386262237,-7.646833852074039,-12.766232660597309,32.24854335014323,-10.592334912110504,3.38,1.55,122.0,83.4,8.0,99.5,2637,6.6,745617,669127,664913,680869,663527,680474,609280,668709,671732,53.88,,,,,,,,23,4,4-Seam Fastball,1,3,3,1,3,1,3,1,Standard,Standard,209,0.005,-0.062,75.2,6.9,,,0.062,88.0,-2,2,0.299,0.701,24,25,25,26,2,1,5.0,2.0,5.0,5,0.89,0.83,-0.83,41.2,10.075082789234749,11.933335738387342,36.556184314728576,34.41724565164844,26.347222604976288,batter
SL,2024-08-24,89.5,-1.39,6.13,"Mitchell, Garrett",669003,671212,,swinging_strike,,,,,13,,R,L,R,ATH,MIL,S,,,2,0,2024,0.45,-0.22,-0.1683925668827491,1.3673329877866194,,642715.0,,2,3,Top,,,,,,,2.0891350392763552,-130.30809009623448,-5.329377961237358,4.692260041280123,26.47324805261543,-33.81222615248957,3.38,1.55,,,,90.0,2689,6.5,745617,669127,664913,680869,663527,680474,609280,668709,671732,53.99,,,,,,,,23,3,Slider,1,3,3,1,3,1,3,1,Infield shade,Standard,94,0.001,-0.028,50.1,7.1,3.146474388,,0.028,,-2,2,0.298,0.702,24,25,25,26,2,1,5.0,2.0,5.0,5,3.05,-0.45,0.45,43.2,5.928983930470829,11.634855719960491,30.090064796550525,39.186583108055856,24.36753024230194,batter
FF,2024-08-24,98.2,-1.24,6.13,"Mitchell, Garrett",669003,671212,,ball,,,,,12,,R,L,R,ATH,MIL,B,,,1,0,2024,-0.36,1.36,0.914825521246378,3.73092236080001,,642715.0,,2,3,Top,,,,,,,6.7142728150818005,-142.87558681057934,-4.2001101659969375,-6.540471413462455,33.22611570473935,-12.734702822493,3.45672145757283,1.54999990097861,,,,98.6,2676,6.6,745617,669127,664913,680869,663527,680474,609280,668709,671732,53.95,,,,,,,,23,2,4-Seam Fastball,1,3,3,1,3,1,3,1,Standard,Standard,211,-0.001,0.024,,,,,-0.024,,-2,2,0.299,0.701,24,25,25,26,2,1,5.0,2.0,5.0,5,1.0,0.36,-0.36,43.9,,,,,,batter
FF,2024-08-24,99.0,-1.19,6.08,"Mitchell, Garrett",669003,671212,,ball,,,,,14,,R,L,R,ATH,MIL,B,,,0,0,2024,-0.97,1.48,0.1111218663733798,1.3658665297542418,,642715.0,,2,3,Top,,,,,,,5.817755547076635,-143.64902237143716,-10.85187349918015,-14.7603530307381,33.86048303784368,-9.36887307570736,3.43955055377529,1.60798634717482,,,,99.1,2596,6.5,745617,669127,664913,680869,663527,680474,609280,668709,671732,53.98,,,,,,,,23,1,4-Seam Fastball,1,3,3,1,3,1,3,1,Standard,Standard,214,-0.001,0.014,,,,,-0.014,,-2,2,0.3,0.7,24,25,25,26,2,1,5.0,2.0,5.0,5,0.87,0.97,-0.97,40.2,,,,,,batter
FF,2024-08-24,98.5,-1.98,5.52,"Mitchell, Garrett",669003,671305,field_out,hit_into_play,,,,,3,Garrett Mitchell flies out to shortstop Max Schuemann.,R,L,R,ATH,MIL,X,6.0,fly_ball,3,2,2024,-0.93,1.49,0.3518759811052572,3.2343300790228326,642715.0,,656555.0,1,9,Top,118.78,128.01,,,,,8.527665325337074,-143.2523094617911,-4.218086382045079,-14.783430357342876,32.972454894556314,-10.893110154020132,3.38,1.55,179.0,80.9,60.0,99.0,2459,6.6,745617,669127,664913,680869,663527,680474,609280,668709,663662,53.91,0.024,0.027,0.0,1.0,0.0,0.0,3.0,76,7,4-Seam Fastball,4,9,9,4,9,4,9,4,Strategic,Standard,218,0.002,-0.129,78.6,7.3,,0.036,0.129,88.0,-5,5,0.004,0.996,26,25,27,26,1,4,2.0,2.0,3.0,5,0.86,0.93,-0.93,28.8,26.66972596886073,-1.1810506136378571,31.72070847832231,32.88989322015535,26.60729344273214,batter
SL,2024-08-24,85.9,-1.92,5.51,"Mitchell, Garrett",669003,671305,,blocked_ball,,,,,14,,R,L,R,ATH,MIL,B,,,2,2,2024,0.48,0.63,1.5313606086859213,0.1623203953318723,642715.0,,656555.0,1,9,Top,,,,,,,7.232589900689506,-124.93430880601188,-7.816079448184623,3.924569674818114,20.88505721611204,-24.3559209493438,3.41917032742324,1.54999983981834,,,,86.9,2093,6.5,745617,669127,664913,680869,663527,680474,609280,668709,663662,53.96,,,,,,,,76,6,Slider,4,9,9,4,9,4,9,4,Strategic,Standard,39,0.0,0.078,,,,,-0.078,,-5,5,0.004,0.996,26,25,27,26,1,4,2.0,2.0,3.0,5,2.42,-0.48,0.48,29.2,,,,,,batter
SI,2024-08-24,98.2,-2.07,5.47,"Mitchell, Garrett",669003,671305,,foul,,,,,1,,R,L,R,ATH,MIL,S,,,2,2,2024,-1.02,1.12,-0.3346738860451536,3.003106488389667,642715.0,,656555.0,1,9,Top,,,,,,,7.115788104134203,-142.91734902282977,-3.871100461900472,-15.59234849310179,29.80105727447817,-16.127209808355044,3.38,1.55,210.0,81.4,19.0,99.1,2476,6.6,745617,669127,664913,680869,663527,680474,609280,668709,663662,53.92,,,,,,,,76,5,Sinker,4,9,9,4,9,4,9,4,Strategic,Standard,220,0.0,0.0,66.6,5.8,,,0.0,88.0,-5,5,0.004,0.996,26,25,27,26,1,4,2.0,2.0,3.0,5,1.23,1.02,-1.02,31.1,-5.959372154145787,30.36515975149494,31.02811136051258,41.04387580071666,7.96976926039428,batter
FF,2024-08-24,98.0,-2.01,5.56,"Mitchell, Garrett",669003,671305,,foul,,,,,2,,R,L,R,ATH,MIL,S,,,2,1,2024,-0.58,1.59,-0.0301426048560069,3.264484744462013,642715.0,,656555.0,1,9,Top,,,,,,,6.725406167601224,-142.5374100555676,-4.3983306571058485,-9.564713870061755,34.25790015157113,-9.723302115969243,3.38,1.55,258.0,77.1,39.0,98.2,2434,6.6,745617,669127,664913,680869,663527,680474,609280,668709,663662,53.94,,,,,,,,76,4,4-Seam Fastball,4,9,9,4,9,4,9,4,Strategic,Standard,221,0.0,-0.074,71.6,6.7,,,0.074,88.0,-5,5,0.004,0.996,26,25,27,26,1,4,2.0,2.0,3.0,5,0.8,0.58,-0.58,30.1,7.256722828265316,17.245943345547616,30.39906079471801,38.54277990367109,20.633146967960805,batter
SL,2024-08-24,86.3,-1.9,5.61,"Mitchell, Garrett",669003,671305,,blocked_ball,,,,,14,,R,L,R,ATH,MIL,B,,,1,1,2024,0.02,0.5,1.999261373764087,0.502017762296922,642715.0,,656555.0,1,9,Top,,,,,,,9.243857546670665,-125.04022215256616,-6.708851039305864,-2.208675888907702,33.26330959495939,-25.4774783165253,3.38876639614487,1.54999984362069,,,,85.3,1959,6.6,745617,669127,664913,680869,663527,680474,609280,668709,663662,53.86,,,,,,,,76,3,Slider,4,9,9,4,9,4,9,4,Standard,Standard,46,0.0,0.024,,,,,-0.024,,-5,5,0.004,0.996,26,25,27,26,1,4,2.0,2.0,3.0,5,2.67,-0.02,0.02,31.0,,,,,,batter
SL,2024-08-24,85.7,-1.96,5.64,"Mitchell, Garrett",669003,671305,,swinging_strike_blocked,,,,,14,,R,L,R,ATH,MIL,S,,,1,0,2024,0.14,0.25,0.6790912796990155,0.6058700323856585,642715.0,,656555.0,1,9,Top,,,,,,,5.9684751758270185,-124.55512550105244,-6.066200264949527,0.1346329028342565,26.67501930992003,-28.516762451827542,3.38,1.55,,,,85.6,2018,6.4,745617,669127,664913,680869,663527,680474,609280,668709,663662,54.09,,,,,,,,76,2,Slider,4,9,9,4,9,4,9,4,Standard,Standard,79,0.0,-0.062,72.6,8.8,7.594852488,,0.062,,-5,5,0.004,0.996,26,25,27,26,1,4,2.0,2.0,3.0,5,2.88,-0.14,0.14,31.5,31.45691354148534,-34.499019075362725,42.30072915681334,31.465308280382423,51.07084797860889,batter
FF,2024-08-24,98.7,-2.15,5.45,"Mitchell, Garrett",669003,671305,,ball,,,,,14,,R,L,R,ATH,MIL,B,,,0,0,2024,-1.18,1.49,0.9917105005261488,1.9562376011530704,642715.0,,656555.0,1,9,Top,,,,,,,11.294001704188776,-143.1674674427248,-7.495169070530236,-18.851317184728742,34.64806021227061,-10.028679867242593,3.39441006512713,1.54987724223701,,,,98.7,2510,6.6,745617,669127,664913,680869,663527,680474,609280,668709,663662,53.95,,,,,,,,76,1,4-Seam Fastball,4,9,9,4,9,4,9,4,Standard,Standard,225,0.0,0.024,,,,,-0.024,,-5,5,0.004,0.996,26,25,27,26,1,4,2.0,2.0,3.0,5,0.87,1.18,-1.18,27.0,,,,,,batter
SI,2024-08-24,94.0,-1.21,5.62,"Mitchell, Garrett",669003,669372,double,hit_into_play,,,,,6,Garrett Mitchell doubles (8) on a fly ball to left fielder Miguel Andujar. Jake Bauers scores.,R,L,R,ATH,MIL,X,7.0,fly_ball,2,2,2024,-1.12,0.75,0.5603227220999065,2.745008056047932,,,641343.0,2,8,Top,59.87,140.03,,,,,7.120725466026269,-136.76709690739364,-3.490045640057611,-15.519544858716928,26.24418283917107,-22.20951457306325,3.38,1.55,209.0,80.7,58.0,95.3,1994,6.8,745617,669127,664913,680869,663527,680474,609280,668709,663662,53.73,0.029,0.03,1.25,1.0,1.0,1.0,3.0,64,5,Sinker,4,5,5,4,6,4,6,4,Infield shade,Standard,224,-0.141,0.901,76.5,6.7,,0.038,-0.901,88.0,-1,1,0.287,0.713,25,25,25,26,1,3,3.0,2.0,5.0,5,1.81,1.12,-1.12,41.9,8.433595170581947,-1.6286904282208388,37.65237751959761,29.52414546730805,24.15695081325576,batter
SL,2024-08-24,86.3,-1.28,6.25,"Mitchell, Garrett",669003,671212,field_out,hit_into_play,,,,,6,"Garrett Mitchell grounds out, second baseman Zack Gelof to first baseman Seth Brown. Willy Adames scores. Jake Bauers to 3rd. Rhys Hoskins to 2nd.",R,L,R,ATH,MIL,X,4.0,ground_ball,1,1,2024,0.63,-0.25,0.758572025728107,2.576939317175471,642715.0,641343.0,656555.0,0,2,Top,144.95,164.34,,,,,3.575333717224221,-125.7685469869556,-2.049635590809117,5.9930476958844325,25.01775989452245,-34.58539456441731,3.38,1.55,2.0,52.1,-47.0,86.8,2701,6.5,745617,669127,664913,680869,663527,680474,609280,668709,671732,54.03,0.266,0.301,0.0,1.0,0.0,0.0,1.0,11,3,Slider,1,0,0,1,1,1,1,1,Standard,Standard,66,-0.017,-0.193,69.6,6.4,,0.273,0.193,88.0,1,-1,0.426,0.574,24,25,25,26,1,0,5.0,2.0,5.0,5,3.29,-0.63,0.63,45.7,1.9193226098662448,12.489120161687705,34.76085151681749,27.741244779961367,22.86625633339562,batter
SI,2024-08-24,92.7,-1.31,5.61,"Mitchell, Garrett",669003,669372,,called_strike,,,,,2,,R,L,R,ATH,MIL,S,,,2,1,2024,-1.1,0.58,-0.1429373380388139,2.9948700545921105,,,641343.0,2,8,Top,,,,,,,5.440940292159247,-135.06838460598146,-2.2233099331498702,-14.689142080438565,26.71679293924531,-24.79557578392494,3.31731932586079,1.54854418514477,,,,93.7,1996,6.6,745617,669127,664913,680869,663527,680474,609280,668709,663662,53.9,,,,,,,,64,4,Sinker,4,5,5,4,5,4,5,4,Standard,Standard,222,0.006,-0.072,,,,,0.072,,-1,1,0.281,0.719,25,25,25,26,1,3,3.0,2.0,5.0,5,2.05,1.1,-1.1,44.5,,,,,,batter
FF,2024-08-24,93.7,-1.44,5.64,"Mitchell, Garrett",669003,669372,,ball,,,,,11,,R,L,R,ATH,MIL,B,,,1,1,2024,-0.62,1.19,-0.3571106794312846,4.267604903164731,,,641343.0,2,8,Top,,,,,,,4.180740734688584,-136.5005320570484,-0.494796206924527,-8.594518515721477,27.384444246888567,-17.245050434573717,3.29969229394305,1.5500002029526,,,,94.5,2073,6.5,745617,669127,664913,680869,663527,680474,609280,668709,663662,53.99,,,,,,,,64,3,4-Seam Fastball,4,5,5,4,5,4,5,4,Standard,Standard,221,-0.003,0.05,,,,,-0.05,,-1,1,0.284,0.716,25,25,25,26,1,3,3.0,2.0,5.0,5,1.38,0.62,-0.62,44.4,,,,,,batter
SL,2024-08-24,88.0,-1.18,6.19,"Mitchell, Garrett",669003,671212,,ball,,,,,14,,R,L,R,ATH,MIL,B,,,0,1,2024,0.34,0.13,1.666496172796653,2.027757629611729,642715.0,641343.0,656555.0,0,2,Top,,,,,,,6.209128854074175,-128.0645869827917,-4.31035882071621,2.565903110796479,25.57062753304506,-30.022619125899173,3.46309304036419,1.55252843042468,,,,88.5,2650,6.5,745617,669127,664913,680869,663527,680474,609280,668709,671732,54.01,,,,,,,,11,2,Slider,1,0,0,1,0,1,0,1,Standard,Standard,97,-0.007,0.014,,,,,-0.014,,1,-1,0.433,0.567,24,25,25,26,1,0,5.0,2.0,5.0,5,2.8,-0.34,0.34,45.5,,,,,,batter
CH,2024-08-24,86.1,-1.56,5.48,"Mitchell, Garrett",669003,669372,,swinging_strike,,,,,14,,R,L,R,ATH,MIL,S,,,1,0,2024,-1.07,0.08,0.1550170274493461,1.1047483202333446,,,641343.0,2,8,Top,,,,,,,6.305466468082378,-125.28399365274734,-4.366842677848071,-12.487860555179216,23.65534507423134,-30.732820651683767,3.38,1.55,,,,87.2,1533,6.8,745617,669127,664913,680869,663527,680474,609280,668709,663662,53.67,,,,,,,,64,2,Changeup,4,5,5,4,5,4,5,4,Standard,Standard,231,0.003,-0.048,74.6,9.0,10.879706796,,0.048,,-1,1,0.281,0.719,25,25,25,26,1,3,3.0,2.0,5.0,5,2.98,1.07,-1.07,42.6,31.394646983039085,-41.10006694537879,38.46990064438782,34.472396261072376,57.335292169786406,batter
FF,2024-08-24,98.2,-1.17,6.21,"Mitchell, Garrett",669003,671212,,foul,,,,,3,,R,L,R,ATH,MIL,S,,,0,0,2024,-0.49,1.44,0.506452218580981,3.157611548125043,642715.0,641343.0,656555.0,0,2,Top,,,,,,,5.70232505225329,-142.82103585466504,-6.102573909652763,-8.092549071808275,34.43368923979275,-11.310515584454068,3.38,1.55,95.0,80.7,84.0,98.4,2409,6.5,745617,669127,664913,680869,663527,680474,609280,668709,671732,53.99,,,,,,,,11,1,4-Seam Fastball,1,0,0,1,0,1,0,1,Standard,Standard,216,0.01,-0.042,78.8,7.4,,,0.042,88.0,1,-1,0.423,0.577,24,25,25,26,1,0,5.0,2.0,5.0,5,0.94,0.49,-0.49,45.7,17.557222467638375,-9.828622006783052,31.123118260568862,31.424382628280945,32.248537157590505,batter
CH,2024-08-24,86.4,-1.42,5.49,"Mitchell, Garrett",669003,669372,,blocked_ball,,,,,14,,R,L,R,ATH,MIL,B,,,0,0,2024,-1.32,0.25,0.2852601408504742,0.2596212719028417,,,641343.0,2,8,Top,,,,,,,6.774358421035398,-125.45481985035012,-6.702745499213991,-15.29217683485789,27.32911839174016,-28.298171794302068,3.34682182650355,1.54891774500389,,,,86.6,1467,6.7,745617,669127,664913,680869,663527,680474,609280,668709,663662,53.79,,,,,,,,64,1,Changeup,4,5,5,4,5,4,5,4,Standard,Standard,228,-0.002,0.034,,,,,-0.034,,-1,1,0.283,0.717,25,25,25,26,1,3,3.0,2.0,5.0,5,2.84,1.32,-1.32,42.0,,,,,,batter
ST,2024-08-24,77.4,2.03,5.6,"Mitchell, Garrett",669003,519008,single,hit_into_play,,,,,9,Garrett Mitchell singles on a bunt ground ball to second baseman Zack Gelof.,R,L,L,ATH,MIL,X,4.0,ground_ball,1,0,2024,-1.62,-0.15,0.3303217356980392,1.7283239289599337,,,,0,6,Top,132.95,162.86,,,,,-0.6704125842788029,-112.73973135344625,-1.0431495578032906,-13.622760391595712,21.27080855473546,-33.45592804881298,3.38,1.55,59.0,40.1,14.0,76.2,2368,5.5,745617,669127,664913,680869,663527,680474,609280,668709,671732,55.03,0.243,0.226,0.9,1.0,1.0,0.0,1.0,43,2,Sweeper,1,5,5,1,5,1,5,1,Standard,Standard,295,-0.009,0.083,25.2,3.0,,0.25,-0.083,88.0,-4,4,0.081,0.919,35,25,35,26,1,2,2.0,2.0,1.0,5,3.96,-1.62,-1.62,17.8,-30.627341598204183,-21.4759792914774,35.46461200329077,33.664553190775045,35.88059926213568,batter
ST,2024-08-24,77.0,2.13,5.64,"Mitchell, Garrett",669003,519008,,ball,,,,,12,,R,L,L,ATH,MIL,B,,,0,0,2024,-1.54,-0.26,1.101726678403353,2.508510975665279,,,,0,6,Top,,,,,,,0.6000911287800985,-112.15458300674872,0.7486543317110488,-13.129006520072103,20.346508527855946,-34.68449075060413,3.18768506715772,1.47667674761821,,,,75.9,2400,5.5,745617,669127,664913,680869,663527,680474,609280,668709,671732,55.03,,,,,,,,43,1,Sweeper,1,5,5,1,5,1,5,1,Standard,Standard,296,-0.001,0.038,,,,,-0.038,,-4,4,0.082,0.918,35,25,35,26,1,2,2.0,2.0,1.0,5,4.09,-1.54,-1.54,24.8,,,,,,batter
SL,2024-08-22,86.6,-2.45,6.67,"Mitchell, Garrett",669003,571945,field_out,hit_into_play,,,,,8,"Garrett Mitchell grounds out sharply, first baseman Alec Burleson to pitcher Miles Mikolas.",R,L,R,STL,MIL,X,3.0,ground_ball,1,2,2024,0.3,0.26,0.0451965990700905,1.813852901764907,,,,2,6,Top,172.44,159.12,,,,,5.322217713126844,-126.03554318166294,-5.951163935193837,2.238535610772755,23.76396691234936,-28.45809186920392,3.35,1.54,5.0,107.8,-19.0,86.7,2449,6.2,745137,575929,676475,680977,571448,691026,502054,687363,663457,54.3,0.192,0.223,0.0,1.0,0.0,0.0,2.0,43,4,Slider,0,0,0,0,0,0,0,0,Infield shade,Standard,152,0.012,-0.18,77.1,7.8,,0.199,0.18,107.8,0,0,0.564,0.436,35,25,36,26,3,2,6.0,1.0,5.0,2,2.76,-0.3,0.3,51.1,11.418221354417396,-8.884791626485933,38.05269721275656,33.6756464347471,34.019096989328936,batter
FF,2024-08-22,93.2,-3.08,6.19,"Mitchell, Garrett",669003,571945,,foul,,,,,3,,R,L,R,STL,MIL,S,,,1,1,2024,-0.3,1.19,0.338705777203722,2.9262666612529227,,,,2,6,Top,,,,,,,9.455608165724374,-135.47875494767192,-5.273309456390653,-5.699014325447598,27.662512365760836,-16.57156202026402,3.35,1.54,135.0,65.3,66.0,93.6,2298,6.4,745137,575929,676475,680977,571448,691026,502054,687363,663457,54.09,,,,,,,,43,3,4-Seam Fastball,0,0,0,0,0,0,0,0,Standard,Standard,218,0.004,-0.064,71.1,7.0,,,0.064,88.0,0,0,0.56,0.44,35,25,36,26,3,2,6.0,1.0,5.0,2,1.43,0.3,-0.3,40.3,9.953257925119038,9.815885921351054,33.3763654790994,31.22836034040453,26.01399997718158,batter
CH,2024-08-22,85.4,-3.06,6.02,"Mitchell, Garrett",669003,571945,,ball,,,,,13,,R,L,R,STL,MIL,B,,,0,1,2024,-1.49,0.05,-1.564787629004212,2.3627634143046903,,,,2,6,Top,,,,,,,6.533527218993164,-124.23387621581615,-2.390462636024413,-16.79405630878479,25.7681477086466,-31.37381325746242,3.55256114614602,1.74944902273604,,,,85.4,1538,6.4,745137,575929,676475,680977,571448,691026,502054,687363,663457,54.14,,,,,,,,43,2,Changeup,0,0,0,0,0,0,0,0,Standard,Standard,236,-0.002,0.029,,,,,-0.029,,0,0,0.562,0.438,35,25,36,26,3,2,6.0,1.0,5.0,2,3.09,1.49,-1.49,39.6,,,,,,batter
CU,2024-08-22,74.8,-2.84,6.58,"Mitchell, Garrett",669003,571945,,called_strike,,,,,5,,R,L,R,STL,MIL,S,,,0,0,2024,0.73,-1.33,0.114203467224022,2.8136140423552627,,,,2,6,Top,,,,,,,4.795923584134578,-108.75409543168128,1.8374208299182029,4.814272859814313,20.664997220391697,-43.25525036899746,3.52282766916607,1.64969840190167,,,,74.3,2536,6.2,745137,575929,676475,680977,571448,691026,502054,687363,663457,54.32,,,,,,,,43,1,Curveball,0,0,0,0,0,0,0,0,Standard,Standard,36,0.003,-0.041,,,,,0.041,,0,0,0.559,0.441,35,25,36,26,3,2,6.0,1.0,5.0,2,5.44,-0.73,0.73,49.2,,,,,,batter
FF,2024-08-22,92.3,-2.59,6.51,"Mitchell, Garrett",669003,571945,strikeout,called_strike,,,,,1,Garrett Mitchell called out on strikes.,R,L,R,STL,MIL,S,2.0,,2,2,2024,-0.33,1.08,-0.8067638902856935,3.0102378703979333,,,661388.0,0,4,Top,,,,,,,5.243115830139848,-134.3812542508741,-5.51285844969538,-5.044394834324225,25.685354876980472,-18.071879609240025,3.38599440345317,1.64406560092867,,,,92.6,2287,6.2,745137,575929,676475,680977,571448,691026,502054,687363,663457,54.29,,0.0,0.0,1.0,0.0,0.0,,26,6,4-Seam Fastball,0,0,0,0,0,0,0,0,Infield shade,Standard,214,0.035,-0.228,,,,,0.228,,0,0,0.462,0.538,35,25,36,26,2,1,6.0,1.0,5.0,2,1.57,0.33,-0.33,46.1,,,,,,batter
FF,2024-08-22,93.4,-2.37,6.68,"Mitchell, Garrett",669003,571945,,foul,,,,,12,,R,L,R,STL,MIL,S,,,2,2,2024,-0.5,1.33,0.8855493923693853,3.104057427085568,,,661388.0,0,4,Top,,,,,,,9.48600592471164,-135.7038197976673,-6.433409549614679,-8.148909769446648,27.398039610423105,-14.42135172936533,3.35,1.54,151.0,63.2,62.0,93.6,2308,6.3,745137,575929,676475,680977,571448,691026,502054,687363,663457,54.16,,,,,,,,26,5,4-Seam Fastball,0,0,0,0,0,0,0,0,Infield shade,Standard,208,0.0,0.0,74.6,7.1,,,0.0,88.0,0,0,0.462,0.538,35,25,36,26,2,1,6.0,1.0,5.0,2,1.27,0.5,-0.5,48.7,15.804691590829954,-4.186789868306067,34.77253863449687,24.3930503122178,27.379927855484706,batter
SL,2024-08-22,85.8,-2.31,6.56,"Mitchell, Garrett",669003,571945,,blocked_ball,,,,,14,,R,L,R,STL,MIL,B,,,1,2,2024,0.25,0.32,1.3996543291583317,0.4159029965255962,,,661388.0,0,4,Top,,,,,,,8.25335598388999,-124.57141428978146,-8.955041980678534,1.1619945003514147,22.76450834588047,-27.303587311894272,3.4348424064111,1.62460336292401,,,,86.1,2396,6.4,745137,575929,676475,680977,571448,691026,502054,687363,663457,54.1,,,,,,,,26,4,Slider,0,0,0,0,0,0,0,0,Infield shade,Standard,97,-0.006,0.045,,,,,-0.045,,0,0,0.468,0.532,35,25,36,26,2,1,6.0,1.0,5.0,2,2.77,-0.25,0.25,48.9,,,,,,batter
FF,2024-08-22,92.3,-2.41,6.62,"Mitchell, Garrett",669003,571945,,foul,,,,,3,,R,L,R,STL,MIL,S,,,1,1,2024,-0.44,1.44,0.6366479198963937,3.156937555720159,,,661388.0,0,4,Top,,,,,,,8.693279692815599,-134.09504702317355,-6.07478610077827,-7.26500328348261,30.41450196472869,-13.65975538497274,3.35,1.54,161.0,68.5,64.0,91.9,2333,6.2,745137,575929,676475,680977,571448,691026,502054,687363,663457,54.25,,,,,,,,26,3,4-Seam Fastball,0,0,0,0,0,0,0,0,Standard,Standard,212,0.01,-0.049,75.3,7.0,,,0.049,88.0,0,0,0.458,0.542,35,25,36,26,2,1,6.0,1.0,5.0,2,1.26,0.44,-0.44,49.6,14.97532538119816,-4.539048655114352,33.87812553828199,27.24603353832657,29.61720005553212,batter
CU,2024-08-22,74.5,-2.47,6.71,"Mitchell, Garrett",669003,571945,,ball,,,,,11,,R,L,R,STL,MIL,B,,,0,1,2024,0.85,-1.3,-1.2187872539843818,2.706872196111504,,,661388.0,0,4,Top,,,,,,,1.0713912079780434,-108.47919693685068,1.2781980955425138,6.494731960732233,19.83490144734654,-42.842170005690335,3.4088316649862,1.66684864731889,,,,74.2,2586,6.1,745137,575929,676475,680977,571448,691026,502054,687363,663457,54.38,,,,,,,,26,2,Curveball,0,0,0,0,0,0,0,0,Standard,Standard,32,-0.004,0.034,,,,,-0.034,,0,0,0.462,0.538,35,25,36,26,2,1,6.0,1.0,5.0,2,5.41,-0.85,0.85,51.8,,,,,,batter
SL,2024-08-22,86.2,-2.76,6.36,"Mitchell, Garrett",669003,571945,,foul,,,,,9,,R,L,R,STL,MIL,S,,,0,0,2024,0.16,0.66,0.3343974484883439,1.654999517099214,,,661388.0,0,4,Top,,,,,,,7.034183918708717,-125.2331769998295,-6.274593132532154,0.288240177725914,24.57835733724286,-24.19983477455749,3.35,1.54,,,,86.4,2291,6.4,745137,575929,676475,680977,571448,691026,502054,687363,663457,54.07,,,,,,,,26,1,Slider,0,0,0,0,0,0,0,0,Standard,Standard,194,0.006,-0.042,77.6,7.5,,,0.042,,0,0,0.456,0.544,35,25,36,26,2,1,6.0,1.0,5.0,2,2.41,-0.16,0.16,44.1,13.287348529881504,1.3529785355429682,38.03212947670219,30.970194632688447,30.275807572632687,batter
SI,2024-08-22,91.7,-2.83,6.39,"Mitchell, Garrett",669003,571945,strikeout,called_strike,,,,,6,Garrett Mitchell called out on strikes.,R,L,R,STL,MIL,S,2.0,,1,2,2024,-1.01,0.97,0.6842898436676799,2.441047556526781,694192.0,,661388.0,1,1,Top,,,,,,,11.038484340283322,-132.99164723089274,-6.159489529522685,-14.327472174179924,29.018672427466555,-19.493060950625487,3.43571467222695,1.57655831228714,,,,91.4,1989,6.3,745137,575929,676475,680977,571448,691026,502054,687363,663457,54.18,,0.0,0.0,1.0,0.0,0.0,,4,4,Sinker,0,0,0,0,0,0,0,0,Standard,Standard,224,0.045,-0.253,,,,,0.253,,0,0,0.455,0.545,35,25,36,26,1,0,6.0,1.0,5.0,2,1.77,1.01,-1.01,38.9,,,,,,batter
CU,2024-08-22,75.6,-2.48,6.67,"Mitchell, Garrett",669003,571945,,ball,,,,,14,,R,L,R,STL,MIL,B,,,0,2,2024,0.86,-1.32,0.3912662589759618,1.060836410684483,694192.0,,661388.0,1,1,Top,,,,,,,4.4308842134832345,-109.8752975191854,-2.073821919505276,5.906767936764888,22.97558985182225,-42.53157245747031,3.34999930872638,1.58326631898648,,,,74.8,2602,6.2,745137,575929,676475,680977,571448,691026,502054,687363,663457,54.33,,,,,,,,4,3,Curveball,0,0,0,0,0,0,0,0,Standard,Standard,30,-0.006,0.002,,,,,-0.002,,0,0,0.461,0.539,35,25,36,26,1,0,6.0,1.0,5.0,2,5.38,-0.86,0.86,52.9,,,,,,batter
CU,2024-08-22,75.4,-2.58,6.65,"Mitchell, Garrett",669003,571945,,swinging_strike,,,,,13,,R,L,R,STL,MIL,S,,,0,1,2024,0.74,-1.11,-0.2076797571168073,1.2852447033680283,694192.0,,661388.0,1,1,Top,,,,,,,3.600906682746162,-109.82090778321228,-2.016446775585535,5.267191848430685,20.93356827507701,-40.95471376644103,3.35,1.54,,,,74.9,2505,6.1,745137,575929,676475,680977,571448,691026,502054,687363,663457,54.43,,,,,,,,4,2,Curveball,0,0,0,0,0,0,0,0,Standard,Standard,33,0.016,-0.066,73.6,8.3,0.900517068,,0.066,,0,0,0.445,0.555,35,25,36,26,1,0,6.0,1.0,5.0,2,5.14,-0.74,0.74,51.4,22.250785653006083,-13.194618369404202,36.927387661030245,40.682541923602486,43.76020455745088,batter
FF,2024-08-22,92.4,-2.62,6.57,"Mitchell, Garrett",669003,571945,,foul,,,,,5,,R,L,R,STL,MIL,S,,,0,0,2024,-0.62,1.1,-0.0625656814885246,2.762080056987912,694192.0,,661388.0,1,1,Top,,,,,,,7.847069584511377,-134.4397282633455,-6.3760657545523935,-9.00233779181136,24.301971400704893,-17.65759718848158,3.35,1.54,209.0,77.8,53.0,93.1,2072,6.3,745137,575929,676475,680977,571448,691026,502054,687363,663457,54.18,,,,,,,,4,1,4-Seam Fastball,0,0,0,0,0,0,0,0,Standard,Standard,215,0.01,-0.045,74.3,6.9,,,0.045,88.0,0,0,0.435,0.565,35,25,36,26,1,0,6.0,1.0,5.0,2,1.54,0.62,-0.62,45.8,13.4642257952248,14.979331815725178,35.35102706061917,36.78518682161938,23.72060514929126,batter
FF,2024-08-22,99.6,-0.1,6.14,"Mitchell, Garrett",669003,664854,single,hit_into_play,,,,,6,Garrett Mitchell singles on a line drive to center fielder Victor Scott II.,R,L,R,STL,MIL,X,8.0,line_drive,3,2,2024,-0.03,1.37,0.3455563687749499,2.3253884305493138,,,,1,9,Top,139.55,79.72,,,,,1.3142172420438456,-145.06671879160996,-8.42591622058548,-0.7059569727577818,29.802311392179732,-11.059887234916186,3.35,1.54,234.0,93.8,14.0,100.8,2556,6.6,745137,575929,676475,680977,571448,691026,502054,687363,663457,53.9,0.961,0.938,0.9,1.0,1.0,0.0,4.0,70,6,4-Seam Fastball,3,0,0,3,0,3,0,3,Infield shade,Standard,197,-0.019,0.345,73.3,6.9,,1.174,-0.345,93.8,3,-3,0.982,0.018,29,25,30,26,1,3,1.0,1.0,3.0,2,0.9,0.03,-0.03,62.4,2.1793799979850927,8.527912515875181,36.781016887029054,32.62660704788417,27.32995551853518,batter
FF,2024-08-22,99.1,-0.24,6.12,"Mitchell, Garrett",669003,664854,,foul,,,,,5,,R,L,R,STL,MIL,S,,,3,1,2024,-0.24,1.53,0.0780859521535613,2.676610207571155,,,,1,9,Top,,,,,,,1.4375737355283236,-144.29579959792565,-7.631420680540412,-3.7192319280432726,31.501692682186366,-9.293965849536924,3.35,1.54,228.0,79.3,24.0,99.8,2651,6.5,745137,575929,676475,680977,571448,691026,502054,687363,663457,53.98,,,,,,,,70,5,4-Seam Fastball,3,0,0,3,0,3,0,3,Standard,Standard,198,0.006,-0.092,74.9,7.4,,,0.092,88.0,3,-3,0.976,0.024,29,25,30,26,1,3,1.0,1.0,3.0,2,0.78,0.24,-0.24,57.2,9.506026346000706,3.507380248260514,29.57012038541817,35.811804439822,27.603377785926533,batter
FF,2024-08-22,99.6,-0.33,6.14,"Mitchell, Garrett",669003,664854,,ball,,,,,11,,R,L,R,STL,MIL,B,,,2,1,2024,-0.34,1.52,-0.9540207064462312,2.808413276892165,,,,1,9,Top,,,,,,,-0.9220413707120536,-144.9533839795623,-7.327041247849411,-4.5516341691684,34.49342142164699,-9.25890827718348,3.45023613338478,1.68985693158373,,,,99.8,2673,6.4,745137,575929,676475,680977,571448,691026,502054,687363,663457,54.06,,,,,,,,70,4,4-Seam Fastball,3,0,0,3,0,3,0,3,Standard,Standard,199,-0.007,0.122,,,,,-0.122,,3,-3,0.983,0.017,29,25,30,26,1,3,1.0,1.0,3.0,2,0.78,0.34,-0.34,60.0,,,,,,batter
SL,2024-08-22,90.1,-0.35,6.19,"Mitchell, Garrett",669003,664854,,ball,,,,,14,,R,L,R,STL,MIL,B,,,1,1,2024,0.56,0.32,0.2321485634577892,1.044907923281439,,,,1,9,Top,,,,,,,0.2718664422630918,-131.22649720379084,-7.667435854752483,6.49364611334859,21.600650368917748,-27.339923649380715,3.44849557206304,1.6173539660175,,,,91.3,2502,6.5,745137,575929,676475,680977,571448,691026,502054,687363,663457,54.0,,,,,,,,70,3,Slider,3,0,0,3,0,3,0,3,Infield shade,Standard,171,-0.003,0.059,,,,,-0.059,,3,-3,0.986,0.014,29,25,30,26,1,3,1.0,1.0,3.0,2,2.43,-0.56,0.56,62.2,,,,,,batter
FF,2024-08-22,100.7,-0.51,6.13,"Mitchell, Garrett",669003,664854,,ball,,,,,14,,R,L,R,STL,MIL,B,,,0,1,2024,-0.36,1.54,0.9566818352992192,1.4389684506314069,,,,1,9,Top,,,,,,,4.928641312675336,-146.20633999160574,-11.37178585959837,-6.319192043601742,32.01242911556686,-7.569451660101839,3.46469790036238,1.70383158133483,,,,101.1,2681,6.5,745137,575929,676475,680977,571448,691026,502054,687363,663457,54.01,,,,,,,,70,2,4-Seam Fastball,3,0,0,3,0,3,0,3,Infield shade,Standard,202,-0.001,0.024,,,,,-0.024,,3,-3,0.987,0.013,29,25,30,26,1,3,1.0,1.0,3.0,2,0.7,0.36,-0.36,58.2,,,,,,batter
FF,2024-08-22,99.9,-0.36,6.12,"Mitchell, Garrett",669003,664854,,foul,,,,,3,,R,L,R,STL,MIL,S,,,0,0,2024,-0.35,1.53,0.5265193043798162,2.9177936826790702,,,,1,9,Top,,,,,,,3.2984553924938025,-145.3249785755841,-7.1030858805693375,-5.778890394414896,32.99154825708388,-8.978116038673106,3.35,1.54,174.0,76.6,63.0,100.4,2682,6.5,745137,575929,676475,680977,571448,691026,502054,687363,663457,53.98,,,,,,,,70,1,4-Seam Fastball,3,0,0,3,0,3,0,3,Standard,Standard,199,0.002,-0.037,82.0,6.8,,,0.037,88.0,3,-3,0.985,0.015,29,25,30,26,1,3,1.0,1.0,3.0,2,0.75,0.35,-0.35,57.8,10.775410224505617,9.224373536770642,31.37689440590351,30.93718587273725,25.30898962325992,batter
CU,2024-08-21,79.8,-1.99,6.25,"Mitchell, Garrett",669003,502043,strikeout,swinging_strike_blocked,,,,,14,"Garrett Mitchell strikes out swinging, catcher Willson Contreras to first baseman Paul Goldschmidt.",R,L,R,STL,MIL,S,2.0,,2,2,2024,0.39,-0.8,0.0162172194257189,0.1334255585046273,694192.0,,,0,6,Top,,,,,,,3.734698427807416,-116.17514547897002,-5.254427370277282,2.824456337669523,22.9656426226748,-38.543312380969056,3.36,1.54,,,,81.0,2396,7.2,745138,575929,502671,680977,571448,691026,502054,663457,676475,53.3,,0.0,0.0,1.0,0.0,0.0,,46,5,Curveball,2,1,1,2,1,2,1,2,Strategic,Standard,46,0.051,-0.229,69.8,9.0,15.144825588,,0.229,,1,-1,0.532,0.468,36,25,37,26,3,2,7.0,1.0,5.0,1,4.39,-0.39,0.39,48.3,25.18670524515396,-47.42824607653164,37.888293969848256,33.68915374533339,63.12360752942471,batter
CH,2024-08-21,84.9,-2.41,6.04,"Mitchell, Garrett",669003,502043,,ball,,,,,13,,R,L,R,STL,MIL,B,,,1,2,2024,-1.02,0.52,-1.617118005643996,2.197464882913806,694192.0,,,0,6,Top,,,,,,,3.9501200499498,-123.50821982154132,-3.6419322121290074,-11.21808741219458,27.85115861355045,-26.362878675595734,3.35684364582024,1.56840529404972,,,,85.5,1885,7.0,745138,575929,502671,680977,571448,691026,502054,663457,676475,53.52,,,,,,,,46,4,Changeup,2,1,1,2,1,2,1,2,Strategic,Standard,226,-0.009,0.039,,,,,-0.039,,1,-1,0.541,0.459,36,25,37,26,3,2,7.0,1.0,5.0,1,2.68,1.02,-1.02,41.2,,,,,,batter
CH,2024-08-21,84.3,-2.31,6.09,"Mitchell, Garrett",669003,502043,,foul_tip,,,,,13,,R,L,R,STL,MIL,S,,,1,1,2024,-1.17,0.28,-1.0102826606390751,1.8944024331440896,694192.0,,,0,6,Top,,,,,,,5.431044704098875,-122.60815378705637,-3.9443580567468257,-12.901210775461353,25.42061609987942,-28.76451623032048,3.36,1.54,,,,85.3,1783,7.0,745138,575929,502671,680977,571448,691026,502054,663457,676475,53.45,,,,,,,,46,3,Changeup,2,1,1,2,1,2,1,2,Strategic,Standard,225,0.015,-0.102,71.6,6.9,,,0.102,,1,-1,0.526,0.474,36,25,37,26,3,2,7.0,1.0,5.0,1,2.94,1.17,-1.17,45.1,7.07621514038107,14.907190655957557,26.54852868214251,46.13763621663877,24.17364088135364,batter
CU,2024-08-21,78.9,-2.13,6.23,"Mitchell, Garrett",669003,502043,,blocked_ball,,,,,14,,R,L,R,STL,MIL,B,,,0,1,2024,0.52,-0.92,0.3824196109051842,-0.5112509863754839,694192.0,,,0,6,Top,,,,,,,4.557250733860683,-114.68545373840196,-6.046677381365324,3.491391242008312,25.62514645117051,-39.08113111423349,3.3856558709175,1.59142449140168,,,,79.4,2481,7.2,745138,575929,502671,680977,571448,691026,502054,663457,676475,53.32,,,,,,,,46,2,Curveball,2,1,1,2,1,2,1,2,Strategic,Standard,46,-0.006,0.027,,,,,-0.027,,1,-1,0.532,0.468,36,25,37,26,3,2,7.0,1.0,5.0,1,4.66,-0.52,0.52,47.2,,,,,,batter
FC,2024-08-21,87.2,-2.32,6.32,"Mitchell, Garrett",669003,502043,,called_strike,,,,,1,,R,L,R,STL,MIL,S,,,0,0,2024,0.28,0.75,-0.3011198135950959,3.5469919776747134,694192.0,,,0,6,Top,,,,,,,4.325468079224807,-126.97384611789748,-2.076205486560809,2.118355784487685,25.68254619106302,-23.84013697587076,3.55071168612879,1.59226104550802,,,,88.0,2381,6.7,745138,575929,502671,680977,571448,691026,502054,663457,676475,53.79,,,,,,,,46,1,Cutter,2,1,1,2,1,2,1,2,Strategic,Standard,183,0.009,-0.054,,,,,0.054,,1,-1,0.523,0.477,36,25,37,26,3,2,7.0,1.0,5.0,1,2.24,-0.28,0.28,44.8,,,,,,batter
FF,2024-08-21,91.2,-1.98,6.18,"Mitchell, Garrett",669003,502043,field_out,hit_into_play,,,,,5,Garrett Mitchell flies out to left fielder Tommy Pham.,R,L,R,STL,MIL,X,7.0,fly_ball,1,0,2024,-0.19,1.48,-0.1966010826333789,2.1708259961069443,,,,1,4,Top,64.71,71.53,,,,,4.93927358514722,-132.5806972287798,-7.45350710751588,-3.251185609052532,28.34783359524806,-13.262322793863683,3.36,1.54,349.0,99.0,42.0,92.3,2248,7.0,745138,575929,502671,680977,571448,691026,502054,663457,676475,53.48,0.074,0.126,0.0,1.0,0.0,0.0,3.0,26,2,4-Seam Fastball,0,0,0,0,0,0,0,0,Standard,Standard,212,0.023,-0.295,79.8,7.6,,0.247,0.295,99.0,0,0,0.524,0.476,36,25,37,26,2,1,7.0,1.0,5.0,1,1.26,0.19,-0.19,47.6,8.835778379854611,1.1581168638308894,38.04527642475869,36.59165226975735,31.15868857576256,batter
FC,2024-08-21,90.1,-2.09,6.28,"Mitchell, Garrett",669003,502043,,ball,,,,,11,,R,L,R,STL,MIL,B,,,0,0,2024,-0.14,1.01,-1.182925864412217,3.1840826154873128,,,,1,4,Top,,,,,,,2.551506605472425,-131.28229280168708,-3.930751113964886,-2.1000782619013125,27.445493963562143,-19.858621981003928,3.48623266126988,1.62605268689662,,,,90.9,2346,6.7,745138,575929,502671,680977,571448,691026,502054,663457,676475,53.84,,,,,,,,26,1,Cutter,0,0,0,0,0,0,0,0,Standard,Standard,191,-0.003,0.039,,,,,-0.039,,0,0,0.527,0.473,36,25,37,26,2,1,7.0,1.0,5.0,1,1.79,0.14,-0.14,45.2,,,,,,batter
SI,2024-08-21,96.6,0.41,6.44,"Mitchell, Garrett",669003,669461,strikeout,foul_tip,,,,,8,Garrett Mitchell strikes out on a foul tip. Jackson Chourio steals (18) 2nd base.,R,L,L,STL,MIL,S,2.0,,1,2,2024,1.17,1.19,0.0873392006539373,1.7870187367067638,,,694192.0,0,9,Top,,,,,,,-3.519064466010392,-140.3217007214935,-9.507352895086022,16.207030902685773,33.02138864061489,-14.478654001118525,3.36,1.54,,,,96.6,2247,6.5,745138,575929,502671,665877,571448,691026,502054,663457,676475,54.03,,0.0,0.0,1.0,0.0,0.0,,78,6,Sinker,4,6,6,4,6,4,6,4,Infield shade,Standard,156,0.0,-0.184,77.4,7.7,,,0.184,,-2,2,0.068,0.932,24,25,25,26,1,4,3.0,1.0,3.0,1,1.27,1.17,1.17,46.4,15.014307115846716,2.898207663340175,33.74978438694151,33.26801429559741,29.377276811521483,batter
SL,2024-08-21,88.1,0.63,6.42,"Mitchell, Garrett",669003,669461,,foul,,,,,1,,R,L,L,STL,MIL,S,,,1,2,2024,-0.45,0.06,-0.2946253338727018,3.1553304651966467,,,694192.0,0,9,Top,,,,,,,-1.3193604441812783,-128.49551871774165,-2.051077705514431,-4.767267605996343,23.52092346261027,-31.28470871744496,3.36,1.54,71.0,83.5,76.0,88.8,2695,6.3,745138,575929,502671,665877,571448,691026,502054,663457,676475,54.19,,,,,,,,78,5,Slider,4,6,6,4,6,4,6,4,Infield shade,Standard,253,0.0,0.0,73.7,7.0,,,0.0,88.0,-2,2,0.068,0.932,24,25,25,26,1,4,3.0,1.0,3.0,1,2.83,-0.45,-0.45,44.7,15.889093303465812,4.350007549558572,28.52412706928249,37.02033501018861,30.749383133416597,batter
SI,2024-08-21,97.1,0.48,6.42,"Mitchell, Garrett",669003,669461,,foul,,,,,8,,R,L,L,STL,MIL,S,,,1,2,2024,1.03,1.16,0.1854919624577774,1.8103107992276632,,,694192.0,0,9,Top,,,,,,,-3.1309395693880937,-141.1170580691112,-9.443982249909494,14.424194563023525,32.987861581945346,-14.67468981081636,3.36,1.54,3.0,82.2,-25.0,97.1,2109,6.4,745138,575929,502671,665877,571448,691026,502054,663457,676475,54.09,,,,,,,,78,4,Sinker,4,6,6,4,6,4,6,4,Infield shade,Standard,156,0.0,0.0,71.0,6.1,,,0.0,88.0,-2,2,0.068,0.932,24,25,25,26,1,4,3.0,1.0,3.0,1,1.27,1.03,1.03,44.6,-10.049278648122762,30.403459453314223,41.32167136602914,31.75273904853801,11.00545412159864,batter
FF,2024-08-21,96.1,0.42,6.56,"Mitchell, Garrett",669003,669461,,ball,,,,,11,,R,L,L,STL,MIL,B,,,0,2,2024,0.33,1.46,-0.921275967465937,3.299184556281126,,,694192.0,0,9,Top,,,,,,,-4.290852549783656,-139.83022670848723,-6.322648294541262,5.346076095736019,32.92816980896351,-11.85464156612008,3.49025989990388,1.66790655035006,,,,95.8,2089,6.2,745138,575929,502671,665877,571448,691026,502054,663457,676475,54.3,,,,,,,,78,3,4-Seam Fastball,4,6,6,4,6,4,6,4,Infield shade,Standard,155,-0.001,0.033,,,,,-0.033,,-2,2,0.069,0.931,24,25,25,26,1,4,3.0,1.0,3.0,1,1.02,0.33,0.33,47.8,,,,,,batter
SI,2024-08-21,96.1,0.55,6.38,"Mitchell, Garrett",669003,669461,,called_strike,,,,,5,,R,L,L,STL,MIL,S,,,0,1,2024,1.0,1.35,0.2279987131199605,2.4543838169233614,,,694192.0,0,9,Top,,,,,,,-3.129868433110591,-139.69973589290063,-7.827721731229105,13.82294989851284,33.81467202793453,-12.948277955627898,3.4768497874043,1.58699377390531,,,,95.9,2105,6.4,745138,575929,502671,665877,571448,691026,502054,663457,676475,54.11,,,,,,,,78,2,Sinker,4,6,6,4,6,4,6,4,Strategic,Standard,155,0.002,-0.048,,,,,0.048,,-2,2,0.067,0.933,24,25,25,26,1,4,3.0,1.0,3.0,1,1.14,1.0,1.0,45.2,,,,,,batter
FF,2024-08-21,95.1,0.42,6.51,"Mitchell, Garrett",669003,669461,,called_strike,,,,,1,,R,L,L,STL,MIL,S,,,0,0,2024,0.49,1.42,-0.5222349771287094,3.085883194500672,,,694192.0,0,9,Top,,,,,,,-3.557039731033424,-138.3176108781577,-6.482494837567433,7.086138928004081,32.419493820701454,-12.660819647782924,3.46898927120958,1.57903267410274,,,,94.8,2068,6.3,745138,575929,502671,665877,571448,691026,502054,663457,676475,54.25,,,,,,,,78,1,4-Seam Fastball,4,6,6,4,6,4,6,4,Strategic,Standard,155,0.002,-0.042,,,,,0.042,,-2,2,0.065,0.935,24,25,25,26,1,4,3.0,1.0,3.0,1,1.11,0.49,0.49,45.9,,,,,,batter
FF,2024-08-21,92.7,-1.92,6.42,"Mitchell, Garrett",669003,502043,walk,ball,,,,,11,Garrett Mitchell walks. Jackson Chourio to 2nd.,R,L,R,STL,MIL,B,,,3,1,2024,-0.34,1.49,-1.7755320090354167,3.70523299966542,,,694192.0,1,1,Top,,,,,,,1.1335768662969337,-134.9664309465929,-4.457129263786396,-4.41059949100177,30.012211425071385,-13.17457939309232,3.41166371678018,1.56155224953148,,,,93.8,2157,6.9,745138,575929,502671,680977,571448,691026,502054,663457,676475,53.56,,0.689131,0.7,1.0,0.0,0.0,,3,5,4-Seam Fastball,0,0,0,0,0,0,0,0,Infield shade,Standard,204,-0.023,0.167,,,,,-0.167,,0,0,0.483,0.517,36,25,37,26,1,0,7.0,1.0,5.0,1,1.16,0.34,-0.34,48.6,,,,,,batter
FC,2024-08-21,87.0,-2.28,6.2,"Mitchell, Garrett",669003,502043,,ball,,,,,13,,R,L,R,STL,MIL,B,,,2,1,2024,0.33,0.79,-1.5893973044039722,2.403454660729512,,,694192.0,1,1,Top,,,,,,,1.0037194989695584,-126.74578672242254,-4.603598949580172,3.312912130108922,26.31332397485151,-22.959231051870237,3.43909226395212,1.63032030977091,,,,88.2,2271,7.0,745138,575929,502671,680977,571448,691026,502054,663457,676475,53.46,,,,,,,,3,4,Cutter,0,0,0,0,0,0,0,0,Standard,Standard,191,-0.011,0.112,,,,,-0.112,,0,0,0.494,0.506,36,25,37,26,1,0,7.0,1.0,5.0,1,2.22,-0.33,0.33,45.4,,,,,,batter
SI,2024-08-21,89.3,-2.19,6.18,"Mitchell, Garrett",669003,502043,,foul,,,,,7,,R,L,R,STL,MIL,S,,,2,0,2024,-1.22,0.47,-0.5040760044512131,1.828510607708528,,,694192.0,1,1,Top,,,,,,,6.825068708628456,-129.85385973306478,-5.778399485845392,-15.23667326829314,26.17016997486825,-25.894116426037623,3.36,1.54,2.0,77.4,-44.0,90.7,1952,7.1,745138,575929,502671,680977,571448,691026,502054,663457,676475,53.38,,,,,,,,3,3,Sinker,0,0,0,0,0,0,0,0,Infield shade,Standard,212,0.007,-0.057,80.5,7.4,,,0.057,88.0,0,0,0.487,0.513,36,25,37,26,1,0,7.0,1.0,5.0,1,2.39,1.22,-1.22,43.7,-1.2334339548638529,-3.0895013731253425,36.772531782122606,41.46406888978079,30.46247529061973,batter
FC,2024-08-21,89.3,-2.13,6.31,"Mitchell, Garrett",669003,502043,,ball,,,,,11,,R,L,R,STL,MIL,B,,,1,0,2024,0.28,1.09,-0.954660527480042,2.966226513039212,,,694192.0,1,1,Top,,,,,,,2.337390984716231,-130.10566726781803,-4.640420790435068,2.721507382900824,24.834471409568565,-19.03397791723051,3.49144410776828,1.72656418474854,,,,91.1,2394,7.1,745138,575929,502671,680977,571448,691026,502054,663457,676475,53.4,,,,,,,,3,2,Cutter,0,0,0,0,0,0,0,0,Infield shade,Standard,197,-0.007,0.056,,,,,-0.056,,0,0,0.494,0.506,36,25,37,26,1,0,7.0,1.0,5.0,1,1.74,-0.28,0.28,46.5,,,,,,batter
ST,2024-08-21,82.3,2.09,5.21,"Mitchell, Garrett",669003,668941,strikeout,called_strike,,,,,5,Garrett Mitchell called out on strikes.,R,L,L,STL,MIL,S,2.0,,3,2,2024,-1.32,-0.05,0.229697430667465,2.383816098741295,,668930.0,694192.0,1,7,Top,,,,,,,-1.6261778092982206,-119.79759160900024,0.2365965423489082,-12.302752042658264,25.504754071157308,-32.93877483427933,3.37109787595387,1.5482457214179,,,,80.6,2714,5.3,745138,575929,502671,680977,571448,691026,502054,663457,676475,55.15,,0.0,0.0,1.0,0.0,0.0,,59,6,Sweeper,2,4,4,2,4,2,4,2,Standard,Standard,301,0.036,-0.299,,,,,0.299,,-2,2,0.154,0.846,27,25,28,26,1,3,4.0,1.0,1.0,1,3.44,-1.32,-1.32,27.4,,,,,,batter
SI,2024-08-21,90.7,-2.05,6.42,"Mitchell, Garrett",669003,502043,,ball,,,,,11,,R,L,R,STL,MIL,B,,,0,0,2024,-1.18,0.91,-3.0135815763972307,3.6199599698368337,,,694192.0,1,1,Top,,,,,,,0.1188486389651195,-132.13361263985712,-3.077034636748762,-13.909790503901812,27.308047904184512,-21.095013627728225,3.50929847559954,1.71039494854219,,,,92.0,2002,6.9,745138,575929,502671,680977,571448,691026,502054,663457,676475,53.59,,,,,,,,3,1,Sinker,0,0,0,0,0,0,0,0,Infield shade,Standard,206,-0.004,0.036,,,,,-0.036,,0,0,0.498,0.502,36,25,37,26,1,0,7.0,1.0,5.0,1,1.85,1.18,-1.18,49.2,,,,,,batter
ST,2024-08-21,85.8,1.98,5.26,"Mitchell, Garrett",669003,668941,,blocked_ball,,,,,13,,R,L,L,STL,MIL,B,,,2,2,2024,-0.98,0.03,-2.3227809163554216,0.9931260199250826,,668930.0,694192.0,1,7,Top,,,,,,,-8.063852819061552,-124.6283582848474,-3.755336474080728,-8.270608523896058,28.456294732134293,-31.195865732532017,3.43518786692435,1.64706919703388,,,,84.1,2788,5.6,745138,575929,502671,680977,571448,691026,502054,663457,676475,54.89,,,,,,,,59,5,Sweeper,2,4,4,2,4,2,4,2,Standard,Standard,302,-0.011,0.086,,,,,-0.086,,-2,2,0.165,0.835,27,25,28,26,1,3,4.0,1.0,1.0,1,3.11,-0.98,-0.98,28.6,,,,,,batter
ST,2024-08-21,82.2,2.08,5.28,"Mitchell, Garrett",669003,668941,,swinging_strike,,,,,2,,R,L,L,STL,MIL,S,,,2,1,2024,-1.43,0.12,-0.2260777244998646,3.125948930343988,,668930.0,694192.0,1,7,Top,,,,,,,-2.4193282799895406,-119.63907212978698,1.4279544306986465,-13.108951951922869,25.00996378533568,-31.52503217945725,3.36,1.54,,,,80.7,2737,5.4,745138,575929,502671,680977,571448,691026,502054,663457,676475,55.08,,,,,,,,59,4,Sweeper,2,4,4,2,4,2,4,2,Standard,Standard,299,0.009,-0.047,70.9,6.8,0.720302724,,0.047,,-2,2,0.156,0.844,27,25,28,26,1,3,4.0,1.0,1.0,1,3.27,-1.43,-1.43,27.7,18.2094654116054,19.106888925970413,30.745122297766677,38.93102940019675,18.247958381541405,batter
SI,2024-08-21,93.5,2.12,5.28,"Mitchell, Garrett",669003,668941,,foul_bunt,,,,,14,,R,L,L,STL,MIL,S,,,2,0,2024,1.53,0.17,1.1496512472488134,2.2844507775425016,,668930.0,694192.0,1,7,Top,,,,,,,-5.779603684578441,-136.11931056849727,-2.3144071327369824,20.33058666040055,30.243298976664445,-29.81438777486001,3.36,1.54,,,,92.0,2060,5.4,745138,575929,502671,680977,571448,691026,502054,663457,676475,55.11,,,,,,,,59,3,Sinker,2,4,4,2,4,2,4,2,Standard,Standard,120,0.007,-0.067,20.0,2.4,,,0.067,,-2,2,0.149,0.851,27,25,28,26,1,3,4.0,1.0,1.0,1,2.44,1.53,1.53,26.8,1.8267902866146288,-15.195891197578838,18.58586104040553,22.485191775814428,26.253900182888216,batter
FF,2024-08-21,94.5,1.75,5.64,"Mitchell, Garrett",669003,668941,,ball,,,,,11,,R,L,L,STL,MIL,B,,,1,0,2024,0.82,0.91,-0.3285414644936764,4.596245209353733,,668930.0,694192.0,1,7,Top,,,,,,,-7.106498291024194,-137.5211015113222,0.8729229877545109,11.976288293619753,29.12355103243298,-20.93083966221888,3.35915311652618,1.40644008977656,,,,93.1,2132,5.4,745138,575929,502671,680977,571448,691026,502054,663457,676475,55.12,,,,,,,,59,2,4-Seam Fastball,2,4,4,2,4,2,4,2,Standard,Standard,120,-0.007,0.055,,,,,-0.055,,-2,2,0.156,0.844,27,25,28,26,1,3,4.0,1.0,1.0,1,1.63,0.82,0.82,34.8,,,,,,batter
SI,2024-08-21,94.2,1.95,5.32,"Mitchell, Garrett",669003,668941,,ball,,,,,12,,R,L,L,STL,MIL,B,,,0,0,2024,1.49,0.22,1.188342018312842,3.564920170660141,,668930.0,694192.0,1,7,Top,,,,,,,-5.164840262349675,-137.15476956417336,0.625338992083476,19.88881504073065,30.416469577559024,-29.7415816912122,3.47935609853225,1.63299580270743,,,,92.6,2094,5.3,745138,575929,502671,680977,571448,691026,502054,663457,676475,55.21,,,,,,,,59,1,Sinker,2,4,4,2,4,2,4,2,Standard,Standard,123,-0.004,0.03,,,,,-0.03,,-2,2,0.16,0.84,27,25,28,26,1,3,4.0,1.0,1.0,1,2.34,1.49,1.49,27.0,,,,,,batter
ST,2024-08-20,81.5,-1.64,5.6,"Mitchell, Garrett",669003,607200,field_out,hit_into_play,,,,,6,Garrett Mitchell flies out to left fielder Brendan Donovan.,R,L,R,STL,MIL,X,7.0,fly_ball,2,1,2024,1.14,0.65,0.3198237467762247,2.304885090759957,,,,0,6,Top,86.23,126.45,,,,,2.2408031980925536,-118.73146096708824,-2.1211017462581987,10.424784392324078,21.636074451311448,-25.799171522006144,3.36,1.54,208.0,89.8,58.0,82.6,2334,6.9,745136,575929,502671,669357,571448,691026,680977,687363,663457,53.64,0.008,0.008,0.0,1.0,0.0,0.0,3.0,37,4,Sweeper,0,2,2,0,2,0,2,0,Infield shade,Standard,72,0.02,-0.296,82.0,8.0,,0.012,0.296,89.8,-2,2,0.218,0.782,31,25,31,26,3,2,7.0,2.0,5.0,1,2.76,-1.14,1.14,30.8,19.66757744042225,-9.107698382135066,39.66652417872078,32.11351824072244,39.23856410410336,batter
SI,2024-08-20,90.9,-1.53,5.76,"Mitchell, Garrett",669003,607200,,foul,,,,,4,,R,L,R,STL,MIL,S,,,2,0,2024,-0.72,0.79,-0.4920333873198579,2.468419319788066,,,,0,6,Top,,,,,,,4.204410957511846,-132.36724666285346,-4.138968026608406,-9.373221775310318,26.183509497437143,-22.14787831663482,3.36,1.54,146.0,74.3,24.0,92.3,1928,6.9,745136,575929,502671,669357,571448,691026,680977,687363,663457,53.58,,,,,,,,37,3,Sinker,0,2,2,0,2,0,2,0,Infield shade,Standard,198,0.005,-0.065,80.3,7.0,,,0.065,88.0,-2,2,0.213,0.787,31,25,31,26,3,2,7.0,2.0,5.0,1,1.94,0.72,-0.72,34.9,11.560569320814018,15.794401412493183,34.11948752940042,41.44559507732759,25.623399232881763,batter
SI,2024-08-20,92.1,-1.3,5.88,"Mitchell, Garrett",669003,607200,,ball,,,,,9,,R,L,R,STL,MIL,B,,,1,0,2024,-0.27,0.77,0.5157905860764083,1.5394889457320986,,,,0,6,Top,,,,,,,5.242630300498753,-134.00525772228298,-6.961977307116963,-4.309216281429987,27.51720811987024,-21.58330548816049,3.33904514384678,1.57548137828704,,,,93.1,1908,6.8,745136,575929,502671,669357,571448,691026,680977,687363,663457,53.72,,,,,,,,37,2,Sinker,0,2,2,0,2,0,2,0,Infield shade,Standard,199,-0.005,0.069,,,,,-0.069,,-2,2,0.218,0.782,31,25,31,26,3,2,7.0,2.0,5.0,1,1.9,0.27,-0.27,38.4,,,,,,batter
ST,2024-08-20,79.7,-1.9,5.74,"Mitchell, Garrett",669003,607200,,ball,,,,,11,,R,L,R,STL,MIL,B,,,0,0,2024,0.88,0.61,-1.319749398200249,2.8609326795557077,,,,0,6,Top,,,,,,,-0.368271635338137,-116.25856574185308,-0.8226290546833472,8.0555578931092,19.826519819234505,-26.69093768830158,3.35728545218658,1.53174885110791,,,,80.4,2308,6.5,745136,575929,502671,669357,571448,691026,680977,687363,663457,54.04,,,,,,,,37,1,Sweeper,0,2,2,0,2,0,2,0,Infield shade,Standard,83,-0.003,0.038,,,,,-0.038,,-2,2,0.221,0.779,31,25,31,26,3,2,7.0,2.0,5.0,1,2.94,-0.88,0.88,31.3,,,,,,batter
SI,2024-08-20,92.7,-1.48,5.85,"Mitchell, Garrett",669003,607200,field_out,hit_into_play,,,,,5,"Garrett Mitchell grounds out, first baseman Paul Goldschmidt to pitcher Erick Fedde.",R,L,R,STL,MIL,X,3.0,ground_ball,0,0,2024,-0.58,1.06,0.0040086877737167,2.4121989072939307,,,,2,3,Top,143.82,172.26,,,,,5.126957155565285,-134.86671727958327,-5.356077414823117,-8.18093877156205,29.187685334481515,-18.257221245436718,3.36,1.54,2.0,72.1,-44.0,93.7,2079,6.9,745136,575929,502671,669357,571448,691026,680977,687363,663457,53.6,0.243,0.224,0.0,1.0,0.0,0.0,2.0,18,1,Sinker,0,1,1,0,1,0,1,0,Infield shade,Standard,196,0.011,-0.256,70.5,7.0,,0.25,0.256,88.0,-1,1,0.426,0.574,31,25,31,26,2,1,7.0,2.0,5.0,1,1.59,0.58,-0.58,39.5,18.414862864637087,18.642559021868664,32.25058492182628,36.544553702887136,24.97588732312312,batter
FC,2024-08-20,90.4,-1.67,5.83,"Mitchell, Garrett",669003,607200,strikeout,called_strike,,,,,1,Garrett Mitchell called out on strikes.,R,L,R,STL,MIL,S,2.0,,2,2,2024,0.47,0.72,-0.4884993688504269,3.2092998302260054,,,,2,1,Top,,,,,,,1.94679505105961,-131.75384002016537,-2.1700770293268463,5.122024752858687,26.59597636432901,-23.554805405075317,3.35728545218658,1.53174885110791,,,,90.9,2164,6.4,745136,575929,502671,669357,571448,691026,680977,687363,663457,54.11,,0.0,0.0,1.0,0.0,0.0,,3,5,Cutter,0,0,0,0,0,0,0,0,Infield shade,Standard,192,0.008,-0.219,,,,,0.219,,0,0,0.54,0.46,31,25,31,26,1,0,7.0,2.0,5.0,1,2.05,-0.47,0.47,32.8,,,,,,batter
SI,2024-08-20,92.0,-1.49,5.88,"Mitchell, Garrett",669003,607200,,ball,,,,,12,,R,L,R,STL,MIL,B,,,1,2,2024,-0.75,0.76,0.2074692052526418,4.016114276164998,,,,2,1,Top,,,,,,,5.951311429519068,-134.00290779733604,-0.558439304662845,-10.324569823622562,27.6436991413924,-23.08186251184344,3.35728545218658,1.53174885110791,,,,92.6,2021,6.5,745136,575929,502671,669357,571448,691026,680977,687363,663457,54.01,,,,,,,,3,4,Sinker,0,0,0,0,0,0,0,0,Infield shade,Standard,208,-0.001,0.039,,,,,-0.039,,0,0,0.541,0.459,31,25,31,26,1,0,7.0,2.0,5.0,1,1.92,0.75,-0.75,32.5,,,,,,batter
FC,2024-08-20,89.2,-1.83,5.78,"Mitchell, Garrett",669003,607200,,called_strike,,,,,4,,R,L,R,STL,MIL,S,,,1,1,2024,0.21,0.39,-0.4707800469396451,2.3430362574338903,,,,2,1,Top,,,,,,,2.920401657610197,-130.0031876064888,-3.355476711706643,1.8725324511588477,23.990317191935624,-27.241424459712988,3.35728545218658,1.60483393922155,,,,89.9,2219,6.4,745136,575929,502671,669357,571448,691026,680977,687363,663457,54.11,,,,,,,,3,3,Cutter,0,0,0,0,0,0,0,0,Standard,Standard,187,0.003,-0.064,,,,,0.064,,0,0,0.538,0.462,31,25,31,26,1,0,7.0,2.0,5.0,1,2.43,-0.21,0.21,35.5,,,,,,batter
CH,2024-08-20,88.6,-1.89,5.78,"Mitchell, Garrett",669003,607200,,ball,,,,,14,,R,L,R,STL,MIL,B,,,0,1,2024,-0.85,0.18,0.0669025953455018,0.8536219806374903,,,,2,1,Top,,,,,,,6.591244648525354,-128.86138099897187,-6.420434532658894,-10.791358122429044,23.36329323456234,-29.14595703976007,3.35728545218658,1.70228087996615,,,,89.3,1713,6.5,745136,575929,502671,669357,571448,691026,680977,687363,663457,54.01,,,,,,,,3,2,Changeup,0,0,0,0,0,0,0,0,Standard,Standard,233,-0.002,0.029,,,,,-0.029,,0,0,0.54,0.46,31,25,31,26,1,0,7.0,2.0,5.0,1,2.7,0.85,-0.85,27.4,,,,,,batter
FC,2024-08-20,90.9,-1.83,5.72,"Mitchell, Garrett",669003,607200,,called_strike,,,,,6,,R,L,R,STL,MIL,S,,,0,0,2024,0.13,0.42,0.7293850740862111,2.7973350009311613,,,,2,1,Top,,,,,,,6.167035901136321,-132.39459041201698,-2.393793816920603,0.4283545817405598,24.613161607138583,-26.97808216610756,3.35728545218658,1.65355739788657,,,,91.8,2202,6.5,745136,575929,502671,669357,571448,691026,680977,687363,663457,54.02,,,,,,,,3,1,Cutter,0,0,0,0,0,0,0,0,Infield shade,Standard,185,0.002,-0.041,,,,,0.041,,0,0,0.538,0.462,31,25,31,26,1,0,7.0,2.0,5.0,1,2.31,-0.13,0.13,32.0,,,,,,batter
SI,2024-08-20,92.7,1.97,5.41,"Mitchell, Garrett",669003,667463,single,hit_into_play,,,,,5,Garrett Mitchell singles on a ground ball to shortstop Masyn Winn.,R,L,L,STL,MIL,X,6.0,ground_ball,1,0,2024,0.85,0.29,0.0547666321475751,2.4141570600490185,,,,1,8,Top,129.6,142.76,,,,,-6.698698492631037,-134.85973530335707,-2.480222103543664,11.800430033015994,30.08609788813328,-28.273871762511757,3.36,1.54,9.0,99.6,-14.0,92.1,2300,6.0,745136,575929,502671,669357,571448,691026,680977,687363,663457,54.49,0.283,0.288,0.9,1.0,1.0,0.0,2.0,53,2,Sinker,0,2,2,0,2,0,2,0,Standard,Standard,127,-0.012,0.383,75.3,6.8,,0.29,-0.383,99.6,-2,2,0.149,0.851,29,25,30,26,1,3,2.0,2.0,3.0,1,2.37,0.85,0.85,25.8,10.547094955252458,18.38681670029969,33.92559938813632,35.81703710953788,24.7473135964071,batter
SI,2024-08-20,91.1,1.9,5.45,"Mitchell, Garrett",669003,667463,,ball,,,,,12,,R,L,L,STL,MIL,B,,,0,0,2024,1.04,0.28,1.2193774900238818,3.129757011967258,,,,1,8,Top,,,,,,,-3.914811585111127,-132.65719093980695,-0.5209291903702407,13.092029731540793,29.84421961789489,-28.944546647172267,2.97864339242866,1.38557936639486,,,,90.2,2204,5.8,745136,575929,502671,669357,571448,691026,680977,687363,663457,54.67,,,,,,,,53,1,Sinker,0,2,2,0,2,0,2,0,Standard,Standard,128,-0.001,0.039,,,,,-0.039,,-2,2,0.15,0.85,29,25,30,26,1,3,2.0,2.0,3.0,1,2.47,1.04,1.04,27.9,,,,,,batter
CU,2024-08-18,77.9,-1.64,5.12,"Mitchell, Garrett",669003,594902,field_out,hit_into_play,,,,,7,Garrett Mitchell grounds out to first baseman Josh Naylor.,R,L,R,MIL,CLE,X,3.0,ground_ball,0,1,2024,0.53,-0.24,-0.301603833551357,1.549981277769291,,,,1,6,Bot,159.77,169.43,,,,,1.929722838437118,-113.43217212188291,-0.3614894060000823,4.20288216429956,20.22025692766175,-34.37086034201367,3.37,1.55,5.0,81.6,-19.0,78.5,2046,6.6,745948,666310,647304,665926,608070,682177,686823,657041,678877,53.87,0.087,0.078,0.0,1.0,0.0,0.0,2.0,44,2,Curveball,2,0,2,0,0,2,2,0,Standard,Standard,68,-0.008,-0.219,75.5,8.2,,0.094,0.219,88.0,2,2,0.83,0.83,32,25,32,26,3,2,6.0,1.0,6.0,2,3.98,-0.53,0.53,40.3,15.966227242907502,-7.744143960390544,36.24291508491413,38.28313295804955,38.18131707493687,batter
FF,2024-08-18,89.7,-1.47,5.1,"Mitchell, Garrett",669003,594902,,called_strike,,,,,2,,R,L,R,MIL,CLE,S,,,0,0,2024,-0.65,1.25,0.2034009428108513,2.9522616767691803,,,,1,6,Bot,,,,,,,5.612310085155971,-130.60984258150418,-2.0071369811100017,-8.641549768447284,26.543091227850933,-17.608946460230204,3.45860628907602,1.54999824473551,,,,91.1,1943,7.0,745948,666310,647304,665926,608070,682177,686823,657041,678877,53.47,,,,,,,,44,1,4-Seam Fastball,2,0,2,0,0,2,2,0,Standard,Standard,221,-0.002,-0.037,,,,,0.037,,2,2,0.832,0.832,32,25,32,26,3,2,6.0,1.0,6.0,2,1.57,0.65,-0.65,39.8,,,,,,batter
CH,2024-08-18,84.0,-1.62,5.04,"Mitchell, Garrett",669003,594902,single,hit_into_play,,,,,13,Garrett Mitchell singles on a line drive to center fielder Lane Thomas.,R,L,R,MIL,CLE,X,8.0,line_drive,0,1,2024,-1.32,0.67,-0.8586071947656131,2.150356657965753,,,,0,4,Bot,108.95,93.8,,,,,4.472916650735289,-122.35684886898524,-1.6909028071401262,-14.149327199471545,23.119808061732925,-25.29106439238289,3.37,1.55,267.0,86.2,19.0,85.7,1682,7.2,745948,666310,647304,665926,608070,682177,686823,657041,678877,53.26,0.758,0.746,0.9,1.0,1.0,0.0,4.0,27,2,Changeup,2,0,2,0,0,2,2,0,Standard,Standard,242,0.025,0.485,72.2,7.4,,0.929,-0.485,88.0,2,2,0.784,0.784,32,25,32,26,2,1,6.0,1.0,6.0,2,2.54,1.32,-1.32,35.4,7.561539717816215,7.233767874444017,32.481611246816755,44.64704788713364,28.02262983503087,batter
SI,2024-08-18,89.8,-1.46,5.14,"Mitchell, Garrett",669003,594902,,called_strike,,,,,6,,R,L,R,MIL,CLE,S,,,0,0,2024,-1.09,1.06,0.4928037071667506,2.822270826946602,,,,0,4,Bot,,,,,,,7.226641067032094,-130.73818275185295,-2.065446954322308,-13.938920060695258,25.522100744072343,-19.747165777282436,3.45762238305925,1.55000049013272,,,,91.2,1938,7.0,745948,666310,647304,665926,608070,682177,686823,657041,678877,53.53,,,,,,,,27,1,Sinker,2,0,2,0,0,2,2,0,Standard,Standard,220,-0.002,-0.037,,,,,0.037,,2,2,0.786,0.786,32,25,32,26,2,1,6.0,1.0,6.0,2,1.75,1.09,-1.09,42.6,,,,,,batter
CH,2024-08-18,84.2,-1.54,5.04,"Mitchell, Garrett",669003,594902,field_out,hit_into_play,,,,,7,"Garrett Mitchell grounds out, second baseman Andrés Giménez to first baseman Josh Naylor.",R,L,R,MIL,CLE,X,4.0,ground_ball,2,2,2024,-1.22,0.71,-0.6910761009670889,1.6344096963826846,,,642715.0,2,1,Bot,151.65,155.18,,,,,4.486091562389894,-122.51816995113684,-2.9725786512195755,-13.194582682942638,23.93980514252976,-24.636597442357687,3.37,1.55,10.0,81.0,-8.0,85.7,1542,7.2,745948,666310,647304,665926,608070,682177,686823,657041,678877,53.26,0.129,0.122,0.0,1.0,0.0,0.0,2.0,8,5,Changeup,1,0,1,0,0,1,1,0,Infield shade,Standard,243,-0.017,-0.234,71.6,7.7,,0.197,0.234,88.0,1,1,0.62,0.62,32,25,32,26,1,0,6.0,1.0,6.0,2,2.5,1.22,-1.22,41.4,5.677877356707051,-6.530704648682184,36.21975580428592,42.61642331712042,32.435360365411924,batter
SI,2024-08-18,90.7,-1.58,5.11,"Mitchell, Garrett",669003,594902,,ball,,,,,11,,R,L,R,MIL,CLE,B,,,1,2,2024,-1.22,1.05,-0.8405220653000527,4.8996415139519085,,,642715.0,2,1,Bot,,,,,,,4.512176786005369,-131.9909050207175,3.20087221162669,-15.230801894909764,28.43775978533101,-20.81805007012454,3.37830912394881,1.54999830441228,,,,91.8,1954,7.0,745948,666310,647304,665926,608070,682177,686823,657041,678877,53.51,,,,,,,,8,4,Sinker,1,0,1,0,0,1,1,0,Infield shade,Standard,223,0.003,0.038,,,,,-0.038,,1,1,0.617,0.617,32,25,32,26,1,0,6.0,1.0,6.0,2,1.72,1.22,-1.22,33.3,,,,,,batter
SI,2024-08-18,90.4,-1.46,5.07,"Mitchell, Garrett",669003,594902,,swinging_strike,,,,,11,,R,L,R,MIL,CLE,S,,,1,1,2024,-1.17,1.01,-0.3028171622501603,3.5921513293734595,,,642715.0,2,1,Bot,,,,,,,5.449579383373542,-131.56100929987537,0.1097957129776781,-14.719132539880857,27.545831915982536,-20.637155101331555,3.37,1.55,,,,91.8,1993,7.1,745948,666310,647304,665926,608070,682177,686823,657041,678877,53.43,,,,,,,,8,3,Sinker,1,0,1,0,0,1,1,0,Standard,Standard,223,-0.005,-0.06,70.4,6.1,1.870087704,,0.06,,1,1,0.622,0.622,32,25,32,26,1,0,6.0,1.0,6.0,2,1.77,1.17,-1.17,35.8,6.416584212969601,32.033690624908466,26.44956464649321,38.68723956537527,15.513899912485371,batter
SI,2024-08-18,89.3,-1.46,5.18,"Mitchell, Garrett",669003,594902,,ball,,,,,11,,R,L,R,MIL,CLE,B,,,0,1,2024,-0.89,0.95,-0.6327795928149045,5.07266148658118,,,642715.0,2,1,Bot,,,,,,,3.9508946624392127,-129.9346467886418,3.806422297853883,-10.891295909633415,26.59140025461677,-22.427632829363603,3.33650210677912,1.54999902975474,,,,90.5,1797,7.0,745948,666310,647304,665926,608070,682177,686823,657041,678877,53.51,,,,,,,,8,2,Sinker,1,0,1,0,0,1,1,0,Standard,Standard,218,0.002,0.032,,,,,-0.032,,1,1,0.62,0.62,32,25,32,26,1,0,6.0,1.0,6.0,2,1.91,0.89,-0.89,37.0,,,,,,batter
SI,2024-08-18,89.9,-1.5,5.14,"Mitchell, Garrett",669003,594902,,called_strike,,,,,1,,R,L,R,MIL,CLE,S,,,0,0,2024,-0.85,0.9,-0.4014547511786464,3.015131187632561,,,642715.0,2,1,Bot,,,,,,,4.581819977404294,-130.8430062727537,-1.2365884312798123,-10.703435313196294,26.912551840680525,-21.723990354140224,3.51603298392295,1.54999931681978,,,,91.2,1864,7.0,745948,666310,647304,665926,608070,682177,686823,657041,678877,53.51,,,,,,,,8,1,Sinker,1,0,1,0,0,1,1,0,Infield shade,Standard,219,-0.003,-0.047,,,,,0.047,,1,1,0.623,0.623,32,25,32,26,1,0,6.0,1.0,6.0,2,1.91,0.85,-0.85,39.1,,,,,,batter
CH,2024-08-17,82.7,-2.44,5.74,"Mitchell, Garrett",669003,676440,single,hit_into_play,,,,,9,Garrett Mitchell singles on a sharp line drive to right fielder Lane Thomas.,R,L,R,MIL,CLE,X,9.0,line_drive,0,1,2024,-1.26,0.78,0.6028111771575451,1.9899972324614368,,,,1,5,Bot,180.53,101.3,,,,,9.466539634452875,-120.11457576425248,-3.628341652907825,-14.010658422997478,21.568138488971343,-24.04623671433447,3.41,1.6,183.0,105.4,10.0,83.5,2040,6.8,745952,666310,647304,665926,608070,677587,680757,671289,657041,53.72,0.897,0.887,0.9,1.0,1.0,0.0,4.0,35,2,Changeup,2,1,2,1,1,2,2,1,Standard,Standard,228,0.025,0.458,74.9,7.5,,1.12,-0.458,105.4,1,1,0.685,0.685,25,25,25,26,2,1,6.0,1.0,6.0,1,2.54,1.26,-1.26,45.2,9.476912936732775,-9.673783975511558,38.72322352343175,28.4206848639447,33.55350139683992,batter
CH,2024-08-17,81.7,-2.31,5.85,"Mitchell, Garrett",669003,676440,,called_strike,,,,,6,,R,L,R,MIL,CLE,S,,,0,0,2024,-1.22,0.96,0.5214949309852672,2.601001648361116,,,,1,5,Bot,,,,,,,8.792074709838605,-118.75721787483369,-2.625535802896372,-13.15726857445074,21.669573463132807,-22.725342071142908,3.38996561625984,1.58132261318853,,,,82.6,2036,6.8,745952,666310,647304,665926,608070,677587,680757,671289,657041,53.68,,,,,,,,35,1,Changeup,2,1,2,1,1,2,2,1,Standard,Standard,219,-0.002,-0.037,,,,,0.037,,1,1,0.687,0.687,25,25,25,26,2,1,6.0,1.0,6.0,1,2.45,1.22,-1.22,48.7,,,,,,batter
CH,2024-08-17,82.8,-2.18,6.04,"Mitchell, Garrett",669003,676440,field_out,hit_into_play,,,,,5,"Guardians challenged (play at 1st), call on the field was overturned: Garrett Mitchell grounds out, first baseman Josh Naylor to pitcher Tanner Bibee.",R,L,R,MIL,CLE,X,3.0,ground_ball,2,2,2024,-1.18,0.91,-0.0520532965772555,2.727902044355769,,,,2,2,Bot,158.88,167.17,,,,,7.208886735487392,-120.42277997953386,-2.898412341410298,-12.86029043684221,22.100934723374177,-22.912137747150183,3.41,1.6,33.0,80.2,-2.0,83.4,2068,6.6,745952,666310,647304,665926,608070,677587,680757,671289,657041,53.91,0.15,0.161,0.0,1.0,0.0,0.0,2.0,15,5,Changeup,1,0,1,0,0,1,1,0,Strategic,Standard,220,-0.008,-0.219,72.9,7.4,,0.177,0.219,88.0,1,1,0.62,0.62,25,25,25,26,1,0,6.0,1.0,6.0,1,2.4,1.18,-1.18,54.8,18.84853743428704,-11.987906157780564,33.90640303359436,34.85963336243637,36.546923884121625,batter
FF,2024-08-17,94.5,-2.3,6.02,"Mitchell, Garrett",669003,676440,,foul,,,,,2,,R,L,R,MIL,CLE,S,,,2,1,2024,-0.31,1.17,-0.031814462639263,3.344904888707982,,,,2,2,Bot,,,,,,,6.6516470282829,-137.50314554865653,-3.946218995559724,-5.345097944210882,28.946367373983588,-16.60439224702228,3.4100008381929,1.59999960440141,199.0,74.8,59.0,95.4,2168,6.7,745952,666310,647304,665926,608070,677587,680757,671289,657041,53.81,,,,,,,,15,4,4-Seam Fastball,1,0,1,0,0,1,1,0,Standard,Standard,212,-0.002,-0.084,71.9,6.7,,,0.084,88.0,1,1,0.622,0.622,25,25,25,26,1,0,6.0,1.0,6.0,1,1.37,0.31,-0.31,48.0,8.102891520010141,14.281166582723552,26.415112175718043,35.75641498877002,22.01878830593896,batter
CH,2024-08-17,82.9,-2.39,5.89,"Mitchell, Garrett",669003,676440,,ball,,,,,11,,R,L,R,MIL,CLE,B,,,1,1,2024,-1.19,0.98,-0.9217314095430278,3.72694012852394,,,,2,2,Bot,,,,,,,5.717715705044859,-120.69744982261513,-0.4075055385494974,-12.719155063999882,22.702769449771672,-22.687936909637003,3.25925420755602,1.41791122616129,,,,83.5,1998,6.5,745952,666310,647304,665926,608070,677587,680757,671289,657041,53.95,,,,,,,,15,3,Changeup,1,0,1,0,0,1,1,0,Standard,Standard,225,0.001,0.058,,,,,-0.058,,1,1,0.621,0.621,25,25,25,26,1,0,6.0,1.0,6.0,1,2.32,1.19,-1.19,51.4,,,,,,batter
FF,2024-08-17,94.9,-2.43,5.95,"Mitchell, Garrett",669003,676440,,foul,,,,,2,,R,L,R,MIL,CLE,S,,,1,0,2024,-0.42,1.3,0.1791953277197169,3.0597083081793044,,,,2,2,Bot,,,,,,,7.828791556370669,-137.93595790163718,-4.82530558844908,-7.091173152701398,30.66584467087045,-14.645268789106044,3.41,1.6,149.0,75.8,68.0,95.5,2350,6.7,745952,666310,647304,665926,608070,677587,680757,671289,657041,53.78,,,,,,,,15,2,4-Seam Fastball,1,0,1,0,0,1,1,0,Standard,Standard,213,-0.001,-0.051,72.8,7.0,,,0.051,88.0,1,1,0.622,0.622,25,25,25,26,1,0,6.0,1.0,6.0,1,1.23,0.42,-0.42,47.3,12.84051839371444,9.321183329860856,32.99996895507831,32.91245033224583,27.09990995699555,batter
FF,2024-08-17,95.6,-2.28,6.0,"Mitchell, Garrett",669003,676440,,ball,,,,,12,,R,L,R,MIL,CLE,B,,,0,0,2024,-0.47,1.26,0.2071596649872547,4.106920128008939,,,,2,2,Bot,,,,,,,7.659438975924209,-139.09681011727398,-2.244230847468483,-7.7959147520764285,30.397484657440323,-15.46388496664285,3.35925003835469,1.42043853956138,,,,96.3,2477,6.7,745952,666310,647304,665926,608070,677587,680757,671289,657041,53.84,,,,,,,,15,1,4-Seam Fastball,1,0,1,0,0,1,1,0,Standard,Standard,211,0.001,0.04,,,,,-0.04,,1,1,0.621,0.621,25,25,25,26,1,0,6.0,1.0,6.0,1,1.23,0.47,-0.47,50.4,,,,,,batter
CU,2024-08-17,82.0,2.37,5.73,"Mitchell, Garrett",669003,682120,field_out,hit_into_play,,,,,4,"Garrett Mitchell grounds out, second baseman Andrés Giménez to first baseman Josh Naylor.",R,L,L,MIL,CLE,X,4.0,ground_ball,0,2,2024,-0.88,-0.15,-0.6346537671636578,2.50060515099296,,,,0,8,Bot,158.37,152.42,,,,,-5.076216282774126,-119.29350871017712,-0.3777630908356932,-7.303945752470693,25.349546980179696,-33.759211718656395,3.41,1.6,14.0,83.8,-9.0,81.7,2362,6.3,745952,595978,647304,665926,608070,671289,680757,657041,678877,54.18,0.143,0.129,0.0,1.0,0.0,0.0,2.0,55,3,Curveball,2,1,2,1,1,2,2,1,Standard,Standard,311,-0.008,-0.163,72.0,7.6,,0.189,0.163,88.0,1,1,0.861,0.861,27,25,28,26,1,2,3.0,1.0,3.0,1,3.57,-0.88,-0.88,33.9,18.621519330141275,-4.16185182518502,29.695217708981048,41.82656962265297,34.90564845345166,batter
FF,2024-08-17,95.7,1.84,5.55,"Mitchell, Garrett",669003,682120,,called_strike,,,,,4,,R,L,L,MIL,CLE,S,,,0,1,2024,0.86,0.99,-0.607203196999838,2.333478259595865,,,,0,8,Bot,,,,,,,-8.4479954096924,-139.1696007561925,-5.136880823837295,13.106416483578384,30.402327786214364,-18.360863836716263,3.57354651890134,1.65859586070373,,,,96.3,2396,6.6,745952,595978,647304,665926,608070,671289,680757,657041,678877,53.89,,,,,,,,55,2,4-Seam Fastball,2,1,2,1,1,2,2,1,Standard,Standard,117,-0.004,-0.054,,,,,0.054,,1,1,0.865,0.865,27,25,28,26,1,2,3.0,1.0,3.0,1,1.5,0.86,0.86,26.1,,,,,,batter
SL,2024-08-17,86.8,2.32,5.5,"Mitchell, Garrett",669003,682120,,called_strike,,,,,8,,R,L,L,MIL,CLE,S,,,0,0,2024,-0.11,0.01,0.1928983160959006,1.8456755617729,,,,0,8,Bot,,,,,,,-4.86475743331155,-126.3193093025483,-2.5659360430243945,-0.2145511448297653,26.155872032644325,-31.724038006018443,3.54726238995185,1.60061003925145,,,,86.8,2088,6.3,745952,595978,647304,665926,608070,671289,680757,657041,678877,54.18,,,,,,,,55,1,Slider,2,1,2,1,1,2,2,1,Infield shade,Standard,279,-0.002,-0.037,,,,,0.037,,1,1,0.867,0.867,27,25,28,26,1,2,3.0,1.0,3.0,1,3.02,-0.11,-0.11,26.0,,,,,,batter
FF,2024-08-16,97.1,-3.21,5.55,"Mitchell, Garrett",669003,668909,double,hit_into_play,,,,,8,Garrett Mitchell doubles (7) on a sharp line drive to right fielder Jhonkensy Noel. Tyler Black scores. William Contreras to 3rd.,R,L,R,MIL,CLE,X,9.0,line_drive,0,2,2024,-1.1,1.12,0.1641980222826329,1.8154713449491,,672012.0,661388.0,2,3,Bot,190.86,118.34,,,,,11.726908998700562,-140.90830287672273,-7.14774979494058,-17.16282363570656,29.914489795693093,-15.712632467518176,3.41,1.62,81.0,107.2,3.0,98.8,2271,7.2,745949,666310,647304,665926,608070,682177,680757,686823,678877,53.27,0.558,0.518,1.25,1.0,1.0,1.0,4.0,27,3,4-Seam Fastball,3,0,3,0,0,4,4,0,Standard,Standard,225,0.07,1.07,75.2,7.7,,0.628,-1.07,107.2,3,3,0.827,0.827,24,25,25,26,2,1,6.0,1.0,6.0,1,1.3,1.1,-1.1,27.1,12.580246201535392,-4.24875734135504,40.033956308703424,33.250743708339286,30.36436521355468,batter
FF,2024-08-16,95.8,-3.02,5.87,"Mitchell, Garrett",669003,668909,,called_strike,,,,,13,,R,L,R,MIL,CLE,S,,,0,1,2024,-0.95,1.13,-1.1296485643409806,2.350211223944388,,672012.0,661388.0,2,3,Bot,,,,,,,7.282649335343706,-139.28791008151725,-6.364220297160053,-14.01269311007694,29.50953707761653,-16.167821360616507,3.33964839632027,1.54498217984765,,,,97.7,2196,7.3,745949,666310,647304,665926,608070,682177,680757,686823,678877,53.23,,,,,,,,27,2,4-Seam Fastball,3,0,3,0,0,3,3,0,Standard,Standard,225,-0.006,-0.046,,,,,0.046,,3,3,0.833,0.833,24,25,25,26,2,1,6.0,1.0,6.0,1,1.34,0.95,-0.95,33.0,,,,,,batter
FF,2024-08-16,96.8,-3.13,5.58,"Mitchell, Garrett",669003,668909,,foul,,,,,4,,R,L,R,MIL,CLE,S,,,0,0,2024,-0.73,1.11,-0.6134995529801199,2.818502216191252,,672012.0,661388.0,2,3,Bot,,,,,,,8.539776947840863,-140.83941847907488,-4.455452466913394,-11.561285090897304,29.29343161831289,-16.592478514698005,3.41,1.62,262.0,79.6,34.0,98.7,2136,7.2,745949,666310,647304,665926,608070,682177,680757,686823,678877,53.31,,,,,,,,27,1,4-Seam Fastball,3,0,3,0,0,3,3,0,Standard,Standard,224,-0.003,-0.048,74.7,7.2,,,0.048,88.0,3,3,0.836,0.836,24,25,25,26,2,1,6.0,1.0,6.0,1,1.31,0.73,-0.73,33.3,7.116258105556934,10.968722564735764,29.84884981700193,41.9777105207361,24.067995782092098,batter
FC,2024-08-16,93.0,-3.16,5.54,"Mitchell, Garrett",669003,668909,strikeout,called_strike,,,,,8,Garrett Mitchell called out on strikes.,R,L,R,MIL,CLE,S,2.0,,3,2,2024,-0.12,0.51,-0.1979301952681594,1.6868040107772109,,,,2,1,Bot,,,,,,,8.009704074961347,-135.27424631332957,-5.32704708607159,-3.178971697221419,28.87802134608846,-24.87922389245337,3.24907688343638,1.44627974472546,,,,94.8,2433,7.3,745949,666310,647304,665926,608070,682177,680757,686823,678877,53.2,,0.0,0.0,1.0,0.0,0.0,,9,9,Cutter,3,0,3,0,0,3,3,0,Infield shade,Strategic,193,-0.007,-0.325,,,,,0.325,,3,3,0.785,0.785,24,25,25,26,1,0,6.0,1.0,6.0,1,2.12,0.12,-0.12,28.5,,,,,,batter
FC,2024-08-16,92.8,-3.14,5.43,"Mitchell, Garrett",669003,668909,,ball,,,,,14,,R,L,R,MIL,CLE,B,,,2,2,2024,0.05,0.7,0.8718966314826734,1.4116604618365731,,,,2,1,Bot,,,,,,,10.301580455802716,-134.7100384719941,-6.088923891499113,-1.5732663544532204,28.83977330455781,-22.49195298632465,3.25236788916558,1.55417707788868,,,,94.2,2389,7.2,745949,666310,647304,665926,608070,682177,680757,686823,678877,53.3,,,,,,,,9,8,Cutter,3,0,3,0,0,3,3,0,Infield shade,Strategic,184,0.002,0.106,,,,,-0.106,,3,3,0.783,0.783,24,25,25,26,1,0,6.0,1.0,6.0,1,1.96,-0.05,0.05,28.9,,,,,,batter
FF,2024-08-16,98.4,-2.98,5.66,"Mitchell, Garrett",669003,668909,,foul,,,,,2,,R,L,R,MIL,CLE,S,,,2,2,2024,-1.01,1.2,-0.0446018901735645,3.313549161718985,,,,2,1,Bot,,,,,,,10.497893669281916,-142.8376363601061,-3.698123897641203,-16.326209777085854,33.587641276745266,-15.11150950503692,3.41,1.62,155.0,84.1,11.0,99.9,2356,7.3,745949,666310,647304,665926,608070,682177,680757,686823,678877,53.21,,,,,,,,9,7,4-Seam Fastball,3,0,3,0,0,3,3,0,Infield shade,Strategic,230,0.0,0.0,77.7,7.4,,,0.0,88.0,3,3,0.783,0.783,24,25,25,26,1,0,6.0,1.0,6.0,1,1.17,1.01,-1.01,28.0,18.842108685944584,-2.366858353388206,26.92718624269348,35.65587843834527,29.43709029187682,batter
CH,2024-08-16,89.4,-3.06,5.63,"Mitchell, Garrett",669003,668909,,foul,,,,,4,,R,L,R,MIL,CLE,S,,,2,2,2024,-1.31,0.23,-0.8240258196816588,2.1790396254159803,,,,2,1,Bot,,,,,,,8.4355560995746,-129.9741254400767,-3.058343965256394,-16.543383720193095,25.8645083477349,-29.10688565135664,3.41,1.62,2.0,70.8,-51.0,91.2,1634,7.3,745949,666310,647304,665926,608070,682177,680757,686823,678877,53.18,,,,,,,,9,6,Changeup,3,0,3,0,0,3,3,0,Infield shade,Strategic,257,0.0,0.0,72.3,7.8,,,0.0,88.0,3,3,0.783,0.783,24,25,25,26,1,0,6.0,1.0,6.0,1,2.61,1.31,-1.31,29.0,16.226392118684128,4.511374879525497,28.115793973883196,44.54371844981051,33.33450130510286,batter
FF,2024-08-16,98.3,-3.02,5.64,"Mitchell, Garrett",669003,668909,,foul,,,,,2,,R,L,R,MIL,CLE,S,,,2,2,2024,-0.96,1.21,0.0934003863291391,3.313032796055435,,,,2,1,Bot,,,,,,,10.816762643152494,-142.79714350038017,-3.677762117164866,-15.57754472931146,32.67832094990843,-14.871036461615764,3.41,1.62,199.0,74.6,60.0,99.6,2209,7.1,745949,666310,647304,665926,608070,682177,680757,686823,678877,53.4,,,,,,,,9,5,4-Seam Fastball,3,0,3,0,0,3,3,0,Infield shade,Strategic,225,0.0,0.0,72.0,6.8,,,0.0,88.0,3,3,0.783,0.783,24,25,25,26,1,0,6.0,1.0,6.0,1,1.15,0.96,-0.96,31.6,9.808010042445948,9.60757075218208,27.000814569813365,33.14481915170043,25.778629021268763,batter
FC,2024-08-16,91.4,-3.11,5.44,"Mitchell, Garrett",669003,668909,,ball,,,,,14,,R,L,R,MIL,CLE,B,,,1,2,2024,0.15,0.26,1.0940455836677254,2.2484461371065843,,,,2,1,Bot,,,,,,,10.47687860956716,-132.78988706004284,-2.779849987024166,-0.3626816572956567,27.202788268264605,-28.66614468249012,3.24476142803582,1.47692792172868,,,,93.3,2261,7.4,745949,666310,647304,665926,608070,682177,680757,686823,678877,53.12,,,,,,,,9,4,Cutter,3,0,3,0,0,3,3,0,Infield shade,Strategic,176,0.001,0.039,,,,,-0.039,,3,3,0.782,0.782,24,25,25,26,1,0,6.0,1.0,6.0,1,2.46,-0.15,0.15,29.2,,,,,,batter
FF,2024-08-16,98.0,-2.95,5.57,"Mitchell, Garrett",669003,668909,,foul,,,,,5,,R,L,R,MIL,CLE,S,,,1,1,2024,-0.85,1.25,-0.0129548649451192,2.4070313671705126,,,,2,1,Bot,,,,,,,10.093725230851753,-142.27677930195955,-6.044368274359654,-13.888973867212178,32.29545155037692,-13.898594190123289,3.41,1.62,210.0,77.2,55.0,99.7,2259,7.3,745949,666310,647304,665926,608070,682177,680757,686823,678877,53.15,,,,,,,,9,3,4-Seam Fastball,3,0,3,0,0,3,3,0,Standard,Standard,225,-0.002,-0.064,76.3,7.1,,,0.064,88.0,3,3,0.784,0.784,24,25,25,26,1,0,6.0,1.0,6.0,1,1.13,0.85,-0.85,31.7,7.048140701057171,17.93150047770857,34.89128879658804,35.05612862636464,23.12601086325656,batter
FF,2024-08-16,98.9,-2.99,5.65,"Mitchell, Garrett",669003,668909,,ball,,,,,3,,R,L,R,MIL,CLE,B,,,0,1,2024,-1.04,1.25,0.7086613610945123,2.912022183406685,,,,2,1,Bot,,,,,,,12.689567775260567,-143.49354301341944,-5.00119916025475,-17.266744353356394,33.01697600592131,-13.881169532929968,3.39196595408771,1.59742400787772,,,,100.3,2250,7.2,745949,666310,647304,665926,608070,682177,680757,686823,678877,53.31,,,,,,,,9,2,4-Seam Fastball,3,0,3,0,0,3,3,0,Standard,Standard,222,0.001,0.029,,,,,-0.029,,3,3,0.783,0.783,24,25,25,26,1,0,6.0,1.0,6.0,1,1.09,1.04,-1.04,31.1,,,,,,batter
FF,2024-08-16,97.8,-3.16,5.6,"Mitchell, Garrett",669003,668909,,foul,,,,,1,,R,L,R,MIL,CLE,S,,,0,0,2024,-1.04,1.2,-0.3466521929824047,2.966103960382799,,,,2,1,Bot,,,,,,,10.13247723925588,-142.0599071830639,-4.438774466971461,-16.313324610328852,31.15855333858381,-15.086651835552235,3.41,1.62,247.0,76.5,30.0,99.5,2206,7.2,745949,666310,647304,665926,608070,682177,680757,686823,678877,53.26,,,,,,,,9,1,4-Seam Fastball,3,0,3,0,0,3,3,0,Standard,Standard,226,-0.001,-0.041,75.6,6.7,,,0.041,88.0,3,3,0.784,0.784,24,25,25,26,1,0,6.0,1.0,6.0,1,1.19,1.04,-1.04,29.6,1.482352963346948,19.768414753676375,30.76449416395169,38.4154035540026,20.42970283664329,batter
ST,2024-08-16,79.3,-2.2,4.98,"Mitchell, Garrett",669003,605130,walk,ball,,,,,11,Garrett Mitchell walks.,R,L,R,MIL,CLE,B,,,3,2,2024,1.19,0.28,-1.378130287943029,2.885295231847826,,,,2,8,Bot,,,,,,,-0.4171335389972929,-115.51330063302784,1.67206362743294,10.693769224791495,21.689901935403185,-30.173818518072917,3.26109272049847,1.39086377363837,,,,80.0,2352,6.7,745949,666310,647304,665926,608070,682177,680757,686823,678877,53.79,,0.689131,0.7,1.0,0.0,0.0,,67,9,Sweeper,5,3,5,3,3,5,5,3,Infield shade,Standard,92,0.003,0.267,,,,,-0.267,,2,2,0.928,0.928,31,25,32,26,1,3,2.0,1.0,4.0,1,3.34,-1.19,1.19,29.4,,,,,,batter
FF,2024-08-16,90.5,-1.74,5.3,"Mitchell, Garrett",669003,605130,,foul,,,,,3,,R,L,R,MIL,CLE,S,,,3,2,2024,-0.45,0.72,0.7144525767690327,2.931354021602852,,,,2,8,Bot,,,,,,,7.188503116612964,-131.66735649736387,-1.53617687294904,-6.720814305842321,27.927359306407848,-23.6264983987554,3.41,1.62,133.0,76.1,11.0,91.7,2457,7.0,745949,666310,647304,665926,608070,682177,680757,686823,678877,53.46,,,,,,,,67,8,4-Seam Fastball,5,3,5,3,3,5,5,3,Infield shade,Strategic,212,0.0,0.0,73.7,7.1,,,0.0,88.0,2,2,0.928,0.928,31,25,32,26,1,3,2.0,1.0,4.0,1,2.06,0.45,-0.45,31.1,11.007462878427718,-8.049187649529848,34.032172242789144,26.54966456077102,33.555207506990136,batter
CU,2024-08-16,77.1,-1.67,5.43,"Mitchell, Garrett",669003,605130,,ball,,,,,14,,R,L,R,MIL,CLE,B,,,2,2,2024,1.32,-0.55,1.706393387169681,-0.1092370428632412,,,,2,8,Bot,,,,,,,4.810119890519919,-112.19028375454477,-3.770838229927431,10.0912753535354,22.13693844834282,-36.26025817350255,3.28261493571596,1.4414857408653,,,,77.4,2587,6.7,745949,666310,647304,665926,608070,682177,680757,686823,678877,53.81,,,,,,,,67,7,Curveball,5,3,5,3,3,5,5,3,Infield shade,Strategic,56,0.001,0.106,,,,,-0.106,,2,2,0.927,0.927,31,25,32,26,1,3,2.0,1.0,4.0,1,4.41,-1.32,1.32,35.4,,,,,,batter
ST,2024-08-16,81.4,-2.01,5.14,"Mitchell, Garrett",669003,605130,,foul,,,,,8,,R,L,R,MIL,CLE,S,,,2,2,2024,1.39,0.08,0.2566071267159742,1.628786343395876,,,,2,8,Bot,,,,,,,2.424764203695191,-118.56736127783998,-1.4426097426277908,12.631741030550907,23.09013425733125,-31.36454062612129,3.41,1.62,4.0,86.4,-21.0,82.0,2609,6.7,745949,666310,647304,665926,608070,682177,680757,686823,678877,53.84,,,,,,,,67,6,Sweeper,5,3,5,3,3,5,5,3,Infield shade,Strategic,80,0.0,0.0,74.7,8.8,,,0.0,88.0,2,2,0.927,0.927,31,25,32,26,1,3,2.0,1.0,4.0,1,3.36,-1.39,1.39,24.7,27.97389267875862,-21.579110886022885,37.00220600539882,32.405639763473566,41.02977172538506,batter
SI,2024-08-16,91.0,-1.71,5.33,"Mitchell, Garrett",669003,605130,,foul,,,,,5,,R,L,R,MIL,CLE,S,,,2,2,2024,-1.03,0.47,0.1811323044377418,2.8128544166389085,,,,2,8,Bot,,,,,,,7.064613126240693,-132.37741520999572,-1.4654452866029153,-13.62244826589918,26.1290526963866,-26.514057740657687,3.41,1.62,189.0,70.4,37.0,92.5,2219,7.0,745949,666310,647304,665926,608070,682177,680757,686823,678877,53.5,,,,,,,,67,5,Sinker,5,3,5,3,3,5,5,3,Infield shade,Strategic,218,0.0,0.0,77.7,7.4,,,0.0,88.0,2,2,0.927,0.927,31,25,32,26,1,3,2.0,1.0,4.0,1,2.27,1.03,-1.03,31.3,10.597241464242808,-0.919294525798354,32.53061289911236,32.49909887372275,30.90420919502624,batter
CH,2024-08-16,82.4,-1.39,5.95,"Mitchell, Garrett",669003,658648,double_play,hit_into_play,,,,,4,"Garrett Mitchell lines into an unassisted double play, first baseman Josh Naylor. Willy Adames out at 1st.",R,L,R,MIL,CLE,X,3.0,line_drive,0,1,2024,-0.53,0.26,-0.4650742373487222,2.1871683953247163,,,642715.0,1,5,Bot,148.73,170.23,,,,,3.115828567035863,-120.10593100559052,-2.6165754403737838,-5.685514932420748,21.016606336014288,-29.382220404226697,3.41,1.62,115.0,78.6,9.0,82.8,1715,6.3,745949,666310,647304,665926,608070,682177,680757,686823,678877,54.23,0.384,0.366,0.0,1.0,0.0,0.0,4.0,45,2,Changeup,5,0,5,0,0,5,5,0,Standard,Standard,200,-0.008,-0.215,82.4,8.2,,0.446,0.215,88.0,5,5,0.96,0.96,27,25,27,26,1,2,3.0,1.0,5.0,1,3.06,0.53,-0.53,46.8,12.49158441573177,-12.778456034030848,30.877586068996457,40.7530482841082,42.86866941894073,batter
FF,2024-08-16,91.9,-1.81,5.27,"Mitchell, Garrett",669003,605130,,ball,,,,,11,,R,L,R,MIL,CLE,B,,,1,2,2024,-0.16,0.92,-0.4351454332785046,4.483191011626516,,,,2,8,Bot,,,,,,,3.866515363653217,-133.89832162588476,1.8244459105746904,-2.733084469104605,26.30025584774322,-21.612020548412588,3.28703557726038,1.44608105368726,,,,93.1,2385,6.7,745949,666310,647304,665926,608070,682177,680757,686823,678877,53.77,,,,,,,,67,4,4-Seam Fastball,5,3,5,3,3,5,5,3,Infield shade,Standard,208,0.001,0.039,,,,,-0.039,,2,2,0.926,0.926,31,25,32,26,1,3,2.0,1.0,4.0,1,1.75,0.16,-0.16,29.7,,,,,,batter
FF,2024-08-16,91.2,-1.38,5.95,"Mitchell, Garrett",669003,658648,,foul,,,,,5,,R,L,R,MIL,CLE,S,,,0,0,2024,-0.23,1.22,0.1987468495226519,2.551314954775666,,,642715.0,1,5,Bot,,,,,,,4.477194950145044,-132.8173690691625,-5.336837533894175,-3.627328107646437,26.494544748773706,-16.770829817936303,3.41,1.62,144.0,73.0,70.0,91.8,2225,6.5,745949,666310,647304,665926,608070,682177,680757,686823,678877,54.03,,,,,,,,45,1,4-Seam Fastball,5,0,5,0,0,5,5,0,Standard,Standard,207,-0.001,-0.04,76.1,7.3,,,0.04,88.0,5,5,0.961,0.961,27,25,27,26,1,2,3.0,1.0,5.0,1,1.5,0.23,-0.23,45.8,5.124290850436302,8.774207412969433,30.664639956957277,33.61106012543239,28.556940350255445,batter
CU,2024-08-16,77.4,-1.72,5.49,"Mitchell, Garrett",669003,605130,,called_strike,,,,,4,,R,L,R,MIL,CLE,S,,,1,1,2024,1.56,-0.66,-0.6042196178839723,2.6431525261811286,,,,2,8,Bot,,,,,,,-0.4765881437022997,-112.6298926342346,2.1443185810054315,13.321925398383875,22.38311337449273,-38.3849153835045,3.24250036984265,1.43578584574689,,,,77.6,2552,6.6,745949,666310,647304,665926,608070,682177,680757,686823,678877,53.88,,,,,,,,67,3,Curveball,5,3,5,3,3,5,5,3,Standard,Standard,69,-0.001,-0.064,,,,,0.064,,2,2,0.927,0.927,31,25,32,26,1,3,2.0,1.0,4.0,1,4.49,-1.56,1.56,32.8,,,,,,batter
FF,2024-08-16,91.7,-1.79,5.29,"Mitchell, Garrett",669003,605130,,ball,,,,,11,,R,L,R,MIL,CLE,B,,,0,1,2024,-0.21,1.0,-0.6511772328485068,4.181636742560998,,,,2,8,Bot,,,,,,,3.3610431441034185,-133.6571029586236,0.8531870367495853,-3.21416571490409,26.503667547814004,-20.476121928646908,3.27721089159864,1.47036559409592,,,,92.7,2458,6.6,745949,666310,647304,665926,608070,682177,680757,686823,678877,53.86,,,,,,,,67,2,4-Seam Fastball,5,3,5,3,3,5,5,3,Standard,Standard,218,0.0,0.029,,,,,-0.029,,2,2,0.927,0.927,31,25,32,26,1,3,2.0,1.0,4.0,1,1.68,0.21,-0.21,30.0,,,,,,batter
SI,2024-08-16,91.4,-1.7,5.33,"Mitchell, Garrett",669003,605130,,called_strike,,,,,3,,R,L,R,MIL,CLE,S,,,0,0,2024,-1.08,0.3,0.2958270885500393,2.807186830243815,,,,2,8,Bot,,,,,,,7.4092956077288195,-132.95097554199089,-1.1942586427260578,-14.397390945966292,25.862948284040684,-28.492636644778504,3.27076516659394,1.4295472722834,,,,92.3,2356,6.7,745949,666310,647304,665926,608070,682177,680757,686823,678877,53.85,,,,,,,,67,1,Sinker,5,3,5,3,3,5,5,3,Standard,Standard,219,0.0,-0.041,,,,,0.041,,2,2,0.927,0.927,31,25,32,26,1,3,2.0,1.0,4.0,1,2.41,1.08,-1.08,31.9,,,,,,batter
FF,2024-08-15,93.4,-2.4,5.31,"Mitchell, Garrett",669003,656427,field_out,hit_into_play,,,,,5,"Garrett Mitchell grounds out, second baseman Gavin Lux to first baseman Freddie Freeman.",R,L,R,MIL,LAD,X,4.0,ground_ball,3,2,2024,-0.17,1.31,0.0088775812146459,2.693517059948002,,,,2,3,Bot,148.6,154.16,,,,,6.650241116166336,-135.87731176681362,-3.9222965342726175,-3.5070638901141504,27.32330606948356,-15.256175828957984,3.45,1.65,60.0,91.1,2.0,94.4,2195,6.7,745950,669257,518692,666158,571771,500743,606192,681624,518792,53.78,0.475,0.434,0.0,1.0,0.0,0.0,2.0,27,6,4-Seam Fastball,3,3,3,3,3,3,3,3,Strategic,Standard,207,-0.014,-0.325,75.8,7.0,,0.543,0.325,91.1,0,0,0.514,0.514,28,25,29,26,2,1,6.0,1.0,6.0,1,1.29,0.17,-0.17,28.9,12.241963991057755,7.770581258919988,30.90107485249784,33.72794127838175,27.00809712100353,batter
KC,2024-08-15,76.9,-2.7,5.07,"Mitchell, Garrett",669003,656427,,ball,,,,,13,,R,L,R,MIL,LAD,B,,,2,2,2024,1.25,-0.69,-0.7682796247562966,0.7801345711782082,,,,2,3,Bot,,,,,,,1.8354709434989476,-111.95015172035116,-0.8378399317918498,10.140044117770891,21.150335047213776,-38.01159654728632,3.36578843574866,1.52948699096124,,,,77.3,2450,6.6,745950,669257,518692,666158,571771,500743,606192,681624,518792,53.87,,,,,,,,27,5,Knuckle Curve,3,3,3,3,3,3,3,3,Strategic,Standard,64,0.004,0.106,,,,,-0.106,,0,0,0.51,0.51,28,25,29,26,2,1,6.0,1.0,6.0,1,4.55,-1.25,1.25,20.3,,,,,,batter
FF,2024-08-15,93.6,-2.47,5.33,"Mitchell, Garrett",669003,656427,,ball,,,,,12,,R,L,R,MIL,LAD,B,,,1,2,2024,-0.27,1.29,0.0078619970845353,3.788149233381803,,,,2,3,Bot,,,,,,,7.05073586266608,-136.1496548520235,-1.1069169149076084,-4.91434148533104,28.755129328836865,-16.019706927437806,3.42267489240049,1.58633567525485,,,,94.3,2364,6.6,745950,669257,518692,666158,571771,500743,606192,681624,518792,53.86,,,,,,,,27,4,4-Seam Fastball,3,3,3,3,3,3,3,3,Strategic,Standard,207,0.002,0.039,,,,,-0.039,,0,0,0.508,0.508,28,25,29,26,2,1,6.0,1.0,6.0,1,1.3,0.27,-0.27,27.8,,,,,,batter
FF,2024-08-15,92.2,-2.41,5.39,"Mitchell, Garrett",669003,656427,,foul,,,,,2,,R,L,R,MIL,LAD,S,,,1,1,2024,-0.44,1.2,0.1378990966071811,3.353346443798954,,,,2,3,Bot,,,,,,,7.489520165941673,-134.14645623048315,-2.0153301600935767,-6.871710699023734,26.69293616542866,-17.389015448180558,3.45,1.65,220.0,75.3,45.0,93.0,2182,6.6,745950,669257,518692,666158,571771,500743,606192,681624,518792,53.9,,,,,,,,27,3,4-Seam Fastball,3,3,3,3,3,3,3,3,Infield shade,Standard,203,-0.003,-0.064,76.8,7.6,,,0.064,88.0,0,0,0.511,0.511,28,25,29,26,2,1,6.0,1.0,6.0,1,1.47,0.44,-0.44,28.7,18.744452546027613,-7.313984880300592,28.3643462135345,33.54741575650762,32.58515678681363,batter
CH,2024-08-15,85.4,-2.74,5.23,"Mitchell, Garrett",669003,656427,,ball,,,,,13,,R,L,R,MIL,LAD,B,,,0,1,2024,-1.16,0.36,-1.1960232718800636,1.5424977102932087,,,,2,3,Bot,,,,,,,6.021270953037236,-124.26132718138442,-3.15279834262279,-13.255359364829346,23.31881950438835,-28.06718997115551,3.39729974412592,1.59652577372288,,,,86.3,1543,6.7,745950,669257,518692,666158,571771,500743,606192,681624,518792,53.78,,,,,,,,27,2,Changeup,3,3,3,3,3,3,3,3,Infield shade,Standard,229,0.001,0.029,,,,,-0.029,,0,0,0.51,0.51,28,25,29,26,2,1,6.0,1.0,6.0,1,2.75,1.16,-1.16,22.7,,,,,,batter
FF,2024-08-15,93.1,-2.49,5.47,"Mitchell, Garrett",669003,656427,,foul,,,,,4,,R,L,R,MIL,LAD,S,,,0,0,2024,-0.42,1.33,-0.4066118328982701,2.5408767293231724,,,,2,3,Bot,,,,,,,6.305102750971827,-135.51492783594963,-4.732879927951694,-6.466817925875096,27.77887740235836,-14.932245584039592,3.45,1.65,202.0,72.3,45.0,94.0,2382,6.7,745950,669257,518692,666158,571771,500743,606192,681624,518792,53.82,,,,,,,,27,1,4-Seam Fastball,3,3,3,3,3,3,3,3,Standard,Standard,204,-0.002,-0.041,73.7,7.2,,,0.041,88.0,0,0,0.512,0.512,28,25,29,26,2,1,6.0,1.0,6.0,1,1.29,0.42,-0.42,31.2,5.440615637672965,7.942333228487636,32.63977127001439,39.37564647812597,27.05064678785831,batter
KC,2024-08-15,76.8,-2.65,5.23,"Mitchell, Garrett",669003,656427,strikeout,swinging_strike,,,,,13,Garrett Mitchell strikes out swinging.,R,L,R,MIL,LAD,S,2.0,,0,2,2024,1.11,-0.87,-0.4287741576364109,0.9996560350606228,,,,0,1,Bot,,,,,,,2.7014666347946554,-111.79979759179784,-0.3504738306014339,8.785497123483552,21.28107327306928,-39.61373414288569,3.45,1.65,,,,76.9,2454,6.4,745950,669257,518692,666158,571771,500743,606192,681624,518792,54.07,,0.0,0.0,1.0,0.0,0.0,,6,3,Knuckle Curve,2,0,2,0,0,2,2,0,Strategic,Standard,57,-0.009,-0.163,72.1,8.7,4.099437396,,0.163,,2,2,0.726,0.726,28,25,29,26,1,0,6.0,1.0,6.0,1,4.75,-1.11,1.11,24.4,24.13361091217862,-19.32811988471976,39.18018902773923,41.10368740883006,45.62627024216044,batter
FF,2024-08-15,92.0,-2.51,5.49,"Mitchell, Garrett",669003,656427,,foul_tip,,,,,2,,R,L,R,MIL,LAD,S,,,0,1,2024,-0.37,1.22,0.0104260024354291,3.4744969799636323,,,,0,1,Bot,,,,,,,7.23819256182138,-133.88417915960537,-1.9672659986387788,-5.974541546806455,26.650098051922186,-17.1835830609491,3.45,1.65,,,,92.7,2279,6.5,745950,669257,518692,666158,571771,500743,606192,681624,518792,53.97,,,,,,,,6,2,4-Seam Fastball,2,0,2,0,0,2,2,0,Infield shade,Standard,203,-0.004,-0.054,78.3,7.8,,,0.054,,2,2,0.73,0.73,28,25,29,26,1,0,6.0,1.0,6.0,1,1.45,0.37,-0.37,29.8,23.98883923739353,-8.945853991024462,28.03837005514561,35.80572606197468,35.43546218617465,batter
KC,2024-08-15,75.7,-2.63,5.34,"Mitchell, Garrett",669003,656427,,called_strike,,,,,5,,R,L,R,MIL,LAD,S,,,0,0,2024,1.09,-0.81,-0.1919153742571822,2.3638294957323938,,,,0,1,Bot,,,,,,,3.1565024649761484,-110.14070639608056,2.379544067969696,8.269482536163597,20.45420468605328,-39.439638152944205,3.45359363261419,1.55194233036191,,,,75.8,2394,6.4,745950,669257,518692,666158,571771,500743,606192,681624,518792,54.06,,,,,,,,6,1,Knuckle Curve,2,0,2,0,0,2,2,0,Standard,Standard,61,-0.002,-0.037,,,,,0.037,,2,2,0.732,0.732,28,25,29,26,1,0,6.0,1.0,6.0,1,4.81,-1.09,1.09,26.1,,,,,,batter
SL,2024-08-15,88.5,-2.77,5.38,"Mitchell, Garrett",669003,543339,walk,ball,,,,,14,Garrett Mitchell walks.,R,L,R,MIL,LAD,B,,,3,2,2024,-0.19,0.44,1.3017971517698017,0.9722916835652886,,694192.0,,0,8,Bot,,,,,,,10.364922165964938,-128.5600523834414,-5.664185250851863,-4.027125811113775,23.580716773695883,-26.307914750849285,3.28613930684034,1.45901971634144,,,,89.2,2645,6.5,745950,669257,518692,666158,571771,500743,606192,595281,681624,53.95,,0.689131,0.7,1.0,0.0,0.0,,64,7,Slider,3,4,3,4,4,3,3,4,Standard,Standard,179,0.051,0.263,,,,,-0.263,,-1,-1,0.489,0.489,37,25,37,26,1,3,3.0,1.0,3.0,1,2.45,0.19,-0.19,33.3,,,,,,batter
FF,2024-08-15,95.1,-2.75,5.29,"Mitchell, Garrett",669003,543339,,ball,,,,,12,,R,L,R,MIL,LAD,B,,,2,2,2024,-0.37,1.26,0.9808858334918896,2.7791354921951874,,694192.0,,0,8,Bot,,,,,,,10.676835483319868,-138.230125346255,-3.81243747065458,-7.021492064032272,28.323093372371616,-15.274060977088649,3.40235540858871,1.65255291185458,,,,95.8,2541,6.6,745950,669257,518692,666158,571771,500743,606192,595281,681624,53.92,,,,,,,,64,6,4-Seam Fastball,3,4,3,4,4,3,3,4,Standard,Standard,212,0.026,0.062,,,,,-0.062,,-1,-1,0.463,0.463,37,25,37,26,1,3,3.0,1.0,3.0,1,1.25,0.37,-0.37,29.8,,,,,,batter
SL,2024-08-15,89.6,-2.79,5.44,"Mitchell, Garrett",669003,543339,,foul,,,,,9,,R,L,R,MIL,LAD,S,,,2,2,2024,-0.1,0.64,0.461469839357956,1.5981209207738658,,694192.0,,0,8,Bot,,,,,,,8.260147987805883,-130.27754673008226,-4.915536411699694,-2.652780828435591,24.44755700471188,-24.045532709263306,3.45,1.65,4.0,100.2,-22.0,90.3,2581,6.5,745950,669257,518692,666158,571771,500743,606192,595281,681624,53.98,,,,,,,,64,5,Slider,3,4,3,4,4,3,3,4,Standard,Standard,184,0.0,0.0,74.5,8.1,,,0.0,100.2,-1,-1,0.463,0.463,37,25,37,26,1,3,3.0,1.0,3.0,1,2.18,0.1,-0.1,30.9,12.538639939942078,-16.745966153204126,35.48305140978003,29.16343942793093,38.85204659545347,batter
SL,2024-08-15,89.5,-2.84,5.43,"Mitchell, Garrett",669003,543339,,ball,,,,,14,,R,L,R,MIL,LAD,B,,,1,2,2024,-0.18,0.61,0.1780915464549203,1.1790372119059382,,694192.0,,0,8,Bot,,,,,,,7.865808275620977,-130.11812977057804,-5.870298332204648,-3.5011617715095444,23.62088280005623,-24.246348554860543,3.40665774504613,1.57991162922848,,,,90.4,2621,6.6,745950,669257,518692,666158,571771,500743,606192,595281,681624,53.91,,,,,,,,64,4,Slider,3,4,3,4,4,3,3,4,Standard,Standard,200,0.017,0.054,,,,,-0.054,,-1,-1,0.446,0.446,37,25,37,26,1,3,3.0,1.0,3.0,1,2.21,0.18,-0.18,34.9,,,,,,batter
FF,2024-08-15,98.6,-2.28,5.71,"Mitchell, Garrett",669003,656629,field_out,hit_into_play,,,,,5,Garrett Mitchell lines out sharply to center fielder Andy Pages.,R,L,R,MIL,LAD,X,8.0,line_drive,2,2,2024,-0.52,1.37,-0.1600851425267339,2.3676810033600897,,,,0,6,Bot,133.39,60.12,,,,,7.057022995783605,-143.40823330071504,-6.915877087648208,-8.812728010575153,31.3472923464999,-11.873795507697183,3.45,1.65,345.0,107.4,16.0,99.9,2608,6.9,745950,669257,518692,666158,571771,500743,606192,681624,518792,53.62,0.626,0.745,0.0,1.0,0.0,0.0,5.0,49,5,4-Seam Fastball,3,4,3,4,4,3,3,4,Strategic,Standard,205,-0.034,-0.227,74.1,7.2,,1.138,0.227,107.4,-1,-1,0.39,0.39,28,25,28,26,1,2,3.0,1.0,1.0,1,0.97,0.52,-0.52,51.6,8.650489376141195,5.159472317071907,35.83211726391251,36.19597577663362,26.972833048582288,batter
FF,2024-08-15,95.4,-3.02,5.22,"Mitchell, Garrett",669003,543339,,swinging_strike,,,,,1,,R,L,R,MIL,LAD,S,,,1,1,2024,-0.6,1.22,-0.5050920144334685,3.397597427172845,,694192.0,,0,8,Bot,,,,,,,7.985302598635043,-138.84446190190792,-1.9410108072887529,-9.47369744172198,29.33432399527314,-16.113727572023347,3.45,1.65,,,,95.9,2542,6.4,745950,669257,518692,666158,571771,500743,606192,595281,681624,54.07,,,,,,,,64,3,4-Seam Fastball,3,4,3,4,4,3,3,4,Strategic,Standard,215,-0.028,-0.073,77.8,6.8,0.519120384,,0.073,,-1,-1,0.474,0.474,37,25,37,26,1,3,3.0,1.0,3.0,1,1.27,0.6,-0.6,27.1,8.805578902300473,14.080985826009412,24.816010135707025,41.23004889727638,23.60594751304628,batter
FF,2024-08-15,98.2,-2.42,5.52,"Mitchell, Garrett",669003,656629,,foul,,,,,14,,R,L,R,MIL,LAD,S,,,2,1,2024,-0.69,1.37,0.8380441635404786,2.2461241076031566,,,,0,6,Bot,,,,,,,10.53738071560302,-142.56195640347715,-6.640200944905962,-11.747280137757802,30.46831198740664,-12.141892148093117,3.45,1.65,6.0,70.1,-20.0,99.4,2596,6.9,745950,669257,518692,666158,571771,500743,606192,681624,518792,53.58,,,,,,,,49,4,4-Seam Fastball,3,4,3,4,4,3,3,4,Infield shade,Standard,215,-0.012,-0.069,80.2,7.7,,,0.069,88.0,-1,-1,0.402,0.402,28,25,28,26,1,2,3.0,1.0,1.0,1,1.0,0.69,-0.69,44.7,14.3807411004789,-7.663247499841656,33.70313345149168,25.996279315492167,30.67722157176121,batter
FF,2024-08-15,95.6,-3.04,5.23,"Mitchell, Garrett",669003,543339,,called_strike,,,,,4,,R,L,R,MIL,LAD,S,,,1,0,2024,-0.59,1.32,-0.7326297038935984,2.746173948083532,,694192.0,,0,8,Bot,,,,,,,7.414722039813018,-139.00463724710704,-3.931286091321791,-9.268185538219942,30.235150605826803,-14.292400848644537,3.45958864966715,1.67316247957187,,,,95.9,2490,6.5,745950,669257,518692,666158,571771,500743,606192,595281,681624,54.04,,,,,,,,64,2,4-Seam Fastball,3,4,3,4,4,3,3,4,Strategic,Standard,221,-0.012,-0.036,,,,,0.036,,-1,-1,0.486,0.486,37,25,37,26,1,3,3.0,1.0,3.0,1,1.17,0.59,-0.59,29.5,,,,,,batter
FF,2024-08-15,97.6,-2.42,5.56,"Mitchell, Garrett",669003,656629,,ball,,,,,12,,R,L,R,MIL,LAD,B,,,1,1,2024,-0.58,1.53,1.2838478054494409,2.6677585377692017,,,,0,6,Bot,,,,,,,11.429375270593322,-141.66303126743242,-5.891874190266908,-10.175019255879391,29.3752342925538,-10.324330105074722,3.45005296824452,1.62634877942429,,,,99.2,2553,7.1,745950,669257,518692,666158,571771,500743,606192,681624,518792,53.4,,,,,,,,49,3,4-Seam Fastball,3,4,3,4,4,3,3,4,Infield shade,Standard,211,0.008,0.053,,,,,-0.053,,-1,-1,0.394,0.394,28,25,28,26,1,2,3.0,1.0,1.0,1,0.86,0.58,-0.58,43.4,,,,,,batter
FF,2024-08-15,94.5,-3.02,5.35,"Mitchell, Garrett",669003,543339,,ball,,,,,11,,R,L,R,MIL,LAD,B,,,0,0,2024,-0.62,1.28,-1.1278314657907271,4.088434406849901,,694192.0,,0,8,Bot,,,,,,,6.310916562740009,-137.60996871142862,-0.4821483541322761,-9.24921663936109,29.815005715495108,-15.99869267888663,3.19519493231034,1.3682353747713,,,,94.8,2483,6.4,745950,669257,518692,666158,571771,500743,606192,595281,681624,54.14,,,,,,,,64,1,4-Seam Fastball,3,4,3,4,4,3,3,4,Standard,Standard,216,0.006,0.038,,,,,-0.038,,-1,-1,0.48,0.48,37,25,37,26,1,3,3.0,1.0,3.0,1,1.26,0.62,-0.62,30.6,,,,,,batter
FF,2024-08-15,98.0,-2.36,5.64,"Mitchell, Garrett",669003,656629,,called_strike,,,,,12,,R,L,R,MIL,LAD,S,,,1,0,2024,-0.73,1.48,0.8305428719387664,2.9727433178669846,,,,0,6,Bot,,,,,,,10.388747023891623,-142.30305554433122,-5.184980631208361,-12.17561787739178,30.95281248633895,-11.019371832701433,3.40878194044162,1.5608015413995,,,,99.0,2611,6.8,745950,669257,518692,666158,571771,500743,606192,681624,518792,53.68,,,,,,,,49,2,4-Seam Fastball,3,4,3,4,4,3,3,4,Standard,Standard,211,-0.008,-0.049,,,,,0.049,,-1,-1,0.402,0.402,28,25,28,26,1,2,3.0,1.0,1.0,1,0.9,0.73,-0.73,48.1,,,,,,batter
FF,2024-08-15,97.4,-2.48,5.7,"Mitchell, Garrett",669003,656629,,ball,,,,,12,,R,L,R,MIL,LAD,B,,,0,0,2024,-0.48,1.55,0.3489114386151243,3.659877564297583,,,,0,6,Bot,,,,,,,8.768584474336459,-141.5759304053021,-3.55559055421736,-8.394865118703214,31.180172232372676,-10.704678351705263,3.44633352676074,1.66838847000458,,,,98.4,2569,6.9,745950,669257,518692,666158,571771,500743,606192,681624,518792,53.65,,,,,,,,49,1,4-Seam Fastball,3,4,3,4,4,3,3,4,Standard,Standard,214,0.006,0.038,,,,,-0.038,,-1,-1,0.396,0.396,28,25,28,26,1,2,3.0,1.0,1.0,1,0.85,0.48,-0.48,48.7,,,,,,batter
FF,2024-08-14,93.2,-0.97,5.58,"Mitchell, Garrett",669003,621111,walk,ball,,,,,11,Garrett Mitchell walks.,R,L,R,MIL,LAD,B,,,3,2,2024,-0.29,1.3,-0.1880406460105047,3.6698738842304657,,,,0,4,Bot,,,,,,,2.648834383322148,-135.74329494148145,-2.044912828476226,-4.1601486914092725,28.13634922838644,-15.760971327783745,3.4054252877206,1.46385706086755,,,,93.7,2116,6.4,745951,605131,518692,666158,571771,605113,606192,595281,605141,54.08,,0.689131,0.7,1.0,0.0,0.0,,35,6,4-Seam Fastball,3,3,3,3,3,3,3,3,Strategic,Standard,198,0.037,0.371,,,,,-0.371,,0,0,0.566,0.566,29,25,30,26,2,1,57.0,1.0,6.0,1,1.3,0.29,-0.29,50.8,,,,,,batter
FC,2024-08-14,91.0,-1.0,5.47,"Mitchell, Garrett",669003,621111,,ball,,,,,12,,R,L,R,MIL,LAD,B,,,2,2,2024,0.41,1.02,1.0740631369743323,3.4737232382366225,,,,0,4,Bot,,,,,,,4.329953592382548,-132.57864965357123,-1.3822467784455363,4.150794585171867,24.112259147450157,-19.909080399162452,3.37079800758984,1.69591137416565,,,,92.1,2303,6.5,745951,605131,518692,666158,571771,605113,606192,595281,605141,53.96,,,,,,,,35,5,Cutter,3,3,3,3,3,3,3,3,Strategic,Standard,176,0.01,0.107,,,,,-0.107,,0,0,0.556,0.556,29,25,30,26,2,1,57.0,1.0,6.0,1,1.69,-0.41,0.41,47.4,,,,,,batter
FF,2024-08-14,94.3,-0.97,5.56,"Mitchell, Garrett",669003,621111,,ball,,,,,12,,R,L,R,MIL,LAD,B,,,1,2,2024,-0.24,1.39,0.341151823712328,3.711356277045247,,,,0,4,Bot,,,,,,,3.9589873812014913,-137.29160687993414,-2.2299715555214448,-3.893836156757607,29.348860512219016,-14.223568928841347,3.37898113443787,1.53759507979017,,,,95.0,2167,6.6,745951,605131,518692,666158,571771,605113,606192,595281,605141,53.92,,,,,,,,35,4,4-Seam Fastball,3,3,3,3,3,3,3,3,Strategic,Standard,198,0.004,0.04,,,,,-0.04,,0,0,0.552,0.552,29,25,30,26,2,1,57.0,1.0,6.0,1,1.16,0.24,-0.24,50.7,,,,,,batter
FC,2024-08-14,90.8,-1.13,5.39,"Mitchell, Garrett",669003,621111,,foul,,,,,6,,R,L,R,MIL,LAD,S,,,1,1,2024,0.31,1.01,0.6957786859862733,2.490834018964982,,,,0,4,Bot,,,,,,,3.9216925922362713,-132.2598033348382,-3.5982716982620357,3.016847613787501,24.261621505400445,-19.72158552454977,3.45,1.65,128.0,53.4,53.0,91.9,2363,6.6,745951,605131,518692,666158,571771,605113,606192,595281,605141,53.94,,,,,,,,35,3,Cutter,3,3,3,3,3,3,3,3,Standard,Standard,177,-0.007,-0.056,71.9,6.3,,,0.056,88.0,0,0,0.559,0.559,29,25,30,26,2,1,57.0,1.0,6.0,1,1.72,-0.31,0.31,45.5,-4.514430260124092,13.94399079083204,37.95819613947952,26.720785686515303,20.278709729308535,batter
FC,2024-08-14,89.7,-1.22,5.49,"Mitchell, Garrett",669003,621111,,swinging_strike,,,,,2,,R,L,R,MIL,LAD,S,,,1,0,2024,0.59,0.56,0.1440940906526555,2.917078888151364,,,,0,4,Bot,,,,,,,2.130186104540693,-130.6862798858997,-1.6305323042896125,6.3679470700094525,25.252361661649893,-25.569764292131342,3.45,1.65,,,,90.4,2314,6.4,745951,605131,518692,666158,571771,605113,606192,595281,605141,54.06,,,,,,,,35,2,Cutter,3,3,3,3,3,3,3,3,Standard,Standard,169,-0.005,-0.049,76.5,7.0,1.092686652,,0.049,,0,0,0.564,0.564,29,25,30,26,2,1,57.0,1.0,6.0,1,2.24,-0.59,0.59,48.9,3.718132138007761,10.731806610557372,34.0627136329275,34.429476517299584,20.080823516652707,batter
KC,2024-08-14,77.6,-1.05,5.63,"Mitchell, Garrett",669003,621111,,ball,,,,,14,,R,L,R,MIL,LAD,B,,,0,0,2024,1.16,-1.2,0.0391255830483945,-0.0963079772775152,,,,0,4,Bot,,,,,,,0.1988222586952509,-112.89888385291418,-3.044489748871796,9.794421452526452,23.35287450313184,-41.93518084787323,2.72562997409045,1.31708071753206,,,,77.7,2645,6.7,745951,605131,518692,666158,571771,605113,606192,595281,605141,53.85,,,,,,,,35,1,Knuckle Curve,3,3,3,3,3,3,3,3,Standard,Standard,39,0.004,0.038,,,,,-0.038,,0,0,0.56,0.56,29,25,30,26,2,1,57.0,1.0,6.0,1,5.03,-1.16,1.16,54.8,,,,,,batter
FF,2024-08-14,94.9,-1.03,5.55,"Mitchell, Garrett",669003,621111,strikeout,swinging_strike,,,,,12,Garrett Mitchell strikes out swinging.,R,L,R,MIL,LAD,S,2.0,,3,2,2024,-0.35,1.47,0.2978779340104511,3.762857819034144,,,,0,2,Bot,,,,,,,4.262807914722928,-138.08911854377715,-2.268360203258488,-5.442676285719468,32.39999976733921,-13.155494306024734,3.45,1.65,,,,95.0,2212,6.5,745951,605131,518692,666158,571771,605113,606192,595281,605141,54.02,,0.0,0.0,1.0,0.0,0.0,,19,6,4-Seam Fastball,1,3,1,3,3,1,1,3,Strategic,Standard,202,-0.03,-0.333,74.8,6.2,2.320496808,,0.333,,-2,-2,0.347,0.347,29,25,30,26,1,0,57.0,1.0,6.0,1,1.07,0.35,-0.35,49.6,10.055666565212386,20.657540281865625,28.381823496642163,31.792474174695016,20.71384887623412,batter
FC,2024-08-14,90.5,-0.97,5.46,"Mitchell, Garrett",669003,621111,,ball,,,,,14,,R,L,R,MIL,LAD,B,,,2,2,2024,0.57,0.73,0.872544309383736,1.867041263908413,,,,0,2,Bot,,,,,,,3.4093237503835216,-131.77175688260598,-4.664671568463033,5.950908739960792,26.157032862803614,-22.874291755547425,3.35048613627129,1.57368228517382,,,,91.3,2358,6.6,745951,605131,518692,666158,571771,605113,606192,595281,605141,53.91,,,,,,,,19,5,Cutter,1,3,1,3,3,1,1,3,Strategic,Standard,163,0.01,0.107,,,,,-0.107,,-2,-2,0.337,0.337,29,25,30,26,1,0,57.0,1.0,6.0,1,2.03,-0.57,0.57,50.9,,,,,,batter
FF,2024-08-14,93.6,-1.03,5.59,"Mitchell, Garrett",669003,621111,,ball,,,,,12,,R,L,R,MIL,LAD,B,,,1,2,2024,-0.21,1.28,0.1565048421986075,5.503888223951416,,,,0,2,Bot,,,,,,,3.534179316495456,-136.31180614410866,2.6852359568460407,-3.345078971147028,29.701404536741773,-16.998600076573588,3.45000147466677,1.57104239686967,,,,93.8,2156,6.3,745951,605131,518692,666158,571771,605113,606192,595281,605141,54.18,,,,,,,,19,4,4-Seam Fastball,1,3,1,3,3,1,1,3,Strategic,Standard,197,0.003,0.04,,,,,-0.04,,-2,-2,0.334,0.334,29,25,30,26,1,0,57.0,1.0,6.0,1,1.32,0.21,-0.21,45.3,,,,,,batter
FF,2024-08-14,94.7,-0.94,5.55,"Mitchell, Garrett",669003,621111,,called_strike,,,,,3,,R,L,R,MIL,LAD,S,,,1,1,2024,-0.17,1.36,0.6433956902207698,3.0961914182247945,,,,0,2,Bot,,,,,,,4.548363948694888,-137.8213220358935,-3.811579065087497,-3.2341867807612976,30.597064671561892,-14.153470542746255,3.45000174008985,1.57079474313499,,,,95.3,2135,6.7,745951,605131,518692,666158,571771,605113,606192,595281,605141,53.85,,,,,,,,19,3,4-Seam Fastball,1,3,1,3,3,1,1,3,Infield shade,Standard,194,-0.006,-0.056,,,,,0.056,,-2,-2,0.34,0.34,29,25,30,26,1,0,57.0,1.0,6.0,1,1.18,0.17,-0.17,50.0,,,,,,batter
CH,2024-08-14,90.1,-1.37,5.45,"Mitchell, Garrett",669003,621111,,foul,,,,,8,,R,L,R,MIL,LAD,S,,,1,0,2024,-0.99,0.53,0.2543072097949599,1.7989487203283423,,,,0,2,Bot,,,,,,,6.156828285727501,-131.11965978782857,-4.264517682296983,-12.751515037547051,26.28297726609052,-25.370150125858466,3.45,1.65,152.0,72.9,16.0,90.5,1349,6.4,745951,605131,518692,666158,571771,605113,606192,595281,605141,54.06,,,,,,,,19,2,Changeup,1,3,1,3,3,1,1,3,Standard,Standard,225,-0.005,-0.049,55.9,6.1,,,0.049,88.0,-2,-2,0.345,0.345,29,25,30,26,1,0,57.0,1.0,6.0,1,2.27,0.99,-0.99,41.0,-23.54422802864996,28.357780395929836,41.80381833998455,32.680611602252746,13.199788814047402,batter
KC,2024-08-14,76.3,-1.03,5.72,"Mitchell, Garrett",669003,621111,,ball,,,,,11,,R,L,R,MIL,LAD,B,,,0,0,2024,1.01,-1.48,-0.3615258302711419,3.918376407851429,,,,0,2,Bot,,,,,,,-0.4102249237870629,-110.89867146709388,5.987715015563511,8.341229803562728,21.322281557277133,-45.66256940722563,3.42008164132733,1.64338351752856,,,,76.1,2480,6.4,745951,605131,518692,666158,571771,605113,606192,595281,605141,54.09,,,,,,,,19,1,Knuckle Curve,1,3,1,3,3,1,1,3,Standard,Standard,35,0.004,0.038,,,,,-0.038,,-2,-2,0.341,0.341,29,25,30,26,1,0,57.0,1.0,6.0,1,5.42,-1.01,1.01,55.2,,,,,,batter
FF,2024-08-14,96.0,-0.67,6.17,"Mitchell, Garrett",669003,641703,strikeout,swinging_strike,,,,,3,Garrett Mitchell strikes out swinging.,R,L,R,MIL,LAD,S,2.0,,0,2,2024,-0.53,1.3,0.576151204952908,3.479042921075072,,,,1,6,Bot,,,,,,,4.488387897784141,-139.81433472953182,-4.500758628432781,-7.887021953450494,30.675343700422857,-14.293153200261491,3.45,1.65,,,,96.0,2221,6.2,745951,605131,518692,666158,571771,605113,606192,595281,605141,54.31,,0.0,0.0,1.0,0.0,0.0,,52,3,4-Seam Fastball,4,3,4,3,3,4,4,3,Strategic,Standard,205,-0.01,-0.162,73.8,6.5,0.9704337,,0.162,,1,1,0.713,0.713,29,25,29,26,1,2,8.0,1.0,3.0,1,1.16,0.53,-0.53,47.9,8.995939138597334,13.58863498150258,32.01456747683293,29.564222080431826,21.017816449523792,batter
SC,2024-08-14,81.7,-0.84,6.14,"Mitchell, Garrett",669003,641703,,called_strike,,,,,4,,R,L,R,MIL,LAD,S,,,0,1,2024,-0.59,-0.18,-0.5647414190009414,2.381105311577353,,,,1,6,Bot,,,,,,,1.7589039116965757,-119.09782364158865,-1.583117598228569,-6.000527647457407,22.481804104213754,-33.77660867989011,3.35097543203427,1.53503468952514,,,,81.9,2195,6.3,745951,605131,518692,666158,571771,605113,606192,595281,605141,54.22,,,,,,,,52,2,Screwball,4,3,4,3,3,4,4,3,Standard,Standard,294,-0.004,-0.057,,,,,0.057,,1,1,0.717,0.717,29,25,29,26,1,2,8.0,1.0,3.0,1,3.58,0.59,-0.59,43.0,,,,,,batter
SL,2024-08-14,86.3,-0.85,6.16,"Mitchell, Garrett",669003,641703,,called_strike,,,,,14,,R,L,R,MIL,LAD,S,,,0,0,2024,0.63,0.24,0.9000913943917697,2.118678584217693,,,,1,6,Bot,,,,,,,2.9138096899829558,-125.82830293187205,-4.00511902933359,6.196251016927618,22.31453190773045,-29.049052335031323,3.44999763636127,1.60181639085124,,,,87.3,2314,6.5,745951,605131,518692,666158,571771,605113,606192,595281,605141,53.98,,,,,,,,52,1,Slider,4,3,4,3,3,4,4,3,Standard,Standard,139,-0.002,-0.037,,,,,0.037,,1,1,0.719,0.719,29,25,29,26,1,2,8.0,1.0,3.0,1,2.78,-0.63,0.63,49.0,,,,,,batter
SI,2024-08-14,97.4,-0.62,5.97,"Mitchell, Garrett",669003,675627,strikeout,called_strike,,,,,8,Garrett Mitchell called out on strikes.,R,L,R,MIL,LAD,S,2.0,,2,2,2024,-0.79,1.36,0.1021268638198338,1.828261721427104,,,,2,8,Bot,,,,,,,3.792283848977255,-141.6552070340449,-8.85003554196125,-11.502063156831444,29.61998532002158,-12.108783259798006,3.33908134116156,1.68482072757745,,,,98.8,2335,6.9,745951,605131,518692,605141,571771,500743,606192,595281,518792,53.56,,0.0,0.0,1.0,0.0,0.0,,70,6,Sinker,5,4,5,4,4,5,5,4,Strategic,Standard,195,-0.007,-0.219,,,,,0.219,,1,1,0.842,0.842,27,25,28,26,1,3,3.0,1.0,2.0,1,1.03,0.79,-0.79,58.3,,,,,,batter
SL,2024-08-14,86.7,-0.49,5.93,"Mitchell, Garrett",669003,675627,,foul,,,,,9,,R,L,R,MIL,LAD,S,,,2,2,2024,0.29,0.15,0.6761015400463314,2.0419449270199843,,,,2,8,Bot,,,,,,,2.2256723825610503,-126.39347822806695,-3.531054922952372,2.760394476478478,23.276642659381757,-30.108205457980542,3.45,1.65,371.0,100.6,32.0,88.4,2270,7.0,745951,605131,518692,605141,571771,500743,606192,595281,518792,53.47,,,,,,,,70,5,Slider,5,4,5,4,4,5,5,4,Strategic,Standard,72,0.0,0.0,78.1,8.5,,,0.0,100.6,1,1,0.842,0.842,27,25,28,26,1,3,3.0,1.0,2.0,1,2.85,-0.29,0.29,57.1,21.4135904958968,-26.83125966977363,35.52844217008366,28.45531801290196,46.02710346052088,batter
SI,2024-08-14,97.0,-0.65,5.89,"Mitchell, Garrett",669003,675627,,called_strike,,,,,9,,R,L,R,MIL,LAD,S,,,2,1,2024,-0.86,1.29,0.315762963987426,1.4625763640312217,,,,2,8,Bot,,,,,,,4.611892032968882,-141.05416465996075,-9.413146245798218,-12.569117566802024,30.032654539078457,-13.02048617778631,3.45000142666224,1.45158783432333,,,,98.5,2366,7.0,745951,605131,518692,605141,571771,500743,606192,595281,518792,53.46,,,,,,,,70,4,Sinker,5,4,5,4,4,5,5,4,Infield shade,Standard,198,-0.002,-0.084,,,,,0.084,,1,1,0.844,0.844,27,25,28,26,1,3,3.0,1.0,2.0,1,1.12,0.86,-0.86,58.7,,,,,,batter
FC,2024-08-14,93.5,-0.52,5.94,"Mitchell, Garrett",669003,675627,,ball,,,,,14,,R,L,R,MIL,LAD,B,,,1,1,2024,0.35,1.01,1.2324865221476282,2.469923920489399,,,,2,8,Bot,,,,,,,3.789812820881153,-136.0867087992815,-5.530727923915611,3.6502078326391927,28.059117071199733,-18.5950012960499,3.42159835001573,1.66358470148931,,,,95.0,2288,7.0,745951,605131,518692,605141,571771,500743,606192,595281,518792,53.51,,,,,,,,70,3,Cutter,5,4,5,4,4,5,5,4,Infield shade,Standard,174,0.001,0.058,,,,,-0.058,,1,1,0.843,0.843,27,25,28,26,1,3,3.0,1.0,2.0,1,1.58,-0.35,0.35,57.8,,,,,,batter
FC,2024-08-14,94.1,-0.61,5.93,"Mitchell, Garrett",669003,675627,,foul,,,,,9,,R,L,R,MIL,LAD,S,,,1,0,2024,0.19,0.98,0.4460667914977358,1.7718080896840889,,,,2,8,Bot,,,,,,,2.3376167409427846,-137.0022833171246,-7.384007904333011,1.969941420485866,28.576940565186693,-18.37474137003304,3.45,1.65,1.0,82.3,-51.0,95.5,2373,6.9,745951,605131,518692,605141,571771,500743,606192,595281,518792,53.55,,,,,,,,70,2,Cutter,5,4,5,4,4,5,5,4,Infield shade,Standard,185,-0.001,-0.051,76.2,7.1,,,0.051,88.0,1,1,0.844,0.844,27,25,28,26,1,3,3.0,1.0,2.0,1,1.57,-0.19,0.19,55.0,3.966893224465229,16.303056147344762,36.78157820379538,32.00433686842726,25.412918438153437,batter
KC,2024-08-14,81.5,-0.35,5.9,"Mitchell, Garrett",669003,675627,,ball,,,,,14,,R,L,R,MIL,LAD,B,,,0,0,2024,0.71,-0.85,1.7223696541042532,-1.5201593314534518,,,,2,8,Bot,,,,,,,3.3103312195544814,-118.47968084920656,-8.48481315079228,6.059207028660748,23.384901112283657,-38.72349621292154,3.33707680761362,1.61361087190081,,,,82.3,2709,7.0,745951,605131,518692,605141,571771,500743,606192,595281,518792,53.52,,,,,,,,70,1,Knuckle Curve,5,4,5,4,4,5,5,4,Infield shade,Standard,31,0.001,0.04,,,,,-0.04,,1,1,0.843,0.843,27,25,28,26,1,3,3.0,1.0,2.0,1,4.3,-0.71,0.71,65.7,,,,,,batter
FF,2024-08-13,95.3,-2.05,5.55,"Mitchell, Garrett",669003,694813,strikeout,swinging_strike,,,,,2,Garrett Mitchell strikes out swinging.,R,L,R,MIL,LAD,S,2.0,,1,2,2024,-0.54,1.47,0.1282820137479348,3.4396844552480648,,,,1,4,Bot,,,,,,,6.983975634354072,-138.545035326767,-3.1722531791920883,-8.576861447895258,34.21350689203877,-12.880389646176528,3.46,1.66,,,,95.7,2306,6.8,745954,669257,518692,666158,571771,500743,606192,681624,605141,53.67,,0.0,0.0,1.0,0.0,0.0,,36,5,4-Seam Fastball,1,7,1,7,7,1,1,7,Strategic,Standard,209,-0.005,-0.182,69.4,5.5,0.122541588,,0.182,,-6,-6,0.046,0.046,25,25,26,26,2,1,6.0,1.0,6.0,1,1.07,0.54,-0.54,46.0,-1.3584827951097591,32.22553614923126,30.823159539686003,32.59962696717267,9.928566901840234,batter
SL,2024-08-13,87.8,-2.08,5.43,"Mitchell, Garrett",669003,694813,,foul,,,,,4,,R,L,R,MIL,LAD,S,,,1,2,2024,0.39,-0.1,-0.2835614750586768,2.812160711545709,,,,1,4,Bot,,,,,,,3.556897952430734,-127.71548791274412,0.094503620854528,3.401106584778863,29.672030785749108,-33.57417192532102,3.46,1.66,261.0,83.5,34.0,87.7,2061,6.6,745954,669257,518692,666158,571771,500743,606192,681624,605141,53.94,,,,,,,,36,4,Slider,1,7,1,7,7,1,1,7,Strategic,Standard,73,0.0,0.0,69.3,6.3,,,0.0,88.0,-6,-6,0.046,0.046,25,25,26,26,2,1,6.0,1.0,6.0,1,3.1,-0.39,0.39,44.7,-0.6729931117175966,28.823016175351835,30.20537406709137,38.208700471852055,12.692383036332426,batter
FF,2024-08-13,95.0,-2.0,5.61,"Mitchell, Garrett",669003,694813,,foul,,,,,7,,R,L,R,MIL,LAD,S,,,1,1,2024,-0.81,1.4,-0.5115454832220935,2.1154312217665967,,,,1,4,Bot,,,,,,,5.742364467001048,-138.03071094934012,-6.635857300825817,-11.648778341772235,32.34881292072812,-12.973958903390878,3.46,1.66,103.0,78.4,12.0,95.4,2259,6.7,745954,669257,518692,666158,571771,500743,606192,681624,605141,53.78,,,,,,,,36,3,4-Seam Fastball,1,7,1,7,7,1,1,7,Infield shade,Standard,214,-0.002,-0.061,78.0,7.3,,,0.061,88.0,-6,-6,0.048,0.048,25,25,26,26,2,1,6.0,1.0,6.0,1,1.14,0.81,-0.81,50.1,1.116422899208403,12.234072025837886,35.905950081387495,41.8552501282531,20.793986278716645,batter
CH,2024-08-13,87.5,-2.08,5.6,"Mitchell, Garrett",669003,694813,,ball,,,,,11,,R,L,R,MIL,LAD,B,,,0,1,2024,-1.11,0.37,-1.4378288461998945,2.65944662637129,,,,1,4,Bot,,,,,,,3.879826549355245,-127.3552971512014,-1.741464852516993,-12.93207636124874,25.72484860475098,-27.96814625745124,3.38137386104695,1.56510629572512,,,,88.0,1518,6.6,745954,669257,518692,666158,571771,500743,606192,681624,605141,53.93,,,,,,,,36,2,Changeup,1,7,1,7,7,1,1,7,Infield shade,Standard,240,0.001,0.024,,,,,-0.024,,-6,-6,0.047,0.047,25,25,26,26,2,1,6.0,1.0,6.0,1,2.6,1.11,-1.11,47.7,,,,,,batter
FF,2024-08-13,94.6,-2.07,5.64,"Mitchell, Garrett",669003,694813,,called_strike,,,,,4,,R,L,R,MIL,LAD,S,,,0,0,2024,-0.71,1.44,-0.6513198439270905,2.4172996967510865,,,,1,4,Bot,,,,,,,5.343268766020187,-137.59415595635235,-5.968798802779943,-10.230814607584696,31.616294839063087,-12.735604816547257,3.47623074636179,1.52247648306025,,,,95.3,2235,6.8,745954,669257,518692,666158,571771,500743,606192,681624,605141,53.68,,,,,,,,36,1,4-Seam Fastball,1,7,1,7,7,1,1,7,Infield shade,Standard,211,-0.001,-0.037,,,,,0.037,,-6,-6,0.048,0.048,25,25,26,26,2,1,6.0,1.0,6.0,1,1.12,0.71,-0.71,49.3,,,,,,batter
FF,2024-08-13,95.0,-1.07,5.69,"Mitchell, Garrett",669003,689017,strikeout,swinging_strike,,,,,5,Garrett Mitchell strikes out swinging.,R,L,R,MIL,LAD,S,2.0,,0,2,2024,-0.53,1.62,-0.0937527290844221,2.3486137839713264,,,642715.0,0,7,Bot,,,,,,,3.741126723157352,-138.16710264265305,-6.663400293487831,-7.697630893440317,31.85550322572316,-10.12017171853468,3.46,1.66,,,,94.4,2531,6.1,745954,669257,518692,666158,571771,500743,606192,681624,605141,54.44,,0.0,0.0,1.0,0.0,0.0,,57,3,4-Seam Fastball,1,7,1,7,7,1,1,7,Strategic,Standard,204,-0.007,-0.15,72.8,6.0,1.234037544,,0.15,,-6,-6,0.028,0.028,26,25,27,26,1,2,21.0,1.0,24.0,1,0.91,0.53,-0.53,53.9,-9.779052875911113,33.87050683474835,38.24827558202446,36.562609073579424,9.75942758202192,batter
CH,2024-08-13,87.0,-1.22,5.62,"Mitchell, Garrett",669003,689017,,called_strike,,,,,5,,R,L,R,MIL,LAD,S,,,0,1,2024,-0.84,1.23,-0.0134365805215992,2.338782030441486,,,642715.0,0,7,Bot,,,,,,,4.593159275477899,-126.53341468993172,-4.187812829720581,-10.005872567411444,26.1794002267718,-18.357307172642823,3.36568244665048,1.67224678435421,,,,86.6,1937,6.1,745954,669257,518692,666158,571771,500743,606192,681624,605141,54.4,,,,,,,,57,2,Changeup,1,7,1,7,7,1,1,7,Infield shade,Standard,223,-0.003,-0.048,,,,,0.048,,-6,-6,0.031,0.031,26,25,27,26,1,2,21.0,1.0,24.0,1,1.79,0.84,-0.84,50.3,,,,,,batter
FF,2024-08-13,96.3,-1.81,5.63,"Mitchell, Garrett",669003,694813,hit_by_pitch,hit_by_pitch,,,,,12,Garrett Mitchell hit by pitch.,R,L,R,MIL,LAD,B,,,0,1,2024,-0.66,1.3,1.8490436778662505,4.1455501601323865,,,,1,2,Bot,,,,,,,11.2834168798375,-139.94819462109837,-1.333875767239328,-11.028713741655633,29.212894994742964,-14.933781299573424,3.46,1.66,,,,97.3,2169,6.8,745954,669257,518692,666158,571771,500743,606192,681624,605141,53.73,,0.720192,0.7,1.0,0.0,0.0,,13,2,4-Seam Fastball,0,1,0,1,1,0,0,1,Infield shade,Standard,214,0.031,0.462,,,,,-0.462,,-1,-1,0.415,0.415,25,25,26,26,1,0,6.0,1.0,6.0,1,1.15,0.66,-0.66,49.3,,,,,,batter
FF,2024-08-13,94.5,-1.16,5.68,"Mitchell, Garrett",669003,689017,,called_strike,,,,,1,,R,L,R,MIL,LAD,S,,,0,0,2024,-0.51,1.39,-0.6056494683077426,3.178417939921231,,,642715.0,0,7,Bot,,,,,,,2.550781268150733,-137.60055860553035,-3.9024163571242254,-7.023910900279739,31.947348737468744,-13.835897523396612,3.24242326429253,1.40138492325515,,,,93.9,2471,6.0,745954,669257,518692,666158,571771,500743,606192,681624,605141,54.49,,,,,,,,57,1,4-Seam Fastball,1,7,1,7,7,1,1,7,Infield shade,Standard,209,-0.002,-0.042,,,,,0.042,,-6,-6,0.033,0.033,26,25,27,26,1,2,21.0,1.0,24.0,1,1.16,0.51,-0.51,53.7,,,,,,batter
CH,2024-08-13,88.7,-2.12,5.59,"Mitchell, Garrett",669003,694813,,called_strike,,,,,4,,R,L,R,MIL,LAD,S,,,0,0,2024,-1.19,0.25,-0.8215027131058452,2.301543767506202,,,,1,2,Bot,,,,,,,5.699233334852422,-129.14834985331348,-2.5631156037580496,-14.528247064216018,25.116579087756172,-29.07720105995304,3.53738580353344,1.65922105368453,,,,89.5,1493,6.6,745954,669257,518692,666158,571771,500743,606192,681624,605141,53.88,,,,,,,,13,1,Changeup,0,1,0,1,1,0,0,1,Infield shade,Standard,240,-0.003,-0.037,,,,,0.037,,-1,-1,0.418,0.418,25,25,26,26,1,0,6.0,1.0,6.0,1,2.63,1.19,-1.19,46.7,,,,,,batter
SL,2024-08-12,86.6,1.41,6.04,"Mitchell, Garrett",669003,477132,strikeout,called_strike,,,,,7,Garrett Mitchell called out on strikes.,R,L,L,MIL,LAD,S,2.0,,2,2,2024,0.01,0.94,-0.7662547289147645,1.979584580435539,,,694192.0,1,6,Bot,,,,,,,-5.257164907025719,-125.94849913780702,-5.467341584842895,1.1623866490092534,24.196075450133826,-21.22128516175704,3.5579415452943,1.69785117163331,,,,87.3,2352,6.6,745953,669257,518692,666158,571771,500743,606192,595281,605141,53.89,,0.0,0.0,1.0,0.0,0.0,,46,5,Slider,0,4,0,4,4,0,0,4,Infield shade,Standard,214,-0.021,-0.229,,,,,0.229,,-4,-4,0.096,0.096,36,25,36,26,3,2,6.0,1.0,6.0,1,2.09,0.01,0.01,54.3,,,,,,batter
FF,2024-08-12,90.2,1.34,6.01,"Mitchell, Garrett",669003,477132,,called_strike,,,,,9,,R,L,L,MIL,LAD,S,,,2,1,2024,0.26,1.41,0.32101036044008,1.6137078667525817,,,694192.0,1,6,Bot,,,,,,,-3.1044419547735425,-131.1346237865334,-8.017204125803927,3.6021308106890584,26.72886237533908,-14.471160768277446,3.52520795546078,1.66507813057706,,,,90.9,2197,6.7,745953,669257,518692,666158,571771,500743,606192,595281,605141,53.84,,,,,,,,46,4,4-Seam Fastball,0,4,0,4,4,0,0,4,Infield shade,Standard,173,-0.008,-0.057,,,,,0.057,,-4,-4,0.104,0.104,36,25,36,26,3,2,6.0,1.0,6.0,1,1.39,0.26,0.26,54.0,,,,,,batter
SL,2024-08-12,86.7,1.51,6.03,"Mitchell, Garrett",669003,477132,,foul,,,,,7,,R,L,L,MIL,LAD,S,,,2,0,2024,-0.33,0.66,-0.7999788679501925,1.6118981146187104,,,694192.0,1,6,Bot,,,,,,,-4.863535803646286,-126.1330748587237,-5.726116975155296,-2.555630546407908,25.28663654509545,-24.18903482403614,3.47,1.67,,,,87.1,2408,6.5,745953,669257,518692,666158,571771,500743,606192,595281,605141,54.01,,,,,,,,46,3,Slider,0,4,0,4,4,0,0,4,Infield shade,Standard,196,-0.008,-0.057,79.6,7.7,,,0.057,,-4,-4,0.112,0.112,36,25,36,26,3,2,6.0,1.0,6.0,1,2.37,-0.33,-0.33,54.0,9.930999039560271,5.026565567903544,31.4313764073225,45.91009412588075,30.52715177252396,batter
SL,2024-08-12,87.3,1.42,5.98,"Mitchell, Garrett",669003,477132,,ball,,,,,13,,R,L,L,MIL,LAD,B,,,1,0,2024,-0.34,0.66,-1.3635698646571068,0.8800455837397405,,,694192.0,1,6,Bot,,,,,,,-6.056780049386428,-126.84399508868648,-7.524909616365974,-2.43398332629374,26.06695349824124,-23.633493793702108,3.56856624744284,1.60477167254348,,,,88.1,2453,6.9,745953,669257,518692,666158,571771,500743,606192,595281,605141,53.61,,,,,,,,46,2,Slider,0,4,0,4,4,0,0,4,Infield shade,Standard,222,0.008,0.056,,,,,-0.056,,-4,-4,0.104,0.104,36,25,36,26,3,2,6.0,1.0,6.0,1,2.34,-0.34,-0.34,53.0,,,,,,batter
SL,2024-08-12,84.7,1.54,6.01,"Mitchell, Garrett",669003,477132,,ball,,,,,13,,R,L,L,MIL,LAD,B,,,0,0,2024,0.17,0.64,-0.4099610548490696,0.905720464793355,,,694192.0,1,6,Bot,,,,,,,-4.913775560100151,-123.17800166249611,-6.881134619438866,2.6922512070622724,23.73811479923256,-24.506238842656284,3.2285422923148,1.40254347088116,,,,85.0,2254,6.4,745953,669257,518692,666158,571771,500743,606192,595281,605141,54.06,,,,,,,,46,1,Slider,0,4,0,4,4,0,0,4,Infield shade,Standard,200,0.004,0.036,,,,,-0.036,,-4,-4,0.1,0.1,36,25,36,26,3,2,6.0,1.0,6.0,1,2.53,0.17,0.17,54.4,,,,,,batter
CU,2024-08-12,72.8,1.29,6.24,"Mitchell, Garrett",669003,477132,strikeout,swinging_strike,,,,,9,Garrett Mitchell strikes out swinging.,R,L,L,MIL,LAD,S,2.0,,0,2,2024,-0.34,-1.3,0.7629132130624536,1.7699193886601954,,,,1,4,Bot,,,,,,,-0.4704142150163781,-106.0621533021855,0.6642551553208067,-2.455568832465061,19.038074852869517,-42.320719472225086,3.47,1.67,,,,72.9,2308,6.4,745953,669257,518692,666158,571771,500743,606192,595281,605141,54.12,,0.0,0.0,1.0,0.0,0.0,,29,3,Curveball,0,2,0,2,2,0,0,2,Strategic,Standard,339,-0.012,-0.162,78.8,7.8,0.343657356,,0.162,,-2,-2,0.274,0.274,36,25,36,26,2,1,6.0,1.0,6.0,1,5.61,-0.34,-0.34,61.0,12.400301143894968,-8.467168027335026,37.46805708455251,26.32133386224614,30.14899650035144,batter
FF,2024-08-12,88.8,1.65,5.99,"Mitchell, Garrett",669003,477132,,called_strike,,,,,9,,R,L,L,MIL,LAD,S,,,0,1,2024,0.26,1.42,0.593727169463526,1.7354393928333016,,,,1,4,Bot,,,,,,,-3.1317430321775266,-129.24090393548306,-7.41097370169456,3.4877712432356733,25.12185924862188,-14.934206990371178,3.57456353837124,1.6878139198666,,,,89.6,2254,6.6,745953,669257,518692,666158,571771,500743,606192,595281,605141,53.86,,,,,,,,29,2,4-Seam Fastball,0,2,0,2,2,0,0,2,Strategic,Standard,176,-0.005,-0.057,,,,,0.057,,-2,-2,0.279,0.279,36,25,36,26,2,1,6.0,1.0,6.0,1,1.45,0.26,0.26,53.3,,,,,,batter
FF,2024-08-12,89.4,1.57,6.01,"Mitchell, Garrett",669003,477132,,called_strike,,,,,7,,R,L,L,MIL,LAD,S,,,0,0,2024,-0.12,1.42,-0.2921670868134728,2.185035476316425,,,,1,4,Bot,,,,,,,-4.370793144510901,-130.15811070681318,-6.494931081945212,-0.5422937879940517,25.67596890487972,-14.906876177242957,3.57188068442606,1.68515913173285,,,,90.3,2230,6.7,745953,669257,518692,666158,571771,500743,606192,595281,605141,53.82,,,,,,,,29,1,4-Seam Fastball,0,2,0,2,2,0,0,2,Infield shade,Standard,171,-0.003,-0.037,,,,,0.037,,-2,-2,0.282,0.282,36,25,36,26,2,1,6.0,1.0,6.0,1,1.42,-0.12,-0.12,53.8,,,,,,batter
SL,2024-08-12,85.9,1.76,6.07,"Mitchell, Garrett",669003,477132,field_out,hit_into_play,,,,,5,"Garrett Mitchell grounds out, pitcher Clayton Kershaw to first baseman Freddie Freeman.",R,L,L,MIL,LAD,X,1.0,ground_ball,0,0,2024,-0.12,0.44,0.1952403516058053,2.3415430216297817,,,,2,1,Bot,136.54,189.05,,,,,-3.466602365470278,-125.15124890495709,-3.489279797368257,-0.5678870244493588,25.079846121859056,-27.066764043619653,3.47,1.67,1.0,68.0,-56.0,86.3,2257,6.5,745953,669257,518692,666158,571771,500743,606192,595281,605141,54.03,0.337,0.343,0.0,1.0,0.0,0.0,2.0,6,1,Slider,0,0,0,0,0,0,0,0,Infield shade,Standard,217,-0.01,-0.256,71.4,6.7,,0.344,0.256,88.0,0,0,0.51,0.51,36,25,36,26,1,0,6.0,1.0,6.0,1,2.64,-0.12,-0.12,54.7,3.256863086089236,18.893733939044512,31.958916479110396,35.10505379884134,22.705740746875424,batter
SL,2024-08-11,90.0,-1.85,4.6,"Mitchell, Garrett",669003,664747,strikeout,swinging_strike,,,,,13,Garrett Mitchell strikes out swinging.,R,L,R,MIL,CIN,S,2.0,,2,2,2024,0.13,0.34,-0.0071797308887805,0.9870491499187142,,,,1,9,Bot,,,,,,,4.4158808238108,-131.05745616776437,-3.8227666278102506,0.626986990016526,26.9013239898433,-27.65531850364093,3.45,1.65,,,,92.6,2735,7.7,745956,663886,664034,669289,682622,682829,668715,670770,656413,52.78,,0.0,0.0,1.0,0.0,0.0,,71,5,Slider,3,4,3,4,4,3,3,4,Infield shade,Standard,166,-0.058,-0.225,74.5,8.7,2.754848952,,0.225,,-1,-1,0.105,0.105,27,25,28,26,1,0,4.0,1.0,2.0,1,2.46,-0.13,0.13,15.3,18.869401920049636,-17.491510344082837,36.996174949836,36.24194819898917,38.041592185623045,batter
FF,2024-08-11,95.4,-1.85,4.44,"Mitchell, Garrett",669003,664747,,ball,,,,,11,,R,L,R,MIL,CIN,B,,,1,2,2024,-0.98,1.14,-1.084720032989427,3.816837996682202,,,,1,9,Bot,,,,,,,4.362352411505386,-138.88966088181962,1.459161011827402,-13.684558414023854,30.237287596020508,-17.863221306189754,3.30400293463758,1.51961094995685,,,,98.2,2671,7.8,745956,663886,664034,669289,682622,682829,668715,670770,656413,52.72,,,,,,,,71,4,4-Seam Fastball,3,4,3,4,4,3,3,4,Infield shade,Standard,227,0.01,0.043,,,,,-0.043,,-1,-1,0.095,0.095,27,25,28,26,1,0,4.0,1.0,2.0,1,1.35,0.98,-0.98,10.7,,,,,,batter
FF,2024-08-11,95.5,-1.93,4.5,"Mitchell, Garrett",669003,664747,,ball,,,,,11,,R,L,R,MIL,CIN,B,,,0,2,2024,-0.69,1.21,-0.9318794645451682,4.334471438816248,,,,1,9,Bot,,,,,,,4.304926774339649,-139.07847887371568,2.5006682031201537,-9.887474135227103,30.160482104565045,-17.130367576767103,3.32052956102316,1.60828060565626,,,,98.1,2707,7.6,745956,663886,664034,669289,682622,682829,668715,670770,656413,52.85,,,,,,,,71,3,4-Seam Fastball,3,4,3,4,4,3,3,4,Infield shade,Standard,224,0.007,0.02,,,,,-0.02,,-1,-1,0.088,0.088,27,25,28,26,1,0,4.0,1.0,2.0,1,1.27,0.69,-0.69,14.4,,,,,,batter
SL,2024-08-11,90.3,-1.92,4.53,"Mitchell, Garrett",669003,664747,,swinging_strike,,,,,9,,R,L,R,MIL,CIN,S,,,0,1,2024,0.04,0.4,0.7889562699187871,2.091884486690464,,,,1,9,Bot,,,,,,,6.857646654750477,-131.4801882530409,-1.0269049980794074,-0.8493886985273813,26.01301134480597,-27.471459179030017,3.45,1.65,,,,93.4,2602,7.9,745956,663886,664034,669289,682622,682829,668715,670770,656413,52.59,,,,,,,,71,2,Slider,3,4,3,4,4,3,3,4,Standard,Standard,183,-0.017,-0.057,78.1,8.2,1.351284912,,0.057,,-1,-1,0.105,0.105,27,25,28,26,1,0,4.0,1.0,2.0,1,2.37,-0.04,0.04,11.9,20.8381035517042,-17.94604058116113,35.82314660453449,26.024687968964027,34.7987750330568,batter
FF,2024-08-11,95.4,-1.95,4.45,"Mitchell, Garrett",669003,664747,,foul,,,,,2,,R,L,R,MIL,CIN,S,,,0,0,2024,-0.88,1.14,-0.1022342080864163,3.1249171930845288,,,,1,9,Bot,,,,,,,7.064220601625392,-138.93573628355986,-0.4560330828381909,-12.94641180738304,28.87382985049769,-17.42282763649869,3.45,1.65,222.0,77.5,48.0,98.6,2574,7.9,745956,663886,664034,669289,682622,682829,668715,670770,656413,52.61,,,,,,,,71,1,4-Seam Fastball,3,4,3,4,4,3,3,4,Strategic,Standard,228,-0.01,-0.037,74.3,7.1,,,0.037,88.0,-1,-1,0.115,0.115,27,25,28,26,1,0,4.0,1.0,2.0,1,1.35,0.88,-0.88,13.1,12.659733501180131,3.852927405115846,32.158089800873896,35.42029486585338,25.247239913186075,batter
FF,2024-08-10,91.9,-1.84,6.07,"Mitchell, Garrett",669003,607259,strikeout,called_strike,,,,,7,Garrett Mitchell called out on strikes.,R,L,R,MIL,CIN,S,2.0,,2,2,2024,-0.29,1.44,-0.7801017969852748,2.195973466586524,,,,0,6,Bot,,,,,,,3.297472242102457,-133.7500873516915,-7.097609766234128,-4.1954470234908605,26.96856207235013,-13.56751981435139,3.53027760377234,1.6174754661597,,,,91.7,2382,6.0,745955,663886,600869,663697,682622,682829,668715,670770,641584,54.47,,0.0,0.0,1.0,0.0,0.0,,37,6,4-Seam Fastball,0,0,0,0,0,0,0,0,Infield shade,Standard,204,-0.029,-0.227,,,,,0.227,,0,0,0.571,0.571,33,25,34,26,2,1,5.0,1.0,6.0,1,1.24,0.29,-0.29,55.1,,,,,,batter
CH,2024-08-10,82.0,-1.64,6.22,"Mitchell, Garrett",669003,607259,,ball,,,,,13,,R,L,R,MIL,CIN,B,,,1,2,2024,-1.18,0.87,-0.9511838677451644,0.6081478284156585,,,,0,6,Bot,,,,,,,3.799916679151552,-119.2512897338176,-7.761823184264906,-11.983691708021398,22.631293458071376,-22.555879212949616,3.49881739268223,1.6487904519179,,,,81.4,2236,5.9,745955,663886,600869,663697,682622,682829,668715,670770,641584,54.6,,,,,,,,37,5,Changeup,0,0,0,0,0,0,0,0,Infield shade,Standard,230,0.005,0.04,,,,,-0.04,,0,0,0.566,0.566,33,25,34,26,2,1,5.0,1.0,6.0,1,2.52,1.18,-1.18,62.9,,,,,,batter
FF,2024-08-10,92.0,-1.77,6.09,"Mitchell, Garrett",669003,607259,,foul,,,,,2,,R,L,R,MIL,CIN,S,,,1,2,2024,-0.25,1.29,0.1494655047555536,3.311726773289214,,,,0,6,Bot,,,,,,,5.371641963291134,-133.90000906706186,-4.051155581524122,-4.040870909107015,26.205964549105254,-15.875134384902342,3.48,1.66,219.0,74.4,28.0,91.8,2310,6.0,745955,663886,600869,663697,682622,682829,668715,670770,641584,54.54,,,,,,,,37,4,4-Seam Fastball,0,0,0,0,0,0,0,0,Infield shade,Standard,201,0.0,0.0,65.2,5.5,,,0.0,88.0,0,0,0.566,0.566,33,25,34,26,2,1,5.0,1.0,6.0,1,1.38,0.25,-0.25,61.3,-4.523648320440965,37.0671196799977,35.04567574307037,31.732199899073,11.175166646114285,batter
FF,2024-08-10,91.4,-1.83,6.1,"Mitchell, Garrett",669003,607259,,ball,,,,,12,,R,L,R,MIL,CIN,B,,,0,2,2024,-0.26,1.13,1.1289688309431392,3.2758824588521285,,,,0,6,Bot,,,,,,,7.965267884770167,-133.01522446729788,-3.710202491591605,-4.590350366661019,25.18032062991357,-18.102052194334075,3.49881739268223,1.71142801727251,,,,91.3,2302,6.0,745955,663886,600869,663697,682622,682829,668715,670770,641584,54.53,,,,,,,,37,3,4-Seam Fastball,0,0,0,0,0,0,0,0,Infield shade,Standard,206,0.004,0.023,,,,,-0.023,,0,0,0.562,0.562,33,25,34,26,2,1,5.0,1.0,6.0,1,1.57,0.26,-0.26,54.8,,,,,,batter
CH,2024-08-10,80.6,-1.65,6.23,"Mitchell, Garrett",669003,607259,,swinging_strike,,,,,7,,R,L,R,MIL,CIN,S,,,0,1,2024,-1.02,0.68,-0.6168193992340302,1.6494853498999142,,,,0,6,Bot,,,,,,,4.185934912693036,-117.2685339413168,-4.811657764238566,-10.156822167436152,20.82425658915325,-25.166933112386857,3.48,1.66,,,,80.3,2065,5.9,745955,663886,600869,663697,682622,682829,668715,670770,641584,54.57,,,,,,,,37,2,Changeup,0,0,0,0,0,0,0,0,Standard,Standard,234,-0.009,-0.054,77.8,8.6,2.278659432,,0.054,,0,0,0.571,0.571,33,25,34,26,2,1,5.0,1.0,6.0,1,2.81,1.02,-1.02,62.6,21.701907844247447,-16.2443566512367,37.16036564186264,42.4933413291642,43.49034957687136,batter
FC,2024-08-10,88.5,-2.02,6.12,"Mitchell, Garrett",669003,607259,,foul_bunt,,,,,7,,R,L,R,MIL,CIN,S,,,0,0,2024,0.07,1.04,-0.4165775104929602,2.1730150571475484,,,,0,6,Bot,,,,,,,3.736139455857716,-128.78707333383744,-5.737076463142596,0.0019015461676777,25.23107922407725,-19.582592447153527,3.48,1.66,,,,88.0,2371,5.8,745955,663886,600869,663697,682622,682829,668715,670770,641584,54.65,,,,,,,,37,1,Cutter,0,0,0,0,0,0,0,0,Infield shade,Standard,195,-0.005,-0.037,5.2,1.7,,,0.037,88.0,0,0,0.576,0.576,33,25,34,26,2,1,5.0,1.0,6.0,1,1.85,-0.07,0.07,54.2,-24.39229484240686,-152.5591132539688,71.10852561038584,41.98469347143745,15.767313886127036,batter
FF,2024-08-10,93.1,-1.91,6.02,"Mitchell, Garrett",669003,607259,strikeout,called_strike,,,,,7,Garrett Mitchell called out on strikes.,R,L,R,MIL,CIN,S,2.0,,1,2,2024,-0.36,1.37,-0.7325702969409402,1.8835529777078823,,,,1,3,Bot,,,,,,,3.769905576432418,-135.36707830681218,-7.803652568002637,-5.186651521750519,28.072543862946528,-13.876757904455022,3.48308859790987,1.65749980649851,,,,92.4,2446,5.8,745955,663886,600869,663697,682622,682829,668715,670770,641584,54.67,,0.0,0.0,1.0,0.0,0.0,,18,4,4-Seam Fastball,0,0,0,0,0,0,0,0,Infield shade,Standard,207,-0.013,-0.182,,,,,0.182,,0,0,0.525,0.525,33,25,34,26,1,0,5.0,1.0,6.0,1,1.26,0.36,-0.36,52.1,,,,,,batter
FF,2024-08-10,92.9,-1.78,6.1,"Mitchell, Garrett",669003,607259,,swinging_strike,,,,,4,,R,L,R,MIL,CIN,S,,,1,1,2024,-0.28,1.49,-0.615099319235594,2.8189598165066023,,,,1,3,Bot,,,,,,,3.591956467502369,-135.27013194253163,-5.889675147659226,-4.25152094715858,28.4953631733039,-12.759078113926238,3.48,1.66,,,,92.6,2459,6.0,745955,663886,600869,663697,682622,682829,668715,670770,641584,54.52,,,,,,,,18,3,4-Seam Fastball,0,0,0,0,0,0,0,0,Standard,Standard,200,-0.004,-0.061,72.7,6.1,0.300869232,,0.061,,0,0,0.529,0.529,33,25,34,26,1,0,5.0,1.0,6.0,1,1.14,0.28,-0.28,56.2,-8.085804519977941,38.08633776367673,32.78160932063622,41.70278107814463,2.893936794216674,batter
CH,2024-08-10,81.6,-1.56,6.18,"Mitchell, Garrett",669003,607259,,ball,,,,,13,,R,L,R,MIL,CIN,B,,,0,1,2024,-1.22,0.74,-0.2913503243633226,1.0931477614071676,,,,1,3,Bot,,,,,,,5.147137417002,-118.69744686962814,-6.240752463520751,-12.488579588592058,22.011376232711147,-24.22185618561906,3.54600902461195,1.7270890071664,,,,81.0,2137,5.9,745955,663886,600869,663697,682622,682829,668715,670770,641584,54.64,,,,,,,,18,2,Changeup,0,0,0,0,0,0,0,0,Standard,Standard,235,0.002,0.024,,,,,-0.024,,0,0,0.527,0.527,33,25,34,26,1,0,5.0,1.0,6.0,1,2.68,1.22,-1.22,59.7,,,,,,batter
CU,2024-08-10,80.9,-1.47,6.16,"Mitchell, Garrett",669003,607259,,called_strike,,,,,4,,R,L,R,MIL,CIN,S,,,0,0,2024,0.02,-1.06,-0.4726264631462957,2.4537995747139223,,,,1,3,Bot,,,,,,,2.172801260752066,-117.8199235615937,0.3702950151779074,-0.2694575648056662,22.720405825230877,-42.34868054075554,3.54600902461195,1.75841292495697,,,,80.1,2689,5.7,745955,663886,600869,663697,682622,682829,668715,670770,641584,54.78,,,,,,,,18,1,Curveball,0,0,0,0,0,0,0,0,Infield shade,Standard,12,-0.003,-0.037,,,,,0.037,,0,0,0.53,0.53,33,25,34,26,1,0,5.0,1.0,6.0,1,4.54,-0.02,0.02,63.1,,,,,,batter
FF,2024-08-10,96.4,-2.33,5.25,"Mitchell, Garrett",669003,663574,strikeout,swinging_strike,,,,,1,Garrett Mitchell strikes out swinging.,R,L,R,MIL,CIN,S,2.0,,2,2,2024,-0.68,1.16,-0.7904466916495292,2.9741187457194664,,,,2,8,Bot,,,,,,,5.62036427343758,-140.40031261538883,-3.129290121319709,-10.275912953313036,30.44829487192586,-16.324830603086166,3.48,1.66,,,,96.2,2336,6.0,745955,663886,600869,663697,682622,682829,668715,670770,641584,54.48,,0.0,0.0,1.0,0.0,0.0,,54,5,4-Seam Fastball,1,0,1,0,0,1,1,0,Infield shade,Standard,226,-0.007,-0.219,71.2,6.2,1.684472136,,0.219,,1,1,0.842,0.842,27,25,27,26,1,2,2.0,1.0,3.0,1,1.28,0.68,-0.68,27.5,-2.4811993043996576,34.79370941625964,32.106829069310294,44.16008243777418,6.129226837940088,batter
FF,2024-08-10,95.8,-2.23,5.3,"Mitchell, Garrett",669003,663574,,swinging_strike,,,,,2,,R,L,R,MIL,CIN,S,,,2,1,2024,-0.44,1.27,-0.054594795518356,3.342195108268589,,,,2,8,Bot,,,,,,,6.722118202781368,-139.4858588020735,-2.45521158663455,-7.259125430707837,30.44719347403577,-15.181782920112544,3.48,1.66,,,,95.6,2425,6.1,745955,663886,600869,663697,682622,682829,668715,670770,641584,54.43,,,,,,,,54,4,4-Seam Fastball,1,0,1,0,0,1,1,0,Strategic,Standard,218,-0.002,-0.084,70.2,5.6,3.10532658,,0.084,,1,1,0.844,0.844,27,25,27,26,1,2,2.0,1.0,3.0,1,1.2,0.44,-0.44,30.4,-7.671985532452455,45.34249341853221,37.33957472946776,34.02874620919484,8.862357168782879,batter
FF,2024-08-10,96.8,-2.42,5.25,"Mitchell, Garrett",669003,663574,,ball,,,,,11,,R,L,R,MIL,CIN,B,,,1,1,2024,-0.81,1.18,-0.8130075495765585,3.613530113972786,,,,2,8,Bot,,,,,,,6.087400960251058,-140.930020479338,-1.5132488591505222,-12.096960390749604,31.092998587701043,-16.295371218291738,3.49881739268223,1.68010796140018,,,,96.4,2373,6.0,745955,663886,600869,663697,682622,682829,668715,670770,641584,54.53,,,,,,,,54,3,4-Seam Fastball,1,0,1,0,0,1,1,0,Strategic,Standard,223,0.001,0.058,,,,,-0.058,,1,1,0.843,0.843,27,25,27,26,1,2,2.0,1.0,3.0,1,1.25,0.81,-0.81,26.0,,,,,,batter
SL,2024-08-10,87.0,-2.51,5.27,"Mitchell, Garrett",669003,663574,,called_strike,,,,,4,,R,L,R,MIL,CIN,S,,,1,0,2024,0.84,0.36,-0.3908046165980212,2.5568417063667592,,,,2,8,Bot,,,,,,,3.3279858565837803,-126.710739356227,-1.094293810681957,8.448472657874051,25.378607990685406,-28.2411621139622,3.53027760377234,1.68010796140018,,,,86.4,2572,5.8,745955,663886,600869,663697,682622,682829,668715,670770,641584,54.69,,,,,,,,54,2,Slider,1,0,1,0,0,1,1,0,Strategic,Standard,52,-0.001,-0.051,,,,,0.051,,1,1,0.844,0.844,27,25,27,26,1,2,2.0,1.0,3.0,1,2.64,-0.84,0.84,26.0,,,,,,batter
SL,2024-08-10,87.0,-2.57,5.4,"Mitchell, Garrett",669003,663574,,ball,,,,,14,,R,L,R,MIL,CIN,B,,,0,0,2024,0.93,-0.18,0.8556410111769491,2.3279568373923585,,,,2,8,Bot,,,,,,,6.263931015147205,-126.5670304195436,-0.7885455071140233,8.700150816761571,26.64294347768227,-34.18822156028489,3.53027760377234,1.71142801727251,,,,86.2,2538,5.9,745955,663886,600869,663697,682622,682829,668715,670770,641584,54.61,,,,,,,,54,1,Slider,1,0,1,0,0,1,1,0,Strategic,Standard,40,0.001,0.04,,,,,-0.04,,1,1,0.843,0.843,27,25,27,26,1,2,2.0,1.0,3.0,1,3.2,-0.93,0.93,29.5,,,,,,batter
FF,2024-08-09,90.7,-1.24,5.37,"Mitchell, Garrett",669003,686730,field_out,hit_into_play,,,,,7,"Garrett Mitchell grounds out, shortstop Elly De La Cruz to first baseman Ty France.",R,L,R,MIL,CIN,X,6.0,ground_ball,3,2,2024,-0.69,1.35,-0.6345569575866186,2.127073301807401,,,,2,4,Bot,122.84,142.76,,,,,3.008374625525408,-132.04813132862708,-5.125170411097585,-8.748787292083792,27.45007331063682,-15.490505010456916,3.47,1.64,45.0,104.3,0.0,91.4,2277,6.6,745957,571912,664034,663697,682622,682829,668715,670770,656413,53.88,0.489,0.45,0.0,1.0,0.0,0.0,4.0,35,8,4-Seam Fastball,8,0,8,0,0,8,8,0,Infield shade,Standard,216,-0.001,-0.325,75.5,7.2,,0.535,0.325,104.3,8,8,0.988,0.988,26,25,27,26,3,2,5.0,1.0,5.0,1,1.41,0.69,-0.69,35.7,-1.8238846191613312,11.862828497461066,33.62503287030128,42.99387160045848,23.80119899458329,batter
FC,2024-08-09,88.5,-1.63,5.24,"Mitchell, Garrett",669003,686730,,foul,,,,,4,,R,L,R,MIL,CIN,S,,,3,2,2024,0.01,1.08,-0.3040676870385861,2.400131633488577,,,,2,4,Bot,,,,,,,3.234043644427325,-128.91064776069936,-3.179708318422032,-0.5183384304123747,24.63628208674422,-19.684641821739888,3.47,1.64,213.0,75.0,47.0,89.5,2356,6.6,745957,571912,664034,663697,682622,682829,668715,670770,656413,53.86,,,,,,,,35,7,Cutter,8,0,8,0,0,8,8,0,Infield shade,Standard,200,0.0,0.0,72.5,6.9,,,0.0,88.0,8,8,0.988,0.988,26,25,27,26,3,2,5.0,1.0,5.0,1,1.81,-0.01,0.01,30.7,1.2579309844419428,20.734176354047104,33.92612443782695,39.33856551965391,20.689695493439125,batter
CH,2024-08-09,85.4,-1.47,5.2,"Mitchell, Garrett",669003,686730,,foul,,,,,5,,R,L,R,MIL,CIN,S,,,3,2,2024,-1.26,0.64,0.2073876914669086,2.246490313410112,,,,2,4,Bot,,,,,,,6.5464234753193296,-124.32531826771137,-2.0163327694760484,-14.39688566204011,22.89148303128746,-25.357536882980405,3.47,1.64,331.0,91.0,35.0,86.5,1692,6.8,745957,571912,664034,663697,682622,682829,668715,670770,656413,53.73,,,,,,,,35,6,Changeup,8,0,8,0,0,8,8,0,Infield shade,Standard,249,0.0,0.0,78.6,8.2,,,0.0,91.0,8,8,0.988,0.988,26,25,27,26,3,2,5.0,1.0,5.0,1,2.47,1.26,-1.26,29.2,18.29251408909219,-18.131922998743068,34.72959519885952,32.26467027664146,43.377219395051554,batter
SI,2024-08-09,89.8,-1.36,5.26,"Mitchell, Garrett",669003,686730,,called_strike,,,,,9,,R,L,R,MIL,CIN,S,,,3,1,2024,-1.24,0.71,0.6208688059990981,1.9749215215623368,,,,2,4,Bot,,,,,,,7.554225706848495,-130.65016280392587,-3.719182614007123,-15.749260816420612,25.034909717844723,-23.4585629717797,3.39987987728113,1.65332074524508,,,,90.6,2090,6.6,745957,571912,664034,663697,682622,682829,668715,670770,656413,53.92,,,,,,,,35,5,Sinker,8,0,8,0,0,8,8,0,Infield shade,Standard,224,0.0,-0.089,,,,,0.089,,8,8,0.988,0.988,26,25,27,26,3,2,5.0,1.0,5.0,1,2.1,1.24,-1.24,32.2,,,,,,batter
FF,2024-08-09,90.1,-1.43,5.33,"Mitchell, Garrett",669003,686730,,ball,,,,,13,,R,L,R,MIL,CIN,B,,,2,1,2024,-0.67,1.18,-1.245380706752773,2.3940563541373088,,,,2,4,Bot,,,,,,,1.893034533788042,-131.3350152669287,-3.9530102969592815,-8.163186235828636,24.896712034660386,-17.807903865120483,3.3513901074568,1.60468112625849,,,,91.4,2140,6.7,745957,571912,664034,663697,682622,682829,668715,670770,656413,53.77,,,,,,,,35,4,4-Seam Fastball,8,0,8,0,0,8,8,0,Infield shade,Standard,220,0.0,0.112,,,,,-0.112,,8,8,0.988,0.988,26,25,27,26,3,2,5.0,1.0,5.0,1,1.59,0.67,-0.67,33.5,,,,,,batter
FF,2024-08-09,89.2,-1.23,5.38,"Mitchell, Garrett",669003,686730,,swinging_strike,,,,,4,,R,L,R,MIL,CIN,S,,,2,0,2024,-0.37,1.21,-0.4203699913544597,2.8473329902641384,,,,2,4,Bot,,,,,,,2.7887584478323126,-130.05377933767517,-2.829151061908801,-4.7902783450185416,24.72470191594513,-18.01554166816751,3.47,1.64,,,,90.2,2172,6.6,745957,571912,664034,663697,682622,682829,668715,670770,656413,53.93,,,,,,,,35,3,4-Seam Fastball,8,0,8,0,0,8,8,0,Infield shade,Standard,210,0.0,-0.061,75.5,6.4,0.31797786,,0.061,,8,8,0.988,0.988,26,25,27,26,3,2,5.0,1.0,5.0,1,1.62,0.37,-0.37,34.5,-0.8269878339996359,31.970595593239103,35.2769982587606,40.50138691621759,12.201123102755144,batter
FC,2024-08-09,85.6,-1.58,5.35,"Mitchell, Garrett",669003,686730,,ball,,,,,14,,R,L,R,MIL,CIN,B,,,1,0,2024,0.25,0.57,2.070749739117543,2.418345853980937,,,,2,4,Bot,,,,,,,8.155171372591173,-124.50375151204614,-1.862092298637598,1.1855379712608964,22.31281796169344,-26.029984660178872,3.40317873141347,1.64433240473635,,,,86.5,2310,6.6,745957,571912,664034,663697,682622,682829,668715,670770,656413,53.85,,,,,,,,35,2,Cutter,8,0,8,0,0,8,8,0,Infield shade,Standard,187,0.0,0.068,,,,,-0.068,,8,8,0.988,0.988,26,25,27,26,3,2,5.0,1.0,5.0,1,2.51,-0.25,0.25,31.3,,,,,,batter
ST,2024-08-09,79.2,-1.74,5.22,"Mitchell, Garrett",669003,686730,,ball,,,,,12,,R,L,R,MIL,CIN,B,,,0,0,2024,1.35,0.74,0.5423659114028769,3.7634928692034206,,,,2,4,Bot,,,,,,,2.46179629769286,-115.38251563236297,2.173043333467456,11.693886194460768,19.872524934751244,-26.118124709348454,3.38677574921872,1.6397913176948,,,,79.6,2521,6.3,745957,571912,664034,663697,682622,682829,668715,670770,656413,54.16,,,,,,,,35,1,Sweeper,8,0,8,0,0,8,8,0,Infield shade,Standard,81,0.0,0.04,,,,,-0.04,,8,8,0.988,0.988,26,25,27,26,3,2,5.0,1.0,5.0,1,2.87,-1.35,1.35,30.0,,,,,,batter
FF,2024-08-09,91.4,-1.5,5.39,"Mitchell, Garrett",669003,686730,strikeout,called_strike,,,,,8,Garrett Mitchell called out on strikes.,R,L,R,MIL,CIN,S,2.0,,0,2,2024,-0.42,1.2,-0.0705177699071419,1.7153297761553552,,,,2,2,Bot,,,,,,,4.531461552592017,-133.05354368353983,-6.056377373857918,-5.897242577573925,26.672695108041225,-16.795411757181117,3.27107242651898,1.63849470120998,,,,92.3,2300,6.7,745957,571912,664034,663697,682622,682829,668715,670770,641584,53.85,,0.0,0.0,1.0,0.0,0.0,,19,3,4-Seam Fastball,6,0,6,0,0,6,6,0,Infield shade,Standard,213,-0.001,-0.157,,,,,0.157,,6,6,0.94,0.94,26,25,27,26,2,1,5.0,1.0,5.0,1,1.51,0.42,-0.42,35.5,,,,,,batter
ST,2024-08-09,81.5,-1.73,5.14,"Mitchell, Garrett",669003,686730,,swinging_strike,,,,,14,,R,L,R,MIL,CIN,S,,,0,1,2024,1.23,-0.15,1.5344231936154755,1.419439191118217,,,,2,2,Bot,,,,,,,4.99722562525297,-118.62913970841684,-1.4799608364970511,10.609406952312966,22.82424369040216,-33.566344800193576,3.47,1.64,,,,82.0,2621,6.6,745957,571912,664034,663697,682622,682829,668715,670770,641584,53.89,,,,,,,,19,2,Sweeper,6,0,6,0,0,6,6,0,Standard,Standard,73,-0.001,-0.058,75.8,9.1,4.70747382,,0.058,,6,6,0.941,0.941,26,25,27,26,2,1,5.0,1.0,5.0,1,3.59,-1.23,1.23,29.9,29.567245276575225,-42.829094923070585,37.28402706915349,18.128448578411383,49.81168206330958,batter
FC,2024-08-09,88.7,-1.65,5.27,"Mitchell, Garrett",669003,686730,,foul,,,,,6,,R,L,R,MIL,CIN,S,,,0,0,2024,0.12,0.78,0.4043157311561103,2.238626615198719,,,,2,2,Bot,,,,,,,4.829958757264094,-129.2347991837213,-3.124144760738793,0.5577172078358906,21.752400783274545,-22.98526982941717,3.47,1.64,195.0,65.2,38.0,90.5,2324,6.9,745957,571912,664034,663697,682622,682829,668715,670770,641584,53.61,,,,,,,,19,1,Cutter,6,0,6,0,0,6,6,0,Standard,Standard,198,0.0,-0.041,73.4,7.0,,,0.041,88.0,6,6,0.941,0.941,26,25,27,26,2,1,5.0,1.0,5.0,1,2.07,-0.12,0.12,32.0,-1.3768067312311674,15.94078219219688,37.663392866101645,30.71161066664007,21.997224662832476,batter
FF,2024-08-09,92.4,-1.42,5.3,"Mitchell, Garrett",669003,686730,walk,ball,,,,,11,Garrett Mitchell walks.,R,L,R,MIL,CIN,B,,,3,2,2024,-0.51,1.21,-1.1401374163244142,2.6424339519902844,,694192.0,,1,1,Bot,,,,,,,1.8287824964830697,-134.6987539994005,-3.676785765774901,-6.553477885668991,27.46480563516049,-16.790533068103493,3.27190635123245,1.65825565078134,,,,93.2,2387,6.5,745957,571912,664034,663697,682622,682829,668715,670770,641584,53.97,,0.689131,0.7,1.0,0.0,0.0,,6,6,4-Seam Fastball,0,0,0,0,0,0,0,0,Infield shade,Standard,213,0.017,0.21,,,,,-0.21,,0,0,0.57,0.57,26,25,27,26,1,0,5.0,1.0,5.0,1,1.43,0.51,-0.51,33.5,,,,,,batter
FF,2024-08-09,93.0,-1.65,5.41,"Mitchell, Garrett",669003,686730,,ball,,,,,11,,R,L,R,MIL,CIN,B,,,2,2,2024,-0.66,1.22,-0.933618081175848,3.7858813917982266,,694192.0,,1,1,Bot,,,,,,,3.284655899398662,-135.50139747354586,-1.104792023556143,-8.786174216149744,28.48745914757786,-17.01578990252679,3.32067417890168,1.67885131613401,,,,93.7,2302,6.5,745957,571912,664034,663697,682622,682829,668715,670770,641584,53.95,,,,,,,,6,5,4-Seam Fastball,0,0,0,0,0,0,0,0,Infield shade,Standard,212,0.008,0.074,,,,,-0.074,,0,0,0.562,0.562,26,25,27,26,1,0,5.0,1.0,5.0,1,1.4,0.66,-0.66,31.6,,,,,,batter
FC,2024-08-09,88.0,-1.73,5.22,"Mitchell, Garrett",669003,686730,,foul,,,,,9,,R,L,R,MIL,CIN,S,,,2,1,2024,0.1,0.74,0.7183679519313574,1.938888121024456,,694192.0,,1,1,Bot,,,,,,,5.785221821536433,-128.15356028056726,-3.474568371452895,0.0075449563183618,23.927025940116177,-23.47777924031882,3.47,1.64,,,,88.9,2388,6.6,745957,571912,664034,663697,682622,682829,668715,670770,641584,53.91,,,,,,,,6,4,Cutter,0,0,0,0,0,0,0,0,Infield shade,Standard,181,-0.007,-0.082,77.4,6.9,,,0.082,,0,0,0.569,0.569,26,25,27,26,1,0,5.0,1.0,5.0,1,2.17,-0.1,0.1,29.7,2.397781039665305,9.298501801561535,38.45571365285312,26.12396479147055,25.37026536329179,batter
SI,2024-08-09,92.2,-1.35,5.38,"Mitchell, Garrett",669003,686730,,called_strike,,,,,9,,R,L,R,MIL,CIN,S,,,2,0,2024,-1.06,1.36,0.6379514577837782,1.9613714759928969,,694192.0,,1,1,Bot,,,,,,,7.382817138097474,-134.04660582991312,-5.849614847397341,-14.335831225174612,28.85236452311776,-14.703857795553995,3.32448934427505,1.65209366356472,,,,92.7,2307,6.6,745957,571912,664034,663697,682622,682829,668715,670770,641584,53.88,,,,,,,,6,3,Sinker,0,0,0,0,0,0,0,0,Infield shade,Standard,216,-0.004,-0.047,,,,,0.047,,0,0,0.573,0.573,26,25,27,26,1,0,5.0,1.0,5.0,1,1.33,1.06,-1.06,32.3,,,,,,batter
CH,2024-08-09,87.2,-1.89,5.16,"Mitchell, Garrett",669003,686730,,ball,,,,,14,,R,L,R,MIL,CIN,B,,,1,0,2024,-1.19,0.59,0.3002655178148756,0.8858590229217216,,694192.0,,1,1,Bot,,,,,,,7.74958091187781,-126.74267522611802,-5.32210111776692,-14.375168338447782,26.02277167394477,-24.94134468073957,3.36167523301821,1.66040058509543,,,,87.6,1544,6.6,745957,571912,664034,663697,682622,682829,668715,670770,641584,53.91,,,,,,,,6,2,Changeup,0,0,0,0,0,0,0,0,Infield shade,Standard,250,0.004,0.042,,,,,-0.042,,0,0,0.569,0.569,26,25,27,26,1,0,5.0,1.0,5.0,1,2.42,1.19,-1.19,28.2,,,,,,batter
ST,2024-08-09,81.5,-1.87,5.11,"Mitchell, Garrett",669003,686730,,ball,,,,,14,,R,L,R,MIL,CIN,B,,,0,0,2024,1.45,0.18,0.8441367295851447,1.7569645940564,,,694192.0,1,1,Bot,,,,,,,3.331390545832256,-118.64654153249268,-1.2725910046530473,12.965659226167295,23.413327214831117,-30.410428971268537,3.39014306809671,1.63998140862549,,,,81.8,2553,6.5,745957,571912,664034,663697,682622,682829,668715,670770,641584,53.96,,,,,,,,6,1,Sweeper,0,0,0,0,0,0,0,0,Standard,Standard,79,0.018,0.036,,,,,-0.036,,0,0,0.551,0.551,26,25,27,26,1,0,5.0,1.0,5.0,1,3.25,-1.45,1.45,29.1,,,,,,batter
ST,2024-08-09,82.9,-2.41,5.68,"Mitchell, Garrett",669003,596001,field_out,hit_into_play,,,,,6,"Garrett Mitchell grounds out, second baseman Spencer Steer to first baseman Ty France.",R,L,R,MIL,CIN,X,4.0,ground_ball,1,1,2024,1.47,0.27,0.5938283865568212,2.889770293247684,,,,2,6,Bot,139.16,157.66,,,,,3.956167863346301,-120.67443812029988,-0.4426928281259522,13.58066287234571,23.276250151376612,-29.699833852947343,3.47,1.64,49.0,59.7,6.0,82.1,2705,5.7,745957,571912,664034,668715,682622,682829,666181,670770,656413,54.82,0.173,0.164,0.0,1.0,0.0,0.0,2.0,51,3,Sweeper,8,0,8,0,0,8,8,0,Infield shade,Standard,53,0.0,-0.244,74.1,6.5,,0.219,0.244,88.0,8,8,0.996,0.996,31,25,32,26,1,3,2.0,1.0,3.0,1,3.05,-1.47,1.47,29.3,2.010492494587369,13.677229061420274,37.42875266070337,26.63226989041837,25.08498562348605,batter
CH,2024-08-09,86.5,-2.25,5.51,"Mitchell, Garrett",669003,596001,,ball,,,,,14,,R,L,R,MIL,CIN,B,,,0,1,2024,-1.06,0.36,0.2180985838101719,1.5758946987447344,,,,2,6,Bot,,,,,,,7.993017501474413,-125.85548468659708,-3.955885308439401,-12.799234178876516,23.07445783237507,-27.72159480315946,3.47013926320933,1.72154390221727,,,,86.4,1443,6.0,745957,571912,664034,668715,682622,682829,666181,670770,656413,54.49,,,,,,,,51,2,Changeup,8,0,8,0,0,8,8,0,Infield shade,Standard,223,0.0,0.029,,,,,-0.029,,8,8,0.996,0.996,31,25,32,26,1,3,2.0,1.0,3.0,1,2.66,1.06,-1.06,25.3,,,,,,batter
ST,2024-08-09,83.1,-2.33,5.6,"Mitchell, Garrett",669003,596001,,swinging_strike,,,,,9,,R,L,R,MIL,CIN,S,,,0,0,2024,1.26,0.32,0.580443232864776,1.850689282284277,,,,2,6,Bot,,,,,,,4.170376227177079,-121.03553540416318,-2.756508672375636,11.606364835383648,22.908675869408235,-28.699365697579932,3.47,1.64,,,,82.4,2658,5.7,745957,571912,664034,668715,682622,682829,666181,670770,656413,54.82,,,,,,,,51,1,Sweeper,8,0,8,0,0,8,8,0,Infield shade,Standard,69,0.0,-0.041,80.6,8.3,0.543580176,,0.041,,8,8,0.996,0.996,31,25,32,26,1,3,2.0,1.0,3.0,1,2.97,-1.26,1.26,28.6,16.882689499409036,-12.552368177335998,37.287384963308405,27.79054396394737,32.79813172872113,batter
CU,2024-08-08,81.8,-3.0,5.37,"Mitchell, Garrett",669003,450203,home_run,hit_into_play,,,,,5,Garrett Mitchell homers (2) on a fly ball to left center field.,R,L,R,ATL,MIL,X,,fly_ball,3,1,2024,0.77,-0.57,-0.2303083530436969,2.224153011708648,,,,2,2,Top,69.56,44.09,,,,,4.686032433560501,-119.1622771114627,0.4266754888226229,6.648411943601195,19.39776447598569,-37.9513963654855,3.48,1.65,407.0,104.0,29.0,81.0,2962,5.3,747081,518595,621566,593160,663586,606115,594807,672284,657656,55.16,0.72,1.4283636363636365,2.0,1.0,0.0,3.0,6.0,17,5,Curveball,0,5,5,0,6,0,6,0,Standard,Standard,64,-0.038,2.436,76.3,7.8,,2.804,-2.436,104.0,-5,5,0.12,0.88,40,25,41,26,2,1,7.0,1.0,5.0,1,3.93,-0.77,0.77,16.8,9.794589971577842,3.036970438944199,38.38720848870008,38.21445909916029,30.97400857806522,batter
FF,2024-08-08,93.8,-2.89,5.42,"Mitchell, Garrett",669003,450203,,ball,,,,,12,,R,L,R,ATL,MIL,B,,,2,1,2024,-1.06,0.75,1.963599235481027,3.071061979434038,,,,2,2,Top,,,,,,,14.71362831950552,-135.91209761941798,-2.0430278353970945,-15.934021677396409,24.387418602597045,-22.462359407668465,3.47923345339892,1.64509776829092,,,,93.4,2384,5.9,747081,518595,621566,593160,663586,606115,594807,672284,657656,54.62,,,,,,,,17,4,4-Seam Fastball,0,5,5,0,5,0,5,0,Standard,Standard,245,-0.002,0.112,,,,,-0.112,,-5,5,0.122,0.878,40,25,41,26,2,1,7.0,1.0,5.0,1,1.82,1.06,-1.06,18.1,,,,,,batter
CH,2024-08-08,85.4,-3.18,5.31,"Mitchell, Garrett",669003,450203,,ball,,,,,13,,R,L,R,ATL,MIL,B,,,1,1,2024,-1.21,-0.18,-1.4161280667905176,1.932470623182022,,,,2,2,Top,,,,,,,6.561503393175252,-124.25331168485432,-1.3556883869413052,-13.787175023573154,22.65169725630135,-34.0291648174824,3.47923345339892,1.62216840193666,,,,85.5,2126,6.2,747081,518595,621566,593160,663586,606115,594807,672284,657656,54.31,,,,,,,,17,3,Changeup,0,5,5,0,5,0,5,0,Standard,Standard,275,0.0,0.058,,,,,-0.058,,-5,5,0.122,0.878,40,25,41,26,2,1,7.0,1.0,5.0,1,3.29,1.21,-1.21,16.4,,,,,,batter
FF,2024-08-08,92.1,-1.98,5.76,"Mitchell, Garrett",669003,670161,walk,ball,,,,,14,Garrett Mitchell walks.,R,L,R,ATL,MIL,B,,,3,2,2024,-0.75,1.0,1.9059494109206885,2.4926310693914164,,,,2,5,Top,,,,,,,11.330990186176098,-133.68757828408206,-4.631693364802798,-11.146625208827777,24.539947736797924,-19.335233827768157,3.48,1.65,,,,91.4,2019,5.7,747081,518595,621566,593160,663586,606115,594807,672284,657656,54.81,,0.689131,0.7,1.0,0.0,0.0,,49,6,4-Seam Fastball,3,12,12,3,12,3,12,3,Infield shade,Standard,225,0.0,0.267,,,,,-0.267,,-9,9,0.008,0.992,29,25,29,26,2,3,,1.0,,1,1.67,0.75,-0.75,29.6,,,,,,batter
CU,2024-08-08,82.0,-3.09,5.34,"Mitchell, Garrett",669003,450203,,ball,,,,,13,,R,L,R,ATL,MIL,B,,,0,1,2024,1.07,-0.83,-1.0277410933867768,1.71229406682596,,,,2,2,Top,,,,,,,2.587800545868884,-119.53301178289308,-0.0816635244416128,9.785792275530278,22.457662426591877,-40.37140274027818,3.47923345339892,1.64509776829092,,,,81.9,3120,6.1,747081,518595,621566,593160,663586,606115,594807,672284,657656,54.4,,,,,,,,17,2,Curveball,0,5,5,0,5,0,5,0,Standard,Standard,68,0.0,0.029,,,,,-0.029,,-5,5,0.122,0.878,40,25,41,26,2,1,7.0,1.0,5.0,1,4.2,-1.07,1.07,16.9,,,,,,batter
FF,2024-08-08,92.2,-1.87,5.85,"Mitchell, Garrett",669003,670161,,ball,,,,,12,,R,L,R,ATL,MIL,B,,,2,2,2024,-0.48,0.76,1.3928467166631426,3.649863369797997,,,,2,5,Top,,,,,,,9.206251183701204,-134.15718216278142,-1.4955324034609356,-7.584718563269262,24.78174243048122,-22.769641428639364,3.47923345339892,1.66802694147527,,,,91.4,2103,5.5,747081,518595,621566,593160,663586,606115,594807,672284,657656,55.0,,,,,,,,49,5,4-Seam Fastball,3,12,12,3,12,3,12,3,Infield shade,Standard,213,0.0,0.106,,,,,-0.106,,-9,9,0.008,0.992,29,25,29,26,2,3,,1.0,,1,1.89,0.48,-0.48,30.3,,,,,,batter
FF,2024-08-08,94.0,-3.12,5.45,"Mitchell, Garrett",669003,450203,,swinging_strike,,,,,2,,R,L,R,ATL,MIL,S,,,0,0,2024,-1.05,0.83,0.2331375191660274,3.1238079611890206,,,,2,2,Top,,,,,,,10.903875547714929,-136.68327686962857,-2.224503309485126,-15.387944985203836,25.16274309904945,-21.40092707485029,3.48,1.65,,,,93.8,2234,5.8,747081,518595,621566,593160,663586,606115,594807,672284,657656,54.68,,,,,,,,17,1,4-Seam Fastball,0,5,5,0,5,0,5,0,Standard,Standard,251,0.0,-0.041,71.2,5.8,0.1,,0.041,,-5,5,0.122,0.878,40,25,41,26,2,1,7.0,1.0,5.0,1,1.72,1.05,-1.05,17.4,-7.505369878115066,32.204649887949834,37.08255558024499,31.668817075716063,13.570163692635273,batter
FF,2024-08-08,93.8,-1.9,5.83,"Mitchell, Garrett",669003,670161,,ball,,,,,11,,R,L,R,ATL,MIL,B,,,1,2,2024,-0.69,1.05,-1.3358660177963224,2.793698065095012,,,,2,5,Top,,,,,,,2.9501572003327468,-136.7856404862648,-4.516821658986287,-9.342410334785551,24.851421579032618,-18.153402583746814,3.47923345339892,1.69095591579033,,,,93.4,2089,5.6,747081,518595,621566,593160,663586,606115,594807,672284,657656,54.93,,,,,,,,49,4,4-Seam Fastball,3,12,12,3,12,3,12,3,Infield shade,Standard,214,0.0,0.039,,,,,-0.039,,-9,9,0.008,0.992,29,25,29,26,2,3,,1.0,,1,1.49,0.69,-0.69,32.0,,,,,,batter
FF,2024-08-08,93.4,-1.81,5.87,"Mitchell, Garrett",669003,670161,,called_strike,,,,,1,,R,L,R,ATL,MIL,S,,,1,1,2024,-0.59,1.15,-0.700022639059076,3.0773957795182723,,,,2,5,Top,,,,,,,4.10951797995322,-136.15817528737765,-4.028988288661463,-8.143563788674921,25.30409895136635,-17.115166199238462,3.47923345339892,1.69095591579033,,,,93.0,2022,5.6,747081,518595,621566,593160,663586,606115,594807,672284,657656,54.9,,,,,,,,49,3,4-Seam Fastball,3,12,12,3,12,3,12,3,Infield shade,Standard,211,0.0,-0.064,,,,,0.064,,-9,9,0.008,0.992,29,25,29,26,2,3,,1.0,,1,1.42,0.59,-0.59,33.7,,,,,,batter
FF,2024-08-08,92.7,-1.89,5.9,"Mitchell, Garrett",669003,670161,,swinging_strike,,,,,2,,R,L,R,ATL,MIL,S,,,1,0,2024,-0.6,1.21,0.1949704971681181,3.13686025632319,,,,2,5,Top,,,,,,,6.547571925010221,-134.90754731110073,-3.940359307277721,-8.63566578335683,25.66087079468528,-16.634910042209174,3.48,1.65,,,,91.9,2104,5.5,747081,518595,621566,593160,663586,606115,594807,672284,657656,54.96,,,,,,,,49,2,4-Seam Fastball,3,12,12,3,12,3,12,3,Infield shade,Standard,219,0.0,-0.051,80.2,7.7,0.613013448,,0.051,,-9,9,0.008,0.992,29,25,29,26,2,3,,1.0,,1,1.41,0.6,-0.6,32.1,22.76854658094944,-1.374114532782534,34.68493157910543,32.84037377095292,31.43349746928072,batter
CU,2024-08-08,74.8,-1.72,5.93,"Mitchell, Garrett",669003,670161,,ball,,,,,14,,R,L,R,ATL,MIL,B,,,0,0,2024,1.03,-1.0,0.9959215791889036,2.466151025014395,,,,2,5,Top,,,,,,,3.745852013423987,-108.9216810163234,1.7253038888595058,7.531789019996875,18.92888044364497,-40.63414015365884,3.47923345339892,1.55083134410086,,,,73.8,2765,5.5,747081,518595,621566,593160,663586,606115,594807,672284,657656,55.02,,,,,,,,49,1,Curveball,3,12,12,3,12,3,12,3,Infield shade,Standard,36,0.0,0.04,,,,,-0.04,,-9,9,0.008,0.992,29,25,29,26,2,3,,1.0,,1,5.06,-1.03,1.03,37.5,,,,,,batter
FF,2024-08-08,93.3,-2.06,6.6,"Mitchell, Garrett",669003,592426,walk,ball,,,,,11,Garrett Mitchell walks. Jackson Chourio to 2nd.,R,L,R,ATL,MIL,B,,,3,1,2024,-0.13,1.46,-1.2118414332939802,3.769675797777843,,,694192.0,0,7,Top,,,,,,,2.476748459211929,-135.8764145112643,-4.76902435680391,-2.104929093154751,29.36323729828752,-13.25953735349636,3.47923345339892,1.66802694147527,,,,94.1,2297,6.7,747081,518595,621566,593160,663586,606115,594807,642201,657656,53.84,,0.689131,0.7,1.0,0.0,0.0,,67,5,4-Seam Fastball,3,13,13,3,13,3,13,3,Infield shade,Standard,203,0.0,0.252,,,,,-0.252,,-10,10,0.001,0.999,32,25,33,26,1,4,4.0,1.0,3.0,1,1.15,0.13,-0.13,50.9,,,,,,batter
FF,2024-08-08,93.1,-1.87,6.69,"Mitchell, Garrett",669003,592426,,ball,,,,,11,,R,L,R,ATL,MIL,B,,,2,1,2024,-0.34,1.33,-1.2165762906504007,3.991522219000937,,,694192.0,0,7,Top,,,,,,,2.444757131520364,-135.57623553166,-4.140424999499762,-4.747278317055792,27.847265730008868,-15.04395619060692,3.47923345339892,1.62216840193666,,,,94.3,2264,6.8,747081,518595,621566,593160,663586,606115,594807,642201,657656,53.71,,,,,,,,67,4,4-Seam Fastball,3,13,13,3,13,3,13,3,Infield shade,Standard,207,0.0,0.109,,,,,-0.109,,-10,10,0.001,0.999,32,25,33,26,1,4,4.0,1.0,3.0,1,1.28,0.34,-0.34,58.6,,,,,,batter
SL,2024-08-08,86.7,-2.33,6.42,"Mitchell, Garrett",669003,592426,,ball,,,,,13,,R,L,R,ATL,MIL,B,,,1,1,2024,-0.13,-0.58,-1.1615714327958913,1.9707396382727216,,,694192.0,0,7,Top,,,,,,,3.1039191136552886,-126.37097574645476,-3.365055583029164,-1.9890688114088797,23.262651917953853,-37.97412680654144,3.47923345339892,1.64509776829092,,,,87.9,2333,6.8,747081,518595,621566,593160,663586,606115,594807,642201,657656,53.74,,,,,,,,67,3,Slider,3,13,13,3,13,3,13,3,Infield shade,Standard,35,0.0,0.043,,,,,-0.043,,-10,10,0.001,0.999,32,25,33,26,1,4,4.0,1.0,3.0,1,3.58,0.13,-0.13,50.3,,,,,,batter
FF,2024-08-08,93.8,-2.06,6.63,"Mitchell, Garrett",669003,592426,,ball,,,,,11,,R,L,R,ATL,MIL,B,,,0,1,2024,-0.55,1.42,-2.215280825094243,3.2927113205975003,,,694192.0,0,7,Top,,,,,,,0.8010150069177151,-136.5155991353325,-6.090356853456651,-6.998918062692019,30.02092251042038,-13.342021516523866,3.47923345339892,1.7368132448677,,,,94.6,2300,6.8,747081,518595,621566,593160,663586,606115,594807,642201,657656,53.75,,,,,,,,67,2,4-Seam Fastball,3,13,13,3,13,3,13,3,Infield shade,Standard,204,0.0,0.034,,,,,-0.034,,-10,10,0.001,0.999,32,25,33,26,1,4,4.0,1.0,3.0,1,1.17,0.55,-0.55,51.1,,,,,,batter
FF,2024-08-08,94.5,-2.14,6.67,"Mitchell, Garrett",669003,592426,,called_strike,,,,,1,,R,L,R,ATL,MIL,S,,,0,0,2024,-0.23,1.43,-0.7953562657548029,3.424850783975056,,,694192.0,0,7,Top,,,,,,,4.049654231343994,-137.5652670102047,-5.997632846093961,-3.849211797500232,30.515205770503343,-12.908318212327966,3.55561618265646,1.7368132448677,,,,95.1,2269,6.6,747081,518595,621566,593160,663586,606115,594807,642201,657656,53.88,,,,,,,,67,1,4-Seam Fastball,3,13,13,3,13,3,13,3,Infield shade,Standard,205,0.0,-0.042,,,,,0.042,,-10,10,0.001,0.999,32,25,33,26,1,4,4.0,1.0,3.0,1,1.12,0.23,-0.23,50.6,,,,,,batter
FF,2024-08-08,93.5,-2.85,5.51,"Mitchell, Garrett",669003,450203,single,hit_into_play,,,,,7,Garrett Mitchell singles on a sharp line drive to center fielder Jarred Kelenic.,R,L,R,ATL,MIL,X,8.0,line_drive,1,0,2024,-1.12,0.55,-0.3449000564254252,2.198010571231209,,,,2,1,Top,96.72,79.01,,,,,8.85374096938374,-136.0486757706084,-4.030813744438648,-15.76106149903136,26.15042762646642,-24.70887931921745,3.48,1.65,225.0,105.5,9.0,93.2,2174,5.9,747081,518595,621566,593160,663586,606115,594807,672284,657656,54.65,0.784,0.75,0.9,1.0,1.0,0.0,4.0,3,2,4-Seam Fastball,0,0,0,0,0,0,0,0,Standard,Standard,245,-0.011,0.293,73.6,7.2,,0.932,-0.293,105.5,0,0,0.537,0.463,40,25,41,26,1,0,7.0,1.0,5.0,1,2.04,1.12,-1.12,18.1,0.2973527511691415,14.718253670667178,36.43020482750418,38.61444016032328,23.416621622188224,batter
FF,2024-08-08,95.3,-2.94,5.59,"Mitchell, Garrett",669003,450203,,ball,,,,,11,,R,L,R,ATL,MIL,B,,,0,0,2024,-1.1,0.82,-0.2938423282820253,5.279230224411533,,,,2,1,Top,,,,,,,9.318635622402498,-138.48401103090865,2.926057085581643,-16.114039165627148,28.498997514674613,-22.42156411386306,3.47923345339892,1.66802694147527,,,,94.8,2247,5.9,747081,518595,621566,593160,663586,606115,594807,672284,657656,54.61,,,,,,,,3,1,4-Seam Fastball,0,0,0,0,0,0,0,0,Standard,Standard,243,-0.001,0.04,,,,,-0.04,,0,0,0.538,0.462,40,25,41,26,1,0,7.0,1.0,5.0,1,1.68,1.1,-1.1,20.5,,,,,,batter
FA,2024-08-08,68.2,-1.4,6.8,"Mitchell, Garrett",669003,663897,field_out,hit_into_play,,,,,11,Garrett Mitchell lines out to center fielder Eli White.,R,L,R,ATL,MIL,X,8.0,line_drive,1,0,2024,-0.92,1.32,-1.317107846104025,2.633023945899831,,,,0,9,Top,125.85,82.58,,,,,1.5717419493400544,-99.37492579260544,-2.151116143167138,-6.3459837140987085,13.965675005855816,-23.240815887602192,3.48,1.65,290.0,94.4,18.0,66.5,1629,4.5,747081,518595,621566,593160,663586,606115,594807,642201,657656,55.98,0.479,0.501,0.0,1.0,0.0,0.0,4.0,88,2,Other,7,14,14,7,14,7,14,7,Infield shade,Standard,219,0.0,-0.292,77.0,8.0,,0.671,0.292,94.4,-7,7,0.001,0.999,27,25,28,26,1,5,2.0,1.0,,1,3.52,0.92,-0.92,45.4,19.711776948325305,1.80417841356564,31.836205119156585,47.82666973212508,33.77042614885806,batter
FF,2024-08-08,94.1,-1.87,5.91,"Mitchell, Garrett",669003,670161,strikeout,swinging_strike,,,,,4,Garrett Mitchell strikes out swinging.,R,L,R,ATL,MIL,S,2.0,,1,2,2024,-0.91,1.23,-0.7660191670085805,2.810527095779109,,,694192.0,0,4,Top,,,,,,,4.791649038018756,-137.0844665844327,-5.0848296784426354,-12.470548320996093,25.587073712932423,-15.660994530796671,3.48,1.65,,,,93.4,2218,5.5,747081,518595,621566,593160,663586,606115,594807,672284,657656,55.01,,0.0,0.0,1.0,0.0,0.0,,36,4,4-Seam Fastball,3,8,8,3,8,3,8,3,Infield shade,Standard,215,0.006,-0.184,72.4,6.2,1.119981144,,0.184,,-5,5,0.073,0.927,29,25,29,26,1,2,,1.0,,1,1.3,0.91,-0.91,32.0,-2.629821156951101,37.61779955421846,32.75417996345444,43.92127564983571,9.411057043302849,batter
EP,2024-08-08,63.1,-1.4,6.86,"Mitchell, Garrett",669003,663897,,ball,,,,,11,,R,L,R,ATL,MIL,B,,,0,0,2024,-0.85,1.36,-1.2783953014628555,3.971996141653919,,,,0,9,Top,,,,,,,1.4218818697150484,-91.93873600162418,1.284403126221018,-5.044794552282005,12.310057391417088,-24.759704095142904,3.69301703349525,1.75974158808194,,,,61.4,1466,4.5,747081,518595,621566,593160,663586,606115,594807,642201,657656,55.99,,,,,,,,88,1,Eephus,7,14,14,7,14,7,14,7,Infield shade,Standard,210,0.0,0.038,,,,,-0.038,,-7,7,0.001,0.999,27,25,28,26,1,5,2.0,1.0,,1,4.3,0.85,-0.85,48.2,,,,,,batter
FF,2024-08-08,92.3,-1.87,5.94,"Mitchell, Garrett",669003,670161,,swinging_strike,,,,,2,,R,L,R,ATL,MIL,S,,,1,1,2024,-0.66,1.23,-0.0509052764576503,3.5461029282825622,,,694192.0,0,4,Top,,,,,,,5.943774020798014,-134.35993995406778,-2.965199896798329,-9.13954646878121,25.39358033608753,-16.751120372467618,3.48,1.65,,,,91.3,2108,5.4,747081,518595,621566,593160,663586,606115,594807,672284,657656,55.14,,,,,,,,36,3,4-Seam Fastball,3,8,8,3,8,3,8,3,Standard,Standard,213,0.003,-0.049,43.9,5.0,3.564245796,,0.049,,-5,5,0.07,0.93,29,25,29,26,1,2,,1.0,,1,1.42,0.66,-0.66,33.8,-14.187219403197158,64.5782770540273,30.99996388104018,34.78645135429831,-10.088317679342332,batter
FF,2024-08-08,92.0,-1.92,5.98,"Mitchell, Garrett",669003,670161,,called_strike,,,,,1,,R,L,R,ATL,MIL,S,,,1,0,2024,-0.7,1.22,-0.5209464961195457,3.025937884131155,,,694192.0,0,4,Top,,,,,,,4.97199897891199,-134.0496107665121,-4.305887738380476,-9.49104403928861,25.99303872109957,-16.74771993812359,3.47923345339892,1.7368132448677,,,,90.9,2120,5.3,747081,518595,621566,593160,663586,606115,594807,672284,657656,55.16,,,,,,,,36,2,4-Seam Fastball,3,8,8,3,8,3,8,3,Standard,Standard,215,0.001,-0.049,,,,,0.049,,-5,5,0.069,0.931,29,25,29,26,1,2,,1.0,,1,1.45,0.7,-0.7,31.4,,,,,,batter
FF,2024-08-08,93.3,-1.94,5.93,"Mitchell, Garrett",669003,670161,,ball,,,,,11,,R,L,R,ATL,MIL,B,,,0,0,2024,-0.71,1.17,-1.548358455646822,4.30805226175692,,,694192.0,0,4,Top,,,,,,,2.525274494412736,-136.09159711463036,-1.068891408744201,-9.384445939740376,25.93287676998355,-17.512187240658534,3.48,1.65,,,,92.7,2162,5.5,747081,518595,621566,593160,663586,606115,594807,672284,657656,55.02,,,,,,,,36,1,4-Seam Fastball,3,8,8,3,8,3,8,3,Standard,Standard,215,-0.001,0.041,,,,,-0.041,,-5,5,0.07,0.93,29,25,29,26,1,2,,1.0,,1,1.41,0.71,-0.71,32.6,,,,,,batter
FF,2024-08-07,95.7,2.94,5.09,"Mitchell, Garrett",669003,519242,strikeout,called_strike,,,,,4,Garrett Mitchell called out on strikes.,R,L,L,ATL,MIL,S,2.0,,2,2,2024,1.24,0.57,-0.6781165155907332,2.3220188984297065,,,,1,4,Top,,,,,,,-12.422438878149572,-138.86526420750084,-2.9838532912633644,18.775173081754037,30.078208375265437,-24.30735418797976,3.47912147852978,1.64951706162834,,,,96.4,2326,6.8,747085,669221,621566,593160,663586,606115,594807,672284,624585,53.74,,0.0,0.0,1.0,0.0,0.0,,31,5,4-Seam Fastball,2,1,1,2,1,2,1,2,Strategic,Standard,109,0.017,-0.225,,,,,0.225,,1,-1,0.655,0.345,35,25,35,26,2,1,7.0,1.0,5.0,1,1.93,1.24,1.24,8.9,,,,,,batter
SL,2024-08-07,81.1,2.9,5.19,"Mitchell, Garrett",669003,519242,,ball,,,,,11,,R,L,L,ATL,MIL,B,,,1,2,2024,-0.76,-0.14,-1.598569157394044,2.469650487489868,,,,1,4,Top,,,,,,,-8.633109508287957,-117.8991112650292,0.8406215535890176,-5.471957024286923,22.059961429018102,-33.90573942482076,3.39970733017849,1.53486825477416,,,,81.5,2372,6.6,747085,669221,621566,593160,663586,606115,594807,672284,624585,53.95,,,,,,,,31,4,Slider,2,1,1,2,1,2,1,2,Strategic,Standard,315,-0.003,0.043,,,,,-0.043,,1,-1,0.658,0.342,35,25,35,26,2,1,7.0,1.0,5.0,1,3.61,-0.76,-0.76,13.1,,,,,,batter
SL,2024-08-07,80.1,2.91,5.15,"Mitchell, Garrett",669003,519242,,swinging_strike,,,,,13,,R,L,L,ATL,MIL,S,,,1,1,2024,-0.63,-0.47,-0.0354749716287699,1.36570366286079,,,,1,4,Top,,,,,,,-5.316503964348232,-116.52634028172857,-0.7420965165853132,-4.736529890420497,22.572339992424425,-36.48994506695641,3.48,1.64,,,,80.1,2441,6.4,747085,669221,621566,593160,663586,606115,594807,672284,624585,54.14,,,,,,,,31,3,Slider,2,1,1,2,1,2,1,2,Standard,Standard,312,0.005,-0.061,78.7,8.6,2.484716076,,0.061,,1,-1,0.653,0.347,35,25,35,26,2,1,7.0,1.0,5.0,1,4.03,-0.63,-0.63,9.3,21.20244629420623,-20.961544543776935,36.64103253360841,34.724441884683,44.35511063486464,batter
SI,2024-08-07,91.7,3.06,4.97,"Mitchell, Garrett",669003,519242,,ball,,,,,14,,R,L,L,ATL,MIL,B,,,0,1,2024,1.32,0.36,0.1589954965743631,1.3990142403462174,,,,1,4,Top,,,,,,,-10.247923730202428,-133.1028444381188,-3.957781429543493,17.89880521245056,27.81635844672348,-27.232810977868777,3.46842396361558,1.60365807879428,,,,92.4,2228,6.8,747085,669221,621566,593160,663586,606115,594807,672284,624585,53.74,,,,,,,,31,2,Sinker,2,1,1,2,1,2,1,2,Standard,Standard,111,-0.002,0.024,,,,,-0.024,,1,-1,0.655,0.345,35,25,35,26,2,1,7.0,1.0,5.0,1,2.36,1.32,1.32,9.7,,,,,,batter
FF,2024-08-07,95.0,3.16,5.22,"Mitchell, Garrett",669003,519242,,called_strike,,,,,9,,R,L,L,ATL,MIL,S,,,0,0,2024,1.45,0.75,0.5620875930349543,1.7215916512207534,,,,1,4,Top,,,,,,,-10.122659039426232,-137.94591211602557,-5.179913698900739,20.83017225623212,31.262080122932662,-21.586447868874977,3.1660800599339,1.59911979337272,,,,95.4,2424,6.7,747085,669221,621566,593160,663586,606115,594807,672284,624585,53.81,,,,,,,,31,1,4-Seam Fastball,2,1,1,2,1,2,1,2,Standard,Standard,116,0.003,-0.037,,,,,0.037,,1,-1,0.652,0.348,35,25,35,26,2,1,7.0,1.0,5.0,1,1.79,1.45,1.45,12.2,,,,,,batter
SL,2024-08-07,81.7,2.91,5.08,"Mitchell, Garrett",669003,519242,strikeout,swinging_strike,,,,,7,Garrett Mitchell strikes out swinging.,R,L,L,ATL,MIL,S,2.0,,0,2,2024,-1.1,-0.32,-0.7383962955123115,1.6679142463410654,,663368.0,655316.0,1,2,Top,,,,,,,-6.112570482031586,-118.82722010819349,-0.4818911147809945,-9.189372611194669,23.31114136101634,-35.304234221301144,3.48,1.64,,,,81.9,2590,6.5,747085,669221,621566,593160,663586,606115,594807,672284,624585,54.0,,0.0,0.0,1.0,0.0,0.0,,15,3,Slider,2,0,0,2,0,2,0,2,Standard,Standard,314,0.029,-0.155,69.9,8.6,4.908801636,,0.155,,2,-2,0.674,0.326,35,25,35,26,1,0,7.0,1.0,5.0,1,3.74,-1.1,-1.1,11.7,24.521067325807596,-32.74627229881456,31.13301994912675,40.540764512702665,49.79433117787652,batter
SL,2024-08-07,79.0,3.01,4.93,"Mitchell, Garrett",669003,519242,,swinging_strike,,,,,13,,R,L,L,ATL,MIL,S,,,0,1,2024,-0.83,-0.35,-1.1803001402585065,1.2445171216841049,,663368.0,655316.0,1,2,Top,,,,,,,-7.600270834247979,-114.78910620439116,-0.5374229890778449,-5.888144894239033,21.60322970493924,-35.35049428832574,3.48,1.64,,,,79.1,2523,6.5,747085,669221,621566,593160,663586,606115,594807,672284,624585,53.99,,,,,,,,15,2,Slider,2,0,0,2,0,2,0,2,Standard,Standard,309,0.013,-0.048,69.6,8.7,9.588887712,,0.048,,2,-2,0.661,0.339,35,25,35,26,1,0,7.0,1.0,5.0,1,4.01,-0.83,-0.83,5.9,22.714361579621816,-25.009702419155108,29.69525458479689,49.20303227523687,50.26692077048772,batter
SL,2024-08-07,80.2,3.1,5.02,"Mitchell, Garrett",669003,519242,,called_strike,,,,,8,,R,L,L,ATL,MIL,S,,,0,0,2024,-0.93,-0.28,-0.2598259550001069,2.050452139655756,,663368.0,655316.0,1,2,Top,,,,,,,-5.661032985305527,-116.69326862200064,0.6400882424182968,-7.4796532759474355,21.41975885340057,-35.06931376111292,3.47912147852978,1.62204941496673,,,,80.3,2646,6.3,747085,669221,621566,593160,663586,606115,594807,672284,624585,54.18,,,,,,,,15,1,Slider,2,0,0,2,0,2,0,2,Standard,Standard,312,0.007,-0.039,,,,,0.039,,2,-2,0.654,0.346,35,25,35,26,1,0,7.0,1.0,5.0,1,3.82,-0.93,-0.93,8.1,,,,,,batter
CU,2024-08-07,85.4,-2.16,6.21,"Mitchell, Garrett",669003,572955,field_out,hit_into_play,,,,,6,Garrett Mitchell grounds out softly to first baseman Matt Olson.,R,L,R,ATL,MIL,X,3.0,ground_ball,0,0,2024,0.82,-0.14,0.7081255629084554,2.540411222033172,687401.0,663368.0,655316.0,2,5,Top,153.0,172.0,,,,,5.044832094725431,-124.40411662763644,-2.101739306533987,7.621045657533561,23.487321107169077,-33.48245604904042,3.48,1.64,9.0,58.2,-14.0,84.9,2839,5.7,747085,669221,621566,593160,663586,606115,594807,672284,624585,54.75,0.113,0.105,0.0,1.0,0.0,0.0,1.0,43,1,Curveball,2,3,3,2,3,2,3,2,Standard,Standard,44,0.077,-0.279,76.0,7.5,,0.12,0.279,88.0,-1,1,0.338,0.662,33,25,33,26,1,2,4.0,1.0,2.0,1,3.25,-0.82,0.82,38.4,6.7624704350612665,-3.363476488518537,37.62976261890846,26.42036636873325,28.232802620053207,batter
FF,2024-08-06,91.4,-1.35,6.68,"Mitchell, Garrett",669003,693821,walk,ball,,,,,11,Garrett Mitchell walks.,R,L,R,ATL,MIL,B,,,3,2,2024,-0.27,1.24,-0.2847158873026763,3.963330952572968,,668930.0,,2,4,Top,,,,,,,3.260294099716183,-133.2034731727371,-3.667984034431452,-3.848059389535094,26.969283434214688,-16.857818565406255,3.41991854133616,1.55511069424071,,,,91.5,2147,6.1,747086,518595,621566,593160,663586,606115,592696,672284,624585,54.39,,0.689131,0.7,1.0,0.0,0.0,,31,6,4-Seam Fastball,0,7,7,0,7,0,7,0,Standard,Standard,202,-0.001,0.115,,,,,-0.115,,-7,7,0.032,0.968,25,25,25,26,3,2,7.0,2.0,,1,1.47,0.27,-0.27,51.8,,,,,,batter
FF,2024-08-06,90.9,-1.4,6.74,"Mitchell, Garrett",669003,693821,,called_strike,,,,,5,,R,L,R,ATL,MIL,S,,,3,1,2024,-0.3,1.21,-0.0311611760974828,2.5687718308070533,,668930.0,,2,4,Top,,,,,,,4.044917728844725,-132.20266101158091,-7.147495255341535,-4.325079320567545,26.108451989063685,-16.61650304284433,3.55734172066483,1.69268711807081,,,,90.8,2207,6.1,747086,518595,621566,593160,663586,606115,592696,672284,624585,54.4,,,,,,,,31,5,4-Seam Fastball,0,7,7,0,7,0,7,0,Standard,Standard,203,0.0,-0.059,,,,,0.059,,-7,7,0.032,0.968,25,25,25,26,3,2,7.0,2.0,,1,1.53,0.3,-0.3,54.1,,,,,,batter
FF,2024-08-06,91.3,-1.42,6.74,"Mitchell, Garrett",669003,693821,,ball,,,,,11,,R,L,R,ATL,MIL,B,,,2,1,2024,-0.33,1.14,-0.9188500533824886,3.3029097318355958,,668930.0,,2,4,Top,,,,,,,1.967800749514231,-132.904471248215,-5.228379060703108,-4.34429893366797,27.538172695016996,-17.7049772276692,3.5344394170944,1.66975819479755,,,,90.9,2210,6.0,747086,518595,621566,593160,663586,606115,592696,672284,624585,54.52,,,,,,,,31,4,4-Seam Fastball,0,7,7,0,7,0,7,0,Strategic,Standard,208,0.0,0.045,,,,,-0.045,,-7,7,0.032,0.968,25,25,25,26,3,2,7.0,2.0,,1,1.58,0.33,-0.33,51.4,,,,,,batter
FF,2024-08-06,91.5,-1.5,6.74,"Mitchell, Garrett",669003,693821,,ball,,,,,11,,R,L,R,ATL,MIL,B,,,1,1,2024,-0.28,1.3,-0.5428396350599654,4.369255605849514,,668930.0,,2,4,Top,,,,,,,3.027809020992194,-133.31735267695828,-2.9523325148286537,-4.020549131410015,26.765869333620387,-16.24133619561129,3.55734172066483,1.64682907166006,,,,91.4,2225,6.0,747086,518595,621566,593160,663586,606115,592696,672284,624585,54.48,,,,,,,,31,3,4-Seam Fastball,0,7,7,0,7,0,7,0,Standard,Standard,203,0.0,0.039,,,,,-0.039,,-7,7,0.032,0.968,25,25,25,26,3,2,7.0,2.0,,1,1.4,0.28,-0.28,51.0,,,,,,batter
FF,2024-08-06,91.8,-1.59,6.73,"Mitchell, Garrett",669003,693821,,ball,,,,,11,,R,L,R,ATL,MIL,B,,,0,1,2024,-0.07,1.23,-0.2319011083552175,4.406272353802172,,668930.0,,2,4,Top,,,,,,,3.560309493850509,-133.77336827047492,-2.7437673484225185,-1.5169383163339032,26.79919332661204,-16.977824331100084,3.48863291539748,1.78440069747977,,,,91.7,2189,6.0,747086,518595,621566,593160,663586,606115,592696,672284,624585,54.52,,,,,,,,31,2,4-Seam Fastball,0,7,7,0,7,0,7,0,Standard,Standard,203,-0.001,0.012,,,,,-0.012,,-7,7,0.033,0.967,25,25,25,26,3,2,7.0,2.0,,1,1.45,0.07,-0.07,52.1,,,,,,batter
SL,2024-08-06,82.5,-1.41,6.77,"Mitchell, Garrett",669003,693821,,called_strike,,,,,9,,R,L,R,ATL,MIL,S,,,0,0,2024,0.14,0.16,0.7418743404821532,1.7799505767690635,,668930.0,,2,4,Top,,,,,,,4.61755947471697,-120.03275417588664,-5.167092646131401,0.4706455619118943,22.363015060211065,-29.805613775243348,3.37410596619365,1.66975819479755,,,,82.4,2392,6.1,747086,518595,621566,593160,663586,606115,592696,672284,624585,54.35,,,,,,,,31,1,Slider,0,7,7,0,7,0,7,0,Strategic,Standard,14,0.001,-0.04,,,,,0.04,,-7,7,0.032,0.968,25,25,25,26,3,2,7.0,2.0,,1,3.17,-0.14,0.14,55.6,,,,,,batter
FF,2024-08-06,91.6,-1.36,6.73,"Mitchell, Garrett",669003,693821,strikeout,swinging_strike,,,,,1,Garrett Mitchell strikes out swinging.,R,L,R,ATL,MIL,S,2.0,,3,2,2024,-0.33,1.38,-0.4917334272886121,3.1758372744547523,,,,0,3,Top,,,,,,,2.876724352329615,-133.33296341914016,-6.11874950200624,-4.5238491695209735,25.865978944148416,-14.53214271635907,3.45,1.63,,,,91.5,2192,6.0,747086,518595,621566,593160,663586,606115,592696,672284,624585,54.52,,0.0,0.0,1.0,0.0,0.0,,19,6,4-Seam Fastball,0,4,4,0,4,0,4,0,Infield shade,Standard,207,0.011,-0.333,76.3,6.7,0.195039144,,0.333,,-4,4,0.14,0.86,25,25,25,26,2,1,7.0,2.0,,1,1.31,0.33,-0.33,50.0,8.351422678247385,25.644058369653,30.76392688371519,42.18920463398896,15.209038247318674,batter
FF,2024-08-06,92.3,-1.44,6.69,"Mitchell, Garrett",669003,693821,,ball,,,,,11,,R,L,R,ATL,MIL,B,,,2,2,2024,-0.02,1.25,-0.2704946511056717,4.236191530162871,,,,0,3,Top,,,,,,,3.0087971489615675,-134.5333796949286,-3.191240970350302,-0.8805788364627611,26.67952659550511,-16.444609291552574,3.44911875195258,1.66957995140636,,,,92.4,2272,6.1,747086,518595,621566,593160,663586,606115,592696,672284,624585,54.44,,,,,,,,19,5,4-Seam Fastball,0,4,4,0,4,0,4,0,Infield shade,Standard,198,-0.003,0.107,,,,,-0.107,,-4,4,0.143,0.857,25,25,25,26,2,1,7.0,2.0,,1,1.4,0.02,-0.02,50.4,,,,,,batter
SL,2024-08-06,83.4,-1.37,6.83,"Mitchell, Garrett",669003,693821,,swinging_strike,,,,,9,,R,L,R,ATL,MIL,S,,,2,1,2024,0.02,0.08,0.6455186644723749,1.6676588447328506,,,,0,3,Top,,,,,,,4.575832086816074,-121.45033206197408,-5.626546789530784,-0.641500817432262,21.854244544589864,-30.518284348007317,3.45,1.63,,,,83.4,2550,6.1,747086,518595,621566,593160,663586,606115,592696,672284,624585,54.42,,,,,,,,19,4,Slider,0,4,4,0,4,0,4,0,Standard,Standard,298,0.003,-0.069,78.7,8.6,2.299306896,,0.069,,-4,4,0.14,0.86,25,25,25,26,2,1,7.0,2.0,,1,3.17,-0.02,0.02,57.2,26.297708106763285,-27.495542330090935,35.60385139765923,28.721489333977704,48.708967100347934,batter
CH,2024-08-06,84.8,-1.51,6.76,"Mitchell, Garrett",669003,693821,,ball,,,,,11,,R,L,R,ATL,MIL,B,,,1,1,2024,-1.07,0.62,-0.8984413469457808,4.038182802394546,,,,0,3,Top,,,,,,,3.545798154086164,-123.5324233724337,-1.3457226405241776,-11.69370335970555,22.394224411425917,-25.69266341800885,3.44911875195258,1.66957995140636,,,,84.7,2263,5.9,747086,518595,621566,593160,663586,606115,592696,672284,624585,54.56,,,,,,,,19,3,Changeup,0,4,4,0,4,0,4,0,Standard,Standard,215,-0.002,0.053,,,,,-0.053,,-4,4,0.142,0.858,25,25,25,26,2,1,7.0,2.0,,1,2.52,1.07,-1.07,52.8,,,,,,batter
CH,2024-08-06,85.3,-1.56,6.74,"Mitchell, Garrett",669003,693821,,ball,,,,,13,,R,L,R,ATL,MIL,B,,,0,1,2024,-0.98,0.79,-0.3565957304441671,0.3237763901969144,,,,0,3,Top,,,,,,,4.754663535267735,-123.93530727572768,-10.333642486584097,-11.06444347475668,21.670654013430145,-22.31450561352092,3.53427208115485,1.69250898223829,,,,85.0,2332,5.9,747086,518595,621566,593160,663586,606115,592696,672284,624585,54.62,,,,,,,,19,2,Changeup,0,4,4,0,4,0,4,0,Standard,Standard,222,-0.001,0.025,,,,,-0.025,,-4,4,0.143,0.857,25,25,25,26,2,1,7.0,2.0,,1,2.32,0.98,-0.98,51.2,,,,,,batter
FF,2024-08-06,90.2,-1.47,6.8,"Mitchell, Garrett",669003,693821,,called_strike,,,,,1,,R,L,R,ATL,MIL,S,,,0,0,2024,-0.3,1.18,-0.796856917780861,3.244172319172596,,,,0,3,Top,,,,,,,2.292440724030166,-131.4547227767478,-5.446943653491148,-3.97706529283246,25.12482696031919,-17.513061791406802,3.51136891040629,1.69250898223829,,,,90.0,2088,5.8,747086,518595,621566,593160,663586,606115,592696,672284,624585,54.67,,,,,,,,19,1,4-Seam Fastball,0,4,4,0,4,0,4,0,Standard,Standard,202,0.001,-0.037,,,,,0.037,,-4,4,0.142,0.858,25,25,25,26,2,1,7.0,2.0,,1,1.59,0.3,-0.3,51.7,,,,,,batter
CH,2024-08-06,85.1,-1.66,5.25,"Mitchell, Garrett",669003,445926,force_out,hit_into_play,,,,,8,"Garrett Mitchell grounds into a force out, first baseman Matt Olson to shortstop Orlando Arcia. Joey Ortiz to 3rd. Jackson Chourio out at 2nd. Garrett Mitchell to 1st.",R,L,R,ATL,MIL,X,3.0,ground_ball,2,0,2024,-1.2,0.13,-0.0624363358658788,1.828501298172444,,687401.0,694192.0,1,6,Top,153.39,167.58,,,,,6.151283909961231,-123.8889787729164,-1.9820419205558717,-13.572182580518987,24.607698573739555,-30.611715442236047,3.45,1.63,10.0,84.4,-10.0,85.2,1788,6.3,747086,518595,621566,593160,663586,606115,592696,672284,624585,54.16,0.133,0.123,0.0,1.0,0.0,0.0,2.0,46,3,Changeup,0,7,7,0,7,0,7,0,Standard,Standard,251,0.003,-0.391,77.1,7.6,,0.14,0.391,88.0,-7,7,0.012,0.988,40,25,41,26,1,3,3.0,2.0,3.0,1,3.01,1.2,-1.2,21.3,9.096102347569634,0.364767273672491,38.68875740475335,35.88472438326472,32.83579909078574,batter
CH,2024-08-06,84.7,-1.59,5.21,"Mitchell, Garrett",669003,445926,,ball,,,,,13,,R,L,R,ATL,MIL,B,,,1,0,2024,-1.35,0.34,-0.4568075316257063,0.9730912845218564,,687401.0,694192.0,1,6,Top,,,,,,,5.3445727171528095,-123.24761409343316,-4.235491708602177,-14.77322344767765,24.079978518374933,-28.10519753894244,3.51153647944016,1.69268711807081,,,,84.9,1752,6.4,747086,518595,621566,593160,663586,606115,592696,672284,624585,54.11,,,,,,,,46,2,Changeup,0,7,7,0,7,0,7,0,Standard,Standard,253,-0.001,0.055,,,,,-0.055,,-7,7,0.013,0.987,40,25,41,26,1,3,3.0,2.0,3.0,1,2.84,1.35,-1.35,20.1,,,,,,batter
FC,2024-08-06,88.6,-1.77,5.13,"Mitchell, Garrett",669003,445926,,ball,,,,,11,,R,L,R,ATL,MIL,B,,,0,0,2024,-0.04,1.2,-1.3597776921844449,2.861628385257559,,687401.0,694192.0,1,6,Top,,,,,,,1.0923680051434208,-129.14974331274635,-2.0223539623252416,-0.664702456193104,26.100177140163467,-18.47696866439058,3.60314439462328,1.69268711807081,,,,88.7,2138,6.2,747086,518595,621566,593160,663586,606115,592696,672284,624585,54.31,,,,,,,,46,1,Cutter,0,7,7,0,7,0,7,0,Standard,Standard,220,0.0,0.03,,,,,-0.03,,-7,7,0.013,0.987,40,25,41,26,1,3,3.0,2.0,3.0,1,1.68,0.04,-0.04,17.9,,,,,,batter
EP,2024-08-06,61.5,-1.9,6.76,"Mitchell, Garrett",669003,663897,field_out,hit_into_play,,,,,1,Garrett Mitchell lines out sharply to right fielder Ramón Laureano.,R,L,R,ATL,MIL,X,9.0,line_drive,1,0,2024,-0.78,1.4,-0.5806273038588069,2.90435701935208,656555.0,686217.0,687401.0,2,9,Top,187.12,79.51,,,,,3.265607894678885,-89.49586972718,0.2082051630941355,-4.675341468447458,14.224389163616042,-24.983111025914123,3.45,1.63,331.0,102.1,21.0,59.5,1456,4.7,747086,518595,621566,593160,663586,606115,592696,672284,657656,55.84,0.431,0.6795714285714286,0.0,1.0,0.0,0.0,5.0,78,2,Eephus,0,10,10,0,10,0,10,0,Infield shade,Standard,216,0.0,-0.306,,,,1.242,0.306,102.1,-10,10,0.001,0.999,27,25,28,26,1,5,79.0,2.0,2.0,1,4.68,0.78,-0.78,47.6,,,,,,batter
EP,2024-08-06,62.0,-1.97,6.79,"Mitchell, Garrett",669003,663897,,ball,,,,,13,,R,L,R,ATL,MIL,B,,,0,0,2024,-0.78,1.4,-1.3302148976959485,2.2455125572423897,656555.0,686217.0,687401.0,2,9,Top,,,,,,,2.1612055067739755,-90.33491290610743,-1.130349717269844,-4.565792243378141,13.95177187141411,-24.611092227343928,3.7176394381482,1.83025613762914,,,,60.3,1374,4.8,747086,518595,621566,593160,663586,606115,592696,672284,657656,55.68,,,,,,,,78,1,Eephus,0,10,10,0,10,0,10,0,Standard,Standard,211,0.0,0.031,,,,,-0.031,,-10,10,0.001,0.999,27,25,28,26,1,5,79.0,2.0,2.0,1,4.55,0.78,-0.78,46.2,,,,,,batter
SL,2024-08-06,85.2,-2.56,5.64,"Mitchell, Garrett",669003,641729,field_out,hit_into_play,,,,,9,Garrett Mitchell grounds out to first baseman Matt Olson. Jackson Chourio to 3rd.,R,L,R,ATL,MIL,X,3.0,ground_ball,1,2,2024,0.53,0.41,0.2985602255134879,1.6113651701597842,,694192.0,,0,8,Top,160.66,168.79,,,,,5.749548255731894,-123.9509279777665,-4.026365963718303,4.324756614081764,25.19722231560573,-27.332977352352216,3.45,1.63,18.0,70.8,-4.0,86.8,2281,7.3,747086,518595,621566,593160,663586,606115,592696,672284,657656,53.16,0.087,0.078,0.0,1.0,0.0,0.0,2.0,64,6,Slider,0,9,9,0,9,0,9,0,Standard,Standard,124,0.0,-0.123,67.7,8.7,,0.094,0.123,88.0,-9,9,0.001,0.999,29,25,29,26,1,4,4.0,2.0,4.0,1,2.74,-0.53,0.53,28.1,22.38631322213965,-38.23193987426645,33.541673462942065,32.06398848312431,51.95879419980199,batter
FF,2024-08-06,94.4,-2.33,5.78,"Mitchell, Garrett",669003,641729,,foul,,,,,6,,R,L,R,ATL,MIL,S,,,1,2,2024,-0.53,1.36,0.3940891733377364,2.3578924167444364,,694192.0,,0,8,Top,,,,,,,8.443107821195683,-137.1714986738009,-6.345340891749012,-8.568986139536072,30.0519399331466,-13.775975551789418,3.45,1.63,6.0,72.3,-22.0,96.2,2424,7.4,747086,518595,621566,593160,663586,606115,592696,672284,657656,53.11,,,,,,,,64,5,4-Seam Fastball,0,9,9,0,9,0,9,0,Standard,Standard,211,0.0,0.0,56.2,5.4,,,0.0,88.0,-9,9,0.001,0.999,29,25,29,26,1,4,4.0,2.0,4.0,1,1.2,0.53,-0.53,35.3,-17.42727816382137,37.65581231826528,33.95840592905751,27.96640478040753,10.773055743470234,batter
FF,2024-08-06,93.3,-1.42,6.69,"Mitchell, Garrett",669003,693821,strikeout,swinging_strike,,,,,11,Garrett Mitchell strikes out swinging.,R,L,R,ATL,MIL,S,2.0,,2,2,2024,-0.51,1.3,-0.5121243632605565,3.70338081062118,668930.0,,,1,1,Top,,,,,,,3.453422831561655,-135.90516892551153,-4.825581177722972,-7.097038012388648,26.920417179881547,-15.154007331915476,3.45,1.63,,,,93.2,2105,6.0,747086,518595,621566,593160,663586,606115,592696,672284,624585,54.53,,0.0,0.0,1.0,0.0,0.0,,3,5,4-Seam Fastball,0,0,0,0,0,0,0,0,Strategic,Standard,212,0.048,-0.344,75.6,7.1,0.286338504,,0.344,,0,0,0.463,0.537,25,25,25,26,1,0,7.0,2.0,,1,1.29,0.51,-0.51,49.5,15.692148448443394,6.645312578788857,26.758116255937832,40.41659051597708,19.465501194572337,batter
FF,2024-08-06,94.7,-2.23,5.96,"Mitchell, Garrett",669003,641729,,foul,,,,,5,,R,L,R,ATL,MIL,S,,,1,2,2024,-0.65,1.28,0.2285628113178603,2.494742519596352,,694192.0,,0,8,Top,,,,,,,7.971452272464809,-137.5771880240783,-6.284472632638183,-10.065493068752218,32.52739130722152,-14.6380191150331,3.45,1.63,244.0,74.6,49.0,95.7,2405,7.1,747086,518595,621566,593160,663586,606115,592696,672284,657656,53.4,,,,,,,,64,4,4-Seam Fastball,0,9,9,0,9,0,9,0,Standard,Standard,210,0.0,0.0,77.3,7.8,,,0.0,88.0,-9,9,0.001,0.999,29,25,29,26,1,4,4.0,2.0,4.0,1,1.28,0.65,-0.65,35.9,13.794791856493598,-13.424629483890856,35.17986534636217,31.5194858445941,35.654766969386564,batter
FF,2024-08-06,94.3,-2.3,5.85,"Mitchell, Garrett",669003,641729,,swinging_strike,,,,,4,,R,L,R,ATL,MIL,S,,,1,1,2024,-0.76,1.35,-0.6356495680194113,2.7036959429976646,,694192.0,,0,8,Top,,,,,,,6.154408506632431,-137.10747568318826,-5.546812694050143,-11.03044384636592,32.91612997841681,-14.105125600657152,3.45,1.63,,,,95.9,2419,7.4,747086,518595,621566,593160,663586,606115,592696,672284,657656,53.07,,,,,,,,64,3,4-Seam Fastball,0,9,9,0,9,0,9,0,Strategic,Standard,214,0.0,-0.073,75.2,7.0,1.560474648,,0.073,,-9,9,0.001,0.999,29,25,29,26,1,4,4.0,2.0,4.0,1,1.23,0.76,-0.76,33.5,5.944866417599883,18.470648308440317,32.40912991564968,42.11649929694931,17.315562501392037,batter
SL,2024-08-06,85.5,-1.24,6.73,"Mitchell, Garrett",669003,693821,,blocked_ball,,,,,14,,R,L,R,ATL,MIL,B,,,1,2,2024,0.16,0.19,1.636132109891677,-1.0184858704866395,668930.0,,,1,1,Top,,,,,,,6.408569157111402,-123.89640097703077,-12.254499450870776,0.4539888666994038,23.67227652808357,-27.979223594271147,3.39678752496757,1.66952050923296,,,,85.0,2572,6.1,747086,518595,621566,593160,663586,606115,592696,672284,624585,54.42,,,,,,,,3,4,Slider,0,0,0,0,0,0,0,0,Strategic,Standard,273,-0.008,0.026,,,,,-0.026,,0,0,0.471,0.529,25,25,25,26,1,0,7.0,2.0,,1,2.94,-0.16,0.16,53.9,,,,,,batter
CH,2024-08-06,85.6,-1.47,6.72,"Mitchell, Garrett",669003,693821,,foul,,,,,7,,R,L,R,ATL,MIL,S,,,1,1,2024,-0.83,0.59,-0.5181428521226074,1.6451226874944007,668930.0,,,1,1,Top,,,,,,,3.909441399406127,-124.63381679389764,-6.912292220450301,-9.464924899416458,22.979282995136703,-24.88547609994178,3.45,1.63,2.0,51.0,-36.0,85.4,2251,6.0,747086,518595,621566,593160,663586,606115,592696,672284,624585,54.54,,,,,,,,3,3,Changeup,0,0,0,0,0,0,0,0,Standard,Standard,224,0.014,-0.114,72.1,8.3,,,0.114,88.0,0,0,0.457,0.543,25,25,25,26,1,0,7.0,2.0,,1,2.5,0.83,-0.83,49.2,24.841800745240885,-4.59264447637746,32.99524518333394,41.02369583766979,32.44737492510969,batter
FF,2024-08-06,93.7,-2.25,5.94,"Mitchell, Garrett",669003,641729,,called_strike,,,,,6,,R,L,R,ATL,MIL,S,,,1,0,2024,-0.9,1.25,0.6079186207372265,2.3130895946111867,,694192.0,,0,8,Top,,,,,,,9.495220115310776,-136.03456371440598,-6.418736015151906,-13.29730405822224,32.11151978758448,-15.431327648282888,3.35119880346679,1.55511069424071,,,,94.6,2450,7.1,747086,518595,621566,593160,663586,606115,592696,672284,657656,53.37,,,,,,,,64,2,4-Seam Fastball,0,9,9,0,9,0,9,0,Strategic,Standard,216,0.0,-0.036,,,,,0.036,,-9,9,0.001,0.999,29,25,29,26,1,4,4.0,2.0,4.0,1,1.38,0.9,-0.9,35.7,,,,,,batter
FF,2024-08-06,93.2,-2.39,5.94,"Mitchell, Garrett",669003,641729,,ball,,,,,11,,R,L,R,ATL,MIL,B,,,0,0,2024,-0.7,1.45,-1.0188521624770694,3.4761495789568686,,694192.0,,0,8,Top,,,,,,,5.159446404658672,-135.496953991666,-3.768637237093852,-9.808920738157232,32.047337128094895,-13.69170515470943,3.30538276500266,1.5780405600225,,,,94.4,2499,7.2,747086,518595,621566,593160,663586,606115,592696,672284,657656,53.29,,,,,,,,64,1,4-Seam Fastball,0,9,9,0,9,0,9,0,Standard,Standard,213,0.0,0.038,,,,,-0.038,,-9,9,0.001,0.999,29,25,29,26,1,4,4.0,2.0,4.0,1,1.19,0.7,-0.7,35.4,,,,,,batter
CH,2024-08-06,85.8,-1.58,6.75,"Mitchell, Garrett",669003,693821,,ball,,,,,11,,R,L,R,ATL,MIL,B,,,0,1,2024,-1.15,0.61,-1.1725686366103878,2.681126774585989,668930.0,,,1,1,Top,,,,,,,3.2598283924885094,-125.01414005409806,-4.632944508643972,-12.759710824438912,22.98390598429838,-25.0286203029092,3.46550460371531,1.66952050923296,,,,85.4,2406,5.7,747086,518595,621566,593160,663586,606115,592696,672284,624585,54.77,,,,,,,,3,2,Changeup,0,0,0,0,0,0,0,0,Standard,Standard,217,-0.006,0.025,,,,,-0.025,,0,0,0.463,0.537,25,25,25,26,1,0,7.0,2.0,,1,2.45,1.15,-1.15,50.5,,,,,,batter
SL,2024-08-06,84.8,-1.3,6.83,"Mitchell, Garrett",669003,693821,,swinging_strike,,,,,14,,R,L,R,ATL,MIL,S,,,0,0,2024,0.11,0.12,0.6586136288021313,0.6737332833238763,,668930.0,,1,1,Top,,,,,,,4.316971512621281,-123.30769764886384,-8.262077778100917,0.3308473081576186,23.834285406925364,-29.51627379263932,3.45,1.63,,,,84.4,2536,6.0,747086,518595,621566,593160,663586,606115,592696,672284,624585,54.51,,,,,,,,3,1,Slider,0,0,0,0,0,0,0,0,Standard,Standard,233,-0.018,-0.036,78.1,8.9,8.775675936,,0.036,,0,0,0.481,0.519,25,25,25,26,1,0,7.0,2.0,,1,3.04,-0.11,0.11,54.0,24.342998267221837,-27.818510030852817,39.32898558700393,28.405666269071126,50.54973882179145,batter
SL,2024-08-04,84.1,2.31,5.79,"Mitchell, Garrett",669003,680730,strikeout,called_strike,,,,,4,Garrett Mitchell called out on strikes.,R,L,L,WSH,MIL,S,2.0,,3,2,2024,-0.53,0.05,-0.8052683963350044,2.1996565537127566,655316.0,,,2,5,Top,,,,,,,-6.1867751770303085,-122.3311326821564,-2.030409620570734,-4.145135077266438,23.780503579874537,-31.510161651331263,3.33938030224203,1.59853516189796,,,,84.5,2368,6.6,744826,660688,660766,671277,702358,682928,695578,696285,669743,53.95,,0.0,0.0,1.0,0.0,0.0,,32,6,Slider,1,0,0,1,0,1,0,1,Standard,Standard,299,0.056,-0.252,,,,,0.252,,1,-1,0.652,0.348,24,25,25,26,2,1,6.0,1.0,5.0,2,3.17,-0.53,-0.53,39.2,,,,,,batter
SL,2024-08-04,84.1,2.58,5.68,"Mitchell, Garrett",669003,680730,,ball,,,,,13,,R,L,L,WSH,MIL,B,,,2,2,2024,-0.5,0.06,-1.4844340527383046,1.1031452777394866,655316.0,,,2,5,Top,,,,,,,-8.470914509985485,-122.24619723482336,-4.395673083376687,-3.5281716548557567,22.240909511900973,-30.9612941018026,3.32876284708277,1.64305404369041,,,,84.8,2454,6.6,744826,660688,660766,671277,702358,682928,695578,696285,669743,53.87,,,,,,,,32,5,Slider,1,0,0,1,0,1,0,1,Standard,Standard,315,-0.011,0.051,,,,,-0.051,,1,-1,0.663,0.337,24,25,25,26,2,1,6.0,1.0,5.0,2,3.15,-0.5,-0.5,36.5,,,,,,batter
SL,2024-08-04,83.6,2.29,5.8,"Mitchell, Garrett",669003,680730,,swinging_strike,,,,,13,,R,L,L,WSH,MIL,S,,,2,1,2024,-0.66,0.03,-0.6246222867985691,1.3569237535389949,655316.0,,,2,5,Top,,,,,,,-5.451490931215776,-121.74078431484637,-3.928969829885064,-5.554707727453268,22.55830239953779,-31.321772090899444,3.44,1.63,,,,84.2,2417,6.5,744826,660688,660766,671277,702358,682928,695578,696285,669743,53.98,,,,,,,,32,4,Slider,1,0,0,1,0,1,0,1,Standard,Standard,301,0.01,-0.103,76.2,8.8,14.121727632,,0.103,,1,-1,0.653,0.347,24,25,25,26,2,1,6.0,1.0,5.0,2,3.21,-0.66,-0.66,42.7,28.146554964986244,-34.73627889404911,33.307004491355926,42.09560063846034,58.88730804667912,batter
FF,2024-08-04,91.7,1.79,6.19,"Mitchell, Garrett",669003,680730,,ball,,,,,12,,R,L,L,WSH,MIL,B,,,1,1,2024,0.56,1.42,1.1649286476592149,3.527013992910505,655316.0,,,2,5,Top,,,,,,,-2.799735671591461,-133.51947334868248,-3.988675104070812,7.303245110595555,27.48621485027757,-14.511694473102688,3.41027542461606,1.58538485114196,,,,92.4,2226,6.6,744826,660688,660766,671277,702358,682928,695578,696285,669743,53.94,,,,,,,,32,3,4-Seam Fastball,1,0,0,1,0,1,0,1,Standard,Standard,155,-0.005,0.047,,,,,-0.047,,1,-1,0.658,0.342,24,25,25,26,2,1,6.0,1.0,5.0,2,1.28,0.56,0.56,50.8,,,,,,batter
FF,2024-08-04,91.4,1.6,6.15,"Mitchell, Garrett",669003,680730,,ball,,,,,11,,R,L,L,WSH,MIL,B,,,0,1,2024,0.54,1.41,-0.9861031981917564,3.571602656687469,655316.0,,,2,5,Top,,,,,,,-7.715449029762698,-132.91481819750484,-3.699522974311569,8.006032511806328,26.541571283473104,-14.7881103044124,3.43374427121297,1.5530954463246,,,,92.1,2211,6.6,744826,660688,660766,671277,702358,682928,695578,696285,669743,53.92,,,,,,,,32,2,4-Seam Fastball,1,0,0,1,0,1,0,1,Standard,Standard,150,-0.005,0.032,,,,,-0.032,,1,-1,0.663,0.337,24,25,25,26,2,1,6.0,1.0,5.0,2,1.31,0.54,0.54,49.0,,,,,,batter
FF,2024-08-04,91.7,1.82,6.12,"Mitchell, Garrett",669003,680730,,called_strike,,,,,11,,R,L,L,WSH,MIL,S,,,0,0,2024,0.57,1.35,-0.989556018589922,2.939642553222749,655316.0,,,2,5,Top,,,,,,,-8.397119599580426,-133.34354149149902,-5.182302013998017,8.492396042359704,26.20051546008417,-15.036645435797864,3.42233080271517,1.45362757097847,,,,92.6,2201,6.7,744826,660688,660766,671277,702358,682928,695578,696285,669743,53.82,,,,,,,,32,1,4-Seam Fastball,1,0,0,1,0,1,0,1,Standard,Standard,153,0.008,-0.039,,,,,0.039,,1,-1,0.655,0.345,24,25,25,26,2,1,6.0,1.0,5.0,2,1.34,0.57,0.57,48.7,,,,,,batter
FF,2024-08-04,91.3,1.65,6.35,"Mitchell, Garrett",669003,680730,single,hit_into_play,,,,,4,Garrett Mitchell singles on a sharp line drive to center fielder Jacob Young. Andruw Monasterio to 2nd.,R,L,L,WSH,MIL,X,8.0,line_drive,1,0,2024,0.55,1.49,-0.3160193030208424,2.568753098258328,,,655316.0,1,3,Top,117.87,76.99,,,,,-6.160847608790826,-132.65697251680913,-6.810949924094949,7.878179291353733,29.413831593305915,-13.348834655790911,3.44,1.63,219.0,105.5,12.0,91.5,2246,6.6,744826,660688,660766,671277,702358,682928,695578,696285,669743,53.92,0.942,0.973,0.9,1.0,1.0,0.0,4.0,16,2,4-Seam Fastball,1,0,0,1,0,1,0,1,Standard,Standard,161,-0.041,0.369,78.6,7.8,,1.296,-0.369,105.5,1,-1,0.604,0.396,24,25,25,26,1,0,6.0,1.0,5.0,2,1.26,0.55,0.55,56.0,14.101806143925888,4.782041941421398,31.776697869953857,39.59041851216841,27.77959104329524,batter
FF,2024-08-04,91.8,2.05,6.12,"Mitchell, Garrett",669003,680730,,ball,,,,,3,,R,L,L,WSH,MIL,B,,,0,0,2024,0.77,1.23,0.3691980599630744,3.5434977762192177,,,655316.0,1,3,Top,,,,,,,-5.924023116543739,-133.53650530161175,-3.319668250427214,10.462887212044894,28.8016756123298,-16.94457359549449,3.44631221061673,1.59144258579096,,,,92.0,2231,6.4,744826,660688,660766,671277,702358,682928,695578,696285,669743,54.09,,,,,,,,16,1,4-Seam Fastball,1,0,0,1,0,1,0,1,Standard,Standard,150,-0.005,0.036,,,,,-0.036,,1,-1,0.609,0.391,24,25,25,26,1,0,6.0,1.0,5.0,2,1.48,0.77,0.77,48.6,,,,,,batter
SL,2024-08-04,87.2,3.68,5.71,"Mitchell, Garrett",669003,676395,single,hit_into_play,,,,,8,Garrett Mitchell singles on a line drive to right fielder Alex Call.,R,L,L,WSH,MIL,X,9.0,line_drive,0,2,2024,-0.49,0.21,-0.1117141199346072,1.7650791824016716,,,,1,8,Top,171.0,124.26,,,,,-8.178721958021978,-126.78140094024788,-3.833574833613916,-3.755655856865376,23.731167888721387,-29.310293991913007,3.44,1.63,164.0,89.1,12.0,88.1,2320,6.7,744826,660688,660766,671277,702358,682928,695578,696285,669743,53.76,0.766,0.707,0.9,1.0,1.0,0.0,4.0,56,3,Slider,4,0,0,4,0,4,0,4,Infield shade,Standard,257,-0.017,0.515,70.1,8.1,,0.868,-0.515,89.1,4,-4,0.98,0.02,28,25,28,26,1,2,2.0,1.0,2.0,2,2.77,-0.49,-0.49,29.0,9.20220101039223,-11.923755870569025,36.772291860259855,36.96546047281159,38.429715791559005,batter
FF,2024-08-04,95.1,3.78,5.65,"Mitchell, Garrett",669003,676395,,foul,,,,,5,,R,L,L,WSH,MIL,S,,,0,1,2024,0.8,1.11,0.131668449602563,2.8457635232368435,,,,1,8,Top,,,,,,,-11.43116370941128,-138.03835925874387,-4.235524532775628,12.634457024676026,29.01456525460615,-17.133046971316002,3.44,1.63,228.0,76.3,27.0,95.9,2342,6.7,744826,660688,660766,671277,702358,682928,695578,696285,669743,53.76,,,,,,,,56,2,4-Seam Fastball,4,0,0,4,0,4,0,4,Standard,Standard,130,0.002,-0.057,72.4,6.6,,,0.057,88.0,4,-4,0.978,0.022,28,25,28,26,1,2,2.0,1.0,2.0,2,1.41,0.8,0.8,25.2,2.336197700631765,15.290461447371287,34.355191162724935,35.59468504201359,17.794307020389514,batter
FF,2024-08-04,94.6,3.79,5.71,"Mitchell, Garrett",669003,676395,,called_strike,,,,,5,,R,L,L,WSH,MIL,S,,,0,0,2024,0.9,0.98,-0.0047342680267277,2.7681871805741003,,,,1,8,Top,,,,,,,-11.963118536777806,-137.30043154345827,-4.200153288837665,13.896638620002795,28.802103484450743,-19.00064883179149,3.41008457210345,1.66983341355468,,,,95.2,2188,6.7,744826,660688,660766,671277,702358,682928,695578,696285,669743,53.81,,,,,,,,56,1,4-Seam Fastball,4,0,0,4,0,4,0,4,Standard,Standard,126,0.001,-0.037,,,,,0.037,,4,-4,0.977,0.023,28,25,28,26,1,2,2.0,1.0,2.0,2,1.57,0.9,0.9,24.4,,,,,,batter
FF,2024-08-03,95.6,-2.14,5.69,"Mitchell, Garrett",669003,672851,single,hit_into_play,,,,,13,Garrett Mitchell singles on a ground ball to center fielder Jacob Young. Jackson Chourio to 2nd.,R,L,R,WSH,MIL,X,8.0,ground_ball,0,0,2024,-0.82,1.11,-0.2111437065812755,1.4917550689692298,,,694192.0,0,8,Top,128.42,103.09,,,,,6.963512607863313,-139.04972682605492,-8.020973630023427,-12.108720857196056,27.938946662844703,-16.246221878753847,3.42,1.63,58.0,98.7,2.0,96.4,2273,6.6,744823,660688,660766,671277,702358,682928,695578,696285,669743,53.94,0.5,0.458,0.9,1.0,1.0,0.0,4.0,59,1,4-Seam Fastball,6,2,2,6,2,6,2,6,Standard,Standard,222,-0.048,0.449,76.6,7.6,,0.552,-0.449,98.7,4,-4,0.938,0.062,25,25,26,26,1,0,4.0,1.0,4.0,1,1.37,0.82,-0.82,31.0,6.576101419707646,8.382832667699773,37.04564585080971,38.01976519445803,25.94221876145562,batter
FF,2024-08-02,93.3,-2.38,5.7,"Mitchell, Garrett",669003,663623,field_out,hit_into_play,,,,,2,Garrett Mitchell flies out to left fielder James Wood.,R,L,R,WSH,MIL,X,7.0,fly_ball,1,0,2024,-0.95,1.04,0.0051577316117951,2.9365700597412845,,,,2,4,Top,51.84,129.19,,,,,8.337686322087983,-135.75840149803872,-3.746294496974414,-13.506842550849656,26.0112390373654,-18.610940528855775,3.42,1.63,252.0,94.6,59.0,95.0,2421,7.0,744825,660688,660766,671277,545121,682928,695578,696285,663905,53.49,0.016,0.019,0.0,1.0,0.0,0.0,3.0,31,2,4-Seam Fastball,2,3,3,2,3,2,3,2,Standard,Standard,224,0.012,-0.295,78.7,7.3,,0.025,0.295,94.6,-1,1,0.416,0.584,27,25,27,26,2,1,6.0,2.0,5.0,1,1.55,0.95,-0.95,27.3,18.188465274074485,7.195556543164634,32.551832778218184,34.16774343631327,28.58433521389508,batter
CH,2024-08-02,88.9,-2.41,5.78,"Mitchell, Garrett",669003,663623,,ball,,,,,14,,R,L,R,WSH,MIL,B,,,0,0,2024,-0.93,0.97,0.7893241230283395,1.063410141902405,,,,2,4,Top,,,,,,,9.946434489903352,-129.0586996187392,-7.718097398709136,-12.3046616711076,22.73271343307991,-19.927598693670404,3.76331831066437,1.67519392426109,,,,90.8,2164,7.2,744825,660688,660766,671277,545121,682928,695578,696285,663905,53.3,,,,,,,,31,1,Changeup,2,3,3,2,3,2,3,2,Standard,Standard,235,-0.001,0.04,,,,,-0.04,,-1,1,0.417,0.583,27,25,27,26,2,1,6.0,2.0,5.0,1,1.89,0.93,-0.93,24.7,,,,,,batter
FC,2024-08-02,92.4,-2.39,5.6,"Mitchell, Garrett",669003,663623,double,hit_into_play,,,,,8,"Garrett Mitchell doubles (6) on a sharp line drive to left fielder James Wood, deflected by center fielder Jacob Young. Rhys Hoskins scores. Sal Frelick scores.",R,L,R,WSH,MIL,X,8.0,line_drive,2,0,2024,-0.49,0.5,0.0317417716551833,1.9958206654291863,656555.0,686217.0,,1,2,Top,78.28,92.37,,,,,7.348272710441293,-134.36819674886496,-4.527409647238558,-7.451402009096749,26.91715808224529,-25.391578790374805,3.42,1.63,291.0,105.6,13.0,94.0,2540,7.1,744825,660688,660766,671277,545121,682928,695578,696285,663905,53.4,0.884,0.914,1.25,1.0,1.0,1.0,5.0,13,3,Cutter,0,1,1,0,3,0,3,0,Strategic,Standard,222,-0.103,0.636,79.2,7.4,,1.23,-0.636,105.6,-1,1,0.313,0.687,27,25,27,26,1,0,6.0,2.0,5.0,1,2.16,0.49,-0.49,26.7,4.487262039559105,7.121988351689185,36.87069421725471,34.739166530249136,23.46397835265997,batter
FF,2024-08-02,93.8,-2.4,5.78,"Mitchell, Garrett",669003,663623,,ball,,,,,11,,R,L,R,WSH,MIL,B,,,1,0,2024,-0.78,1.12,-1.7220342361991667,3.985747530643684,656555.0,686217.0,,1,2,Top,,,,,,,3.509576076932154,-136.69086160611047,-1.4389513690015918,-10.496734251191429,28.21096114929287,-18.008112199074223,3.56288134991195,1.69873258676547,,,,95.2,2332,6.9,744825,660688,660766,671277,545121,682928,695578,696285,663905,53.62,,,,,,,,13,2,4-Seam Fastball,0,1,1,0,1,0,1,0,Strategic,Standard,223,-0.002,0.033,,,,,-0.033,,-1,1,0.315,0.685,27,25,27,26,1,0,6.0,2.0,5.0,1,1.45,0.78,-0.78,25.4,,,,,,batter
FF,2024-08-02,94.0,-2.38,5.64,"Mitchell, Garrett",669003,663623,,ball,,,,,12,,R,L,R,WSH,MIL,B,,,0,0,2024,-0.75,1.11,1.2587554946171773,2.836273166509164,656555.0,686217.0,,1,2,Top,,,,,,,11.239945692037791,-136.4924549712877,-4.111599986881953,-11.671921381606571,26.809997351618705,-17.4494706784996,3.5567026981387,1.6639938521442,,,,95.6,2342,7.1,744825,660688,660766,671277,545121,682928,695578,696285,663905,53.39,,,,,,,,13,1,4-Seam Fastball,0,1,1,0,1,0,1,0,Strategic,Standard,226,-0.001,0.025,,,,,-0.025,,-1,1,0.316,0.684,27,25,27,26,1,0,6.0,2.0,5.0,1,1.45,0.75,-0.75,26.5,,,,,,batter
FF,2024-07-31,95.0,-2.7,5.53,"Mitchell, Garrett",669003,641729,strikeout,foul_tip,,,,,1,Garrett Mitchell strikes out on a foul tip.,R,L,R,MIL,ATL,S,2.0,,0,2,2024,-0.95,1.3,-0.4236238448009806,2.940184481828568,,,687401.0,0,8,Bot,,,,,,,8.223825896348606,-138.08902291316156,-4.085333107190282,-14.037921287316124,30.55561917935748,-14.750560921838252,3.42,1.63,,,,96.4,2386,7.1,745960,518595,621566,593160,663586,606115,594807,672284,657656,53.36,,0.0,0.0,1.0,0.0,0.0,,68,3,4-Seam Fastball,2,6,2,6,6,2,2,6,Standard,Standard,210,-0.018,-0.15,74.1,6.6,,,0.15,,-4,-4,0.063,0.063,29,25,29,26,1,0,1.0,1.0,2.0,2,1.23,0.95,-0.95,34.4,3.922272861785077,24.92232125530164,31.71527126162162,39.20797777880982,14.201565442075513,batter
FF,2024-07-31,94.3,-2.53,5.58,"Mitchell, Garrett",669003,641729,,swinging_strike,,,,,1,,R,L,R,MIL,ATL,S,,,0,1,2024,-0.77,1.24,-0.4982231734157181,3.0761920210074463,,,687401.0,0,8,Bot,,,,,,,7.0836924787587465,-137.14097742285992,-3.5906755955895115,-11.336837528406631,30.344523393593068,-15.92706567470265,3.42,1.63,,,,95.4,2369,7.0,745960,518595,621566,593160,663586,606115,594807,672284,657656,53.53,,,,,,,,68,2,4-Seam Fastball,2,6,2,6,6,2,2,6,Standard,Standard,216,-0.008,-0.048,76.3,6.4,1.478857752,,0.048,,-4,-4,0.071,0.071,29,25,29,26,1,0,1.0,1.0,2.0,2,1.33,0.77,-0.77,31.8,1.3294549693996212,29.497544477244293,32.362762276946015,41.22449231341668,13.78167077008176,batter
FF,2024-07-31,94.5,-2.53,5.54,"Mitchell, Garrett",669003,641729,,swinging_strike,,,,,2,,R,L,R,MIL,ATL,S,,,0,0,2024,-0.68,1.31,-0.2392644866048211,3.012323636865354,,,687401.0,0,8,Bot,,,,,,,7.624873580320056,-137.42741071079027,-3.877472673639012,-10.353593544203774,30.26282388683868,-14.92851056208829,3.42,1.63,,,,96.0,2404,7.2,745960,518595,621566,593160,663586,606115,594807,672284,657656,53.34,,,,,,,,68,1,4-Seam Fastball,2,6,2,6,6,2,2,6,Standard,Standard,212,-0.004,-0.042,78.2,7.0,2.3784321,,0.042,,-4,-4,0.075,0.075,29,25,29,26,1,0,1.0,1.0,2.0,2,1.25,0.68,-0.68,34.5,5.787356182204662,20.48093862094501,35.662817072912304,38.24671773802177,21.717193348755742,batter
CH,2024-07-30,85.1,-1.61,6.47,"Mitchell, Garrett",669003,693821,field_out,hit_into_play,,,,,5,Garrett Mitchell flies out to right fielder Ramón Laureano.,R,L,R,MIL,ATL,X,9.0,fly_ball,2,0,2024,-0.73,0.53,0.0197949793429853,2.59385270677186,,,656555.0,1,5,Bot,149.79,106.96,,,,,5.240595826030408,-123.89701227129024,-3.8985020749733623,-8.476300989356954,22.31299546444293,-26.116060677045585,3.44,1.62,238.0,76.2,48.0,85.1,2200,6.0,745958,669221,621566,805373,663586,606115,592696,672284,657656,54.48,0.092,0.098,0.0,1.0,0.0,0.0,3.0,41,3,Changeup,0,5,0,5,5,0,0,5,Standard,Standard,216,-0.026,-0.347,80.1,8.6,,0.128,0.347,88.0,-5,-5,0.085,0.085,25,25,25,26,2,1,10.0,1.0,7.0,1,2.59,0.73,-0.73,54.1,25.68839337322288,-24.222199467603875,34.792367678309574,34.71009300807208,47.51568351940805,batter
CH,2024-07-30,85.7,-1.74,6.43,"Mitchell, Garrett",669003,693821,,ball,,,,,13,,R,L,R,MIL,ATL,B,,,1,0,2024,-1.02,0.18,-1.0604415051148606,1.555332474662683,,,656555.0,1,5,Bot,,,,,,,3.6291268904354985,-124.8599402511448,-5.660670416440331,-11.366034206797766,22.410615900762497,-29.47256961148772,3.42038604407512,1.69593812616813,,,,85.7,1986,6.0,745958,669221,621566,805373,663586,606115,592696,672284,657656,54.55,,,,,,,,41,2,Changeup,0,5,0,5,5,0,0,5,Standard,Standard,223,0.005,0.056,,,,,-0.056,,-5,-5,0.08,0.08,25,25,25,26,2,1,10.0,1.0,7.0,1,2.89,1.02,-1.02,52.5,,,,,,batter
SI,2024-07-30,90.5,-1.64,6.46,"Mitchell, Garrett",669003,693821,,ball,,,,,11,,R,L,R,MIL,ATL,B,,,0,0,2024,-0.97,0.9,-1.4318760423525574,4.0452895895072345,,,656555.0,1,5,Bot,,,,,,,2.5745696217425658,-131.83248869731207,-2.015779905236866,-11.921857597234917,27.20950049885789,-21.48042655869896,3.43758701065201,1.69593812616813,,,,90.0,1936,5.9,745958,669221,621566,805373,663586,606115,592696,672284,657656,54.62,,,,,,,,41,1,Sinker,0,5,0,5,5,0,0,5,Standard,Standard,208,0.003,0.036,,,,,-0.036,,-5,-5,0.077,0.077,25,25,25,26,2,1,10.0,1.0,7.0,1,1.87,0.97,-0.97,53.6,,,,,,batter
SL,2024-07-30,85.4,-1.33,6.54,"Mitchell, Garrett",669003,693821,double,hit_into_play,,,,,8,Garrett Mitchell doubles (5) on a sharp line drive to right fielder Ramón Laureano.,R,L,R,MIL,ATL,X,9.0,line_drive,1,1,2024,0.14,0.09,0.0050714569440176,2.005159849342104,,,,1,3,Bot,192.06,71.78,,,,,2.8277958778485024,-124.30463473118796,-4.474614153153715,0.8250299879988829,27.41176281678031,-30.46741924914204,3.44,1.62,353.0,104.4,20.0,84.3,2357,5.8,745958,669221,621566,805373,663586,606115,592696,672284,657656,54.72,0.479,0.7685714285714287,1.25,1.0,1.0,1.0,6.0,24,3,Slider,0,4,0,4,4,0,0,4,Standard,Standard,36,0.034,0.669,74.7,8.0,,1.39,-0.669,104.4,-4,-4,0.143,0.143,25,25,25,26,1,0,10.0,1.0,7.0,1,3.06,-0.14,0.14,53.3,13.44560783210416,-4.19162852046256,35.89974450555028,33.70099922696264,33.821969402133675,batter
SL,2024-07-30,83.8,-1.38,6.56,"Mitchell, Garrett",669003,693821,,foul_tip,,,,,8,,R,L,R,MIL,ATL,S,,,1,0,2024,0.16,0.0,-0.0274705735774599,2.0660655662311016,,,,1,3,Bot,,,,,,,2.7798428810727938,-122.04884132428282,-3.959974462616031,1.0337000476775176,23.12796375368536,-31.664946190279977,3.44,1.62,,,,82.9,2382,5.6,745958,669221,621566,805373,663586,606115,592696,672284,657656,54.95,,,,,,,,24,2,Slider,0,4,0,4,4,0,0,4,Standard,Standard,128,-0.003,-0.051,77.4,8.7,,,0.051,,-4,-4,0.146,0.146,25,25,25,26,1,0,10.0,1.0,7.0,1,3.23,-0.16,0.16,56.6,21.958778325385502,-18.72930810805934,31.51835496443319,36.52158085935014,40.97489504412036,batter
SL,2024-07-30,83.0,-1.45,6.52,"Mitchell, Garrett",669003,693821,,ball,,,,,2,,R,L,R,MIL,ATL,B,,,0,0,2024,0.01,-0.28,-0.2204609925158203,3.608359462961961,,,,1,3,Bot,,,,,,,2.7458934000255915,-120.91006179645136,0.2951888445146509,-0.3885651725765277,22.659086468715984,-35.20422035253557,3.54380468099516,1.8188931129448,,,,82.2,2357,5.6,745958,669221,621566,805373,663586,606115,592696,672284,657656,54.91,,,,,,,,24,1,Slider,0,4,0,4,4,0,0,4,Standard,Standard,50,0.002,0.039,,,,,-0.039,,-4,-4,0.144,0.144,25,25,25,26,1,0,10.0,1.0,7.0,1,3.57,-0.01,0.01,55.1,,,,,,batter
CU,2024-07-29,83.2,-2.33,5.78,"Mitchell, Garrett",669003,656550,field_out,hit_into_play,,,,,13,"Garrett Mitchell grounds out, pitcher Grant Holmes to first baseman Matt Olson.",R,L,R,MIL,ATL,X,1.0,ground_ball,1,2,2024,0.58,-0.69,-0.9009474450899316,1.877108378567728,,,,0,5,Bot,128.42,183.45,,,,,2.1167794276241603,-121.29750701397052,-1.2179413324796595,5.40823369822814,21.926136931889776,-39.02554696712669,3.44,1.62,12.0,86.0,-8.0,83.0,2761,5.9,745959,669221,621566,805373,663586,606115,592696,672284,594807,54.65,0.169,0.155,0.0,1.0,0.0,0.0,2.0,34,4,Curveball,0,2,0,2,2,0,0,2,Infield shade,Standard,45,-0.022,-0.186,74.3,7.7,,0.176,0.186,88.0,-2,-2,0.279,0.279,28,25,28,26,2,1,5.0,1.0,5.0,1,3.95,-0.58,0.58,40.1,5.948487112420692,7.326368074678539,31.770833674540413,44.9374790727936,23.369001574480897,batter
FF,2024-07-29,94.3,-2.28,5.76,"Mitchell, Garrett",669003,656550,,ball,,,,,11,,R,L,R,MIL,ATL,B,,,0,2,2024,-0.89,0.86,-1.7055363985084842,3.480683368249864,,,,0,5,Bot,,,,,,,3.43042474784422,-137.4651248304857,-2.1842994305848777,-12.008254073757874,28.310115747459623,-20.94822716563935,3.4701496410871,1.73719073421287,,,,93.8,2153,5.8,745959,669221,621566,805373,663586,606115,592696,672284,594807,54.74,,,,,,,,34,3,4-Seam Fastball,0,2,0,2,2,0,0,2,Strategic,Standard,216,0.003,0.023,,,,,-0.023,,-2,-2,0.276,0.276,28,25,28,26,2,1,5.0,1.0,5.0,1,1.68,0.89,-0.89,37.6,,,,,,batter
FF,2024-07-29,93.8,-2.27,5.75,"Mitchell, Garrett",669003,656550,,swinging_strike,,,,,5,,R,L,R,MIL,ATL,S,,,0,1,2024,-0.85,1.15,-0.0334973372296489,2.7713088095118934,,,,0,5,Bot,,,,,,,7.591396259601109,-136.43286686004163,-4.532851887755412,-12.172779860468076,27.481442622269896,-16.96422025222619,3.44,1.62,,,,93.5,2217,6.0,745959,669221,621566,805373,663586,606115,592696,672284,594807,54.55,,,,,,,,34,2,4-Seam Fastball,0,2,0,2,2,0,0,2,Standard,Standard,215,-0.008,-0.054,79.3,6.8,0.954058116,,0.054,,-2,-2,0.284,0.284,28,25,28,26,2,1,5.0,1.0,5.0,1,1.42,0.85,-0.85,38.8,0.7431393408620739,16.53353695159037,36.55951607216706,35.092159953408895,20.07976677582623,batter
FF,2024-07-29,93.5,-2.25,5.81,"Mitchell, Garrett",669003,656550,,foul_bunt,,,,,1,,R,L,R,MIL,ATL,S,,,0,0,2024,-0.7,1.41,-0.4806785476725324,3.2569620731209747,,,,0,5,Bot,,,,,,,6.0547733179859575,-136.14247657881185,-3.96684221229562,-9.988138602001,27.08652665843449,-13.858213123375362,3.44,1.62,,,,93.2,2334,5.8,745959,669221,621566,805373,663586,606115,592696,672284,594807,54.66,,,,,,,,34,1,4-Seam Fastball,0,2,0,2,2,0,0,2,Standard,Standard,216,-0.005,-0.037,7.5,1.4,,,0.037,88.0,-2,-2,0.289,0.289,28,25,28,26,2,1,5.0,1.0,5.0,1,1.17,0.7,-0.7,41.7,-57.61847831815591,16.002897578721274,49.18438906342985,42.49425317168125,15.56884491614343,batter
FF,2024-07-29,94.5,-2.3,5.78,"Mitchell, Garrett",669003,656550,strikeout,swinging_strike,,,,,2,Garrett Mitchell strikes out swinging.,R,L,R,MIL,ATL,S,2.0,,1,2,2024,-0.79,1.22,-0.2066612825378059,3.1740470507929004,642715.0,,694192.0,0,2,Bot,,,,,,,7.150254338788496,-137.59312056658507,-3.8737521933472334,-11.519211919477677,26.47274186759836,-15.933629168403174,3.44,1.62,,,,94.3,2378,5.9,745959,669221,621566,805373,663586,606115,592696,672284,594807,54.64,,0.0,0.0,1.0,0.0,0.0,,13,4,4-Seam Fastball,0,0,0,0,0,0,0,0,Standard,Standard,209,-0.038,-0.228,72.5,6.1,0.1,,0.228,,0,0,0.659,0.659,28,25,28,26,1,0,5.0,1.0,5.0,1,1.3,0.79,-0.79,40.3,6.508032374925159,28.91195997253251,32.153668324323064,37.07742036325211,11.44307531301661,batter
FF,2024-07-29,94.7,-2.26,5.73,"Mitchell, Garrett",669003,656550,,foul,,,,,5,,R,L,R,MIL,ATL,S,,,1,1,2024,-0.67,1.18,-0.1562513223231934,2.1920173198541386,642715.0,,694192.0,0,2,Bot,,,,,,,6.954440012176591,-137.72354210033427,-6.174012912139268,-10.079929369034538,29.166637493317296,-15.937181489327116,3.44,1.62,152.0,77.0,23.0,94.3,2273,6.0,745959,669221,621566,805373,663586,606115,592696,672284,594807,54.54,,,,,,,,13,3,4-Seam Fastball,0,0,0,0,0,0,0,0,Standard,Standard,215,-0.013,-0.087,72.3,6.3,,,0.087,88.0,0,0,0.672,0.672,28,25,28,26,1,0,5.0,1.0,5.0,1,1.35,0.67,-0.67,41.0,-8.862895141473608,32.58292456371475,39.08436438107567,37.13747163699349,11.996550216888,batter
CH,2024-07-29,85.6,-1.56,5.03,"Mitchell, Garrett",669003,445926,field_out,hit_into_play,,,,,8,"Garrett Mitchell grounds out, pitcher Jesse Chavez to first baseman Matt Olson.",R,L,R,MIL,ATL,X,1.0,ground_ball,2,1,2024,-1.27,0.04,-0.1564857029018151,1.8416194418417955,,,,2,6,Bot,131.68,184.42,,,,,5.89154422150563,-124.61299562749387,-1.3645863085127272,-14.389781361445058,23.79486996120689,-31.670427445288787,3.44,1.62,3.0,60.6,-36.0,86.0,1816,6.4,745959,669221,621566,805373,663586,606115,592696,672284,594807,54.09,0.15,0.135,0.0,1.0,0.0,0.0,2.0,47,4,Changeup,4,2,4,2,2,4,4,2,Standard,Standard,251,-0.008,-0.303,74.0,7.8,,0.157,0.303,88.0,2,2,0.823,0.823,40,25,41,26,1,2,3.0,1.0,5.0,1,3.05,1.27,-1.27,24.0,22.70519182181784,-2.5728719689776085,35.855946045076635,36.37736651421993,33.27695049026316,batter
FF,2024-07-29,94.6,-2.39,5.75,"Mitchell, Garrett",669003,656550,,called_strike,,,,,11,,R,L,R,MIL,ATL,S,,,1,0,2024,-0.39,1.02,-0.8643666834179192,3.0482536006743333,642715.0,,694192.0,0,2,Bot,,,,,,,4.833021008778205,-137.7932393284372,-3.65924821391278,-6.039371581091309,29.420283421966246,-18.57070644946489,3.54947088064672,1.75325594273803,,,,94.3,2213,6.0,745959,669221,621566,805373,663586,606115,592696,672284,594807,54.54,,,,,,,,13,2,4-Seam Fastball,0,0,0,0,0,0,0,0,Standard,Standard,216,-0.007,-0.043,,,,,0.043,,0,0,0.679,0.679,28,25,28,26,1,0,5.0,1.0,5.0,1,1.52,0.39,-0.39,39.6,,,,,,batter
CH,2024-07-29,85.6,-1.57,4.99,"Mitchell, Garrett",669003,445926,,swinging_strike,,,,,7,,R,L,R,MIL,ATL,S,,,2,0,2024,-1.38,0.06,-0.7578049459061429,1.545533053292126,,,,2,6,Bot,,,,,,,4.711734650672074,-124.60072330211403,-1.99448671330124,-15.300097697421997,24.1608031007499,-31.402898603853767,3.44,1.62,,,,86.0,1781,6.4,745959,669221,621566,805373,663586,606115,592696,672284,594807,54.08,,,,,,,,47,3,Changeup,4,2,4,2,2,4,4,2,Standard,Standard,254,-0.001,-0.061,83.2,8.0,1.023571872,,0.061,,2,2,0.824,0.824,40,25,41,26,1,2,3.0,1.0,5.0,1,3.04,1.38,-1.38,23.0,14.590459628922243,-3.8072139568277272,33.97043080448914,44.531596680210576,33.882421069512304,batter
CU,2024-07-29,82.0,-2.46,5.82,"Mitchell, Garrett",669003,656550,,ball,,,,,11,,R,L,R,MIL,ATL,B,,,0,0,2024,0.46,-0.93,-1.0340552594504313,3.506422160268308,642715.0,,694192.0,0,2,Bot,,,,,,,2.3155056281307487,-119.35788110193104,3.039649415607727,4.038398010281569,21.51424070419735,-41.85044561716011,3.51374630114803,1.61368403172067,,,,81.8,2787,6.0,745959,669221,621566,805373,663586,606115,592696,672284,594807,54.52,,,,,,,,13,1,Curveball,0,0,0,0,0,0,0,0,Standard,Standard,42,0.004,0.021,,,,,-0.021,,0,0,0.675,0.675,28,25,28,26,1,0,5.0,1.0,5.0,1,4.3,-0.46,0.46,42.3,,,,,,batter
SI,2024-07-29,91.2,-1.58,4.98,"Mitchell, Garrett",669003,445926,,ball,,,,,13,,R,L,R,MIL,ATL,B,,,1,0,2024,-1.29,0.44,-0.806406734685728,1.3850336037131694,,,,2,6,Bot,,,,,,,4.707909769286993,-132.79713489696923,-4.1540794773165945,-16.322362923788173,25.827930276854403,-26.293607771126144,3.54795986124125,1.64697259442111,,,,91.5,1918,6.2,745959,669221,621566,805373,663586,606115,592696,672284,594807,54.29,,,,,,,,47,2,Sinker,4,2,4,2,2,4,4,2,Standard,Standard,229,0.001,0.068,,,,,-0.068,,2,2,0.823,0.823,40,25,41,26,1,2,3.0,1.0,5.0,1,2.28,1.29,-1.29,25.0,,,,,,batter
FC,2024-07-29,90.5,-1.71,4.79,"Mitchell, Garrett",669003,445926,,ball,,,,,13,,R,L,R,MIL,ATL,B,,,0,0,2024,-0.38,0.93,-0.1819180515591985,1.0644123505092111,,,,2,6,Bot,,,,,,,4.617963084813948,-131.73302649612293,-5.397314930663387,-5.311514807796409,24.72147349345564,-20.4429787542009,3.06482825291919,1.33657439613583,,,,90.9,2056,6.3,745959,669221,621566,805373,663586,606115,592696,672284,594807,54.24,,,,,,,,47,1,Cutter,4,2,4,2,2,4,4,2,Standard,Standard,221,0.001,0.04,,,,,-0.04,,2,2,0.822,0.822,40,25,41,26,1,2,3.0,1.0,5.0,1,1.83,0.38,-0.38,20.9,,,,,,batter
FF,2024-07-29,89.4,-1.24,5.88,"Mitchell, Garrett",669003,670241,single,hit_into_play,,,,,8,"Garrett Mitchell singles on a sharp line drive to right fielder Ramón Laureano. Garrett Mitchell to 3rd. Garrett Mitchell advances to 3rd, on a throwing error by right fielder Ramón Laureano.",R,L,R,MIL,ATL,X,9.0,line_drive,3,2,2024,-0.54,1.38,0.1903981296225525,2.148310785864831,,,,0,8,Bot,151.85,94.45,,,,,4.662812601413616,-130.12356340574092,-6.1497814992269255,-7.092008950330094,25.74041171135811,-15.37661742334478,3.44,1.62,174.0,104.7,9.0,89.7,2056,6.4,745959,669221,621566,805373,663586,606115,594807,672284,657656,54.15,0.784,0.75,0.9,1.0,1.0,0.0,4.0,62,7,4-Seam Fastball,7,2,7,2,2,7,7,2,Infield shade,Standard,210,0.002,0.369,77.1,7.0,,0.932,-0.369,104.7,5,5,0.995,0.995,26,25,26,26,1,3,66.0,1.0,,1,1.46,0.54,-0.54,47.7,6.68326224650877,5.958654724485218,36.44258012091041,32.08027650318141,27.977449707650287,batter
FF,2024-07-29,91.8,-1.24,6.02,"Mitchell, Garrett",669003,670241,,ball,,,,,11,,R,L,R,MIL,ATL,B,,,2,2,2024,-0.65,1.4,-1.0066174975077282,4.316446411620964,,,,0,8,Bot,,,,,,,2.0048553086503222,-133.83065467747218,-1.5470268770182622,-8.271862530735783,26.757265227662774,-15.149136441309595,3.48328576396355,1.70026897114578,,,,92.0,2087,6.1,745959,669221,621566,805373,663586,606115,594807,672284,657656,54.36,,,,,,,,62,6,4-Seam Fastball,7,2,7,2,2,7,7,2,Infield shade,Standard,212,0.0,0.107,,,,,-0.107,,5,5,0.995,0.995,26,25,26,26,1,3,66.0,1.0,,1,1.28,0.65,-0.65,48.6,,,,,,batter
CH,2024-07-29,82.1,-1.3,6.02,"Mitchell, Garrett",669003,670241,,foul,,,,,6,,R,L,R,MIL,ATL,S,,,2,2,2024,-0.89,0.74,0.4279827766959156,2.62490392410358,,,,0,8,Bot,,,,,,,5.606709182575327,-119.42241061333648,-2.571800083846357,-9.625925690733126,22.685386093210152,-24.778197902903404,3.44,1.62,140.0,65.4,31.0,81.7,1515,6.0,745959,669221,621566,805373,663586,606115,594807,672284,657656,54.47,,,,,,,,62,5,Changeup,7,2,7,2,2,7,7,2,Infield shade,Standard,230,0.0,0.0,80.1,7.5,,,0.0,88.0,5,5,0.995,0.995,26,25,26,26,1,3,66.0,1.0,,1,2.64,0.89,-0.89,47.4,14.398936689208467,-7.0483538091579865,36.07494875001363,29.122265841120253,32.98285519918355,batter
SL,2024-07-29,80.9,-1.3,5.87,"Mitchell, Garrett",669003,670241,,ball,,,,,14,,R,L,R,MIL,ATL,B,,,1,2,2024,-0.13,-0.1,1.3800108148124743,0.3220712944587052,,,,0,8,Bot,,,,,,,6.234122861214625,-117.6271097989634,-5.577340061167426,-2.342388704384898,20.59278059322119,-32.30642405873054,3.48593677849766,1.66763953959958,,,,81.1,2551,6.3,745959,669221,621566,805373,663586,606115,594807,672284,657656,54.21,,,,,,,,62,4,Slider,7,2,7,2,2,7,7,2,Infield shade,Standard,351,0.0,0.04,,,,,-0.04,,5,5,0.995,0.995,26,25,26,26,1,3,66.0,1.0,,1,3.57,0.13,-0.13,45.8,,,,,,batter
FF,2024-07-29,91.4,-1.36,5.91,"Mitchell, Garrett",669003,670241,,ball,,,,,11,,R,L,R,MIL,ATL,B,,,0,2,2024,-0.54,1.46,-0.8781221627191927,3.750897774246379,,,,0,8,Bot,,,,,,,2.3663817836608443,-133.1003752719049,-2.7255809373592585,-6.89937149927988,27.019342334449508,-14.449656115447455,3.42753068102475,1.6797799416435,,,,91.3,2226,6.1,745959,669221,621566,805373,663586,606115,594807,672284,657656,54.43,,,,,,,,62,3,4-Seam Fastball,7,2,7,2,2,7,7,2,Infield shade,Standard,215,0.0,0.023,,,,,-0.023,,5,5,0.995,0.995,26,25,26,26,1,3,66.0,1.0,,1,1.26,0.54,-0.54,45.2,,,,,,batter
FF,2024-07-29,90.8,-1.28,5.91,"Mitchell, Garrett",669003,670241,,called_strike,,,,,8,,R,L,R,MIL,ATL,S,,,0,1,2024,-0.67,1.35,0.2149441011240364,1.6592616332760428,,,,0,8,Bot,,,,,,,5.174915040709288,-132.06575482657672,-7.665126375197874,-8.84600356075485,25.75933070024075,-14.97295232324998,3.54566740397016,1.62168807429709,,,,91.2,2135,6.4,745959,669221,621566,805373,663586,606115,594807,672284,657656,54.11,,,,,,,,62,2,4-Seam Fastball,7,2,7,2,2,7,7,2,Infield shade,Standard,214,0.0,-0.054,,,,,0.054,,5,5,0.995,0.995,26,25,26,26,1,3,66.0,1.0,,1,1.4,0.67,-0.67,47.9,,,,,,batter
FF,2024-07-29,91.8,-1.3,5.92,"Mitchell, Garrett",669003,670241,,foul,,,,,5,,R,L,R,MIL,ATL,S,,,0,0,2024,-0.66,1.46,0.0183018337943323,2.8310744510017267,,,,0,8,Bot,,,,,,,4.767851538737382,-133.680066768977,-5.181934838095419,-8.872492387304362,26.993752638510013,-13.681346296730243,3.44,1.62,191.0,73.7,29.0,92.1,2101,6.3,745959,669221,621566,805373,663586,606115,594807,672284,657656,54.21,,,,,,,,62,1,4-Seam Fastball,7,2,7,2,2,7,7,2,Infield shade,Standard,216,0.0,-0.037,72.8,6.1,,,0.037,88.0,5,5,0.995,0.995,26,25,26,26,1,3,66.0,1.0,,1,1.22,0.66,-0.66,47.9,-5.676217390933639,26.23916309831936,37.14366320914349,34.92945818651084,13.479970820774216,batter
FF,2024-07-28,90.3,-2.33,5.77,"Mitchell, Garrett",669003,667725,double,hit_into_play,,,,,4,Garrett Mitchell doubles (4) on a line drive to left fielder Bryan De La Cruz. Rhys Hoskins to 3rd.,R,L,R,MIL,MIA,X,7.0,line_drive,1,0,2024,-0.74,0.95,-0.624863069538854,2.5881002787303595,,,656555.0,1,4,Bot,42.97,83.94,,,,,5.929629123941817,-131.51996783354488,-4.134741665839625,-9.804870262323778,23.77796623649003,-20.4905817032739,3.42,1.63,349.0,101.7,24.0,92.2,1988,7.1,745961,645305,605137,672640,681146,669364,650559,624503,660821,53.45,0.613,1.104861111111111,1.25,1.0,1.0,1.0,6.0,35,2,4-Seam Fastball,2,1,2,1,1,2,2,1,Standard,Standard,181,0.076,0.775,77.9,7.1,,2.094,-0.775,101.7,1,1,0.69,0.69,27,25,28,26,2,1,5.0,1.0,6.0,1,1.81,0.74,-0.74,61.6,7.986147956541355,16.20027821810728,31.73457374435812,43.55560921085194,22.960147363186813,batter
CU,2024-07-28,76.3,-2.26,5.7,"Mitchell, Garrett",669003,667725,,blocked_ball,,,,,14,,R,L,R,MIL,MIA,B,,,0,0,2024,0.73,-0.89,0.440282425104563,0.0978434932259668,,,656555.0,1,4,Bot,,,,,,,4.433371932633446,-111.0524430300943,-3.1158378681742813,5.159179063224991,21.28471716693215,-39.161231664254046,3.57946592323168,1.58414812950796,,,,77.2,2371,7.1,745961,645305,605137,672640,681146,669364,650559,624503,660821,53.43,,,,,,,,35,1,Curveball,2,1,2,1,1,2,2,1,Standard,Standard,23,0.003,0.036,,,,,-0.036,,1,1,0.687,0.687,27,25,28,26,2,1,5.0,1.0,6.0,1,4.83,-0.73,0.73,66.1,,,,,,batter
FC,2024-07-28,87.5,-2.06,5.82,"Mitchell, Garrett",669003,667725,single,hit_into_play,,,,,6,Garrett Mitchell singles on a line drive to center fielder Nick Gordon. Rhys Hoskins to 2nd.,R,L,R,MIL,MIA,X,8.0,line_drive,0,1,2024,0.51,0.8,0.5146314821329615,2.706698247015629,,,656555.0,0,2,Bot,128.94,95.57,,,,,5.219358537457193,-127.5187210794413,-3.1411823360261133,4.6372619593824025,23.66359440541127,-22.93169094105567,3.42,1.63,231.0,77.0,20.0,89.1,2103,7.0,745961,645305,605137,672640,681146,669364,650559,624503,660821,53.54,0.984,0.919,0.9,1.0,1.0,0.0,4.0,16,2,Cutter,2,1,2,1,1,2,2,1,Standard,Standard,162,0.05,0.491,76.5,7.0,,1.081,-0.491,88.0,1,1,0.683,0.683,27,25,28,26,1,0,5.0,1.0,6.0,1,2.14,-0.51,0.51,65.5,8.377275715809501,6.768991222636098,34.8624186099273,29.1351213656918,25.601924151860462,batter
FF,2024-07-28,88.2,-2.31,5.8,"Mitchell, Garrett",669003,667725,,called_strike,,,,,11,,R,L,R,MIL,MIA,S,,,0,0,2024,-0.64,0.94,-0.3424109384251836,3.863982833288998,,,656555.0,0,2,Bot,,,,,,,6.197983399874512,-128.43576257394608,-0.6505443607122967,-8.238034661923647,22.67437561130758,-21.74061077963845,3.48977208703369,1.61254367599941,,,,89.9,1950,7.0,745961,645305,605137,672640,681146,669364,650559,624503,660821,53.51,,,,,,,,16,1,4-Seam Fastball,2,1,2,1,1,2,2,1,Standard,Standard,173,-0.004,-0.042,,,,,0.042,,1,1,0.687,0.687,27,25,28,26,1,0,5.0,1.0,6.0,1,1.95,0.64,-0.64,62.4,,,,,,batter
FS,2024-07-28,84.6,0.37,5.61,"Mitchell, Garrett",669003,642629,walk,ball,,,,,14,Garrett Mitchell walks.,R,L,R,MIL,MIA,B,,,3,2,2024,-0.29,0.33,1.718473834960497,-0.27067347045298,,,,2,5,Bot,,,,,,,3.740590175813845,-122.88261947084656,-8.023298617578053,-3.67395669474176,25.884467394228817,-27.33768157252868,3.49953238605976,1.55040859463875,,,,85.0,617,6.8,745961,645305,605137,672640,681146,669364,650559,624503,660821,53.69,,0.689131,0.7,1.0,0.0,0.0,,49,6,Split-Finger,6,1,6,1,1,6,6,1,Standard,Standard,290,0.002,0.267,,,,,-0.267,,5,5,0.954,0.954,29,25,30,26,1,2,51.0,1.0,4.0,1,2.88,0.29,-0.29,63.6,,,,,,batter
FS,2024-07-28,84.4,0.19,5.63,"Mitchell, Garrett",669003,642629,,ball,,,,,14,,R,L,R,MIL,MIA,B,,,2,2,2024,-0.18,-0.44,0.2062925083072143,-1.1928435212338035,,,,2,5,Bot,,,,,,,0.4163882186300491,-122.65417176288015,-8.662168454094203,-1.9441951913803743,24.93703391399262,-35.08138491868498,3.50698726028889,1.57777059841237,,,,85.1,490,6.9,745961,645305,605137,672640,681146,669364,650559,624503,660821,53.64,,,,,,,,49,5,Split-Finger,6,1,6,1,1,6,6,1,Standard,Standard,256,0.0,0.106,,,,,-0.106,,5,5,0.954,0.954,29,25,30,26,1,2,51.0,1.0,4.0,1,3.66,0.18,-0.18,64.9,,,,,,batter
FS,2024-07-28,86.4,0.19,5.63,"Mitchell, Garrett",669003,642629,,ball,,,,,13,,R,L,R,MIL,MIA,B,,,1,2,2024,-0.57,0.03,-0.6966253776206922,0.5677629393608012,,,,2,5,Bot,,,,,,,-0.9594205938305536,-125.7949371540258,-5.940319278979697,-5.84270009362574,25.275889027953877,-30.889692584494185,3.43770187281736,1.49714702225359,,,,87.0,562,6.6,745961,645305,605137,672640,681146,669364,650559,624503,660821,53.88,,,,,,,,49,4,Split-Finger,6,1,6,1,1,6,6,1,Standard,Standard,247,0.001,0.039,,,,,-0.039,,5,5,0.953,0.953,29,25,30,26,1,2,51.0,1.0,4.0,1,3.02,0.57,-0.57,62.8,,,,,,batter
FF,2024-07-28,96.7,-0.1,5.61,"Mitchell, Garrett",669003,642629,,ball,,,,,14,,R,L,R,MIL,MIA,B,,,0,2,2024,-0.17,1.22,0.1774136091237036,1.357423622913167,,,,2,5,Bot,,,,,,,1.1212421223816156,-140.7137520516872,-8.670677313654707,-2.487059093487567,28.66247052210141,-14.254923118674627,3.42885157672961,1.55029115725797,,,,97.7,2071,6.6,745961,645305,605137,672640,681146,669364,650559,624503,660821,53.85,,,,,,,,49,3,4-Seam Fastball,6,1,6,1,1,6,6,1,Standard,Standard,200,0.0,0.023,,,,,-0.023,,5,5,0.953,0.953,29,25,30,26,1,2,51.0,1.0,4.0,1,1.2,0.17,-0.17,57.4,,,,,,batter
FF,2024-07-28,96.1,-0.14,5.72,"Mitchell, Garrett",669003,642629,,foul,,,,,3,,R,L,R,MIL,MIA,S,,,0,1,2024,-0.08,1.42,0.7818808833146602,2.987997985951077,,,,2,5,Bot,,,,,,,2.6336853179582964,-139.93063284216976,-4.897430168475959,-1.5768865726540413,29.167228006295776,-12.627198311044104,3.42,1.63,123.0,49.6,37.0,96.5,2452,6.3,745961,645305,605137,672640,681146,669364,650559,624503,660821,54.17,,,,,,,,49,2,4-Seam Fastball,6,1,6,1,1,6,6,1,Standard,Standard,193,-0.001,-0.058,69.6,6.1,,,0.058,88.0,5,5,0.954,0.954,29,25,30,26,1,2,51.0,1.0,4.0,1,1.03,0.08,-0.08,59.6,-3.545666584742144,17.872693258999934,39.53417923844205,26.05150643076445,18.488317902010746,batter
FS,2024-07-28,84.2,-0.04,5.68,"Mitchell, Garrett",669003,642629,,swinging_strike,,,,,8,,R,L,R,MIL,MIA,S,,,0,0,2024,-0.15,0.32,-0.2287012992812404,2.014233513115409,,,,2,5,Bot,,,,,,,-0.136838608137506,-122.64274537761602,-2.72782006640463,-1.4417179210839344,26.463037059971654,-28.62307683706088,3.42,1.63,,,,84.6,577,6.7,745961,645305,605137,672640,681146,669364,650559,624503,660821,53.83,,,,,,,,49,1,Split-Finger,6,1,6,1,1,6,6,1,Standard,Strategic,266,0.0,-0.041,75.8,9.0,5.563339656,,0.041,,5,5,0.954,0.954,29,25,30,26,1,2,51.0,1.0,4.0,1,2.91,0.15,-0.15,63.5,27.309019856517832,-35.68597914249747,33.247379979501844,39.765676258081726,55.264794055784,batter
SL,2024-07-27,86.8,-1.19,5.61,"Mitchell, Garrett",669003,676974,field_out,hit_into_play,,,,,9,"Garrett Mitchell grounds out, second baseman Vidal Bruján to first baseman Jake Burger.",R,L,R,MIL,MIA,X,4.0,ground_ball,2,1,2024,0.26,-0.14,0.4272729707823838,1.9606326696096668,,,,2,4,Bot,151.3,141.96,,,,,3.3486289445366686,-126.5579552522733,-2.3427432203867093,2.19492834707425,23.57576479923736,-33.410207381028485,3.42,1.63,6.0,92.8,-17.0,87.4,2640,6.3,745966,663743,669394,660644,681146,669364,650559,624503,660821,54.16,0.153,0.145,0.0,1.0,0.0,0.0,2.0,32,4,Slider,3,2,3,2,2,3,3,2,Standard,Standard,10,-0.012,-0.303,77.9,7.1,,0.18,0.303,92.8,1,1,0.65,0.65,25,25,25,26,2,1,105.0,1.0,5.0,1,3.13,-0.26,0.26,44.3,3.8108787939942848,10.553776221113212,39.232666074654745,29.85963417248048,26.098803273185872,batter
FF,2024-07-27,94.6,-1.04,5.72,"Mitchell, Garrett",669003,676974,,ball,,,,,11,,R,L,R,MIL,MIA,B,,,1,1,2024,-0.64,1.25,-1.3592436129289067,2.750965575068387,,,,2,4,Bot,,,,,,,0.6107153106526597,-137.72307558223926,-4.871511165861191,-8.304683817126788,30.503865224247136,-15.344645377422289,3.58229801501088,1.62686837877012,,,,94.9,2419,6.4,745966,663743,669394,660644,681146,669364,650559,624503,660821,54.08,,,,,,,,32,3,4-Seam Fastball,3,2,3,2,2,3,3,2,Standard,Standard,215,0.002,0.058,,,,,-0.058,,1,1,0.648,0.648,25,25,25,26,2,1,105.0,1.0,5.0,1,1.29,0.64,-0.64,45.1,,,,,,batter
SL,2024-07-27,89.2,-1.15,5.83,"Mitchell, Garrett",669003,676974,,ball,,,,,11,,R,L,R,MIL,MIA,B,,,0,1,2024,0.5,-0.23,-0.754512367844862,3.863664158064952,,,,2,4,Bot,,,,,,,-0.0665059426541255,-129.98565663078097,1.6167324498273572,5.7132654774986245,24.875546075795803,-35.32805181943952,3.57374921580772,1.71111922851625,,,,89.8,2749,6.4,745966,663743,669394,660644,681146,669364,650559,624503,660821,54.14,,,,,,,,32,2,Slider,3,2,3,2,2,3,3,2,Standard,Standard,49,0.001,0.029,,,,,-0.029,,1,1,0.647,0.647,25,25,25,26,2,1,105.0,1.0,5.0,1,3.07,-0.5,0.5,50.1,,,,,,batter
FF,2024-07-27,94.6,-1.19,5.73,"Mitchell, Garrett",669003,676974,,called_strike,,,,,4,,R,L,R,MIL,MIA,S,,,0,0,2024,-0.43,1.32,-0.7635557559217441,2.495823671721803,,,,2,4,Bot,,,,,,,2.066427838120961,-137.66796785405268,-5.700989895590394,-5.9153406343753065,30.74401284141001,-14.389618446596604,3.60349638145428,1.59612446252489,,,,94.9,2433,6.5,745966,663743,669394,660644,681146,669364,650559,624503,660821,54.03,,,,,,,,32,1,4-Seam Fastball,3,2,3,2,2,3,3,2,Standard,Standard,214,-0.002,-0.041,,,,,0.041,,1,1,0.649,0.649,25,25,25,26,2,1,105.0,1.0,5.0,1,1.23,0.43,-0.43,46.6,,,,,,batter
SL,2024-07-27,87.4,-1.37,5.63,"Mitchell, Garrett",669003,676974,single,hit_into_play,,,,,8,Garrett Mitchell singles on a sharp ground ball to second baseman Vidal Bruján.,R,L,R,MIL,MIA,X,4.0,ground_ball,1,1,2024,0.06,-0.07,-0.0798052250897919,1.9105664445465127,,,,0,3,Bot,145.17,144.29,,,,,2.982845878580875,-127.29395896720274,-2.670507512346546,0.0947411346503782,25.85247546920901,-32.64758213991604,3.42,1.63,8.0,103.5,-13.0,87.5,2459,6.3,745966,663743,669394,660644,681146,669364,650559,624503,660821,54.24,0.327,0.295,0.9,1.0,1.0,0.0,2.0,20,3,Slider,0,2,0,2,2,0,0,2,Standard,Standard,196,0.045,0.46,76.7,7.2,,0.334,-0.46,103.5,-2,-2,0.327,0.327,25,25,25,26,1,0,105.0,1.0,5.0,1,3.05,-0.06,0.06,43.7,2.8110025836045414,18.484244347171117,37.7690008603382,36.17785980651488,23.08397232183061,batter
FF,2024-07-27,94.9,-1.13,5.8,"Mitchell, Garrett",669003,676974,,ball,,,,,11,,R,L,R,MIL,MIA,B,,,0,1,2024,-0.43,1.36,-0.1833822231351842,4.144389556983151,,,,0,3,Bot,,,,,,,3.461962997587633,-138.3288077032334,-1.7824656290648333,-6.28377342489318,28.64282946684578,-14.441329498761348,3.53891627227287,1.7248692909744,,,,95.6,2431,6.4,745966,663743,669394,660644,681146,669364,650559,624503,660821,54.06,,,,,,,,20,2,4-Seam Fastball,0,2,0,2,2,0,0,2,Standard,Standard,215,0.003,0.025,,,,,-0.025,,-2,-2,0.324,0.324,25,25,25,26,1,0,105.0,1.0,5.0,1,1.15,0.43,-0.43,45.3,,,,,,batter
FF,2024-07-27,93.4,-1.09,5.67,"Mitchell, Garrett",669003,676974,,foul,,,,,4,,R,L,R,MIL,MIA,S,,,0,0,2024,-0.34,1.31,-0.3142591357554979,2.326792650944471,,,,0,3,Bot,,,,,,,2.738454455011895,-136.00556706052774,-5.808184187307666,-4.756607969358768,28.517933930108573,-14.800527477982904,3.42,1.63,313.0,93.0,39.0,93.9,2411,6.5,745966,663743,669394,660644,681146,669364,650559,624503,660821,54.04,,,,,,,,20,1,4-Seam Fastball,0,2,0,2,2,0,0,2,Standard,Standard,216,-0.004,-0.037,80.3,7.4,,,0.037,93.0,-2,-2,0.328,0.328,25,25,25,26,1,0,105.0,1.0,5.0,1,1.29,0.34,-0.34,43.1,9.39742145025053,14.22893096309456,34.57365351358057,39.80862641990822,22.394183311709824,batter
FS,2024-07-27,86.3,-2.26,6.16,"Mitchell, Garrett",669003,663773,strikeout,swinging_strike,,,,,11,Garrett Mitchell strikes out swinging.,R,L,R,MIL,MIA,S,2.0,,1,2,2024,-0.54,0.26,-1.1520416986136357,2.742906226748876,,,,0,7,Bot,,,,,,,3.760307696372178,-125.682385985358,-2.490285055028884,-6.453338039432699,23.584168648174668,-29.11145218395096,3.42,1.63,,,,87.0,1118,6.5,745966,663743,669394,672640,656896,669364,650559,660644,660821,53.98,,0.0,0.0,1.0,0.0,0.0,,57,5,Split-Finger,3,7,3,7,7,3,3,7,Standard,Standard,255,-0.013,-0.186,77.2,7.2,1.133284944,,0.186,,-4,-4,0.066,0.066,27,25,28,26,1,2,4.0,1.0,4.0,1,2.78,0.54,-0.54,39.1,8.32422814191225,16.732713726374385,30.48798854846345,48.49329926831956,22.020603323521897,batter
FS,2024-07-27,85.2,-2.29,6.08,"Mitchell, Garrett",669003,663773,,foul,,,,,11,,R,L,R,MIL,MIA,S,,,1,2,2024,-0.4,0.08,-1.1035649454886016,2.813492108559512,,,,0,7,Bot,,,,,,,3.610586606388769,-124.22742486562387,-1.6398888887207763,-4.840628860075359,21.714919041021737,-31.220721479180902,3.42,1.63,225.0,77.4,52.0,86.0,920,6.4,745966,663743,669394,672640,656896,669364,650559,660644,660821,54.09,,,,,,,,57,4,Split-Finger,3,7,3,7,7,3,3,7,Standard,Standard,248,0.0,0.0,71.2,6.7,,,0.0,88.0,-4,-4,0.066,0.066,27,25,28,26,1,2,4.0,1.0,4.0,1,3.01,0.4,-0.4,36.4,8.781717829041076,26.434139701103824,27.47739429505124,47.53570901047776,16.489136936636932,batter
SI,2024-07-27,93.0,-2.44,5.89,"Mitchell, Garrett",669003,663773,,called_strike,,,,,6,,R,L,R,MIL,MIA,S,,,1,1,2024,-1.24,0.36,0.5232043527963379,2.8647917963303544,,,,0,7,Bot,,,,,,,10.31321368762481,-135.0499207935655,-2.7877035575843943,-17.35756701318539,27.506354772376323,-27.39844911459896,3.50212045352001,1.62106431853493,,,,93.3,1960,6.4,745966,663743,669394,672640,656896,669364,650559,660644,660821,54.06,,,,,,,,57,3,Sinker,3,7,3,7,7,3,3,7,Standard,Standard,235,-0.004,-0.056,,,,,0.056,,-4,-4,0.07,0.07,27,25,28,26,1,2,4.0,1.0,4.0,1,2.28,1.24,-1.24,31.5,,,,,,batter
SI,2024-07-27,93.6,-2.48,5.85,"Mitchell, Garrett",669003,663773,,called_strike,,,,,7,,R,L,R,MIL,MIA,S,,,1,0,2024,-1.31,0.49,-0.348362074174273,1.968749982540689,,,,0,7,Bot,,,,,,,8.416206354194912,-136.12828052706274,-5.406444395250871,-18.11557982436366,27.59868384665156,-25.05226156606849,3.6234499766745,1.7415270535995,,,,94.1,1994,6.4,745966,663743,669394,672640,656896,669364,650559,660644,660821,54.08,,,,,,,,57,2,Sinker,3,7,3,7,7,3,3,7,Standard,Standard,239,-0.004,-0.049,,,,,0.049,,-4,-4,0.074,0.074,27,25,28,26,1,2,4.0,1.0,4.0,1,2.09,1.31,-1.31,30.8,,,,,,batter
SI,2024-07-27,93.0,-2.47,5.92,"Mitchell, Garrett",669003,663773,,ball,,,,,11,,R,L,R,MIL,MIA,B,,,0,0,2024,-1.3,0.43,-0.9268012978021054,3.32235426341863,,,,0,7,Bot,,,,,,,6.840384494425464,-135.36063499137822,-1.884755638536292,-17.4867751755335,27.372050250969217,-26.65573692541324,3.56051220758537,1.71020452952267,,,,93.6,1920,6.4,745966,663743,669394,672640,656896,669364,650559,660644,660821,54.05,,,,,,,,57,1,Sinker,3,7,3,7,7,3,3,7,Standard,Standard,237,0.003,0.038,,,,,-0.038,,-4,-4,0.071,0.071,27,25,28,26,1,2,4.0,1.0,4.0,1,2.19,1.3,-1.3,32.7,,,,,,batter
FC,2024-07-27,90.5,-1.08,6.04,"Mitchell, Garrett",669003,676534,single,hit_into_play,,,,,7,"Garrett Mitchell singles on a sharp line drive to left fielder Bryan De La Cruz, deflected by third baseman Emmanuel Rivera.",R,L,R,MIL,MIA,X,5.0,line_drive,3,2,2024,0.54,-0.33,-0.5004822366543215,1.9940594154976363,,,,2,9,Bot,75.4,100.9,,,,,0.3113313912879916,-131.88749947843775,-3.502333949419888,6.225901886534484,25.65241510691966,-35.59819874693705,3.42,1.63,194.0,101.3,9.0,90.0,2925,5.7,745966,663743,669394,672640,656896,669364,650559,660644,660821,54.79,0.708,0.687,0.9,1.0,1.0,0.0,4.0,74,6,Cutter,3,7,3,7,7,3,3,7,Infield shade,Standard,77,0.003,0.263,74.8,7.1,,0.852,-0.263,101.3,-4,-4,0.002,0.002,28,25,29,26,1,3,2.0,1.0,4.0,1,3.09,-0.54,0.54,60.2,6.320419761846093,19.122593036772585,33.10657268307235,40.89122086433654,20.498700721000706,batter
ST,2024-07-27,87.8,-1.04,5.94,"Mitchell, Garrett",669003,676534,,ball,,,,,14,,R,L,R,MIL,MIA,B,,,2,2,2024,1.17,-0.32,0.4237667592399916,0.4368304817350368,,,,2,9,Bot,,,,,,,1.0973762179286572,-127.74011100259268,-6.447747243325689,12.55164089792012,28.25733818768799,-34.50782365049821,3.40140988272372,1.47626159581791,,,,87.0,2992,6.0,745966,663743,669394,672640,656896,669364,650559,660644,660821,54.54,,,,,,,,74,5,Sweeper,3,7,3,7,7,3,3,7,Infield shade,Standard,38,0.001,0.106,,,,,-0.106,,-4,-4,0.001,0.001,28,25,29,26,1,3,2.0,1.0,4.0,1,3.3,-1.17,1.17,58.3,,,,,,batter
FF,2024-07-27,96.5,-0.97,6.12,"Mitchell, Garrett",669003,676534,,ball,,,,,11,,R,L,R,MIL,MIA,B,,,1,2,2024,-0.31,1.3,-1.1346550674100413,3.461814345223269,,,,2,9,Bot,,,,,,,0.269607751004746,-140.54646638955873,-4.41041870759562,-4.148145463419308,33.14294840722295,-14.194387744500862,3.41999839678617,1.67471346001716,,,,95.5,2352,5.8,745966,663743,669394,672640,656896,669364,650559,660644,660821,54.73,,,,,,,,74,4,4-Seam Fastball,3,7,3,7,7,3,3,7,Standard,Strategic,205,0.0,0.039,,,,,-0.039,,-4,-4,0.001,0.001,28,25,29,26,1,3,2.0,1.0,4.0,1,1.15,0.31,-0.31,59.3,,,,,,batter
FF,2024-07-27,96.6,-1.06,6.15,"Mitchell, Garrett",669003,676534,,ball,,,,,11,,R,L,R,MIL,MIA,B,,,0,2,2024,-0.27,1.25,-0.6805114082721442,4.44891924494384,,,,2,9,Bot,,,,,,,1.5932966036763458,-140.7774875117692,-1.837848031047445,-3.9385877811524512,31.804258896360604,-15.298258465352175,3.57341515472743,1.61682315593937,,,,95.6,2421,5.6,745966,663743,669394,672640,656896,669364,650559,660644,660821,54.89,,,,,,,,74,3,4-Seam Fastball,3,7,3,7,7,3,3,7,Standard,Standard,201,0.0,0.023,,,,,-0.023,,-4,-4,0.001,0.001,28,25,29,26,1,3,2.0,1.0,4.0,1,1.18,0.27,-0.27,57.3,,,,,,batter
FC,2024-07-27,90.7,-0.97,6.14,"Mitchell, Garrett",669003,676534,,foul,,,,,2,,R,L,R,MIL,MIA,S,,,0,1,2024,0.5,-0.36,0.2272709751900961,3.141120635442626,,,,2,9,Bot,,,,,,,1.8982461980406284,-132.24553907322843,-0.8999935505168614,5.579623038102239,24.95410243130321,-36.48668937843559,3.42,1.63,,,,90.4,2836,5.7,745966,663743,669394,672640,656896,669364,650559,660644,660821,54.77,,,,,,,,74,2,Cutter,3,7,3,7,7,3,3,7,Standard,Standard,74,0.0,-0.058,69.0,5.3,,,0.058,,-4,-4,0.001,0.001,28,25,29,26,1,3,2.0,1.0,4.0,1,3.1,-0.5,0.5,59.5,-11.715293677321077,45.86569268854426,32.5878917918051,32.10221296933892,9.30569791563843,batter
CU,2024-07-27,86.8,-1.08,6.03,"Mitchell, Garrett",669003,676534,,called_strike,,,,,13,,R,L,R,MIL,MIA,S,,,0,0,2024,0.72,-1.04,-0.4091881181621272,1.4843780204041843,,,,2,9,Bot,,,,,,,0.1295580653807436,-126.4860222978224,-2.5558035461783684,7.707827764615332,26.57598811117776,-42.97823649245666,3.54162905682573,1.63186760789232,,,,86.1,3080,5.8,745966,663743,669394,672640,656896,669364,650559,660644,660821,54.66,,,,,,,,74,1,Curveball,3,7,3,7,7,3,3,7,Standard,Standard,25,0.0,-0.041,,,,,0.041,,-4,-4,0.001,0.001,28,25,29,26,1,3,2.0,1.0,4.0,1,4.06,-0.72,0.72,58.6,,,,,,batter
FC,2024-07-26,95.0,-1.67,5.46,"Mitchell, Garrett",669003,669622,field_out,hit_into_play,,,,,9,"Garrett Mitchell grounds out, second baseman Otto Lopez to first baseman Josh Bell.",R,L,R,MIL,MIA,X,4.0,ground_ball,1,1,2024,-0.35,0.75,0.6807789592038855,1.924279875127276,,,,0,7,Bot,142.13,147.85,,,,,6.9202898889312605,-138.23802761430824,-5.312510885612278,-5.951497061688407,29.330816869450107,-21.585467572980384,3.42,1.63,47.0,72.1,3.0,95.0,2501,6.2,745964,663743,605137,672640,669394,669364,650559,624503,660821,54.3,0.16,0.191,0.0,1.0,0.0,0.0,2.0,57,3,Cutter,2,5,2,5,5,2,2,5,Standard,Strategic,232,-0.027,-0.243,74.9,7.1,,0.206,0.243,88.0,-3,-3,0.127,0.127,29,25,29,26,1,0,4.0,2.0,5.0,1,1.77,0.35,-0.35,21.4,-4.758423995361477,13.449645744190404,41.5833076416478,26.956922037977893,21.779775385135714,batter
ST,2024-07-26,84.5,-2.0,5.14,"Mitchell, Garrett",669003,669622,,ball,,,,,14,,R,L,R,MIL,MIA,B,,,0,1,2024,1.16,0.5,0.7262861553185644,1.1235371099522848,,,,0,7,Bot,,,,,,,4.041212012477511,-123.01015673243305,-4.002011359747448,10.931084220293643,24.402292149017427,-26.5027046928846,3.53885634424923,1.70353931377765,,,,84.4,2742,6.2,745964,663743,605137,672640,669394,669364,650559,624503,660821,54.27,,,,,,,,57,2,Sweeper,2,5,2,5,5,2,2,5,Standard,Strategic,81,0.003,0.025,,,,,-0.025,,-3,-3,0.124,0.124,29,25,29,26,1,0,4.0,2.0,5.0,1,2.69,-1.16,1.16,12.8,,,,,,batter
SI,2024-07-26,95.5,-1.6,5.54,"Mitchell, Garrett",669003,669622,,called_strike,,,,,14,,R,L,R,MIL,MIA,S,,,0,0,2024,-1.49,0.25,0.4226023409282389,1.4236341641561,,,,0,7,Bot,,,,,,,8.636285186249857,-138.74514922711043,-5.720053398270876,-21.229344250741534,31.54424790095157,-27.81191898011343,3.4880577812988,1.7891509442714,,,,95.0,2301,6.1,745964,663743,605137,672640,669394,669364,650559,624503,660821,54.36,,,,,,,,57,1,Sinker,2,5,2,5,5,2,2,5,Standard,Strategic,237,-0.004,-0.037,,,,,0.037,,-3,-3,0.128,0.128,29,25,29,26,1,0,4.0,2.0,5.0,1,2.26,1.49,-1.49,23.4,,,,,,batter
FF,2024-07-24,89.6,2.3,6.0,"Mitchell, Garrett",669003,657006,strikeout,called_strike,,,,,1,Garrett Mitchell called out on strikes.,R,L,L,CHC,MIL,S,2.0,,3,2,2024,-0.09,0.79,-0.3576017573959305,3.112829557346621,,642715.0,694192.0,0,6,Top,,,,,,,-6.3616949286381335,-130.4667212418965,-2.901277358133161,0.0588818764524729,22.81503201403025,-22.72347966244361,3.30254383473076,1.64000336603317,,,,90.2,2295,6.3,746851,621512,683737,663538,670156,621020,664023,643565,673548,54.23,,0.0,0.0,1.0,0.0,0.0,,44,6,4-Seam Fastball,2,1,1,2,1,2,1,2,Standard,Standard,170,0.099,-0.36,,,,,0.36,,1,-1,0.494,0.506,28,25,29,26,3,2,5.0,1.0,6.0,2,2.01,-0.09,-0.09,43.6,,,,,,batter
FF,2024-07-24,90.2,2.37,6.03,"Mitchell, Garrett",669003,657006,,foul,,,,,5,,R,L,L,CHC,MIL,S,,,3,1,2024,-0.05,0.95,0.020011604627316,2.787141591988864,,642715.0,694192.0,0,6,Top,,,,,,,-5.748454452741366,-131.28752083127236,-4.187849484395166,0.5517841596699986,24.87440479001294,-20.43845898303794,3.45,1.64,242.0,81.4,50.0,90.6,2301,6.3,746851,621512,683737,663538,670156,621020,664023,643565,673548,54.22,,,,,,,,44,5,4-Seam Fastball,2,1,1,2,1,2,1,2,Standard,Standard,159,0.028,-0.095,71.3,6.5,,,0.095,88.0,1,-1,0.466,0.534,28,25,29,26,3,2,5.0,1.0,6.0,2,1.82,-0.05,-0.05,41.2,3.14535482974584,17.578972262111396,35.35429210649148,37.55689424430968,22.280968540845777,batter
SI,2024-07-24,90.9,2.17,6.0,"Mitchell, Garrett",669003,657006,,blocked_ball,,,,,14,,R,L,L,CHC,MIL,B,,,2,1,2024,1.18,0.77,0.3031576767841137,0.6215262181320726,,642715.0,694192.0,0,6,Top,,,,,,,-7.218661907356788,-132.04009139103758,-9.262413134461069,15.269661652751628,26.08260049000267,-21.398899285845197,3.33360913366742,1.64159523003934,,,,91.3,2349,6.5,746851,621512,683737,663538,670156,621020,664023,643565,673548,54.0,,,,,,,,44,4,Sinker,2,1,1,2,1,2,1,2,Strategic,Standard,153,-0.034,0.137,,,,,-0.137,,1,-1,0.5,0.5,28,25,29,26,3,2,5.0,1.0,6.0,2,1.98,1.18,1.18,42.1,,,,,,batter
FF,2024-07-24,89.4,2.35,5.99,"Mitchell, Garrett",669003,657006,,ball,,,,,11,,R,L,L,CHC,MIL,B,,,1,1,2024,0.03,1.16,-1.0534536457832693,2.9759921653935235,,642715.0,694192.0,0,6,Top,,,,,,,-8.447704571342136,-130.02706223895655,-3.911886444796274,1.9414711894927263,25.385217931381497,-18.317446989091508,3.27310652526675,1.66948961460165,,,,89.7,2288,6.4,746851,621512,683737,663538,670156,621020,664023,643565,673548,54.14,,,,,,,,44,3,4-Seam Fastball,2,1,1,2,1,2,1,2,Strategic,Standard,156,-0.015,0.053,,,,,-0.053,,1,-1,0.515,0.485,28,25,29,26,3,2,5.0,1.0,6.0,2,1.68,0.03,0.03,41.1,,,,,,batter
FF,2024-07-24,89.4,2.23,6.03,"Mitchell, Garrett",669003,657006,,ball,,,,,11,,R,L,L,CHC,MIL,B,,,0,1,2024,0.11,1.01,-1.2293543054060436,2.89191501602035,,642715.0,694192.0,0,6,Top,,,,,,,-8.75091328953919,-130.00481762453362,-3.910818103817646,2.9342007090903337,24.42856593545705,-20.0303211789423,3.27073471811456,1.6399973147447,,,,89.6,2339,6.2,746851,621512,683737,663538,670156,621020,664023,643565,673548,54.26,,,,,,,,44,2,4-Seam Fastball,2,1,1,2,1,2,1,2,Strategic,Standard,162,-0.008,0.034,,,,,-0.034,,1,-1,0.523,0.477,28,25,29,26,3,2,5.0,1.0,6.0,2,1.82,0.11,0.11,39.2,,,,,,batter
FF,2024-07-24,87.1,2.37,6.02,"Mitchell, Garrett",669003,657006,,foul_bunt,,,,,6,,R,L,L,CHC,MIL,S,,,0,0,2024,-0.08,0.96,0.2931722438164288,2.5883636908463337,,642715.0,694192.0,0,6,Top,,,,,,,-4.836286771791832,-126.84848874765004,-4.101486111466883,0.0556267827978539,23.804026994261708,-21.14042938324808,3.45,1.64,,,,87.5,2280,6.3,746851,621512,683737,663538,670156,621020,664023,643565,673548,54.18,,,,,,,,44,1,4-Seam Fastball,2,1,1,2,1,2,1,2,Strategic,Standard,167,0.012,-0.044,5.3,1.0,,,0.044,88.0,1,-1,0.511,0.489,28,25,29,26,3,2,5.0,1.0,6.0,2,2.02,-0.08,-0.08,40.9,28.03210128246109,18.686654135467094,31.56262057155075,36.00805966071974,18.327163722268377,batter
FF,2024-07-24,88.2,2.29,6.04,"Mitchell, Garrett",669003,657006,field_out,hit_into_play,,,,,8,Garrett Mitchell grounds out to first baseman Michael Busch.,R,L,L,CHC,MIL,X,3.0,ground_ball,2,0,2024,-0.06,0.65,0.253530348301195,2.137430234702322,,,,1,4,Top,155.51,169.19,,,,,-4.824529237132888,-128.50787192755212,-4.835843781604968,0.2235832083513951,22.727629875882688,-24.23451290729053,3.45,1.64,2.0,81.3,-43.0,88.7,2322,6.2,746851,621512,683737,663538,670156,621020,664023,643565,673548,54.3,0.093,0.133,0.0,1.0,0.0,0.0,2.0,29,3,4-Seam Fastball,2,1,1,2,1,2,1,2,Standard,Standard,162,0.03,-0.367,76.1,7.3,,0.1,0.367,88.0,1,-1,0.642,0.358,28,25,29,26,2,1,5.0,1.0,6.0,2,2.24,-0.06,-0.06,41.5,10.306043991894002,5.511221604809256,37.43176895616208,35.54157108872971,28.968889600500127,batter
SI,2024-07-24,91.0,2.31,5.96,"Mitchell, Garrett",669003,657006,,ball,,,,,13,,R,L,L,CHC,MIL,B,,,1,0,2024,0.99,0.61,-0.8585056964494981,1.9438172248646663,,,,1,4,Top,,,,,,,-10.05320453320855,-132.159400563024,-5.551101472347176,13.57939449746043,23.626525034730093,-24.02348220442374,3.42434809264633,1.64440891844248,,,,91.5,2294,6.3,746851,621512,683737,663538,670156,621020,664023,643565,673548,54.18,,,,,,,,29,2,Sinker,2,1,1,2,1,2,1,2,Standard,Standard,154,-0.007,0.072,,,,,-0.072,,1,-1,0.649,0.351,28,25,29,26,2,1,5.0,1.0,6.0,2,2.11,0.99,0.99,39.4,,,,,,batter
SI,2024-07-24,88.6,2.17,6.09,"Mitchell, Garrett",669003,657006,,ball,,,,,12,,R,L,L,CHC,MIL,B,,,0,0,2024,0.82,0.83,0.0419079127423444,3.729494254372356,,,,1,4,Top,,,,,,,-6.887957591048613,-128.9328791556061,-1.505386529625424,10.48037133882294,24.129233409313315,-22.69547766669386,3.42015243884773,1.63999919701494,,,,88.9,2208,6.3,746851,621512,683737,663538,670156,621020,664023,643565,673548,54.24,,,,,,,,29,1,Sinker,2,1,1,2,1,2,1,2,Standard,Standard,160,-0.003,0.039,,,,,-0.039,,1,-1,0.652,0.348,28,25,29,26,2,1,5.0,1.0,6.0,2,2.04,0.82,0.82,41.6,,,,,,batter
SL,2024-07-24,85.2,2.3,6.07,"Mitchell, Garrett",669003,657006,force_out,hit_into_play,,,,,7,"Garrett Mitchell grounds into a force out, first baseman Michael Busch to catcher Tomás Nido. Rhys Hoskins out at home. Willy Adames to 3rd. Jackson Chourio to 2nd. Garrett Mitchell to 1st.",R,L,L,CHC,MIL,X,3.0,ground_ball,0,2,2024,-0.97,0.2,-0.764793733719992,2.181713297483417,656555.0,642715.0,694192.0,1,1,Top,152.17,168.04,,,,,-5.244624054084476,-124.0047944950328,-3.237825064423317,-8.95407029744379,24.936243559930023,-29.652928484316853,3.45,1.64,4.0,63.3,-30.0,85.1,2729,6.2,746851,621512,683737,663538,670156,621020,664023,643565,673548,54.3,0.09,0.081,0.0,1.0,0.0,0.0,2.0,6,3,Slider,0,1,1,0,1,0,1,0,Standard,Standard,298,0.04,-0.173,67.8,7.9,,0.097,0.173,88.0,-1,1,0.342,0.658,28,25,29,26,1,0,5.0,1.0,6.0,2,2.94,-0.97,-0.97,43.8,20.69440341050037,-0.8250571926632715,31.39685139937905,46.631550864106906,33.13047701352069,batter
SL,2024-07-24,82.8,2.24,6.12,"Mitchell, Garrett",669003,657006,,called_strike,,,,,1,,R,L,L,CHC,MIL,S,,,0,1,2024,-1.04,-0.08,-0.7038006750788934,2.904209665538583,656555.0,642715.0,694192.0,1,1,Top,,,,,,,-4.674990167151388,-120.5022857462592,-0.676442092608665,-9.229461302351622,23.752650508254508,-33.038065680970455,3.38915766881316,1.63999739699113,,,,82.7,2550,6.3,746851,621512,683737,663538,670156,621020,664023,643565,673548,54.25,,,,,,,,6,2,Slider,0,1,1,0,1,0,1,0,Standard,Standard,302,0.016,-0.072,,,,,0.072,,-1,1,0.326,0.674,28,25,29,26,1,0,5.0,1.0,6.0,2,3.41,-1.04,-1.04,43.6,,,,,,batter
SI,2024-07-24,91.2,2.24,6.04,"Mitchell, Garrett",669003,657006,,called_strike,,,,,5,,R,L,L,CHC,MIL,S,,,0,0,2024,0.97,0.68,-0.0285974936643104,2.30080706999288,656555.0,642715.0,694192.0,1,1,Top,,,,,,,-7.802830483406341,-132.56853799078215,-4.998882707808246,13.075251230788613,26.45142139114588,-23.31844928226344,3.35556125509886,1.72798611120963,,,,91.6,2410,6.4,746851,621512,683737,663538,670156,621020,664023,643565,673548,54.09,,,,,,,,6,1,Sinker,0,1,1,0,1,0,1,0,Standard,Standard,162,0.01,-0.041,,,,,0.041,,-1,1,0.316,0.684,28,25,29,26,1,0,5.0,1.0,6.0,2,2.05,0.97,0.97,44.2,,,,,,batter
FS,2024-07-24,85.8,-1.13,5.87,"Mitchell, Garrett",669003,643410,strikeout,swinging_strike,,,,,14,Garrett Mitchell strikes out swinging.,R,L,R,CHC,MIL,S,2.0,,0,2,2024,-0.43,0.34,0.0622999375062267,1.1582368547565411,,,,0,8,Top,,,,,,,3.698813316834946,-124.90209544155876,-5.61492635734842,-5.189318381175863,24.19838732800645,-27.755644128596003,3.45,1.64,,,,86.5,738,6.6,746851,621512,683737,663538,670156,621020,664023,643565,673548,53.86,,0.0,0.0,1.0,0.0,0.0,,61,3,Split-Finger,2,2,2,2,2,2,2,2,Standard,Standard,226,0.028,-0.163,75.9,8.4,3.854304948,,0.163,,0,0,0.518,0.482,33,25,33,26,1,3,2.0,1.0,4.0,2,2.75,0.43,-0.43,54.2,22.576305406259696,-23.800248322173765,34.760390762585104,37.56333545599742,40.36991055869992,batter
FS,2024-07-24,84.5,-1.23,5.91,"Mitchell, Garrett",669003,643410,,swinging_strike,,,,,14,,R,L,R,CHC,MIL,S,,,0,1,2024,-0.78,0.57,0.0216106241493281,1.5105713530921108,,,,0,8,Top,,,,,,,4.531526847912012,-122.92354672613142,-5.050920444792217,-8.850507141093845,24.17958479680967,-25.62427564146789,3.45,1.64,,,,85.3,694,6.8,746851,621512,683737,663538,670156,621020,664023,643565,673548,53.7,,,,,,,,61,2,Split-Finger,2,2,2,2,2,2,2,2,Standard,Standard,230,0.011,-0.054,79.7,8.8,18.897754356,,0.054,,0,0,0.507,0.493,33,25,33,26,1,3,2.0,1.0,4.0,2,2.62,0.78,-0.78,51.1,28.86505433700965,-46.02100782288059,33.59667726845583,36.328842667159385,67.55155183205198,batter
CU,2024-07-24,72.5,-1.3,5.96,"Mitchell, Garrett",669003,643410,,missed_bunt,,,,,5,,R,L,R,CHC,MIL,S,,,0,0,2024,0.85,-1.48,0.1986796325868419,2.552059437550268,,,,0,8,Top,,,,,,,1.538990390595348,-105.38610462709734,3.3075514592399813,5.920040473138265,21.44753699009003,-44.0054864899153,3.45,1.64,,,,71.9,2388,6.3,746851,621512,683737,663538,670156,621020,664023,643565,673548,54.2,,,,,,,,61,1,Curveball,2,2,2,2,2,2,2,2,Standard,Standard,25,0.007,-0.037,16.0,1.6,,,0.037,,0,0,0.5,0.5,33,25,33,26,1,3,2.0,1.0,4.0,2,5.9,-0.85,0.85,53.7,-48.099539020456966,11.897807467908963,32.19661495801466,35.31871326284474,16.98350099264226,batter
FC,2024-07-23,86.3,-1.55,6.13,"Mitchell, Garrett",669003,592791,single,hit_into_play,,,,,12,"Brewers challenged (play at 1st), call on the field was overturned: Garrett Mitchell singles on a bunt ground ball to third baseman Christopher Morel.",R,L,R,CHC,MIL,X,5.0,ground_ball,1,1,2024,0.47,0.88,1.0553706431471754,3.1185383295010443,,,,0,6,Top,119.59,194.5,,,,,5.250948104323927,-125.768502711719,-2.821974636686273,4.074981075250262,22.76783337961608,-22.441031187580545,3.45,1.64,12.0,29.9,-8.0,87.0,2444,6.4,746848,665804,683737,663538,666624,621020,664023,691718,643565,54.11,0.342,0.315,0.9,1.0,1.0,0.0,1.0,39,3,Cutter,0,0,0,0,0,0,0,0,Standard,Standard,183,-0.055,0.132,,,,0.349,-0.132,88.0,0,0,0.502,0.498,32,25,33,26,2,1,9.0,1.0,6.0,1,2.15,-0.47,0.47,40.9,,,,,,batter
FF,2024-07-23,91.5,-1.46,6.1,"Mitchell, Garrett",669003,592791,,called_strike,,,,,1,,R,L,R,CHC,MIL,S,,,1,0,2024,-0.51,1.29,-0.8141920676367813,2.940854308469373,,,,0,6,Top,,,,,,,2.725349678914802,-133.3071238824644,-4.96048435117909,-6.629043106298608,26.891654776640795,-15.90454880088916,3.11430324617139,1.41643305556222,,,,92.2,2247,6.5,746848,665804,683737,663538,666624,621020,664023,691718,643565,54.0,,,,,,,,39,2,4-Seam Fastball,0,0,0,0,0,0,0,0,Standard,Standard,211,0.007,-0.049,,,,,0.049,,0,0,0.495,0.505,32,25,33,26,2,1,9.0,1.0,6.0,1,1.41,0.51,-0.51,43.8,,,,,,batter
CU,2024-07-23,79.5,-1.28,6.2,"Mitchell, Garrett",669003,592791,,ball,,,,,14,,R,L,R,CHC,MIL,B,,,0,0,2024,0.79,-0.6,0.1502904159718422,0.7676520657902834,,,,0,6,Top,,,,,,,1.6524500390645775,-115.72476601524956,-3.952235267387245,6.743414117885682,23.910496521808707,-36.95806346541554,3.06510759859948,1.33703825330167,,,,79.3,2704,6.4,746848,665804,683737,663538,666624,621020,664023,691718,643565,54.12,,,,,,,,39,1,Curveball,0,0,0,0,0,0,0,0,Standard,Standard,49,-0.005,0.038,,,,,-0.038,,0,0,0.5,0.5,32,25,33,26,2,1,9.0,1.0,6.0,1,4.24,-0.79,0.79,43.0,,,,,,batter
CU,2024-07-23,79.2,-1.43,6.29,"Mitchell, Garrett",669003,592791,grounded_into_double_play,hit_into_play,,,,,6,"Garrett Mitchell grounds into a double play, second baseman Nico Hoerner to shortstop Dansby Swanson to first baseman Michael Busch. Jackson Chourio out at 2nd. Garrett Mitchell out at 1st.",R,L,R,CHC,MIL,X,4.0,ground_ball,1,1,2024,0.8,-0.65,0.3174490099399863,2.4831358224007865,,,694192.0,0,3,Top,149.49,152.09,,,,,2.341653451598174,-115.41688148422166,-0.3058155247327507,6.648889759893139,22.18469239355804,-38.16114939456623,3.45,1.64,18.0,96.4,-7.0,79.3,2559,6.4,746848,665804,683737,663538,666624,621020,664023,691718,643565,54.13,0.27,0.292,0.0,1.0,0.0,0.0,2.0,19,3,Curveball,0,0,0,0,0,0,0,0,Standard,Standard,50,0.082,-0.345,78.2,7.1,,0.297,0.345,96.4,0,0,0.461,0.539,32,25,33,26,1,0,9.0,1.0,6.0,1,4.29,-0.8,0.8,44.1,12.784472431103936,11.131888014773434,35.80274107830512,34.31257167746695,29.19832925293136,batter
FC,2024-07-23,85.5,-1.69,6.19,"Mitchell, Garrett",669003,592791,,ball,,,,,11,,R,L,R,CHC,MIL,B,,,0,1,2024,0.0,0.64,-1.2082880404710254,2.7269277798058824,,,694192.0,0,3,Top,,,,,,,1.1526609130800356,-124.58138059287928,-3.1762173585196845,-0.2641142646119938,24.81160566333944,-25.11406966616208,3.44205633563858,1.62562974874475,,,,85.6,2365,6.2,746848,665804,683737,663538,666624,621020,664023,691718,643565,54.27,,,,,,,,19,2,Cutter,0,0,0,0,0,0,0,0,Standard,Standard,181,-0.004,0.034,,,,,-0.034,,0,0,0.465,0.535,32,25,33,26,1,0,9.0,1.0,6.0,1,2.47,0.0,0.0,40.5,,,,,,batter
FF,2024-07-23,91.4,-1.46,6.16,"Mitchell, Garrett",669003,592791,,called_strike,,,,,4,,R,L,R,CHC,MIL,S,,,0,0,2024,-0.76,1.35,-0.6844705830262301,2.349952834995418,,,694192.0,0,3,Top,,,,,,,3.613022882893497,-133.03934990271753,-6.6814221089782775,-9.842780994512689,27.990138441681022,-14.872484418838024,3.51045739993887,1.63299590473877,,,,91.8,2179,6.5,746848,665804,683737,663538,666624,621020,664023,691718,643565,54.04,,,,,,,,19,1,4-Seam Fastball,0,0,0,0,0,0,0,0,Strategic,Standard,218,0.006,-0.042,,,,,0.042,,0,0,0.459,0.541,32,25,33,26,1,0,9.0,1.0,6.0,1,1.37,0.76,-0.76,39.3,,,,,,batter
CH,2024-07-23,79.1,-1.62,6.22,"Mitchell, Garrett",669003,657240,strikeout,called_strike,,,,,13,Garrett Mitchell called out on strikes.,R,L,R,CHC,MIL,S,2.0,,2,2,2024,-0.83,1.07,-0.926881211542491,2.0311844041300247,641343.0,,,1,8,Top,,,,,,,3.065883325937376,-115.13191510097045,-4.325690809763399,-7.94990695026658,21.774396980733897,-22.03850503687485,3.29695723016875,1.66135645917675,,,,79.0,1435,6.3,746848,665804,683737,663538,666624,621020,664023,691718,643565,54.23,,0.0,0.0,1.0,0.0,0.0,,54,5,Changeup,0,0,0,0,0,0,0,0,Strategic,Standard,226,0.121,-0.344,,,,,0.344,,0,0,0.395,0.605,32,25,33,26,1,2,109.0,1.0,4.0,1,2.57,0.83,-0.83,59.3,,,,,,batter
SL,2024-07-23,83.9,-1.86,6.18,"Mitchell, Garrett",669003,657240,,ball,,,,,11,,R,L,R,CHC,MIL,B,,,1,2,2024,-0.1,-0.32,-1.9524455101498055,3.4186858105162563,641343.0,,,1,8,Top,,,,,,,-0.0149101425921844,-122.28856330128352,0.6004788415835662,-0.9920637300738586,22.54440175511354,-35.735848465004906,3.31624667218922,1.55470894258178,,,,84.4,2165,6.4,746848,665804,683737,663538,666624,621020,664023,691718,643565,54.14,,,,,,,,54,4,Slider,0,0,0,0,0,0,0,0,Strategic,Standard,46,-0.022,0.026,,,,,-0.026,,0,0,0.417,0.583,32,25,33,26,1,2,109.0,1.0,4.0,1,3.53,0.1,-0.1,55.6,,,,,,batter
SL,2024-07-23,84.0,-1.89,6.23,"Mitchell, Garrett",669003,657240,,foul_bunt,,,,,5,,R,L,R,CHC,MIL,S,,,1,1,2024,0.06,-0.42,0.0400754301073342,2.4243425435245936,641343.0,,,1,8,Top,,,,,,,4.381227142289666,-122.34418183716156,-1.6176969134269417,-0.2032770297521877,23.08963840439407,-36.32805334112189,3.45,1.64,,,,84.7,2324,6.6,746848,665804,683737,663538,666624,621020,664023,691718,643565,53.9,,,,,,,,54,3,Slider,0,0,0,0,0,0,0,0,Strategic,Standard,35,0.036,-0.114,10.0,1.4,,,0.114,,0,0,0.381,0.619,32,25,33,26,1,2,109.0,1.0,4.0,1,3.64,-0.06,0.06,56.2,-44.60118396674593,-2.505812501833005,24.973760163813356,38.69916532850555,19.365888915115196,batter
FF,2024-07-23,96.3,-1.95,6.09,"Mitchell, Garrett",669003,657240,,foul,,,,,2,,R,L,R,CHC,MIL,S,,,1,0,2024,-0.44,1.53,0.2021145118144302,3.358944296525527,641343.0,,,1,8,Top,,,,,,,6.748468001324107,-140.1646272133295,-5.191832016093684,-7.323031902063438,30.32291824726999,-11.021337392615672,3.45,1.64,153.0,83.0,73.0,97.0,2309,6.6,746848,665804,683737,663538,666624,621020,664023,691718,643565,53.9,,,,,,,,54,2,4-Seam Fastball,0,0,0,0,0,0,0,0,Strategic,Standard,203,0.009,-0.062,69.7,7.0,,,0.062,88.0,0,0,0.372,0.628,32,25,33,26,1,2,109.0,1.0,4.0,1,0.92,0.44,-0.44,51.0,14.243612930752745,6.759109749739232,28.019461422080543,36.45652594934745,24.84443194346365,batter
SL,2024-07-23,84.2,-1.84,6.19,"Mitchell, Garrett",669003,657240,,ball,,,,,11,,R,L,R,CHC,MIL,B,,,0,0,2024,0.03,-0.25,-1.157938250926141,3.747252225087325,641343.0,,,1,8,Top,,,,,,,1.5246391946685118,-122.73563087379662,1.1120721124868984,0.0650830320215722,21.732600720788184,-35.09969565569007,3.16956363915177,1.47244895722692,,,,84.5,2182,6.2,746848,665804,683737,663538,666624,621020,664023,691718,643565,54.33,,,,,,,,54,1,Slider,0,0,0,0,0,0,0,0,Strategic,Standard,26,-0.002,0.038,,,,,-0.038,,0,0,0.374,0.626,32,25,33,26,1,2,109.0,1.0,4.0,1,3.43,-0.03,0.03,57.0,,,,,,batter
FF,2024-07-22,91.7,-1.68,6.06,"Mitchell, Garrett",669003,665871,field_out,hit_into_play,,,,,6,"Garrett Mitchell grounds out, second baseman Nico Hoerner to first baseman Michael Busch.",R,L,R,CHC,MIL,X,4.0,ground_ball,0,0,2024,-0.14,1.26,0.3780408181471614,2.232209366238739,,,,0,3,Top,149.1,132.61,,,,,5.528858498654088,-133.30586129209723,-6.548048889947035,-2.897982808181114,28.33483535384893,-15.976400707283752,3.46,1.64,6.0,97.1,-22.0,92.0,2136,6.5,746850,665804,683737,663538,670156,621020,664023,691718,673548,53.97,0.169,0.171,0.0,1.0,0.0,0.0,2.0,16,1,4-Seam Fastball,0,0,0,0,0,0,0,0,Standard,Standard,206,0.025,-0.254,76.7,7.0,,0.176,0.254,97.1,0,0,0.5,0.5,26,25,27,26,1,0,9.0,1.0,6.0,1,1.46,0.14,-0.14,56.8,9.46795274901184,20.0933644329144,35.283825527268526,32.403730026662416,24.827711013928884,batter
FF,2024-07-22,90.7,-3.9,4.55,"Mitchell, Garrett",669003,668338,strikeout,called_strike,,,,,11,Garrett Mitchell called out on strikes.,R,L,R,CHC,MIL,S,2.0,,3,2,2024,-0.16,0.7,-0.616650726329003,3.560549846204667,,687401.0,,2,6,Top,,,,,,,8.705587019551174,-131.9728817796252,1.949165763433225,-3.486335947821372,25.10378216876469,-24.4871946710579,3.33137013641019,1.63353090957161,,,,92.7,2196,7.2,746850,665804,683737,663538,670156,621020,664023,691718,673548,53.28,,0.0,0.0,1.0,0.0,0.0,,48,7,4-Seam Fastball,2,0,0,2,0,2,0,2,Standard,Standard,215,0.044,-0.298,,,,,0.298,,2,-2,0.801,0.199,28,25,29,26,1,2,2.0,1.0,2.0,1,2.04,0.16,-0.16,13.9,,,,,,batter
FF,2024-07-22,91.4,-3.72,4.53,"Mitchell, Garrett",669003,668338,,foul,,,,,14,,R,L,R,CHC,MIL,S,,,3,2,2024,-0.18,0.92,1.06557757971885,1.8791238679653288,,687401.0,,2,6,Top,,,,,,,12.702623249819665,-132.50723582203727,-2.801755420516648,-4.689725570167355,26.986155311411164,-20.931291548199315,3.46,1.64,5.0,77.6,-20.0,93.4,2251,7.6,746850,665804,683737,663538,670156,621020,664023,691718,673548,52.94,,,,,,,,48,6,4-Seam Fastball,2,0,0,2,0,2,0,2,Standard,Standard,226,0.0,0.0,76.2,7.0,,,0.0,88.0,2,-2,0.801,0.199,28,25,29,26,1,2,2.0,1.0,2.0,1,1.82,0.18,-0.18,15.9,-0.3553133877458195,8.94099863479859,38.307227927401925,23.530947059336448,24.49419115186017,batter
CU,2024-07-22,78.2,-3.76,4.55,"Mitchell, Garrett",669003,668338,,ball,,,,,14,,R,L,R,CHC,MIL,B,,,2,2,2024,1.46,-0.22,1.3052456785973798,1.6235301437545426,,687401.0,,2,6,Top,,,,,,,8.35699265965524,-113.56594069033903,1.0848071746925845,10.93049475322925,22.52720042541314,-34.53084763674984,3.2800609821344,1.66877682477539,,,,79.2,2632,7.3,746850,665804,683737,663538,670156,621020,664023,691718,673548,53.21,,,,,,,,48,5,Curveball,2,0,0,2,0,2,0,2,Standard,Standard,68,-0.009,0.049,,,,,-0.049,,2,-2,0.81,0.19,28,25,29,26,1,2,2.0,1.0,2.0,1,3.99,-1.46,1.46,13.7,,,,,,batter
FF,2024-07-22,89.3,-3.9,4.63,"Mitchell, Garrett",669003,668338,,ball,,,,,11,,R,L,R,CHC,MIL,B,,,1,2,2024,-0.08,0.87,-1.0530650885301496,4.824963814446869,,687401.0,,2,6,Top,,,,,,,7.300949490106936,-129.84682898845614,4.743783087893648,-2.3444502339000177,25.92908973239431,-23.4961952334783,3.28227689332515,1.67096812910376,,,,91.0,2226,7.2,746850,665804,683737,663538,670156,621020,664023,691718,673548,53.27,,,,,,,,48,4,4-Seam Fastball,2,0,0,2,0,2,0,2,Standard,Standard,210,-0.006,0.037,,,,,-0.037,,2,-2,0.816,0.184,28,25,29,26,1,2,2.0,1.0,2.0,1,1.98,0.08,-0.08,15.6,,,,,,batter
CH,2024-07-22,86.2,-3.86,4.51,"Mitchell, Garrett",669003,668338,,foul,,,,,8,,R,L,R,CHC,MIL,S,,,1,1,2024,-0.98,0.45,0.1180477674475897,1.5518027608346152,,687401.0,,2,6,Top,,,,,,,11.644039132596976,-124.9815647295243,-1.6946306799782196,-12.632878834074225,24.7516888190295,-27.29862037674386,3.46,1.64,4.0,77.9,-23.0,87.5,1965,7.3,746850,665804,683737,663538,670156,621020,664023,691718,673548,53.21,,,,,,,,48,3,Changeup,2,0,0,2,0,2,0,2,Standard,Standard,237,0.01,-0.06,74.3,8.0,,,0.06,88.0,2,-2,0.806,0.194,28,25,29,26,1,2,2.0,1.0,2.0,1,2.63,0.98,-0.98,13.7,10.559625507124284,-7.259410115477544,38.65942535573087,34.50040383301766,35.605556561454634,batter
FF,2024-07-22,88.9,-3.74,4.51,"Mitchell, Garrett",669003,668338,,called_strike,,,,,1,,R,L,R,CHC,MIL,S,,,1,0,2024,-0.05,0.64,-0.2837731095915425,3.062849683940133,,687401.0,,2,6,Top,,,,,,,8.727349637723956,-129.2527412168098,1.1649560409259092,-2.2253212304269474,25.311581186403902,-25.42453190431023,3.36988363142029,1.63929695468833,,,,90.8,2127,7.4,746850,665804,683737,663538,670156,621020,664023,691718,673548,53.15,,,,,,,,48,2,4-Seam Fastball,2,0,0,2,0,2,0,2,Standard,Standard,209,0.004,-0.043,,,,,0.043,,2,-2,0.802,0.198,28,25,29,26,1,2,2.0,1.0,2.0,1,2.24,0.05,-0.05,13.9,,,,,,batter
ST,2024-07-22,81.1,-4.08,4.49,"Mitchell, Garrett",669003,668338,,ball,,,,,11,,R,L,R,CHC,MIL,B,,,0,0,2024,0.93,1.01,-1.0003223007208653,2.754982209208525,,687401.0,,2,6,Top,,,,,,,5.181000646434983,-118.07336665889488,0.7457954463048686,7.9422815027737235,19.728109563678128,-22.93344720458798,3.40107630594034,1.69894774587038,,,,82.9,2473,7.2,746850,665804,683737,663538,670156,621020,664023,691718,673548,53.35,,,,,,,,48,1,Sweeper,2,0,0,2,0,2,0,2,Standard,Standard,99,-0.002,0.014,,,,,-0.014,,2,-2,0.804,0.196,28,25,29,26,1,2,2.0,1.0,2.0,1,2.42,-0.93,0.93,14.0,,,,,,batter
FF,2024-07-22,93.5,-1.43,6.22,"Mitchell, Garrett",669003,593576,double,hit_into_play,,,,,5,Garrett Mitchell doubles (3) on a fly ball to left fielder Ian Happ.,R,L,R,CHC,MIL,X,7.0,fly_ball,0,1,2024,-1.11,1.39,0.2602447946688115,2.460070947400827,,,,1,9,Top,76.84,68.74,,,,,6.765972274573932,-135.79467082864403,-6.918832171927086,-15.26349071892922,31.21413595787481,-13.663833848360891,3.46,1.64,345.0,96.3,27.0,92.7,2484,6.0,746850,665804,683737,663538,623520,621020,664023,691718,673548,54.46,0.258,0.4556,1.25,1.0,1.0,1.0,5.0,70,2,4-Seam Fastball,3,1,1,3,1,3,1,3,Standard,Standard,215,-0.066,0.694,72.2,7.1,,0.855,-0.694,96.3,2,-2,0.967,0.033,35,25,35,26,1,3,1.0,1.0,2.0,1,1.24,1.11,-1.11,43.6,8.642341468760632,7.681657136836889,36.29694794054424,33.77869464231368,27.596456270902344,batter
FF,2024-07-22,93.1,-1.51,6.11,"Mitchell, Garrett",669003,593576,,called_strike,,,,,1,,R,L,R,CHC,MIL,S,,,0,0,2024,-1.02,1.44,-0.3910863274150561,3.3019254198946792,,,,1,9,Top,,,,,,,5.089075424216976,-135.47696507235915,-4.546202888906919,-13.670856195673696,31.27950339303009,-13.65093270522326,3.37092265553455,1.55088337715554,,,,92.5,2498,6.1,746850,665804,683737,663538,623520,621020,664023,691718,673548,54.43,,,,,,,,70,1,4-Seam Fastball,3,1,1,3,1,3,1,3,Standard,Standard,218,0.004,-0.037,,,,,0.037,,2,-2,0.963,0.037,35,25,35,26,1,3,1.0,1.0,2.0,1,1.2,1.02,-1.02,37.0,,,,,,batter
SI,2024-07-22,91.2,1.3,6.82,"Mitchell, Garrett",669003,592767,single,hit_into_play,,,,,5,Garrett Mitchell singles on a line drive to right fielder Seiya Suzuki. Rhys Hoskins to 3rd. Joey Ortiz to 2nd.,R,L,L,CHC,MIL,X,9.0,line_drive,1,0,2024,0.4,1.54,-0.0653987053311004,2.451148277193212,,656555.0,687401.0,1,4,Top,181.93,121.08,,,,,-4.25883937034558,-132.56895228069249,-8.31492807193746,5.610476540425156,28.87452264849181,-12.418545863885974,3.46,1.64,156.0,84.8,13.0,90.5,2267,6.0,746850,665804,683737,663538,670156,621020,664023,691718,673548,54.54,0.8,0.776,0.9,1.0,1.0,0.0,4.0,30,2,Sinker,1,0,0,1,0,1,0,1,Standard,Standard,148,-0.069,0.45,77.6,8.4,,0.964,-0.45,88.0,1,-1,0.562,0.438,35,25,35,26,1,1,2.0,1.0,7.0,1,1.21,0.4,0.4,55.5,19.451364381572947,-14.321241360924336,33.0831465905154,39.86906257397536,43.23234847453983,batter
SI,2024-07-22,91.5,1.29,6.85,"Mitchell, Garrett",669003,592767,,ball,,,,,13,,R,L,L,CHC,MIL,B,,,0,0,2024,-0.02,1.52,-1.184352320468346,1.595572107579471,,656555.0,687401.0,1,4,Top,,,,,,,-6.137804390428175,-132.81420487884606,-10.54460436695499,1.1075746827334516,29.23371461585779,-12.016049298752815,3.32465406485466,1.70017251606563,,,,90.7,2047,6.0,746850,665804,683737,663538,670156,621020,664023,691718,673548,54.5,,,,,,,,30,1,Sinker,1,0,0,1,0,1,0,1,Standard,Standard,154,-0.008,0.03,,,,,-0.03,,1,-1,0.57,0.43,35,25,35,26,1,1,2.0,1.0,7.0,1,1.22,-0.02,-0.02,57.3,,,,,,batter
FF,2024-07-21,93.4,-2.66,4.56,"Mitchell, Garrett",669003,657746,field_out,hit_into_play,,,,,3,Garrett Mitchell flies out to left fielder Austin Martin.,R,L,R,MIN,MIL,X,7.0,fly_ball,0,2,2024,-0.91,1.06,0.4535401479060743,2.9034361775249744,642715.0,687401.0,,2,6,Top,84.47,106.84,,,,,10.117850716675765,-135.55877802398123,-0.7909749755575585,-13.576892461203354,31.425145193500168,-19.14579184752923,3.45,1.64,253.0,80.6,47.0,93.9,2329,6.9,745882,543877,467793,666397,686797,650489,668885,621439,596146,53.62,0.018,0.017,0.0,1.0,0.0,0.0,3.0,48,3,4-Seam Fastball,5,4,4,5,4,5,4,5,Standard,Standard,230,0.058,-0.182,73.3,6.5,,0.021,0.182,88.0,1,-1,0.682,0.318,28,25,28,26,3,2,9.0,1.0,6.0,1,1.57,0.91,-0.91,21.0,7.231967106125024,8.889534525942308,31.35464817080642,29.1643583876292,25.21473883069444,batter
FF,2024-07-21,93.3,-2.52,4.7,"Mitchell, Garrett",669003,657746,,called_strike,,,,,9,,R,L,R,MIN,MIL,S,,,0,1,2024,-0.9,1.1,0.5630487553089939,2.0228585636158414,642715.0,,687401.0,2,6,Top,,,,,,,9.946063669265458,-135.42610358831897,-3.5193261553926667,-13.312223072269305,30.42309831976192,-18.04861859452073,3.53929999418673,1.63999904069307,,,,93.5,2331,6.6,745882,543877,467793,666397,686797,650489,668885,621439,596146,53.86,,,,,,,,48,2,4-Seam Fastball,5,4,4,5,4,5,4,5,Strategic,Standard,227,0.011,-0.082,,,,,0.082,,1,-1,0.671,0.329,28,25,28,26,3,2,9.0,1.0,6.0,1,1.54,0.9,-0.9,20.4,,,,,,batter
FF,2024-07-21,93.1,-2.58,4.59,"Mitchell, Garrett",669003,657746,,swinging_strike,,,,,3,,R,L,R,MIN,MIL,S,,,0,0,2024,-1.01,1.08,0.6790007807337208,3.057564165848257,642715.0,,687401.0,2,6,Top,,,,,,,10.729121265938783,-135.18211674165565,-0.4800316042490287,-14.718230491537826,30.088622428172577,-19.07829708192591,3.45,1.64,,,,94.2,2309,7.1,745882,543877,467793,666397,686797,650489,668885,621439,596146,53.4,,,,,,,,48,1,4-Seam Fastball,5,4,4,5,4,5,4,5,Strategic,Standard,225,0.012,-0.046,72.3,6.0,0.90054396,,0.046,,1,-1,0.659,0.341,28,25,28,26,3,2,9.0,1.0,6.0,1,1.57,1.01,-1.01,25.9,-4.393878956174494,24.88304639722981,34.92447996616185,28.595534664207875,15.317159334885217,batter
FF,2024-07-21,91.9,-2.53,4.75,"Mitchell, Garrett",669003,657746,single,hit_into_play,,,,,5,Garrett Mitchell singles on a bunt ground ball to pitcher Joe Ryan. Joey Ortiz to 2nd.,R,L,R,MIN,MIL,X,1.0,ground_ball,0,0,2024,-0.92,1.04,0.2264307992390531,2.559670799615916,,,687401.0,1,5,Top,119.61,190.32,,,,,9.051524921885022,-133.69241341053387,-2.0175617095968184,-12.878254872061763,25.258632698757246,-19.427325617901044,3.45,1.64,,,,93.1,2336,6.7,745882,543877,467793,666397,686797,650489,668885,621439,596146,53.78,,,0.9,,1.0,0.0,,34,1,4-Seam Fastball,3,1,1,3,1,3,1,3,Standard,Standard,225,-0.052,0.092,5.6,1.1,,,-0.092,,2,-2,0.747,0.253,28,25,28,26,2,1,9.0,1.0,6.0,1,1.64,0.92,-0.92,27.6,-46.43823938786608,-156.4855558373111,23.44830999620434,34.48205750832898,19.13141739771358,batter
FF,2024-07-21,92.8,-2.59,4.72,"Mitchell, Garrett",669003,657746,strikeout,swinging_strike,,,,,12,Garrett Mitchell strikes out swinging.,R,L,R,MIN,MIL,S,2.0,,0,2,2024,-1.07,1.16,0.0252105696167617,3.696711295138284,,,,0,3,Top,,,,,,,9.107015548797811,-134.83594651928516,0.6760131061208523,-15.06969933503417,29.80831177438791,-18.38869464888279,3.45,1.64,,,,93.3,2400,6.7,745882,543877,467793,666397,686797,650489,668885,621439,596146,53.78,,0.0,0.0,1.0,0.0,0.0,,18,3,4-Seam Fastball,2,0,0,2,0,2,0,2,Standard,Standard,231,0.014,-0.163,47.8,5.0,0.842528472,,0.163,,2,-2,0.722,0.278,28,25,28,26,1,0,9.0,1.0,6.0,1,1.5,1.07,-1.07,21.4,-2.0856212028394703,44.11347433410326,29.264786986243685,34.28425687354912,3.2511851110984606,batter
FF,2024-07-21,93.0,-2.55,4.81,"Mitchell, Garrett",669003,657746,,swinging_strike,,,,,3,,R,L,R,MIN,MIL,S,,,0,1,2024,-0.92,1.13,0.3308031770998599,3.327413710604941,,,,0,3,Top,,,,,,,9.422689530323638,-135.1077399948366,-0.4949663614654194,-13.273218537260254,28.98873010917752,-18.39159970143141,3.45,1.64,,,,93.3,2411,6.5,745882,543877,467793,666397,686797,650489,668885,621439,596146,53.97,,,,,,,,18,2,4-Seam Fastball,2,0,0,2,0,2,0,2,Standard,Standard,230,0.006,-0.054,72.8,5.9,0.964435752,,0.054,,2,-2,0.716,0.284,28,25,28,26,1,0,9.0,1.0,6.0,1,1.51,0.92,-0.92,25.9,-2.9386320023015964,31.7177435609187,34.05886399373745,31.004312011139177,11.538922106289984,batter
FF,2024-07-21,92.8,-2.52,4.84,"Mitchell, Garrett",669003,657746,,called_strike,,,,,5,,R,L,R,MIN,MIL,S,,,0,0,2024,-1.02,1.12,0.2626091354790254,2.7354082448875925,,,,0,3,Top,,,,,,,9.408125797660071,-134.93135457668208,-2.0583378832474333,-14.453178232558312,28.651291244365968,-18.227047365438978,3.53794412442252,1.64000156458219,,,,93.4,2367,6.7,745882,543877,467793,666397,686797,650489,668885,621439,596146,53.85,,,,,,,,18,1,4-Seam Fastball,2,0,0,2,0,2,0,2,Standard,Standard,231,0.004,-0.037,,,,,0.037,,2,-2,0.712,0.288,28,25,28,26,1,0,9.0,1.0,6.0,1,1.53,1.02,-1.02,28.5,,,,,,batter
CH,2024-07-21,91.9,-0.64,5.51,"Mitchell, Garrett",669003,643377,strikeout,swinging_strike,,,,,7,Garrett Mitchell strikes out swinging.,R,L,R,MIN,MIL,S,2.0,,0,2,2024,-1.39,-0.03,-0.67355223189446,1.9012248479726352,,,,2,8,Top,,,,,,,2.933166152367768,-133.79360992191184,-3.223312890490086,-17.32273527707603,30.408050772514425,-31.99877131513758,3.45,1.64,,,,92.0,1942,6.4,745882,543877,467793,666397,686797,650489,668885,621439,596146,54.07,,0.0,0.0,1.0,0.0,0.0,,66,3,Changeup,5,7,7,5,7,5,7,5,Standard,Standard,231,0.004,-0.157,71.0,7.9,0.305736768,,0.157,,-2,2,0.163,0.837,29,25,30,26,1,3,1.0,1.0,2.0,1,2.74,1.39,-1.39,45.9,14.102867782047335,-0.7140909921127988,30.275595030438865,44.15224681286447,26.974259955216247,batter
FF,2024-07-21,95.9,-0.62,5.59,"Mitchell, Garrett",669003,643377,,foul,,,,,12,,R,L,R,MIN,MIL,S,,,0,1,2024,-0.52,1.1,0.3200094104960643,3.6658832008411393,,,,2,8,Top,,,,,,,3.6732385944274712,-139.8332703302377,-2.0770089152094053,-7.599741361816068,27.91470428630276,-17.341681700153842,3.45,1.64,240.0,77.5,28.0,96.7,2423,6.4,745882,543877,467793,666397,686797,650489,668885,621439,596146,54.13,,,,,,,,66,2,4-Seam Fastball,5,7,7,5,7,5,7,5,Strategic,Standard,207,0.002,-0.058,70.0,5.9,,,0.058,88.0,-2,2,0.161,0.839,29,25,30,26,1,3,1.0,1.0,2.0,1,1.34,0.52,-0.52,48.1,5.176586184674093,26.079658283134364,25.26738167893306,32.85703780491565,15.275387392636762,batter
FF,2024-07-21,96.1,-0.51,5.58,"Mitchell, Garrett",669003,643377,,foul,,,,,2,,R,L,R,MIN,MIL,S,,,0,0,2024,-0.54,1.24,-0.0999977694002949,3.540487135759548,,,,2,8,Top,,,,,,,2.315305392385882,-139.98527981177065,-2.6666094351214875,-7.674869337859264,29.9662043415621,-15.46445078401219,3.45,1.64,262.0,85.7,51.0,96.6,2439,6.4,745882,543877,467793,666397,686797,650489,668885,621439,596146,54.1,,,,,,,,66,1,4-Seam Fastball,5,7,7,5,7,5,7,5,Strategic,Standard,207,0.001,-0.041,70.1,6.3,,,0.041,88.0,-2,2,0.16,0.84,29,25,30,26,1,3,1.0,1.0,2.0,1,1.21,0.54,-0.54,49.0,6.70795573271994,25.81472884802031,26.52105623763653,37.57102987939614,14.226047210702056,batter
FF,2024-07-20,94.2,-1.77,5.34,"Mitchell, Garrett",669003,641154,strikeout,called_strike,,,,,8,Garrett Mitchell called out on strikes.,R,L,R,MIN,MIL,S,2.0,,3,2,2024,-0.51,1.1,-0.022865847892317,1.552386121102191,,642715.0,,2,7,Top,,,,,,,5.801229080506801,-137.06678194100246,-6.7523286297031095,-7.689833786452744,28.560332942297205,-16.96546488063055,3.45379236344704,1.44013951863566,,,,96.3,2197,7.4,745880,680777,467793,666397,686797,650489,670242,621439,596146,53.11,,0.0,0.0,1.0,0.0,0.0,,48,8,4-Seam Fastball,0,1,1,0,1,0,1,0,Standard,Standard,219,0.041,-0.298,,,,,0.298,,-1,1,0.323,0.677,28,25,28,26,3,2,10.0,6.0,6.0,1,1.45,0.51,-0.51,33.0,,,,,,batter
ST,2024-07-20,82.7,-1.86,5.38,"Mitchell, Garrett",669003,641154,,foul,,,,,9,,R,L,R,MIN,MIL,S,,,3,2,2024,1.29,-0.4,0.4335019816845908,2.119275491225255,,642715.0,,2,7,Top,,,,,,,2.745434972928766,-120.53079579867612,-0.1530490841556748,12.07473736811936,23.243174903961016,-36.297586886107645,3.43,1.65,4.0,66.4,-27.0,84.2,2476,7.2,745880,680777,467793,666397,686797,650489,670242,621439,596146,53.34,,,,,,,,48,7,Sweeper,0,1,1,0,1,0,1,0,Standard,Standard,43,0.0,0.0,76.8,8.1,,,0.0,88.0,-1,1,0.323,0.677,28,25,28,26,3,2,10.0,6.0,6.0,1,3.72,-1.29,1.29,30.8,18.141279210199286,-18.56739109643926,33.25691934751232,29.52546549891783,36.68452074024841,batter
FF,2024-07-20,95.8,-1.79,5.46,"Mitchell, Garrett",669003,641154,,foul,,,,,4,,R,L,R,MIN,MIL,S,,,3,2,2024,-0.63,0.87,-0.6703218087104962,2.74961383751059,,642715.0,,2,7,Top,,,,,,,4.464427496559922,-139.6033613313838,-3.680546860108149,-9.164914705033771,26.28291712830181,-20.109132502289818,3.43,1.65,267.0,86.8,25.0,98.5,2199,7.4,745880,680777,467793,666397,686797,650489,670242,621439,596146,53.12,,,,,,,,48,6,4-Seam Fastball,0,1,1,0,1,0,1,0,Standard,Standard,217,0.0,0.0,67.9,5.8,,,0.0,88.0,-1,1,0.323,0.677,28,25,28,26,3,2,10.0,6.0,6.0,1,1.57,0.63,-0.63,33.9,-13.622851982969676,43.11606966813008,30.550502344608912,42.97356986156403,2.571967131979634,batter
CH,2024-07-20,89.1,-1.61,5.48,"Mitchell, Garrett",669003,641154,,ball,,,,,14,,R,L,R,MIN,MIL,B,,,2,2,2024,-1.02,0.56,0.6472369772137612,1.1056548835959663,,642715.0,,2,7,Top,,,,,,,7.843532337125201,-129.67298357136576,-6.104934262619232,-13.02305693579659,22.02923071575149,-24.86514160764253,3.40455526508733,1.48937909591621,,,,91.5,2132,7.3,745880,680777,467793,666397,686797,650489,670242,621439,596146,53.2,,,,,,,,48,5,Changeup,0,1,1,0,1,0,1,0,Standard,Standard,234,-0.007,0.049,,,,,-0.049,,-1,1,0.33,0.67,28,25,28,26,3,2,10.0,6.0,6.0,1,2.27,1.02,-1.02,36.4,,,,,,batter
ST,2024-07-20,85.7,-1.85,5.49,"Mitchell, Garrett",669003,641154,,foul,,,,,12,,R,L,R,MIN,MIL,S,,,2,1,2024,0.88,0.24,0.8302217670743988,3.2317814980418333,,642715.0,,2,7,Top,,,,,,,4.6062004901627125,-124.7162992062385,0.4848588712485318,8.23505477661575,25.80426687172608,-29.947327049448692,3.43,1.65,,,,86.8,2413,7.1,745880,680777,467793,666397,686797,650489,670242,621439,596146,53.42,,,,,,,,48,4,Sweeper,0,1,1,0,1,0,1,0,Standard,Standard,47,0.007,-0.062,73.1,6.2,,,0.062,,-1,1,0.323,0.677,28,25,28,26,3,2,10.0,6.0,6.0,1,2.87,-0.88,0.88,37.2,2.805423699453272,19.7695409890265,32.4683870108628,24.79927313397529,22.568723398169084,batter
FF,2024-07-20,95.3,-1.73,5.49,"Mitchell, Garrett",669003,641154,,ball,,,,,1,,R,L,R,MIN,MIL,B,,,1,1,2024,-0.45,1.05,-0.589946923663069,3.4040265013873965,,642715.0,,2,7,Top,,,,,,,4.07566653918339,-138.84009411828583,-2.288976989363115,-6.647331565167371,28.550746484868142,-18.245942344239904,3.47005660985903,1.68584281330235,,,,97.5,2227,7.3,745880,680777,467793,666397,686797,650489,670242,621439,596146,53.2,,,,,,,,48,3,4-Seam Fastball,0,1,1,0,1,0,1,0,Standard,Standard,217,-0.003,0.039,,,,,-0.039,,-1,1,0.326,0.674,28,25,28,26,3,2,10.0,6.0,6.0,1,1.44,0.45,-0.45,34.4,,,,,,batter
FF,2024-07-20,95.3,-1.79,5.47,"Mitchell, Garrett",669003,641154,,foul,,,,,2,,R,L,R,MIN,MIL,S,,,1,0,2024,-0.65,1.13,-0.2760207604043669,3.271269424368874,,642715.0,,2,7,Top,,,,,,,5.539276087673352,-138.88340581276438,-2.799924787433284,-9.537372509856274,27.539824032957117,-17.053147109784547,3.43,1.65,,,,97.7,2205,7.3,745880,680777,467793,666397,686797,650489,670242,621439,596146,53.22,,,,,,,,48,2,4-Seam Fastball,0,1,1,0,1,0,1,0,Standard,Standard,218,0.003,-0.043,73.1,6.0,,,0.043,,-1,1,0.323,0.677,28,25,28,26,3,2,10.0,6.0,6.0,1,1.35,0.65,-0.65,34.6,3.133128347552386,30.81946003742276,31.29848527946057,37.40387620307902,14.394423866181397,batter
CU,2024-07-20,82.9,-1.43,5.78,"Mitchell, Garrett",669003,641154,,ball,,,,,7,,R,L,R,MIN,MIL,B,,,0,0,2024,0.89,-0.89,-0.7958015473381354,1.6967400941300754,,642715.0,,2,7,Top,,,,,,,-0.2827683434560042,-120.77057216356728,-1.1345449088163428,8.725928403512974,23.21397768927668,-40.85184632819046,3.48805252565218,1.60580620926383,,,,84.3,2659,7.1,745880,680777,467793,666397,686797,650489,670242,621439,596146,53.42,,,,,,,,48,1,Curveball,0,1,1,0,1,0,1,0,Standard,Standard,37,-0.001,0.014,,,,,-0.014,,-1,1,0.324,0.676,28,25,28,26,3,2,10.0,6.0,6.0,1,4.19,-0.89,0.89,42.2,,,,,,batter
ST,2024-07-20,85.9,-2.05,5.43,"Mitchell, Garrett",669003,641154,field_out,hit_into_play,,,,,5,Garrett Mitchell lines out to shortstop Willi Castro.,R,L,R,MIN,MIL,X,6.0,line_drive,2,2,2024,1.02,0.17,0.1726585376414507,2.49728105550911,,,,0,5,Top,111.49,137.11,,,,,3.244242324287213,-125.1100213250435,-1.0690035128667124,10.09405820916522,24.74828149292018,-30.382433264786943,3.43,1.65,164.0,85.1,12.0,87.4,2546,7.1,745880,680777,467793,666397,686797,650489,670242,621439,596146,53.35,0.666,0.616,0.0,1.0,0.0,0.0,4.0,33,5,Sweeper,0,1,1,0,1,0,1,0,Standard,Standard,50,0.02,-0.227,75.5,6.5,,0.759,0.227,88.0,-1,1,0.366,0.634,28,25,28,26,2,1,10.0,6.0,6.0,1,2.91,-1.02,1.02,29.9,1.5554886928239555,20.501579443584145,33.000418420195615,32.600439198307114,24.271809747558827,batter
FF,2024-07-20,93.9,-1.93,5.53,"Mitchell, Garrett",669003,641154,,ball,,,,,11,,R,L,R,MIN,MIL,B,,,1,2,2024,-0.34,1.15,-0.5775298685696684,3.960185265903239,,,,0,5,Top,,,,,,,4.341744197821931,-136.76492134478346,-0.962701706939458,-5.218622911117722,27.3857868044542,-17.650781527441854,3.48857874494891,1.47266363667273,,,,95.8,2297,7.1,745880,680777,467793,666397,686797,650489,670242,621439,596146,53.37,,,,,,,,33,4,4-Seam Fastball,0,1,1,0,1,0,1,0,Standard,Standard,217,-0.003,0.04,,,,,-0.04,,-1,1,0.369,0.631,28,25,28,26,2,1,10.0,6.0,6.0,1,1.41,0.34,-0.34,35.5,,,,,,batter
FF,2024-07-20,94.4,-1.88,5.47,"Mitchell, Garrett",669003,641154,,called_strike,,,,,7,,R,L,R,MIN,MIL,S,,,1,1,2024,-0.43,1.16,-0.485096027767984,1.7839502405444132,,,,0,5,Top,,,,,,,4.668352088643384,-137.4352844641209,-6.655760650408783,-6.3767447229819485,27.64628334090986,-16.24791162640567,3.55322326602164,1.5700789053108,,,,96.6,2317,7.3,745880,680777,467793,666397,686797,650489,670242,621439,596146,53.18,,,,,,,,33,3,4-Seam Fastball,0,1,1,0,1,0,1,0,Standard,Standard,215,0.006,-0.056,,,,,0.056,,-1,1,0.363,0.637,28,25,28,26,2,1,10.0,6.0,6.0,1,1.38,0.43,-0.43,34.6,,,,,,batter
FF,2024-07-20,93.8,-1.83,5.43,"Mitchell, Garrett",669003,641154,,ball,,,,,11,,R,L,R,MIN,MIL,B,,,0,1,2024,-0.49,1.09,-0.9472961078688084,2.628201050491364,,,,0,5,Top,,,,,,,3.4304549644546745,-136.62220309535687,-4.026805723717212,-6.902885619375496,27.73421114412371,-17.834345366512565,3.55782284934849,1.60716670022939,,,,95.7,2282,7.2,745880,680777,467793,666397,686797,650489,670242,621439,596146,53.34,,,,,,,,33,2,4-Seam Fastball,0,1,1,0,1,0,1,0,Standard,Standard,214,-0.003,0.025,,,,,-0.025,,-1,1,0.366,0.634,28,25,28,26,2,1,10.0,6.0,6.0,1,1.48,0.49,-0.49,36.6,,,,,,batter
CU,2024-07-20,79.2,-1.4,5.89,"Mitchell, Garrett",669003,641154,,foul,,,,,13,,R,L,R,MIN,MIL,S,,,0,0,2024,0.55,-1.0,-0.1217286526167683,1.528323242360325,,,,0,5,Top,,,,,,,1.7790027539766942,-115.38515891994622,-0.8516527030244534,4.598161832645897,22.006807406047432,-41.19087438925638,3.43,1.65,,,,80.2,2643,7.0,745880,680777,467793,666397,686797,650489,670242,621439,596146,53.53,,,,,,,,33,1,Curveball,0,1,1,0,1,0,1,0,Standard,Standard,36,0.004,-0.037,76.9,8.0,,,0.037,,-1,1,0.362,0.638,28,25,28,26,2,1,10.0,6.0,6.0,1,4.64,-0.55,0.55,43.7,13.626560274559475,2.4063699073373583,34.46767966227703,37.801105355567536,34.56497744342292,batter
CH,2024-07-20,89.1,-1.84,5.51,"Mitchell, Garrett",669003,641154,double,hit_into_play,,,,,9,Garrett Mitchell doubles (2) on a ground ball to right fielder Max Kepler.,R,L,R,MIN,MIL,X,9.0,ground_ball,2,2,2024,-1.34,0.57,0.3892177010620559,2.0571828316518026,,,,0,3,Top,192.32,123.19,,,,,8.441230543981861,-129.4458891761127,-3.7005264118042938,-16.804629175124454,26.27286495762552,-25.128551496939583,3.43,1.65,26.0,90.3,-3.0,90.6,2125,7.3,745880,680777,467793,666397,686797,650489,670242,621439,596146,53.25,0.293,0.266,1.25,1.0,1.0,1.0,2.0,15,5,Changeup,0,0,0,0,0,0,0,0,Infield shade,Standard,233,-0.072,0.721,79.4,8.0,,0.339,-0.721,90.3,0,0,0.504,0.496,28,25,28,26,1,0,10.0,6.0,6.0,1,2.3,1.34,-1.34,35.1,24.83519600303818,-14.78909424043133,36.111810161046,31.44137168309966,36.42486624851848,batter
FF,2024-07-20,96.1,-1.94,5.49,"Mitchell, Garrett",669003,641154,,ball,,,,,11,,R,L,R,MIN,MIL,B,,,1,2,2024,-0.51,1.18,-1.1398086106002652,3.0961518375609245,,,,0,3,Top,,,,,,,3.3375205192767514,-139.9038099664004,-3.5063018473340364,-7.456529467699978,31.20411569671334,-16.029375719129124,3.48543094130419,1.57286411188468,,,,97.7,2253,7.2,745880,680777,467793,666397,686797,650489,670242,621439,596146,53.34,,,,,,,,15,4,4-Seam Fastball,0,0,0,0,0,0,0,0,Infield shade,Standard,218,-0.003,0.04,,,,,-0.04,,0,0,0.507,0.493,28,25,28,26,1,0,10.0,6.0,6.0,1,1.28,0.51,-0.51,33.6,,,,,,batter
CH,2024-07-20,89.0,-1.84,5.51,"Mitchell, Garrett",669003,641154,,ball,,,,,13,,R,L,R,MIN,MIL,B,,,0,2,2024,-1.4,0.51,-0.2264540384732314,1.5067703887695614,,,,0,3,Top,,,,,,,7.031491381834498,-129.4568152489444,-4.935220485854681,-17.261488155053858,26.36568646442232,-25.544911648718685,3.52835470616256,1.64812033711377,,,,90.5,2191,7.2,745880,680777,467793,666397,686797,650489,670242,621439,596146,53.35,,,,,,,,15,3,Changeup,0,0,0,0,0,0,0,0,Infield shade,Standard,237,-0.003,0.023,,,,,-0.023,,0,0,0.51,0.49,28,25,28,26,1,0,10.0,6.0,6.0,1,2.36,1.4,-1.4,35.5,,,,,,batter
FF,2024-07-20,96.0,-1.87,5.53,"Mitchell, Garrett",669003,641154,,called_strike,,,,,7,,R,L,R,MIN,MIL,S,,,0,1,2024,-0.55,1.2,-0.4385610775423315,1.749777259788183,,,,0,3,Top,,,,,,,5.134091872716816,-139.69257775850994,-7.245418869875537,-8.36853124039386,30.4972595056346,-15.036730699919582,3.59383513901853,1.68115475847161,,,,97.7,2181,7.2,745880,680777,467793,666397,686797,650489,670242,621439,596146,53.35,,,,,,,,15,2,4-Seam Fastball,0,0,0,0,0,0,0,0,Standard,Standard,224,0.006,-0.054,,,,,0.054,,0,0,0.504,0.496,28,25,28,26,1,0,10.0,6.0,6.0,1,1.27,0.55,-0.55,30.9,,,,,,batter
FF,2024-07-20,94.6,-1.9,5.61,"Mitchell, Garrett",669003,641154,,foul_bunt,,,,,12,,R,L,R,MIN,MIL,S,,,0,0,2024,-0.39,1.38,0.9781972533589064,3.286079987982462,,,,0,3,Top,,,,,,,8.499661834759463,-137.6311868594003,-3.532226674039292,-6.756738121541004,29.26350114520143,-14.028091243991277,3.43,1.65,,,,96.2,2256,7.1,745880,680777,467793,666397,686797,650489,670242,621439,596146,53.38,,,,,,,,15,1,4-Seam Fastball,0,0,0,0,0,0,0,0,Standard,Standard,214,0.004,-0.037,5.9,0.4,,,0.037,88.0,0,0,0.5,0.5,28,25,28,26,1,0,10.0,6.0,6.0,1,1.16,0.39,-0.39,38.4,-22.845169186254758,-153.27837598082456,53.69184821300951,26.07902362733677,21.615527544562852,batter
FF,2024-07-20,95.5,-1.74,5.62,"Mitchell, Garrett",669003,641154,truncated_pa,ball,,,,,12,,R,L,R,MIN,MIL,B,2.0,,0,0,2024,-0.44,1.08,0.793886499344252,4.253762383105001,,,686217.0,2,2,Top,,,,,,,7.802308699909597,-138.98138575273987,-0.4456844758053879,-7.273242253840626,27.56313735918721,-18.221002828044394,3.63151033466261,1.52312958423338,,,,97.6,2173,7.2,745880,680777,467793,666397,686797,650489,670242,621439,596146,53.28,,,0.0,0.0,0.0,0.0,,11,1,4-Seam Fastball,0,0,0,0,0,0,0,0,Standard,Standard,215,0.023,-0.271,,,,,0.271,,0,0,0.528,0.472,28,25,28,26,1,0,10.0,6.0,6.0,1,1.4,0.44,-0.44,39.4,,,,,,batter
CU,2024-07-14,79.1,-2.53,5.45,"Mitchell, Garrett",669003,663623,home_run,hit_into_play,,,,,4,Garrett Mitchell homers (1) on a fly ball to center field. Jackson Chourio scores.,R,L,R,MIL,WSH,X,,fly_ball,2,0,2024,1.11,-0.19,-0.5036769494476281,2.60069255292176,,694192.0,,0,4,Bot,142.78,61.53,,,,,2.363804940860346,-115.30991077426724,0.8901656839040928,9.546609810946345,20.63754520477961,-34.22425408982219,3.43,1.63,420.0,107.2,23.0,80.0,2421,6.7,745962,660688,660766,545121,702358,682928,695578,696285,657041,53.78,0.819,1.5579454545454543,2.0,1.0,0.0,3.0,6.0,34,3,Curveball,4,2,4,2,2,6,6,2,Strategic,Standard,62,0.079,0.929,77.4,7.8,,3.021,-0.929,107.2,2,2,0.833,0.833,27,25,27,26,2,1,5.0,2.0,7.0,6,3.81,-1.11,1.11,27.0,18.21145614856546,2.920649462360549,31.478711248727645,42.14954093021528,32.563865412176995,batter
CH,2024-07-14,88.8,-2.34,5.43,"Mitchell, Garrett",669003,663623,,ball,,,,,14,,R,L,R,MIL,WSH,B,,,1,0,2024,-0.95,1.17,1.393901412311649,0.8653417561119896,,,694192.0,0,4,Bot,,,,,,,11.288413732994488,-128.76945359618534,-7.693982407073311,-12.85999681852789,25.00810489048737,-17.639448595144348,3.55380485874457,1.73474825624085,,,,90.1,2303,7.1,745962,660688,660766,545121,702358,682928,695578,696285,657041,53.35,,,,,,,,34,2,Changeup,4,2,4,2,2,4,4,2,Strategic,Standard,230,0.02,0.068,,,,,-0.068,,2,2,0.813,0.813,27,25,27,26,2,1,5.0,2.0,7.0,6,1.72,0.95,-0.95,25.7,,,,,,batter
FF,2024-07-14,90.4,-2.32,5.52,"Mitchell, Garrett",669003,663623,,ball,,,,,13,,R,L,R,MIL,WSH,B,,,0,0,2024,-0.95,1.04,-0.0097496240489032,1.2700616362679318,,,694192.0,0,4,Bot,,,,,,,7.865392043184317,-131.35936157826092,-6.961004061462137,-12.63773236542112,27.018173071788464,-18.767859580911683,3.3337203644407,1.70341059957067,,,,91.6,2266,7.0,745962,660688,660766,545121,702358,682928,695578,696285,657041,53.5,,,,,,,,34,1,4-Seam Fastball,4,2,4,2,2,4,4,2,Strategic,Standard,225,0.004,0.041,,,,,-0.041,,2,2,0.809,0.809,27,25,27,26,2,1,5.0,2.0,7.0,6,1.75,0.95,-0.95,24.3,,,,,,batter
FF,2024-07-14,94.8,-2.66,6.01,"Mitchell, Garrett",669003,663432,strikeout,called_strike,,,,,13,Garrett Mitchell called out on strikes.,R,L,R,MIL,WSH,S,2.0,,2,2,2024,-1.01,1.5,-0.8639593069680762,2.1701946655173,642715.0,686217.0,641343.0,2,7,Bot,,,,,,,6.921025359022848,-137.7184836472587,-7.656513421006745,-14.369822435505572,31.977850752597973,-11.594828078053377,3.43896552774211,1.62079150805109,,,,94.2,2507,6.2,745962,660688,660766,545121,702358,682928,695578,696285,657041,54.34,,0.0,0.0,1.0,0.0,0.0,,63,5,4-Seam Fastball,7,2,7,2,2,7,7,2,Standard,Standard,215,-0.004,-0.263,,,,,0.263,,5,5,0.986,0.986,31,25,32,26,1,3,7.0,2.0,9.0,6,1.06,1.01,-1.01,41.0,,,,,,batter
CU,2024-07-14,79.1,-2.49,5.46,"Mitchell, Garrett",669003,663623,field_out,hit_into_play,,,,,5,Garrett Mitchell lines out to left fielder James Wood.,R,L,R,MIL,WSH,X,7.0,line_drive,0,0,2024,0.97,-0.15,-0.1712393886306105,2.482145772093924,,,694192.0,2,2,Bot,72.93,115.49,,,,,3.2788465215825013,-115.28422524420635,0.5494015169512909,8.045705143972322,20.875327353351715,-33.84073230797667,3.43,1.63,267.0,80.7,29.0,79.9,2485,6.7,745962,660688,660766,545121,702358,682928,695578,696285,657041,53.77,0.1,0.104,0.0,1.0,0.0,0.0,3.0,17,1,Curveball,1,1,1,1,1,1,1,1,Standard,Standard,76,-0.024,-0.271,74.9,7.2,,0.156,0.271,88.0,0,0,0.524,0.524,27,25,27,26,1,0,5.0,2.0,7.0,6,3.78,-0.97,0.97,26.7,4.2452373366117815,13.942521361387527,33.76067929648633,37.3742526847604,25.04038845724845,batter
FF,2024-07-14,95.1,-2.54,5.94,"Mitchell, Garrett",669003,663432,,ball,,,,,6,,R,L,R,MIL,WSH,B,,,1,2,2024,-0.95,1.48,0.7885191540611999,2.22963642761418,642715.0,686217.0,641343.0,2,7,Bot,,,,,,,10.8072607878544,-137.98047684819548,-7.369467478320715,-14.544376284972657,31.006178967820265,-11.670700411652335,3.43978478157556,1.68355896515918,,,,94.7,2352,6.2,745962,660688,660766,545121,702358,682928,695578,696285,657041,54.26,,,,,,,,63,4,4-Seam Fastball,7,2,7,2,2,7,7,2,Standard,Standard,218,0.001,0.052,,,,,-0.052,,5,5,0.985,0.985,31,25,32,26,1,3,7.0,2.0,9.0,6,1.05,0.95,-0.95,37.8,,,,,,batter
FF,2024-07-14,94.7,-2.52,5.99,"Mitchell, Garrett",669003,663432,,ball,,,,,12,,R,L,R,MIL,WSH,B,,,0,2,2024,-0.86,1.54,0.3804018497120934,4.028289961212945,642715.0,686217.0,641343.0,2,7,Bot,,,,,,,9.447496674537538,-137.56190762631556,-2.839160919501962,-13.058699745169603,32.01744071264059,-12.180609214860818,3.50683605001803,1.71928014265237,,,,94.2,2380,6.2,745962,660688,660766,545121,702358,682928,695578,696285,657041,54.27,,,,,,,,63,3,4-Seam Fastball,7,2,7,2,2,7,7,2,Standard,Standard,214,0.0,0.023,,,,,-0.023,,5,5,0.985,0.985,31,25,32,26,1,3,7.0,2.0,9.0,6,1.02,0.86,-0.86,41.0,,,,,,batter
FF,2024-07-14,94.3,-2.58,5.98,"Mitchell, Garrett",669003,663432,,swinging_strike,,,,,5,,R,L,R,MIL,WSH,S,,,0,1,2024,-0.92,1.56,-0.071322169481115,2.660822544809901,642715.0,686217.0,641343.0,2,7,Bot,,,,,,,8.557540508488714,-136.88181940128106,-6.371965890629608,-13.439121580278137,31.125629093382997,-11.27531947367162,3.43,1.63,,,,94.1,2353,6.4,745962,660688,660766,545121,702358,682928,695578,696285,657041,54.12,,,,,,,,63,2,4-Seam Fastball,7,2,7,2,2,7,7,2,Standard,Standard,207,-0.001,-0.042,78.0,7.1,0.666168648,,0.042,,5,5,0.986,0.986,31,25,32,26,1,3,7.0,2.0,9.0,6,1.02,0.92,-0.92,40.2,7.38147916084789,9.76529655982809,35.14917466762589,36.17032851212584,23.2266667518586,batter
FF,2024-07-14,94.8,-2.67,5.95,"Mitchell, Garrett",669003,663432,,swinging_strike,,,,,1,,R,L,R,MIL,WSH,S,,,0,0,2024,-0.95,1.48,-0.7312523064085715,3.257009906987649,642715.0,686217.0,641343.0,2,7,Bot,,,,,,,7.186405284795104,-137.75041530496637,-4.62141099369164,-13.691243657314653,32.50063372895054,-12.524796792753603,3.43,1.63,,,,94.5,2458,6.3,745962,660688,660766,545121,702358,682928,695578,696285,657041,54.18,,,,,,,,63,1,4-Seam Fastball,7,2,7,2,2,7,7,2,Standard,Standard,218,-0.001,-0.044,75.7,7.0,1.132825884,,0.044,,5,5,0.987,0.987,31,25,32,26,1,3,7.0,2.0,9.0,6,1.08,0.95,-0.95,39.3,6.94065800821089,20.95858999723864,29.484997168062076,45.03785599652811,16.856757590822923,batter
SL,2024-07-14,89.3,-2.3,5.26,"Mitchell, Garrett",669003,674285,walk,ball,,,,,14,Garrett Mitchell walks.,R,L,R,MIL,WSH,B,,,3,2,2024,0.57,0.26,0.2653289705101945,1.527297352738877,,,,0,6,Bot,,,,,,,5.1494218940508985,-129.97845102792772,-3.761427783161724,5.3951599163337285,27.04087281108306,-28.62890075965832,3.4909105050565,1.70341059957067,,,,90.0,2258,6.7,745962,660688,660766,545121,702358,682928,695578,696285,657041,53.8,,0.689131,0.7,1.0,0.0,0.0,,51,6,Slider,7,2,7,2,2,7,7,2,Infield shade,Standard,36,0.003,0.371,,,,,-0.371,,5,5,0.974,0.974,26,25,26,26,1,2,60.0,2.0,13.0,6,2.59,-0.57,0.57,32.3,,,,,,batter
SI,2024-07-14,95.4,-2.34,5.22,"Mitchell, Garrett",669003,674285,,foul,,,,,5,,R,L,R,MIL,WSH,S,,,3,1,2024,-1.25,0.74,-0.2040722320417389,2.7842674399421155,,,,0,6,Bot,,,,,,,8.469862475048755,-138.6940452766503,-2.4156985876079737,-18.09738405242907,32.848629266613855,-22.274561800247145,3.43,1.63,256.0,88.1,53.0,95.5,2257,6.5,745962,660688,660766,545121,702358,682928,695578,696285,657041,53.98,,,,,,,,51,5,Sinker,7,2,7,2,2,7,7,2,Standard,Standard,230,-0.001,-0.085,75.5,6.8,,,0.085,88.1,5,5,0.975,0.975,26,25,26,26,1,2,60.0,2.0,13.0,6,1.78,1.25,-1.25,30.5,8.80674009923371,14.046660042881047,32.91672373647258,37.970627253764405,22.328116423377665,batter
SL,2024-07-14,88.9,-2.22,5.28,"Mitchell, Garrett",669003,674285,,ball,,,,,14,,R,L,R,MIL,WSH,B,,,2,1,2024,0.32,-0.03,1.6162965508535132,1.524071513092479,,,,0,6,Bot,,,,,,,8.754479174998087,-129.30818037080638,-3.17852063936487,2.0154467158518785,23.716645103002765,-32.06029825514495,3.4909105050565,1.76608810145018,,,,89.6,2311,6.5,745962,660688,660766,545121,702358,682928,695578,696285,657041,54.0,,,,,,,,51,4,Slider,7,2,7,2,2,7,7,2,Standard,Standard,22,0.001,0.122,,,,,-0.122,,5,5,0.974,0.974,26,25,26,26,1,2,60.0,2.0,13.0,6,2.89,-0.32,0.32,31.8,,,,,,batter
SI,2024-07-14,96.7,-2.22,5.22,"Mitchell, Garrett",669003,674285,,ball,,,,,13,,R,L,R,MIL,WSH,B,,,1,1,2024,-1.5,0.22,-1.3770215999707789,1.9440968687000248,,,,0,6,Bot,,,,,,,5.71968494621625,-140.5519571268756,-3.6212483489506018,-21.199588913275097,35.25890568231256,-28.656251804909903,3.4909105050565,1.73474825624085,,,,96.8,2114,6.7,745962,660688,660766,545121,702358,682928,695578,696285,657041,53.84,,,,,,,,51,3,Sinker,7,2,7,2,2,7,7,2,Standard,Standard,232,0.0,0.053,,,,,-0.053,,5,5,0.974,0.974,26,25,26,26,1,2,60.0,2.0,13.0,6,2.25,1.5,-1.5,28.4,,,,,,batter
FF,2024-07-14,95.5,-2.08,5.49,"Mitchell, Garrett",669003,674285,,ball,,,,,11,,R,L,R,MIL,WSH,B,,,0,1,2024,-0.88,1.26,-0.7252232640503936,4.340529635767964,,,,0,6,Bot,,,,,,,5.593335516568359,-138.9256183337157,-0.2254660675289378,-12.708837962873124,32.05777641821629,-16.058522232578454,3.55380485874457,1.79743014486587,,,,96.1,2312,6.7,745962,660688,660766,545121,702358,682928,695578,696285,657041,53.76,,,,,,,,51,2,4-Seam Fastball,7,2,7,2,2,7,7,2,Standard,Standard,218,0.0,0.025,,,,,-0.025,,5,5,0.974,0.974,26,25,26,26,1,2,60.0,2.0,13.0,6,1.25,0.88,-0.88,36.3,,,,,,batter
SI,2024-07-14,95.5,-2.3,5.32,"Mitchell, Garrett",669003,674285,,called_strike,,,,,5,,R,L,R,MIL,WSH,S,,,0,0,2024,-1.32,0.7,-0.2451631698753194,2.907634852995576,,,,0,6,Bot,,,,,,,8.409973455799552,-138.74730587849857,-2.256545599728911,-18.914574198244843,32.695063843764416,-22.8197944819824,3.52235636478948,1.76608810145018,,,,95.5,2174,6.5,745962,660688,660766,545121,702358,682928,695578,696285,657041,53.98,,,,,,,,51,1,Sinker,7,2,7,2,2,7,7,2,Standard,Standard,228,0.0,-0.037,,,,,0.037,,5,5,0.974,0.974,26,25,26,26,1,2,60.0,2.0,13.0,6,1.82,1.32,-1.32,31.8,,,,,,batter
FF,2024-07-12,95.4,-1.78,6.13,"Mitchell, Garrett",669003,671131,field_out,hit_into_play,,,,,3,"Garrett Mitchell grounds out, second baseman Luis García Jr. to first baseman Juan Yepez.",R,L,R,MIL,WSH,X,4.0,ground_ball,3,2,2024,-0.66,1.1,0.5290949018440595,2.911769347213045,,686217.0,,2,4,Bot,149.23,161.07,,,,,7.596782933084818,-138.7132496824849,-5.345248104501743,-10.171340537814093,28.92442847598053,-16.99829676515087,3.42,1.63,11.0,81.3,-14.0,96.1,2323,6.6,745965,660688,660766,671277,702358,682928,695578,696285,657041,53.94,0.09,0.084,0.0,1.0,0.0,0.0,2.0,35,6,4-Seam Fastball,2,3,2,3,3,2,2,3,Standard,Standard,224,-0.046,-0.297,72.9,6.7,,0.097,0.297,88.0,-1,-1,0.408,0.408,25,25,25,26,2,1,59.0,1.0,79.0,2,1.4,0.66,-0.66,40.8,11.800111212273896,5.892726013690225,32.94850543591943,30.895899687424247,22.53891979282805,batter
SL,2024-07-12,84.0,-1.66,6.01,"Mitchell, Garrett",669003,671131,,foul,,,,,9,,R,L,R,MIL,WSH,S,,,3,1,2024,0.26,-0.17,0.407661490353941,1.8818797344996996,,686217.0,,2,4,Bot,,,,,,,4.287029445584991,-122.25961862556376,-2.8554928880615496,1.7366627245254926,23.93838686347649,-33.48627578093976,3.42,1.63,3.0,97.5,-28.0,84.2,1886,6.4,745965,660688,660766,671277,702358,682928,695578,696285,657041,54.14,,,,,,,,35,5,Slider,2,3,2,3,3,2,2,3,Standard,Standard,110,-0.004,-0.059,75.1,7.9,,,0.059,97.5,-1,-1,0.412,0.412,25,25,25,26,2,1,59.0,1.0,79.0,2,3.39,-0.26,0.26,36.3,11.790771645330334,-4.381525841571926,36.05235758382126,33.795592544262675,33.24695612117451,batter
SL,2024-07-12,85.7,-1.86,6.0,"Mitchell, Garrett",669003,671131,,called_strike,,,,,5,,R,L,R,MIL,WSH,S,,,3,0,2024,0.21,0.18,-0.2744742186979672,2.5003705623578028,,686217.0,,2,4,Bot,,,,,,,3.323824540851234,-124.66552739774912,-2.281856485093904,1.4387951230248912,28.00720478519443,-30.034747022565792,3.41616236815177,1.63995026587072,,,,85.5,1954,6.5,745965,660688,660766,671277,702358,682928,695578,696285,657041,54.02,,,,,,,,35,4,Slider,2,3,2,3,3,2,2,3,Standard,Standard,182,-0.003,-0.03,,,,,0.03,,-1,-1,0.415,0.415,25,25,25,26,2,1,59.0,1.0,79.0,2,2.96,-0.21,0.21,38.0,,,,,,batter
SL,2024-07-12,83.5,-1.74,5.99,"Mitchell, Garrett",669003,671131,,ball,,,,,14,,R,L,R,MIL,WSH,B,,,2,0,2024,0.08,0.18,0.7110806941526647,0.8454198600063134,,686217.0,,2,4,Bot,,,,,,,5.482795306261966,-121.32607035306486,-5.665600913338265,-0.4024872271186185,26.58376434707213,-29.39831926456944,3.48972288642425,1.67126211297337,,,,83.2,1708,6.4,745965,660688,660766,671277,702358,682928,695578,696285,657041,54.07,,,,,,,,35,3,Slider,2,3,2,3,3,2,2,3,Standard,Standard,48,0.005,0.048,,,,,-0.048,,-1,-1,0.41,0.41,25,25,25,26,2,1,59.0,1.0,79.0,2,3.13,-0.08,0.08,41.6,,,,,,batter
FC,2024-07-12,88.1,-1.86,6.06,"Mitchell, Garrett",669003,671131,,ball,,,,,14,,R,L,R,MIL,WSH,B,,,1,0,2024,0.35,0.56,1.4892969047931417,2.140287746968017,,686217.0,,2,4,Bot,,,,,,,7.419540228165419,-128.1489924580033,-4.619345290415732,2.514701909726274,24.400055808532077,-25.3103387543125,3.48972288642425,1.62649673549202,,,,88.7,2254,6.5,745965,660688,660766,671277,702358,682928,695578,696285,657041,54.02,,,,,,,,35,2,Cutter,2,3,2,3,3,2,2,3,Standard,Standard,192,0.002,0.024,,,,,-0.024,,-1,-1,0.408,0.408,25,25,25,26,2,1,59.0,1.0,79.0,2,2.37,-0.35,0.35,39.7,,,,,,batter
FC,2024-07-12,88.2,-1.9,5.99,"Mitchell, Garrett",669003,671131,,ball,,,,,12,,R,L,R,MIL,WSH,B,,,0,0,2024,0.23,0.6,1.5858365719267054,3.352712389427386,,686217.0,,2,4,Bot,,,,,,,8.052129339073918,-128.38489348961838,-1.6205812028325135,0.9950508140164394,24.2745159734107,-25.407257608787614,3.52117802527497,1.63995026587072,,,,88.9,2204,6.5,745965,660688,660766,671277,702358,682928,695578,696285,657041,53.98,,,,,,,,35,1,Cutter,2,3,2,3,3,2,2,3,Standard,Standard,191,0.002,0.014,,,,,-0.014,,-1,-1,0.406,0.406,25,25,25,26,2,1,59.0,1.0,79.0,2,2.31,-0.23,0.23,37.2,,,,,,batter
SI,2024-07-12,95.7,-1.97,5.98,"Mitchell, Garrett",669003,671131,field_out,hit_into_play,,,,,8,"Garrett Mitchell grounds out, second baseman Luis García Jr. to first baseman Juan Yepez.",R,L,R,MIL,WSH,X,4.0,ground_ball,0,0,2024,-1.52,0.85,-0.1681239628051831,1.5648815930372324,,,686217.0,2,2,Bot,148.22,154.97,,,,,8.183699033808455,-139.032933111659,-7.9637374782829315,-21.49036392933841,30.12960634951476,-19.584318489798683,3.42,1.63,8.0,77.3,-11.0,95.9,2289,6.4,745965,660688,660766,671277,702358,682928,695578,696285,657041,54.07,0.064,0.092,0.0,1.0,0.0,0.0,2.0,15,1,Sinker,0,1,0,1,1,0,0,1,Standard,Standard,235,-0.025,-0.271,76.2,7.6,,0.071,0.271,88.0,-1,-1,0.413,0.413,25,25,25,26,1,0,59.0,1.0,79.0,2,1.64,1.52,-1.52,36.2,10.387808161212671,2.0178318107525843,36.72972956588368,40.54999804296675,30.45857172917635,batter
SL,2024-07-12,84.6,3.55,5.5,"Mitchell, Garrett",669003,676395,force_out,hit_into_play,,,,,5,"Garrett Mitchell grounds into a force out, second baseman Luis García Jr. to shortstop CJ Abrams. Sal Frelick out at 2nd. Garrett Mitchell to 1st.",R,L,L,MIL,WSH,X,4.0,ground_ball,1,0,2024,-0.44,0.04,-0.2405380465520868,2.419772962882181,,,686217.0,1,6,Bot,150.76,158.53,,,,,-8.024296474974609,-123.03803399660174,-0.9402171458772624,-2.9781207282984417,23.00215421834292,-31.82237564718582,3.42,1.63,14.0,91.9,-9.0,85.5,2249,6.8,745965,660688,660766,671277,702358,682928,695578,696285,657041,53.74,0.266,0.243,0.0,1.0,0.0,0.0,2.0,51,2,Slider,2,4,2,4,4,2,2,4,Standard,Standard,241,-0.052,-0.35,75.5,7.7,,0.273,0.35,91.9,-2,-2,0.272,0.272,28,25,28,26,1,2,1.0,1.0,8.0,2,3.14,-0.44,-0.44,26.5,15.749383676769463,-1.2624749834228128,31.07480935887825,39.917141319040326,35.17667838112824,batter
SL,2024-07-12,84.4,3.53,5.49,"Mitchell, Garrett",669003,676395,,ball,,,,,13,,R,L,L,MIL,WSH,B,,,0,0,2024,-0.27,0.15,-0.3840769234926166,1.3612753310268442,,,686217.0,1,6,Bot,,,,,,,-8.636563383585736,-122.7263743428235,-3.6293709528279408,-1.3086692390934616,20.8645287541943,-30.17441331429869,3.45827125732832,1.70257651447,,,,85.5,2192,6.7,745965,660688,660766,671277,702358,682928,695578,696285,657041,53.75,,,,,,,,51,1,Slider,2,4,2,4,4,2,2,4,Standard,Standard,254,0.006,0.036,,,,,-0.036,,-2,-2,0.266,0.266,28,25,28,26,1,2,1.0,1.0,8.0,2,3.02,-0.27,-0.27,29.7,,,,,,batter
ST,2024-07-11,83.2,-2.78,5.45,"Mitchell, Garrett",669003,694973,field_out,hit_into_play,,,,,8,"Garrett Mitchell grounds out, second baseman Nick Gonzales to first baseman Rowdy Tellez.",R,L,R,MIL,PIT,X,4.0,ground_ball,1,2,2024,0.71,0.14,-0.2662315368595621,1.7045949726148852,,,,1,5,Bot,147.9,152.78,,,,,4.371008864934835,-121.09282009269648,-2.357981503061029,6.027783968394531,25.66376040168601,-30.55757448144821,3.4,1.63,5.0,73.1,-19.0,82.8,2438,6.2,745967,518735,642133,693304,663647,665833,668804,669261,641943,54.27,0.057,0.066,0.0,1.0,0.0,0.0,2.0,35,4,Sweeper,0,0,0,0,0,0,0,0,Standard,Standard,70,-0.015,-0.182,68.2,7.4,,0.064,0.182,88.0,0,0,0.53,0.53,22,25,22,26,2,1,6.0,2.0,12.0,1,3.18,-0.71,0.71,20.0,10.452113903657084,5.318786797144473,35.17155914817333,38.90930269834374,27.13986093156691,batter
FF,2024-07-11,97.4,-2.66,5.65,"Mitchell, Garrett",669003,694973,,ball,,,,,13,,R,L,R,MIL,PIT,B,,,0,2,2024,-1.29,0.89,-1.411461244958897,2.138182424344757,,,,1,5,Bot,,,,,,,6.329228554982507,-141.69767203402102,-5.990045028764654,-18.86636609340673,30.73436559913885,-19.02459731440177,3.40389920712989,1.61062956584845,,,,97.7,2222,6.4,745967,518735,642133,693304,663647,665833,668804,669261,641943,54.15,,,,,,,,35,3,4-Seam Fastball,0,0,0,0,0,0,0,0,Standard,Standard,240,0.002,0.02,,,,,-0.02,,0,0,0.528,0.528,22,25,22,26,2,1,6.0,2.0,12.0,1,1.5,1.29,-1.29,25.4,,,,,,batter
FF,2024-07-11,96.8,-2.54,5.69,"Mitchell, Garrett",669003,694973,,foul,,,,,3,,R,L,R,MIL,PIT,S,,,0,1,2024,-1.46,0.85,0.3517369494020643,3.022183716720864,,,,1,5,Bot,,,,,,,11.066146802380526,-140.637007592679,-3.554817549476402,-21.869970291752136,29.458331352690877,-20.206149075384104,3.4,1.63,210.0,74.4,51.0,97.2,2259,6.4,745967,518735,642133,693304,663647,665833,668804,669261,641943,54.08,,,,,,,,35,2,4-Seam Fastball,0,0,0,0,0,0,0,0,Standard,Standard,244,-0.006,-0.057,71.8,6.6,,,0.057,88.0,0,0,0.534,0.534,22,25,22,26,2,1,6.0,2.0,12.0,1,1.57,1.46,-1.46,26.2,7.897830147327308,5.803908145968514,33.89849118709222,32.492998171632344,22.80102817108635,batter
FF,2024-07-11,96.3,-2.58,5.63,"Mitchell, Garrett",669003,694973,,called_strike,,,,,3,,R,L,R,MIL,PIT,S,,,0,0,2024,-1.1,0.92,0.5851532755351259,3.066390082028037,,,,1,5,Bot,,,,,,,10.918238010806084,-139.84229926698794,-3.3574936198804206,-16.793890316084347,28.962728269722916,-19.42613860989257,3.47065725742006,1.60982431289595,,,,96.7,2104,6.5,745967,518735,642133,693304,663647,665833,668804,669261,641943,54.03,,,,,,,,35,1,4-Seam Fastball,0,0,0,0,0,0,0,0,Standard,Standard,240,-0.003,-0.037,,,,,0.037,,0,0,0.537,0.537,22,25,22,26,2,1,6.0,2.0,12.0,1,1.53,1.1,-1.1,26.0,,,,,,batter
FS,2024-07-11,93.4,-2.49,5.63,"Mitchell, Garrett",669003,694973,walk,ball,,,,,11,Garrett Mitchell walks. Jake Bauers to 2nd.,R,L,R,MIL,PIT,B,,,3,1,2024,-1.36,-0.13,-1.5550173820113802,2.6120853967226174,,,641343.0,2,2,Bot,,,,,,,5.394595301372722,-135.86126474596352,-1.7222362050645628,-18.010837757688833,30.989723024164537,-33.56178093232225,3.46000555138948,1.60922827886827,,,,93.2,1684,6.3,745967,518735,642133,693304,663647,665833,668804,669261,641943,54.25,,0.689131,0.7,1.0,0.0,0.0,,15,5,Split-Finger,0,0,0,0,0,0,0,0,Standard,Standard,258,0.013,0.152,,,,,-0.152,,0,0,0.533,0.533,22,25,22,26,1,0,6.0,2.0,12.0,1,2.75,1.36,-1.36,25.7,,,,,,batter
FS,2024-07-11,93.0,-2.65,5.61,"Mitchell, Garrett",669003,694973,,ball,,,,,13,,R,L,R,MIL,PIT,B,,,2,1,2024,-1.16,-0.26,-1.5256114759130277,2.1598685423277715,,,641343.0,2,2,Bot,,,,,,,5.435875900584562,-135.31359945090583,-2.5027699047963994,-15.483460863021888,29.47006068996249,-34.97430722676445,3.39458274828249,1.67506011186968,,,,93.0,1640,6.3,745967,518735,642133,693304,663647,665833,668804,669261,641943,54.19,,,,,,,,15,4,Split-Finger,0,0,0,0,0,0,0,0,Standard,Standard,255,0.007,0.078,,,,,-0.078,,0,0,0.526,0.526,22,25,22,26,1,0,6.0,2.0,12.0,1,2.89,1.16,-1.16,20.0,,,,,,batter
CU,2024-07-11,82.2,-2.69,5.69,"Mitchell, Garrett",669003,694973,,ball,,,,,11,,R,L,R,MIL,PIT,B,,,1,1,2024,0.65,-0.38,-0.8386468348669461,2.713258839189236,,,641343.0,2,2,Bot,,,,,,,2.9373479018229767,-119.6876984446882,0.5269583707925649,5.678830594118354,23.59425381558493,-36.16539995629008,3.4793621395584,1.74326867519319,,,,82.1,2630,6.2,745967,518735,642133,693304,663647,665833,668804,669261,641943,54.26,,,,,,,,15,3,Curveball,0,0,0,0,0,0,0,0,Standard,Standard,75,0.003,0.05,,,,,-0.05,,0,0,0.523,0.523,22,25,22,26,1,0,6.0,2.0,12.0,1,3.76,-0.65,0.65,26.7,,,,,,batter
FS,2024-07-11,93.2,-2.68,5.53,"Mitchell, Garrett",669003,694973,,ball,,,,,11,,R,L,R,MIL,PIT,B,,,0,1,2024,-1.17,-0.18,-1.4657740212676733,2.974218161333076,,,641343.0,2,2,Bot,,,,,,,5.688959277595657,-135.57654012942314,-0.41275666046635,-15.642543060320566,29.734375098950437,-34.467265191961324,3.47532029524222,1.65727967891871,,,,93.2,1667,6.3,745967,518735,642133,693304,663647,665833,668804,669261,641943,54.19,,,,,,,,15,2,Split-Finger,0,0,0,0,0,0,0,0,Standard,Standard,253,0.003,0.032,,,,,-0.032,,0,0,0.52,0.52,22,25,22,26,1,0,6.0,2.0,12.0,1,2.8,1.17,-1.17,20.3,,,,,,batter
FF,2024-07-11,97.8,-2.66,5.55,"Mitchell, Garrett",669003,694973,,foul,,,,,11,,R,L,R,MIL,PIT,S,,,0,0,2024,-1.04,0.99,-0.875486633187829,2.993766970332492,,,641343.0,2,2,Bot,,,,,,,7.254070384732246,-142.29276804577947,-3.7640477102079166,-15.730807598925365,28.811170843132707,-17.967377045467007,3.4,1.63,195.0,82.8,16.0,98.9,1939,6.6,745967,518735,642133,693304,663647,665833,668804,669261,641943,53.86,,,,,,,,15,1,4-Seam Fastball,0,0,0,0,0,0,0,0,Standard,Standard,240,-0.004,-0.047,74.0,7.2,,,0.047,88.0,0,0,0.524,0.524,22,25,22,26,1,0,6.0,2.0,12.0,1,1.37,1.04,-1.04,21.5,7.344049247143586,11.345231335309336,29.311591687769926,47.74315373575217,16.544849342780935,batter
FC,2024-07-11,91.9,-1.99,5.47,"Mitchell, Garrett",669003,670059,single,hit_into_play,,,,,5,Garrett Mitchell singles on a line drive to left fielder Bryan Reynolds. Jake Bauers to 2nd.,R,L,R,MIL,PIT,X,7.0,line_drive,1,1,2024,-0.11,0.65,0.2595715453651669,2.2255582316860067,,,641343.0,0,8,Bot,66.92,120.22,,,,,5.973423542302816,-133.79392384305964,-3.87930035757169,-2.4509530980536565,25.728930866435128,-23.7821420992722,3.4,1.63,246.0,95.2,16.0,93.1,2404,6.7,745967,518735,656582,693304,663647,665833,668804,669261,641943,53.76,0.697,0.673,0.9,1.0,1.0,0.0,4.0,58,3,Cutter,0,1,0,1,1,0,0,1,Standard,Standard,208,0.139,0.457,72.6,6.7,,0.866,-0.457,95.2,-1,-1,0.401,0.401,28,25,29,26,1,2,4.0,2.0,1.0,1,2.03,0.11,-0.11,28.5,-0.7501356312967463,20.494096512123495,35.425895778270736,34.500116540328555,19.41303246070456,batter
FC,2024-07-11,91.3,-2.17,5.26,"Mitchell, Garrett",669003,670059,,foul,,,,,6,,R,L,R,MIL,PIT,S,,,1,0,2024,0.47,0.85,0.3877089299070891,2.6660363093389345,,,641343.0,0,8,Bot,,,,,,,5.483474728916554,-132.92667126651648,-2.5453805112900296,4.548612428205304,26.580557690823955,-21.76080006047633,3.4,1.63,165.0,61.1,45.0,92.7,2508,6.9,745967,518735,656582,693304,663647,665833,668804,669261,641943,53.56,,,,,,,,58,2,Cutter,0,1,0,1,1,0,0,1,Standard,Standard,196,-0.018,-0.049,70.9,6.5,,,0.049,88.0,-1,-1,0.419,0.419,28,25,29,26,1,2,4.0,2.0,1.0,1,1.87,-0.47,0.47,26.2,-2.475027966555396,23.955044161084725,32.81411026636827,32.329934753317474,19.309326626734396,batter
FC,2024-07-11,92.2,-1.91,5.45,"Mitchell, Garrett",669003,670059,,ball,,,,,12,,R,L,R,MIL,PIT,B,,,0,0,2024,0.56,0.5,0.5694132002877246,4.329688010284893,,,641343.0,0,8,Bot,,,,,,,5.107809631007315,-134.31159465296128,1.8478950712267497,5.883754156774713,26.15043865607301,-26.68190149608896,3.48653972602633,1.50041111329923,,,,93.1,2491,6.5,745967,518735,656582,693304,663647,665833,668804,669261,641943,53.96,,,,,,,,58,1,Cutter,0,1,0,1,1,0,0,1,Standard,Standard,164,0.013,0.041,,,,,-0.041,,-1,-1,0.406,0.406,28,25,29,26,1,2,4.0,2.0,1.0,1,2.16,-0.56,0.56,25.2,,,,,,batter
FF,2024-07-09,94.9,-2.28,5.67,"Mitchell, Garrett",669003,642701,strikeout,swinging_strike,,,,,2,Garrett Mitchell strikes out swinging.,R,L,R,MIL,PIT,S,2.0,,2,2,2024,-0.9,1.4,0.2762664738889984,3.441009010591987,,694192.0,,2,9,Bot,,,,,,,8.66762342906999,-137.9304084551129,-3.2707419876998323,-13.456821494706578,31.1504778582965,-13.796398816452228,3.38,1.61,,,,94.5,2604,6.1,745968,663698,642133,693304,663647,669707,669261,572191,641943,54.36,,0.0,0.0,1.0,0.0,0.0,,81,5,4-Seam Fastball,2,12,2,12,12,2,2,12,Standard,Standard,217,-0.001,-0.25,73.4,6.2,0.224102292,,0.25,,-10,-10,0.001,0.001,28,25,28,26,1,0,3.0,2.0,4.0,2,1.14,0.9,-0.9,36.0,8.663932749912924,14.731162596290822,31.49201450677044,32.34304408204282,18.25423681738985,batter
FF,2024-07-09,94.6,-2.22,5.62,"Mitchell, Garrett",669003,642701,,foul_tip,,,,,5,,R,L,R,MIL,PIT,S,,,2,1,2024,-0.87,1.35,0.1175445334671557,2.7546399769261223,,694192.0,,2,9,Bot,,,,,,,8.020135091963256,-137.53359507360776,-4.763235005292946,-12.837508453145066,31.489059941067943,-14.212163586441918,3.38,1.61,,,,94.4,2633,6.3,745968,663698,642133,693304,663647,669707,669261,572191,641943,54.21,,,,,,,,81,4,4-Seam Fastball,2,12,2,12,12,2,2,12,Standard,Standard,217,0.0,-0.062,80.6,7.2,,,0.062,,-10,-10,0.001,0.001,28,25,28,26,1,0,3.0,2.0,4.0,2,1.21,0.87,-0.87,33.8,12.13765512918199,6.872739137423093,33.009027223475776,34.98520894828626,25.535011141649736,batter
SL,2024-07-09,86.8,-2.32,5.64,"Mitchell, Garrett",669003,642701,,ball,,,,,11,,R,L,R,MIL,PIT,B,,,1,1,2024,0.23,0.24,-0.6469761805034573,3.5482138821489992,,694192.0,,2,9,Bot,,,,,,,3.5454613758794267,-126.45354028239704,0.6353387042690948,1.7987032345505247,23.420758982229096,-29.91341775721592,3.40595414274897,1.59479704179681,,,,87.2,2613,6.3,745968,663698,642133,693304,663647,669707,669261,572191,641943,54.24,,,,,,,,81,3,Slider,2,12,2,12,12,2,2,12,Standard,Standard,149,0.0,0.039,,,,,-0.039,,-10,-10,0.001,0.001,28,25,28,26,1,0,3.0,2.0,4.0,2,2.76,-0.23,0.23,33.9,,,,,,batter
FF,2024-07-09,94.1,-2.35,5.69,"Mitchell, Garrett",669003,642701,,ball,,,,,14,,R,L,R,MIL,PIT,B,,,0,1,2024,-1.03,1.24,0.9757562914768608,1.856230657810156,,694192.0,,2,9,Bot,,,,,,,10.886148162489445,-136.49421986238718,-6.947922779053924,-15.301601568102656,29.51960874392558,-15.220624618733758,3.53004049838351,1.68481146559301,,,,93.9,2529,6.3,745968,663698,642133,693304,663647,669707,669261,572191,641943,54.2,,,,,,,,81,2,4-Seam Fastball,2,12,2,12,12,2,2,12,Standard,Standard,221,0.0,0.012,,,,,-0.012,,-10,-10,0.001,0.001,28,25,28,26,1,0,3.0,2.0,4.0,2,1.34,1.03,-1.03,32.7,,,,,,batter
FF,2024-07-09,94.3,-2.31,5.65,"Mitchell, Garrett",669003,642701,,swinging_strike,,,,,3,,R,L,R,MIL,PIT,S,,,0,0,2024,-0.92,1.25,0.3898231159835666,2.894777966358516,,694192.0,,2,9,Bot,,,,,,,9.035612872451544,-137.06607870605686,-4.205772597419937,-13.642398653441251,30.97602399943678,-15.695865657279302,3.38,1.61,,,,94.0,2636,6.2,745968,663698,642133,693304,663647,669707,669261,572191,641943,54.29,,,,,,,,81,1,4-Seam Fastball,2,12,2,12,12,2,2,12,Standard,Standard,214,0.0,-0.04,69.7,5.8,0.655646388,,0.04,,-10,-10,0.001,0.001,28,25,28,26,1,0,3.0,2.0,4.0,2,1.33,0.92,-0.92,35.6,-6.923801017349558,32.78259013216509,38.17150014327287,31.66799780949828,14.027229335379111,batter
FF,2024-07-07,93.2,1.81,5.7,"Mitchell, Garrett",669003,680736,field_out,hit_into_play,,,,,3,Garrett Mitchell pops out to catcher Will Smith in foul territory.,R,L,L,LAD,MIL,X,2.0,popup,2,1,2024,0.59,1.24,0.669775652229673,2.875882027494981,,,,2,4,Top,109.24,207.54,,,,,-4.119259356714842,-135.73361925448356,-4.163324835939127,8.158798681721697,28.163611155590846,-16.112372757926906,3.38,1.62,42.0,80.7,81.0,91.2,2220,4.9,746122,669257,518692,621035,571771,500743,678246,681624,606192,55.59,0.008,0.009,0.0,1.0,0.0,0.0,3.0,29,4,4-Seam Fastball,0,2,2,0,2,0,2,0,Standard,Standard,145,0.01,-0.303,74.1,7.4,,0.01,0.303,88.0,-2,2,0.301,0.699,23,25,24,26,2,1,,2.0,6.0,2,1.37,0.59,0.59,40.1,18.31596809165877,-7.125105929663715,32.61998989097241,28.11427067716118,31.88800331809365,batter
SL,2024-07-07,88.9,1.91,5.46,"Mitchell, Garrett",669003,680736,,ball,,,,,13,,R,L,L,LAD,MIL,B,,,1,1,2024,-0.27,0.64,-1.6652249795087084,1.355574576549007,,,,2,4,Top,,,,,,,-8.049163972585964,-129.30679179432863,-5.339527117317008,-1.5637294565834272,24.039270569425675,-24.0698641501702,3.40565267450872,1.64549191243882,,,,87.7,2179,5.3,746122,669257,518692,621035,571771,500743,678246,681624,606192,55.21,,,,,,,,29,3,Slider,0,2,2,0,2,0,2,0,Standard,Standard,170,-0.001,0.058,,,,,-0.058,,-2,2,0.302,0.698,23,25,24,26,2,1,,2.0,6.0,2,2.22,-0.27,-0.27,36.9,,,,,,batter
SL,2024-07-07,89.1,1.98,5.56,"Mitchell, Garrett",669003,680736,,ball,,,,,3,,R,L,L,LAD,MIL,B,,,0,1,2024,-0.24,0.55,0.6519066487270055,3.494209376467192,,,,2,4,Top,,,,,,,-2.701074164083923,-129.86484568362397,-0.2898392445749006,-2.251759265136495,24.159074092308835,-26.046430788137062,3.39877427855732,1.70349357091825,,,,87.9,2313,5.2,746122,669257,518692,621035,571771,500743,678246,681624,606192,55.31,,,,,,,,29,2,Slider,0,2,2,0,2,0,2,0,Standard,Standard,183,-0.001,0.029,,,,,-0.029,,-2,2,0.303,0.697,23,25,24,26,2,1,,2.0,6.0,2,2.29,-0.24,-0.24,34.7,,,,,,batter
FF,2024-07-07,94.6,1.82,5.65,"Mitchell, Garrett",669003,680736,,swinging_strike,,,,,2,,R,L,L,LAD,MIL,S,,,0,0,2024,0.45,1.29,-0.0957397411472678,3.009142728169227,,,,2,4,Top,,,,,,,-5.861658018821456,-137.73276151926115,-4.0448227533959225,6.951302517502584,29.4626350629432,-15.069652846465871,3.38,1.62,,,,93.0,2363,5.2,746122,669257,518692,621035,571771,500743,678246,681624,606192,55.29,,,,,,,,29,1,4-Seam Fastball,0,2,2,0,2,0,2,0,Standard,Standard,144,0.001,-0.041,73.5,6.6,0.257232072,,0.041,,-2,2,0.302,0.698,23,25,24,26,2,1,,2.0,6.0,2,1.25,0.45,0.45,40.2,7.1231468329167225,24.961172649513166,33.69203438477402,38.1603307862011,17.92144417744069,batter
ST,2024-07-07,73.3,3.37,4.58,"Mitchell, Garrett",669003,642232,walk,ball,,,,,13,Garrett Mitchell walks.,R,L,L,LAD,MIL,B,,,3,2,2024,-1.36,-0.01,-1.7163305383794176,1.3555888831912863,592885.0,642715.0,,1,8,Top,,,,,,,-7.968228050509758,-106.3829911936403,0.9779691230592766,-8.739460196452773,20.43329593358614,-32.72237180140963,3.25267136651871,1.56224112623645,,,,73.5,2210,6.8,746122,669257,518692,621035,571771,500743,678246,681624,606192,53.66,,0.689131,0.7,1.0,0.0,0.0,,65,7,Sweeper,2,5,5,2,5,2,5,2,Strategic,Standard,273,-0.001,0.185,,,,,-0.185,,-3,3,0.046,0.954,32,25,33,26,1,3,4.0,2.0,4.0,2,4.32,-1.36,-1.36,10.5,,,,,,batter
CH,2024-07-07,78.0,3.18,4.64,"Mitchell, Garrett",669003,642232,,ball,,,,,14,,R,L,L,LAD,MIL,B,,,2,2,2024,1.16,0.24,1.7702418886393436,2.2760901013449977,592885.0,642715.0,,1,8,Top,,,,,,,-5.183821133895103,-113.55847898229958,1.3480371130729345,11.02547180412297,20.47360030603072,-30.541601298723915,3.27182180232316,1.62019121235538,,,,78.3,1751,6.4,746122,669257,518692,621035,571771,500743,678246,681624,606192,54.06,,,,,,,,65,6,Changeup,2,5,5,2,5,2,5,2,Strategic,Standard,79,-0.004,0.039,,,,,-0.039,,-3,3,0.05,0.95,32,25,33,26,1,3,4.0,2.0,4.0,2,3.5,1.16,1.16,10.2,,,,,,batter
ST,2024-07-07,73.1,3.45,4.6,"Mitchell, Garrett",669003,642232,,foul,,,,,6,,R,L,L,LAD,MIL,S,,,2,2,2024,-1.12,0.41,0.3993254063901392,2.555757032742307,592885.0,642715.0,,1,8,Top,,,,,,,-4.200845621669298,-106.36703046678726,2.552299369802226,-7.691600530410628,19.271366653295622,-29.787384568524818,3.38,1.62,359.0,102.6,30.0,72.8,2275,6.2,746122,669257,518692,621035,571771,500743,678246,681624,606192,54.34,,,,,,,,65,5,Sweeper,2,5,5,2,5,2,5,2,Strategic,Standard,268,0.0,0.0,74.7,8.0,,,0.0,102.6,-3,3,0.05,0.95,32,25,33,26,1,3,4.0,2.0,4.0,2,3.88,-1.12,-1.12,8.6,27.334531725193123,-30.94916317418012,37.63247269391524,27.19126069686158,42.19186721480841,batter
SV,2024-07-07,71.7,3.41,4.55,"Mitchell, Garrett",669003,642232,,ball,,,,,13,,R,L,L,LAD,MIL,B,,,1,2,2024,-1.25,-0.2,-0.3856494265805059,0.8985113794273456,592885.0,642715.0,,1,8,Top,,,,,,,-5.400325224358587,-104.30646385915269,0.6692894987760745,-8.099168991518573,18.60889723110212,-33.9918076778247,3.25113456671612,1.59277956794887,,,,71.6,2285,6.3,746122,669257,518692,621035,571771,500743,678246,681624,606192,54.16,,,,,,,,65,4,Slurve,2,5,5,2,5,2,5,2,Strategic,Standard,272,-0.003,0.015,,,,,-0.015,,-3,3,0.053,0.947,32,25,33,26,1,3,4.0,2.0,4.0,2,4.66,-1.25,-1.25,7.5,,,,,,batter
ST,2024-07-07,71.4,3.43,4.59,"Mitchell, Garrett",669003,642232,,ball,,,,,14,,R,L,L,LAD,MIL,B,,,0,2,2024,-1.24,0.21,1.4442058833714335,2.146161850950996,592885.0,642715.0,,1,8,Top,,,,,,,-1.819900298414565,-103.92798756350258,2.322572679363649,-8.720322716310777,16.778573539357264,-31.23082952497548,3.3296431196829,1.60738844230949,,,,71.4,2256,6.2,746122,669257,518692,621035,571771,500743,678246,681624,606192,54.34,,,,,,,,65,3,Sweeper,2,5,5,2,5,2,5,2,Strategic,Standard,265,-0.003,0.007,,,,,-0.007,,-3,3,0.056,0.944,32,25,33,26,1,3,4.0,2.0,4.0,2,4.25,-1.24,-1.24,7.3,,,,,,batter
ST,2024-07-07,71.5,3.41,4.64,"Mitchell, Garrett",669003,642232,,swinging_strike,,,,,4,,R,L,L,LAD,MIL,S,,,0,1,2024,-1.44,0.0,-0.5125471463623508,2.384137228636139,592885.0,642715.0,,1,8,Top,,,,,,,-5.3044385361717445,-103.9368616370005,3.166677101724785,-9.389775010387163,19.32080791485527,-33.0126255308508,3.38,1.62,,,,71.2,2159,6.4,746122,669257,518692,621035,571771,500743,678246,681624,606192,54.11,,,,,,,,65,2,Sweeper,2,5,5,2,5,2,5,2,Strategic,Standard,271,0.006,-0.087,72.0,8.3,5.837278656,,0.087,,-3,3,0.05,0.95,32,25,33,26,1,3,4.0,2.0,4.0,2,4.51,-1.44,-1.44,11.5,28.986394638461853,-32.86299152653824,32.582872372578755,38.48951490967748,53.221172516329645,batter
ST,2024-07-07,71.8,3.42,4.71,"Mitchell, Garrett",669003,642232,,swinging_strike,,,,,5,,R,L,L,LAD,MIL,S,,,0,0,2024,-1.23,0.31,0.1254074017205159,2.4498356430444934,592885.0,642715.0,,1,8,Top,,,,,,,-4.444731013360422,-104.49226143994298,2.5272622819417423,-8.20885821047656,18.40955091142165,-30.56740871146302,3.38,1.62,,,,71.8,2188,6.4,746122,669257,518692,621035,571771,500743,678246,681624,606192,54.12,,,,,,,,65,1,Sweeper,2,5,5,2,5,2,5,2,Strategic,Standard,269,0.004,-0.054,74.5,8.5,4.123199496,,0.054,,-3,3,0.046,0.954,32,25,33,26,1,3,4.0,2.0,4.0,2,4.12,-1.23,-1.23,10.6,30.076665755338425,-41.489500895100846,34.52421130880829,31.8009255340885,53.55342655557328,batter
FF,2024-07-07,93.6,1.81,5.74,"Mitchell, Garrett",669003,680736,field_out,hit_into_play,,,,,6,"Garrett Mitchell grounds out, second baseman Chris Taylor to first baseman Freddie Freeman.",R,L,L,LAD,MIL,X,4.0,ground_ball,1,0,2024,0.56,1.36,0.8250414909871682,2.81160194188361,,,,1,2,Top,136.8,148.1,,,,,-3.711358047493532,-136.23782281422947,-4.72862445344567,7.832263769112686,30.71803515948724,-14.373725764593567,3.38,1.62,136.0,65.9,14.0,91.8,2246,5.3,746122,669257,518692,621035,571771,500743,678246,681624,606192,55.24,0.292,0.263,0.0,1.0,0.0,0.0,2.0,10,2,4-Seam Fastball,0,0,0,0,0,0,0,0,Standard,Standard,144,0.02,-0.295,66.2,6.6,,0.302,0.295,88.0,0,0,0.52,0.48,23,25,24,26,1,0,,2.0,6.0,2,1.24,0.56,0.56,42.4,9.352148059177647,4.413015403149802,35.75193648962468,25.37803920481464,24.892795812937685,batter
FF,2024-07-07,94.6,1.71,5.68,"Mitchell, Garrett",669003,680736,,ball,,,,,2,,R,L,L,LAD,MIL,B,,,0,0,2024,0.55,1.37,0.214379434138526,3.780318529079399,,,,1,2,Top,,,,,,,-5.038880050227721,-137.70565027670406,-2.2888976283063145,8.12547393559298,30.83672286211509,-14.442135518397148,3.69083519752121,1.86355098448006,,,,92.9,2348,5.3,746122,669257,518692,621035,571771,500743,678246,681624,606192,55.2,,,,,,,,10,1,4-Seam Fastball,0,0,0,0,0,0,0,0,Standard,Standard,144,-0.003,0.039,,,,,-0.039,,0,0,0.523,0.477,23,25,24,26,1,0,,2.0,6.0,2,1.18,0.55,0.55,41.2,,,,,,batter
SI,2024-07-07,95.9,2.9,5.28,"Mitchell, Garrett",669003,607455,double,hit_into_play,,,,,6,Garrett Mitchell doubles (1) on a ground ball to left fielder Miguel Vargas. Christian Yelich scores. Willy Adames to 3rd.,R,L,L,LAD,MIL,X,7.0,ground_ball,0,0,2024,1.3,0.69,0.3628093928812042,2.735127448490866,,592885.0,642715.0,2,9,Top,66.98,145.97,,,,,-9.655864261944574,-139.40260149458285,-2.682422527483702,19.09429012223565,30.9715805396932,-22.812438879732667,3.38,1.62,9.0,84.7,-15.0,96.1,2206,6.5,746122,669257,624415,666158,621035,571771,678246,681546,681624,54.04,0.09,0.081,1.25,1.0,1.0,1.0,2.0,78,1,Sinker,2,8,8,2,9,2,9,2,Standard,Standard,136,-0.002,0.976,63.8,5.8,,0.117,-0.976,88.0,-6,6,0.003,0.997,30,25,31,26,1,4,3.0,2.0,3.0,2,1.8,1.3,1.3,37.5,-6.45969535941858,40.93782672110623,33.729969113011514,33.50636716976179,10.388349869573675,batter
FF,2024-07-07,94.4,-1.82,4.85,"Mitchell, Garrett",669003,670990,strikeout,swinging_strike,,,,,1,Garrett Mitchell strikes out swinging.,R,L,R,LAD,MIL,S,2.0,,1,2,2024,-0.67,0.83,-0.4849952465314973,3.1501220184322856,656555.0,,,2,6,Top,,,,,,,5.039882078251648,-137.4228622660599,-0.606905465035758,-9.601030316964762,28.95585830781156,-21.64431415087433,3.38,1.62,,,,95.8,2274,7.0,746122,669257,518692,621035,571771,500743,678246,681624,606192,53.52,,0.0,0.0,1.0,0.0,0.0,,48,4,4-Seam Fastball,0,4,4,0,4,0,4,0,Standard,Standard,243,0.009,-0.184,64.0,5.4,0.531872484,,0.184,,-4,4,0.089,0.911,29,25,29,26,1,2,4.0,2.0,2.0,2,1.71,0.67,-0.67,18.1,-4.309067393977109,40.09213570120556,27.68215751436568,40.36899837939294,4.387356128816911,batter
CU,2024-07-07,82.3,-1.55,5.56,"Mitchell, Garrett",669003,670990,,blocked_ball,,,,,14,,R,L,R,LAD,MIL,B,,,0,2,2024,0.73,-0.89,1.860465187981199,0.3333080195877813,656555.0,,,2,6,Top,,,,,,,6.390112188140492,-119.76895205793583,-3.622654750849061,5.793800612520744,23.66003788839849,-40.17199765212762,3.24850347067778,1.4900552371772,,,,83.2,2347,6.9,746122,669257,518692,621035,571771,500743,678246,681624,606192,53.59,,,,,,,,48,3,Curveball,0,4,4,0,4,0,4,0,Standard,Standard,36,-0.001,0.018,,,,,-0.018,,-4,4,0.09,0.91,29,25,29,26,1,2,4.0,2.0,2.0,2,4.26,-0.73,0.73,35.0,,,,,,batter
CU,2024-07-07,81.7,-1.51,5.49,"Mitchell, Garrett",669003,670990,,swinging_strike,,,,,14,,R,L,R,LAD,MIL,S,,,0,1,2024,0.89,-0.92,0.8660722907171663,1.2240739795903637,656555.0,,,2,6,Top,,,,,,,3.687719112166589,-119.08381667020504,-1.3093015341321188,7.80683293017258,21.622979536009694,-40.97525002205816,3.38,1.62,,,,82.7,2411,6.7,746122,669257,518692,621035,571771,500743,678246,681624,606192,53.77,,,,,,,,48,2,Curveball,0,4,4,0,4,0,4,0,Standard,Standard,40,0.003,-0.058,60.1,7.7,3.754072992,,0.058,,-4,4,0.087,0.913,29,25,29,26,1,2,4.0,2.0,2.0,2,4.31,-0.89,0.89,36.9,13.271614365539657,-8.382647976038134,36.22450250905357,26.201381077727927,33.9529191767931,batter
FF,2024-07-07,94.7,-1.93,4.85,"Mitchell, Garrett",669003,670990,,called_strike,,,,,1,,R,L,R,LAD,MIL,S,,,0,0,2024,-0.89,0.93,-0.5823498406441163,3.053249692892349,656555.0,,,2,6,Top,,,,,,,5.590096055198217,-137.94612771430937,-1.1807132160184746,-12.609922260361222,26.42331797837825,-20.11483620407939,3.36044531374548,1.57009736705206,,,,96.7,2362,7.1,746122,669257,518692,621035,571771,500743,678246,681624,606192,53.45,,,,,,,,48,1,4-Seam Fastball,0,4,4,0,4,0,4,0,Standard,Standard,238,0.002,-0.039,,,,,0.039,,-4,4,0.085,0.915,29,25,29,26,1,2,4.0,2.0,2.0,2,1.58,0.89,-0.89,18.9,,,,,,batter
SI,2024-07-05,97.4,-1.65,6.07,"Mitchell, Garrett",669003,607192,field_error,hit_into_play,,,,,5,Garrett Mitchell reaches on a fielding error by second baseman Gavin Lux.,R,L,R,LAD,MIL,X,4.0,ground_ball,3,2,2024,-0.71,1.14,0.0004307821234912,2.330385545183572,,,,2,6,Top,147.17,165.33,,,,,6.169262607575817,-141.73809892139514,-7.3167930707916735,-10.93098854668976,29.325058803511467,-15.30758019699208,3.33,1.6,2.0,54.4,-49.0,99.4,2422,7.2,746127,669257,518692,666158,621035,500743,678246,681624,606192,53.32,0.283,0.334,0.9,1.0,0.0,0.0,1.0,46,7,Sinker,4,5,5,4,5,4,5,4,Infield shade,Standard,188,-0.012,0.312,74.0,6.7,,0.29,-0.312,88.0,-1,1,0.382,0.618,30,25,31,26,3,2,6.0,1.0,19.0,2,1.24,0.71,-0.71,60.6,11.563484838920957,5.488454041843256,36.53032680764964,33.15446459926899,22.050915880643608,batter
SL,2024-07-05,90.1,-1.65,5.97,"Mitchell, Garrett",669003,607192,,ball,,,,,14,,R,L,R,LAD,MIL,B,,,2,2,2024,0.0,-0.11,0.9528098525325732,1.3101314897789726,,,,2,6,Top,,,,,,,6.629850857386863,-131.18463079913548,-5.603936324242237,-1.1118756209537235,22.64727143773957,-32.660911297422246,3.26837389828871,1.51055434672501,,,,93.2,2803,7.7,746127,669257,518692,666158,621035,500743,678246,681624,606192,52.81,,,,,,,,46,6,Slider,4,5,5,4,5,4,5,4,Infield shade,Standard,38,-0.004,0.106,,,,,-0.106,,-1,1,0.386,0.614,30,25,31,26,3,2,6.0,1.0,19.0,2,2.87,0.0,0.0,57.8,,,,,,batter
SL,2024-07-05,89.0,-1.75,6.05,"Mitchell, Garrett",669003,607192,,foul,,,,,9,,R,L,R,LAD,MIL,S,,,2,2,2024,0.11,-0.2,0.6659441066720131,2.0180682157646603,,,,2,6,Top,,,,,,,5.8051331406395645,-129.56820971494497,-3.5554273674790915,0.0948614010834213,24.558697593754022,-33.90991052564078,3.33,1.6,4.0,80.3,-27.0,90.8,2671,7.2,746127,669257,518692,666158,621035,500743,678246,681624,606192,53.34,,,,,,,,46,5,Slider,4,5,5,4,5,4,5,4,Infield shade,Standard,37,0.0,0.0,56.0,6.4,,,0.0,88.0,-1,1,0.386,0.614,30,25,31,26,3,2,6.0,1.0,19.0,2,3.05,-0.11,0.11,56.3,4.893289870043942,22.63101613122515,33.49862927217862,26.119409367750567,20.3948590156537,batter
SI,2024-07-05,96.8,-1.54,6.05,"Mitchell, Garrett",669003,607192,,ball,,,,,12,,R,L,R,LAD,MIL,B,,,1,2,2024,-0.95,1.0,0.4466935371273354,4.62254488251784,,,,2,6,Top,,,,,,,7.589436349123097,-140.83191641539798,-0.5420102831402552,-14.386852397510884,31.55591604956976,-18.916146095640528,3.35376855404466,1.66122286383027,,,,98.2,2502,7.0,746127,669257,518692,666158,621035,500743,678246,681624,606192,53.46,,,,,,,,46,4,Sinker,4,5,5,4,5,4,5,4,Infield shade,Standard,191,-0.002,0.039,,,,,-0.039,,-1,1,0.388,0.612,30,25,31,26,3,2,6.0,1.0,19.0,2,1.43,0.95,-0.95,54.4,,,,,,batter
FF,2024-07-05,96.0,-1.46,6.08,"Mitchell, Garrett",669003,607192,,called_strike,,,,,1,,R,L,R,LAD,MIL,S,,,1,1,2024,-0.26,1.4,-0.5159002422371686,3.231410712423965,,,,2,6,Top,,,,,,,3.173879608645258,-139.76488454145917,-5.288552415637379,-4.079134274091535,29.53406201909449,-12.7944741476468,3.31249941917872,1.68364436304316,,,,98.8,2602,7.7,746127,669257,518692,666158,621035,500743,678246,681624,606192,52.83,,,,,,,,46,3,4-Seam Fastball,4,5,5,4,5,4,5,4,Infield shade,Standard,185,0.003,-0.064,,,,,0.064,,-1,1,0.385,0.615,30,25,31,26,3,2,6.0,1.0,19.0,2,1.06,0.26,-0.26,64.4,,,,,,batter
CU,2024-07-05,83.9,-1.54,6.15,"Mitchell, Garrett",669003,607192,,ball,,,,,14,,R,L,R,LAD,MIL,B,,,0,1,2024,0.15,-1.03,0.7656407541592424,0.5019118669737752,,,,2,6,Top,,,,,,,5.094657762567969,-122.12285725342896,-4.682874131571412,0.5485739872368897,23.56545974271281,-41.78648336324982,3.41052635695405,1.58915480807524,,,,85.1,2790,7.0,746127,669257,518692,666158,621035,500743,678246,681624,606192,53.5,,,,,,,,46,2,Curveball,4,5,5,4,5,4,5,4,Infield shade,Standard,14,-0.001,0.029,,,,,-0.029,,-1,1,0.386,0.614,30,25,31,26,3,2,6.0,1.0,19.0,2,4.26,-0.15,0.15,59.5,,,,,,batter
CU,2024-07-05,82.4,-1.53,6.15,"Mitchell, Garrett",669003,607192,,swinging_strike,,,,,7,,R,L,R,LAD,MIL,S,,,0,0,2024,0.15,-1.08,-0.3226798004486574,1.9940648118280933,,,,2,6,Top,,,,,,,2.489567529163674,-120.07107923244034,-0.8703027708208453,1.0167208416782616,22.25767432976825,-42.670815496623206,3.33,1.6,,,,83.6,2676,6.9,746127,669257,518692,666158,621035,500743,678246,681624,606192,53.58,,,,,,,,46,1,Curveball,4,5,5,4,5,4,5,4,Standard,Standard,10,0.002,-0.041,75.4,8.4,2.545031184,,0.041,,-1,1,0.384,0.616,30,25,31,26,3,2,6.0,1.0,19.0,2,4.41,-0.15,0.15,60.4,19.3588470200394,-17.25066387003946,31.842168064582403,39.38188438101612,40.60739858480756,batter
FF,2024-07-05,97.8,-1.46,5.96,"Mitchell, Garrett",669003,607192,walk,blocked_ball,,,,,14,Garrett Mitchell walks.,R,L,R,LAD,MIL,B,,,3,2,2024,-0.11,1.44,0.8466063380153109,0.5317209138242522,661388.0,642715.0,,1,4,Top,,,,,,,6.661292831590838,-141.92699682269355,-12.824333079853522,-2.948915479601633,30.07062562461138,-9.961792023560545,3.32982318770224,1.58092192928132,,,,100.8,2521,7.9,746127,669257,518692,666158,621035,500743,678246,681624,606192,52.61,,0.689131,0.7,1.0,0.0,0.0,,27,6,4-Seam Fastball,2,1,1,2,1,2,1,2,Standard,Standard,195,-0.015,0.185,,,,,-0.185,,1,-1,0.508,0.492,30,25,31,26,2,1,6.0,1.0,19.0,2,0.94,0.11,-0.11,54.2,,,,,,batter
FF,2024-07-05,98.2,-1.45,6.01,"Mitchell, Garrett",669003,607192,,ball,,,,,14,,R,L,R,LAD,MIL,B,,,2,2,2024,-0.03,1.47,0.1882999110960818,1.462636200014991,661388.0,,642715.0,1,4,Top,,,,,,,4.630836669895844,-142.63857163991062,-10.49972380805846,-1.4731847834760827,31.74841085854017,-9.843696058783708,3.37244027553412,1.59972023914206,,,,100.6,2578,7.6,746127,669257,518692,666158,621035,500743,678246,681624,606192,52.88,,,,,,,,27,5,4-Seam Fastball,2,1,1,2,1,2,1,2,Standard,Standard,194,-0.043,0.078,,,,,-0.078,,1,-1,0.551,0.449,30,25,31,26,2,1,6.0,1.0,19.0,2,0.89,0.03,-0.03,62.8,,,,,,batter
FF,2024-07-05,97.2,-1.48,5.99,"Mitchell, Garrett",669003,607192,,called_strike,,,,,9,,R,L,R,LAD,MIL,S,,,2,1,2024,-0.04,1.42,0.4914956713599068,1.9648864392436565,661388.0,,642715.0,1,4,Top,,,,,,,5.463616009788473,-141.24814497608332,-8.665001521032716,-1.769788466573143,31.15577542350337,-11.318800485181006,3.4102145880667,1.59849878360298,,,,98.9,2465,7.2,746127,669257,518692,666158,621035,500743,678246,681624,606192,53.28,,,,,,,,27,4,4-Seam Fastball,2,1,1,2,1,2,1,2,Standard,Standard,199,0.018,-0.074,,,,,0.074,,1,-1,0.533,0.467,30,25,31,26,2,1,6.0,1.0,19.0,2,0.99,0.04,-0.04,63.7,,,,,,batter
FF,2024-07-05,97.3,-1.45,5.99,"Mitchell, Garrett",669003,607192,,called_strike,,,,,1,,R,L,R,LAD,MIL,S,,,2,0,2024,0.16,1.32,-0.3702596774363939,2.92993029044263,661388.0,,642715.0,1,4,Top,,,,,,,2.606938856908342,-141.7415318297851,-5.906701279722308,1.6142699256510815,30.35312768355649,-13.185393179689903,3.45210984109471,1.57710214459598,,,,100.0,2516,7.6,746127,669257,518692,666158,621035,500743,678246,681624,606192,52.9,,,,,,,,27,3,4-Seam Fastball,2,1,1,2,1,2,1,2,Standard,Standard,192,0.009,-0.066,,,,,0.066,,1,-1,0.524,0.476,30,25,31,26,2,1,6.0,1.0,19.0,2,1.07,-0.16,0.16,58.3,,,,,,batter
SL,2024-07-05,91.7,-1.93,5.79,"Mitchell, Garrett",669003,607192,,blocked_ball,,,,,14,,R,L,R,LAD,MIL,B,,,1,0,2024,0.19,0.32,1.102515119969574,0.1921339971456142,661388.0,,642715.0,1,4,Top,,,,,,,7.456913688169295,-133.27212490387998,-9.273648219136804,0.8525571648252135,25.368144586230496,-26.64520969184393,3.45875745882899,1.67936168009592,,,,94.6,2816,7.8,746127,669257,518692,666158,621035,500743,678246,681624,606192,52.72,,,,,,,,27,2,Slider,2,1,1,2,1,2,1,2,Standard,Standard,149,-0.009,0.028,,,,,-0.028,,1,-1,0.533,0.467,30,25,31,26,2,1,6.0,1.0,19.0,2,2.37,-0.19,0.19,51.4,,,,,,batter
SL,2024-07-05,91.0,-2.09,5.81,"Mitchell, Garrett",669003,607192,,ball,,,,,14,,R,L,R,LAD,MIL,B,,,0,0,2024,0.23,0.43,1.1058216226984006,2.286882194001338,661388.0,,642715.0,1,4,Top,,,,,,,7.683458562409738,-132.33292549963136,-3.922967120517239,1.121468247763575,26.82118284481393,-26.53298707709522,3.49811456693991,1.65469923083763,,,,92.9,2731,7.3,746127,669257,518692,666158,621035,500743,678246,681624,606192,53.15,,,,,,,,27,1,Slider,2,1,1,2,1,2,1,2,Standard,Standard,159,-0.005,0.024,,,,,-0.024,,1,-1,0.538,0.462,30,25,31,26,2,1,6.0,1.0,19.0,2,2.32,-0.23,0.23,48.8,,,,,,batter
FF,2024-07-05,96.9,-1.41,6.07,"Mitchell, Garrett",669003,607192,strikeout,called_strike,,,,,5,Garrett Mitchell called out on strikes.,R,L,R,LAD,MIL,S,2.0,,3,2,2024,-0.16,1.2,0.2255862669535493,2.675344828669776,,,,1,2,Top,,,,,,,4.846404660613056,-141.1315569549006,-6.458911398848471,-3.157724812817934,28.541431075099627,-14.931122862074083,3.39773770731496,1.60450920363688,,,,99.5,2433,7.5,746127,669257,518692,666158,621035,500743,678246,681624,606192,53.05,,0.0,0.0,1.0,0.0,0.0,,10,7,4-Seam Fastball,1,0,0,1,0,1,0,1,Strategic,Standard,188,0.022,-0.332,,,,,0.332,,1,-1,0.623,0.377,30,25,31,26,1,0,6.0,1.0,19.0,2,1.21,0.16,-0.16,63.6,,,,,,batter
FF,2024-07-05,98.2,-1.36,6.1,"Mitchell, Garrett",669003,607192,,ball,,,,,11,,R,L,R,LAD,MIL,B,,,2,2,2024,0.13,1.46,-0.4825328315191963,3.8167889364209824,,,,1,2,Top,,,,,,,2.126544808878021,-142.99506653335996,-4.2185578555295065,1.2931448267336136,31.919596917644835,-11.302175529751633,3.47022875141431,1.61226701888609,,,,100.4,2494,7.4,746127,669257,518692,666158,621035,500743,678246,681624,606192,53.09,,,,,,,,10,6,4-Seam Fastball,1,0,0,1,0,1,0,1,Strategic,Standard,188,-0.007,0.108,,,,,-0.108,,1,-1,0.63,0.37,30,25,31,26,1,0,6.0,1.0,19.0,2,0.89,-0.13,0.13,64.0,,,,,,batter
CU,2024-07-05,84.5,-1.37,6.14,"Mitchell, Garrett",669003,607192,,ball,,,,,14,,R,L,R,LAD,MIL,B,,,1,2,2024,0.14,-1.13,0.9597837486034716,1.2771366637903734,,,,1,2,Top,,,,,,,5.22321405043661,-122.95907449748977,-2.739918347501204,0.4250021744306525,24.4259015933378,-43.29781558348999,3.412291305969,1.58647347886421,,,,85.9,2709,7.2,746127,669257,518692,666158,621035,500743,678246,681624,606192,53.34,,,,,,,,10,5,Curveball,1,0,0,1,0,1,0,1,Strategic,Standard,9,-0.002,0.043,,,,,-0.043,,1,-1,0.632,0.368,30,25,31,26,1,0,6.0,1.0,19.0,2,4.32,-0.14,0.14,59.6,,,,,,batter
CU,2024-07-05,86.5,-1.53,6.08,"Mitchell, Garrett",669003,607192,,ball,,,,,14,,R,L,R,LAD,MIL,B,,,0,2,2024,0.1,-0.84,0.728061679743591,-2.760448679588708,,,,1,2,Top,,,,,,,5.261805587065866,-125.33025601455994,-13.232873730484208,-0.092454491138323,27.77765346971865,-38.26315855924449,3.46124142586087,1.57156445898609,,,,87.6,2700,7.4,746127,669257,518692,666158,621035,500743,678246,681624,606192,53.08,,,,,,,,10,4,Curveball,1,0,0,1,0,1,0,1,Strategic,Standard,357,-0.002,0.02,,,,,-0.02,,1,-1,0.634,0.366,30,25,31,26,1,0,6.0,1.0,19.0,2,3.94,-0.1,0.1,58.1,,,,,,batter
FF,2024-07-05,98.1,-1.35,6.17,"Mitchell, Garrett",669003,607192,,foul,,,,,3,,R,L,R,LAD,MIL,S,,,0,2,2024,0.07,1.43,0.4012218684874758,3.404095144668038,,,,1,2,Top,,,,,,,4.662512487624568,-142.80604033443538,-5.444503392317537,-0.0806171339943153,32.16633939020366,-11.496025120243578,3.33,1.6,,,,100.3,2567,7.4,746127,669257,518692,666158,621035,500743,678246,681624,606192,53.06,,,,,,,,10,3,4-Seam Fastball,1,0,0,1,0,1,0,1,Strategic,Standard,191,0.0,0.0,,,,,0.0,,1,-1,0.634,0.366,30,25,31,26,1,0,6.0,1.0,19.0,2,0.93,-0.07,0.07,64.3,,,,,,batter
CU,2024-07-05,83.8,-1.46,6.27,"Mitchell, Garrett",669003,607192,,foul,,,,,2,,R,L,R,LAD,MIL,S,,,0,1,2024,0.54,-1.11,0.1311724999170041,3.251997643506701,,,,1,2,Top,,,,,,,2.644300430681492,-122.0240329838018,1.6265044153067951,4.901324803085555,22.74972167099464,-43.82329837338159,3.33,1.6,99.0,76.6,8.0,85.2,2693,7.0,746127,669257,518692,666158,621035,500743,678246,681624,606192,53.45,,,,,,,,10,2,Curveball,1,0,0,1,0,1,0,1,Standard,Standard,11,0.004,-0.057,59.2,5.3,,,0.057,88.0,1,-1,0.63,0.37,30,25,31,26,1,0,6.0,1.0,19.0,2,4.34,-0.54,0.54,58.1,-11.502740928826295,45.17557029691501,34.53129373282686,32.96524879171217,9.310905803128035,batter
CU,2024-07-05,81.8,-1.51,6.23,"Mitchell, Garrett",669003,607192,,called_strike,,,,,1,,R,L,R,LAD,MIL,S,,,0,0,2024,0.31,-1.28,-0.7848801791518208,3.484154790349553,,,,1,2,Top,,,,,,,1.055074620473652,-119.17680413011765,2.888937242518347,2.744505349483503,22.412099133637238,-45.10644494659537,3.40251325844881,1.60766115127401,,,,83.3,2777,7.2,746127,669257,518692,666158,621035,500743,678246,681624,606192,53.34,,,,,,,,10,1,Curveball,1,0,0,1,0,1,0,1,Standard,Standard,15,0.003,-0.037,,,,,0.037,,1,-1,0.627,0.373,30,25,31,26,1,0,6.0,1.0,19.0,2,4.67,-0.31,0.31,65.0,,,,,,batter
FC,2024-07-05,92.2,-2.75,5.22,"Mitchell, Garrett",669003,623465,strikeout,swinging_strike,,,,,2,Garrett Mitchell strikes out swinging.,R,L,R,LAD,MIL,S,2.0,,2,2,2024,0.1,0.78,0.0354952840705417,3.3526440200145764,,,,1,9,Top,,,,,,,6.885966038732679,-134.12662429246592,-0.5945361340092318,-0.267418256362848,28.96872982877366,-22.87676494012776,3.33,1.6,,,,92.4,2514,6.4,746127,669257,518692,666158,571771,500743,621035,681624,606192,54.08,,0.0,0.0,1.0,0.0,0.0,,73,5,Cutter,8,5,5,8,5,8,5,8,Strategic,Standard,200,0.009,-0.225,76.3,5.7,0.339492516,,0.225,,3,-3,0.987,0.013,29,25,30,26,1,3,3.0,1.0,1.0,2,1.91,-0.1,0.1,25.6,3.0666202448220186,30.74577484143502,32.36878623910969,33.332923843391114,11.661302060632476,batter
ST,2024-07-05,83.7,-2.85,5.14,"Mitchell, Garrett",669003,623465,,ball,,,,,14,,R,L,R,LAD,MIL,B,,,1,2,2024,1.48,0.17,0.9460328332393776,0.8295034429214914,,,,1,9,Top,,,,,,,5.836967008615725,-121.82318724200051,-3.864431182423467,13.516660832576298,24.80245500566127,-29.862964103122906,3.32544433765682,1.59711401887889,,,,83.8,2791,6.4,746127,669257,518692,666158,571771,500743,621035,681624,606192,54.1,,,,,,,,73,4,Sweeper,8,5,5,8,5,8,5,8,Strategic,Standard,55,-0.001,0.043,,,,,-0.043,,3,-3,0.988,0.012,29,25,30,26,1,3,3.0,1.0,1.0,2,3.09,-1.48,1.48,21.9,,,,,,batter
SI,2024-07-05,95.6,-2.73,5.23,"Mitchell, Garrett",669003,623465,,foul_tip,,,,,1,,R,L,R,LAD,MIL,S,,,1,1,2024,-1.43,0.44,-0.5334438877076151,2.85631454249042,,,,1,9,Top,,,,,,,9.030916845699227,-138.92372301864677,-1.6228802107191576,-20.583108234379143,31.43586357565441,-26.278384464790182,3.33,1.6,,,,95.7,2482,6.5,746127,669257,518692,666158,571771,500743,621035,681624,606192,54.03,,,,,,,,73,3,Sinker,8,5,5,8,5,8,5,8,Standard,Standard,219,0.002,-0.061,76.6,6.3,,,0.061,,3,-3,0.986,0.014,29,25,30,26,1,3,3.0,1.0,1.0,2,2.06,1.43,-1.43,24.8,4.021708366340091,24.78422704353193,32.51734684744508,41.31955114791762,15.003011093073114,batter
ST,2024-07-05,82.0,-2.93,5.16,"Mitchell, Garrett",669003,623465,,called_strike,,,,,13,,R,L,R,LAD,MIL,S,,,1,0,2024,1.51,0.19,-1.1299754283719905,2.217940758984688,,,,1,9,Top,,,,,,,1.1476862787485178,-119.51183445157795,-0.4562001894694703,14.226009723981871,23.752822595388995,-30.48470929214676,3.42479387601508,1.6968908026088,,,,82.6,2698,6.7,746127,669257,518692,666158,571771,500743,621035,681624,606192,53.81,,,,,,,,73,2,Sweeper,8,5,5,8,5,8,5,8,Standard,Standard,57,0.003,-0.051,,,,,0.051,,3,-3,0.983,0.017,29,25,30,26,1,3,3.0,1.0,1.0,2,3.2,-1.51,1.51,24.7,,,,,,batter
ST,2024-07-05,83.4,-2.79,5.22,"Mitchell, Garrett",669003,623465,,ball,,,,,14,,R,L,R,LAD,MIL,B,,,0,0,2024,1.58,0.2,0.9943628654861943,2.2243595961121896,,,,1,9,Top,,,,,,,5.616443244572521,-121.37806855107218,-0.8140594650234111,14.3575797865342,25.02209342164311,-30.263796572474693,3.39187371459825,1.63175149662603,,,,83.6,2723,6.5,746127,669257,518692,666158,571771,500743,621035,681624,606192,53.97,,,,,,,,73,1,Sweeper,8,5,5,8,5,8,5,8,Standard,Standard,56,-0.002,0.039,,,,,-0.039,,3,-3,0.985,0.015,29,25,30,26,1,3,3.0,1.0,1.0,2,3.09,-1.58,1.58,25.4,,,,,,batter
FF,2024-07-04,96.1,0.65,5.89,"Mitchell, Garrett",669003,656222,strikeout,called_strike,,,,,7,Garrett Mitchell called out on strikes.,R,L,L,COL,MIL,S,2.0,,2,2,2024,0.36,1.29,-0.7547554979199032,2.099216358465747,694192.0,,655316.0,2,8,Top,,,,,,,-4.586100544841094,-139.92078162360286,-7.5196123506153185,5.632882384493189,27.474342175696933,-13.791074090690708,3.3744365392108,1.68758561795666,,,,97.6,2185,6.8,746532,553869,669911,663898,641857,678662,666134,656541,595909,53.69,,0.0,0.0,1.0,0.0,0.0,,66,5,4-Seam Fastball,4,3,3,4,3,4,3,4,Standard,Standard,149,0.104,-0.238,,,,,0.238,,1,-1,0.763,0.237,30,25,31,26,1,0,2.0,1.0,1.0,1,1.15,0.36,0.36,47.7,,,,,,batter
FC,2024-07-04,85.4,1.04,6.04,"Mitchell, Garrett",669003,656222,,foul,,,,,2,,R,L,L,COL,MIL,S,,,2,1,2024,0.01,0.53,-0.1317966149862452,3.1002720344465606,694192.0,,655316.0,2,8,Top,,,,,,,-2.7766335868550525,-124.54219254219753,-1.8172710330579536,0.5365338052235882,21.23044790256897,-26.41860702849201,3.29,1.6,101.0,74.2,7.0,86.0,2187,6.2,746532,553869,669911,663898,641857,678662,666134,656541,595909,54.28,,,,,,,,66,4,Cutter,4,3,3,4,3,4,3,4,Standard,Standard,139,0.024,-0.057,71.7,6.5,,,0.057,88.0,1,-1,0.739,0.261,30,25,31,26,1,0,2.0,1.0,1.0,1,2.54,0.01,0.01,48.9,4.830538581249506,21.058413093614263,32.17185553510716,37.5502636064878,15.245629529760912,batter
FF,2024-07-04,95.2,0.65,5.91,"Mitchell, Garrett",669003,656222,,ball,,,,,13,,R,L,L,COL,MIL,B,,,1,1,2024,0.72,1.29,-0.9932144083318012,1.2155081709958944,694192.0,,655316.0,2,8,Top,,,,,,,-5.965916758149576,-138.37548816861607,-9.68694918978335,10.46066568473682,27.061240659347614,-13.73178571398928,3.44220285626137,1.64305022760984,,,,96.3,2345,6.7,746532,553869,669911,663898,641857,678662,666134,656541,595909,53.77,,,,,,,,66,3,4-Seam Fastball,4,3,3,4,3,4,3,4,Standard,Standard,145,-0.012,0.024,,,,,-0.024,,1,-1,0.751,0.249,30,25,31,26,1,0,2.0,1.0,1.0,1,1.21,0.72,0.72,52.4,,,,,,batter
FC,2024-07-04,86.5,1.07,6.0,"Mitchell, Garrett",669003,656222,,ball,,,,,11,,R,L,L,COL,MIL,B,,,0,1,2024,0.03,0.62,-1.7359946588901218,2.7090559531606555,694192.0,,655316.0,2,8,Top,,,,,,,-6.760304218589887,-126.02012218387183,-3.0138839826667176,1.4879304108201217,21.677438428212326,-25.144029980143173,3.50145249087808,1.77713175844467,,,,87.2,2203,6.3,746532,553869,669911,663898,641857,678662,666134,656541,595909,54.17,,,,,,,,66,2,Cutter,4,3,3,4,3,4,3,4,Standard,Standard,153,-0.012,0.031,,,,,-0.031,,1,-1,0.763,0.237,30,25,31,26,1,0,2.0,1.0,1.0,1,2.38,0.03,0.03,53.0,,,,,,batter
FC,2024-07-04,85.8,0.99,6.0,"Mitchell, Garrett",669003,656222,,called_strike,,,,,7,,R,L,L,COL,MIL,S,,,0,0,2024,-0.07,0.64,-0.7759995201992664,2.1318931867678166,694192.0,,655316.0,2,8,Top,,,,,,,-4.022032968091258,-124.98116680824178,-4.276484320638836,-0.0409499688303676,21.991043014127207,-24.77801762846844,3.44204283486336,1.64265954019852,,,,86.2,2142,6.2,746532,553869,669911,663898,641857,678662,666134,656541,595909,54.3,,,,,,,,66,1,Cutter,4,3,3,4,3,4,3,4,Standard,Standard,136,0.018,-0.046,,,,,0.046,,1,-1,0.745,0.255,30,25,31,26,1,0,2.0,1.0,1.0,1,2.41,-0.07,-0.07,46.9,,,,,,batter
SI,2024-07-03,90.0,-2.31,6.1,"Mitchell, Garrett",669003,641712,walk,ball,,,,,11,Garrett Mitchell walks. Brice Turang scores. William Contreras to 3rd. Christian Yelich to 2nd.,R,L,R,COL,MIL,B,,,3,0,2024,-0.81,0.23,-1.1613990670537635,2.7655472116251736,668930.0,661388.0,592885.0,2,5,Top,,,,,,,4.585806165124847,-131.19802245899672,-2.9399835701569828,-10.24098098231504,22.58294600657724,-29.10912302749932,3.47262357318795,1.59075761471701,,,,91.0,2115,6.4,746534,553869,669911,663898,641857,668845,666134,686668,595909,54.09,,0.689131,0.7,1.0,0.0,0.0,,38,4,Sinker,0,2,2,0,3,0,3,0,Standard,Standard,224,-0.032,0.117,,,,,-0.117,,-2,2,0.184,0.816,29,25,30,26,3,2,5.0,1.0,38.0,1,2.53,0.81,-0.81,41.2,,,,,,batter
FF,2024-07-03,90.3,-2.41,6.06,"Mitchell, Garrett",669003,641712,,ball,,,,,14,,R,L,R,COL,MIL,B,,,2,0,2024,-0.2,0.56,1.2933090366171511,1.541909334744087,668930.0,661388.0,592885.0,2,5,Top,,,,,,,9.662877408348606,-131.29514277821738,-6.620082672552944,-3.981872929651789,22.350175997907314,-24.583655181247995,3.49614557909496,1.59075761471701,,,,91.2,2341,6.5,746534,553869,669911,663898,641857,668845,666134,686668,595909,54.04,,,,,,,,38,3,4-Seam Fastball,0,2,2,0,2,0,2,0,Standard,Standard,231,-0.024,0.108,,,,,-0.108,,-2,2,0.208,0.792,29,25,30,26,3,2,5.0,1.0,38.0,1,2.2,0.2,-0.2,40.1,,,,,,batter
CH,2024-07-03,84.4,-2.44,6.04,"Mitchell, Garrett",669003,641712,,ball,,,,,11,,R,L,R,COL,MIL,B,,,1,0,2024,-0.67,0.33,-1.8101052005620708,2.711275099613771,668930.0,661388.0,592885.0,2,5,Top,,,,,,,2.8172268804133536,-123.0560269103748,-2.1652404033102166,-7.385159577740459,20.243188382478696,-28.606193653687207,3.54318321128572,1.59075761471701,,,,85.3,1668,6.4,746534,553869,669911,663898,641857,668845,666134,686668,595909,54.12,,,,,,,,38,2,Changeup,0,2,2,0,2,0,2,0,Standard,Standard,231,-0.016,0.088,,,,,-0.088,,-2,2,0.224,0.776,29,25,30,26,3,2,5.0,1.0,38.0,1,2.81,0.67,-0.67,42.7,,,,,,batter
SL,2024-07-03,83.4,-2.67,6.11,"Mitchell, Garrett",669003,641712,,ball,,,,,11,,R,L,R,COL,MIL,B,,,0,0,2024,0.25,-0.04,-1.5466471616912147,3.1456538441247464,668930.0,661388.0,592885.0,2,5,Top,,,,,,,2.1089576141789377,-121.59379606434776,-0.3692021452119807,2.06891356559573,22.00768241042885,-32.68586684942079,3.56669881686224,1.59075761471701,,,,84.1,2530,6.5,746534,553869,669911,663898,641857,668845,666134,686668,595909,54.05,,,,,,,,38,1,Slider,0,2,2,0,2,0,2,0,Standard,Standard,94,-0.008,0.031,,,,,-0.031,,-2,2,0.232,0.768,29,25,30,26,3,2,5.0,1.0,38.0,1,3.28,-0.25,0.25,38.2,,,,,,batter
SL,2024-07-03,85.3,-2.58,6.09,"Mitchell, Garrett",669003,641712,field_out,hit_into_play,,,,,4,"Garrett Mitchell grounds out, second baseman Brendan Rodgers to first baseman Michael Toglia.",R,L,R,COL,MIL,X,4.0,ground_ball,3,2,2024,0.15,-0.08,-0.6881310656254117,2.4797519545701983,661388.0,592885.0,,2,3,Top,138.24,151.82,,,,,4.161468709812989,-124.20905438001658,-2.0606984300753526,0.7169948220245667,24.28636094891525,-32.78798086888473,3.31,1.6,7.0,91.2,-19.0,85.4,2695,6.3,746534,553869,669911,663898,641857,668845,666134,686668,595909,54.23,0.099,0.089,0.0,1.0,0.0,0.0,2.0,21,6,Slider,0,2,2,0,2,0,2,0,Standard,Standard,82,0.048,-0.274,68.7,6.9,,0.126,0.274,91.2,-2,2,0.28,0.72,29,25,30,26,2,1,5.0,1.0,38.0,1,3.2,-0.15,0.15,33.7,14.982491286478249,23.281802061174325,30.989619329729543,42.36313674144581,18.602698046569348,batter
SL,2024-07-03,85.3,-2.5,6.04,"Mitchell, Garrett",669003,641712,,swinging_strike,,,,,9,,R,L,R,COL,MIL,S,,,3,1,2024,0.2,-0.28,0.8099890337488419,2.052009509302949,661388.0,592885.0,,2,3,Top,,,,,,,7.390260424702501,-124.16107394230634,-2.59034493006878,0.7469652560785496,21.95721148838132,-34.86584794235504,3.31,1.6,,,,85.8,2772,6.3,746534,553869,669911,663898,641857,668845,666134,686668,595909,54.16,,,,,,,,21,5,Slider,0,2,2,0,2,0,2,0,Standard,Standard,26,0.003,-0.061,79.1,7.9,1.250752788,,0.061,,-2,2,0.277,0.723,29,25,30,26,2,1,5.0,1.0,38.0,1,3.39,-0.2,0.2,36.6,22.11211448461502,-18.931957329021383,33.34482676767341,24.470871974006524,36.72578087371812,batter
CH,2024-07-03,84.4,-2.46,6.09,"Mitchell, Garrett",669003,641712,,ball,,,,,13,,R,L,R,COL,MIL,B,,,2,1,2024,-0.8,0.05,-1.7105157274203613,2.3518781039105265,661388.0,592885.0,,2,3,Top,,,,,,,3.3563376198274635,-123.12495085172424,-2.5749052164734563,-8.820143278418184,19.37636439971001,-31.463475769176757,3.44713807033175,1.60191834128374,,,,85.4,1856,6.4,746534,553869,669911,663898,641857,668845,666134,686668,595909,54.14,,,,,,,,21,4,Changeup,0,2,2,0,2,0,2,0,Standard,Standard,236,-0.004,0.047,,,,,-0.047,,-2,2,0.281,0.719,29,25,30,26,2,1,5.0,1.0,38.0,1,3.09,0.8,-0.8,35.0,,,,,,batter
CH,2024-07-03,84.3,-2.27,6.11,"Mitchell, Garrett",669003,641712,,swinging_strike,,,,,7,,R,L,R,COL,MIL,S,,,2,0,2024,-0.94,0.12,-0.7348338479403845,1.5345277772736372,661388.0,592885.0,,2,3,Top,,,,,,,5.436792754266802,-122.80957317693452,-4.639175196061403,-10.51027416750891,19.740478777212388,-30.384966809336525,3.31,1.6,,,,85.2,1718,6.4,746534,553869,669911,663898,641857,668845,666134,686668,595909,54.1,,,,,,,,21,3,Changeup,0,2,2,0,2,0,2,0,Standard,Standard,231,0.003,-0.028,75.1,8.0,4.605842496,,0.028,,-2,2,0.278,0.722,29,25,30,26,2,1,5.0,1.0,38.0,1,3.03,0.94,-0.94,36.9,20.93427593125,-9.724061156526792,33.33878318246262,43.83900249113511,39.49161067354367,batter
CU,2024-07-03,81.2,-2.68,6.24,"Mitchell, Garrett",669003,641712,,ball,,,,,11,,R,L,R,COL,MIL,B,,,1,0,2024,0.75,-0.78,-1.437840474924112,2.695633487193672,661388.0,592885.0,,2,3,Top,,,,,,,1.3520525443454716,-118.33220779553017,0.1026604652044986,6.810109361764315,20.689080709660377,-39.73676530099552,3.47796188294446,1.63344416281796,,,,81.4,2818,6.2,746534,553869,669911,663898,641857,668845,666134,686668,595909,54.34,,,,,,,,21,2,Curveball,0,2,2,0,2,0,2,0,Standard,Standard,42,-0.003,0.014,,,,,-0.014,,-2,2,0.281,0.719,29,25,30,26,2,1,5.0,1.0,38.0,1,4.2,-0.75,0.75,39.8,,,,,,batter
CU,2024-07-03,81.3,-2.7,6.19,"Mitchell, Garrett",669003,641712,,ball,,,,,13,,R,L,R,COL,MIL,B,,,0,0,2024,0.8,-0.74,-1.513852459061467,1.5504819020875833,661388.0,592885.0,,2,3,Top,,,,,,,1.10947887001991,-118.46254115397318,-2.436376855803576,7.413459608861232,20.96427250760388,-38.91613949159803,3.40452842366842,1.60841640776488,,,,81.5,2811,6.2,746534,553869,669911,663898,641857,668845,666134,686668,595909,54.32,,,,,,,,21,1,Curveball,0,2,2,0,2,0,2,0,Standard,Standard,41,-0.001,0.021,,,,,-0.021,,-2,2,0.282,0.718,29,25,30,26,2,1,5.0,1.0,38.0,1,4.16,-0.8,0.8,41.7,,,,,,batter
FF,2024-07-03,93.7,-1.9,6.14,"Mitchell, Garrett",669003,663567,field_out,hit_into_play,,,,,6,"Garrett Mitchell grounds out, second baseman Brendan Rodgers to first baseman Michael Toglia.",R,L,R,COL,MIL,X,4.0,ground_ball,1,0,2024,-0.25,1.19,0.2926214735396525,2.418622342337128,,,,0,8,Top,152.18,153.03,,,,,6.205855955216646,-136.3229182550748,-6.5694383789954856,-4.330621001352944,25.668616114225024,-16.11332183648348,3.31,1.6,101.0,102.7,5.0,94.2,2242,6.3,746534,553869,669911,663898,641857,668845,666134,686668,595909,54.21,0.608,0.55,0.0,1.0,0.0,0.0,4.0,57,2,4-Seam Fastball,0,3,3,0,3,0,3,0,Standard,Standard,214,0.007,-0.292,75.0,7.0,,0.662,0.292,102.7,-3,3,0.071,0.929,27,25,27,26,1,3,31.0,1.0,6.0,1,1.38,0.25,-0.25,51.0,9.779555784866105,-0.3321664377141701,38.71670049702209,30.803168310533128,26.456870907574533,batter
FF,2024-07-03,92.8,-1.74,6.01,"Mitchell, Garrett",669003,663567,,ball,,,,,13,,R,L,R,COL,MIL,B,,,0,0,2024,-0.4,1.28,-0.0928468570791239,1.1581561853143596,,,,0,8,Top,,,,,,,5.095764096383893,-134.97224979272238,-9.52189036626403,-5.894865547733678,24.023539965120243,-14.781581541702218,3.44909945455317,1.58828637463192,,,,93.6,2234,6.4,746534,553869,669911,663898,641857,668845,666134,686668,595909,54.14,,,,,,,,57,1,4-Seam Fastball,0,3,3,0,3,0,3,0,Standard,Standard,215,-0.001,0.038,,,,,-0.038,,-3,3,0.072,0.928,27,25,27,26,1,3,31.0,1.0,6.0,1,1.33,0.4,-0.4,51.0,,,,,,batter
SI,2024-07-03,90.1,-2.4,6.25,"Mitchell, Garrett",669003,641712,field_out,hit_into_play,,,,,4,"Garrett Mitchell grounds out, second baseman Brendan Rodgers to first baseman Michael Toglia.",R,L,R,COL,MIL,X,4.0,ground_ball,0,0,2024,-0.79,0.42,-0.495426159204436,2.46397853038076,,,,0,2,Top,140.66,162.12,,,,,6.429129661221364,-131.2690647422505,-4.509923192768143,-10.357391974158432,21.169133533611173,-26.590572418031357,3.31,1.6,5.0,82.2,-28.0,91.3,2074,6.4,746534,553869,669911,663898,641857,668845,666134,686668,595909,54.06,0.055,0.09,0.0,1.0,0.0,0.0,2.0,9,1,Sinker,0,1,1,0,1,0,1,0,Standard,Standard,219,0.021,-0.254,74.2,7.3,,0.082,0.254,88.0,-1,1,0.397,0.603,29,25,30,26,1,0,5.0,1.0,38.0,1,2.32,0.79,-0.79,42.3,12.187566283873643,4.980784126954467,32.49638217776212,42.89349808344703,26.67904233150823,batter
CH,2024-07-02,84.7,-1.16,5.46,"Mitchell, Garrett",669003,663372,,swinging_strike,,,,,6,,R,L,R,COL,MIL,S,,,0,1,2024,-0.19,0.25,0.4079517620828274,2.150431714582304,,,592885.0,2,5,Top,,,,,,,4.068619278800648,-123.50323147033924,-2.0495602878727603,-2.5512156796079077,18.79147821946825,-29.45685127886032,3.31,1.59,,,,86.2,1605,6.6,746537,607732,669911,663898,641857,678662,666134,686668,696100,53.89,,,,,,,,40,2,Changeup,2,1,1,2,1,2,1,2,Standard,Standard,214,0.008,-0.054,74.7,8.1,0.61330854,,0.054,,1,-1,0.681,0.319,27,25,28,26,3,2,6.0,1.0,6.0,1,2.86,0.19,-0.19,40.3,23.125165328221065,-18.297279783410715,36.91958745005257,31.18229696931646,40.75288475876592,batter
FF,2024-07-02,93.0,-1.25,5.5,"Mitchell, Garrett",669003,663372,,called_strike,,,,,9,,R,L,R,COL,MIL,S,,,0,0,2024,-0.29,1.15,0.5538481240190649,1.6808971439418643,,,592885.0,2,5,Top,,,,,,,5.305416911109593,-135.4303717581533,-6.6579541375249445,-4.657052628413068,25.530865203614788,-16.71922501423567,3.23193310114409,1.59843078024186,,,,94.1,2404,6.6,746537,607732,669911,663898,641857,678662,666134,686668,696100,53.93,,,,,,,,40,1,4-Seam Fastball,2,1,1,2,1,2,1,2,Standard,Standard,212,0.005,-0.047,,,,,0.047,,1,-1,0.676,0.324,27,25,28,26,3,2,6.0,1.0,6.0,1,1.45,0.29,-0.29,40.7,,,,,,batter
CH,2024-07-02,85.4,-1.27,5.48,"Mitchell, Garrett",669003,663372,field_out,hit_into_play,,,,,4,"Garrett Mitchell grounds out, first baseman Michael Toglia to pitcher Ryan Feltner. Christian Yelich to 3rd. Willy Adames to 2nd.",R,L,R,COL,MIL,X,3.0,ground_ball,0,0,2024,-0.56,0.49,-0.771457112245332,2.647200489942455,,592885.0,642715.0,1,3,Top,148.54,168.79,,,,,2.3176694151672708,-124.55883695863004,-1.512837867344948,-6.318772562974421,20.55957469166997,-26.92422390177469,3.31,1.59,4.0,66.7,-35.0,86.7,1584,6.6,746537,607732,669911,663898,641857,678662,666134,686668,696100,53.93,0.09,0.105,0.0,1.0,0.0,0.0,2.0,23,1,Changeup,2,1,1,2,1,2,1,2,Standard,Standard,202,0.038,-0.306,64.4,7.7,,0.097,0.306,88.0,1,-1,0.563,0.437,27,25,28,26,2,1,6.0,1.0,6.0,1,2.58,0.56,-0.56,44.8,25.976376566964767,4.240547922970323,26.647458852678824,45.84023599518545,32.381115946130734,batter
FF,2024-07-02,94.5,-1.42,6.2,"Mitchell, Garrett",669003,683232,walk,ball,,,,,12,Garrett Mitchell walks.,R,L,R,COL,MIL,B,,,3,2,2024,-0.09,1.44,0.6694831774846306,4.063236881870248,668930.0,592885.0,,2,9,Top,,,,,,,5.708749997712672,-137.67525230513925,-3.175444594927862,-2.3655875662338506,28.17131446924208,-13.269807473537425,3.25159900210286,1.65120954303421,,,,95.9,2269,6.9,746537,607732,669911,663898,641857,678662,666134,686668,656541,53.65,,0.689131,0.7,1.0,0.0,0.0,,78,9,4-Seam Fastball,3,3,3,3,3,3,3,3,Standard,Standard,206,-0.028,0.139,,,,,-0.139,,0,0,0.489,0.511,27,25,28,26,1,4,2.0,1.0,5.0,1,1.09,0.09,-0.09,61.2,,,,,,batter
FF,2024-07-02,95.6,-1.35,6.19,"Mitchell, Garrett",669003,683232,,ball,,,,,12,,R,L,R,COL,MIL,B,,,2,2,2024,-0.16,1.55,0.1530265981327931,4.425476893600866,668930.0,592885.0,,2,9,Top,,,,,,,4.35817856908772,-139.2087801667077,-2.596830549474105,-2.955979533857263,29.005436755391305,-11.622379371960855,3.3503181114925,1.63853647423163,,,,97.1,2345,6.9,746537,607732,669911,663898,641857,678662,666134,686668,656541,53.55,,,,,,,,78,8,4-Seam Fastball,3,3,3,3,3,3,3,3,Standard,Standard,191,-0.027,0.046,,,,,-0.046,,0,0,0.516,0.484,27,25,28,26,1,4,2.0,1.0,5.0,1,0.93,0.16,-0.16,65.8,,,,,,batter
CU,2024-07-02,82.7,-1.54,6.03,"Mitchell, Garrett",669003,683232,,blocked_ball,,,,,14,,R,L,R,COL,MIL,B,,,1,2,2024,0.38,-0.86,1.2749009158582685,0.1810093145245854,668930.0,592885.0,,2,9,Top,,,,,,,5.75999021821048,-120.45301797480172,-5.329591844633574,2.8331713205183204,19.616661903033243,-39.97776571982759,3.37410390985499,1.66217025469359,,,,84.5,2724,7.0,746537,607732,669911,663898,641857,678662,666134,686668,656541,53.47,,,,,,,,78,7,Curveball,3,3,3,3,3,3,3,3,Standard,Standard,11,-0.021,0.028,,,,,-0.028,,0,0,0.537,0.463,27,25,28,26,1,4,2.0,1.0,5.0,1,4.15,-0.38,0.38,61.5,,,,,,batter
FF,2024-07-02,95.3,-1.43,6.21,"Mitchell, Garrett",669003,683232,,foul,,,,,5,,R,L,R,COL,MIL,S,,,1,2,2024,-0.34,1.29,-0.1345862726043061,2.509916823652952,668930.0,592885.0,,2,9,Top,,,,,,,4.207946894614434,-138.66241257947186,-7.080167220924398,-5.251401669792713,28.59948946226489,-14.197397997681644,3.31,1.59,246.0,79.6,49.0,96.6,2269,6.8,746537,607732,669911,663898,641857,678662,666134,686668,656541,53.65,,,,,,,,78,6,4-Seam Fastball,3,3,3,3,3,3,3,3,Standard,Standard,198,0.0,0.0,63.7,6.8,,,0.0,88.0,0,0,0.537,0.463,27,25,28,26,1,4,2.0,1.0,5.0,1,1.21,0.34,-0.34,66.4,1.1690289839614878,9.246317217125512,33.21830955158675,36.44402182518996,18.20636740684112,batter
FF,2024-07-02,95.5,-1.34,6.23,"Mitchell, Garrett",669003,683232,,foul,,,,,6,,R,L,R,COL,MIL,S,,,1,2,2024,-0.1,1.49,0.8138207368146355,2.71223014720483,668930.0,592885.0,,2,9,Top,,,,,,,5.982581984156572,-138.9436955070793,-7.15460241138837,-2.4222848037710527,25.75686368382301,-11.50237584714405,3.31,1.59,146.0,52.8,39.0,97.5,2303,7.0,746537,607732,669911,663898,641857,678662,666134,686668,656541,53.47,,,,,,,,78,5,4-Seam Fastball,3,3,3,3,3,3,3,3,Standard,Standard,194,0.0,0.0,69.2,5.6,,,0.0,88.0,0,0,0.537,0.463,27,25,28,26,1,4,2.0,1.0,5.0,1,0.98,0.1,-0.1,63.4,-13.303096666540648,27.71407266210564,36.3465694590836,25.88764004689731,16.956534230692093,batter
CU,2024-07-02,81.8,-1.53,6.09,"Mitchell, Garrett",669003,683232,,foul,,,,,6,,R,L,R,COL,MIL,S,,,1,2,2024,0.19,-0.92,0.624363056690227,2.548178492982888,668930.0,592885.0,,2,9,Top,,,,,,,4.556738116541422,-119.22392122977922,0.2211770883020707,1.1354550017868354,18.627144484514773,-41.26198087211581,3.31,1.59,3.0,46.6,-38.0,83.5,2600,6.9,746537,607732,669911,663898,641857,678662,666134,686668,656541,53.62,,,,,,,,78,4,Curveball,3,3,3,3,3,3,3,3,Standard,Standard,7,0.0,0.0,54.0,5.0,,,0.0,88.0,0,0,0.537,0.463,27,25,28,26,1,4,2.0,1.0,5.0,1,4.26,-0.19,0.19,63.3,-11.014245642302322,48.38699883754166,33.461324443479874,26.18487672372565,5.687418235611297,batter
FF,2024-07-02,96.1,-1.5,6.25,"Mitchell, Garrett",669003,683232,,ball,,,,,11,,R,L,R,COL,MIL,B,,,0,2,2024,-0.32,1.28,-0.5645018573598015,3.725789755533743,668930.0,592885.0,,2,9,Top,,,,,,,3.258511074625989,-140.1212143023593,-4.159201480868295,-4.940769167607522,26.63947022316608,-14.4498296997141,3.26971486789309,1.63188009175158,,,,97.8,2341,6.8,746537,607732,669911,663898,641857,678662,666134,686668,656541,53.71,,,,,,,,78,3,4-Seam Fastball,3,3,3,3,3,3,3,3,Standard,Standard,194,-0.015,0.024,,,,,-0.024,,0,0,0.552,0.448,27,25,28,26,1,4,2.0,1.0,5.0,1,1.14,0.32,-0.32,63.2,,,,,,batter
FF,2024-07-02,95.3,-1.37,6.2,"Mitchell, Garrett",669003,683232,,foul_tip,,,,,3,,R,L,R,COL,MIL,S,,,0,1,2024,-0.11,1.42,0.5274157516519706,2.8118182116080166,668930.0,592885.0,,2,9,Top,,,,,,,5.317335241907321,-138.78663489427385,-6.621405992813677,-2.426234225589785,26.798336157596225,-12.512585061506442,3.31,1.59,,,,97.3,2269,7.1,746537,607732,669911,663898,641857,678662,666134,686668,656541,53.44,,,,,,,,78,2,4-Seam Fastball,3,3,3,3,3,3,3,3,Standard,Standard,196,0.036,-0.059,,,,,0.059,,0,0,0.516,0.484,27,25,28,26,1,4,2.0,1.0,5.0,1,1.06,0.11,-0.11,63.4,,,,,,batter
FF,2024-07-02,96.8,-1.44,6.21,"Mitchell, Garrett",669003,683232,,called_strike,,,,,12,,R,L,R,COL,MIL,S,,,0,0,2024,-0.07,1.36,0.8596816357397343,2.973299239728441,668930.0,592885.0,,2,9,Top,,,,,,,6.390178195296595,-140.8779029532268,-6.353118307759799,-2.112138445953389,26.61983033967892,-12.824238289542414,3.4083702197833,1.62952287962904,,,,98.8,2347,7.0,746537,607732,669911,663898,641857,678662,666134,686668,656541,53.45,,,,,,,,78,1,4-Seam Fastball,3,3,3,3,3,3,3,3,Standard,Standard,192,0.022,-0.046,,,,,0.046,,0,0,0.494,0.506,27,25,28,26,1,4,2.0,1.0,5.0,1,1.04,0.07,-0.07,61.1,,,,,,batter
SL,2024-07-02,89.0,-1.35,5.48,"Mitchell, Garrett",669003,663372,single,hit_into_play,,,,,5,Garrett Mitchell singles on a line drive to center fielder Brenton Doyle. Willy Adames to 2nd.,R,L,R,COL,MIL,X,8.0,line_drive,2,0,2024,0.35,0.45,-0.1283353362087642,2.724561770692145,,,642715.0,0,2,Top,124.9,98.49,,,,,2.2897728460079945,-129.82871717167305,-1.838801260292049,3.677425834921354,20.07906172186939,-26.894418151899863,3.31,1.59,243.0,106.2,13.0,90.4,2511,6.4,746537,607732,669911,663898,641857,678662,666134,686668,696100,54.06,0.884,0.914,0.9,1.0,1.0,0.0,5.0,9,3,Slider,0,0,0,0,0,0,0,0,Standard,Standard,182,-0.04,0.34,77.8,7.1,,1.23,-0.34,106.2,0,0,0.445,0.555,27,25,28,26,1,0,6.0,1.0,6.0,1,2.36,-0.35,0.35,39.5,9.25644610761594,10.741097488144938,33.15234325181249,38.292658717481125,26.06402270939689,batter
FF,2024-07-02,93.8,-1.32,5.56,"Mitchell, Garrett",669003,663372,,ball,,,,,11,,R,L,R,COL,MIL,B,,,1,0,2024,-0.39,1.23,-0.8686417925092785,3.273027865669967,,,642715.0,0,2,Top,,,,,,,2.026296839443134,-136.74790256941156,-3.002717449303454,-5.335507316883209,25.77826715099201,-16.234408736777365,3.3866053816821,1.62010530967322,,,,94.7,2459,6.4,746537,607732,669911,663898,641857,678662,666134,686668,696100,54.12,,,,,,,,9,2,4-Seam Fastball,0,0,0,0,0,0,0,0,Standard,Standard,209,-0.011,0.068,,,,,-0.068,,0,0,0.456,0.544,27,25,28,26,1,0,6.0,1.0,6.0,1,1.32,0.39,-0.39,41.2,,,,,,batter
CH,2024-07-02,84.1,-1.12,5.54,"Mitchell, Garrett",669003,663372,,ball,,,,,11,,R,L,R,COL,MIL,B,,,0,0,2024,-0.23,0.51,-1.086425196511123,4.749830723842036,,,642715.0,0,2,Top,,,,,,,0.5242916323520201,-122.5607404722212,3.45018725685054,-2.4215048359384386,20.169817872440337,-27.759503931221243,3.3965950720905,1.5917124959156,,,,85.0,1355,6.4,746537,607732,669911,663898,641857,678662,666134,686668,696100,54.09,,,,,,,,9,1,Changeup,0,0,0,0,0,0,0,0,Standard,Standard,206,-0.006,0.041,,,,,-0.041,,0,0,0.462,0.538,27,25,28,26,1,0,6.0,1.0,6.0,1,2.66,0.23,-0.23,41.3,,,,,,batter
FF,2024-07-02,94.6,0.81,5.93,"Mitchell, Garrett",669003,656222,field_out,hit_into_play,,,,,5,Garrett Mitchell grounds out to first baseman Michael Toglia.,R,L,L,COL,MIL,X,3.0,ground_ball,3,2,2024,0.19,1.11,-0.0460819573298477,2.2855925248678384,,,,0,8,Top,157.02,168.19,,,,,-2.6689283092905454,-137.77887173108792,-6.452411467543042,2.951615500394725,24.809241256818478,-16.81633816724639,3.31,1.59,14.0,87.3,-9.0,96.1,2192,6.7,746537,607732,669911,663898,641857,678662,666134,686668,595909,53.82,0.218,0.215,0.0,1.0,0.0,0.0,2.0,62,7,4-Seam Fastball,2,2,2,2,2,2,2,2,Standard,Standard,152,0.056,-0.333,74.3,7.5,,0.225,0.333,88.0,0,0,0.49,0.51,30,25,31,26,1,3,2.0,1.0,2.0,1,1.39,0.19,0.19,53.4,16.238496172733107,-10.497622794830772,33.48430370685444,36.11349450102976,31.077331014862587,batter
FF,2024-07-02,94.5,0.76,5.93,"Mitchell, Garrett",669003,656222,,ball,,,,,13,,R,L,L,COL,MIL,B,,,2,2,2024,0.15,1.1,-1.440867188961953,2.1448369159254925,,,,0,8,Top,,,,,,,-6.13797227970074,-137.65974320524637,-6.809354882199213,3.000785390582679,23.975287076571917,-16.936725102191765,3.27129286842978,1.51622431339639,,,,96.4,2218,6.9,746537,607732,669911,663898,641857,678662,666134,686668,595909,53.65,,,,,,,,62,6,4-Seam Fastball,2,2,2,2,2,2,2,2,Standard,Standard,151,-0.017,0.107,,,,,-0.107,,0,0,0.507,0.493,30,25,31,26,1,3,2.0,1.0,2.0,1,1.4,0.15,0.15,53.1,,,,,,batter
FC,2024-07-02,85.1,0.92,5.96,"Mitchell, Garrett",669003,656222,,foul,,,,,13,,R,L,L,COL,MIL,S,,,2,2,2024,-0.17,0.2,-0.6955334238639935,1.4267919674245235,,,,0,8,Top,,,,,,,-3.440473796512709,-124.02468357896092,-4.816702371870667,-1.1947657818703672,21.11937035399201,-29.47732224421581,3.31,1.59,,,,85.6,2258,6.2,746537,607732,669911,663898,641857,678662,666134,686668,595909,54.28,,,,,,,,62,5,Cutter,2,2,2,2,2,2,2,2,Standard,Standard,127,0.0,0.0,71.5,7.7,,,0.0,,0,0,0.507,0.493,30,25,31,26,1,3,2.0,1.0,2.0,1,2.9,-0.17,-0.17,47.4,11.683024562611957,-2.9102747026075937,31.837827481302018,42.73884011769978,30.677071673423523,batter
FC,2024-07-02,85.2,0.9,5.88,"Mitchell, Garrett",669003,656222,,ball,,,,,13,,R,L,L,COL,MIL,B,,,1,2,2024,-0.21,0.06,-1.3090499966498943,1.6661280487141026,,,,0,8,Top,,,,,,,-4.782097059134175,-124.0557838962375,-3.738233181649673,-1.2417336386684903,24.31547338181765,-31.03779971423913,3.29183151595867,1.64778681592781,,,,85.6,2301,6.5,746537,607732,669911,663898,641857,678662,666134,686668,595909,54.02,,,,,,,,62,4,Cutter,2,2,2,2,2,2,2,2,Standard,Standard,165,-0.007,0.04,,,,,-0.04,,0,0,0.514,0.486,30,25,31,26,1,3,2.0,1.0,2.0,1,3.07,-0.21,-0.21,50.9,,,,,,batter
FC,2024-07-02,84.3,3.05,5.63,"Mitchell, Garrett",669003,621389,field_out,hit_into_play,,,,,5,"Garrett Mitchell grounds out, second baseman Brendan Rodgers to first baseman Michael Toglia.",R,L,L,COL,MIL,X,4.0,ground_ball,1,1,2024,0.1,0.04,0.0271819346454778,2.604304902138231,,,,0,6,Top,148.54,153.03,,,,,-7.08669753934068,-122.73208969593824,-0.8619636849482875,2.193735786850514,19.37420857854808,-31.804860621271917,3.31,1.59,73.0,107.9,2.0,83.5,2426,5.3,746537,607732,669911,663898,641857,678662,666134,686668,696100,55.24,0.513,0.462,0.0,1.0,0.0,0.0,4.0,44,3,Cutter,2,1,1,2,1,2,1,2,Infield shade,Standard,16,0.034,-0.243,,,,0.549,0.243,107.9,1,-1,0.662,0.338,33,25,34,26,1,2,6.0,1.0,5.0,1,3.11,0.1,0.1,21.0,,,,,,batter
FF,2024-07-02,94.8,0.74,5.94,"Mitchell, Garrett",669003,656222,,foul,,,,,9,,R,L,L,COL,MIL,S,,,1,1,2024,0.39,0.95,0.3016436615941401,1.7364478868868585,,,,0,8,Top,,,,,,,-2.0173693290228503,-138.04108221133885,-7.549073920878534,5.373709044802281,26.823982208389022,-18.645901320066272,3.31,1.59,3.0,76.5,-28.0,95.9,2297,6.6,746537,607732,669911,663898,641857,678662,666134,686668,595909,53.91,,,,,,,,62,3,4-Seam Fastball,2,2,2,2,2,2,2,2,Standard,Standard,153,0.012,-0.056,63.2,7.2,,,0.056,88.0,0,0,0.502,0.498,30,25,31,26,1,3,2.0,1.0,2.0,1,1.56,0.39,0.39,49.2,11.83220170223334,0.622685944776224,35.49883690240513,31.201487554187946,26.06571659304396,batter
SI,2024-07-02,89.4,2.91,5.79,"Mitchell, Garrett",669003,621389,,ball,,,,,14,,R,L,L,COL,MIL,B,,,0,1,2024,1.17,0.55,2.1905659342763366,2.4480488852512723,,,,0,6,Top,,,,,,,-4.13793125540305,-130.3736346890251,-3.4614763343350967,14.295956851322384,22.354209445097023,-25.441042414837806,3.48476050411636,1.65837893740309,,,,88.4,2019,5.1,746537,607732,669911,663898,641857,678662,666134,686668,696100,55.39,,,,,,,,44,2,Sinker,2,1,1,2,1,2,1,2,Standard,Standard,116,-0.003,0.025,,,,,-0.025,,1,-1,0.665,0.335,33,25,34,26,1,2,6.0,1.0,5.0,1,2.25,1.17,1.17,19.2,,,,,,batter
FC,2024-07-02,84.5,1.02,6.03,"Mitchell, Garrett",669003,656222,,swinging_strike,,,,,7,,R,L,L,COL,MIL,S,,,1,0,2024,-0.17,0.16,-0.7214356335469823,1.8295271351786635,,,,0,8,Top,,,,,,,-3.725546022820085,-123.23447305074856,-3.868359559534291,-1.1272227189971855,20.442990558641668,-30.0332820258169,3.31,1.59,,,,85.1,2280,6.2,746537,607732,669911,663898,641857,678662,666134,686668,595909,54.31,,,,,,,,62,2,Cutter,2,2,2,2,2,2,2,2,Standard,Standard,147,0.009,-0.049,69.3,8.3,0.646081524,,0.049,,0,0,0.493,0.507,30,25,31,26,1,3,2.0,1.0,2.0,1,2.97,-0.17,-0.17,48.6,16.461623739723628,-15.659982370780863,27.58064571203726,44.81242913232823,41.45672956816019,batter
FF,2024-07-02,94.5,0.64,5.93,"Mitchell, Garrett",669003,656222,,ball,,,,,13,,R,L,L,COL,MIL,B,,,0,0,2024,0.39,1.04,-0.9464744884024744,0.8009666544545804,,,,0,8,Top,,,,,,,-5.051454849318328,-137.34381914767894,-10.1940375024911,5.8949894411431,25.79319511132565,-17.05326409023658,3.24262653710335,1.59650541323801,,,,96.3,2233,7.0,746537,607732,669911,663898,641857,678662,666134,686668,595909,53.47,,,,,,,,62,1,4-Seam Fastball,2,2,2,2,2,2,2,2,Standard,Standard,144,-0.007,0.038,,,,,-0.038,,0,0,0.5,0.5,30,25,31,26,1,3,2.0,1.0,2.0,1,1.48,0.39,0.39,51.7,,,,,,batter
FC,2024-07-02,83.6,3.17,5.66,"Mitchell, Garrett",669003,621389,,called_strike,,,,,5,,R,L,L,COL,MIL,S,,,0,0,2024,0.1,0.1,0.1026301217510497,2.918208235140141,,,,0,6,Top,,,,,,,-7.132846216961294,-121.69013665759664,-0.2225236707992117,2.154945201586877,18.966133285985077,-31.316285556871858,3.52515386972654,1.69891430787031,,,,82.8,2409,5.3,746537,607732,669911,663898,641857,678662,666134,686668,696100,55.19,,,,,,,,44,1,Cutter,2,1,1,2,1,2,1,2,Standard,Standard,90,0.005,-0.037,,,,,0.037,,1,-1,0.66,0.34,33,25,34,26,1,2,6.0,1.0,5.0,1,3.11,0.1,0.1,23.5,,,,,,batter
SL,2024-07-01,90.0,-1.2,6.32,"Mitchell, Garrett",669003,641755,strikeout,swinging_strike,,,,,14,Garrett Mitchell strikes out swinging.,R,L,R,COL,MIL,S,2.0,,1,2,2024,0.1,0.25,1.2766772476191566,2.1118662458061688,686217.0,,641343.0,2,10,Top,,,,,,,5.857577988108037,-130.9620021798535,-4.990765021509258,0.0030772412857167,25.15550547311053,-28.54031096018257,3.3,1.59,,,,89.2,2775,5.6,746535,553869,669911,663898,641857,678662,666134,686668,595909,54.88,,0.0,0.0,1.0,0.0,0.0,,84,4,Slider,7,7,7,7,7,7,7,7,Standard,Standard,114,0.146,-0.193,77.1,8.1,0.639510864,,0.193,,0,0,0.659,0.341,33,25,33,26,1,2,1.0,,3.0,1,2.55,-0.1,0.1,46.7,21.51862171039258,-30.88435382292558,34.07527697905886,22.637453567412276,41.13616783346773,batter
SL,2024-07-01,91.3,-0.97,6.37,"Mitchell, Garrett",669003,641755,,blocked_ball,,,,,14,,R,L,R,COL,MIL,B,,,0,2,2024,0.15,0.36,1.5026504361099873,1.0394255263481635,686217.0,,641343.0,2,10,Top,,,,,,,5.839118620280949,-132.86413413875806,-8.309890349040192,0.8057554974353571,23.331335693763155,-26.588961918683506,3.33044019407816,1.59497955639219,,,,91.0,2696,5.7,746535,553869,669911,663898,641857,678662,666134,686668,595909,54.79,,,,,,,,84,3,Slider,7,7,7,7,7,7,7,7,Standard,Standard,199,0.003,0.035,,,,,-0.035,,0,0,0.656,0.344,33,25,33,26,1,2,1.0,,3.0,1,2.34,-0.15,0.15,45.6,,,,,,batter
FF,2024-07-01,96.7,-0.99,6.5,"Mitchell, Garrett",669003,641755,,called_strike,,,,,1,,R,L,R,COL,MIL,S,,,0,1,2024,-0.26,1.08,-0.7880736022023419,3.0709693498672026,686217.0,,641343.0,2,10,Top,,,,,,,1.1207322549866916,-140.8535722321288,-6.010245688311999,-3.766740597112776,28.680888257783973,-16.70024413670578,3.43816881488909,1.59268431733742,,,,95.8,2346,5.5,746535,553869,669911,663898,641857,678662,666134,686668,595909,55.01,,,,,,,,84,2,4-Seam Fastball,7,7,7,7,7,7,7,7,Standard,Standard,214,-0.007,-0.082,,,,,0.082,,0,0,0.663,0.337,33,25,33,26,1,2,1.0,,3.0,1,1.34,0.26,-0.26,43.3,,,,,,batter
SL,2024-07-01,90.2,-1.15,6.49,"Mitchell, Garrett",669003,641755,,called_strike,,,,,1,,R,L,R,COL,MIL,S,,,0,0,2024,0.05,0.47,-0.4224725588263672,3.008131797444004,686217.0,,641343.0,2,10,Top,,,,,,,1.6738075503874057,-131.45760931568526,-3.766498848522781,0.3225225749470949,23.676958498227428,-26.20066513672887,3.41007649102853,1.67446804818569,,,,89.6,2569,5.5,746535,553869,669911,663898,641857,678662,666134,686668,595909,55.01,,,,,,,,84,1,Slider,7,7,7,7,7,7,7,7,Standard,Standard,178,-0.004,-0.046,,,,,0.046,,0,0,0.667,0.333,33,25,33,26,1,2,1.0,,3.0,1,2.29,-0.05,0.05,44.3,,,,,,batter
FF,2024-07-01,95.6,-1.93,6.46,"Mitchell, Garrett",669003,683627,walk,ball,,,,,14,Garrett Mitchell walks.,R,L,R,COL,MIL,B,,,3,2,2024,-0.62,1.27,0.287518152989402,1.5085833365696883,,,,0,7,Top,,,,,,,7.21624787892842,-138.88155104178648,-10.339118824273218,-9.451200711147743,26.685727432128942,-13.680149609124973,3.32461160073443,1.71607869967445,,,,95.9,2225,6.2,746535,553869,669911,663898,641857,678662,666134,686668,595909,54.25,,0.689131,0.7,1.0,0.0,0.0,,53,6,4-Seam Fastball,6,4,4,6,4,6,4,6,Standard,Standard,212,-0.052,0.371,,,,,-0.371,,2,-2,0.806,0.194,22,25,22,26,1,0,3.0,,3.0,1,1.2,0.62,-0.62,52.7,,,,,,batter
FF,2024-07-01,96.1,-1.91,6.43,"Mitchell, Garrett",669003,683627,,ball,,,,,11,,R,L,R,COL,MIL,B,,,2,2,2024,-0.75,1.13,-1.042005198309698,2.6255555077665607,,,,0,7,Top,,,,,,,3.9891468368846814,-139.90922068698282,-7.127048226375857,-10.719104280710344,27.369828001827727,-15.974463465233615,3.36946293171214,1.66883913377301,,,,96.6,2290,6.2,746535,553869,669911,663898,641857,678662,666134,686668,595909,54.27,,,,,,,,53,5,4-Seam Fastball,6,4,4,6,4,6,4,6,Standard,Standard,208,-0.014,0.107,,,,,-0.107,,2,-2,0.82,0.18,22,25,22,26,1,0,3.0,,3.0,1,1.31,0.75,-0.75,53.6,,,,,,batter
FF,2024-07-01,94.9,-1.8,6.45,"Mitchell, Garrett",669003,683627,,foul,,,,,8,,R,L,R,COL,MIL,S,,,2,1,2024,-0.7,1.25,0.0906169108206078,1.9653665879135327,,,,0,7,Top,,,,,,,6.49430263603921,-137.93513222229635,-8.901978638121053,-10.320016840109568,27.131895361638986,-14.430153243317074,3.3,1.59,278.0,84.7,27.0,95.2,2274,6.3,746535,553869,669911,663898,641857,678662,666134,686668,595909,54.24,,,,,,,,53,4,4-Seam Fastball,6,4,4,6,4,6,4,6,Standard,Standard,207,0.011,-0.069,74.2,6.7,,,0.069,88.0,2,-2,0.809,0.191,22,25,22,26,1,0,3.0,,3.0,1,1.26,0.7,-0.7,50.2,-6.051345929565886,22.3784436281226,36.695737046343865,35.75330981638928,14.77375174839978,batter
FF,2024-07-01,95.3,-2.01,6.44,"Mitchell, Garrett",669003,683627,,swinging_strike,,,,,1,,R,L,R,COL,MIL,S,,,2,0,2024,-0.63,1.14,-0.5238758902502244,3.0626318888778297,,,,0,7,Top,,,,,,,5.295987974099548,-138.7065631395018,-5.830570217032361,-9.253504374385011,27.78258249942797,-16.338697445911134,3.3,1.59,,,,95.5,2219,6.2,746535,553869,669911,663898,641857,678662,666134,686668,595909,54.35,,,,,,,,53,3,4-Seam Fastball,6,4,4,6,4,6,4,6,Standard,Standard,211,0.012,-0.065,79.1,6.9,0.350441604,,0.065,,2,-2,0.797,0.203,22,25,22,26,1,0,3.0,,3.0,1,1.35,0.63,-0.63,54.4,9.947093263901998,19.102643569522872,28.759392334089625,43.21713490012236,19.9733052633638,batter
FF,2024-07-01,95.8,-2.0,6.39,"Mitchell, Garrett",669003,683627,,ball,,,,,13,,R,L,R,COL,MIL,B,,,1,0,2024,-0.52,1.22,-0.2073874442271261,1.0954088195211953,,,,0,7,Top,,,,,,,5.867900867546013,-139.20958336521923,-11.133645782927516,-7.973978774473108,27.1640307958798,-14.15436437525017,3.46629372216839,1.54480822485861,,,,95.9,2297,6.1,746535,553869,669911,663898,641857,678662,666134,686668,595909,54.37,,,,,,,,53,2,4-Seam Fastball,6,4,4,6,4,6,4,6,Standard,Standard,211,-0.012,0.069,,,,,-0.069,,2,-2,0.809,0.191,22,25,22,26,1,0,3.0,,3.0,1,1.25,0.52,-0.52,50.1,,,,,,batter
SI,2024-07-01,92.8,-2.24,4.36,"Mitchell, Garrett",669003,664875,single,hit_into_play,,,,,5,Garrett Mitchell singles on a sharp ground ball to center fielder Brenton Doyle. Sal Frelick to 2nd.,R,L,R,COL,MIL,X,8.0,ground_ball,0,0,2024,-1.06,-0.01,0.0212180801412764,2.3386816527708287,,,686217.0,2,8,Top,146.54,94.85,,,,,8.097187224759942,-135.00240827876777,0.5834745592878764,-14.673830107842017,26.6438524831206,-32.56384886358611,3.3,1.59,79.0,108.3,3.0,93.2,2321,6.3,746535,553869,669911,663898,641857,678662,666134,686668,595909,54.17,0.561,0.506,0.9,1.0,1.0,0.0,4.0,65,1,Sinker,6,6,6,6,6,6,6,6,Standard,Standard,249,-0.042,0.357,76.4,7.0,,0.61,-0.357,108.3,0,0,0.557,0.443,29,25,30,26,1,1,1.0,,1.0,1,2.63,1.06,-1.06,-2.4,6.449217908156494,16.84522508821739,30.99124653376545,37.27870573085626,25.715529287802845,batter
FF,2024-07-01,95.5,-2.05,6.43,"Mitchell, Garrett",669003,683627,,ball,,,,,11,,R,L,R,COL,MIL,B,,,0,0,2024,-0.45,1.21,-1.141273517763162,2.590679326607063,,,,0,7,Top,,,,,,,3.4024349338176387,-139.03383142612657,-7.233469560166583,-6.557364335629536,28.1757428771571,-15.11296164891574,3.37544984084559,1.6011470441363,,,,95.6,2303,6.1,746535,553869,669911,663898,641857,678662,666134,686668,595909,54.39,,,,,,,,53,1,4-Seam Fastball,6,4,4,6,4,6,4,6,Standard,Standard,213,-0.006,0.038,,,,,-0.038,,2,-2,0.815,0.185,22,25,22,26,1,0,3.0,,3.0,1,1.27,0.45,-0.45,51.3,,,,,,batter
