pitch_type,game_date,release_speed,release_pos_x,release_pos_z,player_name,batter,pitcher,events,description,spin_dir,spin_rate_deprecated,break_angle_deprecated,break_length_deprecated,zone,des,game_type,stand,p_throws,home_team,away_team,type,hit_location,bb_type,balls,strikes,game_year,pfx_x,pfx_z,plate_x,plate_z,on_3b,on_2b,on_1b,outs_when_up,inning,inning_topbot,hc_x,hc_y,tfs_deprecated,tfs_zulu_deprecated,umpire,sv_id,vx0,vy0,vz0,ax,ay,az,sz_top,sz_bot,hit_distance_sc,launch_speed,launch_angle,effective_speed,release_spin_rate,release_extension,game_pk,fielder_2,fielder_3,fielder_4,fielder_5,fielder_6,fielder_7,fielder_8,fielder_9,release_pos_y,estimated_ba_using_speedangle,estimated_woba_using_speedangle,woba_value,woba_denom,babip_value,iso_value,launch_speed_angle,at_bat_number,pitch_number,pitch_name,home_score,away_score,bat_score,fld_score,post_away_score,post_home_score,post_bat_score,post_fld_score,if_fielding_alignment,of_fielding_alignment,spin_axis,delta_home_win_exp,delta_run_exp,bat_speed,swing_length,miss_distance,estimated_slg_using_speedangle,delta_pitcher_run_exp,hyper_speed,home_score_diff,bat_score_diff,home_win_exp,bat_win_exp,age_pit_legacy,age_bat_legacy,age_pit,age_bat,n_thruorder_pitcher,n_priorpa_thisgame_player_at_bat,pitcher_days_since_prev_game,batter_days_since_prev_game,pitcher_days_until_next_game,batter_days_until_next_game,api_break_z_with_gravity,api_break_x_arm,api_break_x_batter_in,arm_angle,attack_angle,attack_direction,swing_path_tilt,intercept_ball_minus_batter_pos_x_inches,intercept_ball_minus_batter_pos_y_inches,player_type
FC,2024-09-29,87.0,-1.97,5.54,"Taylor, Tyrone",621438,607067,field_out,hit_into_play,,,,,5.0,Tyrone Taylor flies out to left fielder Isaac Collins.,R,R,R,MIL,NYM,X,7.0,fly_ball,0,1,2024,0.22,0.51,0.1323522675554609,2.637350755922639,,624413.0,516782.0,2,5,Top,55.12,126.83,,,,,4.6318414092501765,-126.74710116292157,-1.8861328275436675,1.484250580639065,24.45483685960222,-26.5019315239159,3.38,1.64,250.0,81.1,48.0,87.9,2210.0,6.7,745932,606992,641343,668930,687401,642715,686555,663368,694192,53.82,0.024,0.021,0.0,1.0,0.0,0.0,3.0,42,2,Cutter,0,4,4,0,4,0,4,0,Infield shade,Standard,132.0,0.014,-0.23,73.9,8.1,,0.031,0.23,88.0,-4,4,0.108,0.892,33,30,34,30,3,2,5.0,1,,1,2.48,-0.22,-0.22,35.0,27.087647879899293,-17.3930557126425,31.223655816493437,37.7978880924582,43.46378559768077,batter
SI,2024-09-29,93.9,-1.95,5.47,"Taylor, Tyrone",621438,607067,,foul,,,,,5.0,,R,R,R,MIL,NYM,S,,,0,0,2024,-1.04,0.65,-0.0428805405644192,2.5438811610031,,624413.0,516782.0,2,5,Top,,,,,,,7.296464122170682,-136.58586267260733,-3.3142103103968483,-14.640164444189873,29.497006395095465,-23.53309568386098,3.38,1.64,170.0,78.1,66.0,94.5,2086.0,6.6,745932,606992,641343,668930,687401,642715,686555,663368,694192,53.86,,,,,,,,42,1,Sinker,0,4,4,0,4,0,4,0,Infield shade,Standard,219.0,0.002,-0.048,67.5,7.5,,,0.048,88.0,-4,4,0.106,0.894,33,30,34,30,3,2,5.0,1,,1,1.94,1.04,1.04,33.6,0.9066843550478996,-5.936917014161878,36.28489703421682,36.51301700030696,27.34818165924572,batter
CU,2024-09-29,79.2,-2.1,5.6,"Taylor, Tyrone",621438,607067,single,hit_into_play,,,,,5.0,Tyrone Taylor singles on a line drive to left fielder Isaac Collins. Francisco Alvarez to 2nd.,R,R,R,MIL,NYM,X,7.0,line_drive,0,1,2024,1.0,-0.81,-0.0826179579435407,2.487376476736028,,,682626.0,1,4,Top,43.4,105.06,,,,,2.5439548588450527,-115.30733868297789,1.5553280820046158,8.385798466459946,23.25906753334547,-39.91568656574448,3.38,1.64,264.0,97.2,17.0,79.3,2349.0,6.5,745932,606992,641343,668930,687401,642715,686555,663368,694192,54.0,0.479,0.508,0.9,1.0,1.0,0.0,4.0,30,2,Curveball,0,2,2,0,2,0,2,0,Infield shade,Standard,54.0,-0.031,0.446,71.0,7.3,,0.713,-0.446,97.2,-2,2,0.272,0.728,33,30,34,30,2,1,5.0,1,,1,4.47,-1.0,-1.0,39.3,11.543171901463175,-14.14338851969365,35.96892327229131,35.18816662624245,36.87517665971207,batter
CU,2024-09-29,78.7,-2.12,5.65,"Taylor, Tyrone",621438,607067,,called_strike,,,,,3.0,,R,R,R,MIL,NYM,S,,,0,0,2024,0.99,-0.71,0.3045654589464515,2.882732923285879,,,682626.0,1,4,Top,,,,,,,3.453809915166496,-114.60960120914666,2.168177287981542,8.02803947507447,21.86319651605237,-39.01407940852567,3.34021551195551,1.54491766173791,,,,79.1,2309.0,6.6,745932,606992,641343,668930,687401,642715,686555,663368,694192,53.92,,,,,,,,30,1,Curveball,0,2,2,0,2,0,2,0,Infield shade,Standard,48.0,0.003,-0.04,,,,,0.04,,-2,2,0.269,0.731,33,30,34,30,2,1,5.0,1,,1,4.39,-0.99,-0.99,39.2,,,,,,batter
SI,2024-09-29,91.4,-2.2,5.41,"Taylor, Tyrone",621438,607067,force_out,hit_into_play,,,,,7.0,"Tyrone Taylor grounds into a force out, third baseman Joey Ortiz to second baseman Brice Turang. Francisco Alvarez out at 2nd. Tyrone Taylor to 1st.",R,R,R,MIL,NYM,X,5.0,ground_ball,1,0,2024,-1.3,0.43,-0.6277457901254675,2.156658175905931,,,682626.0,1,2,Top,95.93,169.21,,,,,6.8353625327040906,-132.92898258765672,-3.2340388217823857,-16.89924920069616,29.595931247205765,-26.57179660004577,3.38,1.64,32.0,99.4,-2.0,92.0,2165.0,6.8,745932,606992,641343,668930,687401,642715,686555,663368,694192,53.75,0.394,0.359,0.0,1.0,0.0,0.0,2.0,14,2,Sinker,0,1,1,0,1,0,1,0,Infield shade,Standard,200.0,0.03,-0.35,75.5,7.6,,0.418,0.35,99.4,-1,1,0.392,0.608,33,30,34,30,1,0,5.0,1,,1,2.31,1.3,1.3,29.9,15.408304236085073,-13.283506070540945,40.89232663368852,29.7220995514194,34.00208941870562,batter
SI,2024-09-29,90.7,-2.2,5.47,"Taylor, Tyrone",621438,607067,,ball,,,,,13.0,,R,R,R,MIL,NYM,B,,,0,0,2024,-1.17,0.73,-1.5782342905296776,2.0156683834273506,,,682626.0,1,2,Top,,,,,,,4.096300412199159,-132.02990702582173,-4.3150093731565375,-14.57207192728352,27.62319689978895,-22.88427208866207,3.36994253320983,1.60384421191856,,,,91.3,2161.0,6.6,745932,606992,641343,668930,687401,642715,686555,663368,694192,53.89,,,,,,,,14,1,Sinker,0,1,1,0,1,0,1,0,Infield shade,Standard,202.0,-0.003,0.036,,,,,-0.036,,-1,1,0.395,0.605,33,30,34,30,1,0,5.0,1,,1,2.03,1.17,1.17,32.8,,,,,,batter
FF,2024-09-29,95.3,2.27,5.58,"Taylor, Tyrone",621438,669084,field_out,hit_into_play,,,,,1.0,"Tyrone Taylor grounds out, second baseman Brice Turang to first baseman Jake Bauers.",R,R,L,MIL,NYM,X,4.0,ground_ball,1,0,2024,0.17,1.08,-0.5467264980377238,3.072491355123434,,,,0,8,Top,151.26,156.49,,,,,-7.882755683927184,-138.7040160464903,-3.4411668497542305,3.8797158715456943,28.632497115088302,-17.677562408084942,3.38,1.64,62.0,67.1,4.0,96.9,2011.0,7.0,745932,606992,641343,668930,655316,687401,686555,663368,694192,53.5,0.18,0.162,0.0,1.0,0.0,0.0,2.0,60,2,4-Seam Fastball,0,5,5,0,5,0,5,0,Infield shade,Standard,150.0,0.001,-0.292,63.5,6.1,,0.184,0.292,88.0,-5,5,0.018,0.982,25,30,26,30,1,3,4.0,1,,1,1.42,0.17,-0.17,46.8,-3.479479394160829,21.64579139798301,34.959187188482794,30.350257114434875,18.83417945764472,batter
CU,2024-09-29,77.2,2.79,5.64,"Taylor, Tyrone",621438,669084,,ball,,,,,12.0,,R,R,L,MIL,NYM,B,,,0,0,2024,-0.93,-1.06,0.8962387770757274,3.0974588467223665,,,,0,8,Top,,,,,,,-2.3549280586611063,-112.29346614708793,3.5529912151291345,-7.390637493462355,21.521910648008667,-42.00366152495362,3.33946093709597,1.54418044022163,,,,77.5,2554.0,6.6,745932,606992,641343,668930,655316,687401,686555,663368,694192,53.86,,,,,,,,60,1,Curveball,0,5,5,0,5,0,5,0,Infield shade,Standard,311.0,0.0,0.038,,,,,-0.038,,-5,5,0.018,0.982,25,30,26,30,1,3,4.0,1,,1,4.9,-0.93,0.93,46.2,,,,,,batter
FF,2024-09-28,96.9,-1.72,6.11,"Taylor, Tyrone",621438,683232,field_out,hit_into_play,,,,,6.0,Tyrone Taylor flies out to right fielder Jackson Chourio.,R,R,R,MIL,NYM,X,9.0,fly_ball,0,1,2024,-0.39,1.57,0.4559255013315879,2.2764301195529333,,,,0,8,Top,204.44,103.26,,,,,6.771451025512347,-140.73184534331045,-8.327779923975564,-6.77474578653268,33.40274885712663,-9.549691888009225,3.38,1.64,305.0,93.9,34.0,97.6,2341.0,6.9,745931,661388,656555,655316,687401,642715,686555,669003,694192,53.58,0.097,0.174,0.0,1.0,0.0,0.0,3.0,53,2,4-Seam Fastball,2,0,0,2,0,2,0,2,Standard,Standard,196.0,0.032,-0.217,71.8,7.4,,0.325,0.217,93.9,2,-2,0.868,0.132,27,30,28,30,1,0,2.0,1,3.0,1,0.87,0.39,0.39,60.0,5.809146411888083,5.173905502756954,34.82556430891593,41.92932091505102,25.660598948833204,batter
FF,2024-09-28,96.6,-1.58,6.09,"Taylor, Tyrone",621438,683232,,foul,,,,,5.0,,R,R,R,MIL,NYM,S,,,0,0,2024,-0.4,1.74,-0.0964649593910992,2.559999810299116,,,,0,8,Top,,,,,,,4.934667782254208,-140.37762572167742,-7.810751386512354,-6.475035598786618,35.36583777404883,-7.658277037208768,3.38,1.64,179.0,75.2,65.0,97.3,2305.0,7.0,745931,661388,656555,655316,687401,642715,686555,669003,694192,53.48,,,,,,,,53,1,4-Seam Fastball,2,0,0,2,0,2,0,2,Standard,Standard,195.0,0.006,-0.037,70.8,7.4,,,0.037,88.0,2,-2,0.862,0.138,27,30,28,30,1,0,2.0,1,3.0,1,0.74,0.4,0.4,57.0,9.081195842148672,-3.083221121551136,34.90264235362173,34.507125495575494,31.3582429464047,batter
FC,2024-09-27,90.4,-1.02,5.97,"Taylor, Tyrone",621438,593423,field_out,hit_into_play,,,,,8.0,Tyrone Taylor flies out to center fielder Blake Perkins.,R,R,R,MIL,NYM,X,8.0,fly_ball,2,1,2024,0.09,0.39,-0.2249715971195947,1.7420598037027086,,,682626.0,0,3,Top,94.92,51.84,,,,,1.7883112782715591,-131.6901974486311,-5.505533794630574,0.6921359400669653,24.52396441465192,-26.73572380236208,3.39,1.66,371.0,99.3,24.0,90.6,2436.0,6.1,745930,661388,656555,668930,687401,642715,694192,663368,669003,54.43,0.328,0.5585263157894738,0.0,1.0,0.0,0.0,5.0,21,4,Cutter,5,0,0,5,0,5,0,5,Standard,Standard,169.0,0.026,-0.282,72.0,7.5,,1.049,0.282,99.3,5,-5,0.878,0.122,31,30,31,30,1,0,5.0,3,5.0,1,2.36,-0.09,-0.09,47.4,3.427458988971744,-5.857362912231179,41.8162506845284,32.76690721286699,34.08518817246433,batter
FF,2024-09-27,95.0,-0.93,6.01,"Taylor, Tyrone",621438,593423,,ball,,,,,14.0,,R,R,R,MIL,NYM,B,,,1,1,2024,-0.33,1.21,0.9707896611585918,1.57554328034801,,,682626.0,0,3,Top,,,,,,,5.662338467820557,-137.9995506774021,-8.588689095362799,-5.479940767663434,31.365272132902067,-14.91814228083165,3.36739074314812,1.56632236347493,,,,94.2,2365.0,6.0,745930,661388,656555,668930,687401,642715,694192,663368,669003,54.54,,,,,,,,21,3,4-Seam Fastball,5,0,0,5,0,5,0,5,Standard,Standard,198.0,-0.005,0.043,,,,,-0.043,,5,-5,0.883,0.117,31,30,31,30,1,0,5.0,3,5.0,1,1.32,0.33,0.33,44.3,,,,,,batter
SL,2024-09-27,86.3,-1.03,5.91,"Taylor, Tyrone",621438,593423,,ball,,,,,14.0,,R,R,R,MIL,NYM,B,,,0,1,2024,0.74,0.01,1.180813526195356,1.124075732999902,,,682626.0,0,3,Top,,,,,,,3.7602097470240192,-125.72271819772376,-5.2157758201683535,7.139574535979576,24.39861179990652,-31.22585816552603,3.35316517406997,1.58866680077004,,,,86.4,2598.0,6.2,745930,661388,656555,668930,687401,642715,694192,663368,669003,54.31,,,,,,,,21,2,Slider,5,0,0,5,0,5,0,5,Standard,Standard,121.0,-0.002,0.034,,,,,-0.034,,5,-5,0.885,0.115,31,30,31,30,1,0,5.0,3,5.0,1,3.03,-0.74,-0.74,47.8,,,,,,batter
FC,2024-09-27,89.7,-1.05,6.04,"Taylor, Tyrone",621438,593423,,called_strike,,,,,9.0,,R,R,R,MIL,NYM,S,,,0,0,2024,0.18,0.47,0.7958928483999242,1.780308493478673,,,682626.0,0,3,Top,,,,,,,4.173960501504477,-130.55628424486042,-5.554892882156489,1.2213581803278353,25.199146718912885,-25.915772824875106,3.24747528979676,1.51929550247804,,,,89.5,2478.0,6.0,745930,661388,656555,668930,687401,642715,694192,663368,669003,54.53,,,,,,,,21,1,Cutter,5,0,0,5,0,5,0,5,Standard,Standard,166.0,0.003,-0.042,,,,,0.042,,5,-5,0.882,0.118,31,30,31,30,1,0,5.0,3,5.0,1,2.35,-0.18,-0.18,50.0,,,,,,batter
SI,2024-09-27,94.7,-2.67,5.57,"Taylor, Tyrone",621438,605452,field_out,hit_into_play,,,,,6.0,"Tyrone Taylor grounds out, shortstop Willy Adames to first baseman Rhys Hoskins. Francisco Alvarez to 3rd.",R,R,R,MIL,NYM,X,6.0,ground_ball,2,2,2024,-0.91,1.0,0.6022689362586071,2.227857697369493,,682626.0,,1,7,Top,108.11,155.98,,,,,10.680914602872116,-137.40185949833258,-5.30539956285799,-13.911337338769805,29.77296255454673,-18.48059543523657,3.39,1.66,7.0,87.6,-17.0,95.6,2223.0,6.9,745930,661388,656555,668930,687401,642715,694192,663368,669003,53.56,0.079,0.098,0.0,1.0,0.0,0.0,2.0,57,5,Sinker,7,2,2,7,2,7,2,7,Infield shade,Strategic,211.0,0.01,-0.199,70.6,7.4,,0.083,0.199,88.0,5,-5,0.966,0.034,31,30,31,30,2,2,3.0,3,5.0,1,1.55,0.91,0.91,36.3,5.641025789912728,-0.0597577263554084,31.23690369395639,44.05116286850215,29.881846440957773,batter
SL,2024-09-27,85.3,-2.75,5.59,"Taylor, Tyrone",621438,605452,,foul,,,,,9.0,,R,R,R,MIL,NYM,S,,,2,1,2024,0.28,0.09,0.4323826118342225,2.132832908605975,,682626.0,,1,7,Top,,,,,,,7.00145477372829,-124.16812676286617,-2.0567652146180824,1.5909391630459084,23.98456343123026,-31.060736253118765,3.39,1.66,,,,86.5,1891.0,6.9,745930,661388,656555,668930,687401,642715,694192,663368,669003,53.57,,,,,,,,57,4,Slider,7,2,2,7,2,7,2,7,Infield shade,Strategic,133.0,0.004,-0.082,71.0,8.4,,,0.082,,5,-5,0.962,0.038,31,30,31,30,2,2,3.0,3,5.0,1,3.03,-0.28,-0.28,36.7,22.310260457103244,-25.32494010461831,34.73055527887375,40.2962830662066,48.27535036906083,batter
SL,2024-09-27,87.7,-2.76,5.43,"Taylor, Tyrone",621438,605452,,ball,,,,,14.0,,R,R,R,MIL,NYM,B,,,1,1,2024,0.11,0.11,2.2801530991652057,0.0316963574547664,,,682626.0,1,7,Top,,,,,,,12.0591422026226,-127.11178561320592,-7.171230812108286,-1.3448293974413954,26.344680754159995,-29.593897702599563,3.30648076489797,1.53756270143481,,,,88.3,2007.0,6.9,745930,661388,656555,668930,687401,642715,694192,663368,669003,53.58,,,,,,,,57,3,Slider,7,2,2,7,2,7,2,7,Strategic,Strategic,184.0,-0.006,0.046,,,,,-0.046,,5,-5,0.968,0.032,31,30,31,30,2,2,3.0,3,5.0,1,2.88,-0.11,-0.11,32.6,,,,,,batter
FF,2024-09-27,94.8,-2.61,5.6,"Taylor, Tyrone",621438,605452,,foul_tip,,,,,14.0,,R,R,R,MIL,NYM,S,,,1,0,2024,-0.27,1.04,1.3752037127725232,2.132168292248568,,,682626.0,1,7,Top,,,,,,,11.118768915447932,-137.60499325256137,-5.759750279472654,-5.806725930077199,28.814068485058367,-17.857835428532653,3.39,1.66,,,,95.8,2255.0,6.9,745930,661388,656555,668930,687401,642715,694192,663368,669003,53.64,,,,,,,,57,2,4-Seam Fastball,7,2,2,7,2,7,2,7,Strategic,Strategic,206.0,0.003,-0.047,69.3,7.4,,,0.047,,5,-5,0.965,0.035,31,30,31,30,2,2,3.0,3,5.0,1,1.5,0.27,0.27,36.5,4.37044528069449,12.508924398978124,32.50005037852034,53.8272388213223,21.080854110969923,batter
SI,2024-09-27,93.6,-2.48,5.72,"Taylor, Tyrone",621438,605452,,ball,,,,,14.0,,R,R,R,MIL,NYM,B,,,0,0,2024,-1.16,0.71,1.459445557344349,1.0846450085192485,,,682626.0,1,7,Top,,,,,,,12.818177884972515,-135.51406079614594,-7.828244388685038,-17.06045195994912,29.00961117434658,-21.78245754010721,3.34241869518577,1.61016551116877,,,,94.3,2247.0,6.9,745930,661388,656555,668930,687401,642715,694192,663368,669003,53.55,,,,,,,,57,1,Sinker,7,2,2,7,2,7,2,7,Standard,Strategic,210.0,-0.002,0.036,,,,,-0.036,,5,-5,0.967,0.033,31,30,31,30,2,2,3.0,3,5.0,1,1.91,1.16,1.16,38.1,,,,,,batter
FF,2024-09-27,100.7,-0.18,6.42,"Taylor, Tyrone",621438,656730,field_out,hit_into_play,,,,,5.0,"Umpire reviewed (play at 1st), call on the field was upheld: Tyrone Taylor grounds out, pitcher Trevor Megill to second baseman Brice Turang to first baseman Rhys Hoskins.",R,R,R,MIL,NYM,X,1.0,ground_ball,0,2,2024,-0.66,1.41,-0.2140905486496137,2.501991261062788,,,,0,9,Top,127.91,182.43,,,,,1.4650319261936136,-146.52007830703096,-8.968950750296992,-9.823788048177786,32.92477378779308,-9.997792894679726,3.39,1.66,21.0,79.4,-5.0,101.6,2457.0,6.6,745930,661388,656555,668930,687401,642715,694192,663368,669003,53.85,0.109,0.098,0.0,1.0,0.0,0.0,2.0,74,3,4-Seam Fastball,8,4,4,8,4,8,4,8,Strategic,Standard,205.0,0.005,-0.163,69.0,6.7,,0.113,0.163,88.0,4,-4,0.989,0.011,30,30,31,30,1,3,3.0,3,5.0,1,0.83,0.66,0.66,51.9,-4.82485357145982,12.907433252498226,33.34319625098411,33.80627214746099,22.542709054609876,batter
SL,2024-09-27,86.7,-2.8,5.52,"Taylor, Tyrone",621438,605452,field_out,hit_into_play,,,,,6.0,"Tyrone Taylor grounds out, third baseman Joey Ortiz to first baseman Rhys Hoskins.",R,R,R,MIL,NYM,X,5.0,ground_ball,1,1,2024,0.25,-0.06,0.3556612963619857,2.324387843368468,,,,0,5,Top,92.38,165.14,,,,,7.106822590134448,-126.08215136218324,-1.3359151332143429,1.198839967797544,25.286343514357053,-32.72232575775796,3.39,1.66,111.0,81.1,8.0,87.6,2092.0,6.8,745930,661388,656555,668930,687401,642715,694192,663368,669003,53.67,0.355,0.342,0.0,1.0,0.0,0.0,4.0,40,3,Slider,6,2,2,6,2,6,2,6,Strategic,Standard,143.0,0.017,-0.243,68.8,8.2,,0.42,0.243,88.0,4,-4,0.897,0.103,31,30,31,30,1,1,3.0,3,5.0,1,3.09,-0.25,-0.25,32.4,9.56009427386316,-20.079528955215487,30.268173244736957,40.476119713467455,42.06162557381985,batter
FF,2024-09-27,100.1,-0.1,6.31,"Taylor, Tyrone",621438,656730,,called_strike,,,,,8.0,,R,R,R,MIL,NYM,S,,,0,1,2024,-0.77,1.41,0.1682767785699588,1.57615601512521,,,,0,9,Top,,,,,,,2.592438936964098,-145.5071647991099,-11.087831336582198,-11.584842452379045,33.15402227978879,-9.796160760260818,3.39404279298019,1.58154964826584,,,,100.9,2433.0,6.7,745930,661388,656555,668930,687401,642715,694192,663368,669003,53.77,,,,,,,,74,2,4-Seam Fastball,8,4,4,8,4,8,4,8,Standard,Standard,199.0,0.003,-0.054,,,,,0.054,,4,-4,0.986,0.014,30,30,31,30,1,3,3.0,3,5.0,1,0.87,0.77,0.77,52.0,,,,,,batter
SL,2024-09-27,86.7,-2.7,5.51,"Taylor, Tyrone",621438,605452,,ball,,,,,14.0,,R,R,R,MIL,NYM,B,,,0,1,2024,0.3,-0.01,1.21287038618662,1.2478152775065785,,,,0,5,Top,,,,,,,8.831625001984042,-126.04782840563728,-4.0254251454746015,1.5612843488750603,23.95115104373606,-31.733061262884643,3.3006376091179,1.41990430143839,,,,88.0,2060.0,7.0,745930,661388,656555,668930,687401,642715,694192,663368,669003,53.51,,,,,,,,40,2,Slider,6,2,2,6,2,6,2,6,Strategic,Standard,139.0,-0.002,0.025,,,,,-0.025,,4,-4,0.899,0.101,31,30,31,30,1,1,3.0,3,5.0,1,3.04,-0.3,-0.3,37.6,,,,,,batter
FF,2024-09-27,100.6,-0.06,6.43,"Taylor, Tyrone",621438,656730,,called_strike,,,,,3.0,,R,R,R,MIL,NYM,S,,,0,0,2024,-0.36,1.63,0.5019696817793236,3.0376531543943264,,,,0,9,Top,,,,,,,2.4445176621880016,-146.34759078837985,-7.964752677335557,-5.767399293880274,37.039992932360434,-7.033652718172506,3.24678711746526,1.50433442039392,,,,101.1,2515.0,6.8,745930,661388,656555,668930,687401,642715,694192,663368,669003,53.74,,,,,,,,74,1,4-Seam Fastball,8,4,4,8,4,8,4,8,Standard,Standard,199.0,0.001,-0.037,,,,,0.037,,4,-4,0.985,0.015,30,30,31,30,1,3,3.0,3,5.0,1,0.63,0.36,0.36,53.0,,,,,,batter
SI,2024-09-27,96.0,-2.51,5.77,"Taylor, Tyrone",621438,605452,,called_strike,,,,,6.0,,R,R,R,MIL,NYM,S,,,0,0,2024,-1.28,0.51,0.5334294326527178,2.58972516342344,,,,0,5,Top,,,,,,,11.066112883868932,-139.44054110806516,-4.017683580737524,-19.15331505301374,29.624221078697516,-24.737449887693003,3.29857082834733,1.41786004324628,,,,97.1,2110.0,6.9,745930,661388,656555,668930,687401,642715,694192,663368,669003,53.6,,,,,,,,40,1,Sinker,6,2,2,6,2,6,2,6,Standard,Standard,214.0,0.003,-0.037,,,,,0.037,,4,-4,0.896,0.104,31,30,31,30,1,1,3.0,3,5.0,1,1.96,1.28,1.28,38.7,,,,,,batter
FC,2024-09-24,93.3,-2.27,5.59,"Taylor, Tyrone",621438,680885,field_out,hit_into_play,,,,,6.0,Tyrone Taylor flies out to right fielder Eli White.,R,R,R,ATL,NYM,X,9.0,fly_ball,0,0,2024,0.11,0.79,0.5954519978980789,2.403329972220253,,,,1,7,Top,151.54,111.7,,,,,7.256818039405529,-135.7645000090722,-4.257121227728232,-0.1801991985784018,28.70567774973212,-21.677644711957157,3.39,1.66,229.0,81.1,53.0,94.9,2360.0,7.2,747068,518595,621566,645277,570482,606115,657656,671739,642201,53.33,0.024,0.025,0.0,1.0,0.0,0.0,3.0,53,1,Cutter,5,1,1,5,1,5,1,5,Standard,Standard,199.0,0.01,-0.256,78.0,7.7,,0.033,0.256,88.0,4,-4,0.956,0.044,24,30,24,30,3,2,6.0,2,6.0,3,1.82,-0.11,-0.11,36.1,10.30865737536094,-4.100022334144682,32.880622037194534,44.88971560345474,35.06980431787091,batter
FC,2024-09-24,93.7,-2.32,5.65,"Taylor, Tyrone",621438,680885,field_out,hit_into_play,,,,,6.0,"Tyrone Taylor grounds out, shortstop Orlando Arcia to first baseman Matt Olson.",R,R,R,ATL,NYM,X,6.0,ground_ball,1,2,2024,0.07,0.53,0.7635219706351832,2.827538231997022,,,668901.0,2,4,Top,98.84,148.19,,,,,7.875121789452817,-136.36134922497484,-2.798063859217593,-0.7046471007897219,27.449376016769143,-25.118351468703928,3.39,1.66,73.0,98.7,3.0,94.9,2075.0,6.8,747068,518595,621566,645277,570482,606115,657656,671739,624585,53.7,0.521,0.488,0.0,1.0,0.0,0.0,4.0,32,4,Cutter,3,0,0,3,0,3,0,3,Standard,Standard,211.0,0.014,-0.197,69.8,7.8,,0.581,0.197,98.7,3,-3,0.846,0.154,24,30,24,30,2,1,6.0,2,6.0,3,2.05,-0.07,-0.07,33.2,15.78038181790285,-6.50345543443804,23.81773304833766,45.93006877337331,35.57331476628924,batter
FC,2024-09-24,91.5,-2.47,5.59,"Taylor, Tyrone",621438,680885,,foul,,,,,9.0,,R,R,R,ATL,NYM,S,,,1,1,2024,0.06,0.8,0.5346201378206077,1.8340130437485704,,,668901.0,2,4,Top,,,,,,,7.532220925272664,-133.18281815570472,-5.495851533739939,-0.5757957869886079,22.37731098564188,-21.733134863827097,3.39,1.66,221.0,72.0,31.0,93.3,2293.0,6.8,747068,518595,621566,645277,570482,606115,657656,671739,624585,53.67,,,,,,,,32,3,Cutter,3,0,0,3,0,3,0,3,Standard,Standard,206.0,0.005,-0.06,67.4,8.3,,,0.06,88.0,3,-3,0.841,0.159,24,30,24,30,2,1,6.0,2,6.0,3,1.88,-0.06,-0.06,34.8,7.026494560139664,-14.326349322733394,38.20699223231976,43.40091289356114,36.50523882155406,batter
FC,2024-09-24,92.6,-2.48,5.6,"Taylor, Tyrone",621438,680885,,foul,,,,,2.0,,R,R,R,ATL,NYM,S,,,1,0,2024,0.3,0.61,-0.0450210679490968,3.2109597593684343,,,668901.0,2,4,Top,,,,,,,5.62751652756707,-134.87651280130606,-1.7312027463149402,2.6107115502949862,24.996178630085616,-24.512848299016927,3.39,1.66,5.0,66.8,-35.0,94.2,2378.0,6.8,747068,518595,621566,645277,570482,606115,657656,671739,624585,53.66,,,,,,,,32,2,Cutter,3,0,0,3,0,3,0,3,Standard,Standard,197.0,0.003,-0.048,67.5,7.3,,,0.048,88.0,3,-3,0.838,0.162,24,30,24,30,2,1,6.0,2,6.0,3,2.01,-0.3,-0.3,36.9,10.799627207071602,-30.723310088468207,33.73921706055055,36.29643116562113,43.10308651970584,batter
CU,2024-09-24,80.6,-2.51,5.39,"Taylor, Tyrone",621438,680885,,ball,,,,,1.0,,R,R,R,ATL,NYM,B,,,0,0,2024,0.54,-0.32,-0.5056408145941074,3.353863858541634,,,668901.0,2,4,Top,,,,,,,3.463412288594795,-117.52157608203522,2.6669677954963733,4.508060745513054,18.61883456866024,-35.818513423751014,3.33104885512208,1.61212706501618,,,,82.1,2349.0,6.8,747068,518595,621566,645277,570482,606115,657656,671739,624585,53.68,,,,,,,,32,1,Curveball,3,0,0,3,0,3,0,3,Standard,Standard,57.0,-0.002,0.034,,,,,-0.034,,3,-3,0.84,0.16,24,30,24,30,2,1,6.0,2,6.0,3,3.77,-0.54,-0.54,31.7,,,,,,batter
SL,2024-09-24,87.9,-2.31,5.59,"Taylor, Tyrone",621438,680885,strikeout,called_strike,,,,,3.0,Tyrone Taylor called out on strikes.,R,R,R,ATL,NYM,S,2.0,,1,2,2024,0.26,-0.37,0.2893657386729547,3.1345960514161777,,,624413.0,2,2,Top,,,,,,,5.823101865936794,-127.9846844043014,0.8749197305354444,1.824399843477808,23.39252567287435,-36.63544117973246,3.42356782337257,1.65899284084585,,,,89.3,2408.0,6.8,747068,518595,621566,645277,570482,606115,657656,671739,624585,53.66,,0.0,0.0,1.0,0.0,0.0,,12,5,Slider,0,0,0,0,0,0,0,0,Standard,Standard,73.0,0.016,-0.196,,,,,0.196,,0,0,0.535,0.465,24,30,24,30,1,0,6.0,2,6.0,3,3.29,-0.26,-0.26,37.2,,,,,,batter
FF,2024-09-24,97.2,-2.29,5.7,"Taylor, Tyrone",621438,680885,,foul,,,,,11.0,,R,R,R,ATL,NYM,S,,,1,2,2024,-0.33,1.19,-0.4662741218468453,3.7081829607383936,,,624413.0,2,2,Top,,,,,,,5.711068091409567,-141.54392798579997,-2.62332441197764,-5.57779610040202,27.978942717047637,-15.719347569764492,3.39,1.66,121.0,93.6,72.0,98.8,2359.0,6.8,747068,518595,621566,645277,570482,606115,657656,671739,624585,53.65,,,,,,,,12,4,4-Seam Fastball,0,0,0,0,0,0,0,0,Standard,Standard,218.0,0.0,0.0,72.5,7.2,,,0.0,93.6,0,0,0.535,0.465,24,30,24,30,1,0,6.0,2,6.0,3,1.2,0.33,0.33,36.1,14.437069594585576,-16.42876888434927,24.72121058041356,31.02323888528981,35.71757239910762,batter
SL,2024-09-24,88.9,-2.38,5.52,"Taylor, Tyrone",621438,680885,,ball,,,,,11.0,,R,R,R,ATL,NYM,B,,,0,2,2024,0.37,-0.3,-1.114947582750394,3.144490039430147,,,624413.0,2,2,Top,,,,,,,2.340868936377382,-129.53531593823325,0.792987006629607,3.742483738457043,23.969809772016703,-35.90589276062344,3.38911300562425,1.62754300099378,,,,90.2,2430.0,6.7,747068,518595,621566,645277,570482,606115,657656,671739,624585,53.77,,,,,,,,12,3,Slider,0,0,0,0,0,0,0,0,Standard,Standard,79.0,-0.002,0.027,,,,,-0.027,,0,0,0.537,0.463,24,30,24,30,1,0,6.0,2,6.0,3,3.15,-0.37,-0.37,36.0,,,,,,batter
SL,2024-09-24,88.7,-2.34,5.57,"Taylor, Tyrone",621438,680885,,called_strike,,,,,7.0,,R,R,R,ATL,NYM,S,,,0,1,2024,0.3,-0.35,-0.2941957224139691,1.7729647995715232,,,624413.0,2,2,Top,,,,,,,4.431792531732312,-129.1497732730819,-2.5423313075242344,2.4746296859034254,25.43908647066664,-35.81120769075131,3.37775500164427,1.67340158708224,,,,90.0,2368.0,6.9,747068,518595,621566,645277,570482,606115,657656,671739,624585,53.58,,,,,,,,12,2,Slider,0,0,0,0,0,0,0,0,Standard,Standard,59.0,0.006,-0.054,,,,,0.054,,0,0,0.531,0.469,24,30,24,30,1,0,6.0,2,6.0,3,3.23,-0.3,-0.3,32.6,,,,,,batter
SL,2024-09-24,88.9,-2.15,5.61,"Taylor, Tyrone",621438,680885,,called_strike,,,,,12.0,,R,R,R,ATL,NYM,S,,,0,0,2024,0.35,-0.23,0.8695448223527737,2.505797403205511,,,624413.0,2,2,Top,,,,,,,6.750749748973839,-129.4407870008535,-1.1492871508599831,2.666218628210697,24.71892661568281,-34.74322418296628,3.36531818203649,1.62653710682772,,,,90.4,2370.0,7.0,747068,518595,621566,645277,570482,606115,657656,671739,624585,53.54,,,,,,,,12,1,Slider,0,0,0,0,0,0,0,0,Standard,Standard,79.0,0.003,-0.047,,,,,0.047,,0,0,0.528,0.472,24,30,24,30,1,0,6.0,2,6.0,3,3.09,-0.35,-0.35,38.7,,,,,,batter
SI,2024-09-22,94.4,-2.03,4.95,"Taylor, Tyrone",621438,554430,field_out,hit_into_play,,,,,1.0,Tyrone Taylor lines out to first baseman Bryce Harper.,R,R,R,NYM,PHI,X,3.0,line_drive,0,1,2024,-1.38,0.32,-0.6450554099321084,3.477968190878843,,,682626.0,1,7,Bot,150.05,173.77,,,,,6.7496621186199945,-137.4541716614537,1.0901114107899723,-18.94019121267354,27.16383262741344,-28.468812694764825,3.39,1.66,93.0,48.0,20.0,95.9,2207.0,6.9,745767,592663,547180,681082,664761,607208,665019,669016,592206,53.6,0.159,0.148,0.0,1.0,0.0,0.0,1.0,53,2,Sinker,2,1,2,1,1,2,2,1,Standard,Standard,224.0,-0.021,-0.215,60.4,6.0,,0.203,0.215,88.0,1,1,0.786,0.786,34,30,34,30,3,2,5.0,1,6.0,2,2.21,1.38,1.38,23.4,-2.918307614061055,20.85414525556857,27.827429229829026,27.63774829170507,18.750735842660816,batter
ST,2024-09-22,86.8,-2.01,5.03,"Taylor, Tyrone",621438,554430,,called_strike,,,,,3.0,,R,R,R,NYM,PHI,S,,,0,0,2024,0.5,0.49,0.5502637147541001,3.0938947302958817,,,682626.0,1,7,Bot,,,,,,,5.151318183693699,-126.52535676917591,0.4368198167338846,4.609625541638439,21.00287077767824,-27.084630795906115,3.3905402648473,1.74245540153799,,,,88.5,2440.0,6.8,745767,592663,547180,681082,664761,607208,665019,669016,592206,53.65,,,,,,,,53,1,Sweeper,2,1,2,1,1,2,2,1,Standard,Standard,94.0,-0.004,-0.04,,,,,0.04,,1,1,0.79,0.79,34,30,34,30,3,2,5.0,1,6.0,2,2.48,-0.5,-0.5,24.5,,,,,,batter
FF,2024-09-22,94.9,-1.97,5.18,"Taylor, Tyrone",621438,554430,single,hit_into_play,,,,,6.0,"Tyrone Taylor singles on a fly ball to left fielder Brandon Marsh, deflected by center fielder Johan Rojas.",R,R,R,NYM,PHI,X,8.0,fly_ball,1,0,2024,-0.67,1.26,0.3173305913599991,2.6334925052907447,,,,0,5,Bot,122.33,110.38,,,,,7.566289334742038,-138.00636994778932,-3.839560010326115,-10.24525621285168,31.43053729721686,-15.468787715016,3.39,1.66,223.0,85.3,49.0,95.9,2356.0,6.9,745767,592663,547180,681082,664761,607208,669016,679032,592206,53.55,0.005,0.005,0.9,1.0,1.0,0.0,3.0,38,2,4-Seam Fastball,1,1,1,1,1,1,1,1,Standard,Standard,230.0,0.041,0.41,71.3,7.9,,0.005,-0.41,88.0,0,0,0.572,0.572,34,30,34,30,2,1,5.0,1,6.0,2,1.28,0.67,0.67,24.2,14.388817389833644,-13.127410648343192,33.07666449155351,40.487465479797656,35.07973399912189,batter
SI,2024-09-22,93.4,-1.88,5.06,"Taylor, Tyrone",621438,554430,,ball,,,,,11.0,,R,R,R,NYM,PHI,B,,,0,0,2024,-1.37,0.61,-0.9395511585922468,3.422576995526426,,,,0,5,Bot,,,,,,,5.5044581928376966,-135.86498268787355,0.2235965027588271,-18.13545956110117,31.05165310788008,-24.89130980218266,3.39000002041473,1.52770107079894,,,,94.1,2172.0,6.8,745767,592663,547180,681082,664761,607208,669016,679032,592206,53.66,,,,,,,,38,1,Sinker,1,1,1,1,1,1,1,1,Standard,Standard,228.0,0.005,0.038,,,,,-0.038,,0,0,0.567,0.567,34,30,34,30,2,1,5.0,1,6.0,2,2.01,1.37,1.37,23.2,,,,,,batter
SI,2024-09-22,96.7,-2.03,5.1,"Taylor, Tyrone",621438,554430,single,hit_into_play,,,,,3.0,Tyrone Taylor singles on a sharp ground ball to left fielder Brandon Marsh. Mark Vientos scores. Tyrone Taylor to 2nd.,R,R,R,NYM,PHI,X,7.0,ground_ball,1,2,2024,-1.38,0.54,0.4101679075413402,2.957457094985359,,668901.0,,2,2,Bot,104.79,158.14,,,,,9.75898515315732,-140.44909906714042,-1.350378244652155,-20.487805910744395,32.52663555116493,-24.93796976135916,3.39,1.66,43.0,103.6,-1.0,97.6,2263.0,7.0,745767,592663,547180,681082,664761,607208,669016,679032,592206,53.53,0.445,0.4,0.9,1.0,1.0,0.0,4.0,18,6,Sinker,0,1,0,1,1,1,1,1,Standard,Standard,222.0,0.121,0.76,70.4,7.9,,0.461,-0.76,103.6,-1,-1,0.414,0.414,34,30,34,30,1,0,5.0,1,6.0,2,1.91,1.38,1.38,23.5,10.91058277152354,-7.398062709430198,23.54756050070317,40.1770967238764,33.34975042187256,batter
ST,2024-09-22,86.0,-2.12,4.97,"Taylor, Tyrone",621438,554430,,foul,,,,,12.0,,R,R,R,NYM,PHI,S,,,1,2,2024,0.94,0.47,0.8991054426531897,3.0183943116930725,,668901.0,,2,2,Bot,,,,,,,5.28850325194131,-125.08802420392782,0.7177434710404176,8.711951956647402,26.401224916368875,-27.65832776693618,3.39,1.66,224.0,71.1,45.0,86.5,2583.0,6.7,745767,592663,547180,681082,664761,607208,669016,679032,592206,53.75,,,,,,,,18,5,Sweeper,0,1,0,1,1,0,0,1,Standard,Standard,71.0,0.0,0.0,65.1,8.2,,,0.0,88.0,-1,-1,0.414,0.414,34,30,34,30,1,0,5.0,1,6.0,2,2.63,-0.94,-0.94,23.1,14.490616504870896,-19.5606510996157,24.135997235691423,45.493149154555375,46.03959657500737,batter
CU,2024-09-22,82.9,-2.08,5.07,"Taylor, Tyrone",621438,554430,,blocked_ball,,,,,14.0,,R,R,R,NYM,PHI,B,,,0,2,2024,0.61,-0.53,1.504374550949507,0.5048854977452213,,668901.0,,2,2,Bot,,,,,,,7.039426668602525,-120.62282074424805,-2.940921931835228,4.533221004837663,23.57771140028992,-36.9342773674592,3.39000115850534,1.71624589067855,,,,83.4,2639.0,6.6,745767,592663,547180,681082,664761,607208,669016,679032,592206,53.87,,,,,,,,18,4,Curveball,0,1,0,1,1,0,0,1,Standard,Standard,61.0,0.004,0.018,,,,,-0.018,,-1,-1,0.41,0.41,34,30,34,30,1,0,5.0,1,6.0,2,3.84,-0.61,-0.61,26.9,,,,,,batter
FF,2024-09-22,95.0,-2.04,4.98,"Taylor, Tyrone",621438,554430,,foul,,,,,12.0,,R,R,R,NYM,PHI,S,,,0,2,2024,-0.56,1.31,0.8913826902520936,3.052778933462367,,668901.0,,2,2,Bot,,,,,,,9.14857026850466,-138.11726036773376,-2.353345119813345,-9.254508998668197,31.4381858190925,-15.137151641610693,3.39,1.66,243.0,76.3,31.0,97.0,2416.0,7.5,745767,592663,547180,681082,664761,607208,669016,679032,592206,52.96,,,,,,,,18,3,4-Seam Fastball,0,1,0,1,1,0,0,1,Standard,Standard,226.0,0.0,0.0,68.7,7.7,,,0.0,88.0,-1,-1,0.41,0.41,34,30,34,30,1,0,5.0,1,6.0,2,1.23,0.56,0.56,24.4,9.113313749223732,-15.173172281377392,27.66163736696301,45.81963342967547,37.75334255618069,batter
SI,2024-09-22,95.5,-2.14,5.01,"Taylor, Tyrone",621438,554430,,foul,,,,,11.0,,R,R,R,NYM,PHI,S,,,0,1,2024,-1.43,0.46,-1.280713560699791,3.3840272348176006,,668901.0,,2,2,Bot,,,,,,,5.539006953945147,-138.98365255114285,0.341627939920062,-19.73039666328574,32.23360022006288,-26.5194182006094,3.39,1.66,4.0,37.1,-42.0,96.4,2324.0,6.9,745767,592663,547180,681082,664761,607208,669016,679032,592206,53.62,,,,,,,,18,2,Sinker,0,1,0,1,1,0,0,1,Standard,Standard,227.0,-0.009,-0.067,65.3,6.4,,,0.067,88.0,-1,-1,0.419,0.419,34,30,34,30,1,0,5.0,1,6.0,2,2.04,1.43,1.43,25.1,5.308411332247817,-0.6161376115558481,31.317190496022132,20.75827655829753,23.665775336727712,batter
FF,2024-09-22,96.9,-2.0,5.07,"Taylor, Tyrone",621438,554430,,called_strike,,,,,9.0,,R,R,R,NYM,PHI,S,,,0,0,2024,-0.87,1.36,0.3935181162268708,1.8045258048635089,,668901.0,,2,2,Bot,,,,,,,8.518963807536348,-140.8298522270822,-6.404199834004831,-13.425726348635283,30.1415576686699,-12.785425173484857,3.3899977887163,1.63484735786817,,,,98.6,2432.0,7.2,745767,592663,547180,681082,664761,607208,669016,679032,592206,53.31,,,,,,,,18,1,4-Seam Fastball,0,1,0,1,1,0,0,1,Standard,Standard,226.0,-0.006,-0.04,,,,,0.04,,-1,-1,0.425,0.425,34,30,34,30,1,0,5.0,1,6.0,2,1.06,0.87,0.87,23.1,,,,,,batter
FF,2024-09-21,92.2,1.86,5.71,"Taylor, Tyrone",621438,624133,single,hit_into_play,,,,,1.0,Tyrone Taylor singles on a line drive to left fielder Weston Wilson. Brandon Nimmo to 2nd.,R,R,L,NYM,PHI,X,7.0,line_drive,0,0,2024,0.4,1.11,-0.5589946675722043,3.0962735704261437,,,607043.0,2,3,Bot,75.47,112.08,,,,,-7.067385393826831,-134.16738494845268,-3.2610445158691777,6.2937860407754265,28.511765329483087,-18.22592627216773,3.39,1.62,181.0,83.5,15.0,92.9,2024.0,6.7,745768,592663,547180,624641,664761,607208,642215,679032,592206,53.84,0.947,0.914,0.9,1.0,1.0,0.0,4.0,25,1,4-Seam Fastball,2,1,2,1,1,2,2,1,Standard,Standard,136.0,0.019,0.357,67.8,6.5,,1.117,-0.357,88.0,1,1,0.644,0.644,28,30,29,30,2,1,5.0,1,6.0,1,1.57,0.4,-0.4,42.8,3.528548915642552,-0.9045719403232664,36.77395915608421,28.018168663256866,28.84101744849505,batter
CU,2024-09-21,74.2,1.63,5.66,"Taylor, Tyrone",621438,624133,field_out,hit_into_play,,,,,13.0,"Tyrone Taylor grounds out, shortstop Trea Turner to first baseman Bryce Harper.",R,R,L,NYM,PHI,X,6.0,ground_ball,2,2,2024,-0.9,-0.73,-0.6213664966427357,1.3761211265075604,,,,0,2,Bot,108.62,157.0,,,,,-3.0507306730520605,-108.0330689318039,-0.2053579593842345,-6.418931753988963,20.04007127076528,-38.07502351555443,3.39,1.62,28.0,71.7,-1.0,74.2,2203.0,6.4,745768,592663,547180,624641,664761,607208,642215,679032,592206,54.08,0.097,0.127,0.0,1.0,0.0,0.0,2.0,13,6,Curveball,0,1,0,1,1,0,0,1,Standard,Standard,312.0,-0.021,-0.227,68.4,8.3,,0.101,0.227,88.0,-1,-1,0.439,0.439,28,30,29,30,1,0,5.0,1,6.0,1,4.89,-0.9,0.9,44.7,27.81124341566495,-33.216237154887075,43.71375479027511,29.143661826530987,57.08973069331002,batter
SI,2024-09-21,91.3,1.75,5.74,"Taylor, Tyrone",621438,624133,,ball,,,,,11.0,,R,R,L,NYM,PHI,B,,,1,2,2024,1.31,0.61,-0.9977395287986282,2.6247214879725096,,,,0,2,Bot,,,,,,,-9.760971188693654,-132.61621868018148,-3.255504411340615,17.556350318972598,28.337889409484056,-24.49110571859353,3.38345580147332,1.71303383780283,,,,91.5,1999.0,6.5,745768,592663,547180,624641,664761,607208,642215,679032,592206,54.02,,,,,,,,13,5,Sinker,0,1,0,1,1,0,0,1,Standard,Standard,144.0,0.004,0.04,,,,,-0.04,,-1,-1,0.435,0.435,28,30,29,30,1,0,5.0,1,6.0,1,2.14,1.31,-1.31,47.7,,,,,,batter
FF,2024-09-21,92.3,1.91,5.59,"Taylor, Tyrone",621438,624133,,foul,,,,,3.0,,R,R,L,NYM,PHI,S,,,1,2,2024,0.54,1.12,0.6083657097762463,2.943321170438141,,,,0,2,Bot,,,,,,,-4.499955648323782,-134.33064484004146,-3.37426860919945,7.544946477363187,28.812327916208925,-18.038790442799503,3.39,1.62,198.0,70.4,41.0,92.5,2077.0,6.4,745768,592663,547180,624641,664761,607208,642215,679032,592206,54.14,,,,,,,,13,4,4-Seam Fastball,0,1,0,1,1,0,0,1,Standard,Standard,138.0,0.0,0.0,68.8,7.1,,,0.0,88.0,-1,-1,0.435,0.435,28,30,29,30,1,0,5.0,1,6.0,1,1.55,0.54,-0.54,35.8,4.835262378590495,9.791253802787937,30.63742842646332,41.77559723625856,25.188807608471727,batter
ST,2024-09-21,86.7,-1.75,5.45,"Taylor, Tyrone",621438,689147,strikeout,swinging_strike,,,,,3.0,Tyrone Taylor strikes out swinging.,R,R,R,NYM,PHI,S,2.0,,3,2,2024,1.77,-0.13,0.5620932336857613,3.101865320687031,624413.0,607043.0,,1,7,Bot,,,,,,,1.912453634540212,-126.1713755839975,0.8788538104308523,18.386701522417827,27.721589931029524,-33.925857414567204,3.39,1.62,,,,86.4,2882.0,6.3,745768,592663,547180,624641,664761,607208,642215,679032,592206,54.22,,0.0,0.0,1.0,0.0,0.0,,56,8,Sweeper,3,2,3,2,2,3,3,2,Strategic,Standard,59.0,-0.068,-0.335,68.2,7.3,0.345498564,,0.335,,1,1,0.862,0.862,23,30,23,30,1,3,1.0,1,4.0,1,3.18,-1.77,-1.77,28.9,10.261255472794163,-0.9286351289549348,31.930566916104755,41.76596230456008,30.193309278197347,batter
CU,2024-09-21,72.6,1.7,5.64,"Taylor, Tyrone",621438,624133,,ball,,,,,14.0,,R,R,L,NYM,PHI,B,,,0,2,2024,-1.31,-0.85,0.0642885760753966,-0.444314414687661,,,,0,2,Bot,,,,,,,-1.0319592502317616,-105.6201350280739,-3.2288604776707683,-9.47569281827576,20.314661699792232,-38.10865405653245,3.42091302112629,1.68553747530049,,,,72.7,2161.0,6.6,745768,592663,547180,624641,664761,607208,642215,679032,592206,53.86,,,,,,,,13,3,Curveball,0,1,0,1,1,0,0,1,Standard,Standard,320.0,0.002,0.023,,,,,-0.023,,-1,-1,0.433,0.433,28,30,29,30,1,0,5.0,1,6.0,1,5.22,-1.31,1.31,45.8,,,,,,batter
FC,2024-09-21,87.1,1.81,5.77,"Taylor, Tyrone",621438,624133,,foul,,,,,1.0,,R,R,L,NYM,PHI,S,,,0,1,2024,-0.09,0.42,-0.3808511665001485,3.3051159609138003,,,,0,2,Bot,,,,,,,-5.095865099769496,-126.89154548592,-0.6631304948900778,-0.055190141685991,24.211519987984552,-27.70496893857087,3.39,1.62,194.0,66.4,33.0,87.8,2044.0,6.5,745768,592663,547180,624641,664761,607208,642215,679032,592206,54.01,,,,,,,,13,2,Cutter,0,1,0,1,1,0,0,1,Standard,Standard,178.0,-0.006,-0.054,65.3,5.9,,,0.054,88.0,-1,-1,0.439,0.439,28,30,29,30,1,0,5.0,1,6.0,1,2.56,-0.09,0.09,42.7,-6.14414563968189,17.475872509294412,30.44711507649644,29.886998178273263,20.281951529041255,batter
SI,2024-09-21,97.7,-1.6,5.46,"Taylor, Tyrone",621438,689147,,foul,,,,,8.0,,R,R,R,NYM,PHI,S,,,3,2,2024,-1.45,0.92,0.1828633102573675,2.167019504410409,624413.0,607043.0,,1,7,Bot,,,,,,,8.159564866407683,-141.97348255272652,-5.492689267326223,-21.424731987262675,32.42802823586434,-18.6709930340189,3.39,1.62,,,,98.0,2407.0,6.5,745768,592663,547180,624641,664761,607208,642215,679032,592206,53.96,,,,,,,,56,7,Sinker,3,2,3,2,2,3,3,2,Strategic,Standard,226.0,0.0,0.0,69.4,7.6,,,0.0,,1,1,0.862,0.862,23,30,23,30,1,3,1.0,1,4.0,1,1.48,1.45,1.45,29.8,11.780247266023752,-3.307943210691255,32.251528953914814,37.11256973915852,29.041288317849236,batter
CU,2024-09-21,73.6,1.63,5.77,"Taylor, Tyrone",621438,624133,,called_strike,,,,,5.0,,R,R,L,NYM,PHI,S,,,0,0,2024,-0.91,-0.84,-0.0525835678459972,2.453634298666727,,,,0,2,Bot,,,,,,,-1.850124590552878,-107.1415232016468,2.131611649190125,-6.57810114827698,20.88644514448067,-39.2370590610066,3.37694099629677,1.70940456525815,,,,73.6,2159.0,6.5,745768,592663,547180,624641,664761,607208,642215,679032,592206,53.97,,,,,,,,13,1,Curveball,0,1,0,1,1,0,0,1,Standard,Standard,311.0,-0.004,-0.037,,,,,0.037,,-1,-1,0.443,0.443,28,30,29,30,1,0,5.0,1,6.0,1,5.09,-0.91,0.91,46.2,,,,,,batter
SI,2024-09-21,97.7,-1.36,5.49,"Taylor, Tyrone",621438,689147,,ball,,,,,14.0,,R,R,R,NYM,PHI,B,,,2,2,2024,-1.57,0.92,1.123183393721866,1.4711659396654333,624413.0,607043.0,,1,7,Bot,,,,,,,10.374082038589632,-141.81056758804468,-7.460643200500572,-23.589415792453245,32.49625786447078,-18.192268988394044,3.45146196789145,1.70445233475225,,,,98.3,2420.0,6.8,745768,592663,547180,624641,664761,607208,642215,679032,592206,53.74,,,,,,,,56,6,Sinker,3,2,3,2,2,3,3,2,Strategic,Standard,226.0,0.011,0.039,,,,,-0.039,,1,1,0.851,0.851,23,30,23,30,1,3,1.0,1,4.0,1,1.48,1.57,1.57,32.9,,,,,,batter
ST,2024-09-21,86.7,-1.82,5.34,"Taylor, Tyrone",621438,689147,,foul,,,,,14.0,,R,R,R,NYM,PHI,S,,,2,2,2024,1.29,0.14,0.8725185231622656,1.7426753925551002,624413.0,607043.0,,1,7,Bot,,,,,,,3.795954618361965,-126.24848432693572,-2.6535765529197857,12.96164763173779,27.128009328706558,-30.356731660421456,3.39,1.62,154.0,67.9,24.0,86.5,2917.0,6.2,745768,592663,547180,624641,664761,607208,642215,679032,592206,54.27,,,,,,,,56,5,Sweeper,3,2,3,2,2,3,3,2,Strategic,Standard,53.0,0.0,0.0,65.3,7.1,,,0.0,88.0,1,1,0.851,0.851,23,30,23,30,1,3,1.0,1,4.0,1,2.9,-1.29,-1.29,24.3,-3.1733417700012354,5.390544511677691,36.22435646931,46.3195072430525,26.83292289652788,batter
SI,2024-09-21,97.2,-1.5,5.47,"Taylor, Tyrone",621438,689147,,foul,,,,,7.0,,R,R,R,NYM,PHI,S,,,2,1,2024,-1.61,1.0,-0.5228094472844347,1.9961860446811264,624413.0,607043.0,,1,7,Bot,,,,,,,6.351327196997254,-141.27261453905734,-6.040323301391098,-23.05684276332139,35.261519139106674,-17.600946696237024,3.39,1.62,2.0,93.0,-38.0,97.2,2399.0,6.6,745768,592663,547180,624641,664761,607208,642215,679032,592206,53.91,,,,,,,,56,4,Sinker,3,2,3,2,2,3,3,2,Strategic,Standard,230.0,-0.01,-0.121,71.5,7.8,,,0.121,93.0,1,1,0.861,0.861,23,30,23,30,1,3,1.0,1,4.0,1,1.44,1.61,1.61,28.9,14.26985677621893,-6.742549679249113,39.94443473405821,28.920789585426814,30.368269598394228,batter
ST,2024-09-21,86.8,-1.89,5.34,"Taylor, Tyrone",621438,689147,,ball,,,,,9.0,,R,R,R,NYM,PHI,B,,,1,1,2024,1.04,0.11,0.5418098206856334,1.728874847228599,624413.0,,607043.0,1,7,Bot,,,,,,,3.6855221650808314,-126.37061019694154,-2.6196490066451026,10.219018979623849,28.97251787734981,-30.645677919510604,3.36234614529469,1.66115059083162,,,,86.4,2907.0,6.3,745768,592663,547180,624641,664761,607208,642215,679032,592206,54.19,,,,,,,,56,3,Sweeper,3,2,3,2,2,3,3,2,Standard,Standard,60.0,0.017,0.024,,,,,-0.024,,1,1,0.844,0.844,23,30,23,30,1,3,1.0,1,4.0,1,2.94,-1.04,-1.04,21.7,,,,,,batter
ST,2024-09-21,86.6,-1.82,5.38,"Taylor, Tyrone",621438,689147,,foul,,,,,5.0,,R,R,R,NYM,PHI,S,,,1,0,2024,1.29,-0.02,0.0176500981239156,2.493153471374712,624413.0,,607043.0,1,7,Bot,,,,,,,1.743176470786335,-126.1181078429278,-0.59110171957382,13.28053508800013,28.19983112164825,-32.53479536544115,3.39,1.62,186.0,70.9,56.0,86.1,2816.0,6.1,745768,592663,547180,624641,664761,607208,642215,679032,592206,54.37,,,,,,,,56,2,Sweeper,3,2,3,2,2,3,3,2,Standard,Standard,65.0,-0.005,-0.062,69.8,7.4,,,0.062,88.0,1,1,0.849,0.849,23,30,23,30,1,3,1.0,1,4.0,1,3.08,-1.29,-1.29,25.7,4.94962210947266,-8.22134936565015,38.17362971890134,35.15675742794528,32.678484754055205,batter
ST,2024-09-21,87.3,-1.78,5.38,"Taylor, Tyrone",621438,689147,,blocked_ball,,,,,14.0,,R,R,R,NYM,PHI,B,,,0,0,2024,0.88,-0.3,0.6817012883167435,0.7028391887814043,624413.0,,607043.0,1,7,Bot,,,,,,,4.0992252638794975,-126.88468003214376,-4.334044924349721,8.32957603879786,31.87994354768032,-34.48274414207307,3.34590289659464,1.63088046947054,,,,86.4,2905.0,6.3,745768,592663,547180,624641,664761,607208,642215,679032,592206,54.22,,,,,,,,56,1,Sweeper,3,2,3,2,2,3,3,2,Standard,Standard,48.0,0.002,0.024,,,,,-0.024,,1,1,0.847,0.847,23,30,23,30,1,3,1.0,1,4.0,1,3.35,-0.88,-0.88,25.8,,,,,,batter
SI,2024-09-21,96.3,-1.18,6.18,"Taylor, Tyrone",621438,614179,field_out,hit_into_play,,,,,8.0,Tyrone Taylor flies out to center fielder Johan Rojas.,R,R,R,NYM,PHI,X,8.0,fly_ball,2,0,2024,-1.31,1.15,-0.0522841600899586,2.0259523211747017,,,,0,6,Bot,111.99,57.81,,,,,5.9340331566169215,-139.9748823738298,-7.999067593244551,-18.51876126009689,32.53633136389547,-15.45562293826181,3.39,1.62,351.0,91.9,27.0,95.8,2263.0,6.1,745768,592663,547180,624641,664761,607208,642215,679032,592206,54.37,0.118,0.161,0.0,1.0,0.0,0.0,3.0,44,3,Sinker,2,2,2,2,2,2,2,2,Standard,Standard,211.0,-0.049,-0.361,70.8,7.9,,0.27,0.361,91.9,0,0,0.591,0.591,29,30,30,30,1,2,2.0,1,4.0,1,1.32,1.31,1.31,,8.183800777410264,-4.394019239505221,38.97269600930287,34.62339353496809,30.99221571428976,batter
CU,2024-09-21,87.5,-1.31,6.17,"Taylor, Tyrone",621438,614179,,ball,,,,,14.0,,R,R,R,NYM,PHI,B,,,1,0,2024,0.32,-0.07,1.6560619625805275,0.243975072016545,,,,0,6,Bot,,,,,,,6.485788378290577,-127.15084281135414,-7.994825718585888,2.189685468733447,25.997898585387272,-31.4778422791351,3.35281722594795,1.66363146399357,,,,87.4,2039.0,6.3,745768,592663,547180,624641,664761,607208,642215,679032,592206,54.19,,,,,,,,44,2,Curveball,2,2,2,2,2,2,2,2,Standard,Standard,16.0,0.01,0.069,,,,,-0.069,,0,0,0.581,0.581,29,30,30,30,1,2,2.0,1,4.0,1,3.05,-0.32,-0.32,44.3,,,,,,batter
CU,2024-09-21,86.3,-1.27,6.22,"Taylor, Tyrone",621438,614179,,ball,,,,,14.0,,R,R,R,NYM,PHI,B,,,0,0,2024,0.24,-0.13,1.0219560833201402,1.1672805706241434,,,,0,6,Bot,,,,,,,4.959754825909538,-125.5510648093346,-5.496756910517041,1.5660968185199984,25.822904378935792,-32.65604094645501,3.38849847731365,1.72143555057352,,,,86.2,1998.0,6.2,745768,592663,547180,624641,664761,607208,642215,679032,592206,54.26,,,,,,,,44,1,Curveball,2,2,2,2,2,2,2,2,Standard,Standard,32.0,0.005,0.038,,,,,-0.038,,0,0,0.576,0.576,29,30,30,30,1,2,2.0,1,4.0,1,3.2,-0.24,-0.24,45.1,,,,,,batter
FC,2024-09-20,89.8,2.26,5.43,"Taylor, Tyrone",621438,656457,single,hit_into_play,,,,,8.0,Tyrone Taylor singles on a ground ball to left fielder Weston Wilson.,R,R,L,NYM,PHI,X,7.0,ground_ball,1,1,2024,0.22,0.82,-0.0101941080574127,2.1415155091578155,,,,2,8,Bot,84.87,122.45,,,,,-6.053364366389661,-130.72136544280835,-3.8969933154347514,3.734169036348736,27.20225202374108,-22.13609573228541,3.38,1.6,136.0,87.8,11.0,89.6,2163.0,6.1,745770,592663,547180,624641,664761,607208,642215,679032,592206,54.39,0.658,0.596,0.9,1.0,1.0,0.0,4.0,75,3,Cutter,2,12,2,12,12,2,2,12,Standard,Standard,143.0,0.0,0.344,70.3,7.7,,0.714,-0.344,88.0,-10,-10,0.001,0.001,30,30,31,30,1,0,4.0,1,4.0,1,2.0,0.22,-0.22,27.0,8.213243334227839,-2.264670399671161,38.42313590106989,34.74476213627992,30.684104309374284,batter
SI,2024-09-20,91.0,2.56,4.96,"Taylor, Tyrone",621438,656457,,foul,,,,,5.0,,R,R,L,NYM,PHI,S,,,1,0,2024,1.7,0.53,0.1545523041775602,2.228795461580093,,,,2,8,Bot,,,,,,,-9.66939879396716,-132.20901778398212,-2.059370235887681,22.01001774659156,28.911225201398494,-25.688272651786587,3.38,1.6,,,,90.8,2150.0,6.3,745770,592663,547180,624641,664761,607208,642215,679032,592206,54.17,,,,,,,,75,2,Sinker,2,12,2,12,12,2,2,12,Standard,Standard,124.0,0.0,-0.051,73.7,7.7,,,0.051,,-10,-10,0.001,0.001,30,30,31,30,1,0,4.0,1,4.0,1,2.23,1.7,-1.7,14.8,7.788351096472159,-6.323320579484059,38.55603851412008,37.952370177997125,31.41887189214244,batter
ST,2024-09-20,84.6,2.56,5.05,"Taylor, Tyrone",621438,656457,,ball,,,,,12.0,,R,R,L,NYM,PHI,B,,,0,0,2024,-0.53,0.11,2.089810150859237,4.237305264218408,,,,2,8,Bot,,,,,,,-0.0374045218153238,-123.2015007323232,4.174770220251985,-5.4210691425056,25.025896528813483,-32.156499148232115,3.54236481501028,1.73187924985058,,,,83.6,2265.0,5.6,745770,592663,547180,624641,664761,607208,642215,679032,592206,54.87,,,,,,,,75,1,Sweeper,2,12,2,12,12,2,2,12,Standard,Standard,293.0,0.0,0.04,,,,,-0.04,,-10,-10,0.001,0.001,30,30,31,30,1,0,4.0,1,4.0,1,3.08,-0.53,0.53,15.2,,,,,,batter
FC,2024-09-19,89.2,-2.02,6.32,"Taylor, Tyrone",621438,592836,walk,ball,,,,,13.0,Tyrone Taylor walks. J.D. Martinez to 2nd.,R,R,R,NYM,PHI,B,,,3,1,2024,-0.4,1.42,-0.9243613713487288,2.143602768259884,,,502110.0,0,4,Bot,,,,,,,3.520115629979688,-129.73292537411487,-7.196353847232338,-5.269962153360698,26.673261839662302,-14.87306348406942,3.37994330094296,1.76645783925522,,,,88.9,2367.0,6.1,745769,592663,547180,681082,664761,607208,669016,670276,592206,54.44,,0.689131,0.7,1.0,0.0,0.0,,34,5,Cutter,4,3,4,3,3,4,4,3,Standard,Standard,197.0,0.029,0.252,,,,,-0.252,,1,1,0.737,0.737,31,30,32,30,2,1,5.0,1,5.0,1,1.45,0.4,0.4,44.2,,,,,,batter
SI,2024-09-19,92.6,-1.88,6.24,"Taylor, Tyrone",621438,592836,,ball,,,,,14.0,,R,R,R,NYM,PHI,B,,,2,1,2024,-1.39,1.08,0.0157833474000241,1.188271480345958,,,502110.0,0,4,Bot,,,,,,,7.834245425800302,-134.43946997495786,-9.416006017997152,-18.550342595338897,28.98318500466724,-17.136617941975732,3.35589869165084,1.66527148506022,,,,92.3,2017.0,6.2,745769,592663,547180,681082,664761,607208,669016,670276,592206,54.26,,,,,,,,34,4,Sinker,4,3,4,3,3,4,4,3,Standard,Standard,215.0,0.014,0.109,,,,,-0.109,,1,1,0.723,0.723,31,30,32,30,2,1,5.0,1,5.0,1,1.59,1.39,1.39,44.2,,,,,,batter
FS,2024-09-19,88.4,-1.94,6.23,"Taylor, Tyrone",621438,592836,,blocked_ball,,,,,13.0,,R,R,R,NYM,PHI,B,,,1,1,2024,-1.43,0.37,-0.202670162319017,0.6892537585609362,,,502110.0,0,4,Bot,,,,,,,7.176978037824183,-128.23230566602552,-8.02373228290986,-17.28159764743757,30.534258149878426,-26.452783016650898,3.32216169282248,1.69899983862038,,,,87.4,1519.0,6.2,745769,592663,547180,681082,664761,607208,669016,670276,592206,54.29,,,,,,,,34,3,Split-Finger,4,3,4,3,3,4,4,3,Standard,Standard,224.0,0.007,0.043,,,,,-0.043,,1,1,0.716,0.716,31,30,32,30,2,1,5.0,1,5.0,1,2.61,1.43,1.43,41.6,,,,,,batter
ST,2024-09-19,86.3,-1.99,6.36,"Taylor, Tyrone",621438,592836,,called_strike,,,,,1.0,,R,R,R,NYM,PHI,S,,,1,0,2024,0.56,0.82,-0.3691102681283585,2.956587313351495,,,502110.0,0,4,Bot,,,,,,,2.7048311657758197,-125.54920540739516,-3.478669958812308,5.330669401319244,27.65603776058651,-22.974113058406022,3.42337265556625,1.80018746519738,,,,85.5,2502.0,6.0,745769,592663,547180,681082,664761,607208,669016,670276,592206,54.49,,,,,,,,34,2,Sweeper,4,3,4,3,3,4,4,3,Standard,Standard,179.0,-0.007,-0.049,,,,,0.049,,1,1,0.723,0.723,31,30,32,30,2,1,5.0,1,5.0,1,2.26,-0.56,-0.56,43.3,,,,,,batter
FS,2024-09-19,87.6,-2.07,6.34,"Taylor, Tyrone",621438,592836,,ball,,,,,11.0,,R,R,R,NYM,PHI,B,,,0,0,2024,-1.07,0.58,-1.444365603298611,3.380690857209128,,,502110.0,0,4,Bot,,,,,,,3.712509322743311,-127.435176433954,-2.1471708378613137,-12.419062018296191,28.994099547445305,-25.674557494316712,3.38963568356494,1.69899983862038,,,,87.0,1439.0,6.1,745769,592663,547180,681082,664761,607208,669016,670276,592206,54.36,,,,,,,,34,1,Split-Finger,4,3,4,3,3,4,4,3,Standard,Standard,228.0,0.005,0.041,,,,,-0.041,,1,1,0.718,0.718,31,30,32,30,2,1,5.0,1,5.0,1,2.42,1.07,1.07,42.0,,,,,,batter
ST,2024-09-19,86.8,-1.92,6.33,"Taylor, Tyrone",621438,592836,field_out,hit_into_play,,,,,5.0,"Tyrone Taylor grounds out, shortstop Trea Turner to first baseman Bryce Harper.",R,R,R,NYM,PHI,X,6.0,ground_ball,2,2,2024,0.48,0.84,0.2659114451100005,2.189825112341186,,,,0,2,Bot,109.0,151.0,,,,,4.243175045561833,-126.40955534713396,-5.455830822545261,4.354022877840776,24.460552506575414,-22.311165704073023,3.38,1.62,32.0,91.0,-2.0,86.8,2365.0,6.1,745769,592663,547180,681082,664761,607208,669016,670276,592206,54.39,0.324,0.292,0.0,1.0,0.0,0.0,2.0,14,5,Sweeper,2,0,2,0,0,2,2,0,Standard,Standard,174.0,-0.014,-0.227,68.2,6.9,,0.348,0.227,91.0,2,2,0.745,0.745,31,30,32,30,1,0,5.0,1,5.0,1,2.17,-0.48,-0.48,41.2,0.9932847177785792,7.4065904297201985,35.398616675433566,38.22571432650314,29.824731154827425,batter
FS,2024-09-19,87.7,-2.02,6.25,"Taylor, Tyrone",621438,592836,,foul,,,,,4.0,,R,R,R,NYM,PHI,S,,,2,1,2024,-0.92,0.39,-0.5181125346564067,2.7019589241391877,,,,0,2,Bot,,,,,,,5.510803153726176,-127.56697149918033,-3.1814396113033805,-11.173933213274582,28.79079302089534,-27.46939240034749,3.38,1.62,42.0,107.0,-1.0,87.0,1391.0,6.1,745769,592663,547180,681082,664761,607208,669016,670276,592206,54.39,,,,,,,,14,4,Split-Finger,2,0,2,0,0,2,2,0,Standard,Standard,224.0,-0.005,-0.069,73.9,7.4,,,0.069,107.0,2,2,0.75,0.75,31,30,32,30,1,0,5.0,1,5.0,1,2.6,0.92,0.92,38.5,13.79594167859249,-15.428477676351871,31.10210424816265,29.35741933235009,38.98328045001827,batter
SI,2024-09-19,92.3,-2.01,6.3,"Taylor, Tyrone",621438,592836,,ball,,,,,13.0,,R,R,R,NYM,PHI,B,,,1,1,2024,-1.24,1.15,-1.2037116604158602,2.105866880110214,,,,0,2,Bot,,,,,,,4.711769763534203,-134.1134673613225,-7.281367673830157,-15.935895294896053,30.03083573073945,-16.9149183085241,3.4571095945177,1.69899983862038,,,,91.6,2010.0,6.0,745769,592663,547180,681082,664761,607208,669016,670276,592206,54.49,,,,,,,,14,3,Sinker,2,0,2,0,0,2,2,0,Standard,Standard,216.0,0.004,0.053,,,,,-0.053,,2,2,0.746,0.746,31,30,32,30,1,0,5.0,1,5.0,1,1.54,1.24,1.24,40.6,,,,,,batter
FC,2024-09-19,88.7,-2.04,6.35,"Taylor, Tyrone",621438,592836,,called_strike,,,,,7.0,,R,R,R,NYM,PHI,S,,,1,0,2024,-0.2,1.16,-0.2886928479606485,1.5073023574165,,,,0,2,Bot,,,,,,,4.636018315940301,-128.82881407072378,-8.086794336983655,-3.181720181221216,28.21371468632192,-17.759018154698246,3.52453287170683,1.46264553945896,,,,87.7,2282.0,5.9,745769,592663,547180,681082,664761,607208,669016,670276,592206,54.61,,,,,,,,14,2,Cutter,2,0,2,0,0,2,2,0,Standard,Standard,205.0,-0.004,-0.049,,,,,0.049,,2,2,0.75,0.75,31,30,32,30,1,0,5.0,1,5.0,1,1.76,0.2,0.2,39.4,,,,,,batter
FC,2024-09-19,88.6,-1.99,6.34,"Taylor, Tyrone",621438,592836,,ball,,,,,14.0,,R,R,R,NYM,PHI,B,,,0,0,2024,0.07,1.39,1.2734889035156556,1.1961601813467828,,,,0,2,Bot,,,,,,,7.76670935446123,-128.48027597514096,-9.26499324770151,-0.907163863473822,28.610640291336196,-14.974550584116916,3.42337265556625,1.59781612389494,,,,87.8,2366.0,6.2,745769,592663,547180,681082,664761,607208,669016,670276,592206,54.34,,,,,,,,14,1,Cutter,2,0,2,0,0,2,2,0,Standard,Standard,206.0,0.003,0.038,,,,,-0.038,,2,2,0.747,0.747,31,30,32,30,1,0,5.0,1,5.0,1,1.55,-0.07,-0.07,41.0,,,,,,batter
SI,2024-09-19,98.7,0.94,6.61,"Taylor, Tyrone",621438,621237,walk,ball,,,,,11.0,Tyrone Taylor walks.,R,R,L,NYM,PHI,B,,,3,1,2024,0.97,1.48,-0.948114118149902,3.664482751062269,,,,0,7,Bot,,,,,,,-7.471253794443751,-143.48967461096944,-6.074810407221687,15.14357567831797,32.83304213534012,-10.528830996931507,3.42337265556625,1.66527148506022,,,,99.8,2118.0,6.9,745769,592663,547180,681082,664761,607208,642215,669016,592206,53.59,,0.689131,0.7,1.0,0.0,0.0,,65,5,Sinker,9,6,9,6,6,9,9,6,Standard,Standard,158.0,0.005,0.287,,,,,-0.287,,3,3,0.945,0.945,29,30,29,30,1,3,3.0,1,2.0,1,0.87,0.97,-0.97,67.0,,,,,,batter
FF,2024-09-19,89.4,1.73,5.41,"Taylor, Tyrone",621438,663465,walk,ball,,,,,12.0,Tyrone Taylor walks.,R,R,L,NYM,PHI,B,,,3,1,2024,0.62,1.36,0.7303392304052672,4.231796971067313,,,,0,5,Bot,,,,,,,-3.776781191971793,-130.2237198427684,0.2683501822600191,7.834085023401905,28.44535924045244,-17.057578633254614,3.35589869165084,1.80018746519738,,,,89.5,1854.0,6.4,745769,592663,547180,681082,664761,607208,669016,670276,592206,54.14,,0.689131,0.7,1.0,0.0,0.0,,46,5,4-Seam Fastball,9,3,9,3,3,9,9,3,Standard,Standard,151.0,0.002,0.287,,,,,-0.287,,6,6,0.979,0.979,26,30,27,30,1,2,5.0,1,5.0,1,1.5,0.62,-0.62,45.9,,,,,,batter
SI,2024-09-19,98.4,0.88,6.54,"Taylor, Tyrone",621438,621237,,ball,,,,,13.0,,R,R,L,NYM,PHI,B,,,2,1,2024,1.26,1.15,-0.9743078974017072,1.929586774379099,,,,0,7,Bot,,,,,,,-8.074683054188966,-142.87272857398665,-9.831664306521407,19.16532064347446,32.03889880095785,-14.314052608656938,3.49084648722614,1.76645783925522,,,,99.6,2039.0,7.0,745769,592663,547180,681082,664761,607208,642215,669016,592206,53.47,,,,,,,,65,4,Sinker,9,6,9,6,6,9,9,6,Standard,Standard,156.0,0.003,0.122,,,,,-0.122,,3,3,0.942,0.942,29,30,29,30,1,3,3.0,1,2.0,1,1.21,1.26,-1.26,64.4,,,,,,batter
FF,2024-09-19,89.4,1.81,5.34,"Taylor, Tyrone",621438,663465,,ball,,,,,12.0,,R,R,L,NYM,PHI,B,,,2,1,2024,0.63,1.33,0.9191871112555504,4.2951804104877285,,,,0,5,Bot,,,,,,,-3.5302263510650205,-130.13726623834538,0.6492716904446438,7.95451215824694,28.233370915830918,-17.515462152819172,3.38963568356494,1.73272862685923,,,,89.4,1751.0,6.3,745769,592663,547180,681082,664761,607208,669016,670276,592206,54.16,,,,,,,,46,4,4-Seam Fastball,9,3,9,3,3,9,9,3,Standard,Standard,151.0,0.001,0.122,,,,,-0.122,,6,6,0.978,0.978,26,30,27,30,1,2,5.0,1,5.0,1,1.53,0.63,-0.63,44.9,,,,,,batter
SI,2024-09-19,98.9,0.92,6.68,"Taylor, Tyrone",621438,621237,,ball,,,,,11.0,,R,R,L,NYM,PHI,B,,,1,1,2024,0.91,1.48,-0.5889352135566646,3.995738581573274,,,,0,7,Bot,,,,,,,-6.318559154565257,-143.85220380103536,-5.411353208898957,14.14783434373792,31.94867544734071,-10.472590482637132,3.4571095945177,1.69899983862038,,,,100.1,2037.0,6.9,745769,592663,547180,681082,664761,607208,642215,669016,592206,53.64,,,,,,,,65,3,Sinker,9,6,9,6,6,9,9,6,Standard,Standard,155.0,0.001,0.053,,,,,-0.053,,3,3,0.941,0.941,29,30,29,30,1,3,3.0,1,2.0,1,0.84,0.91,-0.91,63.6,,,,,,batter
FC,2024-09-19,84.2,1.76,5.42,"Taylor, Tyrone",621438,663465,,ball,,,,,12.0,,R,R,L,NYM,PHI,B,,,1,1,2024,-0.43,0.39,0.8777723326495719,4.731908567461356,,,,0,5,Bot,,,,,,,-1.209872148139606,-122.67511936803608,3.985069311660431,-4.091544509639954,23.239208044684,-29.230736368213552,3.37994330094296,1.63154357667017,,,,84.3,2000.0,6.2,745769,592663,547180,681082,664761,607208,669016,670276,592206,54.29,,,,,,,,46,3,Cutter,9,3,9,3,3,9,9,3,Standard,Standard,204.0,0.0,0.053,,,,,-0.053,,6,6,0.978,0.978,26,30,27,30,1,2,5.0,1,5.0,1,2.81,-0.43,0.43,47.5,,,,,,batter
CH,2024-09-19,82.9,1.93,5.6,"Taylor, Tyrone",621438,663465,,ball,,,,,12.0,,R,R,L,NYM,PHI,B,,,0,1,2024,1.34,0.69,1.7020745900246237,3.960960468574436,,,,0,5,Bot,,,,,,,-3.102700275222938,-120.66417483302796,1.3553469949453534,13.683527112976744,23.98906201312128,-25.889268480795824,3.4571095945177,1.76645783925522,,,,82.0,1553.0,5.7,745769,592663,547180,681082,664761,607208,669016,670276,592206,54.77,,,,,,,,46,2,Changeup,9,3,9,3,3,9,9,3,Standard,Standard,124.0,0.0,0.025,,,,,-0.025,,6,6,0.978,0.978,26,30,27,30,1,2,5.0,1,5.0,1,2.63,1.34,-1.34,43.9,,,,,,batter
SI,2024-09-19,98.6,0.92,6.72,"Taylor, Tyrone",621438,621237,,swinging_strike,,,,,5.0,,R,R,L,NYM,PHI,S,,,1,0,2024,0.79,1.52,-0.2574929708181256,2.567267124348809,,,,0,7,Bot,,,,,,,-5.091527987576608,-143.2038929153468,-9.469941824652608,12.032689353429602,33.30108495942781,-9.18385957341004,3.38,1.62,,,,99.6,2080.0,7.0,745769,592663,547180,681082,664761,607208,642215,669016,592206,53.52,,,,,,,,65,2,Sinker,9,6,9,6,6,9,9,6,Standard,Standard,163.0,-0.001,-0.049,72.9,7.8,0.363964692,,0.049,,3,3,0.942,0.942,29,30,29,30,1,3,3.0,1,2.0,1,0.83,0.79,-0.79,69.6,11.499349923124804,-7.461839348946873,38.39936271266343,34.06365673272791,31.44606296598196,batter
SI,2024-09-19,97.8,1.06,6.65,"Taylor, Tyrone",621438,621237,,ball,,,,,11.0,,R,R,L,NYM,PHI,B,,,0,0,2024,0.98,1.49,-0.3727488874357419,3.911361614062164,,,,0,7,Bot,,,,,,,-6.214029981945421,-142.26824504693863,-5.364954625698684,14.7832349178329,34.21823327769448,-10.889755215143916,3.32216169282248,1.5303626268139,,,,98.8,2136.0,6.9,745769,592663,547180,681082,664761,607208,642215,669016,592206,53.55,,,,,,,,65,1,Sinker,9,6,9,6,6,9,9,6,Standard,Standard,164.0,0.001,0.038,,,,,-0.038,,3,3,0.941,0.941,29,30,29,30,1,3,3.0,1,2.0,1,0.9,0.98,-0.98,68.0,,,,,,batter
FF,2024-09-19,90.7,1.76,5.47,"Taylor, Tyrone",621438,663465,,foul,,,,,1.0,,R,R,L,NYM,PHI,S,,,0,0,2024,0.47,1.54,-0.7844853446016002,3.420862709485617,,,,0,5,Bot,,,,,,,-7.34981094207064,-131.80634724721804,-2.431899271178014,7.126200424821165,30.97297435377412,-13.990490611578668,3.38,1.62,,,,90.3,1908.0,6.4,745769,592663,547180,681082,664761,607208,669016,670276,592206,54.14,,,,,,,,46,1,4-Seam Fastball,9,3,9,3,3,9,9,3,Standard,Standard,156.0,0.0,-0.037,69.8,7.2,,,0.037,,6,6,0.978,0.978,26,30,27,30,1,2,5.0,1,5.0,1,1.26,0.47,-0.47,44.9,13.440185948706194,-9.693631565223376,33.469578358048096,26.269963611794072,28.507362870203863,batter
CH,2024-09-18,83.5,2.2,5.77,"Taylor, Tyrone",621438,687792,double,hit_into_play,,,,,14.0,Tyrone Taylor doubles (21) on a line drive to center fielder Jacob Young. Brandon Nimmo scores. Pete Alonso to 3rd.,R,R,L,NYM,WSH,X,8.0,line_drive,1,2,2024,1.41,0.7,1.3350528785916396,2.2968854966611043,,607043.0,624413.0,0,4,Bot,155.6,68.89,,,,,-4.822246459313575,-121.30587795463197,-2.75100741270316,14.856805704193716,30.556362503759097,-25.000115384763998,3.37,1.6,331.0,99.6,19.0,83.2,2420.0,6.8,745771,686452,660766,677588,545121,682928,695578,696285,686611,53.67,0.35,0.409,1.25,1.0,1.0,1.0,5.0,28,4,Changeup,0,0,0,0,0,1,1,0,Standard,Standard,104.0,0.162,0.817,67.0,7.8,,0.629,-0.817,99.6,0,0,0.648,0.648,23,30,23,30,2,1,5.0,1,7.0,1,2.66,1.41,-1.41,37.2,11.7691001541408,7.213913058372246,28.55724240464123,50.83695856567758,28.456061019104155,batter
CH,2024-09-18,83.2,2.19,5.73,"Taylor, Tyrone",621438,687792,,swinging_strike,,,,,8.0,,R,R,L,NYM,WSH,S,,,1,1,2024,1.29,0.45,0.1990413357410869,1.5882445092230697,,607043.0,624413.0,0,4,Bot,,,,,,,-7.14114278527355,-120.77025062562642,-3.814090834680481,14.05693706477986,27.37816959987424,-27.18522416442668,3.37,1.6,,,,83.1,2359.0,6.7,745771,686452,660766,677588,545121,682928,695578,696285,686611,53.8,,,,,,,,28,3,Changeup,0,0,0,0,0,0,0,0,Standard,Standard,102.0,-0.014,-0.069,65.3,8.8,6.978465384,,0.069,,0,0,0.662,0.662,23,30,23,30,2,1,5.0,1,7.0,1,2.9,1.29,-1.29,36.5,26.83073450204588,-40.13150373165344,38.7061245494776,38.18640951141629,58.50448394903353,batter
FF,2024-09-18,93.6,1.96,5.72,"Taylor, Tyrone",621438,687792,,blocked_ball,,,,,14.0,,R,R,L,NYM,WSH,B,,,0,1,2024,1.29,1.21,0.2781900246708482,0.3871298454802498,,607043.0,624413.0,0,4,Bot,,,,,,,-7.251901927854927,-135.6947608477393,-10.691699105570764,17.567358891912484,31.60064207553216,-14.953323244967216,3.35307656676316,1.52968618800816,,,,94.0,2341.0,6.9,745771,686452,660766,677588,545121,682928,695578,696285,686611,53.65,,,,,,,,28,2,4-Seam Fastball,0,0,0,0,0,0,0,0,Standard,Standard,136.0,0.006,0.034,,,,,-0.034,,0,0,0.656,0.656,23,30,23,30,2,1,5.0,1,7.0,1,1.42,1.29,-1.29,39.6,,,,,,batter
FF,2024-09-18,94.6,2.14,5.72,"Taylor, Tyrone",621438,687792,,called_strike,,,,,6.0,,R,R,L,NYM,WSH,S,,,0,0,2024,1.23,1.35,0.7495222078753656,2.407325282728183,,607043.0,624413.0,0,4,Bot,,,,,,,-6.411004429496469,-137.38898506785125,-5.936057189728237,17.073129631196732,33.61158810484352,-13.913844924217532,3.25154137265227,1.56321415797837,,,,94.6,2420.0,6.7,745771,686452,660766,677588,545121,682928,695578,696285,686611,53.84,,,,,,,,28,1,4-Seam Fastball,0,0,0,0,0,0,0,0,Standard,Standard,139.0,-0.009,-0.044,,,,,0.044,,0,0,0.665,0.665,23,30,23,30,2,1,5.0,1,7.0,1,1.23,1.23,-1.23,39.3,,,,,,batter
CH,2024-09-18,83.7,2.08,5.68,"Taylor, Tyrone",621438,687792,strikeout,swinging_strike,,,,,13.0,Tyrone Taylor strikes out swinging.,R,R,L,NYM,WSH,S,2.0,,0,2,2024,1.13,0.48,-0.1843134028515642,1.4500322356255064,,,,0,2,Bot,,,,,,,-7.483404847763747,-121.73071030038626,-4.327049145012167,12.639542436421278,22.502726482861917,-26.774923759247585,3.37,1.6,,,,84.4,2506.0,6.6,745771,686452,660766,677588,545121,682928,695578,696285,686611,53.85,,0.0,0.0,1.0,0.0,0.0,,13,3,Changeup,0,0,0,0,0,0,0,0,Standard,Standard,95.0,-0.014,-0.163,70.7,8.6,3.30324306,,0.163,,0,0,0.542,0.542,23,30,23,30,1,0,5.0,1,7.0,1,2.76,1.13,-1.13,36.9,24.917480585666983,-33.21821677693932,40.10568275376488,33.375441265428904,51.66571443884239,batter
CH,2024-09-18,84.1,2.07,5.65,"Taylor, Tyrone",621438,687792,,called_strike,,,,,7.0,,R,R,L,NYM,WSH,S,,,0,1,2024,1.06,0.64,-0.6932692896975872,1.854007050156956,,,,0,2,Bot,,,,,,,-8.582670825484966,-122.175479070696,-3.661009438868524,12.332988540952602,24.7261523739176,-25.25599045929281,3.2853776484903,1.49616487115557,,,,84.7,2454.0,6.8,745771,686452,660766,677588,545121,682928,695578,696285,686611,53.66,,,,,,,,13,2,Changeup,0,0,0,0,0,0,0,0,Standard,Standard,100.0,-0.006,-0.054,,,,,0.054,,0,0,0.548,0.548,23,30,23,30,1,0,5.0,1,7.0,1,2.6,1.06,-1.06,37.6,,,,,,batter
FF,2024-09-18,93.2,1.96,5.67,"Taylor, Tyrone",621438,687792,,foul_tip,,,,,5.0,,R,R,L,NYM,WSH,S,,,0,0,2024,1.08,1.34,0.1849035934501581,2.5663948745029206,,,,0,2,Bot,,,,,,,-6.977301818513215,-135.44983297697615,-5.13664972178452,14.799297029302492,31.264738593576077,-14.804680269456318,3.37,1.6,,,,93.5,2350.0,6.7,745771,686452,660766,677588,545121,682928,695578,696285,686611,53.82,,,,,,,,13,1,4-Seam Fastball,0,0,0,0,0,0,0,0,Standard,Standard,130.0,-0.003,-0.037,73.6,7.7,,,0.037,,0,0,0.551,0.551,23,30,23,30,1,0,5.0,1,7.0,1,1.31,1.08,-1.08,35.7,9.464702065542577,-2.225663109618876,35.76717691300504,38.20527808619005,27.90873451365018,batter
SI,2024-09-18,86.8,2.37,5.31,"Taylor, Tyrone",621438,686747,single,hit_into_play,,,,,6.0,Tyrone Taylor singles on a sharp line drive to center fielder Jacob Young.,R,R,L,NYM,WSH,X,8.0,line_drive,1,0,2024,1.68,0.31,0.6433558571767732,2.370061599788246,,,,1,7,Bot,133.47,83.33,,,,,-7.655411095955904,-126.20271501738304,-1.491544223836489,19.540684900883797,24.99143906329424,-28.714147963004883,3.37,1.6,221.0,106.1,11.0,87.7,2067.0,6.8,745771,686452,660766,677588,545121,682928,695578,696285,686611,53.68,0.945,0.962,0.9,1.0,1.0,0.0,4.0,56,2,Sinker,9,0,9,0,0,9,9,0,Standard,Standard,116.0,0.0,0.383,72.0,7.5,,1.257,-0.383,106.1,9,9,0.999,0.999,26,30,26,30,1,3,1.0,1,2.0,1,2.71,1.68,-1.68,19.3,7.921659829429029,5.158284918517773,34.00140306545338,42.72697515448648,25.66075307648655,batter
SI,2024-09-18,87.2,2.52,5.33,"Taylor, Tyrone",621438,686747,,ball,,,,,11.0,,R,R,L,NYM,WSH,B,,,0,0,2024,1.6,0.84,-0.0144910722481783,3.596886894950936,,,,1,7,Bot,,,,,,,-9.445350931061803,-126.65139769303524,0.2947785618984085,19.14675613710942,25.22700905568385,-23.42877709607723,3.36930762459676,1.63008454774394,,,,87.8,2105.0,6.7,745771,686452,660766,677588,545121,682928,695578,696285,686611,53.78,,,,,,,,56,1,Sinker,9,0,9,0,0,9,9,0,Standard,Standard,114.0,0.0,0.039,,,,,-0.039,,9,9,0.999,0.999,26,30,26,30,1,3,1.0,1,2.0,1,2.17,1.6,-1.6,18.3,,,,,,batter
FC,2024-09-18,88.0,-0.83,5.61,"Taylor, Tyrone",621438,606930,strikeout,swinging_strike,,,,,14.0,Tyrone Taylor strikes out swinging.,R,R,R,NYM,WSH,S,2.0,,2,2,2024,0.48,0.57,1.142912494729145,1.340831807826704,,,,2,4,Bot,,,,,,,3.829371225786027,-128.09095670736272,-5.495463289533937,4.52504925844555,26.639757504941656,-24.96401721265091,3.37,1.6,,,,89.1,2310.0,6.9,745771,686452,660766,677588,545121,682928,695578,696285,686611,53.56,,0.0,0.0,1.0,0.0,0.0,,37,5,Cutter,9,0,9,0,0,9,9,0,Standard,Standard,162.0,0.0,-0.219,65.3,8.5,1.5893007,,0.219,,9,9,0.993,0.993,34,30,34,30,1,2,2.0,1,4.0,1,2.37,-0.48,-0.48,43.0,13.95699694346378,-13.564038285818038,34.43118835827445,48.82388035980175,37.48716334003567,batter
FF,2024-09-18,95.8,-0.74,5.67,"Taylor, Tyrone",621438,606930,,ball,,,,,12.0,,R,R,R,NYM,WSH,B,,,1,2,2024,-0.1,1.39,1.4140047853983515,3.63060290036169,,,,2,4,Bot,,,,,,,5.966729187243383,-139.36886239374635,-2.9349862351723464,-2.696670373831545,32.734223017029706,-13.579319177675371,3.36930762459676,1.66363146399357,,,,96.4,2526.0,6.7,745771,686452,660766,677588,545121,682928,695578,696285,686611,53.75,,,,,,,,37,4,4-Seam Fastball,9,0,9,0,0,9,9,0,Standard,Standard,199.0,0.0,0.039,,,,,-0.039,,9,9,0.993,0.993,34,30,34,30,1,2,2.0,1,4.0,1,1.1,0.1,0.1,43.7,,,,,,batter
SL,2024-09-18,82.5,-0.97,5.49,"Taylor, Tyrone",621438,606930,,foul,,,,,14.0,,R,R,R,NYM,WSH,S,,,1,1,2024,0.57,-0.44,0.2336313414714601,1.4306222269419204,,,,2,4,Bot,,,,,,,1.6383165142924736,-120.03456148673564,-1.7690187371630142,5.124389663670152,26.694757230003923,-36.25471967948343,3.37,1.6,4.0,78.3,-23.0,83.3,2064.0,7.1,745771,686452,660766,677588,545121,682928,695578,696285,686611,53.35,,,,,,,,37,3,Slider,9,0,9,0,0,9,9,0,Standard,Standard,113.0,0.0,-0.064,65.8,8.3,,,0.064,88.0,9,9,0.993,0.993,34,30,34,30,1,2,2.0,1,4.0,1,3.83,-0.57,-0.57,47.0,8.128400034556496,-21.92135308426466,34.25285909728594,37.83762698154627,42.6313089011971,batter
SL,2024-09-18,83.6,-0.7,5.6,"Taylor, Tyrone",621438,606930,,ball,,,,,14.0,,R,R,R,NYM,WSH,B,,,0,1,2024,0.42,-0.01,1.860728569292868,0.6215524451505496,,,,2,4,Bot,,,,,,,5.126233017196304,-121.60672508606814,-5.055555179998741,3.156324248802444,24.227518869654517,-31.44489172665728,3.38693931350821,1.66383849554592,,,,84.3,2175.0,6.8,745771,686452,660766,677588,545121,682928,695578,696285,686611,53.7,,,,,,,,37,2,Slider,9,0,9,0,0,9,9,0,Standard,Standard,103.0,0.0,0.029,,,,,-0.029,,9,9,0.993,0.993,34,30,34,30,1,2,2.0,1,4.0,1,3.28,-0.42,-0.42,48.0,,,,,,batter
FF,2024-09-18,96.1,-0.75,5.77,"Taylor, Tyrone",621438,606930,,called_strike,,,,,3.0,,R,R,R,NYM,WSH,S,,,0,0,2024,-0.02,1.51,0.7996550646078213,3.201507049349729,,,,2,4,Bot,,,,,,,4.180794912585741,-139.8887831709471,-4.64155313841929,-1.207719051390295,32.84113201989287,-11.550104303031343,3.36956762934587,1.59674883193546,,,,96.5,2576.0,6.6,745771,686452,660766,677588,545121,682928,695578,696285,686611,53.89,,,,,,,,37,1,4-Seam Fastball,9,0,9,0,0,9,9,0,Standard,Standard,199.0,0.0,-0.041,,,,,0.041,,9,9,0.993,0.993,34,30,34,30,1,2,2.0,1,4.0,1,0.97,0.02,0.02,43.0,,,,,,batter
FF,2024-09-17,90.8,1.2,6.16,"Taylor, Tyrone",621438,680730,field_out,hit_into_play,,,,,3.0,Tyrone Taylor pops out to first baseman Joey Gallo in foul territory.,R,R,L,NYM,WSH,X,3.0,popup,2,1,2024,0.65,1.49,0.3271051654097899,3.4281363200369706,,,624413.0,1,3,Bot,168.03,166.16,,,,,-3.589720141804538,-132.07569516221537,-4.111785354521153,8.33151035729664,30.045415806891373,-14.04974334313186,3.37,1.6,135.0,86.5,68.0,91.0,2133.0,6.6,745772,660688,608336,671277,677588,682928,695578,696285,686611,53.9,0.008,0.008,0.0,1.0,0.0,0.0,3.0,28,4,4-Seam Fastball,4,1,4,1,1,4,4,1,Standard,Standard,158.0,-0.016,-0.29,71.4,7.1,,0.012,0.29,88.0,3,3,0.842,0.842,24,30,25,30,2,1,5.0,1,7.0,1,1.29,0.65,-0.65,60.9,9.83753151974795,4.259407543861994,26.31229504180213,39.73013998164573,29.61408328367864,batter
CU,2024-09-17,80.7,1.62,5.98,"Taylor, Tyrone",621438,680730,,ball,,,,,12.0,,R,R,L,NYM,WSH,B,,,1,1,2024,-0.25,-0.83,0.1165565319843784,4.202693118671801,,,624413.0,1,3,Bot,,,,,,,-2.8643300295367338,-117.38946706037989,4.260734881916908,-1.8268621637788884,21.09878623500945,-40.83369327479246,3.37000070489764,1.62141146024054,,,,81.1,2193.0,6.5,745772,660688,608336,671277,677588,682928,695578,696285,686611,54.02,,,,,,,,28,3,Curveball,4,1,4,1,1,4,4,1,Standard,Standard,332.0,0.003,0.046,,,,,-0.046,,3,3,0.839,0.839,24,30,25,30,2,1,5.0,1,7.0,1,4.32,-0.25,0.25,54.0,,,,,,batter
FS,2024-09-17,86.0,1.52,5.97,"Taylor, Tyrone",621438,680730,,blocked_ball,,,,,13.0,,R,R,L,NYM,WSH,B,,,0,1,2024,0.48,1.12,-0.3832129223733025,0.952151395142212,,,624413.0,1,3,Bot,,,,,,,-5.527265083930999,-125.0347245003762,-8.018150727161139,6.1134782534238985,23.11113707825043,-19.065062711513708,3.37114895159569,1.61906007908956,,,,86.9,1181.0,6.7,745772,660688,608336,671277,677588,682928,695578,696285,686611,53.77,,,,,,,,28,2,Split-Finger,4,1,4,1,1,4,4,1,Standard,Standard,149.0,0.001,0.029,,,,,-0.029,,3,3,0.838,0.838,24,30,25,30,2,1,5.0,1,7.0,1,1.95,0.48,-0.48,55.5,,,,,,batter
FS,2024-09-17,84.8,1.77,5.97,"Taylor, Tyrone",621438,680730,,called_strike,,,,,14.0,,R,R,L,NYM,WSH,S,,,0,0,2024,0.19,0.72,1.000029663611251,2.4495387628069523,,,624413.0,1,3,Bot,,,,,,,-2.202945168184028,-123.60056327876732,-3.406845867691205,2.3830655546315693,23.82705341363374,-24.281992328415058,3.40611349443348,1.69372677112311,,,,85.7,845.0,6.7,745772,660688,608336,671277,677588,682928,695578,696285,686611,53.81,,,,,,,,28,1,Split-Finger,4,1,4,1,1,4,4,1,Standard,Standard,138.0,-0.002,-0.04,,,,,0.04,,3,3,0.84,0.84,24,30,25,30,2,1,5.0,1,7.0,1,2.43,0.19,-0.19,52.9,,,,,,batter
FF,2024-09-17,91.8,1.39,6.2,"Taylor, Tyrone",621438,680730,single,hit_into_play,,,,,6.0,Tyrone Taylor singles on a sharp line drive to left fielder James Wood.,R,R,L,NYM,WSH,X,7.0,line_drive,3,2,2024,0.42,1.33,0.4414780723936334,2.619987192008094,,,,0,2,Bot,82.49,80.3,,,,,-3.3417304354044792,-133.55516582377743,-6.139742180060285,5.752219716871375,27.57809225459483,-15.101127455572406,3.37,1.6,260.0,108.7,13.0,92.6,1957.0,6.7,745772,660688,608336,671277,677588,682928,695578,696285,686611,53.82,0.832,0.881,0.9,1.0,1.0,0.0,5.0,13,6,4-Seam Fastball,0,0,0,0,0,0,0,0,Standard,Standard,158.0,0.032,0.369,,,,1.224,-0.369,108.7,0,0,0.557,0.557,24,30,25,30,1,0,5.0,1,7.0,1,1.36,0.42,-0.42,59.7,,,,,,batter
CU,2024-09-17,82.3,1.65,6.01,"Taylor, Tyrone",621438,680730,,ball,,,,,12.0,,R,R,L,NYM,WSH,B,,,2,2,2024,-0.02,-0.58,1.1913518788750828,3.7217190000971296,,,,0,2,Bot,,,,,,,-1.0135871099854863,-119.94169722475502,2.4404416505687143,0.0091437711235987,21.48827897431703,-38.46084511891707,3.37040731127578,1.56306264755674,,,,83.3,2065.0,6.7,745772,660688,608336,671277,677588,682928,695578,696285,686611,53.82,,,,,,,,13,5,Curveball,0,0,0,0,0,0,0,0,Standard,Standard,324.0,0.009,0.107,,,,,-0.107,,0,0,0.548,0.548,24,30,25,30,1,0,5.0,1,7.0,1,3.92,-0.02,0.02,53.8,,,,,,batter
FF,2024-09-17,93.5,1.4,6.16,"Taylor, Tyrone",621438,680730,,ball,,,,,11.0,,R,R,L,NYM,WSH,B,,,1,2,2024,0.37,1.47,-0.309575163071435,3.7639627361947934,,,,0,2,Bot,,,,,,,-5.304423832663382,-136.04038073426472,-3.689247285244457,5.843903868194017,31.22047758266379,-13.392339445018816,3.3700017832646,1.68571950407623,,,,94.5,2120.0,7.0,745772,660688,608336,671277,677588,682928,695578,696285,686611,53.49,,,,,,,,13,4,4-Seam Fastball,0,0,0,0,0,0,0,0,Standard,Standard,158.0,0.004,0.04,,,,,-0.04,,0,0,0.544,0.544,24,30,25,30,1,0,5.0,1,7.0,1,1.15,0.37,-0.37,60.7,,,,,,batter
FF,2024-09-17,93.3,1.3,6.21,"Taylor, Tyrone",621438,680730,,foul,,,,,3.0,,R,R,L,NYM,WSH,S,,,1,1,2024,0.57,1.52,0.2905813254217907,2.872178021490761,,,,0,2,Bot,,,,,,,-3.880600456996663,-135.77078600489045,-6.222227067096165,7.868236084001701,29.04899196197977,-12.210922510855838,3.37,1.6,263.0,85.8,43.0,94.2,2250.0,6.8,745772,660688,608336,671277,677588,682928,695578,696285,686611,53.74,,,,,,,,13,3,4-Seam Fastball,0,0,0,0,0,0,0,0,Standard,Standard,160.0,-0.006,-0.056,72.2,7.0,,,0.056,88.0,0,0,0.55,0.55,24,30,25,30,1,0,5.0,1,7.0,1,1.09,0.57,-0.57,61.5,4.85895719670412,10.018030236958149,33.26726465804626,38.98121763509294,23.50108254118027,batter
FF,2024-09-17,93.6,1.3,6.08,"Taylor, Tyrone",621438,680730,,ball,,,,,11.0,,R,R,L,NYM,WSH,B,,,0,1,2024,0.52,1.5,-1.0178082702607747,2.637610090470104,,,,0,2,Bot,,,,,,,-7.213078245853512,-136.10166788164472,-6.533801191923018,8.016735201601405,28.86330048555986,-12.249703737838482,3.36799595539176,1.65642699325569,,,,94.7,2316.0,6.9,745772,660688,608336,671277,677588,682928,695578,696285,686611,53.59,,,,,,,,13,2,4-Seam Fastball,0,0,0,0,0,0,0,0,Standard,Standard,161.0,0.002,0.025,,,,,-0.025,,0,0,0.548,0.548,24,30,25,30,1,0,5.0,1,7.0,1,1.1,0.52,-0.52,58.1,,,,,,batter
CU,2024-09-17,82.8,1.79,5.91,"Taylor, Tyrone",621438,680730,,called_strike,,,,,8.0,,R,R,L,NYM,WSH,S,,,0,0,2024,-0.04,-0.69,-0.1251603591488412,1.858298301119854,,,,0,2,Bot,,,,,,,-4.357324515511682,-120.5779176423502,-1.4910183196399611,0.3792267328469443,21.190241457368703,-38.90948018646279,3.37000020632541,1.57346932917044,,,,84.5,2348.0,7.1,745772,660688,608336,671277,677588,682928,695578,696285,686611,53.37,,,,,,,,13,1,Curveball,0,0,0,0,0,0,0,0,Standard,Standard,317.0,-0.003,-0.037,,,,,0.037,,0,0,0.551,0.551,24,30,25,30,1,0,5.0,1,7.0,1,3.99,-0.04,0.04,51.9,,,,,,batter
SI,2024-09-17,95.1,-2.12,5.31,"Taylor, Tyrone",621438,674285,double,hit_into_play,,,,,4.0,Tyrone Taylor doubles (20) on a sharp line drive to left fielder James Wood. Pete Alonso scores.,R,R,R,NYM,WSH,X,7.0,line_drive,1,0,2024,-1.48,0.31,-0.4756161586298244,2.7617111049571577,,624413.0,,1,5,Bot,45.73,118.33,,,,,7.685971774111532,-138.21075503426871,-1.7075950686159138,-20.75308820419808,32.078700608987475,-28.01951328954088,3.37,1.6,185.0,104.4,11.0,95.6,2059.0,6.7,745772,660688,608336,677588,545121,682928,695578,696285,686611,53.78,0.921,0.912,1.25,1.0,1.0,1.0,4.0,43,2,Sinker,5,1,5,1,1,6,6,1,Standard,Standard,232.0,0.027,0.783,70.7,7.7,,1.169,-0.783,104.4,4,4,0.937,0.937,26,30,26,30,1,2,2.0,1,3.0,1,2.22,1.48,1.48,32.4,18.755109437784856,-16.094757124084154,33.29683751780828,30.507565882887345,33.365124693046816,batter
SI,2024-09-17,95.9,-1.98,5.24,"Taylor, Tyrone",621438,674285,,ball,,,,,13.0,,R,R,R,NYM,WSH,B,,,0,0,2024,-1.67,0.32,-0.0643553250066193,1.279940659378517,,624413.0,,1,5,Bot,,,,,,,8.896750782336984,-139.29637861512842,-5.57741203128619,-23.791595999151077,31.951764954489114,-26.953181568894795,3.34570712000799,1.59836070854629,,,,96.4,2068.0,6.7,745772,660688,608336,677588,545121,682928,695578,696285,686611,53.8,,,,,,,,43,1,Sinker,5,1,5,1,1,5,5,1,Standard,Standard,237.0,0.0,0.027,,,,,-0.027,,4,4,0.937,0.937,26,30,26,30,1,2,2.0,1,3.0,1,2.18,1.67,1.67,29.6,,,,,,batter
FF,2024-09-17,95.0,-2.33,6.1,"Taylor, Tyrone",621438,663432,strikeout,called_strike,,,,,9.0,Tyrone Taylor called out on strikes.,R,R,R,NYM,WSH,S,2.0,,3,2,2024,-0.75,1.66,0.6529779204597088,1.725825705517125,,,,0,7,Bot,,,,,,,9.472730637800309,-137.64313987133804,-9.421485061725267,-11.823062255959208,33.4953701291938,-9.053914616934296,3.499126515051,1.63902360108354,,,,94.4,2486.0,6.4,745772,660688,608336,677588,545121,683083,671117,696285,686611,54.08,,0.0,0.0,1.0,0.0,0.0,,61,7,4-Seam Fastball,9,1,9,1,1,9,9,1,Standard,Standard,209.0,0.0,-0.333,,,,,0.333,,8,8,0.998,0.998,31,30,32,30,1,3,5.0,1,3.0,1,0.91,0.75,0.75,40.7,,,,,,batter
FF,2024-09-17,95.7,-2.26,6.19,"Taylor, Tyrone",621438,663432,,ball,,,,,14.0,,R,R,R,NYM,WSH,B,,,2,2,2024,-0.9,1.7,1.1850746877115872,0.86608101150817,,,,0,7,Bot,,,,,,,11.087307806107397,-138.42464248339084,-12.170392021474346,-14.12486293809786,31.393252821524992,-7.638997101467164,3.44105974358071,1.64568386210985,,,,95.3,2471.0,6.4,745772,660688,608336,677588,545121,683083,671117,696285,686611,54.08,,,,,,,,61,6,4-Seam Fastball,9,1,9,1,1,9,9,1,Standard,Standard,214.0,0.0,0.107,,,,,-0.107,,8,8,0.998,0.998,31,30,32,30,1,3,5.0,1,3.0,1,0.83,0.9,0.9,42.7,,,,,,batter
SL,2024-09-17,86.4,-2.56,6.1,"Taylor, Tyrone",621438,663432,,foul,,,,,4.0,,R,R,R,NYM,WSH,S,,,2,2,2024,0.26,-0.09,-0.3795342119832121,2.2021990838344814,,,,0,7,Bot,,,,,,,4.682744530652085,-125.87647647264492,-2.9194951704434167,1.8190079342014047,24.865099604391165,-32.765084637352444,3.37,1.6,117.0,66.9,13.0,86.8,2239.0,6.4,745772,660688,608336,677588,545121,683083,671117,696285,686611,54.06,,,,,,,,61,5,Slider,9,1,9,1,1,9,9,1,Standard,Standard,111.0,0.0,0.0,56.0,7.0,,,0.0,88.0,8,8,0.998,0.998,31,30,32,30,1,3,5.0,1,3.0,1,3.13,-0.26,-0.26,40.4,-8.775216909173281,-0.9567535482504572,34.55051138955764,31.484454899592997,27.770698237285263,batter
SL,2024-09-17,87.8,-2.53,6.03,"Taylor, Tyrone",621438,663432,,ball,,,,,14.0,,R,R,R,NYM,WSH,B,,,1,2,2024,0.3,0.26,2.3064077265785445,-0.023064424252718,,,,0,7,Bot,,,,,,,11.065578193740002,-127.27656573524402,-9.093679660493104,1.2644969295784918,23.737662766423544,-27.670153779931542,3.42451927816153,1.62954490896262,,,,88.0,2282.0,6.4,745772,660688,608336,677588,545121,683083,671117,696285,686611,54.06,,,,,,,,61,4,Slider,9,1,9,1,1,9,9,1,Standard,Standard,125.0,0.0,0.04,,,,,-0.04,,8,8,0.998,0.998,31,30,32,30,1,3,5.0,1,3.0,1,2.7,-0.3,-0.3,40.5,,,,,,batter
FF,2024-09-17,95.1,-2.47,6.15,"Taylor, Tyrone",621438,663432,,called_strike,,,,,3.0,,R,R,R,NYM,WSH,S,,,1,1,2024,-0.74,1.5,0.3026483365953167,2.8910330364014847,,,,0,7,Bot,,,,,,,8.922284907762497,-138.05204576062818,-6.199262382818581,-11.488613403633932,32.44134587032077,-11.756427470697815,3.41600927925546,1.62052727235402,,,,94.8,2350.0,6.4,745772,660688,608336,677588,545121,683083,671117,696285,686611,54.11,,,,,,,,61,3,4-Seam Fastball,9,1,9,1,1,9,9,1,Standard,Standard,215.0,0.0,-0.056,,,,,0.056,,8,8,0.998,0.998,31,30,32,30,1,3,5.0,1,3.0,1,1.04,0.74,0.74,41.1,,,,,,batter
FF,2024-09-17,93.6,-2.43,6.24,"Taylor, Tyrone",621438,663432,,foul,,,,,1.0,,R,R,R,NYM,WSH,S,,,1,0,2024,-0.99,1.56,-0.6344738562658843,3.472350878820532,,,,0,7,Bot,,,,,,,6.805147417892683,-136.09030967820965,-4.844610570155595,-13.79922219937908,28.88731166370249,-11.867976890393294,3.37,1.6,405.0,107.2,27.0,93.7,2481.0,6.3,745772,660688,608336,677588,545121,683083,671117,696285,686611,54.2,,,,,,,,61,2,4-Seam Fastball,9,1,9,1,1,9,9,1,Standard,Standard,211.0,0.0,-0.049,70.9,7.3,,,0.049,107.2,8,8,0.998,0.998,31,30,32,30,1,3,5.0,1,3.0,1,1.04,0.99,0.99,43.6,18.612327616101958,-23.31054849515825,28.127662955418835,28.68945112071557,40.32439305602345,batter
FF,2024-09-17,94.9,-2.42,6.29,"Taylor, Tyrone",621438,663432,,ball,,,,,12.0,,R,R,R,NYM,WSH,B,,,0,0,2024,-0.98,1.59,1.2475396582379548,3.192449115853423,,,,0,7,Bot,,,,,,,11.754779223797078,-137.67176065113918,-5.97793242716739,-15.01200295521647,30.047161761087143,-10.729847639111242,3.49422286810223,1.77455073852441,,,,94.8,2491.0,6.3,745772,660688,608336,677588,545121,683083,671117,696285,686611,54.16,,,,,,,,61,1,4-Seam Fastball,9,1,9,1,1,9,9,1,Standard,Standard,217.0,0.0,0.038,,,,,-0.038,,8,8,0.998,0.998,31,30,32,30,1,3,5.0,1,3.0,1,0.95,0.98,0.98,42.9,,,,,,batter
CU,2024-09-16,83.1,-2.05,5.66,"Taylor, Tyrone",621438,663623,double,hit_into_play,,,,,9.0,Tyrone Taylor doubles (19) on a line drive to left fielder James Wood.,R,R,R,NYM,WSH,X,7.0,line_drive,0,1,2024,0.71,-0.13,0.4008796081051748,1.9701807743472652,,,,0,8,Bot,41.79,119.36,,,,,4.294813456068705,-120.9800856553364,-1.7595635174946918,6.175261232056748,22.57874618787469,-33.37006150691963,3.37,1.59,184.0,98.6,12.0,84.4,2487.0,7.0,745773,660688,660766,677588,545121,683083,695578,696285,686611,53.49,0.937,0.906,1.25,1.0,1.0,1.0,4.0,53,2,Curveball,0,1,0,1,1,0,0,1,Standard,Standard,77.0,0.181,0.73,76.4,8.1,,1.137,-0.73,98.6,-1,-1,0.299,0.299,27,30,27,30,3,2,5.0,1,6.0,1,3.42,-0.71,-0.71,29.8,13.028899726406964,-17.286327469392184,34.90716962114927,40.16412370218087,45.774700092671736,batter
SI,2024-09-16,92.7,-2.08,5.63,"Taylor, Tyrone",621438,663623,,called_strike,,,,,9.0,,R,R,R,NYM,WSH,S,,,0,0,2024,-1.44,0.56,0.4673909227745876,1.762573047461311,,,,0,8,Bot,,,,,,,9.82578300601624,-134.5490698169818,-5.369286346535716,-19.6187047476375,28.44201220922665,-24.34621595753012,3.25994912563149,1.50495799765621,,,,94.2,2250.0,7.2,745773,660688,660766,677588,545121,683083,695578,696285,686611,53.26,,,,,,,,53,1,Sinker,0,1,0,1,1,0,0,1,Standard,Standard,227.0,-0.009,-0.037,,,,,0.037,,-1,-1,0.308,0.308,27,30,27,30,3,2,5.0,1,6.0,1,2.1,1.44,1.44,27.9,,,,,,batter
CU,2024-09-16,81.7,-2.08,5.71,"Taylor, Tyrone",621438,663623,field_out,hit_into_play,,,,,5.0,"Tyrone Taylor grounds out, third baseman Ildemaro Vargas to first baseman Juan Yepez.",R,R,R,NYM,WSH,X,5.0,ground_ball,0,1,2024,1.06,-0.89,0.0172003146558293,2.25430125938147,,,,0,5,Bot,105.58,169.21,,,,,2.7114193641456894,-118.89801155931026,0.5566750951941519,9.517729862873656,23.968039890876565,-40.890814684962734,3.37,1.59,12.0,94.3,-10.0,82.7,2538.0,7.1,745773,660688,660766,677588,545121,683083,695578,696285,686611,53.41,0.228,0.205,0.0,1.0,0.0,0.0,2.0,35,2,Curveball,0,1,0,1,1,0,0,1,Standard,Standard,62.0,-0.028,-0.217,70.5,7.5,,0.252,0.217,94.3,-1,-1,0.41,0.41,27,30,27,30,2,1,5.0,1,6.0,1,4.31,-1.06,-1.06,30.9,5.926263564943218,-3.540702005749351,33.89524854783678,36.66261192927013,30.098798777155203,batter
FF,2024-09-16,93.4,-1.92,5.79,"Taylor, Tyrone",621438,663623,,foul,,,,,3.0,,R,R,R,NYM,WSH,S,,,0,0,2024,-1.0,1.32,0.7273776558585328,3.0800925469149134,,,,0,5,Bot,,,,,,,9.111908499942585,-135.64757586744454,-4.14612985974194,-14.375635069720571,29.473094851502974,-15.156876117043884,3.37,1.59,176.0,77.2,64.0,94.4,2358.0,6.9,745773,660688,660766,677588,545121,683083,695578,696285,686611,53.56,,,,,,,,35,1,4-Seam Fastball,0,1,0,1,1,0,0,1,Standard,Standard,223.0,-0.005,-0.037,64.5,7.6,,,0.037,88.0,-1,-1,0.415,0.415,27,30,27,30,2,1,5.0,1,6.0,1,1.3,1.0,1.0,33.7,3.973031432610721,-0.7011642085492917,29.58832345924129,45.85738134385009,25.38113763537817,batter
FF,2024-09-16,95.0,-2.06,5.58,"Taylor, Tyrone",621438,663623,field_out,hit_into_play,,,,,3.0,Tyrone Taylor flies out to right fielder Dylan Crews.,R,R,R,NYM,WSH,X,9.0,fly_ball,2,1,2024,-0.59,1.0,0.379031952496528,2.871761079205684,,,,0,3,Bot,159.28,122.33,,,,,7.87130129302715,-138.1716460540869,-3.800299369568285,-9.21873026812746,28.05714408674501,-18.66576817889373,3.37,1.59,210.0,93.9,55.0,97.3,2287.0,7.4,745773,660688,660766,677588,545121,683083,695578,696285,686611,53.06,0.005,0.005,0.0,1.0,0.0,0.0,3.0,18,4,4-Seam Fastball,0,0,0,0,0,0,0,0,Standard,Standard,224.0,-0.029,-0.296,72.5,7.6,,0.009,0.296,93.9,0,0,0.559,0.559,27,30,27,30,1,0,5.0,1,6.0,1,1.51,0.59,0.59,27.7,13.390245400050166,-5.769449362105153,31.8649391259146,41.4292665996124,32.50073979245234,batter
FF,2024-09-16,94.3,-1.95,5.6,"Taylor, Tyrone",621438,663623,,ball,,,,,12.0,,R,R,R,NYM,WSH,B,,,1,1,2024,-0.72,1.22,1.197067228946461,4.0614173317718425,,,,0,3,Bot,,,,,,,9.927549810278084,-137.1392850858309,-1.0485097123864295,-11.081776340835331,27.02479456627607,-16.682671987459557,3.30044549873548,1.6000030598483,,,,96.0,2310.0,7.1,745773,660688,660766,677588,545121,683083,695578,696285,686611,53.43,,,,,,,,18,3,4-Seam Fastball,0,0,0,0,0,0,0,0,Standard,Standard,222.0,0.005,0.053,,,,,-0.053,,0,0,0.554,0.554,27,30,27,30,1,0,5.0,1,6.0,1,1.33,0.72,0.72,28.1,,,,,,batter
SI,2024-09-16,95.1,-2.16,5.53,"Taylor, Tyrone",621438,663623,,foul,,,,,7.0,,R,R,R,NYM,WSH,S,,,1,0,2024,-1.55,0.43,-0.3084432981157934,2.1313206052443467,,,,0,3,Bot,,,,,,,8.534987934553696,-138.23234310900006,-4.337312482912267,-21.812673445358413,29.369093297286376,-25.824189042476107,3.37,1.59,3.0,76.1,-37.0,97.4,2292.0,7.6,745773,660688,660766,677588,545121,683083,695578,696285,686611,52.95,,,,,,,,18,2,Sinker,0,0,0,0,0,0,0,0,Standard,Standard,226.0,-0.005,-0.049,70.4,7.5,,,0.049,88.0,0,0,0.559,0.559,27,30,27,30,1,0,5.0,1,6.0,1,2.08,1.55,1.55,32.4,8.585199813085076,-2.206604673918949,35.510613318455846,32.92577158608454,28.00114267565361,batter
SI,2024-09-16,94.4,-2.02,5.61,"Taylor, Tyrone",621438,663623,,ball,,,,,12.0,,R,R,R,NYM,WSH,B,,,0,0,2024,-1.4,0.51,0.9270089245051774,2.5120153509818803,,,,0,3,Bot,,,,,,,10.91548390937201,-137.1050269942216,-3.55886892650563,-19.973868266765063,27.531300988075238,-25.16293038396143,3.24439488945125,1.61160816323419,,,,95.9,2282.0,7.0,745773,660688,660766,677588,545121,683083,695578,696285,686611,53.48,,,,,,,,18,1,Sinker,0,0,0,0,0,0,0,0,Standard,Standard,230.0,0.004,0.038,,,,,-0.038,,0,0,0.555,0.555,27,30,27,30,1,0,5.0,1,6.0,1,2.04,1.4,1.4,28.7,,,,,,batter
,2024-09-16,,,,"Taylor, Tyrone",621438,606930,intent_walk,automatic_ball,,,,,,Jacob Barnes intentionally walks Tyrone Taylor.,R,R,R,NYM,WSH,B,,,3,0,2024,,,,,,664056.0,,0,10,Bot,,,,,,,,,,,,,,,,,,,,,745773,660688,660766,677588,545121,683083,695578,696285,686611,,,,0.4,,0.0,0.0,,69,4,,1,1,1,1,1,1,1,1,,,,0.002,,,,,,,,0,0,0.809,0.809,34,30,34,30,1,3,6.0,1,2.0,1,,,,,,,,,,batter
,2024-09-16,,,,"Taylor, Tyrone",621438,606930,,automatic_ball,,,,,,,R,R,R,NYM,WSH,B,,,2,0,2024,,,,,,664056.0,,0,10,Bot,,,,,,,,,,,,,,,,,,,,,745773,660688,660766,677588,545121,683083,695578,696285,686611,,,,,,,,,69,3,,1,1,1,1,1,1,1,1,,,,0.002,,,,,,,,0,0,0.807,0.807,34,30,34,30,1,3,6.0,1,2.0,1,,,,,,,,,,batter
,2024-09-16,,,,"Taylor, Tyrone",621438,606930,,automatic_ball,,,,,,,R,R,R,NYM,WSH,B,,,0,0,2024,,,,,,664056.0,,0,10,Bot,,,,,,,,,,,,,,,,,,,,,745773,660688,660766,677588,545121,683083,695578,696285,686611,,,,,,,,,69,1,,1,1,1,1,1,1,1,1,,,,0.001,,,,,,,,0,0,0.805,0.805,34,30,34,30,1,3,6.0,1,2.0,1,,,,,,,,,,batter
,2024-09-16,,,,"Taylor, Tyrone",621438,606930,,automatic_ball,,,,,,,R,R,R,NYM,WSH,B,,,1,0,2024,,,,,,664056.0,,0,10,Bot,,,,,,,,,,,,,,,,,,,,,745773,660688,660766,677588,545121,683083,695578,696285,686611,,,,,,,,,69,2,,1,1,1,1,1,1,1,1,,,,0.001,,,,,,,,0,0,0.806,0.806,34,30,34,30,1,3,6.0,1,2.0,1,,,,,,,,,,batter
SL,2024-09-15,85.6,1.93,6.17,"Taylor, Tyrone",621438,650911,home_run,hit_into_play,,,,,6.0,Tyrone Taylor homers (7) on a fly ball to center field.,R,R,L,PHI,NYM,X,,fly_ball,2,2,2024,0.05,-0.06,0.3517378304396675,2.4733459420574464,,,,0,8,Top,92.93,38.15,,,,,-3.887746915909792,-124.57447992084862,-2.293549491379287,1.3607519568847934,26.71102091179612,-32.54955716268206,3.37,1.59,406.0,103.9,26.0,86.5,2025.0,7.0,745530,592663,547180,671083,664761,607208,642215,679032,592206,53.48,0.761,1.502966101694915,2.0,1.0,0.0,3.0,6.0,50,5,Slider,0,0,0,0,1,0,1,0,Standard,Standard,326.0,-0.252,1.142,72.2,7.6,,2.932,-1.142,103.9,0,0,0.507,0.493,27,30,28,30,3,2,6.0,2,5.0,1,3.19,0.05,-0.05,33.3,11.464231427593935,-2.372071948956388,33.70582903385721,40.58501961969331,32.42540632775439,batter
CH,2024-09-15,84.8,2.16,6.0,"Taylor, Tyrone",621438,650911,,swinging_strike,,,,,14.0,,R,R,L,PHI,NYM,S,,,2,1,2024,1.66,0.26,1.742048963535404,2.186260920048583,,,,0,8,Top,,,,,,,-4.360035664120846,-123.42438381429396,-3.1185841286964866,17.809767827489274,25.588234234335363,-29.05936385285244,3.37,1.59,,,,85.7,1999.0,6.9,745530,592663,547180,671083,664761,607208,642215,679032,592206,53.58,,,,,,,,50,4,Changeup,0,0,0,0,0,0,0,0,Standard,Standard,107.0,0.014,-0.069,36.9,6.7,4.833576684,,0.069,,0,0,0.493,0.507,27,30,28,30,3,2,6.0,2,5.0,1,2.92,1.66,-1.66,30.1,2.3723396300915254,29.387491872401394,30.29381850136696,58.382932462857696,14.18116210041969,batter
SI,2024-09-15,94.1,1.9,6.05,"Taylor, Tyrone",621438,650911,,called_strike,,,,,4.0,,R,R,L,PHI,NYM,S,,,2,0,2024,1.53,0.79,-0.8189228622963736,2.225319828195538,,,,0,8,Top,,,,,,,-10.62291385594935,-136.57304063344546,-6.027387130816621,21.52002156699316,30.274649201788986,-21.050785720177085,3.33494070911397,1.62397732069715,,,,95.4,2112.0,7.2,745530,592663,547180,671083,664761,607208,642215,679032,592206,53.29,,,,,,,,50,3,Sinker,0,0,0,0,0,0,0,0,Standard,Standard,119.0,0.013,-0.065,,,,,0.065,,0,0,0.48,0.52,27,30,28,30,3,2,6.0,2,5.0,1,1.8,1.53,-1.53,29.7,,,,,,batter
CH,2024-09-15,85.0,2.05,5.98,"Taylor, Tyrone",621438,650911,,ball,,,,,13.0,,R,R,L,PHI,NYM,B,,,1,0,2024,1.64,0.2,-1.067853565066737,1.7508633374566207,,,,0,8,Top,,,,,,,-10.767950564073807,-123.27723743861398,-4.00675658205613,18.82087548220005,23.93687820973335,-29.505500683879497,3.43357387691603,1.67358231604975,,,,86.4,2037.0,7.3,745530,592663,547180,671083,664761,607208,642215,679032,592206,53.22,,,,,,,,50,2,Changeup,0,0,0,0,0,0,0,0,Standard,Standard,102.0,-0.013,0.069,,,,,-0.069,,0,0,0.493,0.507,27,30,28,30,3,2,6.0,2,5.0,1,2.97,1.64,-1.64,27.9,,,,,,batter
CH,2024-09-15,85.2,1.91,6.03,"Taylor, Tyrone",621438,650911,,ball,,,,,13.0,,R,R,L,PHI,NYM,B,,,0,0,2024,1.46,0.09,-1.1817188818643358,1.7554959319847492,,,,0,8,Top,,,,,,,-10.335895410859624,-123.7055338057744,-3.997881128976748,16.94484178564596,21.88200311354286,-30.7098285085713,3.43357387691603,1.62397732069715,,,,86.7,1993.0,7.1,745530,592663,547180,671083,664761,607208,642215,679032,592206,53.39,,,,,,,,50,1,Changeup,0,0,0,0,0,0,0,0,Standard,Standard,107.0,-0.007,0.038,,,,,-0.038,,0,0,0.5,0.5,27,30,28,30,3,2,6.0,2,5.0,1,3.04,1.46,-1.46,31.7,,,,,,batter
SL,2024-09-15,85.1,1.95,6.16,"Taylor, Tyrone",621438,650911,field_out,hit_into_play,,,,,6.0,Tyrone Taylor flies out to right fielder Nick Castellanos.,R,R,L,PHI,NYM,X,9.0,fly_ball,0,1,2024,-0.1,-0.21,0.6725095318623509,2.490635017461153,,,620443.0,1,5,Top,204.56,94.89,,,,,-2.842211479377191,-123.98637625470668,-1.9644261619157328,-0.5024207040081713,22.038536196548822,-34.165336500932575,3.37,1.59,322.0,97.2,30.0,86.6,2031.0,6.9,745530,592663,547180,671083,664761,607208,642215,679032,592206,53.6,0.285,0.5333888888888889,0.0,1.0,0.0,0.0,5.0,31,2,Slider,0,0,0,0,0,0,0,0,Standard,Standard,313.0,0.033,-0.215,71.8,7.3,,1.042,0.215,97.2,0,0,0.503,0.497,27,30,28,30,2,1,6.0,2,5.0,1,3.32,-0.1,0.1,33.7,3.5985246101819155,11.820811574091314,33.50559454397506,46.38975822579038,22.44382697359589,batter
CH,2024-09-15,84.9,1.95,6.02,"Taylor, Tyrone",621438,650911,,called_strike,,,,,8.0,,R,R,L,PHI,NYM,S,,,0,0,2024,1.64,0.08,-0.1034724450713786,1.703034529373952,,,620443.0,1,5,Top,,,,,,,-8.193665210353961,-123.42026005824891,-3.9821060903178784,18.419707503976163,23.803338591795665,-30.795453142216395,3.38414891224762,1.67349785431766,,,,85.9,1874.0,6.9,745530,592663,547180,671083,664761,607208,642215,679032,592206,53.56,,,,,,,,31,1,Changeup,0,0,0,0,0,0,0,0,Standard,Standard,107.0,0.006,-0.04,,,,,0.04,,0,0,0.497,0.503,27,30,28,30,2,1,6.0,2,5.0,1,3.08,1.64,-1.64,30.6,,,,,,batter
SI,2024-09-15,95.4,1.89,6.13,"Taylor, Tyrone",621438,650911,strikeout,called_strike,,,,,7.0,Tyrone Taylor called out on strikes.,R,R,L,PHI,NYM,S,2.0,,0,2,2024,2.03,0.58,-0.4721715560060588,1.9368646598458596,,,,0,3,Top,,,,,,,-10.90039945896781,-138.33524194111007,-6.7290031641800425,28.466182069312246,31.323931235587875,-23.33898268343077,3.48287084394348,1.72317919532371,,,,96.3,2068.0,7.0,745530,592663,547180,671083,664761,607208,642215,679032,592206,53.49,,0.0,0.0,1.0,0.0,0.0,,15,5,Sinker,0,0,0,0,0,0,0,0,Standard,Standard,122.0,0.015,-0.163,,,,,0.163,,0,0,0.51,0.49,27,30,28,30,1,0,6.0,2,5.0,1,1.95,2.03,-2.03,30.6,,,,,,batter
CH,2024-09-15,86.0,2.18,6.09,"Taylor, Tyrone",621438,650911,,foul,,,,,14.0,,R,R,L,PHI,NYM,S,,,0,2,2024,1.97,0.19,1.520802053790702,1.8852770292929983,,,,0,3,Top,,,,,,,-5.643266893346934,-125.11753539819328,-4.145716031638525,21.853982732469824,24.56072160938224,-29.585134093858866,3.37,1.59,7.0,56.8,-14.0,87.1,2080.0,6.9,745530,592663,547180,671083,664761,607208,642215,679032,592206,53.55,,,,,,,,15,4,Changeup,0,0,0,0,0,0,0,0,Standard,Standard,106.0,0.0,0.0,65.9,8.2,,,0.0,88.0,0,0,0.51,0.49,27,30,28,30,1,0,6.0,2,5.0,1,2.89,1.97,-1.97,26.9,12.203759113335488,-6.736326371721994,31.33225476249632,55.89407044017416,33.48379408662423,batter
CH,2024-09-15,85.3,2.16,6.07,"Taylor, Tyrone",621438,650911,,foul,,,,,14.0,,R,R,L,PHI,NYM,S,,,0,2,2024,1.78,-0.07,1.1505742509228465,1.62943015764478,,,,0,3,Top,,,,,,,-6.053098114263037,-124.04151686636526,-3.972594852481128,19.59542623441753,27.19837540075396,-32.21400235003846,3.37,1.59,1.0,72.0,-69.0,86.0,2010.0,7.0,745530,592663,547180,671083,664761,607208,642215,679032,592206,53.52,,,,,,,,15,3,Changeup,0,0,0,0,0,0,0,0,Standard,Standard,109.0,0.0,0.0,65.8,7.6,,,0.0,88.0,0,0,0.51,0.49,27,30,28,30,1,0,6.0,2,5.0,1,3.23,1.78,-1.78,30.6,11.599954988193169,2.420913095869717,33.63494405518719,51.48171701600996,32.65646297105663,batter
SL,2024-09-15,84.3,1.93,6.15,"Taylor, Tyrone",621438,650911,,foul,,,,,13.0,,R,R,L,PHI,NYM,S,,,0,1,2024,-0.07,-0.25,-0.9431888483888646,1.731808968025002,,,,0,3,Top,,,,,,,-6.628750016255009,-122.67317248001434,-3.469171141075483,0.5264280909264897,22.960349239281047,-34.257468695531806,3.37,1.59,5.0,87.5,-19.0,85.5,2015.0,6.9,745530,592663,547180,671083,664761,607208,642215,679032,592206,53.56,,,,,,,,15,2,Slider,0,0,0,0,0,0,0,0,Standard,Standard,311.0,0.006,-0.054,76.0,8.3,,,0.054,88.0,0,0,0.504,0.496,27,30,28,30,1,0,6.0,2,5.0,1,3.44,-0.07,0.07,33.3,20.75160268291937,-27.69076883555592,39.16311929849329,27.32792251564257,44.17437250190312,batter
SI,2024-09-15,93.9,1.96,6.06,"Taylor, Tyrone",621438,650911,,called_strike,,,,,8.0,,R,R,L,PHI,NYM,S,,,0,0,2024,1.34,1.0,0.1425909941108287,2.207826339095426,,,,0,3,Top,,,,,,,-7.749128055471939,-136.48667852838386,-6.554609912164219,18.46885901783761,29.043078598815228,-18.352086271813636,3.43357387691603,1.67358231604975,,,,95.0,2118.0,6.9,745530,592663,547180,671083,664761,607208,642215,679032,592206,53.61,,,,,,,,15,1,Sinker,0,0,0,0,0,0,0,0,Standard,Standard,116.0,0.004,-0.037,,,,,0.037,,0,0,0.5,0.5,27,30,28,30,1,0,6.0,2,5.0,1,1.58,1.34,-1.34,30.8,,,,,,batter
SI,2024-09-13,91.7,-1.61,5.09,"Taylor, Tyrone",621438,605400,single,hit_into_play,,,,,7.0,Tyrone Taylor singles on a sharp ground ball to left fielder Weston Wilson. Jose Iglesias to 2nd.,R,R,R,PHI,NYM,X,7.0,ground_ball,2,2,2024,-1.35,0.72,-0.520005562432367,1.721145135568337,,,578428.0,0,5,Top,83.83,109.45,,,,,5.756024016216848,-133.44597758753508,-4.266255746082593,-17.35318178011514,28.67971300882866,-22.89123465315372,3.35,1.63,46.0,103.7,0.0,93.1,2303.0,7.1,745529,592663,547180,681082,671083,607208,642215,679032,592206,53.4,0.489,0.45,0.9,1.0,1.0,0.0,4.0,29,5,Sinker,0,0,0,0,0,0,0,0,Standard,Standard,227.0,-0.076,0.462,75.7,7.4,,0.535,-0.462,103.7,0,0,0.459,0.541,31,30,31,30,2,1,6.0,2,5.0,2,1.99,1.35,1.35,18.7,6.9424579664437385,-2.9798636287390514,44.13356662780251,31.25945227474229,28.1285072375172,batter
FC,2024-09-13,89.9,-1.72,5.07,"Taylor, Tyrone",621438,605400,,ball,,,,,11.0,,R,R,R,PHI,NYM,B,,,1,2,2024,-0.61,1.4,-0.6300831059605909,3.9452061030824095,,,578428.0,0,5,Top,,,,,,,4.062436300939808,-130.89766862267356,0.2749042772722428,-7.8573962156270865,29.694881011019987,-16.488814038771267,3.3190028983355,1.53732860410602,,,,91.0,2220.0,7.1,745529,592663,547180,681082,671083,607208,642215,679032,592206,53.44,,,,,,,,29,4,Cutter,0,0,0,0,0,0,0,0,Standard,Standard,225.0,-0.007,0.045,,,,,-0.045,,0,0,0.466,0.534,31,30,31,30,2,1,6.0,2,5.0,2,1.44,0.61,0.61,21.1,,,,,,batter
SI,2024-09-13,92.1,-1.64,5.03,"Taylor, Tyrone",621438,605400,,ball,,,,,14.0,,R,R,R,PHI,NYM,B,,,0,2,2024,-1.3,0.76,0.9503063670155324,1.5181691488635578,,,578428.0,0,5,Top,,,,,,,9.57533450400998,-133.7168435705349,-4.829470296258758,-17.651747338755307,27.860084146399107,-22.116728510903062,3.40329486045778,1.46801067708124,,,,93.8,2241.0,7.3,745529,592663,547180,681082,671083,607208,642215,679032,592206,53.15,,,,,,,,29,3,Sinker,0,0,0,0,0,0,0,0,Standard,Standard,228.0,-0.004,0.033,,,,,-0.033,,0,0,0.47,0.53,31,30,31,30,2,1,6.0,2,5.0,2,1.93,1.3,1.3,18.8,,,,,,batter
KC,2024-09-13,77.8,-1.74,5.12,"Taylor, Tyrone",621438,605400,,foul,,,,,8.0,,R,R,R,PHI,NYM,S,,,0,1,2024,1.16,-0.78,0.0207984777393551,1.575447085923658,,,578428.0,0,5,Top,,,,,,,1.6643167116285076,-113.3108984054984,0.8234952327593723,9.534544762811354,22.958067659346916,-39.28325390962574,3.35,1.63,4.0,63.5,-25.0,78.4,2599.0,6.9,745529,592663,547180,681082,671083,607208,642215,679032,592206,53.62,,,,,,,,29,2,Knuckle Curve,0,0,0,0,0,0,0,0,Standard,Standard,59.0,0.011,-0.048,71.3,8.4,,,0.048,88.0,0,0,0.459,0.541,31,30,31,30,2,1,6.0,2,5.0,2,4.58,-1.16,-1.16,20.2,23.27667649241585,-20.53509330404937,39.328565108653066,35.80395884323304,44.16241055112067,batter
CH,2024-09-13,84.4,-1.89,4.97,"Taylor, Tyrone",621438,605400,,foul,,,,,7.0,,R,R,R,PHI,NYM,S,,,0,0,2024,-1.13,0.06,-0.8025135766805975,1.7396019235088334,,,578428.0,0,5,Top,,,,,,,4.8618405581134185,-122.84165089344248,-1.215113347033962,-12.434834737743488,25.966479360993954,-31.58424608422408,3.35,1.63,117.0,79.9,10.0,85.3,1417.0,7.0,745529,592663,547180,681082,671083,607208,642215,679032,592206,53.48,,,,,,,,29,1,Changeup,0,0,0,0,0,0,0,0,Standard,Standard,253.0,0.007,-0.042,74.8,8.5,,,0.042,88.0,0,0,0.452,0.548,31,30,31,30,2,1,6.0,2,5.0,2,3.16,1.13,1.13,16.6,25.45139242954109,-34.23885003447429,41.722466964792055,27.31761971182392,48.82583001438421,batter
FF,2024-09-13,92.6,-0.47,5.98,"Taylor, Tyrone",621438,676661,strikeout,swinging_strike,,,,,11.0,Tyrone Taylor strikes out swinging.,R,R,R,PHI,NYM,S,2.0,,2,2,2024,0.08,1.01,-0.0788116723647706,4.009746877732267,,,578428.0,1,8,Top,,,,,,,0.8157933859898631,-134.9088954603276,-1.4821556583531756,0.8526516492173376,28.376153693302204,-19.7064510815344,3.35,1.63,,,,93.8,2269.0,6.8,745529,592663,547180,681082,671083,607208,642215,679032,592206,53.67,,0.0,0.0,1.0,0.0,0.0,,57,6,4-Seam Fastball,0,7,7,0,7,0,7,0,Standard,Standard,189.0,0.001,-0.229,65.2,6.1,0.1,,0.229,,-7,7,0.004,0.996,25,30,25,30,2,3,5.0,2,,2,1.63,-0.08,-0.08,58.4,3.895080686930001,23.623646302761717,21.70236534626873,36.32539178858434,15.37013080027015,batter
FF,2024-09-13,93.0,-0.51,5.9,"Taylor, Tyrone",621438,676661,,ball,,,,,13.0,,R,R,R,PHI,NYM,B,,,1,2,2024,0.0,1.17,-1.636335925915393,1.8767079051682456,,,578428.0,1,8,Top,,,,,,,-2.921476134021108,-135.31214135893785,-7.19468113914752,0.632824524785529,28.4830397133884,-16.464940816760297,3.3958622070036,1.46818199881947,,,,94.2,2290.0,6.9,745529,592663,547180,681082,671083,607208,642215,679032,592206,53.56,,,,,,,,57,5,4-Seam Fastball,0,7,7,0,7,0,7,0,Standard,Standard,197.0,0.0,0.048,,,,,-0.048,,-7,7,0.004,0.996,25,30,25,30,2,3,5.0,2,,2,1.46,0.0,0.0,56.7,,,,,,batter
KC,2024-09-13,79.9,-1.64,5.08,"Taylor, Tyrone",621438,605400,strikeout,swinging_strike,,,,,14.0,Tyrone Taylor strikes out swinging.,R,R,R,PHI,NYM,S,2.0,,3,2,2024,1.26,-0.88,0.25171559230697,1.039644284536389,,,,1,2,Top,,,,,,,1.8336416927045496,-116.39844874304248,-0.4818208992335557,11.002887639167636,23.254991638573628,-40.231803016650666,3.35,1.63,,,,81.1,2566.0,7.2,745529,592663,547180,681082,671083,607208,642215,679032,592206,53.33,,0.0,0.0,1.0,0.0,0.0,,11,6,Knuckle Curve,0,0,0,0,0,0,0,0,Standard,Standard,57.0,0.021,-0.332,70.4,8.7,11.171169348,,0.332,,0,0,0.519,0.481,31,30,31,30,1,0,6.0,2,5.0,2,4.46,-1.26,-1.26,20.6,25.666133496839485,-44.526609300851725,37.4716838831617,37.04515416443044,62.18507891351668,batter
FC,2024-09-13,86.9,-0.53,5.93,"Taylor, Tyrone",621438,676661,,foul,,,,,5.0,,R,R,R,PHI,NYM,S,,,1,2,2024,0.14,0.41,0.179463568488958,2.195576928937504,,,578428.0,1,8,Top,,,,,,,1.430731018388661,-126.70066348966854,-3.7698014220007847,1.2799758873884868,21.66268743538676,-27.233041088319084,3.35,1.63,148.0,61.1,59.0,88.7,2251.0,6.9,745529,592663,547180,681082,671083,607208,642215,679032,592206,53.57,,,,,,,,57,4,Cutter,0,7,7,0,7,0,7,0,Standard,Standard,166.0,0.0,0.0,57.6,7.2,,,0.0,88.0,-7,7,0.004,0.996,25,30,25,30,2,3,5.0,2,,2,2.56,-0.14,-0.14,54.3,0.2377421518925889,3.3608508281832465,32.92431526949923,38.84928780778215,30.389790320204405,batter
SI,2024-09-13,92.0,-1.66,4.97,"Taylor, Tyrone",621438,605400,,ball,,,,,13.0,,R,R,R,PHI,NYM,B,,,2,2,2024,-1.42,0.69,-0.9430812336787916,0.8973658014298422,,,,1,2,Top,,,,,,,4.946721629616864,-133.82178918737432,-6.051209204581158,-18.166484305620397,28.193537429066694,-22.78006206520571,3.32429364737319,1.46209810446691,,,,93.0,2269.0,6.9,745529,592663,547180,681082,671083,607208,642215,679032,592206,53.63,,,,,,,,11,5,Sinker,0,0,0,0,0,0,0,0,Standard,Standard,231.0,-0.007,0.108,,,,,-0.108,,0,0,0.526,0.474,31,30,31,30,1,0,6.0,2,5.0,2,2.0,1.42,1.42,16.2,,,,,,batter
FC,2024-09-13,87.1,-0.58,5.86,"Taylor, Tyrone",621438,676661,,foul_tip,,,,,6.0,,R,R,R,PHI,NYM,S,,,1,1,2024,0.62,0.29,0.435901657630477,2.4703505895084863,,,578428.0,1,8,Top,,,,,,,1.193854481391046,-126.91977843444056,-2.6628141049927763,6.514497781359776,23.38388992406768,-28.747629472834237,3.35,1.63,,,,88.6,2302.0,6.9,745529,592663,547180,681082,671083,607208,642215,679032,592206,53.57,,,,,,,,57,3,Cutter,0,7,7,0,7,0,7,0,Standard,Standard,165.0,0.0,-0.059,62.6,7.2,,,0.059,,-7,7,0.004,0.996,25,30,25,30,2,3,5.0,2,,2,2.68,-0.62,-0.62,55.1,6.069067541903787,2.9373386102191468,30.05632554119565,42.71811579944845,28.07005363089816,batter
SI,2024-09-13,92.3,-1.65,5.02,"Taylor, Tyrone",621438,605400,,ball,,,,,14.0,,R,R,R,PHI,NYM,B,,,1,2,2024,-1.3,0.77,1.1904845262716437,2.337424132997625,,,,1,2,Top,,,,,,,10.197949492621682,-134.02972194722577,-2.68411845174737,-17.88725328769806,29.03823313052826,-22.472239910450888,3.37969975175561,1.51761998265424,,,,93.5,2276.0,7.1,745529,592663,547180,681082,671083,607208,642215,679032,592206,53.38,,,,,,,,11,4,Sinker,0,0,0,0,0,0,0,0,Standard,Standard,227.0,-0.002,0.043,,,,,-0.043,,0,0,0.528,0.472,31,30,31,30,1,0,6.0,2,5.0,2,1.92,1.3,1.3,20.1,,,,,,batter
FF,2024-09-13,92.9,-0.5,5.98,"Taylor, Tyrone",621438,676661,,foul,,,,,2.0,,R,R,R,PHI,NYM,S,,,1,0,2024,0.18,1.37,-0.1568651445124707,3.24936536105501,,,578428.0,1,8,Top,,,,,,,0.5027302350797236,-135.31386079687414,-4.336576306227961,2.107283068305116,26.693383392996672,-14.532161796080148,3.35,1.63,225.0,75.6,40.0,94.4,2487.0,6.9,745529,592663,547180,681082,671083,607208,642215,679032,592206,53.59,,,,,,,,57,2,4-Seam Fastball,0,7,7,0,7,0,7,0,Standard,Standard,193.0,0.0,-0.047,70.8,7.0,,,0.047,88.0,-7,7,0.004,0.996,25,30,25,30,2,3,5.0,2,,2,1.24,-0.18,-0.18,53.3,10.453976873015858,-6.010872954333521,28.909944246504757,34.99458414235497,29.931784518601795,batter
FC,2024-09-13,88.5,-1.55,4.97,"Taylor, Tyrone",621438,605400,,ball,,,,,14.0,,R,R,R,PHI,NYM,B,,,0,2,2024,-0.2,0.66,1.5382815018391909,1.5566526307193038,,,,1,2,Top,,,,,,,8.100934731032066,-128.72536193793144,-3.7225360428737866,-3.7956600262472207,25.48858910296637,-24.22680648984533,3.3495519764483,1.43686801233954,,,,90.5,2301.0,7.4,745529,592663,547180,681082,671083,607208,642215,679032,592206,53.1,,,,,,,,11,3,Cutter,0,0,0,0,0,0,0,0,Standard,Standard,214.0,-0.002,0.02,,,,,-0.02,,0,0,0.53,0.47,31,30,31,30,1,0,6.0,2,5.0,2,2.24,0.2,0.2,17.6,,,,,,batter
FC,2024-09-13,88.3,-0.53,5.8,"Taylor, Tyrone",621438,676661,,blocked_ball,,,,,14.0,,R,R,R,PHI,NYM,B,,,0,0,2024,0.56,0.49,0.6016991154686997,-0.3071029348963909,,,578428.0,1,8,Top,,,,,,,1.608083509805552,-128.40381628250378,-10.008275458435335,5.924536359554772,23.15322880814928,-25.094983638097105,3.35491937094083,1.53061537399713,,,,90.1,2443.0,7.1,745529,592663,547180,681082,671083,607208,642215,679032,592206,53.38,,,,,,,,57,1,Cutter,0,7,7,0,7,0,7,0,Standard,Standard,184.0,0.0,0.036,,,,,-0.036,,-7,7,0.004,0.996,25,30,25,30,2,3,5.0,2,,2,2.41,-0.56,-0.56,53.5,,,,,,batter
FC,2024-09-13,87.7,-1.77,4.96,"Taylor, Tyrone",621438,605400,,foul,,,,,6.0,,R,R,R,PHI,NYM,S,,,0,1,2024,-0.14,0.56,0.2819078653200264,2.665563828404756,,,,1,2,Top,,,,,,,5.289846603809512,-127.62608234392246,-0.5959071658487058,-2.558464007884649,25.7040633551946,-26.125260833695997,3.35,1.63,187.0,70.8,56.0,88.7,2319.0,6.8,745529,592663,547180,681082,671083,607208,642215,679032,592206,53.65,,,,,,,,11,2,Cutter,0,0,0,0,0,0,0,0,Standard,Standard,217.0,0.004,-0.057,70.5,7.6,,,0.057,88.0,0,0,0.526,0.474,31,30,31,30,1,0,6.0,2,5.0,2,2.4,0.14,0.14,17.5,8.324224591019695,-5.332699101415473,33.54803889954438,40.40415965497725,31.993501894876445,batter
SI,2024-09-13,91.1,-1.73,4.88,"Taylor, Tyrone",621438,605400,,called_strike,,,,,8.0,,R,R,R,PHI,NYM,S,,,0,0,2024,-1.38,0.77,0.04820018607787,1.7917448582762414,,,,1,2,Top,,,,,,,7.573654100595877,-132.40202806601266,-3.5340025392579664,-17.87523341933765,28.630882720037405,-22.559471246872413,3.22925441490064,1.42451119773882,,,,92.5,2166.0,7.2,745529,592663,547180,681082,671083,607208,642215,679032,592206,53.29,,,,,,,,11,1,Sinker,0,0,0,0,0,0,0,0,Standard,Standard,233.0,0.003,-0.037,,,,,0.037,,0,0,0.523,0.477,31,30,31,30,1,0,6.0,2,5.0,2,1.99,1.38,1.38,16.0,,,,,,batter
EP,2024-09-13,56.5,-1.29,7.02,"Taylor, Tyrone",621438,665019,field_out,hit_into_play,,,,,12.0,Tyrone Taylor lines out to center fielder Johan Rojas.,R,R,R,PHI,NYM,X,8.0,line_drive,1,0,2024,-0.01,1.12,0.8592684861030886,2.8678867684489164,608385.0,,578428.0,2,9,Top,114.81,54.65,,,,,3.248263393021472,-82.18837315857209,1.4403456923057598,-0.4801516847563822,10.868566461933051,-27.492701347288367,3.35,1.63,358.0,99.9,21.0,54.7,1236.0,4.5,745529,605244,547180,642215,671083,681082,670276,679032,669016,55.97,0.311,0.484,0.0,1.0,0.0,0.0,5.0,69,2,Eephus,0,11,11,0,11,0,11,0,Standard,Standard,209.0,0.0,-0.329,70.3,7.4,,0.88,0.329,99.9,-11,11,0.001,0.999,28,30,28,30,1,4,,2,,2,6.02,0.01,0.01,47.5,10.273821503419892,-3.227773288467376,34.37593213246055,46.103744863326966,33.844937487204604,batter
EP,2024-09-13,53.9,-0.89,7.06,"Taylor, Tyrone",621438,665019,,ball,,,,,14.0,,R,R,R,PHI,NYM,B,,,0,0,2024,0.02,1.19,1.4609896064866563,0.9741959546233484,608385.0,,578428.0,2,9,Top,,,,,,,3.3499937184151656,-78.46234318956262,-0.6177519663855949,-0.3659570413478422,10.131703668711712,-27.39506189868947,3.61374812357687,1.4897371061069,,,,52.1,1262.0,4.4,745529,605244,547180,642215,671083,681082,670276,679032,669016,56.08,,,,,,,,69,1,Eephus,0,11,11,0,11,0,11,0,Standard,Standard,204.0,0.0,0.03,,,,,-0.03,,-11,11,0.001,0.999,28,30,28,30,1,4,,2,,2,6.66,-0.02,-0.02,49.4,,,,,,batter
FF,2024-09-13,93.3,-0.31,5.9,"Taylor, Tyrone",621438,676661,field_out,hit_into_play,,,,,5.0,Tyrone Taylor pops out to first baseman Bryce Harper in foul territory.,R,R,R,PHI,NYM,X,3.0,popup,3,2,2024,0.17,1.44,0.2064736140445891,2.530817627800621,,,,0,6,Top,158.39,172.39,,,,,0.9614194671189932,-135.7957095998276,-6.16565962553552,1.8609921528164068,29.120526227815187,-13.260986078858908,3.35,1.63,108.0,84.8,72.0,94.6,2428.0,7.0,745529,592663,547180,681082,671083,607208,642215,679032,592206,53.51,0.003,0.002,0.0,1.0,0.0,0.0,3.0,41,6,4-Seam Fastball,0,6,6,0,6,0,6,0,Standard,Standard,197.0,0.003,-0.333,71.5,7.6,,0.003,0.333,88.0,-6,6,0.026,0.974,25,30,25,30,1,2,5.0,2,,2,1.18,-0.17,-0.17,57.0,10.404074716618144,-13.907429812181856,33.481147861400736,39.44299322288474,34.357087820458105,batter
FF,2024-09-13,93.4,-0.43,5.99,"Taylor, Tyrone",621438,676661,,swinging_strike,,,,,2.0,,R,R,R,PHI,NYM,S,,,3,1,2024,0.14,1.45,0.159569605645841,3.399117706587944,,,,0,6,Top,,,,,,,1.22150164160361,-136.11653045355482,-4.185455066141839,1.4571784894734965,29.08930157040285,-13.47799511585008,3.35,1.63,,,,94.7,2484.0,6.9,745529,592663,547180,681082,671083,607208,642215,679032,592206,53.59,,,,,,,,41,5,4-Seam Fastball,0,6,6,0,6,0,6,0,Standard,Standard,193.0,0.001,-0.085,70.8,6.8,0.816623784,,0.085,,-6,6,0.025,0.975,25,30,25,30,1,2,5.0,2,,2,1.15,-0.14,-0.14,54.4,3.055864814282755,7.987184029472106,26.6417024442276,38.82032751672327,23.160051400777007,batter
FF,2024-09-13,94.5,-0.29,5.97,"Taylor, Tyrone",621438,676661,,ball,,,,,12.0,,R,R,R,PHI,NYM,B,,,2,1,2024,0.25,1.51,0.8777496556151101,3.452937844721229,,,,0,6,Top,,,,,,,2.526772644923709,-137.70405687776093,-4.311333401447096,2.61621619742456,29.75142651034193,-12.227263734195157,3.35893521339762,1.58774244808656,,,,95.8,2418.0,6.9,745529,592663,547180,681082,671083,607208,642215,679032,592206,53.58,,,,,,,,41,4,4-Seam Fastball,0,6,6,0,6,0,6,0,Standard,Standard,196.0,-0.002,0.122,,,,,-0.122,,-6,6,0.027,0.973,25,30,25,30,1,2,5.0,2,,2,1.03,-0.25,-0.25,58.0,,,,,,batter
FC,2024-09-13,89.4,-0.44,5.95,"Taylor, Tyrone",621438,676661,,ball,,,,,14.0,,R,R,R,PHI,NYM,B,,,1,1,2024,0.4,0.6,1.8284532980768493,1.777454182974558,,,,0,6,Top,,,,,,,4.817143244069299,-130.2587494088185,-5.7035868379783885,3.770247236727592,23.57399465627773,-24.37983800861404,3.35513337749977,1.45456750400619,,,,91.1,2553.0,6.9,745529,592663,547180,681082,671083,607208,642215,679032,592206,53.55,,,,,,,,41,3,Cutter,0,6,6,0,6,0,6,0,Standard,Standard,165.0,0.0,0.053,,,,,-0.053,,-6,6,0.027,0.973,25,30,25,30,1,2,5.0,2,,2,2.21,-0.4,-0.4,56.4,,,,,,batter
FC,2024-09-13,89.8,-0.45,5.94,"Taylor, Tyrone",621438,676661,,ball,,,,,14.0,,R,R,R,PHI,NYM,B,,,0,1,2024,0.5,0.57,2.2296543468406456,1.4863156558613178,,,,0,6,Top,,,,,,,5.641967137440711,-130.6189128293374,-6.374416404046128,4.65519663609471,25.76874798030018,-24.488304507087197,3.3549228693961,1.50617436499982,,,,91.2,2612.0,7.0,745529,592663,547180,681082,671083,607208,642215,679032,592206,53.51,,,,,,,,41,2,Cutter,0,6,6,0,6,0,6,0,Standard,Standard,176.0,0.0,0.025,,,,,-0.025,,-6,6,0.027,0.973,25,30,25,30,1,2,5.0,2,,2,2.24,-0.5,-0.5,54.6,,,,,,batter
FF,2024-09-13,94.6,-0.43,5.95,"Taylor, Tyrone",621438,676661,,called_strike,,,,,6.0,,R,R,R,PHI,NYM,S,,,0,0,2024,-0.03,1.72,0.3223713945754479,2.2747763888323678,,,,0,6,Top,,,,,,,2.0625187392757223,-137.55662960799535,-7.795360959543596,-0.855900309015592,30.689445847486983,-8.871212342280627,3.33226397637758,1.50976957178026,,,,95.6,2522.0,6.9,745529,592663,547180,681082,671083,607208,642215,679032,592206,53.59,,,,,,,,41,1,4-Seam Fastball,0,6,6,0,6,0,6,0,Standard,Standard,198.0,0.0,-0.037,,,,,0.037,,-6,6,0.027,0.973,25,30,25,30,1,2,5.0,2,,2,0.84,0.03,0.03,56.3,,,,,,batter
FC,2024-09-11,88.9,1.94,5.71,"Taylor, Tyrone",621438,650893,double,hit_into_play,,,,,7.0,Tyrone Taylor doubles (18) on a fly ball to left fielder Joey Loperfido.,R,R,L,TOR,NYM,X,7.0,fly_ball,2,2,2024,-0.27,0.48,-0.4081993536128175,1.5318028520706848,,,,2,9,Top,31.44,100.25,,,,,-5.169695007993476,-129.39294251473717,-5.196358198339504,-2.0164596300878204,26.76371400794944,-25.940911343558355,3.35,1.63,335.0,93.8,26.0,88.6,2016.0,6.1,744881,661531,665489,695238,665782,676391,694388,662139,664770,54.4,0.187,0.263,1.25,1.0,1.0,1.0,3.0,68,7,Cutter,1,6,6,1,6,1,6,1,Standard,Standard,165.0,-0.001,0.651,72.8,8.4,,0.429,-0.651,93.8,-5,5,0.008,0.992,27,30,28,30,1,0,1.0,1,2.0,2,2.4,-0.27,0.27,47.7,26.336525631611867,-9.560483843651488,38.5656163982986,32.367401025796795,42.269824776131,batter
FC,2024-09-11,89.8,1.86,5.71,"Taylor, Tyrone",621438,650893,,foul,,,,,13.0,,R,R,L,TOR,NYM,S,,,2,2,2024,0.13,0.48,-0.9384494604772468,1.091841348199705,,,,2,9,Top,,,,,,,-7.176891917921794,-130.46718704234283,-6.425640494749216,3.031109363459204,27.604795780553463,-25.475264826289685,3.35,1.63,2.0,71.0,-26.0,89.4,2040.0,6.1,744881,661531,665489,695238,665782,676391,694388,662139,664770,54.38,,,,,,,,68,6,Cutter,1,6,6,1,6,1,6,1,Standard,Standard,163.0,0.0,0.0,70.6,8.5,,,0.0,88.0,-5,5,0.008,0.992,27,30,28,30,1,0,1.0,1,2.0,2,2.35,0.13,-0.13,41.9,24.84481795317362,-22.87411367208597,45.59335246091643,26.49371623574638,42.86326248802232,batter
FC,2024-09-11,88.7,2.08,5.75,"Taylor, Tyrone",621438,650893,,foul,,,,,13.0,,R,R,L,TOR,NYM,S,,,2,2,2024,0.06,0.38,-0.504813564184666,1.063944714130958,,,,2,9,Top,,,,,,,-6.396623178279828,-129.01674971779883,-6.186056025221612,1.903336964615552,25.411030506455337,-26.876080475419226,3.35,1.63,2.0,84.8,-29.0,88.5,2036.0,6.0,744881,661531,665489,695238,665782,676391,694388,662139,664770,54.46,,,,,,,,68,5,Cutter,1,6,6,1,6,1,6,1,Standard,Standard,163.0,0.0,0.0,71.8,7.9,,,0.0,88.0,-5,5,0.008,0.992,27,30,28,30,1,0,1.0,1,2.0,2,2.51,0.06,-0.06,45.8,3.2350320530265457,-13.116973093662686,43.63086215615141,31.112567220358063,34.16790026963375,batter
FF,2024-09-11,95.5,1.61,5.87,"Taylor, Tyrone",621438,650893,,foul,,,,,7.0,,R,R,L,TOR,NYM,S,,,2,1,2024,0.9,1.31,-0.2911909064238471,1.9970506707423656,,,,2,9,Top,,,,,,,-7.00310221841879,-138.7972727806944,-7.479839915299987,13.159248075289094,30.86723065125106,-13.714659959248989,3.35,1.63,208.0,81.9,59.0,95.2,2176.0,6.1,744881,661531,665489,695238,665782,676391,694388,662139,664770,54.36,,,,,,,,68,4,4-Seam Fastball,1,6,6,1,6,1,6,1,Standard,Standard,136.0,0.0,-0.084,70.8,7.8,,,0.084,88.0,-5,5,0.008,0.992,27,30,28,30,1,0,1.0,1,2.0,2,1.19,0.9,-0.9,45.8,6.724131064140088,0.1509301084994465,43.73930521792729,34.48784061826314,30.302148794401266,batter
FC,2024-09-11,88.3,2.13,5.72,"Taylor, Tyrone",621438,650893,,ball,,,,,13.0,,R,R,L,TOR,NYM,B,,,1,1,2024,0.12,0.38,-0.4660534509424089,0.9001561280545363,,,,2,9,Top,,,,,,,-6.543987078659695,-128.39996885772788,-6.443810281395803,2.671994704001485,25.341012609664336,-26.814495725305783,3.52756591601411,1.68747136255121,,,,88.0,2124.0,6.0,744881,661531,665489,695238,665782,676391,694388,662139,664770,54.47,,,,,,,,68,3,Cutter,1,6,6,1,6,1,6,1,Standard,Standard,164.0,0.0,0.058,,,,,-0.058,,-5,5,0.008,0.992,27,30,28,30,1,0,1.0,1,2.0,2,2.53,0.12,-0.12,42.0,,,,,,batter
SI,2024-09-11,94.9,1.65,5.83,"Taylor, Tyrone",621438,650893,,swinging_strike,,,,,9.0,,R,R,L,TOR,NYM,S,,,1,0,2024,1.16,1.03,0.6662038223717939,1.5678306271673643,,,,2,9,Top,,,,,,,-5.143454439138999,-138.02025222594148,-7.762374395859566,15.999140130937615,29.32235060630073,-17.542709143777163,3.35,1.63,,,,94.6,2260.0,6.0,744881,661531,665489,695238,665782,676391,694388,662139,664770,54.45,,,,,,,,68,2,Sinker,1,6,6,1,6,1,6,1,Standard,Standard,138.0,0.0,-0.051,68.6,7.8,0.1,,0.051,,-5,5,0.008,0.992,27,30,28,30,1,0,1.0,1,2.0,2,1.5,1.16,-1.16,43.5,4.177528621947099,8.960470597855716,41.535235005224656,45.7998314867915,21.418920168214704,batter
FC,2024-09-11,86.6,2.18,5.75,"Taylor, Tyrone",621438,650893,,ball,,,,,13.0,,R,R,L,TOR,NYM,B,,,0,0,2024,-0.2,0.58,-1.1953655316541931,1.9482112073933333,,,,2,9,Top,,,,,,,-7.590581244764858,-125.94598762073116,-4.069949979754834,-0.6526187420863003,24.348517860309865,-25.35276167029877,3.49733265790701,1.62416471291413,,,,86.1,2090.0,5.9,744881,661531,665489,695238,665782,676391,694388,662139,664770,54.59,,,,,,,,68,1,Cutter,1,6,6,1,6,1,6,1,Standard,Standard,177.0,0.0,0.04,,,,,-0.04,,-5,5,0.008,0.992,27,30,28,30,1,0,1.0,1,2.0,2,2.45,-0.2,0.2,41.0,,,,,,batter
SI,2024-09-10,94.5,1.75,5.79,"Taylor, Tyrone",621438,663893,walk,ball,,,,,13.0,Tyrone Taylor walks.,R,R,L,TOR,NYM,B,,,3,2,2024,1.59,0.02,-0.4825807688134329,0.8077460806474543,578428.0,,,1,7,Top,,,,,,,-9.236149437307713,-137.1613506418523,-7.202947258283204,22.19029064181168,31.96863997357676,-30.34731855326265,3.36815643774392,1.6617154329609,,,,93.0,2134.0,5.7,744886,672386,665489,676914,676391,677870,694388,662139,543807,54.81,,0.689131,0.7,1.0,0.0,0.0,,59,8,Sinker,5,1,1,5,1,5,1,5,Standard,Standard,114.0,-0.022,0.229,,,,,-0.229,,4,-4,0.919,0.081,27,30,28,30,1,0,2.0,3,3.0,1,2.55,1.59,-1.59,28.3,,,,,,batter
SI,2024-09-10,94.2,1.68,5.84,"Taylor, Tyrone",621438,663893,,foul,,,,,13.0,,R,R,L,TOR,NYM,S,,,3,2,2024,1.52,-0.17,-0.0389420186436801,0.9454972640481124,578428.0,,,1,7,Top,,,,,,,-7.74361273532709,-136.79125820635832,-6.480144606360876,20.86795375984456,33.005059841259474,-32.93632938663103,3.35,1.63,2.0,84.7,-24.0,92.8,2139.0,5.8,744886,672386,665489,676914,676391,677870,694388,662139,543807,54.73,,,,,,,,59,7,Sinker,5,1,1,5,1,5,1,5,Standard,Standard,114.0,0.0,0.0,71.5,8.1,,,0.0,88.0,4,-4,0.919,0.081,27,30,28,30,1,0,2.0,3,3.0,1,2.77,1.52,-1.52,28.9,9.42424832125984,-5.44743205349919,44.82356274771049,38.04318126604176,33.32830698729376,batter
FC,2024-09-10,95.4,1.76,6.11,"Taylor, Tyrone",621438,663893,,ball,,,,,13.0,,R,R,L,TOR,NYM,B,,,2,2,2024,0.39,0.82,-1.6778836330262308,2.420831052529678,578428.0,,,1,7,Top,,,,,,,-9.832418886774104,-138.55257475921215,-5.87804634885649,7.169170646151077,30.10509473916243,-20.48962088141471,3.31473823775156,1.63515256390739,,,,94.9,2293.0,6.0,744886,672386,665489,676914,676391,677870,694388,662139,543807,54.48,,,,,,,,59,6,Cutter,5,1,1,5,1,5,1,5,Standard,Standard,125.0,-0.009,0.075,,,,,-0.075,,4,-4,0.928,0.072,27,30,28,30,1,0,2.0,3,3.0,1,1.69,0.39,-0.39,35.8,,,,,,batter
KC,2024-09-10,87.8,1.54,6.22,"Taylor, Tyrone",621438,663893,,ball,,,,,13.0,,R,R,L,TOR,NYM,B,,,1,2,2024,-0.2,-0.59,-1.9761505882210095,-0.5029948931432253,,578428.0,,1,7,Top,,,,,,,-8.016490163011689,-127.39426717378863,-8.798065059474604,-0.4849546476047494,26.87098632461321,-36.91680487667136,3.26133619291451,1.58203205938192,,,,86.8,2413.0,5.9,744886,672386,665489,676914,676391,677870,694388,662139,543807,54.64,,,,,,,,59,5,Knuckle Curve,5,1,1,5,1,5,1,5,Infield shade,Standard,344.0,-0.011,0.018,,,,,-0.018,,4,-4,0.939,0.061,27,30,28,30,1,0,2.0,3,3.0,1,3.57,-0.2,0.2,42.0,,,,,,batter
KC,2024-09-10,86.4,1.56,6.21,"Taylor, Tyrone",621438,663893,,blocked_ball,,,,,13.0,,R,R,L,TOR,NYM,B,,,0,2,2024,-0.04,-0.75,-0.3860298713997159,0.3764633073978438,,578428.0,,1,7,Top,,,,,,,-4.543046413777131,-125.71337276884584,-6.060935233207144,0.6228164475069489,27.452245608164866,-39.00322275422666,3.3414452964136,1.6617154329609,,,,85.6,2167.0,5.9,744886,672386,665489,676914,676391,677870,694388,662139,543807,54.57,,,,,,,,59,4,Knuckle Curve,5,1,1,5,1,5,1,5,Infield shade,Standard,342.0,-0.002,0.024,,,,,-0.024,,4,-4,0.941,0.059,27,30,28,30,1,0,2.0,3,3.0,1,3.83,-0.04,0.04,39.7,,,,,,batter
KC,2024-09-10,86.4,1.45,6.2,"Taylor, Tyrone",621438,663893,,foul,,,,,13.0,,R,R,L,TOR,NYM,S,,,0,2,2024,-0.42,-0.66,-0.8200142126201215,0.9552647570514274,,578428.0,,1,7,Top,,,,,,,-4.51444746074275,-125.63918509101106,-4.849675614995126,-3.402843291049096,27.64556341783433,-38.235179204674765,3.35,1.63,2.0,91.5,-27.0,85.5,2162.0,5.9,744886,672386,665489,676914,676391,677870,694388,662139,543807,54.59,,,,,,,,59,3,Knuckle Curve,5,1,1,5,1,5,1,5,Infield shade,Standard,337.0,0.0,0.0,77.6,8.7,,,0.0,91.5,4,-4,0.941,0.059,27,30,28,30,1,0,2.0,3,3.0,1,3.74,-0.42,0.42,48.9,19.271745862496893,-29.772765729485734,45.81506731838885,28.50827113707172,45.93815900092766,batter
FC,2024-09-10,93.7,1.72,6.14,"Taylor, Tyrone",621438,663893,,foul,,,,,13.0,,R,R,L,TOR,NYM,S,,,0,1,2024,0.25,0.52,-0.8610169370493501,2.31052487185598,,578428.0,,1,7,Top,,,,,,,-7.169332956948632,-136.3126803720332,-5.271828941470677,4.709385306090932,30.25958775251459,-24.667531368967243,3.35,1.63,5.0,76.8,-24.0,92.9,2166.0,5.9,744886,672386,665489,676914,676391,677870,694388,662139,543807,54.63,,,,,,,,59,2,Cutter,5,1,1,5,1,5,1,5,Infield shade,Standard,122.0,0.006,-0.065,67.1,7.0,,,0.065,88.0,4,-4,0.935,0.065,27,30,28,30,1,0,2.0,3,3.0,1,2.08,0.25,-0.25,33.8,5.546813545761297,-0.5575492860362689,42.25828047688095,26.768272376749884,26.571114065647265,batter
SI,2024-09-10,95.2,1.85,5.89,"Taylor, Tyrone",621438,663893,,called_strike,,,,,5.0,,R,R,L,TOR,NYM,S,,,0,0,2024,1.54,0.19,0.0373544631103905,2.278616678101975,,578428.0,,1,7,Top,,,,,,,-8.114482777651569,-138.3166208822704,-4.180123350676053,21.578791925077297,32.6642808387623,-28.920709902696647,3.20794995099964,1.58203205938192,,,,93.9,2104.0,5.8,744886,672386,665489,676914,676391,677870,694388,662139,543807,54.73,,,,,,,,59,1,Sinker,5,1,1,5,1,5,1,5,Infield shade,Standard,115.0,0.003,-0.036,,,,,0.036,,4,-4,0.932,0.068,27,30,28,30,1,0,2.0,3,3.0,1,2.34,1.54,-1.54,24.7,,,,,,batter
ST,2024-09-07,82.2,-1.62,5.27,"Taylor, Tyrone",621438,686730,field_out,hit_into_play,,,,,5.0,Tyrone Taylor pops out to shortstop Elly De La Cruz.,R,R,R,NYM,CIN,X,6.0,popup,1,2,2024,1.19,0.27,-0.1234873512615215,2.2359118779425207,,,624413.0,0,8,Bot,129.63,162.98,,,,,1.0936539794065077,-119.63782947063773,-0.7787068811275222,11.047034260846589,26.35648654684929,-29.65943330314327,3.35,1.63,113.0,92.3,65.0,82.2,2449.0,6.6,745775,663886,664034,663697,669289,682829,668715,641584,677956,53.88,0.013,0.019,0.0,1.0,0.0,0.0,3.0,61,4,Sweeper,4,0,4,0,0,4,4,0,Standard,Standard,78.0,-0.001,-0.189,73.1,8.1,,0.027,0.189,92.3,4,4,0.989,0.989,26,30,27,30,2,0,5.0,3,5.0,3,3.14,-1.19,-1.19,32.1,14.04189905940825,-25.084995033975265,38.450768736747904,34.2141119610575,42.77996285140567,batter
ST,2024-09-07,82.5,-1.46,5.19,"Taylor, Tyrone",621438,686730,,blocked_ball,,,,,14.0,,R,R,R,NYM,CIN,B,,,0,2,2024,1.08,0.16,2.679841157550299,0.1095016207326167,,,624413.0,0,8,Bot,,,,,,,7.341736386346104,-119.74541186184388,-5.2648267859288325,8.700888146118796,26.432164483648705,-29.703133912275234,3.33076782097913,1.60813577710528,,,,82.5,2580.0,6.7,745775,663886,664034,663697,669289,682829,668715,641584,677956,53.76,,,,,,,,61,3,Sweeper,4,0,4,0,0,4,4,0,Standard,Standard,65.0,0.0,0.033,,,,,-0.033,,4,4,0.989,0.989,26,30,27,30,2,0,5.0,3,5.0,3,3.25,-1.08,-1.08,30.1,,,,,,batter
SI,2024-09-07,92.8,-1.19,5.27,"Taylor, Tyrone",621438,686730,,foul,,,,,4.0,,R,R,R,NYM,CIN,S,,,0,1,2024,-1.39,0.7,-0.6777415601761336,2.261471776620047,,,624413.0,0,8,Bot,,,,,,,4.391973229732634,-135.04170502861018,-3.3915712802820144,-17.982705113438616,32.19739865354139,-23.140634031210787,3.35,1.63,4.0,69.4,-30.0,93.2,2150.0,6.7,745775,663886,664034,663697,669289,682829,668715,641584,677956,53.77,,,,,,,,61,2,Sinker,4,0,4,0,0,4,4,0,Standard,Standard,219.0,-0.001,-0.048,67.1,7.4,,,0.048,88.0,4,4,0.99,0.99,26,30,27,30,2,0,5.0,3,5.0,3,1.97,1.39,1.39,30.9,6.026665707670633,-2.2346058789422614,41.57690288133495,28.182942649317397,27.179536751913645,batter
SI,2024-09-07,92.9,-1.17,5.34,"Taylor, Tyrone",621438,686730,,called_strike,,,,,9.0,,R,R,R,NYM,CIN,S,,,0,0,2024,-1.37,0.93,0.3482846282381779,1.7274307311899677,,,624413.0,0,8,Bot,,,,,,,6.9669873539026765,-135.0308839248257,-5.571621654429778,-18.315077229224883,28.227869743393875,-19.70546832226461,3.35333898156033,1.59695562006801,,,,93.8,2186.0,6.8,745775,663886,664034,663697,669289,682829,668715,641584,677956,53.72,,,,,,,,61,1,Sinker,4,0,4,0,0,4,4,0,Standard,Standard,219.0,0.0,-0.042,,,,,0.042,,4,4,0.99,0.99,26,30,27,30,2,0,5.0,3,5.0,3,1.7,1.37,1.37,33.4,,,,,,batter
SI,2024-09-04,95.4,-1.93,5.62,"Taylor, Tyrone",621438,656557,strikeout,swinging_strike,,,,,11.0,Tyrone Taylor strikes out swinging.,R,R,R,NYM,BOS,S,2.0,,2,2,2024,-1.44,-0.1,-1.5616408367416892,2.549031573508899,,,,1,4,Bot,,,,,,,4.179636696128891,-138.93289078399323,-2.224352209183496,-19.529874394670056,32.25181677662599,-33.12142921178943,3.33,1.6,,,,95.0,2164.0,6.1,745776,657136,671213,665839,646240,686765,641933,680776,677800,54.41,,0.0,0.0,1.0,0.0,0.0,,32,5,Sinker,4,3,4,3,3,4,4,3,Standard,Standard,238.0,-0.013,-0.225,67.6,6.3,0.8215821,,0.225,,1,1,0.662,0.662,28,30,28,30,2,1,5.0,3,14.0,3,2.6,1.44,1.44,23.2,-8.14457395974505,4.601477794848867,40.73581471180427,18.06958324641655,14.442536423126494,batter
SI,2024-09-04,93.8,-1.92,5.57,"Taylor, Tyrone",621438,656557,,swinging_strike,,,,,13.0,,R,R,R,NYM,BOS,S,,,2,1,2024,-1.14,-0.29,-0.9423724005722164,2.0763475263498434,,,,1,4,Bot,,,,,,,5.027897981397175,-136.5396543509091,-2.654819285202106,-15.39557358042034,30.21475145191449,-35.47956512683325,3.33,1.6,,,,93.6,2077.0,6.2,745776,657136,671213,665839,646240,686765,641933,680776,677800,54.34,,,,,,,,32,4,Sinker,4,3,4,3,3,4,4,3,Standard,Standard,245.0,-0.004,-0.078,74.3,7.3,0.714165768,,0.078,,1,1,0.666,0.666,28,30,28,30,2,1,5.0,3,14.0,3,2.88,1.14,1.14,25.5,6.747886052316903,-8.076486451624461,38.64977969005911,26.57393589144175,31.08771292152236,batter
SI,2024-09-04,94.3,-2.11,5.58,"Taylor, Tyrone",621438,656557,,swinging_strike,,,,,11.0,,R,R,R,NYM,BOS,S,,,2,0,2024,-1.57,0.02,-1.393482328920682,2.828290698401744,,,,1,4,Bot,,,,,,,5.342088288789506,-137.23394312515128,-1.4481569304985111,-20.971851280949856,32.320472278522466,-31.861465068980348,3.33,1.6,,,,93.9,2354.0,6.2,745776,657136,671213,665839,646240,686765,641933,680776,677800,54.31,,,,,,,,32,3,Sinker,4,3,4,3,3,4,4,3,Standard,Standard,243.0,-0.005,-0.065,72.4,6.8,0.527489232,,0.065,,1,1,0.671,0.671,28,30,28,30,2,1,5.0,3,14.0,3,2.56,1.57,1.57,26.3,5.094954115125956,-3.6350506031905234,33.54801579427627,20.435605060640142,26.506144869868788,batter
ST,2024-09-04,85.3,-2.27,5.5,"Taylor, Tyrone",621438,656557,,ball,,,,,13.0,,R,R,R,NYM,BOS,B,,,1,0,2024,0.93,-0.14,-1.7476426944370715,2.437934658799184,,,,1,4,Bot,,,,,,,-0.6468215426584369,-124.28205928301732,-0.6525101578773063,9.770365460115716,25.06294688214076,-33.665475960313366,3.43333533365114,1.74349309787245,,,,84.9,2525.0,6.0,745776,657136,671213,665839,646240,686765,641933,680776,677800,54.51,,,,,,,,32,2,Sweeper,4,3,4,3,3,4,4,3,Standard,Standard,57.0,0.005,0.072,,,,,-0.072,,1,1,0.666,0.666,28,30,28,30,2,1,5.0,3,14.0,3,3.26,-0.93,-0.93,19.6,,,,,,batter
ST,2024-09-04,86.8,-2.12,5.44,"Taylor, Tyrone",621438,656557,,ball,,,,,14.0,,R,R,R,NYM,BOS,B,,,0,0,2024,1.51,-0.04,2.078316134832658,1.485528412321344,,,,1,4,Bot,,,,,,,6.896160799104837,-126.22106174201132,-3.1117578521622047,14.507597745576572,28.23989341952405,-32.09150494693635,3.42107677875234,1.69824241981289,,,,85.9,2663.0,6.0,745776,657136,671213,665839,646240,686765,641933,680776,677800,54.54,,,,,,,,32,1,Sweeper,4,3,4,3,3,4,4,3,Standard,Standard,50.0,0.002,0.039,,,,,-0.039,,1,1,0.664,0.664,28,30,28,30,2,1,5.0,3,14.0,3,3.09,-1.51,-1.51,20.9,,,,,,batter
FC,2024-09-04,91.8,-1.48,6.6,"Taylor, Tyrone",621438,445276,walk,ball,,,,,12.0,Tyrone Taylor walks. Brandon Nimmo scores. Jose Iglesias to 3rd. Jesse Winker to 2nd.,R,R,R,NYM,BOS,B,,,3,2,2024,0.85,1.24,1.427223523726079,3.6775274220857015,607043.0,578428.0,608385.0,1,8,Bot,,,,,,,5.573703334828164,-133.59144056530295,-4.265911336880189,8.979311419896838,28.77062544492668,-16.588133417938693,3.46282927042868,1.72125795329736,,,,92.8,2507.0,6.9,745776,657136,671213,665839,646240,663853,641933,680776,608701,53.62,,0.689131,0.7,1.0,0.0,0.0,,66,6,Cutter,4,3,4,3,3,5,5,3,Strategic,Standard,163.0,0.037,0.284,,,,,-0.284,,1,1,0.926,0.926,36,30,37,30,1,3,5.0,3,3.0,3,1.46,-0.85,-0.85,70.3,,,,,,batter
ST,2024-09-04,83.1,-2.25,5.42,"Taylor, Tyrone",621438,656557,field_out,hit_into_play,,,,,6.0,"Tyrone Taylor grounds out, second baseman Enmanuel Valdez to first baseman Triston Casas.",R,R,R,NYM,BOS,X,4.0,ground_ball,0,2,2024,1.39,-0.21,0.6241150396787161,2.493168684115301,,,,1,1,Bot,130.76,152.81,,,,,3.833201869460142,-121.05295361744848,0.163046589247308,12.81955336956772,24.737977211120427,-34.442784553806774,3.33,1.6,70.0,72.0,5.0,82.5,2563.0,5.9,745776,657136,671213,665839,646240,686765,641933,680776,677800,54.57,0.198,0.18,0.0,1.0,0.0,0.0,2.0,9,3,Sweeper,4,0,4,0,0,4,4,0,Standard,Standard,64.0,-0.004,-0.162,75.0,7.9,,0.242,0.162,88.0,4,4,0.851,0.851,28,30,28,30,1,0,5.0,3,14.0,3,3.51,-1.39,-1.39,20.2,15.76170722052171,-20.003677868935025,29.941403411113185,43.42685564086851,41.553487035523474,batter
FC,2024-09-04,94.3,-1.38,6.63,"Taylor, Tyrone",621438,445276,,ball,,,,,12.0,,R,R,R,NYM,BOS,B,,,2,2,2024,0.82,1.43,1.2171158142532006,2.9110790221837304,607043.0,578428.0,608385.0,1,8,Bot,,,,,,,4.974620850709604,-137.098702989327,-7.229646463118203,9.27378915348784,30.718087083565937,-12.676202306322343,3.44962684210383,1.76115260577629,,,,95.3,2487.0,7.0,745776,657136,671213,665839,646240,663853,641933,680776,608701,53.53,,,,,,,,66,5,Cutter,4,3,4,3,3,4,4,3,Strategic,Standard,162.0,0.013,0.134,,,,,-0.134,,1,1,0.913,0.913,36,30,37,30,1,3,5.0,3,3.0,3,1.14,-0.82,-0.82,70.0,,,,,,batter
ST,2024-09-04,83.6,-2.24,5.59,"Taylor, Tyrone",621438,656557,,called_strike,,,,,6.0,,R,R,R,NYM,BOS,S,,,0,1,2024,1.59,-0.23,0.5669665029058366,2.6461030032599924,,,,1,1,Bot,,,,,,,3.318609868807498,-121.71599592899068,0.1039416533864472,15.067782446535857,25.39144259098119,-34.67436896988185,3.40892228769574,1.74439977237853,,,,82.9,2693.0,6.0,745776,657136,671213,665839,646240,686765,641933,680776,677800,54.54,,,,,,,,9,2,Sweeper,4,0,4,0,0,4,4,0,Standard,Standard,63.0,-0.002,-0.057,,,,,0.057,,4,4,0.853,0.853,28,30,28,30,1,0,5.0,3,14.0,3,3.5,-1.59,-1.59,20.8,,,,,,batter
SI,2024-09-04,93.2,-2.16,5.67,"Taylor, Tyrone",621438,656557,,called_strike,,,,,2.0,,R,R,R,NYM,BOS,S,,,0,0,2024,-1.41,0.01,0.2720723350287641,2.8929119230799523,,,,1,1,Bot,,,,,,,9.253732677068577,-135.40771288407126,-1.383141885649259,-19.312430565329343,28.57599293211196,-31.98860072363985,3.33291925889376,1.63624113332271,,,,92.6,2254.0,5.9,745776,657136,671213,665839,646240,686765,641933,680776,677800,54.57,,,,,,,,9,1,Sinker,4,0,4,0,0,4,4,0,Standard,Standard,247.0,-0.001,-0.037,,,,,0.037,,4,4,0.854,0.854,28,30,28,30,1,0,5.0,3,14.0,3,2.62,1.41,1.41,24.2,,,,,,batter
FC,2024-09-04,90.5,-1.71,6.55,"Taylor, Tyrone",621438,445276,,foul,,,,,2.0,,R,R,R,NYM,BOS,S,,,2,1,2024,0.3,1.72,-0.1675685344534291,3.284170038755283,607043.0,578428.0,608385.0,1,8,Bot,,,,,,,3.252870651496935,-131.67610771940417,-5.92902471508611,2.743602199892386,28.066974339536205,-11.1639608778264,3.33,1.6,73.0,102.0,2.0,91.4,2483.0,6.9,745776,657136,671213,665839,646240,663853,641933,680776,608701,53.63,,,,,,,,66,4,Cutter,4,3,4,3,3,4,4,3,Strategic,Standard,168.0,-0.01,-0.088,69.5,7.8,,,0.088,102.0,1,1,0.923,0.923,36,30,37,30,1,3,5.0,3,3.0,3,1.07,-0.3,-0.3,67.8,24.2950066910026,-18.551216217606044,28.04499517513189,33.72314924774229,38.93947750109909,batter
FC,2024-09-04,91.8,-1.75,6.62,"Taylor, Tyrone",621438,445276,,ball,,,,,12.0,,R,R,R,NYM,BOS,B,,,1,1,2024,0.43,1.69,0.1937728175174369,4.631251212833916,607043.0,578428.0,608385.0,1,8,Bot,,,,,,,4.012603294638777,-133.68480849746632,-2.87008576471184,4.326679363484458,29.404253454868144,-11.544843168688772,3.44693875902781,1.7874433536204,,,,92.7,2562.0,6.8,745776,657136,671213,665839,646240,663853,641933,680776,608701,53.66,,,,,,,,66,3,Cutter,4,3,4,3,3,4,4,3,Strategic,Standard,162.0,0.006,0.058,,,,,-0.058,,1,1,0.917,0.917,36,30,37,30,1,3,5.0,3,3.0,3,1.02,-0.43,-0.43,68.3,,,,,,batter
SI,2024-09-04,92.4,-1.58,6.6,"Taylor, Tyrone",621438,445276,,ball,,,,,11.0,,R,R,R,NYM,BOS,B,,,0,1,2024,-0.02,2.01,-0.6161495431811359,4.774895357344258,607043.0,578428.0,608385.0,1,8,Bot,,,,,,,2.507477100133099,-134.52620748171648,-3.2366304578383915,-0.7447584821287059,30.026504142511,-7.2542623652271745,3.37523210272034,1.78154727547177,,,,93.2,2164.0,6.8,745776,657136,671213,665839,646240,663853,641933,680776,608701,53.71,,,,,,,,66,2,Sinker,4,3,4,3,3,4,4,3,Strategic,Standard,185.0,0.004,0.017,,,,,-0.017,,1,1,0.913,0.913,36,30,37,30,1,3,5.0,3,3.0,3,0.66,0.02,0.02,71.2,,,,,,batter
FC,2024-09-04,92.3,-1.6,6.55,"Taylor, Tyrone",621438,445276,,called_strike,,,,,12.0,,R,R,R,NYM,BOS,S,,,0,0,2024,0.78,1.61,0.1386147359167707,3.326594261370022,607043.0,578428.0,608385.0,1,8,Bot,,,,,,,2.738755710567368,-134.29726314693883,-5.9028209833489145,8.814822181990179,30.21664193624329,-11.689672485476986,3.19903520473471,1.72821646755797,,,,93.1,2565.0,6.8,745776,657136,671213,665839,646240,663853,641933,680776,608701,53.66,,,,,,,,66,1,Cutter,4,3,4,3,3,4,4,3,Strategic,Standard,167.0,-0.006,-0.041,,,,,0.041,,1,1,0.919,0.919,36,30,37,30,1,3,5.0,3,3.0,3,1.08,-0.78,-0.78,66.5,,,,,,batter
ST,2024-09-04,82.7,-2.97,5.3,"Taylor, Tyrone",621438,677161,strikeout,swinging_strike,,,,,8.0,Tyrone Taylor strikes out swinging.,R,R,R,NYM,BOS,S,2.0,,3,2,2024,1.06,0.36,0.0081682250178932,1.9415026611611124,,,,2,6,Bot,,,,,,,4.782017159732997,-120.4691342002337,-1.899761188208891,9.438208106717724,23.33164316278358,-28.474098096301677,3.33,1.6,,,,83.8,2708.0,7.0,745776,657136,671213,665839,646240,686765,641933,680776,608701,53.52,,0.0,0.0,1.0,0.0,0.0,,49,6,Sweeper,4,3,4,3,3,4,4,3,Standard,Standard,72.0,-0.013,-0.325,64.9,8.6,3.153874176,,0.325,,1,1,0.705,0.705,29,30,29,30,1,2,3.0,3,2.0,3,2.96,-1.06,-1.06,35.1,25.383662927046124,-41.42365515378164,34.494176490540475,33.75324067328484,58.365991673331706,batter
FF,2024-09-04,96.9,-2.82,5.54,"Taylor, Tyrone",621438,677161,,ball,,,,,14.0,,R,R,R,NYM,BOS,B,,,2,2,2024,-0.74,1.05,0.4660359582551643,1.0373156569799504,,,,2,6,Bot,,,,,,,10.578747731022618,-140.5239125644704,-8.951243164917472,-12.212793038459289,31.548716978988956,-16.274583328086067,3.47332214435806,1.78097492710837,,,,97.7,2160.0,6.9,745776,657136,671213,665839,646240,686765,641933,680776,608701,53.57,,,,,,,,49,5,4-Seam Fastball,4,3,4,3,3,4,4,3,Standard,Standard,222.0,0.004,0.106,,,,,-0.106,,1,1,0.701,0.701,29,30,29,30,1,2,3.0,3,2.0,3,1.39,0.74,0.74,33.1,,,,,,batter
ST,2024-09-04,80.7,-3.1,5.28,"Taylor, Tyrone",621438,677161,,ball,,,,,14.0,,R,R,R,NYM,BOS,B,,,1,2,2024,1.91,-0.31,0.7791973273929647,-0.7883934838655793,,,,2,6,Bot,,,,,,,5.0439714399423945,-117.33096344705238,-6.214554237180546,16.398914286293397,25.124465928840277,-33.91696535316068,3.38143267463529,1.52846816224277,,,,81.2,2762.0,7.0,745776,657136,671213,665839,646240,686765,641933,680776,608701,53.52,,,,,,,,49,4,Sweeper,4,3,4,3,3,4,4,3,Standard,Standard,53.0,0.001,0.039,,,,,-0.039,,1,1,0.7,0.7,29,30,29,30,1,2,3.0,3,2.0,3,3.86,-1.91,-1.91,33.9,,,,,,batter
ST,2024-09-04,81.0,-3.12,5.26,"Taylor, Tyrone",621438,677161,,swinging_strike,,,,,13.0,,R,R,R,NYM,BOS,S,,,1,1,2024,1.55,-0.04,-1.0533011254596276,1.4622153935831186,,,,2,6,Bot,,,,,,,1.6596972200554436,-117.99201660059258,-1.7558345578482553,14.04910236650705,24.303919486965643,-32.39575887432086,3.33,1.6,,,,81.8,2798.0,6.9,745776,657136,671213,665839,646240,686765,641933,680776,608701,53.56,,,,,,,,49,3,Sweeper,4,3,4,3,3,4,4,3,Standard,Standard,67.0,-0.002,-0.064,71.1,8.6,2.412077856,,0.064,,1,1,0.702,0.702,29,30,29,30,1,2,3.0,3,2.0,3,3.53,-1.55,-1.55,30.9,30.65841905778816,-43.419041101559365,45.38644998576032,21.213975227821777,53.207649344675474,batter
ST,2024-09-04,81.0,-2.98,5.37,"Taylor, Tyrone",621438,677161,,called_strike,,,,,9.0,,R,R,R,NYM,BOS,S,,,1,0,2024,1.94,0.08,0.433275546585389,1.7481948551933342,,,,2,6,Bot,,,,,,,3.945815085438586,-117.8450216840068,-1.532456969665479,17.103378914392447,25.114161665573384,-31.384921915711143,3.4293601054607,1.64122205822013,,,,81.6,2884.0,7.0,745776,657136,671213,665839,646240,686765,641933,680776,608701,53.55,,,,,,,,49,2,Sweeper,4,3,4,3,3,4,4,3,Standard,Standard,60.0,-0.002,-0.051,,,,,0.051,,1,1,0.704,0.704,29,30,29,30,1,2,3.0,3,2.0,3,3.43,-1.94,-1.94,34.5,,,,,,batter
FC,2024-09-04,91.9,-2.91,5.53,"Taylor, Tyrone",621438,677161,,ball,,,,,11.0,,R,R,R,NYM,BOS,B,,,0,0,2024,0.42,0.82,-0.3701647119420704,3.547177477682548,,,,2,6,Bot,,,,,,,5.5839894192207815,-133.7861832334652,-0.9828666453812624,3.942418686527822,27.096786927828852,-22.337634016720457,3.36807187766146,1.67612615409855,,,,93.3,2534.0,6.9,745776,657136,671213,665839,646240,686765,641933,680776,608701,53.56,,,,,,,,49,1,Cutter,4,3,4,3,3,4,4,3,Standard,Standard,183.0,0.001,0.04,,,,,-0.04,,1,1,0.703,0.703,29,30,29,30,1,2,3.0,3,2.0,3,1.87,-0.42,-0.42,38.5,,,,,,batter
FF,2024-09-01,99.8,2.73,5.91,"Taylor, Tyrone",621438,676979,strikeout,called_strike,,,,,13.0,Tyrone Taylor called out on strikes.,R,R,L,CWS,NYM,S,2.0,,2,2,2024,0.48,1.09,-0.8866162967571322,1.615141463910374,,,,1,2,Top,,,,,,,-11.23101143469752,-144.62216230815218,-9.06841159143189,9.437845312778158,34.719439965638685,-14.80911077690154,3.31163002934145,1.4483534104055,,,,100.8,2645.0,7.1,746750,642020,657757,672820,678246,676070,667452,673357,666150,53.36,,0.0,0.0,1.0,0.0,0.0,,8,6,4-Seam Fastball,0,0,0,0,0,0,0,0,Standard,Standard,141.0,0.014,-0.225,,,,,0.225,,0,0,0.526,0.474,25,30,25,30,1,0,5.0,1,6.0,3,1.22,0.48,-0.48,31.8,,,,,,batter
ST,2024-09-01,85.6,2.69,6.08,"Taylor, Tyrone",621438,676979,,ball,,,,,13.0,,R,R,L,CWS,NYM,B,,,1,2,2024,-1.23,-0.25,-1.2691136910086207,1.0269996617588402,,,,1,2,Top,,,,,,,-6.951899868617247,-124.4576144787736,-5.212162142634032,-11.405454550773108,24.541738282850854,-33.90874984352495,3.33902319007127,1.52901388256192,,,,86.8,2664.0,7.1,746750,642020,657757,672820,678246,676070,667452,673357,666150,53.45,,,,,,,,8,5,Sweeper,0,0,0,0,0,0,0,0,Standard,Standard,297.0,-0.002,0.043,,,,,-0.043,,0,0,0.528,0.472,25,30,25,30,1,0,5.0,1,6.0,3,3.36,-1.23,1.23,39.1,,,,,,batter
FF,2024-09-01,98.6,2.88,5.94,"Taylor, Tyrone",621438,676979,,ball,,,,,12.0,,R,R,L,CWS,NYM,B,,,0,2,2024,0.74,1.07,0.8594996059355815,3.3594190413886578,,,,1,2,Top,,,,,,,-7.308940857001466,-143.4825711481666,-4.118722118807314,11.825276202686211,31.644720193126197,-16.652497371656857,3.28546250618693,1.50231585168563,,,,100.2,2509.0,7.1,746750,642020,657757,672820,678246,676070,667452,673357,666150,53.42,,,,,,,,8,4,4-Seam Fastball,0,0,0,0,0,0,0,0,Standard,Standard,139.0,-0.002,0.02,,,,,-0.02,,0,0,0.53,0.47,25,30,25,30,1,0,5.0,1,6.0,3,1.27,0.74,-0.74,29.8,,,,,,batter
FF,2024-09-01,99.2,2.88,5.92,"Taylor, Tyrone",621438,676979,,foul,,,,,2.0,,R,R,L,CWS,NYM,S,,,0,2,2024,0.43,1.09,0.1254144988054699,3.040999878479615,,,,1,2,Top,,,,,,,-8.711578716939133,-144.35146825276982,-5.170201384980061,7.853546882162387,28.56504658576322,-15.805046979361906,3.34,1.61,122.0,80.6,16.0,101.6,2545.0,7.3,746750,642020,657757,672820,678246,676070,667452,673357,666150,53.24,,,,,,,,8,3,4-Seam Fastball,0,0,0,0,0,0,0,0,Standard,Standard,139.0,0.0,0.0,67.3,6.3,,,0.0,88.0,0,0,0.53,0.47,25,30,25,30,1,0,5.0,1,6.0,3,1.19,0.43,-0.43,32.6,-7.850510184783352,23.41113897182405,35.86563546457437,38.93163977360869,12.924566113197866,batter
FC,2024-09-01,89.9,2.79,6.1,"Taylor, Tyrone",621438,676979,,foul,,,,,13.0,,R,R,L,CWS,NYM,S,,,0,1,2024,-0.36,0.22,-1.4747818474052976,1.5833204701985055,,,,1,2,Top,,,,,,,-9.908331508803892,-130.65408284926528,-5.777080501821001,-2.2335345113044074,24.77723561095985,-28.64372863543066,3.34,1.61,,,,91.1,2799.0,6.8,746750,642020,657757,672820,678246,676070,667452,673357,666150,53.65,,,,,,,,8,2,Cutter,0,0,0,0,0,0,0,0,Standard,Standard,232.0,0.004,-0.057,72.7,8.1,,,0.057,,0,0,0.526,0.474,25,30,25,30,1,0,5.0,1,6.0,3,2.58,-0.36,0.36,38.4,22.35875673506465,-29.55311342393597,48.66982893474559,21.107355379274487,39.17739965890211,batter
FC,2024-09-01,93.9,2.76,6.11,"Taylor, Tyrone",621438,676979,,called_strike,,,,,4.0,,R,R,L,CWS,NYM,S,,,0,0,2024,-0.53,0.5,-0.6410293121384958,2.4645440407495323,,,,1,2,Top,,,,,,,-7.703080272693875,-136.7198768417649,-4.984720484791945,-5.384473305572435,24.756593897378163,-25.06479306500521,3.23190947961566,1.50231585168563,,,,95.6,2710.0,6.9,746750,642020,657757,672820,678246,676070,667452,673357,666150,53.64,,,,,,,,8,1,Cutter,0,0,0,0,0,0,0,0,Standard,Standard,177.0,0.003,-0.037,,,,,0.037,,0,0,0.523,0.477,25,30,25,30,1,0,5.0,1,6.0,3,2.05,-0.53,0.53,41.4,,,,,,batter
FF,2024-08-31,95.4,-1.96,5.36,"Taylor, Tyrone",621438,660853,strikeout,called_strike,,,,,6.0,Tyrone Taylor called out on strikes.,R,R,R,CWS,NYM,S,2.0,,1,2,2024,-0.97,0.78,0.5364710799414648,2.202563893918926,,607043.0,668901.0,2,7,Top,,,,,,,8.721474970773613,-138.68591698572695,-4.437812370224962,-14.468497078498835,29.694273925188263,-21.271160553666835,3.33639958494591,1.47014230302016,,,,95.3,2123.0,6.2,746751,686676,683734,672820,678246,676070,643217,673357,667452,54.32,,0.0,0.0,1.0,0.0,0.0,,59,4,4-Seam Fastball,2,5,5,2,5,2,5,2,Standard,Standard,232.0,0.013,-0.189,,,,,0.189,,-3,3,0.115,0.885,28,30,29,30,1,0,2.0,4,2.0,1,1.72,0.97,0.97,21.8,,,,,,batter
FF,2024-08-31,95.8,-2.05,5.43,"Taylor, Tyrone",621438,660853,,swinging_strike,,,,,1.0,,R,R,R,CWS,NYM,S,,,1,1,2024,-1.05,1.16,-0.6934503067498959,3.307567517925164,,607043.0,668901.0,2,7,Top,,,,,,,5.91000306202617,-139.39934362360427,-2.601056697568635,-14.97091644744028,31.805534648840563,-16.739602843943057,3.34,1.61,,,,95.4,2207.0,6.1,746751,686676,683734,672820,678246,676070,643217,673357,667452,54.39,,,,,,,,59,3,4-Seam Fastball,2,5,5,2,5,2,5,2,Standard,Standard,233.0,0.005,-0.076,69.7,6.5,0.1,,0.076,,-3,3,0.11,0.89,28,30,29,30,1,0,2.0,4,2.0,1,1.33,1.05,1.05,23.5,2.838551745893232,1.4367357499921325,32.10458015662871,28.88395462867891,23.73501071265914,batter
SL,2024-08-31,87.1,-2.21,5.36,"Taylor, Tyrone",621438,660853,,foul,,,,,5.0,,R,R,R,CWS,NYM,S,,,1,0,2024,0.14,0.53,-0.2003758933599302,2.6906406840684887,,607043.0,668901.0,2,7,Top,,,,,,,4.537995462328532,-126.81837577293054,-1.3727364084006035,0.6357096747569987,24.37458432980341,-26.38120039608872,3.34,1.61,150.0,73.8,72.0,87.2,2283.0,6.2,746751,686676,683734,672820,678246,676070,643217,673357,667452,54.3,,,,,,,,59,2,Slider,2,5,5,2,5,2,5,2,Standard,Standard,197.0,0.002,-0.042,68.2,8.1,,,0.042,88.0,-3,3,0.108,0.892,28,30,29,30,1,0,2.0,4,2.0,1,2.46,-0.14,-0.14,20.9,15.6363797843434,-19.637673123438177,35.0757624356105,34.155460081852205,36.92842371437522,batter
FF,2024-08-31,95.4,-1.98,5.43,"Taylor, Tyrone",621438,660853,,ball,,,,,11.0,,R,R,R,CWS,NYM,B,,,0,0,2024,-1.06,1.06,-0.9889789554355812,3.961302835440898,,607043.0,668901.0,2,7,Top,,,,,,,4.99038339929721,-138.80585441074186,-0.5802757927143063,-14.88508559661526,32.107175402288725,-18.620906947113085,3.40361759557649,1.50717923802698,,,,94.9,2173.0,6.1,746751,686676,683734,672820,678246,676070,643217,673357,667452,54.4,,,,,,,,59,1,4-Seam Fastball,2,5,5,2,5,2,5,2,Standard,Standard,229.0,-0.001,0.026,,,,,-0.026,,-3,3,0.109,0.891,28,30,29,30,1,0,2.0,4,2.0,1,1.45,1.06,1.06,23.4,,,,,,batter
SI,2024-08-27,93.1,-1.63,5.52,"Taylor, Tyrone",621438,694297,strikeout,called_strike,,,,,14.0,Tyrone Taylor called out on strikes.,R,R,R,AZ,NYM,S,2.0,,2,2,2024,-1.26,0.52,0.8745101198939591,1.7319293950397692,,,,2,4,Top,,,,,,,9.232459271264878,-135.27788117388852,-5.15661807814889,-17.39066400556813,26.914362648792025,-24.881220111115976,3.44075253016964,1.64678639913664,,,,93.9,2452.0,6.7,747162,645444,605137,621028,553993,672695,666971,664983,682998,53.84,,0.0,0.0,1.0,0.0,0.0,,26,5,Sinker,0,2,2,0,2,0,2,0,Standard,Standard,225.0,0.008,-0.219,,,,,0.219,,-2,2,0.303,0.697,25,30,26,30,2,1,8.0,5,5.0,4,2.1,1.26,1.26,26.6,,,,,,batter
ST,2024-08-27,84.0,-2.0,5.18,"Taylor, Tyrone",621438,694297,,ball,,,,,14.0,,R,R,R,AZ,NYM,B,,,1,2,2024,0.95,0.6,1.8722901006353716,0.9525467043111536,,,,2,4,Top,,,,,,,7.111383656645069,-122.16845397349016,-4.64379096430722,8.23883449219038,22.118927761512285,-25.43040108585071,3.45807043717927,1.59999904531356,,,,84.5,2912.0,6.4,747162,645444,605137,621028,553993,672695,666971,664983,682998,54.05,,,,,,,,26,4,Sweeper,0,2,2,0,2,0,2,0,Standard,Standard,76.0,-0.002,0.039,,,,,-0.039,,-2,2,0.305,0.695,25,30,26,30,2,1,8.0,5,5.0,4,2.61,-0.95,-0.95,21.3,,,,,,batter
ST,2024-08-27,85.6,-1.98,5.25,"Taylor, Tyrone",621438,694297,,ball,,,,,14.0,,R,R,R,AZ,NYM,B,,,0,2,2024,1.0,0.66,2.626311278434491,1.3442677696912058,,,,2,4,Top,,,,,,,8.892824560794125,-124.340725272493,-4.266709975451636,8.59785105516781,24.41727652575944,-24.686357584491248,3.40776042639604,1.60000058135327,,,,85.9,2943.0,6.6,747162,645444,605137,621028,553993,672695,666971,664983,682998,53.94,,,,,,,,26,3,Sweeper,0,2,2,0,2,0,2,0,Standard,Standard,72.0,-0.001,0.023,,,,,-0.023,,-2,2,0.306,0.694,25,30,26,30,2,1,8.0,5,5.0,4,2.46,-1.0,-1.0,20.6,,,,,,batter
FF,2024-08-27,93.8,-1.63,5.69,"Taylor, Tyrone",621438,694297,,foul,,,,,1.0,,R,R,R,AZ,NYM,S,,,0,1,2024,-0.53,1.3,-0.3163611880023235,3.314130672062,,,,2,4,Top,,,,,,,4.615722740951801,-136.57195992065468,-3.346180996473165,-7.654627190959075,27.659689030374278,-15.364617874535965,3.33,1.6,233.0,72.0,38.0,94.7,2605.0,6.6,747162,645444,605137,621028,553993,672695,666971,664983,682998,53.9,,,,,,,,26,2,4-Seam Fastball,0,2,2,0,2,0,2,0,Standard,Standard,214.0,0.003,-0.058,64.2,6.3,,,0.058,88.0,-2,2,0.303,0.697,25,30,26,30,2,1,8.0,5,5.0,4,1.27,0.53,0.53,27.6,-1.4572240202923137,9.881796870923148,32.20680013172927,34.732111549095336,21.62055583530696,batter
FF,2024-08-27,93.4,-1.76,5.71,"Taylor, Tyrone",621438,694297,,foul,,,,,5.0,,R,R,R,AZ,NYM,S,,,0,0,2024,-0.5,1.3,-0.0361369777452538,2.7857237222520363,,,,2,4,Top,,,,,,,5.593461423636794,-135.97885003642386,-4.74982537437526,-7.373370581638526,26.046733262270763,-15.17284433123408,3.33,1.6,242.0,75.2,34.0,94.6,2512.0,6.7,747162,645444,605137,621028,553993,672695,666971,664983,682998,53.81,,,,,,,,26,1,4-Seam Fastball,0,2,2,0,2,0,2,0,Standard,Standard,218.0,0.001,-0.041,66.0,6.6,,,0.041,88.0,-2,2,0.302,0.698,25,30,26,30,2,1,8.0,5,5.0,4,1.29,0.5,0.5,33.6,-3.241513399686988,8.721917459969381,36.28828181111422,37.526830099616426,20.449148454912653,batter
CU,2024-08-27,76.9,1.53,6.6,"Taylor, Tyrone",621438,656756,double,hit_into_play,,,,,13.0,Tyrone Taylor doubles (17) on a line drive to left fielder Lourdes Gurriel Jr. J.D. Martinez to 3rd.,R,R,L,AZ,NYM,X,7.0,line_drive,1,0,2024,-0.42,-0.86,-0.1437762301472772,1.0283510056292942,,,502110.0,1,9,Top,59.26,130.57,,,,,-2.822681783402945,-111.9357690881978,-3.228860761886125,-2.9511131137954782,21.990939537438297,-38.98778131968683,3.33,1.6,164.0,82.6,14.0,77.4,2318.0,6.9,747162,645444,605137,621028,553993,672695,666971,664983,682998,53.64,0.834,0.79,1.25,1.0,1.0,1.0,4.0,75,2,Curveball,3,8,8,3,8,3,8,3,Standard,Standard,318.0,-0.002,0.775,69.2,8.2,,0.967,-0.775,88.0,-5,5,0.006,0.994,31,30,32,30,3,4,6.0,5,6.0,4,4.74,-0.42,0.42,46.9,17.301599866966498,-12.95750927798656,43.732399140216586,35.957437103779085,45.428469961445046,batter
CU,2024-08-27,76.4,1.54,6.49,"Taylor, Tyrone",621438,656756,,ball,,,,,14.0,,R,R,L,AZ,NYM,B,,,0,0,2024,-0.6,-0.76,0.1323532938639592,1.0634670533891066,,,502110.0,1,9,Top,,,,,,,-1.898490393239595,-111.2297000977955,-3.012098884195717,-4.631496766902133,21.174443982315267,-38.12394423073427,3.48456055173291,1.65958632250616,,,,77.0,2294.0,6.8,747162,645444,605137,621028,553993,672695,666971,664983,682998,53.68,,,,,,,,75,1,Curveball,3,8,8,3,8,3,8,3,Standard,Standard,321.0,0.0,0.036,,,,,-0.036,,-5,5,0.006,0.994,31,30,32,30,3,4,6.0,5,6.0,4,4.68,-0.6,0.6,47.5,,,,,,batter
CU,2024-08-27,78.2,1.49,6.55,"Taylor, Tyrone",621438,656756,field_out,hit_into_play,,,,,14.0,Tyrone Taylor lines out to center fielder Jake McCarthy.,R,R,L,AZ,NYM,X,8.0,line_drive,2,2,2024,-0.67,-0.76,0.6456150692976178,1.3367343194546462,,,,1,7,Top,106.34,71.61,,,,,-0.5969952498975759,-113.91115783925622,-3.0056969095899984,-5.730062264944232,20.447499099784245,-38.48637703227688,3.33,1.6,320.0,88.0,23.0,79.1,2395.0,6.8,747162,645444,605137,621028,553993,672695,666971,664983,682998,53.7,0.161,0.154,0.0,1.0,0.0,0.0,3.0,54,5,Curveball,0,8,8,0,8,0,8,0,Standard,Standard,319.0,0.0,-0.225,69.8,8.5,,0.226,0.225,88.0,-8,8,0.005,0.995,31,30,32,30,2,3,6.0,5,6.0,4,4.47,-0.67,0.67,46.2,15.678918514616766,-8.362985909089328,43.80942929911622,44.1879475339944,37.03779284149086,batter
SI,2024-08-27,91.0,1.56,6.52,"Taylor, Tyrone",621438,656756,,foul,,,,,13.0,,R,R,L,AZ,NYM,S,,,2,1,2024,0.96,0.64,-0.3132135896310517,0.900824492461199,,,,1,7,Top,,,,,,,-6.814281194456355,-132.24697940020636,-9.695657349789087,12.673386871554516,25.497478991450027,-22.88571304542908,3.33,1.6,3.0,96.9,-19.0,92.1,2077.0,6.8,747162,645444,605137,621028,553993,672695,666971,664983,682998,53.69,,,,,,,,54,4,Sinker,0,8,8,0,8,0,8,0,Standard,Standard,142.0,0.0,-0.078,71.1,8.1,,,0.078,96.9,-8,8,0.005,0.995,31,30,32,30,2,3,6.0,5,6.0,4,2.1,0.96,-0.96,43.9,11.378315567480186,-7.068184795317612,48.18621847754186,33.98234367686436,32.32836607874444,batter
CH,2024-08-27,82.9,1.42,6.47,"Taylor, Tyrone",621438,656756,,ball,,,,,14.0,,R,R,L,AZ,NYM,B,,,1,1,2024,1.04,0.74,0.5866247496962086,0.9454920911328256,,,,1,7,Top,,,,,,,-3.970625282913744,-120.64967344327572,-7.727202973195542,10.92887026488159,20.620692455060706,-23.736006676008028,3.43881380143396,1.67185476472254,,,,84.1,1628.0,6.8,747162,645444,605137,621028,553993,672695,666971,664983,682998,53.69,,,,,,,,54,3,Changeup,0,8,8,0,8,0,8,0,Standard,Standard,139.0,0.0,0.059,,,,,-0.059,,-8,8,0.005,0.995,31,30,32,30,2,3,6.0,5,6.0,4,2.54,1.04,-1.04,44.5,,,,,,batter
CU,2024-08-27,77.5,1.49,6.52,"Taylor, Tyrone",621438,656756,,swinging_strike,,,,,8.0,,R,R,L,AZ,NYM,S,,,1,0,2024,-0.79,-0.32,0.0003256762549437,1.6269216361884733,,,,1,7,Top,,,,,,,-1.7703996228200027,-112.92493361255887,-3.0475785381620493,-6.517743640897126,18.50309300758018,-34.64529696137102,3.33,1.6,,,,78.8,2371.0,6.9,747162,645444,605137,621028,553993,672695,666971,664983,682998,53.62,,,,,,,,54,2,Curveball,0,8,8,0,8,0,8,0,Standard,Standard,322.0,0.0,-0.051,67.3,8.9,12.363170928,,0.051,,-8,8,0.005,0.995,31,30,32,30,2,3,6.0,5,6.0,4,4.08,-0.79,0.79,49.0,30.993889591641626,-50.22960078160212,37.63339510945677,38.903557048259486,64.34018833458236,batter
CU,2024-08-27,76.3,1.65,6.6,"Taylor, Tyrone",621438,656756,,ball,,,,,12.0,,R,R,L,AZ,NYM,B,,,0,0,2024,-0.94,-0.55,2.7411504507142985,5.367144309970662,,,,1,7,Top,,,,,,,4.016529380600744,-110.91307412004616,5.392799599381123,-8.492952065134617,17.427915843165827,-37.81222469721694,3.42330405271697,1.59999970390458,,,,77.0,2331.0,6.6,747162,645444,605137,621028,553993,672695,666971,664983,682998,53.94,,,,,,,,54,1,Curveball,0,8,8,0,8,0,8,0,Standard,Standard,314.0,0.0,0.039,,,,,-0.039,,-8,8,0.005,0.995,31,30,32,30,2,3,6.0,5,6.0,4,4.43,-0.94,0.94,49.2,,,,,,batter
SI,2024-08-27,93.5,-1.91,5.67,"Taylor, Tyrone",621438,694297,fielders_choice,hit_into_play,,,,,11.0,"Tyrone Taylor reaches on a fielder's choice, fielded by pitcher Brandon Pfaadt. J.D. Martinez to 3rd. J.D. Martinez advances to 3rd, on a missed catch error by second baseman Kevin Newman, assist to pitcher Brandon Pfaadt.",R,R,R,AZ,NYM,X,1.0,ground_ball,1,2,2024,-1.13,0.65,-0.8784523048615318,2.6151640425762386,,,502110.0,1,2,Top,127.98,173.71,,,,,5.191735560839621,-136.1310891131113,-3.6477188978877297,-15.210419013488918,27.00184008760553,-23.492066361569822,3.33,1.6,43.0,59.4,2.0,94.6,2399.0,6.7,747162,645444,605137,621028,553993,672695,666971,664983,682998,53.82,0.134,0.151,0.9,1.0,0.0,0.0,1.0,10,4,Sinker,0,1,1,0,1,0,1,0,Standard,Standard,220.0,-0.069,0.512,67.3,6.4,,0.138,-0.512,88.0,-1,1,0.403,0.597,25,30,26,30,1,0,8.0,5,5.0,4,1.93,1.13,1.13,30.4,-7.808452287404719,13.397132444355394,39.466121508411,26.930367178164747,20.427922869238564,batter
ST,2024-08-27,84.6,-2.25,5.46,"Taylor, Tyrone",621438,694297,,foul,,,,,7.0,,R,R,R,AZ,NYM,S,,,1,1,2024,0.81,0.29,-0.4969764967172748,2.012073757608066,,,502110.0,1,2,Top,,,,,,,2.503136288958636,-123.34500704760843,-2.376788060942058,7.863380201050297,22.0632408130051,-28.93399158267293,3.33,1.6,177.0,102.5,10.0,85.4,2708.0,6.5,747162,645444,605137,621028,553993,672695,666971,664983,682998,54.02,,,,,,,,10,3,Sweeper,0,1,1,0,1,0,1,0,Standard,Standard,72.0,0.007,-0.059,71.9,8.0,,,0.059,102.5,-1,1,0.396,0.604,25,30,26,30,1,0,8.0,5,5.0,4,2.85,-0.81,-0.81,22.6,18.228680959585574,-17.253150050628086,39.61850298338357,30.616840377066765,42.8876009333656,batter
ST,2024-08-27,83.9,-2.22,5.33,"Taylor, Tyrone",621438,694297,,ball,,,,,12.0,,R,R,R,AZ,NYM,B,,,0,1,2024,1.15,0.65,1.0511521035466034,2.754632715135448,,,502110.0,1,2,Top,,,,,,,5.309719194354777,-122.11119088232054,-0.8795727559679928,10.537330923459166,23.10962000137828,-25.64082834510579,3.36457266171086,1.59999875388211,,,,84.5,2812.0,6.6,747162,645444,605137,621028,553993,672695,666971,664983,682998,53.94,,,,,,,,10,2,Sweeper,0,1,1,0,1,0,1,0,Standard,Standard,76.0,-0.003,0.029,,,,,-0.029,,-1,1,0.399,0.601,25,30,26,30,1,0,8.0,5,5.0,4,2.57,-1.15,-1.15,23.5,,,,,,batter
CU,2024-08-27,79.6,-1.99,5.78,"Taylor, Tyrone",621438,694297,,called_strike,,,,,4.0,,R,R,R,AZ,NYM,S,,,0,0,2024,0.75,-0.86,-0.5229478965761287,2.156587814224611,,,502110.0,1,2,Top,,,,,,,1.8112171908258472,-115.94320100367868,0.3826490182145807,6.47479541141941,20.82697295412693,-40.26389701235385,3.33670095145429,1.60000012528811,,,,80.2,2373.0,6.5,747162,645444,605137,621028,553993,672695,666971,664983,682998,53.95,,,,,,,,10,1,Curveball,0,1,1,0,1,0,1,0,Standard,Standard,46.0,0.004,-0.04,,,,,0.04,,-1,1,0.395,0.605,25,30,26,30,1,0,8.0,5,5.0,4,4.44,-0.75,-0.75,34.8,,,,,,batter
CU,2024-08-27,79.7,1.37,6.6,"Taylor, Tyrone",621438,656756,hit_by_pitch,hit_by_pitch,,,,,13.0,Tyrone Taylor hit by pitch. Mark Vientos scores. Brandon Nimmo to 3rd. J.D. Martinez to 2nd.,R,R,L,AZ,NYM,B,,,0,0,2024,-0.59,-0.62,-1.6811162213302049,0.7683618255920197,668901.0,607043.0,502110.0,2,5,Top,,,,,,,-5.656282459844286,-115.94426890817805,-4.961715767589804,-4.254887068306879,21.36320865297446,-37.03716928117239,3.33,1.6,,,,80.4,2425.0,6.8,747162,645444,605137,621028,553993,672695,666971,664983,682998,53.72,,0.720192,0.7,1.0,0.0,0.0,,39,1,Curveball,0,5,5,0,6,0,6,0,Standard,Standard,325.0,-0.024,0.344,,,,,-0.344,,-5,5,0.059,0.941,31,30,32,30,1,2,6.0,5,6.0,4,4.2,-0.59,0.59,48.2,,,,,,batter
SL,2024-08-22,87.5,-1.13,6.05,"Taylor, Tyrone",621438,656302,strikeout,called_strike,,,,,14.0,Tyrone Taylor called out on strikes.,R,R,R,SD,NYM,S,2.0,,0,2,2024,-0.03,0.52,0.8818353091604014,1.693846497972939,,,643446.0,0,7,Top,,,,,,,4.900672680804576,-127.15169173923812,-5.335901318480167,-1.4116297721876312,29.32398986891379,-25.602870422597995,3.25333408941571,1.57949569415134,,,,86.9,2665.0,6.3,745379,669134,630105,593428,592518,669200,595777,701538,444482,54.21,,0.0,0.0,1.0,0.0,0.0,,53,4,Slider,1,3,3,1,3,1,3,1,Standard,Standard,132.0,0.013,-0.15,,,,,0.15,,-2,2,0.171,0.829,28,30,29,30,3,2,5.0,2,5.0,5,2.5,0.03,0.03,52.8,,,,,,batter
FF,2024-08-22,96.3,-1.05,6.2,"Taylor, Tyrone",621438,656302,,foul,,,,,1.0,,R,R,R,SD,NYM,S,,,0,2,2024,-0.35,1.62,-0.4837647014625649,3.450588845780821,,,643446.0,0,7,Top,,,,,,,2.313795627326936,-140.105428050943,-5.358770900793137,-5.206888827774981,33.97494414666426,-9.858257349996556,3.34,1.6,147.0,54.2,40.0,96.0,2367.0,6.3,745379,669134,630105,593428,592518,669200,595777,701538,444482,54.19,,,,,,,,53,3,4-Seam Fastball,1,3,3,1,3,1,3,1,Standard,Standard,188.0,0.0,0.0,59.4,5.8,,,0.0,88.0,-2,2,0.171,0.829,28,30,29,30,3,2,5.0,2,5.0,5,0.85,0.35,0.35,54.3,-5.509000530785933,18.235038150219,34.72118116488646,30.931628914921845,17.55708403957805,batter
ST,2024-08-22,80.5,-1.51,5.95,"Taylor, Tyrone",621438,656302,,called_strike,,,,,3.0,,R,R,R,SD,NYM,S,,,0,1,2024,1.08,-0.82,0.5780485362324044,3.0055172168135487,,,643446.0,0,7,Top,,,,,,,2.584481303455284,-116.9861808098268,1.8752948046851008,9.098698971894498,27.335102290401814,-40.280474907233895,3.16788962932486,1.60072405305247,,,,79.5,2779.0,6.2,745379,669134,630105,593428,592518,669200,595777,701538,444482,54.27,,,,,,,,53,2,Sweeper,1,3,3,1,3,1,3,1,Standard,Standard,36.0,0.006,-0.048,,,,,0.048,,-2,2,0.165,0.835,28,30,29,30,3,2,5.0,2,5.0,5,4.42,-1.08,-1.08,47.7,,,,,,batter
SL,2024-08-22,85.1,-1.12,6.1,"Taylor, Tyrone",621438,656302,,called_strike,,,,,8.0,,R,R,R,SD,NYM,S,,,0,0,2024,0.14,0.51,0.2733950164398258,1.6325081946532245,,,643446.0,0,7,Top,,,,,,,2.990073366309245,-123.8356645726689,-5.143122722397727,0.7885671618777552,26.1437729884021,-26.07642010181412,3.18924670932367,1.53704444671435,,,,84.8,2461.0,6.2,745379,669134,630105,593428,592518,669200,595777,701538,444482,54.29,,,,,,,,53,1,Slider,1,3,3,1,3,1,3,1,Standard,Standard,131.0,0.003,-0.042,,,,,0.042,,-2,2,0.162,0.838,28,30,29,30,3,2,5.0,2,5.0,5,2.65,-0.14,-0.14,52.4,,,,,,batter
SL,2024-08-22,86.4,-1.25,5.92,"Taylor, Tyrone",621438,656302,strikeout,swinging_strike,,,,,14.0,Tyrone Taylor strikes out swinging.,R,R,R,SD,NYM,S,2.0,,0,2,2024,0.12,0.18,1.205165325345154,0.9020226449367308,,,643446.0,2,4,Top,,,,,,,5.622095329880538,-125.62586580820074,-6.032656005902979,0.0003057093102226,27.74283173023604,-29.17598329477789,3.34,1.6,,,,86.2,2671.0,6.4,745379,669134,630105,593428,592518,669200,595777,701538,444482,54.11,,0.0,0.0,1.0,0.0,0.0,,31,3,Slider,0,3,3,0,3,0,3,0,Standard,Standard,73.0,0.008,-0.17,57.7,8.6,10.356668268,,0.17,,-3,3,0.208,0.792,28,30,29,30,2,1,5.0,2,5.0,5,2.9,-0.12,-0.12,47.9,19.96215314898389,-28.023287005991552,35.4610040112141,50.21943731845291,48.32411421091732,batter
SL,2024-08-22,86.7,-1.14,5.91,"Taylor, Tyrone",621438,656302,,swinging_strike,,,,,14.0,,R,R,R,SD,NYM,S,,,0,1,2024,0.24,-0.05,1.1546309701440358,0.5910194497094752,,,643446.0,2,4,Top,,,,,,,5.004432734194324,-126.02066493663531,-6.358361134380535,1.3802353879784652,28.073167963985185,-31.532430812082293,3.34,1.6,,,,86.5,2695.0,6.5,745379,669134,630105,593428,592518,669200,595777,701538,444482,54.03,,,,,,,,31,2,Slider,0,3,3,0,3,0,3,0,Standard,Standard,109.0,0.004,-0.054,65.2,8.9,13.60371762,,0.054,,-3,3,0.204,0.796,28,30,29,30,2,1,5.0,2,5.0,5,3.12,-0.24,-0.24,55.3,22.77499152248214,-29.135996187686768,39.01323539967163,49.80354260810252,50.586401392200486,batter
FF,2024-08-22,95.6,-0.95,6.11,"Taylor, Tyrone",621438,656302,,foul,,,,,12.0,,R,R,R,SD,NYM,S,,,0,0,2024,0.07,1.74,0.8870858485541558,2.6351507497715136,,,643446.0,2,4,Top,,,,,,,4.6949954268072975,-138.83713119419235,-7.358700966436744,-0.3601004064603482,35.60789527061506,-8.29093983880613,3.34,1.6,223.0,75.5,45.0,95.2,2452.0,6.5,745379,669134,630105,593428,592518,669200,595777,701538,444482,54.01,,,,,,,,31,1,4-Seam Fastball,0,3,3,0,3,0,3,0,Standard,Standard,191.0,0.002,-0.047,62.6,7.0,,,0.047,88.0,-3,3,0.202,0.798,28,30,29,30,2,1,5.0,2,5.0,5,0.8,-0.07,-0.07,56.0,-2.1843381971566225,5.547088586170955,35.769408137607066,47.83339332152686,19.8923434330542,batter
SL,2024-08-22,85.8,-1.1,6.07,"Taylor, Tyrone",621438,656302,double,hit_into_play,,,,,8.0,Tyrone Taylor doubles (16) on a ground ball to left fielder Jurickson Profar.,R,R,R,SD,NYM,X,7.0,ground_ball,1,0,2024,0.01,0.32,0.1439838570598608,1.6973463755076694,,,,0,3,Top,80.29,158.4,,,,,2.930455372976011,-124.86273924387224,-4.68045434487113,-0.558599503275992,26.949106140397674,-28.08328556599488,3.34,1.6,101.0,93.8,6.0,85.7,2761.0,6.4,745379,669134,630105,593428,592518,669200,595777,701538,444482,54.14,0.547,0.51,1.25,1.0,1.0,1.0,4.0,17,2,Slider,0,1,1,0,1,0,1,0,Standard,Standard,94.0,-0.056,0.655,67.5,8.0,,0.611,-0.655,93.8,-1,1,0.385,0.615,28,30,29,30,1,0,5.0,2,5.0,5,2.8,-0.01,-0.01,53.3,10.017937648266514,-17.741525453442403,34.80999603063527,37.58662401628433,43.978856739275535,batter
KC,2024-08-22,79.7,-0.87,6.08,"Taylor, Tyrone",621438,656302,,ball,,,,,14.0,,R,R,R,SD,NYM,B,,,0,0,2024,0.29,-1.43,0.9337866146701844,1.6456644008235184,,,,0,3,Top,,,,,,,3.404532827018823,-115.9922086713736,-0.1782599805144444,1.848527279946965,25.74468012015849,-45.15021293357526,3.34043533603621,1.49526083529462,,,,79.1,2588.0,6.3,745379,669134,630105,593428,592518,669200,595777,701538,444482,54.21,,,,,,,,17,1,Knuckle Curve,0,1,1,0,1,0,1,0,Standard,Standard,22.0,-0.003,0.038,,,,,-0.038,,-1,1,0.388,0.612,28,30,29,30,1,0,5.0,2,5.0,5,5.08,-0.29,-0.29,57.7,,,,,,batter
CU,2024-08-22,81.5,-0.5,5.92,"Taylor, Tyrone",621438,670810,single,hit_into_play,,,,,8.0,Tyrone Taylor singles on a sharp line drive to center fielder Jackson Merrill. Jeff McNeil to 2nd.,R,R,R,SD,NYM,X,8.0,line_drive,0,1,2024,0.28,-0.79,0.1636994333907543,1.6858226076691087,,,643446.0,0,9,Top,112.54,95.39,,,,,0.9407669943161444,-118.72839105859904,-1.373747402561565,2.474455016778144,24.038351205312857,-39.56114524146271,3.34,1.6,165.0,105.1,9.0,81.3,2300.0,6.2,745379,669134,630105,593428,592518,669200,595777,701538,444482,54.27,0.784,0.75,0.9,1.0,1.0,0.0,4.0,68,2,Curveball,1,3,3,1,3,1,3,1,Standard,Standard,23.0,-0.018,0.491,72.3,7.7,,0.932,-0.491,105.1,-2,2,0.067,0.933,27,30,27,30,1,3,23.0,2,2.0,5,4.23,-0.28,-0.28,52.9,5.855256422501093,1.8951183539040053,40.06452555445576,39.91973129108773,29.121171308559354,batter
FF,2024-08-22,94.6,-0.54,5.94,"Taylor, Tyrone",621438,670810,,called_strike,,,,,9.0,,R,R,R,SD,NYM,S,,,0,0,2024,-0.36,1.61,0.7721386687277725,1.989090929119752,,,643446.0,0,9,Top,,,,,,,4.211086295732117,-137.45645856810276,-8.169674646767948,-5.508418131612644,31.24266289764117,-10.13544194221746,3.27470197700483,1.62195425547508,,,,94.4,2163.0,6.3,745379,669134,630105,593428,592518,669200,595777,701538,444482,54.22,,,,,,,,68,1,4-Seam Fastball,1,3,3,1,3,1,3,1,Standard,Standard,208.0,0.002,-0.042,,,,,0.042,,-2,2,0.065,0.935,27,30,27,30,1,3,23.0,2,2.0,5,0.95,0.36,0.36,50.9,,,,,,batter
SL,2024-08-20,87.3,-1.81,6.07,"Taylor, Tyrone",621438,665152,field_out,hit_into_play,,,,,14.0,Tyrone Taylor grounds out to first baseman Ryan Mountcastle.,R,R,R,NYM,BAL,X,3.0,ground_ball,1,2,2024,0.47,0.81,1.3059920436957264,2.4074373635779382,,,,1,5,Bot,158.9,169.64,,,,,6.526004766086691,-126.96258624450688,-4.289033145725043,3.635032723813949,26.987693757223983,-22.76082131177944,3.37,1.59,9.0,57.4,-15.0,86.9,2373.0,6.2,745782,543510,663624,702616,602104,683002,596103,681297,623993,54.32,0.091,0.084,0.0,1.0,0.0,0.0,1.0,42,4,Slider,1,7,1,7,7,1,1,7,Standard,Standard,172.0,-0.004,-0.182,60.0,8.3,,0.095,0.182,88.0,-6,-6,0.034,0.034,28,30,28,30,2,1,6.0,1,5.0,2,2.2,-0.47,-0.47,46.0,22.99862029203214,-10.960374488649563,29.212940655280445,52.79442846810927,38.884292232559744,batter
CU,2024-08-20,76.0,-1.73,6.16,"Taylor, Tyrone",621438,665152,,called_strike,,,,,8.0,,R,R,R,NYM,BAL,S,,,1,1,2024,0.85,-1.55,-0.081566795877686,1.7642248896493058,,,,1,5,Bot,,,,,,,1.914814746613516,-110.55677461945338,0.8071330021261907,6.416220883894703,24.87802346980202,-45.0480927506396,3.22468226426162,1.61390165167513,,,,74.9,2680.0,6.1,745782,543510,663624,702616,602104,683002,596103,681297,623993,54.42,,,,,,,,42,3,Curveball,1,7,1,7,7,1,1,7,Standard,Standard,30.0,-0.002,-0.061,,,,,0.061,,-6,-6,0.036,0.036,28,30,28,30,2,1,6.0,1,5.0,2,5.58,-0.85,-0.85,50.2,,,,,,batter
SI,2024-08-20,91.8,-2.08,5.76,"Taylor, Tyrone",621438,665152,,foul,,,,,4.0,,R,R,R,NYM,BAL,S,,,1,0,2024,-1.5,0.91,-0.5035295751509636,2.171305668906305,,,,1,5,Bot,,,,,,,7.205986361520488,-133.25866503573616,-5.061570023072551,-19.461027301774894,33.092923147068106,-20.4528320886378,3.37,1.59,,,,90.9,2024.0,6.2,745782,543510,663624,702616,602104,683002,596103,681297,623993,54.29,,,,,,,,42,2,Sinker,1,7,1,7,7,1,1,7,Standard,Standard,219.0,-0.001,-0.051,67.1,7.6,,,0.051,,-6,-6,0.037,0.037,28,30,28,30,2,1,6.0,1,5.0,2,1.85,1.5,1.5,34.7,17.06098934493168,-5.755605812496266,38.9145068322505,31.52836964250926,30.93770296191566,batter
CU,2024-08-20,75.4,-1.8,6.12,"Taylor, Tyrone",621438,665152,,ball,,,,,14.0,,R,R,R,NYM,BAL,B,,,0,0,2024,0.82,-1.19,0.6563477383320117,1.1828358603078497,,,,1,5,Bot,,,,,,,3.648524830556604,-109.5782041027574,-0.8173328264359214,5.643685869652663,24.451083467337813,-41.63371825004582,3.25802519412428,1.61390165167513,,,,74.7,2615.0,6.4,745782,543510,663624,702616,602104,683002,596103,681297,623993,54.06,,,,,,,,42,1,Curveball,1,7,1,7,7,1,1,7,Standard,Standard,30.0,0.001,0.039,,,,,-0.039,,-6,-6,0.036,0.036,28,30,28,30,2,1,6.0,1,5.0,2,5.29,-0.82,-0.82,47.0,,,,,,batter
SI,2024-08-20,92.1,-2.29,5.54,"Taylor, Tyrone",621438,665152,strikeout,swinging_strike,,,,,13.0,Tyrone Taylor strikes out swinging.,R,R,R,NYM,BAL,S,2.0,,2,2,2024,-1.35,0.77,-1.4633022611830313,1.828188622706298,,682626.0,643446.0,0,3,Bot,,,,,,,5.045769958226121,-134.12341192832008,-5.354677659913296,-17.420622562131353,25.535952659486124,-21.99404846142591,3.37,1.59,,,,93.0,1979.0,6.5,745782,543510,663624,702616,602104,683002,596103,681297,623993,53.96,,0.0,0.0,1.0,0.0,0.0,,22,5,Sinker,0,3,0,3,3,0,0,3,Standard,Standard,222.0,-0.049,-0.223,70.2,7.7,0.1,,0.223,,-3,-3,0.331,0.331,28,30,28,30,1,0,6.0,1,5.0,2,1.89,1.35,1.35,33.9,15.69820967978483,-19.02279413904817,46.90836576420365,19.599886492609464,31.983455894556613,batter
FS,2024-08-20,83.9,-1.91,6.11,"Taylor, Tyrone",621438,665152,,ball,,,,,13.0,,R,R,R,NYM,BAL,B,,,1,2,2024,-0.98,1.0,-1.883265344873779,2.0184534714162448,,682626.0,643446.0,0,3,Bot,,,,,,,2.0131953071395667,-122.14452650154588,-5.056876742312161,-10.23739203032458,23.728232463094617,-21.336738354670224,3.35803672010911,1.68080808738779,,,,83.9,1061.0,6.2,745782,543510,663624,702616,602104,683002,596103,681297,623993,54.28,,,,,,,,22,4,Split-Finger,0,3,0,3,3,0,0,3,Standard,Standard,222.0,0.008,0.026,,,,,-0.026,,-3,-3,0.323,0.323,28,30,28,30,1,0,6.0,1,5.0,2,2.23,0.98,0.98,45.1,,,,,,batter
SI,2024-08-20,91.6,-2.35,5.65,"Taylor, Tyrone",621438,665152,,foul,,,,,7.0,,R,R,R,NYM,BAL,S,,,1,1,2024,-1.77,1.14,-0.7371763468846129,1.7950862076749392,,682626.0,643446.0,0,3,Bot,,,,,,,7.9217396666430755,-133.0057758182518,-6.282523803643306,-22.736929671916275,30.467059979652287,-17.465564759278898,3.37,1.59,3.0,,-32.0,91.7,1985.0,6.6,745782,543510,663624,702616,602104,683002,596103,681297,623993,53.9,,,,,,,,22,3,Sinker,0,3,0,3,3,0,0,3,Standard,Standard,218.0,-0.014,-0.069,71.1,7.7,,,0.069,,-3,-3,0.337,0.337,28,30,28,30,1,0,6.0,1,5.0,2,1.61,1.77,1.77,36.0,12.63070430648928,-5.879021138873025,43.12152133827852,28.44554809673043,31.130572540765836,batter
SI,2024-08-20,92.0,-2.36,5.56,"Taylor, Tyrone",621438,665152,,called_strike,,,,,4.0,,R,R,R,NYM,BAL,S,,,1,0,2024,-1.49,0.89,-0.6617364986860199,2.136235057617698,,682626.0,643446.0,0,3,Bot,,,,,,,7.562744576738423,-133.81251528260003,-4.799271458652193,-19.52066609757315,28.626025787947817,-20.59504737715544,3.25802519412428,1.5804436661127,,,,92.2,2128.0,6.4,745782,543510,663624,702616,602104,683002,596103,681297,623993,54.07,,,,,,,,22,2,Sinker,0,3,0,3,3,0,0,3,Standard,Standard,223.0,-0.012,-0.055,,,,,0.055,,-3,-3,0.349,0.349,28,30,28,30,1,0,6.0,1,5.0,2,1.8,1.49,1.49,31.7,,,,,,batter
SI,2024-08-20,92.0,-2.15,5.57,"Taylor, Tyrone",621438,665152,,ball,,,,,14.0,,R,R,R,NYM,BAL,B,,,0,0,2024,-1.35,1.0,1.5291565456442475,1.988716113337616,,682626.0,643446.0,0,3,Bot,,,,,,,12.27126742961855,-133.40202468941047,-5.4191279675309865,-18.649107408460143,26.78206046705291,-19.18353575591097,3.29136524239546,1.6473564557802,,,,92.4,2094.0,6.6,745782,543510,663624,702616,602104,683002,596103,681297,623993,53.91,,,,,,,,22,1,Sinker,0,3,0,3,3,0,0,3,Standard,Standard,216.0,0.009,0.045,,,,,-0.045,,-3,-3,0.34,0.34,28,30,28,30,1,0,6.0,1,5.0,2,1.7,1.35,1.35,32.5,,,,,,batter
FF,2024-08-20,93.0,-2.83,4.65,"Taylor, Tyrone",621438,518886,strikeout,called_strike,,,,,9.0,Tyrone Taylor called out on strikes.,R,R,R,NYM,BAL,S,2.0,,2,2,2024,-0.67,1.26,0.4736480898885676,2.1093777104396905,,,,2,9,Bot,,,,,,,10.02358601169228,-134.999210042319,-3.466958015347174,-10.38935947854287,30.47158145298001,-16.22841897659325,3.30806388090944,1.69755013926146,,,,93.6,2345.0,6.9,745782,543510,663624,702616,602104,683002,681297,656775,623993,53.65,,0.0,0.0,1.0,0.0,0.0,,77,5,4-Seam Fastball,5,9,5,9,9,5,5,9,Standard,Standard,223.0,-0.001,-0.219,,,,,0.219,,-4,-4,0.001,0.001,36,30,36,30,1,3,4.0,1,1.0,2,1.4,0.67,0.67,22.7,,,,,,batter
FF,2024-08-20,92.4,-2.8,4.65,"Taylor, Tyrone",621438,518886,,swinging_strike,,,,,6.0,,R,R,R,NYM,BAL,S,,,2,1,2024,-0.68,1.76,0.5050164205064979,2.5215840476215967,,,,2,9,Bot,,,,,,,9.966198598922794,-134.15511723048803,-3.3902587773135187,-10.492825050581512,31.61654334862704,-10.48633541700963,3.37,1.59,,,,92.7,2391.0,6.8,745782,543510,663624,702616,602104,683002,681297,656775,623993,53.73,,,,,,,,77,4,4-Seam Fastball,5,9,5,9,9,5,5,9,Standard,Standard,218.0,0.0,-0.084,68.5,8.1,0.524773164,,0.084,,-4,-4,0.001,0.001,36,30,36,30,1,3,4.0,1,1.0,2,0.94,0.68,0.68,24.3,11.101524113176598,-6.990325712431597,34.92096303140912,43.82994173654768,30.27827936250156,batter
FF,2024-08-20,93.2,-2.72,4.82,"Taylor, Tyrone",621438,518886,,ball,,,,,11.0,,R,R,R,NYM,BAL,B,,,1,1,2024,-0.59,1.3,-0.4610916011429872,4.003276415413413,,,,2,9,Bot,,,,,,,7.195542566397936,-135.4718409808331,0.8823382606520185,-8.935147978270539,31.8634100523406,-16.706174786417556,3.30806388090944,1.66409975261197,,,,94.1,2321.0,7.0,745782,543510,663624,702616,602104,683002,681297,656775,623993,53.45,,,,,,,,77,3,4-Seam Fastball,5,9,5,9,9,5,5,9,Standard,Standard,217.0,0.0,0.058,,,,,-0.058,,-4,-4,0.001,0.001,36,30,36,30,1,3,4.0,1,1.0,2,1.35,0.59,0.59,25.4,,,,,,batter
FF,2024-08-20,93.3,-2.78,4.77,"Taylor, Tyrone",621438,518886,,ball,,,,,11.0,,R,R,R,NYM,BAL,B,,,0,1,2024,-0.72,1.05,-1.2454940407933552,3.3334128422989115,,,,2,9,Bot,,,,,,,5.582441588434194,-135.77373488301265,-0.2150701374082373,-10.167698053703738,31.97869956449912,-19.40453435993132,3.30806388090944,1.69755013926146,,,,93.9,2233.0,6.8,745782,543510,663624,702616,602104,683002,681297,656775,623993,53.71,,,,,,,,77,2,4-Seam Fastball,5,9,5,9,9,5,5,9,Standard,Standard,220.0,0.0,0.029,,,,,-0.029,,-4,-4,0.001,0.001,36,30,36,30,1,3,4.0,1,1.0,2,1.58,0.72,0.72,23.2,,,,,,batter
FF,2024-08-20,93.3,-2.66,4.76,"Taylor, Tyrone",621438,518886,,called_strike,,,,,6.0,,R,R,R,NYM,BAL,S,,,0,0,2024,-0.8,1.29,0.4953385414202857,2.5638300932993308,,,,2,9,Bot,,,,,,,10.03054390887084,-135.41416586740954,-2.701667663126432,-12.102284170679267,31.423960652862515,-16.003261461155166,3.17469084328734,1.63064619763515,,,,94.4,2268.0,7.2,745782,543510,663624,702616,602104,683002,681297,656775,623993,53.27,,,,,,,,77,1,4-Seam Fastball,5,9,5,9,9,5,5,9,Standard,Standard,218.0,0.0,-0.041,,,,,0.041,,-4,-4,0.001,0.001,36,30,36,30,1,3,4.0,1,1.0,2,1.36,0.8,0.8,26.1,,,,,,batter
FC,2024-08-20,86.9,-2.39,5.61,"Taylor, Tyrone",621438,572143,field_out,hit_into_play,,,,,6.0,Tyrone Taylor lines out to left fielder Colton Cowser.,R,R,R,NYM,BAL,X,7.0,line_drive,1,0,2024,0.4,0.46,0.5588624693826656,2.1953357471970563,,,,0,8,Bot,67.51,95.03,,,,,6.308091493809082,-126.39121455631224,-2.860829005475741,2.7402337839721604,29.45991088687611,-26.848735644035624,3.37,1.59,295.0,84.5,22.0,87.0,2238.0,6.7,745782,543510,663624,702616,602104,683002,681297,656775,623993,53.77,0.463,0.45,0.0,1.0,0.0,0.0,3.0,62,2,Cutter,1,7,1,7,7,1,1,7,Standard,Standard,158.0,-0.005,-0.292,65.5,8.2,,0.577,0.292,88.0,-6,-6,0.011,0.011,34,30,34,30,1,2,3.0,1,3.0,2,2.6,-0.4,-0.4,34.2,16.904274658198226,-9.50742149348346,33.711313990029126,44.10879830435292,39.47194305924201,batter
FF,2024-08-20,95.1,-2.21,5.64,"Taylor, Tyrone",621438,572143,,ball,,,,,13.0,,R,R,R,NYM,BAL,B,,,0,0,2024,-0.61,1.75,-0.2774743364872061,1.2680233784533077,,,,0,8,Bot,,,,,,,6.473407666027544,-137.87333041181037,-9.64820401012128,-9.404301266374274,36.662288607036,-7.836052429726769,3.40806347674851,1.66409975261197,,,,94.9,2351.0,6.8,745782,543510,663624,702616,602104,683002,681297,656775,623993,53.69,,,,,,,,62,1,4-Seam Fastball,1,7,1,7,7,1,1,7,Standard,Standard,209.0,0.001,0.038,,,,,-0.038,,-6,-6,0.01,0.01,34,30,34,30,1,2,3.0,1,3.0,2,0.83,0.61,0.61,37.1,,,,,,batter
CH,2024-08-19,84.6,2.63,5.44,"Taylor, Tyrone",621438,669432,single,hit_into_play,,,,,6.0,Tyrone Taylor singles on a ground ball to left fielder Austin Slater. Pete Alonso scores. Francisco Alvarez to 2nd.,R,R,L,NYM,BAL,X,7.0,ground_ball,1,1,2024,1.02,-0.13,0.4321188703973062,2.41549378957778,624413.0,,682626.0,2,4,Bot,86.29,116.31,,,,,-7.29205481917713,-122.96188497032465,-0.3874658589980874,11.804218585013116,25.46810086566849,-33.66589247584484,3.37,1.58,111.0,105.2,5.0,85.8,1306.0,7.2,745780,668939,663624,702616,602104,683002,596103,681297,623993,53.26,0.579,0.541,0.9,1.0,1.0,0.0,4.0,32,3,Changeup,2,0,2,0,0,3,3,0,Standard,Standard,110.0,0.073,0.631,73.6,7.7,,0.66,-0.631,105.2,2,2,0.784,0.784,26,30,27,30,2,1,6.0,1,,1,3.34,1.02,-1.02,18.7,11.48103042583536,-5.40346945626511,31.47706008927058,42.35722915508232,34.93421355765802,batter
FC,2024-08-19,83.0,2.69,5.56,"Taylor, Tyrone",621438,669432,,ball,,,,,13.0,,R,R,L,NYM,BAL,B,,,0,1,2024,-0.36,0.41,-1.7991833201382543,1.5940331354753003,624413.0,,682626.0,2,4,Bot,,,,,,,-9.696497674941568,-120.49065614723486,-3.4036365353712466,-1.51913427708455,24.29659804880212,-27.66038650086188,3.3426889030822,1.75355120251147,,,,83.9,2213.0,7.1,745780,668939,663624,702616,602104,683002,596103,681297,623993,53.38,,,,,,,,32,2,Cutter,2,0,2,0,0,2,2,0,Standard,Standard,177.0,0.003,0.031,,,,,-0.031,,2,2,0.781,0.781,26,30,27,30,2,1,6.0,1,,1,2.92,-0.36,0.36,22.2,,,,,,batter
SI,2024-08-19,92.4,2.64,5.61,"Taylor, Tyrone",621438,669432,,foul,,,,,9.0,,R,R,L,NYM,BAL,S,,,0,0,2024,1.5,0.42,0.5168041927139404,1.7637259353395611,624413.0,,682626.0,2,4,Bot,,,,,,,-8.793155229397135,-134.12798809063688,-4.86412451623529,20.06014428102465,32.59008033789035,-26.15369995563722,3.37,1.58,307.0,89.2,38.0,93.0,2374.0,7.0,745780,668939,663624,702616,602104,683002,596103,681297,623993,53.47,,,,,,,,32,1,Sinker,2,0,2,0,0,2,2,0,Standard,Standard,121.0,-0.005,-0.046,70.8,7.5,,,0.046,89.2,2,2,0.786,0.786,26,30,27,30,2,1,6.0,1,,1,2.29,1.5,-1.5,20.7,4.777312624301407,12.220064877957354,38.376028403008014,43.2592859306028,25.657536620426903,batter
FC,2024-08-19,82.5,2.79,5.55,"Taylor, Tyrone",621438,669432,field_out,hit_into_play,,,,,7.0,Tyrone Taylor lines out to center fielder Colton Cowser.,R,R,L,NYM,BAL,X,8.0,line_drive,2,2,2024,-0.3,0.4,-0.5352807702752421,1.936156333490488,,,,1,2,Bot,138.26,64.45,,,,,-7.090901030948672,-120.0213284069322,-2.4864778005412624,-1.4673714931269075,24.09300450451793,-27.98352797730642,3.37,1.58,335.0,90.4,25.0,83.6,2192.0,7.1,745780,668939,663624,702616,602104,683002,596103,681297,623993,53.41,0.108,0.131,0.0,1.0,0.0,0.0,3.0,14,6,Cutter,2,0,2,0,0,2,2,0,Standard,Standard,177.0,-0.009,-0.225,74.2,7.1,,0.216,0.225,90.4,2,2,0.729,0.729,26,30,27,30,1,0,6.0,1,,1,2.96,-0.3,0.3,21.0,4.491513710906632,-3.2151079364995763,43.92595803415332,29.636849167262497,28.474190224477663,batter
CH,2024-08-19,85.0,2.73,5.52,"Taylor, Tyrone",621438,669432,,ball,,,,,13.0,,R,R,L,NYM,BAL,B,,,1,2,2024,1.14,-0.38,-0.2232288105034221,1.3359675257047314,,,,1,2,Bot,,,,,,,-9.33753469747442,-123.40652573196763,-2.621065790398613,13.608843582239372,27.695051443409284,-35.70335859234901,3.42785450390406,1.75367529834011,,,,85.6,1454.0,7.1,745780,668939,663624,702616,602104,683002,596103,681297,623993,53.39,,,,,,,,14,5,Changeup,2,0,2,0,0,2,2,0,Standard,Standard,115.0,0.001,0.043,,,,,-0.043,,2,2,0.728,0.728,26,30,27,30,1,0,6.0,1,,1,3.59,1.14,-1.14,20.4,,,,,,batter
FF,2024-08-19,90.0,2.67,5.68,"Taylor, Tyrone",621438,669432,,foul,,,,,1.0,,R,R,L,NYM,BAL,S,,,1,2,2024,1.28,1.37,-0.2917534165563129,2.882700321329047,,,,1,2,Bot,,,,,,,-10.210979658218928,-130.4615808483873,-3.761621279651637,16.952133956185573,33.23456473390373,-16.04690817650368,3.37,1.58,335.0,89.8,35.0,90.3,2351.0,7.2,745780,668939,663624,702616,602104,683002,596103,681297,623993,53.34,,,,,,,,14,4,4-Seam Fastball,2,0,2,0,0,2,2,0,Standard,Standard,129.0,0.0,0.0,73.2,7.6,,,0.0,89.8,2,2,0.728,0.728,26,30,27,30,1,0,6.0,1,,1,1.52,1.28,-1.28,20.2,17.4320364974772,-25.96458410919686,33.456770319143814,33.52609913009721,43.86601721214797,batter
CH,2024-08-19,84.5,2.96,5.52,"Taylor, Tyrone",621438,669432,,ball,,,,,14.0,,R,R,L,NYM,BAL,B,,,0,2,2024,1.3,-0.04,0.0183485992549639,0.9958568305851324,,,,1,2,Bot,,,,,,,-9.594536211542993,-122.59104568548648,-4.055441282307444,15.13702906507337,26.412942132404872,-31.86903047905438,3.324773775281,1.6636402715886,,,,85.4,1606.0,7.2,745780,668939,663624,702616,602104,683002,596103,681297,623993,53.26,,,,,,,,14,3,Changeup,2,0,2,0,0,2,2,0,Standard,Standard,114.0,0.001,0.02,,,,,-0.02,,2,2,0.727,0.727,26,30,27,30,1,0,6.0,1,,1,3.27,1.3,-1.3,19.3,,,,,,batter
CH,2024-08-19,84.1,2.77,5.62,"Taylor, Tyrone",621438,669432,,foul_tip,,,,,14.0,,R,R,L,NYM,BAL,S,,,0,1,2024,1.35,0.0,0.0635003122148643,1.333202135753909,,,,1,2,Bot,,,,,,,-9.1003455055252,-121.95482420776509,-3.403622137304466,15.408123078665636,28.96690079056604,-31.614422224483903,3.37,1.58,,,,84.5,1663.0,7.2,745780,668939,663624,702616,602104,683002,596103,681297,623993,53.27,,,,,,,,14,2,Changeup,2,0,2,0,0,2,2,0,Standard,Standard,111.0,-0.002,-0.057,72.7,8.2,,,0.057,,2,2,0.729,0.729,26,30,27,30,1,0,6.0,1,,1,3.3,1.35,-1.35,21.4,18.053482227955097,-19.388538664761587,41.73794569515819,38.04368156487497,44.32320802603304,batter
FC,2024-08-19,83.0,2.83,5.57,"Taylor, Tyrone",621438,669432,,foul,,,,,13.0,,R,R,L,NYM,BAL,S,,,0,0,2024,-0.5,0.39,-0.9464494655996112,1.6481020469137673,,,,1,2,Bot,,,,,,,-7.742447499364141,-120.31578839061972,-3.0095423059645885,-2.6761984914422863,31.905823002987887,-27.962820955419545,3.37,1.58,105.0,98.5,5.0,82.7,2238.0,7.1,745780,668939,663624,702616,602104,683002,596103,681297,623993,53.36,,,,,,,,14,1,Cutter,2,0,2,0,0,2,2,0,Standard,Standard,183.0,-0.002,-0.037,75.2,8.1,,,0.037,98.5,2,2,0.731,0.731,26,30,27,30,1,0,6.0,1,,1,3.05,-0.5,0.5,21.0,12.56228131920212,-32.79599470401379,46.45129059188471,27.11367220263304,47.80643527294767,batter
SI,2024-08-19,95.7,-1.14,5.63,"Taylor, Tyrone",621438,681882,field_out,hit_into_play,,,,,4.0,Tyrone Taylor pops out to first baseman Ryan Mountcastle in foul territory.,R,R,R,NYM,BAL,X,3.0,popup,3,2,2024,-1.42,1.06,-0.7058679614298056,2.1651650702117853,,,,2,6,Bot,176.46,158.09,,,,,4.3540832119993125,-139.19886743538362,-5.898268873026936,-19.358753718553427,33.80039819394487,-17.295250540092784,3.37,1.58,164.0,85.3,62.0,95.8,2225.0,6.5,745780,668939,663624,702616,602104,683002,596103,681297,623993,53.96,0.016,0.014,0.0,1.0,0.0,0.0,3.0,48,6,Sinker,3,1,3,1,1,3,3,1,Standard,Standard,205.0,-0.008,-0.325,72.8,7.4,,0.017,0.325,88.0,2,2,0.823,0.823,26,30,27,30,1,2,107.0,1,2.0,1,1.45,1.42,1.42,45.3,11.531052214726833,-6.680859059203089,43.39750902801348,29.31189249583317,30.443949044597986,batter
KC,2024-08-19,82.6,-1.08,5.72,"Taylor, Tyrone",621438,681882,,ball,,,,,11.0,,R,R,R,NYM,BAL,B,,,2,2,2024,1.2,-1.27,-1.0370726676666435,4.6836646788027085,,,,2,6,Bot,,,,,,,-2.2498172680129365,-119.86164924100092,6.802227528605048,11.88597600321778,28.29153290006247,-46.11262171730152,3.2552741656284,1.61772378055102,,,,81.8,2819.0,6.4,745780,668939,663624,702616,602104,683002,596103,681297,623993,54.12,,,,,,,,48,5,Knuckle Curve,3,1,3,1,1,3,3,1,Standard,Standard,34.0,0.002,0.106,,,,,-0.106,,2,2,0.821,0.821,26,30,27,30,1,2,107.0,1,2.0,1,4.69,-1.2,-1.2,48.3,,,,,,batter
SI,2024-08-19,96.0,-0.97,5.56,"Taylor, Tyrone",621438,681882,,foul,,,,,13.0,,R,R,R,NYM,BAL,S,,,2,1,2024,-1.39,1.19,-0.9567519696882508,1.6930601797319662,,,,2,6,Bot,,,,,,,3.2312902016987795,-139.5752766450771,-7.366656478501347,-18.91258199655524,32.55520752142224,-15.13472267052769,3.37,1.58,18.0,102.4,-4.0,96.6,2306.0,6.8,745780,668939,663624,702616,602104,683002,596103,681297,623993,53.74,,,,,,,,48,4,Sinker,3,1,3,1,1,3,3,1,Standard,Standard,212.0,-0.002,-0.084,75.4,7.6,,,0.084,102.4,2,2,0.823,0.823,26,30,27,30,1,2,107.0,1,2.0,1,1.29,1.39,1.39,49.5,13.368178307893706,-10.590964822103537,43.61710115759394,26.524066671052427,34.63514836610749,batter
FF,2024-08-19,96.4,-1.19,5.66,"Taylor, Tyrone",621438,681882,,ball,,,,,14.0,,R,R,R,NYM,BAL,B,,,1,1,2024,-0.62,1.53,1.0408836539699566,1.7453666289692589,,,,2,6,Bot,,,,,,,7.365202292686376,-139.98506996155209,-8.316778620783042,-9.813879333931252,31.59258956000204,-10.37381853133992,3.38115012322858,1.51060006071261,,,,96.7,2357.0,6.6,745780,668939,663624,702616,602104,683002,596103,681297,623993,53.91,,,,,,,,48,3,4-Seam Fastball,3,1,3,1,1,3,3,1,Standard,Standard,208.0,0.001,0.058,,,,,-0.058,,2,2,0.822,0.822,26,30,27,30,1,2,107.0,1,2.0,1,0.94,0.62,0.62,52.0,,,,,,batter
SL,2024-08-19,87.7,-1.11,5.67,"Taylor, Tyrone",621438,681882,,called_strike,,,,,8.0,,R,R,R,NYM,BAL,S,,,1,0,2024,0.2,0.33,-0.0352385777480395,1.922024510529833,,,,2,6,Bot,,,,,,,2.1947720578457037,-127.59257488115864,-3.5737299042611275,1.7010667984745027,29.34769640875657,-27.99205149028642,3.37242634941918,1.50224675673098,,,,87.8,2546.0,6.6,745780,668939,663624,702616,602104,683002,596103,681297,623993,53.89,,,,,,,,48,2,Slider,3,1,3,1,1,3,3,1,Standard,Standard,109.0,-0.001,-0.051,,,,,0.051,,2,2,0.823,0.823,26,30,27,30,1,2,107.0,1,2.0,1,2.66,-0.2,-0.2,48.7,,,,,,batter
SL,2024-08-19,89.6,-1.2,5.68,"Taylor, Tyrone",621438,681882,,ball,,,,,14.0,,R,R,R,NYM,BAL,B,,,0,0,2024,0.24,0.29,1.2362007590287627,1.7389815918776377,,,,2,6,Bot,,,,,,,5.544953384690871,-130.39217271923803,-4.359783685559006,1.5034902766976186,28.420076835207357,-28.176079862815133,3.36717138529913,1.62984811763787,,,,90.2,2688.0,6.7,745780,668939,663624,702616,602104,683002,596103,681297,623993,53.79,,,,,,,,48,1,Slider,3,1,3,1,1,3,3,1,Standard,Standard,108.0,0.001,0.04,,,,,-0.04,,2,2,0.822,0.822,26,30,27,30,1,2,107.0,1,2.0,1,2.56,-0.24,-0.24,49.3,,,,,,batter
FF,2024-08-18,89.0,-0.75,6.23,"Taylor, Tyrone",621438,678368,field_out,hit_into_play,,,,,2.0,Tyrone Taylor flies out to center fielder Derek Hill.,R,R,R,NYM,MIA,X,8.0,fly_ball,2,2,2024,-0.29,1.47,-0.2440362332333517,3.268077829394563,,608385.0,578428.0,0,5,Bot,155.69,104.2,,,,,1.827235681792648,-129.5485304927164,-4.275817366349777,-3.6002141651978725,27.84261393115221,-15.001918124337632,3.38,1.59,266.0,89.9,48.0,88.6,2026.0,6.1,745786,663743,681146,672640,656896,669364,669065,656537,660821,54.4,0.001,0.0,0.0,1.0,0.0,0.0,3.0,36,5,4-Seam Fastball,0,1,0,1,1,0,0,1,Standard,Standard,201.0,-0.064,-0.195,69.8,6.7,,0.001,0.195,89.9,-1,-1,0.54,0.54,24,30,24,30,2,1,5.0,1,6.0,1,1.42,0.29,0.29,51.1,9.113818600344404,-0.4600013206088209,29.219958591035045,32.69366253314722,28.24167676947313,batter
FF,2024-08-18,89.0,-0.95,6.26,"Taylor, Tyrone",621438,678368,,ball,,,,,12.0,,R,R,R,NYM,MIA,B,,,1,2,2024,-0.36,1.35,0.5771951842546232,3.580316201468349,,608385.0,578428.0,0,5,Bot,,,,,,,4.482293794969964,-129.6188233699216,-3.3662319414033366,-5.046363395095331,27.360131638903148,-16.471931242259814,3.38000130561305,1.64490386670205,,,,88.6,2098.0,6.0,745786,663743,681146,672640,656896,669364,669065,656537,660821,54.49,,,,,,,,36,4,4-Seam Fastball,0,1,0,1,1,0,0,1,Standard,Standard,204.0,0.012,0.026,,,,,-0.026,,-1,-1,0.528,0.528,24,30,24,30,2,1,5.0,1,6.0,1,1.53,0.36,0.36,47.7,,,,,,batter
FC,2024-08-18,81.0,-0.96,6.2,"Taylor, Tyrone",621438,678368,,foul,,,,,8.0,,R,R,R,NYM,MIA,S,,,1,1,2024,0.72,0.39,-0.1167230959844118,2.1099461011515936,,608385.0,578428.0,0,5,Bot,,,,,,,0.5110633044236684,-118.06492070705788,-3.3231038502893315,6.716926184108593,20.040922567143564,-28.10233561328053,3.38,1.59,146.0,66.5,61.0,81.0,2524.0,6.0,745786,663743,681146,672640,656896,669364,669065,656537,660821,54.51,,,,,,,,36,3,Cutter,0,1,0,1,1,0,0,1,Standard,Standard,122.0,-0.019,-0.069,73.3,7.6,,,0.069,88.0,-1,-1,0.547,0.547,24,30,24,30,2,1,5.0,1,6.0,1,3.04,-0.72,-0.72,45.3,9.812578156173132,0.3484792395455005,36.81854454924631,35.02444631521635,29.69416426143064,batter
ST,2024-08-18,76.5,-1.02,6.13,"Taylor, Tyrone",621438,678368,,blocked_ball,,,,,14.0,,R,R,R,NYM,MIA,B,,,0,1,2024,1.34,0.63,1.951907338491751,0.8677292425372745,,608385.0,578428.0,0,5,Bot,,,,,,,3.846456884541968,-111.28276417717976,-5.162338937415871,10.376229850939412,20.43538545389063,-26.19957648127384,3.38000017102944,1.44191888820516,,,,76.0,2664.0,6.0,745786,663743,681146,672640,656896,669364,669065,656537,660821,54.5,,,,,,,,36,2,Sweeper,0,1,0,1,1,0,0,1,Strategic,Standard,74.0,0.007,0.034,,,,,-0.034,,-1,-1,0.54,0.54,24,30,24,30,2,1,5.0,1,6.0,1,3.27,-1.34,-1.34,42.7,,,,,,batter
FF,2024-08-18,88.4,-0.89,6.11,"Taylor, Tyrone",621438,678368,,called_strike,,,,,7.0,,R,R,R,NYM,MIA,S,,,0,0,2024,-0.81,1.48,-0.2937825518693892,1.5798955551918163,,608385.0,578428.0,0,5,Bot,,,,,,,3.129852669438848,-128.48374538161872,-7.969038507137584,-9.673915635634382,27.26212479156762,-14.375492024069056,3.17898488709636,1.48904999993427,,,,87.8,2071.0,6.1,745786,663743,681146,672640,656896,669364,669065,656537,660821,54.44,,,,,,,,36,1,4-Seam Fastball,0,1,0,1,1,0,0,1,Strategic,Standard,212.0,-0.011,-0.044,,,,,0.044,,-1,-1,0.551,0.551,24,30,24,30,2,1,5.0,1,6.0,1,1.45,0.81,0.81,43.2,,,,,,batter
ST,2024-08-18,74.9,-1.08,6.04,"Taylor, Tyrone",621438,678368,strikeout,swinging_strike,,,,,6.0,Tyrone Taylor strikes out swinging.,R,R,R,NYM,MIA,S,2.0,,0,2,2024,1.35,0.28,0.2794990163105161,2.2527464527489984,,,578428.0,2,2,Bot,,,,,,,0.4343426871560306,-109.11744543856211,-1.109510017931424,10.611336640492272,20.7948813371816,-29.970865927733783,3.38,1.59,,,,74.7,2712.0,6.2,745786,663743,681146,672640,656896,669364,669065,656537,660821,54.27,,0.0,0.0,1.0,0.0,0.0,,16,3,Sweeper,0,0,0,0,0,0,0,0,Standard,Standard,70.0,-0.014,-0.17,71.5,8.7,4.86907692,,0.17,,0,0,0.514,0.514,24,30,24,30,1,0,5.0,1,6.0,1,3.8,-1.35,-1.35,41.0,30.181551324859317,-43.32700589511155,34.1624332253376,37.067485306195046,55.25830857696669,batter
ST,2024-08-18,76.6,-1.04,6.08,"Taylor, Tyrone",621438,678368,,foul,,,,,14.0,,R,R,R,NYM,MIA,S,,,0,1,2024,1.13,0.08,1.3420225215871393,2.351660494504352,,,578428.0,2,2,Bot,,,,,,,2.991330002656141,-111.60033851400802,-1.001306819140051,8.85101902051955,20.446433579625893,-31.54813449274806,3.38,1.59,8.0,45.3,-17.0,76.4,2651.0,6.1,745786,663743,681146,672640,656896,669364,669065,656537,660821,54.36,,,,,,,,16,2,Sweeper,0,0,0,0,0,0,0,0,Standard,Standard,83.0,-0.006,-0.054,65.4,8.1,,,0.054,88.0,0,0,0.52,0.52,24,30,24,30,1,0,5.0,1,6.0,1,3.8,-1.13,-1.13,46.4,14.698269702247924,-8.350002617835704,29.38669974595249,50.735472812299015,35.87265239507111,batter
CU,2024-08-18,74.2,-0.99,6.29,"Taylor, Tyrone",621438,678368,,called_strike,,,,,7.0,,R,R,R,NYM,MIA,S,,,0,0,2024,0.8,-0.99,-0.6048360192615019,1.5205460729854474,,,578428.0,2,2,Bot,,,,,,,-0.6127960499854781,-108.06864045720684,-0.7015855916150091,6.316612126359058,21.29243246164016,-39.94171135388156,3.38000191394937,1.60132698243564,,,,73.6,2775.0,6.1,745786,663743,681146,672640,656896,669364,669065,656537,660821,54.45,,,,,,,,16,1,Curveball,0,0,0,0,0,0,0,0,Standard,Standard,46.0,-0.004,-0.047,,,,,0.047,,0,0,0.524,0.524,24,30,24,30,1,0,5.0,1,6.0,1,5.17,-0.8,-0.8,50.3,,,,,,batter
SL,2024-08-18,88.0,-1.89,5.1,"Taylor, Tyrone",621438,622786,strikeout,swinging_strike,,,,,9.0,Tyrone Taylor strikes out swinging.,R,R,R,NYM,MIA,S,2.0,,1,2,2024,0.43,0.14,0.6304508156893462,1.6769109669310018,,516782.0,578428.0,2,6,Bot,,,,,,,5.240663834253877,-128.1780646868913,-2.52529548585163,3.702165536206696,26.4325301104836,-30.26332503342252,3.38,1.59,,,,88.3,2438.0,6.4,745786,663743,681146,672640,656896,669364,669065,656537,660821,54.06,,0.0,0.0,1.0,0.0,0.0,,48,6,Slider,2,1,2,1,1,2,2,1,Infield shade,Standard,84.0,-0.029,-0.189,65.4,8.7,0.896167692,,0.189,,1,1,0.721,0.721,29,30,29,30,1,2,5.0,1,2.0,1,2.79,-0.43,-0.43,25.9,19.527960076674265,-30.348470353522867,34.69451975665555,43.56462450430075,47.71920914128373,batter
SI,2024-08-18,97.4,-1.63,5.13,"Taylor, Tyrone",621438,622786,,foul,,,,,7.0,,R,R,R,NYM,MIA,S,,,1,2,2024,-1.34,0.42,-0.5842285974981647,1.9648943249990496,,516782.0,578428.0,2,6,Bot,,,,,,,5.914543513021663,-141.65300740269524,-3.9497240682809553,-19.445012500337608,32.81045663320888,-25.786372662718872,3.38,1.59,6.0,86.9,-19.0,97.6,2208.0,6.5,745786,663743,681146,672640,656896,669364,669065,656537,660821,54.04,,,,,,,,48,5,Sinker,2,1,2,1,1,2,2,1,Standard,Standard,231.0,0.0,0.0,73.2,7.3,,,0.0,88.0,1,1,0.721,0.721,29,30,29,30,1,2,5.0,1,2.0,1,1.99,1.34,1.34,27.0,6.543076463523826,-3.319191935621649,41.083928911208254,29.56942462604567,30.558233164900614,batter
SL,2024-08-18,88.5,-1.94,5.17,"Taylor, Tyrone",621438,622786,,foul,,,,,2.0,,R,R,R,NYM,MIA,S,,,1,2,2024,0.41,0.43,-0.1617795638111151,3.475552160461918,,516782.0,578428.0,2,6,Bot,,,,,,,3.46491339938288,-128.98795835025,0.9890330471427148,3.953449699407324,25.54427796927247,-27.72912589050793,3.38,1.59,,,,88.5,2414.0,6.1,745786,663743,681146,672640,656896,669364,669065,656537,660821,54.4,,,,,,,,48,4,Slider,2,1,2,1,1,2,2,1,Standard,Standard,102.0,0.0,0.0,66.2,6.0,,,0.0,,1,1,0.721,0.721,29,30,29,30,1,2,5.0,1,2.0,1,2.46,-0.41,-0.41,26.0,0.9074471202254256,18.89718317223034,28.04524263664124,35.23189437987638,19.265178211989507,batter
SI,2024-08-18,95.8,-1.59,5.27,"Taylor, Tyrone",621438,622786,,foul,,,,,4.0,,R,R,R,NYM,MIA,S,,,1,1,2024,-1.35,0.31,-0.5019198046553122,2.6391358929638846,,516782.0,578428.0,2,6,Bot,,,,,,,5.9229888518071165,-139.55477390599688,-2.0949630350602697,-18.9440851598159,29.243278793673312,-27.84969769467473,3.38,1.59,6.0,90.3,-23.0,96.3,2147.0,6.3,745786,663743,681146,672640,656896,669364,669065,656537,660821,54.16,,,,,,,,48,3,Sinker,2,1,2,1,1,2,2,1,Standard,Standard,226.0,-0.011,-0.076,71.3,7.2,,,0.076,90.3,1,1,0.732,0.732,29,30,29,30,1,2,5.0,1,2.0,1,2.15,1.35,1.35,25.5,8.220653318638877,-5.3617050668990816,33.58001432107802,31.231163604397743,31.14160340765521,batter
SI,2024-08-18,97.7,-1.5,5.19,"Taylor, Tyrone",621438,622786,,ball,,,,,14.0,,R,R,R,NYM,MIA,B,,,0,1,2024,-1.45,0.47,0.5882553488179936,1.3290920500283474,,516782.0,578428.0,2,6,Bot,,,,,,,8.961517112708336,-141.94631973785445,-6.011212722341535,-21.569413247237225,29.625426024579344,-24.725191956671296,3.37324848987838,1.55554070446544,,,,98.1,2266.0,6.4,745786,663743,681146,672640,656896,669364,669065,656537,660821,54.1,,,,,,,,48,2,Sinker,2,1,2,1,1,2,2,1,Standard,Standard,230.0,0.004,0.033,,,,,-0.033,,1,1,0.728,0.728,29,30,29,30,1,2,5.0,1,2.0,1,1.91,1.45,1.45,23.4,,,,,,batter
SL,2024-08-18,87.4,-2.08,5.14,"Taylor, Tyrone",621438,622786,,swinging_strike,,,,,14.0,,R,R,R,NYM,MIA,S,,,0,0,2024,0.26,0.67,0.8859917609215098,1.9372397961108136,,516782.0,578428.0,2,6,Bot,,,,,,,6.622798096590762,-127.14592815703054,-3.0093948816921428,1.5776361407987198,24.08753111425453,-24.446138323719275,3.38,1.59,,,,88.0,2378.0,6.5,745786,663743,681146,672640,656896,669364,669065,656537,660821,54.02,,,,,,,,48,1,Slider,2,1,2,1,1,2,2,1,Standard,Standard,88.0,-0.006,-0.048,71.5,8.9,4.27366758,,0.048,,1,1,0.734,0.734,29,30,29,30,1,2,5.0,1,2.0,1,2.29,-0.26,-0.26,27.1,26.07911323772489,-30.408203485315845,36.4137073027707,46.2749420172702,48.433300479816864,batter
FC,2024-08-18,92.5,-0.95,5.83,"Taylor, Tyrone",621438,676534,single,hit_into_play,,,,,8.0,Tyrone Taylor singles on a ground ball to left fielder Derek Hill. Jose Iglesias to 2nd.,R,R,R,NYM,MIA,X,7.0,ground_ball,2,2,2024,0.25,-0.11,0.2481720062005545,1.7861224897164392,,,578428.0,0,9,Bot,83.58,110.87,,,,,2.503642888481811,-134.80447425207777,-4.302321859147053,2.496165501489463,27.605975649510547,-32.79911404418126,3.38,1.59,24.0,102.3,-3.0,92.0,2854.0,5.8,745786,663743,681146,672640,656896,669364,656537,665506,660821,54.74,0.445,0.4,0.9,1.0,1.0,0.0,2.0,72,5,Cutter,2,3,2,3,3,2,2,3,Standard,Standard,109.0,0.195,0.462,67.3,7.9,,0.526,-0.462,102.3,-1,-1,0.32,0.32,28,30,29,30,1,3,1.0,1,3.0,1,2.75,-0.25,-0.25,47.6,6.53786836072496,-4.153049307080565,37.29347652587867,39.726013608504736,33.44876969124795,batter
FC,2024-08-18,91.2,-1.08,6.01,"Taylor, Tyrone",621438,676534,,called_strike,,,,,4.0,,R,R,R,NYM,MIA,S,,,2,1,2024,0.34,0.24,-0.7460975053450991,2.5886632801431992,,,578428.0,0,9,Bot,,,,,,,0.1117963247021132,-132.8363024382622,-3.24051062855158,4.010077035674505,27.936532822378297,-28.80768909796591,3.38000087732084,1.66549459562148,,,,90.2,2830.0,5.6,745786,663743,681146,672640,656896,669364,656537,665506,660821,54.92,,,,,,,,72,4,Cutter,2,3,2,3,3,2,2,3,Standard,Standard,152.0,-0.037,-0.048,,,,,0.048,,-1,-1,0.357,0.357,28,30,29,30,1,3,1.0,1,3.0,1,2.49,-0.34,-0.34,52.7,,,,,,batter
FC,2024-08-18,92.3,-1.02,6.0,"Taylor, Tyrone",621438,676534,,ball,,,,,13.0,,R,R,R,NYM,MIA,B,,,1,1,2024,0.3,0.18,-0.2968361247150854,0.9776921531415104,,,578428.0,0,9,Bot,,,,,,,1.1785663440357768,-134.38341460603223,-7.376325441194765,3.4236803845310835,25.450944363024927,-28.7070138010214,3.3800008789955,1.66618513354676,,,,91.8,2777.0,5.7,745786,663743,681146,672640,656896,669364,656537,665506,660821,54.8,,,,,,,,72,3,Cutter,2,3,2,3,3,2,2,3,Standard,Standard,182.0,0.024,0.043,,,,,-0.043,,-1,-1,0.333,0.333,28,30,29,30,1,3,1.0,1,3.0,1,2.46,-0.3,-0.3,53.8,,,,,,batter
FF,2024-08-18,95.5,-0.71,6.16,"Taylor, Tyrone",621438,676534,,called_strike,,,,,9.0,,R,R,R,NYM,MIA,S,,,1,0,2024,-0.53,1.71,0.5955536363507269,1.7677867320506429,,,578428.0,0,9,Bot,,,,,,,4.554748725039568,-138.69785700052677,-9.627548601399962,-7.832773865920523,32.31531110871201,-8.121635034948643,3.38000109201658,1.51394521341909,,,,94.2,2360.0,5.7,745786,663743,681146,672640,656896,669364,656537,665506,660821,54.75,,,,,,,,72,2,4-Seam Fastball,2,3,2,3,3,2,2,3,Standard,Standard,207.0,-0.024,-0.049,,,,,0.049,,-1,-1,0.357,0.357,28,30,29,30,1,3,1.0,1,3.0,1,0.81,0.53,0.53,59.4,,,,,,batter
CU,2024-08-18,86.0,-0.83,6.15,"Taylor, Tyrone",621438,676534,,ball,,,,,14.0,,R,R,R,NYM,MIA,B,,,0,0,2024,0.5,-1.1,1.5609363057877943,1.4198457672548628,,,578428.0,0,9,Bot,,,,,,,4.613152639896696,-125.22040390985195,-2.681589434060901,4.230909020132591,26.90356765081595,-43.33399686025182,3.36370697081541,1.51647490765689,,,,84.8,2903.0,5.6,745786,663743,681146,672640,656896,669364,656537,665506,660821,54.85,,,,,,,,72,1,Curveball,2,3,2,3,3,2,2,3,Standard,Standard,13.0,0.018,0.041,,,,,-0.041,,-1,-1,0.339,0.339,28,30,29,30,1,3,1.0,1,3.0,1,4.19,-0.5,-0.5,56.4,,,,,,batter
FC,2024-08-17,91.5,-1.23,5.91,"Taylor, Tyrone",621438,676534,field_out,hit_into_play,,,,,12.0,Tyrone Taylor flies out to right fielder Vidal Bruján.,R,R,R,NYM,MIA,X,9.0,fly_ball,3,2,2024,0.46,0.22,1.0184017120221718,2.6539727739747563,,,,0,8,Bot,177.12,112.2,,,,,4.625915475977426,-133.20267082806683,-2.843928688748232,4.593100233476799,27.15838955830996,-29.157533213188287,3.38,1.59,251.0,89.8,51.0,90.9,2717.0,5.8,745785,663743,681146,672640,669394,669364,669065,656537,660644,54.73,0.013,0.019,0.0,1.0,0.0,0.0,3.0,61,6,Cutter,4,0,4,0,0,4,4,0,Infield shade,Standard,142.0,-0.001,-0.333,68.1,7.8,,0.026,0.333,89.8,4,4,0.988,0.988,28,30,29,30,1,0,7.0,2,1.0,1,2.49,-0.46,-0.46,47.2,4.442032942896406,1.6739955056072906,27.325115507180985,46.34823589746365,30.854758440368087,batter
FC,2024-08-17,91.0,-1.3,5.94,"Taylor, Tyrone",621438,676534,,ball,,,,,12.0,,R,R,R,NYM,MIA,B,,,2,2,2024,0.49,0.18,0.224735605735435,3.7200981396643367,,,,0,8,Bot,,,,,,,2.7629960510460907,-132.67257907523015,-0.1321722601107188,5.247448481400227,26.448529294219,-30.159761269294638,3.25877192552595,1.63708868387387,,,,90.5,2788.0,5.7,745785,663743,681146,672640,669394,669364,669065,656537,660644,54.78,,,,,,,,61,5,Cutter,4,0,4,0,0,4,4,0,Infield shade,Standard,117.0,0.0,0.107,,,,,-0.107,,4,4,0.988,0.988,28,30,29,30,1,0,7.0,2,1.0,1,2.54,-0.49,-0.49,46.3,,,,,,batter
ST,2024-08-17,87.9,-1.21,5.96,"Taylor, Tyrone",621438,676534,,ball,,,,,14.0,,R,R,R,NYM,MIA,B,,,1,2,2024,0.99,-0.19,1.666414634278798,1.927932229745343,,,,0,8,Bot,,,,,,,4.861378390609945,-127.97024198307165,-3.277416840952429,9.954944694859767,25.327433395329976,-33.79169340336467,3.19148797748536,1.59002704429308,,,,87.2,2961.0,5.7,745785,663743,681146,672640,669394,669364,669065,656537,660644,54.78,,,,,,,,61,4,Sweeper,4,0,4,0,0,4,4,0,Infield shade,Standard,36.0,0.0,0.04,,,,,-0.04,,4,4,0.988,0.988,28,30,29,30,1,0,7.0,2,1.0,1,3.12,-0.99,-0.99,46.3,,,,,,batter
CU,2024-08-17,86.1,-1.07,5.83,"Taylor, Tyrone",621438,676534,,ball,,,,,14.0,,R,R,R,NYM,MIA,B,,,0,2,2024,0.32,-0.93,1.262356851727558,-0.4120575418020307,,,,0,8,Bot,,,,,,,4.826769029676704,-125.2198121448224,-6.632561110529401,2.4134096671060514,25.8833721094332,-40.75006190999533,3.22513150844226,1.63708868387387,,,,85.3,2902.0,5.9,745785,663743,681146,672640,669394,669364,669065,656537,660644,54.63,,,,,,,,61,3,Curveball,4,0,4,0,0,4,4,0,Standard,Standard,17.0,0.0,0.023,,,,,-0.023,,4,4,0.988,0.988,28,30,29,30,1,0,7.0,2,1.0,1,4.01,-0.32,-0.32,45.1,,,,,,batter
FF,2024-08-17,95.6,-1.28,6.0,"Taylor, Tyrone",621438,676534,,swinging_strike,,,,,11.0,,R,R,R,NYM,MIA,S,,,0,1,2024,-0.65,1.46,-0.7902868485367165,3.8925587326600857,,,,0,8,Bot,,,,,,,2.714937953477042,-139.23943743971046,-3.1873915363164347,-9.05358600206614,33.0114315955674,-12.663649267664352,3.38,1.59,,,,94.5,2333.0,5.7,745785,663743,681146,672640,669394,669364,669065,656537,660644,54.77,,,,,,,,61,2,4-Seam Fastball,4,0,4,0,0,4,4,0,Standard,Standard,219.0,0.0,-0.054,71.7,7.2,0.513767544,,0.054,,4,4,0.988,0.988,28,30,29,30,1,0,7.0,2,1.0,1,1.04,0.65,0.65,44.2,23.159886004981885,-14.575646388242754,27.103388112197425,25.225737058504244,29.09178926924293,batter
CU,2024-08-17,84.2,-1.09,6.15,"Taylor, Tyrone",621438,676534,,called_strike,,,,,5.0,,R,R,R,NYM,MIA,S,,,0,0,2024,0.61,-1.18,0.0636293814377643,2.63922553020521,,,,0,8,Bot,,,,,,,1.4420322518944375,-122.59814238746496,0.5520712741518956,5.893933278123705,24.957519387593543,-44.34407242957888,3.32604337440172,1.70457699297942,,,,83.3,2822.0,5.7,745785,663743,681146,672640,669394,669364,669065,656537,660644,54.76,,,,,,,,61,1,Curveball,4,0,4,0,0,4,4,0,Standard,Standard,26.0,0.0,-0.037,,,,,0.037,,4,4,0.988,0.988,28,30,29,30,1,0,7.0,2,1.0,1,4.39,-0.61,-0.61,50.8,,,,,,batter
SL,2024-08-15,86.6,-1.68,5.76,"Taylor, Tyrone",621438,695243,hit_by_pitch,hit_by_pitch,,,,,11.0,Tyrone Taylor hit by pitch.,R,R,R,NYM,ATH,B,,,1,2,2024,0.66,-0.23,-1.9449670779974373,4.103848886971671,,,,1,9,Bot,,,,,,,-1.9988347090496488,-126.10913739719294,2.783648388144888,7.416571556145846,27.357181702763565,-35.47284619289339,3.38,1.6,,,,87.1,2111.0,6.7,745783,669127,664913,680869,647351,680474,609280,668709,671732,53.76,,0.720192,0.7,1.0,0.0,0.0,,90,5,Slider,6,7,6,7,7,6,6,7,Standard,Standard,68.0,0.119,0.499,,,,,-0.499,,-1,-1,0.095,0.095,25,30,26,30,1,1,4.0,4,3.0,2,3.28,-0.66,-0.66,30.9,,,,,,batter
FF,2024-08-15,100.4,-1.64,5.76,"Taylor, Tyrone",621438,695243,,foul,,,,,12.0,,R,R,R,NYM,ATH,S,,,1,2,2024,-0.54,1.36,1.0281968260939047,2.709278609001296,,,,1,9,Bot,,,,,,,8.764531886342091,-145.81014128748075,-6.349113517793617,-9.789984360783752,35.27668810228714,-11.39518260036006,3.38,1.6,204.0,81.0,59.0,101.3,2486.0,6.9,745783,669127,664913,680869,647351,680474,609280,668709,671732,53.56,,,,,,,,90,4,4-Seam Fastball,6,7,6,7,7,6,6,7,Standard,Standard,214.0,0.0,0.0,67.6,7.4,,,0.0,88.0,-1,-1,0.095,0.095,25,30,26,30,1,1,4.0,4,3.0,2,0.91,0.54,0.54,32.1,2.7301063603615754,9.20367192932311,28.99369591711248,49.66195759878337,22.22248386046971,batter
FF,2024-08-15,101.3,-1.63,5.89,"Taylor, Tyrone",621438,695243,,swinging_strike,,,,,2.0,,R,R,R,NYM,ATH,S,,,1,1,2024,-0.54,1.47,-0.0081335848904224,3.3963624215324746,,,,1,9,Bot,,,,,,,5.870101748042642,-147.3759218665949,-5.220217358047828,-9.19374272429614,34.475548131124164,-9.728545887101534,3.38,1.6,,,,102.5,2550.0,6.9,745783,669127,664913,680869,647351,680474,609280,668709,671732,53.61,,,,,,,,90,3,4-Seam Fastball,6,7,6,7,7,6,6,7,Standard,Standard,214.0,-0.017,-0.061,73.3,7.2,0.708145212,,0.061,,-1,-1,0.112,0.112,25,30,26,30,1,1,4.0,4,3.0,2,0.75,0.54,0.54,33.8,12.382949335177573,-0.9436625860267908,28.642797494279524,36.84584068354002,25.396193182086915,batter
SL,2024-08-15,87.9,-1.65,5.7,"Taylor, Tyrone",621438,695243,,ball,,,,,12.0,,R,R,R,NYM,ATH,B,,,0,1,2024,0.58,-0.07,1.4530690493480505,2.574788683676036,,,,1,9,Bot,,,,,,,6.426004825693445,-127.89845617979748,-1.326289128936897,5.081784983074889,26.069291368118336,-32.85665274241362,3.38000169293166,1.55574346055531,,,,89.5,2419.0,7.3,745783,669127,664913,680869,647351,680474,609280,668709,671732,53.22,,,,,,,,90,2,Slider,6,7,6,7,7,6,6,7,Standard,Standard,57.0,0.007,0.024,,,,,-0.024,,-1,-1,0.105,0.105,25,30,26,30,1,1,4.0,4,3.0,2,3.02,-0.58,-0.58,31.7,,,,,,batter
SL,2024-08-15,87.2,-1.78,5.67,"Taylor, Tyrone",621438,695243,,called_strike,,,,,9.0,,R,R,R,NYM,ATH,S,,,0,0,2024,0.51,0.06,0.395194440471688,1.8832361571500476,,,,1,9,Bot,,,,,,,4.230925484542461,-126.98568246141122,-3.130881266841352,4.706075812440365,24.67929078485622,-31.13901296397403,3.2918241845356,1.48067014608689,,,,88.3,2287.0,6.8,745783,669127,664913,680869,647351,680474,609280,668709,671732,53.65,,,,,,,,90,1,Slider,6,7,6,7,7,6,6,7,Standard,Standard,56.0,-0.01,-0.037,,,,,0.037,,-1,-1,0.115,0.115,25,30,26,30,1,1,4.0,4,3.0,2,2.92,-0.51,-0.51,30.6,,,,,,batter
SL,2024-08-15,83.9,1.31,5.53,"Taylor, Tyrone",621438,518397,single,hit_into_play,,,,,14.0,Tyrone Taylor singles on a sharp ground ball to center fielder JJ Bleday.,R,R,L,NYM,ATH,X,8.0,ground_ball,2,2,2024,-0.34,-0.32,0.1680410985349193,1.150766335224101,,,,0,7,Bot,119.94,97.53,,,,,-1.967650175418644,-122.2140811935435,-3.092747890044861,-3.024394956131932,24.85288619619005,-34.959337953327655,3.38,1.6,32.0,105.3,0.0,83.6,2538.0,6.1,745783,669127,664913,680869,647351,680474,609280,668709,671732,54.4,0.497,0.458,0.9,1.0,1.0,0.0,4.0,73,5,Slider,6,7,6,7,7,6,6,7,Standard,Standard,302.0,0.084,0.476,71.3,7.7,,0.548,-0.476,105.3,-1,-1,0.357,0.357,34,30,35,30,1,0,2.0,4,2.0,2,3.56,-0.34,0.34,37.8,-0.2707597852279714,-0.4199779616159445,46.67316476584945,37.83042308057352,25.68497774344171,batter
SI,2024-08-15,89.5,1.18,5.55,"Taylor, Tyrone",621438,518397,,ball,,,,,7.0,,R,R,L,NYM,ATH,B,,,1,2,2024,1.16,0.22,-0.6980889703893067,1.564570629526742,,,,0,7,Bot,,,,,,,-7.055425496115168,-130.1033155466295,-4.245983203015079,14.621278515116854,27.867313985318965,-28.984096447668087,3.25752252028814,1.39403187983668,,,,89.1,2174.0,6.1,745783,669127,664913,680869,647351,680474,609280,668709,671732,54.36,,,,,,,,73,4,Sinker,6,7,6,7,7,6,6,7,Standard,Standard,124.0,0.007,0.04,,,,,-0.04,,-1,-1,0.35,0.35,34,30,35,30,1,0,2.0,4,2.0,2,2.64,1.16,-1.16,35.4,,,,,,batter
CH,2024-08-15,86.1,1.17,5.56,"Taylor, Tyrone",621438,518397,,swinging_strike,,,,,7.0,,R,R,L,NYM,ATH,S,,,1,1,2024,0.85,0.08,-0.3908610369335537,1.5894203573383496,,,,0,7,Bot,,,,,,,-5.427277152250533,-125.36575460924487,-3.3720054894482705,10.064916890046865,25.331101062158552,-30.84117639555269,3.38,1.6,,,,86.2,1277.0,6.3,745783,669127,664913,680869,647351,680474,609280,668709,671732,54.18,,,,,,,,73,3,Changeup,6,7,6,7,7,6,6,7,Standard,Standard,123.0,-0.012,-0.056,75.1,8.9,3.171516888,,0.056,,-1,-1,0.362,0.362,34,30,35,30,1,0,2.0,4,2.0,2,2.99,0.85,-0.85,41.9,31.23940764810208,-37.10277595216457,42.56693035344575,31.041988147364385,52.61961137908399,batter
SI,2024-08-15,92.9,1.19,5.62,"Taylor, Tyrone",621438,518397,,foul,,,,,5.0,,R,R,L,NYM,ATH,S,,,1,0,2024,1.2,0.35,-0.0165471916023303,2.626185069470312,,,,0,7,Bot,,,,,,,-5.712696580530175,-135.052978856858,-2.5673578699528967,15.885781621964185,32.14474024385502,-27.565781186268264,3.38,1.6,125.0,83.0,82.0,92.4,1974.0,6.3,745783,669127,664913,680869,647351,680474,609280,668709,671732,54.25,,,,,,,,73,2,Sinker,6,7,6,7,7,6,6,7,Standard,Standard,124.0,-0.01,-0.049,73.4,7.7,,,0.049,88.0,-1,-1,0.372,0.372,34,30,35,30,1,0,2.0,4,2.0,2,2.32,1.2,-1.2,38.6,14.01156172550236,-13.916380743138184,35.44358670246638,35.88472094458443,38.92690225749188,batter
SI,2024-08-15,93.3,1.24,5.64,"Taylor, Tyrone",621438,518397,,ball,,,,,14.0,,R,R,L,NYM,ATH,B,,,0,0,2024,1.15,0.24,1.124719283577647,2.2898408340923413,,,,0,7,Bot,,,,,,,-2.8309844407998903,-135.7321344362889,-3.3293151793086837,14.84838971220719,32.69038385919305,-28.621095097452898,3.38000133458793,1.59312636852985,,,,92.9,2098.0,6.3,745783,669127,664913,680869,647351,680474,609280,668709,671732,54.2,,,,,,,,73,1,Sinker,6,7,6,7,7,6,6,7,Standard,Standard,131.0,0.008,0.038,,,,,-0.038,,-1,-1,0.364,0.364,34,30,35,30,1,0,2.0,4,2.0,2,2.4,1.15,-1.15,36.8,,,,,,batter
ST,2024-08-11,85.0,-1.49,5.55,"Taylor, Tyrone",621438,700187,strikeout,called_strike,,,,,14.0,Tyrone Taylor called out on strikes.,R,R,R,SEA,NYM,S,2.0,,2,2,2024,1.03,-0.49,0.8638453632740394,2.4477797586166417,,,592325.0,2,9,Top,,,,,,,3.4196897528036505,-123.88125198111214,-0.029738843938784,9.98727388398196,23.68058740927604,-37.3906758878974,3.44561836290601,1.72049802438683,,,,84.4,2589.0,5.7,745216,663728,670042,593871,668942,660844,668227,645302,686527,54.82,,0.0,0.0,1.0,0.0,0.0,,80,6,Sweeper,12,1,1,12,1,12,1,12,Standard,Standard,41.0,0.001,-0.234,,,,,0.234,,11,-11,0.999,0.001,22,30,23,30,1,0,,1,2.0,4,3.62,-1.03,-1.03,31.3,,,,,,batter
ST,2024-08-11,83.7,-1.59,5.5,"Taylor, Tyrone",621438,700187,,foul,,,,,4.0,,R,R,R,SEA,NYM,S,,,2,2,2024,1.25,0.0,-0.7262616402164324,2.716035536647443,,,592325.0,2,9,Top,,,,,,,-0.446657228383622,-121.95885359837234,-0.0527915361381383,12.522801413273568,23.82458264028305,-32.38480787039633,3.39,1.61,99.0,68.6,10.0,82.6,2570.0,5.5,745216,663728,670042,593871,668942,660844,668227,645302,686527,55.03,,,,,,,,80,5,Sweeper,12,1,1,12,1,12,1,12,Standard,Standard,52.0,0.0,0.0,67.8,6.9,,,0.0,88.0,11,-11,0.999,0.001,22,30,23,30,1,0,,1,2.0,4,3.24,-1.25,-1.25,29.8,4.451821013437024,-4.100004175812472,41.86314949332606,29.19838599699841,27.42885512907456,batter
FF,2024-08-11,96.0,-1.44,5.62,"Taylor, Tyrone",621438,700187,,foul,,,,,5.0,,R,R,R,SEA,NYM,S,,,2,1,2024,-1.34,1.13,-0.1760180784062956,2.6986591825292274,,,592325.0,2,9,Top,,,,,,,6.35299350977111,-139.64920890663413,-4.689874354142365,-18.953400447287887,29.83636907439981,-16.54335223854275,3.39,1.61,114.0,81.5,79.0,95.9,2345.0,6.1,745216,663728,670042,593871,668942,660844,668227,645302,686527,54.38,,,,,,,,80,4,4-Seam Fastball,12,1,1,12,1,12,1,12,Standard,Standard,227.0,0.0,-0.072,70.5,8.1,,,0.072,88.0,11,-11,0.999,0.001,22,30,23,30,1,0,,1,2.0,4,1.34,1.34,1.34,30.7,14.234098594989335,-12.392606599441436,34.348523126262144,36.694782087650005,32.091139754730065,batter
ST,2024-08-11,84.3,-1.48,5.51,"Taylor, Tyrone",621438,700187,,blocked_ball,,,,,14.0,,R,R,R,SEA,NYM,B,,,1,1,2024,1.27,-0.58,1.3365856668702032,0.1654498580803274,,,592325.0,2,9,Top,,,,,,,3.985674775458389,-122.65058731632313,-4.825084080467786,11.897758713954095,25.54696835472385,-37.1841155902428,3.37096826807857,1.70959902849493,,,,82.9,2682.0,5.5,745216,663728,670042,593871,668942,660844,668227,645302,686527,54.98,,,,,,,,80,3,Sweeper,12,1,1,12,1,12,1,12,Standard,Standard,41.0,0.0,0.05,,,,,-0.05,,11,-11,0.999,0.001,22,30,23,30,1,0,,1,2.0,4,3.8,-1.27,-1.27,32.2,,,,,,batter
FF,2024-08-11,97.4,-1.33,5.61,"Taylor, Tyrone",621438,700187,,called_strike,,,,,9.0,,R,R,R,SEA,NYM,S,,,1,0,2024,-1.45,1.04,0.7127448627723445,1.85020422429063,,,592325.0,2,9,Top,,,,,,,8.763251488050033,-141.56711181873044,-6.949603504317225,-21.441066080410312,29.83375456867573,-16.789048690434132,3.49826622354452,1.67663431143394,,,,97.1,2347.0,6.0,745216,663728,670042,593871,668942,660844,668227,645302,686527,54.46,,,,,,,,80,2,4-Seam Fastball,12,1,1,12,1,12,1,12,Standard,Standard,231.0,0.0,-0.048,,,,,0.048,,11,-11,0.999,0.001,22,30,23,30,1,0,,1,2.0,4,1.35,1.45,1.45,30.8,,,,,,batter
FF,2024-08-11,97.6,-1.3,5.66,"Taylor, Tyrone",621438,700187,,ball,,,,,12.0,,R,R,R,SEA,NYM,B,,,0,0,2024,-1.35,1.08,1.2846583740555098,3.463385359723921,,,592325.0,2,9,Top,,,,,,,9.990587788528453,-141.79475690801465,-2.894692376674868,-20.42746820335984,30.653792941287094,-17.083867612100583,3.46407863324544,1.80327843862968,,,,97.2,2308.0,6.0,745216,663728,670042,593871,668942,660844,668227,645302,686527,54.45,,,,,,,,80,1,4-Seam Fastball,12,1,1,12,1,12,1,12,Standard,Standard,234.0,0.0,0.034,,,,,-0.034,,11,-11,0.999,0.001,22,30,23,30,1,0,,1,2.0,4,1.31,1.35,1.35,32.3,,,,,,batter
ST,2024-08-10,83.8,-1.21,5.67,"Taylor, Tyrone",621438,669302,field_out,hit_into_play,,,,,14.0,"Tyrone Taylor grounds out softly, pitcher Logan Gilbert to first baseman Justin Turner.",R,R,R,SEA,NYM,X,1.0,ground_ball,1,2,2024,1.19,-0.49,1.031153164489324,1.3376578481719743,,,,2,5,Top,125.8,180.66,,,,,2.8733210257008026,-121.96659607286529,-2.650400433171645,11.291790084431897,24.725370003909344,-36.68607417210746,3.39,1.61,2.0,55.0,-33.0,85.6,2368.0,7.5,745219,663728,457759,593871,664238,660844,668227,645302,571745,52.97,0.115,0.138,0.0,1.0,0.0,0.0,1.0,37,4,Sweeper,3,0,0,3,0,3,0,3,Standard,Standard,41.0,0.006,-0.18,52.5,7.1,,0.119,0.18,88.0,3,-3,0.878,0.122,27,30,27,30,2,1,6.0,2,6.0,1,3.74,-1.19,-1.19,47.0,-3.679272224932656,5.676148545036765,33.5105198370537,49.04122721520464,27.94640878844785,batter
SL,2024-08-10,88.1,-0.94,5.7,"Taylor, Tyrone",621438,669302,,swinging_strike,,,,,13.0,,R,R,R,SEA,NYM,S,,,1,1,2024,-0.16,-0.22,-0.4263461683251713,1.0800726323053902,,,,2,5,Top,,,,,,,1.6149072647274272,-128.19456181596564,-4.713293691061345,-2.081578265851855,28.030853593970534,-33.77570815502583,3.39,1.61,,,,89.9,1971.0,7.5,745219,663728,457759,593871,664238,660844,668227,645302,571745,52.95,,,,,,,,37,3,Slider,3,0,0,3,0,3,0,3,Standard,Standard,76.0,0.003,-0.064,70.7,8.4,1.006654188,,0.064,,3,-3,0.875,0.125,27,30,27,30,2,1,6.0,2,6.0,1,3.17,0.16,0.16,44.8,18.65257018011152,-24.136569066548123,42.0140406367368,31.254692189942823,43.0921198513972,batter
FF,2024-08-10,96.7,-0.67,5.84,"Taylor, Tyrone",621438,669302,,ball,,,,,12.0,,R,R,R,SEA,NYM,B,,,0,1,2024,-0.44,1.47,0.3657571271938504,4.2006686901727885,,,,2,5,Top,,,,,,,3.868534446562376,-140.93202091422268,-2.283025584267319,-6.746305816876493,29.49417325950494,-12.195930759561426,3.44324362176036,1.55520772051136,,,,99.6,2212.0,7.6,745219,663728,457759,593871,664238,660844,668227,645302,571745,52.89,,,,,,,,37,2,4-Seam Fastball,3,0,0,3,0,3,0,3,Standard,Standard,201.0,-0.001,0.029,,,,,-0.029,,3,-3,0.876,0.124,27,30,27,30,2,1,6.0,2,6.0,1,0.95,0.44,0.44,45.2,,,,,,batter
FF,2024-08-10,97.0,-0.84,5.75,"Taylor, Tyrone",621438,669302,,foul,,,,,5.0,,R,R,R,SEA,NYM,S,,,0,0,2024,-0.77,1.42,0.0826422948868,2.543093255511653,,,,2,5,Top,,,,,,,4.357391452056133,-141.15022036553833,-6.484313189110218,-11.25911693066324,30.56679859134576,-11.841881179257296,3.39,1.61,224.0,80.6,20.0,99.8,2238.0,7.7,745219,663728,457759,593871,664238,660844,668227,645302,571745,52.75,,,,,,,,37,1,4-Seam Fastball,3,0,0,3,0,3,0,3,Standard,Standard,209.0,0.001,-0.041,59.0,5.7,,,0.041,88.0,3,-3,0.875,0.125,27,30,27,30,2,1,6.0,2,6.0,1,0.99,0.77,0.77,44.4,-22.016817291580345,40.68208506389702,34.22266519378728,38.19071818551889,7.08002493895439,batter
ST,2024-08-10,84.7,-1.18,5.76,"Taylor, Tyrone",621438,669302,field_out,hit_into_play,,,,,14.0,"Tyrone Taylor grounds out softly, third baseman Dylan Moore to first baseman Justin Turner.",R,R,R,SEA,NYM,X,5.0,ground_ball,1,2,2024,1.3,-0.16,0.5457611130541398,0.8635369542016478,,,,0,3,Top,98.23,161.51,,,,,1.4628104156597266,-123.2797993141883,-4.82817975979815,12.88535169994243,25.547240959587512,-33.01436795245151,3.39,1.61,10.0,56.5,-4.0,86.4,2428.0,7.4,745219,663728,457759,593871,664238,660844,668227,645302,571745,53.07,0.115,0.108,0.0,1.0,0.0,0.0,1.0,19,4,Sweeper,3,0,0,3,0,3,0,3,Standard,Standard,45.0,0.015,-0.186,63.4,8.1,,0.181,0.186,88.0,3,-3,0.801,0.199,27,30,27,30,1,0,6.0,2,6.0,1,3.35,-1.3,-1.3,39.4,10.906630602133722,-9.637066024523165,44.04291028616596,40.48136017318509,39.29461405221942,batter
SL,2024-08-10,88.3,-1.02,5.78,"Taylor, Tyrone",621438,669302,,called_strike,,,,,9.0,,R,R,R,SEA,NYM,S,,,1,1,2024,0.13,-0.11,0.5402849307599116,1.52006188917845,,,,0,3,Top,,,,,,,3.60747395216412,-128.49385635017313,-4.048423515009688,0.6569225072209213,29.36114734869785,-32.742569154108544,3.37643532130996,1.48835759224308,,,,89.8,1977.0,7.5,745219,663728,457759,593871,664238,660844,668227,645302,571745,53.04,,,,,,,,19,3,Slider,3,0,0,3,0,3,0,3,Standard,Standard,61.0,0.006,-0.056,,,,,0.056,,3,-3,0.795,0.205,27,30,27,30,1,0,6.0,2,6.0,1,3.06,-0.13,-0.13,42.7,,,,,,batter
SL,2024-08-10,89.8,-0.96,5.82,"Taylor, Tyrone",621438,669302,,ball,,,,,14.0,,R,R,R,SEA,NYM,B,,,0,1,2024,0.05,-0.12,0.4362788092502134,0.6586248949226103,,,,0,3,Top,,,,,,,3.415049604387648,-130.52450508907148,-6.569009699516925,-0.1927076620741489,30.750179127595956,-32.25352750683462,3.40138695355088,1.47947638562717,,,,91.1,2024.0,7.4,745219,663728,457759,593871,664238,660844,668227,645302,571745,53.07,,,,,,,,19,2,Slider,3,0,0,3,0,3,0,3,Standard,Standard,72.0,-0.002,0.025,,,,,-0.025,,3,-3,0.797,0.203,27,30,27,30,1,0,6.0,2,6.0,1,2.98,-0.05,-0.05,44.8,,,,,,batter
FF,2024-08-10,96.8,-1.12,5.85,"Taylor, Tyrone",621438,669302,,called_strike,,,,,6.0,,R,R,R,SEA,NYM,S,,,0,0,2024,-0.7,1.51,0.3393089717107062,2.511765699202296,,,,0,3,Top,,,,,,,5.637952397037886,-140.854852834,-6.993376474358443,-10.55092287199248,30.79779576472512,-10.669948270115247,3.30436471718513,1.4500424476964,,,,99.3,2247.0,7.6,745219,663728,457759,593871,664238,660844,668227,645302,571745,52.93,,,,,,,,19,1,4-Seam Fastball,3,0,0,3,0,3,0,3,Standard,Standard,208.0,0.003,-0.037,,,,,0.037,,3,-3,0.794,0.206,27,30,27,30,1,0,6.0,2,6.0,1,0.92,0.7,0.7,49.2,,,,,,batter
FF,2024-08-10,97.3,-2.58,5.04,"Taylor, Tyrone",621438,554340,field_out,hit_into_play,,,,,11.0,Tyrone Taylor flies out to left fielder Randy Arozarena.,R,R,R,SEA,NYM,X,7.0,fly_ball,1,0,2024,-0.99,1.42,-1.0282047210931435,2.8387797960176187,,,,0,8,Top,88.05,83.61,,,,,6.350607947783356,-141.6017991909444,-3.6315400730698206,-14.689757791484146,31.22970496461401,-12.383841398924876,3.39,1.61,302.0,80.8,31.0,96.5,2655.0,5.7,745219,663728,457759,593871,664238,660844,668227,645302,571745,54.75,0.053,0.055,0.0,1.0,0.0,0.0,3.0,58,2,4-Seam Fastball,4,0,0,4,0,4,0,4,Standard,Standard,230.0,0.016,-0.292,68.9,7.1,,0.081,0.292,88.0,4,-4,0.961,0.039,33,30,34,30,1,2,2.0,2,4.0,1,0.98,0.99,0.99,26.9,12.765649840123023,-5.71581868758091,38.88559297066976,24.4128618917561,28.51269191260365,batter
FF,2024-08-10,97.0,-2.55,5.14,"Taylor, Tyrone",621438,554340,,ball,,,,,11.0,,R,R,R,SEA,NYM,B,,,0,0,2024,-0.78,1.37,-0.6405091477853799,3.928173555912867,,,,0,8,Top,,,,,,,6.801122937406332,-141.26400259712898,-0.8712312721468102,-11.99051102518932,30.061828245242804,-13.746855568741692,3.309591283118,1.59224233457299,,,,96.2,2587.0,5.7,745219,663728,457759,593871,664238,660844,668227,645302,571745,54.85,,,,,,,,58,1,4-Seam Fastball,4,0,0,4,0,4,0,4,Standard,Standard,228.0,-0.003,0.038,,,,,-0.038,,4,-4,0.964,0.036,33,30,34,30,1,2,2.0,2,4.0,1,1.04,0.78,0.78,22.9,,,,,,batter
CH,2024-08-08,86.3,-1.87,6.06,"Taylor, Tyrone",621438,663567,strikeout,swinging_strike_blocked,,,,,14.0,Tyrone Taylor strikes out swinging.,R,R,R,COL,NYM,S,2.0,,2,2,2024,-1.02,0.38,0.1298987524409164,0.2768002774930655,,,664056.0,0,6,Top,,,,,,,6.796099610843752,-125.34537587876852,-8.34319730500422,-12.05624052210614,22.41060180700554,-26.76976349666568,3.42,1.61,,,,86.4,1603.0,6.2,746522,607732,669911,663898,668845,678662,656541,686668,696100,54.28,,0.0,0.0,1.0,0.0,0.0,,49,6,Changeup,1,7,7,1,7,1,7,1,Standard,Standard,226.0,0.003,-0.228,69.8,9.1,10.815091104,,0.228,,-6,6,0.024,0.976,27,30,27,30,2,2,5.0,1,3.0,2,2.66,1.02,1.02,55.1,26.69170364474849,-36.01576085648497,43.40592849901022,37.44772994823265,50.86941346365653,batter
FF,2024-08-08,94.0,-1.68,6.12,"Taylor, Tyrone",621438,663567,,foul,,,,,6.0,,R,R,R,COL,NYM,S,,,2,2,2024,-0.61,1.21,0.4699142565583114,2.347042980618109,,,664056.0,0,6,Top,,,,,,,6.926163346006439,-136.7331835068471,-6.827833936589959,-9.086819152540524,25.71591879665716,-15.642331439999127,3.42,1.61,11.0,82.1,-9.0,94.5,2171.0,6.3,746522,607732,669911,663898,668845,678662,656541,686668,696100,54.2,,,,,,,,49,5,4-Seam Fastball,1,7,7,1,7,1,7,1,Standard,Standard,214.0,0.0,0.0,61.8,5.8,,,0.0,88.0,-6,6,0.024,0.976,27,30,27,30,2,2,5.0,1,3.0,2,1.34,0.61,0.61,56.0,-29.31908889016838,38.60903190547887,40.78127825702512,42.57953450065141,-6.412806912238382,batter
KC,2024-08-08,77.9,2.18,6.54,"Taylor, Tyrone",621438,596295,field_out,hit_into_play,,,,,9.0,Tyrone Taylor flies out to right fielder Hunter Goodman.,R,R,L,COL,NYM,X,9.0,fly_ball,1,2,2024,-0.61,-0.75,0.7873511166116207,2.138811525270155,,,,0,2,Top,218.83,109.84,,,,,-1.8725715139329977,-113.66069127735608,-1.3049104135639311,-5.091161673531909,17.79259553666498,-38.73024381407016,3.42,1.61,316.0,88.1,36.0,78.8,2561.0,6.4,746522,607732,669911,663898,668845,678662,656541,686668,696100,54.07,0.021,0.025,0.0,1.0,0.0,0.0,3.0,13,5,Knuckle Curve,0,4,4,0,4,0,4,0,Standard,Standard,324.0,0.007,-0.186,67.8,7.3,,0.04,0.186,88.1,-4,4,0.161,0.839,30,30,31,30,1,0,6.0,1,5.0,2,4.44,-0.61,0.61,53.1,3.918386622132298,11.211775569183075,39.190545193762745,45.93417041762467,24.84816000431227,batter
CH,2024-08-08,87.2,-1.84,6.06,"Taylor, Tyrone",621438,663567,,swinging_strike_blocked,,,,,14.0,,R,R,R,COL,NYM,S,,,2,1,2024,-0.86,0.53,0.6943872563724336,0.4569044522520546,,,664056.0,0,6,Top,,,,,,,7.839418571925281,-126.71871111603603,-8.4990342113719,-10.668962845820571,19.965259897591707,-25.14229225588992,3.42,1.61,,,,87.9,1580.0,6.3,746522,607732,669911,663898,668845,678662,656541,686668,696100,54.2,,,,,,,,49,4,Changeup,1,7,7,1,7,1,7,1,Standard,Standard,231.0,0.002,-0.048,69.2,8.8,7.860663792,,0.048,,-6,6,0.022,0.978,27,30,27,30,2,2,5.0,1,3.0,2,2.42,0.86,0.86,49.7,16.862025075931744,-21.27892197448488,41.7410251794151,43.73273821409647,44.66222523545475,batter
FF,2024-08-08,90.1,2.12,6.49,"Taylor, Tyrone",621438,596295,,foul,,,,,1.0,,R,R,L,COL,NYM,S,,,1,2,2024,0.55,1.2,-0.5691201233791723,3.3413766001533944,,,,0,2,Top,,,,,,,-7.906946966311919,-131.03880379038773,-4.5137320625880335,7.846929374716887,23.553687362029287,-17.51931609434565,3.42,1.61,265.0,99.6,16.0,91.3,2110.0,6.7,746522,607732,669911,663898,668845,678662,656541,686668,696100,53.76,,,,,,,,13,4,4-Seam Fastball,0,4,4,0,4,0,4,0,Standard,Standard,146.0,0.0,0.0,71.5,7.1,,,0.0,99.6,-4,4,0.161,0.839,30,30,31,30,1,0,6.0,1,5.0,2,1.58,0.55,-0.55,47.0,19.04224073850524,-16.877265418576233,33.468445145807635,29.785164462925948,31.90979453178318,batter
SL,2024-08-08,86.4,-1.85,6.1,"Taylor, Tyrone",621438,663567,,blocked_ball,,,,,14.0,,R,R,R,COL,NYM,B,,,1,1,2024,0.42,-0.01,1.0966874282708865,0.5487624719529371,,,664056.0,0,6,Top,,,,,,,6.18598839112291,-125.77190574459564,-7.140004931462623,3.557660591837186,19.652916479082556,-31.312491884282363,3.53052310247848,1.64686239873506,,,,87.3,2418.0,6.3,746522,607732,669911,663898,668845,678662,656541,686668,696100,54.16,,,,,,,,49,3,Slider,1,7,7,1,7,1,7,1,Standard,Standard,127.0,-0.001,0.043,,,,,-0.043,,-6,6,0.023,0.977,27,30,27,30,2,2,5.0,1,3.0,2,3.01,-0.42,-0.42,53.7,,,,,,batter
SL,2024-08-08,81.4,2.3,6.51,"Taylor, Tyrone",621438,596295,,foul,,,,,5.0,,R,R,L,COL,NYM,S,,,1,1,2024,-0.33,-0.07,0.089924944554771,2.47723730062626,,,,0,2,Top,,,,,,,-4.364338304500234,-118.70728768620395,-2.4449011823636133,-2.4106946255990227,19.20749451222291,-32.647669565437255,3.42,1.61,241.0,87.0,21.0,82.3,2373.0,6.4,746522,607732,669911,663898,668845,678662,656541,686668,696100,54.09,,,,,,,,13,3,Slider,0,4,4,0,4,0,4,0,Standard,Standard,227.0,0.003,-0.056,68.1,6.2,,,0.056,88.0,-4,4,0.158,0.842,30,30,31,30,1,0,6.0,1,5.0,2,3.45,-0.33,0.33,49.3,-11.680870328591553,22.48835560608361,42.962477984187856,37.29326100448696,18.26172478481753,batter
FF,2024-08-08,91.9,-2.04,6.08,"Taylor, Tyrone",621438,663567,,ball,,,,,11.0,,R,R,R,COL,NYM,B,,,0,1,2024,-0.65,1.25,-1.520256581562918,3.561017719574762,,,664056.0,0,6,Top,,,,,,,2.7117889348399986,-133.99922774499038,-3.363183332001789,-8.393354280851552,23.39357678780565,-16.4918226435574,3.49367421337707,1.72057618802764,,,,92.7,2327.0,6.2,746522,607732,669911,663898,668845,678662,656541,686668,696100,54.29,,,,,,,,49,2,4-Seam Fastball,1,7,7,1,7,1,7,1,Standard,Standard,214.0,-0.001,0.034,,,,,-0.034,,-6,6,0.024,0.976,27,30,27,30,2,2,5.0,1,3.0,2,1.4,0.65,0.65,49.8,,,,,,batter
FF,2024-08-08,88.7,2.33,6.39,"Taylor, Tyrone",621438,596295,,foul,,,,,4.0,,R,R,L,COL,NYM,S,,,1,0,2024,0.81,1.26,-0.3336680315393654,2.228360689934392,,,,0,2,Top,,,,,,,-8.278918834968145,-128.97465264507912,-6.932503791880831,10.574365497104164,21.047242787691776,-16.831628923237275,3.42,1.61,242.0,104.1,15.0,90.1,2180.0,6.7,746522,607732,669911,663898,668845,678662,656541,686668,696100,53.77,,,,,,,,13,2,4-Seam Fastball,0,4,4,0,4,0,4,0,Standard,Standard,148.0,0.002,-0.049,74.7,8.1,,,0.049,104.1,-4,4,0.156,0.844,30,30,31,30,1,0,6.0,1,5.0,2,1.59,0.81,-0.81,45.5,22.83592374581412,-22.721210285529907,41.66653581751464,32.16512598850464,40.53018991409303,batter
FF,2024-08-08,93.0,-1.89,6.14,"Taylor, Tyrone",621438,663567,,foul,,,,,1.0,,R,R,R,COL,NYM,S,,,0,0,2024,-0.53,1.4,-0.3045409914713689,2.887922935415689,,,664056.0,0,6,Top,,,,,,,5.2350527641684845,-135.3778209703963,-5.732942037542989,-7.597722339401828,24.446681826722656,-13.793070379600584,3.42,1.61,218.0,76.8,56.0,93.7,2281.0,6.3,746522,607732,669911,663898,668845,678662,656541,686668,696100,54.21,,,,,,,,49,1,4-Seam Fastball,1,7,7,1,7,1,7,1,Standard,Standard,210.0,0.001,-0.042,66.4,6.7,,,0.042,88.0,-6,6,0.023,0.977,27,30,27,30,2,2,5.0,1,3.0,2,1.19,0.53,0.53,50.9,5.179474559893178,5.2686423094416535,38.2771339308065,32.339639957689535,23.101369464466647,batter
KC,2024-08-08,75.5,2.42,6.48,"Taylor, Tyrone",621438,596295,,ball,,,,,13.0,,R,R,L,COL,NYM,B,,,0,0,2024,-0.51,-0.78,-0.2386688067179087,0.8048099516538896,,,,0,2,Top,,,,,,,-4.647046406970322,-109.9670129239375,-3.380537488797425,-3.404291629383281,17.98542211187869,-38.187634485849024,3.41999729858765,1.61000319097003,,,,76.0,2412.0,6.4,746522,607732,669911,663898,668845,678662,656541,686668,696100,54.1,,,,,,,,13,1,Knuckle Curve,0,4,4,0,4,0,4,0,Standard,Standard,330.0,-0.002,0.038,,,,,-0.038,,-4,4,0.158,0.842,30,30,31,30,1,0,6.0,1,5.0,2,4.75,-0.51,0.51,51.6,,,,,,batter
FC,2024-08-08,90.3,-2.14,6.11,"Taylor, Tyrone",621438,663567,single,hit_into_play,,,,,9.0,Tyrone Taylor singles on a line drive to left fielder Sam Hilliard.,R,R,R,COL,NYM,X,7.0,line_drive,0,0,2024,0.65,0.46,0.5759921597579474,1.993250219360955,,,,1,4,Top,91.41,89.61,,,,,5.385174536938218,-131.57466293076456,-5.373644926351956,6.617855803869647,23.74220246038096,-25.97271472841706,3.42,1.61,193.0,88.8,14.0,90.9,2324.0,6.3,746522,607732,669911,663898,668845,678662,656541,686668,696100,54.23,0.971,0.949,0.9,1.0,1.0,0.0,4.0,30,1,Cutter,0,5,5,0,5,0,5,0,Standard,Standard,163.0,-0.006,0.422,71.3,7.8,,1.183,-0.422,88.8,-5,5,0.085,0.915,27,30,27,30,1,1,5.0,1,3.0,2,2.29,-0.65,-0.65,51.0,11.36859377939554,-1.8243965370210085,35.180783689587614,42.68056302847553,34.29963680212441,batter
FF,2024-08-08,94.4,-1.88,6.38,"Taylor, Tyrone",621438,683627,double,hit_into_play,,,,,6.0,Tyrone Taylor doubles (15) on a line drive to right fielder Hunter Goodman. Harrison Bader to 3rd.,R,R,R,COL,NYM,X,9.0,line_drive,1,1,2024,-0.22,1.35,0.7904428420787721,2.205014942084376,,,664056.0,0,8,Top,216.11,112.84,,,,,7.431352722037241,-137.25386933415191,-8.189004965397373,-4.367012773657667,27.809677491461013,-13.524765738633455,3.42,1.61,207.0,93.7,11.0,94.5,2089.0,6.2,746522,607732,669911,663898,668845,678662,656541,686668,696100,54.3,0.837,0.778,1.25,1.0,1.0,1.0,4.0,66,3,4-Seam Fastball,1,7,7,1,7,1,7,1,Standard,Standard,208.0,-0.003,0.741,65.4,6.8,,0.939,-0.741,93.7,-6,6,0.007,0.993,22,30,22,30,1,3,4.0,1,2.0,2,1.2,0.22,0.22,54.4,-2.4143129249012407,23.143092462430424,33.51193269330195,46.823951552271126,14.940349825028248,batter
FF,2024-08-08,95.9,-1.89,6.32,"Taylor, Tyrone",621438,683627,,ball,,,,,13.0,,R,R,R,COL,NYM,B,,,0,1,2024,-0.43,1.24,-0.0476853749629339,1.44530867669468,,,664056.0,0,8,Top,,,,,,,5.822698478739765,-139.42128651489048,-10.094499747841272,-6.849909776966043,27.897309259561503,-14.03992239133064,3.34593475948574,1.61000227995014,,,,96.0,2180.0,6.2,746522,607732,669911,663898,668845,678662,656541,686668,696100,54.33,,,,,,,,66,2,4-Seam Fastball,1,7,7,1,7,1,7,1,Standard,Standard,204.0,0.0,0.034,,,,,-0.034,,-6,6,0.007,0.993,22,30,22,30,1,3,4.0,1,2.0,2,1.22,0.43,0.43,52.2,,,,,,batter
CH,2024-08-08,82.2,-2.01,6.3,"Taylor, Tyrone",621438,683627,,swinging_strike,,,,,8.0,,R,R,R,COL,NYM,S,,,0,0,2024,-0.87,0.61,0.103538990185857,1.6590565216168032,,,664056.0,0,8,Top,,,,,,,6.455374850372202,-119.57517059439948,-5.235573630431785,-9.51282923088678,20.780138264841455,-25.48842811035816,3.42,1.61,,,,82.5,1819.0,6.3,746522,607732,669911,663898,668845,678662,656541,686668,696100,54.24,,,,,,,,66,1,Changeup,1,7,7,1,7,1,7,1,Standard,Standard,224.0,0.0,-0.042,68.0,8.6,8.78703924,,0.042,,-6,6,0.007,0.993,22,30,22,30,1,3,4.0,1,2.0,2,2.73,0.87,0.87,59.4,31.553038763961805,-35.17106079755364,40.1601757683418,37.83244046730707,56.61339093598874,batter
FC,2024-08-07,86.2,-2.48,5.99,"Taylor, Tyrone",621438,663562,field_out,hit_into_play,,,,,14.0,Tyrone Taylor flies out to center fielder Brenton Doyle.,R,R,R,COL,NYM,X,8.0,fly_ball,2,2,2024,0.17,0.44,0.9665855743174856,1.691330606440082,,,,0,5,Top,129.53,93.64,,,,,7.731099308522959,-125.420159985584,-4.958143037106497,0.5940277142150003,20.325742614400298,-26.773921299799994,3.42,1.61,263.0,75.1,40.0,85.8,2361.0,5.6,746521,553869,669911,663898,641857,678662,595909,686668,592178,54.88,0.142,0.133,0.0,1.0,0.0,0.0,3.0,37,5,Cutter,2,2,2,2,2,2,2,2,Strategic,Standard,192.0,0.026,-0.227,63.8,8.2,,0.164,0.227,88.0,0,0,0.504,0.496,27,30,27,30,2,1,3.0,1,3.0,1,2.58,-0.17,-0.17,35.6,10.81632185501462,-9.041751091615073,35.62078471382761,47.39361468444046,38.48979420375903,batter
FC,2024-08-07,86.6,-2.4,5.97,"Taylor, Tyrone",621438,663562,,ball,,,,,14.0,,R,R,R,COL,NYM,B,,,1,2,2024,0.3,0.46,0.8366920961434099,1.883810096619778,,,,0,5,Top,,,,,,,7.020010295057368,-126.17213701653912,-4.579454845830697,2.119873053473633,20.30387849673611,-26.61762402278864,3.4200189866488,1.56998607093615,,,,86.2,2396.0,5.5,746521,553869,669911,663898,641857,678662,595909,686668,592178,54.99,,,,,,,,37,4,Cutter,2,2,2,2,2,2,2,2,Standard,Standard,191.0,-0.005,0.04,,,,,-0.04,,0,0,0.509,0.491,27,30,27,30,2,1,3.0,1,3.0,1,2.52,-0.3,-0.3,36.0,,,,,,batter
ST,2024-08-07,79.3,-2.37,5.88,"Taylor, Tyrone",621438,663562,,ball,,,,,14.0,,R,R,R,COL,NYM,B,,,0,2,2024,0.97,-0.07,1.3097397804568076,1.6208478387828449,,,,0,5,Top,,,,,,,6.162502285610002,-115.44232552013312,-2.4495479371387825,7.671362619126709,19.876600409977637,-32.556366023305465,3.28068379167068,1.42875606364358,,,,78.6,2768.0,5.6,746521,553869,669911,663898,641857,678662,595909,686668,592178,54.9,,,,,,,,37,3,Sweeper,2,2,2,2,2,2,2,2,Standard,Standard,51.0,-0.003,0.023,,,,,-0.023,,0,0,0.512,0.488,27,30,27,30,2,1,3.0,1,3.0,1,3.67,-0.97,-0.97,33.3,,,,,,batter
FC,2024-08-07,85.7,-2.47,5.99,"Taylor, Tyrone",621438,663562,,foul,,,,,6.0,,R,R,R,COL,NYM,S,,,0,1,2024,0.24,0.53,0.6762276857655563,2.688503669533688,,,,0,5,Top,,,,,,,6.846537045382948,-124.84049678799396,-2.7337911436962825,1.5168237344534683,18.83020239731321,-26.295716559234016,3.42,1.61,230.0,71.6,44.0,85.4,2347.0,5.5,746521,553869,669911,663898,641857,678662,595909,686668,592178,55.04,,,,,,,,37,2,Cutter,2,2,2,2,2,2,2,2,Standard,Standard,202.0,0.008,-0.054,64.4,8.0,,,0.054,88.0,0,0,0.504,0.496,27,30,27,30,2,1,3.0,1,3.0,1,2.51,-0.24,-0.24,34.0,10.559132927857492,-10.588354619789568,32.25058058290798,44.79568163570672,35.56830116052473,batter
SI,2024-08-07,90.8,-2.59,5.87,"Taylor, Tyrone",621438,663562,,foul,,,,,5.0,,R,R,R,COL,NYM,S,,,0,0,2024,-0.91,0.61,-0.0144784548514166,2.558606423237853,,,,0,5,Top,,,,,,,8.276677282058717,-132.2721999493252,-3.7893043728321167,-12.176112463419251,20.735911232760703,-24.429054603709726,3.42,1.61,139.0,82.3,74.0,90.6,2242.0,5.5,746521,553869,669911,663898,641857,678662,595909,686668,592178,54.98,,,,,,,,37,1,Sinker,2,2,2,2,2,2,2,2,Standard,Standard,231.0,0.004,-0.037,70.3,7.7,,,0.037,88.0,0,0,0.5,0.5,27,30,27,30,2,1,3.0,1,3.0,1,2.09,0.91,0.91,29.0,11.118808039297011,-7.278617727604771,33.886313586835335,37.029115758220215,32.36249527934827,batter
FF,2024-08-07,99.2,-2.12,5.39,"Taylor, Tyrone",621438,680767,walk,ball,,,,,14.0,Tyrone Taylor walks. Ben Gamel to 2nd.,R,R,R,COL,NYM,B,,,3,1,2024,-0.52,1.02,0.799768160966583,1.415356460425974,664056.0,,592325.0,1,9,Top,,,,,,,9.275239175031658,-144.10959151692174,-7.971147820021791,-9.16209338320238,28.422659710349915,-16.277174083087026,3.41999816982872,1.54867473957296,,,,100.6,2364.0,6.8,746521,553869,669911,663898,641857,678662,656541,686668,595909,53.69,,0.689131,0.7,1.0,0.0,0.0,,70,5,4-Seam Fastball,2,2,2,2,2,2,2,2,Strategic,Standard,217.0,-0.02,0.112,,,,,-0.112,,0,0,0.302,0.698,24,30,25,30,1,3,1.0,1,2.0,1,1.27,0.52,0.52,51.0,,,,,,batter
FF,2024-08-07,99.2,-2.11,5.4,"Taylor, Tyrone",621438,680767,,called_strike,,,,,14.0,,R,R,R,COL,NYM,S,,,3,0,2024,-0.45,1.0,0.0589197542698933,1.5841532520641766,664056.0,,592325.0,1,9,Top,,,,,,,7.052834119473157,-144.38204789915616,-7.506251523725686,-7.693347943600931,27.942942226192947,-16.67266525959911,3.32214097842429,1.70547601664656,,,,100.8,2363.0,6.8,746521,553869,669911,663898,641857,678662,656541,686668,595909,53.72,,,,,,,,70,4,4-Seam Fastball,2,2,2,2,2,2,2,2,Strategic,Standard,217.0,0.007,-0.059,,,,,0.059,,0,0,0.295,0.705,24,30,25,30,1,3,1.0,1,2.0,1,1.28,0.45,0.45,44.6,,,,,,batter
FF,2024-08-07,98.6,-2.22,5.34,"Taylor, Tyrone",621438,680767,,ball,,,,,11.0,,R,R,R,COL,NYM,B,,,2,0,2024,-0.52,1.13,-1.128263110985913,3.669350464297145,664056.0,,592325.0,1,9,Top,,,,,,,4.19926743276066,-143.64704987655395,-1.7741272763402478,-8.121738789876348,31.083108656992216,-16.228378088273608,3.42000082858788,1.55669482090589,,,,99.5,2390.0,6.6,746521,553869,669911,663898,641857,678662,656541,686668,595909,53.9,,,,,,,,70,3,4-Seam Fastball,2,2,2,2,2,2,2,2,Strategic,Standard,219.0,-0.01,0.105,,,,,-0.105,,0,0,0.305,0.695,24,30,25,30,1,3,1.0,1,2.0,1,1.19,0.52,0.52,42.3,,,,,,batter
SL,2024-08-07,87.4,-2.37,5.19,"Taylor, Tyrone",621438,680767,,ball,,,,,14.0,,R,R,R,COL,NYM,B,,,1,0,2024,0.08,-0.36,0.206511767903329,1.119465318083825,664056.0,,592325.0,1,9,Top,,,,,,,6.09578514495982,-127.36740680385871,-3.0822189947412717,-0.1570808503974986,21.22341262200452,-35.75851290320849,3.42000240832161,1.74199581936584,,,,88.9,2342.0,6.7,746521,553869,669911,663898,641857,678662,656541,686668,595909,53.8,,,,,,,,70,2,Slider,2,2,2,2,2,2,2,2,Strategic,Standard,48.0,-0.007,0.028,,,,,-0.028,,0,0,0.312,0.688,24,30,25,30,1,3,1.0,1,2.0,1,3.29,-0.08,-0.08,45.9,,,,,,batter
SI,2024-08-07,92.2,-2.41,5.87,"Taylor, Tyrone",621438,663562,single,hit_into_play,,,,,9.0,Tyrone Taylor singles on a line drive to center fielder Brenton Doyle. Jose Iglesias scores. Ben Gamel to 2nd. Fielding error by center fielder Brenton Doyle.,R,R,R,COL,NYM,X,8.0,line_drive,2,1,2024,-1.13,0.59,0.3932805183547936,2.011307757560574,,578428.0,592325.0,1,2,Top,139.8,91.78,,,,,9.454521085430343,-133.97060021617574,-5.300046190817502,-15.518448144779107,24.65217873254141,-24.081256557319637,3.42,1.61,242.0,75.5,22.0,91.6,2275.0,5.7,746521,553869,669911,663898,641857,678662,595909,686668,592178,54.79,0.932,0.867,0.9,1.0,1.0,0.0,4.0,13,4,Sinker,1,1,1,1,2,1,2,1,Standard,Standard,226.0,-0.092,0.462,73.2,7.9,,1.016,-0.462,88.0,0,0,0.452,0.548,27,30,27,30,1,0,3.0,1,3.0,1,2.06,1.13,1.13,31.7,10.155398151981473,-11.008280926209215,36.19581222041143,41.89357251731171,35.60438888650921,batter
FF,2024-08-07,100.0,-2.1,5.44,"Taylor, Tyrone",621438,680767,,ball,,,,,14.0,,R,R,R,COL,NYM,B,,,0,0,2024,-0.51,1.05,0.3519146949174513,1.4768379775893754,664056.0,,592325.0,1,9,Top,,,,,,,8.01244343876154,-145.41962619552703,-8.184269716686066,-8.78522220028671,27.090990005416995,-15.671847912371446,3.41999874195472,1.71821810844169,,,,101.7,2334.0,6.8,746521,553869,669911,663898,641857,678662,656541,686668,595909,53.68,,,,,,,,70,1,4-Seam Fastball,2,2,2,2,2,2,2,2,Strategic,Standard,220.0,-0.003,0.024,,,,,-0.024,,0,0,0.315,0.685,24,30,25,30,1,3,1.0,1,2.0,1,1.2,0.51,0.51,46.1,,,,,,batter
SI,2024-08-07,93.4,-2.58,5.84,"Taylor, Tyrone",621438,663562,,called_strike,,,,,4.0,,R,R,R,COL,NYM,S,,,2,0,2024,-1.14,0.67,-0.7135653136257432,2.568156989688159,,578428.0,592325.0,1,2,Top,,,,,,,7.206994137170348,-135.89857958907194,-4.150021165192913,-15.687590633051432,25.97548477014269,-23.181189010415945,3.41999854460858,1.617837283658,,,,92.5,2317.0,5.5,746521,553869,669911,663898,641857,678662,595909,686668,592178,55.04,,,,,,,,13,3,Sinker,1,1,1,1,1,1,1,1,Standard,Standard,229.0,0.013,-0.067,,,,,0.067,,0,0,0.439,0.561,27,30,27,30,1,0,3.0,1,3.0,1,1.92,1.14,1.14,28.5,,,,,,batter
FC,2024-08-07,88.3,-2.47,5.91,"Taylor, Tyrone",621438,663562,,blocked_ball,,,,,14.0,,R,R,R,COL,NYM,B,,,1,0,2024,0.19,0.6,2.0754347826643267,0.0460672101158119,,578428.0,592325.0,1,2,Top,,,,,,,10.499313314150964,-128.05149051277408,-9.379149820955837,0.3872074115778606,21.15305711435055,-23.991467194508,3.42000144303957,1.55661009469061,,,,87.7,2189.0,5.7,746521,553869,669911,663898,641857,678662,595909,686668,592178,54.84,,,,,,,,13,2,Cutter,1,1,1,1,1,1,1,1,Standard,Standard,208.0,-0.013,0.055,,,,,-0.055,,0,0,0.452,0.548,27,30,27,30,1,0,3.0,1,3.0,1,2.3,-0.19,-0.19,32.3,,,,,,batter
FC,2024-08-07,88.2,-2.36,5.98,"Taylor, Tyrone",621438,663562,,ball,,,,,14.0,,R,R,R,COL,NYM,B,,,0,0,2024,0.25,0.59,2.2997058965617416,1.1008625793529456,,578428.0,592325.0,1,2,Top,,,,,,,10.626227049832316,-128.02697118807984,-6.989038862244135,0.9711072402953278,21.999270146992643,-24.45945350460193,3.33404829502478,1.5409836530966,,,,87.4,2159.0,5.5,746521,553869,669911,663898,641857,678662,595909,686668,592178,54.96,,,,,,,,13,1,Cutter,1,1,1,1,1,1,1,1,Standard,Standard,199.0,-0.006,0.03,,,,,-0.03,,0,0,0.458,0.542,27,30,27,30,1,0,3.0,1,3.0,1,2.31,-0.25,-0.25,34.5,,,,,,batter
FF,2024-08-07,93.4,-1.07,6.02,"Taylor, Tyrone",621438,683409,field_out,hit_into_play,,,,,13.0,"Tyrone Taylor grounds out, third baseman Ryan McMahon to first baseman Michael Toglia. Ben Gamel to 2nd.",R,R,R,COL,NYM,X,5.0,ground_ball,1,0,2024,-1.02,0.75,-0.6206099034667975,1.1237783543044937,,,592325.0,1,7,Top,96.42,162.73,,,,,3.419243435251877,-136.03339357102047,-8.646128624153482,-13.485367087520608,24.13567792881281,-21.37965474311328,3.42,1.61,85.0,92.3,4.0,94.5,2198.0,6.5,746521,553869,669911,663898,641857,678662,595909,686668,592178,54.03,0.489,0.473,0.0,1.0,0.0,0.0,4.0,54,2,4-Seam Fastball,2,2,2,2,2,2,2,2,Standard,Standard,228.0,0.034,-0.35,70.0,7.9,,0.572,0.35,92.3,0,0,0.491,0.509,21,30,22,30,1,2,1.0,1,2.0,1,1.82,1.02,1.02,39.8,8.988973997604214,-9.228540930636862,48.48679565983096,30.53290321269512,36.13119980467515,batter
SL,2024-08-07,87.4,-1.23,5.85,"Taylor, Tyrone",621438,683409,,ball,,,,,14.0,,R,R,R,COL,NYM,B,,,0,0,2024,0.1,0.31,0.3834690310797718,1.13156737167715,,,592325.0,1,7,Top,,,,,,,3.687380479171039,-127.34490389464982,-5.980629023100146,0.4835144541856581,22.65936831869032,-27.868176089962915,3.28702879673326,1.43159413068989,,,,88.1,2084.0,6.4,746521,553869,669911,663898,641857,678662,595909,686668,592178,54.12,,,,,,,,54,1,Slider,2,2,2,2,2,2,2,2,Standard,Standard,213.0,-0.006,0.036,,,,,-0.036,,0,0,0.497,0.503,21,30,22,30,1,2,1.0,1,2.0,1,2.63,-0.1,-0.1,40.0,,,,,,batter
CH,2024-08-06,84.9,2.52,5.83,"Taylor, Tyrone",621438,607536,double,hit_into_play,,,,,9.0,Tyrone Taylor doubles (14) on a line drive to left fielder Jake Cave.,R,R,L,COL,NYM,X,7.0,line_drive,0,1,2024,0.66,0.42,0.4385913520580032,2.025470083550293,,,,1,5,Top,84.3,69.4,,,,,-6.21386877270314,-123.70363608803363,-3.5776526459374938,7.825982621102468,19.270507589050503,-27.40669495407384,3.41,1.6,164.0,104.1,7.0,86.0,1530.0,6.4,746519,553869,669911,663898,641857,678662,595909,686668,592178,54.09,0.655,0.619,1.25,1.0,1.0,1.0,4.0,37,2,Changeup,4,2,2,4,2,4,2,4,Standard,Standard,138.0,-0.054,0.694,70.2,7.2,,0.755,-0.694,104.1,2,-2,0.783,0.217,31,30,31,30,2,1,6.0,1,5.0,1,2.68,0.66,-0.66,35.4,5.507554411564116,6.888642073524339,38.53879102212832,40.36253469106286,28.711900008567888,batter
KC,2024-08-06,80.9,2.73,5.41,"Taylor, Tyrone",621438,607536,,called_strike,,,,,6.0,,R,R,L,COL,NYM,S,,,0,0,2024,-0.02,-0.62,0.791397368308364,2.3909686337066,,,,1,5,Top,,,,,,,-4.307258512644734,-117.90671217344062,0.9556494426988632,0.5154357850371009,18.426990213248462,-38.39755879539044,3.37176140474993,1.52201062284984,,,,81.7,2405.0,6.3,746519,553869,669911,663898,641857,678662,595909,686668,592178,54.17,,,,,,,,37,1,Knuckle Curve,4,2,2,4,2,4,2,4,Standard,Standard,319.0,0.003,-0.037,,,,,0.037,,2,-2,0.78,0.22,31,30,31,30,2,1,6.0,1,5.0,1,4.05,-0.02,0.02,25.0,,,,,,batter
KC,2024-08-06,84.2,2.62,5.43,"Taylor, Tyrone",621438,607536,strikeout,swinging_strike,,,,,13.0,Tyrone Taylor strikes out swinging.,R,R,L,COL,NYM,S,2.0,,0,2,2024,-0.08,-0.35,-0.9398936968608737,1.2383423101052142,,,664056.0,2,2,Top,,,,,,,-8.161286781393036,-122.56461245520254,-2.78627729118916,0.4991945442296535,19.823525272175715,-35.49860075769452,3.41,1.6,,,,85.4,2436.0,6.7,746519,553869,669911,663898,641857,678662,595909,686668,592178,53.85,,0.0,0.0,1.0,0.0,0.0,,12,4,Knuckle Curve,0,2,2,0,2,0,2,0,Standard,Standard,339.0,0.011,-0.17,72.9,8.2,1.525600212,,0.17,,-2,2,0.33,0.67,31,30,31,30,1,0,6.0,1,5.0,1,3.52,-0.08,0.08,21.3,23.12769897751943,-27.7558181181078,46.45056468396554,25.475350071787982,42.88139816472331,batter
KC,2024-08-06,84.5,2.78,5.47,"Taylor, Tyrone",621438,607536,,foul,,,,,13.0,,R,R,L,COL,NYM,S,,,0,2,2024,0.05,-0.23,-0.7494367525750807,1.1651414757428005,,,664056.0,2,2,Top,,,,,,,-8.385970471018444,-123.03151663804856,-3.3542549718138908,1.87923429460549,19.264403122246875,-34.20324122520717,3.41,1.6,5.0,75.4,-15.0,85.9,2435.0,6.7,746519,553869,669911,663898,641857,678662,595909,686668,592178,53.83,,,,,,,,12,3,Knuckle Curve,0,2,2,0,2,0,2,0,Standard,Standard,334.0,0.0,0.0,66.8,8.6,,,0.0,88.0,-2,2,0.33,0.67,31,30,31,30,1,0,6.0,1,5.0,1,3.37,0.05,-0.05,20.2,23.541411609573892,-29.38639627808873,44.36447530942748,28.07437904933549,47.09869339097042,batter
FC,2024-08-06,88.5,2.62,5.63,"Taylor, Tyrone",621438,607536,,foul,,,,,2.0,,R,R,L,COL,NYM,S,,,0,1,2024,-0.18,0.64,-0.2630600817323241,3.2153989682749176,,,664056.0,2,2,Top,,,,,,,-6.687065343402774,-128.98895097893316,-1.296363818445193,-0.9863295860039044,21.280991596915,-24.92029138366104,3.41,1.6,316.0,97.6,46.0,89.8,2375.0,6.6,746519,553869,669911,663898,641857,678662,595909,686668,592178,53.94,,,,,,,,12,2,Cutter,0,2,2,0,2,0,2,0,Standard,Standard,147.0,0.004,-0.054,74.6,8.1,,,0.054,97.6,-2,2,0.326,0.674,31,30,31,30,1,0,6.0,1,5.0,1,2.22,-0.18,0.18,23.3,22.168561371418757,-19.409718509633223,32.71291954002664,33.95780731681678,38.49653244225618,batter
CH,2024-08-06,87.2,2.6,5.71,"Taylor, Tyrone",621438,607536,,foul,,,,,5.0,,R,R,L,COL,NYM,S,,,0,0,2024,0.89,0.28,-0.0971931059748341,2.17488824421553,,,664056.0,2,2,Top,,,,,,,-8.363732040172385,-126.79724784117538,-2.992517985854346,11.22487676791784,22.85360829112385,-28.75545909582157,3.41,1.6,16.0,99.9,-7.0,88.1,1677.0,6.6,746519,553869,669911,663898,641857,678662,595909,686668,592178,53.9,,,,,,,,12,1,Changeup,0,2,2,0,2,0,2,0,Standard,Standard,133.0,0.003,-0.047,73.1,8.0,,,0.047,99.9,-2,2,0.323,0.677,31,30,31,30,1,0,6.0,1,5.0,1,2.69,0.89,-0.89,31.4,15.833825766608326,-12.566871640331891,39.38079549748552,35.83107481015166,34.77202151062361,batter
FF,2024-08-06,96.9,-2.28,5.32,"Taylor, Tyrone",621438,680767,field_out,hit_into_play,,,,,4.0,Tyrone Taylor lines out to center fielder Brenton Doyle.,R,R,R,COL,NYM,X,8.0,line_drive,3,1,2024,-0.6,1.07,-0.4723037250322727,2.8087159198172253,,,664056.0,1,9,Top,118.12,77.12,,,,,6.254265401062357,-141.2506433909328,-3.767264333480592,-9.29646525909,25.79739887755952,-17.140548089849187,3.41,1.6,304.0,84.3,26.0,98.7,2397.0,6.8,746519,553869,669911,663898,641857,678662,656541,686668,595909,53.74,0.116,0.117,0.0,1.0,0.0,0.0,3.0,72,5,4-Seam Fastball,6,3,3,6,3,6,3,6,Standard,Standard,216.0,0.046,-0.402,66.7,6.9,,0.168,0.402,88.0,3,-3,0.942,0.058,24,30,25,30,1,3,4.0,1,1.0,1,1.31,0.6,0.6,45.2,8.08535549104194,0.6568538224754867,37.033969516670695,30.316745997427205,26.28189801828389,batter
FF,2024-08-06,96.6,-2.08,5.3,"Taylor, Tyrone",621438,680767,,called_strike,,,,,4.0,,R,R,R,COL,NYM,S,,,3,0,2024,-0.54,1.03,-0.7742075382059774,2.138275152261997,,,664056.0,1,9,Top,,,,,,,4.731870916287047,-140.73873238674938,-5.363166786294884,-8.091380034662171,25.180962675647844,-17.430940902824002,3.37081068007623,1.36823510663855,,,,98.4,2343.0,6.8,746519,553869,669911,663898,641857,678662,656541,686668,595909,53.74,,,,,,,,72,4,4-Seam Fastball,6,3,3,6,3,6,3,6,Standard,Standard,218.0,0.011,-0.047,,,,,0.047,,3,-3,0.931,0.069,24,30,25,30,1,3,4.0,1,1.0,1,1.36,0.54,0.54,47.5,,,,,,batter
FF,2024-08-06,96.6,-2.34,5.05,"Taylor, Tyrone",621438,680767,,blocked_ball,,,,,14.0,,R,R,R,COL,NYM,B,,,2,0,2024,-0.64,1.01,0.3523357109869643,0.2368047301409397,,,664056.0,1,9,Top,,,,,,,8.714135359365326,-140.40500032916088,-9.74388253043534,-10.143456278665615,25.06286675570804,-16.91718243088465,3.35220323217624,1.60857383842682,,,,98.3,2357.0,6.8,746519,553869,669911,663898,641857,678662,656541,686668,595909,53.66,,,,,,,,72,3,4-Seam Fastball,6,3,3,6,3,6,3,6,Standard,Standard,225.0,-0.016,0.102,,,,,-0.102,,3,-3,0.947,0.053,24,30,25,30,1,3,4.0,1,1.0,1,1.4,0.64,0.64,32.9,,,,,,batter
SL,2024-08-06,86.4,-2.19,5.18,"Taylor, Tyrone",621438,680767,,blocked_ball,,,,,14.0,,R,R,R,COL,NYM,B,,,1,0,2024,0.15,-0.35,1.0406908936456132,0.2024210943946847,,,664056.0,1,9,Top,,,,,,,7.469334782865022,-125.69167559976556,-5.07102085714823,0.3078094000691829,21.60064673952772,-35.17292270870264,3.47301209340349,1.54432411324267,,,,87.8,2282.0,6.9,746519,553869,669911,663898,641857,678662,656541,686668,595909,53.64,,,,,,,,72,2,Slider,6,3,3,6,3,6,3,6,Standard,Standard,58.0,-0.011,0.056,,,,,-0.056,,3,-3,0.958,0.042,24,30,25,30,1,3,4.0,1,1.0,1,3.36,-0.15,-0.15,44.1,,,,,,batter
SL,2024-08-06,85.1,-2.56,5.02,"Taylor, Tyrone",621438,680767,,ball,,,,,11.0,,R,R,R,COL,NYM,B,,,0,0,2024,0.24,-0.36,-0.9153076765806628,2.9455222805203185,,,664056.0,1,9,Top,,,,,,,3.42690086852946,-124.08536806965124,2.0089435600564296,1.9842652018389249,18.268020957368588,-36.405940078548525,3.45821755216124,1.56661732715779,,,,87.0,2301.0,6.8,746519,553869,669911,663898,641857,678662,656541,686668,595909,53.72,,,,,,,,72,1,Slider,6,3,3,6,3,6,3,6,Standard,Standard,73.0,-0.005,0.036,,,,,-0.036,,3,-3,0.963,0.037,24,30,25,30,1,3,4.0,1,1.0,1,3.43,-0.24,-0.24,39.3,,,,,,batter
SL,2024-08-06,84.3,-0.86,5.95,"Taylor, Tyrone",621438,683409,field_out,hit_into_play,,,,,2.0,Tyrone Taylor lines out sharply to third baseman Ryan McMahon.,R,R,R,COL,NYM,X,5.0,line_drive,1,1,2024,0.12,-0.16,-0.1609062065748347,2.89940979400233,,,,1,7,Top,82.97,146.71,,,,,1.3880092522946776,-122.80094891135928,-0.4418490750099407,0.9543216279721866,23.429900426278248,-33.908800671575634,3.41,1.6,171.0,100.0,10.0,84.6,2036.0,6.3,746519,553869,669911,663898,641857,678662,595909,686668,592178,54.16,0.813,0.774,0.0,1.0,0.0,0.0,4.0,54,3,Slider,5,3,3,5,3,5,3,5,Standard,Standard,120.0,0.023,-0.243,69.5,7.3,,0.947,0.243,100.0,2,-2,0.85,0.15,21,30,22,30,1,2,3.0,1,1.0,1,3.35,-0.12,-0.12,40.7,16.55779020483108,-8.247935462486314,31.99972470499584,33.12619706120873,33.81644690743049,batter
SL,2024-08-06,83.8,-1.01,5.92,"Taylor, Tyrone",621438,683409,,ball,,,,,11.0,,R,R,R,COL,NYM,B,,,0,1,2024,0.17,-0.09,-1.2138391044722758,2.8044463052301785,,,,1,7,Top,,,,,,,-0.8196200334847024,-122.06229818176512,-0.6548825041584287,1.893946619634093,22.986310721250156,-33.16132894974477,3.33953535338368,1.37389938773384,,,,84.0,2105.0,6.3,746519,553869,669911,663898,641857,678662,595909,686668,592178,54.23,,,,,,,,54,2,Slider,5,3,3,5,3,5,3,5,Standard,Standard,73.0,-0.003,0.024,,,,,-0.024,,2,-2,0.853,0.147,21,30,22,30,1,2,3.0,1,1.0,1,3.32,-0.17,-0.17,40.7,,,,,,batter
SL,2024-08-06,85.2,-1.0,5.89,"Taylor, Tyrone",621438,683409,,called_strike,,,,,5.0,,R,R,R,COL,NYM,S,,,0,0,2024,0.16,0.05,-0.1387289203186872,2.2656243945334658,,,,1,7,Top,,,,,,,1.718440246153849,-124.3120089455186,-2.4857749405355207,1.4215573800821997,18.53555319797255,-31.48448616566915,3.30819847448853,1.41658132411095,,,,86.5,2022.0,6.4,746519,553869,669911,663898,641857,678662,595909,686668,592178,54.09,,,,,,,,54,1,Slider,5,3,3,5,3,5,3,5,Standard,Standard,168.0,0.004,-0.037,,,,,0.037,,2,-2,0.849,0.151,21,30,22,30,1,2,3.0,1,1.0,1,3.01,-0.16,-0.16,41.1,,,,,,batter
SI,2024-08-05,96.8,-1.58,6.03,"Taylor, Tyrone",621438,669467,double,hit_into_play,,,,,5.0,Tyrone Taylor doubles (13) on a line drive to right fielder Alec Burleson. Francisco Alvarez scores. Harrison Bader scores. Francisco Lindor scores.,R,R,R,STL,NYM,X,9.0,line_drive,1,2,2024,-0.74,1.28,0.0190601842512475,2.528309535495814,682626.0,664056.0,596019.0,1,5,Top,209.29,121.75,,,,,5.987688136036386,-140.7314901345392,-6.776545623479633,-11.127481073452753,31.4032415922943,-13.79021283083259,3.41,1.6,211.0,87.3,13.0,97.7,2117.0,6.8,745184,686780,502671,680977,571448,691026,502054,687363,676475,53.71,0.858,0.827,1.25,1.0,1.0,1.0,4.0,37,4,Sinker,0,2,2,0,5,0,5,0,Standard,Standard,186.0,-0.133,0.792,69.9,6.7,,1.011,-0.792,88.0,-2,2,0.192,0.808,25,30,26,30,3,2,7.0,2,5.0,1,1.15,0.74,0.74,65.7,-5.872792630107498,23.32353393709019,38.369580511526735,37.65369039696087,16.413265602715448,batter
SL,2024-08-05,86.6,-1.98,5.81,"Taylor, Tyrone",621438,669467,,called_strike,,,,,9.0,,R,R,R,STL,NYM,S,,,1,1,2024,0.22,-0.41,0.3089576438275234,2.174279998452157,682626.0,664056.0,596019.0,1,5,Top,,,,,,,5.057755107100098,-126.05920110932462,-1.6778137529039232,1.4035702522531817,24.654498676698456,-36.402426454253884,3.52642027863021,1.67697787731873,,,,87.7,2329.0,6.9,745184,686780,502671,680977,571448,691026,502054,687363,676475,53.64,,,,,,,,37,3,Slider,0,2,2,0,2,0,2,0,Standard,Standard,82.0,0.014,-0.07,,,,,0.07,,-2,2,0.178,0.822,25,30,26,30,3,2,7.0,2,5.0,1,3.43,-0.22,-0.22,54.3,,,,,,batter
KC,2024-08-05,78.5,-1.63,5.99,"Taylor, Tyrone",621438,669467,,ball,,,,,11.0,,R,R,R,STL,NYM,B,,,0,1,2024,0.46,-1.39,-0.073588902669954,4.864472777024579,682626.0,664056.0,596019.0,1,5,Top,,,,,,,2.540663518795304,-114.10809399496772,7.008658520079708,3.544470917910888,20.31077354556652,-45.78039886465407,3.52153073595377,1.67209063023572,,,,79.0,2924.0,6.6,745184,686780,502671,680977,571448,691026,502054,687363,676475,53.87,,,,,,,,37,2,Knuckle Curve,0,2,2,0,2,0,2,0,Standard,Standard,21.0,-0.006,0.017,,,,,-0.017,,-2,2,0.184,0.816,25,30,26,30,3,2,7.0,2,5.0,1,5.08,-0.46,-0.46,62.5,,,,,,batter
SI,2024-08-05,97.8,-1.7,5.99,"Taylor, Tyrone",621438,669467,,foul,,,,,8.0,,R,R,R,STL,NYM,S,,,0,0,2024,-0.5,1.21,-0.0021250401470481,2.0951610678079984,682626.0,664056.0,596019.0,1,5,Top,,,,,,,5.771628014439284,-142.2070493812868,-7.8350112295082,-8.141724652596595,33.42625778449001,-14.19066482052592,3.41,1.6,238.0,76.4,30.0,98.4,2134.0,6.7,745184,686780,502671,680977,571448,691026,502054,687363,676475,53.76,,,,,,,,37,1,Sinker,0,2,2,0,2,0,2,0,Standard,Standard,191.0,0.009,-0.041,69.9,6.9,,,0.041,88.0,-2,2,0.175,0.825,25,30,26,30,3,2,7.0,2,5.0,1,1.19,0.5,0.5,59.1,-9.273122010194726,15.7656369045946,42.70624654667196,37.955643444195125,15.397383173547382,batter
SI,2024-08-05,95.7,-1.6,6.03,"Taylor, Tyrone",621438,669467,field_out,hit_into_play,,,,,11.0,"Tyrone Taylor grounds out, third baseman Nolan Arenado to first baseman Paul Goldschmidt.",R,R,R,STL,NYM,X,5.0,ground_ball,0,1,2024,-0.84,1.05,-0.945343557817119,2.978391419893793,,,,2,3,Top,108.62,179.38,,,,,3.661957711928215,-139.35693941297217,-4.902204967998334,-11.755713101051423,28.24880218552305,-17.530586174177543,3.41,1.6,4.0,71.0,-35.0,96.9,2135.0,6.7,745184,686780,502671,680977,571448,691026,502054,687363,676475,53.78,0.085,0.077,0.0,1.0,0.0,0.0,2.0,18,2,Sinker,0,1,1,0,1,0,1,0,Standard,Standard,194.0,0.009,-0.215,67.1,5.8,,0.089,0.215,88.0,-1,1,0.428,0.572,25,30,26,30,2,1,7.0,2,5.0,1,1.41,0.84,0.84,59.6,-6.5265708451189175,19.73398412024744,42.85561319952043,26.092474389449865,20.792747156764893,batter
FF,2024-08-05,94.4,-1.71,5.99,"Taylor, Tyrone",621438,669467,,foul,,,,,9.0,,R,R,R,STL,NYM,S,,,0,0,2024,0.03,0.72,0.288056871341494,2.113018209875537,,,,2,3,Top,,,,,,,5.196586665158062,-137.49572852566735,-6.131923739663501,-0.6083549107735381,26.75199298591908,-21.952400237086938,3.41,1.6,264.0,92.2,18.0,95.9,2234.0,6.8,745184,686780,502671,680977,571448,691026,502054,687363,676475,53.66,,,,,,,,18,1,4-Seam Fastball,0,1,1,0,1,0,1,0,Standard,Standard,182.0,0.002,-0.041,69.4,6.7,,,0.041,92.2,-1,1,0.426,0.574,25,30,26,30,2,1,7.0,2,5.0,1,1.81,-0.03,-0.03,59.5,-4.236267486995618,20.161789546429496,41.00938432645396,40.958189385270906,17.787417538060247,batter
SI,2024-08-05,94.9,-1.72,5.66,"Taylor, Tyrone",621438,542888,field_out,hit_into_play,,,,,8.0,"Tyrone Taylor grounds out, third baseman Nolan Arenado to first baseman Paul Goldschmidt.",R,R,R,STL,NYM,X,5.0,ground_ball,0,1,2024,-1.15,0.68,-0.1724455827734137,1.9420911433854275,,,,2,7,Top,102.02,172.26,,,,,6.706729570570571,-137.9853273530448,-5.665747289890704,-16.208574273017135,29.34011424141255,-22.455277709048524,3.41,1.6,3.0,92.6,-30.0,96.2,1955.0,7.0,745184,686780,502671,680977,571448,691026,502054,687363,676475,53.53,0.085,0.077,0.0,1.0,0.0,0.0,2.0,53,2,Sinker,0,6,6,0,6,0,6,0,Standard,Standard,219.0,0.0,-0.215,71.7,7.7,,0.089,0.215,92.6,-6,6,0.02,0.98,33,30,34,30,1,3,3.0,2,3.0,1,1.85,1.15,1.15,36.7,11.04441062997648,-4.350123509119794,37.45370925800354,35.40600791193526,31.44299907148804,batter
FC,2024-08-05,91.8,-1.5,5.85,"Taylor, Tyrone",621438,542888,,called_strike,,,,,9.0,,R,R,R,STL,NYM,S,,,0,0,2024,0.32,0.89,0.5630261722869255,1.6308178343909057,,,,2,7,Top,,,,,,,4.55958544031313,-133.62766058018775,-6.901065859383763,3.0592969035962807,24.580356823220704,-20.26060596760041,3.41303907783593,1.71578545284098,,,,93.2,2538.0,6.8,745184,686780,502671,680977,571448,691026,502054,687363,676475,53.71,,,,,,,,53,1,Cutter,0,6,6,0,6,0,6,0,Standard,Standard,185.0,0.0,-0.041,,,,,0.041,,-6,6,0.02,0.98,33,30,34,30,1,3,3.0,2,3.0,1,1.78,-0.32,-0.32,48.1,,,,,,batter
SL,2024-08-05,87.1,-1.75,5.9,"Taylor, Tyrone",621438,669467,field_out,hit_into_play,,,,,9.0,"Tyrone Taylor grounds out, third baseman Nolan Arenado to first baseman Paul Goldschmidt.",R,R,R,STL,NYM,X,5.0,ground_ball,0,1,2024,0.43,-0.25,0.4801498686945448,2.09414992532866,,,,1,1,Top,109.64,176.33,,,,,4.5216642970014345,-126.91588449532723,-2.5238504224964817,3.8333487984195056,24.71225617081881,-34.629924695993026,3.41,1.6,5.0,90.7,-21.0,88.2,2474.0,6.8,745184,686780,502671,680977,571448,691026,502054,687363,676475,53.69,0.091,0.082,0.0,1.0,0.0,0.0,2.0,2,2,Slider,0,0,0,0,0,0,0,0,Standard,Standard,107.0,0.014,-0.219,73.7,7.8,,0.115,0.219,90.7,0,0,0.524,0.476,25,30,26,30,1,0,7.0,2,5.0,1,3.24,-0.43,-0.43,54.6,12.11204715185462,-6.102846953300894,33.71454583757659,42.27340967718928,36.93532744088976,batter
SI,2024-08-05,92.8,-1.67,6.0,"Taylor, Tyrone",621438,669467,,called_strike,,,,,1.0,,R,R,R,STL,NYM,S,,,0,0,2024,-0.82,1.2,-0.7097121416979484,3.089564477134595,,,,1,1,Top,,,,,,,4.279220645994031,-135.0521499855398,-4.305003427573364,-11.005826085383909,29.464863723765312,-16.694797738873266,3.43275476905228,1.66966209742,,,,93.3,2062.0,6.6,745184,686780,502671,680977,571448,691026,502054,687363,676475,53.9,,,,,,,,2,1,Sinker,0,0,0,0,0,0,0,0,Standard,Standard,203.0,0.002,-0.037,,,,,0.037,,0,0,0.522,0.478,25,30,26,30,1,0,7.0,2,5.0,1,1.44,0.82,0.82,58.5,,,,,,batter
SI,2024-08-03,97.4,-1.36,5.92,"Taylor, Tyrone",621438,667755,field_out,hit_into_play,,,,,8.0,Tyrone Taylor lines out sharply to center fielder Kevin Pillar.,R,R,R,LAA,NYM,X,8.0,line_drive,1,1,2024,-1.03,0.14,-0.0886465907362802,1.4826503636893391,,,,1,5,Top,106.59,44.52,,,,,5.794788218022118,-141.69003637553988,-6.783355175536887,-15.171429420901594,30.271625852907466,-29.04181191731414,3.44,1.57,384.0,105.0,18.0,98.1,1886.0,6.6,746194,681351,694384,683021,592273,687263,621493,607680,666176,53.95,0.399,0.6026363636363636,0.0,1.0,0.0,0.0,5.0,34,3,Sinker,1,0,0,1,0,1,0,1,Infield shade,Standard,236.0,0.022,-0.243,71.2,7.8,,1.072,0.243,105.0,1,-1,0.671,0.329,25,30,26,30,2,1,6.0,1,6.0,2,2.25,1.03,1.03,32.8,1.1266814046927838,-2.743944191175249,40.18186159200106,35.701568305410376,30.279862743896,batter
SL,2024-08-03,91.9,-1.17,5.98,"Taylor, Tyrone",621438,667755,,ball,,,,,14.0,,R,R,R,LAA,NYM,B,,,0,1,2024,0.04,0.2,1.3493136176778475,0.4096160128029784,,,,1,5,Top,,,,,,,6.340688469879948,-133.50839678319332,-8.758152097270992,-0.8977323279696218,28.504375856168767,-28.021631141401027,3.38067151999335,1.62450375244995,,,,92.5,2321.0,6.7,746194,681351,694384,683021,592273,687263,621493,607680,666176,53.81,,,,,,,,34,2,Slider,1,0,0,1,0,1,0,1,Infield shade,Standard,231.0,-0.002,0.024,,,,,-0.024,,1,-1,0.673,0.327,25,30,26,30,2,1,6.0,1,6.0,2,2.5,-0.04,-0.04,37.3,,,,,,batter
SI,2024-08-03,97.8,-1.29,5.95,"Taylor, Tyrone",621438,667755,,called_strike,,,,,7.0,,R,R,R,LAA,NYM,S,,,0,0,2024,-1.13,0.04,-0.3502799173897957,2.063102207310096,,,,1,5,Top,,,,,,,5.161115034455087,-142.29713242938624,-5.1092403993115,-16.529525022153933,31.860005626703774,-30.665919923907317,3.35316670435446,1.56604959922803,,,,98.5,1932.0,6.6,746194,681351,694384,683021,592273,687263,621493,607680,666176,53.88,,,,,,,,34,1,Sinker,1,0,0,1,0,1,0,1,Infield shade,Standard,237.0,0.003,-0.037,,,,,0.037,,1,-1,0.67,0.33,25,30,26,30,2,1,6.0,1,6.0,2,2.34,1.13,1.13,34.1,,,,,,batter
SI,2024-08-03,98.0,-1.18,6.0,"Taylor, Tyrone",621438,667755,strikeout,swinging_strike,,,,,5.0,Tyrone Taylor strikes out swinging.,R,R,R,LAA,NYM,S,2.0,,1,2,2024,-1.21,0.03,-0.1956188292885601,2.222180182073766,,,,0,3,Top,,,,,,,5.486390350494974,-142.65358803276652,-4.806781075244741,-17.739765305423525,33.03887055793122,-30.90099297725409,3.44,1.57,,,,98.8,1807.0,6.7,746194,681351,694384,683021,592273,687263,621493,607680,666176,53.79,,0.0,0.0,1.0,0.0,0.0,,19,5,Sinker,1,0,0,1,0,1,0,1,Infield shade,Standard,233.0,0.018,-0.186,74.0,7.8,2.432524572,,0.186,,1,-1,0.62,0.38,25,30,26,30,1,0,6.0,1,6.0,2,2.35,1.21,1.21,35.7,11.016595851051193,-11.196351066163569,30.523174013921345,34.42018687549074,31.3330813719607,batter
SL,2024-08-03,90.4,-1.09,5.99,"Taylor, Tyrone",621438,667755,,ball,,,,,14.0,,R,R,R,LAA,NYM,B,,,0,2,2024,0.08,0.1,0.9077569797702592,1.4164491558328924,,,,0,3,Top,,,,,,,4.853593650574823,-131.64849233098613,-5.762918273253187,-0.0112256818973977,26.112274286569576,-29.991723544398205,3.39314033859144,1.60962246008125,,,,91.4,2233.0,6.7,746194,681351,694384,683021,592273,687263,621493,607680,666176,53.81,,,,,,,,19,4,Slider,1,0,0,1,0,1,0,1,Infield shade,Standard,269.0,-0.002,0.023,,,,,-0.023,,1,-1,0.622,0.378,25,30,26,30,1,0,6.0,1,6.0,2,2.67,-0.08,-0.08,36.3,,,,,,batter
SL,2024-08-03,89.6,-1.1,6.01,"Taylor, Tyrone",621438,667755,,foul,,,,,8.0,,R,R,R,LAA,NYM,S,,,0,2,2024,0.24,-0.25,0.213204971323484,1.8589902827250704,,,,0,3,Top,,,,,,,2.7393922453578154,-130.50971468902003,-3.7730688424940655,2.230794898021877,26.73808761899704,-34.47119427034083,3.44,1.57,4.0,74.7,-25.0,90.3,2371.0,6.6,746194,681351,694384,683021,592273,687263,621493,607680,666176,53.89,,,,,,,,19,3,Slider,1,0,0,1,0,1,0,1,Infield shade,Standard,106.0,0.0,0.0,70.8,8.0,,,0.0,88.0,1,-1,0.622,0.378,25,30,26,30,1,0,6.0,1,6.0,2,3.08,-0.24,-0.24,36.7,9.005721098153883,-18.256478114395406,34.43986283392616,38.545430293309714,43.63901771883877,batter
KC,2024-08-03,87.4,-1.01,6.13,"Taylor, Tyrone",621438,667755,,called_strike,,,,,8.0,,R,R,R,LAA,NYM,S,,,0,1,2024,0.86,-0.54,-0.0075818336488164,1.5088199319303688,,,,0,3,Top,,,,,,,0.6514188453674639,-127.19387179833392,-3.814080381181817,9.059686421094105,28.97269175485229,-37.34790293346086,3.37765287381797,1.62470170072488,,,,87.4,2463.0,6.5,746194,681351,694384,683021,592273,687263,621493,607680,666176,54.0,,,,,,,,19,2,Knuckle Curve,1,0,0,1,0,1,0,1,Infield shade,Standard,26.0,0.006,-0.054,,,,,0.054,,1,-1,0.616,0.384,25,30,26,30,1,0,6.0,1,6.0,2,3.55,-0.86,-0.86,41.9,,,,,,batter
SI,2024-08-03,97.9,-1.19,6.06,"Taylor, Tyrone",621438,667755,,called_strike,,,,,5.0,,R,R,R,LAA,NYM,S,,,0,0,2024,-1.34,0.35,0.2114928940839819,2.356507272010437,,,,0,3,Top,,,,,,,6.893447632017599,-142.4003360767545,-5.309094528823236,-19.83816603662133,33.19251626680972,-26.399957606047774,3.35877609993707,1.51384259026333,,,,98.1,1982.0,6.4,746194,681351,694384,683021,592273,687263,621493,607680,666176,54.05,,,,,,,,19,1,Sinker,1,0,0,1,0,1,0,1,Infield shade,Standard,231.0,0.004,-0.037,,,,,0.037,,1,-1,0.612,0.388,25,30,26,30,1,0,6.0,1,6.0,2,2.04,1.34,1.34,35.3,,,,,,batter
SI,2024-08-03,94.3,-0.72,5.84,"Taylor, Tyrone",621438,668968,strikeout,called_strike,,,,,6.0,Tyrone Taylor called out on strikes.,R,R,R,LAA,NYM,S,2.0,,2,2,2024,-1.19,1.41,0.5430663444312884,2.2551154646564804,,,643446.0,0,7,Top,,,,,,,5.757216340673757,-137.16743880471998,-6.602561774479497,-16.265201894335945,30.731037858626607,-13.03897864726486,3.38404238625763,1.69224693054926,,,,92.1,2331.0,5.0,746194,681351,694384,683021,592273,687263,621493,607680,666176,55.48,,0.0,0.0,1.0,0.0,0.0,,51,7,Sinker,2,0,0,2,0,2,0,2,Infield shade,Standard,238.0,0.047,-0.228,,,,,0.228,,2,-2,0.762,0.238,25,30,26,30,1,2,2.0,1,4.0,2,1.15,1.19,1.19,26.7,,,,,,batter
SL,2024-08-03,84.5,-1.12,5.72,"Taylor, Tyrone",621438,668968,,blocked_ball,,,,,14.0,,R,R,R,LAA,NYM,B,,,1,2,2024,-0.41,0.4,1.817385363315903,0.4544514175565664,,,643446.0,0,7,Top,,,,,,,7.486135833768192,-122.7960906604796,-6.589678061345335,-5.611119866619027,23.0933386580906,-27.00333229866024,3.35562652680827,1.63307538335394,,,,82.8,2234.0,5.1,746194,681351,694384,683021,592273,687263,621493,607680,666176,55.38,,,,,,,,51,6,Slider,2,0,0,2,0,2,0,2,Infield shade,Standard,311.0,-0.008,0.045,,,,,-0.045,,2,-2,0.77,0.23,25,30,26,30,1,2,2.0,1,4.0,2,2.79,0.41,0.41,24.8,,,,,,batter
SI,2024-08-03,93.8,-0.99,5.76,"Taylor, Tyrone",621438,668968,,foul,,,,,11.0,,R,R,R,LAA,NYM,S,,,1,2,2024,-1.26,1.0,-1.0866663048011806,2.5517485191530174,,,643446.0,0,7,Top,,,,,,,2.471456286653736,-136.5797053355945,-4.691263352964366,-16.32416788597689,30.504745047816066,-18.8497597732963,3.44,1.57,,,,91.7,2061.0,5.0,746194,681351,694384,683021,592273,687263,621493,607680,666176,55.49,,,,,,,,51,5,Sinker,2,0,0,2,0,2,0,2,Infield shade,Standard,243.0,0.0,0.0,71.9,7.1,,,0.0,,2,-2,0.77,0.23,25,30,26,30,1,2,2.0,1,4.0,2,1.59,1.26,1.26,24.3,8.036883862130122,-18.558666199237354,40.38561371833705,23.54339464253072,34.215006755239564,batter
SL,2024-08-03,84.0,-1.08,5.68,"Taylor, Tyrone",621438,668968,,foul,,,,,4.0,,R,R,R,LAA,NYM,S,,,1,2,2024,-0.26,0.2,-0.5416228730762024,2.6928640887301656,,,643446.0,0,7,Top,,,,,,,1.70922923928298,-122.3787578666368,-0.9368802275951296,-2.917801171259727,24.29052243983231,-30.15015230722697,3.44,1.57,,,,82.3,2253.0,5.1,746194,681351,694384,683021,592273,687263,621493,607680,666176,55.39,,,,,,,,51,4,Slider,2,0,0,2,0,2,0,2,Infield shade,Standard,311.0,0.0,0.0,64.6,6.4,,,0.0,,2,-2,0.77,0.23,25,30,26,30,1,2,2.0,1,4.0,2,3.02,0.26,0.26,24.3,-3.385126395417016,5.5795856536945,35.65868810635492,29.193946881400382,21.210013520302734,batter
SI,2024-08-03,93.8,-0.76,5.83,"Taylor, Tyrone",621438,668968,,foul,,,,,6.0,,R,R,R,LAA,NYM,S,,,1,1,2024,-1.11,1.24,0.4816749819129777,2.68809397374866,,,643446.0,0,7,Top,,,,,,,5.515653034161784,-136.4319462073529,-5.0095369655543065,-15.035160938641638,30.35395948720277,-15.840524698220078,3.44,1.57,214.0,76.4,51.0,91.5,2325.0,5.0,746194,681351,694384,683021,592273,687263,621493,607680,666176,55.52,,,,,,,,51,3,Sinker,2,0,0,2,0,2,0,2,Infield shade,Standard,239.0,0.013,-0.049,69.6,7.4,,,0.049,88.0,2,-2,0.757,0.243,25,30,26,30,1,2,2.0,1,4.0,2,1.36,1.11,1.11,26.4,4.254082740473759,2.282906002201777,33.486765465814905,42.51371759469404,27.56332212669856,batter
SL,2024-08-03,84.4,-1.15,5.75,"Taylor, Tyrone",621438,668968,,called_strike,,,,,6.0,,R,R,R,LAA,NYM,S,,,1,0,2024,-0.15,0.26,0.6616156403769237,2.183346201685003,,,643446.0,0,7,Top,,,,,,,4.418694799651109,-122.9352999509952,-2.438805151570282,-2.392139486037707,24.66593133732803,-29.2423812152368,3.28226393793554,1.59013376774709,,,,82.7,2323.0,5.1,746194,681351,694384,683021,592273,687263,621493,607680,666176,55.38,,,,,,,,51,2,Slider,2,0,0,2,0,2,0,2,Infield shade,Standard,307.0,0.012,-0.049,,,,,0.049,,2,-2,0.745,0.255,25,30,26,30,1,2,2.0,1,4.0,2,2.93,0.15,0.15,25.4,,,,,,batter
SI,2024-08-03,93.6,-0.95,5.72,"Taylor, Tyrone",621438,668968,,ball,,,,,11.0,,R,R,R,LAA,NYM,B,,,0,0,2024,-1.28,0.88,-0.928151644593202,2.4582123133941884,,,643446.0,0,7,Top,,,,,,,2.811384662610078,-136.2152209179942,-4.503217098743533,-16.558795822159826,30.7446921795855,-20.46102786646944,3.26055752535371,1.62921021299253,,,,91.4,2383.0,5.0,746194,681351,694384,683021,592273,687263,621493,607680,666176,55.5,,,,,,,,51,1,Sinker,2,0,0,2,0,2,0,2,Infield shade,Standard,239.0,-0.009,0.041,,,,,-0.041,,2,-2,0.754,0.246,25,30,26,30,1,2,2.0,1,4.0,2,1.73,1.28,1.28,22.2,,,,,,batter
SI,2024-08-03,96.7,-1.63,5.17,"Taylor, Tyrone",621438,690829,field_out,hit_into_play,,,,,1.0,"Tyrone Taylor grounds out, third baseman Brandon Drury to first baseman Nolan Schanuel.",R,R,R,LAA,NYM,X,5.0,ground_ball,0,2,2024,-1.08,0.13,-0.4201788628034923,2.925758255875156,578428.0,,,2,8,Top,94.84,167.62,,,,,5.7325034158796,-140.88389981243623,-0.779878930230032,-15.64043922542805,29.338612214059197,-30.4495453597226,3.44,1.57,29.0,65.9,-3.0,97.8,1696.0,6.7,746194,681351,694384,641645,592273,687263,621493,607680,666176,53.82,0.097,0.089,0.0,1.0,0.0,0.0,2.0,67,4,Sinker,5,4,4,5,4,5,4,5,Standard,Standard,235.0,0.058,-0.182,70.9,7.2,,0.101,0.182,88.0,1,-1,0.809,0.191,23,30,24,30,1,3,2.0,1,5.0,2,2.28,1.08,1.08,28.8,2.8172732552260724,-4.07847205827602,29.402545224521937,30.202577044387485,29.67372431916017,batter
FF,2024-08-03,102.8,-1.64,5.26,"Taylor, Tyrone",621438,690829,,foul,,,,,6.0,,R,R,R,LAA,NYM,S,,,0,2,2024,-0.96,1.54,0.7564286301445144,2.2186860086562006,578428.0,,,2,8,Top,,,,,,,9.18769647775828,-149.33763285745013,-7.128878242655748,-16.65529098460902,36.35125207414511,-7.614773203226296,3.44,1.57,,,,103.3,2423.0,6.7,746194,681351,694384,641645,592273,687263,621493,607680,666176,53.84,,,,,,,,67,3,4-Seam Fastball,5,4,4,5,4,5,4,5,Standard,Standard,223.0,0.0,0.0,65.9,7.5,,,0.0,,1,-1,0.809,0.191,23,30,24,30,1,3,2.0,1,5.0,2,0.63,0.96,0.96,27.8,5.434822108289758,12.449766190740092,33.86460656771996,45.69265573231156,23.990919266138476,batter
SI,2024-08-03,97.3,-1.63,5.23,"Taylor, Tyrone",621438,690829,,swinging_strike,,,,,13.0,,R,R,R,LAA,NYM,S,,,0,1,2024,-1.38,0.35,-0.0177336511734942,1.318305539961495,578428.0,,,2,8,Top,,,,,,,7.5445815984461,-141.4160386497835,-5.806498036252748,-20.26419304490174,32.0717231446896,-26.29130700709525,3.44,1.57,,,,98.0,1904.0,6.7,746194,681351,694384,641645,592273,687263,621493,607680,666176,53.77,,,,,,,,67,2,Sinker,5,4,4,5,4,5,4,5,Standard,Standard,232.0,0.024,-0.058,76.9,8.1,1.427259168,,0.058,,1,-1,0.785,0.215,23,30,24,30,1,3,2.0,1,5.0,2,2.06,1.38,1.38,33.1,11.282991791826433,-11.44798346960319,36.94467589935017,36.667000217088216,35.60116515414669,batter
SI,2024-08-03,96.7,-1.71,5.2,"Taylor, Tyrone",621438,690829,,called_strike,,,,,5.0,,R,R,R,LAA,NYM,S,,,0,0,2024,-1.16,0.35,-0.2372412130266299,2.2615782870865493,578428.0,,,2,8,Top,,,,,,,6.6146255640996605,-140.77042039400638,-3.1098798759789044,-16.950249187029705,31.67138773794053,-26.97248817191468,3.34713252746715,1.6535485651489,,,,97.3,1986.0,6.6,746194,681351,694384,641645,592273,687263,621493,607680,666176,53.92,,,,,,,,67,1,Sinker,5,4,4,5,4,5,4,5,Standard,Standard,260.0,0.014,-0.039,,,,,0.039,,1,-1,0.771,0.229,23,30,24,30,1,3,2.0,1,5.0,2,2.08,1.16,1.16,27.9,,,,,,batter
CH,2024-08-02,78.8,1.25,6.49,"Taylor, Tyrone",621438,542881,field_out,hit_into_play,,,,,8.0,Tyrone Taylor pops out to shortstop Zach Neto.,R,R,L,LAA,NYM,X,6.0,popup,1,1,2024,1.0,0.96,0.15070166708494,2.033873521543688,624413.0,,578428.0,1,5,Top,104.36,129.27,,,,,-4.238686607376713,-114.69307781303284,-4.624329871681555,9.655689953191091,21.72246631265197,-23.01392659845012,3.44,1.57,171.0,80.3,63.0,78.4,1928.0,6.1,746193,681351,694384,641645,592273,687263,621493,666176,666160,54.43,0.013,0.013,0.0,1.0,0.0,0.0,3.0,42,3,Changeup,1,3,3,1,3,1,3,1,Strategic,Standard,142.0,0.05,-0.101,74.4,8.5,,0.019,0.101,88.0,-2,2,0.199,0.801,34,30,35,30,3,2,6.0,2,6.0,1,2.71,1.0,-1.0,62.5,21.15822556471198,-20.78459778311468,38.40766213778517,38.00042628509788,45.5070039627912,batter
CH,2024-08-02,77.9,1.14,6.47,"Taylor, Tyrone",621438,542881,,swinging_strike,,,,,14.0,,R,R,L,LAA,NYM,S,,,1,0,2024,0.98,1.02,0.2882971638255821,0.7355399077354585,624413.0,,578428.0,1,5,Top,,,,,,,-3.6243047345840766,-113.29416120970134,-7.262040274576497,9.12464627865569,20.438805164544007,-22.30120985239505,3.44,1.57,,,,77.7,1907.0,6.1,746193,681351,694384,641645,592273,687263,621493,666176,666160,54.38,,,,,,,,42,2,Changeup,1,3,3,1,3,1,3,1,Strategic,Standard,143.0,0.005,-0.062,66.7,8.7,16.787659416,,0.062,,-2,2,0.194,0.806,34,30,35,30,3,2,6.0,2,6.0,1,2.74,0.98,-0.98,62.5,32.291136866119004,-45.43448225391441,43.16918976047067,39.16738503535694,64.27740757911758,batter
FF,2024-08-02,90.5,1.44,6.38,"Taylor, Tyrone",621438,542881,,ball,,,,,11.0,,R,R,L,LAA,NYM,B,,,0,0,2024,0.29,1.51,-1.1602020770499288,2.7758182511678164,624413.0,,578428.0,1,5,Top,,,,,,,-7.065333986654785,-131.55337587384346,-6.226144136149306,4.875673326349846,29.128802630583166,-13.442584252708857,3.38284837642419,1.73136912618546,,,,90.0,2226.0,6.2,746193,681351,694384,641645,592273,687263,621493,666176,666160,54.34,,,,,,,,42,1,4-Seam Fastball,1,3,3,1,3,1,3,1,Strategic,Standard,161.0,-0.002,0.024,,,,,-0.024,,-2,2,0.196,0.804,34,30,35,30,3,2,6.0,2,6.0,1,1.28,0.29,-0.29,53.6,,,,,,batter
FF,2024-08-02,89.8,1.17,6.38,"Taylor, Tyrone",621438,542881,field_out,hit_into_play,,,,,11.0,Tyrone Taylor pops out softly to first baseman Nolan Schanuel in foul territory.,R,R,L,LAA,NYM,X,3.0,popup,0,0,2024,0.2,1.71,-0.9177635166355704,3.048393187200314,,,578428.0,2,3,Top,152.97,179.3,,,,,-5.567317013745634,-130.54251265793576,-5.840542621721819,3.508479773166968,28.658567629446235,-11.636313146162289,3.44,1.57,88.0,57.3,71.0,89.4,2155.0,6.2,746193,681351,694384,641645,650859,687263,621493,666176,666160,54.33,0.003,0.002,0.0,1.0,0.0,0.0,1.0,25,1,4-Seam Fastball,1,3,3,1,3,1,3,1,Standard,Standard,160.0,0.019,-0.271,67.7,6.6,,0.003,0.271,88.0,-2,2,0.309,0.691,34,30,35,30,2,1,6.0,2,6.0,1,1.14,0.2,-0.2,56.0,4.620770249060832,1.9432092459367207,37.70933588040307,25.92381967486968,25.2631571770991,batter
CH,2024-08-02,78.9,1.26,6.4,"Taylor, Tyrone",621438,542881,field_out,hit_into_play,,,,,4.0,Tyrone Taylor flies out to left fielder Taylor Ward.,R,R,L,LAA,NYM,X,7.0,fly_ball,1,2,2024,0.97,0.9,-0.5594966637452684,2.2100052029014448,,578428.0,,0,2,Top,58.54,100.0,,,,,-5.730932927710502,-114.78587151949375,-3.948023276996391,9.653462054137645,21.262359676219035,-23.717840874334783,3.44,1.57,296.0,81.5,30.0,78.6,1860.0,6.1,746193,681351,694384,641645,650859,687263,621493,666176,666160,54.44,0.068,0.068,0.0,1.0,0.0,0.0,3.0,11,4,Changeup,0,0,0,0,0,0,0,0,Infield shade,Standard,142.0,0.03,-0.194,70.6,7.7,,0.102,0.194,88.0,0,0,0.45,0.55,34,30,35,30,1,0,6.0,2,6.0,1,2.77,0.97,-0.97,61.6,15.41338696476679,-11.40261064423705,39.58439072365319,29.835025859497826,35.58664472321962,batter
FF,2024-08-02,89.5,1.31,6.5,"Taylor, Tyrone",621438,542881,,foul,,,,,1.0,,R,R,L,LAA,NYM,S,,,1,1,2024,0.41,1.61,-0.5170513825895016,3.145755989887964,,578428.0,,0,2,Top,,,,,,,-5.337033457251884,-130.15122520244884,-5.60275670272332,5.788916571530947,28.33097820203492,-12.902114252498048,3.44,1.57,160.0,61.3,44.0,88.9,2163.0,6.0,746193,681351,694384,641645,650859,687263,621493,666176,666160,54.49,,,,,,,,11,3,4-Seam Fastball,0,0,0,0,0,0,0,0,Standard,Standard,159.0,0.011,-0.073,72.6,7.3,,,0.073,88.0,0,0,0.439,0.561,34,30,35,30,1,0,6.0,2,6.0,1,1.25,0.41,-0.41,58.1,11.056250573282467,-2.664723977921066,32.91935772304792,30.17021432071745,31.248518001930865,batter
CH,2024-08-02,76.8,1.12,6.56,"Taylor, Tyrone",621438,542881,,called_strike,,,,,14.0,,R,R,L,LAA,NYM,S,,,1,0,2024,0.89,1.24,0.8707964883714562,2.087095751861475,,578428.0,,0,2,Top,,,,,,,-2.1278522605939223,-111.88104307943269,-4.730185109364728,7.87534963275858,19.82096829484556,-21.12222333869856,3.36202223640646,1.65292026601004,,,,76.7,1829.0,6.1,746193,681351,694384,641645,650859,687263,621493,666176,666160,54.41,,,,,,,,11,2,Changeup,0,0,0,0,0,0,0,0,Infield shade,Standard,143.0,0.005,-0.036,,,,,0.036,,0,0,0.434,0.566,34,30,35,30,1,0,6.0,2,6.0,1,2.61,0.89,-0.89,62.3,,,,,,batter
CH,2024-08-02,77.3,1.13,6.62,"Taylor, Tyrone",621438,542881,,ball,,,,,14.0,,R,R,L,LAA,NYM,B,,,0,0,2024,1.04,1.11,0.5107976278799986,1.3973399926083707,,578428.0,,0,2,Top,,,,,,,-3.2135310674552997,-112.45844598322589,-6.2199929640849225,9.44838603646573,19.5953437283762,-21.824697555008512,3.40422245773502,1.66385216168068,,,,77.2,1803.0,6.2,746193,681351,694384,641645,650859,687263,621493,666176,666160,54.34,,,,,,,,11,1,Changeup,0,0,0,0,0,0,0,0,Infield shade,Standard,145.0,-0.003,0.038,,,,,-0.038,,0,0,0.437,0.563,34,30,35,30,1,0,6.0,2,6.0,1,2.69,1.04,-1.04,63.9,,,,,,batter
SI,2024-08-02,98.1,-1.78,5.62,"Taylor, Tyrone",621438,665896,single,hit_into_play,,,,,1.0,Tyrone Taylor singles on a ground ball to first baseman Nolan Schanuel.,R,R,R,LAA,NYM,X,3.0,ground_ball,2,2,2024,-1.24,0.61,-0.7665064731328566,3.38773090394515,,,,2,9,Top,156.07,158.68,,,,,5.680839186052451,-142.8024633455319,-1.9947002090870427,-18.246545065708883,33.46478056235562,-23.57078005623253,3.44,1.57,64.0,65.4,4.0,99.0,2032.0,6.8,746193,681351,694384,641645,592273,687263,621493,666176,666160,53.66,0.186,0.167,0.9,1.0,1.0,0.0,2.0,73,5,Sinker,1,5,5,1,5,1,5,1,Standard,Standard,217.0,-0.001,0.37,56.2,5.5,,0.21,-0.37,88.0,-4,4,0.018,0.982,28,30,28,30,1,4,2.0,2,2.0,1,1.76,1.24,1.24,30.1,-4.724488319381746,20.73963606928469,29.02557719915529,26.497903113729755,16.286311589545743,batter
SL,2024-08-02,87.5,-1.79,5.39,"Taylor, Tyrone",621438,665896,,ball,,,,,14.0,,R,R,R,LAA,NYM,B,,,1,2,2024,0.53,-0.04,1.3468497309352805,1.563013493392731,,,,2,9,Top,,,,,,,6.560430864896032,-127.43247621540768,-3.1175035651005283,4.557418740389349,23.619489456641105,-32.190732164297,3.43999839539812,1.6179292446457,,,,89.0,2696.0,6.9,746193,681351,694384,641645,592273,687263,621493,666176,666160,53.55,,,,,,,,73,4,Slider,1,5,5,1,5,1,5,1,Standard,Standard,82.0,0.0,0.039,,,,,-0.039,,-4,4,0.018,0.982,28,30,28,30,1,4,2.0,2,2.0,1,2.99,-0.53,-0.53,24.7,,,,,,batter
SI,2024-08-02,97.2,-1.88,5.56,"Taylor, Tyrone",621438,665896,,foul,,,,,13.0,,R,R,R,LAA,NYM,S,,,1,1,2024,-1.36,0.35,-1.051579771076634,2.318305488275477,,,,2,9,Top,,,,,,,5.407562135570772,-141.40839355562045,-3.981310694516796,-19.490087282766872,33.05818222303079,-26.810594040373854,3.44,1.57,3.0,82.7,-41.0,98.2,2143.0,6.9,746193,681351,694384,641645,592273,687263,621493,666176,666160,53.58,,,,,,,,73,3,Sinker,1,5,5,1,5,1,5,1,Infield shade,Standard,227.0,0.0,-0.064,69.6,6.5,,,0.064,88.0,-4,4,0.018,0.982,28,30,28,30,1,4,2.0,2,2.0,1,2.07,1.36,1.36,29.7,-5.585323542148886,8.067900478764338,43.17120814872083,23.83007037446589,21.140350384348302,batter
SL,2024-08-02,86.4,-2.05,5.29,"Taylor, Tyrone",621438,665896,,ball,,,,,14.0,,R,R,R,LAA,NYM,B,,,0,1,2024,0.55,-0.33,1.4248868236412011,2.08880531755342,,,,2,9,Top,,,,,,,7.234169294472384,-125.653624432532,-0.694218388041155,4.32344789649059,26.59122394257185,-35.72288211239516,3.44790988565876,1.73346438264131,,,,87.2,2607.0,7.0,746193,681351,694384,641645,592273,687263,621493,666176,666160,53.55,,,,,,,,73,2,Slider,1,5,5,1,5,1,5,1,Infield shade,Standard,95.0,0.0,0.029,,,,,-0.029,,-4,4,0.018,0.982,28,30,28,30,1,4,2.0,2,2.0,1,3.4,-0.55,-0.55,27.0,,,,,,batter
SL,2024-08-02,85.0,-2.15,5.38,"Taylor, Tyrone",621438,665896,,called_strike,,,,,6.0,,R,R,R,LAA,NYM,S,,,0,0,2024,0.56,0.04,0.5587424685584678,2.259094742198384,,,,2,9,Top,,,,,,,5.289769764817776,-123.77994051184176,-1.1144622317039925,4.747739498584096,23.136087979413876,-31.740271847041964,3.33815913702239,1.53012618179832,,,,86.1,2594.0,6.8,746193,681351,694384,641645,592273,687263,621493,666176,666160,53.67,,,,,,,,73,1,Slider,1,5,5,1,5,1,5,1,Infield shade,Standard,77.0,0.0,-0.041,,,,,0.041,,-4,4,0.018,0.982,28,30,28,30,1,4,2.0,2,2.0,1,3.09,-0.56,-0.56,26.6,,,,,,batter
FF,2024-08-02,95.8,-1.42,5.84,"Taylor, Tyrone",621438,672710,single,hit_into_play,,,,,4.0,Tyrone Taylor singles on a line drive to left fielder Taylor Ward.,R,R,R,LAA,NYM,X,7.0,line_drive,1,0,2024,-0.41,1.43,-0.3547637366079567,2.1908714922505643,,,,0,7,Top,67.34,93.45,,,,,3.743883683748536,-139.28986541161024,-7.266505243407745,-6.188128793451692,32.04760245411762,-12.146662506944772,3.44,1.57,153.0,108.1,7.0,96.0,2331.0,6.5,746193,681351,694384,641645,592273,687263,621493,666176,666160,53.97,0.653,0.599,0.9,1.0,1.0,0.0,4.0,58,2,4-Seam Fastball,1,5,5,1,5,1,5,1,Infield shade,Standard,205.0,-0.007,0.41,71.8,7.2,,0.754,-0.41,108.1,-4,4,0.058,0.942,24,30,25,30,1,3,5.0,2,2.0,1,1.06,0.41,0.41,52.5,6.460677266353912,-4.413866149776041,39.93960445648253,31.22944194605354,31.059917621390163,batter
FF,2024-08-02,95.7,-1.43,5.8,"Taylor, Tyrone",621438,672710,,ball,,,,,14.0,,R,R,R,LAA,NYM,B,,,0,0,2024,-0.31,1.39,0.4663119084262945,1.2813300374051535,,,,0,7,Top,,,,,,,5.721420723371827,-139.02659515947855,-9.443116018309189,-5.311300492325799,31.682732200851365,-12.240441702454206,3.35758140769436,1.56999841737805,,,,95.9,2389.0,6.5,746193,681351,694384,641645,592273,687263,621493,666176,666160,53.96,,,,,,,,58,1,4-Seam Fastball,1,5,5,1,5,1,5,1,Infield shade,Standard,202.0,-0.001,0.038,,,,,-0.038,,-4,4,0.059,0.941,24,30,25,30,1,3,5.0,2,2.0,1,1.11,0.31,0.31,46.2,,,,,,batter
ST,2024-07-31,84.6,-1.68,5.22,"Taylor, Tyrone",621438,641154,walk,ball,,,,,13.0,Tyrone Taylor walks.,R,R,R,NYM,MIN,B,,,3,2,2024,0.89,-0.17,-0.1503000715630377,0.8475400577021599,,,,1,5,Bot,,,,,,,1.8206512203345349,-123.26496809420128,-3.586941295264866,8.719384526333839,24.63920201281481,-33.36671611760787,3.43980115542559,1.64438253461618,,,,86.2,2446.0,7.3,745789,680777,467793,668885,668904,686797,663616,621439,622534,53.24,,0.689131,0.7,1.0,0.0,0.0,,43,6,Sweeper,2,7,2,7,7,2,2,7,Standard,Standard,31.0,0.014,0.348,,,,,-0.348,,-5,-5,0.063,0.063,28,30,28,30,2,1,5.0,2,6.0,2,3.34,-0.89,-0.89,37.2,,,,,,batter
ST,2024-07-31,85.4,-1.52,5.23,"Taylor, Tyrone",621438,641154,,ball,,,,,14.0,,R,R,R,NYM,MIN,B,,,2,2,2024,0.74,0.02,1.7441822775296512,1.3795218975909602,,,,1,5,Bot,,,,,,,6.3187096878472255,-124.26160021872904,-2.8787405045921304,6.442761418897581,24.42256707900149,-31.552418994994,3.35510673739275,1.67405307437053,,,,87.1,2472.0,7.3,745789,680777,467793,668885,668904,686797,663616,621439,622534,53.2,,,,,,,,43,5,Sweeper,2,7,2,7,7,2,2,7,Standard,Standard,44.0,0.003,0.108,,,,,-0.108,,-5,-5,0.06,0.06,28,30,28,30,2,1,5.0,2,6.0,2,3.1,-0.74,-0.74,35.4,,,,,,batter
ST,2024-07-31,84.6,-1.7,5.3,"Taylor, Tyrone",621438,641154,,swinging_strike,,,,,8.0,,R,R,R,NYM,MIN,S,,,2,1,2024,0.87,-0.08,-0.0493110372160836,1.6798966238208668,,,,1,5,Bot,,,,,,,2.1337448196151096,-123.1723981329147,-1.9517547308252736,8.46968766258819,24.62891391817755,-32.8175092537366,3.44,1.56,,,,86.0,2498.0,7.2,745789,680777,467793,668885,668904,686797,663616,621439,622534,53.33,,,,,,,,43,4,Sweeper,2,7,2,7,7,2,2,7,Standard,Standard,46.0,-0.003,-0.078,71.7,8.0,1.94952348,,0.078,,-5,-5,0.063,0.063,28,30,28,30,2,1,5.0,2,6.0,2,3.26,-0.87,-0.87,34.8,9.44731937675246,-13.307607886502904,34.76537372319643,37.58838622861364,34.143440242751154,batter
CU,2024-07-31,83.1,-1.18,5.7,"Taylor, Tyrone",621438,641154,,ball,,,,,14.0,,R,R,R,NYM,MIN,B,,,1,1,2024,0.65,-1.22,0.9165148515707824,0.6657819953982096,,,,1,5,Bot,,,,,,,3.5850434683498102,-120.86148278611624,-2.612881728270821,5.485005687597112,26.426133198152904,-43.7011252681983,3.38480338008894,1.64438253461618,,,,83.8,2819.0,7.0,745789,680777,467793,668885,668904,686797,663616,621439,622534,53.46,,,,,,,,43,3,Curveball,2,7,2,7,7,2,2,7,Standard,Standard,34.0,0.002,0.059,,,,,-0.059,,-5,-5,0.061,0.061,28,30,28,30,2,1,5.0,2,6.0,2,4.56,-0.65,-0.65,49.6,,,,,,batter
ST,2024-07-31,84.4,-1.64,5.26,"Taylor, Tyrone",621438,641154,,swinging_strike,,,,,6.0,,R,R,R,NYM,MIN,S,,,1,0,2024,1.09,0.14,0.5681275103183481,2.241645119878217,,,,1,5,Bot,,,,,,,3.0061940597952037,-122.81885343090389,-0.8864449048901888,10.31175165235631,26.237062916265245,-30.763109125458765,3.44,1.56,,,,85.4,2503.0,7.1,745789,680777,467793,668885,668904,686797,663616,621439,622534,53.37,,,,,,,,43,2,Sweeper,2,7,2,7,7,2,2,7,Standard,Standard,48.0,-0.002,-0.051,64.1,8.3,3.993019008,,0.051,,-5,-5,0.063,0.063,28,30,28,30,2,1,5.0,2,6.0,2,3.08,-1.09,-1.09,37.1,24.193859572195123,-31.071248970598003,33.830432898747496,44.16000525321173,52.22837582082501,batter
FF,2024-07-31,96.5,-1.54,5.43,"Taylor, Tyrone",621438,641154,,ball,,,,,11.0,,R,R,R,NYM,MIN,B,,,0,0,2024,-0.42,1.06,-0.7505043778451295,3.93827463598545,,,,1,5,Bot,,,,,,,3.1005636686145905,-140.6678750988501,-0.90662754014057,-6.200961108643041,28.35140076960185,-17.98561437764657,3.36995497801477,1.68888853292415,,,,98.5,2265.0,7.0,745789,680777,467793,668885,668904,686797,663616,621439,622534,53.46,,,,,,,,43,1,4-Seam Fastball,2,7,2,7,7,2,2,7,Standard,Standard,218.0,0.002,0.039,,,,,-0.039,,-5,-5,0.061,0.061,28,30,28,30,2,1,5.0,2,6.0,2,1.36,0.42,0.42,36.6,,,,,,batter
ST,2024-07-31,84.4,-1.73,5.37,"Taylor, Tyrone",621438,641154,field_out,hit_into_play,,,,,4.0,Tyrone Taylor flies out to center fielder Byron Buxton.,R,R,R,NYM,MIN,X,8.0,fly_ball,1,0,2024,1.16,-0.17,-0.282525512702359,2.570266891881889,,,,2,2,Bot,135.57,56.18,,,,,1.063196350391594,-122.99008908546637,0.1643501616520815,11.638282944993046,23.625063841914045,-34.16585979636724,3.44,1.56,355.0,96.1,24.0,85.8,2271.0,7.1,745789,680777,467793,668885,668904,686797,663616,621439,596146,53.45,0.213,0.267,0.0,1.0,0.0,0.0,5.0,17,2,Sweeper,2,1,2,1,1,2,2,1,Standard,Standard,44.0,-0.01,-0.295,73.4,7.5,,0.442,0.295,96.1,1,1,0.622,0.622,28,30,28,30,1,0,5.0,2,6.0,2,3.35,-1.16,-1.16,38.0,3.848969674918352,-1.082057222051539,38.2627320859235,34.46746414340376,27.656180757225968,batter
CU,2024-07-31,83.6,-1.29,5.72,"Taylor, Tyrone",621438,641154,,ball,,,,,13.0,,R,R,R,NYM,MIN,B,,,0,0,2024,0.37,-1.17,-0.5000561635938057,0.930881939642764,,,,2,2,Bot,,,,,,,1.1066481238677033,-121.7655933353225,-2.3401791354003225,3.485603396475184,23.292367683903475,-43.630624008312616,3.31105281732133,1.62692936232349,,,,85.1,2625.0,7.2,745789,680777,467793,668885,668904,686797,663616,621439,596146,53.33,,,,,,,,17,1,Curveball,2,1,2,1,1,2,2,1,Standard,Standard,37.0,0.001,0.04,,,,,-0.04,,1,1,0.621,0.621,28,30,28,30,1,0,5.0,2,6.0,2,4.42,-0.37,-0.37,50.0,,,,,,batter
KC,2024-07-31,87.1,-1.99,5.84,"Taylor, Tyrone",621438,661395,strikeout,swinging_strike,,,,,14.0,Tyrone Taylor strikes out swinging.,R,R,R,NYM,MIN,S,2.0,,0,2,2024,0.71,-0.57,0.747380325377464,1.2761639330452206,578428.0,,,2,9,Bot,,,,,,,5.118055119530255,-126.7941266992826,-3.669791763756829,6.800272542723371,23.609933887618315,-37.86557727642611,3.44,1.56,,,,87.5,2648.0,6.3,745789,680777,467793,668885,668904,686797,663616,621439,622534,54.2,,0.0,0.0,1.0,0.0,0.0,,76,3,Knuckle Curve,3,8,3,8,8,3,3,8,Infield shade,Standard,52.0,-0.002,-0.167,63.5,8.4,0.565514016,,0.167,,-5,-5,0.002,0.002,26,30,26,30,1,3,7.0,2,3.0,2,3.55,-0.71,-0.71,34.3,12.903864968037665,-17.646050173303713,35.85331237784976,46.3817152421362,44.0467295263905,batter
FF,2024-07-31,101.7,-2.1,5.78,"Taylor, Tyrone",621438,661395,,foul,,,,,4.0,,R,R,R,NYM,MIN,S,,,0,1,2024,-1.04,0.95,-0.8114078703582724,2.3039099706023816,578428.0,,,2,9,Bot,,,,,,,6.105715312414551,-147.8598503330815,-6.736014270805103,-16.68560307998235,36.08865592477715,-16.7382617572955,3.44,1.56,4.0,58.1,-32.0,101.7,1876.0,6.4,745789,680777,467793,668885,668904,686797,663616,621439,622534,54.11,,,,,,,,76,2,4-Seam Fastball,3,8,3,8,8,3,3,8,Standard,Standard,231.0,0.0,-0.058,67.2,6.7,,,0.058,88.0,-5,-5,0.002,0.002,26,30,26,30,1,3,7.0,2,3.0,2,1.26,1.04,1.04,31.4,-3.7151290951265135,8.479489262649547,41.60080073566781,28.50014775620843,23.13403504951119,batter
FF,2024-07-31,101.9,-2.18,5.75,"Taylor, Tyrone",621438,661395,,swinging_strike,,,,,3.0,,R,R,R,NYM,MIN,S,,,0,0,2024,-0.82,1.14,0.3368885935072796,3.320288297851819,578428.0,,,2,9,Bot,,,,,,,9.034605964855414,-148.0746356589898,-4.299476937950448,-14.24771754967134,34.73351576701872,-14.5165164386713,3.44,1.56,,,,102.0,1961.0,6.4,745789,680777,467793,668885,668904,686797,663616,621439,622534,54.13,,,,,,,,76,1,4-Seam Fastball,3,8,3,8,8,3,3,8,Standard,Standard,229.0,0.0,-0.039,67.3,6.3,1.117533372,,0.039,,-5,-5,0.002,0.002,26,30,26,30,1,3,7.0,2,3.0,2,1.06,0.82,0.82,32.3,-4.148695385696805,28.06369159980069,29.78536540407837,43.30252599070862,11.557079919425307,batter
ST,2024-07-31,82.7,-2.21,5.42,"Taylor, Tyrone",621438,677976,field_out,hit_into_play,,,,,11.0,"Tyrone Taylor grounds out, third baseman Royce Lewis to first baseman Carlos Santana.",R,R,R,NYM,MIN,X,5.0,ground_ball,1,2,2024,0.75,0.31,-1.0143978780293137,3.323038712385679,,,,0,8,Bot,108.65,167.33,,,,,1.2326147659164637,-120.46240057178936,1.085105366172212,7.012509154281221,24.76004919612628,-29.634201278499887,3.44,1.56,10.0,45.9,-15.0,80.8,2173.0,5.0,745789,680777,467793,668885,668904,686797,663616,621439,622534,55.47,0.171,0.178,0.0,1.0,0.0,0.0,1.0,63,4,Sweeper,2,8,2,8,8,2,2,8,Standard,Standard,30.0,-0.003,-0.186,59.1,5.9,,0.175,0.186,88.0,-6,-6,0.009,0.009,29,30,29,30,1,2,,2,4.0,2,3.03,-0.75,-0.75,18.3,-0.4594144554811616,9.02038915379166,34.41010154868019,26.08537132806774,20.839826845563472,batter
ST,2024-07-31,83.8,-2.23,5.42,"Taylor, Tyrone",621438,677976,,ball,,,,,7.0,,R,R,R,NYM,MIN,B,,,0,2,2024,0.44,-0.72,-0.5099714317058136,1.5852382536415477,,,,0,8,Bot,,,,,,,3.034667670981696,-122.01709078737052,-0.9963081164842384,3.763830865942731,26.16568601983842,-39.30858121014371,3.2505658833125,1.47734605009258,,,,81.7,2168.0,5.0,745789,680777,467793,668885,668904,686797,663616,621439,622534,55.46,,,,,,,,63,3,Sweeper,2,8,2,8,8,2,2,8,Standard,Standard,358.0,0.001,0.023,,,,,-0.023,,-6,-6,0.008,0.008,29,30,29,30,1,2,,2,4.0,2,3.98,-0.44,-0.44,18.2,,,,,,batter
ST,2024-07-31,83.3,-2.17,5.32,"Taylor, Tyrone",621438,677976,,swinging_strike,,,,,14.0,,R,R,R,NYM,MIN,S,,,0,1,2024,0.71,-0.22,0.8861091330571093,1.128044391652339,,,,0,8,Bot,,,,,,,5.514147712384399,-121.09120694979217,-2.6342771635493247,5.7058645152514025,26.314605225541595,-33.97860629421438,3.44,1.56,,,,81.2,2217.0,5.2,745789,680777,467793,668885,668904,686797,663616,621439,622534,55.31,,,,,,,,63,2,Sweeper,2,8,2,8,8,2,2,8,Infield shade,Standard,6.0,-0.001,-0.054,62.2,8.5,6.84104802,,0.054,,-6,-6,0.009,0.009,29,30,29,30,1,2,,2,4.0,2,3.54,-0.71,-0.71,16.3,22.919307095820635,-20.039433922708863,40.38478712931738,47.17806579716498,44.85405019391938,batter
ST,2024-07-31,81.6,-2.35,5.34,"Taylor, Tyrone",621438,677976,,called_strike,,,,,8.0,,R,R,R,NYM,MIN,S,,,0,0,2024,0.72,-0.51,-0.1751182458687307,1.7690308475640366,,,,0,8,Bot,,,,,,,3.4077945865149344,-118.9181152055497,-0.5382125779549675,6.166807094147701,22.79430527935325,-37.083214430076445,3.42833393780565,1.74502250481001,,,,79.2,2252.0,4.6,745789,680777,467793,668885,668904,686797,663616,621439,622534,55.95,,,,,,,,63,1,Sweeper,2,8,2,8,8,2,2,8,Infield shade,Standard,19.0,-0.001,-0.037,,,,,0.037,,-6,-6,0.01,0.01,29,30,29,30,1,2,,2,4.0,2,3.92,-0.72,-0.72,20.1,,,,,,batter
SL,2024-07-29,88.4,-1.37,5.99,"Taylor, Tyrone",621438,622251,single,hit_into_play,,,,,14.0,Tyrone Taylor singles on a ground ball to second baseman Willi Castro. J.D. Martinez to 3rd. Pete Alonso to 2nd.,R,R,R,NYM,MIN,X,4.0,ground_ball,2,0,2024,0.21,0.71,1.073151812312,2.027564651454744,,502110.0,624413.0,1,6,Bot,144.66,153.95,,,,,5.556777194674064,-128.65109058337998,-5.144915518292315,1.2808351706539831,23.87047579534524,-23.45110011052781,3.43,1.56,10.0,66.9,-11.0,89.2,2456.0,6.6,745791,680777,467793,650489,668904,686797,668885,621439,596146,53.93,0.066,0.059,0.9,1.0,1.0,0.0,2.0,56,3,Slider,8,1,8,1,1,8,8,1,Standard,Standard,195.0,0.001,0.395,71.4,8.2,,0.07,-0.395,88.0,7,7,0.995,0.995,30,30,31,30,1,0,2.0,1,,2,2.18,-0.21,-0.21,47.6,13.850000389425954,-4.600611521463812,33.102682718347786,48.77638955418138,36.33924365457977,batter
SL,2024-07-29,88.0,-1.47,5.9,"Taylor, Tyrone",621438,622251,,ball,,,,,14.0,,R,R,R,NYM,MIN,B,,,1,0,2024,0.21,0.69,1.8016693856523185,1.5727527838190258,,502110.0,624413.0,1,6,Bot,,,,,,,7.559695765270105,-127.95018403182615,-5.930097403861552,1.011060091716404,23.123814291038173,-23.57906357683513,3.43078854751872,1.61325063719533,,,,89.2,2422.0,6.8,745791,680777,467793,650489,668904,686797,668885,621439,596146,53.72,,,,,,,,56,2,Slider,8,1,8,1,1,8,8,1,Standard,Standard,200.0,0.001,0.055,,,,,-0.055,,7,7,0.994,0.994,30,30,31,30,1,0,2.0,1,,2,2.23,-0.21,-0.21,46.0,,,,,,batter
SL,2024-07-29,90.4,-1.36,6.02,"Taylor, Tyrone",621438,622251,,ball,,,,,14.0,,R,R,R,NYM,MIN,B,,,0,0,2024,0.15,0.98,1.2139156999391232,1.5749563912367124,,502110.0,624413.0,1,6,Bot,,,,,,,6.152488396240233,-131.5158248122282,-7.324647079546756,0.5366221497930064,25.29510888633844,-19.442145727214644,3.42999876642224,1.57098768832552,,,,91.4,2385.0,6.7,745791,680777,467793,650489,668904,686797,668885,621439,596146,53.83,,,,,,,,56,1,Slider,8,1,8,1,1,8,8,1,Standard,Standard,197.0,0.0,0.03,,,,,-0.03,,7,7,0.994,0.994,30,30,31,30,1,0,2.0,1,,2,1.79,-0.15,-0.15,48.9,,,,,,batter
FF,2024-07-29,94.9,-1.68,5.31,"Taylor, Tyrone",621438,592779,single,hit_into_play,,,,,4.0,Tyrone Taylor singles on a line drive to center fielder Austin Martin. Pete Alonso to 3rd.,R,R,R,NYM,MIN,X,8.0,line_drive,1,2,2024,-0.15,0.87,-0.3596114839690738,2.255010953748932,,624413.0,,1,7,Bot,120.67,89.7,,,,,3.8182219987082138,-138.1688303917696,-4.330617195542634,-2.8041641957294847,29.84711970663963,-20.23760730594155,3.43,1.56,210.0,99.5,9.0,95.8,2447.0,6.7,745791,680777,467793,650489,543877,686797,663616,668885,596146,53.81,0.682,0.624,0.9,1.0,1.0,0.0,4.0,70,4,4-Seam Fastball,12,1,12,1,1,12,12,1,Standard,Standard,211.0,0.0,0.634,70.3,6.9,,0.776,-0.634,99.5,11,11,0.999,0.999,32,30,33,30,1,1,2.0,1,,2,1.65,0.15,0.15,26.5,-1.6201225329992563,5.7725573285615,38.53235099006077,33.23130785998627,26.66078260759389,batter
SI,2024-07-29,94.5,-1.68,5.25,"Taylor, Tyrone",621438,592779,,called_strike,,,,,6.0,,R,R,R,NYM,MIN,S,,,1,1,2024,-0.92,0.69,0.3945677988250018,2.751786314383741,,624413.0,,1,7,Bot,,,,,,,7.513009973089981,-137.4580088449689,-2.363103778425358,-13.35531447765087,30.31744535836616,-23.107680305901084,3.39170858506588,1.61569439252455,,,,95.1,2257.0,6.7,745791,680777,467793,650489,543877,686797,663616,668885,596146,53.83,,,,,,,,70,3,Sinker,12,1,12,1,1,12,12,1,Standard,Standard,219.0,0.0,-0.062,,,,,0.062,,11,11,0.999,0.999,32,30,33,30,1,1,2.0,1,,2,1.86,0.92,0.92,30.4,,,,,,batter
SI,2024-07-29,94.9,-1.89,5.19,"Taylor, Tyrone",621438,592779,,swinging_strike,,,,,11.0,,R,R,R,NYM,MIN,S,,,1,0,2024,-1.17,0.33,-1.3772534638351788,2.516184019650876,,624413.0,,1,7,Bot,,,,,,,3.961783547337885,-138.20397075857267,-2.096617675961204,-15.829983686008523,30.197412089052307,-27.719720809613214,3.43,1.56,,,,95.2,2218.0,6.3,745791,680777,467793,650489,543877,686797,663616,668885,596146,54.15,,,,,,,,70,2,Sinker,12,1,12,1,1,12,12,1,Standard,Standard,223.0,0.0,-0.043,70.8,6.8,0.956393472,,0.043,,11,11,0.999,0.999,32,30,33,30,1,1,2.0,1,,2,2.2,1.17,1.17,22.2,0.7679430833345995,0.858853641111728,39.09248108025763,20.66035466664408,20.10343810037255,batter
FC,2024-07-29,89.6,-1.74,5.33,"Taylor, Tyrone",621438,592779,,ball,,,,,11.0,,R,R,R,NYM,MIN,B,,,0,0,2024,0.38,0.39,-0.9450518217272648,3.901828837313833,,624413.0,,1,7,Bot,,,,,,,1.1629951273941015,-130.49415150080725,1.6551928841003891,4.110505647906325,26.525051934227903,-28.295945920718037,3.43604546184518,1.68058748359734,,,,90.5,2366.0,6.7,745791,680777,467793,650489,543877,686797,663616,668885,596146,53.81,,,,,,,,70,1,Cutter,12,1,12,1,1,12,12,1,Standard,Standard,158.0,0.0,0.027,,,,,-0.027,,11,11,0.999,0.999,32,30,33,30,1,1,2.0,1,,2,2.44,-0.38,-0.38,32.9,,,,,,batter
FF,2024-07-28,95.4,-1.92,5.57,"Taylor, Tyrone",621438,625643,double,hit_into_play,,,,,4.0,Tyrone Taylor doubles (11) on a sharp line drive to left fielder Luke Williams.,R,R,R,NYM,ATL,X,7.0,line_drive,2,1,2024,-0.75,1.07,-0.614322501742833,2.359703453216057,,,,0,3,Bot,22.92,80.69,,,,,5.13924185836824,-138.7620129724035,-5.247079901632676,-10.83848133628334,30.88558569893384,-17.36740415350272,3.41,1.56,334.0,103.4,21.0,95.8,2089.0,6.5,745795,518595,621566,805373,663586,606115,663897,657656,594807,53.97,0.546,0.9185384615384616,1.25,1.0,1.0,1.0,6.0,18,4,4-Seam Fastball,0,0,0,0,0,0,0,0,Standard,Standard,216.0,0.064,0.651,73.2,7.8,,1.689,-0.651,103.4,0,0,0.559,0.559,30,30,30,30,1,0,6.0,2,23.0,1,1.44,0.75,0.75,42.4,11.213391096123908,-17.615893623373616,38.97188878003306,28.603033075546783,34.44600237704107,batter
SL,2024-07-28,83.8,-1.91,5.56,"Taylor, Tyrone",621438,625643,,ball,,,,,14.0,,R,R,R,NYM,ATL,B,,,1,1,2024,0.39,-0.55,0.910039130183619,1.3751406559822978,,,,0,3,Bot,,,,,,,5.7662868550223365,-121.95091097653864,-2.1279191549076204,2.6712296811781777,25.082212568543184,-37.46500700212389,3.38602844096453,1.47206063250056,,,,83.9,2254.0,6.4,745795,518595,621566,805373,663586,606115,663897,657656,594807,54.06,,,,,,,,18,3,Slider,0,0,0,0,0,0,0,0,Standard,Standard,89.0,0.005,0.053,,,,,-0.053,,0,0,0.554,0.554,30,30,30,30,1,0,6.0,2,23.0,1,3.81,-0.39,-0.39,43.3,,,,,,batter
SL,2024-07-28,84.3,-1.97,5.59,"Taylor, Tyrone",621438,625643,,foul,,,,,8.0,,R,R,R,NYM,ATL,S,,,1,0,2024,0.54,-0.19,-0.2529424564684293,1.5446128194744766,,,,0,3,Bot,,,,,,,2.903051199761172,-122.7363401563981,-2.62272588816072,4.860162084016687,25.921276996540563,-33.709287031710296,3.41,1.56,3.0,65.0,-29.0,84.1,2189.0,6.3,745795,518595,621566,805373,663586,606115,663897,657656,594807,54.2,,,,,,,,18,2,Slider,0,0,0,0,0,0,0,0,Standard,Standard,120.0,-0.005,-0.049,63.4,8.5,,,0.049,88.0,0,0,0.559,0.559,30,30,30,30,1,0,6.0,2,23.0,1,3.41,-0.54,-0.54,40.9,28.308506330789,-25.177902247172444,37.75299440479721,32.46630236225844,46.0435535515978,batter
CU,2024-07-28,74.7,-1.81,6.01,"Taylor, Tyrone",621438,625643,,ball,,,,,11.0,,R,R,R,NYM,ATL,B,,,0,0,2024,0.56,-0.43,-1.1455855777592947,2.610948053810444,,,,0,3,Bot,,,,,,,0.3744912873395331,-108.80042910508398,0.9793199306054126,4.369583471260311,19.944684659952127,-36.0153035700353,3.41811559924867,1.54376210291051,,,,74.5,2408.0,6.2,745795,518595,621566,805373,663586,606115,663897,657656,594807,54.3,,,,,,,,18,1,Curveball,0,0,0,0,0,0,0,0,Standard,Standard,56.0,0.004,0.038,,,,,-0.038,,0,0,0.555,0.555,30,30,30,30,1,0,6.0,2,23.0,1,4.53,-0.56,-0.56,51.1,,,,,,batter
ST,2024-07-28,78.2,-2.41,4.76,"Taylor, Tyrone",621438,623474,strikeout,swinging_strike,,,,,8.0,Tyrone Taylor strikes out swinging.,R,R,R,NYM,ATL,S,2.0,,1,2,2024,1.36,0.33,-0.0140380679782137,1.740504102674671,,,,2,9,Bot,,,,,,,2.6128968061229063,-113.9594285354498,-0.2978500311128504,11.326343511602786,21.092402029424942,-29.42972091502527,3.41,1.56,,,,76.7,2893.0,5.1,745795,518595,621566,805373,663586,606115,592696,657656,594807,55.36,,0.0,0.0,1.0,0.0,0.0,,74,4,Sweeper,2,9,2,9,9,2,2,9,Standard,Standard,87.0,-0.001,-0.18,73.4,8.7,0.37283298,,0.18,,-7,-7,0.001,0.001,30,30,31,30,1,3,53.0,2,17.0,1,3.38,-1.36,-1.36,1.5,27.335483612599184,-29.047298281573337,41.86390673474709,35.82995298235838,46.35027780987756,batter
ST,2024-07-28,78.0,-2.5,5.0,"Taylor, Tyrone",621438,623474,,swinging_strike,,,,,14.0,,R,R,R,NYM,ATL,S,,,1,1,2024,1.51,0.41,1.310245194020779,2.3386713347010324,,,,2,9,Bot,,,,,,,5.296021201103503,-113.4919925330564,0.4097778220311741,12.035601807695524,21.704522248112063,-28.933635164578806,3.41,1.56,,,,76.3,2811.0,5.2,745795,518595,621566,805373,663586,606115,592696,657656,594807,55.33,,,,,,,,74,3,Sweeper,2,9,2,9,9,2,2,9,Standard,Standard,81.0,0.0,-0.064,66.3,8.0,0.74748042,,0.064,,-7,-7,0.001,0.001,30,30,31,30,1,3,53.0,2,17.0,1,3.35,-1.51,-1.51,6.5,17.14081550741345,-9.03945248268008,31.426880583795864,53.68442500983585,38.65126144747937,batter
ST,2024-07-28,78.3,-2.54,4.74,"Taylor, Tyrone",621438,623474,,called_strike,,,,,8.0,,R,R,R,NYM,ATL,S,,,1,0,2024,1.26,0.67,0.0742300321261628,2.1954397226802893,,,,2,9,Bot,,,,,,,3.2427673727081303,-113.9290115923514,0.1487635134871785,10.239665910310462,22.61084935469745,-26.59576592331321,3.51445276000869,1.66337827785667,,,,76.3,2891.0,5.0,745795,518595,621566,805373,663586,606115,592696,657656,594807,55.49,,,,,,,,74,2,Sweeper,2,9,2,9,9,2,2,9,Standard,Standard,96.0,0.0,-0.051,,,,,0.051,,-7,-7,0.001,0.001,30,30,31,30,1,3,53.0,2,17.0,1,3.07,-1.26,-1.26,-3.5,,,,,,batter
SI,2024-07-28,91.0,-2.19,4.99,"Taylor, Tyrone",621438,623474,,ball,,,,,14.0,,R,R,R,NYM,ATL,B,,,0,0,2024,-1.52,-0.04,1.958162692619081,1.9221543869574624,,,,2,9,Bot,,,,,,,13.35464865395275,-131.8107904433662,-1.5959938263390363,-20.73194471159299,30.36147832977071,-32.48789045360036,3.52254242893859,1.66332871202673,,,,88.7,2346.0,5.3,745795,518595,621566,805373,663586,606115,592696,657656,594807,55.21,,,,,,,,74,1,Sinker,2,9,2,9,9,2,2,9,Standard,Standard,249.0,0.0,0.04,,,,,-0.04,,-7,-7,0.001,0.001,30,30,31,30,1,3,53.0,2,17.0,1,2.84,1.52,1.52,3.9,,,,,,batter
CH,2024-07-28,85.0,2.18,6.25,"Taylor, Tyrone",621438,669276,double,hit_into_play,,,,,8.0,Tyrone Taylor doubles (12) on a line drive to left fielder Luke Williams.,R,R,L,NYM,ATL,X,7.0,line_drive,1,1,2024,1.01,1.21,0.2011342359530162,2.0446724198480863,,,,0,5,Bot,40.52,118.8,,,,,-6.6794419463933,-123.5090348444043,-5.965111574149751,11.699629134369555,24.78731797680944,-18.772818154427867,3.41,1.56,186.0,84.1,15.0,85.3,1510.0,6.5,745795,518595,621566,805373,663586,606115,663897,657656,594807,53.95,0.934,0.889,1.25,1.0,1.0,1.0,4.0,39,3,Changeup,0,4,0,4,4,0,0,4,Standard,Standard,138.0,0.052,0.705,71.8,8.3,,1.091,-0.705,88.0,-4,-4,0.121,0.121,29,30,30,30,1,1,4.0,2,4.0,1,1.96,1.01,-1.01,42.3,21.920056311206974,-20.488845614390776,39.5645224059788,39.498330461513866,43.45533357867178,batter
SL,2024-07-28,83.1,2.04,6.23,"Taylor, Tyrone",621438,669276,,foul,,,,,7.0,,R,R,L,NYM,ATL,S,,,1,0,2024,-0.27,0.39,-0.3122473718375101,1.560533702383192,,,,0,5,Bot,,,,,,,-4.884211880867568,-120.9587149172598,-5.056210979763114,-1.7402733386939608,22.14179091569798,-27.54668786092422,3.41,1.56,140.0,100.0,9.0,83.6,2056.0,6.5,745795,518595,621566,805373,663586,606115,663897,657656,594807,54.04,,,,,,,,39,2,Slider,0,4,0,4,4,0,0,4,Standard,Standard,160.0,-0.005,-0.049,73.9,8.5,,,0.049,100.0,-4,-4,0.126,0.126,29,30,30,30,1,1,4.0,2,4.0,1,2.89,-0.27,0.27,42.9,16.588160028013462,-19.870193977476895,42.39752590235165,33.98112266786164,39.66950051670466,batter
SL,2024-07-28,82.9,2.03,6.27,"Taylor, Tyrone",621438,669276,,ball,,,,,13.0,,R,R,L,NYM,ATL,B,,,0,0,2024,-0.14,0.44,-0.6133821368020009,0.4530995126056591,,,,0,5,Bot,,,,,,,-5.76890059419562,-120.50407693658757,-7.705301278291047,-0.2846375007769134,22.425219200473684,-26.62964643496882,3.50888089929748,1.60714715476617,,,,83.2,2046.0,6.4,745795,518595,621566,805373,663586,606115,663897,657656,594807,54.08,,,,,,,,39,1,Slider,0,4,0,4,4,0,0,4,Standard,Standard,128.0,0.004,0.038,,,,,-0.038,,-4,-4,0.122,0.122,29,30,30,30,1,1,4.0,2,4.0,1,2.87,-0.14,0.14,44.1,,,,,,batter
FC,2024-07-28,90.0,2.42,5.65,"Taylor, Tyrone",621438,621345,walk,ball,,,,,11.0,Tyrone Taylor walks.,R,R,L,NYM,ATL,B,,,3,2,2024,-0.51,0.86,-1.8103031324389591,3.300840075295592,,,,2,7,Bot,,,,,,,-9.40388329993302,-130.81153334413352,-1.6576804830184544,-3.767282339780321,28.643859018478334,-22.16268378655846,3.53101865033016,1.50350361855051,,,,89.8,2385.0,6.3,745795,518595,621566,805373,663586,606115,592696,657656,594807,54.17,,0.689131,0.7,1.0,0.0,0.0,,57,9,Cutter,0,7,0,7,7,0,0,7,Standard,Standard,172.0,0.001,0.267,,,,,-0.267,,-7,-7,0.005,0.005,30,30,31,30,1,2,2.0,2,2.0,1,1.97,-0.51,0.51,45.0,,,,,,batter
FF,2024-07-28,93.4,2.5,5.55,"Taylor, Tyrone",621438,621345,,ball,,,,,12.0,,R,R,L,NYM,ATL,B,,,2,2,2024,0.64,1.55,2.0912283751125025,2.569867716690361,,,,2,7,Bot,,,,,,,-2.472480831544806,-135.91710813999782,-5.313951131611457,8.532180961207287,29.785758973206235,-12.012879354362964,3.51208379042782,1.61361606018043,,,,93.2,2447.0,6.2,745795,518595,621566,805373,663586,606115,592696,657656,594807,54.34,,,,,,,,57,8,4-Seam Fastball,0,7,0,7,7,0,0,7,Standard,Standard,149.0,0.0,0.106,,,,,-0.106,,-7,-7,0.005,0.005,30,30,31,30,1,2,2.0,2,2.0,1,1.06,0.64,-0.64,42.9,,,,,,batter
FC,2024-07-28,90.7,2.46,5.63,"Taylor, Tyrone",621438,621345,,foul,,,,,4.0,,R,R,L,NYM,ATL,S,,,2,2,2024,-0.11,0.67,-0.5005550249586467,2.2226770540246257,,,,2,7,Bot,,,,,,,-7.165694316514561,-132.01896163632196,-4.064424943064699,0.1200552167342289,26.85423934165943,-23.666656699434093,3.41,1.56,44.0,103.3,-1.0,90.9,2456.0,6.3,745795,518595,621566,805373,663586,606115,592696,657656,594807,54.23,,,,,,,,57,7,Cutter,0,7,0,7,7,0,0,7,Standard,Standard,184.0,0.0,0.0,74.7,7.9,,,0.0,103.3,-7,-7,0.005,0.005,30,30,31,30,1,2,2.0,2,2.0,1,2.09,-0.11,0.11,46.1,14.549221145537494,-16.111787647733074,37.619918581443024,30.90137141082547,39.92971235007332,batter
FF,2024-07-28,93.8,2.4,5.6,"Taylor, Tyrone",621438,621345,,foul,,,,,7.0,,R,R,L,NYM,ATL,S,,,2,2,2024,0.64,1.51,-0.5535695283972591,2.085930394276778,,,,2,7,Bot,,,,,,,-9.038899387608094,-136.22528247698736,-6.696380016648838,9.925855092731029,29.09464817501218,-12.046255219167897,3.41,1.56,124.0,62.5,21.0,93.7,2457.0,6.3,745795,518595,621566,805373,663586,606115,592696,657656,594807,54.2,,,,,,,,57,6,4-Seam Fastball,0,7,0,7,7,0,0,7,Standard,Standard,149.0,0.0,0.0,64.5,6.2,,,0.0,88.0,-7,-7,0.005,0.005,30,30,31,30,1,2,2.0,2,2.0,1,1.09,0.64,-0.64,47.7,-19.724799646993727,13.894135811096412,48.83216144655793,28.849807509492063,16.097433213359647,batter
FC,2024-07-28,90.6,2.39,5.62,"Taylor, Tyrone",621438,621345,,foul,,,,,11.0,,R,R,L,NYM,ATL,S,,,2,2,2024,-0.36,0.55,-0.4600560474314856,3.597025716694053,,,,2,7,Bot,,,,,,,-6.3576094449798495,-131.81347017780254,-0.3107093713828434,-2.820846121259696,27.8597578156165,-25.854441372031648,3.41,1.56,,,,90.5,2363.0,6.2,745795,518595,621566,805373,663586,606115,592696,657656,594807,54.27,,,,,,,,57,5,Cutter,0,7,0,7,7,0,0,7,Standard,Standard,168.0,0.0,0.0,58.6,5.1,,,0.0,,-7,-7,0.005,0.005,30,30,31,30,1,2,2.0,2,2.0,1,2.22,-0.36,0.36,42.5,-14.088807414643574,30.81740854560762,36.39900941333417,30.09472547843748,15.73493523152866,batter
FC,2024-07-28,90.5,2.38,5.56,"Taylor, Tyrone",621438,621345,,swinging_strike,,,,,13.0,,R,R,L,NYM,ATL,S,,,2,1,2024,-0.56,0.63,-1.5936458240195583,1.0690165474859052,,,,2,7,Bot,,,,,,,-8.729044842027946,-131.419172722545,-6.63929721456318,-4.708563739205236,26.5157756807361,-23.60455006140285,3.41,1.56,,,,90.6,2406.0,6.4,745795,518595,621566,805373,663586,606115,592696,657656,594807,54.13,,,,,,,,57,4,Cutter,0,7,0,7,7,0,0,7,Standard,Standard,172.0,0.0,-0.084,46.9,7.2,11.363737176,,0.084,,-7,-7,0.005,0.005,30,30,31,30,1,2,2.0,2,2.0,1,2.15,-0.56,0.56,42.6,0.117233929313829,-1.764916094520428,48.02358677164402,16.69681240012527,27.37368496637384,batter
CH,2024-07-28,86.7,2.77,5.47,"Taylor, Tyrone",621438,621345,,ball,,,,,12.0,,R,R,L,NYM,ATL,B,,,1,1,2024,1.18,0.54,1.2555443300981322,3.814865647868682,,,,2,7,Bot,,,,,,,-5.998376652553144,-126.14397369017296,1.1391367636085148,13.780673118810505,26.06909992048119,-26.834375597456805,3.5138390165271,1.63112080286849,,,,86.3,1569.0,6.1,745795,518595,621566,805373,663586,606115,592696,657656,594807,54.4,,,,,,,,57,3,Changeup,0,7,0,7,7,0,0,7,Standard,Standard,120.0,0.0,0.058,,,,,-0.058,,-7,-7,0.005,0.005,30,30,31,30,1,2,2.0,2,2.0,1,2.49,1.18,-1.18,40.0,,,,,,batter
FF,2024-07-28,93.3,2.73,5.51,"Taylor, Tyrone",621438,621345,,ball,,,,,12.0,,R,R,L,NYM,ATL,B,,,0,1,2024,0.71,1.71,1.4631177428462252,3.78454426286354,,,,2,7,Bot,,,,,,,-4.799082792944202,-135.76023985222602,-2.364320330872953,9.84213364501734,33.30225570890745,-10.91399170789314,3.53334706857372,1.57796957680184,,,,92.8,2417.0,6.2,745795,518595,621566,805373,663586,606115,592696,657656,594807,54.25,,,,,,,,57,2,4-Seam Fastball,0,7,0,7,7,0,0,7,Standard,Standard,138.0,0.0,0.029,,,,,-0.029,,-7,-7,0.005,0.005,30,30,31,30,1,2,2.0,2,2.0,1,0.94,0.71,-0.71,39.3,,,,,,batter
FF,2024-07-28,93.2,2.52,5.65,"Taylor, Tyrone",621438,621345,,swinging_strike,,,,,3.0,,R,R,L,NYM,ATL,S,,,0,0,2024,0.72,1.47,0.5346289040693817,3.3675576012481825,,,,2,7,Bot,,,,,,,-6.676894755505973,-135.48863789520414,-3.2861877105792314,10.37030800343958,31.126005832397222,-13.62549690023269,3.41,1.56,,,,92.8,2296.0,6.2,745795,518595,621566,805373,663586,606115,592696,657656,594807,54.26,,,,,,,,57,1,4-Seam Fastball,0,7,0,7,7,0,0,7,Standard,Standard,150.0,0.0,-0.041,70.4,6.9,0.965022084,,0.041,,-7,-7,0.005,0.005,30,30,31,30,1,2,2.0,2,2.0,1,1.17,0.72,-0.72,42.5,3.1263606794962544,15.389356749532476,29.27935956939661,43.18442539543163,17.178610186112504,batter
CU,2024-07-26,80.9,-2.11,5.19,"Taylor, Tyrone",621438,450203,field_error,hit_into_play,,,,,8.0,Tyrone Taylor reaches on a fielding error by third baseman Austin Riley.,R,R,R,NYM,ATL,X,5.0,ground_ball,0,1,2024,1.08,-0.81,0.2413702856532135,1.7789192027786125,,,,0,3,Bot,106.6,169.04,,,,,3.1777581381560984,-117.83918009887076,0.5223902290062317,9.469091346921696,21.78813007186619,-40.03912323169587,3.4,1.57,6.0,91.8,-16.0,80.5,3017.0,5.9,745792,518595,621566,805373,663586,606115,592696,672284,594807,54.6,0.146,0.131,0.9,1.0,0.0,0.0,2.0,22,2,Curveball,0,2,0,2,2,0,0,2,Standard,Standard,65.0,0.048,0.52,69.1,7.5,,0.15,-0.52,91.8,-2,-2,0.324,0.324,40,30,41,30,1,0,6.0,1,6.0,2,4.28,-1.08,-1.08,19.0,3.173288150710236,-2.645708424169503,36.9367073656556,39.64195981554068,28.98252094567232,batter
FC,2024-07-26,87.6,-2.22,5.32,"Taylor, Tyrone",621438,450203,,called_strike,,,,,3.0,,R,R,R,NYM,ATL,S,,,0,0,2024,-0.05,0.34,0.5074770223948015,3.074173679347592,,,,0,3,Bot,,,,,,,6.652941551250642,-127.56676261930744,-0.0935036658970328,-1.6954347919260948,22.17524222761438,-28.588041566455555,3.46304895947188,1.6797610442884,,,,87.7,2388.0,6.0,745792,518595,621566,805373,663586,606115,592696,672284,594807,54.52,,,,,,,,22,1,Cutter,0,2,0,2,2,0,0,2,Standard,Standard,221.0,-0.004,-0.037,,,,,0.037,,-2,-2,0.328,0.328,40,30,41,30,1,0,6.0,1,6.0,2,2.59,0.05,0.05,19.0,,,,,,batter
FF,2024-07-26,94.9,2.53,5.56,"Taylor, Tyrone",621438,621345,field_out,hit_into_play,,,,,3.0,Tyrone Taylor flies out to right fielder Adam Duvall.,R,R,L,NYM,ATL,X,9.0,fly_ball,2,2,2024,0.55,1.47,0.4235172450415487,3.170601144252753,,,,2,7,Bot,189.63,90.87,,,,,-6.74412676054826,-138.0192043294002,-3.876602781822279,8.469173117060155,29.79037280904323,-12.751283995365606,3.4,1.57,294.0,92.2,44.0,95.2,2456.0,6.4,745792,518595,621566,805373,663586,606115,592696,672284,594807,54.06,0.008,0.012,0.0,1.0,0.0,0.0,3.0,64,5,4-Seam Fastball,8,3,8,3,3,8,8,3,Standard,Standard,144.0,-0.001,-0.219,70.3,7.3,,0.022,0.219,92.2,5,5,0.983,0.983,30,30,31,30,1,3,5.0,1,2.0,2,1.06,0.55,-0.55,42.3,10.87590759282302,5.577595573645299,27.02854164918753,40.21119135494526,25.09401532338035,batter
CH,2024-07-26,87.3,2.66,5.37,"Taylor, Tyrone",621438,621345,,ball,,,,,13.0,,R,R,L,NYM,ATL,B,,,1,2,2024,1.45,0.46,-0.5890903971770682,0.9674749624758584,,,,2,7,Bot,,,,,,,-10.783052315293965,-126.70277548525436,-5.392403072036253,17.78824663488866,24.31309565053557,-26.301016130860088,3.61872016344228,1.60319638716361,,,,87.4,1811.0,6.4,745792,518595,621566,805373,663586,606115,592696,672284,594807,54.12,,,,,,,,64,4,Changeup,8,3,8,3,3,8,8,3,Standard,Standard,121.0,0.0,0.039,,,,,-0.039,,5,5,0.983,0.983,30,30,31,30,1,3,5.0,1,2.0,2,2.53,1.45,-1.45,39.9,,,,,,batter
FF,2024-07-26,94.0,2.72,5.49,"Taylor, Tyrone",621438,621345,,foul,,,,,2.0,,R,R,L,NYM,ATL,S,,,1,1,2024,0.52,1.53,0.2524633439718624,3.1706262108944303,,,,2,7,Bot,,,,,,,-7.580651570755649,-136.73666698307386,-3.7072301470832247,8.129374987106042,28.848859389278445,-12.3599824297684,3.4,1.57,168.0,75.7,65.0,94.6,2447.0,6.5,745792,518595,621566,805373,663586,606115,592696,672284,594807,53.96,,,,,,,,64,3,4-Seam Fastball,8,3,8,3,3,8,8,3,Standard,Standard,146.0,0.0,-0.064,66.7,7.1,,,0.064,88.0,5,5,0.983,0.983,30,30,31,30,1,3,5.0,1,2.0,2,1.05,0.52,-0.52,37.2,5.526758967182914,9.788815716180173,30.89404507408788,38.644379599810726,23.683196290443306,batter
CH,2024-07-26,87.6,2.74,5.43,"Taylor, Tyrone",621438,621345,,ball,,,,,14.0,,R,R,L,NYM,ATL,B,,,0,1,2024,1.53,0.26,0.710097869185619,1.183656687327406,,,,2,7,Bot,,,,,,,-8.100709778935343,-127.34342795114053,-4.702138713282233,18.33605836387109,24.69550299309163,-28.54783537291121,3.55388995710116,1.68026108244819,,,,88.1,1761.0,6.5,745792,518595,621566,805373,663586,606115,592696,672284,594807,53.98,,,,,,,,64,2,Changeup,8,3,8,3,3,8,8,3,Standard,Standard,119.0,0.0,0.029,,,,,-0.029,,5,5,0.983,0.983,30,30,31,30,1,3,5.0,1,2.0,2,2.7,1.53,-1.53,38.4,,,,,,batter
FF,2024-07-26,94.5,2.61,5.45,"Taylor, Tyrone",621438,621345,,called_strike,,,,,8.0,,R,R,L,NYM,ATL,S,,,0,0,2024,0.6,1.52,-0.1278462351659819,1.6865108648559817,,,,2,7,Bot,,,,,,,-8.47488814173527,-137.1919593999574,-7.517691512732413,9.37040000462092,29.434270062784407,-11.415874967151144,3.56194418813573,1.41464093546918,,,,94.8,2448.0,6.5,745792,518595,621566,805373,663586,606115,592696,672284,594807,53.99,,,,,,,,64,1,4-Seam Fastball,8,3,8,3,3,8,8,3,Standard,Standard,143.0,0.0,-0.041,,,,,0.041,,5,5,0.983,0.983,30,30,31,30,1,3,5.0,1,2.0,2,1.03,0.6,-0.6,36.8,,,,,,batter
SI,2024-07-26,93.2,2.12,4.87,"Taylor, Tyrone",621438,607481,strikeout,called_strike,,,,,13.0,Tyrone Taylor called out on strikes.,R,R,L,NYM,ATL,S,2.0,,0,2,2024,1.64,-0.12,-0.8353162155797051,2.209372500041503,,,,1,5,Bot,,,,,,,-11.266119806382834,-135.29028017342876,-0.7565167089477809,22.642279313942208,30.12622717184348,-33.691490606100494,3.50136865307065,1.68628149348937,,,,93.7,2211.0,6.8,745792,518595,621566,805373,663586,606115,592696,672284,594807,53.74,,0.0,0.0,1.0,0.0,0.0,,46,3,Sinker,8,2,8,2,2,8,8,2,Standard,Standard,107.0,-0.001,-0.162,,,,,0.162,,6,6,0.975,0.975,30,30,31,30,1,2,4.0,1,3.0,2,2.76,1.64,-1.64,4.1,,,,,,batter
ST,2024-07-26,81.1,2.29,5.07,"Taylor, Tyrone",621438,607481,,called_strike,,,,,3.0,,R,R,L,NYM,ATL,S,,,0,1,2024,-1.39,-0.18,0.5506666738212964,3.1126481779990605,,,,1,5,Bot,,,,,,,-1.2381388119874672,-117.9735784153222,2.647724781195985,-12.605760522046698,24.29071625620533,-34.59914126902018,3.43007703018773,1.64661934583405,,,,80.8,2380.0,6.3,745792,518595,621566,805373,663586,606115,592696,672284,594807,54.22,,,,,,,,46,2,Sweeper,8,2,8,2,2,8,8,2,Standard,Standard,296.0,-0.001,-0.057,,,,,0.057,,6,6,0.976,0.976,30,30,31,30,1,2,4.0,1,3.0,2,3.67,-1.39,1.39,8.8,,,,,,batter
ST,2024-07-26,81.9,2.31,4.97,"Taylor, Tyrone",621438,607481,,foul,,,,,11.0,,R,R,L,NYM,ATL,S,,,0,0,2024,-1.74,0.17,-1.2033737378477427,2.8820352837797327,,,,1,5,Bot,,,,,,,-4.572671540661915,-119.1231699347971,1.592462068674216,-15.479075743067549,25.2005029501882,-31.180180726066936,3.4,1.57,,,,81.5,2617.0,6.3,745792,518595,621566,805373,663586,606115,592696,672284,594807,54.23,,,,,,,,46,1,Sweeper,8,2,8,2,2,8,8,2,Standard,Standard,296.0,0.0,-0.037,70.0,7.9,,,0.037,,6,6,0.976,0.976,30,30,31,30,1,2,4.0,1,3.0,2,3.26,-1.74,1.74,6.7,21.801780824679216,-23.0917615679077,38.08072869635888,24.39302099236815,33.53114638343422,batter
FF,2024-07-26,96.9,-0.89,5.69,"Taylor, Tyrone",621438,678226,field_out,hit_into_play,,,,,11.0,Tyrone Taylor flies out to left fielder Eddie Rosario.,R,R,R,NYM,ATL,X,7.0,fly_ball,0,2,2024,-0.93,1.39,-0.4168854080164867,3.897976991982364,,,,2,3,Bot,66.0,84.81,,,,,3.393636923831989,-141.09056786604532,-2.432523315586641,-13.180873163701996,32.2722034091686,-13.287230695898002,3.4,1.57,343.0,90.6,35.0,97.2,2279.0,6.5,745792,518595,621566,805373,663586,606115,592696,672284,594807,54.05,0.013,0.012,0.0,1.0,0.0,0.0,3.0,31,3,4-Seam Fastball,7,2,7,2,2,7,7,2,Standard,Standard,218.0,-0.001,-0.157,68.2,7.1,,0.026,0.157,90.6,5,5,0.922,0.922,27,30,28,30,1,1,27.0,1,47.0,2,1.04,0.93,0.93,39.4,20.29893758695069,-4.762265980770814,22.36451709907129,32.113064112153324,27.71707797610193,batter
SL,2024-07-26,87.4,-1.28,5.73,"Taylor, Tyrone",621438,678226,,called_strike,,,,,6.0,,R,R,R,NYM,ATL,S,,,0,1,2024,0.35,-0.2,0.6672036200438047,2.175852009496161,,,,2,3,Bot,,,,,,,3.969432562158039,-127.36752941882928,-2.094152823851185,3.133881209682132,23.582056441661678,-34.155962037315604,3.41950649868807,1.44257144327611,,,,88.0,2737.0,6.4,745792,518595,621566,805373,663586,606115,592696,672284,594807,54.14,,,,,,,,31,2,Slider,7,2,7,2,2,7,7,2,Standard,Standard,116.0,-0.001,-0.058,,,,,0.058,,5,5,0.923,0.923,27,30,28,30,1,1,27.0,1,47.0,2,3.15,-0.35,-0.35,38.5,,,,,,batter
SL,2024-07-26,88.9,-1.21,5.68,"Taylor, Tyrone",621438,678226,,called_strike,,,,,4.0,,R,R,R,NYM,ATL,S,,,0,0,2024,0.39,0.4,-0.3934986598211256,2.47396905136264,,,,2,3,Bot,,,,,,,1.194283194093598,-129.67939321373134,-2.7641621063766264,4.175531060781336,23.780560932530896,-27.300768592220827,3.40909921643693,1.49778098149819,,,,89.5,2647.0,6.2,745792,518595,621566,805373,663586,606115,592696,672284,594807,54.26,,,,,,,,31,1,Slider,7,2,7,2,2,7,7,2,Standard,Standard,179.0,0.0,-0.041,,,,,0.041,,5,5,0.923,0.923,27,30,28,30,1,1,27.0,1,47.0,2,2.44,-0.39,-0.39,38.0,,,,,,batter
CH,2024-07-25,88.1,3.09,4.67,"Taylor, Tyrone",621438,519242,field_out,hit_into_play,,,,,9.0,"Tyrone Taylor grounds out, shortstop Orlando Arcia to first baseman Matt Olson.",R,R,L,NYM,ATL,X,6.0,ground_ball,1,2,2024,1.54,-0.03,0.4224278373265211,1.7263899454716325,,,,2,5,Bot,98.73,150.86,,,,,-9.731462852086324,-128.07637982023024,-1.0022357260461143,18.92641872796387,24.72018211614304,-32.52413328635075,3.38,1.57,22.0,99.1,-3.0,88.8,1968.0,6.6,745794,518595,621566,805373,663586,606115,592696,672284,657656,53.88,0.356,0.322,0.0,1.0,0.0,0.0,2.0,37,4,Changeup,2,1,2,1,1,2,2,1,Standard,Standard,93.0,-0.008,-0.18,72.3,7.4,,0.36,0.18,99.1,1,1,0.668,0.668,35,30,35,30,2,1,11.0,1,6.0,1,2.96,1.54,-1.54,6.6,8.560163499764656,2.1134285711390293,38.04200212032078,40.68313677644073,29.4711857270882,batter
CH,2024-07-25,87.3,3.1,4.62,"Taylor, Tyrone",621438,519242,,ball,,,,,14.0,,R,R,L,NYM,ATL,B,,,0,2,2024,1.74,-0.1,2.0247499376253995,1.317828666480596,,,,2,5,Bot,,,,,,,-6.206739575505432,-126.93779555882702,-1.5072977846704256,20.045564784581117,28.49087534593932,-33.1476675031607,3.33650465433995,1.60600151073901,,,,87.4,1933.0,6.6,745794,518595,621566,805373,663586,606115,592696,672284,657656,53.92,,,,,,,,37,3,Changeup,2,1,2,1,1,2,2,1,Standard,Standard,91.0,0.001,0.023,,,,,-0.023,,1,1,0.667,0.667,35,30,35,30,2,1,11.0,1,6.0,1,3.12,1.74,-1.74,4.4,,,,,,batter
FF,2024-07-25,94.2,2.99,4.86,"Taylor, Tyrone",621438,519242,,foul,,,,,6.0,,R,R,L,NYM,ATL,S,,,0,1,2024,1.36,0.77,0.722369412788048,2.2299304629080776,,,,2,5,Bot,,,,,,,-8.930570505029756,-136.8149950617672,-2.794487420248269,19.082422221656216,32.111877460631604,-22.143954571807477,3.38,1.57,261.0,83.4,45.0,94.3,2127.0,6.6,745794,518595,621566,805373,663586,606115,592696,672284,657656,53.92,,,,,,,,37,2,4-Seam Fastball,2,1,2,1,1,2,2,1,Standard,Standard,106.0,-0.002,-0.058,68.4,7.1,,,0.058,88.0,1,1,0.669,0.669,35,30,35,30,2,1,11.0,1,6.0,1,1.83,1.36,-1.36,8.1,-3.03902452586744,18.157174543645787,34.529423965948126,44.803266415375774,20.336536872338225,batter
FF,2024-07-25,94.8,3.04,4.92,"Taylor, Tyrone",621438,519242,,foul,,,,,6.0,,R,R,L,NYM,ATL,S,,,0,0,2024,1.19,0.86,0.4598042865741407,2.502790135090563,,,,2,5,Bot,,,,,,,-9.452874910606628,-137.75408487369256,-2.551765776648725,17.302760337901727,32.020618562843595,-20.840020246772603,3.38,1.57,217.0,72.5,29.0,95.0,2186.0,6.6,745794,518595,621566,805373,663586,606115,592696,672284,657656,53.92,,,,,,,,37,1,4-Seam Fastball,2,1,2,1,1,2,2,1,Standard,Standard,108.0,-0.002,-0.041,68.3,6.9,,,0.041,88.0,1,1,0.671,0.671,35,30,35,30,2,1,11.0,1,6.0,1,1.69,1.19,-1.19,9.4,-3.0581153435977284,17.2991409142539,35.52412214399252,42.30837728175277,19.34888554868984,batter
SL,2024-07-25,78.8,3.08,4.84,"Taylor, Tyrone",621438,519242,walk,ball,,,,,13.0,Tyrone Taylor walks.,R,R,L,NYM,ATL,B,,,3,2,2024,-1.28,-0.55,-1.6917410390811427,2.112280059994954,,,,1,3,Bot,,,,,,,-8.025764725393334,-114.5282945616653,1.9821854171020048,-9.645429040535612,22.0960860732742,-37.629315094856125,3.37436296292898,1.53852664716143,,,,78.9,2532.0,6.6,745794,518595,621566,805373,663586,606115,592696,672284,657656,53.94,,0.689131,0.7,1.0,0.0,0.0,,22,8,Slider,0,1,0,1,1,0,0,1,Standard,Standard,314.0,0.026,0.348,,,,,-0.348,,-1,-1,0.414,0.414,35,30,35,30,1,0,11.0,1,6.0,1,4.24,-1.28,1.28,10.5,,,,,,batter
FF,2024-07-25,95.3,3.06,5.16,"Taylor, Tyrone",621438,519242,,foul,,,,,4.0,,R,R,L,NYM,ATL,S,,,3,2,2024,1.2,0.81,-0.5926531297356079,2.4399225598043137,,,,1,3,Bot,,,,,,,-12.326686443548692,-138.25563800558606,-3.309615742424413,18.078762041994715,29.655488835643148,-21.24076051251267,3.38,1.57,4.0,83.9,-31.0,95.7,2328.0,6.6,745794,518595,621566,805373,663586,606115,592696,672284,657656,53.88,,,,,,,,22,7,4-Seam Fastball,0,1,0,1,1,0,0,1,Standard,Standard,119.0,0.0,0.0,68.8,7.1,,,0.0,88.0,-1,-1,0.414,0.414,35,30,35,30,1,0,11.0,1,6.0,1,1.71,1.2,-1.2,15.9,15.782223265002004,-7.626119267363776,41.44299831786583,28.420373003911465,31.61233073609848,batter
SL,2024-07-25,78.4,3.01,4.89,"Taylor, Tyrone",621438,519242,,foul,,,,,8.0,,R,R,L,NYM,ATL,S,,,3,2,2024,-1.01,-0.55,-0.2146396915922566,1.9627687737220425,,,,1,3,Bot,,,,,,,-5.114877074170736,-114.12085181916092,1.5558366644429846,-7.855034138722777,21.31517173853253,-37.47915607634805,3.38,1.57,,,,78.6,2412.0,6.4,745794,518595,621566,805373,663586,606115,592696,672284,657656,54.07,,,,,,,,22,6,Slider,0,1,0,1,1,0,0,1,Standard,Standard,316.0,0.0,0.0,65.4,7.8,,,0.0,,-1,-1,0.414,0.414,35,30,35,30,1,0,11.0,1,6.0,1,4.26,-1.01,1.01,11.7,16.0777704231538,-16.705071054830547,37.94423185430175,34.6212080916226,40.332586349369,batter
SL,2024-07-25,80.2,3.01,5.02,"Taylor, Tyrone",621438,519242,,ball,,,,,13.0,,R,R,L,NYM,ATL,B,,,2,2,2024,-0.82,-0.63,-1.6377905763852325,1.5153519961621194,,,,1,3,Bot,,,,,,,-8.74847735826736,-116.56713212523792,0.1710508853723578,-5.839441769763628,22.02815355113328,-38.201445729026496,3.35914820308414,1.56812442921455,,,,80.4,2351.0,6.5,745794,518595,621566,805373,663586,606115,592696,672284,657656,54.0,,,,,,,,22,5,Slider,0,1,0,1,1,0,0,1,Standard,Standard,325.0,0.008,0.108,,,,,-0.108,,-1,-1,0.406,0.406,35,30,35,30,1,0,11.0,1,6.0,1,4.19,-0.82,0.82,11.5,,,,,,batter
FF,2024-07-25,94.1,3.06,5.06,"Taylor, Tyrone",621438,519242,,foul,,,,,14.0,,R,R,L,NYM,ATL,S,,,2,1,2024,1.33,0.98,1.1318346276773783,2.3328783937569093,,,,1,3,Bot,,,,,,,-7.991852983372566,-136.8808229013252,-3.5882843129184985,18.41868829293753,28.570536433173213,-19.254757458758693,3.38,1.57,,,,94.8,2237.0,6.6,745794,518595,621566,805373,663586,606115,592696,672284,657656,53.91,,,,,,,,22,4,4-Seam Fastball,0,1,0,1,1,0,0,1,Standard,Standard,116.0,-0.006,-0.078,69.8,8.0,,,0.078,,-1,-1,0.412,0.412,35,30,35,30,1,0,11.0,1,6.0,1,1.59,1.33,-1.33,13.5,9.357160533669278,-2.225528924583724,33.554424849651376,48.90595406128178,27.54027362629413,batter
FF,2024-07-25,93.5,3.27,4.87,"Taylor, Tyrone",621438,519242,,ball,,,,,14.0,,R,R,L,NYM,ATL,B,,,1,1,2024,1.41,0.66,1.4979223357089868,1.99438906437719,,,,1,3,Bot,,,,,,,-7.73102048975309,-135.96355755417932,-3.1545373863028843,19.21830488670683,27.656330163957485,-23.51560129818796,3.31982763528124,1.4966338585553,,,,94.2,2212.0,6.6,745794,518595,621566,805373,663586,606115,592696,672284,657656,53.92,,,,,,,,22,3,4-Seam Fastball,0,1,0,1,1,0,0,1,Standard,Standard,112.0,0.004,0.059,,,,,-0.059,,-1,-1,0.408,0.408,35,30,35,30,1,0,11.0,1,6.0,1,1.94,1.41,-1.41,11.5,,,,,,batter
SL,2024-07-25,75.4,3.16,4.88,"Taylor, Tyrone",621438,519242,,called_strike,,,,,6.0,,R,R,L,NYM,ATL,S,,,1,0,2024,-1.29,-0.4,0.2910170969099679,2.333165155746381,,,,1,3,Bot,,,,,,,-3.663982610284685,-109.737393198474,2.534244788191618,-9.790170732714202,18.906809049279747,-36.10392574859094,3.3213720634711,1.46568272788902,,,,75.4,2262.0,6.2,745794,518595,621566,805373,663586,606115,592696,672284,657656,54.3,,,,,,,,22,2,Slider,0,1,0,1,1,0,0,1,Standard,Standard,311.0,-0.004,-0.051,,,,,0.051,,-1,-1,0.412,0.412,35,30,35,30,1,0,11.0,1,6.0,1,4.4,-1.29,1.29,9.9,,,,,,batter
SL,2024-07-25,76.2,3.09,4.88,"Taylor, Tyrone",621438,519242,,ball,,,,,14.0,,R,R,L,NYM,ATL,B,,,0,0,2024,-0.64,-0.58,0.93962268145768,1.8385545626516036,,,,1,3,Bot,,,,,,,-3.379717801918222,-110.97357791596572,1.6514006664420395,-4.756005092579173,18.348192815242243,-37.50864066465462,3.28002616010701,1.42398906890811,,,,76.7,2077.0,6.4,745794,518595,621566,805373,663586,606115,592696,672284,657656,54.1,,,,,,,,22,1,Slider,0,1,0,1,1,0,0,1,Standard,Standard,317.0,0.003,0.039,,,,,-0.039,,-1,-1,0.409,0.409,35,30,35,30,1,0,11.0,1,6.0,1,4.48,-0.64,0.64,10.3,,,,,,batter
SL,2024-07-25,84.7,-2.64,5.39,"Taylor, Tyrone",621438,641729,field_out,hit_into_play,,,,,8.0,Tyrone Taylor pops out to shortstop Orlando Arcia.,R,R,R,NYM,ATL,X,6.0,popup,0,1,2024,0.53,0.52,0.2340688241777959,1.910139140192672,,,,2,8,Bot,78.01,150.23,,,,,5.74860471037282,-123.1834470206807,-2.819399424471843,4.2324036353408525,25.3125494858214,-26.50907626525988,3.38,1.57,171.0,71.4,56.0,85.9,2273.0,7.2,745794,518595,621566,805373,663586,606115,592696,672284,657656,53.31,0.063,0.064,0.0,1.0,0.0,0.0,3.0,58,2,Slider,2,2,2,2,2,2,2,2,Standard,Standard,114.0,-0.022,-0.215,67.2,8.3,,0.081,0.215,88.0,0,0,0.522,0.522,29,30,29,30,1,2,5.0,1,2.0,1,2.67,-0.53,-0.53,28.4,17.327748936382793,-25.41785616260807,36.86194407284717,38.248614977485744,47.93985839847729,batter
FF,2024-07-25,94.5,-2.47,5.5,"Taylor, Tyrone",621438,641729,,called_strike,,,,,8.0,,R,R,R,NYM,ATL,S,,,0,0,2024,-0.88,1.62,0.0684903667847327,1.9152517417174089,,,,2,8,Bot,,,,,,,8.70025738059737,-137.19575044345504,-7.326625062204043,-13.140747562802067,32.74514777665023,-10.206912686302903,3.3169915879187,1.48401233964672,,,,95.5,2398.0,7.2,745794,518595,621566,805373,663586,606115,592696,672284,657656,53.31,,,,,,,,58,1,4-Seam Fastball,2,2,2,2,2,2,2,2,Standard,Standard,223.0,-0.004,-0.041,,,,,0.041,,0,0,0.526,0.526,29,30,29,30,1,2,5.0,1,2.0,1,0.96,0.88,0.88,30.5,,,,,,batter
FF,2024-07-24,97.5,-2.55,5.82,"Taylor, Tyrone",621438,543037,single,hit_into_play,,,,,4.0,Tyrone Taylor singles on a line drive to right fielder Juan Soto. Jeff McNeil scores. Francisco Alvarez to 2nd.,R,R,R,NYY,NYM,X,9.0,line_drive,0,1,2024,-0.48,1.37,-0.611382987189326,2.356750082012524,643446.0,,682626.0,2,6,Top,150.67,92.9,,,,,6.305752174003597,-141.71019332662075,-6.924673859137657,-7.95700196040459,32.73467108292456,-12.297766599834665,3.4,1.58,193.0,84.7,13.0,97.3,2424.0,6.3,745716,669224,518934,650402,665828,683011,657077,592450,665742,54.23,0.8,0.776,0.9,1.0,1.0,0.0,4.0,50,2,4-Seam Fastball,2,5,5,2,6,2,6,2,Standard,Standard,214.0,-0.057,0.662,67.6,6.5,,0.964,-0.662,88.0,-3,3,0.141,0.859,33,30,34,30,3,2,5.0,1,11.0,1,1.03,0.48,0.48,37.9,-3.3398734193063446,9.198818449331306,42.27810605315857,29.116961741515546,22.76956960727751,batter
SL,2024-07-24,90.3,-2.55,5.95,"Taylor, Tyrone",621438,543037,,foul,,,,,8.0,,R,R,R,NYY,NYM,S,,,0,0,2024,0.38,0.04,-0.0084933704585,1.9447044032900345,643446.0,,682626.0,2,6,Top,,,,,,,5.508345074943077,-131.47544498260103,-4.170437415813244,3.4236333718503165,25.526946134333496,-31.059643490251,3.4,1.58,,,,90.7,2567.0,6.3,745716,669224,518934,650402,665828,683011,657077,592450,665742,54.2,,,,,,,,50,1,Slider,2,5,5,2,5,2,5,2,Standard,Standard,140.0,0.004,-0.046,70.7,8.0,,,0.046,,-3,3,0.137,0.863,33,30,34,30,3,2,5.0,1,11.0,1,2.73,-0.38,-0.38,36.7,13.910189150871089,-18.000986665299752,34.60555470463483,35.750967676147866,41.56879251918933,batter
FC,2024-07-24,92.7,-2.41,5.89,"Taylor, Tyrone",621438,543037,single,hit_into_play,,,,,6.0,Tyrone Taylor singles on a line drive to left fielder Alex Verdugo.,R,R,R,NYY,NYM,X,7.0,line_drive,3,2,2024,0.37,0.8,0.5199116569421444,2.290228286324001,,,,0,5,Top,73.17,112.85,,,,,6.699177442301422,-134.8728039083627,-5.225954319208796,3.31278758747626,25.819941647696805,-21.529964847909305,3.4,1.58,149.0,84.5,11.0,93.6,2513.0,6.5,745716,669224,518934,650402,665828,683011,657077,592450,665742,53.96,0.55,0.495,0.9,1.0,1.0,0.0,4.0,35,6,Cutter,2,3,3,2,3,2,3,2,Standard,Standard,192.0,-0.031,0.369,71.9,7.8,,0.59,-0.369,88.0,-1,1,0.356,0.644,33,30,34,30,2,1,5.0,1,11.0,1,1.83,-0.37,-0.37,41.4,12.589105842246068,-12.437551281228629,34.738664547846895,41.57356830575456,35.68625513339731,batter
FF,2024-07-24,95.3,-2.25,5.94,"Taylor, Tyrone",621438,543037,,foul,,,,,5.0,,R,R,R,NYY,NYM,S,,,3,1,2024,-0.29,1.59,0.2053418820191893,2.321546747226224,,,,0,5,Top,,,,,,,7.092925518117569,-138.43798036474158,-7.444987793039379,-5.283264822156483,31.60928007855392,-10.16938891923284,3.4,1.58,256.0,81.3,38.0,95.3,2427.0,6.5,745716,669224,518934,650402,665828,683011,657077,592450,665742,54.04,,,,,,,,35,5,4-Seam Fastball,2,3,3,2,3,2,3,2,Standard,Standard,200.0,0.009,-0.085,67.0,6.6,,,0.085,88.0,-1,1,0.347,0.653,33,30,34,30,2,1,5.0,1,11.0,1,0.93,0.29,0.29,42.3,-11.57329397701626,15.118170491096684,37.41831854829822,38.8446263165945,18.240916403955527,batter
FF,2024-07-24,94.2,-2.2,5.95,"Taylor, Tyrone",621438,543037,,called_strike,,,,,9.0,,R,R,R,NYY,NYM,S,,,3,0,2024,-0.2,1.66,0.4592612757812913,1.969342469696998,,,,0,5,Top,,,,,,,7.35198194400007,-136.7757440426674,-8.260987212823867,-4.305694885354546,32.747298894578485,-9.703251120828275,3.5222181346536,1.58352002641112,,,,93.8,2399.0,6.4,745716,669224,518934,650402,665828,683011,657077,592450,665742,54.12,,,,,,,,35,4,4-Seam Fastball,2,3,3,2,3,2,3,2,Standard,Standard,204.0,0.007,-0.09,,,,,0.09,,-1,1,0.34,0.66,33,30,34,30,2,1,5.0,1,11.0,1,0.94,0.2,0.2,43.7,,,,,,batter
SL,2024-07-24,87.4,-2.28,6.02,"Taylor, Tyrone",621438,543037,,ball,,,,,14.0,,R,R,R,NYY,NYM,B,,,2,0,2024,0.5,-0.2,0.4457307764758569,1.0100326517448417,,,,0,5,Top,,,,,,,5.543847509180527,-127.1128593409504,-5.521265964377145,4.271730905451013,25.90222863336172,-33.391886843084,3.54230591581517,1.53090061739832,,,,87.4,2620.0,6.3,745716,669224,518934,650402,665828,683011,657077,592450,665742,54.17,,,,,,,,35,3,Slider,2,3,3,2,3,2,3,2,Standard,Standard,114.0,-0.011,0.147,,,,,-0.147,,-1,1,0.351,0.649,33,30,34,30,2,1,5.0,1,11.0,1,3.18,-0.5,-0.5,45.9,,,,,,batter
SL,2024-07-24,87.2,-2.12,6.07,"Taylor, Tyrone",621438,543037,,ball,,,,,14.0,,R,R,R,NYY,NYM,B,,,1,0,2024,0.66,0.15,0.9004208497972301,-0.2335834888268082,,,,0,5,Top,,,,,,,5.866696671696634,-126.63770706892794,-9.284482065369284,6.020657927891313,24.42321187230538,-28.920693216974733,3.50875722956153,1.53377423347721,,,,87.0,2555.0,6.2,745716,669224,518934,650402,665828,683011,657077,592450,665742,54.33,,,,,,,,35,2,Slider,2,3,3,2,3,2,3,2,Standard,Standard,142.0,-0.007,0.069,,,,,-0.069,,-1,1,0.358,0.642,33,30,34,30,2,1,5.0,1,11.0,1,2.85,-0.66,-0.66,44.1,,,,,,batter
KC,2024-07-24,81.4,-2.25,6.18,"Taylor, Tyrone",621438,543037,,ball,,,,,11.0,,R,R,R,NYY,NYM,B,,,0,0,2024,0.99,-1.14,-0.1205233740129128,3.9541583414081938,,,,0,5,Top,,,,,,,2.8701210060840223,-118.35570255424668,3.873248510932312,8.622323831710677,25.105404505079832,-43.866292306321256,3.43901850761591,1.57290067841095,,,,80.8,2811.0,6.2,745716,669224,518934,650402,665828,683011,657077,592450,665742,54.34,,,,,,,,35,1,Knuckle Curve,2,3,3,2,3,2,3,2,Standard,Standard,39.0,-0.004,0.038,,,,,-0.038,,-1,1,0.362,0.638,33,30,34,30,2,1,5.0,1,11.0,1,4.62,-0.99,-0.99,47.5,,,,,,batter
FF,2024-07-24,95.4,-2.21,6.15,"Taylor, Tyrone",621438,543037,home_run,hit_into_play,,,,,11.0,Tyrone Taylor homers (6) on a fly ball to left field.,R,R,R,NYY,NYM,X,,fly_ball,2,2,2024,-0.36,1.48,-0.0119424575329701,3.848863220647724,,,,2,3,Top,24.41,72.25,,,,,6.593394418368541,-138.79472214929822,-3.761641487646092,-6.136575585521441,30.651339157071167,-12.397371450744624,3.4,1.58,399.0,105.4,29.0,95.4,2304.0,6.3,745716,669224,518934,650402,665828,683011,657077,592450,665742,54.21,0.823,1.643431818181818,2.0,1.0,0.0,3.0,6.0,17,6,4-Seam Fastball,1,0,0,1,1,1,1,1,Standard,Standard,201.0,-0.116,2.631,70.2,7.1,,3.239,-2.631,105.4,1,-1,0.659,0.341,33,30,34,30,1,0,5.0,1,11.0,1,1.02,0.36,0.36,44.6,16.199265733598534,-8.09228226909815,22.49196829025433,35.11012364283849,36.13355760562478,batter
SL,2024-07-24,89.3,-2.42,5.84,"Taylor, Tyrone",621438,543037,,ball,,,,,14.0,,R,R,R,NYY,NYM,B,,,1,2,2024,0.39,0.44,1.7808410942745443,1.856497207912847,,,,2,3,Top,,,,,,,9.498654411024727,-129.79798574983172,-4.743983341445632,2.618509901556375,24.933753105442708,-26.424031842233664,3.50828330503919,1.55258939594916,,,,89.5,2448.0,6.3,745716,669224,518934,650402,665828,683011,657077,592450,665742,54.2,,,,,,,,17,5,Slider,1,0,0,1,0,1,0,1,Standard,Standard,163.0,-0.002,0.039,,,,,-0.039,,1,-1,0.661,0.339,33,30,34,30,1,0,5.0,1,11.0,1,2.41,-0.39,-0.39,39.5,,,,,,batter
SL,2024-07-24,88.9,-2.54,5.81,"Taylor, Tyrone",621438,543037,,ball,,,,,14.0,,R,R,R,NYY,NYM,B,,,0,2,2024,0.49,0.28,1.5576170251524126,1.679097294200405,,,,2,3,Top,,,,,,,8.978050461970492,-129.23648123443667,-4.697038136565377,3.824908621701843,25.07711069812329,-28.271173428763337,3.46894662372654,1.54953442893737,,,,88.9,2596.0,6.2,745716,669224,518934,650402,665828,683011,657077,592450,665742,54.32,,,,,,,,17,4,Slider,1,0,0,1,0,1,0,1,Standard,Standard,112.0,-0.001,0.023,,,,,-0.023,,1,-1,0.662,0.338,33,30,34,30,1,0,5.0,1,11.0,1,2.59,-0.49,-0.49,37.4,,,,,,batter
FC,2024-07-24,91.6,-2.55,5.96,"Taylor, Tyrone",621438,543037,,foul,,,,,11.0,,R,R,R,NYY,NYM,S,,,0,2,2024,0.21,0.82,-0.9697930670522212,3.5017076412326373,,,,2,3,Top,,,,,,,3.514930090807712,-133.48611763250594,-2.204637527156308,1.964173946513911,24.02979949570573,-22.06380249689786,3.4,1.58,,,,92.2,2488.0,6.2,745716,669224,518934,650402,665828,683011,657077,592450,665742,54.3,,,,,,,,17,3,Cutter,1,0,0,1,0,1,0,1,Standard,Standard,176.0,0.0,0.0,64.2,5.7,,,0.0,,1,-1,0.662,0.338,33,30,34,30,1,0,5.0,1,11.0,1,1.86,-0.21,-0.21,38.0,-8.269192745910653,18.05508362053286,32.86071343946122,23.990847690931783,22.13385618535656,batter
FF,2024-07-24,96.4,-2.41,5.89,"Taylor, Tyrone",621438,543037,,foul,,,,,2.0,,R,R,R,NYY,NYM,S,,,0,1,2024,-0.59,1.47,0.2436030619676442,3.1279695989770766,,,,2,3,Top,,,,,,,8.411279414480905,-140.08055860574962,-5.075581028213128,-9.712536478078706,33.57128763378115,-11.84769466453189,3.4,1.58,228.0,72.8,31.0,96.3,2266.0,6.5,745716,669224,518934,650402,665828,683011,657077,592450,665742,54.04,,,,,,,,17,2,4-Seam Fastball,1,0,0,1,0,1,0,1,Standard,Standard,212.0,0.003,-0.058,66.4,6.7,,,0.058,88.0,1,-1,0.659,0.341,33,30,34,30,1,0,5.0,1,11.0,1,1.0,0.59,0.59,41.1,-1.3098145556847351,15.105006193616807,31.743089007422604,38.69433632135943,18.600361155926777,batter
KC,2024-07-24,82.6,-2.34,6.08,"Taylor, Tyrone",621438,543037,,called_strike,,,,,7.0,,R,R,R,NYY,NYM,S,,,0,0,2024,0.82,-1.22,-0.3723369474890988,1.6664497580553,,,,2,3,Top,,,,,,,2.8787190952446755,-120.14536933496112,-1.054112565575454,7.182878893848332,26.96293380982328,-43.87649052423038,3.46949165773639,1.56449180091181,,,,82.0,2772.0,6.3,745716,669224,518934,650402,665828,683011,657077,592450,665742,54.24,,,,,,,,17,1,Knuckle Curve,1,0,0,1,0,1,0,1,Standard,Standard,37.0,0.002,-0.041,,,,,0.041,,1,-1,0.657,0.343,33,30,34,30,1,0,5.0,1,11.0,1,4.61,-0.82,-0.82,48.7,,,,,,batter
FF,2024-07-24,92.6,-1.77,5.52,"Taylor, Tyrone",621438,672782,field_out,hit_into_play,,,,,1.0,Tyrone Taylor flies out to left fielder Alex Verdugo.,R,R,R,NYY,NYM,X,7.0,fly_ball,2,2,2024,-0.44,1.63,-0.3200457781414439,2.9213074388896176,,,682626.0,1,9,Top,73.14,123.39,,,,,4.7487746553066055,-134.76995260064325,-4.401909789046255,-6.491349619098749,31.392682062580818,-11.658418897896627,3.4,1.58,230.0,90.8,58.0,93.5,2346.0,7.0,745716,669224,700250,650402,665828,683011,657077,663757,663330,53.52,0.013,0.019,0.0,1.0,0.0,0.0,3.0,80,7,4-Seam Fastball,2,12,12,2,12,2,12,2,Standard,Standard,211.0,0.0,-0.233,73.1,7.6,,0.025,0.233,90.8,-10,10,0.001,0.999,24,30,25,30,1,4,28.0,1,5.0,1,1.05,0.44,0.44,46.5,17.45845305332095,-20.64409585289651,32.89180316858969,32.43718960502567,38.32578059422092,batter
ST,2024-07-24,83.4,-1.62,5.44,"Taylor, Tyrone",621438,672782,,ball,,,,,14.0,,R,R,R,NYY,NYM,B,,,1,2,2024,1.34,0.12,2.1889883779003894,1.4941036205771456,,,682626.0,1,9,Top,,,,,,,6.206736606205524,-121.3639676253026,-2.848456087641205,11.878537706503636,25.28343105125357,-30.66108336843933,3.50665329559323,1.45765215327822,,,,84.4,2584.0,7.1,745716,669224,700250,650402,665828,683011,657077,663757,663330,53.42,,,,,,,,80,6,Sweeper,2,12,12,2,12,2,12,2,Standard,Standard,58.0,0.0,0.048,,,,,-0.048,,-10,10,0.001,0.999,24,30,25,30,1,4,28.0,1,5.0,1,3.18,-1.34,-1.34,40.2,,,,,,batter
ST,2024-07-24,82.9,-1.54,5.63,"Taylor, Tyrone",621438,672782,,ball,,,,,14.0,,R,R,R,NYY,NYM,B,,,0,2,2024,1.32,-0.02,1.4467954217126189,1.5390093750338272,,,682626.0,1,9,Top,,,,,,,4.301992321719999,-120.57720115859952,-2.8134910900088785,11.883716425804913,25.625622213795424,-31.9520752288876,3.51698822441725,1.57715541182932,,,,83.8,2549.0,7.1,745716,669224,700250,650402,665828,683011,657077,663757,663330,53.37,,,,,,,,80,5,Sweeper,2,12,12,2,12,2,12,2,Standard,Standard,50.0,0.0,0.022,,,,,-0.022,,-10,10,0.001,0.999,24,30,25,30,1,4,28.0,1,5.0,1,3.36,-1.32,-1.32,40.8,,,,,,batter
ST,2024-07-24,82.5,-1.82,5.52,"Taylor, Tyrone",621438,672782,,foul,,,,,8.0,,R,R,R,NYY,NYM,S,,,0,2,2024,1.3,0.12,0.2246311439933483,1.9514379033933915,,,682626.0,1,9,Top,,,,,,,2.158420833058393,-120.2189223508736,-1.8420711410765964,12.145599915062895,24.25214433841989,-30.8490037310902,3.4,1.58,117.0,68.8,77.0,83.7,2497.0,7.1,745716,669224,700250,650402,665828,683011,657077,663757,663330,53.39,,,,,,,,80,4,Sweeper,2,12,12,2,12,2,12,2,Standard,Standard,72.0,0.0,0.0,66.9,8.2,,,0.0,88.0,-10,10,0.001,0.999,24,30,25,30,1,4,28.0,1,5.0,1,3.23,-1.3,-1.3,41.7,15.48202899898181,-20.90654540085274,35.28787304689346,38.159657667142255,47.75051374781377,batter
ST,2024-07-24,83.5,-1.77,5.63,"Taylor, Tyrone",621438,672782,,foul,,,,,3.0,,R,R,R,NYY,NYM,S,,,0,2,2024,1.27,0.4,0.7354850550165599,3.389536678674589,,,682626.0,1,9,Top,,,,,,,3.3064922332552515,-121.5379757904128,0.568886001634569,11.763607097026526,25.94997285345872,-28.58896544363065,3.4,1.58,,,,84.4,2477.0,7.1,745716,669224,700250,650402,665828,683011,657077,663757,663330,53.44,,,,,,,,80,3,Sweeper,2,12,12,2,12,2,12,2,Standard,Standard,87.0,0.0,0.0,62.2,6.8,,,0.0,,-10,10,0.001,0.999,24,30,25,30,1,4,28.0,1,5.0,1,2.89,-1.27,-1.27,41.9,4.3227487584481015,16.279557513777327,26.12577974249935,46.42115604883785,19.139726899681783,batter
FF,2024-07-24,93.7,-1.73,5.52,"Taylor, Tyrone",621438,672782,,foul,,,,,1.0,,R,R,R,NYY,NYM,S,,,0,1,2024,-0.38,1.48,-0.5625328180265459,3.4045971327036684,,,682626.0,1,9,Top,,,,,,,3.917432305624126,-136.36076255265883,-3.006003870117918,-5.676098508421246,32.26615033181652,-13.300623372768468,3.4,1.58,,,,94.5,2392.0,6.9,745716,669224,700250,650402,665828,683011,657077,663757,663330,53.55,,,,,,,,80,2,4-Seam Fastball,2,12,12,2,12,2,12,2,Standard,Standard,199.0,0.0,-0.052,68.8,6.9,,,0.052,,-10,10,0.001,0.999,24,30,25,30,1,4,28.0,1,5.0,1,1.13,0.38,0.38,41.5,12.094410306736137,-6.7950697551194095,32.90974652100876,29.755464326339546,26.74259259533288,batter
ST,2024-07-24,82.8,-2.05,5.48,"Taylor, Tyrone",621438,672782,,called_strike,,,,,3.0,,R,R,R,NYY,NYM,S,,,0,0,2024,1.15,0.48,0.3465602162658329,3.310243088447534,,,682626.0,1,9,Top,,,,,,,3.2594237253061538,-120.4103374961908,0.7647096250136214,10.225034186700997,28.052769482201768,-28.05834757371037,3.53447917509114,1.60723176454151,,,,83.3,2464.0,7.1,745716,669224,700250,650402,665828,683011,657077,663757,663330,53.41,,,,,,,,80,1,Sweeper,2,12,12,2,12,2,12,2,Standard,Standard,81.0,0.0,-0.04,,,,,0.04,,-10,10,0.001,0.999,24,30,25,30,1,4,28.0,1,5.0,1,2.91,-1.15,-1.15,39.8,,,,,,batter
SV,2024-07-24,80.1,2.07,5.8,"Taylor, Tyrone",621438,657571,fielders_choice,hit_into_play,,,,,5.0,"Tyrone Taylor reaches on a fielder's choice, fielded by third baseman Oswaldo Cabrera. Jeff McNeil scores. Jose Iglesias to 2nd. Throwing error by third baseman Oswaldo Cabrera.",R,R,L,NYY,NYM,X,5.0,ground_ball,0,0,2024,-0.88,-1.22,-0.1419969561107128,2.1822615264210343,643446.0,,578428.0,1,8,Top,116.3,182.38,,,,,-3.2318818379597807,-116.66417427667564,1.0551691459885668,-7.405672884327592,22.84854052004091,-43.72601296260592,3.4,1.58,4.0,90.8,-29.0,80.2,2981.0,6.4,745716,669224,518934,650402,665828,683011,657077,592450,665742,54.12,0.071,0.064,0.9,1.0,0.0,0.0,2.0,68,1,Slurve,2,7,7,2,8,2,8,2,Standard,Standard,320.0,-0.005,0.439,68.1,6.9,,0.075,-0.439,90.8,-5,5,0.012,0.988,27,30,28,30,1,3,1.0,1,3.0,1,4.78,-0.88,0.88,44.4,1.4835235595524177,11.360256143869472,38.33687970964722,35.33056050824882,23.2472627201343,batter
FF,2024-07-23,96.8,-2.73,5.96,"Taylor, Tyrone",621438,661563,single,hit_into_play,,,,,11.0,Tyrone Taylor singles on a fly ball to center fielder Aaron Judge. Jeff McNeil to 3rd. Luis Torrens to 2nd.,R,R,R,NYY,NYM,X,8.0,fly_ball,0,1,2024,-0.57,1.46,-0.40344833809566,3.62753353425144,,643446.0,620443.0,0,5,Top,76.5,50.16,,,,,7.58957289860159,-140.84018760682406,-4.084645718786873,-9.30026043859828,30.477118171505,-11.94291857167251,3.41,1.58,387.0,99.3,26.0,98.0,2469.0,6.9,745715,665966,605204,650402,518934,683011,657077,592450,665742,53.64,0.413,0.7304137931034481,0.9,1.0,1.0,0.0,6.0,35,2,4-Seam Fastball,1,0,0,1,0,1,0,1,Strategic,Standard,204.0,-0.112,0.513,68.2,7.0,,1.382,-0.513,99.3,1,-1,0.518,0.482,26,30,26,30,2,1,10.0,1,6.0,1,0.96,0.57,0.57,40.2,14.177611054980297,-8.302940511307613,22.599732941501983,32.41941751402018,28.998644195662948,batter
SL,2024-07-23,86.9,-3.14,5.61,"Taylor, Tyrone",621438,661563,,called_strike,,,,,1.0,,R,R,R,NYY,NYM,S,,,0,0,2024,0.37,0.89,-0.4804248876814849,3.4109742837933426,,643446.0,620443.0,0,5,Top,,,,,,,5.647725227659945,-126.55740380101618,-0.9270969877907344,2.91175665635395,24.846938170937783,-22.638348606363888,3.38405250297003,1.54318889929174,,,,87.6,2503.0,6.6,745715,665966,605204,650402,518934,683011,657077,592450,665742,53.9,,,,,,,,35,1,Slider,1,0,0,1,0,1,0,1,Strategic,Standard,106.0,0.011,-0.044,,,,,0.044,,1,-1,0.507,0.493,26,30,26,30,2,1,10.0,1,6.0,1,2.12,-0.37,-0.37,33.9,,,,,,batter
SL,2024-07-23,88.5,-3.09,5.65,"Taylor, Tyrone",621438,661563,strikeout,called_strike,,,,,4.0,Tyrone Taylor called out on strikes.,R,R,R,NYY,NYM,S,2.0,,1,2,2024,0.61,0.71,-0.2839082786461563,2.206333095335097,,,620443.0,0,3,Top,,,,,,,5.587200039100217,-128.65083185201212,-3.762439878350677,5.46198816330417,29.97223118253036,-23.6589677923712,3.42634682778714,1.50517238175298,,,,88.5,2460.0,6.6,745715,665966,605204,650402,518934,683011,657077,592450,665742,53.87,,0.0,0.0,1.0,0.0,0.0,,18,4,Slider,1,0,0,1,0,1,0,1,Standard,Standard,109.0,0.028,-0.184,,,,,0.184,,1,-1,0.581,0.419,26,30,26,30,1,0,10.0,1,6.0,1,2.23,-0.61,-0.61,36.7,,,,,,batter
SL,2024-07-23,89.0,-2.99,5.65,"Taylor, Tyrone",621438,661563,,foul,,,,,6.0,,R,R,R,NYY,NYM,S,,,1,1,2024,0.57,0.49,0.5419442190130558,2.446141374137371,,,620443.0,0,3,Top,,,,,,,7.565683358944568,-129.4752512457321,-2.8724226491057334,4.780585612590759,27.15134945199851,-26.28399611965293,3.41,1.58,151.0,75.4,68.0,90.1,2331.0,7.0,745715,665966,605204,650402,518934,683011,657077,592450,665742,53.51,,,,,,,,18,3,Slider,1,0,0,1,0,1,0,1,Standard,Standard,127.0,0.01,-0.049,69.4,7.8,,,0.049,88.0,1,-1,0.571,0.429,26,30,26,30,1,0,10.0,1,6.0,1,2.39,-0.57,-0.57,37.4,12.282782345842293,-1.159202084173086,30.34746436026512,41.87352182729633,31.793757994884118,batter
FF,2024-07-23,96.3,-2.93,5.78,"Taylor, Tyrone",621438,661563,,called_strike,,,,,6.0,,R,R,R,NYY,NYM,S,,,1,0,2024,-0.58,1.41,0.653641170080917,2.786695902974167,,,620443.0,0,3,Top,,,,,,,10.962340986221012,-139.7553833595933,-5.593041339438791,-10.072925393235376,31.97087392790763,-12.591456062585731,3.36132561107463,1.5477864615871,,,,97.3,2387.0,7.0,745715,665966,605204,650402,518934,683011,657077,592450,665742,53.46,,,,,,,,18,2,4-Seam Fastball,1,0,0,1,0,1,0,1,Standard,Standard,211.0,0.009,-0.049,,,,,0.049,,1,-1,0.562,0.438,26,30,26,30,1,0,10.0,1,6.0,1,1.07,0.58,0.58,36.0,,,,,,batter
CH,2024-07-23,90.2,-2.95,5.3,"Taylor, Tyrone",621438,661563,,ball,,,,,13.0,,R,R,R,NYY,NYM,B,,,0,0,2024,-1.4,0.33,-0.6120294374551973,1.3914123896869175,,,620443.0,0,3,Top,,,,,,,8.946394593810153,-131.03775495986943,-4.488395300555089,-18.08361710332873,28.173781923688733,-27.587312592776723,3.35685815891714,1.54363660975102,,,,91.5,1687.0,7.2,745715,665966,605204,650402,518934,683011,657077,592450,665742,53.27,,,,,,,,18,1,Changeup,1,0,0,1,0,1,0,1,Standard,Standard,229.0,-0.007,0.041,,,,,-0.041,,1,-1,0.569,0.431,26,30,26,30,1,0,10.0,1,6.0,1,2.48,1.4,1.4,28.2,,,,,,batter
FF,2024-07-23,93.5,-3.82,5.27,"Taylor, Tyrone",621438,543859,strikeout,swinging_strike,,,,,4.0,Tyrone Taylor strikes out swinging.,R,R,R,NYY,NYM,S,2.0,,3,2,2024,-1.24,0.89,-0.6891989271075043,2.7852787361960845,,,,2,6,Top,,,,,,,10.817366984433122,-135.69696646817735,-2.5740570305879205,-17.725885384789006,31.63562022636788,-20.810372852874828,3.41,1.58,,,,93.4,2328.0,6.5,745715,665966,605204,650402,518934,683011,657077,592450,665742,54.0,,0.0,0.0,1.0,0.0,0.0,,48,7,4-Seam Fastball,1,3,3,1,3,1,3,1,Standard,Standard,236.0,0.01,-0.325,73.4,7.6,0.133897728,,0.325,,-2,2,0.25,0.75,34,30,35,30,1,2,3.0,1,4.0,1,1.74,1.24,1.24,13.6,13.10535721869841,-18.266575870045,34.34614072685319,29.1693651276106,34.41389278794679,batter
SL,2024-07-23,84.6,-3.76,5.27,"Taylor, Tyrone",621438,543859,,ball,,,,,14.0,,R,R,R,NYY,NYM,B,,,2,2,2024,0.0,-0.4,1.8165051393933045,1.381974651624907,,,,2,6,Top,,,,,,,13.038551921420757,-122.6370893447792,-1.9047651377108243,-2.4079112768151743,23.035499282105825,-36.02513519829393,3.3576662602145,1.6221803005035,,,,85.1,2322.0,6.7,745715,665966,605204,650402,518934,683011,657077,592450,665742,53.8,,,,,,,,48,6,Slider,1,3,3,1,3,1,3,1,Standard,Standard,38.0,-0.002,0.106,,,,,-0.106,,-2,2,0.252,0.748,34,30,35,30,1,2,3.0,1,4.0,1,3.59,0.0,0.0,16.1,,,,,,batter
FF,2024-07-23,94.3,-3.82,5.28,"Taylor, Tyrone",621438,543859,,foul,,,,,6.0,,R,R,R,NYY,NYM,S,,,2,2,2024,-1.21,1.0,0.367670883329775,2.5597029373288325,,,,2,6,Top,,,,,,,13.623595194300542,-136.6914086910856,-3.570462567471731,-18.19454104649861,30.08611495958584,-18.98854017233861,3.41,1.58,251.0,74.9,40.0,94.6,2304.0,6.6,745715,665966,605204,650402,518934,683011,657077,592450,665742,53.85,,,,,,,,48,5,4-Seam Fastball,1,3,3,1,3,1,3,1,Standard,Standard,238.0,0.0,0.0,69.6,7.3,,,0.0,88.0,-2,2,0.252,0.748,34,30,35,30,1,2,3.0,1,4.0,1,1.58,1.21,1.21,14.6,2.9358475379785998,4.107215138350778,32.20518316980562,42.106344349636586,31.394053392767912,batter
CH,2024-07-23,88.5,-1.92,5.54,"Taylor, Tyrone",621438,596133,strikeout,swinging_strike,,,,,8.0,Tyrone Taylor strikes out swinging.,R,R,R,NYY,NYM,S,2.0,,3,2,2024,-1.15,0.38,-0.1615715102379284,1.4729958657757585,624413.0,578428.0,643446.0,2,8,Top,,,,,,,6.697215328432425,-128.76497074809208,-4.651430266362604,-14.221200803498458,26.625412935374623,-27.19955302053595,3.41,1.58,,,,88.4,1872.0,6.2,745715,669224,700250,650402,518934,683011,657077,592450,665742,54.27,,0.0,0.0,1.0,0.0,0.0,,67,6,Changeup,2,3,3,2,3,2,3,2,Standard,Standard,222.0,0.089,-0.367,73.9,8.6,6.632773248,,0.367,,-1,1,0.219,0.781,30,30,31,30,1,3,2.0,1,3.0,1,2.53,1.15,1.15,43.4,21.47249429016711,-33.09500071331693,35.453302775218546,34.964270999098,53.80893035410531,batter
CH,2024-07-23,88.6,-1.93,5.52,"Taylor, Tyrone",621438,596133,,swinging_strike,,,,,8.0,,R,R,R,NYY,NYM,S,,,3,1,2024,-1.11,0.65,-0.0473894697641033,1.5137400198560569,624413.0,578428.0,643446.0,2,8,Top,,,,,,,6.906926044634842,-128.85958070947692,-5.071841900909037,-13.845108440261091,26.837054136839047,-24.06698193365324,3.41,1.58,,,,88.5,1885.0,6.3,745715,669224,700250,650402,518934,683011,657077,592450,665742,54.22,,,,,,,,67,5,Changeup,2,3,3,2,3,2,3,2,Standard,Standard,225.0,0.027,-0.07,73.5,9.0,2.75561694,,0.07,,-1,1,0.192,0.808,30,30,31,30,1,3,2.0,1,3.0,1,2.26,1.11,1.11,45.7,22.819992431007392,-36.1497783312157,37.790180222826685,36.98265353305048,48.811085068603234,batter
SL,2024-07-23,85.5,-4.01,5.18,"Taylor, Tyrone",621438,543859,,ball,,,,,14.0,,R,R,R,NYY,NYM,B,,,1,2,2024,0.1,-0.24,1.1590427516202892,0.5582093699606099,,,,2,6,Top,,,,,,,11.972046973786249,-123.98694676338008,-4.117139664142726,-1.2207182904482676,23.79775560152191,-34.04489307446205,3.32558243342933,1.51792982371637,,,,85.7,2219.0,6.5,745715,665966,605204,650402,518934,683011,657077,592450,665742,54.01,,,,,,,,48,4,Slider,1,3,3,1,3,1,3,1,Standard,Standard,11.0,-0.002,0.039,,,,,-0.039,,-2,2,0.254,0.746,34,30,35,30,1,2,3.0,1,4.0,1,3.37,-0.1,-0.1,14.4,,,,,,batter
FF,2024-07-23,92.4,-3.81,5.28,"Taylor, Tyrone",621438,543859,,foul,,,,,5.0,,R,R,R,NYY,NYM,S,,,1,1,2024,-1.58,0.78,-0.2613955914043171,2.756442631839991,,,,2,6,Top,,,,,,,12.513681954982577,-134.07363926755184,-2.3060070241770463,-21.755134069978133,28.19908932975634,-22.472800705779804,3.41,1.58,156.0,74.1,15.0,92.7,2173.0,6.5,745715,665966,605204,650402,518934,683011,657077,592450,665742,53.96,,,,,,,,48,3,4-Seam Fastball,1,3,3,1,3,1,3,1,Standard,Standard,240.0,0.003,-0.064,71.5,6.8,,,0.064,88.0,-2,2,0.251,0.749,34,30,35,30,1,2,3.0,1,4.0,1,1.9,1.58,1.58,16.3,-1.8432909022134207,9.46195189123094,33.07710359852508,33.868391072578284,24.66501851963595,batter
FF,2024-07-23,94.5,-2.01,5.62,"Taylor, Tyrone",621438,596133,,called_strike,,,,,4.0,,R,R,R,NYY,NYM,S,,,3,0,2024,-0.77,1.48,-0.7147483132899303,2.18587251202158,624413.0,578428.0,643446.0,2,8,Top,,,,,,,5.085656850951851,-137.46261165626845,-6.504096638454972,-10.9414087028582,31.961623212931265,-12.188940064286342,3.35405242258467,1.50200071205301,,,,94.1,2355.0,6.2,745715,669224,700250,650402,518934,683011,657077,592450,665742,54.32,,,,,,,,67,4,4-Seam Fastball,2,3,3,2,3,2,3,2,Standard,Standard,209.0,0.022,-0.065,,,,,0.065,,-1,1,0.17,0.83,30,30,31,30,1,3,2.0,1,3.0,1,1.09,0.77,0.77,45.0,,,,,,batter
FC,2024-07-23,91.2,-1.88,5.66,"Taylor, Tyrone",621438,596133,,ball,,,,,12.0,,R,R,R,NYY,NYM,B,,,2,0,2024,0.27,1.12,0.8558504105517647,3.8081899112758566,624413.0,578428.0,643446.0,2,8,Top,,,,,,,6.271874149856518,-132.82437215844135,-1.2133999383176235,1.8764003977216572,27.20088777550738,-18.789466483064277,3.42324838625149,1.57109297399373,,,,90.9,2601.0,6.0,745715,669224,700250,650402,518934,683011,657077,592450,665742,54.52,,,,,,,,67,3,Cutter,2,3,3,2,3,2,3,2,Standard,Standard,189.0,-0.033,0.108,,,,,-0.108,,-1,1,0.203,0.797,30,30,31,30,1,3,2.0,1,3.0,1,1.6,-0.27,-0.27,46.9,,,,,,batter
ST,2024-07-23,81.9,-4.16,5.11,"Taylor, Tyrone",621438,543859,,ball,,,,,12.0,,R,R,R,NYY,NYM,B,,,0,1,2024,1.43,0.0,1.0294108936252464,3.2192158438679503,,,,2,6,Top,,,,,,,8.962653706203245,-118.95355039452096,2.416455605580752,11.597716630847032,25.355802626985145,-33.010367902600976,3.40480201872504,1.56072009700465,,,,81.7,2554.0,6.5,745715,665966,605204,650402,518934,683011,657077,592450,665742,53.96,,,,,,,,48,2,Sweeper,1,3,3,1,3,1,3,1,Standard,Standard,55.0,-0.001,0.029,,,,,-0.029,,-2,2,0.252,0.748,34,30,35,30,1,2,3.0,1,4.0,1,3.45,-1.43,-1.43,13.5,,,,,,batter
FC,2024-07-23,93.1,-1.72,5.72,"Taylor, Tyrone",621438,596133,,ball,,,,,12.0,,R,R,R,NYY,NYM,B,,,1,0,2024,0.05,1.33,1.845374607271265,2.8042635471206045,624413.0,578428.0,643446.0,2,8,Top,,,,,,,8.994966896794654,-135.37274198195894,-4.61904090623792,-1.3091130425656718,28.607843798548416,-14.950663612787933,3.41981765621091,1.4955551451356,,,,92.8,2595.0,6.1,745715,669224,700250,650402,518934,683011,657077,592450,665742,54.4,,,,,,,,67,2,Cutter,2,3,3,2,3,2,3,2,Standard,Standard,194.0,-0.021,0.088,,,,,-0.088,,-1,1,0.224,0.776,30,30,31,30,1,3,2.0,1,3.0,1,1.3,-0.05,-0.05,46.8,,,,,,batter
SI,2024-07-23,93.9,-3.95,5.27,"Taylor, Tyrone",621438,543859,,called_strike,,,,,8.0,,R,R,R,NYY,NYM,S,,,0,0,2024,-1.73,0.25,0.0823021589405093,2.0925311329841394,,,,2,6,Top,,,,,,,14.28833880145377,-135.98540144353066,-2.975228223950232,-24.678601476055963,31.534441721442324,-28.50652732956342,3.36971884524392,1.52601636824861,,,,93.7,2237.0,6.6,745715,665966,605204,650402,518934,683011,657077,592450,665742,53.92,,,,,,,,48,1,Sinker,1,3,3,1,3,1,3,1,Standard,Standard,243.0,0.001,-0.041,,,,,0.041,,-2,2,0.251,0.749,34,30,35,30,1,2,3.0,1,4.0,1,2.37,1.73,1.73,14.7,,,,,,batter
FF,2024-07-23,96.3,-1.76,5.72,"Taylor, Tyrone",621438,596133,,ball,,,,,12.0,,R,R,R,NYY,NYM,B,,,0,0,2024,-0.39,1.51,1.4124016060029314,3.660968671807732,624413.0,578428.0,643446.0,2,8,Top,,,,,,,9.285632713711763,-139.881236448882,-3.226965811750262,-7.44853608378555,34.976364953517425,-11.90848594953082,3.38572149953868,1.60536938154393,,,,95.5,2455.0,6.2,745715,669224,700250,650402,518934,683011,657077,592450,665742,54.31,,,,,,,,67,1,4-Seam Fastball,2,3,3,2,3,2,3,2,Standard,Standard,204.0,-0.011,0.031,,,,,-0.031,,-1,1,0.235,0.765,30,30,31,30,1,3,2.0,1,3.0,1,0.98,0.39,0.39,46.4,,,,,,batter
SI,2024-07-22,95.3,-1.56,5.26,"Taylor, Tyrone",621438,608638,force_out,hit_into_play,,,,,5.0,"Tyrone Taylor grounds into a force out, shortstop Xavier Edwards to second baseman Jazz Chisholm Jr. Ben Gamel to 3rd. Pete Alonso out at 2nd. Tyrone Taylor to 1st.",R,R,R,MIA,NYM,X,6.0,ground_ball,2,1,2024,-1.64,0.34,-0.2642799091375052,2.3550516817545546,,592325.0,624413.0,1,9,Top,106.39,155.13,,,,,7.105821355936247,-138.5589084401728,-2.705860399458403,-22.714158005893395,32.75663403776219,-27.435863560006272,3.42,1.58,7.0,89.6,-19.0,95.2,2408.0,6.4,746034,645305,669394,665862,660644,669364,650559,672640,660821,54.1,0.085,0.086,0.0,1.0,0.0,0.0,2.0,75,4,Sinker,3,6,6,3,6,3,6,3,Standard,Standard,235.0,0.006,-0.324,71.3,7.0,,0.109,0.324,89.6,-3,3,0.028,0.972,33,30,34,30,1,0,2.0,1,3.0,1,2.19,1.64,1.64,25.5,-0.5814522195681356,2.187967611055834,33.75325889805647,33.945222174401515,26.890495970709715,batter
SL,2024-07-22,86.5,-1.57,5.18,"Taylor, Tyrone",621438,608638,,ball,,,,,14.0,,R,R,R,MIA,NYM,B,,,1,1,2024,0.13,0.18,2.058842851996172,1.5726772071643795,,592325.0,624413.0,1,9,Top,,,,,,,8.378402484048413,-125.74812762646158,-2.7423021974184176,-0.2937349333226841,24.902087584446903,-29.94857012870236,3.23098327661134,1.54847867756997,,,,86.5,2672.0,6.3,746034,645305,669394,665862,660644,669364,650559,672640,660821,54.18,,,,,,,,75,3,Slider,3,6,6,3,6,3,6,3,Standard,Standard,34.0,-0.001,0.042,,,,,-0.042,,-3,3,0.029,0.971,33,30,34,30,1,0,2.0,1,3.0,1,2.87,-0.13,-0.13,25.8,,,,,,batter
SL,2024-07-22,87.0,-1.63,5.29,"Taylor, Tyrone",621438,608638,,swinging_strike,,,,,14.0,,R,R,R,MIA,NYM,S,,,1,0,2024,0.05,0.19,0.9952976403228851,1.1810990247173885,,592325.0,624413.0,1,9,Top,,,,,,,6.179293356108524,-126.63100404967057,-4.087442418989075,-0.6951417556535247,25.43185443170812,-29.45467927366592,3.42,1.58,,,,87.0,2709.0,6.3,746034,645305,669394,665862,660644,669364,650559,672640,660821,54.25,,,,,,,,75,2,Slider,3,6,6,3,6,3,6,3,Standard,Standard,156.0,0.001,-0.054,70.1,8.3,1.554063468,,0.054,,-3,3,0.028,0.972,33,30,34,30,1,0,2.0,1,3.0,1,2.81,-0.05,-0.05,26.7,11.607497249868487,-9.02735298385948,38.79290255228047,49.22740036861579,36.20577427907058,batter
SI,2024-07-22,93.8,-1.6,5.32,"Taylor, Tyrone",621438,608638,,ball,,,,,11.0,,R,R,R,MIA,NYM,B,,,0,0,2024,-1.59,0.56,-2.0140366654717043,2.838510284345274,,592325.0,624413.0,1,9,Top,,,,,,,2.461874149965336,-136.55785869178823,-1.8956056799835637,-20.42045292438868,31.67661985123061,-25.019286155383053,3.32547962493134,1.58000068140542,,,,93.9,2315.0,6.4,746034,645305,669394,665862,660644,669364,650559,672640,660821,54.08,,,,,,,,75,1,Sinker,3,6,6,3,6,3,6,3,Standard,Standard,237.0,-0.001,0.03,,,,,-0.03,,-3,3,0.029,0.971,33,30,34,30,1,0,2.0,1,3.0,1,2.04,1.59,1.59,26.6,,,,,,batter
CH,2024-07-21,86.2,2.38,5.49,"Taylor, Tyrone",621438,669432,force_out,hit_into_play,,,,,13.0,"Tyrone Taylor grounds into a force out, shortstop Otto Lopez to second baseman Xavier Edwards. Jose Iglesias out at 2nd.",R,R,L,MIA,NYM,X,6.0,ground_ball,1,2,2024,1.28,-0.05,-0.5604395869934555,1.2847032568571797,,668901.0,578428.0,2,4,Top,110.73,154.07,,,,,-9.672342888571684,-125.060709490602,-3.600741594994465,15.443473952379906,26.68996161593305,-32.15763495571362,3.42,1.58,4.0,72.7,-19.0,86.7,1727.0,6.9,746042,663743,605137,669364,669394,672640,650559,660644,660821,53.62,0.052,0.062,0.0,1.0,0.0,0.0,2.0,32,4,Changeup,0,1,1,0,1,0,1,0,Standard,Standard,114.0,0.032,-0.189,71.0,8.6,,0.056,0.189,88.0,-1,1,0.396,0.604,26,30,27,30,2,1,7.0,7,5.0,1,3.15,1.28,-1.28,20.2,27.227029106818645,-23.55189399432396,45.73742465459753,29.499593117174328,46.04192045417492,batter
CH,2024-07-21,85.6,2.34,5.5,"Taylor, Tyrone",621438,669432,,foul,,,,,7.0,,R,R,L,MIA,NYM,S,,,1,1,2024,1.19,-0.17,-0.3296945083490001,1.4668688838215056,,668901.0,578428.0,2,4,Top,,,,,,,-8.764607557194225,-124.23691119972904,-2.8236100270550333,14.151973717864957,27.185434673528796,-33.53531252932566,3.42,1.58,13.0,82.8,-6.0,85.9,1660.0,6.8,746042,663743,605137,669364,669394,672640,650559,660644,660821,53.7,,,,,,,,32,3,Changeup,0,1,1,0,1,0,1,0,Standard,Standard,119.0,0.011,-0.076,75.9,8.3,,,0.076,88.0,-1,1,0.385,0.615,26,30,27,30,2,1,7.0,7,5.0,1,3.32,1.19,-1.19,22.7,-0.8184476941518795,-38.46800607594525,49.64417739386882,32.17204456092571,42.23084506096868,batter
FF,2024-07-21,90.9,2.41,5.76,"Taylor, Tyrone",621438,669432,,foul_tip,,,,,2.0,,R,R,L,MIA,NYM,S,,,1,0,2024,1.04,1.42,0.0266648460286806,3.069374701472511,,668901.0,578428.0,2,4,Top,,,,,,,-8.262102801341113,-131.97405970235818,-3.810876656909919,13.970530906622493,31.59835013124315,-15.0046947909522,3.42,1.58,,,,91.0,2426.0,6.8,746042,663743,605137,669364,669394,672640,650559,660644,660821,53.74,,,,,,,,32,2,4-Seam Fastball,0,1,1,0,1,0,1,0,Standard,Standard,128.0,0.005,-0.042,71.4,7.8,,,0.042,,-1,1,0.38,0.62,26,30,27,30,2,1,7.0,7,5.0,1,1.38,1.04,-1.04,22.0,16.56781827646508,-13.494283113063528,31.828375316114467,36.2601477303992,34.579101858385215,batter
FF,2024-07-21,90.2,2.44,5.8,"Taylor, Tyrone",621438,669432,,ball,,,,,12.0,,R,R,L,MIA,NYM,B,,,0,0,2024,1.07,1.46,0.7079284462074744,4.314154986788194,,668901.0,578428.0,2,4,Top,,,,,,,-6.629836093311506,-131.12891108352852,-0.7720753381955066,13.784472045162412,31.368827196424128,-15.527810637334216,3.41999804842844,1.6074535965346,,,,90.2,2510.0,6.7,746042,663743,605137,669364,669394,672640,650559,660644,660821,53.84,,,,,,,,32,1,4-Seam Fastball,0,1,1,0,1,0,1,0,Standard,Standard,130.0,-0.003,0.026,,,,,-0.026,,-1,1,0.383,0.617,26,30,27,30,2,1,7.0,7,5.0,1,1.38,1.07,-1.07,22.0,,,,,,batter
FF,2024-07-21,92.2,2.29,5.71,"Taylor, Tyrone",621438,669432,strikeout,swinging_strike,,,,,12.0,Tyrone Taylor strikes out swinging.,R,R,L,MIA,NYM,S,2.0,,1,2,2024,0.91,1.42,0.470392668932344,3.889894368734957,,668901.0,,2,2,Top,,,,,,,-6.665773804538337,-134.067262440982,-1.8357761117100009,12.468891554250806,31.509364561204688,-14.972893779314044,3.42,1.58,,,,92.5,2485.0,6.7,746042,663743,605137,669364,669394,672640,650559,660644,660821,53.79,,0.0,0.0,1.0,0.0,0.0,,12,4,4-Seam Fastball,0,0,0,0,0,0,0,0,Infield shade,Standard,127.0,0.024,-0.213,69.6,7.2,1.215451152,,0.213,,0,0,0.527,0.473,26,30,27,30,1,0,7.0,7,5.0,1,1.29,0.91,-0.91,22.3,11.842586371557466,2.9711389799763785,23.31651585987388,41.00062999174543,26.466435555713048,batter
CH,2024-07-21,85.3,2.32,5.58,"Taylor, Tyrone",621438,669432,,blocked_ball,,,,,13.0,,R,R,L,MIA,NYM,B,,,0,2,2024,1.19,-0.09,-0.2350446936899926,0.4506009996626385,,668901.0,,2,2,Top,,,,,,,-8.482775325774671,-123.93756349776652,-5.620262728290642,13.944254145390175,25.204517541105,-32.09840530632437,3.28346629450211,1.52608055756723,,,,86.1,1655.0,6.9,746042,663743,605137,669364,669394,672640,650559,660644,660821,53.58,,,,,,,,12,3,Changeup,0,0,0,0,0,0,0,0,Standard,Standard,121.0,-0.004,0.018,,,,,-0.018,,0,0,0.531,0.469,26,30,27,30,1,0,7.0,7,5.0,1,3.23,1.19,-1.19,23.5,,,,,,batter
FF,2024-07-21,91.2,2.56,5.75,"Taylor, Tyrone",621438,669432,,foul,,,,,2.0,,R,R,L,MIA,NYM,S,,,0,1,2024,0.92,1.38,0.0624422567955372,3.299159349037852,,668901.0,,2,2,Top,,,,,,,-8.287713674355546,-132.45378255883222,-3.1888926982122494,12.703382437871214,30.736167191709043,-15.469143305343762,3.42,1.58,176.0,73.3,67.0,91.2,2408.0,6.6,746042,663743,605137,669364,669394,672640,650559,660644,660821,53.91,,,,,,,,12,2,4-Seam Fastball,0,0,0,0,0,0,0,0,Standard,Standard,126.0,0.009,-0.067,67.2,7.0,,,0.067,88.0,0,0,0.522,0.478,26,30,27,30,1,0,7.0,7,5.0,1,1.39,0.92,-0.92,21.8,8.303467121306033,7.392694177582918,31.258801477335755,36.41052129173565,25.76476981601449,batter
FF,2024-07-21,91.1,2.46,5.73,"Taylor, Tyrone",621438,669432,,called_strike,,,,,12.0,,R,R,L,MIA,NYM,S,,,0,0,2024,1.15,1.28,0.9205847770681292,3.1096076476495496,,668901.0,,2,2,Top,,,,,,,-6.366814883968968,-132.4377066684646,-3.36444057134289,14.893200570742836,31.387785049859453,-16.692076657286396,3.38787444479954,1.56096887275462,,,,91.3,2394.0,6.7,746042,663743,605137,669364,669394,672640,650559,660644,660821,53.8,,,,,,,,12,1,4-Seam Fastball,0,0,0,0,0,0,0,0,Standard,Standard,122.0,0.005,-0.04,,,,,0.04,,0,0,0.517,0.483,26,30,27,30,1,0,7.0,7,5.0,1,1.5,1.15,-1.15,23.2,,,,,,batter
FF,2024-07-21,93.8,-1.84,5.28,"Taylor, Tyrone",621438,686539,strikeout,swinging_strike,,,,,11.0,Tyrone Taylor strikes out swinging.,R,R,R,MIA,NYM,S,2.0,,2,2,2024,-0.7,1.28,-0.054774848628058,4.054537613562779,,,578428.0,1,6,Top,,,,,,,6.133087007330608,-136.5696433895486,-0.276395585735703,-10.124027231678909,29.875809793434488,-16.28516932129836,3.42,1.58,,,,93.2,2785.0,5.9,746042,663743,605137,669364,669394,672640,650559,660644,660821,54.6,,0.0,0.0,1.0,0.0,0.0,,50,6,4-Seam Fastball,3,2,2,3,2,3,2,3,Standard,Standard,236.0,0.041,-0.229,65.1,6.2,0.887292348,,0.229,,1,-1,0.662,0.338,26,30,27,30,1,2,7.0,7,4.0,1,1.31,0.7,0.7,23.2,4.183832068346268,19.006948757817984,22.591245652534145,35.277030886487864,19.157019284948294,batter
FF,2024-07-21,93.2,-1.98,5.31,"Taylor, Tyrone",621438,686539,,foul,,,,,2.0,,R,R,R,MIA,NYM,S,,,2,2,2024,-0.59,1.23,-0.17791983982131,3.4257036013716498,,,578428.0,1,6,Top,,,,,,,5.8637449179678045,-135.63831743259408,-1.7608674450075137,-8.520011794325612,30.21116228356054,-16.82795570544743,3.42,1.58,226.0,78.8,58.0,92.4,2526.0,5.8,746042,663743,605137,669364,669394,672640,650559,660644,660821,54.67,,,,,,,,50,5,4-Seam Fastball,3,2,2,3,2,3,2,3,Standard,Standard,234.0,0.0,0.0,66.0,7.1,,,0.0,88.0,1,-1,0.662,0.338,26,30,27,30,1,2,7.0,7,4.0,1,1.4,0.59,0.59,21.8,12.511261056569133,-15.110226197197443,28.96023340311115,34.21815156945049,32.908903615241414,batter
SL,2024-07-21,85.0,-1.88,5.28,"Taylor, Tyrone",621438,686539,,foul,,,,,9.0,,R,R,R,MIA,NYM,S,,,2,1,2024,0.52,-0.02,0.4410728879267867,2.111581203382113,,,578428.0,1,6,Top,,,,,,,4.337646077937995,-123.79706336914624,-1.122568466624962,4.56153493790088,23.067819552392137,-32.34612419953576,3.42,1.58,279.0,89.7,21.0,84.2,2770.0,5.6,746042,663743,605137,669364,669394,672640,650559,660644,660821,54.91,,,,,,,,50,4,Slider,3,2,2,3,2,3,2,3,Standard,Standard,34.0,0.013,-0.057,71.0,8.6,,,0.057,89.7,1,-1,0.649,0.351,26,30,27,30,1,2,7.0,7,4.0,1,3.15,-0.52,-0.52,29.5,16.475556199097234,-20.033389112456764,30.92798840868127,40.862950352260086,44.38245400838652,batter
SI,2024-07-21,92.9,-1.88,5.35,"Taylor, Tyrone",621438,686539,,swinging_strike,,,,,5.0,,R,R,R,MIA,NYM,S,,,2,0,2024,-0.71,0.25,0.1116504823091959,2.437528818064063,,,578428.0,1,6,Top,,,,,,,6.595593744476616,-135.15935433532172,-2.2449126764912486,-10.063433705001112,27.715507955523183,-28.775804016480592,3.42,1.58,,,,92.4,2610.0,5.9,746042,663743,605137,669364,669394,672640,650559,660644,660821,54.64,,,,,,,,50,3,Sinker,3,2,2,3,2,3,2,3,Standard,Standard,232.0,0.013,-0.057,71.9,6.7,0.556042188,,0.057,,1,-1,0.636,0.364,26,30,27,30,1,2,7.0,7,4.0,1,2.37,0.71,0.71,25.0,-11.170336503149468,18.089871279135963,36.61348652844728,38.15146557942225,16.981787513174023,batter
SL,2024-07-21,86.3,-1.88,5.31,"Taylor, Tyrone",621438,686539,,ball,,,,,14.0,,R,R,R,MIA,NYM,B,,,1,0,2024,0.42,0.01,1.0155909660141955,0.6905667994893467,,,578428.0,1,6,Top,,,,,,,5.981065772068527,-125.50235699557284,-4.672117711384693,3.014747450860449,28.70376081799424,-31.198426190008696,3.41999787645888,1.6229865521528,,,,85.0,2831.0,5.7,746042,663743,605137,669364,669394,672640,650559,660644,660821,54.75,,,,,,,,50,2,Slider,3,2,2,3,2,3,2,3,Standard,Standard,31.0,-0.013,0.056,,,,,-0.056,,1,-1,0.649,0.351,26,30,27,30,1,2,7.0,7,4.0,1,3.08,-0.42,-0.42,23.8,,,,,,batter
SL,2024-07-21,84.8,-1.93,5.27,"Taylor, Tyrone",621438,686539,,ball,,,,,14.0,,R,R,R,MIA,NYM,B,,,0,0,2024,0.94,-0.02,2.127998420629176,1.115262141362,,,578428.0,1,6,Top,,,,,,,7.508637227101348,-123.30061097884588,-3.2907183258442383,8.039691871727703,25.61232240248188,-31.876835820270905,3.31815811935949,1.52835014938316,,,,83.7,2668.0,5.7,746042,663743,605137,669364,669394,672640,650559,660644,660821,54.76,,,,,,,,50,1,Slider,3,2,2,3,2,3,2,3,Standard,Standard,31.0,-0.006,0.036,,,,,-0.036,,1,-1,0.655,0.345,26,30,27,30,1,2,7.0,7,4.0,1,3.2,-0.94,-0.94,23.3,,,,,,batter
SI,2024-07-14,93.2,-1.36,6.14,"Taylor, Tyrone",621438,608566,single,hit_into_play,,,,,5.0,Tyrone Taylor singles on a ground ball to left fielder Sean Bouchard. Jose Iglesias to 2nd.,R,R,R,NYM,COL,X,7.0,ground_ball,0,0,2024,-1.3,0.83,0.1755684333665064,2.261921547080049,,,578428.0,1,4,Bot,107.21,107.23,,,,,6.722723856521617,-135.60622431568632,-6.001637905423777,-17.517860220442927,27.37232391460667,-20.85167814974345,3.44,1.58,112.0,107.2,6.0,92.6,2006.0,5.7,745797,607732,669911,663898,641857,678662,656248,686668,696100,54.76,0.632,0.584,0.9,1.0,1.0,0.0,4.0,31,1,Sinker,2,2,2,2,2,2,2,2,Standard,Standard,217.0,0.044,0.405,74.3,7.9,,0.713,-0.405,107.2,0,0,0.563,0.563,29,30,29,30,2,1,,3,,7,1.78,1.3,1.3,41.4,10.861973272189296,-3.1079472447874354,34.376500941224776,37.536738813779166,30.30164286769123,batter
CH,2024-07-14,91.6,-2.06,4.98,"Taylor, Tyrone",621438,680767,strikeout,swinging_strike,,,,,13.0,Tyrone Taylor strikes out swinging.,R,R,R,NYM,COL,S,2.0,,0,2,2024,-1.2,-0.18,-0.3477922058700151,1.2472877613903923,,668901.0,578428.0,1,9,Bot,,,,,,,6.990259944144061,-133.1927372176057,-3.157198356093351,-15.7849098781805,29.707622442961387,-33.80548862980989,3.44,1.58,,,,92.4,1781.0,6.9,745797,607732,669911,663898,641857,678662,656541,686668,595909,53.6,,0.0,0.0,1.0,0.0,0.0,,83,3,Changeup,5,8,5,8,8,5,5,8,Standard,Standard,242.0,-0.04,-0.155,72.7,7.5,1.002222456,,0.155,,-3,-3,0.086,0.086,24,30,25,30,1,4,1.0,3,5.0,7,2.91,1.2,1.2,35.3,-2.101973246208956,-3.737559693240216,45.54035143845202,32.19560980759546,21.91854643781806,batter
CH,2024-07-14,90.2,-2.33,4.86,"Taylor, Tyrone",621438,680767,,swinging_strike,,,,,13.0,,R,R,R,NYM,COL,S,,,0,1,2024,-1.04,-0.19,-1.2052745478647076,1.7157243245682094,,668901.0,578428.0,1,9,Bot,,,,,,,5.054956864202693,-131.30544394862542,-1.46953442638762,-13.125304832437088,27.5076354336262,-34.2445326986317,3.44,1.58,,,,91.1,1689.0,6.8,745797,607732,669911,663898,641857,678662,656541,686668,595909,53.69,,,,,,,,83,2,Changeup,5,8,5,8,8,5,5,8,Standard,Standard,245.0,-0.017,-0.048,74.5,8.2,1.756071216,,0.048,,-3,-3,0.103,0.103,24,30,25,30,1,4,1.0,3,5.0,7,2.98,1.04,1.04,37.9,18.813145402200224,-29.76920839804187,42.55849334636781,22.14650351398347,36.63018199407893,batter
SL,2024-07-14,85.3,-2.29,4.99,"Taylor, Tyrone",621438,680767,,called_strike,,,,,8.0,,R,R,R,NYM,COL,S,,,0,0,2024,0.33,-0.37,0.0879999589255303,1.7249647197893716,,668901.0,578428.0,1,9,Bot,,,,,,,4.984783410694066,-124.3416683629072,-0.7564943348293789,2.6328450710641924,20.796901664865267,-36.089215208249726,3.35417371736097,1.61016851556815,,,,87.0,2308.0,6.9,745797,607732,669911,663898,641857,678662,656541,686668,595909,53.59,,,,,,,,83,1,Slider,5,8,5,8,8,5,5,8,Standard,Standard,66.0,-0.01,-0.039,,,,,0.039,,-3,-3,0.113,0.113,24,30,25,30,1,4,1.0,3,5.0,7,3.45,-0.33,-0.33,36.5,,,,,,batter
SL,2024-07-14,88.5,-1.7,5.79,"Taylor, Tyrone",621438,608566,field_out,hit_into_play,,,,,9.0,"Tyrone Taylor grounds out, shortstop Ezequiel Tovar to first baseman Michael Toglia.",R,R,R,NYM,COL,X,6.0,ground_ball,0,1,2024,0.09,0.55,0.6206862189859665,1.708303030775168,668901.0,,,2,2,Bot,119.33,143.59,,,,,5.453333629057776,-128.91715558087876,-5.079691064941648,-0.0514200440778227,23.82793658267952,-25.262722763289787,3.44,1.58,5.0,67.2,-20.0,88.3,2409.0,5.9,745797,607732,669911,663898,641857,678662,656248,686668,696100,54.64,0.046,0.053,0.0,1.0,0.0,0.0,2.0,15,2,Slider,0,2,0,2,2,0,0,2,Standard,Standard,231.0,-0.033,-0.24,73.2,8.4,,0.05,0.24,88.0,-2,-2,0.321,0.321,29,30,29,30,1,0,,3,,7,2.33,-0.09,-0.09,32.1,19.149442919297176,-19.783478322191776,39.12354655130649,42.39383871524885,42.29805663061532,batter
SL,2024-07-14,89.8,-1.66,5.81,"Taylor, Tyrone",621438,608566,,foul,,,,,12.0,,R,R,R,NYM,COL,S,,,0,0,2024,-0.08,0.44,1.3837214212131927,2.587384475321452,668901.0,,,2,2,Bot,,,,,,,7.632705615156641,-130.66843292681963,-2.921529069019385,-2.4485009930220625,26.76059508952632,-26.73440619180892,3.44,1.58,145.0,64.8,58.0,89.2,2481.0,5.9,745797,607732,669911,663898,641857,678662,656248,686668,696100,54.62,,,,,,,,15,1,Slider,0,2,0,2,2,0,0,2,Standard,Standard,188.0,-0.006,-0.039,68.2,8.0,,,0.039,88.0,-2,-2,0.327,0.327,29,30,29,30,1,0,,3,,7,2.38,0.08,0.08,39.2,12.293736183317709,-1.3547946675215192,30.749266826927368,51.757120227724606,32.50873748199728,batter
FF,2024-07-14,94.3,0.76,5.93,"Taylor, Tyrone",621438,656222,walk,ball,,,,,13.0,Tyrone Taylor walks. Jose Iglesias to 2nd.,R,R,L,NYM,COL,B,,,3,2,2024,0.18,1.41,-1.0077461467490867,1.64862317427652,,,578428.0,0,8,Bot,,,,,,,-5.036424806484503,-136.982435101669,-8.640469394843437,3.3660565798497,30.68320308318162,-12.678991763433556,3.35310991590267,1.61564407151571,,,,95.3,2000.0,7.0,745797,607732,669911,663898,641857,678662,656541,686668,595909,53.51,,0.689131,0.7,1.0,0.0,0.0,,70,6,4-Seam Fastball,3,8,3,8,8,3,3,8,Standard,Standard,160.0,0.028,0.291,,,,,-0.291,,-5,-5,0.044,0.044,30,30,31,30,1,3,1.0,3,5.0,7,1.16,0.18,-0.18,51.4,,,,,,batter
FF,2024-07-14,94.2,0.77,6.0,"Taylor, Tyrone",621438,656222,,foul,,,,,1.0,,R,R,L,NYM,COL,S,,,3,1,2024,0.25,1.36,-0.4810945233568445,3.21644075122065,,,578428.0,0,8,Bot,,,,,,,-3.839735253821346,-137.18318108972943,-4.62040467443568,4.008699291612592,29.646727484437093,-14.15477874227455,3.44,1.58,96.0,67.5,76.0,95.3,2092.0,6.8,745797,607732,669911,663898,641857,678662,656541,686668,595909,53.69,,,,,,,,70,5,4-Seam Fastball,3,8,3,8,8,3,3,8,Standard,Standard,157.0,-0.008,-0.04,69.4,6.7,,,0.04,88.0,-5,-5,0.052,0.052,30,30,31,30,1,3,1.0,3,5.0,7,1.2,0.25,-0.25,54.4,3.784806429214125,2.6739874984264587,31.072548253810712,31.30230977645613,27.726477000771983,batter
SL,2024-07-14,88.4,-0.87,6.38,"Taylor, Tyrone",621438,641755,strikeout,swinging_strike,,,,,14.0,Tyrone Taylor strikes out swinging.,R,R,R,NYM,COL,S,2.0,,0,2,2024,0.34,0.25,1.9360401256055968,2.1469981442853268,,,578428.0,0,6,Bot,,,,,,,6.0547688937746384,-128.63026518848727,-4.765905627952327,2.6528198452128366,24.429636084763004,-28.668249806020093,3.44,1.58,,,,87.7,2742.0,5.7,745797,607732,669911,663898,641857,678662,656248,686668,696100,54.81,,0.0,0.0,1.0,0.0,0.0,,51,3,Slider,3,5,3,5,5,3,3,5,Standard,Standard,120.0,-0.032,-0.15,58.3,8.4,2.077353384,,0.15,,-2,-2,0.298,0.298,33,30,33,30,1,2,1.0,3,5.0,7,2.65,-0.34,-0.34,45.9,19.77890227279299,-6.481471118044299,30.9999921256368,59.71336656069376,29.6996969846932,batter
SL,2024-07-14,88.7,-1.05,6.34,"Taylor, Tyrone",621438,641755,,called_strike,,,,,4.0,,R,R,R,NYM,COL,S,,,0,1,2024,0.42,0.64,-0.3099122181913906,2.7594769088329194,,,578428.0,0,6,Bot,,,,,,,0.9382952587591474,-129.29437944526836,-4.113296389978416,4.58241771601436,23.592478441993254,-24.320746616841564,3.36924394278068,1.59576453416324,,,,88.4,2599.0,5.7,745797,607732,669911,663898,641857,678662,656248,686668,696100,54.79,,,,,,,,51,2,Slider,3,5,3,5,5,3,3,5,Standard,Standard,172.0,-0.014,-0.048,,,,,0.048,,-2,-2,0.312,0.312,33,30,33,30,1,2,1.0,3,5.0,7,2.21,-0.42,-0.42,44.0,,,,,,batter
CH,2024-07-14,89.7,0.99,6.08,"Taylor, Tyrone",621438,656222,,ball,,,,,14.0,,R,R,L,NYM,COL,B,,,2,1,2024,1.44,0.78,1.583257391454001,2.272196450052025,,,578428.0,0,8,Bot,,,,,,,-1.602589627592368,-130.63581941701307,-5.110962223109183,16.865465508439446,27.847699550520183,-22.319876506524047,3.39239075777018,1.58606513799131,,,,90.0,2020.0,6.4,745797,607732,669911,663898,641857,678662,656541,686668,595909,54.06,,,,,,,,70,4,Changeup,3,8,3,8,8,3,3,8,Standard,Standard,136.0,0.01,0.109,,,,,-0.109,,-5,-5,0.042,0.042,30,30,31,30,1,3,1.0,3,5.0,7,2.05,1.44,-1.44,51.0,,,,,,batter
FF,2024-07-14,94.1,0.93,5.95,"Taylor, Tyrone",621438,656222,,called_strike,,,,,8.0,,R,R,L,NYM,COL,S,,,2,0,2024,0.23,1.5,0.1721482837095706,1.880471278072048,,,578428.0,0,8,Bot,,,,,,,-2.490805183654895,-136.95476274083313,-8.292537758749804,3.3847684244566207,28.765524625234704,-11.686150321917314,3.44096641185813,1.5697123003181,,,,95.5,2246.0,7.0,745797,607732,669911,663898,641857,678662,656541,686668,595909,53.55,,,,,,,,70,3,4-Seam Fastball,3,8,3,8,8,3,3,8,Standard,Standard,153.0,-0.007,-0.074,,,,,0.074,,-5,-5,0.049,0.049,30,30,31,30,1,3,1.0,3,5.0,7,1.06,0.23,-0.23,49.7,,,,,,batter
SL,2024-07-14,88.7,-1.07,6.29,"Taylor, Tyrone",621438,641755,,swinging_strike,,,,,3.0,,R,R,R,NYM,COL,S,,,0,0,2024,0.3,0.6,0.557095305780854,2.899110280036884,,,578428.0,0,6,Bot,,,,,,,3.3221216203473745,-129.2139480003724,-3.513078450842793,2.7685001274365364,25.68199459838577,-24.91486457091205,3.44,1.58,,,,88.2,2613.0,5.8,745797,607732,669911,663898,641857,678662,656248,686668,696100,54.71,,,,,,,,51,1,Slider,3,5,3,5,5,3,3,5,Standard,Standard,181.0,-0.008,-0.042,73.1,7.6,2.027305956,,0.042,,-2,-2,0.32,0.32,33,30,33,30,1,2,1.0,3,5.0,7,2.28,-0.3,-0.3,42.8,20.04733047769324,-15.319687578728889,28.91393685005792,42.74216907415466,41.46822726071738,batter
FF,2024-07-14,95.1,0.84,5.91,"Taylor, Tyrone",621438,656222,,ball,,,,,13.0,,R,R,L,NYM,COL,B,,,1,0,2024,0.42,1.37,-0.1220898608094037,1.1770444509600575,,,578428.0,0,8,Bot,,,,,,,-3.5218791794169424,-138.25131138847303,-9.9944473150521,6.148249401695707,29.280139547750245,-12.564597706503394,3.37593476741056,1.60251374186354,,,,96.6,2126.0,7.1,745797,607732,669911,663898,641857,678662,656541,686668,595909,53.44,,,,,,,,70,2,4-Seam Fastball,3,8,3,8,8,3,3,8,Standard,Standard,156.0,0.007,0.068,,,,,-0.068,,-5,-5,0.042,0.042,30,30,31,30,1,3,1.0,3,5.0,7,1.14,0.42,-0.42,49.9,,,,,,batter
CH,2024-07-14,89.8,0.89,6.07,"Taylor, Tyrone",621438,656222,,ball,,,,,12.0,,R,R,L,NYM,COL,B,,,0,0,2024,1.51,0.61,0.970567602132036,3.2412051309717382,,,578428.0,0,8,Bot,,,,,,,-3.0190846813958867,-130.84161754086276,-2.34110258600248,17.984275418093095,27.27734228032731,-24.89086745790807,3.32101615121268,1.49697935184459,,,,90.4,1971.0,6.5,745797,607732,669911,663898,641857,678662,656541,686668,595909,53.95,,,,,,,,70,1,Changeup,3,8,3,8,8,3,3,8,Standard,Standard,133.0,0.003,0.041,,,,,-0.041,,-5,-5,0.039,0.039,30,30,31,30,1,3,1.0,3,5.0,7,2.21,1.51,-1.51,47.9,,,,,,batter
FF,2024-07-11,95.6,2.31,5.69,"Taylor, Tyrone",621438,669022,strikeout,swinging_strike,,,,,12.0,Tyrone Taylor strikes out swinging.,R,R,L,NYM,WSH,S,2.0,,0,2,2024,0.68,1.19,0.6186234795634794,3.866588627246705,,620443.0,,1,5,Bot,,,,,,,-6.084952114310217,-139.22509136568974,-1.952455930681348,10.115143426454202,28.020116174420256,-16.369089808626576,3.45,1.57,,,,97.3,2346.0,7.0,745799,656180,660766,671277,702358,682928,695578,696285,657041,53.5,,0.0,0.0,1.0,0.0,0.0,,38,3,4-Seam Fastball,0,0,0,0,0,0,0,0,Standard,Standard,148.0,-0.028,-0.174,63.6,5.8,0.73050552,,0.174,,0,0,0.575,0.575,25,30,25,30,2,1,5.0,1,9.0,3,1.28,0.68,-0.68,44.4,-5.712155044190193,39.34907840141483,27.366769887771536,42.09531447906201,7.959154828044752,batter
CU,2024-07-11,83.2,1.98,5.81,"Taylor, Tyrone",621438,669022,,swinging_strike_blocked,,,,,13.0,,R,R,L,NYM,WSH,S,,,0,1,2024,0.12,-0.76,-0.5805324830475654,-0.3630619011865472,,620443.0,,1,5,Bot,,,,,,,-6.223116753697726,-120.9892046113353,-6.3359851682520905,2.2906313269326346,22.416903348192044,-38.70443970805917,3.45,1.57,,,,85.0,2379.0,7.4,745799,656180,660766,671277,702358,682928,695578,696285,657041,53.1,,,,,,,,38,2,Curveball,0,0,0,0,0,0,0,0,Standard,Standard,343.0,-0.012,-0.065,56.9,8.6,17.85781056,,0.065,,0,0,0.587,0.587,25,30,25,30,2,1,5.0,1,9.0,3,4.05,0.12,-0.12,55.7,24.380279239965407,-29.71068705858504,47.08171939385378,29.88416044759916,50.62935076695882,batter
CU,2024-07-11,81.9,1.87,5.8,"Taylor, Tyrone",621438,669022,,swinging_strike,,,,,13.0,,R,R,L,NYM,WSH,S,,,0,0,2024,-0.13,-1.03,-0.2913937820987318,1.2967743869920647,,620443.0,,1,5,Bot,,,,,,,-4.7318869777806905,-119.32008934370656,-1.7291050473738705,-0.4140413712378895,20.288223816678357,-41.99461255850251,3.45,1.57,,,,83.9,2471.0,7.2,745799,656180,660766,671277,702358,682928,695578,696285,657041,53.25,,,,,,,,38,1,Curveball,0,0,0,0,0,0,0,0,Standard,Standard,339.0,-0.007,-0.036,70.7,8.6,2.16386382,,0.036,,0,0,0.594,0.594,25,30,25,30,2,1,5.0,1,9.0,3,4.39,-0.13,0.13,53.1,22.246834366875817,-30.09513698858237,38.53776115188333,33.533684736328226,48.41254289372135,batter
FF,2024-07-11,96.2,2.5,5.63,"Taylor, Tyrone",621438,669022,strikeout,called_strike,,,,,7.0,Tyrone Taylor called out on strikes.,R,R,L,NYM,WSH,S,2.0,,0,2,2024,0.57,1.37,-0.462094879481597,1.9783899257341664,,,,0,3,Bot,,,,,,,-9.249313072626494,-139.74683420002884,-7.281938434483937,9.587840818466129,30.8417295878364,-12.68780310942912,3.44999923183371,1.66544584619994,,,,97.1,2416.0,6.9,745799,656180,660766,671277,702358,682928,695578,696285,657041,53.64,,0.0,0.0,1.0,0.0,0.0,,21,4,4-Seam Fastball,0,0,0,0,0,0,0,0,Standard,Standard,148.0,-0.015,-0.163,,,,,0.163,,0,0,0.545,0.545,25,30,25,30,1,0,5.0,1,9.0,3,1.09,0.57,-0.57,40.7,,,,,,batter
FF,2024-07-11,95.4,2.38,5.81,"Taylor, Tyrone",621438,669022,,foul,,,,,12.0,,R,R,L,NYM,WSH,S,,,0,2,2024,0.39,1.41,0.1836807906088701,3.641338410945947,,,,0,3,Bot,,,,,,,-6.720246805169784,-138.80278080537028,-3.2885414907561685,6.434867051559272,29.49040875577945,-13.418252208889047,3.45,1.57,212.0,72.5,48.0,96.7,2332.0,6.9,745799,656180,660766,671277,702358,682928,695578,696285,657041,53.59,,,,,,,,21,3,4-Seam Fastball,0,0,0,0,0,0,0,0,Standard,Standard,153.0,0.0,0.0,63.9,5.9,,,0.0,88.0,0,0,0.545,0.545,25,30,25,30,1,0,5.0,1,9.0,3,1.09,0.39,-0.39,42.9,-3.357882209444928,21.801431287984425,28.35113736031942,37.025697065008174,20.820627380107293,batter
FF,2024-07-11,95.1,2.51,5.85,"Taylor, Tyrone",621438,669022,,foul,,,,,3.0,,R,R,L,NYM,WSH,S,,,0,1,2024,0.49,1.39,0.6723370523239818,2.895294372608497,,,,0,3,Bot,,,,,,,-5.977724317611198,-138.3625901102456,-5.300567702338145,7.560837840092861,29.905048440568777,-13.28787278085074,3.45,1.57,178.0,78.1,16.0,96.4,2347.0,7.0,745799,656180,660766,671277,702358,682928,695578,696285,657041,53.54,,,,,,,,21,2,4-Seam Fastball,0,0,0,0,0,0,0,0,Standard,Standard,149.0,-0.006,-0.054,68.2,6.9,,,0.054,88.0,0,0,0.551,0.551,25,30,25,30,1,0,5.0,1,9.0,3,1.12,0.49,-0.49,42.0,-2.128460244663054,25.729969286961524,32.65182509663183,43.0930500074961,15.565332534179412,batter
FF,2024-07-11,95.1,2.42,5.75,"Taylor, Tyrone",621438,669022,,called_strike,,,,,2.0,,R,R,L,NYM,WSH,S,,,0,0,2024,0.38,1.4,-0.1820622287629101,3.428990226006352,,,,0,3,Bot,,,,,,,-7.786541383672679,-138.26686906613668,-3.582478603203808,6.665116898352061,32.0343096055602,-13.66386831584113,3.45460855072682,1.57478437981062,,,,96.1,2212.0,7.0,745799,656180,660766,671277,702358,682928,695578,696285,657041,53.49,,,,,,,,21,1,4-Seam Fastball,0,0,0,0,0,0,0,0,Standard,Standard,146.0,-0.004,-0.037,,,,,0.037,,0,0,0.555,0.555,25,30,25,30,1,0,5.0,1,9.0,3,1.14,0.38,-0.38,43.6,,,,,,batter
FF,2024-07-11,98.0,-1.61,5.76,"Taylor, Tyrone",621438,640448,field_out,hit_into_play,,,,,2.0,Tyrone Taylor flies out to right fielder Lane Thomas.,R,R,R,NYM,WSH,X,9.0,fly_ball,0,0,2024,-0.65,1.19,-0.2282394261894188,3.289899380711013,,668901.0,664056.0,2,8,Bot,181.14,105.84,,,,,5.285781223029245,-142.74749961124772,-4.010102927664544,-10.092270857131313,30.81736191758791,-15.18690150201418,3.45,1.58,270.0,78.4,34.0,99.2,2002.0,6.7,745799,656180,660766,671277,702358,682928,695578,696285,657041,53.75,0.092,0.103,0.0,1.0,0.0,0.0,3.0,69,1,4-Seam Fastball,7,0,7,0,0,7,7,0,Standard,Standard,214.0,0.0,-0.279,69.2,6.5,,0.142,0.279,88.0,7,7,0.999,0.999,32,30,33,30,1,3,6.0,1,1.0,3,1.17,0.65,0.65,53.8,-1.1821219762788573,12.768408741401435,31.511529213375567,34.13122130363506,23.082813510989958,batter
CH,2024-07-11,87.6,4.07,5.41,"Taylor, Tyrone",621438,676395,strikeout,swinging_strike_blocked,,,,,14.0,Tyrone Taylor strikes out swinging.,R,R,L,NYM,WSH,S,2.0,,0,2,2024,1.5,-0.03,0.3347306327206503,0.6600621054554359,,,,0,7,Bot,,,,,,,-12.101551920716362,-126.93345488977556,-5.289938729170441,18.63745109751948,24.22919856093574,-31.54450966372832,3.45,1.57,,,,87.7,1594.0,6.4,745799,656180,660766,671277,702358,682928,695578,696285,657041,54.07,,0.0,0.0,1.0,0.0,0.0,,54,3,Changeup,5,0,5,0,0,5,5,0,Standard,Standard,113.0,-0.001,-0.163,65.1,8.7,0.237177684,,0.163,,5,5,0.985,0.985,28,30,28,30,1,2,4.0,1,1.0,3,3.0,1.5,-1.5,22.2,18.500746917121184,-23.03273438597451,47.051721097412056,39.08652316986739,39.52509686375205,batter
CH,2024-07-11,85.5,3.94,5.35,"Taylor, Tyrone",621438,676395,,swinging_strike,,,,,14.0,,R,R,L,NYM,WSH,S,,,0,1,2024,1.24,0.01,0.3968032163620678,1.2699834162773924,,,,0,7,Bot,,,,,,,-10.83552914231166,-124.07049171459356,-3.3735519252357973,14.874088163250182,22.79688513751893,-31.571306448474367,3.45,1.57,,,,85.8,1593.0,6.4,745799,656180,660766,671277,702358,682928,695578,696285,657041,54.06,,,,,,,,54,2,Changeup,5,0,5,0,0,5,5,0,Standard,Standard,113.0,-0.001,-0.054,66.7,9.0,5.188041264,,0.054,,5,5,0.986,0.986,28,30,28,30,1,2,4.0,1,1.0,3,3.1,1.24,-1.24,20.7,25.920511209784,-36.000860255495326,38.997218011243405,41.87193898995986,51.43339143219427,batter
FF,2024-07-11,92.7,3.95,5.41,"Taylor, Tyrone",621438,676395,,called_strike,,,,,3.0,,R,R,L,NYM,WSH,S,,,0,0,2024,1.09,0.88,0.6056201633037537,3.2782160031370333,,,,0,7,Bot,,,,,,,-10.984744118515833,-134.68422354703802,-1.570565259348342,15.543846017188663,28.029622336703813,-21.32027714815104,3.41803778578652,1.66591669796467,,,,93.4,2189.0,6.7,745799,656180,660766,671277,702358,682928,695578,696285,657041,53.82,,,,,,,,54,1,4-Seam Fastball,5,0,5,0,0,5,5,0,Standard,Standard,128.0,0.0,-0.037,,,,,0.037,,5,5,0.986,0.986,28,30,28,30,1,2,4.0,1,1.0,3,1.77,1.09,-1.09,22.6,,,,,,batter
SL,2024-07-10,83.4,2.55,6.05,"Taylor, Tyrone",621438,571578,strikeout,swinging_strike,,,,,13.0,Tyrone Taylor strikes out swinging.,R,R,L,NYM,WSH,S,2.0,,0,2,2024,-0.33,-0.19,-0.7502459212088234,0.9725547732689884,668901.0,682626.0,578428.0,2,4,Bot,,,,,,,-7.011817682453093,-121.23099960177456,-4.8694511134594975,-1.864547474651185,24.59353271300606,-33.22141732418144,3.46,1.57,,,,84.2,2225.0,7.0,745796,660688,660766,671277,545121,682928,695578,696285,657041,53.55,,0.0,0.0,1.0,0.0,0.0,,35,3,Slider,1,2,1,2,2,1,1,2,Standard,Standard,213.0,-0.06,-0.188,68.2,9.0,5.804284212,,0.188,,-1,-1,0.422,0.422,34,30,35,30,2,1,5.0,1,9.0,1,3.48,-0.33,0.33,38.2,29.519560224332796,-46.512573404053725,42.10525094925817,27.41835120741162,58.017361395150665,batter
SL,2024-07-10,78.7,2.61,6.11,"Taylor, Tyrone",621438,571578,,foul,,,,,9.0,,R,R,L,NYM,WSH,S,,,0,1,2024,-0.11,-0.16,0.7916517638191389,1.5572593350196096,668901.0,682626.0,578428.0,2,4,Bot,,,,,,,-3.788648447454449,-114.60983293199388,-2.8287889788169163,-0.3119587287778959,19.883352376173235,-33.315212987640194,3.46,1.57,1.0,43.3,-57.0,79.7,2229.0,6.8,745796,660688,660766,671277,545121,682928,695578,696285,657041,53.69,,,,,,,,35,2,Slider,1,2,1,2,2,1,1,2,Standard,Standard,302.0,-0.025,-0.042,52.9,8.1,,,0.042,88.0,-1,-1,0.447,0.447,34,30,35,30,2,1,5.0,1,9.0,1,3.82,-0.11,0.11,40.0,18.264462764753667,-7.64714763741997,31.91062783522936,45.459251093749415,39.96409169311194,batter
SL,2024-07-10,72.8,2.6,6.19,"Taylor, Tyrone",621438,571578,,swinging_strike,,,,,14.0,,R,R,L,NYM,WSH,S,,,0,0,2024,-0.29,-0.1,0.8112310554959664,1.3444887931908602,668901.0,682626.0,578428.0,2,4,Bot,,,,,,,-3.121529392449995,-106.07155177422254,-2.227695812607233,-1.6907826905212648,17.369648277954102,-32.770321627146124,3.46,1.57,,,,73.6,1929.0,6.7,745796,660688,660766,671277,545121,682928,695578,696285,657041,53.81,,,,,,,,35,1,Slider,1,2,1,2,2,1,1,2,Standard,Standard,287.0,-0.015,-0.044,65.4,8.9,12.121079172,,0.044,,-1,-1,0.462,0.462,34,30,35,30,2,1,5.0,1,9.0,1,4.37,-0.29,0.29,45.1,30.467311654735543,-42.555659094521246,38.52857232367098,47.089479600150746,63.42095836036545,batter
FF,2024-07-10,95.7,-0.73,5.67,"Taylor, Tyrone",621438,606930,triple,hit_into_play,,,,,12.0,Tyrone Taylor triples (3) on a sharp line drive to right fielder Lane Thomas. Jose Iglesias scores.,R,R,R,NYM,WSH,X,9.0,line_drive,2,2,2024,-0.08,1.0,0.5746015539858904,3.705507188690048,,578428.0,,2,8,Bot,163.22,68.81,,,,,3.6751889240420232,-139.34134254181927,-1.8299047409728049,-1.944750993984072,32.38189910955182,-18.918888674200275,3.46,1.57,264.0,104.5,14.0,96.7,2409.0,6.9,745796,660688,660766,671277,545121,682928,695578,696285,657041,53.58,0.747,0.795,1.6,1.0,1.0,2.0,5.0,68,8,4-Seam Fastball,5,2,5,2,2,6,6,2,Standard,Standard,192.0,0.018,1.018,69.1,6.5,,1.102,-1.018,104.5,3,3,0.97,0.97,34,30,34,30,1,3,2.0,1,3.0,1,1.49,0.08,0.08,46.2,7.683854554665249,14.213918126309336,21.38377543711246,42.423851398580176,24.201222102891343,batter
FF,2024-07-10,91.6,2.37,6.25,"Taylor, Tyrone",621438,571578,grounded_into_double_play,hit_into_play,,,,,5.0,"Tyrone Taylor grounds into a double play, third baseman Ildemaro Vargas to second baseman Luis García Jr. to first baseman Juan Yepez. Jose Iglesias out at 2nd. Tyrone Taylor out at 1st.",R,R,L,NYM,WSH,X,5.0,ground_ball,1,0,2024,0.9,1.08,-0.2643476839741392,2.418386042577142,,,578428.0,1,2,Bot,96.79,168.93,,,,,-8.684513387024566,-133.14992858304964,-6.266100177948241,12.448831213247416,24.95809162307303,-18.133789277926205,3.46,1.57,33.0,100.0,-2.0,92.9,2095.0,6.8,745796,660688,660766,671277,545121,682928,695578,696285,657041,53.67,0.388,0.396,0.0,1.0,0.0,0.0,2.0,15,2,4-Seam Fastball,1,0,1,0,0,1,1,0,Standard,Standard,141.0,-0.049,-0.35,72.1,7.2,,0.454,0.35,100.0,1,1,0.661,0.661,34,30,35,30,1,0,5.0,1,9.0,1,1.61,0.9,-0.9,42.3,11.38745865102248,-1.9454850470418847,36.06754592839514,32.71232899305909,32.6146961709387,batter
FF,2024-07-10,97.2,-0.86,5.69,"Taylor, Tyrone",621438,606930,,foul,,,,,3.0,,R,R,R,NYM,WSH,S,,,2,2,2024,-0.23,1.54,0.8124504273040971,3.3654408082143465,,578428.0,,2,8,Bot,,,,,,,5.079986948512254,-141.4564897906383,-4.2733195540177045,-4.3097042460003925,34.32625307886445,-10.713474903653264,3.46,1.57,224.0,87.5,57.0,98.4,2410.0,7.1,745796,660688,660766,671277,545121,682928,695578,696285,657041,53.43,,,,,,,,68,7,4-Seam Fastball,5,2,5,2,2,5,5,2,Standard,Standard,203.0,0.0,0.0,68.5,6.8,,,0.0,88.0,3,3,0.97,0.97,34,30,34,30,1,3,2.0,1,3.0,1,0.88,0.23,0.23,42.9,1.5893685749072972,14.001141865108195,23.024847154529343,46.27917068004482,21.672485484235946,batter
FF,2024-07-10,96.3,-0.74,5.64,"Taylor, Tyrone",621438,606930,,foul,,,,,12.0,,R,R,R,NYM,WSH,S,,,2,2,2024,0.11,1.41,1.4435224538204912,3.2024081919053957,,578428.0,,2,8,Bot,,,,,,,5.6101266580452736,-140.10928761457035,-4.105042893194203,0.130866417447872,32.81631556533611,-12.913335946274628,3.46,1.57,204.0,69.4,31.0,97.1,2394.0,6.8,745796,660688,660766,671277,545121,682928,695578,696285,657041,53.67,,,,,,,,68,6,4-Seam Fastball,5,2,5,2,2,5,5,2,Standard,Standard,198.0,0.0,0.0,67.3,6.9,,,0.0,88.0,3,3,0.97,0.97,34,30,34,30,1,3,2.0,1,3.0,1,1.06,-0.11,-0.11,45.7,0.2159369275385677,13.420746906959945,23.36663603314466,54.2389788160065,19.57154422275128,batter
FC,2024-07-10,85.4,2.7,6.05,"Taylor, Tyrone",621438,571578,,ball,,,,,13.0,,R,R,L,NYM,WSH,B,,,0,0,2024,-0.12,0.27,-1.4490227521376695,1.7894066057631224,,,578428.0,1,2,Bot,,,,,,,-9.635541705777408,-124.23081678042738,-4.449778042455828,0.2684750611123347,19.433389149355147,-28.7782684685708,3.4024640305572,1.63529158735732,,,,87.0,2226.0,6.8,745796,660688,660766,671277,545121,682928,695578,696285,657041,53.67,,,,,,,,15,1,Cutter,1,0,1,0,0,1,1,0,Standard,Standard,147.0,0.003,0.036,,,,,-0.036,,1,1,0.658,0.658,34,30,35,30,1,0,5.0,1,9.0,1,2.8,-0.12,0.12,36.8,,,,,,batter
SL,2024-07-10,85.5,-0.91,5.45,"Taylor, Tyrone",621438,606930,,blocked_ball,,,,,14.0,,R,R,R,NYM,WSH,B,,,1,2,2024,0.43,-0.03,2.343190962139632,0.5366081454115883,,578428.0,,2,8,Bot,,,,,,,6.912675481408344,-124.34116648376842,-5.283498594012785,3.035927016828305,26.076701717310137,-31.58938662414216,3.55782353114387,1.70200080884941,,,,87.0,2189.0,7.4,745796,660688,660766,671277,545121,682928,695578,696285,657041,53.15,,,,,,,,68,5,Slider,5,2,5,2,2,5,5,2,Standard,Standard,127.0,0.0,0.037,,,,,-0.037,,3,3,0.97,0.97,34,30,34,30,1,3,2.0,1,3.0,1,3.17,-0.43,-0.43,43.4,,,,,,batter
FF,2024-07-10,96.3,-0.87,5.63,"Taylor, Tyrone",621438,606930,,foul,,,,,12.0,,R,R,R,NYM,WSH,S,,,1,2,2024,0.01,1.28,0.9568324519527004,3.3478951368127428,,578428.0,,2,8,Bot,,,,,,,4.891683545576405,-140.3320540478409,-3.4813155195166905,-0.8512281096954804,27.81147469421972,-14.62172576785346,3.46,1.57,272.0,80.4,38.0,97.9,2321.0,6.8,745796,660688,660766,671277,545121,682928,695578,696285,657041,53.66,,,,,,,,68,4,4-Seam Fastball,5,2,5,2,2,5,5,2,Standard,Standard,193.0,0.0,0.0,66.9,7.2,,,0.0,88.0,3,3,0.97,0.97,34,30,34,30,1,3,2.0,1,3.0,1,1.15,-0.01,-0.01,44.6,2.9092863464925576,7.658726682472244,24.99663064406273,47.52449539410917,22.862809812928333,batter
FF,2024-07-10,96.7,-0.9,5.7,"Taylor, Tyrone",621438,606930,,swinging_strike,,,,,3.0,,R,R,R,NYM,WSH,S,,,1,1,2024,-0.02,1.3,0.3342122207546492,3.379275304257457,,578428.0,,2,8,Bot,,,,,,,3.370962086329828,-140.87745916528394,-3.685837085152307,-0.9272841094935914,29.487625780424136,-14.143120974702695,3.46,1.57,,,,98.2,2274.0,6.9,745796,660688,660766,671277,545121,682928,695578,696285,657041,53.58,,,,,,,,68,3,4-Seam Fastball,5,2,5,2,2,5,5,2,Standard,Standard,194.0,-0.001,-0.06,69.6,6.5,1.465629552,,0.06,,3,3,0.971,0.971,34,30,34,30,1,3,2.0,1,3.0,1,1.11,0.02,0.02,45.6,1.8052943761773588,17.074913959274063,28.30755984696,40.77689250387431,19.45336572923803,batter
FC,2024-07-10,91.4,-0.85,5.45,"Taylor, Tyrone",621438,606930,,blocked_ball,,,,,14.0,,R,R,R,NYM,WSH,B,,,0,1,2024,0.33,0.83,2.08853028762569,0.4103867294650907,,578428.0,,2,8,Bot,,,,,,,6.79581584797827,-132.86413819820132,-8.784528898701765,2.687775593675487,25.48326886685123,-20.704455705542426,3.52823629450513,1.79092727102912,,,,93.2,2409.0,7.2,745796,660688,660766,671277,545121,682928,695578,696285,657041,53.32,,,,,,,,68,2,Cutter,5,2,5,2,2,5,5,2,Standard,Standard,186.0,0.001,0.012,,,,,-0.012,,3,3,0.97,0.97,34,30,34,30,1,3,2.0,1,3.0,1,1.88,-0.33,-0.33,45.3,,,,,,batter
FC,2024-07-10,88.9,-1.13,5.56,"Taylor, Tyrone",621438,606930,,called_strike,,,,,5.0,,R,R,R,NYM,WSH,S,,,0,0,2024,0.48,0.64,0.0812003283390532,2.670636247514945,,578428.0,,2,8,Bot,,,,,,,1.993368697812588,-129.65063262918608,-2.5029117543090305,5.059781102185305,24.473593552042058,-24.56654567217389,3.49864776010219,1.73164395308184,,,,90.4,2331.0,6.9,745796,660688,660766,671277,545121,682928,695578,696285,657041,53.62,,,,,,,,68,1,Cutter,5,2,5,2,2,5,5,2,Standard,Standard,175.0,-0.001,-0.04,,,,,0.04,,3,3,0.971,0.971,34,30,34,30,1,3,2.0,1,3.0,1,2.2,-0.48,-0.48,45.4,,,,,,batter
FC,2024-07-10,92.1,-0.83,6.31,"Taylor, Tyrone",621438,571882,single,hit_into_play,,,,,6.0,Tyrone Taylor singles on a line drive to center fielder Jacob Young.,R,R,R,NYM,WSH,X,8.0,line_drive,0,1,2024,0.05,0.81,0.4492115389029141,2.227903292777839,,578428.0,,1,6,Bot,113.81,84.46,,,,,3.162618854808636,-134.0310979092404,-6.37177153538088,-0.0411494730918896,26.906855616376976,-21.300504153099148,3.46,1.57,252.0,87.3,17.0,93.1,2228.0,6.7,745796,660688,660766,671277,545121,682928,695578,696285,657041,53.8,0.908,0.868,0.9,1.0,1.0,0.0,4.0,51,2,Cutter,4,2,4,2,2,4,4,2,Standard,Standard,201.0,0.011,0.592,72.8,7.5,,1.063,-0.592,88.0,2,2,0.855,0.855,33,30,34,30,1,2,3.0,1,2.0,1,1.86,-0.05,-0.05,49.5,10.78267317403017,-2.221786906850139,35.83725230183075,41.01439764998775,32.98428738406446,batter
FF,2024-07-10,95.7,-0.59,6.46,"Taylor, Tyrone",621438,571882,,called_strike,,,,,2.0,,R,R,R,NYM,WSH,S,,,0,0,2024,-0.48,1.48,0.114129609906651,3.3124465233688194,,578428.0,,1,6,Bot,,,,,,,2.964072596304898,-139.33930214115207,-6.090981758077093,-6.90560174105438,29.83306366059835,-11.664143025580747,3.52082688724182,1.75386678176985,,,,96.4,2035.0,6.6,745796,660688,660766,671277,545121,682928,695578,696285,657041,53.94,,,,,,,,51,1,4-Seam Fastball,4,2,4,2,2,4,4,2,Standard,Standard,210.0,-0.003,-0.036,,,,,0.036,,2,2,0.858,0.858,33,30,34,30,1,2,3.0,1,2.0,1,0.99,0.48,0.48,53.1,,,,,,batter
FF,2024-07-09,94.2,-2.03,5.9,"Taylor, Tyrone",621438,607179,triple,hit_into_play,,,,,7.0,Tyrone Taylor triples (2) on a sharp line drive to center fielder Jacob Young.,R,R,R,NYM,WSH,X,8.0,line_drive,0,1,2024,-0.69,1.38,-0.3926227307820434,1.8932794953963628,,,,0,8,Bot,90.91,53.52,,,,,5.810757671863203,-136.84617196564813,-7.807229917555537,-9.904019546734943,30.685177142242917,-13.221417371173349,3.46,1.57,334.0,105.4,16.0,94.7,2103.0,6.7,745803,660688,660766,671277,545121,682928,695578,696285,657041,53.8,0.576,0.639,1.6,1.0,1.0,2.0,5.0,64,2,4-Seam Fastball,6,2,6,2,2,6,6,2,Standard,Standard,214.0,0.006,1.023,71.6,7.5,,0.945,-1.023,105.4,4,4,0.988,0.988,31,30,32,30,1,0,3.0,3,4.0,1,1.2,0.69,0.69,49.7,5.349821076319186,-3.559300501967852,41.98706168896109,31.94133182121755,30.999159891957888,batter
FF,2024-07-09,95.1,-2.06,5.98,"Taylor, Tyrone",621438,607179,,called_strike,,,,,11.0,,R,R,R,NYM,WSH,S,,,0,0,2024,-0.63,1.57,-0.8721218785029519,3.0199765104365808,,,,0,8,Bot,,,,,,,4.542374547163941,-138.34010334523364,-5.607235576100847,-9.176658867131534,32.484258702189905,-10.978815996513712,3.35869236831303,1.50428819053565,,,,95.2,2135.0,6.5,745803,660688,660766,671277,545121,682928,695578,696285,657041,54.02,,,,,,,,64,1,4-Seam Fastball,6,2,6,2,2,6,6,2,Standard,Standard,213.0,0.0,-0.037,,,,,0.037,,4,4,0.988,0.988,31,30,32,30,1,0,3.0,3,4.0,1,0.96,0.63,0.63,49.1,,,,,,batter
SI,2024-07-06,91.1,0.99,5.77,"Taylor, Tyrone",621438,663559,double,hit_into_play,,,,,3.0,Tyrone Taylor doubles (10) on a fly ball to right fielder Joshua Palacios.,R,R,L,PIT,NYM,X,9.0,fly_ball,2,2,2024,0.74,1.34,0.4467188698848856,3.082090545932453,,,,1,2,Top,185.36,61.62,,,,,-3.018447347536895,-132.685934534712,-3.850135402394223,9.366356850931217,26.531642726576,-15.69028865696975,3.47,1.58,369.0,99.8,28.0,93.2,1991.0,7.3,745476,663698,656582,693304,663647,665833,668804,572191,641943,53.18,0.52,1.0021071428571429,1.25,1.0,1.0,1.0,6.0,10,6,Sinker,0,0,0,0,0,0,0,0,Standard,Standard,170.0,-0.046,0.688,74.4,7.0,,1.95,-0.688,99.8,0,0,0.526,0.474,27,30,27,30,1,0,6.0,2,24.0,3,1.39,0.74,-0.74,55.3,5.212122580651044,7.960101675260393,28.914614139061843,41.95657660640134,28.374904048997195,batter
SL,2024-07-06,86.3,1.24,5.69,"Taylor, Tyrone",621438,663559,,foul,,,,,13.0,,R,R,L,PIT,NYM,S,,,2,2,2024,-0.39,0.37,-1.3937519443726591,2.2198795961024804,,,,1,2,Top,,,,,,,-5.583886252829007,-125.59514064494122,-2.853439006499701,-3.0584021050572563,24.275882460631863,-27.858781248501355,3.47,1.58,329.0,100.4,25.0,88.1,2057.0,7.3,745476,663698,656582,693304,663647,665833,668804,572191,641943,53.18,,,,,,,,10,5,Slider,0,0,0,0,0,0,0,0,Standard,Standard,198.0,0.0,0.0,72.5,8.0,,,0.0,100.4,0,0,0.526,0.474,27,30,27,30,1,0,6.0,2,24.0,3,2.68,-0.39,0.39,55.0,18.707575388826477,-31.656479922833256,42.29146845597951,19.45474928604152,44.45554734261898,batter
FF,2024-07-06,92.1,1.12,5.77,"Taylor, Tyrone",621438,663559,,called_strike,,,,,6.0,,R,R,L,PIT,NYM,S,,,2,1,2024,-0.05,1.33,0.6702848974885521,2.433990313650753,,,620443.0,0,2,Top,,,,,,,-1.0485124914353063,-134.24131013662836,-5.723343224575037,-0.3926828021884144,25.90148556338797,-15.043091581085427,3.46898894622215,1.68466386912212,,,,94.4,2098.0,7.3,745476,663698,656582,693304,663647,665833,668804,572191,641943,53.18,,,,,,,,10,4,4-Seam Fastball,0,0,0,0,0,0,0,0,Standard,Standard,167.0,0.07,-0.048,,,,,0.048,,0,0,0.456,0.544,27,30,27,30,1,0,6.0,2,24.0,3,1.32,-0.05,0.05,58.0,,,,,,batter
SL,2024-07-06,83.1,1.12,5.8,"Taylor, Tyrone",621438,663559,,ball,,,,,11.0,,R,R,L,PIT,NYM,B,,,1,1,2024,-0.51,0.21,-0.4045636888319616,4.11245566812519,,,620443.0,0,2,Top,,,,,,,-2.5314138772575188,-121.13285029048798,2.1308086824090235,-4.682320020862279,19.73109240437568,-30.62960405553703,3.39348511337961,1.61814733860214,,,,85.1,2116.0,7.1,745476,663698,656582,693304,663647,665833,668804,572191,641943,53.36,,,,,,,,10,3,Slider,0,0,0,0,0,0,0,0,Standard,Standard,218.0,-0.008,0.043,,,,,-0.043,,0,0,0.464,0.536,27,30,27,30,1,0,6.0,2,24.0,3,3.04,-0.51,0.51,57.0,,,,,,batter
SL,2024-07-06,84.7,1.26,5.79,"Taylor, Tyrone",621438,663559,,foul,,,,,13.0,,R,R,L,PIT,NYM,S,,,1,0,2024,-0.59,0.26,-0.9498481530758492,2.162053920872921,,,620443.0,0,2,Top,,,,,,,-4.070700502437652,-123.4566765833044,-2.741474810798919,-5.296874785269896,22.45145320158637,-29.21258728519403,3.47,1.58,6.0,76.8,-19.0,86.6,2071.0,7.2,745476,663698,656582,693304,663647,665833,668804,572191,641943,53.26,,,,,,,,10,2,Slider,0,0,0,0,0,0,0,0,Standard,Standard,208.0,0.008,-0.049,79.7,8.2,,,0.049,88.0,0,0,0.456,0.544,27,30,27,30,1,0,6.0,2,24.0,3,2.89,-0.59,0.59,53.9,23.596813497889027,-30.706761098199447,39.65195174041372,26.73851314438521,49.66791159228661,batter
FF,2024-07-06,91.4,1.17,5.71,"Taylor, Tyrone",621438,663559,,ball,,,,,13.0,,R,R,L,PIT,NYM,B,,,0,0,2024,0.11,1.56,-1.2014626919076812,1.9239925312849704,,,620443.0,0,2,Top,,,,,,,-6.348132864570806,-132.86277307285192,-7.174870362827876,2.727582621452496,28.636674546687697,-12.298342832492889,3.4157820931612,1.64015854996763,,,,93.3,2154.0,7.5,745476,663698,656582,693304,663647,665833,668804,572191,641943,53.02,,,,,,,,10,1,4-Seam Fastball,0,0,0,0,0,0,0,0,Standard,Standard,169.0,-0.006,0.041,,,,,-0.041,,0,0,0.462,0.538,27,30,27,30,1,0,6.0,2,24.0,3,1.17,0.11,-0.11,54.9,,,,,,batter
CH,2024-07-06,81.8,3.28,5.16,"Taylor, Tyrone",621438,676596,field_out,hit_into_play,,,,,14.0,"Tyrone Taylor grounds out, pitcher Josh Fleming to first baseman Rowdy Tellez.",R,R,L,PIT,NYM,X,1.0,ground_ball,2,2,2024,1.07,-0.17,1.1894187900203994,1.3340411121160192,,,,2,8,Top,122.35,181.73,,,,,-6.8545500924230645,-119.0813295516364,-1.7823674524271782,11.469069543757945,21.090200333531588,-33.687960494247164,3.47,1.58,1.0,63.6,-46.0,82.8,1535.0,6.8,745476,663698,642133,693304,663647,665833,668804,669261,641943,53.73,0.288,0.262,0.0,1.0,0.0,0.0,2.0,65,5,Changeup,2,5,5,2,5,2,5,2,Standard,Standard,104.0,0.003,-0.219,73.1,8.2,,0.292,0.219,88.0,-3,3,0.084,0.916,28,30,28,30,1,3,4.0,2,3.0,3,3.55,1.07,-1.07,24.3,4.83346405769967,-6.408962031075941,39.714749881483215,50.91774027932302,35.387123376864864,batter
CH,2024-07-06,82.5,3.18,5.18,"Taylor, Tyrone",621438,676596,,foul,,,,,7.0,,R,R,L,PIT,NYM,S,,,2,1,2024,0.74,0.65,-0.3443925427729675,1.9391574981870008,,,,2,8,Top,,,,,,,-9.512956197965703,-119.91234276495776,-2.1692687559552235,8.876626827407847,21.52598069543285,-25.651735726385912,3.47,1.58,111.0,79.0,82.0,83.3,1388.0,6.7,745476,663698,642133,693304,663647,665833,668804,669261,641943,53.79,,,,,,,,65,4,Changeup,2,5,5,2,5,2,5,2,Standard,Standard,106.0,0.0,-0.084,62.3,8.6,,,0.084,88.0,-3,3,0.084,0.916,28,30,28,30,1,3,4.0,2,3.0,3,2.69,0.74,-0.74,26.1,15.834987960330064,-28.75714314514193,39.93395540997346,34.28246138532623,44.66153810414694,batter
SI,2024-07-06,93.2,-1.56,5.32,"Taylor, Tyrone",621438,656924,field_out,hit_into_play,,,,,11.0,Tyrone Taylor bunt pops out to third baseman Ke'Bryan Hayes.,R,R,R,PIT,NYM,X,5.0,popup,0,0,2024,-1.32,0.58,-1.0329895545901908,3.22077993706555,,668901.0,620443.0,0,6,Top,114.24,190.14,,,,,4.263836064482504,-135.78467751343814,-0.9237261381642956,-17.268225289042018,29.169813476616405,-25.00030862259658,3.47,1.58,42.0,29.4,62.0,93.6,2353.0,6.4,745476,663698,656582,693304,663647,665833,668804,572191,641943,54.1,0.071,0.069,0.0,1.0,0.0,0.0,1.0,47,1,Sinker,2,3,3,2,3,2,3,2,Standard,Standard,241.0,0.051,0.0,,,,0.078,0.0,88.0,-1,1,0.248,0.752,29,30,29,30,1,2,50.0,2,4.0,3,2.03,1.32,1.32,30.1,,,,,,batter
CH,2024-07-06,83.1,3.16,5.2,"Taylor, Tyrone",621438,676596,,foul,,,,,13.0,,R,R,L,PIT,NYM,S,,,2,0,2024,0.89,-0.16,-0.0431060104034917,1.2813473579701586,,,,2,8,Top,,,,,,,-9.125922062598356,-120.76219902113948,-2.254680540800318,10.374719408900926,20.695864687225864,-33.56127279734551,3.47,1.58,3.0,86.5,-23.0,83.8,1450.0,6.6,745476,663698,642133,693304,663647,665833,668804,669261,641943,53.93,,,,,,,,65,3,Changeup,2,5,5,2,5,2,5,2,Standard,Standard,100.0,0.001,-0.061,72.5,8.1,,,0.061,88.0,-3,3,0.083,0.917,28,30,28,30,1,3,4.0,2,3.0,3,3.44,0.89,-0.89,25.0,11.1292538388097,-14.21324643487279,40.99035845702689,37.412276747070166,40.8308278697827,batter
SL,2024-07-06,90.5,-2.72,5.61,"Taylor, Tyrone",621438,642701,field_out,hit_into_play,,,,,5.0,Tyrone Taylor flies out to center fielder Michael A. Taylor.,R,R,R,PIT,NYM,X,8.0,fly_ball,0,2,2024,0.14,0.18,-0.2498958172740086,2.8589817780129545,,620443.0,,2,3,Top,113.61,88.83,,,,,5.826632565511693,-131.84959857706812,-1.379162771367428,0.5400301443326262,25.352357326737668,-29.940834812795977,3.47,1.58,277.0,86.8,46.0,90.5,2664.0,6.0,745476,663698,656582,693304,663647,665833,668804,572191,641943,54.48,0.003,0.005,0.0,1.0,0.0,0.0,3.0,25,3,Slider,0,3,3,0,3,0,3,0,Standard,Standard,161.0,0.013,-0.194,71.3,7.5,,0.008,0.194,88.0,-3,3,0.223,0.777,28,30,28,30,1,1,2.0,2,3.0,3,2.57,-0.14,-0.14,30.6,9.355838275283002,-5.402246125955796,30.693994603693305,33.548298955030944,32.768896411977465,batter
CH,2024-07-06,83.3,3.02,5.21,"Taylor, Tyrone",621438,676596,,ball,,,,,13.0,,R,R,L,PIT,NYM,B,,,1,0,2024,0.99,0.01,-0.0238043941204684,1.044648931437195,,,,2,8,Top,,,,,,,-8.983984134518682,-121.0480652494842,-3.1785874370397496,11.370042468039564,21.648056899677965,-31.679932672506038,3.36989339906075,1.6459701346719,,,,84.1,1514.0,6.7,745476,663698,642133,693304,663647,665833,668804,669261,641943,53.83,,,,,,,,65,2,Changeup,2,5,5,2,5,2,5,2,Standard,Standard,106.0,-0.001,0.068,,,,,-0.068,,-3,3,0.084,0.916,28,30,28,30,1,3,4.0,2,3.0,3,3.26,0.99,-0.99,28.8,,,,,,batter
SL,2024-07-06,87.4,-2.73,5.58,"Taylor, Tyrone",621438,642701,,swinging_strike,,,,,14.0,,R,R,R,PIT,NYM,S,,,0,1,2024,0.15,0.18,0.2435330888769797,1.2010323238718414,,620443.0,,2,3,Top,,,,,,,6.837803435764891,-127.1428530709174,-4.792670848730964,0.2666515339068325,24.510587263023343,-29.513663785928987,3.47,1.58,,,,87.3,2541.0,6.1,745476,663698,656582,693304,663647,665833,668804,572191,641943,54.39,,,,,,,,25,2,Slider,0,3,3,0,3,0,3,0,Standard,Standard,190.0,0.005,-0.067,73.1,8.5,7.552549008,,0.067,,-3,3,0.218,0.782,28,30,28,30,1,1,2.0,2,3.0,3,2.8,-0.15,-0.15,32.1,23.83000152620929,-25.68177342167434,43.08416440383596,38.84504780456112,43.75675576758035,batter
SI,2024-07-06,90.8,2.97,5.32,"Taylor, Tyrone",621438,676596,,ball,,,,,12.0,,R,R,L,PIT,NYM,B,,,0,0,2024,1.35,0.29,1.7501439368757383,2.610736641760914,,,,2,8,Top,,,,,,,-5.944014416348925,-132.15621803812502,-1.5417746727771262,17.122829723807076,25.304763853359542,-28.66425712261401,3.42128785289898,1.66192602909046,,,,91.2,1661.0,6.3,745476,663698,642133,693304,663647,665833,668804,669261,641943,54.21,,,,,,,,65,1,Sinker,2,5,5,2,5,2,5,2,Standard,Standard,123.0,0.0,0.04,,,,,-0.04,,-3,3,0.084,0.916,28,30,28,30,1,3,4.0,2,3.0,3,2.45,1.35,-1.35,26.1,,,,,,batter
FC,2024-07-06,90.7,-2.7,5.7,"Taylor, Tyrone",621438,642701,,called_strike,,,,,3.0,,R,R,R,PIT,NYM,S,,,0,0,2024,0.11,0.72,0.5313258300186718,2.8655370403328626,,620443.0,,2,3,Top,,,,,,,7.8265233409547985,-131.98087768955145,-2.743963673777877,-0.2880409814681177,25.72659194312788,-23.321919347552544,3.46062287723883,1.55285990346681,,,,90.8,2603.0,6.2,745476,663698,656582,693304,663647,665833,668804,572191,641943,54.34,,,,,,,,25,1,Cutter,0,3,3,0,3,0,3,0,Standard,Standard,198.0,0.003,-0.04,,,,,0.04,,-3,3,0.215,0.785,28,30,28,30,1,1,2.0,2,3.0,3,2.03,-0.11,-0.11,35.7,,,,,,batter
FF,2024-07-04,93.7,-2.17,5.67,"Taylor, Tyrone",621438,663623,strikeout,swinging_strike,,,,,11.0,Tyrone Taylor strikes out swinging.,R,R,R,WSH,NYM,S,2.0,,0,2,2024,-0.98,1.09,-0.1805637701226217,4.196299324776184,,,,2,8,Top,,,,,,,7.434687365310854,-136.40546577945193,-0.533837475680344,-13.778309298735287,27.524433532880224,-18.603228639695207,3.51,1.61,,,,95.8,2339.0,7.3,744834,656180,608841,545121,669222,682928,695578,696285,657041,53.2,,0.0,0.0,1.0,0.0,0.0,,54,3,4-Seam Fastball,0,0,0,0,0,0,0,0,Standard,Standard,222.0,0.016,-0.157,63.8,6.0,0.801685236,,0.157,,0,0,0.592,0.408,27,30,27,30,3,2,5.0,1,5.0,2,1.49,0.98,0.98,27.9,4.967146577768561,18.157977750959304,21.91709905354774,34.00519417792298,17.566018912638132,batter
SI,2024-07-04,93.3,-2.35,5.61,"Taylor, Tyrone",621438,663623,,called_strike,,,,,5.0,,R,R,R,WSH,NYM,S,,,0,1,2024,-1.42,0.73,0.2440107740035924,2.552313117797381,,,,2,8,Top,,,,,,,9.980004706209122,-135.58871819220096,-3.7861620800870743,-19.592884403906183,27.698140319985548,-22.555185972380848,3.26475402684193,1.56077003454997,,,,95.3,2351.0,7.4,744834,656180,608841,545121,669222,682928,695578,696285,657041,53.13,,,,,,,,54,2,Sinker,0,0,0,0,0,0,0,0,Standard,Standard,229.0,0.006,-0.058,,,,,0.058,,0,0,0.586,0.414,27,30,27,30,3,2,5.0,1,5.0,2,1.89,1.42,1.42,26.3,,,,,,batter
CU,2024-07-04,81.9,-2.38,5.54,"Taylor, Tyrone",621438,663623,,called_strike,,,,,5.0,,R,R,R,WSH,NYM,S,,,0,0,2024,1.05,0.13,-0.1498887899091449,2.6322910956872407,,,,2,8,Top,,,,,,,3.0677859475178693,-119.30154765846224,-0.2784484164019364,9.458232411221372,22.07318746043628,-31.043364350167288,3.23641558003659,1.47613746325965,,,,83.5,2636.0,7.2,744834,656180,608841,545121,669222,682928,695578,696285,657041,53.31,,,,,,,,54,1,Curveball,0,0,0,0,0,0,0,0,Standard,Standard,82.0,0.004,-0.041,,,,,0.041,,0,0,0.582,0.418,27,30,27,30,3,2,5.0,1,5.0,2,3.25,-1.05,-1.05,22.9,,,,,,batter
FF,2024-07-04,93.5,-2.3,5.45,"Taylor, Tyrone",621438,663623,field_out,hit_into_play,,,,,2.0,Tyrone Taylor flies out to right fielder Lane Thomas.,R,R,R,WSH,NYM,X,9.0,fly_ball,2,2,2024,-0.82,1.1,0.0392820260366947,3.0963043301805837,,,,2,5,Top,172.4,98.66,,,,,8.024740571364731,-136.04371160232913,-2.862394138211484,-11.896583418474744,27.104453112795515,-17.999241522710143,3.51,1.61,276.0,90.9,46.0,95.9,2420.0,7.5,744834,656180,608841,545121,669222,682928,695578,696285,657041,53.03,0.008,0.013,0.0,1.0,0.0,0.0,3.0,32,7,4-Seam Fastball,0,0,0,0,0,0,0,0,Standard,Standard,226.0,0.013,-0.219,71.2,7.0,,0.02,0.219,90.9,0,0,0.554,0.446,27,30,27,30,2,1,5.0,1,5.0,2,1.49,0.82,0.82,24.3,6.66199037916684,0.8282021019524499,29.71250728670022,36.40253258382368,28.758675529131487,batter
FF,2024-07-04,95.5,-2.03,5.54,"Taylor, Tyrone",621438,663623,,ball,,,,,12.0,,R,R,R,WSH,NYM,B,,,1,2,2024,-0.66,1.23,1.4087333120238024,3.3394895308445616,,,,2,5,Top,,,,,,,10.698727561492628,-138.71005706468517,-2.9832707899690245,-10.750551353947465,28.45556317800304,-15.794133593480073,3.37813577458461,1.5325566474047,,,,97.3,2379.0,7.2,744834,656180,608841,545121,669222,682928,695578,696285,657041,53.27,,,,,,,,32,6,4-Seam Fastball,0,0,0,0,0,0,0,0,Standard,Standard,223.0,-0.002,0.039,,,,,-0.039,,0,0,0.556,0.444,27,30,27,30,2,1,5.0,1,5.0,2,1.27,0.66,0.66,26.3,,,,,,batter
SL,2024-07-04,86.8,-2.29,5.51,"Taylor, Tyrone",621438,663623,,ball,,,,,12.0,,R,R,R,WSH,NYM,B,,,0,2,2024,0.62,-0.02,1.2590514684310414,3.4701100726573038,,,,2,5,Top,,,,,,,7.336216503512486,-126.41952053888372,1.3191853741630333,5.4496039680014965,22.355089253132384,-32.854456901453666,3.3497861326972,1.50434579208951,,,,88.8,2634.0,7.2,744834,656180,608841,545121,669222,682928,695578,696285,657041,53.32,,,,,,,,32,5,Slider,0,0,0,0,0,0,0,0,Standard,Standard,99.0,-0.002,0.023,,,,,-0.023,,0,0,0.558,0.442,27,30,27,30,2,1,5.0,1,5.0,2,3.01,-0.62,-0.62,26.0,,,,,,batter
CU,2024-07-04,84.7,-2.22,5.43,"Taylor, Tyrone",621438,663623,,foul,,,,,2.0,,R,R,R,WSH,NYM,S,,,0,2,2024,0.69,-0.1,0.1979324183529061,3.1429228015197053,,,,2,5,Top,,,,,,,4.354912178179025,-123.42239869019056,1.1087732454190664,6.429874196393317,19.652078960661417,-33.57886605706128,3.51,1.61,239.0,92.4,55.0,86.9,2596.0,7.2,744834,656180,608841,545121,669222,682928,695578,696285,657041,53.35,,,,,,,,32,4,Curveball,0,0,0,0,0,0,0,0,Standard,Standard,89.0,0.0,0.0,71.6,7.8,,,0.0,92.4,0,0,0.558,0.442,27,30,27,30,2,1,5.0,1,5.0,2,3.22,-0.69,-0.69,23.1,14.96920186185445,-19.36819080419497,26.51245079988261,37.26362569289316,43.40052152449974,batter
FF,2024-07-04,95.6,-2.1,5.71,"Taylor, Tyrone",621438,663623,,foul,,,,,3.0,,R,R,R,WSH,NYM,S,,,0,2,2024,-0.82,1.1,0.3736480499891313,3.455861852056893,,,,2,5,Top,,,,,,,8.535494411744232,-139.19303309545612,-2.96127515226782,-12.331359435560737,25.394125740542048,-17.227365138834166,3.51,1.61,187.0,82.5,15.0,98.3,2377.0,7.3,744834,656180,608841,545121,669222,682928,695578,696285,657041,53.16,,,,,,,,32,3,4-Seam Fastball,0,0,0,0,0,0,0,0,Standard,Standard,225.0,0.0,0.0,64.3,5.8,,,0.0,88.0,0,0,0.558,0.442,27,30,27,30,2,1,5.0,1,5.0,2,1.35,0.82,0.82,29.2,-9.980270085227112,31.521651035290905,29.6422898406828,40.83971601296089,11.183029933627054,batter
CU,2024-07-04,83.2,-2.33,5.45,"Taylor, Tyrone",621438,663623,,called_strike,,,,,5.0,,R,R,R,WSH,NYM,S,,,0,1,2024,0.78,-0.5,-0.2733984745261898,2.1293115693191256,,,,2,5,Top,,,,,,,3.251194591897456,-121.34550169323606,-0.2868545644395777,7.214288104312719,20.848838973350517,-37.269347032321896,3.26475402684193,1.44793165557614,,,,85.0,2589.0,7.0,744834,656180,608841,545121,669222,682928,695578,696285,657041,53.46,,,,,,,,32,2,Curveball,0,0,0,0,0,0,0,0,Standard,Standard,73.0,0.004,-0.058,,,,,0.058,,0,0,0.554,0.446,27,30,27,30,2,1,5.0,1,5.0,2,3.74,-0.78,-0.78,22.4,,,,,,batter
SI,2024-07-04,95.2,-2.36,5.43,"Taylor, Tyrone",621438,663623,,called_strike,,,,,4.0,,R,R,R,WSH,NYM,S,,,0,0,2024,-1.29,0.38,-0.447802241098832,2.73526090555194,,,,2,5,Top,,,,,,,8.059519234907096,-138.58950627910914,-2.3944997249805784,-18.30402096162331,26.916087298914675,-26.87440085416624,3.37813577458461,1.44793165557614,,,,97.5,2382.0,7.3,744834,656180,608841,545121,669222,682928,695578,696285,657041,53.21,,,,,,,,32,1,Sinker,0,0,0,0,0,0,0,0,Standard,Standard,240.0,0.002,-0.041,,,,,0.041,,0,0,0.552,0.448,27,30,27,30,2,1,5.0,1,5.0,2,2.1,1.29,1.29,20.7,,,,,,batter
CU,2024-07-04,82.2,-2.15,5.7,"Taylor, Tyrone",621438,663623,strikeout,called_strike,,,,,1.0,Tyrone Taylor called out on strikes.,R,R,R,WSH,NYM,S,2.0,,1,2,2024,0.89,-0.5,-0.6816569180677698,2.895884854915207,,,,0,3,Top,,,,,,,1.6310138279034554,-119.88399065312396,1.0383347396815303,8.452452640082639,19.168241205935924,-37.35736434971715,3.32143929773451,1.50434579208951,,,,84.1,2571.0,7.0,744834,656180,608841,545121,669222,682928,695578,696285,657041,53.5,,0.0,0.0,1.0,0.0,0.0,,16,4,Curveball,0,0,0,0,0,0,0,0,Standard,Standard,64.0,0.018,-0.186,,,,,0.186,,0,0,0.507,0.493,27,30,27,30,1,0,5.0,1,5.0,2,3.81,-0.89,-0.89,25.5,,,,,,batter
FF,2024-07-04,95.3,-1.95,5.86,"Taylor, Tyrone",621438,663623,,ball,,,,,12.0,,R,R,R,WSH,NYM,B,,,0,2,2024,-0.75,1.23,0.3341886900388017,6.005954176102323,,,,0,3,Top,,,,,,,7.811196879924378,-138.7430159855667,3.251759199929284,-11.347860041689827,26.60948754532636,-16.994719213553644,3.32143929773451,1.5325566474047,,,,97.3,2403.0,7.1,744834,656180,608841,545121,669222,682928,695578,696285,657041,53.44,,,,,,,,16,3,4-Seam Fastball,0,0,0,0,0,0,0,0,Standard,Standard,221.0,-0.003,0.023,,,,,-0.023,,0,0,0.51,0.49,27,30,27,30,1,0,5.0,1,5.0,2,1.25,0.75,0.75,34.9,,,,,,batter
SI,2024-07-04,94.0,-2.3,5.66,"Taylor, Tyrone",621438,663623,,foul,,,,,1.0,,R,R,R,WSH,NYM,S,,,0,1,2024,-1.26,0.59,-0.7837926493269474,3.012967916988889,,,,0,3,Top,,,,,,,6.86777898271191,-136.81954141091083,-2.5580904243054907,-17.36169783188409,26.65051202489513,-24.34244135552188,3.51,1.61,347.0,108.2,21.0,96.3,2366.0,7.3,744834,656180,608841,545121,669222,682928,695578,696285,657041,53.18,,,,,,,,16,2,Sinker,0,0,0,0,0,0,0,0,Standard,Standard,232.0,0.006,-0.054,74.3,7.8,,,0.054,108.2,0,0,0.504,0.496,27,30,27,30,1,0,5.0,1,5.0,2,1.96,1.26,1.26,26.2,19.08577327520268,-24.85047453763781,31.540663425459226,25.96653869212611,42.544075129127286,batter
SI,2024-07-04,94.2,-2.17,5.87,"Taylor, Tyrone",621438,663623,,called_strike,,,,,5.0,,R,R,R,WSH,NYM,S,,,0,0,2024,-1.31,0.61,0.0830035774455213,2.5209844690528618,,,,0,3,Top,,,,,,,8.893436136514417,-136.96629274214527,-4.458119386536097,-18.35176708890039,27.28494413565742,-23.65924173497764,3.3497861326972,1.50434579208951,,,,96.0,2318.0,7.1,744834,656180,608841,545121,669222,682928,695578,696285,657041,53.36,,,,,,,,16,1,Sinker,0,0,0,0,0,0,0,0,Standard,Standard,228.0,0.004,-0.037,,,,,0.037,,0,0,0.5,0.5,27,30,27,30,1,0,5.0,1,5.0,2,1.94,1.31,1.31,27.4,,,,,,batter
FF,2024-07-03,93.1,1.65,6.07,"Taylor, Tyrone",621438,680730,field_out,hit_into_play,,,,,7.0,"Tyrone Taylor grounds out, third baseman Ildemaro Vargas to first baseman Joey Meneses.",R,R,L,WSH,NYM,X,5.0,ground_ball,1,2,2024,0.42,1.38,-0.7440715823870754,2.065655181692177,,,,0,5,Top,99.2,160.36,,,,,-7.143676330057875,-135.37472617054988,-7.638045763726471,6.654403262168985,27.9890116369693,-13.718328931596776,3.53,1.62,12.0,62.9,-8.0,94.3,2243.0,6.9,744837,660688,608841,671277,545121,682928,695578,696285,657041,53.57,0.106,0.097,0.0,1.0,0.0,0.0,2.0,30,4,4-Seam Fastball,0,3,3,0,3,0,3,0,Standard,Standard,147.0,0.008,-0.186,69.2,7.0,,0.11,0.186,88.0,-3,3,0.168,0.832,24,30,25,30,2,1,5.0,1,5.0,1,1.24,0.42,-0.42,49.3,-1.8802080556755567,0.3444357726365605,48.887028641928616,26.449823406394383,24.32033345081637,batter
FS,2024-07-03,85.3,1.97,5.89,"Taylor, Tyrone",621438,680730,,foul,,,,,8.0,,R,R,L,WSH,NYM,S,,,1,1,2024,0.42,0.95,0.2413541513277236,2.145675175277852,,,,0,5,Top,,,,,,,-4.995157717497101,-124.20643620949802,-4.514654866740339,5.330349428273436,23.32457454696232,-21.670217153828556,3.53,1.62,62.0,79.6,4.0,86.8,1068.0,7.0,744837,660688,608841,671277,545121,682928,695578,696285,657041,53.45,,,,,,,,30,3,Split-Finger,0,3,3,0,3,0,3,0,Standard,Standard,143.0,0.003,-0.056,72.2,8.2,,,0.056,88.0,-3,3,0.165,0.835,24,30,25,30,2,1,5.0,1,5.0,1,2.17,0.42,-0.42,40.3,20.059725404260004,-17.526678297303008,36.65189569887301,39.13129306498381,42.3486434293699,batter
CU,2024-07-03,78.7,1.9,6.08,"Taylor, Tyrone",621438,680730,,called_strike,,,,,2.0,,R,R,L,WSH,NYM,S,,,1,0,2024,-0.27,-0.63,0.250374900615758,3.09282987632558,,,,0,5,Top,,,,,,,-3.096802715978056,-114.7404101057788,1.4204897953227464,-1.920656608099732,18.494872171526463,-38.17739270551333,3.38477566798472,1.47457572962706,,,,79.8,2182.0,6.7,744837,660688,608841,671277,545121,682928,695578,696285,657041,53.84,,,,,,,,30,2,Curveball,0,3,3,0,3,0,3,0,Standard,Standard,326.0,0.003,-0.049,,,,,0.049,,-3,3,0.162,0.838,24,30,25,30,2,1,5.0,1,5.0,1,4.25,-0.27,0.27,48.8,,,,,,batter
CU,2024-07-03,78.9,1.95,6.07,"Taylor, Tyrone",621438,680730,,ball,,,,,13.0,,R,R,L,WSH,NYM,B,,,0,0,2024,-0.27,-0.64,-1.0220666279380697,0.6389449279794928,,,,0,5,Top,,,,,,,-5.996514421342222,-114.77150213056711,-3.884792449586306,-1.3805722753460918,19.35394918985221,-37.43009451135789,3.4521960320212,1.62159629320115,,,,79.6,2221.0,6.6,744837,660688,608841,671277,545121,682928,695578,696285,657041,53.91,,,,,,,,30,1,Curveball,0,3,3,0,3,0,3,0,Standard,Standard,327.0,-0.002,0.038,,,,,-0.038,,-3,3,0.164,0.836,24,30,25,30,2,1,5.0,1,5.0,1,4.28,-0.27,0.27,47.3,,,,,,batter
FF,2024-07-03,92.7,2.16,5.99,"Taylor, Tyrone",621438,680730,home_run,hit_into_play,,,,,4.0,"Umpire reviewed (home run), call on the field was upheld: Tyrone Taylor homers (5) on a fly ball to left field.",R,R,L,WSH,NYM,X,,fly_ball,1,0,2024,0.74,1.39,-0.5695045906673736,2.7440542369238843,,,,0,3,Top,8.85,77.04,,,,,-8.704607342642973,-134.78045047729293,-5.629083836057699,10.824579923187088,27.190988007189592,-14.102570254200796,3.53,1.62,413.0,108.8,36.0,94.0,2293.0,6.9,744837,660688,608841,671277,545121,682928,695578,696285,657041,53.56,0.886,1.806,2.0,1.0,0.0,3.0,6.0,14,2,4-Seam Fastball,0,0,0,0,1,0,1,0,Standard,Standard,142.0,-0.108,1.076,73.7,7.6,,3.554,-1.076,108.8,0,0,0.496,0.504,24,30,25,30,1,0,5.0,1,5.0,1,1.25,0.74,-0.74,47.9,18.42489589019972,-17.759766626258703,35.797833871688646,29.1340654279412,38.10898039826557,batter
FF,2024-07-03,91.1,1.78,6.02,"Taylor, Tyrone",621438,680730,,ball,,,,,13.0,,R,R,L,WSH,NYM,B,,,0,0,2024,0.64,1.37,-1.00774058250911,0.6213085266293286,,,,0,3,Top,,,,,,,-8.444991789208375,-132.01676086623667,-10.663445473423572,9.283158040459682,27.44629710037106,-14.057770032545056,3.48112044541829,1.62051261025676,,,,91.9,2181.0,6.9,744837,660688,608841,671277,545121,682928,695578,696285,657041,53.57,,,,,,,,14,1,4-Seam Fastball,0,0,0,0,0,0,0,0,Standard,Standard,147.0,-0.004,0.038,,,,,-0.038,,0,0,0.5,0.5,24,30,25,30,1,0,5.0,1,5.0,1,1.4,0.64,-0.64,54.9,,,,,,batter
FC,2024-07-03,89.7,-1.2,5.72,"Taylor, Tyrone",621438,606930,field_out,hit_into_play,,,,,6.0,Tyrone Taylor pops out to first baseman Joey Meneses in foul territory.,R,R,R,WSH,NYM,X,3.0,popup,2,2,2024,0.19,0.69,0.4311267450100655,2.585287666811808,,,,1,7,Top,150.76,191.08,,,,,3.6613321155386886,-130.7033655423493,-3.313368947263655,1.5085061373076605,25.42443561684244,-23.78331003318985,3.53,1.62,50.0,68.6,77.0,90.9,2196.0,6.8,744837,660688,608841,671277,545121,682928,695578,696285,657041,53.75,0.003,0.002,0.0,1.0,0.0,0.0,3.0,50,7,Cutter,4,5,5,4,5,4,5,4,Standard,Standard,181.0,0.016,-0.225,62.4,7.7,,0.003,0.225,88.0,-1,1,0.335,0.665,34,30,34,30,1,2,5.0,1,3.0,1,2.12,-0.19,-0.19,43.3,9.894109708933808,-2.2751279631385777,29.46521377521185,39.9658370441374,34.006236836788766,batter
FF,2024-07-03,96.3,-0.88,5.82,"Taylor, Tyrone",621438,606930,,foul,,,,,14.0,,R,R,R,WSH,NYM,S,,,2,2,2024,0.04,1.23,0.8583599551606733,1.662942987226471,,,,1,7,Top,,,,,,,4.572297625767066,-140.04329277020267,-8.375019931810638,-0.3659126400244737,28.90391256613348,-14.391168618751454,3.53,1.62,6.0,66.8,-15.0,97.7,2359.0,6.9,744837,660688,608841,671277,545121,682928,695578,696285,657041,53.57,,,,,,,,50,6,4-Seam Fastball,4,5,5,4,5,4,5,4,Standard,Standard,207.0,0.0,0.0,70.8,7.9,,,0.0,88.0,-1,1,0.335,0.665,34,30,34,30,1,2,5.0,1,3.0,1,1.22,-0.04,-0.04,47.0,9.372481606968606,-6.834809107231636,34.8751787748504,45.88022264820328,35.52852563639406,batter
FC,2024-07-03,89.1,-1.17,5.76,"Taylor, Tyrone",621438,606930,,foul,,,,,14.0,,R,R,R,WSH,NYM,S,,,2,2,2024,0.34,0.49,1.1898727735921264,1.8559987428035127,,,,1,7,Top,,,,,,,5.141500662316972,-129.75941910159787,-4.745982802185114,2.9911551376869667,23.68314776455524,-25.87580844392711,3.53,1.62,1.0,71.6,-58.0,90.9,2283.0,7.0,744837,660688,608841,671277,545121,682928,695578,696285,657041,53.46,,,,,,,,50,5,Cutter,4,5,5,4,5,4,5,4,Standard,Standard,159.0,0.0,0.0,61.1,8.3,,,0.0,88.0,-1,1,0.335,0.665,34,30,34,30,1,2,5.0,1,3.0,1,2.35,-0.34,-0.34,44.4,14.4989532985762,-8.508995855172254,30.410742696940574,49.8043834180649,35.02252884955324,batter
FF,2024-07-03,95.4,-0.92,5.94,"Taylor, Tyrone",621438,606930,,foul,,,,,12.0,,R,R,R,WSH,NYM,S,,,2,1,2024,-0.08,1.35,1.0001467539559732,3.428257279971121,,,,1,7,Top,,,,,,,5.253745673541863,-138.8999865401846,-4.09849599552914,-2.0300208517412,26.856641132365805,-13.951683359675002,3.53,1.62,204.0,77.5,62.0,96.7,2410.0,6.7,744837,660688,608841,671277,545121,682928,695578,696285,657041,53.82,,,,,,,,50,4,4-Seam Fastball,4,5,5,4,5,4,5,4,Standard,Standard,195.0,0.006,-0.078,68.6,7.2,,,0.078,88.0,-1,1,0.329,0.671,34,30,34,30,1,2,5.0,1,3.0,1,1.13,0.08,0.08,47.0,6.230815677285574,7.6286232512808,25.665486762021377,48.89738291627746,22.979057347053537,batter
FC,2024-07-03,89.9,-1.33,5.7,"Taylor, Tyrone",621438,606930,,foul,,,,,6.0,,R,R,R,WSH,NYM,S,,,2,0,2024,0.53,0.62,0.4921868743754787,2.390683429347723,,,,1,7,Top,,,,,,,3.427773713940697,-131.01378175227472,-3.649939131617315,5.519969881448753,25.12369200365851,-24.41712697551342,3.53,1.62,160.0,71.4,25.0,91.3,2504.0,6.9,744837,660688,608841,671277,545121,682928,695578,696285,657041,53.63,,,,,,,,50,3,Cutter,4,5,5,4,5,4,5,4,Standard,Standard,171.0,0.005,-0.065,71.1,8.0,,,0.065,88.0,-1,1,0.324,0.676,34,30,34,30,1,2,5.0,1,3.0,1,2.17,-0.53,-0.53,40.8,11.138018958455826,-12.749530970102136,35.24946090817181,41.73270054833192,34.71929494771504,batter
FF,2024-07-03,95.9,-1.04,5.83,"Taylor, Tyrone",621438,606930,,ball,,,,,11.0,,R,R,R,WSH,NYM,B,,,1,0,2024,-0.38,1.43,-1.3738909543020936,2.591324798311185,,,,1,7,Top,,,,,,,-0.0230985208683156,-139.587100794253,-6.2658328878486405,-5.011325206592743,30.195022399201942,-12.211803410213554,3.39022894554416,1.61951608407132,,,,96.9,2430.0,6.7,744837,660688,608841,671277,545121,682928,695578,696285,657041,53.75,,,,,,,,50,2,4-Seam Fastball,4,5,5,4,5,4,5,4,Standard,Standard,199.0,-0.005,0.072,,,,,-0.072,,-1,1,0.329,0.671,34,30,34,30,1,2,5.0,1,3.0,1,1.03,0.38,0.38,45.3,,,,,,batter
FC,2024-07-03,88.8,-1.21,5.77,"Taylor, Tyrone",621438,606930,,ball,,,,,12.0,,R,R,R,WSH,NYM,B,,,0,0,2024,0.47,0.55,0.5707983270407156,3.695230869367796,,,,1,7,Top,,,,,,,3.420257726920826,-129.4283877154598,-0.2207292593343474,4.664923422932348,25.58778244593014,-26.16051571556752,3.34664462050308,1.58627495733393,,,,90.1,2369.0,6.9,744837,660688,608841,671277,545121,682928,695578,696285,657041,53.63,,,,,,,,50,1,Cutter,4,5,5,4,5,4,5,4,Standard,Standard,158.0,-0.003,0.039,,,,,-0.039,,-1,1,0.332,0.668,34,30,34,30,1,2,5.0,1,3.0,1,2.32,-0.47,-0.47,42.4,,,,,,batter
FF,2024-07-02,93.6,2.01,5.81,"Taylor, Tyrone",621438,687792,field_out,hit_into_play,,,,,14.0,Tyrone Taylor flies out to center fielder Jacob Young.,R,R,L,WSH,NYM,X,8.0,fly_ball,1,1,2024,1.12,1.27,1.019783139652923,2.4152969614173703,,,,0,5,Top,158.64,57.27,,,,,-5.058025843053218,-136.18509401350963,-5.895029721272981,14.992263872831556,27.94143922690911,-15.255441322206725,3.53,1.65,359.0,96.9,31.0,94.6,2413.0,6.7,744838,660688,608841,545121,669222,682928,695578,696285,657041,53.79,0.286,0.5442142857142857,0.0,1.0,0.0,0.0,5.0,33,3,4-Seam Fastball,1,0,0,1,0,1,0,1,Standard,Standard,132.0,0.03,-0.243,71.3,7.7,,1.065,0.243,96.9,1,-1,0.64,0.36,23,30,23,30,2,1,6.0,1,5.0,1,1.32,1.12,-1.12,37.6,6.368453158301947,6.220330160589362,30.24493014560021,47.982510607121526,29.17098610026534,batter
CH,2024-07-02,84.6,2.16,5.79,"Taylor, Tyrone",621438,687792,,ball,,,,,12.0,,R,R,L,WSH,NYM,B,,,0,1,2024,1.65,0.43,1.3439433492849036,2.69247553581567,,,,0,5,Top,,,,,,,-5.235014020241399,-123.14884539446976,-1.780334784019761,17.888057916040136,23.16490135041048,-27.62923672382169,3.46846300033402,1.57273275034321,,,,85.4,2436.0,6.6,744838,660688,608841,545121,669222,682928,695578,696285,657041,53.86,,,,,,,,33,2,Changeup,1,0,0,1,0,1,0,1,Standard,Standard,105.0,-0.003,0.025,,,,,-0.025,,1,-1,0.643,0.357,23,30,23,30,2,1,6.0,1,5.0,1,2.74,1.65,-1.65,35.0,,,,,,batter
FF,2024-07-02,92.7,2.0,5.81,"Taylor, Tyrone",621438,687792,,foul,,,,,3.0,,R,R,L,WSH,NYM,S,,,0,0,2024,1.14,1.46,0.7754905517776447,2.986891317605972,,,,0,5,Top,,,,,,,-5.673928699775143,-134.88325680495677,-4.657971531641458,15.177189742020374,29.334174853784027,-13.571318855313834,3.53,1.65,191.0,77.3,65.0,93.6,2409.0,6.8,744838,660688,608841,545121,669222,682928,695578,696285,657041,53.68,,,,,,,,33,1,4-Seam Fastball,1,0,0,1,0,1,0,1,Standard,Standard,134.0,0.005,-0.037,74.1,7.7,,,0.037,88.0,1,-1,0.638,0.362,23,30,23,30,2,1,6.0,1,5.0,1,1.2,1.14,-1.14,37.2,13.819572588234571,2.926197650260862,29.08511074297141,43.937283647814745,27.1420987748874,batter
FF,2024-07-02,95.5,2.0,5.87,"Taylor, Tyrone",621438,687792,strikeout,swinging_strike,,,,,5.0,Tyrone Taylor strikes out swinging.,R,R,L,WSH,NYM,S,2.0,,0,2,2024,1.13,1.21,-0.0034595053021928,2.3019693880625214,,620443.0,,1,2,Top,,,,,,,-7.862795817360796,-138.73293564696323,-6.532442685241048,16.32346937892751,29.841230757501595,-15.243994668884712,3.53,1.65,,,,96.3,2342.0,6.8,744838,660688,608841,545121,669222,682928,695578,696285,657041,53.74,,0.0,0.0,1.0,0.0,0.0,,11,3,4-Seam Fastball,0,0,0,0,0,0,0,0,Standard,Standard,141.0,0.022,-0.174,72.9,7.4,0.16908978,,0.174,,0,0,0.495,0.505,23,30,23,30,1,0,6.0,1,5.0,1,1.29,1.13,-1.13,35.4,3.325819471712727,7.1196304297475255,42.85386171373053,35.17610918782124,21.33018513377729,batter
FF,2024-07-02,94.7,2.09,5.79,"Taylor, Tyrone",621438,687792,,called_strike,,,,,7.0,,R,R,L,WSH,NYM,S,,,0,1,2024,1.15,1.14,-0.4539573389205535,2.075024427609301,,620443.0,,1,2,Top,,,,,,,-9.266503237780434,-137.50878989283717,-6.636916296494688,16.545962839895424,28.85267772098608,-16.357911339076082,3.4791833670074,1.60492730203799,,,,95.5,2387.0,6.7,744838,660688,608841,545121,669222,682928,695578,696285,657041,53.76,,,,,,,,11,2,4-Seam Fastball,0,0,0,0,0,0,0,0,Standard,Standard,142.0,0.009,-0.065,,,,,0.065,,0,0,0.486,0.514,23,30,23,30,1,0,6.0,1,5.0,1,1.4,1.15,-1.15,39.5,,,,,,batter
FF,2024-07-02,93.5,2.09,5.8,"Taylor, Tyrone",621438,687792,,called_strike,,,,,4.0,,R,R,L,WSH,NYM,S,,,0,0,2024,1.07,1.17,-0.4522344400999816,2.556361084121359,,620443.0,,1,2,Top,,,,,,,-8.986267925975982,-135.90731595108576,-5.260012976539592,15.204920677082471,28.79850664095128,-16.669975252499917,3.4830947621557,1.55384294431306,,,,94.4,2318.0,6.8,744838,660688,608841,545121,669222,682928,695578,696285,657041,53.7,,,,,,,,11,1,4-Seam Fastball,0,0,0,0,0,0,0,0,Standard,Standard,146.0,0.006,-0.036,,,,,0.036,,0,0,0.48,0.52,23,30,23,30,1,0,6.0,1,5.0,1,1.44,1.07,-1.07,36.9,,,,,,batter
SI,2024-07-02,90.9,-3.13,6.14,"Taylor, Tyrone",621438,571670,field_out,hit_into_play,,,,,11.0,"Tyrone Taylor grounds out, shortstop CJ Abrams to first baseman Joey Meneses.",R,R,R,WSH,NYM,X,6.0,ground_ball,0,0,2024,-1.4,0.7,-0.8312780581776715,2.6668789720923805,,,,1,7,Top,101.98,130.32,,,,,8.782934797649176,-132.12625836990728,-4.345011598929099,-18.216824746169497,25.914975641039504,-23.177454941350973,3.53,1.65,129.0,82.1,9.0,91.6,2141.0,6.6,744838,660688,608841,545121,669222,682928,695578,696285,657041,53.93,0.453,0.429,0.0,1.0,0.0,0.0,4.0,51,1,Sinker,2,1,1,2,1,2,1,2,Standard,Standard,223.0,0.032,-0.256,68.2,6.7,,0.516,0.256,88.0,1,-1,0.736,0.264,33,30,34,30,1,2,1.0,1,3.0,1,2.04,1.4,1.4,40.6,2.566705841317316,4.930882394578002,37.44259963283907,26.396595365021856,27.141680810532176,batter
FF,2024-07-02,96.1,-1.54,5.83,"Taylor, Tyrone",621438,640448,field_out,hit_into_play,,,,,5.0,Tyrone Taylor lines out to second baseman Ildemaro Vargas.,R,R,R,WSH,NYM,X,4.0,line_drive,1,1,2024,-0.88,1.37,-0.0155621847644711,2.246570559339305,,,,2,9,Top,145.17,152.93,,,,,6.04615469218988,-139.79326417290605,-7.062694578543018,-12.803366407503711,29.11284249820213,-12.85569532001118,3.53,1.65,174.0,79.8,13.0,96.9,1996.0,6.6,744838,660688,608841,545121,669222,682928,695578,696285,657041,53.92,0.634,0.579,0.0,1.0,0.0,0.0,4.0,66,3,4-Seam Fastball,2,2,2,2,2,2,2,2,Standard,Strategic,216.0,0.032,-0.244,71.5,7.4,,0.697,0.244,88.0,0,0,0.607,0.393,32,30,33,30,1,3,1.0,1,1.0,1,1.09,0.88,0.88,54.8,1.0783855211603095,7.616387758190246,35.027515007477355,35.9983610811447,24.081627058139496,batter
FF,2024-07-02,96.6,-1.66,5.86,"Taylor, Tyrone",621438,640448,,ball,,,,,11.0,,R,R,R,WSH,NYM,B,,,0,1,2024,-0.61,1.34,-1.292655887133574,3.217757269680796,,,,2,9,Top,,,,,,,2.391866321063165,-140.7315792581162,-4.612481945306459,-8.627742916460257,29.29561868562651,-13.547839374109166,3.47697479790664,1.55029256443058,,,,97.7,1776.0,6.7,744838,660688,608841,545121,669222,682928,695578,696285,657041,53.82,,,,,,,,66,2,4-Seam Fastball,2,2,2,2,2,2,2,2,Standard,Strategic,213.0,-0.003,0.029,,,,,-0.029,,0,0,0.61,0.39,32,30,33,30,1,3,1.0,1,1.0,1,1.09,0.61,0.61,54.6,,,,,,batter
FF,2024-07-02,97.3,-1.64,5.9,"Taylor, Tyrone",621438,640448,,called_strike,,,,,4.0,,R,R,R,WSH,NYM,S,,,0,0,2024,-0.73,1.3,-0.3301101578760851,2.758428005645145,,,,2,9,Top,,,,,,,5.235690756745333,-141.59823974254064,-5.968651509346405,-11.042109231610135,29.39231501082109,-13.50229051379781,3.45149523603263,1.44347825609101,,,,98.4,1897.0,6.7,744838,660688,608841,545121,669222,682928,695578,696285,657041,53.81,,,,,,,,66,1,4-Seam Fastball,2,2,2,2,2,2,2,2,Standard,Strategic,207.0,0.005,-0.041,,,,,0.041,,0,0,0.605,0.395,32,30,33,30,1,3,1.0,1,1.0,1,1.09,0.73,0.73,52.9,,,,,,batter
FF,2024-07-01,96.5,1.97,5.86,"Taylor, Tyrone",621438,669022,strikeout,swinging_strike,,,,,11.0,Tyrone Taylor strikes out swinging.,R,R,L,WSH,NYM,S,2.0,,0,2,2024,0.46,1.38,-0.4371123721473118,4.283293711347968,624413.0,668901.0,,2,4,Top,,,,,,,-7.550411186706183,-140.452050710056,-1.847394237820306,7.650923590059744,29.405192633892387,-13.551946405794745,3.53,1.65,,,,98.3,2356.0,7.1,744840,660688,608841,545121,669222,682928,695578,696285,657041,53.4,,0.0,0.0,1.0,0.0,0.0,,29,3,4-Seam Fastball,2,0,0,2,0,2,0,2,Standard,Standard,150.0,0.041,-0.176,58.1,5.2,1.182915972,,0.176,,2,-2,0.745,0.255,25,30,25,30,2,1,6.0,1,5.0,1,1.05,0.46,-0.46,42.8,-4.348210721407503,37.03240783356376,27.149026128095358,30.148245665866423,12.342480835534111,batter
FF,2024-07-01,95.8,2.05,5.79,"Taylor, Tyrone",621438,669022,,foul,,,,,2.0,,R,R,L,WSH,NYM,S,,,0,1,2024,0.58,1.3,0.0119743340261565,3.029387874738215,624413.0,668901.0,,2,4,Top,,,,,,,-6.795680945016211,-139.25144033743638,-4.635170389441494,9.163968632570738,33.31022034997399,-14.43551914145854,3.53,1.65,230.0,78.6,20.0,97.0,2289.0,7.2,744840,660688,608841,545121,669222,682928,695578,696285,657041,53.32,,,,,,,,29,2,4-Seam Fastball,2,0,0,2,0,2,0,2,Standard,Standard,147.0,0.017,-0.059,65.0,5.7,,,0.059,88.0,2,-2,0.728,0.272,25,30,25,30,2,1,6.0,1,5.0,1,1.2,0.58,-0.58,39.4,-9.751240364109249,28.34806430590121,36.36576899165693,35.446542882554766,14.791938767240882,batter
FF,2024-07-01,96.0,1.95,5.88,"Taylor, Tyrone",621438,669022,,called_strike,,,,,4.0,,R,R,L,WSH,NYM,S,,,0,0,2024,0.3,1.25,-0.3707039178859056,2.753872575310199,624413.0,668901.0,,2,4,Top,,,,,,,-6.939366166058945,-139.66050414515885,-5.60178387429679,5.478646874687236,30.726981073872867,-14.720153409755788,3.52362849075961,1.573566205537,,,,97.7,2311.0,7.2,744840,660688,608841,545121,669222,682928,695578,696285,657041,53.27,,,,,,,,29,1,4-Seam Fastball,2,0,0,2,0,2,0,2,Standard,Standard,151.0,0.01,-0.046,,,,,0.046,,2,-2,0.718,0.282,25,30,25,30,2,1,6.0,1,5.0,1,1.22,0.3,-0.3,45.6,,,,,,batter
CU,2024-07-01,81.1,1.93,6.06,"Taylor, Tyrone",621438,669022,field_out,hit_into_play,,,,,12.0,"Tyrone Taylor grounds out, shortstop CJ Abrams to first baseman Joey Meneses.",R,R,L,WSH,NYM,X,6.0,ground_ball,0,2,2024,-0.18,-0.87,1.0579987161565436,2.6742928129999237,,,,1,2,Top,116.74,144.79,,,,,-1.6489983521758906,-118.24395171578432,0.6443846698079427,-1.3917763272090975,19.946008211681708,-40.6664155420014,3.53,1.65,21.0,97.8,-6.0,82.8,2413.0,7.1,744840,660688,608841,545121,669222,682928,695578,696285,657041,53.43,0.313,0.282,0.0,1.0,0.0,0.0,2.0,10,4,Curveball,0,0,0,0,0,0,0,0,Standard,Standard,341.0,0.01,-0.162,66.8,7.3,,0.337,0.162,97.8,0,0,0.53,0.47,25,30,25,30,1,0,6.0,1,5.0,1,4.29,-0.18,0.18,56.0,10.861071620931163,14.03194977592599,30.53253746413276,47.24455789207951,26.29933515026655,batter
CU,2024-07-01,84.5,1.8,6.12,"Taylor, Tyrone",621438,669022,,foul,,,,,14.0,,R,R,L,WSH,NYM,S,,,0,2,2024,-0.16,-0.91,0.6903312536582522,1.3823873627142964,,,,1,2,Top,,,,,,,-2.288690098253035,-123.18576915680258,-2.9607140513473214,-1.232602067516397,23.16589361854659,-41.09078881606085,3.53,1.65,111.0,44.1,41.0,85.9,2427.0,7.0,744840,660688,608841,545121,669222,682928,695578,696285,657041,53.53,,,,,,,,10,3,Curveball,0,0,0,0,0,0,0,0,Standard,Standard,338.0,0.0,0.0,65.1,8.4,,,0.0,88.0,0,0,0.53,0.47,25,30,25,30,1,0,6.0,1,5.0,1,4.07,-0.16,0.16,55.7,17.39569227496159,-10.182385390267449,35.90006619752989,43.34396070687271,37.11767435085317,batter
FF,2024-07-01,95.8,2.03,6.01,"Taylor, Tyrone",621438,669022,,foul_tip,,,,,9.0,,R,R,L,WSH,NYM,S,,,0,1,2024,0.59,1.73,0.6984563595958908,2.1653396554170685,,,,1,2,Top,,,,,,,-4.913108482034382,-139.2813954837213,-8.530771531645241,8.815334749349605,32.310348194930846,-7.951768418141895,3.53,1.65,,,,96.7,2363.0,7.0,744840,660688,608841,545121,669222,682928,695578,696285,657041,53.55,,,,,,,,10,2,4-Seam Fastball,0,0,0,0,0,0,0,0,Standard,Standard,148.0,0.004,-0.057,70.7,7.8,,,0.057,,0,0,0.526,0.474,25,30,25,30,1,0,6.0,1,5.0,1,0.77,0.59,-0.59,44.4,6.759729355521312,7.649552005422246,37.94505992099519,43.60897884092477,23.51516447418768,batter
FF,2024-07-01,96.5,2.16,5.88,"Taylor, Tyrone",621438,669022,,swinging_strike,,,,,6.0,,R,R,L,WSH,NYM,S,,,0,0,2024,0.62,1.61,0.3216138623311418,2.293287339831221,,,,1,2,Top,,,,,,,-6.374776657451395,-140.21480062815678,-7.675354113875509,9.709474264162132,34.32566929905796,-9.388621260371108,3.53,1.65,,,,97.3,2423.0,7.0,744840,660688,608841,545121,669222,682928,695578,696285,657041,53.49,,,,,,,,10,1,4-Seam Fastball,0,0,0,0,0,0,0,0,Standard,Standard,154.0,0.003,-0.037,72.6,7.8,0.76799142,,0.037,,0,0,0.523,0.477,25,30,25,30,1,0,6.0,1,5.0,1,0.86,0.62,-0.62,45.0,2.464829575754529,7.519088527045408,41.0449808804846,38.6010172403368,21.9755310071375,batter
FF,2024-07-01,96.1,-2.05,5.83,"Taylor, Tyrone",621438,640451,double,hit_into_play,,,,,8.0,Tyrone Taylor doubles (9) on a sharp line drive to right fielder Lane Thomas.,R,R,R,WSH,NYM,X,9.0,line_drive,3,1,2024,-0.69,1.5,0.149728366452847,1.961177900472027,,,,2,10,Top,190.33,74.38,,,,,7.397629337186293,-139.63155997289698,-8.107186928075183,-10.570729071976965,29.18766532463564,-10.82889595259222,3.53,1.65,372.0,105.1,21.0,96.5,2038.0,6.4,744840,660688,608841,671277,545121,682928,695578,696285,657041,54.05,0.631,1.0830857142857149,1.25,1.0,1.0,1.0,6.0,78,5,4-Seam Fastball,3,6,6,3,6,3,6,3,Standard,Standard,211.0,-0.007,0.456,72.7,7.7,,2.029,-0.456,105.1,-3,3,0.094,0.906,29,30,30,30,1,4,2.0,1,1.0,1,0.96,0.69,0.69,46.4,1.5446947787655247,3.61905236155461,37.14934197971113,38.85034885475669,25.49342028317231,batter
SL,2024-07-01,84.8,-3.25,6.09,"Taylor, Tyrone",621438,571670,field_out,hit_into_play,,,,,12.0,Tyrone Taylor lines out to center fielder Jacob Young.,R,R,R,WSH,NYM,X,8.0,line_drive,0,1,2024,0.2,0.35,1.0437651556207186,2.7486447671178995,,,,1,8,Top,129.09,69.42,,,,,9.656247525495964,-123.1778732199717,-2.119480619733733,-0.0471832680042921,26.05886896313803,-28.413430867283463,3.53,1.65,322.0,91.2,22.0,84.7,1999.0,6.5,744840,660688,608841,671277,545121,682928,695578,696285,657041,54.01,0.213,0.244,0.0,1.0,0.0,0.0,3.0,60,2,Slider,2,3,3,2,3,2,3,2,Standard,Standard,181.0,0.015,-0.219,67.8,8.0,,0.365,0.219,91.2,-1,1,0.281,0.719,33,30,34,30,1,3,3.0,1,1.0,1,2.85,-0.2,-0.2,35.6,12.019423010561846,-1.2773440999525043,28.259208573677544,48.86158898649333,31.988260505007634,batter
FF,2024-07-01,97.5,-1.89,5.84,"Taylor, Tyrone",621438,640451,,ball,,,,,14.0,,R,R,R,WSH,NYM,B,,,2,1,2024,-0.45,1.42,1.437035675126619,2.08395006589084,,,,2,10,Top,,,,,,,9.986060039281536,-141.48990793688338,-7.853701349815884,-8.278805960332829,32.12133955370656,-11.451970988428704,3.53590447756307,1.59751065648693,,,,97.7,2110.0,6.6,744840,660688,608841,671277,545121,682928,695578,696285,657041,53.95,,,,,,,,78,4,4-Seam Fastball,3,6,6,3,6,3,6,3,Standard,Standard,206.0,-0.002,0.112,,,,,-0.112,,-3,3,0.096,0.904,29,30,30,30,1,4,2.0,1,1.0,1,0.99,0.45,0.45,47.4,,,,,,batter
SI,2024-07-01,90.9,-3.16,6.21,"Taylor, Tyrone",621438,571670,,called_strike,,,,,9.0,,R,R,R,WSH,NYM,S,,,0,0,2024,-1.32,0.63,0.667619423733258,2.113522196545184,,,,1,8,Top,,,,,,,12.451824548094889,-131.72098404798544,-5.735674220269092,-17.920355679007397,25.855267161395872,-23.70003014525666,3.45172832640999,1.58323949855368,,,,91.4,2143.0,6.7,744840,660688,608841,671277,545121,682928,695578,696285,657041,53.84,,,,,,,,60,1,Sinker,2,3,3,2,3,2,3,2,Standard,Standard,227.0,0.003,-0.037,,,,,0.037,,-1,1,0.278,0.722,33,30,34,30,1,3,3.0,1,1.0,1,2.13,1.32,1.32,38.6,,,,,,batter
FF,2024-07-01,97.5,-1.94,5.93,"Taylor, Tyrone",621438,640451,,ball,,,,,12.0,,R,R,R,WSH,NYM,B,,,1,1,2024,-0.37,1.47,1.0714373783657227,3.361291589206666,,,,2,10,Top,,,,,,,8.973561765172123,-141.72652153420142,-4.773787863782033,-7.0766694665514045,33.56864858238333,-11.439225444472774,3.45696024275728,1.60086196915778,,,,97.6,2111.0,6.5,744840,660688,608841,671277,545121,682928,695578,696285,657041,54.01,,,,,,,,78,3,4-Seam Fastball,3,6,6,3,6,3,6,3,Standard,Standard,205.0,0.003,0.058,,,,,-0.058,,-3,3,0.093,0.907,29,30,30,30,1,4,2.0,1,1.0,1,0.94,0.37,0.37,43.4,,,,,,batter
CU,2024-07-01,82.0,-2.24,5.76,"Taylor, Tyrone",621438,640451,,ball,,,,,14.0,,R,R,R,WSH,NYM,B,,,0,1,2024,0.87,-0.96,1.0379570400271292,0.6735040777411836,,,,2,10,Top,,,,,,,5.748855998065165,-119.19411411486767,-2.992482250654607,6.916744971787091,25.93811394835324,-40.85454463474545,3.46161756865335,1.55071577837113,,,,81.7,2097.0,6.4,744840,660688,608841,671277,545121,682928,695578,696285,657041,54.08,,,,,,,,78,2,Curveball,3,6,6,3,6,3,6,3,Standard,Standard,32.0,0.005,0.029,,,,,-0.029,,-3,3,0.088,0.912,29,30,30,30,1,4,2.0,1,1.0,1,4.4,-0.87,-0.87,40.5,,,,,,batter
CU,2024-07-01,81.7,-2.13,5.81,"Taylor, Tyrone",621438,640451,,called_strike,,,,,2.0,,R,R,R,WSH,NYM,S,,,0,0,2024,0.67,-0.95,0.2258883704403625,3.1421103462775903,,,,2,10,Top,,,,,,,4.014504793470911,-118.8368955127388,2.463053364782196,5.489046156347181,24.421847059047053,-41.88333459605301,3.4333653136788,1.60494520054059,,,,81.4,1935.0,6.3,744840,660688,608841,671277,545121,682928,695578,696285,657041,54.21,,,,,,,,78,1,Curveball,3,6,6,3,6,3,6,3,Standard,Standard,35.0,-0.008,-0.041,,,,,0.041,,-3,3,0.096,0.904,29,30,30,30,1,4,2.0,1,1.0,1,4.39,-0.67,-0.67,42.5,,,,,,batter
FC,2024-07-01,92.0,-0.87,6.5,"Taylor, Tyrone",621438,571882,field_error,hit_into_play,,,,,6.0,Tyrone Taylor reaches on a fielding error by shortstop CJ Abrams. Mark Vientos to 3rd.,R,R,R,WSH,NYM,X,6.0,ground_ball,3,2,2024,0.11,0.7,0.4363174349624442,2.5883798314207134,,,668901.0,2,6,Top,106.59,147.85,,,,,3.082485337153831,-133.89842206197957,-5.624701351642098,0.6420710738023098,29.44055990890486,-22.727098041752257,3.53,1.65,41.0,110.0,-2.0,92.4,2330.0,6.5,744840,660688,608841,545121,669222,682928,695578,696285,657041,53.97,0.45,0.405,0.9,1.0,0.0,0.0,4.0,44,9,Cutter,2,1,1,2,1,2,1,2,Standard,Standard,194.0,-0.039,0.368,,,,0.45,-0.368,110.0,1,-1,0.698,0.302,33,30,34,30,1,2,2.0,1,3.0,1,1.99,-0.11,-0.11,51.9,,,,,,batter
SL,2024-07-01,87.3,-0.86,6.53,"Taylor, Tyrone",621438,571882,,blocked_ball,,,,,14.0,,R,R,R,WSH,NYM,B,,,2,2,2024,0.06,0.24,0.808094006934464,-0.325115261331554,,,668901.0,2,6,Top,,,,,,,3.911745257590387,-126.8272470352804,-10.91155091327612,-0.1264443535985701,25.5718880548437,-27.56539470543257,3.52924278837218,1.59938378134937,,,,88.1,2361.0,6.8,744840,660688,608841,545121,669222,682928,695578,696285,657041,53.67,,,,,,,,44,8,Slider,2,1,1,2,1,2,1,2,Standard,Standard,328.0,-0.011,0.085,,,,,-0.085,,1,-1,0.709,0.291,33,30,34,30,1,2,2.0,1,3.0,1,2.76,-0.06,-0.06,52.0,,,,,,batter
FC,2024-07-01,92.3,-0.98,6.41,"Taylor, Tyrone",621438,571882,,ball,,,,,14.0,,R,R,R,WSH,NYM,B,,,1,2,2024,-0.03,0.72,1.3704004804330312,1.4156558202636893,,,668901.0,2,6,Top,,,,,,,6.065927364694858,-134.0944070393801,-8.499960464905339,-1.5868527461008837,28.343524491775536,-21.803221348295896,3.5589399404172,1.5745491366618,,,,93.0,2375.0,6.7,744840,660688,608841,545121,669222,682928,695578,696285,657041,53.78,,,,,,,,44,7,Cutter,2,1,1,2,1,2,1,2,Standard,Standard,197.0,-0.005,0.038,,,,,-0.038,,1,-1,0.714,0.286,33,30,34,30,1,2,2.0,1,3.0,1,1.96,0.03,0.03,50.3,,,,,,batter
CU,2024-07-01,80.3,-0.37,6.78,"Taylor, Tyrone",621438,571882,,foul,,,,,2.0,,R,R,R,WSH,NYM,S,,,1,2,2024,0.28,-0.49,0.1265647417649074,3.21689670315135,,,668901.0,2,6,Top,,,,,,,0.5650250111292062,-117.12924010311004,-0.354838938896877,2.514718780646079,20.02695922132045,-36.83833273410658,3.53,1.65,181.0,66.9,49.0,81.4,2260.0,6.7,744840,660688,608841,545121,669222,682928,695578,696285,657041,53.78,,,,,,,,44,6,Curveball,2,1,1,2,1,2,1,2,Standard,Standard,24.0,0.0,0.0,64.2,6.4,,,0.0,88.0,1,-1,0.714,0.286,33,30,34,30,1,2,2.0,1,3.0,1,3.98,-0.28,-0.28,68.9,-3.200309886601544,14.724394188762124,32.90282167039122,38.0084815825585,17.82722880421971,batter
SL,2024-07-01,86.2,-0.86,6.61,"Taylor, Tyrone",621438,571882,,foul,,,,,5.0,,R,R,R,WSH,NYM,S,,,1,2,2024,0.27,0.03,-0.1972327615168226,2.835718436245944,,,668901.0,2,6,Top,,,,,,,1.0210123702639715,-125.67927897137706,-2.90357205395974,2.7035378197105744,22.753346163571752,-31.48406252551667,3.53,1.65,79.0,77.9,83.0,87.0,2112.0,6.5,744840,660688,608841,545121,669222,682928,695578,696285,657041,54.04,,,,,,,,44,5,Slider,2,1,1,2,1,2,1,2,Standard,Standard,92.0,0.0,0.0,67.7,8.3,,,0.0,88.0,1,-1,0.714,0.286,33,30,34,30,1,2,2.0,1,3.0,1,3.0,-0.27,-0.27,56.8,14.844227989007337,-22.0768096608582,30.92486848015629,33.30368341122461,38.56164579081192,batter
SL,2024-07-01,87.1,-0.89,6.53,"Taylor, Tyrone",621438,571882,,foul,,,,,6.0,,R,R,R,WSH,NYM,S,,,1,2,2024,0.36,-0.27,0.8039960280285492,2.5125556662541704,,,668901.0,2,6,Top,,,,,,,3.363231582812106,-126.91617498156369,-2.967932531933294,3.1893919417498666,25.926187951053453,-34.68344745384335,3.53,1.65,4.0,68.1,-32.0,87.7,2241.0,6.6,744840,660688,608841,545121,669222,682928,695578,696285,657041,53.92,,,,,,,,44,4,Slider,2,1,1,2,1,2,1,2,Standard,Standard,46.0,0.0,0.0,73.6,8.4,,,0.0,88.0,1,-1,0.714,0.286,33,30,34,30,1,2,2.0,1,3.0,1,3.26,-0.36,-0.36,55.9,18.848439165058203,-19.129688218859336,27.74175072785565,45.28731345821208,41.30049356261733,batter
SL,2024-07-01,87.2,-0.88,6.52,"Taylor, Tyrone",621438,571882,,blocked_ball,,,,,14.0,,R,R,R,WSH,NYM,B,,,0,2,2024,0.17,-0.12,0.5282701103372522,0.2607779406765869,,,668901.0,2,6,Top,,,,,,,3.0729598155606714,-126.74835627703231,-8.651912790183578,1.1291614173883349,26.92213549312769,-31.841954182894938,3.51397906901181,1.56707771614306,,,,87.6,2250.0,6.7,744840,660688,608841,545121,669222,682928,695578,696285,657041,53.79,,,,,,,,44,3,Slider,2,1,1,2,1,2,1,2,Standard,Standard,148.0,-0.004,0.027,,,,,-0.027,,1,-1,0.718,0.282,33,30,34,30,1,2,2.0,1,3.0,1,3.13,-0.17,-0.17,56.0,,,,,,batter
FC,2024-07-01,89.8,-1.11,6.49,"Taylor, Tyrone",621438,571882,,foul,,,,,6.0,,R,R,R,WSH,NYM,S,,,0,1,2024,0.24,0.55,0.5544320714129939,2.806327388097304,,,668901.0,2,6,Top,,,,,,,3.627194815053586,-130.8086834315991,-4.314846946592255,1.9533345710494665,27.41854277486416,-25.1922872772634,3.53,1.65,,,,90.2,2352.0,6.5,744840,660688,608841,545121,669222,682928,695578,696285,657041,54.03,,,,,,,,44,2,Cutter,2,1,1,2,1,2,1,2,Standard,Standard,201.0,0.009,-0.054,67.7,7.8,,,0.054,,1,-1,0.709,0.291,33,30,34,30,1,2,2.0,1,3.0,1,2.27,-0.24,-0.24,46.9,20.81546030507265,-3.949063189633946,25.169627944815275,42.81441439741772,32.416777360152906,batter
FC,2024-07-01,92.0,-1.2,6.4,"Taylor, Tyrone",621438,571882,,called_strike,,,,,8.0,,R,R,R,WSH,NYM,S,,,0,0,2024,0.04,0.76,-0.1707845944871642,1.5643961008865046,,,668901.0,2,6,Top,,,,,,,2.546543561157867,-133.77628096869648,-8.120694083494582,-0.0868066193767752,27.803533981843465,-21.55985740960079,3.51151482268931,1.59184676822047,,,,92.6,2380.0,6.6,744840,660688,608841,545121,669222,682928,695578,696285,657041,53.9,,,,,,,,44,1,Cutter,2,1,1,2,1,2,1,2,Standard,Standard,192.0,0.006,-0.047,,,,,0.047,,1,-1,0.703,0.297,33,30,34,30,1,2,2.0,1,3.0,1,1.93,-0.04,-0.04,47.7,,,,,,batter
ST,2024-06-30,79.8,-2.46,4.43,"Taylor, Tyrone",621438,661527,field_out,hit_into_play,,,,,5.0,Tyrone Taylor flies out to center fielder Jake Meyers.,R,R,R,NYM,HOU,X,8.0,fly_ball,0,1,2024,1.01,0.6,0.1177851581459145,2.696604668720312,,668901.0,,2,6,Bot,130.56,117.39,,,,,3.8021824845860097,-116.23308413139094,1.818476285633042,8.456563538165017,21.790190047584904,-27.310227498277964,3.46,1.64,207.0,91.7,59.0,80.7,2491.0,6.9,745802,673237,572138,514888,608324,665161,643289,676694,663550,53.62,0.016,0.02,0.0,1.0,0.0,0.0,3.0,48,2,Sweeper,2,4,2,4,4,2,2,4,Infield shade,Standard,93.0,-0.041,-0.261,76.6,8.1,,0.027,0.261,91.7,-2,-2,0.226,0.226,29,30,30,30,1,1,1.0,1,2.0,1,2.97,-1.01,-1.01,14.3,14.996467450892611,-15.10170955164073,33.23970334823897,37.57306967449894,35.13633228197631,batter
SI,2024-06-30,90.8,-2.33,4.35,"Taylor, Tyrone",621438,661527,,called_strike,,,,,5.0,,R,R,R,NYM,HOU,S,,,0,0,2024,-0.95,0.12,-0.009704248892978,2.5690720186718896,,668901.0,,2,6,Bot,,,,,,,7.935343509457933,-132.06318228121216,1.1743739740715298,-12.6850218051127,25.168063289593324,-31.154846786752604,3.50840400646689,1.64740118489296,,,,92.2,2002.0,6.9,745802,673237,572138,514888,608324,665161,643289,676694,663550,53.58,,,,,,,,48,1,Sinker,2,4,2,4,4,2,2,4,Infield shade,Standard,234.0,-0.007,-0.04,,,,,0.04,,-2,-2,0.233,0.233,29,30,30,30,1,1,1.0,1,2.0,1,2.62,0.95,0.95,16.5,,,,,,batter
SL,2024-06-30,88.6,-0.39,5.97,"Taylor, Tyrone",621438,519151,field_out,hit_into_play,,,,,8.0,Tyrone Taylor lines out sharply to left fielder Chas McCormick.,R,R,R,NYM,HOU,X,7.0,line_drive,1,0,2024,0.43,0.41,0.0412504862940814,2.0777914852236137,,,,2,8,Bot,57.27,78.77,,,,,0.153114451798436,-129.14411090404752,-4.407983978852092,4.864353575629026,21.990377684240663,-26.98755578037251,3.46,1.64,342.0,108.6,17.0,89.1,2679.0,6.1,745802,673237,572138,643289,608324,665161,676801,676694,663550,54.39,0.485,0.7198,0.0,1.0,0.0,0.0,6.0,66,2,Slider,4,4,4,4,4,4,4,4,Standard,Standard,149.0,-0.028,-0.295,72.9,8.3,,1.286,0.295,108.6,0,0,0.528,0.528,35,30,36,30,1,2,1.0,1,4.0,1,2.45,-0.43,-0.43,62.1,14.091724684612943,-9.717001842618023,38.18815683536502,37.67411264605495,34.964857393961,batter
CU,2024-06-30,81.7,-0.49,5.88,"Taylor, Tyrone",621438,519151,,ball,,,,,14.0,,R,R,R,NYM,HOU,B,,,0,0,2024,1.55,-0.72,1.2907926106279513,2.3196387611890383,,,,2,8,Bot,,,,,,,1.01877208680081,-119.01249662733515,-0.0176527163617188,14.436926816313894,24.686177956947404,-39.17963163303269,3.3834169130556,1.61793761486637,,,,81.3,3287.0,6.1,745802,673237,572138,643289,608324,665161,676801,676694,663550,54.36,,,,,,,,66,1,Curveball,4,4,4,4,4,4,4,4,Standard,Standard,34.0,0.002,0.04,,,,,-0.04,,0,0,0.526,0.526,35,30,36,30,1,2,1.0,1,4.0,1,4.15,-1.55,-1.55,53.4,,,,,,batter
ST,2024-06-30,82.5,2.58,5.38,"Taylor, Tyrone",621438,687911,field_out,hit_into_play,,,,,7.0,Tyrone Taylor pops out to first baseman Jon Singleton in foul territory.,R,R,L,NYM,HOU,X,3.0,popup,0,0,2024,-1.01,0.34,-0.4890963493237926,2.000085576335759,,624413.0,668901.0,2,4,Bot,161.15,186.01,,,,,-5.066190967152255,-120.08700308712056,-1.8834523685237547,-8.883260360462621,21.983996719952916,-28.718816078116053,3.46,1.64,64.0,84.8,81.0,83.7,2417.0,6.9,745802,673237,572138,514888,608324,665161,643289,676694,663550,53.58,0.008,0.009,0.0,1.0,0.0,0.0,3.0,32,1,Sweeper,0,3,0,3,3,0,0,3,Infield shade,Standard,282.0,-0.047,-0.279,73.3,8.8,,0.012,0.279,88.0,-3,-3,0.211,0.211,27,30,28,30,1,0,2.0,1,3.0,1,2.99,-1.01,1.01,36.0,23.33539198545646,-22.17223533712203,40.230212486648426,31.6338023451872,39.95980781395453,batter
SL,2024-06-30,85.1,-2.32,5.32,"Taylor, Tyrone",621438,664351,field_out,hit_into_play,,,,,1.0,Tyrone Taylor pops out softly to third baseman Alex Bregman.,R,R,R,NYM,HOU,X,5.0,popup,2,2,2024,0.47,0.66,-0.804986861473836,3.114652259627635,,668901.0,,0,11,Bot,111.43,159.34,,,,,2.653507664927621,-124.02153327829288,-0.1951191785945665,4.315305276695101,25.139711006275967,-25.51184114967436,3.46,1.64,112.0,54.4,61.0,86.4,2449.0,7.1,745802,673237,694388,643289,608324,665161,676801,676694,663550,53.4,0.001,0.0,0.0,1.0,0.0,0.0,1.0,89,7,Slider,5,10,5,10,10,5,5,10,Standard,Standard,114.0,-0.011,-0.248,66.4,7.4,,0.001,0.248,88.0,-5,-5,0.019,0.019,28,30,28,30,1,3,2.0,1,2.0,1,2.48,-0.47,-0.47,47.0,7.089966197445031,-10.613200736342764,31.5925686800492,27.440120968575823,31.617810664943818,batter
SL,2024-06-30,87.4,-2.18,5.39,"Taylor, Tyrone",621438,664351,,ball,,,,,12.0,,R,R,R,NYM,HOU,B,,,1,2,2024,0.46,0.5,0.8855098671604981,4.06484484869603,,668901.0,,0,11,Bot,,,,,,,6.528900168858479,-127.07461230219944,1.9886941887316048,3.6088279627859223,26.355472129741653,-27.418192078543843,3.4472978716985,1.57372287618826,,,,88.5,2362.0,7.0,745802,673237,694388,643289,608324,665161,676801,676694,663550,53.46,,,,,,,,89,6,Slider,5,10,5,10,10,5,5,10,Standard,Standard,136.0,0.002,0.054,,,,,-0.054,,-5,-5,0.017,0.017,28,30,28,30,1,3,2.0,1,2.0,1,2.49,-0.46,-0.46,53.3,,,,,,batter
ST,2024-06-30,80.2,-2.54,5.23,"Taylor, Tyrone",621438,664351,,foul,,,,,11.0,,R,R,R,NYM,HOU,S,,,1,2,2024,1.49,0.24,-0.2676642874425723,3.632162412163295,,668901.0,,0,11,Bot,,,,,,,2.2287381101914083,-116.70403583832648,2.8076063436442364,13.09975432066125,23.531919146324416,-30.784242648517157,3.46,1.64,162.0,62.3,41.0,81.2,2504.0,7.1,745802,673237,694388,643289,608324,665161,676801,676694,663550,53.39,,,,,,,,89,5,Sweeper,5,10,5,10,10,5,5,10,Standard,Standard,70.0,0.0,0.0,66.3,6.7,,,0.0,88.0,-5,-5,0.017,0.017,28,30,28,30,1,3,2.0,1,2.0,1,3.32,-1.49,-1.49,47.0,6.805299951223814,-2.3381995907426822,26.36711176287004,33.61652233327769,30.31939051267242,batter
FF,2024-06-30,92.6,-2.33,5.33,"Taylor, Tyrone",621438,664351,,foul,,,,,2.0,,R,R,R,NYM,HOU,S,,,1,2,2024,-0.14,1.51,-0.2685609016681415,3.3121096215570365,,668901.0,,0,11,Bot,,,,,,,5.670461488737525,-134.76469802376954,-2.7282608963089867,-2.939089937779032,27.90343690823013,-13.276862836206456,3.46,1.64,210.0,72.9,25.0,94.3,2544.0,7.2,745802,673237,694388,643289,608324,665161,676801,676694,663550,53.3,,,,,,,,89,4,4-Seam Fastball,5,10,5,10,10,5,5,10,Standard,Standard,196.0,0.0,0.0,63.5,5.7,,,0.0,88.0,-5,-5,0.017,0.017,28,30,28,30,1,3,2.0,1,2.0,1,1.13,0.14,0.14,49.9,-8.361529436752855,24.33462212443167,33.71864022824128,33.8983133503386,18.38525519233129,batter
ST,2024-06-30,78.1,-2.5,5.29,"Taylor, Tyrone",621438,664351,,foul,,,,,5.0,,R,R,R,NYM,HOU,S,,,1,1,2024,1.7,0.1,0.1775735490777354,2.4568495929970173,,668901.0,,0,11,Bot,,,,,,,2.649201471499818,-113.71010704257628,0.6779502124034913,14.13335594346681,22.88685821105581,-31.673803066631784,3.46,1.64,4.0,26.5,-29.0,78.7,2529.0,6.9,745802,673237,694388,643289,608324,665161,676801,676694,663550,53.59,,,,,,,,89,3,Sweeper,5,10,5,10,10,5,5,10,Standard,Standard,65.0,-0.003,-0.073,71.2,8.3,,,0.073,88.0,-5,-5,0.02,0.02,28,30,28,30,1,3,2.0,1,2.0,1,3.66,-1.7,-1.7,44.7,25.477400915620265,-30.231124862094944,31.805533452279207,37.584190002520245,50.650709648302616,batter
SL,2024-06-30,88.9,-2.4,5.3,"Taylor, Tyrone",621438,664351,,ball,,,,,14.0,,R,R,R,NYM,HOU,B,,,0,1,2024,0.38,0.66,1.8594372450525625,2.4745676999199717,,668901.0,,0,11,Bot,,,,,,,9.768877741405577,-129.16056488483633,-2.247915602838485,2.0957872716990726,27.778383082264742,-24.506653142827407,3.51356954556472,1.5762528350992,,,,89.9,2468.0,7.1,745802,673237,694388,643289,608324,665161,676801,676694,663550,53.41,,,,,,,,89,2,Slider,5,10,5,10,10,5,5,10,Standard,Standard,175.0,0.001,0.036,,,,,-0.036,,-5,-5,0.019,0.019,28,30,28,30,1,3,2.0,1,2.0,1,2.24,-0.38,-0.38,49.1,,,,,,batter
ST,2024-06-30,76.9,-2.55,5.29,"Taylor, Tyrone",621438,664351,,called_strike,,,,,11.0,,R,R,R,NYM,HOU,S,,,0,0,2024,1.75,-0.05,-0.8337332750801927,3.111069997119784,,668901.0,,0,11,Bot,,,,,,,0.4522757034021891,-111.83284598557616,2.5696319102630536,14.485006852170494,22.75520964885813,-33.3235137594728,3.3891409616521,1.51530019911366,,,,77.1,2543.0,6.7,745802,673237,694388,643289,608324,665161,676801,676694,663550,53.76,,,,,,,,89,1,Sweeper,5,10,5,10,10,5,5,10,Standard,Standard,59.0,-0.002,-0.035,,,,,0.035,,-5,-5,0.021,0.021,28,30,28,30,1,3,2.0,1,2.0,1,3.95,-1.75,-1.75,44.0,,,,,,batter
CU,2024-06-29,78.7,0.55,5.83,"Taylor, Tyrone",621438,664285,field_out,hit_into_play,,,,,5.0,Tyrone Taylor flies out to right fielder Mauricio Dubón.,R,R,L,NYM,HOU,X,9.0,fly_ball,0,1,2024,-0.53,-1.18,0.1365465237811099,2.323865294409237,,,,0,5,Bot,176.07,84.33,,,,,0.0813127076869532,-114.62749341748383,1.3726334907040298,-4.7240425629229135,20.771875913962795,-43.08772223258016,3.46,1.64,310.0,96.2,38.0,78.4,2735.0,6.0,745801,663967,572138,514888,608324,665161,670541,676694,643289,54.53,0.082,0.162,0.0,1.0,0.0,0.0,3.0,47,2,Curveball,6,4,6,4,4,6,6,4,Standard,Standard,321.0,-0.013,-0.217,73.8,7.5,,0.307,0.217,96.2,2,2,0.81,0.81,30,30,31,30,3,2,6.0,1,5.0,1,4.85,-0.53,0.53,41.3,7.192684081688756,2.164749511180021,37.67774947489408,37.85553941397503,29.29428777113224,batter
SI,2024-06-29,93.5,0.54,6.1,"Taylor, Tyrone",621438,664285,,foul,,,,,2.0,,R,R,L,NYM,HOU,S,,,0,0,2024,1.51,0.79,0.0182493065865196,3.1750267371646954,,,,0,5,Bot,,,,,,,-4.670563682557491,-136.04402840698404,-3.523532960890983,19.83948982248391,29.71339811146463,-21.81998878384988,3.46,1.64,228.0,71.8,35.0,93.1,2145.0,6.1,745801,663967,572138,514888,608324,665161,670541,676694,643289,54.43,,,,,,,,47,1,Sinker,6,4,6,4,4,6,6,4,Standard,Standard,135.0,-0.002,-0.037,71.0,7.0,,,0.037,88.0,2,2,0.812,0.812,30,30,31,30,3,2,6.0,1,5.0,1,1.82,1.51,-1.51,44.5,2.645376912289548,6.219635108474137,31.659717796993,36.40072319170897,23.77488335725091,batter
CH,2024-06-29,88.4,0.85,5.87,"Taylor, Tyrone",621438,664285,field_out,hit_into_play,,,,,9.0,"Tyrone Taylor grounds out, shortstop Jeremy Peña to first baseman Jon Singleton.",R,R,L,NYM,HOU,X,6.0,ground_ball,2,2,2024,1.06,0.0,0.5314916219954763,2.1084396654670914,,,,0,3,Bot,107.61,148.35,,,,,-2.964242535790569,-128.6359856652689,-3.022254769480917,12.334592371138248,29.28052761685384,-31.67963275208568,3.46,1.64,42.0,106.5,-1.0,87.4,1624.0,5.9,745801,663967,572138,514888,608324,665161,670541,676694,643289,54.63,0.484,0.436,0.0,1.0,0.0,0.0,4.0,26,5,Changeup,5,1,5,1,1,5,5,1,Standard,Standard,115.0,-0.007,-0.227,72.3,7.7,,0.502,0.227,106.5,4,4,0.893,0.893,30,30,31,30,2,1,6.0,1,5.0,1,2.94,1.06,-1.06,38.0,5.76223464398767,6.105405166560019,35.34381236497383,41.43205701522357,27.28309856166273,batter
CH,2024-06-29,88.8,0.57,5.79,"Taylor, Tyrone",621438,664285,,ball,,,,,13.0,,R,R,L,NYM,HOU,B,,,1,2,2024,1.33,0.61,-0.2757435959345777,0.0407133138189153,,,,0,3,Bot,,,,,,,-4.817313620676474,-128.98350894913733,-9.162459377733088,15.81879422207625,28.399791383364207,-23.60106170771175,3.65294390314957,1.59961006850639,,,,87.8,1659.0,5.9,745801,663967,572138,514888,608324,665161,670541,676694,643289,54.58,,,,,,,,26,4,Changeup,5,1,5,1,1,5,5,1,Standard,Standard,124.0,0.001,0.04,,,,,-0.04,,4,4,0.892,0.892,30,30,31,30,2,1,6.0,1,5.0,1,2.31,1.33,-1.33,42.5,,,,,,batter
CU,2024-06-29,77.2,0.81,6.03,"Taylor, Tyrone",621438,664285,,called_strike,,,,,6.0,,R,R,L,NYM,HOU,S,,,1,1,2024,-0.82,-1.39,0.7643426994660922,2.5735983119658803,,,,0,3,Bot,,,,,,,1.3802659038626603,-112.23201773426462,2.202692847047308,-7.116514392913153,23.2381859046827,-44.492370268278215,3.61168427812601,1.55880227185295,,,,76.0,2965.0,5.8,745801,663967,572138,514888,608324,665161,670541,676694,643289,54.73,,,,,,,,26,3,Curveball,5,1,5,1,1,5,5,1,Standard,Standard,325.0,-0.002,-0.056,,,,,0.056,,4,4,0.894,0.894,30,30,31,30,2,1,6.0,1,5.0,1,5.27,-0.82,0.82,47.7,,,,,,batter
SI,2024-06-29,90.0,1.03,5.63,"Taylor, Tyrone",621438,664285,,called_strike,,,,,7.0,,R,R,L,NYM,HOU,S,,,1,0,2024,1.62,0.22,-0.7513499005235731,1.8618588300697323,,,,0,3,Bot,,,,,,,-7.775576653136921,-130.74203304852867,-3.7830033500479656,20.24742449628721,28.3226895267703,-29.01461723654704,3.63965229208153,1.64940330873645,,,,89.0,2146.0,5.8,745801,663967,572138,514888,608324,665161,670541,676694,643289,54.68,,,,,,,,26,2,Sinker,5,1,5,1,1,5,5,1,Standard,Standard,119.0,-0.001,-0.049,,,,,0.049,,4,4,0.895,0.895,30,30,31,30,2,1,6.0,1,5.0,1,2.61,1.62,-1.62,31.6,,,,,,batter
CH,2024-06-29,84.8,1.17,5.56,"Taylor, Tyrone",621438,664285,,ball,,,,,13.0,,R,R,L,NYM,HOU,B,,,0,0,2024,1.13,0.18,-1.213707234239829,1.3229159478516102,,,,0,3,Bot,,,,,,,-7.738676355543236,-123.31713403175056,-3.874838012448972,13.055562749087278,24.71773909812841,-29.779519211700105,3.60887419643323,1.64991105747187,,,,84.0,1602.0,5.8,745801,663967,572138,514888,608324,665161,670541,676694,643289,54.71,,,,,,,,26,1,Changeup,5,1,5,1,1,5,5,1,Standard,Standard,108.0,0.001,0.038,,,,,-0.038,,4,4,0.894,0.894,30,30,31,30,2,1,6.0,1,5.0,1,3.0,1.13,-1.13,32.2,,,,,,batter
SI,2024-06-29,94.4,0.4,5.96,"Taylor, Tyrone",621438,664285,walk,ball,,,,,13.0,Tyrone Taylor walks.,R,R,L,NYM,HOU,B,,,3,2,2024,1.33,0.82,-0.9585257462830272,2.0261092683074744,,,,0,2,Bot,,,,,,,-6.455480004283271,-137.32421488024335,-6.373079860915573,18.206729350853188,29.05257359595278,-20.54464282135462,3.60653175484896,1.52324317497693,,,,94.2,2118.0,6.1,745801,663967,572138,514888,608324,665161,670541,676694,643289,54.42,,0.689131,0.7,1.0,0.0,0.0,,13,8,Sinker,0,1,0,1,1,0,0,1,Standard,Standard,131.0,0.035,0.371,,,,,-0.371,,-1,-1,0.449,0.449,30,30,31,30,1,0,6.0,1,5.0,1,1.73,1.33,-1.33,44.0,,,,,,batter
CU,2024-06-29,81.2,0.74,5.87,"Taylor, Tyrone",621438,664285,,ball,,,,,13.0,,R,R,L,NYM,HOU,B,,,2,2,2024,-0.82,-1.33,-0.1622570257453671,0.7946690042384583,,,,0,2,Bot,,,,,,,-0.4484632208609814,-118.17240883482933,-2.108011127690804,-7.480781848254622,25.109894181181648,-44.334242289047324,3.60600045186548,1.61764741293595,,,,80.4,2929.0,6.0,745801,663967,572138,514888,608324,665161,670541,676694,643289,54.54,,,,,,,,13,7,Curveball,0,1,0,1,1,0,0,1,Standard,Standard,327.0,0.01,0.107,,,,,-0.107,,-1,-1,0.439,0.439,30,30,31,30,1,0,6.0,1,5.0,1,4.82,-0.82,0.82,44.3,,,,,,batter
CH,2024-06-29,88.2,1.07,5.7,"Taylor, Tyrone",621438,664285,,ball,,,,,12.0,,R,R,L,NYM,HOU,B,,,1,2,2024,0.69,-0.1,1.8537782498335589,3.1250423613415346,,,,0,2,Bot,,,,,,,0.4581092751292477,-128.6521496315801,-0.0430050553347653,7.658438230039807,24.02078247059984,-33.46836888716774,3.65650093088998,1.5735036911349,,,,88.6,1646.0,6.2,745801,663967,572138,514888,608324,665161,670541,676694,643289,54.32,,,,,,,,13,6,Changeup,0,1,0,1,1,0,0,1,Standard,Standard,116.0,0.004,0.04,,,,,-0.04,,-1,-1,0.435,0.435,30,30,31,30,1,0,6.0,1,5.0,1,2.99,0.69,-0.69,34.9,,,,,,batter
SI,2024-06-29,97.2,0.4,6.14,"Taylor, Tyrone",621438,664285,,foul,,,,,12.0,,R,R,L,NYM,HOU,S,,,1,2,2024,1.44,0.45,0.5807433192488893,3.6890469536149184,,,,0,2,Bot,,,,,,,-2.786676103190362,-141.52707597535544,-2.053461751744896,19.923745377335354,32.81181029655869,-25.897059187661142,3.46,1.64,224.0,80.8,22.0,96.5,2184.0,5.9,745801,663967,572138,514888,608324,665161,670541,676694,643289,54.62,,,,,,,,13,5,Sinker,0,1,0,1,1,0,0,1,Standard,Standard,157.0,0.0,0.0,65.1,6.5,,,0.0,88.0,-1,-1,0.435,0.435,30,30,31,30,1,0,6.0,1,5.0,1,1.96,1.44,-1.44,46.1,-2.2102130637111754,26.24120962937074,24.3823007414385,42.10959518692077,11.686578319784914,batter
CU,2024-06-29,81.1,0.62,6.01,"Taylor, Tyrone",621438,664285,,foul,,,,,6.0,,R,R,L,NYM,HOU,S,,,1,2,2024,-0.72,-1.21,0.8049394144915002,2.8343819033349247,,,,0,2,Bot,,,,,,,1.7524650816955225,-117.9927478182128,1.867902414430069,-7.034286568635675,25.09862117708224,-44.01170309738389,3.46,1.64,270.0,89.5,40.0,79.7,3005.0,5.6,745801,663967,572138,514888,608324,665161,670541,676694,643289,54.91,,,,,,,,13,4,Curveball,0,1,0,1,1,0,0,1,Standard,Standard,326.0,0.0,0.0,70.4,7.2,,,0.0,89.5,-1,-1,0.435,0.435,30,30,31,30,1,0,6.0,1,5.0,1,4.71,-0.72,0.72,44.4,4.382682771625714,14.45112981386438,32.23840585484303,43.74155301324515,22.61909582982379,batter
SI,2024-06-29,95.0,0.51,6.09,"Taylor, Tyrone",621438,664285,,called_strike,,,,,2.0,,R,R,L,NYM,HOU,S,,,1,1,2024,1.39,0.72,-0.232409248821569,3.136917113225157,,,,0,2,Bot,,,,,,,-5.0110752593070655,-138.2475290481633,-3.632661596166575,18.91595814095918,32.51520909363079,-22.3724965621856,3.54413346240361,1.6274140513849,,,,94.0,2226.0,5.8,745801,663967,572138,514888,608324,665161,670541,676694,643289,54.67,,,,,,,,13,3,Sinker,0,1,0,1,1,0,0,1,Standard,Standard,153.0,-0.007,-0.056,,,,,0.056,,-1,-1,0.442,0.442,30,30,31,30,1,0,6.0,1,5.0,1,1.82,1.39,-1.39,43.3,,,,,,batter
CU,2024-06-29,78.8,0.86,6.07,"Taylor, Tyrone",621438,664285,,ball,,,,,12.0,,R,R,L,NYM,HOU,B,,,0,1,2024,-0.76,-1.15,1.172396220743582,3.3900523992682885,,,,0,2,Bot,,,,,,,2.07500547333708,-114.61885041631578,3.1912545256704643,-7.101174031558764,25.186249167421344,-43.08766930315928,3.52845025458753,1.54872731519088,,,,77.2,2956.0,5.6,745801,663967,572138,514888,608324,665161,670541,676694,643289,54.87,,,,,,,,13,2,Curveball,0,1,0,1,1,0,0,1,Standard,Standard,324.0,0.003,0.025,,,,,-0.025,,-1,-1,0.439,0.439,30,30,31,30,1,0,6.0,1,5.0,1,4.88,-0.76,0.76,44.3,,,,,,batter
CU,2024-06-29,78.9,0.99,5.9,"Taylor, Tyrone",621438,664285,,called_strike,,,,,6.0,,R,R,L,NYM,HOU,S,,,0,0,2024,-0.4,-1.02,0.2978252955126274,2.309952231972143,,,,0,2,Bot,,,,,,,-0.7447881546967262,-114.79482917773562,0.9357281614171852,-3.374169215223673,23.4371344265082,-41.54559936230964,3.5383588188834,1.65287253707137,,,,77.8,2775.0,5.7,745801,663967,572138,514888,608324,665161,670541,676694,643289,54.79,,,,,,,,13,1,Curveball,0,1,0,1,1,0,0,1,Standard,Standard,322.0,-0.004,-0.037,,,,,0.037,,-1,-1,0.443,0.443,30,30,31,30,1,0,6.0,1,5.0,1,4.71,-0.4,0.4,40.7,,,,,,batter
ST,2024-06-29,80.8,-2.47,4.41,"Taylor, Tyrone",621438,661527,strikeout,swinging_strike,,,,,14.0,Tyrone Taylor strikes out swinging.,R,R,R,NYM,HOU,S,2.0,,2,2,2024,0.91,0.95,1.233676419253377,1.8770445177609936,,,,1,7,Bot,,,,,,,6.593978558271575,-117.54856328452324,-0.8005470223252584,7.179428421362111,22.54084836151258,-23.3980098636516,3.46,1.64,,,,81.8,2239.0,7.0,745801,663967,572138,514888,608324,665161,670541,676694,643289,53.5,,0.0,0.0,1.0,0.0,0.0,,64,5,Sweeper,6,4,6,4,4,6,6,4,Standard,Standard,114.0,-0.007,-0.225,61.4,8.6,3.30246522,,0.225,,2,2,0.875,0.875,29,30,30,30,1,3,4.0,1,1.0,1,2.54,-0.91,-0.91,13.0,24.694194871871165,-21.29107111611382,37.18275359684423,49.8627514233657,46.17034707081437,batter
ST,2024-06-29,78.2,-2.58,4.44,"Taylor, Tyrone",621438,661527,,foul,,,,,5.0,,R,R,R,NYM,HOU,S,,,2,1,2024,1.31,0.64,-0.0434489921987595,2.7559063335320566,,,,1,7,Bot,,,,,,,3.0743542599266416,-113.8318253689924,2.119474106103187,10.798265810168466,21.41944486832683,-27.27782563382685,3.46,1.64,300.0,87.0,31.0,79.0,2442.0,6.9,745801,663967,572138,514888,608324,665161,670541,676694,643289,53.6,,,,,,,,64,4,Sweeper,6,4,6,4,4,6,6,4,Standard,Standard,101.0,-0.002,-0.078,74.4,8.4,,,0.078,88.0,2,2,0.877,0.877,29,30,30,30,1,3,4.0,1,1.0,1,3.1,-1.31,-1.31,12.8,23.1793414664768,-28.267153646565088,31.453526801796407,34.648085230609695,48.25709356033638,batter
SI,2024-06-29,89.8,-2.31,4.39,"Taylor, Tyrone",621438,661527,,ball,,,,,13.0,,R,R,R,NYM,HOU,B,,,1,1,2024,-1.25,-0.07,-1.32511433901706,2.286939005937126,,,,1,7,Bot,,,,,,,5.18294765831756,-130.75327925211533,0.969053689398296,-15.474474501072526,27.948299440695333,-33.439172140869964,3.49734253718174,1.55599148985389,,,,91.2,1876.0,7.1,745801,663967,572138,514888,608324,665161,670541,676694,643289,53.39,,,,,,,,64,3,Sinker,6,4,6,4,4,6,6,4,Standard,Standard,234.0,0.001,0.059,,,,,-0.059,,2,2,0.876,0.876,29,30,30,30,1,3,4.0,1,1.0,1,2.9,1.25,1.25,13.0,,,,,,batter
SI,2024-06-29,89.8,-2.15,4.21,"Taylor, Tyrone",621438,661527,,ball,,,,,14.0,,R,R,R,NYM,HOU,B,,,0,1,2024,-1.19,-0.19,0.016191136098814,1.0249074137831309,,,,1,7,Bot,,,,,,,8.025313372474097,-130.53927981465475,-1.48220162743383,-15.363775465684723,28.14521854600894,-34.252097773804664,3.50242781086141,1.59208731171103,,,,91.2,1861.0,7.2,745801,663967,572138,514888,608324,665161,670541,676694,643289,53.25,,,,,,,,64,2,Sinker,6,4,6,4,4,6,6,4,Standard,Standard,254.0,0.001,0.024,,,,,-0.024,,2,2,0.875,0.875,29,30,30,30,1,3,4.0,1,1.0,1,3.03,1.19,1.19,11.7,,,,,,batter
ST,2024-06-29,80.0,-2.51,4.53,"Taylor, Tyrone",621438,661527,,called_strike,,,,,5.0,,R,R,R,NYM,HOU,S,,,0,0,2024,0.89,0.92,0.1629350691264928,2.355171642544441,,,,1,7,Bot,,,,,,,4.262609125640533,-116.44412994127146,0.1917054832444695,7.26477238167088,21.740360335662523,-24.07165458776792,3.43944256705046,1.46653544391268,,,,80.8,2476.0,6.8,745801,663967,572138,514888,608324,665161,670541,676694,643289,53.69,,,,,,,,64,1,Sweeper,6,4,6,4,4,6,6,4,Standard,Standard,101.0,-0.001,-0.037,,,,,0.037,,2,2,0.876,0.876,29,30,30,30,1,3,4.0,1,1.0,1,2.64,-0.89,-0.89,14.0,,,,,,batter
CU,2024-06-28,77.2,-0.86,6.14,"Taylor, Tyrone",621438,669854,field_out,hit_into_play,,,,,9.0,"Tyrone Taylor grounds out, third baseman Alex Bregman to first baseman Jon Singleton.",R,R,R,NYM,HOU,X,5.0,ground_ball,0,0,2024,0.76,-0.66,0.4460508398165854,2.127509238835882,,682626.0,,1,6,Bot,107.61,170.73,,,,,1.4041750905148032,-112.3634737012774,-0.2599039084026566,6.069922626795216,23.50499551895326,-37.87636179526616,3.41,1.63,4.0,91.7,-29.0,77.4,2151.0,6.7,745804,673237,572138,514888,608324,665161,643289,676694,694388,53.75,0.074,0.067,0.0,1.0,0.0,0.0,2.0,52,1,Curveball,3,2,3,2,2,3,3,2,Infield shade,Standard,24.0,-0.033,-0.259,71.5,7.7,,0.078,0.259,91.7,1,1,0.76,0.76,30,30,31,30,3,2,6.0,2,5.0,1,4.53,-0.76,-0.76,53.0,11.057083974847174,-2.5893116067421404,32.61480887865345,41.08233863483652,34.385881041058305,batter
FF,2024-06-28,92.1,-0.9,6.05,"Taylor, Tyrone",621438,669854,home_run,hit_into_play,,,,,6.0,Tyrone Taylor homers (4) on a fly ball to right center field.,R,R,R,NYM,HOU,X,,fly_ball,0,0,2024,-0.43,1.64,0.3291431844786082,2.5725631121447257,,,,1,4,Bot,181.14,50.92,,,,,4.076952009286442,-133.973117752389,-6.626493027919292,-5.999651394036835,28.40043920061797,-11.138469121417938,3.41,1.63,391.0,101.7,29.0,92.9,2206.0,6.8,745804,673237,643289,514888,608324,665161,694388,676694,676801,53.74,0.619,1.2136304347826088,2.0,1.0,0.0,3.0,6.0,35,1,4-Seam Fastball,1,2,1,2,2,2,2,2,Infield shade,Standard,203.0,0.135,1.583,70.4,7.3,,2.377,-1.583,101.7,-1,-1,0.398,0.398,30,30,31,30,2,1,6.0,2,5.0,1,1.04,0.43,0.43,49.7,5.611900364700427,3.344546987336778,36.30524655619505,40.376492428519335,29.8658162738598,batter
SI,2024-06-28,94.3,-1.79,5.06,"Taylor, Tyrone",621438,606160,field_out,hit_into_play,,,,,13.0,Tyrone Taylor flies out to center fielder Jake Meyers.,R,R,R,NYM,HOU,X,8.0,fly_ball,0,1,2024,-1.23,0.95,-1.0250998782009133,2.189206258857788,596019.0,502110.0,682626.0,2,7,Bot,83.22,57.0,,,,,4.720376944088764,-137.27211818546257,-3.884573230375895,-16.663645064106092,29.690845766163143,-19.542674045213406,3.41,1.63,366.0,97.2,35.0,94.1,2345.0,6.1,745804,673237,572138,514888,608324,665161,643289,676694,694388,54.41,0.225,0.44075,0.0,1.0,0.0,0.0,3.0,67,2,Sinker,6,2,6,2,2,6,6,2,Standard,Standard,218.0,-0.008,-0.231,73.2,7.3,,0.865,0.231,97.2,4,4,0.972,0.972,33,30,34,30,1,3,7.0,2,3.0,1,1.61,1.23,1.23,36.0,8.259287506912857,-10.836134879858806,46.8139571737641,23.524480881803733,33.438514228842614,batter
SI,2024-06-28,94.6,-1.89,5.08,"Taylor, Tyrone",621438,606160,,called_strike,,,,,7.0,,R,R,R,NYM,HOU,S,,,0,0,2024,-1.33,1.03,-0.5142649398931487,2.059591773173069,596019.0,502110.0,682626.0,2,7,Bot,,,,,,,6.51381454723831,-137.5920356565941,-4.480807433228628,-18.362453100005126,28.926486771163106,-18.297435552671168,3.56371508783607,1.75343923870559,,,,94.2,2395.0,6.0,745804,673237,572138,514888,608324,665161,643289,676694,694388,54.53,,,,,,,,67,1,Sinker,6,2,6,2,2,6,6,2,Standard,Standard,210.0,-0.001,-0.044,,,,,0.044,,4,4,0.973,0.973,33,30,34,30,1,3,7.0,2,3.0,1,1.51,1.33,1.33,34.5,,,,,,batter
CH,2024-06-28,85.3,-0.6,5.98,"Taylor, Tyrone",621438,669854,field_out,hit_into_play,,,,,9.0,Tyrone Taylor lines out to shortstop Jeremy Peña.,R,R,R,NYM,HOU,X,6.0,line_drive,0,2,2024,-1.04,0.36,0.725179410916386,1.6051317874632525,,607043.0,502110.0,2,1,Bot,102.53,152.42,,,,,5.2472501891132906,-124.026925048773,-4.707507438427519,-11.763747903228609,26.001747220957345,-27.694954373874644,3.41,1.63,154.0,102.4,7.0,85.6,1455.0,6.7,745804,673237,643289,514888,608324,665161,694388,676694,676801,53.84,0.668,0.616,0.0,1.0,0.0,0.0,4.0,13,5,Changeup,1,1,1,1,1,1,1,1,Infield shade,Standard,240.0,-0.026,-0.185,67.2,8.1,,0.746,0.185,102.4,0,0,0.526,0.526,30,30,31,30,1,0,6.0,2,5.0,1,2.79,1.04,1.04,49.4,6.552708304792295,-1.0726552506573366,40.56213349584007,44.147868195756,31.621709329440183,batter
SL,2024-06-28,86.3,-1.01,5.89,"Taylor, Tyrone",621438,669854,,foul,,,,,14.0,,R,R,R,NYM,HOU,S,,,0,2,2024,0.18,0.45,1.36861627408744,1.7819472845876616,,607043.0,502110.0,2,1,Bot,,,,,,,5.339470309334351,-125.61667551864112,-4.489145138430792,0.8475512442227213,25.03043190411516,-26.739110660329867,3.41,1.63,10.0,66.6,-9.0,86.9,2050.0,6.6,745804,673237,643289,514888,608324,665161,694388,676694,676801,53.86,,,,,,,,13,4,Slider,1,1,1,1,1,1,1,1,Infield shade,Standard,194.0,0.0,0.0,67.1,8.1,,,0.0,88.0,0,0,0.526,0.526,30,30,31,30,1,0,6.0,2,5.0,1,2.61,-0.18,-0.18,44.2,9.694961960717857,0.8729562418437138,35.48313315960397,52.2398186123457,28.95629094914428,batter
CH,2024-06-28,85.2,-0.74,6.0,"Taylor, Tyrone",621438,669854,,foul,,,,,6.0,,R,R,R,NYM,HOU,S,,,0,2,2024,-0.99,0.29,0.760663803275234,2.356541164571491,,607043.0,502110.0,2,1,Bot,,,,,,,5.54317481605049,-123.96602090940196,-2.832832528166625,-11.367016047653346,25.07177501368875,-28.83911441486447,3.41,1.63,,,,85.5,1427.0,6.5,745804,673237,643289,514888,608324,665161,694388,676694,676801,53.99,,,,,,,,13,3,Changeup,1,1,1,1,1,1,1,1,Infield shade,Standard,240.0,0.0,0.0,67.7,7.9,,,0.0,,0,0,0.526,0.526,30,30,31,30,1,0,6.0,2,5.0,1,2.86,0.99,0.99,47.6,6.92693040155002,-1.561991133450757,34.335239555116246,45.20891059815899,26.917862870456084,batter
SL,2024-06-28,85.1,-1.16,5.93,"Taylor, Tyrone",621438,669854,,foul,,,,,5.0,,R,R,R,NYM,HOU,S,,,0,1,2024,0.3,0.4,0.1828158839853489,2.7865626922993143,,607043.0,502110.0,2,1,Bot,,,,,,,2.5543818101510727,-123.97918740550674,-1.8472974616080575,2.576102814154224,25.86404992831259,-27.93388207438719,3.41,1.63,165.0,106.8,10.0,85.6,1979.0,6.7,745804,673237,643289,514888,608324,665161,694388,676694,676801,53.83,,,,,,,,13,2,Slider,1,1,1,1,1,1,1,1,Infield shade,Standard,193.0,-0.011,-0.046,72.6,8.5,,,0.046,106.8,0,0,0.537,0.537,30,30,31,30,1,0,6.0,2,5.0,1,2.75,-0.3,-0.3,44.9,19.360042662586785,-18.22217252471409,29.28588093982181,37.61939021330015,39.59763648135024,batter
CU,2024-06-28,80.3,-1.05,6.04,"Taylor, Tyrone",621438,669854,,called_strike,,,,,5.0,,R,R,R,NYM,HOU,S,,,0,0,2024,0.76,-0.02,-0.2051309992799808,2.7069909912886074,,607043.0,502110.0,2,1,Bot,,,,,,,0.4312394056564123,-116.9370360219676,-0.6377436402116964,6.890454398281611,22.667142760937416,-32.4157800292884,3.58609112294031,1.80573389882692,,,,80.7,2243.0,6.6,745804,673237,643289,514888,608324,665161,694388,676694,676801,53.94,,,,,,,,13,1,Curveball,1,1,1,1,1,1,1,1,Infield shade,Standard,37.0,-0.006,-0.048,,,,,0.048,,0,0,0.543,0.543,30,30,31,30,1,0,6.0,2,5.0,1,3.55,-0.76,-0.76,49.8,,,,,,batter
CH,2024-06-26,89.3,-3.0,5.18,"Taylor, Tyrone",621438,661563,hit_by_pitch,hit_by_pitch,,,,,11.0,Tyrone Taylor hit by pitch.,R,R,R,NYM,NYY,B,,,3,1,2024,-0.95,0.85,-2.738552042015212,3.5594705395078465,,,,2,3,Bot,,,,,,,2.6545209968833485,-130.08639257638444,0.241039644223152,-11.317906247505231,27.628040484466844,-22.81703229424449,3.39,1.63,,,,89.9,1704.0,6.6,745808,624431,700250,665828,518934,683011,657077,592450,665742,53.88,,0.720192,0.7,1.0,0.0,0.0,,26,5,Changeup,3,0,3,0,0,3,3,0,Standard,Standard,230.0,0.004,0.178,,,,,-0.178,,3,3,0.822,0.822,26,30,26,30,2,1,6.0,1,6.0,2,2.01,0.95,0.95,29.9,,,,,,batter
SL,2024-06-26,85.8,-3.09,5.36,"Taylor, Tyrone",621438,661563,,ball,,,,,11.0,,R,R,R,NYM,NYY,B,,,2,1,2024,0.36,0.48,-0.7846337928002598,3.782842621633475,,,,2,3,Bot,,,,,,,4.738348100451736,-124.9360394710547,1.5292241360371863,2.920942314889039,23.316053605234693,-27.591899396424232,3.49427356844274,1.62829177796312,,,,86.5,2285.0,6.5,745808,624431,700250,665828,518934,683011,657077,592450,665742,53.96,,,,,,,,26,4,Slider,3,0,3,0,0,3,3,0,Standard,Standard,115.0,0.002,0.112,,,,,-0.112,,3,3,0.82,0.82,26,30,26,30,2,1,6.0,1,6.0,2,2.59,-0.36,-0.36,34.5,,,,,,batter
SL,2024-06-26,84.4,-3.15,5.33,"Taylor, Tyrone",621438,661563,,ball,,,,,11.0,,R,R,R,NYM,NYY,B,,,1,1,2024,0.59,0.23,-0.8249702651744681,4.131775846675255,,,,2,3,Bot,,,,,,,4.235600584604342,-122.8868336704878,3.071894533273156,5.306532638110794,21.823075460580256,-30.58578395833822,3.49313996799584,1.68990094654878,,,,85.0,2385.0,6.4,745808,624431,700250,665828,518934,683011,657077,592450,665742,54.07,,,,,,,,26,3,Slider,3,0,3,0,0,3,3,0,Standard,Standard,124.0,0.001,0.058,,,,,-0.058,,3,3,0.819,0.819,26,30,26,30,2,1,6.0,1,6.0,2,2.94,-0.59,-0.59,30.2,,,,,,batter
SL,2024-06-26,86.1,-3.11,5.44,"Taylor, Tyrone",621438,661563,,called_strike,,,,,5.0,,R,R,R,NYM,NYY,S,,,1,0,2024,0.23,0.59,0.263802201375722,2.5003104976916912,,,,2,3,Bot,,,,,,,7.579246653439723,-125.29614999231896,-1.9995422229753648,1.05664624910839,22.6755007948444,-25.74304646724767,3.54598338851763,1.70989783441134,,,,86.8,2383.0,6.5,745808,624431,700250,665828,518934,683011,657077,592450,665742,54.02,,,,,,,,26,2,Slider,3,0,3,0,0,3,3,0,Standard,Standard,124.0,-0.001,-0.051,,,,,0.051,,3,3,0.82,0.82,26,30,26,30,2,1,6.0,1,6.0,2,2.46,-0.23,-0.23,30.3,,,,,,batter
FF,2024-06-26,96.2,-2.57,5.84,"Taylor, Tyrone",621438,661563,,ball,,,,,11.0,,R,R,R,NYM,NYY,B,,,0,0,2024,-0.72,1.11,-0.3848041179614677,5.348700749574709,,,,2,3,Bot,,,,,,,7.448999616819524,-140.0293937043422,1.7715945601257723,-11.11856410963939,30.49340529189107,-18.184512466530748,3.54285121113989,1.64202981706821,,,,96.7,2232.0,6.5,745808,624431,700250,665828,518934,683011,657077,592450,665742,54.0,,,,,,,,26,1,4-Seam Fastball,3,0,3,0,0,3,3,0,Standard,Standard,201.0,0.001,0.04,,,,,-0.04,,3,3,0.819,0.819,26,30,26,30,2,1,6.0,1,6.0,2,1.35,0.72,0.72,38.0,,,,,,batter
SL,2024-06-26,85.8,-1.86,5.66,"Taylor, Tyrone",621438,672782,home_run,hit_into_play,,,,,7.0,Tyrone Taylor homers (3) on a line drive to left center field. Pete Alonso scores. Francisco Alvarez scores.,R,R,R,NYM,NYY,X,,line_drive,1,1,2024,0.41,0.18,-0.4306180331928093,2.1089716333737445,,624413.0,682626.0,2,6,Bot,66.46,50.02,,,,,2.5768343930835824,-124.95693258758696,-2.527201307946345,3.7796298175198255,24.7526498839809,-30.03921846741541,3.39,1.63,396.0,107.0,18.0,87.1,2212.0,7.0,745808,669224,700250,665828,518934,683011,657077,592450,665742,53.5,0.499,0.7675499999999998,2.0,1.0,0.0,3.0,6.0,59,3,Slider,7,2,7,2,2,10,10,2,Standard,Standard,145.0,0.023,1.679,74.7,7.4,,1.383,-1.679,107.0,5,5,0.973,0.973,24,30,25,30,2,3,5.0,1,28.0,2,2.91,-0.41,-0.41,42.8,6.083009349488619,-9.923214351754664,36.027298649721864,31.18355674215517,35.63430215035315,batter
ST,2024-06-26,81.7,-1.98,5.32,"Taylor, Tyrone",621438,672782,,blocked_ball,,,,,14.0,,R,R,R,NYM,NYY,B,,,0,1,2024,1.32,0.24,0.9206596811687848,0.6568140089324981,,624413.0,682626.0,2,6,Bot,,,,,,,4.0201847629933445,-118.8624105537418,-4.400366982493102,11.719982946368152,23.701033448504862,-29.228330161012103,3.52722153712013,1.69546156408796,,,,82.3,2515.0,6.8,745808,669224,700250,665828,518934,683011,657077,592450,665742,53.69,,,,,,,,59,2,Sweeper,7,2,7,2,2,7,7,2,Standard,Standard,83.0,0.001,0.033,,,,,-0.033,,5,5,0.972,0.972,24,30,25,30,2,3,5.0,1,28.0,2,3.19,-1.32,-1.32,39.8,,,,,,batter
FF,2024-06-26,91.7,-1.84,5.45,"Taylor, Tyrone",621438,672782,,called_strike,,,,,14.0,,R,R,R,NYM,NYY,S,,,0,0,2024,-0.78,1.0,0.0187833133289796,1.4849630864060106,,624413.0,682626.0,2,6,Bot,,,,,,,6.480784233854422,-133.24862714517184,-6.409789043935777,-10.671495827361378,28.557648529870647,-19.10694414777852,3.5760506400246,1.67931234430134,,,,93.1,2265.0,7.2,745808,669224,700250,665828,518934,683011,657077,592450,665742,53.31,,,,,,,,59,1,4-Seam Fastball,7,2,7,2,2,7,7,2,Standard,Standard,204.0,-0.001,-0.048,,,,,0.048,,5,5,0.973,0.973,24,30,25,30,2,3,5.0,1,28.0,2,1.72,0.78,0.78,41.9,,,,,,batter
CH,2024-06-26,91.4,-3.01,5.0,"Taylor, Tyrone",621438,661563,field_out,hit_into_play,,,,,11.0,Tyrone Taylor pops out softly to catcher Jose Trevino in foul territory.,R,R,R,NYM,NYY,X,2.0,popup,0,1,2024,-1.13,0.49,-0.9644293515243352,2.7611660370088824,596019.0,502110.0,682626.0,2,1,Bot,115.28,195.96,,,,,7.624143802669005,-132.93491455603976,-0.8138593619505091,-15.032162794760373,28.22596158917912,-26.39909023410601,3.39,1.63,31.0,59.5,81.0,91.9,1458.0,6.6,745808,624431,700250,665828,518934,683011,657077,592450,665742,53.89,0.003,0.002,0.0,1.0,0.0,0.0,3.0,11,2,Changeup,0,0,0,0,0,0,0,0,Standard,Standard,237.0,-0.061,-0.231,70.7,7.5,,0.003,0.231,88.0,0,0,0.561,0.561,26,30,26,30,1,0,6.0,1,6.0,2,2.24,1.13,1.13,23.6,7.979122039746409,-11.27512210494058,35.16691275384701,24.06873605395669,32.93973218948862,batter
CH,2024-06-26,90.7,-2.85,5.15,"Taylor, Tyrone",621438,661563,,called_strike,,,,,6.0,,R,R,R,NYM,NYY,S,,,0,0,2024,-1.06,0.46,0.808567199679771,2.372709434480506,596019.0,502110.0,682626.0,2,1,Bot,,,,,,,11.467537439070169,-131.61169443601943,-1.989901037723484,-14.71793932666132,27.36532266645512,-26.62855017388482,3.53203229360542,1.68982742054913,,,,91.1,1475.0,6.7,745808,624431,700250,665828,518934,683011,657077,592450,665742,53.84,,,,,,,,11,1,Changeup,0,0,0,0,0,0,0,0,Standard,Standard,232.0,-0.011,-0.044,,,,,0.044,,0,0,0.572,0.572,26,30,26,30,1,0,6.0,1,6.0,2,2.32,1.06,1.06,24.8,,,,,,batter
SI,2024-06-26,87.4,3.96,3.0,"Taylor, Tyrone",621438,657612,field_out,hit_into_play,,,,,5.0,Tyrone Taylor flies out to center fielder Trent Grisham. Pete Alonso to 3rd.,R,R,L,NYM,NYY,X,8.0,fly_ball,0,1,2024,1.15,-0.7,0.1580736036501735,2.6847880477023804,,624413.0,620443.0,0,8,Bot,149.14,51.81,,,,,-11.61284913847808,-126.50226493314706,6.929209887025022,14.630826011021018,23.9152669981258,-41.41461909974307,3.39,1.63,368.0,98.6,39.0,88.2,1985.0,6.9,745808,669224,700250,665828,518934,683011,657077,663757,663330,53.61,0.175,0.342,0.0,1.0,0.0,0.0,3.0,75,2,Sinker,11,2,11,2,2,11,11,2,Standard,Standard,91.0,0.0,-0.203,70.2,7.7,,0.674,0.203,98.6,9,9,0.999,0.999,34,30,34,30,1,4,1.0,1,2.0,2,3.7,1.15,-1.15,-19.3,10.973458992030398,4.134401244231107,31.639543537824725,39.97918841972384,31.68356374843971,batter
SI,2024-06-26,87.4,3.79,3.02,"Taylor, Tyrone",621438,657612,,called_strike,,,,,5.0,,R,R,L,NYM,NYY,S,,,0,0,2024,1.08,-0.62,-0.1151684101862229,2.8728513743114275,,624413.0,620443.0,0,8,Bot,,,,,,,-11.766317334074197,-126.58218679098772,7.23226654267562,13.91126774758838,24.414285776974616,-40.68758094772809,3.62460868973752,1.68436588828237,,,,88.5,1985.0,7.1,745808,669224,700250,665828,518934,683011,657077,663757,663330,53.38,,,,,,,,75,1,Sinker,11,2,11,2,2,11,11,2,Standard,Standard,94.0,0.0,-0.044,,,,,0.044,,9,9,0.999,0.999,34,30,34,30,1,4,1.0,1,2.0,2,3.62,1.08,-1.08,-19.4,,,,,,batter
ST,2024-06-26,82.3,-2.21,5.27,"Taylor, Tyrone",621438,672782,walk,ball,,,,,13.0,Tyrone Taylor walks.,R,R,R,NYM,NYY,B,,,3,2,2024,1.4,0.5,-0.1263289083498082,1.5155021337220045,624413.0,682626.0,,1,5,Bot,,,,,,,2.0425571134692637,-119.8788762467278,-3.000632226385491,13.042532884980712,23.531662460560007,-26.97289661626476,3.50753070597236,1.65185760337879,,,,83.7,2455.0,7.2,745808,624431,700250,665828,518934,683011,657077,592450,665742,53.31,,0.689131,0.7,1.0,0.0,0.0,,43,7,Sweeper,4,0,4,0,0,4,4,0,Strategic,Standard,81.0,0.001,0.185,,,,,-0.185,,4,4,0.953,0.953,24,30,25,30,1,2,5.0,1,28.0,2,2.86,-1.4,-1.4,39.3,,,,,,batter
FC,2024-06-26,88.0,2.37,5.53,"Taylor, Tyrone",621438,657571,,ball,,,,,13.0,,R,R,L,NYM,NYY,B,,,0,0,2024,-0.25,0.25,-1.199902580530602,1.812614104900508,624413.0,682626.0,,1,5,Bot,,,,,,,-8.230806987193542,-127.97178907882426,-3.4858034124289823,-1.0956662010367877,25.66194282766636,-28.86441863460695,3.59297992301459,1.74900955879254,,,,89.0,2494.0,6.9,745808,624431,700250,665828,518934,683011,657077,592450,665742,53.62,,,,,,,,43,1,Cutter,4,0,4,0,0,4,4,0,Strategic,Standard,169.0,0.0,0.025,,,,,-0.025,,4,4,0.953,0.953,27,30,28,30,1,2,6.0,1,3.0,2,2.69,-0.25,0.25,38.7,,,,,,batter
ST,2024-06-26,83.2,-1.87,5.23,"Taylor, Tyrone",621438,672782,,ball,,,,,14.0,,R,R,R,NYM,NYY,B,,,2,2,2024,1.8,0.33,2.7121714316259204,1.0841299403018194,624413.0,682626.0,,1,5,Bot,,,,,,,7.027593848157933,-120.93181569327947,-3.6754103747515687,16.165156414370156,24.897465007640104,-28.37141509665046,3.55265273460115,1.66564245169366,,,,83.8,2641.0,6.9,745808,624431,700250,665828,518934,683011,657077,592450,665742,53.64,,,,,,,,43,6,Sweeper,4,0,4,0,0,4,4,0,Strategic,Standard,65.0,0.003,0.039,,,,,-0.039,,4,4,0.95,0.95,24,30,25,30,1,2,5.0,1,28.0,2,2.98,-1.8,-1.8,42.1,,,,,,batter
ST,2024-06-26,81.5,-2.08,5.38,"Taylor, Tyrone",621438,672782,,foul,,,,,6.0,,R,R,R,NYM,NYY,S,,,2,2,2024,1.54,0.6,0.5594236851803618,2.627385958465529,624413.0,682626.0,,1,5,Bot,,,,,,,3.0364972675793807,-118.7020641368304,-0.7356211714368396,13.886997109122325,23.47584182012016,-26.549551802041115,3.39,1.63,186.0,69.8,55.0,83.1,2610.0,7.4,745808,624431,700250,665828,518934,683011,657077,592450,665742,53.12,,,,,,,,43,5,Sweeper,4,0,4,0,0,4,4,0,Strategic,Standard,81.0,0.0,0.0,69.9,7.9,,,0.0,88.0,4,4,0.95,0.95,24,30,25,30,1,2,5.0,1,28.0,2,2.83,-1.54,-1.54,40.6,11.719561125883509,-9.83300207108954,32.751246954336104,41.98173224672715,37.20388195117462,batter
ST,2024-06-26,82.3,-2.06,5.48,"Taylor, Tyrone",621438,672782,,swinging_strike,,,,,6.0,,R,R,R,NYM,NYY,S,,,2,1,2024,1.43,0.63,0.4260325706517263,2.433495634887191,624413.0,682626.0,,1,5,Bot,,,,,,,2.8815512071103218,-119.80595419329602,-1.5709852755174971,13.116751871317549,25.06729724635842,-26.002975318217068,3.39,1.63,,,,83.1,2654.0,7.0,745808,624431,700250,665828,518934,683011,657077,592450,665742,53.5,,,,,,,,43,4,Sweeper,4,0,4,0,0,4,4,0,Strategic,Standard,76.0,-0.003,-0.121,72.5,7.9,0.377063796,,0.121,,4,4,0.953,0.953,24,30,25,30,1,2,5.0,1,28.0,2,2.75,-1.43,-1.43,46.0,13.139364595053168,-6.635801106742496,33.89127493604769,40.5261318286871,36.33698054452742,batter
SL,2024-06-26,84.3,-2.08,5.6,"Taylor, Tyrone",621438,672782,,foul,,,,,1.0,,R,R,R,NYM,NYY,S,,,2,0,2024,0.55,0.23,-0.3696469817246668,2.867139947568885,624413.0,682626.0,,1,5,Bot,,,,,,,2.9145824136497533,-122.80203777348824,-0.4507816093937529,4.961048169902756,24.14329890019503,-29.925928995027075,3.39,1.63,127.0,66.3,71.0,85.4,2341.0,6.9,745808,624431,700250,665828,518934,683011,657077,592450,665742,53.58,,,,,,,,43,3,Slider,4,0,4,0,0,4,4,0,Strategic,Standard,130.0,0.0,-0.056,72.3,7.7,,,0.056,88.0,4,4,0.953,0.953,24,30,25,30,1,2,5.0,1,28.0,2,2.96,-0.55,-0.55,47.1,13.364946671089704,-8.936451566929698,29.175323967690293,31.6944699573646,38.397376280168125,batter
ST,2024-06-26,81.7,-2.22,5.32,"Taylor, Tyrone",621438,672782,,ball,,,,,14.0,,R,R,R,NYM,NYY,B,,,1,0,2024,1.32,0.49,1.2073407633626283,1.0088806467244238,624413.0,682626.0,,1,5,Bot,,,,,,,5.254913589939235,-118.95340673624266,-4.1314671295069045,11.575332558922232,22.478486235945898,-26.956268865424235,3.49998501542466,1.67555795477634,,,,83.0,2533.0,7.1,745808,624431,700250,665828,518934,683011,657077,592450,665742,53.41,,,,,,,,43,2,Sweeper,4,0,4,0,0,4,4,0,Strategic,Standard,82.0,0.0,0.033,,,,,-0.033,,4,4,0.953,0.953,24,30,25,30,1,2,5.0,1,28.0,2,2.92,-1.32,-1.32,46.7,,,,,,batter
FC,2024-06-25,89.3,-2.31,5.95,"Taylor, Tyrone",621438,543037,field_out,hit_into_play,,,,,6.0,Tyrone Taylor pops out to catcher Jose Trevino in foul territory.,R,R,R,NYM,NYY,X,2.0,popup,1,0,2024,0.29,0.66,0.4878055479814196,2.558687808044966,,,682626.0,2,3,Bot,139.21,217.18,,,,,6.288784670199843,-129.96989705443963,-3.782792466602338,2.1391160605784614,24.99379934777778,-24.110096124502338,3.38,1.63,45.0,77.1,85.0,89.8,2475.0,6.4,745806,624431,605204,650402,518934,683011,657077,592450,665742,54.11,0.001,0.0,0.0,1.0,0.0,0.0,3.0,29,2,Cutter,3,0,3,0,0,3,3,0,Standard,Standard,186.0,-0.013,-0.304,71.9,8.2,,0.001,0.304,88.0,3,3,0.827,0.827,33,30,34,30,2,1,6.0,2,5.0,1,2.18,-0.29,-0.29,43.5,12.807109133221294,-11.925505567919869,30.825722447146564,41.25745904073528,39.59220269991414,batter
KC,2024-06-25,82.3,-2.21,6.04,"Taylor, Tyrone",621438,543037,,ball,,,,,14.0,,R,R,R,NYM,NYY,B,,,0,0,2024,0.89,-1.19,0.940172185482264,1.5090147949498585,,,682626.0,2,3,Bot,,,,,,,5.411988654859844,-119.7726875860675,-1.3812271484667975,7.362304446258435,25.01600937890872,-43.50912869176942,3.51474728462664,1.62999892437121,,,,82.0,2618.0,6.2,745806,624431,605204,650402,518934,683011,657077,592450,665742,54.26,,,,,,,,29,1,Knuckle Curve,3,0,3,0,0,3,3,0,Standard,Standard,36.0,0.001,0.034,,,,,-0.034,,3,3,0.826,0.826,33,30,34,30,2,1,6.0,2,5.0,1,4.58,-0.89,-0.89,45.7,,,,,,batter
FC,2024-06-25,89.9,-2.31,5.93,"Taylor, Tyrone",621438,543037,single,hit_into_play,,,,,12.0,"Tyrone Taylor singles on a line drive to left fielder Alex Verdugo. Francisco Lindor scores. Pete Alonso out at home on the throw, left fielder Alex Verdugo to catcher Jose Trevino. Francisco Alvarez to 2nd.",R,R,R,NYM,NYY,X,7.0,line_drive,0,1,2024,0.56,0.64,0.9797111588878346,2.949659717445707,596019.0,624413.0,682626.0,2,1,Bot,80.24,119.85,,,,,6.946323922373357,-130.75826946311494,-2.7700777700350048,5.061303469677411,26.72134321393996,-24.46893840846327,3.38,1.63,142.0,83.3,11.0,89.8,2557.0,6.2,745806,624431,605204,650402,518934,683011,657077,592450,665742,54.32,0.534,0.481,0.9,1.0,1.0,0.0,4.0,12,2,Cutter,0,0,0,0,0,1,1,0,Standard,Standard,163.0,0.042,0.566,70.5,8.1,,0.558,-0.566,88.0,0,0,0.561,0.561,33,30,34,30,1,0,6.0,2,5.0,1,2.18,-0.56,-0.56,40.4,20.728903041991167,-11.929981027822064,28.01987960382916,45.433625008483446,38.19865862168589,batter
FC,2024-06-25,92.3,-2.34,5.97,"Taylor, Tyrone",621438,543037,,swinging_strike,,,,,9.0,,R,R,R,NYM,NYY,S,,,0,0,2024,0.3,0.96,0.6356831121373193,1.9753805508491191,596019.0,624413.0,682626.0,2,1,Bot,,,,,,,6.921762843669143,-134.23190935417983,-6.498167485294421,2.2840029244394704,26.35955312557451,-19.311641258734166,3.38,1.63,,,,92.6,2588.0,6.3,745806,624431,605204,650402,518934,683011,657077,592450,665742,54.19,,,,,,,,12,1,Cutter,0,0,0,0,0,0,0,0,Standard,Standard,185.0,-0.011,-0.044,75.1,8.1,1.362371196,,0.044,,0,0,0.572,0.572,33,30,34,30,1,0,6.0,2,5.0,1,1.69,-0.3,-0.3,40.3,13.268508000409478,-13.149657990807231,37.25103122037362,42.473113147533454,38.7084862665772,batter
FF,2024-06-25,93.6,-1.93,5.18,"Taylor, Tyrone",621438,641360,field_out,hit_into_play,,,,,6.0,Tyrone Taylor flies out sharply to center fielder Aaron Judge.,R,R,R,NYM,NYY,X,8.0,fly_ball,1,1,2024,-0.67,1.42,0.7918867596210283,2.5019197828932342,,,682626.0,1,5,Bot,124.46,43.78,,,,,8.617030251528373,-135.97103054738255,-4.317041273037472,-10.25113973800442,30.81940323894116,-13.86393414840694,3.38,1.63,383.0,100.1,33.0,94.7,2344.0,7.1,745806,624431,605204,650402,518934,683011,657077,592450,665742,53.42,0.416,0.8244347826086956,0.0,1.0,0.0,0.0,6.0,48,3,4-Seam Fastball,6,1,6,1,1,6,6,1,Standard,Standard,218.0,-0.005,-0.244,71.9,8.3,,1.637,0.244,100.1,5,5,0.961,0.961,28,30,29,30,1,2,3.0,2,2.0,1,1.2,0.67,0.67,32.2,11.264849433708312,-8.245751703564682,32.140791165588496,45.561887194088136,33.85076801514828,batter
FF,2024-06-25,94.1,-1.82,5.28,"Taylor, Tyrone",621438,641360,,ball,,,,,14.0,,R,R,R,NYM,NYY,B,,,0,1,2024,-0.45,1.55,0.9948707489216608,1.7441832230192924,,,682626.0,1,5,Bot,,,,,,,8.407573209084333,-136.64958705579164,-6.958923528903167,-7.466695862095797,30.589525181086564,-11.427196915054406,3.54106213779642,1.63233863600668,,,,95.2,2342.0,7.1,745806,624431,605204,650402,518934,683011,657077,592450,665742,53.4,,,,,,,,48,2,4-Seam Fastball,6,1,6,1,1,6,6,1,Standard,Standard,218.0,0.001,0.029,,,,,-0.029,,5,5,0.96,0.96,28,30,29,30,1,2,3.0,2,2.0,1,1.04,0.45,0.45,32.1,,,,,,batter
FF,2024-06-25,93.1,-1.9,5.17,"Taylor, Tyrone",621438,641360,,called_strike,,,,,8.0,,R,R,R,NYM,NYY,S,,,0,0,2024,-0.74,1.38,0.1310992645332266,1.8077887125988896,,,682626.0,1,5,Bot,,,,,,,6.948626222941138,-135.316448867166,-5.971911512213639,-10.574083630392586,30.022266239074533,-14.067702744283084,3.59426995568961,1.62999935364316,,,,94.5,2278.0,7.2,745806,624431,605204,650402,518934,683011,657077,592450,665742,53.31,,,,,,,,48,1,4-Seam Fastball,6,1,6,1,1,6,6,1,Standard,Standard,218.0,-0.001,-0.04,,,,,0.04,,5,5,0.961,0.961,28,30,29,30,1,2,3.0,2,2.0,1,1.26,0.74,0.74,35.7,,,,,,batter
FF,2024-06-25,91.2,3.86,3.39,"Taylor, Tyrone",621438,657612,field_out,hit_into_play,,,,,4.0,"Tyrone Taylor grounds out, third baseman DJ LeMahieu to first baseman J. D. Davis.",R,R,L,NYM,NYY,X,5.0,ground_ball,3,1,2024,1.25,0.3,-0.3806414754802794,2.6327645065796004,,,,0,7,Bot,107.47,165.78,,,,,-13.450864671615872,-132.1211524103218,3.407871792828725,17.470921084475176,26.75367527576921,-29.619097697359788,3.38,1.63,13.0,59.9,-10.0,91.9,2163.0,6.9,745806,624431,605204,650402,518934,683011,657077,592450,665742,53.64,0.097,0.087,0.0,1.0,0.0,0.0,2.0,65,5,4-Seam Fastball,9,2,9,2,2,9,9,2,Standard,Standard,82.0,-0.001,-0.418,66.1,6.9,,0.101,0.418,88.0,7,7,0.997,0.997,34,30,34,30,1,3,5.0,2,1.0,1,2.45,1.25,-1.25,-14.0,1.236467936465092,5.888275022728796,36.00414281216426,30.125125319399608,24.510893138021757,batter
SI,2024-06-25,89.3,3.95,2.95,"Taylor, Tyrone",621438,657612,,called_strike,,,,,6.0,,R,R,L,NYM,NYY,S,,,3,0,2024,1.13,-0.6,0.5550579370218811,2.2694736598993157,,,,0,7,Bot,,,,,,,-10.82366680089323,-129.34389205323953,5.754355109909525,14.94575441679392,27.817085272631797,-40.45816691819529,3.51950394209658,1.62999990307146,,,,89.9,2227.0,7.0,745806,624431,605204,650402,518934,683011,657077,592450,665742,53.51,,,,,,,,65,4,Sinker,9,2,9,2,2,9,9,2,Standard,Standard,85.0,0.0,-0.09,,,,,0.09,,7,7,0.997,0.997,34,30,34,30,1,3,5.0,2,1.0,1,3.49,1.13,-1.13,-21.0,,,,,,batter
SI,2024-06-25,88.8,3.85,3.13,"Taylor, Tyrone",621438,657612,,ball,,,,,11.0,,R,R,L,NYM,NYY,B,,,2,0,2024,1.12,-0.49,-1.02234666758862,3.1816741948773077,,,,0,7,Bot,,,,,,,-14.403248829996643,-128.34720228300938,7.393894272864767,15.2250734249802,25.39552873221847,-39.535983328193424,3.47595945637005,1.62878375604526,,,,89.7,2217.0,7.1,745806,624431,605204,650402,518934,683011,657077,592450,665742,53.37,,,,,,,,65,3,Sinker,9,2,9,2,2,9,9,2,Standard,Standard,88.0,0.0,0.147,,,,,-0.147,,7,7,0.997,0.997,34,30,34,30,1,3,5.0,2,1.0,1,3.41,1.12,-1.12,-17.4,,,,,,batter
SI,2024-06-25,90.0,3.91,2.86,"Taylor, Tyrone",621438,657612,,ball,,,,,14.0,,R,R,L,NYM,NYY,B,,,1,0,2024,1.13,-0.55,1.491545670797253,2.000881780661852,,,,0,7,Bot,,,,,,,-8.504205401334834,-130.67283032995277,5.1415208754917545,14.763485253901194,28.39783157654257,-39.8737548691472,3.55899790809215,1.68740652270066,,,,90.9,2111.0,7.0,745806,624431,605204,650402,518934,683011,657077,592450,665742,53.48,,,,,,,,65,2,Sinker,9,2,9,2,2,9,9,2,Standard,Standard,85.0,0.0,0.069,,,,,-0.069,,7,7,0.997,0.997,34,30,34,30,1,3,5.0,2,1.0,1,3.38,1.13,-1.13,-23.3,,,,,,batter
SI,2024-06-25,89.7,4.05,3.13,"Taylor, Tyrone",621438,657612,,ball,,,,,11.0,,R,R,L,NYM,NYY,B,,,0,0,2024,1.37,-0.21,-1.605331645136629,3.1258912780490427,,,,0,7,Bot,,,,,,,-16.96832919857671,-129.39323246344193,6.597995436961988,18.767983527550683,25.28301679162413,-36.34522705570573,3.50068567779469,1.62999819269579,,,,90.4,2277.0,7.0,745806,624431,605204,650402,518934,683011,657077,592450,665742,53.45,,,,,,,,65,1,Sinker,9,2,9,2,2,9,9,2,Standard,Standard,91.0,0.0,0.038,,,,,-0.038,,7,7,0.997,0.997,34,30,34,30,1,3,5.0,2,1.0,1,3.08,1.37,-1.37,-17.3,,,,,,batter
ST,2024-06-23,83.3,-3.25,4.59,"Taylor, Tyrone",621438,668338,strikeout,called_strike,,,,,8.0,Tyrone Taylor called out on strikes.,R,R,R,CHC,NYM,S,2.0,,1,2,2024,0.31,1.03,0.065195213052064,1.6429598278033766,,,,0,8,Top,,,,,,,7.12059315847816,-121.22730756315828,-2.365244302971357,1.7095898350941503,23.64675883488722,-21.791117654504493,3.45965723155066,1.64289659194101,,,,84.8,2490.0,7.3,746862,665804,683737,663538,666624,621020,664023,691718,641355,53.24,,0.0,0.0,1.0,0.0,0.0,,60,4,Sweeper,2,4,4,2,4,2,4,2,Standard,Standard,106.0,0.008,-0.186,,,,,0.186,,-2,2,0.142,0.858,28,30,29,30,1,0,4.0,1,1.0,2,2.26,-0.31,-0.31,14.4,,,,,,batter
FF,2024-06-23,88.2,-3.34,4.65,"Taylor, Tyrone",621438,668338,,swinging_strike,,,,,11.0,,R,R,R,CHC,NYM,S,,,1,1,2024,-0.05,1.11,-0.2298317595100965,3.7451955037427886,,,,0,8,Top,,,,,,,7.837172162525306,-128.29407557305876,1.6150874716854782,-2.1013205465870683,25.139025163713672,-20.419662329688972,3.37,1.62,,,,90.2,2160.0,7.4,746862,665804,683737,663538,666624,621020,664023,691718,641355,53.09,,,,,,,,60,3,4-Seam Fastball,2,4,4,2,4,2,4,2,Standard,Standard,220.0,0.003,-0.056,66.9,6.4,1.46227602,,0.056,,-2,2,0.139,0.861,28,30,29,30,1,0,4.0,1,1.0,2,1.81,0.05,0.05,18.9,3.861048277863902,12.469843765684914,25.778539604749383,34.22144672788904,19.892807354242034,batter
ST,2024-06-23,83.2,-3.42,4.48,"Taylor, Tyrone",621438,668338,,ball,,,,,14.0,,R,R,R,CHC,NYM,B,,,0,1,2024,0.79,1.07,1.756884167527468,1.5533385458057152,,,,0,8,Top,,,,,,,10.441521872327392,-120.69758474360856,-2.259425331986889,5.408358351280855,26.436120365038036,-21.52549394261265,3.43727287026761,1.68787099708719,,,,83.8,2562.0,7.2,746862,665804,683737,663538,666624,621020,664023,691718,641355,53.33,,,,,,,,60,2,Sweeper,2,4,4,2,4,2,4,2,Standard,Standard,117.0,-0.001,0.025,,,,,-0.025,,-2,2,0.14,0.86,28,30,29,30,1,0,4.0,1,1.0,2,2.28,-0.79,-0.79,15.4,,,,,,batter
FF,2024-06-23,89.3,-3.65,4.77,"Taylor, Tyrone",621438,668338,,called_strike,,,,,8.0,,R,R,R,CHC,NYM,S,,,0,0,2024,-0.31,0.83,0.1037815015723419,2.112516756831748,,,,0,8,Top,,,,,,,10.044308990089252,-129.77577963291472,-2.3113338134446515,-5.525963662264927,26.600149098320127,-22.476077194894035,3.41488692752023,1.64289659194101,,,,90.8,2254.0,7.2,746862,665804,683737,663538,666624,621020,664023,691718,641355,53.25,,,,,,,,60,1,4-Seam Fastball,2,4,4,2,4,2,4,2,Standard,Standard,215.0,0.002,-0.037,,,,,0.037,,-2,2,0.138,0.862,28,30,29,30,1,0,4.0,1,1.0,2,2.03,0.31,0.31,15.9,,,,,,batter
ST,2024-06-22,80.5,-1.01,6.04,"Taylor, Tyrone",621438,592791,strikeout,swinging_strike,,,,,14.0,Tyrone Taylor strikes out swinging.,R,R,R,CHC,NYM,S,2.0,,2,2,2024,1.27,-0.19,0.8950780596032957,1.4346749455838492,,,,0,7,Top,,,,,,,1.814609678226855,-117.23771869850138,-3.195610806665859,11.38347980188276,22.57046996325732,-33.56230928312975,3.37,1.62,,,,81.3,2719.0,6.8,746863,621512,683737,663538,666624,621020,664023,691718,641355,53.68,,0.0,0.0,1.0,0.0,0.0,,55,5,Sweeper,8,1,1,8,1,8,1,8,Standard,Standard,65.0,0.003,-0.227,64.4,9.2,9.889527648,,0.227,,7,-7,0.991,0.009,32,30,33,30,3,1,6.0,1,6.0,1,3.71,-1.27,-1.27,46.9,25.04992209447854,-51.42231329857312,34.16780860248712,44.65751038973092,62.97761543456767,batter
ST,2024-06-22,80.5,-1.1,6.06,"Taylor, Tyrone",621438,592791,,ball,,,,,14.0,,R,R,R,CHC,NYM,B,,,1,2,2024,1.18,0.17,1.128401172179497,0.1380621585571915,,,,0,7,Top,,,,,,,2.7413207822578958,-117.2240880631814,-6.955956075693855,10.535378042358309,19.13607390190194,-29.618996691868297,3.53685035186623,1.66934940033097,,,,81.7,2765.0,6.8,746863,621512,683737,663538,666624,621020,664023,691718,641355,53.75,,,,,,,,55,4,Sweeper,8,1,1,8,1,8,1,8,Standard,Standard,55.0,-0.001,0.04,,,,,-0.04,,7,-7,0.992,0.008,32,30,33,30,3,1,6.0,1,6.0,1,3.3,-1.18,-1.18,47.1,,,,,,batter
FF,2024-06-22,91.5,-1.05,6.05,"Taylor, Tyrone",621438,592791,,foul,,,,,5.0,,R,R,R,CHC,NYM,S,,,1,1,2024,-0.61,1.38,-0.1564174052245781,2.7289414761758297,,,,0,7,Top,,,,,,,3.617661463492986,-133.3179352782379,-5.631316979366531,-8.017577921126273,24.35656771504169,-14.721461831873128,3.37,1.62,164.0,67.9,62.0,93.3,2218.0,6.9,746863,621512,683737,663538,666624,621020,664023,691718,641355,53.56,,,,,,,,55,3,4-Seam Fastball,8,1,1,8,1,8,1,8,Standard,Standard,210.0,0.001,-0.056,70.6,7.1,,,0.056,88.0,7,-7,0.991,0.009,32,30,33,30,3,1,6.0,1,6.0,1,1.31,0.61,0.61,44.2,1.2208745188732018,3.221688688399637,35.794097257524314,34.49286709269005,25.962040650552,batter
FC,2024-06-22,87.1,-1.12,6.07,"Taylor, Tyrone",621438,592791,,called_strike,,,,,4.0,,R,R,R,CHC,NYM,S,,,1,0,2024,0.26,0.8,-0.4305023769686054,2.460086378450247,,,,0,7,Top,,,,,,,1.117463502467966,-126.89615589331092,-4.249161514955078,2.6266166819989847,23.370551899496206,-22.839953823738856,3.58343349951208,1.71603110406055,,,,88.0,2415.0,6.5,746863,621512,683737,663538,666624,621020,664023,691718,641355,53.96,,,,,,,,55,2,Cutter,8,1,1,8,1,8,1,8,Standard,Standard,176.0,0.001,-0.049,,,,,0.049,,7,-7,0.99,0.01,32,30,33,30,3,1,6.0,1,6.0,1,2.17,-0.26,-0.26,43.0,,,,,,batter
FF,2024-06-22,91.4,-1.02,6.09,"Taylor, Tyrone",621438,592791,,ball,,,,,12.0,,R,R,R,CHC,NYM,B,,,0,0,2024,-0.58,1.54,0.0424279597852089,4.3552908929945415,,,,0,7,Top,,,,,,,3.968163861818178,-133.1277367103634,-1.8475822309266847,-7.725176833401627,27.99768889707445,-13.652076085580571,3.55237855270993,1.71603110406055,,,,92.5,2227.0,6.8,746863,621512,683737,663538,666624,621020,664023,691718,641355,53.68,,,,,,,,55,1,4-Seam Fastball,8,1,1,8,1,8,1,8,Standard,Standard,205.0,-0.001,0.038,,,,,-0.038,,7,-7,0.991,0.009,32,30,33,30,3,1,6.0,1,6.0,1,1.18,0.58,0.58,42.8,,,,,,batter
FF,2024-06-22,92.1,-0.91,6.12,"Taylor, Tyrone",621438,592791,strikeout,called_strike,,,,,8.0,Tyrone Taylor called out on strikes.,R,R,R,CHC,NYM,S,2.0,,1,2,2024,-0.54,1.27,-0.1518485834087903,1.867403471233576,607043.0,,624413.0,2,4,Top,,,,,,,3.139917002316746,-134.02434025960414,-7.829107810338619,-7.17980327103182,27.8275429492958,-15.385205408933016,3.48249788343593,1.67712981265088,,,,93.2,2319.0,6.9,746863,621512,683737,663538,666624,621020,664023,691718,641355,53.64,,0.0,0.0,1.0,0.0,0.0,,32,4,4-Seam Fastball,6,0,0,6,0,6,0,6,Standard,Standard,205.0,0.012,-0.193,,,,,0.193,,6,-6,0.956,0.044,32,30,33,30,2,0,6.0,1,6.0,1,1.41,0.54,0.54,46.2,,,,,,batter
FF,2024-06-22,93.1,-0.94,6.13,"Taylor, Tyrone",621438,592791,,foul,,,,,2.0,,R,R,R,CHC,NYM,S,,,1,1,2024,-0.67,1.47,0.170538603616805,2.9258921878820927,607043.0,,624413.0,2,4,Top,,,,,,,4.368151368065895,-135.56691108893742,-5.80902713475245,-9.195464317165326,26.25118155174432,-12.91690455986802,3.37,1.62,,,,94.6,2297.0,6.9,746863,621512,683737,663538,666624,621020,664023,691718,641355,53.6,,,,,,,,32,3,4-Seam Fastball,6,0,0,6,0,6,0,6,Standard,Standard,206.0,0.004,-0.078,73.2,7.2,,,0.078,,6,-6,0.952,0.048,32,30,33,30,2,0,6.0,1,6.0,1,1.13,0.67,0.67,48.7,3.896590682402247,10.940400436953288,33.65176340668095,40.04110118649504,23.917983872350558,batter
ST,2024-06-22,81.0,-1.1,6.06,"Taylor, Tyrone",621438,592791,,ball,,,,,14.0,,R,R,R,CHC,NYM,B,,,0,1,2024,1.76,0.05,1.3857940064017833,0.8507987930435905,607043.0,,624413.0,2,4,Top,,,,,,,2.2021252453668017,-117.83322757492138,-5.04959041264075,15.765562728019436,25.10936755285385,-30.87087812331434,3.52132167025342,1.77827041855096,,,,81.3,2746.0,6.8,746863,621512,683737,663538,666624,621020,664023,691718,641355,53.7,,,,,,,,32,2,Sweeper,6,0,0,6,0,6,0,6,Strategic,Standard,60.0,-0.002,0.031,,,,,-0.031,,6,-6,0.954,0.046,32,30,33,30,2,0,6.0,1,6.0,1,3.46,-1.76,-1.76,48.8,,,,,,batter
FC,2024-06-22,87.7,-1.0,6.13,"Taylor, Tyrone",621438,592791,,foul,,,,,9.0,,R,R,R,CHC,NYM,S,,,0,0,2024,0.64,0.4,0.6310343249268091,2.079708551652712,607043.0,,624413.0,2,4,Top,,,,,,,2.6555291049547867,-127.87877613308616,-4.665453720768502,6.702799454791719,21.05341163146348,-27.146555505420988,3.37,1.62,89.0,74.8,75.0,89.3,2615.0,6.7,746863,621512,683737,663538,666624,621020,664023,691718,641355,53.78,,,,,,,,32,1,Cutter,6,0,0,6,0,6,0,6,Standard,Standard,161.0,0.003,-0.046,73.7,8.4,,,0.046,88.0,6,-6,0.951,0.049,32,30,33,30,2,0,6.0,1,6.0,1,2.51,-0.64,-0.64,45.9,13.38400662304342,-7.860998877099335,34.699201408024706,44.89125564806882,36.31191228228478,batter
FF,2024-06-22,92.9,-1.66,6.03,"Taylor, Tyrone",621438,593576,double,hit_into_play,,,,,4.0,Tyrone Taylor doubles (8) on a ground ball to left fielder Ian Happ.,R,R,R,CHC,NYM,X,7.0,ground_ball,2,0,2024,-0.73,1.37,-0.3375461389348689,2.7312886959929283,,,,2,9,Top,56.66,124.91,,,,,4.970973160866269,-135.08017649709797,-5.627110611842785,-10.059232721074668,31.1507900017272,-14.343742818164817,3.37,1.62,24.0,89.3,-5.0,92.5,2317.0,6.2,746863,621512,683737,663538,623520,621020,664023,691718,641355,54.28,0.219,0.197,1.25,1.0,1.0,1.0,2.0,70,3,4-Seam Fastball,8,1,1,8,1,8,1,8,Standard,Standard,215.0,0.0,0.507,73.1,7.4,,0.243,-0.507,89.3,7,-7,0.999,0.001,35,30,35,30,1,2,5.0,1,5.0,1,1.28,0.73,0.73,37.7,16.678934962818538,-15.97405377608536,31.501099005460627,33.27152323743076,38.25939891922886,batter
FF,2024-06-22,93.0,-1.57,5.96,"Taylor, Tyrone",621438,593576,,ball,,,,,14.0,,R,R,R,CHC,NYM,B,,,1,0,2024,-0.72,1.25,0.3355059497062064,1.3009074642900484,,,,2,9,Top,,,,,,,6.45395331604096,-135.05731889567866,-8.891222552908657,-10.219443990242851,29.091735271406726,-15.131804514110447,3.44403079589327,1.66966471326077,,,,92.9,2325.0,6.3,746863,621512,683737,663538,623520,621020,664023,691718,641355,54.18,,,,,,,,70,2,4-Seam Fastball,8,1,1,8,1,8,1,8,Standard,Standard,218.0,0.0,0.068,,,,,-0.068,,7,-7,0.999,0.001,35,30,35,30,1,2,5.0,1,5.0,1,1.4,0.72,0.72,38.4,,,,,,batter
SL,2024-06-22,85.0,-1.65,6.13,"Taylor, Tyrone",621438,593576,,ball,,,,,14.0,,R,R,R,CHC,NYM,B,,,0,0,2024,0.13,0.46,0.7153296054460493,1.1254737558676655,,,,2,9,Top,,,,,,,5.268459666437475,-123.71266273858318,-6.35065099024241,0.354670902696486,23.72480608163192,-26.41594505531745,3.506154150306,1.63854159198624,,,,85.1,1979.0,6.2,746863,621512,683737,663538,623520,621020,664023,691718,641355,54.26,,,,,,,,70,1,Slider,8,1,1,8,1,8,1,8,Standard,Standard,207.0,0.0,0.04,,,,,-0.04,,7,-7,0.999,0.001,35,30,35,30,1,2,5.0,1,5.0,1,2.68,-0.13,-0.13,39.3,,,,,,batter
FF,2024-06-21,92.2,3.12,5.89,"Taylor, Tyrone",621438,681432,grounded_into_double_play,hit_into_play,,,,,5.0,"Tyrone Taylor grounds into a double play, third baseman David Bote to second baseman Nico Hoerner to first baseman Michael Busch. Pete Alonso out at 2nd. Tyrone Taylor out at 1st.",R,R,L,CHC,NYM,X,5.0,ground_ball,0,0,2024,0.58,0.66,0.0975353100711887,2.29669540394616,,621466.0,624413.0,1,8,Top,100.63,166.78,,,,,-9.08532002134557,-134.09001715045054,-4.886299898055147,8.809608129093581,25.033711539754226,-23.37392792514945,3.36,1.61,107.0,78.8,9.0,94.1,2170.0,7.1,746861,665804,683737,663538,623520,670156,621550,691718,673548,53.36,0.384,0.366,0.0,1.0,0.0,0.0,4.0,69,1,4-Seam Fastball,1,11,11,1,11,1,11,1,Standard,Standard,132.0,0.0,-0.306,73.7,8.8,,0.446,0.306,88.0,-10,10,0.001,0.999,23,30,24,30,1,0,4.0,3,2.0,1,2.0,0.58,-0.58,31.4,22.50775307924513,-26.881817258631013,35.986242212755485,38.55864277106348,45.694855588365705,batter
CH,2024-06-18,83.8,1.95,5.9,"Taylor, Tyrone",621438,656641,field_out,hit_into_play,,,,,14.0,"Tyrone Taylor grounds out softly, pitcher Jacob Latz to first baseman Nathaniel Lowe.",R,R,L,TEX,NYM,X,1.0,ground_ball,1,1,2024,1.16,0.99,1.1848768804955112,1.6434422231096142,,682626.0,578428.0,2,8,Top,117.12,186.99,,,,,-4.06477653445073,-121.90746387220533,-5.361507215173791,12.344707092861317,25.158844352239733,-21.43354969348485,3.36,1.61,1.0,50.6,-66.0,83.8,2115.0,6.4,745004,641680,663993,543760,677649,608369,694671,665750,608671,54.09,0.192,0.285,0.0,1.0,0.0,0.0,1.0,66,3,Changeup,6,6,6,6,6,6,6,6,Infield shade,Standard,134.0,0.088,-0.265,62.5,8.5,,0.196,0.265,88.0,0,0,0.52,0.48,28,30,28,30,1,0,2.0,1,4.0,3,2.27,1.16,-1.16,47.4,20.798698341862707,-1.6084050977657796,34.13365144601532,51.1080006259529,30.734102120439776,batter
FF,2024-06-18,93.8,1.74,5.92,"Taylor, Tyrone",621438,656641,,ball,,,,,13.0,,R,R,L,TEX,NYM,B,,,0,1,2024,0.54,1.67,-1.6248232909157976,1.935343185438814,,682626.0,578428.0,2,8,Top,,,,,,,-9.98109993451265,-136.0023534462956,-8.255333801376342,9.10731979256573,33.02712975164313,-9.741771208069448,3.49880389031137,1.83360453303424,,,,94.0,2413.0,6.8,745004,641680,663993,543760,677649,608369,694671,665750,608671,53.65,,,,,,,,66,2,4-Seam Fastball,6,6,6,6,6,6,6,6,Standard,Standard,152.0,-0.009,0.033,,,,,-0.033,,0,0,0.529,0.471,28,30,28,30,1,0,2.0,1,4.0,3,0.96,0.54,-0.54,48.2,,,,,,batter
FF,2024-06-18,94.1,1.71,5.99,"Taylor, Tyrone",621438,656641,,called_strike,,,,,13.0,,R,R,L,TEX,NYM,S,,,0,0,2024,0.53,1.6,-0.8702304499949569,2.0529220367114185,,682626.0,578428.0,2,8,Top,,,,,,,-7.906329565511269,-136.50111826828055,-8.038979297500763,8.450892632607328,32.76094500898632,-10.522808873380304,3.49872039581781,1.75543619143967,,,,94.3,2322.0,6.8,745004,641680,663993,543760,677649,608369,694671,665750,608671,53.74,,,,,,,,66,1,4-Seam Fastball,6,6,6,6,6,6,6,6,Standard,Standard,153.0,0.014,-0.048,,,,,0.048,,0,0,0.515,0.485,28,30,28,30,1,0,2.0,1,4.0,3,1.01,0.53,-0.53,48.3,,,,,,batter
SL,2024-06-17,86.4,-1.35,5.53,"Taylor, Tyrone",621438,642546,strikeout,swinging_strike,,,,,14.0,Tyrone Taylor strikes out swinging.,R,R,R,TEX,NYM,S,2.0,,1,2,2024,0.42,0.06,1.4769096826787849,1.64749028932799,,,621466.0,1,6,Top,,,,,,,5.881170673519752,-125.71655319510994,-3.154786753292089,3.267943591430036,26.010807363831724,-31.103501406116614,3.36,1.62,,,,86.6,2560.0,6.5,745005,669087,663993,543760,673995,677649,694671,665750,666969,54.02,,0.0,0.0,1.0,0.0,0.0,,52,5,Slider,2,11,11,2,11,2,11,2,Standard,Standard,101.0,0.001,-0.182,60.7,9.0,0.97281972,,0.182,,-9,9,0.004,0.996,27,30,28,30,2,3,2.0,3,7.0,1,3.0,-0.42,-0.42,33.7,21.020455885665957,-19.372487239221428,33.15098959585139,54.76619235164484,36.89314256233267,batter
SL,2024-06-17,86.2,-1.47,5.42,"Taylor, Tyrone",621438,642546,,foul,,,,,13.0,,R,R,R,TEX,NYM,S,,,1,2,2024,0.63,-0.05,-1.041347477875362,2.371217847653112,,,621466.0,1,6,Top,,,,,,,-0.2521204881860158,-125.65971830057076,-0.9346750287338352,6.693207616604221,25.37757868749318,-32.677577547528536,3.36,1.62,7.0,82.5,-18.0,86.7,2392.0,6.5,745005,669087,663993,543760,673995,677649,694671,665750,666969,54.02,,,,,,,,52,4,Slider,2,11,11,2,11,2,11,2,Standard,Standard,123.0,0.0,0.0,71.7,7.5,,,0.0,88.0,-9,9,0.004,0.996,27,30,28,30,2,3,2.0,3,7.0,1,3.1,-0.63,-0.63,26.2,8.352126684775898,-16.94058562435794,37.29461455622877,25.274402462265627,32.071347808520514,batter
SL,2024-06-17,88.0,-1.45,5.48,"Taylor, Tyrone",621438,642546,,foul,,,,,14.0,,R,R,R,TEX,NYM,S,,,1,1,2024,0.43,0.35,1.0164032041955264,1.684098719866979,,,621466.0,1,6,Top,,,,,,,5.100708407521197,-127.98328617096236,-3.793461607340296,3.5559361915072274,28.36818916073027,-27.713585851518847,3.36,1.62,91.0,68.8,17.0,87.8,2496.0,6.3,745005,669087,663993,543760,673995,677649,694671,665750,666969,54.16,,,,,,,,52,3,Slider,2,11,11,2,11,2,11,2,Standard,Standard,153.0,0.0,-0.059,64.3,8.2,,,0.059,88.0,-9,9,0.004,0.996,27,30,28,30,2,3,2.0,3,7.0,1,2.61,-0.43,-0.43,28.6,4.074240613246861,-4.348200550077908,37.60665953809231,50.26598691802658,28.317901712950786,batter
SI,2024-06-17,95.7,-1.37,5.46,"Taylor, Tyrone",621438,642546,,foul,,,,,13.0,,R,R,R,TEX,NYM,S,,,1,0,2024,-1.47,0.53,-0.977170657559664,1.6341084171400029,,,621466.0,1,6,Top,,,,,,,4.365481506505266,-139.25602914242117,-5.6838590177478,-20.125314094020947,31.418048871872585,-24.2408306316822,3.36,1.62,10.0,101.3,-9.0,95.8,2255.0,6.4,745005,669087,663993,543760,673995,677649,694671,665750,666969,54.14,,,,,,,,52,2,Sinker,2,11,11,2,11,2,11,2,Standard,Standard,228.0,0.0,-0.047,74.7,7.7,,,0.047,101.3,-9,9,0.004,0.996,27,30,28,30,2,3,2.0,3,7.0,1,1.96,1.47,1.47,29.3,12.07712551464699,-9.380480555870284,39.96620539994447,25.77124659146933,32.73508974636599,batter
SL,2024-06-17,88.5,-1.44,5.37,"Taylor, Tyrone",621438,642546,,ball,,,,,14.0,,R,R,R,TEX,NYM,B,,,0,0,2024,0.54,0.17,0.8344563378179983,0.9410347361167216,,,621466.0,1,6,Top,,,,,,,4.451374064432931,-128.77886886985138,-5.081041541412438,5.03117859468588,27.919238299205315,-29.421356750035425,3.53090547205557,1.64573403097683,,,,88.8,2463.0,6.6,745005,669087,663993,543760,673995,677649,694671,665750,666969,53.94,,,,,,,,52,1,Slider,2,11,11,2,11,2,11,2,Standard,Standard,167.0,0.0,0.036,,,,,-0.036,,-9,9,0.004,0.996,27,30,28,30,2,3,2.0,3,7.0,1,2.75,-0.54,-0.54,28.4,,,,,,batter
FF,2024-06-17,94.8,-1.72,5.46,"Taylor, Tyrone",621438,592351,field_out,hit_into_play,,,,,5.0,Tyrone Taylor flies out to right fielder Adolis García.,R,R,R,TEX,NYM,X,9.0,fly_ball,1,0,2024,-0.48,1.44,0.0690537448000372,2.4482458020970457,,,,2,2,Top,180.75,131.62,,,,,5.7727576545665125,-137.82385065663277,-5.406025715403645,-7.461681322423982,32.08790022654163,-12.83459109511887,3.36,1.62,217.0,91.7,58.0,94.9,2037.0,6.5,745005,669087,663993,543760,677649,608369,694671,665750,666969,53.97,0.011,0.011,0.0,1.0,0.0,0.0,3.0,19,2,4-Seam Fastball,0,7,7,0,7,0,7,0,Standard,Standard,223.0,0.001,-0.295,71.6,7.4,,0.016,0.295,91.7,-7,7,0.054,0.946,32,30,33,30,2,1,5.0,3,5.0,1,1.11,0.48,0.48,30.0,7.578123398674951,-6.05785396588169,36.18204483537257,38.07042674281737,32.26966339191647,batter
SL,2024-06-17,90.4,-1.62,5.55,"Taylor, Tyrone",621438,592351,,ball,,,,,14.0,,R,R,R,TEX,NYM,B,,,0,0,2024,-0.02,0.62,0.8435187995526368,0.5988995774375832,,,,2,2,Top,,,,,,,6.215704083521064,-131.4153434512082,-7.747257572713926,-1.5373824059128909,28.09174164136406,-23.513601407145693,3.4932572105668,1.65026753210284,,,,90.8,2243.0,6.6,745005,669087,663993,543760,677649,608369,694671,665750,666969,53.87,,,,,,,,19,1,Slider,0,7,7,0,7,0,7,0,Standard,Standard,203.0,0.0,0.04,,,,,-0.04,,-7,7,0.054,0.946,32,30,33,30,2,1,5.0,3,5.0,1,2.18,0.02,0.02,30.9,,,,,,batter
SI,2024-06-17,93.5,-1.97,5.42,"Taylor, Tyrone",621438,668390,hit_by_pitch,hit_by_pitch,,,,,11.0,Tyrone Taylor hit by pitch.,R,R,R,TEX,NYM,B,,,0,0,2024,-0.98,0.96,-1.579941408915867,3.691144881767172,,,,1,8,Top,,,,,,,3.2022213256188072,-136.06512219079417,-0.8079052630278859,-12.896529860981508,31.5318226904864,-20.282774652075616,3.36,1.62,,,,94.1,2369.0,6.7,745005,669087,663993,543760,673995,677649,694671,665750,608671,53.76,,0.720192,0.7,1.0,0.0,0.0,,69,1,Sinker,2,12,12,2,12,2,12,2,Standard,Standard,220.0,0.0,0.425,,,,,-0.425,,-10,10,0.001,0.999,24,30,25,30,1,4,1.0,3,,1,1.65,0.98,0.98,37.7,,,,,,batter
SL,2024-06-17,86.0,-1.38,5.5,"Taylor, Tyrone",621438,642546,strikeout,swinging_strike,,,,,14.0,Tyrone Taylor strikes out swinging.,R,R,R,TEX,NYM,S,2.0,,0,2,2024,0.49,0.02,0.1241660683255563,0.7773556461557094,,,624413.0,2,4,Top,,,,,,,2.57172668401979,-125.20758100918631,-5.014164955948877,4.698876703159146,24.639061842557823,-31.158650554385936,3.36,1.62,,,,86.0,2581.0,6.2,745005,669087,663993,543760,677649,608369,694671,665750,666969,54.31,,0.0,0.0,1.0,0.0,0.0,,37,3,Slider,2,9,9,2,9,2,9,2,Standard,Standard,106.0,0.002,-0.17,48.5,7.8,2.414493816,,0.17,,-7,7,0.034,0.966,27,30,28,30,1,2,2.0,3,7.0,1,3.05,-0.49,-0.49,34.6,13.905490833743023,-14.59790043996114,44.56591643705675,39.36560196975877,38.471903761628056,batter
SL,2024-06-17,86.8,-1.51,5.51,"Taylor, Tyrone",621438,642546,,swinging_strike,,,,,9.0,,R,R,R,TEX,NYM,S,,,0,1,2024,0.48,0.28,0.6911305279415753,1.7585644787195158,,,624413.0,2,4,Top,,,,,,,4.276065237113786,-126.35622081031734,-3.385827769353273,4.345544042440734,24.81933772772209,-28.74256010529781,3.36,1.62,,,,87.0,2578.0,6.3,745005,669087,663993,543760,677649,608369,694671,665750,666969,54.18,,,,,,,,37,2,Slider,2,9,9,2,9,2,9,2,Standard,Standard,128.0,0.001,-0.054,72.0,8.9,3.289939164,,0.054,,-7,7,0.033,0.967,27,30,28,30,1,2,2.0,3,7.0,1,2.74,-0.48,-0.48,28.4,22.13483423779792,-23.725092894544733,34.73357550851595,44.57649040995513,46.51537664279482,batter
SL,2024-06-17,87.2,-1.42,5.47,"Taylor, Tyrone",621438,642546,,called_strike,,,,,5.0,,R,R,R,TEX,NYM,S,,,0,0,2024,0.31,0.15,-0.2516352054254887,2.259063737507453,,,624413.0,2,4,Top,,,,,,,2.1560742010883,-127.04621261828612,-1.885433410269577,2.931169918234177,26.44708187595393,-30.325108626735524,3.53512536731549,1.5033377983728,,,,87.2,2451.0,6.3,745005,669087,663993,543760,677649,608369,694671,665750,666969,54.25,,,,,,,,37,1,Slider,2,9,9,2,9,2,9,2,Standard,Standard,128.0,0.0,-0.047,,,,,0.047,,-7,7,0.033,0.967,27,30,28,30,1,2,2.0,3,7.0,1,2.84,-0.31,-0.31,27.6,,,,,,batter
SL,2024-06-17,89.7,-1.78,5.65,"Taylor, Tyrone",621438,592351,force_out,hit_into_play,,,,,8.0,"Tyrone Taylor grounds into a force out, third baseman Ezequiel Duran to second baseman Marcus Semien. Pete Alonso out at 2nd.",R,R,R,TEX,NYM,X,5.0,ground_ball,0,0,2024,-0.22,0.53,0.0589508650228711,1.713812545643271,502110.0,,624413.0,2,1,Top,110.9,163.35,,,,,5.037360059948516,-130.493260657531,-4.905150869216092,-3.4956867925938706,26.443188134931024,-25.314667188428352,3.36,1.62,15.0,72.7,-6.0,90.3,2374.0,6.6,745005,669087,663993,543760,677649,608369,694671,665750,666969,53.91,0.066,0.07,0.0,1.0,0.0,0.0,2.0,6,1,Slider,0,1,1,0,1,0,1,0,Standard,Standard,182.0,0.044,-0.287,70.9,8.6,,0.07,0.287,88.0,-1,1,0.404,0.596,32,30,33,30,1,0,5.0,3,5.0,1,2.3,0.22,0.22,33.2,24.072255744436397,-18.14264255197917,40.771256339758814,37.70093667125257,43.85218346726229,batter
FF,2024-06-14,90.7,-1.38,5.56,"Taylor, Tyrone",621438,663362,hit_by_pitch,hit_by_pitch,,,,,11.0,Tyrone Taylor hit by pitch.,R,R,R,NYM,SD,B,,,2,2,2024,-0.8,1.09,-2.0657427412820306,4.06473571123945,,,,1,7,Bot,,,,,,,0.0065874765623201,-132.24521458120012,-0.2017493762904676,-9.43217585683612,27.068288995404583,-19.476499809825903,3.39,1.65,,,,91.5,2026.0,6.6,745810,543309,650333,630105,456781,673490,595777,701538,665487,53.91,,0.720192,0.7,1.0,0.0,0.0,,50,8,4-Seam Fastball,2,1,2,1,1,2,2,1,Standard,Standard,224.0,0.022,0.456,,,,,-0.456,,1,1,0.768,0.768,27,30,28,30,3,2,6.0,2,5.0,3,1.66,0.8,0.8,33.1,,,,,,batter
KN,2024-06-14,81.0,-1.08,5.27,"Taylor, Tyrone",621438,663362,,foul,,,,,14.0,,R,R,R,NYM,SD,S,,,2,2,2024,-0.02,0.08,1.5101120406747688,2.312268758396776,,,,1,7,Bot,,,,,,,5.839396341697589,-117.7022687280564,-0.0155658300604957,-1.4415012514025385,25.390729589991675,-31.693383342095967,3.39,1.65,173.0,63.9,40.0,80.9,490.0,6.6,745810,543309,650333,630105,456781,673490,595777,701538,665487,53.87,,,,,,,,50,7,Knuckleball,2,1,2,1,1,2,2,1,Standard,Standard,298.0,0.0,0.0,65.3,7.9,,,0.0,88.0,1,1,0.768,0.768,27,30,28,30,3,2,6.0,2,5.0,3,3.44,0.02,0.02,26.6,4.490265666937165,1.343967646105927,33.743588573453096,54.48422813158688,26.549409014390463,batter
SI,2024-06-14,90.1,-1.25,5.5,"Taylor, Tyrone",621438,663362,,foul,,,,,5.0,,R,R,R,NYM,SD,S,,,2,2,2024,-1.21,0.77,0.1156560511931654,2.646948013479708,,,,1,7,Bot,,,,,,,6.007113549368606,-131.11224026538244,-2.788238958779933,-15.245234494736833,26.572691852338885,-22.922620360991623,3.39,1.65,190.0,73.5,55.0,90.9,2000.0,6.7,745810,543309,650333,630105,456781,673490,595777,701538,665487,53.84,,,,,,,,50,6,Sinker,2,1,2,1,1,2,2,1,Standard,Standard,224.0,0.0,0.0,66.0,7.0,,,0.0,88.0,1,1,0.768,0.768,27,30,28,30,3,2,6.0,2,5.0,3,2.03,1.21,1.21,29.9,-3.175689297396488,2.703411019658396,36.43812782397421,37.54262659611371,23.619741741412312,batter
KN,2024-06-14,76.1,-0.84,5.65,"Taylor, Tyrone",621438,663362,,ball,,,,,12.0,,R,R,R,NYM,SD,B,,,1,2,2024,0.22,-0.75,0.4482345165156499,3.914312005778213,,,,1,7,Bot,,,,,,,2.310122665672284,-110.60389892223586,4.900821919482603,1.339987964432631,22.738067123300183,-39.48039427665593,3.25782162920937,1.57307958843963,,,,75.8,496.0,6.5,745810,543309,650333,630105,456781,673490,595777,701538,665487,54.03,,,,,,,,50,5,Knuckleball,2,1,2,1,1,2,2,1,Standard,Standard,43.0,0.003,0.043,,,,,-0.043,,1,1,0.765,0.765,27,30,28,30,3,2,6.0,2,5.0,3,4.74,-0.22,-0.22,37.9,,,,,,batter
ST,2024-06-14,79.7,-1.14,5.49,"Taylor, Tyrone",621438,663362,,foul,,,,,12.0,,R,R,R,NYM,SD,S,,,1,2,2024,1.24,0.44,0.9686057867222716,2.9253560771857203,,,,1,7,Bot,,,,,,,2.3130825761165155,-116.05717528855745,0.3420730818681123,10.645913785390269,23.96367622900832,-28.515498873332003,3.39,1.65,159.0,77.1,67.0,80.1,2386.0,6.7,745810,543309,650333,630105,456781,673490,595777,701538,665487,53.77,,,,,,,,50,4,Sweeper,2,1,2,1,1,2,2,1,Standard,Standard,71.0,0.0,0.0,69.0,7.5,,,0.0,88.0,1,1,0.765,0.765,27,30,28,30,3,2,6.0,2,5.0,3,3.17,-1.24,-1.24,31.6,9.773066897388269,-0.8119196975856132,29.12916779857948,47.10933872567786,30.326729657316832,batter
ST,2024-06-14,79.7,-1.6,5.44,"Taylor, Tyrone",621438,663362,,called_strike,,,,,4.0,,R,R,R,NYM,SD,S,,,1,1,2024,1.27,0.36,-0.400377948796107,2.424766678543256,,,,1,7,Bot,,,,,,,0.2512134361909415,-116.11808278748326,-0.5434603823849062,11.40223138281693,22.502934853391327,-29.08136312403118,3.37612574092819,1.59703510191212,,,,80.1,2353.0,6.6,745810,543309,650333,630105,456781,673490,595777,701538,665487,53.93,,,,,,,,50,3,Sweeper,2,1,2,1,1,2,2,1,Standard,Standard,78.0,-0.004,-0.061,,,,,0.061,,1,1,0.769,0.769,27,30,28,30,3,2,6.0,2,5.0,3,3.23,-1.27,-1.27,29.4,,,,,,batter
KN,2024-06-14,79.1,-0.77,5.76,"Taylor, Tyrone",621438,663362,,ball,,,,,12.0,,R,R,R,NYM,SD,B,,,0,1,2024,0.77,-0.3,1.6608450315105552,2.8609341988074832,,,,1,7,Bot,,,,,,,3.8942588655456207,-114.99711592651848,1.1788411079564172,5.851209735672415,25.197028156301453,-35.34183392080328,3.28149211247467,1.57307958843963,,,,78.9,274.0,6.6,745810,543309,650333,630105,456781,673490,595777,701538,665487,53.88,,,,,,,,50,2,Knuckleball,2,1,2,1,1,2,2,1,Standard,Standard,24.0,0.001,0.024,,,,,-0.024,,1,1,0.768,0.768,27,30,28,30,3,2,6.0,2,5.0,3,4.01,-0.77,-0.77,39.1,,,,,,batter
KN,2024-06-14,70.6,-0.94,5.75,"Taylor, Tyrone",621438,663362,,called_strike,,,,,5.0,,R,R,R,NYM,SD,S,,,0,0,2024,-0.69,-0.13,0.1616841381705254,2.4414788161101386,,,,1,7,Bot,,,,,,,3.284126907542144,-102.56939830630228,1.595312848377475,-5.451547630575149,20.8708430778513,-33.69565582903007,3.25782162920937,1.45322227784592,,,,69.8,117.0,6.2,745810,543309,650333,630105,456781,673490,595777,701538,665487,54.26,,,,,,,,50,1,Knuckleball,2,1,2,1,1,2,2,1,Standard,Standard,156.0,-0.002,-0.037,,,,,0.037,,1,1,0.77,0.77,27,30,28,30,3,2,6.0,2,5.0,3,4.81,0.69,0.69,37.2,,,,,,batter
ST,2024-06-14,79.6,-1.38,5.42,"Taylor, Tyrone",621438,663362,walk,ball,,,,,14.0,Tyrone Taylor walks.,R,R,R,NYM,SD,B,,,3,1,2024,1.07,-0.01,1.1678174660711034,1.429182614208901,,,,1,4,Bot,,,,,,,3.59905642523304,-115.8450441440866,-1.946118033241842,8.884393200552848,23.188311944017983,-32.09434371405086,3.21046603866816,1.45322227784592,,,,80.0,2260.0,6.7,745810,543309,650333,630105,456781,673490,595777,701538,665487,53.75,,0.689131,0.7,1.0,0.0,0.0,,29,5,Sweeper,2,0,2,0,0,2,2,0,Standard,Standard,71.0,0.01,0.256,,,,,-0.256,,2,2,0.777,0.777,27,30,28,30,2,1,6.0,2,5.0,3,3.63,-1.07,-1.07,30.3,,,,,,batter
FF,2024-06-14,91.5,-1.08,5.54,"Taylor, Tyrone",621438,663362,,called_strike,,,,,6.0,,R,R,R,NYM,SD,S,,,3,0,2024,-0.67,1.29,0.4076433462932768,2.125546932175693,,,,1,4,Bot,,,,,,,5.260701710929001,-133.0043206474251,-5.545872767652962,-9.08864742482094,29.865530369621027,-15.855971770695016,3.35247454042006,1.52515260629465,,,,92.2,2059.0,6.9,745810,543309,650333,630105,456781,673490,595777,701538,665487,53.62,,,,,,,,29,4,4-Seam Fastball,2,0,2,0,0,2,2,0,Standard,Standard,224.0,-0.003,-0.081,,,,,0.081,,2,2,0.78,0.78,27,30,28,30,2,1,6.0,2,5.0,3,1.45,0.67,0.67,33.2,,,,,,batter
ST,2024-06-14,80.6,-1.35,5.43,"Taylor, Tyrone",621438,663362,,ball,,,,,14.0,,R,R,R,NYM,SD,B,,,2,0,2024,1.03,0.17,1.4675933834686323,1.937012994323993,,,,1,4,Bot,,,,,,,4.317386915592671,-117.28754794247794,-1.289851469793754,8.44380654612658,26.155437920693466,-30.622648516457023,3.28149211247467,1.59703510191212,,,,80.5,2220.0,6.6,745810,543309,650333,630105,456781,673490,595777,701538,665487,53.87,,,,,,,,29,3,Sweeper,2,0,2,0,0,2,2,0,Standard,Standard,87.0,0.005,0.139,,,,,-0.139,,2,2,0.775,0.775,27,30,28,30,2,1,6.0,2,5.0,3,3.39,-1.03,-1.03,33.3,,,,,,batter
ST,2024-06-14,81.5,-1.39,5.37,"Taylor, Tyrone",621438,663362,,ball,,,,,14.0,,R,R,R,NYM,SD,B,,,1,0,2024,0.95,0.35,1.0612927846721716,1.101121990656912,,,,1,4,Bot,,,,,,,3.7079902794093984,-118.55349966396234,-3.617242485318074,8.118316605443457,25.272108318425698,-28.339029554356788,3.32881854873231,1.52515260629465,,,,81.9,2158.0,6.9,745810,543309,650333,630105,456781,673490,595777,701538,665487,53.63,,,,,,,,29,2,Sweeper,2,0,2,0,0,2,2,0,Standard,Standard,76.0,0.003,0.072,,,,,-0.072,,2,2,0.772,0.772,27,30,28,30,2,1,6.0,2,5.0,3,3.11,-0.95,-0.95,32.2,,,,,,batter
KN,2024-06-14,74.6,-1.0,5.7,"Taylor, Tyrone",621438,663362,,ball,,,,,11.0,,R,R,R,NYM,SD,B,,,0,0,2024,0.09,0.32,-1.0588195624077643,4.492477121681743,,,,1,4,Bot,,,,,,,-0.2872609246951491,-108.46125713953433,4.2708011672949855,0.7646295521031428,21.792479908487483,-30.78975164427248,3.1867808950774,1.45322227784592,,,,74.1,159.0,6.3,745810,543309,650333,630105,456781,673490,595777,701538,665487,54.21,,,,,,,,29,1,Knuckleball,2,0,2,0,0,2,2,0,Standard,Standard,22.0,0.002,0.039,,,,,-0.039,,2,2,0.77,0.77,27,30,28,30,2,1,6.0,2,5.0,3,3.83,-0.09,-0.09,40.0,,,,,,batter
SI,2024-06-14,90.9,-1.47,5.43,"Taylor, Tyrone",621438,663362,field_out,hit_into_play,,,,,8.0,"Tyrone Taylor grounds out, third baseman Donovan Solano to first baseman Luis Arraez.",R,R,R,NYM,SD,X,5.0,ground_ball,2,2,2024,-1.18,0.61,-0.1082869897214018,2.0594345225588437,,516782.0,,1,2,Bot,110.34,175.58,,,,,5.982070641254292,-132.20241927431806,-3.83863513168379,-15.144845314721923,29.476725008232076,-24.38735487832037,3.39,1.65,5.0,106.5,-23.0,91.3,1953.0,6.6,745810,543309,650333,630105,456781,673490,595777,701538,665487,53.87,0.149,0.217,0.0,1.0,0.0,0.0,2.0,13,8,Sinker,0,0,0,0,0,0,0,0,Standard,Standard,227.0,-0.031,-0.199,70.6,7.2,,0.153,0.199,106.5,0,0,0.566,0.566,27,30,28,30,1,0,6.0,2,5.0,3,2.16,1.18,1.18,27.5,2.9430558468284373,6.324811204152359,37.3274684588797,35.03881726301971,28.4540377017518,batter
KN,2024-06-14,78.1,-1.13,5.53,"Taylor, Tyrone",621438,663362,,foul,,,,,11.0,,R,R,R,NYM,SD,S,,,2,2,2024,-0.39,-0.33,-1.2885492909535687,3.3207241683166693,,516782.0,,1,2,Bot,,,,,,,0.3632660659043327,-113.6523149735884,2.805869286665354,-3.395060665196329,22.43077017933364,-35.811471975609834,3.39,1.65,89.0,49.2,17.0,78.2,412.0,6.5,745810,543309,650333,630105,456781,673490,595777,701538,665487,53.99,,,,,,,,13,7,Knuckleball,0,0,0,0,0,0,0,0,Standard,Standard,21.0,0.0,0.0,65.9,6.5,,,0.0,88.0,0,0,0.566,0.566,27,30,28,30,1,0,6.0,2,5.0,3,4.09,0.39,0.39,34.4,9.098596403547257,-15.366996606216077,33.64825279785324,19.384976065251315,31.004024429883344,batter
ST,2024-06-14,81.8,-1.58,5.31,"Taylor, Tyrone",621438,663362,,foul,,,,,3.0,,R,R,R,NYM,SD,S,,,2,2,2024,0.92,0.58,0.6952485671085676,2.956120534878486,,516782.0,,1,2,Bot,,,,,,,3.398581463250534,-119.23902431604007,0.0322892393611378,8.31184449968108,19.39105545478522,-26.803358502595767,3.39,1.65,,,,83.2,2290.0,6.8,745810,543309,650333,630105,456781,673490,595777,701538,665487,53.71,,,,,,,,13,6,Sweeper,0,0,0,0,0,0,0,0,Infield shade,Standard,78.0,0.0,0.0,73.4,7.9,,,0.0,,0,0,0.566,0.566,27,30,28,30,1,0,6.0,2,5.0,3,2.78,-0.92,-0.92,27.1,14.605369893160004,-11.609195834089356,27.264148331943566,43.00027102206288,38.18728928102113,batter
ST,2024-06-14,83.0,-1.17,5.34,"Taylor, Tyrone",621438,663362,,ball,,,,,12.0,,R,R,R,NYM,SD,B,,,1,2,2024,1.19,0.27,2.218996298509544,2.7278822466926167,,,516782.0,1,2,Bot,,,,,,,5.491573843271013,-120.77794240308788,-0.0482434854358052,10.605812823461788,22.81994997428728,-29.715957580283423,3.32881854873231,1.50118114165053,,,,84.0,2272.0,6.9,745810,543309,650333,630105,456781,673490,595777,701538,665487,53.63,,,,,,,,13,5,Sweeper,0,0,0,0,0,0,0,0,Infield shade,Standard,81.0,0.021,0.048,,,,,-0.048,,0,0,0.545,0.545,27,30,28,30,1,0,6.0,2,5.0,3,3.03,-1.19,-1.19,29.8,,,,,,batter
KN,2024-06-14,78.2,-0.91,5.66,"Taylor, Tyrone",621438,663362,,foul,,,,,5.0,,R,R,R,NYM,SD,S,,,1,2,2024,-0.77,-0.43,-0.1486847815577683,2.5283450590320498,,,516782.0,1,2,Bot,,,,,,,3.0709811018243096,-113.7797647474094,1.0306196962653975,-7.239240471365175,23.90085999862652,-36.35350039389808,3.39,1.65,311.0,99.4,48.0,77.9,289.0,6.4,745810,543309,650333,630105,456781,673490,595777,701538,665487,54.1,,,,,,,,13,4,Knuckleball,0,0,0,0,0,0,0,0,Standard,Standard,32.0,0.0,0.0,73.4,8.2,,,0.0,99.4,0,0,0.545,0.545,27,30,28,30,1,0,6.0,2,5.0,3,4.21,0.77,0.77,36.2,21.043998619157456,-25.036060083548414,29.49698559982011,33.01592156029169,45.63854130986434,batter
KN,2024-06-14,82.1,-1.31,5.3,"Taylor, Tyrone",621438,663362,,blocked_ball,,,,,14.0,,R,R,R,NYM,SD,B,,,0,2,2024,-0.93,-0.77,1.275355124121159,0.8578945144984833,,,516782.0,1,2,Bot,,,,,,,7.743503288599714,-119.29654285503103,-1.9398700750457816,-10.51436076608842,25.63429489304681,-39.26945304673357,3.28149211247467,1.57307958843963,,,,82.4,217.0,6.8,745810,543309,650333,630105,456781,673490,595777,701538,665487,53.66,,,,,,,,13,3,Knuckleball,0,0,0,0,0,0,0,0,Standard,Standard,8.0,0.003,0.022,,,,,-0.022,,0,0,0.542,0.542,27,30,28,30,1,0,6.0,2,5.0,3,4.19,0.93,0.93,26.8,,,,,,batter
ST,2024-06-14,79.0,-1.31,5.4,"Taylor, Tyrone",621438,663362,,called_strike,,,,,12.0,,R,R,R,NYM,SD,S,,,0,1,2024,0.98,0.75,0.067144887387964,3.557551674912033,,,516782.0,1,2,Bot,,,,,,,1.1749583262963144,-115.16057853797122,1.300852234262164,8.63631302510955,19.05971094942692,-25.80728568525632,3.37962796800525,1.51354857871001,,,,80.0,2224.0,6.6,745810,543309,650333,630105,456781,673490,595777,701538,665487,53.87,,,,,,,,13,2,Sweeper,0,0,0,0,0,0,0,0,Infield shade,Standard,83.0,-0.008,-0.052,,,,,0.052,,0,0,0.55,0.55,27,30,28,30,1,0,6.0,2,5.0,3,2.85,-0.98,-0.98,29.6,,,,,,batter
ST,2024-06-14,81.8,-1.48,5.43,"Taylor, Tyrone",621438,663362,,swinging_strike,,,,,3.0,,R,R,R,NYM,SD,S,,,0,0,2024,1.24,0.59,0.4103726613034673,3.1572943447351256,,,516782.0,1,2,Bot,,,,,,,1.8691310541811117,-119.21790257730775,0.3049828845455912,11.48705542373462,23.18434399135926,-26.83092305605173,3.39,1.65,,,,82.3,2229.0,6.6,745810,543309,650333,630105,456781,673490,595777,701538,665487,53.94,,,,,,,,13,1,Sweeper,0,0,0,0,0,0,0,0,Standard,Standard,83.0,-0.004,-0.04,69.6,7.1,0.873093096,,0.04,,0,0,0.554,0.554,27,30,28,30,1,0,6.0,2,5.0,3,2.81,-1.24,-1.24,28.3,1.5079896264102806,8.956392386577502,30.287577772089502,41.14894955526999,20.986898336713324,batter
ST,2024-06-12,81.8,2.67,5.79,"Taylor, Tyrone",621438,666129,single,hit_into_play,,,,,9.0,Tyrone Taylor singles on a line drive to center fielder Jazz Chisholm Jr.,R,R,L,NYM,MIA,X,8.0,line_drive,1,1,2024,-1.17,-0.37,0.4496255875479419,1.879001118446776,,,,1,3,Bot,116.69,97.08,,,,,-2.759104564339202,-119.06206639104984,-1.5015010161948388,-10.5023466170613,24.382454665801426,-35.58117798618743,3.4,1.66,173.0,92.6,12.0,82.2,2298.0,6.7,745811,663743,669394,672640,656896,641313,650559,665862,667472,53.78,0.868,0.796,0.9,1.0,1.0,0.0,4.0,28,3,Sweeper,5,2,5,2,2,5,5,2,Standard,Standard,321.0,0.012,0.434,72.2,8.1,,0.966,-0.434,92.6,3,3,0.828,0.828,26,30,27,30,2,1,7.0,1,5.0,2,3.79,-1.17,1.17,42.9,9.08474803660628,3.827017254390596,39.24478342417019,41.04041776500575,29.07432298633009,batter
CU,2024-06-12,77.6,2.49,5.93,"Taylor, Tyrone",621438,666129,,ball,,,,,13.0,,R,R,L,NYM,MIA,B,,,0,1,2024,-0.97,-0.71,-0.8430761017850736,1.60981294694071,,,,1,3,Bot,,,,,,,-5.384938504308397,-112.97817826628668,-1.0256504788718628,-7.311992249486669,20.91268998982303,-38.24414945594343,3.34457183136116,1.63704733704223,,,,78.0,2211.0,6.6,745811,663743,669394,672640,656896,641313,650559,665862,667472,53.89,,,,,,,,28,2,Curveball,5,2,5,2,2,5,5,2,Standard,Standard,330.0,0.001,0.024,,,,,-0.024,,3,3,0.827,0.827,26,30,27,30,2,1,7.0,1,5.0,2,4.49,-0.97,0.97,45.9,,,,,,batter
CU,2024-06-12,77.7,2.54,5.85,"Taylor, Tyrone",621438,666129,,foul,,,,,13.0,,R,R,L,NYM,MIA,S,,,0,0,2024,-1.18,-0.75,-0.2751645118331016,0.9271682464693298,,,,1,3,Bot,,,,,,,-3.886471876676055,-113.00775029839696,-2.173480026028867,-9.25244682931875,22.57537820894582,-38.38095110446033,3.4,1.66,,,,77.8,2230.0,6.6,745811,663743,669394,672640,656896,641313,650559,665862,667472,53.9,,,,,,,,28,1,Curveball,5,2,5,2,2,5,5,2,Standard,Standard,323.0,-0.001,-0.037,68.9,8.8,,,0.037,,3,3,0.828,0.828,26,30,27,30,2,1,7.0,1,5.0,2,4.56,-1.18,1.18,48.7,24.578325290012323,-18.017053465534197,47.88567540809189,32.442220732782104,42.81613227708938,batter
FF,2024-06-12,93.2,-2.62,5.49,"Taylor, Tyrone",621438,572143,field_out,hit_into_play,,,,,1.0,Tyrone Taylor pops out to second baseman Otto Lopez.,R,R,R,NYM,MIA,X,4.0,popup,2,0,2024,-0.43,1.4,-0.7805927337613997,2.88375630199019,,,516782.0,2,8,Bot,147.53,151.88,,,,,5.734180893377857,-135.56341536861396,-4.040554585387985,-6.543251446201047,30.25387062904618,-14.253145511172985,3.4,1.66,135.0,71.0,63.0,94.2,2119.0,7.0,745811,663743,669394,672640,656896,641313,650559,665862,660821,53.54,0.003,0.002,0.0,1.0,0.0,0.0,3.0,76,3,4-Seam Fastball,10,4,10,4,4,10,10,4,Standard,Standard,212.0,-0.001,-0.354,63.3,7.2,,0.003,0.354,88.0,6,6,0.998,0.998,34,30,34,30,1,4,3.0,1,30.0,2,1.23,0.43,0.43,37.8,8.848979383788071,-9.074285388077174,39.08152007672273,26.29539373732492,28.6585732655704,batter
FF,2024-06-12,93.2,-2.61,5.5,"Taylor, Tyrone",621438,572143,,ball,,,,,11.0,,R,R,R,NYM,MIA,B,,,1,0,2024,-0.22,1.45,-1.0119143367130925,2.923940749658414,,,516782.0,2,8,Bot,,,,,,,4.65948585115893,-135.6008478268904,-4.079583853555639,-3.769204191914248,29.9023071889421,-13.570601167550246,3.39993242518025,1.66084157900605,,,,94.4,2149.0,7.0,745811,663743,669394,672640,656896,641313,650559,665862,660821,53.5,,,,,,,,76,2,4-Seam Fastball,10,4,10,4,4,10,10,4,Standard,Standard,203.0,0.0,0.05,,,,,-0.05,,6,6,0.998,0.998,34,30,34,30,1,4,3.0,1,30.0,2,1.17,0.22,0.22,35.1,,,,,,batter
CU,2024-06-12,79.1,-2.46,5.87,"Taylor, Tyrone",621438,572143,,ball,,,,,11.0,,R,R,R,NYM,MIA,B,,,0,0,2024,1.03,-1.14,-0.8380566366071404,3.495344733284228,,,516782.0,2,8,Bot,,,,,,,1.6189743374494552,-114.98178101519107,3.83765244831989,8.754945982036547,23.532390162918794,-43.22147536721974,3.29727576667138,1.58900030936714,,,,79.0,2356.0,6.5,745811,663743,669394,672640,656896,641313,650559,665862,660821,53.97,,,,,,,,76,1,Curveball,10,4,10,4,4,10,10,4,Standard,Standard,43.0,0.0,0.034,,,,,-0.034,,6,6,0.998,0.998,34,30,34,30,1,4,3.0,1,30.0,2,4.82,-1.03,-1.03,44.4,,,,,,batter
SI,2024-06-12,89.4,3.02,5.65,"Taylor, Tyrone",621438,666129,single,hit_into_play,,,,,8.0,Tyrone Taylor singles on a sharp line drive to left fielder Bryan De La Cruz.,R,R,L,NYM,MIA,X,7.0,line_drive,2,1,2024,1.55,0.58,0.0643923079128412,1.852792897431049,,,,0,2,Bot,75.58,85.35,,,,,-10.726149998370015,-129.6289577711869,-4.58345560449671,19.711548113391768,27.46842993512991,-24.86166659289733,3.4,1.66,200.0,109.0,11.0,90.7,2118.0,7.3,745811,663743,669394,672640,656896,641313,650559,665862,667472,53.17,0.921,0.948,0.9,1.0,1.0,0.0,5.0,15,4,Sinker,2,2,2,2,2,2,2,2,Standard,Standard,130.0,0.034,0.407,75.5,8.0,,1.259,-0.407,109.0,0,0,0.555,0.555,26,30,27,30,1,0,7.0,1,5.0,2,2.3,1.55,-1.55,44.4,12.109290789585804,-4.039211896266346,41.26307499577711,36.02404763728612,31.325659932146145,batter
ST,2024-06-12,81.5,2.73,5.71,"Taylor, Tyrone",621438,666129,,ball,,,,,13.0,,R,R,L,NYM,MIA,B,,,1,1,2024,-1.25,-0.2,-1.1776620898937595,0.909565031286918,,,,0,2,Bot,,,,,,,-6.423364258006084,-118.51715431348524,-3.7828635436319225,-10.40833998829843,24.388677551647937,-33.48373239211356,3.36822126308088,1.58915043424419,,,,82.1,2373.0,6.9,745811,663743,669394,672640,656896,641313,650559,665862,667472,53.63,,,,,,,,15,3,Sweeper,2,2,2,2,2,2,2,2,Standard,Standard,328.0,0.005,0.053,,,,,-0.053,,0,0,0.55,0.55,26,30,27,30,1,0,7.0,1,5.0,2,3.66,-1.25,1.25,43.0,,,,,,batter
ST,2024-06-12,83.4,2.76,5.76,"Taylor, Tyrone",621438,666129,,ball,,,,,13.0,,R,R,L,NYM,MIA,B,,,0,1,2024,-1.0,-0.02,-0.8959481690734311,2.022428782905253,,,,0,2,Bot,,,,,,,-6.502825782256267,-121.33466287700476,-2.088230905807726,-8.465154386151765,25.093714855499865,-32.19528803029458,3.39989321074717,1.68492279482064,,,,83.9,2346.0,6.8,745811,663743,669394,672640,656896,641313,650559,665862,667472,53.71,,,,,,,,15,2,Sweeper,2,2,2,2,2,2,2,2,Standard,Standard,313.0,0.002,0.025,,,,,-0.025,,0,0,0.548,0.548,26,30,27,30,1,0,7.0,1,5.0,2,3.32,-1.0,1.0,42.1,,,,,,batter
SI,2024-06-12,89.4,2.87,5.8,"Taylor, Tyrone",621438,666129,,called_strike,,,,,13.0,,R,R,L,NYM,MIA,S,,,0,0,2024,1.53,0.59,-0.4839823802538663,1.442990196090927,,,,0,2,Bot,,,,,,,-11.646916977677297,-129.55233542661014,-6.000837081797546,19.68538584419699,26.98473374383525,-24.44000353774555,3.27359438090433,1.56519394393116,,,,90.5,2071.0,7.2,745811,663743,669394,672640,656896,641313,650559,665862,667472,53.31,,,,,,,,15,1,Sinker,2,2,2,2,2,2,2,2,Standard,Standard,137.0,-0.003,-0.037,,,,,0.037,,0,0,0.551,0.551,26,30,27,30,1,0,7.0,1,5.0,2,2.29,1.53,-1.53,41.2,,,,,,batter
SL,2024-06-12,86.1,-1.75,5.12,"Taylor, Tyrone",621438,686539,single,hit_into_play,,,,,5.0,Tyrone Taylor singles on a line drive to center fielder Jazz Chisholm Jr. Pete Alonso to 3rd. Starling Marte to 2nd.,R,R,R,NYM,MIA,X,8.0,line_drive,1,0,2024,0.27,-0.29,0.2749374503996367,2.204513501033097,,624413.0,516782.0,1,7,Bot,102.85,70.3,,,,,4.2616311847894295,-125.40123416569897,-0.1138710360914581,1.9637710334201184,25.35050781425908,-35.40877582113296,3.4,1.66,325.0,97.3,19.0,86.0,2917.0,6.2,745811,663743,669394,672640,656896,641313,650559,665862,660821,54.34,0.329,0.379,0.9,1.0,1.0,0.0,4.0,63,2,Slider,6,4,6,4,4,6,6,4,Standard,Standard,59.0,0.022,0.45,71.8,7.8,,0.574,-0.45,97.3,2,2,0.906,0.906,26,30,27,30,1,3,4.0,1,2.0,2,3.36,-0.27,-0.27,23.3,7.289216410372062,-0.2714936051130783,34.34223563124651,37.785076459457656,29.877710025633583,batter
FF,2024-06-12,91.8,-1.65,5.09,"Taylor, Tyrone",621438,686539,,ball,,,,,14.0,,R,R,R,NYM,MIA,B,,,0,0,2024,-0.94,1.29,1.1186470180088444,1.6803162851975249,,624413.0,516782.0,1,7,Bot,,,,,,,8.985908537651412,-133.35846058058783,-5.5546861949215565,-13.097864612335824,27.821176101149703,-15.757482493906672,3.24993637227264,1.66079269639712,,,,91.5,2518.0,6.1,745811,663743,669394,672640,656896,641313,650559,665862,660821,54.36,,,,,,,,63,1,4-Seam Fastball,6,4,6,4,4,6,6,4,Standard,Standard,236.0,0.003,0.03,,,,,-0.03,,2,2,0.903,0.903,26,30,27,30,1,3,4.0,1,2.0,2,1.42,0.94,0.94,22.5,,,,,,batter
SI,2024-06-12,94.8,-1.38,5.46,"Taylor, Tyrone",621438,608638,double,hit_into_play,,,,,6.0,Tyrone Taylor doubles (7) on a line drive to center fielder Jazz Chisholm Jr.,R,R,R,NYM,MIA,X,8.0,line_drive,0,1,2024,-1.58,0.74,0.4285790833726222,2.525092698667889,,,,2,5,Bot,164.96,50.2,,,,,8.259961571180943,-137.8718831118482,-3.665313311008368,-22.03197137094583,30.85102664254196,-22.054872036206188,3.4,1.66,380.0,99.9,23.0,94.6,2180.0,6.2,745811,663743,669394,672640,656896,641313,650559,665862,667472,54.25,0.395,0.6679999999999999,1.25,1.0,1.0,1.0,5.0,48,2,Sinker,6,4,6,4,4,6,6,4,Standard,Standard,238.0,0.018,0.655,69.4,7.7,,1.25,-0.655,99.9,2,2,0.785,0.785,33,30,34,30,1,2,,1,2.0,2,1.8,1.58,1.58,28.9,6.321600470552209,3.0695840624552027,32.235211283365686,40.40281157780952,25.07589958689112,batter
SI,2024-06-12,94.7,-1.6,5.35,"Taylor, Tyrone",621438,608638,,called_strike,,,,,3.0,,R,R,R,NYM,MIA,S,,,0,0,2024,-1.74,0.4,0.318426507291808,3.455480824197692,,,,2,5,Bot,,,,,,,8.86984563712104,-137.64402642052573,-0.1414616449518807,-24.11076571233612,30.93581020232345,-27.268930988496702,3.55621786641643,1.67716820293032,,,,94.4,2219.0,6.2,745811,663743,669394,672640,656896,641313,650559,665862,667472,54.27,,,,,,,,48,1,Sinker,6,4,6,4,4,6,6,4,Standard,Standard,238.0,-0.001,-0.041,,,,,0.041,,2,2,0.786,0.786,33,30,34,30,1,2,,1,2.0,2,2.15,1.74,1.74,30.6,,,,,,batter
FF,2024-06-11,97.0,2.48,5.23,"Taylor, Tyrone",621438,656945,field_out,hit_into_play,,,,,2.0,"Tyrone Taylor grounds out, second baseman Otto Lopez to first baseman Jake Burger.",R,R,L,NYM,MIA,X,4.0,ground_ball,1,2,2024,0.31,1.38,-0.130793350536464,3.142186251685902,,,,2,9,Bot,145.17,148.35,,,,,-7.733666589234732,-141.1066041591766,-3.2499221118560406,5.809273094178799,30.94613063361996,-13.091399104348127,3.4,1.66,27.0,68.3,-4.0,97.6,2592.0,6.6,745815,663743,669394,672640,656896,641313,624503,665862,660821,53.92,0.091,0.082,0.0,1.0,0.0,0.0,2.0,70,4,4-Seam Fastball,2,4,2,4,4,2,2,4,Standard,Standard,160.0,-0.015,-0.18,64.5,6.3,,0.115,0.18,88.0,-2,-2,0.015,0.015,29,30,30,30,1,0,4.0,2,2.0,1,1.03,0.31,-0.31,37.5,0.1386198605855281,20.28238722444261,29.437512074893064,33.55467580558527,20.174364252241595,batter
FF,2024-06-11,95.7,2.52,5.12,"Taylor, Tyrone",621438,656945,,foul,,,,,3.0,,R,R,L,NYM,MIA,S,,,1,1,2024,0.29,1.33,0.7122491426253479,3.292011030534525,,,,2,9,Bot,,,,,,,-5.476897545267118,-139.34818479851856,-2.230141479551539,5.0156996110420495,31.98981941648816,-14.620896563441642,3.4,1.66,,,,96.6,2583.0,6.8,745815,663743,669394,672640,656896,641313,624503,665862,660821,53.67,,,,,,,,70,3,4-Seam Fastball,2,4,2,4,4,2,2,4,Standard,Standard,141.0,0.0,-0.064,69.0,6.8,,,0.064,,-2,-2,0.015,0.015,29,30,30,30,1,0,4.0,2,2.0,1,1.16,0.29,-0.29,40.2,3.460195383653214,21.600050465793103,27.41571663682376,44.95163188784801,15.798021878503684,batter
FF,2024-06-11,96.1,2.58,5.06,"Taylor, Tyrone",621438,656945,,ball,,,,,9.0,,R,R,L,NYM,MIA,B,,,0,1,2024,0.68,1.44,0.8182134849038073,1.594704936234883,,,,2,9,Bot,,,,,,,-6.2582914114178685,-139.708069856998,-6.907164824575383,10.33601966998897,30.097152420811533,-11.931994832917365,3.42241108363056,1.64297393929083,,,,96.9,2654.0,6.7,745815,663743,669394,672640,656896,641313,624503,665862,660821,53.8,,,,,,,,70,2,4-Seam Fastball,2,4,2,4,4,2,2,4,Standard,Standard,144.0,0.0,0.029,,,,,-0.029,,-2,-2,0.015,0.015,29,30,30,30,1,0,4.0,2,2.0,1,1.02,0.68,-0.68,33.2,,,,,,batter
SL,2024-06-11,86.9,2.53,5.12,"Taylor, Tyrone",621438,656945,,called_strike,,,,,3.0,,R,R,L,NYM,MIA,S,,,0,0,2024,-0.88,-0.36,0.6019312820894978,2.8530242045205765,,,,2,9,Bot,,,,,,,-2.819849457124384,-126.560883230951,1.449710807203244,-8.977611103510068,24.409893059745084,-36.586251891998806,3.32676003940069,1.64297393929083,,,,87.1,2752.0,6.2,745815,663743,669394,672640,656896,641313,624503,665862,660821,54.28,,,,,,,,70,1,Slider,2,4,2,4,4,2,2,4,Standard,Standard,287.0,0.0,-0.041,,,,,0.041,,-2,-2,0.015,0.015,29,30,30,30,1,0,4.0,2,2.0,1,3.36,-0.88,0.88,35.4,,,,,,batter
FS,2024-06-09,86.1,-1.89,6.24,"Taylor, Tyrone",621438,592836,strikeout,swinging_strike_blocked,,,,,14.0,Tyrone Taylor strikes out swinging.,R,R,R,PHI,NYM,S,2.0,,2,2,2024,-0.87,0.05,0.7636254973018779,0.6497282218529912,,,,1,5,Top,,,,,,,8.057427146796021,-125.019442184659,-7.14398654554539,-10.669740484132983,24.006604179346503,-30.392480418041416,3.4,1.66,,,,,,,745571,592663,547180,642215,664761,624641,593160,679032,592206,54.13,,0.0,0.0,1.0,0.0,0.0,,35,6,Split-Finger,3,0,0,3,0,3,0,3,,,,0.014,-0.225,,,,,0.225,,3,-3,0.861,0.139,31,30,32,30,2,1,7.0,4,6.0,2,3.02,0.87,0.87,,,,,,,batter
FF,2024-06-09,91.4,-1.54,6.5,"Taylor, Tyrone",621438,592836,,ball,,,,,12.0,,R,R,R,PHI,NYM,B,,,1,2,2024,-0.66,1.54,1.5509939303788658,2.689991018375107,,,,1,5,Top,,,,,,,9.184515967028435,-132.64343163820578,-7.015279917619885,-9.72799717546471,28.681355101927284,-12.625747656014012,3.4,1.66,,,,,,,745571,592663,547180,642215,664761,624641,593160,679032,592206,54.13,,,,,,,,35,5,4-Seam Fastball,3,0,0,3,0,3,0,3,,,,-0.003,0.043,,,,,-0.043,,3,-3,0.864,0.136,31,30,32,30,2,1,7.0,4,6.0,2,1.21,0.66,0.66,,,,,,,batter
SI,2024-06-09,91.4,-1.67,6.46,"Taylor, Tyrone",621438,592836,,foul,,,,,2.0,,R,R,R,PHI,NYM,S,,,1,2,2024,-1.5,0.89,0.261237489147146,2.8732717693521788,,,,1,5,Top,,,,,,,8.102138595647608,-132.85305897609564,-5.071004538204728,-19.505844059646837,29.36304741423877,-20.66135479407571,3.4,1.66,203.0,66.1,33.0,,,,745571,592663,547180,642215,664761,624641,593160,679032,592206,54.13,,,,,,,,35,4,Sinker,3,0,0,3,0,3,0,3,,,,0.0,0.0,,,,,0.0,88.0,3,-3,0.864,0.136,31,30,32,30,2,1,7.0,4,6.0,2,1.85,1.5,1.5,,,,,,,batter
FS,2024-06-09,85.6,-1.92,6.35,"Taylor, Tyrone",621438,592836,,swinging_strike,,,,,14.0,,R,R,R,PHI,NYM,S,,,1,1,2024,-0.82,0.0,0.1306806604983144,1.2458943550606023,,,,1,5,Top,,,,,,,6.490469828819371,-124.37147492553837,-5.756877747509493,-9.818529141173467,25.261017522347043,-31.1586626693014,3.4,1.66,,,,,,,745571,592663,547180,642215,664761,624641,593160,679032,592206,54.13,,,,,,,,35,3,Split-Finger,3,0,0,3,0,3,0,3,,,,0.004,-0.061,,,,,0.061,,3,-3,0.86,0.14,31,30,32,30,2,1,7.0,4,6.0,2,3.12,0.82,0.82,,,,,,,batter
FF,2024-06-09,90.7,-1.7,6.53,"Taylor, Tyrone",621438,592836,,ball,,,,,12.0,,R,R,R,PHI,NYM,B,,,0,1,2024,-0.68,1.54,0.7781644562083424,5.466157798722797,,,,1,5,Top,,,,,,,7.639934059750006,-131.7423001586937,0.050293554789659,-9.63011791774896,31.52261741614207,-14.66196228871136,3.4,1.66,,,,,,,745571,592663,547180,642215,664761,624641,593160,679032,592206,54.13,,,,,,,,35,2,4-Seam Fastball,3,0,0,3,0,3,0,3,,,,-0.001,0.024,,,,,-0.024,,3,-3,0.861,0.139,31,30,32,30,2,1,7.0,4,6.0,2,1.27,0.68,0.68,,,,,,,batter
FC,2024-06-09,85.7,-1.84,6.41,"Taylor, Tyrone",621438,592836,,called_strike,,,,,12.0,,R,R,R,PHI,NYM,S,,,0,0,2024,-0.03,1.3,0.8340449661701501,2.966248997428857,,,,1,5,Top,,,,,,,6.380468921779491,-124.61443666325836,-4.4852720811232825,-1.6193816266404275,25.172654986047043,-17.89435434260756,3.4,1.66,,,,,,,745571,592663,547180,642215,664761,624641,593160,679032,592206,54.14,,,,,,,,35,1,Cutter,3,0,0,3,0,3,0,3,,,,0.002,-0.037,,,,,0.037,,3,-3,0.859,0.141,31,30,32,30,2,1,7.0,4,6.0,2,1.81,0.03,0.03,,,,,,,batter
SL,2024-06-09,84.7,-2.01,6.42,"Taylor, Tyrone",621438,592836,field_out,hit_into_play,,,,,6.0,Tyrone Taylor flies out to right fielder Nick Castellanos.,R,R,R,PHI,NYM,X,9.0,fly_ball,2,2,2024,0.72,0.83,0.7263235912414104,2.596034076969714,,,,2,2,Top,170.19,101.27,,,,,4.955034974343938,-123.18460948300633,-4.229209211438226,6.328420256967572,24.904363014340685,-23.06573628204565,3.4,1.66,267.0,79.8,49.0,,,,745571,592663,547180,642215,664761,624641,593160,679032,592206,54.13,0.05,0.062,0.0,1.0,0.0,0.0,3.0,11,5,Slider,1,0,0,1,0,1,0,1,,,,0.009,-0.219,,,,0.085,0.219,88.0,1,-1,0.647,0.353,31,30,32,30,1,0,7.0,4,6.0,2,2.35,-0.72,-0.72,,,,,,,batter
FS,2024-06-09,86.8,-2.02,6.33,"Taylor, Tyrone",621438,592836,,foul,,,,,11.0,,R,R,R,PHI,NYM,S,,,2,1,2024,-0.9,0.29,-1.162586949763117,2.843881436746778,,,,2,2,Top,,,,,,,3.916732218440964,-126.3946585717662,-2.7270642495576283,-10.4789729439512,27.64578158202601,-28.683466076213453,3.4,1.66,42.0,44.8,6.0,,,,745571,592663,547180,642215,664761,624641,593160,679032,592206,54.13,,,,,,,,11,4,Split-Finger,1,0,0,1,0,1,0,1,,,,0.003,-0.084,,,,,0.084,88.0,1,-1,0.644,0.356,31,30,32,30,1,0,7.0,4,6.0,2,2.75,0.9,0.9,,,,,,,batter
FS,2024-06-09,87.8,-1.97,6.31,"Taylor, Tyrone",621438,592836,,ball,,,,,14.0,,R,R,R,PHI,NYM,B,,,1,1,2024,-0.94,0.37,0.4931866559640795,0.9861687598265116,,,,2,2,Top,,,,,,,7.90176567048563,-127.4426062898792,-7.470434496694496,-11.921532495750377,27.65648420984611,-26.75059723668448,3.4,1.66,,,,,,,745571,592663,547180,642215,664761,624641,593160,679032,592206,54.13,,,,,,,,11,3,Split-Finger,1,0,0,1,0,1,0,1,,,,-0.002,0.058,,,,,-0.058,,1,-1,0.646,0.354,31,30,32,30,1,0,7.0,4,6.0,2,2.62,0.94,0.94,,,,,,,batter
FF,2024-06-09,92.3,-1.77,6.41,"Taylor, Tyrone",621438,592836,,called_strike,,,,,5.0,,R,R,R,PHI,NYM,S,,,1,0,2024,-0.69,1.57,0.051130927227336,2.3801589945875654,,,,2,2,Top,,,,,,,6.115609637641799,-134.06085064262456,-7.778095558136004,-9.64063142532177,31.2837723755176,-11.782740243926504,3.4,1.66,,,,,,,745571,592663,547180,642215,664761,624641,593160,679032,592206,54.13,,,,,,,,11,2,4-Seam Fastball,1,0,0,1,0,1,0,1,,,,0.002,-0.051,,,,,0.051,,1,-1,0.644,0.356,31,30,32,30,1,0,7.0,4,6.0,2,1.14,0.69,0.69,,,,,,,batter
SL,2024-06-09,85.0,-1.93,6.39,"Taylor, Tyrone",621438,592836,,ball,,,,,14.0,,R,R,R,PHI,NYM,B,,,0,0,2024,0.53,0.67,1.5528436990111727,1.8888181550050755,,,,2,2,Top,,,,,,,7.101275977499647,-123.49233011806044,-5.532107180308046,3.9636466669757073,25.33962634498104,-24.410362369084663,3.4,1.66,,,,,,,745571,592663,547180,642215,664761,624641,593160,679032,592206,54.13,,,,,,,,11,1,Slider,1,0,0,1,0,1,0,1,,,,-0.001,0.04,,,,,-0.04,,1,-1,0.645,0.355,31,30,32,30,1,0,7.0,4,6.0,2,2.5,-0.53,-0.53,,,,,,,batter
FC,2024-06-09,92.2,0.91,6.61,"Taylor, Tyrone",621438,621237,walk,ball,,,,,11.0,Tyrone Taylor walks.,R,R,L,PHI,NYM,B,,,3,2,2024,0.15,0.17,-0.9518937924006738,2.745746360321616,,,,0,9,Top,,,,,,,-5.064059130533432,-134.21734136697663,-4.359629385635253,2.8828537716571554,29.46775268608316,-29.36166387268925,3.4,1.66,,,,,,,745571,592663,547180,681082,664761,624641,593160,665506,592206,54.14,,0.689131,0.7,1.0,0.0,0.0,,69,9,Cutter,4,3,3,4,3,4,3,4,,,,-0.099,0.371,,,,,-0.371,,1,-1,0.817,0.183,29,30,29,30,1,3,4.0,4,2.0,2,2.51,0.15,-0.15,,,,,,,batter
SI,2024-06-09,99.6,1.0,6.65,"Taylor, Tyrone",621438,621237,,foul,,,,,9.0,,R,R,L,PHI,NYM,S,,,3,2,2024,0.85,1.45,0.362514989974679,1.880040173924875,,,,0,9,Top,,,,,,,-3.7357118324135294,-144.60558505511204,-11.057525177922,12.7693833569301,35.45684152324141,-9.376955052917346,3.4,1.66,219.0,76.0,26.0,,,,745571,592663,547180,681082,664761,624641,593160,665506,592206,54.13,,,,,,,,69,8,Sinker,4,3,3,4,3,4,3,4,,,,0.0,0.0,,,,,0.0,88.0,1,-1,0.817,0.183,29,30,29,30,1,3,4.0,4,2.0,2,0.87,0.85,-0.85,,,,,,,batter
FF,2024-06-09,95.2,1.97,5.32,"Taylor, Tyrone",621438,621381,strikeout,swinging_strike,,,,,12.0,Tyrone Taylor strikes out swinging.,R,R,L,PHI,NYM,S,2.0,,1,2,2024,1.18,1.38,0.9571407563928502,3.538681436842173,,502110.0,664056.0,2,6,Top,,,,,,,-5.328557508577399,-138.40497901618815,-2.060809120152924,16.40945248898447,35.0456207291242,-14.297262322499977,3.4,1.66,,,,,,,745571,592663,547180,642215,664761,624641,593160,679032,592206,54.13,,0.0,0.0,1.0,0.0,0.0,,48,7,4-Seam Fastball,3,3,3,3,3,3,3,3,,,,0.047,-0.189,,,,,0.189,,0,0,0.529,0.471,32,30,33,30,1,2,5.0,4,2.0,2,1.17,1.18,-1.18,,,,,,,batter
FC,2024-06-09,94.2,1.07,6.62,"Taylor, Tyrone",621438,621237,,ball,,,,,13.0,,R,R,L,PHI,NYM,B,,,2,2,2024,0.05,0.54,-1.4422312886794153,1.666581228486601,,,,0,9,Top,,,,,,,-6.630663880436002,-136.84289081617774,-8.341533831469196,2.123334387995738,30.09044584042147,-23.72761139153729,3.4,1.66,,,,,,,745571,592663,547180,681082,664761,624641,593160,665506,592206,54.13,,,,,,,,69,7,Cutter,4,3,3,4,3,4,3,4,,,,-0.029,0.107,,,,,-0.107,,1,-1,0.846,0.154,29,30,29,30,1,3,4.0,4,2.0,2,2.04,0.05,-0.05,,,,,,,batter
FC,2024-06-09,94.6,0.98,6.72,"Taylor, Tyrone",621438,621237,,foul,,,,,7.0,,R,R,L,PHI,NYM,S,,,2,2,2024,0.16,0.34,-0.7271127726041802,2.055019979625186,,,,0,9,Top,,,,,,,-4.810719968461204,-137.58235437943804,-7.252878109378058,3.080341784226966,30.39293505466565,-26.47395152667371,3.4,1.66,,,,,,,745571,592663,547180,681082,664761,624641,593160,665506,592206,54.13,,,,,,,,69,6,Cutter,4,3,3,4,3,4,3,4,,,,0.0,0.0,,,,,0.0,,1,-1,0.846,0.154,29,30,29,30,1,3,4.0,4,2.0,2,2.21,0.16,-0.16,,,,,,,batter
FF,2024-06-09,95.0,1.82,5.41,"Taylor, Tyrone",621438,621381,,foul,,,,,11.0,,R,R,L,PHI,NYM,S,,,1,2,2024,0.87,1.65,-0.8297815931268983,3.976544747671715,,502110.0,664056.0,2,6,Top,,,,,,,-8.897455355191173,-138.0103538349713,-1.7194983279900804,13.28317918236271,34.04649756721122,-11.052289483900756,3.4,1.66,,,,,,,745571,592663,547180,642215,664761,624641,593160,679032,592206,54.13,,,,,,,,48,6,4-Seam Fastball,3,3,3,3,3,3,3,3,,,,0.0,0.0,,,,,0.0,,0,0,0.529,0.471,32,30,33,30,1,2,5.0,4,2.0,2,0.91,0.87,-0.87,,,,,,,batter
FF,2024-06-09,94.3,1.89,5.31,"Taylor, Tyrone",621438,621381,,foul,,,,,7.0,,R,R,L,PHI,NYM,S,,,1,2,2024,1.25,1.45,-0.3938277172610858,2.127771772857828,,502110.0,664056.0,2,6,Top,,,,,,,-8.713512822674746,-136.9775891261795,-5.743883854380639,17.66526063182105,32.784396290124725,-12.891307158675296,3.4,1.66,213.0,72.3,27.0,,,,745571,592663,547180,642215,664761,624641,593160,679032,592206,54.13,,,,,,,,48,5,4-Seam Fastball,3,3,3,3,3,3,3,3,,,,0.0,0.0,,,,,0.0,88.0,0,0,0.529,0.471,32,30,33,30,1,2,5.0,4,2.0,2,1.14,1.25,-1.25,,,,,,,batter
FC,2024-06-09,92.7,0.99,6.64,"Taylor, Tyrone",621438,621237,,foul,,,,,13.0,,R,R,L,PHI,NYM,S,,,2,2,2024,-0.09,0.39,-1.0721692768099795,1.5036497539824702,,,,0,9,Top,,,,,,,-5.065801998010707,-134.81994037123496,-8.189879634560944,-0.028661203962007,29.31581067238702,-25.78198914672057,3.4,1.66,,,,,,,745571,592663,547180,681082,664761,624641,593160,665506,592206,54.13,,,,,,,,69,5,Cutter,4,3,3,4,3,4,3,4,,,,0.0,0.0,,,,,0.0,,1,-1,0.846,0.154,29,30,29,30,1,3,4.0,4,2.0,2,2.26,-0.09,0.09,,,,,,,batter
SI,2024-06-09,98.6,1.04,6.6,"Taylor, Tyrone",621438,621237,,called_strike,,,,,7.0,,R,R,L,PHI,NYM,S,,,2,1,2024,0.89,1.38,-0.6764977126061148,1.8364472545750985,,,,0,9,Top,,,,,,,-6.72682281394492,-143.078763796419,-10.658700256003328,13.832495471079827,32.464659478199295,-10.967075297204122,3.4,1.66,,,,,,,745571,592663,547180,681082,664761,624641,593160,665506,592206,54.13,,,,,,,,69,4,Sinker,4,3,3,4,3,4,3,4,,,,0.023,-0.069,,,,,0.069,,1,-1,0.823,0.177,29,30,29,30,1,3,4.0,4,2.0,2,0.98,0.89,-0.89,,,,,,,batter
SL,2024-06-09,81.3,1.93,5.42,"Taylor, Tyrone",621438,621381,,ball,,,,,13.0,,R,R,L,PHI,NYM,B,,,0,2,2024,-1.36,-0.28,-0.4593830972568544,1.0334205223128885,,502110.0,664056.0,2,6,Top,,,,,,,-2.7479216044805943,-118.26903296664346,-2.5882326549905006,-12.03758218688746,25.727476501662583,-34.47181980817682,3.4,1.66,,,,,,,745571,592663,547180,642215,664761,624641,593160,679032,592206,54.13,,,,,,,,48,4,Slider,3,3,3,3,3,3,3,3,,,,-0.007,0.003,,,,,-0.003,,0,0,0.536,0.464,32,30,33,30,1,2,5.0,4,2.0,2,3.77,-1.36,1.36,,,,,,,batter
FF,2024-06-09,93.8,1.91,5.37,"Taylor, Tyrone",621438,621381,,foul,,,,,2.0,,R,R,L,PHI,NYM,S,,,0,2,2024,1.17,1.32,0.2529182938688601,3.453351824601275,,502110.0,664056.0,2,6,Top,,,,,,,-6.872318177279869,-136.42338059948503,-2.1098490026110586,16.137708542692327,31.798751069577307,-15.45674238370505,3.4,1.66,236.0,73.9,32.0,,,,745571,592663,547180,642215,664761,624641,593160,679032,592206,54.13,,,,,,,,48,3,4-Seam Fastball,3,3,3,3,3,3,3,3,,,,0.0,0.0,,,,,0.0,88.0,0,0,0.536,0.464,32,30,33,30,1,2,5.0,4,2.0,2,1.28,1.17,-1.17,,,,,,,batter
SI,2024-06-09,98.8,1.12,6.61,"Taylor, Tyrone",621438,621237,,ball,,,,,11.0,,R,R,L,PHI,NYM,B,,,1,1,2024,1.01,1.37,-0.96381145151826,3.138694040384212,,,,0,9,Top,,,,,,,-8.038035157838149,-143.594857010886,-7.205420617392503,15.870635579202128,32.64401713652626,-11.75121370602881,3.4,1.66,,,,,,,745571,592663,547180,681082,664761,624641,593160,665506,592206,54.13,,,,,,,,69,3,Sinker,4,3,3,4,3,4,3,4,,,,-0.016,0.053,,,,,-0.053,,1,-1,0.839,0.161,29,30,29,30,1,3,4.0,4,2.0,2,0.97,1.01,-1.01,,,,,,,batter
FF,2024-06-09,93.6,1.92,5.44,"Taylor, Tyrone",621438,621381,,swinging_strike,,,,,11.0,,R,R,L,PHI,NYM,S,,,0,1,2024,1.22,1.35,-0.0348062086419564,3.7366779478397736,,502110.0,664056.0,2,6,Top,,,,,,,-7.748674066479145,-136.12363181044338,-1.6170042348660312,16.893923250532715,31.56048286910311,-15.237711965576604,3.4,1.66,,,,,,,745571,592663,547180,642215,664761,624641,593160,679032,592206,54.13,,,,,,,,48,2,4-Seam Fastball,3,3,3,3,3,3,3,3,,,,0.017,-0.046,,,,,0.046,,0,0,0.519,0.481,32,30,33,30,1,2,5.0,4,2.0,2,1.26,1.22,-1.22,,,,,,,batter
SI,2024-06-09,98.0,1.07,6.66,"Taylor, Tyrone",621438,621237,,foul,,,,,12.0,,R,R,L,PHI,NYM,S,,,1,0,2024,1.02,1.31,0.6735331200625806,3.5765368415662544,,,,0,9,Top,,,,,,,-3.450256806439697,-142.660393045818,-5.86876317392989,14.732267702283734,34.10592531778449,-13.201181863513035,3.4,1.66,,,,,,,745571,592663,547180,681082,664761,624641,593160,665506,592206,54.13,,,,,,,,69,2,Sinker,4,3,3,4,3,4,3,4,,,,0.016,-0.049,,,,,0.049,,1,-1,0.823,0.177,29,30,29,30,1,3,4.0,4,2.0,2,1.07,1.02,-1.02,,,,,,,batter
SL,2024-06-09,81.1,1.92,5.52,"Taylor, Tyrone",621438,621381,,swinging_strike,,,,,9.0,,R,R,L,PHI,NYM,S,,,0,0,2024,-0.76,0.27,0.4946810433337679,1.854769573996736,,502110.0,664056.0,2,6,Top,,,,,,,-1.7417425828617643,-118.16185831686832,-2.0888420469426445,-6.760442471102283,22.61229968685336,-29.505696285909348,3.4,1.66,,,,,,,745571,592663,547180,642215,664761,624641,593160,679032,592206,54.13,,,,,,,,48,1,Slider,3,3,3,3,3,3,3,3,,,,0.01,-0.048,,,,,0.048,,0,0,0.509,0.491,32,30,33,30,1,2,5.0,4,2.0,2,3.19,-0.76,0.76,,,,,,,batter
FC,2024-06-09,92.1,0.94,6.75,"Taylor, Tyrone",621438,621237,,ball,,,,,13.0,,R,R,L,PHI,NYM,B,,,0,0,2024,0.05,0.27,-1.4278233692490705,1.706813111836898,,,,0,9,Top,,,,,,,-6.104453827521724,-133.87595691486987,-7.544145253309168,1.8962367813556136,29.39698608645765,-27.459067212145406,3.4,1.66,,,,,,,745571,592663,547180,681082,664761,624641,593160,665506,592206,54.13,,,,,,,,69,1,Cutter,4,3,3,4,3,4,3,4,,,,-0.012,0.038,,,,,-0.038,,1,-1,0.835,0.165,29,30,29,30,1,3,4.0,4,2.0,2,2.43,0.05,-0.05,,,,,,,batter
SI,2024-06-05,91.0,2.36,6.42,"Taylor, Tyrone",621438,571578,triple,hit_into_play,,,,,6.0,Tyrone Taylor triples (1) on a sharp fly ball to right fielder Eddie Rosario.,R,R,L,WSH,NYM,X,9.0,fly_ball,1,0,2024,1.01,0.87,0.6167921670137594,2.2246711638475145,,,,1,5,Top,150.25,56.8,,,,,-6.574515783234896,-132.3406441222193,-6.558878490307875,13.219344107521993,24.904738940442297,-20.816323056362155,3.4,1.66,390.0,100.0,29.0,91.8,2070.0,6.5,744852,660688,608336,671277,545121,682928,608385,696285,592696,53.97,0.515,1.0012424242424245,1.6,1.0,1.0,2.0,6.0,28,2,Sinker,0,1,1,0,1,0,1,0,Standard,Standard,145.0,-0.077,1.049,74.7,7.8,,1.939,-1.049,100.0,-1,1,0.383,0.617,34,30,35,30,2,1,5.0,3,8.0,4,1.86,1.01,-1.01,39.8,9.569147516614152,2.8110854453381817,35.45467733635697,42.93496980914252,28.863768858936865,batter
SL,2024-06-05,73.4,2.56,6.55,"Taylor, Tyrone",621438,571578,,ball,,,,,13.0,,R,R,L,WSH,NYM,B,,,0,0,2024,-0.32,-0.25,-0.4472354654424913,1.4104442362437952,,,,1,5,Top,,,,,,,-5.533118268845967,-106.79592956573426,-2.728614091277361,-1.644691749981856,16.538347782558475,-33.85865485208036,3.24148498220111,1.56572684774604,,,,73.8,2076.0,6.3,744852,660688,608336,671277,545121,682928,608385,696285,592696,54.16,,,,,,,,28,1,Slider,0,1,1,0,1,0,1,0,Standard,Standard,304.0,-0.003,0.039,,,,,-0.039,,-1,1,0.386,0.614,34,30,35,30,2,1,5.0,3,8.0,4,4.45,-0.32,0.32,44.5,,,,,,batter
SI,2024-06-05,92.4,2.42,6.48,"Taylor, Tyrone",621438,571578,strikeout,swinging_strike,,,,,12.0,Tyrone Taylor strikes out swinging.,R,R,L,WSH,NYM,S,2.0,,0,2,2024,1.13,1.14,1.4479148154930088,3.2179511567160404,,,,2,2,Top,,,,,,,-4.965047030138908,-134.44667092799543,-5.047846316809029,14.731465784656898,28.03784529790132,-17.39252438016817,3.4,1.66,,,,93.2,2051.0,6.7,744852,660688,608336,671277,545121,682928,608385,696285,592696,53.85,,0.0,0.0,1.0,0.0,0.0,,9,3,Sinker,0,0,0,0,0,0,0,0,Standard,Standard,144.0,0.007,-0.157,65.0,6.5,1.499377308,,0.157,,0,0,0.544,0.456,34,30,35,30,1,0,5.0,3,8.0,4,1.52,1.13,-1.13,41.4,-6.128770208049899,35.49189486479851,27.616129789918283,53.68060465313352,3.326908024315794,batter
SI,2024-06-05,89.4,2.33,6.45,"Taylor, Tyrone",621438,571578,,foul,,,,,3.0,,R,R,L,WSH,NYM,S,,,0,1,2024,1.22,0.98,0.3230988887788857,3.110652143664284,,,,2,2,Top,,,,,,,-7.57413731822253,-129.9840529859539,-4.362826631424472,15.337329715435304,24.454022052527986,-20.35318696696291,3.4,1.66,170.0,73.1,18.0,90.4,2044.0,6.7,744852,660688,608336,671277,545121,682928,608385,696285,592696,53.78,,,,,,,,9,2,Sinker,0,0,0,0,0,0,0,0,Standard,Standard,157.0,0.002,-0.058,70.8,6.6,,,0.058,88.0,0,0,0.542,0.458,34,30,35,30,1,0,5.0,3,8.0,4,1.86,1.22,-1.22,41.8,-1.6704815600034664,21.795715634177437,31.90543133158023,39.46359093329104,15.645704801557809,batter
SI,2024-06-05,90.9,2.32,6.48,"Taylor, Tyrone",621438,571578,,called_strike,,,,,3.0,,R,R,L,WSH,NYM,S,,,0,0,2024,0.95,0.8,0.3943063924720387,3.1810182179109585,,,,2,2,Top,,,,,,,-6.901596686960644,-132.35980759081747,-4.166737637416103,12.592552372207203,24.74107945547403,-22.03064128053223,3.36907789214116,1.68019776963352,,,,91.9,2091.0,6.5,744852,660688,608336,671277,545121,682928,608385,696285,592696,53.95,,,,,,,,9,1,Sinker,0,0,0,0,0,0,0,0,Standard,Standard,152.0,0.002,-0.041,,,,,0.041,,0,0,0.54,0.46,34,30,35,30,1,0,5.0,3,8.0,4,1.92,0.95,-0.95,41.2,,,,,,batter
FF,2024-06-05,95.4,-2.01,6.06,"Taylor, Tyrone",621438,607179,field_out,hit_into_play,,,,,4.0,Tyrone Taylor flies out to center fielder Jacob Young.,R,R,R,WSH,NYM,X,8.0,fly_ball,0,0,2024,-0.77,1.34,-0.3115839629426952,2.281750349254141,,502110.0,668901.0,1,6,Top,95.71,58.51,,,,,6.216508308376896,-138.6735192244594,-7.298878682118595,-11.372263755795872,33.141651993675445,-13.361597275162133,3.4,1.66,355.0,95.2,28.0,95.5,2182.0,6.5,744852,660688,608336,671277,545121,682928,608385,696285,592696,53.96,0.213,0.335,0.0,1.0,0.0,0.0,5.0,40,1,4-Seam Fastball,0,5,5,0,5,0,5,0,Standard,Standard,216.0,0.008,-0.239,72.3,7.6,,0.596,0.239,95.2,-5,5,0.041,0.959,31,30,32,30,1,2,2.0,3,4.0,4,1.18,0.77,0.77,48.5,10.07014490101112,-5.604086654244795,38.8912020057647,32.414210167022354,31.23164780632117,batter
SI,2024-06-05,90.9,-3.26,6.15,"Taylor, Tyrone",621438,571670,field_out,hit_into_play,,,,,5.0,"Tyrone Taylor grounds out, second baseman Luis García Jr. to first baseman Joey Gallo.",R,R,R,WSH,NYM,X,4.0,ground_ball,2,2,2024,-1.15,0.86,0.2364544741671341,2.2391269302351096,,,,0,8,Top,139.77,134.04,,,,,11.233381398098071,-131.9374440819781,-5.790609669707793,-15.591395018156966,23.92997551568835,-21.03881097607801,3.4,1.66,76.0,88.3,3.0,91.5,2167.0,6.5,744852,660688,608336,671277,545121,682928,608385,696285,592696,54.03,0.437,0.396,0.0,1.0,0.0,0.0,2.0,55,5,Sinker,0,9,9,0,9,0,9,0,Standard,Standard,223.0,0.0,-0.227,70.6,7.0,,0.538,0.227,88.3,-9,9,0.001,0.999,33,30,34,30,1,3,2.0,3,3.0,4,1.88,1.15,1.15,42.2,-7.148311749024137,13.771508975372564,33.97168377328706,38.77695051143981,21.95885256242044,batter
SL,2024-06-05,85.3,-3.32,6.06,"Taylor, Tyrone",621438,571670,,ball,,,,,14.0,,R,R,R,WSH,NYM,B,,,1,2,2024,0.18,0.69,0.9558421116189842,0.981283859645386,,,,0,8,Top,,,,,,,9.710677525553702,-123.85264514157303,-7.095539435475439,0.0918300389608144,22.617821017895537,-23.79188747882221,3.29801628989447,1.62201632676764,,,,85.7,1940.0,6.5,744852,660688,608336,671277,545121,682928,608385,696285,592696,54.02,,,,,,,,55,4,Slider,0,9,9,0,9,0,9,0,Standard,Standard,219.0,0.0,0.04,,,,,-0.04,,-9,9,0.001,0.999,33,30,34,30,1,3,2.0,3,3.0,4,2.43,-0.18,-0.18,36.5,,,,,,batter
SL,2024-06-05,85.0,-3.5,6.03,"Taylor, Tyrone",621438,571670,,foul,,,,,8.0,,R,R,R,WSH,NYM,S,,,1,1,2024,0.13,0.95,-0.0444123944892818,1.9753710822990131,,,,0,8,Top,,,,,,,7.829392810101645,-123.44667662314984,-5.065913124875438,-0.3058996601152643,24.965506541547725,-21.575643331590054,3.4,1.66,210.0,67.4,37.0,84.8,1935.0,6.3,744852,660688,608336,671277,545121,682928,608385,696285,592696,54.17,,,,,,,,55,3,Slider,0,9,9,0,9,0,9,0,Standard,Standard,222.0,0.0,-0.056,72.2,7.9,,,0.056,88.0,-9,9,0.001,0.999,33,30,34,30,1,3,2.0,3,3.0,4,2.22,-0.13,-0.13,37.8,8.682477063272305,-13.15005560878205,37.24544904665202,35.83214452851675,35.45656893618001,batter
SI,2024-06-05,91.0,-3.29,6.16,"Taylor, Tyrone",621438,571670,,ball,,,,,13.0,,R,R,R,WSH,NYM,B,,,0,1,2024,-1.34,0.77,-1.2092587369180834,1.457182563301676,,,,0,8,Top,,,,,,,8.11993188459486,-132.20249993300618,-7.567194180981616,-17.49567817520742,27.86246049490042,-21.64342731388102,3.38306405530152,1.70669403836149,,,,91.2,2132.0,6.5,744852,660688,608336,671277,545121,682928,608385,696285,592696,54.04,,,,,,,,55,2,Sinker,0,9,9,0,9,0,9,0,Standard,Standard,225.0,0.0,0.025,,,,,-0.025,,-9,9,0.001,0.999,33,30,34,30,1,3,2.0,3,3.0,4,1.99,1.34,1.34,40.4,,,,,,batter
SI,2024-06-05,91.4,-3.16,6.21,"Taylor, Tyrone",621438,571670,,called_strike,,,,,4.0,,R,R,R,WSH,NYM,S,,,0,0,2024,-1.24,0.78,-0.6667193240451181,2.3653487288733928,,,,0,8,Top,,,,,,,8.982249707659093,-132.76826439441453,-5.487979718051553,-16.62254049336966,27.579522482030367,-21.995016055255544,3.26967263808653,1.65232327972165,,,,91.6,2190.0,6.4,744852,660688,608336,671277,545121,682928,608385,696285,592696,54.06,,,,,,,,55,1,Sinker,0,9,9,0,9,0,9,0,Standard,Standard,223.0,0.0,-0.037,,,,,0.037,,-9,9,0.001,0.999,33,30,34,30,1,3,2.0,3,3.0,4,1.96,1.24,1.24,40.4,,,,,,batter
ST,2024-06-02,84.2,-2.25,5.25,"Taylor, Tyrone",621438,694297,field_out,hit_into_play,,,,,14.0,Tyrone Taylor pops out to second baseman Ketel Marte.,R,R,R,NYM,AZ,X,4.0,popup,0,2,2024,1.3,0.42,0.8654728922285637,1.7173475140796253,,,668901.0,0,4,Bot,143.37,168.27,,,,,4.671544552339234,-122.50279006717837,-2.6213906891456067,12.08277675421593,25.808706060287832,-27.649394455556884,3.41,1.66,94.0,62.7,68.0,84.6,2855.0,6.7,745813,571466,572233,606466,677942,621028,666971,682998,545341,53.76,0.003,0.003,0.0,1.0,0.0,0.0,3.0,37,3,Sweeper,4,3,4,3,3,4,4,3,Standard,Standard,81.0,-0.019,-0.155,67.5,8.4,,0.003,0.155,88.0,1,1,0.706,0.706,25,30,26,30,2,1,5.0,1,5.0,3,2.81,-1.3,-1.3,24.0,25.485305904852027,-4.306976561847419,34.94492374576995,46.871215920988746,41.10077180221815,batter
ST,2024-06-02,83.5,-2.26,5.27,"Taylor, Tyrone",621438,694297,,called_strike,,,,,5.0,,R,R,R,NYM,AZ,S,,,0,1,2024,0.95,0.53,0.1771332590012422,2.637373496965837,,,668901.0,0,4,Bot,,,,,,,3.763204762925721,-121.64005755032196,-0.6777666550997477,8.621242643151811,24.44633388494213,-26.96378321711637,3.47352326222505,1.67824923249412,,,,84.0,2796.0,6.6,745813,571466,572233,606466,677942,621028,666971,682998,545341,53.9,,,,,,,,37,2,Sweeper,4,3,4,3,3,4,4,3,Standard,Standard,79.0,-0.007,-0.048,,,,,0.048,,1,1,0.713,0.713,25,30,26,30,2,1,5.0,1,5.0,3,2.73,-0.95,-0.95,26.2,,,,,,batter
FF,2024-06-02,92.8,-1.91,5.67,"Taylor, Tyrone",621438,694297,,called_strike,,,,,1.0,,R,R,R,NYM,AZ,S,,,0,0,2024,-0.6,1.08,-0.3639940906045988,3.354039238780594,,,668901.0,0,4,Bot,,,,,,,5.301282952215342,-135.14636123085197,-2.5093562248666776,-8.508045982574101,29.43736078544615,-18.611755906547227,3.44358247950764,1.68017386365696,,,,93.6,2537.0,6.7,745813,571466,572233,606466,677942,621028,666971,682998,545341,53.8,,,,,,,,37,1,4-Seam Fastball,4,3,4,3,3,4,4,3,Strategic,Standard,213.0,-0.005,-0.042,,,,,0.042,,1,1,0.718,0.718,25,30,26,30,2,1,5.0,1,5.0,3,1.56,0.6,0.6,33.9,,,,,,batter
FF,2024-06-02,93.4,-2.06,5.44,"Taylor, Tyrone",621438,694297,double,hit_into_play,,,,,2.0,Tyrone Taylor doubles (6) on a fly ball to left fielder Lourdes Gurriel Jr.,R,R,R,NYM,AZ,X,7.0,fly_ball,1,0,2024,-0.6,1.3,-0.1481583960734374,3.011084031545555,,,,0,3,Bot,27.78,106.1,,,,,6.289916057562063,-135.84600931723543,-3.385319667001357,-8.756560998717061,29.42568606886786,-15.573956826073298,3.41,1.66,331.0,91.0,33.0,94.1,2616.0,6.7,745813,571466,572233,606466,677942,621028,666971,682998,545341,53.8,0.047,0.063,1.25,1.0,1.0,1.0,3.0,22,2,4-Seam Fastball,0,3,0,3,3,0,0,3,Strategic,Standard,219.0,0.058,0.655,71.1,7.8,,0.111,-0.655,91.0,-3,-3,0.24,0.24,25,30,26,30,1,0,5.0,1,5.0,3,1.32,0.6,0.6,27.8,19.53738722309268,-20.90381286850524,32.59443676514504,36.374289455161815,40.376628250398994,batter
FF,2024-06-02,94.3,-1.67,5.65,"Taylor, Tyrone",621438,694297,,ball,,,,,14.0,,R,R,R,NYM,AZ,B,,,0,0,2024,-0.38,1.29,1.1795946886500397,2.2541285082379283,,,,0,3,Bot,,,,,,,8.303263324301652,-137.15680536520446,-6.090665549322542,-6.438267188030217,27.00291279395746,-14.729098351353624,3.42100409727049,1.68336021948758,,,,95.4,2678.0,6.7,745813,571466,572233,606466,677942,621028,666971,682998,545341,53.79,,,,,,,,22,1,4-Seam Fastball,0,3,0,3,3,0,0,3,Strategic,Standard,214.0,0.004,0.038,,,,,-0.038,,-3,-3,0.236,0.236,25,30,26,30,1,0,5.0,1,5.0,3,1.26,0.38,0.38,33.4,,,,,,batter
SL,2024-06-02,87.6,-2.99,6.3,"Taylor, Tyrone",621438,679885,field_out,hit_into_play,,,,,11.0,"Tyrone Taylor grounds out, third baseman Blaze Alexander to first baseman Christian Walker.",R,R,R,NYM,AZ,X,5.0,ground_ball,2,2,2024,0.19,0.21,-1.2049514063374362,2.7731442590176774,,,,0,7,Bot,109.9,162.33,,,,,3.942257291447536,-127.6882122448472,-2.935231013259214,1.391156703724328,21.66838770863447,-29.56152509238061,3.41,1.66,28.0,56.8,-1.0,88.7,2354.0,6.5,745813,571466,572233,606466,677942,621028,666971,682998,664983,54.01,0.112,0.101,0.0,1.0,0.0,0.0,1.0,57,5,Slider,4,3,4,3,3,4,4,3,Standard,Standard,168.0,-0.016,-0.227,68.6,6.6,,0.156,0.227,88.0,1,1,0.786,0.786,22,30,23,30,1,2,3.0,1,2.0,3,2.71,-0.19,-0.19,41.2,-2.117052303640727,0.1008008493183707,37.88349455869327,22.84562707092589,22.06509736364377,batter
SL,2024-06-02,89.8,-3.04,6.27,"Taylor, Tyrone",621438,679885,,called_strike,,,,,8.0,,R,R,R,NYM,AZ,S,,,2,1,2024,0.34,0.35,0.1736642623497281,2.1273279884728566,,,,0,7,Bot,,,,,,,7.280139532087,-130.76084312466523,-5.190532668377596,2.752532150781603,20.914120441296976,-27.36603096229097,3.43404862263713,1.69642548682196,,,,91.2,2467.0,6.5,745813,571466,572233,606466,677942,621028,666971,682998,664983,53.96,,,,,,,,57,4,Slider,4,3,4,3,3,4,4,3,Standard,Standard,192.0,-0.006,-0.069,,,,,0.069,,1,1,0.792,0.792,22,30,23,30,1,2,3.0,1,2.0,3,2.42,-0.34,-0.34,43.5,,,,,,batter
SL,2024-06-02,89.6,-3.07,6.17,"Taylor, Tyrone",621438,679885,,called_strike,,,,,9.0,,R,R,R,NYM,AZ,S,,,2,0,2024,-0.21,0.64,0.7387217014330564,1.7640466498940173,,,,0,7,Bot,,,,,,,9.891673011163851,-130.16621719598933,-6.297588474144132,-4.262162240083371,24.83153072663353,-23.80474624864081,3.35998258865662,1.58107871568292,,,,90.4,2349.0,6.7,745813,571466,572233,606466,677942,621028,666971,682998,664983,53.83,,,,,,,,57,3,Slider,4,3,4,3,3,4,4,3,Standard,Standard,204.0,-0.005,-0.065,,,,,0.065,,1,1,0.797,0.797,22,30,23,30,1,2,3.0,1,2.0,3,2.19,0.21,0.21,41.6,,,,,,batter
SI,2024-06-02,98.8,-3.09,6.07,"Taylor, Tyrone",621438,679885,,ball,,,,,14.0,,R,R,R,NYM,AZ,B,,,1,0,2024,-1.31,0.38,1.093603283624432,2.370422931358159,,,,0,7,Bot,,,,,,,14.46784644477605,-143.0872398116778,-5.514241965587334,-21.28130644751824,32.33323773923102,-25.79695570294719,3.39782126443743,1.69057397882814,,,,99.1,2104.0,6.6,745813,571466,572233,606466,677942,621028,666971,682998,664983,53.85,,,,,,,,57,2,Sinker,4,3,4,3,3,4,4,3,Standard,Standard,231.0,0.005,0.069,,,,,-0.069,,1,1,0.792,0.792,22,30,23,30,1,2,3.0,1,2.0,3,1.97,1.31,1.31,38.2,,,,,,batter
SI,2024-06-02,100.5,-3.06,6.09,"Taylor, Tyrone",621438,679885,,ball,,,,,14.0,,R,R,R,NYM,AZ,B,,,0,0,2024,-1.22,0.39,0.8451542783218362,2.488788660009628,,,,0,7,Bot,,,,,,,13.72286731551842,-145.72797522887484,-5.590379531605077,-20.41538126931748,31.029297385420342,-25.415865248451222,3.43141758612058,1.69170642058221,,,,101.0,2128.0,6.6,745813,571466,572233,606466,677942,621028,666971,682998,664983,53.93,,,,,,,,57,1,Sinker,4,3,4,3,3,4,4,3,Standard,Standard,224.0,0.003,0.038,,,,,-0.038,,1,1,0.789,0.789,22,30,23,30,1,2,3.0,1,2.0,3,1.86,1.22,1.22,39.7,,,,,,batter
SI,2024-06-01,91.5,2.43,5.29,"Taylor, Tyrone",621438,676714,single,hit_into_play,,,,,6.0,Tyrone Taylor singles on a sharp line drive to center fielder Corbin Carroll.,R,R,L,NYM,AZ,X,8.0,line_drive,1,2,2024,1.25,0.67,0.5183696491709449,2.786450941112297,,,,2,9,Bot,114.37,87.91,,,,,-7.680708571925838,-133.15521818364542,-1.9498133175196068,16.461349864678205,25.866328187429044,-23.98956630968421,3.42,1.66,227.0,101.1,11.0,93.6,2260.0,7.3,745812,672515,572233,677942,553993,621028,664983,682998,545341,53.18,0.905,0.883,0.9,1.0,1.0,0.0,4.0,82,8,Sinker,5,10,5,10,10,5,5,10,Standard,Standard,137.0,0.0,0.408,73.4,7.1,,1.113,-0.408,101.1,-5,-5,0.001,0.001,28,30,29,30,2,1,2.0,3,4.0,1,2.03,1.25,-1.25,23.8,5.546635749488916,5.580646807611332,27.271837125156,42.41556091850298,28.12691934146269,batter
SL,2024-06-01,82.3,2.43,5.08,"Taylor, Tyrone",621438,676714,,foul,,,,,9.0,,R,R,L,NYM,AZ,S,,,1,2,2024,-1.13,0.41,0.669707390299124,2.138391800635982,,,,2,9,Bot,,,,,,,-1.810567004974041,-119.87050088446009,-0.9605734819940508,-10.503220746271944,23.101923025545783,-28.266049572289617,3.42,1.66,14.0,71.8,-8.0,82.7,2523.0,6.5,745812,672515,572233,677942,553993,621028,664983,682998,545341,53.99,,,,,,,,82,7,Slider,5,10,5,10,10,5,5,10,Standard,Standard,267.0,0.0,0.0,68.9,8.4,,,0.0,88.0,-5,-5,0.001,0.001,28,30,29,30,2,1,2.0,3,4.0,1,2.95,-1.13,1.13,21.2,23.18052065278963,-17.35623123346675,35.54294162845724,44.727188570758656,44.47968284940956,batter
SI,2024-06-01,92.2,2.53,5.25,"Taylor, Tyrone",621438,676714,,foul,,,,,3.0,,R,R,L,NYM,AZ,S,,,1,2,2024,1.36,0.61,0.6238553281121586,3.0352695685031845,,,,2,9,Bot,,,,,,,-7.860840476632999,-134.15070002102993,-1.1740645890684294,18.141137199335816,26.862156794962797,-24.741982532502792,3.42,1.66,231.0,80.5,50.0,93.0,2336.0,6.6,745812,672515,572233,677942,553993,621028,664983,682998,545341,53.92,,,,,,,,82,6,Sinker,5,10,5,10,10,5,5,10,Standard,Standard,136.0,0.0,0.0,69.1,6.8,,,0.0,88.0,-5,-5,0.001,0.001,28,30,29,30,2,1,2.0,3,4.0,1,2.06,1.36,-1.36,22.2,0.5486124352027969,16.591371258300516,31.43287547712344,43.15998852061365,21.61152646543024,batter
SL,2024-06-01,81.9,2.66,5.14,"Taylor, Tyrone",621438,676714,,foul,,,,,8.0,,R,R,L,NYM,AZ,S,,,1,2,2024,-0.55,0.45,0.0846237409979658,1.7891078795354396,,,,2,9,Bot,,,,,,,-4.773846976027116,-119.373411444859,-1.957855075321309,-4.456935140527508,20.888484837561613,-27.727919947483407,3.42,1.66,369.0,102.3,27.0,82.7,2559.0,6.5,745812,672515,572233,677942,553993,621028,664983,682998,545341,53.96,,,,,,,,82,5,Slider,5,10,5,10,10,5,5,10,Standard,Standard,280.0,0.0,0.0,70.8,8.7,,,0.0,102.3,-5,-5,0.001,0.001,28,30,29,30,2,1,2.0,3,4.0,1,2.92,-0.55,0.55,21.2,17.83491124762107,-24.29860036570596,35.52678941354323,36.81475123821426,46.57979112743848,batter
FF,2024-06-01,92.9,2.48,5.34,"Taylor, Tyrone",621438,676714,,foul,,,,,11.0,,R,R,L,NYM,AZ,S,,,1,2,2024,0.83,1.06,-0.5346491773214568,3.659765627554755,,,,2,9,Bot,,,,,,,-9.719001003329648,-135.0496463085305,-0.8668975555602341,12.1411578698796,27.26336539187424,-19.170317266922865,3.42,1.66,244.0,75.1,34.0,95.0,2346.0,7.4,745812,672515,572233,677942,553993,621028,664983,682998,545341,53.09,,,,,,,,82,4,4-Seam Fastball,5,10,5,10,10,5,5,10,Standard,Standard,130.0,0.0,0.0,70.4,7.2,,,0.0,88.0,-5,-5,0.001,0.001,28,30,29,30,2,1,2.0,3,4.0,1,1.57,0.83,-0.83,24.8,15.63405446586242,-12.364022895583908,24.47639082529214,29.4535713747432,32.18455275655464,batter
SI,2024-06-01,92.6,2.47,5.31,"Taylor, Tyrone",621438,676714,,foul,,,,,12.0,,R,R,L,NYM,AZ,S,,,1,1,2024,1.38,0.57,0.8505017758543578,2.824797180804345,,,,2,9,Bot,,,,,,,-7.253869388677901,-134.70361662583645,-1.8442480180415224,18.344336091192208,26.67311750018637,-25.00813380996905,3.42,1.66,223.0,78.9,23.0,94.4,2157.0,7.2,745812,672515,572233,677942,553993,621028,664983,682998,545341,53.34,,,,,,,,82,3,Sinker,5,10,5,10,10,5,5,10,Standard,Standard,133.0,0.0,-0.064,63.9,6.3,,,0.064,88.0,-5,-5,0.001,0.001,28,30,29,30,2,1,2.0,3,4.0,1,2.07,1.38,-1.38,22.7,-15.897110663405924,36.96820130171851,33.0144962307343,46.17208806156262,1.4118140747734245,batter
SI,2024-06-01,92.2,2.43,5.34,"Taylor, Tyrone",621438,676714,,ball,,,,,12.0,,R,R,L,NYM,AZ,B,,,0,1,2024,1.29,0.66,1.297327596233446,3.3708190797300843,,,,2,9,Bot,,,,,,,-5.840834061548601,-134.2602764387263,-0.6709313385824129,16.807928318277316,26.948073120522142,-24.16559236166133,3.2546438037644,1.65983038684409,,,,94.9,2166.0,7.6,745812,672515,572233,677942,553993,621028,664983,682998,545341,52.87,,,,,,,,82,2,Sinker,5,10,5,10,10,5,5,10,Standard,Standard,133.0,0.0,0.029,,,,,-0.029,,-5,-5,0.001,0.001,28,30,29,30,2,1,2.0,3,4.0,1,2.0,1.29,-1.29,24.1,,,,,,batter
SL,2024-06-01,81.8,2.6,5.12,"Taylor, Tyrone",621438,676714,,called_strike,,,,,8.0,,R,R,L,NYM,AZ,S,,,0,0,2024,-0.53,0.38,0.0900953803138662,1.7969486048214414,,,,2,9,Bot,,,,,,,-4.643571824562845,-119.03247217806268,-1.6439886868448783,-4.143750873812008,23.00363608340457,-28.485074338102606,3.2546438037644,1.50381962374198,,,,82.0,2446.0,6.4,745812,672515,572233,677942,553993,621028,664983,682998,545341,54.08,,,,,,,,82,1,Slider,5,10,5,10,10,5,5,10,Standard,Standard,270.0,0.0,-0.041,,,,,0.041,,-5,-5,0.001,0.001,28,30,29,30,2,1,2.0,3,4.0,1,3.03,-0.53,0.53,18.4,,,,,,batter
SI,2024-06-01,92.8,2.49,5.43,"Taylor, Tyrone",621438,676714,field_out,hit_into_play,,,,,5.0,Tyrone Taylor flies out to right fielder Randal Grichuk.,R,R,L,NYM,AZ,X,9.0,fly_ball,0,1,2024,1.33,0.64,0.2206172327363935,2.808429783838256,,,624413.0,1,8,Bot,179.55,93.68,,,,,-8.863343115114004,-134.78727014827172,-2.2618131608018546,18.201148686618613,31.41545805088232,-24.148748361511384,3.42,1.66,293.0,94.5,46.0,93.9,2232.0,7.2,745812,672515,572233,677942,553993,621028,664983,682998,545341,53.28,0.008,0.011,0.0,1.0,0.0,0.0,3.0,70,2,Sinker,1,10,1,10,10,1,1,10,Standard,Standard,141.0,0.0,-0.215,72.5,7.2,,0.02,0.215,94.5,-9,-9,0.001,0.001,28,30,29,30,1,0,2.0,3,4.0,1,2.04,1.33,-1.33,25.1,10.779464811909309,-0.0140149145258449,33.50590867711249,39.541950071977865,30.794104553128143,batter
SI,2024-06-01,92.1,2.4,5.46,"Taylor, Tyrone",621438,676714,,called_strike,,,,,12.0,,R,R,L,NYM,AZ,S,,,0,0,2024,1.14,0.87,0.7583838699077325,3.4153461197385413,,,624413.0,1,8,Bot,,,,,,,-6.789924853685975,-133.98296110219235,-1.2679161074935397,15.211643016170328,28.3902403966902,-21.6407996786974,3.25450043392202,1.52829593911469,,,,94.0,2219.0,7.4,745812,672515,572233,677942,553993,621028,664983,682998,545341,53.1,,,,,,,,70,1,Sinker,1,10,1,10,10,1,1,10,Standard,Standard,135.0,0.0,-0.04,,,,,0.04,,-9,-9,0.001,0.001,28,30,29,30,1,0,2.0,3,4.0,1,1.82,1.14,-1.14,28.2,,,,,,batter
SL,2024-05-29,86.1,-0.54,5.83,"Taylor, Tyrone",621438,675627,field_out,hit_into_play,,,,,5.0,"Tyrone Taylor grounds out, shortstop Miguel Rojas to first baseman Freddie Freeman.",R,R,R,NYM,LAD,X,6.0,ground_ball,3,2,2024,0.44,-0.42,0.0621813944009488,2.5634617151536285,,502110.0,516782.0,2,5,Bot,106.08,150.39,,,,,0.5546411508593038,-125.44122276177038,-0.645632384956984,4.47008529453121,26.471299116977985,-36.664023589667394,3.43,1.67,30.0,93.2,-3.0,87.4,2408.0,7.2,745817,669257,518692,605141,571771,500743,678246,681624,606192,53.34,0.345,0.31,0.0,1.0,0.0,0.0,2.0,46,6,Slider,3,3,3,3,3,3,3,3,Standard,Standard,61.0,-0.065,-0.298,70.4,7.4,,0.426,0.298,93.2,0,0,0.565,0.565,27,30,28,30,1,2,1.0,1,4.0,3,3.5,-0.44,-0.44,59.7,4.54552840173196,0.3855673280079658,32.52107638071045,36.67238608164384,28.602797647958443,batter
SI,2024-05-29,97.5,-0.59,5.87,"Taylor, Tyrone",621438,675627,,foul,,,,,2.0,,R,R,R,NYM,LAD,S,,,3,1,2024,-0.67,1.33,-0.0963612831602072,3.387185960224096,,502110.0,516782.0,2,5,Bot,,,,,,,2.901996714575044,-141.9382107254352,-4.258415081849948,-9.693555870293991,33.52119691008953,-13.462267154256384,3.43,1.67,229.0,76.2,27.0,98.8,2370.0,7.1,745817,669257,518692,605141,571771,500743,678246,681624,606192,53.43,,,,,,,,46,5,Sinker,3,3,3,3,3,3,3,3,Standard,Standard,197.0,-0.009,-0.074,71.7,7.1,,,0.074,88.0,0,0,0.574,0.574,27,30,28,30,1,2,1.0,1,4.0,3,1.07,0.67,0.67,57.8,4.683890025009117,3.672651210545316,27.88238582683003,34.66394718155792,25.698708711929992,batter
SL,2024-05-29,86.0,-0.54,5.86,"Taylor, Tyrone",621438,675627,,ball,,,,,11.0,,R,R,R,NYM,LAD,B,,,2,1,2024,0.65,0.32,-0.0214304139016726,4.43796896014034,,502110.0,516782.0,2,5,Bot,,,,,,,-0.0725040862803429,-125.23567551040207,2.281740045110146,6.795714513099699,26.049054041739986,-29.55472167422801,3.414950626881,1.68455946475975,,,,87.1,2326.0,7.0,745817,669257,518692,605141,571771,500743,678246,681624,606192,53.47,,,,,,,,46,4,Slider,3,3,3,3,3,3,3,3,Standard,Standard,74.0,0.011,0.065,,,,,-0.065,,0,0,0.563,0.563,27,30,28,30,1,2,1.0,1,4.0,3,2.77,-0.65,-0.65,58.9,,,,,,batter
SL,2024-05-29,87.2,-0.43,5.8,"Taylor, Tyrone",621438,675627,,foul,,,,,9.0,,R,R,R,NYM,LAD,S,,,2,0,2024,0.14,0.08,0.6270260095412955,2.134854074644416,,502110.0,516782.0,2,5,Bot,,,,,,,2.2979145435551223,-127.04663669268324,-2.8735733901199483,1.0543170446950083,25.65459152247313,-30.93268934261905,3.43,1.67,2.0,67.7,-46.0,88.8,2323.0,7.2,745817,669257,518692,605141,571771,500743,678246,681624,606192,53.33,,,,,,,,46,3,Slider,3,3,3,3,3,3,3,3,Standard,Standard,69.0,-0.007,-0.043,71.8,8.2,,,0.043,88.0,0,0,0.57,0.57,27,30,28,30,1,2,1.0,1,4.0,3,2.91,-0.14,-0.14,56.5,14.03152932297581,-10.571444191686137,29.059299937160397,43.82848383199941,40.25220063735925,batter
SI,2024-05-29,96.9,-0.46,5.76,"Taylor, Tyrone",621438,675627,,ball,,,,,14.0,,R,R,R,NYM,LAD,B,,,1,0,2024,-0.78,1.32,0.1231549981598906,0.7778848630579525,,502110.0,516782.0,2,5,Bot,,,,,,,3.382907957685081,-140.66665525741914,-10.87505741198146,-11.101086670018905,32.2038440200655,-12.419213070722924,3.37287743929664,1.68542188462505,,,,98.1,2259.0,7.1,745817,669257,518692,605141,571771,500743,678246,681624,606192,53.37,,,,,,,,46,2,Sinker,3,3,3,3,3,3,3,3,Standard,Standard,196.0,0.007,0.044,,,,,-0.044,,0,0,0.563,0.563,27,30,28,30,1,2,1.0,1,4.0,3,1.12,0.78,0.78,54.6,,,,,,batter
SI,2024-05-29,97.7,-0.52,5.76,"Taylor, Tyrone",621438,675627,,ball,,,,,14.0,,R,R,R,NYM,LAD,B,,,0,0,2024,-0.71,1.16,0.119384294120196,1.4340959014869594,,502110.0,516782.0,2,5,Bot,,,,,,,3.4066195347636667,-142.1597477937229,-9.015432103521084,-10.414863508172374,29.53675892387156,-14.578296172476971,3.36665434696865,1.6755241262626,,,,99.6,2298.0,7.1,745817,669257,518692,605141,571771,500743,678246,681624,606192,53.36,,,,,,,,46,1,Sinker,3,3,3,3,3,3,3,3,Standard,Standard,200.0,0.004,0.026,,,,,-0.026,,0,0,0.559,0.559,27,30,28,30,1,2,1.0,1,4.0,3,1.21,0.71,0.71,56.3,,,,,,batter
FF,2024-05-29,92.2,2.31,6.02,"Taylor, Tyrone",621438,572020,field_out,hit_into_play,,,,,2.0,Tyrone Taylor flies out to right fielder Teoscar Hernández.,R,R,L,NYM,LAD,X,9.0,fly_ball,1,0,2024,1.07,1.19,0.2595453541814538,3.396510754821237,,,,1,2,Bot,176.72,65.24,,,,,-7.678742316342846,-134.11163342765352,-3.513714836975258,14.558787720893209,27.379336937157746,-17.15907058084009,3.43,1.67,354.0,97.1,35.0,93.9,2065.0,7.2,745817,669257,518692,605141,571771,500743,678246,681624,606192,53.33,0.225,0.44075,0.0,1.0,0.0,0.0,3.0,15,2,4-Seam Fastball,0,1,0,1,1,0,0,1,Standard,Standard,136.0,-0.021,-0.295,67.0,6.6,,0.865,0.295,97.1,-1,-1,0.421,0.421,35,30,36,30,1,0,5.0,1,7.0,3,1.48,1.07,-1.07,41.6,9.165683253600948,11.588648176912992,30.528744938270865,38.55940357910117,25.38447820964624,batter
SI,2024-05-29,92.2,2.49,5.84,"Taylor, Tyrone",621438,572020,,ball,,,,,14.0,,R,R,L,NYM,LAD,B,,,0,0,2024,1.38,0.78,1.1466054732866524,2.420821825493209,,,,1,2,Bot,,,,,,,-6.504979231610997,-134.12761437796587,-4.6594812968071695,18.029226389000836,27.043672853401706,-21.9352031651495,3.390603019922,1.64907207701482,,,,93.8,2156.0,7.1,745817,669257,518692,605141,571771,500743,678246,681624,606192,53.41,,,,,,,,15,1,Sinker,0,1,0,1,1,0,0,1,Standard,Standard,130.0,0.003,0.039,,,,,-0.039,,-1,-1,0.418,0.418,35,30,36,30,1,0,5.0,1,7.0,3,1.89,1.38,-1.38,36.5,,,,,,batter
ST,2024-05-29,81.9,-3.08,5.22,"Taylor, Tyrone",621438,670990,field_out,hit_into_play,,,,,9.0,Tyrone Taylor flies out to center fielder Andy Pages.,R,R,R,NYM,LAD,X,8.0,fly_ball,0,2,2024,1.43,0.54,0.3596405899008212,2.133388024801254,,,516782.0,1,4,Bot,138.07,117.33,,,,,5.066085811650221,-119.20887723402863,-1.4079231495903155,12.48655583323997,24.97988331783901,-27.006543337444487,3.43,1.67,219.0,86.2,56.0,82.8,2428.0,7.0,745817,669257,518692,605141,571771,500743,678246,681624,606192,53.45,0.024,0.027,0.0,1.0,0.0,0.0,3.0,32,3,Sweeper,0,2,0,2,2,0,0,2,Standard,Standard,70.0,-0.023,-0.163,68.5,8.0,,0.035,0.163,88.0,-2,-2,0.3,0.3,29,30,29,30,1,1,3.0,1,2.0,3,2.88,-1.43,-1.43,29.2,12.773264866927253,-12.746293757152507,34.62017880690591,39.64552306603362,36.0950083149732,batter
ST,2024-05-29,80.5,-2.94,5.3,"Taylor, Tyrone",621438,670990,,swinging_strike,,,,,9.0,,R,R,R,NYM,LAD,S,,,0,1,2024,1.54,0.6,0.4439566850378289,2.185700733875117,,,516782.0,1,4,Bot,,,,,,,4.654905112587346,-117.14786645150706,-1.323325940271603,13.082381015976658,24.49400899987212,-26.61000845818626,3.43,1.67,,,,81.5,2463.0,7.2,745817,669257,518692,605141,571771,500743,678246,681624,606192,53.29,,,,,,,,32,2,Sweeper,0,2,0,2,2,0,0,2,Standard,Standard,75.0,-0.009,-0.052,69.5,8.8,5.510560464,,0.052,,-2,-2,0.309,0.309,29,30,29,30,1,1,3.0,1,2.0,3,2.94,-1.54,-1.54,31.7,28.799960326067627,-37.24630667527117,37.71219281400045,39.413248097696346,50.199529720952405,batter
SI,2024-05-29,95.0,-2.94,5.15,"Taylor, Tyrone",621438,670990,,called_strike,,,,,6.0,,R,R,R,NYM,LAD,S,,,0,0,2024,-1.32,0.81,0.3746338041414603,2.8101221861658194,,,516782.0,1,4,Bot,,,,,,,11.788568496447,-137.7389894189991,-2.222203228965664,-19.58408434723541,33.15077972107957,-21.579735063569306,3.44035217165788,1.66240731060926,,,,95.7,2176.0,7.1,745817,669257,518692,605141,571771,500743,678246,681624,606192,53.39,,,,,,,,32,1,Sinker,0,2,0,2,2,0,0,2,Standard,Standard,226.0,-0.006,-0.04,,,,,0.04,,-2,-2,0.315,0.315,29,30,29,30,1,1,3.0,1,2.0,3,1.75,1.32,1.32,30.9,,,,,,batter
SL,2024-05-28,89.3,-1.8,5.94,"Taylor, Tyrone",621438,607192,field_out,hit_into_play,,,,,6.0,"Tyrone Taylor grounds out, third baseman Chris Taylor to first baseman Freddie Freeman.",R,R,R,NYM,LAD,X,5.0,ground_ball,1,0,2024,0.29,0.17,0.5475341804410623,2.3514770739017177,,,,1,7,Bot,111.45,170.86,,,,,5.295166096482634,-130.14150921773623,-3.3482614992641846,2.370266988819804,23.232645023968992,-29.81561770004173,3.42,1.67,3.0,68.3,-41.0,92.1,2759.0,7.5,745818,669257,518692,666158,621035,605141,606192,681624,518792,52.96,0.183,0.168,0.0,1.0,0.0,0.0,2.0,49,2,Slider,2,0,2,0,0,2,2,0,Standard,Standard,137.0,-0.009,-0.295,72.9,7.5,,0.187,0.295,88.0,2,2,0.877,0.877,30,30,31,30,3,2,6.0,2,7.0,0,2.65,-0.29,-0.29,52.3,6.375830709062488,4.968478981863329,30.564313527881147,43.556991405097165,26.51477852445372,batter
FF,2024-05-28,95.8,-1.55,5.99,"Taylor, Tyrone",621438,607192,,ball,,,,,11.0,,R,R,R,NYM,LAD,B,,,0,0,2024,-0.02,1.66,-1.2627707413500349,2.561087058149165,,,,1,7,Bot,,,,,,,0.8199270443454073,-139.37474093055846,-7.393548637535274,-0.413148648549767,30.277971959157345,-9.13796786053305,3.43577316877604,1.57790553784482,,,,98.6,2550.0,7.8,745818,669257,518692,666158,621035,605141,606192,681624,518792,52.71,,,,,,,,49,1,4-Seam Fastball,2,0,2,0,0,2,2,0,Standard,Standard,183.0,0.001,0.039,,,,,-0.039,,2,2,0.876,0.876,30,30,31,30,3,2,6.0,2,7.0,0,0.82,0.02,0.02,58.9,,,,,,batter
SL,2024-05-28,89.5,-1.8,5.83,"Taylor, Tyrone",621438,607192,strikeout,swinging_strike,,,,,14.0,Tyrone Taylor strikes out swinging.,R,R,R,NYM,LAD,S,2.0,,0,2,2024,0.16,0.03,0.9966226170531044,0.8505659186341052,,,621466.0,0,4,Bot,,,,,,,6.739456844928063,-130.14080269050635,-6.5231373446312295,0.4656363852032453,26.32360431590764,-30.64615962093502,3.42,1.67,,,,92.1,2741.0,7.8,745818,669257,518692,666158,621035,605141,606192,681624,518792,52.69,,0.0,0.0,1.0,0.0,0.0,,30,4,Slider,2,0,2,0,0,2,2,0,Standard,Standard,54.0,-0.013,-0.15,67.1,8.2,4.438384812,,0.15,,2,2,0.8,0.8,30,30,31,30,2,1,6.0,2,7.0,0,2.81,-0.16,-0.16,57.6,6.33329566852412,-11.7814715490088,36.48453157003696,48.99034556913697,35.81081021971352,batter
SL,2024-05-28,89.0,-1.86,5.87,"Taylor, Tyrone",621438,607192,,foul,,,,,8.0,,R,R,R,NYM,LAD,S,,,0,2,2024,0.0,-0.09,-0.2201196852371827,2.148712093105269,,,621466.0,0,4,Bot,,,,,,,4.12151353914216,-129.70554205646775,-3.0296088097974145,-0.8123399323962542,24.955566530053435,-32.7763491243516,3.42,1.67,18.0,95.6,-6.0,91.5,2629.0,7.5,745818,669257,518692,666158,621035,605141,606192,681624,518792,52.98,,,,,,,,30,3,Slider,2,0,2,0,0,2,2,0,Standard,Standard,60.0,0.0,0.0,71.6,8.3,,,0.0,95.6,2,2,0.8,0.8,30,30,31,30,2,1,6.0,2,7.0,0,2.94,0.0,0.0,55.9,11.732051185955449,-18.306370991083767,31.45366275627836,34.467934199142285,36.48136935744972,batter
SI,2024-05-28,96.0,-1.81,5.79,"Taylor, Tyrone",621438,607192,,foul,,,,,11.0,,R,R,R,NYM,LAD,S,,,0,1,2024,-0.92,1.27,-0.3102176229990502,3.6847345211379032,,,621466.0,0,4,Bot,,,,,,,6.22700997251321,-139.70254499161226,-2.9149718002723093,-13.464608468777596,31.93732687452984,-15.114689920374676,3.42,1.67,238.0,70.9,39.0,98.3,2440.0,7.6,745818,669257,518692,666158,621035,605141,606192,681624,518792,52.88,,,,,,,,30,2,Sinker,2,0,2,0,0,2,2,0,Standard,Standard,197.0,-0.006,-0.048,67.1,5.9,,,0.048,88.0,2,2,0.806,0.806,30,30,31,30,2,1,6.0,2,7.0,0,1.21,0.92,0.92,56.1,-1.6331521604893489,23.972687190606276,27.188946375143253,33.95718017738433,17.858835742441723,batter
SL,2024-05-28,87.9,-1.79,5.89,"Taylor, Tyrone",621438,607192,,called_strike,,,,,2.0,,R,R,R,NYM,LAD,S,,,0,0,2024,0.09,-0.08,0.2439405337899459,3.268188698947452,,,621466.0,0,4,Bot,,,,,,,4.883914137776767,-128.05856519103244,-0.1601832437066135,0.1382242947635319,21.84005203350564,-33.215676567029064,3.43095492782606,1.61553150717445,,,,90.9,2600.0,7.7,745818,669257,518692,666158,621035,605141,606192,681624,518792,52.83,,,,,,,,30,1,Slider,2,0,2,0,0,2,2,0,Standard,Standard,74.0,-0.003,-0.042,,,,,0.042,,2,2,0.809,0.809,30,30,31,30,2,1,6.0,2,7.0,0,2.98,-0.09,-0.09,52.5,,,,,,batter
FF,2024-05-28,96.4,-1.68,5.95,"Taylor, Tyrone",621438,607192,strikeout,called_strike,,,,,9.0,Tyrone Taylor called out on strikes.,R,R,R,NYM,LAD,S,2.0,,2,2,2024,-0.36,1.5,0.4167589149479895,1.462678031838708,,,,1,2,Bot,,,,,,,6.537088897470615,-139.9698646644082,-9.956271091606716,-6.2368647796547565,33.4641740522806,-10.283827501997145,3.43960535373119,1.47866038904495,,,,98.5,2625.0,7.7,745818,669257,518692,666158,621035,605141,606192,681624,518792,52.8,,0.0,0.0,1.0,0.0,0.0,,14,5,4-Seam Fastball,0,0,0,0,0,0,0,0,Standard,Standard,191.0,-0.014,-0.225,,,,,0.225,,0,0,0.525,0.525,30,30,31,30,1,0,6.0,2,7.0,0,0.97,0.36,0.36,51.6,,,,,,batter
SL,2024-05-28,90.3,-1.81,5.96,"Taylor, Tyrone",621438,607192,,ball,,,,,14.0,,R,R,R,NYM,LAD,B,,,1,2,2024,0.14,-0.02,1.5492171588544106,1.5475309393371235,,,,1,2,Bot,,,,,,,8.221632911016332,-131.30668489177958,-5.06542558964391,-0.1427186744932031,28.175385193923248,-31.490693827391404,3.3663625105651,1.62985954027752,,,,92.0,2738.0,7.4,745818,669257,518692,666158,621035,605141,606192,681624,518792,53.13,,,,,,,,14,4,Slider,0,0,0,0,0,0,0,0,Standard,Standard,95.0,0.002,0.043,,,,,-0.043,,0,0,0.523,0.523,30,30,31,30,1,0,6.0,2,7.0,0,2.82,-0.14,-0.14,53.0,,,,,,batter
SL,2024-05-28,89.4,-1.9,5.91,"Taylor, Tyrone",621438,607192,,swinging_strike,,,,,14.0,,R,R,R,NYM,LAD,S,,,1,1,2024,-0.01,0.32,0.8547561765169327,1.409785857517817,,,,1,2,Bot,,,,,,,6.92759534855582,-129.86608329623027,-5.770779959193431,-1.673995159081416,30.08992214265448,-27.45422687890129,3.42,1.67,,,,90.6,2654.0,7.4,745818,669257,518692,666158,621035,605141,606192,681624,518792,53.12,,,,,,,,14,3,Slider,0,0,0,0,0,0,0,0,Standard,Standard,140.0,-0.004,-0.061,72.2,8.2,4.541804172,,0.061,,0,0,0.527,0.527,30,30,31,30,1,0,6.0,2,7.0,0,2.57,0.01,0.01,49.1,13.449871953265088,-13.78647946920738,34.410891560008885,47.36795891775469,40.44614374057088,batter
FF,2024-05-28,96.9,-1.64,6.05,"Taylor, Tyrone",621438,607192,,swinging_strike,,,,,2.0,,R,R,R,NYM,LAD,S,,,1,0,2024,-0.39,1.53,0.0040261540401018,3.1314819675900987,,,,1,2,Bot,,,,,,,5.403505207145025,-140.88732043218673,-5.849520445940972,-6.419331151051299,32.249819527026744,-10.709085248861944,3.42,1.67,,,,99.0,2613.0,7.5,745818,669257,518692,666158,621035,605141,606192,681624,518792,53.0,,,,,,,,14,2,4-Seam Fastball,0,0,0,0,0,0,0,0,Standard,Standard,189.0,-0.004,-0.051,72.5,6.7,0.59680188,,0.051,,0,0,0.531,0.531,30,30,31,30,1,0,6.0,2,7.0,0,0.91,0.39,0.39,58.2,-1.2843002478202097,18.228776617713525,29.88347715935927,37.93934607275748,19.1781664924601,batter
FF,2024-05-28,95.3,-1.43,6.03,"Taylor, Tyrone",621438,607192,,ball,,,,,13.0,,R,R,R,NYM,LAD,B,,,0,0,2024,-0.32,1.51,-0.399441626890937,0.7741420461223018,,,,1,2,Bot,,,,,,,3.527023573984463,-138.29124212211946,-11.87547116824043,-4.838003147602515,29.985780556028235,-10.354223185033574,3.36265806517833,1.59437178491848,,,,98.1,2429.0,8.0,745818,669257,518692,666158,621035,605141,606192,681624,518792,52.53,,,,,,,,14,1,4-Seam Fastball,0,0,0,0,0,0,0,0,Standard,Standard,192.0,0.003,0.039,,,,,-0.039,,0,0,0.528,0.528,30,30,31,30,1,0,6.0,2,7.0,0,1.01,0.32,0.32,62.6,,,,,,batter
FF,2024-05-28,94.9,-2.76,5.32,"Taylor, Tyrone",621438,543339,field_out,hit_into_play,,,,,1.0,Tyrone Taylor pops out to shortstop Mookie Betts on the infield fly rule.,R,R,R,NYM,LAD,X,6.0,popup,3,2,2024,-0.51,1.38,-0.3214287584939606,3.0799847993578724,516782.0,502110.0,664056.0,1,9,Bot,93.27,141.77,,,,,7.568140705512925,-138.0744047405807,-3.3041196980707053,-8.136510890992357,29.84666034585938,-13.995190410451002,3.42,1.67,170.0,99.9,64.0,95.6,2417.0,6.6,745818,669257,518692,666158,621035,605141,606192,681624,518792,53.88,0.005,0.005,0.0,1.0,0.0,0.0,3.0,69,6,4-Seam Fastball,2,2,2,2,2,2,2,2,Strategic,Strategic,216.0,-0.196,-0.219,76.4,7.5,,0.006,0.219,99.9,0,0,0.861,0.861,37,30,37,30,1,3,8.0,2,4.0,0,1.15,0.51,0.51,28.3,15.551760581706526,-17.964805432856153,30.177813946351943,31.38431160069266,38.36239555426111,batter
FF,2024-05-28,94.7,-2.75,5.27,"Taylor, Tyrone",621438,543339,,called_strike,,,,,8.0,,R,R,R,NYM,LAD,S,,,3,1,2024,-0.52,1.25,0.0149481537417707,2.1051589579466805,516782.0,502110.0,664056.0,1,9,Bot,,,,,,,8.41807892668178,-137.64242975317697,-5.393209613432304,-8.475697393033569,29.905131633571024,-15.281478486073905,3.43206835563863,1.68333806620209,,,,95.2,2397.0,6.6,745818,669257,518692,666158,621035,605141,606192,681624,518792,53.88,,,,,,,,69,5,4-Seam Fastball,2,2,2,2,2,2,2,2,Strategic,Strategic,214.0,-0.041,-0.076,,,,,0.076,,0,0,0.902,0.902,37,30,37,30,1,3,8.0,2,4.0,0,1.3,0.52,0.52,27.8,,,,,,batter
FF,2024-05-28,94.6,-2.77,5.29,"Taylor, Tyrone",621438,543339,,called_strike,,,,,1.0,,R,R,R,NYM,LAD,S,,,3,0,2024,-0.65,1.43,-0.6362309874691785,3.273550122057908,516782.0,502110.0,664056.0,1,9,Bot,,,,,,,7.083735794422604,-137.59647301391698,-2.747429525365727,-9.94012535532882,32.316529664832004,-13.670421701320375,3.47216642335531,1.61603813806731,,,,95.0,2420.0,6.7,745818,669257,518692,666158,621035,605141,606192,681624,518792,53.82,,,,,,,,69,4,4-Seam Fastball,2,2,2,2,2,2,2,2,Strategic,Strategic,215.0,-0.033,-0.056,,,,,0.056,,0,0,0.935,0.935,37,30,37,30,1,3,8.0,2,4.0,0,1.13,0.65,0.65,27.3,,,,,,batter
FF,2024-05-28,94.8,-2.77,5.32,"Taylor, Tyrone",621438,543339,,ball,,,,,11.0,,R,R,R,NYM,LAD,B,,,2,0,2024,-0.63,1.25,-0.8996658378547189,3.992866436294385,516782.0,502110.0,664056.0,1,9,Bot,,,,,,,6.358229631280924,-138.07848519785304,-0.6350431523385061,-9.396465588096383,28.82732222682637,-16.2119251460784,3.4324967703403,1.65448914185669,,,,95.9,2410.0,6.7,745818,669257,518692,666158,621035,605141,606192,681624,518792,53.78,,,,,,,,69,3,4-Seam Fastball,2,2,2,2,2,2,2,2,Strategic,Strategic,215.0,0.049,0.112,,,,,-0.112,,0,0,0.886,0.886,37,30,37,30,1,3,8.0,2,4.0,0,1.27,0.63,0.63,30.8,,,,,,batter
SL,2024-05-28,86.3,-2.77,5.49,"Taylor, Tyrone",621438,543339,,ball,,,,,11.0,,R,R,R,NYM,LAD,B,,,1,0,2024,0.01,0.53,-0.9099834973623272,3.0288850526401494,516782.0,502110.0,664056.0,1,9,Bot,,,,,,,4.4545101477239,-125.67496071470804,-0.7526947242027215,-0.787395102381878,24.232853117711556,-26.587045484802346,3.47194554845656,1.67880376534512,,,,87.1,2586.0,6.7,745818,669257,518692,666158,621035,605141,606192,681624,518792,53.83,,,,,,,,69,2,Slider,2,2,2,2,2,2,2,2,Strategic,Strategic,154.0,0.033,0.062,,,,,-0.062,,0,0,0.853,0.853,37,30,37,30,1,3,8.0,2,4.0,0,2.51,-0.01,-0.01,32.3,,,,,,batter
SL,2024-05-28,87.2,-2.75,5.58,"Taylor, Tyrone",621438,543339,,ball,,,,,12.0,,R,R,R,NYM,LAD,B,,,0,0,2024,-0.03,0.6,0.0651520286876999,3.8889133874612063,516782.0,502110.0,664056.0,1,9,Bot,,,,,,,6.868249679051804,-126.89274357080222,0.807182161172426,-1.5472850592327576,22.91428851061154,-25.938525235563137,3.4303700459175,1.77750834014108,,,,88.1,2513.0,6.6,745818,669257,518692,666158,621035,605141,606192,681624,518792,53.89,,,,,,,,69,1,Slider,2,2,2,2,2,2,2,2,Strategic,Strategic,162.0,0.016,0.039,,,,,-0.039,,0,0,0.837,0.837,37,30,37,30,1,3,8.0,2,4.0,0,2.37,0.03,0.03,34.2,,,,,,batter
SL,2024-05-28,85.1,0.61,5.97,"Taylor, Tyrone",621438,681911,strikeout,swinging_strike,,,,,13.0,Tyrone Taylor strikes out swinging.,R,R,L,NYM,LAD,S,2.0,,1,2,2024,-0.7,0.21,-0.7829261968064797,0.9511373935106588,,,664056.0,1,8,Bot,,,,,,,-1.850016594290382,-123.88970526474122,-5.932112262436933,-6.929041368604954,23.472749322271007,-29.04920863246882,3.42,1.67,,,,85.3,2409.0,6.3,745816,605131,518692,500743,571771,605141,606192,681624,518792,54.25,,0.0,0.0,1.0,0.0,0.0,,61,4,Slider,0,3,0,3,3,0,0,3,Standard,Standard,218.0,-0.025,-0.182,68.7,8.9,1.572893616,,0.182,,-3,-3,0.081,0.081,28,30,28,30,1,0,4.0,0,3.0,1,2.92,-0.7,0.7,64.6,20.55267864143025,-33.47962179001327,45.00742170506371,27.835461901387376,43.18693591769102,batter
FF,2024-05-28,93.5,0.63,5.82,"Taylor, Tyrone",621438,681911,,swinging_strike,,,,,6.0,,R,R,L,NYM,LAD,S,,,1,1,2024,0.55,1.82,0.5519621319685184,2.8201723535911998,,,664056.0,1,8,Bot,,,,,,,-1.4164952714599286,-136.10511603912184,-6.010406684664308,7.156078960665626,31.37392030809001,-8.412226261182273,3.42,1.67,,,,93.7,2353.0,6.5,745816,605131,518692,500743,571771,605141,606192,681624,518792,54.0,,,,,,,,61,3,4-Seam Fastball,0,3,0,3,3,0,0,3,Standard,Standard,166.0,-0.009,-0.059,70.4,7.4,1.56059916,,0.059,,-3,-3,0.09,0.09,28,30,28,30,1,0,4.0,0,3.0,1,0.79,0.55,-0.55,61.6,8.319791443735442,11.427242054901775,31.453744470224265,43.62644881763274,23.089563810449835,batter
SL,2024-05-28,86.3,0.71,5.99,"Taylor, Tyrone",621438,681911,,foul,,,,,13.0,,R,R,L,NYM,LAD,S,,,1,0,2024,-0.68,0.53,-0.894101493181457,1.3486651583707605,,,664056.0,1,8,Bot,,,,,,,-2.439630803537762,-125.6259193026194,-5.9264582641767145,-6.781252441141931,24.85363193425132,-25.60641824840569,3.42,1.67,,,,86.8,2412.0,6.5,745816,605131,518692,500743,571771,605141,606192,681624,518792,53.99,,,,,,,,61,2,Slider,0,3,0,3,3,0,0,3,Standard,Standard,202.0,-0.008,-0.047,74.0,8.7,,,0.047,,-3,-3,0.098,0.098,28,30,28,30,1,0,4.0,0,3.0,1,2.52,-0.68,0.68,65.0,25.242292073875436,-29.336974663629867,40.45232727827914,26.514367406180725,47.92763573484751,batter
SL,2024-05-28,85.4,0.7,5.99,"Taylor, Tyrone",621438,681911,,ball,,,,,13.0,,R,R,L,NYM,LAD,B,,,0,0,2024,-0.68,0.45,-0.3116535704243976,0.915535427695252,,,664056.0,1,8,Bot,,,,,,,-1.0172931217243506,-124.2150773535808,-6.560365359845576,-6.817432666052065,25.35605243265012,-26.412595533954345,3.42640222590333,1.71875850979178,,,,85.5,2434.0,6.4,745816,605131,518692,500743,571771,605141,606192,681624,518792,54.08,,,,,,,,61,1,Slider,0,3,0,3,3,0,0,3,Standard,Standard,181.0,0.006,0.036,,,,,-0.036,,-3,-3,0.092,0.092,28,30,28,30,1,0,4.0,0,3.0,1,2.68,-0.68,0.68,63.4,,,,,,batter
SL,2024-05-26,83.5,-3.46,5.1,"Taylor, Tyrone",621438,676254,field_out,hit_into_play,,,,,8.0,Tyrone Taylor bunt pops out to pitcher Ryan Walker.,R,R,R,NYM,SF,X,1.0,popup,0,1,2024,1.21,-0.19,0.1341051420904346,1.879467806714061,,,683146.0,0,8,Bot,120.75,182.77,,,,,5.860266284094955,-121.56277456879312,-0.6387448273312033,10.923367895364288,22.755705818346065,-34.14008002828703,3.43,1.67,51.0,29.7,49.0,83.2,2475.0,5.9,745824,672275,527038,642731,656305,689172,671218,682641,573262,54.57,0.152,0.159,0.0,1.0,0.0,0.0,1.0,60,2,Slider,1,3,1,3,3,1,1,3,Standard,Standard,69.0,-0.06,0.014,8.0,2.0,,0.156,-0.014,88.0,-2,-2,0.238,0.238,28,30,29,30,1,0,2.0,4,1.0,2,3.44,-1.21,-1.21,17.9,-25.88303976209133,-19.27291301135656,21.016002807237804,39.23041702332407,35.769801038830565,batter
SI,2024-05-26,95.3,-3.45,4.99,"Taylor, Tyrone",621438,676254,,called_strike,,,,,5.0,,R,R,R,NYM,SF,S,,,0,0,2024,-0.78,0.18,-0.1164812874251901,2.5252715091728053,,,683146.0,0,8,Bot,,,,,,,10.367410839166812,-138.53967176397808,-1.2731703923163014,-12.238414639976147,28.49940086366882,-29.72363545999553,3.43538981730318,1.69963767349928,,,,94.5,2128.0,5.7,745824,672275,527038,642731,656305,689172,671218,682641,573262,54.82,,,,,,,,60,1,Sinker,1,3,1,3,3,1,1,3,Standard,Standard,234.0,-0.011,-0.042,,,,,0.042,,-2,-2,0.249,0.249,28,30,29,30,1,0,2.0,4,1.0,2,2.31,0.78,0.78,15.9,,,,,,batter
ST,2024-05-22,83.5,-2.25,5.59,"Taylor, Tyrone",621438,671922,strikeout,swinging_strike,,,,,14.0,Tyrone Taylor strikes out swinging.,R,R,R,CLE,NYM,S,2.0,,1,2,2024,1.16,0.18,1.0871682174149586,1.0357457345473589,,,,1,9,Top,,,,,,,5.526912337732987,-121.52449313808452,-4.514890381617013,10.513929872806658,22.60009642278816,-29.781129821623832,3.43,1.66,,,,85.5,2072.0,7.5,746634,595978,700932,665926,681807,677587,664314,671289,671286,53.03,,0.0,0.0,1.0,0.0,0.0,,71,6,Sweeper,6,3,3,6,3,6,3,6,Standard,Standard,69.0,0.008,-0.182,64.4,8.9,21.073199928,,0.182,,3,-3,0.988,0.012,25,30,25,30,1,0,2.0,1,3.0,4,3.08,-1.16,-1.16,37.6,31.55714284408519,-46.87637418418453,35.6843928968759,47.46187155177023,66.14673228563802,batter
FF,2024-05-22,97.2,-2.08,5.82,"Taylor, Tyrone",621438,671922,,foul,,,,,6.0,,R,R,R,CLE,NYM,S,,,1,2,2024,-0.48,1.47,0.2971896769864052,2.8319805822984505,,,,1,9,Top,,,,,,,7.629795921835848,-141.23084176411612,-5.932004508222227,-8.163259223139569,32.65760553404348,-11.387132017770307,3.43,1.66,,,,99.1,2414.0,7.5,746634,595978,700932,665926,681807,677587,664314,671289,671286,53.02,,,,,,,,71,5,4-Seam Fastball,6,3,3,6,3,6,3,6,Standard,Strategic,210.0,0.0,0.0,69.4,6.9,,,0.0,,3,-3,0.988,0.012,25,30,25,30,1,0,2.0,1,3.0,4,0.96,0.48,0.48,41.6,3.2484512814828674,14.99215086231474,29.881545538547503,41.398249305600174,21.103678654448068,batter
FF,2024-05-22,98.6,-2.01,5.84,"Taylor, Tyrone",621438,671922,,foul,,,,,5.0,,R,R,R,CLE,NYM,S,,,1,2,2024,-0.68,1.44,0.0753206324503587,2.290394381619823,,,,1,9,Top,,,,,,,7.407170071267938,-143.2821962155696,-7.713726084443469,-11.055156800129843,32.92847771209503,-10.663519082239407,3.43,1.66,22.0,99.5,-5.0,100.8,2456.0,7.6,746634,595978,700932,665926,681807,677587,664314,671289,671286,52.93,,,,,,,,71,4,4-Seam Fastball,6,3,3,6,3,6,3,6,Standard,Strategic,218.0,0.0,0.0,55.3,5.4,,,0.0,99.5,3,-3,0.988,0.012,25,30,25,30,1,0,2.0,1,3.0,4,0.91,0.68,0.68,43.0,-34.66319429544059,50.839345060548766,40.84707404196861,39.03062619174681,-2.2474310245598947,batter
FF,2024-05-22,98.2,-2.02,5.86,"Taylor, Tyrone",621438,671922,,ball,,,,,14.0,,R,R,R,CLE,NYM,B,,,0,2,2024,-0.73,1.48,0.8994658177813386,1.8006326484961548,,,,1,9,Top,,,,,,,9.7978123747329,-142.4691018719407,-9.133441544276884,-12.123790407037934,32.04542044152257,-10.008001875826864,3.46627597646343,1.69421226683338,,,,100.3,2487.0,7.6,746634,595978,700932,665926,681807,677587,664314,671289,671286,52.92,,,,,,,,71,3,4-Seam Fastball,6,3,3,6,3,6,3,6,Standard,Strategic,212.0,-0.001,0.02,,,,,-0.02,,3,-3,0.989,0.011,25,30,25,30,1,0,2.0,1,3.0,4,0.89,0.73,0.73,42.8,,,,,,batter
FF,2024-05-22,98.1,-2.14,5.84,"Taylor, Tyrone",621438,671922,,called_strike,,,,,8.0,,R,R,R,CLE,NYM,S,,,0,1,2024,-0.87,1.45,0.1172264471501635,2.1123773784335613,,,,1,9,Top,,,,,,,8.27931404846159,-142.41572222893876,-8.105599985403272,-13.794685887803672,32.28487599048544,-10.735815012689269,3.38534469239102,1.62255000558341,,,,100.0,2483.0,7.4,746634,595978,700932,665926,681807,677587,664314,671289,671286,53.09,,,,,,,,71,2,4-Seam Fastball,6,3,3,6,3,6,3,6,Standard,Standard,214.0,0.002,-0.057,,,,,0.057,,3,-3,0.987,0.013,25,30,25,30,1,0,2.0,1,3.0,4,0.93,0.87,0.87,40.5,,,,,,batter
FF,2024-05-22,97.9,-2.01,5.78,"Taylor, Tyrone",621438,671922,,called_strike,,,,,6.0,,R,R,R,CLE,NYM,S,,,0,0,2024,-0.8,1.54,0.4426226272538819,2.6688283654792104,,,,1,9,Top,,,,,,,8.632015124027294,-142.21143954518604,-6.601176260361188,-12.779743487458006,32.38158338178415,-9.868183802968003,3.38863355630945,1.67623847279465,,,,99.8,2476.0,7.4,746634,595978,700932,665926,681807,677587,664314,671289,671286,53.06,,,,,,,,71,1,4-Seam Fastball,6,3,3,6,3,6,3,6,Standard,Standard,212.0,0.002,-0.037,,,,,0.037,,3,-3,0.985,0.015,25,30,25,30,1,0,2.0,1,3.0,4,0.84,0.8,0.8,43.0,,,,,,batter
CU,2024-05-21,75.7,-1.48,5.94,"Taylor, Tyrone",621438,675540,force_out,hit_into_play,,,,,1.0,"Tyrone Taylor grounds into a force out, third baseman José Ramírez to second baseman Andrés Giménez. Brandon Nimmo out at 2nd.",R,R,R,CLE,NYM,X,5.0,ground_ball,1,1,2024,1.13,-0.95,-0.3060906189412122,2.931565824356892,624413.0,,607043.0,2,4,Top,107.82,159.95,,,,,0.4369460013424946,-110.14779682459704,2.5540141781939805,9.100303594130777,20.648025084583765,-40.60684233804845,3.43,1.65,39.0,74.7,-1.0,75.5,2457.0,6.2,746633,666310,647304,665926,608070,677587,686823,671289,671286,54.26,0.128,0.118,0.0,1.0,0.0,0.0,2.0,27,3,Curveball,3,0,0,3,0,3,0,3,Standard,Strategic,35.0,0.044,-0.272,72.4,7.7,,0.152,0.272,88.0,3,-3,0.816,0.184,25,30,26,30,2,1,36.0,1,6.0,1,4.95,-1.13,-1.13,57.3,19.270103071320573,-26.12134632051208,28.37897200725176,35.15215443866494,43.40816874787044,batter
SL,2024-05-21,85.3,-1.62,5.9,"Taylor, Tyrone",621438,675540,,called_strike,,,,,3.0,,R,R,R,CLE,NYM,S,,,1,0,2024,0.57,0.1,0.4154724900235595,3.406475023062027,624413.0,,607043.0,2,4,Top,,,,,,,3.617041977197277,-124.30826601372064,0.1734911806686456,5.243250313838504,23.85426686471175,-31.33317804792772,3.45359655392285,1.60227127940743,,,,84.9,2618.0,5.8,746633,666310,647304,665926,608070,677587,686823,671289,671286,54.67,,,,,,,,27,2,Slider,3,0,0,3,0,3,0,3,Standard,Strategic,113.0,0.005,-0.045,,,,,0.045,,3,-3,0.811,0.189,25,30,26,30,2,1,36.0,1,6.0,1,3.01,-0.57,-0.57,53.0,,,,,,batter
FF,2024-05-21,93.7,-1.3,6.05,"Taylor, Tyrone",621438,675540,,ball,,,,,13.0,,R,R,R,CLE,NYM,B,,,0,0,2024,-0.36,1.82,-1.0291873886867666,1.588531455402774,624413.0,,607043.0,2,4,Top,,,,,,,1.4859803753998402,-136.25909063972753,-9.853728842176812,-4.773924008960878,29.44735256368264,-7.512905279078765,3.40347664643703,1.65224245256434,,,,94.2,2267.0,6.6,746633,666310,647304,665926,608070,677587,686823,671289,671286,53.93,,,,,,,,27,1,4-Seam Fastball,3,0,0,3,0,3,0,3,Standard,Strategic,196.0,-0.003,0.03,,,,,-0.03,,3,-3,0.814,0.186,25,30,26,30,2,1,36.0,1,6.0,1,0.77,0.36,0.36,61.0,,,,,,batter
SL,2024-05-21,85.6,-1.52,5.97,"Taylor, Tyrone",621438,675540,field_out,hit_into_play,,,,,6.0,Tyrone Taylor flies out to left fielder Will Brennan.,R,R,R,CLE,NYM,X,7.0,fly_ball,0,0,2024,0.53,0.24,0.528543859903432,2.526221778732414,,,502110.0,0,2,Top,51.67,83.85,,,,,3.7465758860795058,-124.76334897187112,-2.405502014024589,4.884044163781983,22.88116302009242,-29.36931457887802,3.43,1.65,337.0,89.9,32.0,85.7,2355.0,6.1,746633,666310,647304,665926,608070,677587,686823,671289,671286,54.44,0.063,0.096,0.0,1.0,0.0,0.0,3.0,8,1,Slider,0,0,0,0,0,0,0,0,Standard,Standard,151.0,0.035,-0.246,72.4,8.3,,0.157,0.246,89.9,0,0,0.462,0.538,25,30,26,30,1,0,36.0,1,6.0,1,2.84,-0.53,-0.53,57.9,22.032876049187557,-13.780454505696568,30.734026942132356,45.42472165878071,39.895122684467154,batter
SL,2024-05-21,87.6,1.84,6.37,"Taylor, Tyrone",621438,656529,field_out,hit_into_play,,,,,5.0,"Tyrone Taylor grounds out, third baseman José Ramírez to first baseman Josh Naylor.",R,R,L,CLE,NYM,X,5.0,ground_ball,1,0,2024,-0.11,0.41,-0.0256238583658062,2.633759070349025,,,,0,6,Top,96.3,164.8,,,,,-4.326265433110039,-127.48469970700036,-3.7368565813638064,-0.2568653483532891,27.380262595014525,-27.094763505200408,3.43,1.65,5.0,69.4,-27.0,88.3,2275.0,6.8,746633,666310,647304,665926,608070,677587,686823,671289,671286,53.68,0.054,0.063,0.0,1.0,0.0,0.0,2.0,45,2,Slider,5,2,2,5,2,5,2,5,Standard,Strategic,261.0,0.028,-0.292,72.9,8.2,,0.078,0.292,88.0,3,-3,0.859,0.141,27,30,28,30,1,2,3.0,1,1.0,1,2.57,-0.11,0.11,36.9,19.09484942832959,-22.852408895041258,30.809901872259637,39.18820855846696,42.39103798318813,batter
FF,2024-05-21,95.6,1.87,6.27,"Taylor, Tyrone",621438,656529,,ball,,,,,14.0,,R,R,L,CLE,NYM,B,,,0,0,2024,0.85,1.43,1.5267106507311152,2.282589629330249,,,,0,6,Top,,,,,,,-2.8576923880316123,-139.03940616884657,-8.171183723438155,11.697203705406064,32.21095730079305,-11.995865897509798,3.46184455749065,1.64380524081874,,,,96.4,2317.0,6.8,746633,666310,647304,665926,608070,677587,686823,671289,671286,53.65,,,,,,,,45,1,4-Seam Fastball,5,2,2,5,2,5,2,5,Standard,Strategic,147.0,-0.004,0.038,,,,,-0.038,,3,-3,0.863,0.137,27,30,28,30,1,2,3.0,1,1.0,1,1.07,0.85,-0.85,34.3,,,,,,batter
FC,2024-05-20,99.1,-0.52,6.09,"Taylor, Tyrone",621438,661403,field_out,hit_into_play,,,,,5.0,Tyrone Taylor flies out to right fielder Will Brennan.,R,R,R,CLE,NYM,X,9.0,fly_ball,2,1,2024,0.57,1.03,0.0372970281686856,2.3682222564776065,,,,1,9,Top,174.1,119.37,,,,,0.1918107373884655,-144.3463276396377,-7.214760474806836,8.011825329753547,30.141507683960903,-16.337154227173873,3.43,1.65,233.0,90.8,54.0,99.7,2622.0,6.3,746637,666310,647304,665926,608070,677587,681807,671289,686823,54.18,0.001,0.0,0.0,1.0,0.0,0.0,3.0,62,4,Cutter,3,1,1,3,1,3,1,3,Strategic,Strategic,174.0,0.03,-0.302,69.1,7.7,,0.001,0.302,90.8,2,-2,0.958,0.042,26,30,26,30,1,1,1.0,1,1.0,1,1.27,-0.57,-0.57,54.7,9.447011322259202,-0.3623945114263138,34.496828674969684,40.19445257981486,32.86335920535008,batter
FC,2024-05-20,98.8,-0.74,5.93,"Taylor, Tyrone",621438,661403,,ball,,,,,14.0,,R,R,R,CLE,NYM,B,,,1,1,2024,0.51,0.83,0.9554573828474506,1.4653216577438193,,,,1,9,Top,,,,,,,3.4347144912878163,-143.71515745976075,-8.726020711241368,6.468074570769351,30.113252637340693,-18.928591577256704,3.35505512641262,1.67890879683138,,,,99.5,2541.0,6.5,746637,666310,647304,665926,608070,677587,681807,671289,686823,54.01,,,,,,,,62,3,Cutter,3,1,1,3,1,3,1,3,Strategic,Strategic,178.0,-0.006,0.059,,,,,-0.059,,2,-2,0.964,0.036,26,30,26,30,1,1,1.0,1,1.0,1,1.49,-0.51,-0.51,49.4,,,,,,batter
FC,2024-05-20,100.1,-0.7,6.07,"Taylor, Tyrone",621438,661403,,ball,,,,,11.0,,R,R,R,CLE,NYM,B,,,0,1,2024,0.63,0.91,-1.0774227531803806,3.2817441631509663,,,,1,9,Top,,,,,,,-2.564928341366615,-145.8300478107665,-4.568007393123224,9.660079445032425,30.80838925905841,-18.352740491176952,3.38011201547867,1.70389783320498,,,,101.2,2617.0,6.6,746637,666310,647304,665926,608070,677587,681807,671289,686823,53.89,,,,,,,,62,2,Cutter,3,1,1,3,1,3,1,3,Strategic,Strategic,176.0,-0.003,0.024,,,,,-0.024,,2,-2,0.967,0.033,26,30,26,30,1,1,1.0,1,1.0,1,1.34,-0.63,-0.63,51.1,,,,,,batter
FC,2024-05-20,100.2,-0.59,6.08,"Taylor, Tyrone",621438,661403,,called_strike,,,,,5.0,,R,R,R,CLE,NYM,S,,,0,0,2024,0.51,0.85,0.0775827391054266,2.741383346922188,,,,1,9,Top,,,,,,,0.6387203324705697,-145.9996296855149,-5.9791284349530125,7.223738271752812,30.06602402675735,-18.807004790273037,3.38011201547867,1.70389783320498,,,,101.3,2650.0,6.6,746637,666310,647304,665926,608070,677587,681807,671289,686823,53.95,,,,,,,,62,1,Cutter,3,1,1,3,1,3,1,3,Strategic,Strategic,174.0,0.004,-0.037,,,,,0.037,,2,-2,0.963,0.037,26,30,26,30,1,1,1.0,1,1.0,1,1.39,-0.51,-0.51,54.5,,,,,,batter
FF,2024-05-20,92.7,-3.23,4.56,"Taylor, Tyrone",621438,680704,walk,ball,,,,,2.0,Tyrone Taylor walks. Pete Alonso to 3rd. Brandon Nimmo to 2nd.,R,R,R,CLE,NYM,B,,,3,0,2024,-0.73,1.12,-0.2427504680953998,3.4373103924579183,,624413.0,607043.0,2,6,Top,,,,,,,9.295964308583542,-134.66263606064814,0.5136758417934832,-10.880512975185852,28.921788704831418,-18.88651769115328,3.34892199047026,1.67279548880278,,,,93.4,2256.0,6.7,746637,666310,647304,665926,608070,677587,681807,671289,686823,53.76,,0.689131,0.7,1.0,0.0,0.0,,44,4,4-Seam Fastball,3,1,1,3,1,3,1,3,Standard,Standard,236.0,-0.019,0.085,,,,,-0.085,,2,-2,0.756,0.244,27,30,27,30,1,0,2.0,1,1.0,1,1.54,0.73,0.73,12.1,,,,,,batter
FF,2024-05-20,94.3,-3.27,4.62,"Taylor, Tyrone",621438,680704,,ball,,,,,14.0,,R,R,R,CLE,NYM,B,,,2,0,2024,-0.92,1.02,1.1319789827938314,2.145219459126835,,624413.0,607043.0,2,6,Top,,,,,,,13.579169474849824,-136.610959170274,-2.976850053722263,-14.478328525798826,29.495594971313437,-18.94532400508073,3.44915600720987,1.72277408999437,,,,95.0,2318.0,6.9,746637,666310,647304,665926,608070,677587,681807,671289,686823,53.6,,,,,,,,44,3,4-Seam Fastball,3,1,1,3,1,3,1,3,Standard,Standard,229.0,-0.014,0.08,,,,,-0.08,,2,-2,0.77,0.23,27,30,27,30,1,0,2.0,1,1.0,1,1.57,0.92,0.92,17.3,,,,,,batter
SL,2024-05-20,79.0,-3.37,4.34,"Taylor, Tyrone",621438,680704,,blocked_ball,,,,,14.0,,R,R,R,CLE,NYM,B,,,1,0,2024,1.4,0.63,1.2239017834204016,0.4410089290182704,,624413.0,607043.0,2,6,Top,,,,,,,7.441793883309455,-114.86699481877656,-2.867125551685368,11.02037680819619,21.334079718802897,-26.25007743163211,3.49928104776097,1.74776530366924,,,,79.4,2782.0,6.6,746637,666310,647304,665926,608070,677587,681807,671289,686823,53.86,,,,,,,,44,2,Slider,3,1,1,3,1,3,1,3,Standard,Standard,65.0,-0.009,0.044,,,,,-0.044,,2,-2,0.779,0.221,27,30,27,30,1,0,2.0,1,1.0,1,3.03,-1.4,-1.4,6.1,,,,,,batter
SL,2024-05-20,79.4,-3.36,4.2,"Taylor, Tyrone",621438,680704,,ball,,,,,14.0,,R,R,R,CLE,NYM,B,,,0,0,2024,0.82,0.48,0.894989356564436,1.4145308401477965,,624413.0,607043.0,2,6,Top,,,,,,,7.79385506980788,-115.44702521212685,-0.2500168688532427,6.055412762579635,20.07724629312836,-28.014910691227836,3.52434558026874,1.77275779428231,,,,79.9,2554.0,6.5,746637,666310,647304,665926,608070,677587,681807,671289,686823,53.96,,,,,,,,44,1,Slider,3,1,1,3,1,3,1,3,Standard,Standard,88.0,-0.005,0.026,,,,,-0.026,,2,-2,0.784,0.216,27,30,27,30,1,0,2.0,1,1.0,1,3.12,-0.82,-0.82,8.0,,,,,,batter
CH,2024-05-19,87.2,-2.57,5.49,"Taylor, Tyrone",621438,664350,strikeout,called_strike,,,,,1.0,Tyrone Taylor called out on strikes.,R,R,R,MIA,NYM,S,2.0,,0,2,2024,-1.34,0.07,-0.2833145872337532,2.994239665315863,,,,0,3,Top,,,,,,,8.183134463130711,-126.77349619885,0.0291612312778859,-16.13027172721769,26.770642946315792,-31.6144380536646,3.49054161251578,1.73374699301925,,,,86.6,1848.0,6.0,746064,542194,669394,672640,656896,660644,650559,665862,667472,54.5,,0.0,0.0,1.0,0.0,0.0,,23,3,Changeup,2,4,4,2,4,2,4,2,Infield shade,Standard,239.0,0.011,-0.163,,,,,0.163,,-2,2,0.295,0.705,25,30,26,30,2,1,6.0,1,6.0,1,2.94,1.34,1.34,26.9,,,,,,batter
SI,2024-05-19,92.8,-2.5,5.83,"Taylor, Tyrone",621438,664350,,called_strike,,,,,8.0,,R,R,R,MIA,NYM,S,,,0,1,2024,-1.36,0.6,0.1213408617757536,1.8240232866721744,,,,0,3,Top,,,,,,,9.60722074923404,-134.72711979788411,-5.722281329897369,-18.654718764771257,29.138917009044853,-23.777322592996292,3.47678124761516,1.75293347731424,,,,92.1,2103.0,6.0,746064,542194,669394,672640,656896,660644,650559,665862,667472,54.5,,,,,,,,23,2,Sinker,2,4,4,2,4,2,4,2,Standard,Standard,227.0,0.004,-0.054,,,,,0.054,,-2,2,0.291,0.709,25,30,26,30,2,1,6.0,1,6.0,1,2.06,1.36,1.36,32.2,,,,,,batter
FC,2024-05-19,80.8,-2.7,5.79,"Taylor, Tyrone",621438,664350,,foul,,,,,8.0,,R,R,R,MIA,NYM,S,,,0,0,2024,0.43,0.14,0.0185216037227731,2.078154777425545,,,,0,3,Top,,,,,,,5.189848695427579,-117.61347603827728,-1.934607343891116,3.0609668585986203,20.730696819937787,-30.72583577425017,3.43,1.64,278.0,89.4,22.0,80.1,2282.0,5.6,746064,542194,669394,672640,656896,660644,650559,665862,667472,54.87,,,,,,,,23,1,Cutter,2,4,4,2,4,2,4,2,Standard,Standard,99.0,0.003,-0.037,72.8,8.4,,,0.037,89.4,-2,2,0.288,0.712,25,30,26,30,2,1,6.0,1,6.0,1,3.33,-0.43,-0.43,31.6,14.906386485953217,-23.853791231050064,32.61649434691818,36.45804697220594,45.664157823604405,batter
ST,2024-05-19,83.8,-1.5,5.27,"Taylor, Tyrone",621438,669622,single,hit_into_play,,,,,5.0,Tyrone Taylor singles on a line drive to left fielder Bryan De La Cruz. Starling Marte to 2nd.,R,R,R,MIA,NYM,X,7.0,line_drive,0,1,2024,1.06,0.3,-0.1516973188461567,2.6755544532489464,,,516782.0,2,9,Top,71.18,99.58,,,,,1.0247720907291151,-122.102341698123,-0.1914840801400136,10.39753041946957,23.93136491886121,-29.3918807860918,3.43,1.64,238.0,89.0,17.0,83.4,2806.0,5.9,746064,542194,669394,624503,672640,660644,650559,665862,667472,54.59,0.832,0.808,0.9,1.0,1.0,0.0,4.0,74,2,Sweeper,3,6,6,3,6,3,6,3,Standard,Standard,68.0,-0.004,0.404,67.6,7.6,,1.007,-0.404,89.0,-3,3,0.04,0.96,29,30,29,30,1,4,2.0,1,2.0,1,2.94,-1.06,-1.06,15.4,8.010614094266387,-2.2362402900661884,36.37575009297628,33.644771635674694,27.73787090151307,batter
ST,2024-05-19,83.7,-1.54,5.21,"Taylor, Tyrone",621438,669622,,called_strike,,,,,14.0,,R,R,R,MIA,NYM,S,,,0,0,2024,1.15,0.33,0.9490055312606652,2.124617389441164,,,516782.0,2,9,Top,,,,,,,3.4585685133322057,-121.82312743459948,-1.3483304885617973,10.68659107168163,24.79649049488868,-28.79541797975972,3.41499506021709,1.692410554911,,,,82.9,2771.0,5.9,746064,542194,669394,624503,672640,660644,650559,665862,667472,54.64,,,,,,,,74,1,Sweeper,3,6,6,3,6,3,6,3,Standard,Standard,68.0,0.001,-0.047,,,,,0.047,,-3,3,0.039,0.961,29,30,29,30,1,4,2.0,1,2.0,1,2.93,-1.15,-1.15,14.1,,,,,,batter
SI,2024-05-19,91.8,-2.56,5.9,"Taylor, Tyrone",621438,664350,double,hit_into_play,,,,,6.0,Tyrone Taylor doubles (5) on a sharp line drive to center fielder Jazz Chisholm Jr. Francisco Lindor scores. Brandon Nimmo scores. DJ Stewart to 3rd.,R,R,R,MIA,NYM,X,8.0,line_drive,1,0,2024,-1.16,0.77,0.278590930685322,2.829873998371874,596019.0,607043.0,621466.0,1,1,Top,128.87,37.49,,,,,9.667724056873128,-133.2749100573582,-3.505232614717431,-16.00550973887163,30.48943356019092,-22.43266309935447,3.43,1.64,398.0,106.4,22.0,91.2,1927.0,6.2,746064,542194,669394,672640,656896,660644,650559,665862,667472,54.29,0.705,1.2899615384615388,1.25,1.0,1.0,1.0,6.0,5,2,Sinker,0,0,0,0,2,0,2,0,Standard,Standard,221.0,-0.144,0.66,77.9,7.7,,2.456,-0.66,106.4,0,0,0.393,0.607,25,30,26,30,1,0,6.0,1,6.0,1,1.96,1.16,1.16,37.2,14.428126844189256,-1.5688905229976453,29.18226985427073,40.80798908518565,28.174436690385456,batter
SI,2024-05-19,90.3,-2.67,5.88,"Taylor, Tyrone",621438,664350,,ball,,,,,11.0,,R,R,R,MIA,NYM,B,,,0,0,2024,-1.14,0.5,-0.7974692919608166,4.466373369654716,596019.0,607043.0,621466.0,1,1,Top,,,,,,,7.013903463204802,-131.23547517080434,1.4038049358965372,-14.695466218733811,29.4649616654903,-26.983707688606632,3.48166758238931,1.85434634412138,,,,89.3,1903.0,5.9,746064,542194,669394,672640,656896,660644,650559,665862,667472,54.61,,,,,,,,5,1,Sinker,0,0,0,0,0,0,0,0,Standard,Standard,222.0,-0.008,0.039,,,,,-0.039,,0,0,0.401,0.599,25,30,26,30,1,0,6.0,1,6.0,1,2.32,1.14,1.14,31.6,,,,,,batter
ST,2024-05-19,82.6,2.76,6.02,"Taylor, Tyrone",621438,677053,strikeout,swinging_strike,,,,,13.0,Tyrone Taylor strikes out swinging.,R,R,L,MIA,NYM,S,2.0,,1,2,2024,-0.58,0.43,-1.3284996794260078,1.9996488890872488,,,,2,5,Top,,,,,,,-8.20409988666781,-119.9008300183217,-3.3976272973069723,-3.826282851371327,25.802655642190537,-27.540858970135968,3.43,1.64,,,,82.6,2330.0,6.7,746064,542194,669394,672640,656896,660644,650559,665862,667472,53.82,,0.0,0.0,1.0,0.0,0.0,,40,5,Sweeper,2,4,4,2,4,2,4,2,Standard,Standard,293.0,0.006,-0.18,68.3,8.8,0.650738652,,0.18,,-2,2,0.283,0.717,25,30,26,30,1,2,1.0,1,1.0,1,2.96,-0.58,0.58,51.2,33.82912276001163,-48.57616037645566,40.290160665440695,23.146244438060943,54.28446364635575,batter
FF,2024-05-19,95.3,2.52,5.67,"Taylor, Tyrone",621438,640462,field_out,hit_into_play,,,,,1.0,"Tyrone Taylor grounds out, shortstop Vidal Bruján to first baseman Jake Burger.",R,R,L,MIA,NYM,X,6.0,ground_ball,0,2,2024,0.77,1.38,-0.4532175735669608,3.4402008338751564,,,,0,8,Top,106.65,158.79,,,,,-9.658462876446452,-138.30025819441,-3.269829020692136,12.205591568701008,34.98397177981347,-13.960193537362876,3.43,1.64,55.0,70.0,3.0,95.8,2447.0,7.0,746064,542194,669394,672640,656896,660644,650559,665862,667472,53.47,0.149,0.134,0.0,1.0,0.0,0.0,2.0,62,3,4-Seam Fastball,3,4,4,3,4,3,4,3,Infield shade,Standard,138.0,0.014,-0.163,66.0,6.5,,0.173,0.163,88.0,-1,1,0.264,0.736,29,30,29,30,1,3,5.0,1,2.0,1,1.17,0.77,-0.77,31.2,15.305809031402068,7.815991662952999,25.983241383103596,30.4967752174327,23.654175835296837,batter
FF,2024-05-19,93.7,2.7,6.02,"Taylor, Tyrone",621438,677053,,foul,,,,,12.0,,R,R,L,MIA,NYM,S,,,1,2,2024,0.69,1.5,0.3150424236881217,3.574774416871639,,,,2,5,Top,,,,,,,-7.720285481003528,-136.13639320253196,-3.8467890913997502,10.2993674962344,31.868090883282903,-12.937075772922377,3.43,1.64,,,,93.9,2341.0,6.6,746064,542194,669394,672640,656896,660644,650559,665862,667472,53.88,,,,,,,,40,4,4-Seam Fastball,2,4,4,2,4,2,4,2,Standard,Standard,151.0,0.0,0.0,69.4,6.4,,,0.0,,-2,2,0.283,0.717,25,30,26,30,1,2,1.0,1,1.0,1,1.12,0.69,-0.69,49.9,6.930667719004127,21.09642514541972,26.51532608480311,40.24091092023831,17.628908659208058,batter
ST,2024-05-19,82.4,2.66,5.58,"Taylor, Tyrone",621438,640462,,swinging_strike,,,,,13.0,,R,R,L,MIA,NYM,S,,,0,1,2024,-1.1,0.26,-1.2592012479049424,1.5886996051212208,,,,0,8,Top,,,,,,,-6.8693462459805055,-119.71835944503935,-2.96610422402658,-8.941159199471885,26.691343442233336,-29.28928986806978,3.43,1.64,,,,83.2,2355.0,7.2,746064,542194,669394,672640,656896,660644,650559,665862,667472,53.26,,,,,,,,62,2,Sweeper,3,4,4,3,4,3,4,3,Standard,Standard,292.0,0.006,-0.054,70.2,8.9,2.759794032,,0.054,,-1,1,0.258,0.742,29,30,29,30,1,3,5.0,1,2.0,1,3.15,-1.1,1.1,28.0,31.065364711301008,-46.01634096740894,37.848697132237184,23.90759306670735,54.28970776300332,batter
ST,2024-05-19,83.1,2.75,5.97,"Taylor, Tyrone",621438,677053,,foul_tip,,,,,13.0,,R,R,L,MIA,NYM,S,,,1,1,2024,-1.22,0.23,-1.5198819821325666,2.2342070696997203,,,,2,5,Top,,,,,,,-7.422773461097869,-120.74539016856704,-2.397172621634528,-10.004689432801005,28.353234122968097,-29.64957108677737,3.43,1.64,,,,82.9,2260.0,6.7,746064,542194,669394,672640,656896,660644,650559,665862,667472,53.8,,,,,,,,40,3,Sweeper,2,4,4,2,4,2,4,2,Standard,Strategic,278.0,0.003,-0.064,72.7,8.3,,,0.064,,-2,2,0.28,0.72,25,30,26,30,1,2,1.0,1,1.0,1,3.14,-1.22,1.22,51.2,27.44451483617272,-31.53112115332736,40.78787251127739,19.50637464333592,39.92059111598424,batter
ST,2024-05-19,80.7,2.63,5.52,"Taylor, Tyrone",621438,640462,,called_strike,,,,,8.0,,R,R,L,MIA,NYM,S,,,0,0,2024,-0.99,0.13,-0.0402246165278676,1.7362268267543155,,,,0,8,Top,,,,,,,-4.122521113753184,-117.4231247705002,-1.9484886209415349,-8.188338098588671,24.812587572069365,-30.798093623436976,3.25336093298155,1.5976814354542,,,,81.5,2422.0,7.1,746064,542194,669394,672640,656896,660644,650559,665862,667472,53.42,,,,,,,,62,1,Sweeper,3,4,4,3,4,3,4,3,Standard,Standard,288.0,0.003,-0.037,,,,,0.037,,-1,1,0.255,0.745,29,30,29,30,1,3,5.0,1,2.0,1,3.4,-0.99,0.99,28.0,,,,,,batter
ST,2024-05-19,83.2,2.81,5.89,"Taylor, Tyrone",621438,677053,,swinging_strike,,,,,7.0,,R,R,L,MIA,NYM,S,,,1,0,2024,-1.2,-0.29,-0.3282414769370935,1.8525020368514509,,,,2,5,Top,,,,,,,-4.875340117596702,-120.99652363495326,-2.107683561972129,-10.429473015046028,28.70320176457023,-34.690813927614705,3.43,1.64,,,,82.9,2366.0,6.6,746064,542194,669394,672640,656896,660644,650559,665862,667472,53.86,,,,,,,,40,2,Sweeper,2,4,4,2,4,2,4,2,Standard,Standard,270.0,0.001,-0.051,74.8,8.4,0.53080968,,0.051,,-2,2,0.279,0.721,25,30,26,30,1,2,1.0,1,1.0,1,3.64,-1.2,1.2,49.3,20.20014626486323,-18.28056294500704,34.52778464272785,33.393302125058995,38.815259567633646,batter
FF,2024-05-19,93.8,2.68,5.98,"Taylor, Tyrone",621438,677053,,ball,,,,,11.0,,R,R,L,MIA,NYM,B,,,0,0,2024,0.63,1.68,-1.2607925696557407,3.317873191601444,,,,2,5,Top,,,,,,,-11.633896525599292,-136.05315366681927,-4.863003039554244,10.421470288107637,30.898118262134957,-10.337821031972997,3.43741566900571,1.61582541992764,,,,94.1,2371.0,6.7,746064,542194,669394,672640,656896,660644,650559,665862,667472,53.8,,,,,,,,40,1,4-Seam Fastball,2,4,4,2,4,2,4,2,Standard,Standard,149.0,-0.001,0.04,,,,,-0.04,,-2,2,0.28,0.72,25,30,26,30,1,2,1.0,1,1.0,1,0.93,0.63,-0.63,50.5,,,,,,batter
FF,2024-05-18,98.3,2.25,5.23,"Taylor, Tyrone",621438,656945,field_out,hit_into_play,,,,,4.0,"Tyrone Taylor grounds out, shortstop Vidal Bruján to first baseman Josh Bell.",R,R,L,MIA,NYM,X,6.0,ground_ball,3,2,2024,0.3,1.43,-0.5215251634609137,2.708964512420292,596019.0,,,2,10,Top,108.31,155.28,,,,,-8.221233594299036,-142.74289972597444,-4.6037966282799365,6.143599394805537,36.77710327333367,-11.792571509751577,3.45,1.65,13.0,67.5,-10.0,98.0,2551.0,6.5,746067,542194,605137,672640,656896,660644,624503,665862,660821,53.97,0.068,0.065,0.0,1.0,0.0,0.0,2.0,90,6,4-Seam Fastball,9,9,9,9,9,9,9,9,Standard,Strategic,144.0,0.118,-0.267,67.7,6.4,,0.072,0.267,88.0,0,0,0.687,0.313,29,30,30,30,1,0,3.0,1,2.0,1,0.96,0.3,-0.3,38.9,-2.436483716228498,12.592112774697052,37.22433268723498,31.54825617912236,24.14308676105667,batter
FF,2024-05-18,98.0,2.24,5.14,"Taylor, Tyrone",621438,656945,,ball,,,,,13.0,,R,R,L,MIA,NYM,B,,,2,2,2024,0.46,1.3,-1.6516096302399563,1.922250425824918,596019.0,,,2,10,Top,,,,,,,-11.558031273569142,-142.15523359036192,-6.156351830864043,9.084159037570398,36.005905748107615,-13.233309285124635,3.3062038429215,1.61059240521549,,,,97.5,2512.0,6.4,746067,542194,605137,672640,656896,660644,624503,665862,660821,54.05,,,,,,,,90,5,4-Seam Fastball,9,9,9,9,9,9,9,9,Standard,Strategic,140.0,0.005,0.051,,,,,-0.051,,0,0,0.682,0.318,29,30,30,30,1,0,3.0,1,2.0,1,1.11,0.46,-0.46,36.2,,,,,,batter
SL,2024-05-18,88.4,2.43,5.17,"Taylor, Tyrone",621438,656945,,swinging_strike,,,,,13.0,,R,R,L,MIA,NYM,S,,,2,1,2024,-0.58,0.08,-1.340624536536496,1.523891156045634,596019.0,,,2,10,Top,,,,,,,-7.976528610922786,-128.54938790210338,-2.9842556380692384,-4.874291812141797,26.08105055779211,-30.827309937594656,3.45,1.65,,,,88.6,2724.0,6.4,746067,542194,605137,672640,656896,660644,624503,665862,660821,54.09,,,,,,,,90,4,Slider,9,9,9,9,9,9,9,9,Standard,Strategic,267.0,-0.006,-0.103,75.5,8.2,0.642285888,,0.103,,0,0,0.688,0.312,29,30,30,30,1,0,3.0,1,2.0,1,2.83,-0.58,0.58,36.0,18.586116945081137,-24.46237560436681,43.37642943840572,21.464023093859367,33.53481988438778,batter
FF,2024-05-18,97.6,2.4,5.26,"Taylor, Tyrone",621438,656945,,ball,,,,,12.0,,R,R,L,MIA,NYM,B,,,1,1,2024,0.31,1.33,0.4987074328426067,4.735670223678677,596019.0,,,2,10,Top,,,,,,,-5.81811958906787,-141.9154532647346,1.1094782997198274,5.6001250980857575,36.41760278605423,-14.922667886284785,3.26483531062535,1.63521783816502,,,,97.1,2528.0,6.3,746067,542194,605137,672640,656896,660644,624503,665862,660821,54.19,,,,,,,,90,3,4-Seam Fastball,9,9,9,9,9,9,9,9,Standard,Strategic,150.0,0.001,0.047,,,,,-0.047,,0,0,0.687,0.313,29,30,30,30,1,0,3.0,1,2.0,1,1.09,0.31,-0.31,37.6,,,,,,batter
FF,2024-05-18,98.8,2.43,5.1,"Taylor, Tyrone",621438,656945,,ball,,,,,13.0,,R,R,L,MIA,NYM,B,,,0,1,2024,0.51,1.42,-0.9367522648266784,1.2545971461191576,596019.0,,,2,10,Top,,,,,,,-10.348592567287564,-143.2337639183507,-8.283284124810754,9.5138131987936,35.81726721534018,-10.792744427528524,3.28924577822095,1.59369381551447,,,,98.5,2583.0,6.5,746067,542194,605137,672640,656896,660644,624503,665862,660821,53.98,,,,,,,,90,2,4-Seam Fastball,9,9,9,9,9,9,9,9,Standard,Strategic,140.0,0.005,0.032,,,,,-0.032,,0,0,0.682,0.318,29,30,30,30,1,0,3.0,1,2.0,1,0.95,0.51,-0.51,33.7,,,,,,batter
SL,2024-05-18,90.9,2.55,5.11,"Taylor, Tyrone",621438,656945,,called_strike,,,,,8.0,,R,R,L,MIA,NYM,S,,,0,0,2024,-0.27,0.11,-0.0320859014624359,1.6180162773710238,596019.0,,,2,10,Top,,,,,,,-5.8964163599730055,-132.25097814735147,-3.0266095502258543,-1.8268902382868824,30.53283391582327,-30.42825585236788,3.33898555796768,1.64345649944866,,,,90.8,2694.0,6.4,746067,542194,605137,672640,656896,660644,624503,665862,660821,54.08,,,,,,,,90,1,Slider,9,9,9,9,9,9,9,9,Standard,Standard,254.0,-0.008,-0.039,,,,,0.039,,0,0,0.69,0.31,29,30,30,30,1,0,3.0,1,2.0,1,2.67,-0.27,0.27,34.2,,,,,,batter
SL,2024-05-17,83.3,2.44,5.97,"Taylor, Tyrone",621438,666200,strikeout,swinging_strike,,,,,13.0,Tyrone Taylor strikes out swinging.,R,R,L,MIA,NYM,S,2.0,,0,2,2024,0.0,0.11,-0.6142534571339041,1.1806293633090252,664056.0,,643446.0,2,5,Top,,,,,,,-6.8634378351926175,-121.11784335076548,-4.654995140271626,1.403789108175704,24.984501943446585,-30.36277972780373,3.45,1.66,,,,81.6,2390.0,5.3,746065,663743,605137,672640,669394,660644,624503,665862,660821,55.21,,0.0,0.0,1.0,0.0,0.0,,40,3,Slider,4,0,0,4,0,4,0,4,Standard,Strategic,323.0,0.02,-0.158,69.6,8.9,1.621743432,,0.158,,4,-4,0.911,0.089,26,30,27,30,3,2,6.0,1,5.0,1,3.2,0.0,0.0,37.6,26.23822121507077,-37.965795576765466,42.67820268327453,30.37458131869828,48.1203270897287,batter
SL,2024-05-17,83.5,2.49,5.87,"Taylor, Tyrone",621438,666200,,missed_bunt,,,,,13.0,,R,R,L,MIA,NYM,S,,,0,1,2024,-0.04,0.16,-0.9778854696639964,1.1660977479664925,664056.0,,643446.0,2,5,Top,,,,,,,-7.749121569619574,-121.3183020259213,-4.586957873795567,1.264476122724263,25.478210392564637,-29.79788749636776,3.45,1.66,,,,81.7,2370.0,5.4,746065,663743,605137,672640,669394,660644,624503,665862,660821,55.15,,,,,,,,40,2,Slider,4,0,0,4,0,4,0,4,Standard,Strategic,145.0,0.009,-0.082,13.3,2.6,,,0.082,,4,-4,0.902,0.098,26,30,27,30,3,2,6.0,1,5.0,1,3.13,-0.04,0.04,41.0,-45.37528510735022,-83.7834804835474,68.74553143728103,28.111254162118108,41.559642144688496,batter
CH,2024-05-17,85.2,2.41,5.98,"Taylor, Tyrone",621438,666200,,called_strike,,,,,7.0,,R,R,L,MIA,NYM,S,,,0,0,2024,1.3,0.79,-0.325143214483748,1.435152578557873,664056.0,,643446.0,2,5,Top,,,,,,,-8.85625442585571,-123.69376154686351,-5.809307600179337,15.190464812419677,25.888030412840344,-22.999076256430257,3.40859612716283,1.51945493295688,,,,83.4,1926.0,5.3,746065,663743,605137,672640,669394,660644,624503,665862,660821,55.17,,,,,,,,40,1,Changeup,4,0,0,4,0,4,0,4,Standard,Strategic,122.0,0.005,-0.046,,,,,0.046,,4,-4,0.897,0.103,26,30,27,30,3,2,6.0,1,5.0,1,2.37,1.3,-1.3,39.6,,,,,,batter
FF,2024-05-17,94.0,2.33,6.04,"Taylor, Tyrone",621438,666200,field_out,hit_into_play,,,,,5.0,"Tyrone Taylor grounds out, shortstop Vidal Bruján to first baseman Josh Bell.",R,R,L,MIA,NYM,X,6.0,ground_ball,1,0,2024,0.98,1.41,-0.0376598219304789,2.588772097922578,,,,1,3,Top,113.43,153.74,,,,,-8.138009211254698,-136.4832937773154,-6.222280611558878,14.012549981249588,30.661748526492573,-13.306143320117403,3.45,1.66,89.0,101.1,4.0,92.2,2199.0,5.4,746065,663743,605137,672640,669394,660644,624503,665862,660821,55.09,0.532,0.492,0.0,1.0,0.0,0.0,4.0,20,2,4-Seam Fastball,4,0,0,4,0,4,0,4,Standard,Strategic,138.0,0.013,-0.295,77.5,7.4,,0.597,0.295,101.1,4,-4,0.874,0.126,26,30,27,30,2,1,6.0,1,5.0,1,1.18,0.98,-0.98,43.5,-15.41116389370872,-15.770409949255678,44.08188666507039,35.99860426249049,22.90052081877889,batter
SL,2024-05-17,81.4,2.46,5.91,"Taylor, Tyrone",621438,666200,,ball,,,,,13.0,,R,R,L,MIA,NYM,B,,,0,0,2024,0.02,0.15,-0.5675154409967426,0.8101047165649149,,,,1,3,Top,,,,,,,-6.711282714810706,-118.30709573325328,-4.980102792462688,1.6492307182039845,25.02756258907978,-29.9507314478226,3.28618396364974,1.65397913360385,,,,79.6,2329.0,5.3,746065,663743,605137,672640,669394,660644,624503,665862,660821,55.18,,,,,,,,20,1,Slider,4,0,0,4,0,4,0,4,Standard,Strategic,23.0,-0.002,0.039,,,,,-0.039,,4,-4,0.876,0.124,26,30,27,30,2,1,6.0,1,5.0,1,3.33,0.02,-0.02,43.9,,,,,,batter
FF,2024-05-17,93.7,-2.57,5.51,"Taylor, Tyrone",621438,572143,field_out,hit_into_play,,,,,1.0,"Tyrone Taylor grounds out, second baseman Otto Lopez to first baseman Josh Bell.",R,R,R,MIA,NYM,X,4.0,ground_ball,2,1,2024,-0.57,1.41,-0.6011737243287885,3.1190926536883263,,,,1,8,Top,149.36,157.28,,,,,6.393615342970047,-136.25671948427808,-3.5541867919217305,-8.576700540523042,31.03399316102731,-14.07491328807976,3.45,1.66,61.0,66.1,5.0,94.1,2321.0,6.6,746065,663743,605137,672640,669394,660644,624503,665862,660821,53.89,0.174,0.159,0.0,1.0,0.0,0.0,2.0,63,4,4-Seam Fastball,6,0,0,6,0,6,0,6,Standard,Standard,203.0,0.002,-0.302,64.9,5.9,,0.178,0.302,88.0,6,-6,0.995,0.005,34,30,34,30,1,3,6.0,1,2.0,1,1.2,0.57,0.57,36.3,-1.5674764120530833,19.45443077052777,33.6462430380232,30.207685890091103,18.910016596153586,batter
FF,2024-05-17,92.9,-2.55,5.51,"Taylor, Tyrone",621438,572143,,called_strike,,,,,9.0,,R,R,R,MIA,NYM,S,,,2,0,2024,-0.27,1.43,0.3671264529901706,1.7029068950232396,,,,1,8,Top,,,,,,,8.106814518003379,-134.94329857949992,-7.112819280386486,-5.094470855361548,29.854660428448582,-13.310300789645042,3.37832165197322,1.6295044884302,,,,93.3,2328.0,6.7,746065,663743,605137,672640,669394,660644,624503,665862,660821,53.83,,,,,,,,63,3,4-Seam Fastball,6,0,0,6,0,6,0,6,Standard,Standard,203.0,0.001,-0.065,,,,,0.065,,6,-6,0.994,0.006,34,30,34,30,1,3,6.0,1,2.0,1,1.22,0.27,0.27,34.4,,,,,,batter
FF,2024-05-17,92.4,-2.57,5.64,"Taylor, Tyrone",621438,572143,,ball,,,,,11.0,,R,R,R,MIA,NYM,B,,,1,0,2024,-0.61,1.56,-0.9037170548830914,4.795502560468172,,,,1,8,Top,,,,,,,5.585466441531292,-134.44191653177526,0.3106445804123973,-8.648092270021293,31.28090676742088,-13.7031468582002,3.38655435282863,1.62948794267498,,,,92.4,2398.0,6.5,746065,663743,605137,672640,669394,660644,624503,665862,660821,54.04,,,,,,,,63,2,4-Seam Fastball,6,0,0,6,0,6,0,6,Standard,Strategic,201.0,-0.001,0.072,,,,,-0.072,,6,-6,0.995,0.005,34,30,34,30,1,3,6.0,1,2.0,1,1.13,0.61,0.61,37.3,,,,,,batter
FC,2024-05-17,86.4,-2.63,5.41,"Taylor, Tyrone",621438,572143,,ball,,,,,11.0,,R,R,R,MIA,NYM,B,,,0,0,2024,0.46,0.12,-0.5872277487466142,3.6782483258650007,,,,1,8,Top,,,,,,,3.9871610859906097,-125.71958942605627,1.923165649952036,4.008318226250028,26.78402968522309,-31.51503394770235,3.38645614962505,1.61290901407423,,,,87.4,2371.0,7.0,746065,663743,605137,672640,669394,660644,624503,665862,660821,53.48,,,,,,,,63,1,Cutter,6,0,0,6,0,6,0,6,Standard,Strategic,110.0,0.0,0.039,,,,,-0.039,,6,-6,0.995,0.005,34,30,34,30,1,3,6.0,1,2.0,1,2.94,-0.46,-0.46,34.2,,,,,,batter
FF,2024-05-17,95.2,2.38,6.06,"Taylor, Tyrone",621438,666200,field_out,hit_into_play,,,,,12.0,Tyrone Taylor flies out to right fielder Jesús Sánchez in foul territory.,R,R,L,MIA,NYM,X,9.0,fly_ball,1,1,2024,0.97,1.26,0.8276673940777716,3.4932646631649846,,,,0,1,Top,203.74,141.49,,,,,-6.161341484110928,-138.47190828004938,-3.840565482939785,13.938836414816908,33.03144676650857,-15.34850160188375,3.45,1.66,274.0,96.3,53.0,93.7,2164.0,5.6,746065,663743,605137,672640,669394,660644,624503,665862,660821,54.92,0.011,0.015,0.0,1.0,0.0,0.0,3.0,1,3,4-Seam Fastball,0,0,0,0,0,0,0,0,Standard,Strategic,139.0,0.021,-0.243,69.4,7.0,,0.022,0.243,96.3,0,0,0.501,0.499,26,30,27,30,1,0,6.0,1,5.0,1,1.27,0.97,-0.97,39.0,7.566403265756616,12.344571121789942,25.146139128996825,46.26077669487532,22.04426005832117,batter
SL,2024-05-17,83.0,2.29,5.99,"Taylor, Tyrone",621438,666200,,ball,,,,,13.0,,R,R,L,MIA,NYM,B,,,0,1,2024,0.01,-0.08,-0.4476962810075148,0.3727067618888924,,,,0,1,Top,,,,,,,-6.168344911897057,-120.5939221475757,-6.09575865245432,1.3319347446529346,24.427005222601476,-31.93550771655674,3.35307397726676,1.62825588659556,,,,81.5,2339.0,5.5,746065,663743,605137,672640,669394,660644,624503,665862,660821,55.05,,,,,,,,1,2,Slider,0,0,0,0,0,0,0,0,Standard,Strategic,327.0,-0.002,0.025,,,,,-0.025,,0,0,0.503,0.497,26,30,27,30,1,0,6.0,1,5.0,1,3.41,0.01,-0.01,43.8,,,,,,batter
FF,2024-05-17,95.1,2.21,6.05,"Taylor, Tyrone",621438,666200,,foul,,,,,8.0,,R,R,L,MIA,NYM,S,,,0,0,2024,1.06,1.54,-0.2086916966559719,1.760686885171352,,,,0,1,Top,,,,,,,-8.598720212221545,-137.9154973903048,-8.862169981556159,15.544994871427305,32.47110508767898,-10.690054880607578,3.45,1.66,208.0,87.1,64.0,93.5,2233.0,5.7,746065,663743,605137,672640,669394,660644,624503,665862,660821,54.84,,,,,,,,1,1,4-Seam Fastball,0,0,0,0,0,0,0,0,Standard,Strategic,133.0,0.003,-0.037,76.3,7.9,,,0.037,88.0,0,0,0.5,0.5,26,30,27,30,1,0,6.0,1,5.0,1,1.01,1.06,-1.06,41.6,12.571896202951368,-6.950611792794053,44.75737142823537,34.37212405683765,33.313801341860355,batter
SI,2024-05-16,91.6,-1.78,6.55,"Taylor, Tyrone",621438,592836,strikeout,called_strike,,,,,9.0,Tyrone Taylor called out on strikes.,R,R,R,PHI,NYM,S,2.0,,1,2,2024,-1.02,1.16,0.5300847443638279,1.6788043611267132,,,,0,3,Top,,,,,,,7.96154308475755,-132.9049398142564,-8.85155942055765,-13.81646994521162,28.13903963280748,-16.703074359522287,3.49372621613766,1.72778202361659,,,,90.8,2034.0,6.0,745580,592663,547180,593160,664761,624641,669016,665506,592206,54.55,,0.0,0.0,1.0,0.0,0.0,,17,4,Sinker,0,2,2,0,2,0,2,0,Standard,Standard,221.0,0.013,-0.186,,,,,0.186,,-2,2,0.293,0.707,31,30,32,30,2,1,5.0,2,6.0,1,1.57,1.02,1.02,40.5,,,,,,batter
ST,2024-05-16,84.6,-1.96,6.56,"Taylor, Tyrone",621438,592836,,foul,,,,,2.0,,R,R,R,PHI,NYM,S,,,1,1,2024,0.59,0.61,0.0349368158602759,3.0329213069314225,,,,0,3,Top,,,,,,,3.442933736009156,-123.16064894729722,-3.0973947298854414,5.326181742880287,23.658072298215043,-25.58697593773103,3.42,1.65,373.0,104.7,37.0,84.0,2493.0,5.8,745580,592663,547180,593160,664761,624641,669016,665506,592206,54.73,,,,,,,,17,3,Sweeper,0,2,2,0,2,0,2,0,Infield shade,Standard,172.0,0.004,-0.056,74.4,8.1,,,0.056,104.7,-2,2,0.289,0.711,31,30,32,30,2,1,5.0,2,6.0,1,2.57,-0.59,-0.59,40.5,18.074546111626734,-17.59313155307186,28.95553464105194,38.04306895665842,41.60683529807423,batter
FS,2024-05-16,85.8,-1.91,6.55,"Taylor, Tyrone",621438,592836,,swinging_strike,,,,,13.0,,R,R,R,PHI,NYM,S,,,1,0,2024,-1.22,0.1,-1.3934991348828911,2.372653787617653,,,,0,3,Top,,,,,,,3.6576566950724527,-124.96282354688503,-3.8111967091061296,-13.544595282396134,25.59165936898309,-30.54047667229361,3.42,1.65,,,,85.1,1323.0,5.8,745580,592663,547180,593160,664761,624641,669016,665506,592206,54.71,,,,,,,,17,2,Split-Finger,0,2,2,0,2,0,2,0,Infield shade,Standard,226.0,0.004,-0.049,80.4,7.5,0.1,,0.049,,-2,2,0.285,0.715,31,30,32,30,2,1,5.0,2,6.0,1,2.99,1.22,1.22,39.9,13.11994771895809,-16.34808515432597,37.39343582900354,21.165523376388556,28.49314737581699,batter
ST,2024-05-16,83.8,-1.96,6.53,"Taylor, Tyrone",621438,592836,,ball,,,,,14.0,,R,R,R,PHI,NYM,B,,,0,0,2024,0.38,0.87,0.1731418549747783,0.9466701496191076,,,,0,3,Top,,,,,,,4.1275997027870295,-121.99426773023116,-8.231301954314548,3.1531345332147045,20.24956881257589,-22.199524530949645,3.46841474555236,1.65145173655026,,,,83.5,2452.0,5.7,745580,592663,547180,593160,664761,624641,669016,665506,592206,54.77,,,,,,,,17,1,Sweeper,0,2,2,0,2,0,2,0,Infield shade,Standard,193.0,-0.003,0.038,,,,,-0.038,,-2,2,0.288,0.712,31,30,32,30,2,1,5.0,2,6.0,1,2.33,-0.38,-0.38,42.5,,,,,,batter
FF,2024-05-16,97.2,-1.14,6.41,"Taylor, Tyrone",621438,614179,field_out,hit_into_play,,,,,9.0,"Tyrone Taylor grounds out, second baseman Kody Clemens to first baseman Bryce Harper. Omar Narváez to 3rd.",R,R,R,PHI,NYM,X,4.0,ground_ball,2,2,2024,-0.74,1.52,0.6876344578613609,1.5705034419753725,,553882.0,,0,10,Top,154.7,150.68,,,,,6.551267348487154,-141.05593624519554,-10.795880390005731,-11.36876165805064,34.85917900985204,-9.517161923924288,3.42,1.65,129.0,95.5,1.0,96.3,2401.0,6.1,745580,592663,547180,665019,664761,681082,593160,669016,592206,54.35,0.439,0.432,0.0,1.0,0.0,0.0,2.0,75,5,4-Seam Fastball,4,4,4,4,4,4,4,4,Standard,Standard,213.0,-0.003,-0.177,64.6,7.8,,0.483,0.177,95.5,0,0,0.516,0.484,29,30,30,30,1,4,3.0,2,6.0,1,0.92,0.74,0.74,43.7,0.6511646003714702,10.540555103244536,37.60091626296514,45.68410852175137,20.93943191558297,batter
CU,2024-05-16,88.4,-1.28,6.33,"Taylor, Tyrone",621438,614179,,blocked_ball,,,,,14.0,,R,R,R,PHI,NYM,B,,,1,2,2024,-0.01,-0.33,2.3773623634141208,-0.2871270123413447,,553882.0,,0,10,Top,,,,,,,8.877360593452009,-128.12807188150208,-9.221678121433644,-2.1006818652070547,28.793835365203023,-33.83901710589503,3.56966315487011,1.72778202361659,,,,87.5,2188.0,6.1,745580,592663,547180,665019,664761,681082,593160,669016,592206,54.35,,,,,,,,75,4,Curveball,4,4,4,4,4,4,4,4,Standard,Standard,25.0,-0.017,0.054,,,,,-0.054,,0,0,0.533,0.467,29,30,30,30,1,4,3.0,2,6.0,1,3.29,0.01,0.01,45.1,,,,,,batter
CU,2024-05-16,85.9,-1.2,6.32,"Taylor, Tyrone",621438,614179,,blocked_ball,,,,,14.0,,R,R,R,PHI,NYM,B,,,0,2,2024,0.08,-0.28,0.5589516351695668,0.1640735508701478,,553882.0,,0,10,Top,,,,,,,3.96348056950514,-124.77412306821994,-7.579604823037906,-0.1086365423528224,28.875539642938136,-33.558916669467,3.56966315487011,1.70252449998743,,,,84.7,2162.0,5.9,745580,592663,547180,665019,664761,681082,593160,669016,592206,54.56,,,,,,,,75,3,Curveball,4,4,4,4,4,4,4,4,Standard,Standard,25.0,-0.011,0.031,,,,,-0.031,,0,0,0.544,0.456,29,30,30,30,1,4,3.0,2,6.0,1,3.42,-0.08,-0.08,48.2,,,,,,batter
FF,2024-05-16,96.0,-1.08,6.39,"Taylor, Tyrone",621438,614179,,swinging_strike,,,,,12.0,,R,R,R,PHI,NYM,S,,,0,1,2024,-0.23,1.5,0.9105130112414772,2.6579894940247857,,553882.0,,0,10,Top,,,,,,,5.774446819450962,-139.41494044319427,-7.596833875169532,-4.389414208205217,34.0759615371509,-11.05940283135606,3.42,1.65,,,,95.3,2294.0,6.2,745580,592663,547180,665019,664761,681082,593160,669016,592206,54.32,,,,,,,,75,2,4-Seam Fastball,4,4,4,4,4,4,4,4,Standard,Standard,209.0,0.028,-0.067,68.2,7.4,1.29140934,,0.067,,0,0,0.516,0.484,29,30,30,30,1,4,3.0,2,6.0,1,1.0,0.23,0.23,45.2,8.473320921726895,16.75433899495181,33.68033976684992,48.787383811399806,19.37020832672603,batter
CU,2024-05-16,86.4,-1.35,6.4,"Taylor, Tyrone",621438,614179,,swinging_strike,,,,,14.0,,R,R,R,PHI,NYM,S,,,0,0,2024,-0.18,-0.29,1.0945578396009878,0.9063661241028318,,553882.0,,0,10,Top,,,,,,,6.126769378504145,-125.50040173895052,-6.086008734404926,-3.3442181104189874,30.20918879718313,-33.95668527573467,3.42,1.65,,,,84.9,2246.0,5.8,745580,592663,547180,665019,664761,681082,593160,669016,592206,54.67,,,,,,,,75,1,Curveball,4,4,4,4,4,4,4,4,Standard,Standard,33.0,0.016,-0.035,65.4,8.6,10.590822252,,0.035,,0,0,0.5,0.5,29,30,30,30,1,4,3.0,2,6.0,1,3.4,0.18,0.18,43.6,17.649382056157226,-17.645145740539476,37.359906987068655,51.04694271029866,46.83069747812611,batter
FF,2024-05-16,93.1,1.86,5.52,"Taylor, Tyrone",621438,621381,field_out,hit_into_play,,,,,1.0,Tyrone Taylor pops out to second baseman Whit Merrifield.,R,R,L,PHI,NYM,X,4.0,popup,2,2,2024,1.03,1.45,-0.4946921499184624,2.9814280329767757,,,,1,5,Top,141.91,123.13,,,,,-8.277426875092598,-135.26277282660902,-3.854719103064313,14.525209246208878,32.63550335139974,-13.74882029374614,3.42,1.65,197.0,73.7,46.0,92.4,2386.0,6.2,745580,592663,547180,593160,664761,624641,669016,665506,592206,54.32,0.134,0.127,0.0,1.0,0.0,0.0,3.0,33,6,4-Seam Fastball,0,2,2,0,2,0,2,0,Infield shade,Standard,138.0,0.011,-0.225,75.2,7.0,,0.166,0.225,88.0,-2,2,0.269,0.731,32,30,33,30,1,2,4.0,2,2.0,1,1.21,1.03,-1.03,31.2,-6.97619561034373,-30.591559751270445,52.801072847335526,31.248567589720015,26.30177015895681,batter
FF,2024-05-16,94.2,1.74,5.54,"Taylor, Tyrone",621438,621381,,foul,,,,,2.0,,R,R,L,PHI,NYM,S,,,2,2,2024,0.99,1.5,0.1519102647212276,3.483923451359805,,,,1,5,Top,,,,,,,-6.313569798225826,-137.00972455422684,-2.910716711741851,13.925729279768614,33.97891844027488,-12.895879982587156,3.42,1.65,,,,93.5,2564.0,6.2,745580,592663,547180,593160,664761,624641,669016,665506,592206,54.34,,,,,,,,33,5,4-Seam Fastball,0,2,2,0,2,0,2,0,Infield shade,Standard,135.0,0.0,0.0,69.8,6.5,,,0.0,,-2,2,0.269,0.731,32,30,33,30,1,2,4.0,2,2.0,1,1.09,0.99,-0.99,31.5,5.112893300661677,13.00830488521327,28.352843997999877,39.16440305934597,20.844652689663047,batter
FC,2024-05-16,87.8,2.04,5.4,"Taylor, Tyrone",621438,621381,,foul,,,,,4.0,,R,R,L,PHI,NYM,S,,,2,1,2024,0.17,0.6,-0.4041087727367974,2.338627187195021,,,,1,5,Top,,,,,,,-6.228163354147059,-127.88885404439934,-2.592083480190594,3.070154857596042,24.399519848499175,-25.204323296870687,3.42,1.65,152.0,58.4,43.0,87.7,2559.0,6.0,745580,592663,547180,593160,664761,624641,669016,665506,592206,54.52,,,,,,,,33,4,Cutter,0,2,2,0,2,0,2,0,Infield shade,Standard,162.0,0.004,-0.078,73.1,7.1,,,0.078,88.0,-2,2,0.265,0.735,32,30,33,30,1,2,4.0,2,2.0,1,2.33,0.17,-0.17,28.8,0.2126122841900166,6.925729887077517,38.84172206164773,32.6004896295531,22.556200505767748,batter
FF,2024-05-16,92.0,1.86,5.34,"Taylor, Tyrone",621438,621381,,called_strike,,,,,2.0,,R,R,L,PHI,NYM,S,,,2,0,2024,1.4,1.19,0.2599614621856023,2.9629034920927078,,,,1,5,Top,,,,,,,-7.060746807871681,-133.80675227736947,-2.737748716334681,18.34113339888643,30.05224197960524,-17.49962072776909,3.49372621613766,1.70252449998743,,,,91.6,2389.0,6.2,745580,592663,547180,593160,664761,624641,669016,665506,592206,54.33,,,,,,,,33,3,4-Seam Fastball,0,2,2,0,2,0,2,0,Infield shade,Standard,131.0,0.004,-0.065,,,,,0.065,,-2,2,0.261,0.739,32,30,33,30,1,2,4.0,2,2.0,1,1.51,1.4,-1.4,29.1,,,,,,batter
FF,2024-05-16,93.6,1.94,5.49,"Taylor, Tyrone",621438,621381,,ball,,,,,11.0,,R,R,L,PHI,NYM,B,,,1,0,2024,1.12,1.38,-1.159938352682771,2.7250916195378303,,,,1,5,Top,,,,,,,-10.431523410012016,-135.8833316372982,-4.367504985384763,16.202365299619913,32.11286015144951,-14.288752608760548,3.51903812095073,1.70252449998743,,,,93.1,2321.0,6.3,745580,592663,547180,593160,664761,624641,669016,665506,592206,54.21,,,,,,,,33,2,4-Seam Fastball,0,2,2,0,2,0,2,0,Infield shade,Standard,132.0,-0.004,0.072,,,,,-0.072,,-2,2,0.265,0.735,32,30,33,30,1,2,4.0,2,2.0,1,1.25,1.12,-1.12,30.2,,,,,,batter
FF,2024-05-16,93.6,1.74,5.47,"Taylor, Tyrone",621438,621381,,ball,,,,,11.0,,R,R,L,PHI,NYM,B,,,0,0,2024,1.06,1.31,-1.4637366450939333,2.655755488154214,,,,1,5,Top,,,,,,,-10.549161325417264,-135.85807027851763,-4.3689855612750845,15.471624876824102,29.732077550739746,-15.14774928202979,3.49372621613766,1.70252449998743,,,,93.2,2383.0,6.2,745580,592663,547180,593160,664761,624641,669016,665506,592206,54.32,,,,,,,,33,1,4-Seam Fastball,0,2,2,0,2,0,2,0,Infield shade,Standard,131.0,-0.002,0.039,,,,,-0.039,,-2,2,0.267,0.733,32,30,33,30,1,2,4.0,2,2.0,1,1.31,1.06,-1.06,29.5,,,,,,batter
FS,2024-05-16,90.6,-2.75,6.05,"Taylor, Tyrone",621438,656546,field_error,hit_into_play,,,,,5.0,Tyrone Taylor reaches on a throwing error by shortstop Bryson Stott.,R,R,R,PHI,NYM,X,6.0,ground_ball,1,2,2024,-1.1,0.27,0.0303767951535745,2.73577913905773,,,,0,8,Top,111.52,149.15,,,,,9.310827456823883,-131.62467826688643,-2.9044840744521814,-14.839391765556824,28.440231539213183,-28.60160445830705,3.42,1.65,8.0,72.0,-19.0,90.5,1757.0,6.4,745580,592663,547180,665019,664761,681082,593160,669016,592206,54.14,0.058,0.052,0.9,1.0,0.0,0.0,2.0,57,4,Split-Finger,3,2,2,3,2,3,2,3,Standard,Standard,246.0,-0.104,0.551,65.4,7.0,,0.062,-0.551,88.0,1,-1,0.761,0.239,31,30,31,30,1,3,4.0,2,1.0,1,2.52,1.1,1.1,34.1,-1.8155186579378635,6.915097863879282,28.297674124355478,37.94392707153103,23.1131508221281,batter
SL,2024-05-16,86.0,-2.82,6.07,"Taylor, Tyrone",621438,656546,,called_strike,,,,,7.0,,R,R,R,PHI,NYM,S,,,1,1,2024,0.31,-0.45,-0.6443479836064718,1.7849245611799156,,,,0,8,Top,,,,,,,4.5227010652144575,-125.28088314434837,-3.0399621365880085,2.412866028934776,24.23107599148025,-36.56462778542191,3.54407403723084,1.7276136602846,,,,86.0,2838.0,6.1,745580,592663,547180,665019,664761,681082,593160,669016,592206,54.36,,,,,,,,57,3,Slider,3,2,2,3,2,3,2,3,Standard,Standard,48.0,0.013,-0.056,,,,,0.056,,1,-1,0.748,0.252,31,30,31,30,1,3,4.0,2,1.0,1,3.52,-0.31,-0.31,42.7,,,,,,batter
ST,2024-05-16,85.7,-1.87,6.58,"Taylor, Tyrone",621438,592836,field_out,hit_into_play,,,,,6.0,"Tyrone Taylor grounds out, first baseman Bryce Harper to pitcher Taijuan Walker.",R,R,R,PHI,NYM,X,3.0,ground_ball,0,1,2024,0.41,0.89,0.8180138350738315,2.5338341914761395,,,,0,1,Top,145.52,162.9,,,,,5.495856568316788,-124.77680877544996,-5.105730355928717,3.2450452111075485,23.640869211677945,-22.03891932784655,3.42,1.65,50.0,71.7,3.0,85.3,2587.0,5.9,745580,592663,547180,593160,664761,624641,669016,665506,592206,54.65,0.146,0.177,0.0,1.0,0.0,0.0,2.0,1,2,Sweeper,0,0,0,0,0,0,0,0,Standard,Standard,174.0,0.019,-0.217,76.0,7.9,,0.19,0.217,88.0,0,0,0.503,0.497,31,30,32,30,1,0,5.0,2,6.0,1,2.19,-0.41,-0.41,41.4,14.8063874398426,-7.984505841832205,33.04513352860938,46.13380153183709,36.032292762397375,batter
FF,2024-05-16,97.3,-2.81,6.06,"Taylor, Tyrone",621438,656546,,called_strike,,,,,1.0,,R,R,R,PHI,NYM,S,,,1,0,2024,-1.4,1.45,-0.610289507043313,3.20790379545724,,,,0,8,Top,,,,,,,9.100651311704858,-141.24111002937107,-5.376220369253037,-20.826499438151387,35.72614582041584,-11.747198178496298,3.54407403723084,1.7276136602846,,,,96.7,2789.0,6.4,745580,592663,547180,665019,664761,681082,593160,669016,592206,54.14,,,,,,,,57,2,4-Seam Fastball,3,2,2,3,2,3,2,3,Standard,Standard,224.0,0.012,-0.049,,,,,0.049,,1,-1,0.736,0.264,31,30,31,30,1,3,4.0,2,1.0,1,0.99,1.4,1.4,36.2,,,,,,batter
SL,2024-05-16,85.4,-2.85,6.11,"Taylor, Tyrone",621438,656546,,ball,,,,,11.0,,R,R,R,PHI,NYM,B,,,0,0,2024,0.57,-0.22,-1.0166100164803766,3.864952467566844,,,,0,8,Top,,,,,,,3.152752662877428,-124.26982835358102,1.526691905936197,5.192251166330105,27.916683712061246,-35.02446982229594,3.49345360810567,1.70235802511003,,,,84.7,2950.0,6.1,745580,592663,547180,665019,664761,681082,593160,669016,592206,54.39,,,,,,,,57,1,Slider,3,2,2,3,2,3,2,3,Standard,Standard,49.0,-0.009,0.038,,,,,-0.038,,1,-1,0.745,0.255,31,30,31,30,1,3,4.0,2,1.0,1,3.38,-0.57,-0.57,38.9,,,,,,batter
FF,2024-05-16,91.4,-1.8,6.58,"Taylor, Tyrone",621438,592836,,called_strike,,,,,8.0,,R,R,R,PHI,NYM,S,,,0,0,2024,-1.08,1.63,0.1616706040785684,1.5292299008161496,,,,0,1,Top,,,,,,,7.223414390769949,-132.4978112824916,-10.23063973236576,-14.255994957777276,29.392255110143324,-10.915823318074908,3.59666168585191,1.55631211516761,,,,90.7,2179.0,6.2,745580,592663,547180,593160,664761,624641,669016,665506,592206,54.34,,,,,,,,1,1,4-Seam Fastball,0,0,0,0,0,0,0,0,Standard,Standard,216.0,0.003,-0.037,,,,,0.037,,0,0,0.5,0.5,31,30,32,30,1,0,5.0,2,6.0,1,1.13,1.08,1.08,41.6,,,,,,batter
SI,2024-05-14,91.9,-1.86,4.94,"Taylor, Tyrone",621438,605400,field_out,hit_into_play,,,,,7.0,Tyrone Taylor lines out to shortstop Bryson Stott.,R,R,R,NYM,PHI,X,6.0,line_drive,1,0,2024,-1.3,0.62,-0.6048713738608231,2.0873234508199188,,,,2,8,Bot,98.3,147.5,,,,,6.105878437469313,-133.72596867362375,-2.7612300359830315,-16.89322108139082,27.957560218388707,-24.366981478894385,3.42,1.65,150.0,99.7,8.0,93.4,2291.0,7.1,745821,596117,664761,665019,593160,681082,669016,679032,592206,53.36,0.65,0.618,0.0,1.0,0.0,0.0,4.0,60,2,Sinker,0,2,0,2,2,0,0,2,Standard,Standard,225.0,-0.02,-0.295,72.8,7.2,,0.763,0.295,99.7,-2,-2,0.096,0.096,31,30,31,30,3,2,6.0,1,5.0,2,2.07,1.3,1.3,18.7,7.213637426262908,1.390638727751306,43.34597822487473,27.91538441312111,29.233536718461185,batter
SI,2024-05-14,92.3,-1.92,4.83,"Taylor, Tyrone",621438,605400,,ball,,,,,14.0,,R,R,R,NYM,PHI,B,,,0,0,2024,-1.34,0.61,0.9840046924121788,1.1268598150988558,,,,2,8,Bot,,,,,,,10.46040171718984,-133.93568591090093,-4.98121285798371,-18.342811622606995,28.286627983520944,-23.942539570425968,3.40822656833561,1.70083280467904,,,,93.8,2275.0,7.3,745821,596117,664761,665019,593160,681082,669016,679032,592206,53.24,,,,,,,,60,1,Sinker,0,2,0,2,2,0,0,2,Standard,Standard,224.0,0.003,0.04,,,,,-0.04,,-2,-2,0.093,0.093,31,30,31,30,3,2,6.0,1,5.0,2,2.08,1.34,1.34,21.1,,,,,,batter
FC,2024-05-14,86.0,-1.91,5.0,"Taylor, Tyrone",621438,605400,single,hit_into_play,,,,,1.0,Tyrone Taylor singles on a sharp line drive to left fielder Brandon Marsh.,R,R,R,NYM,PHI,X,7.0,line_drive,0,0,2024,-0.13,0.46,-0.327575451101366,3.1174861902411912,,,,0,6,Bot,75.15,87.32,,,,,4.089320058064528,-125.33077183627528,0.8195799820248264,-2.104670458270336,23.50982834993293,-27.630738708569467,3.42,1.65,257.0,101.9,14.0,88.0,2045.0,7.3,745821,596117,664761,665019,593160,681082,669016,679032,592206,53.18,0.753,0.767,0.9,1.0,1.0,0.0,4.0,42,1,Cutter,0,2,0,2,2,0,0,2,Standard,Standard,206.0,0.06,0.448,71.5,6.9,,1.038,-0.448,101.9,-2,-2,0.26,0.26,31,30,31,30,2,1,6.0,1,5.0,2,2.59,0.13,0.13,23.0,8.676386653525554,-1.9380161454507865,28.637917248345445,31.99554635003508,30.11089857780465,batter
FC,2024-05-14,86.7,-1.89,4.91,"Taylor, Tyrone",621438,605400,field_out,hit_into_play,,,,,8.0,Tyrone Taylor grounds out softly to first baseman Alec Bohm.,R,R,R,NYM,PHI,X,3.0,ground_ball,1,2,2024,-0.27,0.61,0.2609675005271034,2.040778233269389,,,,0,3,Bot,133.0,196.0,,,,,5.799579829975039,-126.2756346191081,-1.99400709047116,-4.028744978088104,24.24822372487779,-25.392159782508514,3.42,1.65,4.0,28.3,-24.0,88.5,2205.0,7.3,745821,596117,664761,665019,593160,681082,669016,679032,592206,53.25,0.37,0.333,0.0,1.0,0.0,0.0,1.0,22,4,Cutter,0,2,0,2,2,0,0,2,Standard,Standard,217.0,-0.019,-0.186,70.8,8.6,,0.374,0.186,88.0,-2,-2,0.32,0.32,31,30,31,30,1,0,6.0,1,5.0,2,2.4,0.27,0.27,22.2,23.83572742618718,-28.89789998553212,37.05692556621533,37.9624270636053,47.27123533672107,batter
KC,2024-05-14,78.6,-1.8,4.87,"Taylor, Tyrone",621438,605400,,ball,,,,,14.0,,R,R,R,NYM,PHI,B,,,0,2,2024,1.03,-0.68,1.1338530395819153,0.2228725180620543,,,,0,3,Bot,,,,,,,4.528856147480295,-114.32492429116232,-1.932722119527071,8.118074956653809,22.67452060556328,-37.93459688945448,3.4116968311757,1.58572023001626,,,,79.8,2388.0,7.3,745821,596117,664761,665019,593160,681082,669016,679032,592206,53.17,,,,,,,,22,3,Knuckle Curve,0,2,0,2,2,0,0,2,Standard,Standard,58.0,0.003,0.023,,,,,-0.023,,-2,-2,0.317,0.317,31,30,31,30,1,0,6.0,1,5.0,2,4.39,-1.03,-1.03,19.2,,,,,,batter
KC,2024-05-14,79.4,-1.85,4.97,"Taylor, Tyrone",621438,605400,,swinging_strike,,,,,14.0,,R,R,R,NYM,PHI,S,,,0,1,2024,1.13,-0.84,1.3187291728802306,0.2259526084505427,,,,0,3,Bot,,,,,,,4.905449910476236,-115.45044378320694,-1.9605390519431392,8.967500763503178,24.026548640741165,-39.47371375777235,3.42,1.65,,,,80.3,2556.0,7.2,745821,596117,664761,665019,593160,681082,669016,679032,592206,53.26,,,,,,,,22,2,Knuckle Curve,0,2,0,2,2,0,0,2,Standard,Standard,50.0,-0.007,-0.054,68.1,9.0,21.589199904,,0.054,,-2,-2,0.324,0.324,31,30,31,30,1,0,6.0,1,5.0,2,4.5,-1.13,-1.13,24.8,30.62439916094716,-40.32789813082811,40.26116286046668,48.43203276349284,64.41574765207373,batter
FC,2024-05-14,85.7,-1.92,4.89,"Taylor, Tyrone",621438,605400,,called_strike,,,,,9.0,,R,R,R,NYM,PHI,S,,,0,0,2024,-0.43,1.05,0.476059829470961,1.899064593293338,,,,0,3,Bot,,,,,,,6.667441491749942,-124.69342107038965,-2.951056898041464,-5.86392135395046,24.878800126601263,-20.85700702784292,3.409902954312,1.58192077169461,,,,87.4,2228.0,7.3,745821,596117,664761,665019,593160,681082,669016,679032,592206,53.18,,,,,,,,22,1,Cutter,0,2,0,2,2,0,0,2,Standard,Standard,205.0,-0.004,-0.037,,,,,0.037,,-2,-2,0.328,0.328,31,30,31,30,1,0,6.0,1,5.0,2,2.06,0.43,0.43,21.9,,,,,,batter
SL,2024-05-13,85.1,2.06,5.74,"Taylor, Tyrone",621438,642397,single,hit_into_play,,,,,8.0,"Tyrone Taylor singles on a ground ball to shortstop Edmundo Sosa, deflected by third baseman Alec Bohm. Pete Alonso scores. J.D. Martinez to 2nd.",R,R,L,NYM,PHI,X,5.0,ground_ball,0,2,2024,-0.28,-0.07,0.0053087365035985,1.7836260812550426,,624413.0,502110.0,1,7,Bot,104.05,182.94,,,,,-4.255641003051812,-123.99301682593324,-2.8826976230396943,-2.0998864193241573,24.14644056474856,-32.5002080209635,3.42,1.65,3.0,87.5,-31.0,85.4,2476.0,6.4,745826,596117,547180,681082,664761,624641,593160,679032,669016,54.13,0.074,0.069,0.9,1.0,1.0,0.0,2.0,61,4,Slider,3,2,3,2,2,4,4,2,Standard,Standard,271.0,0.098,0.566,73.4,7.7,,0.118,-0.566,88.0,1,1,0.805,0.805,29,30,29,30,1,0,1.0,1,3.0,1,3.2,-0.28,0.28,36.2,7.260999118559575,-0.7463448532652062,39.1394347552659,36.90274847899072,26.347324164788613,batter
FF,2024-05-13,96.3,2.14,5.83,"Taylor, Tyrone",621438,642397,,foul,,,,,12.0,,R,R,L,NYM,PHI,S,,,0,2,2024,0.94,1.24,0.3781278019145082,3.5891937106874066,,624413.0,502110.0,1,7,Bot,,,,,,,-6.81978903991817,-140.08703869259242,-3.1683592967981995,13.982994670599323,33.61643823624189,-15.32147036982812,3.42,1.65,122.0,69.3,70.0,96.1,2087.0,6.3,745826,596117,547180,681082,664761,624641,593160,679032,669016,54.15,,,,,,,,61,3,4-Seam Fastball,3,2,3,2,2,3,3,2,Standard,Standard,130.0,0.0,0.0,66.3,6.8,,,0.0,88.0,1,1,0.805,0.805,29,30,29,30,1,0,1.0,1,3.0,1,1.23,0.94,-0.94,32.8,6.070123666042971,11.846362264159588,27.712029075290417,41.03448856012336,19.48324375170988,batter
SI,2024-05-13,95.2,2.28,5.71,"Taylor, Tyrone",621438,642397,,foul,,,,,6.0,,R,R,L,NYM,PHI,S,,,0,1,2024,1.63,0.77,0.5694616248589346,2.8103705676532877,,624413.0,502110.0,1,7,Bot,,,,,,,-8.159411808609853,-138.32597437292756,-3.6698492495295736,22.75171649348835,32.00826233528289,-21.611067748726423,3.42,1.65,306.0,91.6,40.0,95.1,2178.0,6.4,745826,596117,547180,681082,664761,624641,593160,679032,669016,54.08,,,,,,,,61,2,Sinker,3,2,3,2,2,3,3,2,Standard,Standard,129.0,-0.009,-0.048,68.1,6.8,,,0.048,91.6,1,1,0.814,0.814,29,30,29,30,1,0,1.0,1,3.0,1,1.76,1.63,-1.63,30.3,-1.1339352447759643,16.364082637114944,32.07663756823608,43.92660374510891,18.239835069898525,batter
SL,2024-05-13,83.4,2.25,5.84,"Taylor, Tyrone",621438,642397,,swinging_strike,,,,,13.0,,R,R,L,NYM,PHI,S,,,0,0,2024,-0.28,-0.09,-0.8638431297277488,1.837763910359692,,624413.0,502110.0,1,7,Bot,,,,,,,-6.614711547254882,-121.2847081373497,-2.555177946918968,-1.4072111967317482,24.74978606405459,-32.76245090787577,3.42,1.65,,,,83.4,2412.0,6.4,745826,596117,547180,681082,664761,624641,593160,679032,669016,54.1,,,,,,,,61,1,Slider,3,2,3,2,2,3,3,2,Standard,Standard,259.0,-0.005,-0.039,70.3,9.2,4.47094296,,0.039,,1,1,0.819,0.819,29,30,29,30,1,0,1.0,1,3.0,1,3.38,-0.28,0.28,40.1,28.25293976985752,-48.93016686014518,39.34940768309821,28.820800820456963,56.76305274323041,batter
FF,2024-05-12,93.9,3.08,5.07,"Taylor, Tyrone",621438,607481,strikeout,called_strike,,,,,7.0,Tyrone Taylor called out on strikes.,R,R,L,NYM,ATL,S,2.0,,1,2,2024,0.66,0.91,-0.607419472962878,1.985141363240808,,624413.0,,1,6,Bot,,,,,,,-10.969896630520198,-136.20268537298367,-4.203548439573998,10.701780291818212,32.13130235737089,-20.071359151879083,3.33277434907752,1.74493010087799,,,,93.4,2126.0,6.3,745825,644433,621566,645277,670097,606115,672284,671739,660670,54.17,,0.0,0.0,1.0,0.0,0.0,,50,4,4-Seam Fastball,2,2,2,2,2,2,2,2,Standard,Standard,117.0,-0.037,-0.198,,,,,0.198,,0,0,0.591,0.591,30,30,31,30,1,0,5.0,1,2.0,1,1.71,0.66,-0.66,5.4,,,,,,batter
ST,2024-05-12,81.6,3.13,5.18,"Taylor, Tyrone",621438,607481,,blocked_ball,,,,,13.0,,R,R,L,NYM,ATL,B,,,0,2,2024,-1.5,0.03,-1.2155379333510237,0.7245395741982374,,624413.0,,1,6,Bot,,,,,,,-6.87906692750563,-118.55160955369574,-3.3795842863050165,-12.516033278827395,25.9140872292215,-31.37013638932229,3.35913086912559,1.71855616029673,,,,81.2,2464.0,6.4,745825,644433,621566,645277,670097,606115,672284,671739,660670,54.08,,,,,,,,50,3,Sweeper,2,2,2,2,2,2,2,2,Standard,Standard,301.0,0.005,0.024,,,,,-0.024,,0,0,0.586,0.586,30,30,31,30,1,0,5.0,1,2.0,1,3.44,-1.5,1.5,7.8,,,,,,batter
ST,2024-05-12,81.7,2.94,5.29,"Taylor, Tyrone",621438,607481,,called_strike,,,,,6.0,,R,R,L,NYM,ATL,S,,,0,1,2024,-1.45,-0.05,0.4084724594509874,2.718968100127463,,624413.0,,1,6,Bot,,,,,,,-2.8969861446529315,-118.94037361661856,0.951439744395732,-13.100470137352705,25.054239374664693,-33.113042188701854,3.38548689749004,1.74493010087799,,,,81.5,2437.0,6.3,745825,644433,621566,645277,670097,606115,672284,671739,660670,54.15,,,,,,,,50,2,Sweeper,2,2,2,2,2,2,2,2,Standard,Standard,298.0,-0.013,-0.065,,,,,0.065,,0,0,0.599,0.599,30,30,31,30,1,0,5.0,1,2.0,1,3.49,-1.45,1.45,10.0,,,,,,batter
ST,2024-05-12,80.3,3.19,5.24,"Taylor, Tyrone",621438,607481,,called_strike,,,,,8.0,,R,R,L,NYM,ATL,S,,,0,0,2024,-1.38,0.1,0.0595532572578283,2.1639492209262245,,624413.0,,1,6,Bot,,,,,,,-4.3050778217481325,-116.8632740916098,-0.2332000419237598,-11.699867878187934,24.225031346070345,-31.49776812336826,3.43056236999161,1.71855616029673,,,,80.0,2445.0,6.3,745825,644433,621566,645277,670097,606115,672284,671739,660670,54.21,,,,,,,,50,1,Sweeper,2,2,2,2,2,2,2,2,Standard,Standard,299.0,-0.008,-0.036,,,,,0.036,,0,0,0.607,0.607,30,30,31,30,1,0,5.0,1,2.0,1,3.47,-1.38,1.38,9.9,,,,,,batter
CU,2024-05-11,73.9,1.18,5.99,"Taylor, Tyrone",621438,608331,field_out,hit_into_play,,,,,5.0,Tyrone Taylor flies out to right fielder Ronald Acuña Jr.,R,R,L,NYM,ATL,X,9.0,fly_ball,1,0,2024,-0.51,-1.35,0.2758214629677079,2.477497646761994,,,,1,6,Bot,160.85,105.57,,,,,-0.954219080524119,-107.47659241963716,2.656819677570164,-3.649784153164537,23.004696271916863,-43.31568059615336,3.42,1.64,249.0,95.5,51.0,73.2,2896.0,6.3,745828,518595,621566,645277,663586,606115,672284,671739,660670,54.2,0.005,0.007,0.0,1.0,0.0,0.0,3.0,42,2,Curveball,0,3,0,3,3,0,0,3,Standard,Standard,336.0,-0.021,-0.295,71.7,8.1,,0.011,0.295,95.5,-3,-3,0.138,0.138,30,30,30,30,3,0,6.0,1,6.0,1,5.61,-0.51,0.51,51.5,19.42567697299188,-6.233017220507139,35.19583956301491,41.711522947343056,36.93218769211049,batter
CU,2024-05-11,73.0,1.22,6.06,"Taylor, Tyrone",621438,608331,,ball,,,,,12.0,,R,R,L,NYM,ATL,B,,,0,0,2024,-0.66,-1.52,0.5154150660019867,3.7839559157512497,,,,1,6,Bot,,,,,,,-0.2598054828106286,-105.92154716142882,5.596853967985163,-4.855926897721357,22.48415504134784,-44.83478107307135,3.49868891495893,1.82287467338726,,,,72.0,2707.0,6.2,745828,518595,621566,645277,663586,606115,672284,671739,660670,54.25,,,,,,,,42,1,Curveball,0,3,0,3,3,0,0,3,Standard,Standard,333.0,0.003,0.039,,,,,-0.039,,-3,-3,0.135,0.135,30,30,30,30,3,0,6.0,1,6.0,1,5.91,-0.66,0.66,51.5,,,,,,batter
SL,2024-05-11,85.0,-2.5,5.49,"Taylor, Tyrone",621438,641729,strikeout,swinging_strike,,,,,14.0,Tyrone Taylor strikes out swinging.,R,R,R,NYM,ATL,S,2.0,,2,2,2024,0.23,0.52,1.3699933027794775,1.2879981356381711,,664056.0,621466.0,1,8,Bot,,,,,,,8.761255493994382,-123.47100498504888,-4.590976703923857,0.5407255381401507,25.68623895354266,-26.15128620807433,3.42,1.64,,,,86.3,2479.0,7.3,745828,518595,621566,645277,663586,606115,672284,671739,660670,53.19,,0.0,0.0,1.0,0.0,0.0,,59,6,Slider,0,3,0,3,3,0,0,3,Standard,Standard,137.0,-0.057,-0.212,63.9,8.8,5.482113156,,0.212,,-3,-3,0.144,0.144,29,30,29,30,1,1,4.0,1,6.0,1,2.66,-0.23,-0.23,32.5,21.49376694679814,-22.592315784162185,36.92427561325975,52.34694681672437,45.97190578701744,batter
SL,2024-05-11,82.9,-2.68,5.44,"Taylor, Tyrone",621438,641729,,foul,,,,,9.0,,R,R,R,NYM,ATL,S,,,2,2,2024,0.59,0.33,0.6734752495711989,2.0917499414773943,,664056.0,621466.0,1,8,Bot,,,,,,,6.661335615100403,-120.60867084897816,-1.827910898566572,4.46825153988211,23.98224829439467,-28.830714791595792,3.42,1.64,127.0,80.2,69.0,84.8,2233.0,7.6,745828,518595,621566,645277,663586,606115,672284,671739,660670,52.94,,,,,,,,59,5,Slider,0,3,0,3,3,0,0,3,Standard,Standard,139.0,0.0,0.0,71.7,7.9,,,0.0,88.0,-3,-3,0.144,0.144,29,30,29,30,1,1,4.0,1,6.0,1,3.0,-0.59,-0.59,29.5,8.837109127929175,-4.818237873196891,35.56730140458869,44.68204748758537,35.44451015629158,batter
FF,2024-05-11,94.3,-2.33,5.68,"Taylor, Tyrone",621438,641729,,ball,,,,,14.0,,R,R,R,NYM,ATL,B,,,1,2,2024,-0.65,1.68,1.8369190158267343,2.5898782485617318,,664056.0,621466.0,1,8,Bot,,,,,,,12.482884600318185,-136.67952338058566,-6.09103132757348,-11.025518802316888,32.56572336332684,-9.945733855029804,3.44852280709914,1.79791598436493,,,,95.4,2482.0,7.3,745828,518595,621566,645277,663586,606115,672284,671739,660670,53.16,,,,,,,,59,4,4-Seam Fastball,0,3,0,3,3,0,0,3,Standard,Standard,211.0,0.01,0.035,,,,,-0.035,,-3,-3,0.134,0.134,29,30,29,30,1,1,4.0,1,6.0,1,0.92,0.65,0.65,36.3,,,,,,batter
SL,2024-05-11,84.9,-2.61,5.5,"Taylor, Tyrone",621438,641729,,foul,,,,,9.0,,R,R,R,NYM,ATL,S,,,1,1,2024,0.54,0.38,0.3946634500525751,2.007581946329951,,664056.0,621466.0,1,8,Bot,,,,,,,6.062969430951723,-123.4349989846148,-2.60670338382338,4.223683123508635,25.98368332806121,-27.94415984323665,3.42,1.64,170.0,70.7,64.0,86.3,2326.0,7.3,745828,518595,621566,645277,663586,606115,672284,671739,660670,53.16,,,,,,,,59,3,Slider,0,3,0,3,3,0,0,3,Standard,Standard,150.0,-0.017,-0.04,68.0,8.3,,,0.04,88.0,-3,-3,0.151,0.151,29,30,29,30,1,1,4.0,1,6.0,1,2.8,-0.54,-0.54,33.0,11.559023631787436,-17.900135159159092,33.90045334866984,41.76780673008791,42.89131911634981,batter
SL,2024-05-11,86.0,-2.51,5.51,"Taylor, Tyrone",621438,641729,,blocked_ball,,,,,14.0,,R,R,R,NYM,ATL,B,,,0,1,2024,0.33,0.19,1.628935974606427,0.3978586275875289,,664056.0,621466.0,1,8,Bot,,,,,,,9.282492636526523,-124.74644539659464,-6.279850365262763,1.5015849125693923,26.43581802660905,-28.985999642989675,3.37329816684618,1.74800354366707,,,,87.1,2311.0,7.3,745828,518595,621566,645277,663586,606115,672284,671739,660670,53.21,,,,,,,,59,2,Slider,0,3,0,3,3,0,0,3,Standard,Standard,168.0,0.007,0.015,,,,,-0.015,,-3,-3,0.144,0.144,29,30,29,30,1,1,4.0,1,6.0,1,2.92,-0.33,-0.33,30.4,,,,,,batter
SL,2024-05-11,83.6,-2.53,5.53,"Taylor, Tyrone",621438,641729,,foul,,,,,5.0,,R,R,R,NYM,ATL,S,,,0,0,2024,0.6,0.11,-0.1527499105143562,2.3941597502797363,,664056.0,621466.0,1,8,Bot,,,,,,,4.374431316912926,-121.74710157995504,-1.0430211999591603,5.142412010254347,23.61067194945924,-31.038479406017984,3.42,1.64,278.0,85.6,24.0,85.3,2257.0,7.3,745828,518595,621566,645277,663586,606115,672284,671739,660670,53.16,,,,,,,,59,1,Slider,0,3,0,3,3,0,0,3,Standard,Standard,131.0,-0.01,-0.039,65.9,6.5,,,0.039,88.0,-3,-3,0.154,0.154,29,30,29,30,1,1,4.0,1,6.0,1,3.14,-0.6,-0.6,31.0,-7.097946030189174,20.130359935890688,38.27886191696452,36.79846951234184,16.441591086087563,batter
CH,2024-05-10,86.8,2.75,5.49,"Taylor, Tyrone",621438,621345,strikeout,swinging_strike,,,,,14.0,Tyrone Taylor strikes out swinging.,R,R,L,NYM,ATL,S,2.0,,1,2,2024,1.42,0.41,0.209057085305679,0.9223441037568888,,,,1,8,Bot,,,,,,,-8.982567421646372,-126.03789892602975,-5.568264186551138,16.979161681531288,25.45549731400254,-26.78484790844608,3.42,1.64,,,,86.7,1613.0,6.3,745827,518595,621566,645277,663586,606115,594807,671739,660670,54.17,,0.0,0.0,1.0,0.0,0.0,,59,4,Changeup,1,4,1,4,4,1,1,4,Standard,Standard,122.0,-0.012,-0.182,70.4,8.8,1.77840582,,0.182,,-3,-3,0.055,0.055,30,30,31,30,1,0,5.0,7,2.0,1,2.62,1.42,-1.42,35.1,24.651801196357805,-21.58799158344917,46.05230121244217,39.20476691984983,41.53554538130122,batter
FC,2024-05-10,89.6,2.39,5.7,"Taylor, Tyrone",621438,621345,,foul,,,,,13.0,,R,R,L,NYM,ATL,S,,,1,1,2024,-0.44,0.32,-1.2186095704713065,2.286563198765699,,,,1,8,Bot,,,,,,,-8.000195103035981,-130.35498771021872,-3.129377708346113,-3.378260386320495,27.243337497618388,-28.00929809968372,3.42,1.64,5.0,96.2,-24.0,89.8,2485.0,6.4,745827,518595,621566,645277,663586,606115,594807,671739,660670,54.11,,,,,,,,59,3,Cutter,1,4,1,4,4,1,1,4,Standard,Standard,207.0,-0.004,-0.061,72.8,7.7,,,0.061,96.2,-3,-3,0.059,0.059,30,30,31,30,1,0,5.0,7,2.0,1,2.51,-0.44,0.44,44.8,18.779828627099725,-17.55967201743918,37.67889616404566,22.6356684335098,37.31875938740471,batter
FC,2024-05-10,90.8,2.43,5.67,"Taylor, Tyrone",621438,621345,,ball,,,,,13.0,,R,R,L,NYM,ATL,B,,,0,1,2024,-0.39,0.68,-0.5301402158017725,1.0433575441767555,,,,1,8,Bot,,,,,,,-6.560179676286485,-131.9249911414052,-7.123771182986077,-3.232213105669283,27.72403788429033,-22.90662228662137,3.53341923183154,1.62070236883108,,,,90.9,2540.0,6.4,745827,518595,621566,645277,663586,606115,594807,671739,660670,54.1,,,,,,,,59,2,Cutter,1,4,1,4,4,1,1,4,Standard,Standard,191.0,0.002,0.024,,,,,-0.024,,-3,-3,0.057,0.057,30,30,31,30,1,0,5.0,7,2.0,1,2.09,-0.39,0.39,43.5,,,,,,batter
FF,2024-05-10,95.5,2.52,5.73,"Taylor, Tyrone",621438,621345,,called_strike,,,,,6.0,,R,R,L,NYM,ATL,S,,,0,0,2024,0.47,1.6,0.3237862495475496,2.3337394240489484,,,,1,8,Bot,,,,,,,-6.82906843310479,-138.688401692912,-6.825431810515393,7.722216251838833,33.835584917063066,-10.22682459648358,3.49780083058679,1.61698666838448,,,,94.9,2471.0,6.2,745827,518595,621566,645277,663586,606115,594807,671739,660670,54.26,,,,,,,,59,1,4-Seam Fastball,1,4,1,4,4,1,1,4,Standard,Standard,152.0,-0.003,-0.037,,,,,0.037,,-3,-3,0.06,0.06,30,30,31,30,1,0,5.0,7,2.0,1,0.93,0.47,-0.47,41.0,,,,,,batter
SI,2024-05-03,93.6,-0.81,6.33,"Taylor, Tyrone",621438,650644,double,hit_into_play,,,,,8.0,Tyrone Taylor doubles (4) on a sharp line drive to center fielder Jonny DeLuca.,R,R,R,TB,NYM,X,8.0,line_drive,1,2,2024,-1.2,1.39,0.0191230835179396,1.930192081186156,,,,0,5,Top,151.61,75.37,,,,,4.731495986559533,-135.90763683162626,-8.516705884525491,-15.875884070714347,32.35891349947741,-13.27147521837032,3.41,1.65,263.0,106.2,12.0,92.4,2270.0,5.9,745101,656577,650490,642708,678554,676609,668227,676356,623912,54.63,0.942,0.973,1.25,1.0,1.0,1.0,4.0,41,6,Sinker,9,3,3,9,3,9,3,9,Standard,Standard,207.0,-0.023,0.761,71.9,7.4,,1.296,-0.761,106.2,6,-6,0.964,0.036,29,30,29,30,2,1,6.0,2,5.0,7,1.24,1.2,1.2,41.5,3.77004298872803,6.04117680230982,38.318643701072055,37.51077382214994,25.71671331228517,batter
ST,2024-05-03,79.7,-0.85,6.39,"Taylor, Tyrone",621438,650644,,foul,,,,,14.0,,R,R,R,TB,NYM,S,,,1,2,2024,1.65,-0.41,0.8230521795676428,1.4967528502947207,,,,0,5,Top,,,,,,,0.5676856951669498,-115.93001324804436,-3.094930622959899,14.523675900452067,25.51951213172143,-35.43023895728049,3.41,1.65,157.0,63.2,36.0,78.6,3024.0,5.9,745101,656577,650490,642708,678554,676609,668227,676356,623912,54.58,,,,,,,,41,5,Sweeper,9,3,3,9,3,9,3,9,Standard,Standard,56.0,0.0,0.0,68.4,7.5,,,0.0,88.0,6,-6,0.964,0.036,29,30,29,30,2,1,6.0,2,5.0,7,4.06,-1.65,-1.65,43.8,-1.431525506290208,8.363833002859652,38.241582588017366,47.03807889200404,24.67990366900094,batter
FC,2024-05-03,85.1,-0.58,6.63,"Taylor, Tyrone",621438,650644,,ball,,,,,14.0,,R,R,R,TB,NYM,B,,,0,2,2024,0.69,0.06,0.8836543147685544,1.0046056161971983,,,,0,5,Top,,,,,,,2.0419203728818176,-123.78574590405086,-6.904883184586459,6.57764599924228,26.66553273014182,-30.299309692209828,3.50644219591585,1.65484282223799,,,,84.0,2908.0,5.8,745101,656577,650490,642708,678554,676609,668227,676356,623912,54.7,,,,,,,,41,4,Cutter,9,3,3,9,3,9,3,9,Standard,Standard,95.0,-0.001,0.023,,,,,-0.023,,6,-6,0.965,0.035,29,30,29,30,2,1,6.0,2,5.0,7,3.11,-0.69,-0.69,56.7,,,,,,batter
CU,2024-05-03,74.2,-0.62,6.62,"Taylor, Tyrone",621438,650644,,foul,,,,,7.0,,R,R,R,TB,NYM,S,,,0,2,2024,0.96,-1.78,-0.3670562541056846,1.874410059913428,,,,0,5,Top,,,,,,,-1.1465279848410883,-107.8317768107645,0.8940368956311688,7.548866517632788,24.93269847820356,-46.23206602548699,3.41,1.65,196.0,78.3,56.0,72.4,3108.0,5.8,745101,656577,650490,642708,678554,676609,668227,676356,623912,54.75,,,,,,,,41,3,Curveball,9,3,3,9,3,9,3,9,Standard,Standard,30.0,0.0,0.0,68.9,7.6,,,0.0,88.0,6,-6,0.965,0.035,29,30,29,30,2,1,6.0,2,5.0,7,6.05,-0.96,-0.96,54.6,13.139017537872869,-3.239404597236225,41.1537903012211,32.30021203392775,33.27906265706429,batter
ST,2024-05-03,79.2,-0.8,6.43,"Taylor, Tyrone",621438,650644,,called_strike,,,,,14.0,,R,R,R,TB,NYM,S,,,0,1,2024,1.55,0.23,0.8950347550998441,2.062703620259339,,,,0,5,Top,,,,,,,0.7993005665205868,-115.16197556362783,-3.0104412881610805,13.418154989106863,25.46200284517678,-29.77976059392312,3.46069512878888,1.68470776752064,,,,77.8,3000.0,5.7,745101,656577,650490,642708,678554,676609,668227,676356,623912,54.75,,,,,,,,41,2,Sweeper,9,3,3,9,3,9,3,9,Standard,Standard,58.0,0.002,-0.054,,,,,0.054,,6,-6,0.963,0.037,29,30,29,30,2,1,6.0,2,5.0,7,3.47,-1.55,-1.55,48.0,,,,,,batter
FC,2024-05-03,86.6,-0.72,6.54,"Taylor, Tyrone",621438,650644,,called_strike,,,,,6.0,,R,R,R,TB,NYM,S,,,0,0,2024,0.49,0.45,0.4737840207754483,2.7833654419938774,,,,0,5,Top,,,,,,,1.813602164805204,-126.11113648527284,-3.633480456690471,4.871453139195029,26.744593942742227,-26.83424714407538,3.47537809515023,1.6628001999016,,,,85.5,2672.0,5.6,745101,656577,650490,642708,678554,676609,668227,676356,623912,54.85,,,,,,,,41,1,Cutter,9,3,3,9,3,9,3,9,Standard,Standard,159.0,0.001,-0.037,,,,,0.037,,6,-6,0.962,0.038,29,30,29,30,2,1,6.0,2,5.0,7,2.59,-0.49,-0.49,49.2,,,,,,batter
FC,2024-05-03,88.2,-0.68,6.48,"Taylor, Tyrone",621438,650644,single,hit_into_play,,,,,9.0,Tyrone Taylor singles on a line drive to center fielder Jonny DeLuca. Jeff McNeil to 2nd.,R,R,R,TB,NYM,X,8.0,line_drive,2,1,2024,0.57,0.69,0.741037009940863,1.5583915104157275,,,643446.0,2,2,Top,132.98,95.52,,,,,2.2328978443689103,-128.2335442237321,-7.183462601255542,5.7865577201891085,28.46457438019949,-23.24694290279669,3.41,1.65,208.0,71.3,22.0,86.9,2726.0,5.7,745101,656577,650490,642708,678554,676609,668227,676356,623912,54.8,0.976,0.896,0.9,1.0,1.0,0.0,4.0,11,4,Cutter,0,0,0,0,0,0,0,0,Standard,Standard,158.0,-0.02,0.321,68.5,8.1,,1.034,-0.321,88.0,0,0,0.526,0.474,29,30,29,30,1,0,6.0,2,5.0,7,2.26,-0.57,-0.57,52.0,14.91582026229748,0.7938866439031786,39.12684666084654,46.31108630621101,31.98225610723166,batter
SI,2024-05-03,91.7,-0.89,6.31,"Taylor, Tyrone",621438,650644,,ball,,,,,13.0,,R,R,R,TB,NYM,B,,,1,1,2024,-1.16,1.23,-0.0987386264652483,1.1729885473480488,,,643446.0,2,2,Top,,,,,,,4.440511084648504,-133.10364846421467,-9.607694777040471,-14.731092168190507,29.8806240636534,-15.631683271327258,3.41902935529268,1.64074158005355,,,,90.3,2311.0,5.7,745101,656577,650490,642708,678554,676609,668227,676356,623912,54.81,,,,,,,,11,3,Sinker,0,0,0,0,0,0,0,0,Infield shade,Standard,209.0,-0.003,0.05,,,,,-0.05,,0,0,0.529,0.471,29,30,29,30,1,0,6.0,2,5.0,7,1.5,1.16,1.16,41.3,,,,,,batter
ST,2024-05-03,81.4,-0.88,6.38,"Taylor, Tyrone",621438,650644,,ball,,,,,14.0,,R,R,R,TB,NYM,B,,,0,1,2024,1.69,0.03,1.2742689414834918,1.3960898361099128,,,643446.0,2,2,Top,,,,,,,1.5562953627795508,-118.37319854319232,-4.498357090649059,15.40354580014744,25.843584834899683,-31.179160323890454,3.3795895520619,1.52733396479152,,,,80.0,3026.0,5.7,745101,656577,650490,642708,678554,676609,668227,676356,623912,54.84,,,,,,,,11,2,Sweeper,0,0,0,0,0,0,0,0,Standard,Standard,60.0,-0.002,0.032,,,,,-0.032,,0,0,0.531,0.469,29,30,29,30,1,0,6.0,2,5.0,7,3.46,-1.69,-1.69,44.5,,,,,,batter
FC,2024-05-03,88.2,-0.76,6.5,"Taylor, Tyrone",621438,650644,,swinging_strike,,,,,14.0,,R,R,R,TB,NYM,S,,,0,0,2024,0.58,0.77,1.143774007672313,2.3321724417203624,,,643446.0,2,2,Top,,,,,,,3.3943752539900847,-128.2862446833069,-5.521075091089312,5.565152186819893,28.85781026746909,-22.750597865715424,3.41,1.65,,,,86.8,2681.0,5.6,745101,656577,650490,642708,678554,676609,668227,676356,623912,54.88,,,,,,,,11,1,Cutter,0,0,0,0,0,0,0,0,Standard,Standard,151.0,0.003,-0.047,70.2,8.4,2.954234592,,0.047,,0,0,0.528,0.472,29,30,29,30,1,0,6.0,2,5.0,7,2.19,-0.58,-0.58,54.4,23.33061913604009,-14.337079148261676,33.73328984813043,52.46880730066832,35.02797335945585,batter
SV,2024-05-03,83.8,-1.31,5.8,"Taylor, Tyrone",621438,542888,strikeout,foul_tip,,,,,14.0,Tyrone Taylor strikes out on a foul tip.,R,R,R,TB,NYM,S,2.0,,0,2,2024,1.1,-0.15,1.0066170181022231,2.488214112113402,,,,1,6,Top,,,,,,,3.1918779946451785,-122.00380669410096,-0.9637037278050288,10.372236868063412,23.721147059670884,-33.6511712369114,3.41,1.65,,,,84.4,2645.0,6.6,745101,656577,650490,642708,678554,676609,668227,676356,623912,53.88,,0.0,0.0,1.0,0.0,0.0,,53,3,Slurve,9,7,7,9,7,9,7,9,Standard,Standard,89.0,0.013,-0.162,67.5,7.3,,,0.162,,2,-2,0.819,0.181,33,30,34,30,1,2,4.0,2,2.0,7,3.38,-1.1,-1.1,43.2,4.411498172375114,15.928186860264486,34.28328986153378,50.70065288118876,18.33331641747237,batter
FC,2024-05-03,91.8,-1.55,5.78,"Taylor, Tyrone",621438,542888,,foul,,,,,2.0,,R,R,R,TB,NYM,S,,,0,1,2024,0.32,0.95,0.1405010540378244,2.9081673806286714,,,,1,6,Top,,,,,,,3.608708187260018,-133.6289068837796,-3.495454529965164,3.103213744463112,29.04909040101394,-20.19227291520096,3.41,1.65,222.0,74.6,28.0,92.4,2562.0,6.6,745101,656577,650490,642708,678554,676609,668227,676356,623912,53.87,,,,,,,,53,2,Cutter,9,7,7,9,7,9,7,9,Standard,Standard,180.0,0.006,-0.057,65.6,6.3,,,0.057,88.0,2,-2,0.813,0.187,33,30,34,30,1,2,4.0,2,2.0,7,1.75,-0.32,-0.32,43.5,-9.07977689725938,24.86525976064457,34.57650059501318,39.646984458218725,11.933389048203251,batter
FF,2024-05-03,94.6,-1.53,5.74,"Taylor, Tyrone",621438,542888,,called_strike,,,,,9.0,,R,R,R,TB,NYM,S,,,0,0,2024,-0.58,1.54,0.4285358104760473,1.5620036657604088,,,,1,6,Top,,,,,,,6.463625428221352,-137.42036298776563,-8.662293392282168,-8.884765971872799,32.78376775626568,-10.864592335227908,3.4274468793011,1.58455487522999,,,,95.0,2376.0,6.8,745101,656577,650490,642708,678554,676609,668227,676356,623912,53.71,,,,,,,,53,1,4-Seam Fastball,9,7,7,9,7,9,7,9,Standard,Standard,215.0,0.003,-0.037,,,,,0.037,,2,-2,0.81,0.19,33,30,34,30,1,2,4.0,2,2.0,7,1.03,0.58,0.58,39.1,,,,,,batter
SL,2024-05-03,83.0,-1.15,5.98,"Taylor, Tyrone",621438,592094,field_out,hit_into_play,,,,,5.0,"Tyrone Taylor grounds out, third baseman Curtis Mead to first baseman Yandy Díaz.",R,R,R,TB,NYM,X,5.0,ground_ball,3,2,2024,0.32,-0.63,-0.1502609111047389,2.3135630514477543,,,,0,9,Top,102.67,167.29,,,,,1.6510402270256055,-120.94770991891122,-0.6728354108121871,2.831693025077761,24.7700606975926,-38.45192160245165,3.41,1.65,82.0,85.6,5.0,83.1,2597.0,6.4,745101,656577,650490,642708,678554,676609,668227,676356,680700,54.09,0.416,0.403,0.0,1.0,0.0,0.0,4.0,76,7,Slider,10,7,7,10,7,10,7,10,Standard,Standard,65.0,0.025,-0.333,66.6,7.6,,0.485,0.333,88.0,3,-3,0.96,0.04,32,30,33,30,1,3,4.0,2,1.0,7,3.95,-0.32,-0.32,31.6,10.967777192851194,-2.972617880123986,32.57522001684679,35.44583515284566,33.72474325158897,batter
FF,2024-05-03,94.5,-1.1,6.07,"Taylor, Tyrone",621438,592094,,foul,,,,,8.0,,R,R,R,TB,NYM,S,,,3,2,2024,-0.84,1.45,-0.0134132031214,2.1827766738700496,,,,0,9,Top,,,,,,,4.733651319876051,-137.40555158687528,-7.712876655324558,-11.681168198594078,30.656026563204065,-12.332776740047803,3.41,1.65,3.0,84.9,-39.0,95.1,2642.0,6.7,745101,656577,650490,642708,678554,676609,668227,676356,680700,53.82,,,,,,,,76,6,4-Seam Fastball,10,7,7,10,7,10,7,10,Standard,Standard,217.0,0.0,0.0,71.2,7.8,,,0.0,88.0,3,-3,0.96,0.04,32,30,33,30,1,3,4.0,2,1.0,7,1.11,0.84,0.84,35.8,13.208141843549688,0.3429751584011826,35.39391462597319,36.89758388721617,26.82335844794997,batter
ST,2024-05-03,79.6,-1.52,5.74,"Taylor, Tyrone",621438,592094,,ball,,,,,11.0,,R,R,R,TB,NYM,B,,,2,2,2024,1.06,-0.03,-1.3846121015772757,3.710619513891483,,,,0,9,Top,,,,,,,-1.6894033584373966,-115.92171880555456,2.395490439399392,9.85010053178974,22.932278349381367,-33.164365455701144,3.4037076199233,1.55770812565378,,,,79.5,2696.0,6.3,745101,656577,650490,642708,678554,676609,668227,676356,680700,54.2,,,,,,,,76,5,Sweeper,10,7,7,10,7,10,7,10,Standard,Standard,53.0,-0.009,0.107,,,,,-0.107,,3,-3,0.969,0.031,32,30,33,30,1,3,4.0,2,1.0,7,3.64,-1.06,-1.06,25.5,,,,,,batter
ST,2024-05-03,77.5,-1.48,5.79,"Taylor, Tyrone",621438,592094,,called_strike,,,,,1.0,,R,R,R,TB,NYM,S,,,2,1,2024,1.49,0.08,-0.7810659643571003,2.934647455859904,,,,0,9,Top,,,,,,,-1.222499712837316,-112.79240117048155,0.7332053101302023,12.854249600709725,21.814784742080725,-31.884812955370663,3.40200085646644,1.5190573163817,,,,77.4,2727.0,6.4,745101,656577,650490,642708,678554,676609,668227,676356,680700,54.15,,,,,,,,76,4,Sweeper,10,7,7,10,7,10,7,10,Standard,Standard,62.0,0.007,-0.069,,,,,0.069,,3,-3,0.962,0.038,32,30,33,30,1,3,4.0,2,1.0,7,3.74,-1.49,-1.49,24.8,,,,,,batter
SL,2024-05-03,83.5,-1.21,5.96,"Taylor, Tyrone",621438,592094,,called_strike,,,,,4.0,,R,R,R,TB,NYM,S,,,2,0,2024,0.36,-0.47,-0.4151392429093736,2.827589264537467,,,,0,9,Top,,,,,,,1.1187142968998278,-121.6402063912265,0.1561147547554318,3.365636079708166,24.14620783017025,-37.11518901871946,3.48117813757818,1.59841415105439,,,,83.5,2561.0,6.3,745101,656577,650490,642708,678554,676609,668227,676356,680700,54.22,,,,,,,,76,3,Slider,10,7,7,10,7,10,7,10,Standard,Standard,71.0,0.008,-0.065,,,,,0.065,,3,-3,0.954,0.046,32,30,33,30,1,3,4.0,2,1.0,7,3.74,-0.36,-0.36,33.2,,,,,,batter
FF,2024-05-03,95.8,-1.16,6.0,"Taylor, Tyrone",621438,592094,,ball,,,,,11.0,,R,R,R,TB,NYM,B,,,1,0,2024,-0.81,1.54,-1.2040995132486845,2.509529386148893,,,,0,9,Top,,,,,,,1.7474909039270514,-139.29985846768852,-7.114402692729823,-10.946723579781212,33.524406421096074,-10.702508570851132,3.41315629733329,1.56694323808782,,,,96.3,2608.0,6.8,745101,656577,650490,642708,678554,676609,668227,676356,680700,53.71,,,,,,,,76,2,4-Seam Fastball,10,7,7,10,7,10,7,10,Standard,Standard,217.0,-0.008,0.069,,,,,-0.069,,3,-3,0.962,0.038,32,30,33,30,1,3,4.0,2,1.0,7,0.96,0.81,0.81,34.0,,,,,,batter
FF,2024-05-03,95.5,-0.93,6.26,"Taylor, Tyrone",621438,592094,,ball,,,,,12.0,,R,R,R,TB,NYM,B,,,0,0,2024,-0.73,1.52,0.19338559900667,4.134010683484819,,,,0,9,Top,,,,,,,4.652074798583159,-139.05600971177827,-3.401112508174217,-10.519083860309271,32.10883941648089,-11.933169680687495,3.4557278564337,1.46234686743129,,,,96.2,2649.0,6.7,745101,656577,650490,642708,678554,676609,668227,676356,680700,53.79,,,,,,,,76,1,4-Seam Fastball,10,7,7,10,7,10,7,10,Standard,Standard,208.0,-0.004,0.038,,,,,-0.038,,3,-3,0.966,0.034,32,30,33,30,1,3,4.0,2,1.0,7,0.98,0.73,0.73,39.2,,,,,,batter
FF,2024-05-01,91.0,2.64,5.35,"Taylor, Tyrone",621438,684007,strikeout,swinging_strike,,,,,12.0,Tyrone Taylor strikes out swinging.,R,R,L,NYM,CHC,S,2.0,,0,2,2024,0.83,1.47,0.4827270980130806,4.052163496295271,,,,0,6,Bot,,,,,,,-7.185532697879418,-132.32882455202426,-0.4789379473184924,11.335600752562051,29.400548226376635,-15.059028400144118,3.4,1.65,,,,90.6,2463.0,6.2,745829,665804,683737,663538,666624,621020,664023,691718,643565,54.31,,0.0,0.0,1.0,0.0,0.0,,42,3,4-Seam Fastball,0,1,0,1,1,0,0,1,Standard,Standard,141.0,-0.024,-0.163,62.5,5.6,1.237758504,,0.163,,-1,-1,0.38,0.38,30,30,31,30,3,2,5.0,1,6.0,2,1.29,0.83,-0.83,39.6,-1.9254680719759147,37.30264002986064,28.78825755581264,40.847315787963055,5.705976027493295,batter
FS,2024-05-01,82.0,2.76,5.35,"Taylor, Tyrone",621438,684007,,foul,,,,,7.0,,R,R,L,NYM,CHC,S,,,0,1,2024,1.09,0.47,-0.4146453424431136,1.5751997106913105,,,,0,6,Bot,,,,,,,-9.32238557052999,-119.04699708805316,-2.8846712407400315,12.179844797986238,22.79086258466112,-27.29958073367695,3.4,1.65,47.0,91.7,1.0,82.3,1157.0,6.6,745829,665804,683737,663538,666624,621020,664023,691718,643565,53.87,,,,,,,,42,2,Split-Finger,0,1,0,1,1,0,0,1,Standard,Standard,131.0,-0.01,-0.054,74.3,8.4,,,0.054,91.7,-1,-1,0.39,0.39,30,30,31,30,3,2,5.0,1,6.0,2,2.93,1.09,-1.09,38.0,22.039914783255718,-18.097100121340716,42.76799719344615,31.53430591596648,41.75973509993808,batter
FS,2024-05-01,80.7,2.79,5.32,"Taylor, Tyrone",621438,684007,,foul,,,,,14.0,,R,R,L,NYM,CHC,S,,,0,0,2024,1.13,0.96,0.1012037135793808,1.5062102595435305,,,,0,6,Bot,,,,,,,-8.129401563361421,-117.1491408265609,-3.615638923796314,11.933943359049518,22.59852536080625,-22.79291968566568,3.4,1.65,7.0,75.8,-12.0,80.7,1013.0,6.5,745829,665804,683737,663538,666624,621020,664023,691718,643565,54.01,,,,,,,,42,1,Split-Finger,0,1,0,1,1,0,0,1,Standard,Standard,138.0,-0.006,-0.037,75.0,8.3,,,0.037,88.0,-1,-1,0.396,0.396,30,30,31,30,3,2,5.0,1,6.0,2,2.56,1.13,-1.13,39.4,18.74458484297888,-16.093830248443943,41.16111861488197,37.93811374671371,45.28068497998001,batter
FF,2024-05-01,91.6,2.43,5.46,"Taylor, Tyrone",621438,684007,single,hit_into_play,,,,,7.0,Tyrone Taylor singles on a ground ball to third baseman Christopher Morel.,R,R,L,NYM,CHC,X,5.0,ground_ball,1,0,2024,0.44,1.6,-0.2884202109272822,2.0055104332822298,,,,2,3,Bot,97.45,168.19,,,,,-7.810639181620221,-132.9398438022296,-6.226571831398292,7.006845311459991,31.797764148120734,-12.034964283080106,3.4,1.65,5.0,107.1,-19.0,91.2,2411.0,6.5,745829,665804,683737,663538,666624,621020,664023,691718,643565,54.05,0.183,0.248,0.9,1.0,1.0,0.0,2.0,22,2,4-Seam Fastball,0,0,0,0,0,0,0,0,Standard,Standard,154.0,0.013,0.293,75.1,7.3,,0.187,-0.293,107.1,0,0,0.513,0.513,30,30,31,30,2,1,5.0,1,6.0,2,1.15,0.44,-0.44,43.0,9.142967531267008,3.779818712194003,42.51443864071244,31.52576365601634,27.233358165368045,batter
CU,2024-05-01,74.9,2.28,5.62,"Taylor, Tyrone",621438,684007,,ball,,,,,14.0,,R,R,L,NYM,CHC,B,,,0,0,2024,-0.72,-1.3,0.3346866851637541,1.0349488673957543,,,,2,3,Bot,,,,,,,-2.7389665460774086,-108.92139433268538,0.1822943118501194,-5.059493991086256,23.489999737835884,-42.67291205142678,3.3733298928436,1.62316934109536,,,,74.4,2457.0,6.4,745829,665804,683737,663538,666624,621020,664023,691718,643565,54.06,,,,,,,,22,1,Curveball,0,0,0,0,0,0,0,0,Standard,Standard,331.0,0.001,0.04,,,,,-0.04,,0,0,0.512,0.512,30,30,31,30,2,1,5.0,1,6.0,2,5.45,-0.72,0.72,51.4,,,,,,batter
ST,2024-05-01,82.2,-1.38,5.89,"Taylor, Tyrone",621438,622075,strikeout,swinging_strike,,,,,9.0,Tyrone Taylor strikes out swinging.,R,R,R,NYM,CHC,S,2.0,,1,2,2024,1.21,0.48,0.5498011322216028,1.6883588233900952,,683146.0,621466.0,1,8,Bot,,,,,,,2.039929076960272,-119.65925412293848,-3.922644974768311,11.212956446777453,23.51082039041005,-26.989717691904133,3.4,1.65,,,,82.6,2568.0,6.6,745829,665804,683737,663538,663611,621020,664023,691718,643565,53.89,,0.0,0.0,1.0,0.0,0.0,,59,4,Sweeper,0,1,0,1,1,0,0,1,Standard,Standard,68.0,-0.085,-0.177,66.8,8.7,14.5126083,,0.177,,-1,-1,0.375,0.375,30,30,30,30,1,3,3.0,1,1.0,2,2.89,-1.21,-1.21,38.0,33.67001190838534,-49.79139765153815,38.15091320547542,41.10263311812851,66.7617911999555,batter
ST,2024-05-01,81.4,-1.38,5.89,"Taylor, Tyrone",621438,622075,,ball,,,,,14.0,,R,R,R,NYM,CHC,B,,,0,2,2024,1.18,0.55,1.42872751642537,2.114234716678568,,683146.0,621466.0,1,8,Bot,,,,,,,4.072370894824466,-118.58417200978629,-2.9972385976147917,10.444989192409246,21.28025825805136,-26.575790849218127,3.27538753726582,1.49995115698246,,,,82.1,2437.0,6.6,745829,665804,683737,663538,663611,621020,664023,691718,643565,53.92,,,,,,,,59,3,Sweeper,0,1,0,1,1,0,0,1,Standard,Standard,70.0,0.012,0.022,,,,,-0.022,,-1,-1,0.363,0.363,30,30,30,30,1,3,3.0,1,1.0,2,2.86,-1.18,-1.18,40.1,,,,,,batter
ST,2024-05-01,80.0,-1.5,5.92,"Taylor, Tyrone",621438,622075,,foul,,,,,5.0,,R,R,R,NYM,CHC,S,,,0,1,2024,1.35,0.2,0.0259471209565358,2.2668325287850526,,683146.0,621466.0,1,8,Bot,,,,,,,0.8231738126927972,-116.65752082842486,-1.8076143118119457,12.206330455022572,20.76076984326096,-30.180216528601463,3.4,1.65,131.0,74.8,69.0,80.9,2482.0,6.7,745829,665804,683737,663538,663611,621020,664023,691718,643565,53.84,,,,,,,,59,2,Sweeper,0,1,0,1,1,0,0,1,Standard,Standard,61.0,-0.031,-0.048,80.4,7.9,,,0.048,88.0,-1,-1,0.394,0.394,30,30,30,30,1,3,3.0,1,1.0,2,3.33,-1.35,-1.35,41.2,10.728596522976067,-11.005911074514744,38.167884522562304,36.03515012740677,33.945367111410654,batter
FF,2024-05-01,90.9,2.45,5.54,"Taylor, Tyrone",621438,684007,field_out,hit_into_play,,,,,6.0,Tyrone Taylor lines out sharply to center fielder Pete Crow-Armstrong.,R,R,L,NYM,CHC,X,8.0,line_drive,1,0,2024,0.84,1.53,0.3702089960933131,2.689365119659418,,,,0,1,Bot,138.51,56.75,,,,,-7.019951409037633,-132.21725353780343,-4.494541673781831,11.408169719850736,28.62036196242274,-13.477714354750628,3.4,1.65,354.0,103.3,18.0,90.8,2476.0,6.3,745829,665804,683737,663538,666624,621020,664023,691718,643565,54.2,0.474,0.579,0.0,1.0,0.0,0.0,5.0,6,2,4-Seam Fastball,0,0,0,0,0,0,0,0,Standard,Standard,145.0,-0.025,-0.292,70.4,7.2,,0.903,0.292,103.3,0,0,0.551,0.551,30,30,31,30,1,0,5.0,1,6.0,2,1.24,0.84,-0.84,42.2,6.013481754410821,8.233088590991867,32.78152871214714,40.20253176166228,26.104775100433336,batter
FF,2024-05-01,89.3,2.37,5.7,"Taylor, Tyrone",621438,684007,,ball,,,,,12.0,,R,R,L,NYM,CHC,B,,,0,0,2024,0.76,1.61,0.0460369595817231,3.961735346666837,,,,0,1,Bot,,,,,,,-7.313232759419398,-129.92791510776595,-1.6424798319197187,10.121939671741108,27.22676215315781,-13.793874671378138,3.50052076704415,1.66031433232002,,,,89.3,2437.0,6.3,745829,665804,683737,663538,666624,621020,664023,691718,643565,54.21,,,,,,,,6,1,4-Seam Fastball,0,0,0,0,0,0,0,0,Standard,Standard,152.0,0.003,0.038,,,,,-0.038,,0,0,0.548,0.548,30,30,31,30,1,0,5.0,1,6.0,2,1.25,0.76,-0.76,44.7,,,,,,batter
SI,2024-05-01,93.3,-1.37,5.91,"Taylor, Tyrone",621438,622075,,foul,,,,,11.0,,R,R,R,NYM,CHC,S,,,0,0,2024,-1.45,0.54,-1.1977493036960003,2.9642057201471186,,683146.0,621466.0,1,8,Bot,,,,,,,3.660681140092204,-135.90110744811832,-3.0529822731508505,-18.73675772681985,29.572792825754064,-24.959559262138864,3.4,1.65,268.0,78.2,49.0,94.2,2093.0,6.8,745829,665804,683737,663538,663611,621020,664023,691718,643565,53.73,,,,,,,,59,1,Sinker,0,1,0,1,1,0,0,1,Standard,Standard,222.0,-0.018,-0.039,72.1,8.0,,,0.039,88.0,-1,-1,0.412,0.412,30,30,30,30,1,3,3.0,1,1.0,2,2.07,1.45,1.45,39.7,20.96662408454974,-26.92131604126484,35.938619790035325,21.05701035187013,35.584961916354374,batter
ST,2024-04-30,78.0,-1.32,5.95,"Taylor, Tyrone",621438,665871,field_out,hit_into_play,,,,,12.0,"Tyrone Taylor grounds out, second baseman Nico Hoerner to first baseman Patrick Wisdom.",R,R,R,NYM,CHC,X,4.0,ground_ball,0,2,2024,1.49,0.33,1.0977110422750005,3.3118979921028147,,,,1,4,Bot,138.12,153.89,,,,,2.4776292311461456,-113.5297686432342,0.6347039710677214,12.42467423255911,21.210700120212564,-29.69879959461448,3.4,1.66,34.0,94.2,-3.0,78.6,2312.0,6.7,745831,665804,621550,663538,663611,621020,664023,643565,672744,53.75,0.348,0.325,0.0,1.0,0.0,0.0,2.0,32,3,Sweeper,1,1,1,1,1,1,1,1,Standard,Standard,59.0,-0.012,-0.162,65.9,6.9,,0.429,0.162,94.2,0,0,0.525,0.525,26,30,27,30,2,1,5.0,1,5.0,1,3.43,-1.49,-1.49,57.7,13.51223528791622,14.728809512337063,24.254027078521336,48.95098329168013,25.54721371918307,batter
SI,2024-04-30,89.7,-1.39,5.96,"Taylor, Tyrone",621438,665871,,called_strike,,,,,5.0,,R,R,R,NYM,CHC,S,,,0,1,2024,-1.36,0.8,0.1482723748116683,2.317258435510543,,,,1,4,Bot,,,,,,,6.7294978135516805,-130.4995897595099,-4.7741806245587615,-16.919308441105834,25.64799782171181,-22.17256824593123,3.45150804345625,1.68168133188423,,,,90.5,1692.0,6.7,745831,665804,621550,663538,663611,621020,664023,643565,672744,53.83,,,,,,,,32,2,Sinker,1,1,1,1,1,1,1,1,Standard,Standard,208.0,-0.005,-0.057,,,,,0.057,,0,0,0.53,0.53,26,30,27,30,2,1,5.0,1,5.0,1,2.01,1.36,1.36,55.6,,,,,,batter
FF,2024-04-30,91.0,-1.64,5.97,"Taylor, Tyrone",621438,665871,,foul,,,,,5.0,,R,R,R,NYM,CHC,S,,,0,0,2024,-0.75,1.69,-0.2147047221259201,2.521294228315832,,,,1,4,Bot,,,,,,,5.187867583328536,-132.3229009212932,-6.361355671221096,-9.893916647144705,29.84484018926188,-11.115832174969356,3.4,1.66,173.0,66.4,35.0,91.0,2214.0,6.4,745831,665804,621550,663538,663611,621020,664023,643565,672744,54.06,,,,,,,,32,1,4-Seam Fastball,1,1,1,1,1,1,1,1,Standard,Standard,207.0,-0.003,-0.037,70.4,6.6,,,0.037,88.0,0,0,0.533,0.533,26,30,27,30,2,1,5.0,1,5.0,1,1.07,0.75,0.75,54.0,-4.849722097142959,9.865158032836309,42.20718269048347,33.87639859561912,19.97264840193811,batter
SL,2024-04-30,86.3,-2.56,5.88,"Taylor, Tyrone",621438,605155,field_out,hit_into_play,,,,,6.0,Tyrone Taylor flies out to shortstop Dansby Swanson.,R,R,R,NYM,CHC,X,6.0,fly_ball,1,0,2024,0.52,0.0,0.5368150195245753,2.2866978694687,,643446.0,,2,8,Bot,112.32,115.62,,,,,6.307890392987578,-125.4939093276494,-2.2985405993414005,4.204909342530256,26.30975657790788,-31.8546422230247,3.4,1.66,213.0,69.4,41.0,86.3,2451.0,6.4,745831,665804,683737,663538,663611,621020,664023,691718,643565,54.09,0.439,0.45,0.0,1.0,0.0,0.0,3.0,65,2,Slider,4,1,4,1,1,4,4,1,Standard,Standard,121.0,-0.005,-0.315,69.4,8.3,,0.545,0.315,88.0,3,3,0.971,0.971,31,30,32,30,1,3,3.0,1,3.0,1,3.07,-0.52,-0.52,33.8,21.37790650867761,-18.80499630311754,31.886376532352536,42.20580688121719,42.15236785013852,batter
FF,2024-04-30,93.2,-2.12,5.87,"Taylor, Tyrone",621438,605155,,ball,,,,,14.0,,R,R,R,NYM,CHC,B,,,0,0,2024,0.21,0.95,1.524716975809975,1.9065493913187024,,,643446.0,2,8,Bot,,,,,,,8.921360430118483,-135.48315300245366,-6.555235977030587,0.7952643455224626,27.262782900685423,-19.185130297676263,3.42768920126905,1.59586174126009,,,,93.7,2179.0,6.5,745831,665804,683737,663538,663611,621020,664023,691718,643565,54.03,,,,,,,,65,1,4-Seam Fastball,4,1,4,1,1,4,4,1,Infield shade,Standard,205.0,0.002,0.034,,,,,-0.034,,3,3,0.969,0.969,31,30,32,30,1,3,3.0,1,3.0,1,1.66,-0.21,-0.21,33.0,,,,,,batter
SI,2024-04-30,92.3,-1.41,5.97,"Taylor, Tyrone",621438,665871,force_out,hit_into_play,,,,,13.0,"Tyrone Taylor grounds into a force out, shortstop Dansby Swanson to second baseman Nico Hoerner. Jeff McNeil out at 2nd.",R,R,R,NYM,CHC,X,6.0,ground_ball,3,1,2024,-1.39,1.01,-0.0153700901944382,1.5227983339403952,,502110.0,643446.0,2,1,Bot,116.91,160.56,,,,,6.610746139652778,-133.92380991139132,-7.580073369718061,-18.237311431839032,34.73134480354191,-18.39419368184271,3.4,1.66,30.0,106.8,-1.0,91.8,1907.0,6.6,745831,665804,621550,663538,663611,621020,664023,643565,672744,53.88,0.484,0.436,0.0,1.0,0.0,0.0,4.0,9,5,Sinker,1,0,1,0,0,1,1,0,Standard,Standard,209.0,-0.048,-0.372,75.5,7.6,,0.511,0.372,106.8,1,1,0.651,0.651,26,30,27,30,1,0,5.0,1,5.0,1,1.72,1.39,1.39,54.5,1.2629201739081368,7.8084587799639875,41.35034569003308,36.162792753044826,28.55244990306029,batter
FC,2024-04-30,89.6,-1.45,5.99,"Taylor, Tyrone",621438,665871,,ball,,,,,14.0,,R,R,R,NYM,CHC,B,,,2,1,2024,0.52,0.95,1.970941998035425,1.8616489058159564,,502110.0,643446.0,2,1,Bot,,,,,,,7.399575197447246,-130.16034021476142,-6.111896614743942,4.035171993357154,31.75764521996457,-20.265801859852417,3.526932451627,1.65937556704602,,,,89.5,2189.0,6.7,745831,665804,621550,663538,663611,621020,664023,643565,672744,53.83,,,,,,,,9,4,Cutter,1,0,1,0,0,1,1,0,Standard,Standard,177.0,0.007,0.065,,,,,-0.065,,1,1,0.644,0.644,26,30,27,30,1,0,5.0,1,5.0,1,1.94,-0.52,-0.52,55.9,,,,,,batter
SI,2024-04-30,92.3,-1.5,5.98,"Taylor, Tyrone",621438,665871,,ball,,,,,14.0,,R,R,R,NYM,CHC,B,,,1,1,2024,-1.32,1.0,0.2529503656513683,1.2580034337599384,,502110.0,643446.0,2,1,Bot,,,,,,,7.367628948140357,-133.9223678018961,-8.25796457317876,-17.505062498885106,34.78015821473006,-18.347074805739123,3.45297270554659,1.61039914269958,,,,91.8,1869.0,6.6,745831,665804,621550,663538,663611,621020,664023,643565,672744,53.86,,,,,,,,9,3,Sinker,1,0,1,0,0,1,1,0,Standard,Standard,202.0,0.005,0.042,,,,,-0.042,,1,1,0.639,0.639,26,30,27,30,1,0,5.0,1,5.0,1,1.73,1.32,1.32,59.4,,,,,,batter
FC,2024-04-30,87.6,-1.58,5.97,"Taylor, Tyrone",621438,665871,,foul,,,,,5.0,,R,R,R,NYM,CHC,S,,,1,0,2024,0.34,0.81,0.2667492633305159,2.391788298154423,,502110.0,643446.0,2,1,Bot,,,,,,,3.7830236571116815,-127.51872650516488,-4.186283765309599,2.870888791272252,27.237056583791414,-22.64515065999036,3.4,1.66,119.0,86.7,67.0,88.0,1986.0,6.6,745831,665804,621550,663538,663611,621020,664023,643565,672744,53.9,,,,,,,,9,2,Cutter,1,0,1,0,0,1,1,0,Standard,Standard,170.0,-0.005,-0.042,73.8,7.6,,,0.042,88.0,1,1,0.644,0.644,26,30,27,30,1,0,5.0,1,5.0,1,2.16,-0.34,-0.34,53.5,14.504420539360524,-9.022262699233227,33.205185588362845,39.41294716207736,34.468955308709134,batter
FC,2024-04-30,87.1,-1.45,6.05,"Taylor, Tyrone",621438,665871,,ball,,,,,12.0,,R,R,R,NYM,CHC,B,,,0,0,2024,0.49,0.69,1.062638486518482,3.4536992471732564,,502110.0,643446.0,2,1,Bot,,,,,,,5.060648801387109,-126.83606199741088,-1.474498745009736,4.139677536896319,27.29967712413818,-24.632422446478333,3.49563832553892,1.64372393161337,,,,87.3,1967.0,6.5,745831,665804,621550,663538,663611,621020,664023,643565,672744,53.98,,,,,,,,9,1,Cutter,1,0,1,0,0,1,1,0,Standard,Standard,154.0,0.003,0.026,,,,,-0.026,,1,1,0.641,0.641,26,30,27,30,1,0,5.0,1,5.0,1,2.32,-0.49,-0.49,55.9,,,,,,batter
FF,2024-04-30,93.8,-1.17,6.33,"Taylor, Tyrone",621438,640470,single,hit_into_play,,,,,4.0,Tyrone Taylor singles on a ground ball to left fielder Ian Happ. J.D. Martinez to 2nd.,R,R,R,NYM,CHC,X,7.0,ground_ball,1,2,2024,-0.81,1.57,-0.3688308073143449,2.74813605912471,,,502110.0,2,6,Bot,98.12,121.77,,,,,3.88325151493613,-136.38869168607272,-6.971482345470994,-10.945811477223735,33.47178173691979,-11.261278217242063,3.4,1.66,80.0,92.0,4.0,93.7,2319.0,6.5,745831,665804,621550,663538,663611,621020,664023,643565,672744,53.98,0.489,0.473,0.9,1.0,1.0,0.0,4.0,49,5,4-Seam Fastball,1,1,1,1,1,1,1,1,Standard,Standard,212.0,0.042,0.431,67.4,6.8,,0.572,-0.431,92.0,0,0,0.524,0.524,29,30,29,30,1,2,6.0,1,3.0,1,1.05,0.81,0.81,40.7,5.091468366774443,0.4569959629166814,37.97585249999114,32.23629861076792,26.682120238202693,batter
SL,2024-04-30,83.1,-1.43,6.06,"Taylor, Tyrone",621438,640470,,foul,,,,,13.0,,R,R,R,NYM,CHC,S,,,1,2,2024,0.72,0.18,-0.0392844458071273,1.0495459884591996,,,502110.0,2,6,Bot,,,,,,,1.7997614048256971,-121.00826068124564,-5.403331722168937,6.68278419605943,23.94986946900121,-29.505065356576893,3.4,1.66,3.0,66.1,-22.0,83.5,2527.0,6.5,745831,665804,621550,663538,663611,621020,664023,643565,672744,53.96,,,,,,,,49,4,Slider,1,1,1,1,1,1,1,1,Standard,Standard,114.0,0.0,0.0,59.8,8.6,,,0.0,88.0,0,0,0.524,0.524,29,30,29,30,1,2,6.0,1,3.0,1,3.11,-0.72,-0.72,43.0,23.886021683804785,-18.2360279524116,45.22978377603544,35.5598660120054,36.87649023291267,batter
SL,2024-04-30,87.1,-1.3,6.17,"Taylor, Tyrone",621438,640470,,swinging_strike_blocked,,,,,14.0,,R,R,R,NYM,CHC,S,,,1,1,2024,0.57,0.37,0.400847644038072,0.7130222275135938,,,502110.0,2,6,Bot,,,,,,,2.9254878732962943,-126.55676409483029,-7.554506943940916,5.279259278475204,31.695347854326936,-26.602985475113115,3.4,1.66,,,,86.5,2339.0,6.5,745831,665804,621550,663538,663611,621020,664023,643565,672744,53.96,,,,,,,,49,3,Slider,1,1,1,1,1,1,1,1,Standard,Standard,153.0,-0.009,-0.06,66.5,8.8,9.456666768,,0.06,,0,0,0.533,0.533,29,30,29,30,1,2,6.0,1,3.0,1,2.7,-0.57,-0.57,47.8,26.94790997066577,-26.347621119167133,45.13226879564317,39.89058643906297,49.94932067958902,batter
SI,2024-04-30,92.8,-1.27,6.38,"Taylor, Tyrone",621438,640470,,foul,,,,,11.0,,R,R,R,NYM,CHC,S,,,1,0,2024,-1.19,1.26,-0.9467243353597206,3.784147205964232,,,502110.0,2,6,Bot,,,,,,,3.4410884873152767,-135.07557862708765,-3.588786942859013,-15.33183532307599,31.68852013499213,-16.191059880722474,3.4,1.66,126.0,61.0,66.0,92.8,2060.0,6.4,745831,665804,621550,663538,663611,621020,664023,643565,672744,54.06,,,,,,,,49,2,Sinker,1,1,1,1,1,1,1,1,Standard,Standard,211.0,-0.005,-0.048,64.9,6.7,,,0.048,88.0,0,0,0.538,0.538,29,30,29,30,1,2,6.0,1,3.0,1,1.4,1.19,1.19,48.9,15.403787443148945,-2.883316249546393,29.664641224422837,24.32602612117568,25.293527506029157,batter
SI,2024-04-30,92.1,-1.25,6.3,"Taylor, Tyrone",621438,640470,,ball,,,,,13.0,,R,R,R,NYM,CHC,B,,,0,0,2024,-1.31,1.25,-1.4575906446858458,2.3496751099005504,,,502110.0,2,6,Bot,,,,,,,2.325713562194053,-133.942036899277,-6.870932983159854,-16.261229703869684,31.586802754148117,-15.839967180179984,3.47994723811376,1.66109321312754,,,,92.0,2063.0,6.4,745831,665804,621550,663538,663611,621020,664023,643565,672744,54.05,,,,,,,,49,1,Sinker,1,1,1,1,1,1,1,1,Standard,Standard,214.0,0.003,0.034,,,,,-0.034,,0,0,0.535,0.535,29,30,29,30,1,2,6.0,1,3.0,1,1.46,1.31,1.31,44.7,,,,,,batter
FC,2024-04-29,86.0,-1.4,6.11,"Taylor, Tyrone",621438,592791,field_out,hit_into_play,,,,,14.0,Tyrone Taylor flies out to right fielder Mike Tauchman.,R,R,R,NYM,CHC,X,9.0,fly_ball,2,1,2024,0.86,0.59,0.943373834370338,1.4582287889690524,,,643446.0,1,7,Bot,179.6,94.42,,,,,3.813334230631918,-125.06713395207385,-5.933664111832897,8.144896192480402,27.38528174627873,-24.99398339743581,3.38,1.64,291.0,83.9,34.0,86.1,2511.0,6.6,745832,543228,683737,663538,666624,621020,664023,691718,643565,53.93,0.018,0.021,0.0,1.0,0.0,0.0,3.0,46,4,Cutter,1,0,1,0,0,1,1,0,Standard,Standard,167.0,-0.028,-0.29,66.4,7.9,,0.035,0.29,88.0,1,1,0.793,0.793,32,30,33,30,3,2,5.0,1,5.0,1,2.52,-0.86,-0.86,47.3,7.505404235540556,2.8860149320863235,32.92553297229657,47.535631773822445,32.48934971831812,batter
FC,2024-04-29,85.3,-1.43,6.1,"Taylor, Tyrone",621438,592791,,ball,,,,,14.0,,R,R,R,NYM,CHC,B,,,1,1,2024,0.81,0.51,0.6220877591900378,1.163548546484848,,,643446.0,1,7,Bot,,,,,,,3.2128794022937197,-124.10622614876272,-6.326626026371344,7.6698491387786465,26.1902717850037,-25.83591344142416,3.52786702960689,1.74394992848355,,,,85.7,2496.0,6.7,745832,543228,683737,663538,666624,621020,664023,691718,643565,53.82,,,,,,,,46,3,Cutter,1,0,1,0,0,1,1,0,Standard,Standard,162.0,0.004,0.046,,,,,-0.046,,1,1,0.789,0.789,32,30,33,30,3,2,5.0,1,5.0,1,2.64,-0.81,-0.81,45.9,,,,,,batter
SI,2024-04-29,92.4,-1.48,5.91,"Taylor, Tyrone",621438,592791,,ball,,,,,13.0,,R,R,R,NYM,CHC,B,,,0,1,2024,-1.28,1.18,-0.8640560910994193,1.0724144935344146,,,643446.0,1,7,Bot,,,,,,,4.406775605816842,-134.15845327223144,-9.09494740694754,-16.387601831793503,31.66290689846431,-16.038006961985346,3.50122912974113,1.74603775467703,,,,92.8,2283.0,6.8,745832,543228,683737,663538,666624,621020,664023,691718,643565,53.66,,,,,,,,46,2,Sinker,1,0,1,0,0,1,1,0,Standard,Standard,210.0,0.003,0.029,,,,,-0.029,,1,1,0.786,0.786,32,30,33,30,3,2,5.0,1,5.0,1,1.52,1.28,1.28,42.6,,,,,,batter
SI,2024-04-29,91.6,-1.3,6.06,"Taylor, Tyrone",621438,592791,,called_strike,,,,,4.0,,R,R,R,NYM,CHC,S,,,0,0,2024,-1.17,1.32,-0.3199328810746475,2.3520162441719483,,,643446.0,1,7,Bot,,,,,,,5.018521404390737,-133.10335988880348,-6.312520085806015,-14.964542270067716,31.70537255424647,-15.323303143318116,3.46731500551066,1.74089565599672,,,,91.6,2282.0,6.6,745832,543228,683737,663538,666624,621020,664023,691718,643565,53.87,,,,,,,,46,1,Sinker,1,0,1,0,0,1,1,0,Standard,Standard,208.0,-0.004,-0.04,,,,,0.04,,1,1,0.79,0.79,32,30,33,30,3,2,5.0,1,5.0,1,1.43,1.17,1.17,45.6,,,,,,batter
ST,2024-04-29,80.8,-1.47,6.03,"Taylor, Tyrone",621438,592791,field_out,hit_into_play,,,,,9.0,Tyrone Taylor flies out to right fielder Mike Tauchman.,R,R,R,NYM,CHC,X,9.0,fly_ball,1,2,2024,1.58,-0.1,0.7551576416940069,1.7171280411739551,,,,2,4,Bot,162.69,82.28,,,,,1.949455808384712,-117.7554729617164,-2.804223305335756,14.381309845133176,22.19310663795154,-32.81024466642544,3.38,1.64,304.0,87.6,29.0,81.5,2729.0,6.7,745832,543228,683737,663538,666624,621020,664023,691718,643565,53.82,0.063,0.081,0.0,1.0,0.0,0.0,3.0,28,4,Sweeper,1,0,1,0,0,1,1,0,Standard,Standard,63.0,-0.008,-0.18,64.4,7.9,,0.126,0.18,88.0,1,1,0.646,0.646,32,30,33,30,2,1,5.0,1,5.0,1,3.58,-1.58,-1.58,43.7,8.713255438861369,-1.973057588988036,36.005369113826376,44.65435351098897,28.80927814322011,batter
FC,2024-04-29,86.0,-1.41,6.12,"Taylor, Tyrone",621438,592791,,foul,,,,,2.0,,R,R,R,NYM,CHC,S,,,1,1,2024,0.62,0.51,-0.1715809416736345,3.145318053133953,,,,2,4,Bot,,,,,,,1.702820496069662,-125.39671141029476,-1.947542723617086,6.243434875209589,22.580385809966216,-26.58170068755715,3.38,1.64,182.0,65.8,45.0,87.2,2564.0,6.7,745832,543228,683737,663538,666624,621020,664023,691718,643565,53.83,,,,,,,,28,3,Cutter,1,0,1,0,0,1,1,0,Standard,Standard,147.0,-0.002,-0.064,69.1,6.8,,,0.064,88.0,1,1,0.648,0.648,32,30,33,30,2,1,5.0,1,5.0,1,2.53,-0.62,-0.62,49.9,3.3909586448332494,12.22559859383234,31.19429563413092,34.77828338194412,22.805692586763342,batter
ST,2024-04-29,81.1,-1.43,6.04,"Taylor, Tyrone",621438,592791,,ball,,,,,14.0,,R,R,R,NYM,CHC,B,,,0,1,2024,1.0,0.09,0.4370806889009967,0.1548228195513186,,,,2,4,Bot,,,,,,,2.273981067298139,-118.08330341554384,-6.776971487564009,8.980765294904261,22.244851471887163,-30.225928132869747,3.3872915038571,1.68592967294423,,,,82.0,2654.0,6.8,745832,543228,683737,663538,666624,621020,664023,691718,643565,53.68,,,,,,,,28,2,Sweeper,1,0,1,0,0,1,1,0,Standard,Standard,49.0,0.001,0.029,,,,,-0.029,,1,1,0.647,0.647,32,30,33,30,2,1,5.0,1,5.0,1,3.36,-1.0,-1.0,41.1,,,,,,batter
FF,2024-04-29,92.5,-1.43,6.04,"Taylor, Tyrone",621438,592791,,called_strike,,,,,2.0,,R,R,R,NYM,CHC,S,,,0,0,2024,-0.61,1.42,0.1396611214537108,2.925741316701005,,,,2,4,Bot,,,,,,,5.388871071722722,-134.65083376505632,-5.286430909895604,-8.594768591588187,28.839885147055583,-13.948427344691703,3.43773108207186,1.67954307948568,,,,93.3,2312.0,6.7,745832,543228,683737,663538,666624,621020,664023,691718,643565,53.77,,,,,,,,28,1,4-Seam Fastball,1,0,1,0,0,1,1,0,Standard,Standard,208.0,-0.002,-0.041,,,,,0.041,,1,1,0.649,0.649,32,30,33,30,2,1,5.0,1,5.0,1,1.24,0.61,0.61,45.0,,,,,,batter
ST,2024-04-29,80.9,-1.58,6.01,"Taylor, Tyrone",621438,592791,field_out,hit_into_play,,,,,14.0,Tyrone Taylor pops out to second baseman Nico Hoerner.,R,R,R,NYM,CHC,X,4.0,popup,0,2,2024,1.61,0.15,0.6940299052862101,1.1627189734987944,,,,0,2,Bot,141.73,123.36,,,,,2.008128913991642,-117.79626801361655,-4.524262850121209,14.710392157710755,21.222865220845065,-30.153623122411663,3.38,1.64,196.0,66.2,44.0,81.9,2771.0,6.8,745832,543228,683737,663538,666624,621020,664023,691718,643565,53.7,0.334,0.324,0.0,1.0,0.0,0.0,3.0,12,3,Sweeper,1,0,1,0,0,1,1,0,Standard,Standard,58.0,-0.012,-0.163,67.7,8.3,,0.393,0.163,88.0,1,1,0.648,0.648,32,30,33,30,1,0,5.0,1,5.0,1,3.31,-1.61,-1.61,42.3,17.851292028363407,-10.237985913647975,41.40499998455305,43.24120794473908,34.9300407878593,batter
ST,2024-04-29,81.2,-1.66,6.08,"Taylor, Tyrone",621438,592791,,swinging_strike,,,,,9.0,,R,R,R,NYM,CHC,S,,,0,1,2024,1.28,0.48,0.652210936788421,1.760191977801021,,,,0,2,Bot,,,,,,,2.7410118333638973,-118.25489050389037,-4.0033856606569564,11.472920714841557,22.798643000466,-27.13074627926462,3.38,1.64,,,,82.0,2865.0,6.8,745832,543228,683737,663538,666624,621020,664023,691718,643565,53.71,,,,,,,,12,2,Sweeper,1,0,1,0,0,1,1,0,Standard,Standard,73.0,-0.005,-0.054,75.4,8.5,3.509368248,,0.054,,1,1,0.653,0.653,32,30,33,30,1,0,5.0,1,5.0,1,2.98,-1.28,-1.28,48.3,22.48060136311945,-25.93506378009051,34.907591655424035,42.5172986879892,50.6655131750594,batter
FC,2024-04-29,86.2,-1.69,6.1,"Taylor, Tyrone",621438,592791,,called_strike,,,,,5.0,,R,R,R,NYM,CHC,S,,,0,0,2024,0.91,0.49,-0.0261160523773635,2.9218531099541165,,,,0,2,Bot,,,,,,,2.105715464872264,-125.56448439715984,-2.300995776081891,9.145254320432652,26.861716434999227,-26.69942800747238,3.51233114237567,1.78303478878588,,,,86.2,2608.0,6.4,745832,543228,683737,663538,666624,621020,664023,691718,643565,54.15,,,,,,,,12,1,Cutter,1,0,1,0,0,1,1,0,Standard,Standard,163.0,-0.003,-0.037,,,,,0.037,,1,1,0.656,0.656,32,30,33,30,1,0,5.0,1,5.0,1,2.58,-0.91,-0.91,46.7,,,,,,batter
CU,2024-04-28,81.4,-3.26,5.61,"Taylor, Tyrone",621438,458681,field_out,hit_into_play,,,,,9.0,Tyrone Taylor lines out sharply to left fielder Brendan Donovan.,R,R,R,NYM,STL,X,7.0,line_drive,2,2,2024,0.95,-0.73,0.2904442014163076,1.9011319899615908,596019.0,,,2,4,Bot,83.87,63.95,,,,,6.147884097495476,-118.47135533536073,-0.3036093638914192,7.74158131750604,23.312216558715907,-39.15502269512711,3.38,1.64,350.0,102.6,19.0,81.5,2507.0,6.4,745834,671056,502671,669357,571448,691026,680977,672279,663457,54.1,0.401,0.629,0.0,1.0,0.0,0.0,5.0,29,5,Curveball,0,0,0,0,0,0,0,0,Standard,Standard,42.0,-0.041,-0.209,68.9,7.8,,1.137,0.209,102.6,0,0,0.541,0.541,37,30,37,30,2,1,6.0,1,6.0,1,4.17,-0.95,-0.95,32.5,10.399190942862376,-1.710063828929941,35.86067692924999,38.92207442170121,32.68881272684813,batter
FC,2024-04-28,88.6,-3.25,5.54,"Taylor, Tyrone",621438,458681,,called_strike,,,,,9.0,,R,R,R,NYM,STL,S,,,2,1,2024,0.18,0.44,0.819145311898004,1.804440465224125,596019.0,,,2,4,Bot,,,,,,,9.534366617858948,-128.7064160005321,-3.975225957164728,0.1812921448862893,25.33388633142139,-26.699605874118813,3.48080591445436,1.75276108309956,,,,88.6,2830.0,6.2,745834,671056,502671,669357,571448,691026,680977,672279,663457,54.26,,,,,,,,29,4,Cutter,0,0,0,0,0,0,0,0,Standard,Standard,143.0,-0.008,-0.103,,,,,0.103,,0,0,0.549,0.549,37,30,37,30,2,1,6.0,1,6.0,1,2.47,-0.18,-0.18,32.8,,,,,,batter
CU,2024-04-28,81.2,-3.29,5.51,"Taylor, Tyrone",621438,458681,,blocked_ball,,,,,14.0,,R,R,R,NYM,STL,B,,,1,1,2024,0.87,-0.48,1.4093836654182192,-0.4733038377195764,596019.0,,,2,4,Bot,,,,,,,8.836146349034891,-117.86333917009796,-5.819457704307594,6.357608512433208,22.72601958633233,-35.65687114820605,3.32111761444097,1.51645697506205,,,,81.0,2760.0,6.3,745834,671056,502671,669357,571448,691026,680977,672279,663457,54.19,,,,,,,,29,3,Curveball,0,0,0,0,0,0,0,0,Standard,Standard,44.0,0.003,0.047,,,,,-0.047,,0,0,0.546,0.546,37,30,37,30,2,1,6.0,1,6.0,1,3.95,-0.87,-0.87,34.2,,,,,,batter
CU,2024-04-28,79.9,-3.41,5.49,"Taylor, Tyrone",621438,458681,,swinging_strike,,,,,14.0,,R,R,R,NYM,STL,S,,,1,0,2024,0.62,-0.62,0.5299368293336764,1.323775633744983,596019.0,,,2,4,Bot,,,,,,,7.503535637731059,-116.24562411429116,-1.3091949372323366,4.2860670364678,21.22964093419481,-37.747988091882505,3.38,1.64,,,,79.9,2560.0,6.3,745834,671056,502671,669357,571448,691026,680977,672279,663457,54.24,,,,,,,,29,2,Curveball,0,0,0,0,0,0,0,0,Standard,Standard,46.0,-0.003,-0.039,67.6,8.8,5.551376292,,0.039,,0,0,0.549,0.549,37,30,37,30,2,1,6.0,1,6.0,1,4.18,-0.62,-0.62,33.5,24.921504715154867,-36.85281062710572,36.390956408394615,40.41303081660635,57.0100885230208,batter
CU,2024-04-28,81.9,-3.43,5.4,"Taylor, Tyrone",621438,458681,,blocked_ball,,,,,14.0,,R,R,R,NYM,STL,B,,,0,0,2024,0.17,-0.84,1.4641841118891914,-1.130533801803038,596019.0,,,2,4,Bot,,,,,,,10.730208219890438,-118.77072841605884,-6.544430778179756,-0.4297948762265522,22.09373195024202,-39.07126212616188,3.37868157900348,1.58406089987372,,,,82.1,2775.0,6.5,745834,671056,502671,669357,571448,691026,680977,672279,663457,53.98,,,,,,,,29,1,Curveball,0,0,0,0,0,0,0,0,Standard,Standard,34.0,0.001,0.032,,,,,-0.032,,0,0,0.548,0.548,37,30,37,30,2,1,6.0,1,6.0,1,4.26,-0.17,-0.17,31.6,,,,,,batter
FC,2024-04-28,92.0,0.86,6.36,"Taylor, Tyrone",621438,669461,field_out,hit_into_play,,,,,5.0,"Tyrone Taylor grounds out, second baseman Nolan Gorman to first baseman Paul Goldschmidt. DJ Stewart to 3rd.",R,R,L,NYM,STL,X,4.0,ground_ball,1,2,2024,0.13,0.72,-0.0159886066968431,2.628756875849236,,621466.0,,0,11,Bot,131.09,164.73,,,,,-2.505931071796434,-133.99781160907244,-5.23745937558044,2.015482772213766,26.030988281313203,-22.619725452515503,3.38,1.64,28.0,87.5,-3.0,92.4,2652.0,6.3,745834,686780,502671,669357,571448,691026,680977,672279,663457,54.25,0.225,0.232,0.0,1.0,0.0,0.0,2.0,80,4,Cutter,1,2,1,2,2,1,1,2,Standard,Standard,177.0,0.023,-0.123,73.7,6.8,,0.291,0.123,88.0,-1,-1,0.401,0.401,24,30,25,30,1,4,7.0,1,2.0,1,1.95,0.13,-0.13,45.1,0.601656493678612,13.238867817450942,34.901483064538205,37.16735431326486,20.320727253108647,batter
FF,2024-04-28,95.0,0.8,6.35,"Taylor, Tyrone",621438,669461,,foul,,,,,3.0,,R,R,L,NYM,STL,S,,,1,1,2024,0.6,1.49,0.4305204393177192,3.2242605137336837,,621466.0,,0,11,Bot,,,,,,,-2.309950340954238,-138.27650649517224,-5.872247084329534,8.16882736497448,32.31007377683375,-11.923284841971752,3.38,1.64,168.0,79.1,14.0,94.9,2205.0,6.3,745834,686780,502671,669357,571448,691026,680977,672279,663457,54.18,,,,,,,,80,3,4-Seam Fastball,1,2,1,2,2,1,1,2,Standard,Standard,155.0,-0.039,-0.073,71.9,7.0,,,0.073,88.0,-1,-1,0.44,0.44,24,30,25,30,1,4,7.0,1,2.0,1,1.04,0.6,-0.6,49.1,4.173435686983998,15.892237611374568,29.176360917781025,43.05786975498137,19.826318854182876,batter
CH,2024-04-28,88.2,0.95,6.26,"Taylor, Tyrone",621438,669461,,ball,,,,,12.0,,R,R,L,NYM,STL,B,,,0,1,2024,1.36,0.74,1.5725602279954822,2.7352864780495554,,621466.0,,0,11,Bot,,,,,,,-1.3258127362224168,-128.43239681404043,-3.991252081600858,15.336575147900206,27.84659964940999,-23.36255208031392,3.33026661683444,1.57713116895136,,,,87.7,1696.0,6.0,745834,686780,502671,669357,571448,691026,680977,672279,663457,54.46,,,,,,,,80,2,Changeup,1,2,1,2,2,1,1,2,Standard,Standard,132.0,0.016,0.036,,,,,-0.036,,-1,-1,0.424,0.424,24,30,25,30,1,4,7.0,1,2.0,1,2.2,1.36,-1.36,41.5,,,,,,batter
SI,2024-04-28,92.5,-3.08,5.62,"Taylor, Tyrone",621438,458681,field_out,hit_into_play,,,,,8.0,Tyrone Taylor lines out sharply to left fielder Brendan Donovan.,R,R,R,NYM,STL,X,7.0,line_drive,3,2,2024,-1.01,0.86,-0.2224973865412991,1.854219861379915,,,621466.0,0,2,Bot,82.02,82.89,,,,,9.489629968969192,-134.26515278529035,-5.625738077271053,-14.324113563644746,30.576044573542354,-20.666020685752414,3.38,1.64,308.0,110.7,12.0,92.3,2411.0,6.4,745834,671056,502671,669357,571448,691026,680977,672279,663457,54.07,0.853,0.897,0.0,1.0,0.0,0.0,5.0,14,7,Sinker,0,0,0,0,0,0,0,0,Standard,Standard,213.0,-0.043,-0.351,79.4,7.5,,1.25,0.351,110.7,0,0,0.597,0.597,37,30,37,30,1,0,6.0,1,6.0,1,1.83,1.01,1.01,40.9,4.070562484411719,-6.264156651320294,38.14381166260193,33.67838203265044,34.07194477287325,batter
SI,2024-04-28,91.9,-3.16,5.57,"Taylor, Tyrone",621438,458681,,blocked_ball,,,,,14.0,,R,R,R,NYM,STL,B,,,2,2,2024,-1.0,0.77,1.3351625234758775,0.4221991353595482,,,621466.0,0,2,Bot,,,,,,,13.532521783315469,-133.02841763223273,-8.861778119824992,-14.679881072869533,27.258789073247527,-21.1682098167806,3.25146812830706,1.50151252531301,,,,92.0,2451.0,6.5,745834,671056,502671,669357,571448,691026,680977,672279,663457,53.96,,,,,,,,14,6,Sinker,0,0,0,0,0,0,0,0,Standard,Standard,210.0,0.013,0.117,,,,,-0.117,,0,0,0.584,0.584,37,30,37,30,1,0,6.0,1,6.0,1,1.95,1.0,1.0,37.0,,,,,,batter
FC,2024-04-28,90.5,0.87,6.36,"Taylor, Tyrone",621438,669461,,foul,,,,,2.0,,R,R,L,NYM,STL,S,,,0,0,2024,-0.13,0.72,-0.0830439560242863,3.1947821440711675,,621466.0,,0,11,Bot,,,,,,,-2.105294981100862,-131.84692465066416,-3.5551705715491657,-1.0972611712285942,25.617899980795915,-23.231963789213644,3.38,1.64,173.0,70.1,58.0,90.8,2633.0,6.2,745834,686780,502671,669357,571448,691026,680977,672279,663457,54.27,,,,,,,,80,1,Cutter,1,2,1,2,2,1,1,2,Standard,Standard,180.0,-0.024,-0.035,69.0,6.6,,,0.035,88.0,-1,-1,0.448,0.448,24,30,25,30,1,4,7.0,1,2.0,1,2.04,-0.13,0.13,44.1,3.046242204845248,10.360426774245742,31.721068590828622,36.529922257963776,22.985962694695598,batter
FF,2024-04-28,93.3,-3.18,5.71,"Taylor, Tyrone",621438,458681,,ball,,,,,12.0,,R,R,R,NYM,STL,B,,,1,2,2024,-0.35,1.19,1.330888017338803,2.766142011116411,,,621466.0,0,2,Bot,,,,,,,12.341884543950329,-135.45628548371818,-4.453131835197165,-6.785916485272703,26.82280687985796,-16.680565328856638,3.25146812830706,1.60004955668291,,,,93.5,2500.0,6.3,745834,671056,502671,669357,571448,691026,680977,672279,663457,54.16,,,,,,,,14,5,4-Seam Fastball,0,0,0,0,0,0,0,0,Standard,Standard,208.0,0.005,0.045,,,,,-0.045,,0,0,0.579,0.579,37,30,37,30,1,0,6.0,1,6.0,1,1.42,0.35,0.35,35.6,,,,,,batter
FF,2024-04-28,93.6,-3.11,5.75,"Taylor, Tyrone",621438,458681,,foul,,,,,2.0,,R,R,R,NYM,STL,S,,,1,2,2024,-0.13,1.07,0.1968065721571045,3.1841299850568285,,,621466.0,0,2,Bot,,,,,,,8.800321058358348,-136.07047927359542,-3.2161269656196745,-3.55563948716412,29.46048069349746,-18.401708549070484,3.38,1.64,126.0,81.7,9.0,93.4,2545.0,6.2,745834,671056,502671,669357,571448,691026,680977,672279,663457,54.33,,,,,,,,14,4,4-Seam Fastball,0,0,0,0,0,0,0,0,Standard,Standard,208.0,0.0,0.0,73.2,7.9,,,0.0,88.0,0,0,0.579,0.579,37,30,37,30,1,0,6.0,1,6.0,1,1.54,0.13,0.13,38.1,14.82784556311628,-9.958345005371433,30.744214979643623,39.01661956186922,35.73831368946845,batter
SL,2024-04-28,84.2,-1.77,6.61,"Taylor, Tyrone",621438,606149,fielders_choice_out,hit_into_play,,,,,12.0,"Tyrone Taylor reaches on a fielder's choice out, shortstop Masyn Winn to catcher Iván Herrera. Francisco Lindor out at home. Pete Alonso to 3rd.",R,R,R,NYM,STL,X,6.0,ground_ball,2,2,2024,0.24,0.3,0.1672578873748704,3.6530757212084737,596019.0,624413.0,,1,8,Bot,117.51,167.23,,,,,3.990785236547936,-122.62208827605149,-1.1001079735437558,1.6637900866920867,23.96286853864509,-29.162855463906112,3.38,1.64,42.0,71.2,-1.0,83.5,2247.0,5.8,745834,671056,502671,669357,571448,691026,680977,672279,663457,54.74,0.097,0.107,0.0,1.0,0.0,0.0,2.0,61,5,Slider,1,1,1,1,1,1,1,1,Strategic,Standard,68.0,-0.145,-0.068,66.8,7.2,,0.101,0.068,88.0,0,0,0.752,0.752,32,30,33,30,1,3,8.0,1,2.0,1,2.91,-0.24,-0.24,62.8,13.39447458458021,6.248241515125639,22.85866895809092,39.402881261921415,26.75607460912514,batter
SI,2024-04-28,91.6,-3.05,5.73,"Taylor, Tyrone",621438,458681,,foul,,,,,14.0,,R,R,R,NYM,STL,S,,,1,1,2024,-0.93,0.93,0.5672479369781184,1.4580356438128954,,,621466.0,0,2,Bot,,,,,,,11.1539009326148,-132.85245253917603,-6.9198622397250205,-13.380437664805385,28.45960089476347,-19.74447340992348,3.38,1.64,,,,91.7,2445.0,6.6,745834,671056,502671,669357,571448,691026,680977,672279,663457,53.94,,,,,,,,14,3,Sinker,0,0,0,0,0,0,0,0,Standard,Standard,212.0,-0.008,-0.049,70.6,8.4,,,0.049,,0,0,0.587,0.587,37,30,37,30,1,0,6.0,1,6.0,1,1.8,0.93,0.93,37.8,9.631954389709067,-8.62158677684287,40.11255468807656,43.96518821143184,33.166369170588226,batter
SL,2024-04-28,86.0,-1.72,6.58,"Taylor, Tyrone",621438,606149,,blocked_ball,,,,,14.0,,R,R,R,NYM,STL,B,,,1,2,2024,0.06,0.15,1.043508805197476,-0.355250063483354,596019.0,624413.0,,1,8,Bot,,,,,,,6.395427054706055,-124.9921798757228,-10.58178792140885,-0.3364151102221421,18.498078957290826,-29.097445390002225,3.31876302985491,1.62031900177728,,,,86.4,2382.0,6.0,745834,671056,502671,669357,571448,691026,680977,672279,663457,54.45,,,,,,,,61,4,Slider,1,1,1,1,1,1,1,1,Strategic,Standard,255.0,0.025,0.015,,,,,-0.015,,0,0,0.727,0.727,32,30,33,30,1,3,8.0,1,2.0,1,2.87,-0.06,-0.06,58.5,,,,,,batter
FC,2024-04-28,87.8,-3.33,5.6,"Taylor, Tyrone",621438,458681,,foul,,,,,9.0,,R,R,R,NYM,STL,S,,,1,0,2024,-0.05,0.39,0.4142574927530031,2.059014627242884,,,621466.0,0,2,Bot,,,,,,,9.154937181785725,-127.639520120351,-3.299813732184956,-2.271838619246363,23.51157199621656,-27.424532385581287,3.38,1.64,150.0,73.8,67.0,88.0,2701.0,6.2,745834,671056,502671,669357,571448,691026,680977,672279,663457,54.26,,,,,,,,14,2,Cutter,0,0,0,0,0,0,0,0,Standard,Standard,172.0,-0.008,-0.049,73.0,8.2,,,0.049,88.0,0,0,0.595,0.595,37,30,37,30,1,0,6.0,1,6.0,1,2.55,0.05,0.05,34.9,8.429909978138182,-8.036137922979592,33.7481731125011,40.56939974971934,34.895628898001576,batter
FF,2024-04-28,94.5,-1.68,6.6,"Taylor, Tyrone",621438,606149,,foul,,,,,2.0,,R,R,R,NYM,STL,S,,,1,1,2024,-0.61,1.57,0.0707830835326579,2.97744676542269,596019.0,624413.0,,1,8,Bot,,,,,,,5.867754455997567,-137.34890010641192,-7.145789567226325,-9.124862656518031,33.03137556074123,-10.856235670277664,3.38,1.64,176.0,86.3,12.0,93.4,2367.0,5.9,745834,671056,502671,669357,571448,691026,680977,672279,663457,54.58,,,,,,,,61,3,4-Seam Fastball,1,1,1,1,1,1,1,1,Strategic,Standard,202.0,-0.041,-0.097,62.5,6.0,,,0.097,88.0,0,0,0.768,0.768,32,30,33,30,1,3,8.0,1,2.0,1,1.0,0.61,0.61,57.5,-1.4575976839499325,35.711834372930774,35.289376938742386,37.975255017412586,12.492795022753356,batter
FC,2024-04-28,87.7,-3.31,5.54,"Taylor, Tyrone",621438,458681,,ball,,,,,14.0,,R,R,R,NYM,STL,B,,,0,0,2024,0.05,0.61,1.0318364107097473,1.6158231216767325,,,621466.0,0,2,Bot,,,,,,,10.358642684359785,-127.32370388254112,-4.645170581221163,-1.4214212531678143,24.40577465795281,-24.728416614649408,3.32485882110274,1.67391891300085,,,,87.8,2719.0,6.3,745834,671056,502671,669357,571448,691026,680977,672279,663457,54.18,,,,,,,,14,1,Cutter,0,0,0,0,0,0,0,0,Standard,Standard,157.0,0.006,0.041,,,,,-0.041,,0,0,0.589,0.589,37,30,37,30,1,0,6.0,1,6.0,1,2.35,-0.05,-0.05,33.2,,,,,,batter
SL,2024-04-28,85.5,-1.83,6.56,"Taylor, Tyrone",621438,606149,,foul,,,,,14.0,,R,R,R,NYM,STL,S,,,1,0,2024,0.11,0.17,0.3629770188697268,1.0941272611489548,596019.0,624413.0,,1,8,Bot,,,,,,,4.920327976437516,-124.51979774112172,-7.012613875089932,0.3496574144721553,21.25663357656846,-29.32840683976621,3.38,1.64,,,,85.5,2437.0,5.9,745834,671056,502671,669357,571448,691026,680977,672279,663457,54.56,,,,,,,,61,2,Slider,1,1,1,1,1,1,1,1,Strategic,Standard,122.0,-0.008,-0.062,72.8,8.5,,,0.062,,0,0,0.776,0.776,32,30,33,30,1,3,8.0,1,2.0,1,2.9,-0.11,-0.11,58.0,17.645817252864905,-7.550720807593167,42.208999339456525,41.51371910065614,34.57614935593481,batter
SL,2024-04-28,86.4,-1.9,6.55,"Taylor, Tyrone",621438,606149,,blocked_ball,,,,,14.0,,R,R,R,NYM,STL,B,,,0,0,2024,-0.18,0.22,0.4536345887033212,-0.0570504802336029,596019.0,624413.0,,1,8,Bot,,,,,,,5.930956039773773,-125.51121500041717,-9.992099952110262,-2.8961464222601045,20.345589172645223,-28.304817740731306,3.47768861389319,1.65759819495415,,,,86.4,2591.0,5.9,745834,671056,502671,669357,571448,691026,680977,672279,663457,54.55,,,,,,,,61,1,Slider,1,1,1,1,1,1,1,1,Strategic,Standard,221.0,0.0,0.025,,,,,-0.025,,0,0,0.776,0.776,32,30,33,30,1,3,8.0,1,2.0,1,2.79,0.18,0.18,58.2,,,,,,batter
SL,2024-04-28,85.1,-2.37,5.74,"Taylor, Tyrone",621438,681676,strikeout,swinging_strike,,,,,13.0,Tyrone Taylor strikes out swinging.,R,R,R,NYM,STL,S,2.0,,0,2,2024,0.0,-0.06,-0.1464301735306212,0.9162319145945754,,624413.0,621466.0,0,6,Bot,,,,,,,5.203382178597568,-123.82278199852838,-4.894287761949222,-1.017479733966468,24.30688877824349,-31.99842516496855,3.38,1.64,,,,85.0,2551.0,6.2,745834,671056,502671,669357,571448,691026,680977,672279,663457,54.29,,0.0,0.0,1.0,0.0,0.0,,46,4,Slider,1,1,1,1,1,1,1,1,Standard,Standard,81.0,-0.041,-0.159,66.3,9.0,5.764626864,,0.159,,0,0,0.671,0.671,26,30,26,30,1,2,6.0,1,2.0,1,3.2,0.0,0.0,56.3,29.798615938261293,-36.56624028696963,43.04517011282244,35.19092835320144,55.653548230307344,batter
SL,2024-04-28,85.7,-2.48,5.81,"Taylor, Tyrone",621438,681676,,foul,,,,,7.0,,R,R,R,NYM,STL,S,,,0,2,2024,0.34,-0.02,-0.5880964258045699,1.5346871716919814,,624413.0,621466.0,0,6,Bot,,,,,,,3.755339859135324,-124.7451411960542,-3.791492735353855,2.809074412478195,24.88028874069207,-31.86638440873252,3.38,1.64,,,,85.3,2572.0,6.0,745834,671056,502671,669357,571448,691026,680977,672279,663457,54.49,,,,,,,,46,3,Slider,1,1,1,1,1,1,1,1,Standard,Standard,110.0,0.0,0.0,76.3,8.3,,,0.0,,0,0,0.671,0.671,26,30,26,30,1,2,6.0,1,2.0,1,3.12,-0.34,-0.34,57.1,21.726395022353408,-22.33109465261049,43.05768533733114,29.83639870893588,41.374696071489474,batter
FC,2024-04-28,88.8,-2.44,5.63,"Taylor, Tyrone",621438,681676,,foul,,,,,9.0,,R,R,R,NYM,STL,S,,,0,1,2024,0.05,0.41,0.7444929731495464,1.97043429432635,,624413.0,621466.0,0,6,Bot,,,,,,,7.707767837407504,-129.14467270631323,-3.724414291919363,-1.1556180314697062,28.38008365920867,-26.997770471245744,3.38,1.64,2.0,35.9,-43.0,88.7,2387.0,6.4,745834,671056,502671,669357,571448,691026,680977,672279,663457,54.13,,,,,,,,46,2,Cutter,1,1,1,1,1,1,1,1,Standard,Standard,175.0,-0.017,-0.071,74.4,8.4,,,0.071,88.0,0,0,0.688,0.688,26,30,26,30,1,2,6.0,1,2.0,1,2.5,-0.05,-0.05,49.4,17.06737916672687,-12.575581161872936,34.425190434133846,45.76123143289179,38.87468545899958,batter
FC,2024-04-28,89.0,-2.6,5.56,"Taylor, Tyrone",621438,681676,,foul,,,,,5.0,,R,R,R,NYM,STL,S,,,0,0,2024,0.26,0.7,-0.0227081860561065,2.4258125517417044,,624413.0,621466.0,0,6,Bot,,,,,,,5.781633847896325,-129.5492094644463,-3.1345701227053016,1.705640392581583,27.12822134324554,-23.80571976536053,3.38,1.64,233.0,107.6,14.0,89.2,2337.0,6.4,745834,671056,502671,669357,571448,691026,680977,672279,663457,54.1,,,,,,,,46,1,Cutter,1,1,1,1,1,1,1,1,Standard,Standard,180.0,-0.01,-0.044,75.6,8.5,,,0.044,107.6,0,0,0.698,0.698,26,30,26,30,1,2,6.0,1,2.0,1,2.17,-0.26,-0.26,53.4,23.076198858393116,-20.147828090811995,37.54300763355544,36.52194594636072,43.639667923867904,batter
SI,2024-04-27,93.6,-0.6,5.33,"Taylor, Tyrone",621438,543243,grounded_into_double_play,hit_into_play,,,,,4.0,"Tyrone Taylor grounds into a double play, shortstop Masyn Winn to second baseman Nolan Gorman to first baseman Paul Goldschmidt. DJ Stewart out at 2nd. Tyrone Taylor out at 1st.",R,R,R,NYM,STL,X,6.0,ground_ball,1,2,2024,-1.3,0.82,-0.3787102533243157,2.646168903294734,,,621466.0,1,6,Bot,113.98,153.75,,,,,3.483417534795465,-136.2382332907841,-2.942822908913313,-16.888605698445573,33.95278941102833,-21.5445361549748,3.37,1.63,76.0,80.7,5.0,93.8,2478.0,6.7,745833,575929,502671,669357,571448,691026,680977,672279,663457,53.81,0.3,0.302,0.0,1.0,0.0,0.0,2.0,54,4,Sinker,4,6,4,6,6,4,4,6,Standard,Standard,211.0,-0.067,-0.244,71.8,7.0,,0.304,0.244,88.0,-2,-2,0.252,0.252,34,30,35,30,3,2,6.0,3,6.0,1,1.81,1.3,1.3,50.5,3.6310319917159024,1.418698387093792,36.49777778684736,30.55266315737126,25.83525993959135,batter
SI,2024-04-27,93.6,-0.53,5.35,"Taylor, Tyrone",621438,543243,,called_strike,,,,,5.0,,R,R,R,NYM,STL,S,,,1,1,2024,-1.07,0.81,-0.0865541009715663,2.1874330245254106,,,621466.0,1,6,Bot,,,,,,,3.531992192568916,-136.17545555086684,-4.194809095982177,-14.06501891774372,31.83926632297697,-21.440386631930355,3.36986499571265,1.58500580482765,,,,94.0,2508.0,6.7,745833,575929,502671,669357,571448,691026,680977,672279,663457,53.81,,,,,,,,54,3,Sinker,4,6,4,6,6,4,4,6,Standard,Standard,201.0,-0.012,-0.059,,,,,0.059,,-2,-2,0.264,0.264,34,30,35,30,3,2,6.0,3,6.0,1,1.81,1.07,1.07,48.2,,,,,,batter
SI,2024-04-27,94.1,-0.64,5.31,"Taylor, Tyrone",621438,543243,,called_strike,,,,,7.0,,R,R,R,NYM,STL,S,,,1,0,2024,-1.32,0.74,-0.593764979833627,1.7015472871687358,,,621466.0,1,6,Bot,,,,,,,3.067903282097181,-136.88332149487587,-5.2924549237089895,-17.268463338418037,32.08309570890382,-21.87547325733829,3.36986499571265,1.65891184117314,,,,94.4,2458.0,6.6,745833,575929,502671,669357,571448,691026,680977,672279,663457,53.85,,,,,,,,54,2,Sinker,4,6,4,6,6,4,4,6,Standard,Standard,198.0,-0.008,-0.047,,,,,0.047,,-2,-2,0.272,0.272,34,30,35,30,3,2,6.0,3,6.0,1,1.85,1.32,1.32,46.7,,,,,,batter
FC,2024-04-27,87.8,-0.63,5.31,"Taylor, Tyrone",621438,543243,,ball,,,,,14.0,,R,R,R,NYM,STL,B,,,0,0,2024,0.76,-0.05,1.7265220424486107,1.4691746841315982,,,621466.0,1,6,Bot,,,,,,,4.180143577825464,-127.84973720308308,-3.084011041746633,7.372209543791837,27.41784309955574,-32.27588146359,3.36986499571265,1.68354127327859,,,,88.6,2808.0,6.8,745833,575929,502671,669357,571448,691026,680977,672279,663457,53.65,,,,,,,,54,1,Cutter,4,6,4,6,6,4,4,6,Standard,Standard,105.0,0.006,0.036,,,,,-0.036,,-2,-2,0.266,0.266,34,30,35,30,3,2,6.0,3,6.0,1,3.01,-0.76,-0.76,52.5,,,,,,batter
CU,2024-04-27,78.7,-0.63,5.55,"Taylor, Tyrone",621438,543243,field_error,hit_into_play,,,,,9.0,Tyrone Taylor reaches on a fielding error by third baseman Nolan Arenado.,R,R,R,NYM,STL,X,5.0,ground_ball,1,1,2024,1.29,-1.44,0.5735007854042602,1.61714727664347,,,,0,5,Bot,106.1,171.94,,,,,0.2022406867481676,-114.46392684579928,1.172905045397494,11.068766103575234,26.831388127711516,-45.09846842910402,3.37,1.63,8.0,81.3,-11.0,78.4,2776.0,6.7,745833,575929,502671,669357,571448,691026,680977,672279,663457,53.79,0.085,0.077,0.9,1.0,0.0,0.0,2.0,42,3,Curveball,0,6,0,6,6,0,0,6,Standard,Standard,27.0,0.017,0.495,73.7,8.2,,0.089,-0.495,88.0,-6,-6,0.045,0.045,34,30,35,30,2,1,6.0,3,6.0,1,5.2,-1.29,-1.29,52.7,17.466105571562323,-5.861330577933264,35.893149652809534,42.08560576778738,35.022822062462055,batter
SI,2024-04-27,93.2,-0.68,5.41,"Taylor, Tyrone",621438,543243,,called_strike,,,,,6.0,,R,R,R,NYM,STL,S,,,1,0,2024,-1.05,1.04,0.4188631042095312,2.5636037378513232,,,,0,5,Bot,,,,,,,5.162940034243046,-135.6735671216792,-3.852708294437143,-14.068035279708106,30.728284519452984,-18.729598699121556,3.36917437237555,1.63378788789948,,,,93.9,2567.0,6.8,745833,575929,502671,669357,571448,691026,680977,672279,663457,53.74,,,,,,,,42,2,Sinker,0,6,0,6,6,0,0,6,Standard,Standard,212.0,-0.002,-0.049,,,,,0.049,,-6,-6,0.047,0.047,34,30,35,30,2,1,6.0,3,6.0,1,1.59,1.05,1.05,48.4,,,,,,batter
FC,2024-04-27,88.8,-0.74,5.47,"Taylor, Tyrone",621438,543243,,ball,,,,,14.0,,R,R,R,NYM,STL,B,,,0,0,2024,0.2,0.47,0.6350339713012871,1.2800738890652994,,,,0,5,Bot,,,,,,,2.9700373915161573,-129.21156578489973,-5.17550935219453,1.5807222308509787,29.35505457821618,-25.97263231577393,3.2366958408039,1.63378788789948,,,,89.2,2863.0,6.7,745833,575929,502671,669357,571448,691026,680977,672279,663457,53.76,,,,,,,,42,1,Cutter,0,6,0,6,6,0,0,6,Standard,Standard,181.0,0.002,0.038,,,,,-0.038,,-6,-6,0.045,0.045,34,30,35,30,2,1,6.0,3,6.0,1,2.44,-0.2,-0.2,47.8,,,,,,batter
FC,2024-04-27,87.1,-0.84,5.53,"Taylor, Tyrone",621438,543243,field_out,hit_into_play,,,,,5.0,Tyrone Taylor pops out to first baseman Paul Goldschmidt in foul territory.,R,R,R,NYM,STL,X,3.0,popup,0,0,2024,0.5,0.29,0.2289651350205083,2.5363187400292877,,,621466.0,1,2,Bot,168.97,190.92,,,,,1.564835027774927,-126.9280709821516,-1.6671605350676837,5.080836161637216,24.298043241069447,-28.90695450616768,3.37,1.63,107.0,77.8,69.0,88.0,2826.0,6.6,745833,575929,502671,669357,571448,691026,680977,672279,663457,53.89,0.005,0.006,0.0,1.0,0.0,0.0,3.0,19,1,Cutter,0,4,0,4,4,0,0,4,Standard,Standard,107.0,-0.024,-0.255,72.4,7.7,,0.008,0.255,88.0,-4,-4,0.183,0.183,34,30,35,30,1,0,6.0,3,6.0,1,2.69,-0.5,-0.5,47.0,12.414029095112522,-1.137750407945961,36.638336052061845,37.77546397588045,31.43029958344971,batter
SL,2024-04-27,90.5,-0.21,6.13,"Taylor, Tyrone",621438,664854,single,hit_into_play,,,,,8.0,Tyrone Taylor singles on a line drive to center fielder Michael Siani.,R,R,R,NYM,STL,X,8.0,line_drive,0,2,2024,0.38,0.0,0.0594620806816331,2.035545435245136,,,,1,9,Bot,125.05,94.78,,,,,-0.1400669919776023,-131.84123948791188,-4.32791253841556,4.487634873313402,27.650508962286967,-31.468677688748866,3.37,1.63,237.0,79.9,19.0,91.1,2551.0,6.6,745833,575929,502671,669357,571448,691026,680977,672279,663457,53.92,0.966,0.908,0.9,1.0,1.0,0.0,4.0,75,3,Slider,4,7,4,7,7,4,4,7,Standard,Standard,144.0,0.033,0.515,65.9,7.5,,1.085,-0.515,88.0,-3,-3,0.013,0.013,29,30,30,30,1,3,1.0,3,3.0,1,2.77,-0.38,-0.38,58.4,2.522790198302126,4.901525461036986,37.42534320443778,35.66257752956428,26.521793813773144,batter
SL,2024-04-27,89.7,-0.18,6.12,"Taylor, Tyrone",621438,664854,,foul,,,,,5.0,,R,R,R,NYM,STL,S,,,0,1,2024,0.18,0.26,0.1541189646811343,2.642675473627176,,,,1,9,Bot,,,,,,,0.4505181454876764,-130.6738417154549,-3.1926111927355034,1.9991865205822497,26.61624695383641,-28.79086286618225,3.37,1.63,6.0,34.6,-23.0,90.5,2458.0,6.6,745833,575929,502671,669357,571448,691026,680977,672279,663457,53.88,,,,,,,,75,2,Slider,4,7,4,7,7,4,4,7,Standard,Standard,144.0,-0.003,-0.057,66.2,8.4,,,0.057,88.0,-3,-3,0.016,0.016,29,30,30,30,1,3,1.0,3,3.0,1,2.56,-0.18,-0.18,61.1,21.110527710064638,-29.54425563299411,28.399200298122864,38.74785567061182,50.7603502183952,batter
FF,2024-04-27,99.6,-0.18,6.03,"Taylor, Tyrone",621438,664854,,called_strike,,,,,5.0,,R,R,R,NYM,STL,S,,,0,0,2024,-0.42,1.48,-0.1397965076862865,2.647921297974591,,,,1,9,Bot,,,,,,,1.1080252889985491,-144.9403995797871,-7.4181466487065295,-6.193582910025747,36.020347825494134,-9.733906636687434,3.37,1.63,,,,100.2,2588.0,6.7,745833,575929,502671,669357,571448,691026,680977,672279,663457,53.76,,,,,,,,75,1,4-Seam Fastball,4,7,4,7,7,4,4,7,Standard,Standard,197.0,-0.002,-0.037,,,,,0.037,,-3,-3,0.018,0.018,29,30,30,30,1,3,1.0,3,3.0,1,0.83,0.42,0.42,61.8,,,,,,batter
KC,2024-04-24,84.1,-1.37,6.5,"Taylor, Tyrone",621438,663546,home_run,hit_into_play,,,,,8.0,Tyrone Taylor homers (2) on a fly ball to center field.,R,R,R,SF,NYM,X,,fly_ball,1,1,2024,0.61,-0.28,-0.1616898611876171,1.8645939404073708,,,,1,4,Top,87.84,39.42,,,,,1.599023414665076,-122.4942934989793,-3.8609935307031575,5.845680772776203,22.48685340179376,-34.51320584870343,3.36,1.63,406.0,105.2,23.0,84.6,1952.0,6.4,745346,672275,527038,642731,656305,605113,624424,666149,596103,54.09,0.67,1.232761904761905,2.0,1.0,0.0,3.0,6.0,28,3,Knuckle Curve,0,2,2,0,3,0,3,0,Standard,Standard,48.0,-0.091,1.595,,,,2.357,-1.595,105.2,-2,2,0.29,0.71,27,30,27,30,2,1,3.0,3,6.0,3,3.48,-0.61,-0.61,28.1,,,,,,batter
FC,2024-04-24,91.6,-1.24,6.47,"Taylor, Tyrone",621438,663546,,ball,,,,,14.0,,R,R,R,SF,NYM,B,,,0,1,2024,-0.05,0.84,1.4204384967385415,2.036437093746727,,,,1,4,Top,,,,,,,6.861115934341906,-133.164471938375,-7.235058496959505,-1.9044913475336624,25.28166360890697,-20.88719280133019,3.40951488731932,1.65911451525638,,,,92.6,2264.0,6.7,745346,672275,527038,642731,656305,605113,624424,666149,596103,53.83,,,,,,,,28,2,Cutter,0,2,2,0,2,0,2,0,Strategic,Standard,219.0,-0.001,0.024,,,,,-0.024,,-2,2,0.291,0.709,27,30,27,30,2,1,3.0,3,6.0,3,1.86,0.05,0.05,27.5,,,,,,batter
SI,2024-04-24,93.4,-1.26,6.64,"Taylor, Tyrone",621438,663546,,called_strike,,,,,2.0,,R,R,R,SF,NYM,S,,,0,0,2024,-1.34,0.6,0.1748596869323715,3.32553483020442,,,,1,4,Top,,,,,,,6.700034399387058,-135.9162332781579,-4.167043867553475,-18.096108176603742,28.149577256027364,-23.97328890980737,3.38321212281269,1.6576079368424,,,,94.3,2155.0,6.7,745346,672275,527038,642731,656305,605113,624424,666149,596103,53.79,,,,,,,,28,1,Sinker,0,2,2,0,2,0,2,0,Standard,Standard,222.0,0.002,-0.037,,,,,0.037,,-2,2,0.289,0.711,27,30,27,30,2,1,3.0,3,6.0,3,2.0,1.34,1.34,28.9,,,,,,batter
SI,2024-04-24,96.0,-2.27,5.14,"Taylor, Tyrone",621438,694738,double,hit_into_play,,,,,6.0,Tyrone Taylor doubles (3) on a sharp line drive to right fielder Austin Slater. Pete Alonso scores. Brett Baty scores.,R,R,R,SF,NYM,X,9.0,line_drive,0,0,2024,-1.57,0.52,0.331671869645046,2.241270510743022,,624413.0,683146.0,2,5,Top,174.68,72.02,,,,,10.571610078697397,-139.3199849034934,-3.2200621387573936,-22.89676676896377,32.34625569622631,-24.89262598962317,3.36,1.63,295.0,107.5,14.0,96.8,2298.0,7.0,745346,672275,527038,642731,656305,605113,624424,666149,596103,53.54,0.75,0.796,1.25,1.0,1.0,1.0,5.0,41,1,Sinker,0,3,3,0,5,0,5,0,Strategic,Standard,239.0,-0.1,0.976,72.0,7.3,,1.12,-0.976,107.5,-3,3,0.167,0.833,25,30,26,30,1,2,5.0,3,6.0,3,1.98,1.57,1.57,24.2,-1.0043803879904385,9.593449298220987,31.34297648131436,41.70134618614605,24.66679053003656,batter
FF,2024-04-24,93.2,-1.3,6.14,"Taylor, Tyrone",621438,669952,field_out,hit_into_play,,,,,4.0,"Tyrone Taylor grounds out, third baseman Matt Chapman to first baseman Wilmer Flores.",R,R,R,SF,NYM,X,5.0,ground_ball,1,0,2024,-0.19,1.4,-0.6690362922336233,2.691210552189321,,,683146.0,2,9,Top,92.38,163.11,,,,,2.0283194334064025,-135.6543738963014,-6.168408917135464,-2.7529049228326548,29.347773382720824,-13.783804490984616,3.36,1.63,15.0,94.9,-10.0,93.3,2232.0,6.3,745346,672275,527038,666149,656305,605113,624424,808982,664774,54.18,0.21,0.189,0.0,1.0,0.0,0.0,2.0,77,2,4-Seam Fastball,1,8,8,1,8,1,8,1,Strategic,Standard,202.0,0.0,-0.304,68.7,7.0,,0.214,0.304,94.9,-7,7,0.001,0.999,29,30,30,30,1,4,12.0,3,7.0,3,1.22,0.19,0.19,43.5,13.97117954520995,-5.003879075416158,36.53779928827089,30.224890685782547,32.54944705915645,batter
ST,2024-04-24,82.4,-1.55,5.97,"Taylor, Tyrone",621438,669952,,ball,,,,,11.0,,R,R,R,SF,NYM,B,,,0,0,2024,1.52,-0.24,-1.182557926299286,2.7154419807089214,,,683146.0,2,9,Top,,,,,,,-2.1256461456289344,-119.93737153697076,-0.3694554584415367,15.045283090954277,25.169760839554733,-34.58623164982789,3.25633711321903,1.41054580723853,,,,82.1,2367.0,6.2,745346,672275,527038,666149,656305,605113,624424,808982,664774,54.26,,,,,,,,77,1,Sweeper,1,8,8,1,8,1,8,1,Strategic,Standard,45.0,0.0,0.034,,,,,-0.034,,-7,7,0.001,0.999,29,30,30,30,1,4,12.0,3,7.0,3,3.61,-1.52,-1.52,37.8,,,,,,batter
ST,2024-04-24,80.6,1.89,5.78,"Taylor, Tyrone",621438,573124,field_out,hit_into_play,,,,,7.0,"Tyrone Taylor grounds out softly, catcher Patrick Bailey to first baseman Wilmer Flores.",R,R,L,SF,NYM,X,2.0,ground_ball,0,1,2024,-1.16,0.12,-0.6632822178886684,1.8826535464110967,,,,0,8,Top,125.52,201.54,,,,,-3.450321312448247,-117.50606745690004,-2.2768643570930767,-10.14792098042195,20.814756855582367,-30.80731835407649,3.36,1.63,1.0,50.8,-76.0,79.9,2725.0,5.6,745346,672275,527038,666149,656305,605113,624424,808982,664774,54.95,0.165,0.23,0.0,1.0,0.0,0.0,1.0,64,2,Sweeper,1,6,6,1,6,1,6,1,Strategic,Strategic,293.0,0.001,-0.217,63.3,8.5,,0.169,0.217,88.0,-5,5,0.018,0.982,33,30,34,30,1,3,4.0,3,3.0,3,3.35,-1.16,1.16,29.7,34.7079958151666,-28.102507758286244,40.05589203035256,31.08739767754102,47.54974615036616,batter
SI,2024-04-24,93.5,-1.23,6.65,"Taylor, Tyrone",621438,663546,field_out,hit_into_play,,,,,5.0,"Tyrone Taylor grounds out, second baseman Thairo Estrada to first baseman Wilmer Flores.",R,R,R,SF,NYM,X,4.0,ground_ball,0,1,2024,-1.19,0.4,0.104260020559995,2.3992070660409897,,,,0,2,Top,122.65,133.76,,,,,6.080488418506107,-135.9379722219024,-6.052943765958549,-16.08997442057843,32.0236598357139,-26.06642220485731,3.36,1.63,7.0,105.3,-20.0,93.3,2256.0,6.4,745346,672275,527038,642731,656305,605113,624424,666149,596103,54.11,0.198,0.215,0.0,1.0,0.0,0.0,2.0,9,2,Sinker,0,0,0,0,0,0,0,0,Standard,Standard,212.0,0.02,-0.217,69.1,6.9,,0.202,0.217,105.3,0,0,0.503,0.497,27,30,27,30,1,0,3.0,3,6.0,3,2.23,1.19,1.19,28.1,3.827486150570128,10.198842083960516,33.164571527772175,37.78955860009037,20.94050560783316,batter
SI,2024-04-24,94.5,-1.29,6.5,"Taylor, Tyrone",621438,663546,,called_strike,,,,,14.0,,R,R,R,SF,NYM,S,,,0,0,2024,-1.17,0.36,0.8841596012624724,2.512255041042038,,,,0,2,Top,,,,,,,8.28835281876121,-137.28354695681145,-5.525916500394653,-16.596577299017188,30.16522301721443,-26.58536147418349,3.53150487158167,1.70237576196264,,,,94.9,2243.0,6.6,745346,672275,527038,642731,656305,605113,624424,666149,596103,53.9,,,,,,,,9,1,Sinker,0,0,0,0,0,0,0,0,Standard,Standard,219.0,0.003,-0.037,,,,,0.037,,0,0,0.5,0.5,27,30,27,30,1,0,3.0,3,6.0,3,2.2,1.17,1.17,28.6,,,,,,batter
ST,2024-04-24,80.2,1.98,5.76,"Taylor, Tyrone",621438,573124,,called_strike,,,,,5.0,,R,R,L,SF,NYM,S,,,0,0,2024,-1.18,0.21,-0.074021243824962,2.8320066737630274,,,,0,8,Top,,,,,,,-2.292484214894071,-116.8427899467508,-0.2066933864898705,-10.433318788941335,21.757129767160876,-30.41275588519529,3.37901414611233,1.67913882253859,,,,79.4,2763.0,5.7,745346,672275,527038,666149,656305,605113,624424,808982,664774,54.85,,,,,,,,64,1,Sweeper,1,6,6,1,6,1,6,1,Strategic,Strategic,291.0,0.0,-0.037,,,,,0.037,,-5,5,0.018,0.982,33,30,34,30,1,3,4.0,3,3.0,3,3.32,-1.18,1.18,30.2,,,,,,batter
FF,2024-04-21,96.0,-1.43,5.92,"Taylor, Tyrone",621438,607192,strikeout,swinging_strike,,,,,12.0,Tyrone Taylor strikes out swinging.,R,R,R,LAD,NYM,S,2.0,,0,2,2024,-0.16,1.28,0.2796790788240472,3.635440603127061,643446.0,621512.0,607043.0,2,8,Top,,,,,,,5.006732389138765,-139.72439133449936,-3.452295251182007,-3.1964415951414606,29.90716531755984,-14.74549794404018,3.35,1.62,,,,98.5,2421.0,7.5,746154,669257,571771,666158,571970,500743,621035,681546,681624,52.95,,0.0,0.0,1.0,0.0,0.0,,68,3,4-Seam Fastball,10,0,0,10,0,10,0,10,Standard,Standard,191.0,0.0,-0.188,68.6,6.7,0.24063546,,0.188,,10,-10,0.999,0.001,30,30,31,30,4,1,6.0,1,6.0,3,1.18,0.16,0.16,61.9,11.726152977561147,13.96345774953314,26.779750422320355,40.63128038525001,21.894525534266144,batter
SL,2024-04-21,92.0,-1.83,5.93,"Taylor, Tyrone",621438,607192,,foul,,,,,8.0,,R,R,R,LAD,NYM,S,,,0,1,2024,0.19,0.31,-0.0669026933553941,1.5889095845668375,643446.0,621512.0,607043.0,2,8,Top,,,,,,,4.140313804775545,-134.0047385474395,-6.061286370762169,1.6148931716246535,24.57588214457101,-27.43922237176046,3.35,1.62,3.0,66.9,-29.0,94.7,2716.0,7.5,746154,669257,571771,666158,571970,500743,621035,681546,681624,53.04,,,,,,,,68,2,Slider,10,0,0,10,0,10,0,10,Standard,Standard,192.0,0.0,-0.042,74.6,7.9,,,0.042,88.0,10,-10,0.999,0.001,30,30,31,30,4,1,6.0,1,6.0,3,2.34,-0.19,-0.19,54.5,11.432019738151702,-12.484844726716048,40.19265808867255,36.47646181014097,33.54887198743582,batter
FF,2024-04-21,95.7,-1.84,5.93,"Taylor, Tyrone",621438,607192,,called_strike,,,,,2.0,,R,R,R,LAD,NYM,S,,,0,0,2024,-0.14,1.29,-0.269053373098307,2.9783399878421672,643446.0,621512.0,607043.0,2,8,Top,,,,,,,4.5920199223862,-139.3626829917921,-5.246035410243654,-2.802447306472439,29.751675709317293,-14.385908368927945,3.38832680577319,1.7213643069535,,,,98.5,2515.0,7.7,746154,669257,571771,666158,571970,500743,621035,681546,681624,52.82,,,,,,,,68,1,4-Seam Fastball,10,0,0,10,0,10,0,10,Standard,Standard,193.0,0.0,-0.044,,,,,0.044,,10,-10,0.999,0.001,30,30,31,30,4,1,6.0,1,6.0,3,1.19,0.14,0.14,55.4,,,,,,batter
CU,2024-04-21,85.1,-1.47,6.25,"Taylor, Tyrone",621438,607192,strikeout,called_strike,,,,,2.0,Tyrone Taylor called out on strikes.,R,R,R,LAD,NYM,S,2.0,,0,2,2024,0.46,-0.85,0.229148158049473,2.9120454711637684,,,,0,7,Top,,,,,,,3.1093261070171163,-123.92708912107771,0.1659736107781606,4.190797236925214,23.17214920827031,-41.21265932723608,3.4388634200351,1.72151605302407,,,,86.9,2776.0,7.2,746154,669257,571771,666158,571970,500743,621035,681546,681624,53.27,,0.0,0.0,1.0,0.0,0.0,,55,4,Curveball,10,0,0,10,0,10,0,10,Standard,Standard,17.0,0.0,-0.163,,,,,0.163,,10,-10,0.999,0.001,30,30,31,30,3,0,6.0,1,6.0,3,3.98,-0.46,-0.46,63.0,,,,,,batter
SL,2024-04-21,92.5,-1.68,6.06,"Taylor, Tyrone",621438,607192,,foul,,,,,2.0,,R,R,R,LAD,NYM,S,,,0,2,2024,0.35,0.39,0.1092820250093158,3.198530914966203,,,,0,7,Top,,,,,,,3.876486234626805,-134.9065163472825,-2.484277080709708,3.568092165016676,24.88658194621131,-27.062145509970765,3.35,1.62,,,,94.9,2834.0,7.2,746154,669257,571771,666158,571970,500743,621035,681546,681624,53.3,,,,,,,,55,3,Slider,10,0,0,10,0,10,0,10,Standard,Standard,158.0,0.0,0.0,72.6,7.2,,,0.0,,10,-10,0.999,0.001,30,30,31,30,3,0,6.0,1,6.0,3,2.23,-0.35,-0.35,61.5,6.872491123423255,2.997739300331994,30.064441812122077,39.407341835305374,27.76681485819614,batter
CU,2024-04-21,83.7,-1.6,6.24,"Taylor, Tyrone",621438,607192,,swinging_strike,,,,,7.0,,R,R,R,LAD,NYM,S,,,0,1,2024,0.23,-0.98,-0.3219077208865843,1.934363621872639,,,,0,7,Top,,,,,,,2.5500288264262823,-122.01781004901284,-1.6529177350493374,1.82788457462266,23.08430541298437,-41.875592314242695,3.35,1.62,,,,85.4,2815.0,7.2,746154,669257,571771,666158,571970,500743,621035,681546,681624,53.3,,,,,,,,55,2,Curveball,10,0,0,10,0,10,0,10,Standard,Standard,11.0,0.0,-0.054,76.8,7.7,0.571005276,,0.054,,10,-10,0.999,0.001,30,30,31,30,3,0,6.0,1,6.0,3,4.21,-0.23,-0.23,62.8,10.545045293802223,-14.739975553367648,35.34118691009049,33.752516458195515,36.32368631224567,batter
FF,2024-04-21,94.7,-1.74,5.97,"Taylor, Tyrone",621438,607192,,called_strike,,,,,8.0,,R,R,R,LAD,NYM,S,,,0,0,2024,0.31,1.24,-0.1328940966414073,2.177444693802099,,,,0,7,Top,,,,,,,3.608869024670385,-137.9066351088764,-7.252877890959466,3.2335143741802983,26.67106837634278,-14.919677761392244,3.46106595033764,1.73394259222279,,,,97.6,2592.0,7.6,746154,669257,571771,666158,571970,500743,621035,681546,681624,52.9,,,,,,,,55,1,4-Seam Fastball,10,0,0,10,0,10,0,10,Standard,Standard,195.0,0.0,-0.037,,,,,0.037,,10,-10,0.999,0.001,30,30,31,30,3,0,6.0,1,6.0,3,1.27,-0.31,-0.31,54.4,,,,,,batter
SL,2024-04-20,84.9,0.59,6.05,"Taylor, Tyrone",621438,681911,field_out,hit_into_play,,,,,5.0,Tyrone Taylor flies out sharply to center fielder James Outman.,R,R,L,LAD,NYM,X,8.0,fly_ball,2,1,2024,-0.87,0.33,-0.1041767980716429,2.4749162435106284,621466.0,643446.0,,2,7,Top,112.61,49.36,,,,,0.1240010559340777,-123.68094235446672,-2.740723447816636,-9.004261896200969,23.21819856958304,-28.42121519253554,3.35,1.62,371.0,100.7,34.0,84.8,2333.0,6.1,746156,605131,518692,666158,571970,605141,606192,681546,681624,54.44,0.443,0.8860967741935484,0.0,1.0,0.0,0.0,6.0,68,4,Slider,4,5,5,4,5,4,5,4,Standard,Standard,204.0,0.066,-0.294,75.0,7.6,,1.75,0.294,100.7,-1,1,0.298,0.702,28,30,28,30,1,0,3.0,3,3.0,1,2.81,-0.87,0.87,64.7,9.880227641302165,-8.853767606688246,32.13670579971087,36.9253695837689,33.97037510415017,batter
FF,2024-04-20,92.2,0.75,5.85,"Taylor, Tyrone",621438,681911,,ball,,,,,12.0,,R,R,L,LAD,NYM,B,,,1,1,2024,0.29,1.55,0.9576618730270504,3.409946710072914,621466.0,643446.0,,2,7,Top,,,,,,,-0.0995860412626634,-134.418145549178,-3.806163397229803,3.586121105432442,26.80560906589575,-12.722839696284373,3.46439074889244,1.68551293276451,,,,92.4,2217.0,6.1,746156,605131,518692,666158,571970,605141,606192,681546,681624,54.39,,,,,,,,68,3,4-Seam Fastball,4,5,5,4,5,4,5,4,Standard,Standard,159.0,-0.005,0.016,,,,,-0.016,,-1,1,0.303,0.697,28,30,28,30,1,0,3.0,3,3.0,1,1.11,0.29,-0.29,58.1,,,,,,batter
SL,2024-04-20,85.7,0.57,6.04,"Taylor, Tyrone",621438,681911,,blocked_ball,,,,,14.0,,R,R,L,LAD,NYM,B,,,0,1,2024,-0.37,0.64,0.0247442861643468,-0.0036388237706446,621466.0,643446.0,,2,7,Top,,,,,,,-0.5562191861095492,-124.74286174209496,-9.373797685864693,-3.76737039045826,21.35598321600349,-24.041449587751245,3.39328190732446,1.74143871035502,,,,86.2,2471.0,6.2,746156,605131,518692,666158,571970,605141,606192,681546,681624,54.26,,,,,,,,68,2,Slider,4,5,5,4,5,4,5,4,Standard,Standard,194.0,-0.007,0.037,,,,,-0.037,,-1,1,0.31,0.69,28,30,28,30,1,0,3.0,3,3.0,1,2.43,-0.37,0.37,60.0,,,,,,batter
SL,2024-04-20,86.1,0.75,5.97,"Taylor, Tyrone",621438,681911,,called_strike,,,,,13.0,,R,R,L,LAD,NYM,S,,,0,0,2024,-0.45,0.46,-0.8708221642753677,1.8215885837187384,621466.0,643446.0,,2,7,Top,,,,,,,-2.9360241060100583,-125.50573952815608,-4.655777735793699,-4.357813909262841,20.91670184078184,-26.67495372545375,3.48594436075484,1.72515171908637,,,,86.7,2488.0,6.2,746156,605131,518692,666158,571970,605141,606192,681546,681624,54.3,,,,,,,,68,1,Slider,4,5,5,4,5,4,5,4,Standard,Standard,204.0,0.01,-0.046,,,,,0.046,,-1,1,0.3,0.7,28,30,28,30,1,0,3.0,3,3.0,1,2.56,-0.45,0.45,59.5,,,,,,batter
SL,2024-04-17,84.9,1.35,5.68,"Taylor, Tyrone",621438,663559,single,hit_into_play,,,,,2.0,Tyrone Taylor singles on a line drive to right fielder Edward Olivares.,R,R,L,NYM,PIT,X,9.0,line_drive,0,1,2024,-0.43,0.24,-0.0616958659515784,2.8575061662572625,,,,2,4,Bot,176.12,113.67,,,,,-2.489032809900332,-123.69147810225004,-0.749846378827181,-3.8704912931465567,24.776332758304672,-29.823403917076124,3.35,1.63,248.0,89.0,19.0,86.6,1890.0,7.3,745836,680779,642133,675961,669707,665833,656582,669261,658668,53.21,0.532,0.501,0.9,1.0,1.0,0.0,4.0,33,2,Slider,2,1,2,1,1,2,2,1,Standard,Standard,215.0,0.013,0.373,71.8,6.7,,0.636,-0.373,89.0,1,1,0.647,0.647,27,30,27,30,2,1,5.0,2,6.0,3,2.92,-0.43,0.43,56.8,2.2203802714510856,13.866112200889932,34.0467867779104,35.45095265072831,20.43526438563801,batter
FF,2024-04-17,91.6,1.29,5.64,"Taylor, Tyrone",621438,663559,,called_strike,,,,,1.0,,R,R,L,NYM,PIT,S,,,0,0,2024,0.19,1.65,-0.7483577910396446,3.195046396582992,,,,2,4,Bot,,,,,,,-5.691035969403089,-133.28729120232413,-3.972091674921417,3.459026840032946,28.51165958374994,-11.83846677909272,3.50740537937834,1.70467481628577,,,,93.7,2035.0,7.5,745836,680779,642133,675961,669707,665833,656582,669261,658668,52.96,,,,,,,,33,1,4-Seam Fastball,2,1,2,1,1,2,2,1,Standard,Standard,167.0,-0.002,-0.041,,,,,0.041,,1,1,0.649,0.649,27,30,27,30,2,1,5.0,2,6.0,3,1.07,0.19,-0.19,55.5,,,,,,batter
FF,2024-04-17,90.6,1.1,5.61,"Taylor, Tyrone",621438,663559,field_out,hit_into_play,,,,,1.0,Tyrone Taylor lines out to third baseman Jared Triolo.,R,R,L,NYM,PIT,X,5.0,line_drive,3,2,2024,0.26,1.54,-0.6788618046955446,2.863173488329809,,682626.0,,1,2,Bot,82.18,155.19,,,,,-5.112550362024661,-131.8338573314559,-4.28431765983284,4.143561998710435,30.066900411772647,-13.494691382254532,3.35,1.63,156.0,88.9,12.0,92.4,2132.0,7.5,745836,680779,642133,675961,669707,665833,656582,669261,658668,52.97,0.766,0.707,0.0,1.0,0.0,0.0,4.0,14,6,4-Seam Fastball,0,0,0,0,0,0,0,0,Standard,Standard,173.0,-0.04,-0.277,74.7,6.9,,0.868,0.277,88.9,0,0,0.575,0.575,27,30,27,30,1,0,5.0,2,6.0,3,1.25,0.26,-0.26,56.1,6.261687729892303,-9.32981639703918,34.247612230681526,27.75285313167245,32.95970860224669,batter
FF,2024-04-17,89.4,1.18,5.66,"Taylor, Tyrone",621438,663559,,called_strike,,,,,6.0,,R,R,L,NYM,PIT,S,,,3,1,2024,0.22,1.46,0.7341286432303953,2.820881826728981,,682626.0,,1,2,Bot,,,,,,,-1.6018418389625668,-130.12031621828262,-4.085855508434082,2.887393685938387,30.725096883431508,-15.016390704578448,3.35303129131685,1.70360380766252,,,,90.9,2010.0,7.5,745836,680779,642133,675961,669707,665833,656582,669261,658668,53.05,,,,,,,,14,5,4-Seam Fastball,0,0,0,0,0,0,0,0,Standard,Standard,176.0,-0.005,-0.086,,,,,0.086,,0,0,0.58,0.58,27,30,27,30,1,0,5.0,2,6.0,3,1.42,0.22,-0.22,56.5,,,,,,batter
SI,2024-04-17,89.4,1.13,5.64,"Taylor, Tyrone",621438,663559,,called_strike,,,,,8.0,,R,R,L,NYM,PIT,S,,,3,0,2024,0.19,1.55,0.0013485844370074,2.019819046818908,,682626.0,,1,2,Bot,,,,,,,-3.25067638546866,-130.11632948136435,-6.32363880763659,2.859755940163155,27.892588068406518,-13.39212260907449,3.34835116407629,1.58370482557688,,,,91.3,1877.0,7.5,745836,680779,642133,675961,669707,665833,656582,669261,658668,53.01,,,,,,,,14,4,Sinker,0,0,0,0,0,0,0,0,Standard,Standard,174.0,-0.005,-0.052,,,,,0.052,,0,0,0.585,0.585,27,30,27,30,1,0,5.0,2,6.0,3,1.3,0.19,-0.19,57.1,,,,,,batter
CU,2024-04-17,74.8,1.3,5.58,"Taylor, Tyrone",621438,663559,,ball,,,,,13.0,,R,R,L,NYM,PIT,B,,,2,0,2024,-0.55,-0.34,-1.2842744961015895,0.9707474451280058,,682626.0,,1,2,Bot,,,,,,,-4.440502505939349,-108.99507585353108,-1.791216092267112,-3.6568420727547273,18.298817457082126,-34.815028676768314,3.35000238522844,1.62808656432161,,,,76.4,1837.0,7.3,745836,680779,642133,675961,669707,665833,656582,669261,658668,53.25,,,,,,,,14,3,Curveball,0,0,0,0,0,0,0,0,Standard,Standard,301.0,0.007,0.083,,,,,-0.083,,0,0,0.578,0.578,27,30,27,30,1,0,5.0,2,6.0,3,4.39,-0.55,0.55,57.5,,,,,,batter
FF,2024-04-17,90.5,1.12,5.64,"Taylor, Tyrone",621438,663559,,ball,,,,,13.0,,R,R,L,NYM,PIT,B,,,1,0,2024,0.3,1.5,-0.8656714960627314,2.037522935062172,,682626.0,,1,2,Bot,,,,,,,-5.713156700022779,-131.6090396183402,-6.3947363392155205,4.687100345785606,27.623616169645157,-13.582353130338022,3.35000049741512,1.61466169079249,,,,92.5,2013.0,7.5,745836,680779,642133,675961,669707,665833,656582,669261,658668,52.99,,,,,,,,14,2,4-Seam Fastball,0,0,0,0,0,0,0,0,Standard,Standard,169.0,0.004,0.042,,,,,-0.042,,0,0,0.574,0.574,27,30,27,30,1,0,5.0,2,6.0,3,1.29,0.3,-0.3,62.4,,,,,,batter
FF,2024-04-17,89.9,1.27,5.68,"Taylor, Tyrone",621438,663559,,ball,,,,,12.0,,R,R,L,NYM,PIT,B,,,0,0,2024,0.2,1.56,0.6508451992522113,4.237493610780194,,,682626.0,1,2,Bot,,,,,,,-2.007630224463004,-130.80987525296948,-0.8226646507504027,2.79519240533867,32.423306677771684,-14.559639327024616,3.35090513637033,1.50420522277816,,,,91.2,2044.0,7.5,745836,680779,642133,675961,669707,665833,656582,669261,658668,53.04,,,,,,,,14,1,4-Seam Fastball,0,0,0,0,0,0,0,0,Standard,Standard,169.0,0.02,0.036,,,,,-0.036,,0,0,0.554,0.554,27,30,27,30,1,0,5.0,2,6.0,3,1.3,0.2,-0.2,55.7,,,,,,batter
FF,2024-04-17,97.0,-1.76,6.01,"Taylor, Tyrone",621438,670280,single,hit_into_play,,,,,9.0,Tyrone Taylor singles on a line drive to left fielder Connor Joe. Jeff McNeil to 3rd. Francisco Alvarez to 2nd.,R,R,R,NYM,PIT,X,7.0,line_drive,2,2,2024,-0.61,1.7,0.4492637488260216,1.6718851964098702,,643446.0,682626.0,0,8,Bot,81.24,98.64,,,,,7.372016855490463,-140.7704664723213,-9.978383209972,-9.85720694881549,34.9379373699357,-7.388601760563636,3.35,1.63,237.0,91.6,15.0,97.4,2539.0,6.9,745836,680779,642133,675961,669707,665833,656582,669261,658668,53.64,0.916,0.869,0.9,1.0,1.0,0.0,4.0,64,8,4-Seam Fastball,7,1,7,1,1,7,7,1,Standard,Standard,205.0,0.0,0.52,69.2,8.3,,1.079,-0.52,91.6,6,6,0.999,0.999,29,30,30,30,1,3,5.0,2,4.0,3,0.75,0.61,0.61,41.1,12.540561933272931,-6.980459967982385,36.18073975402662,41.86630320128411,34.933154571523986,batter
FF,2024-04-17,96.9,-1.76,6.02,"Taylor, Tyrone",621438,670280,,foul,,,,,6.0,,R,R,R,NYM,PIT,S,,,2,2,2024,-0.68,1.49,0.4850569370678855,2.8085318057944235,,643446.0,682626.0,0,8,Bot,,,,,,,7.600358477375332,-140.92164751328625,-6.496159768623632,-10.708031840109744,31.166626488112534,-11.00371335502761,3.35,1.63,246.0,84.8,23.0,97.9,2438.0,6.8,745836,680779,642133,675961,669707,665833,656582,669261,658668,53.69,,,,,,,,64,7,4-Seam Fastball,7,1,7,1,1,7,7,1,Standard,Standard,204.0,0.0,0.0,60.9,5.9,,,0.0,88.0,6,6,0.999,0.999,29,30,30,30,1,3,5.0,2,4.0,3,0.94,0.68,0.68,47.1,-23.06864484204436,33.161457187515886,33.64289064005125,41.9827446782616,7.936073751834597,batter
FS,2024-04-17,92.4,-1.95,5.79,"Taylor, Tyrone",621438,670280,,foul,,,,,4.0,,R,R,R,NYM,PIT,S,,,2,2,2024,-0.51,0.66,-0.6594628535791529,2.6958091408300344,,643446.0,682626.0,0,8,Bot,,,,,,,4.4471154051743325,-134.65330145230888,-3.628744170602701,-7.1446767776168425,26.216184852580945,-23.52243906224049,3.35,1.63,170.0,77.1,16.0,93.8,1628.0,6.8,745836,680779,642133,675961,669707,665833,656582,669261,658668,53.72,,,,,,,,64,6,Split-Finger,7,1,7,1,1,7,7,1,Standard,Standard,211.0,0.0,0.0,70.0,7.8,,,0.0,88.0,6,6,0.999,0.999,29,30,30,30,1,3,5.0,2,4.0,3,1.98,0.51,0.51,40.6,16.415188995279685,-12.537723843641608,36.00054567479181,27.915624875497745,37.86703100236689,batter
FS,2024-04-17,92.3,-1.83,5.85,"Taylor, Tyrone",621438,670280,,ball,,,,,14.0,,R,R,R,NYM,PIT,B,,,1,2,2024,-0.94,0.56,0.245054703362206,0.8162617921852007,,643446.0,682626.0,0,8,Bot,,,,,,,7.382927232632985,-134.19766430247378,-8.339364424010602,-12.901124181943354,25.16894340948268,-23.93341939397721,3.45911472561419,1.68165697511751,,,,93.5,1665.0,6.7,745836,680779,642133,675961,669707,665833,656582,669261,658668,53.75,,,,,,,,64,5,Split-Finger,7,1,7,1,1,7,7,1,Standard,Standard,216.0,0.0,0.026,,,,,-0.026,,6,6,0.999,0.999,29,30,30,30,1,3,5.0,2,4.0,3,2.09,0.94,0.94,42.3,,,,,,batter
FF,2024-04-17,95.9,-1.64,6.12,"Taylor, Tyrone",621438,670280,,foul,,,,,2.0,,R,R,R,NYM,PIT,S,,,1,2,2024,-0.3,1.65,-0.051200055500949,3.0217182042832444,,643446.0,682626.0,0,8,Bot,,,,,,,4.912792686223593,-139.4430443314649,-6.354363417092758,-5.036022970230902,32.17312493526231,-9.365259540274314,3.35,1.63,125.0,87.2,83.0,96.6,2429.0,6.8,745836,680779,642133,675961,669707,665833,656582,669261,658668,53.71,,,,,,,,64,4,4-Seam Fastball,7,1,7,1,1,7,7,1,Standard,Standard,202.0,0.0,0.0,74.2,7.7,,,0.0,88.0,6,6,0.999,0.999,29,30,30,30,1,3,5.0,2,4.0,3,0.83,0.3,0.3,43.9,14.033392122218023,-17.07633234357135,31.593739529964516,36.33330585499614,38.19562086884966,batter
FF,2024-04-17,94.9,-1.29,5.94,"Taylor, Tyrone",621438,676702,single,hit_into_play,,,,,9.0,Tyrone Taylor singles on a sharp ground ball to center fielder Jack Suwinski. Francisco Lindor scores. Pete Alonso scores.,R,R,R,NYM,PIT,X,8.0,ground_ball,1,1,2024,-0.29,1.38,0.6386931032921449,1.9145678988036816,596019.0,624413.0,,2,6,Bot,128.42,142.99,,,,,5.716171778619637,-137.89346106206065,-7.965130397102149,-5.011472374760002,31.086231611358954,-12.91515427784993,3.35,1.63,28.0,100.4,-2.0,95.1,2614.0,6.5,745836,680779,642133,675961,669707,665833,656582,669261,658668,53.95,0.388,0.396,0.9,1.0,1.0,0.0,2.0,49,3,4-Seam Fastball,2,1,2,1,1,4,4,1,Standard,Standard,207.0,0.159,0.736,70.7,7.6,,0.454,-0.736,100.4,1,1,0.743,0.743,27,30,28,30,1,2,2.0,2,2.0,3,1.16,0.29,0.29,35.9,8.655367340726578,4.517868621360761,38.01329087910591,43.08845515866987,27.687499931561,batter
FF,2024-04-17,96.8,-1.83,5.96,"Taylor, Tyrone",621438,670280,,swinging_strike,,,,,3.0,,R,R,R,NYM,PIT,S,,,1,1,2024,-0.48,1.61,0.5263826291533752,2.8462450301696363,,643446.0,682626.0,0,8,Bot,,,,,,,7.45182047752494,-140.5668226600758,-6.44628250069794,-8.170749634262615,34.68912827075452,-9.502453306154615,3.35,1.63,,,,97.3,2468.0,6.9,745836,680779,642133,675961,669707,665833,656582,669261,658668,53.64,,,,,,,,64,3,4-Seam Fastball,7,1,7,1,1,7,7,1,Standard,Standard,210.0,0.0,-0.069,74.3,7.6,0.36287724,,0.069,,6,6,0.999,0.999,29,30,30,30,1,3,5.0,2,4.0,3,0.85,0.48,0.48,45.6,8.141101327241744,-0.2671875209517474,31.52841758794262,42.65272253779117,29.30225219444406,batter
FF,2024-04-17,94.9,-1.56,5.96,"Taylor, Tyrone",621438,676702,,ball,,,,,14.0,,R,R,R,NYM,PIT,B,,,0,1,2024,-0.27,1.27,1.2175102554351744,1.844282872103608,596019.0,624413.0,,2,6,Bot,,,,,,,7.927865544707769,-137.82802149736892,-7.948034910349794,-5.31181447490613,32.41692371574849,-14.39479195846918,3.45149424863639,1.66014197186954,,,,95.2,2617.0,6.7,745836,680779,642133,675961,669707,665833,656582,669261,658668,53.8,,,,,,,,49,2,4-Seam Fastball,2,1,2,1,1,2,2,1,Standard,Strategic,206.0,0.005,0.037,,,,,-0.037,,1,1,0.738,0.738,27,30,28,30,1,2,2.0,2,2.0,3,1.29,0.27,0.27,37.3,,,,,,batter
CU,2024-04-17,77.7,-1.98,5.83,"Taylor, Tyrone",621438,670280,,ball,,,,,11.0,,R,R,R,NYM,PIT,B,,,0,1,2024,0.85,-0.77,-1.036410037000547,2.872480338178595,,643446.0,682626.0,0,8,Bot,,,,,,,0.4580070297769226,-113.0809328904106,2.048031996957185,7.166258914831707,22.41019030942041,-39.40609343908324,3.44843991115892,1.5944124381803,,,,77.4,2423.0,6.3,745836,680779,642133,675961,669707,665833,656582,669261,658668,54.23,,,,,,,,64,2,Curveball,7,1,7,1,1,7,7,1,Standard,Standard,46.0,0.0,0.034,,,,,-0.034,,6,6,0.999,0.999,29,30,30,30,1,3,5.0,2,4.0,3,4.57,-0.85,-0.85,36.8,,,,,,batter
FC,2024-04-17,91.0,-1.26,6.0,"Taylor, Tyrone",621438,676702,,foul,,,,,5.0,,R,R,R,NYM,PIT,S,,,0,0,2024,0.03,0.63,0.23793976058364,2.4535707197547927,596019.0,624413.0,,2,6,Bot,,,,,,,3.727893730176381,-132.48991679199546,-4.385844308337807,-0.4844919361922227,27.92486186736872,-24.007016588035377,3.35,1.63,6.0,86.7,-22.0,91.5,2733.0,6.5,745836,680779,642133,675961,669707,665833,656582,669261,658668,54.0,,,,,,,,49,1,Cutter,2,1,2,1,1,2,2,1,Standard,Strategic,179.0,-0.008,-0.046,70.8,8.3,,,0.046,88.0,1,1,0.746,0.746,27,30,28,30,1,2,2.0,2,2.0,3,2.11,-0.03,-0.03,38.2,28.77916815380707,-15.34696253161074,31.19615154169877,38.259271209496966,39.17619437936541,batter
CU,2024-04-17,77.9,-1.93,5.85,"Taylor, Tyrone",621438,670280,,called_strike,,,,,3.0,,R,R,R,NYM,PIT,S,,,0,0,2024,0.66,-0.83,0.3631997766658584,2.921772245858568,,643446.0,682626.0,0,8,Bot,,,,,,,3.720255573671339,-113.39419544810124,2.198745002204085,4.933979291776057,22.52276762201919,-39.98053006021843,3.46743322043321,1.61344128936769,,,,77.9,2457.0,6.5,745836,680779,642133,675961,669707,665833,656582,669261,658668,54.01,,,,,,,,64,1,Curveball,7,1,7,1,1,7,7,1,Standard,Standard,46.0,0.0,-0.044,,,,,0.044,,6,6,0.999,0.999,29,30,30,30,1,3,5.0,2,4.0,3,4.61,-0.66,-0.66,42.6,,,,,,batter
CH,2024-04-15,80.6,1.28,5.81,"Taylor, Tyrone",621438,527048,single,hit_into_play,,,,,9.0,Tyrone Taylor singles on a line drive to left fielder Bryan Reynolds.,R,R,L,NYM,PIT,X,7.0,line_drive,1,0,2024,1.36,0.84,0.6037935212277197,1.9252932749149043,,,,0,5,Bot,61.26,109.47,,,,,-4.049550784382412,-117.25926595136517,-3.497679911446764,13.320396362712222,23.614263261776934,-24.02012899637249,3.35,1.63,215.0,88.1,17.0,79.8,1508.0,5.9,745840,680779,642133,669707,663647,665833,668804,669261,656582,54.63,0.879,0.864,0.9,1.0,1.0,0.0,4.0,37,2,Changeup,0,0,0,0,0,0,0,0,Standard,Standard,126.0,0.041,0.41,66.0,8.1,,1.064,-0.41,88.1,0,0,0.572,0.572,33,30,33,30,2,1,6.0,1,6.0,2,2.69,1.36,-1.36,46.1,14.7498957285526,-5.4534173204656105,35.45377856948787,43.735309502588976,40.81814420603047,batter
CU,2024-04-15,77.0,1.3,5.9,"Taylor, Tyrone",621438,527048,,ball,,,,,13.0,,R,R,L,NYM,PIT,B,,,0,0,2024,-0.3,-0.05,-0.195621994093977,0.6589172418687408,,,,0,5,Bot,,,,,,,-2.600753360457265,-112.05235645383134,-3.9967692673751753,-2.069444885984772,20.878833246303746,-32.101343291261394,3.38473275369847,1.65669473994484,,,,76.3,2401.0,5.8,745840,680779,642133,669707,663647,665833,668804,669261,656582,54.68,,,,,,,,37,1,Curveball,0,0,0,0,0,0,0,0,Standard,Standard,308.0,0.005,0.038,,,,,-0.038,,0,0,0.567,0.567,33,30,33,30,2,1,6.0,1,6.0,2,3.91,-0.3,0.3,49.5,,,,,,batter
FC,2024-04-15,89.0,1.12,5.68,"Taylor, Tyrone",621438,527048,field_out,hit_into_play,,,,,13.0,Tyrone Taylor pops out to shortstop Oneil Cruz.,R,R,L,NYM,PIT,X,6.0,popup,3,1,2024,0.14,1.35,-1.1746076745512966,2.419596275584683,,,683146.0,2,2,Bot,76.61,154.23,,,,,-5.899077183513028,-129.48009451108712,-4.763350122523431,2.826723697155424,28.458281519387665,-16.21215771065703,3.35,1.63,167.0,65.8,55.0,88.5,2171.0,6.1,745840,680779,642133,669707,663647,665833,668804,669261,656582,54.37,0.034,0.031,0.0,1.0,0.0,0.0,3.0,16,5,Cutter,0,0,0,0,0,0,0,0,Standard,Standard,149.0,-0.033,-0.385,72.8,7.6,,0.034,0.385,88.0,0,0,0.533,0.533,33,30,33,30,1,0,6.0,1,6.0,2,1.54,0.14,-0.14,45.9,11.027709875978394,-12.807293943765371,38.42221867379765,21.5114402724737,33.781884356212096,batter
SI,2024-04-15,92.0,0.95,5.71,"Taylor, Tyrone",621438,527048,,ball,,,,,11.0,,R,R,L,NYM,PIT,B,,,2,1,2024,1.37,0.98,-0.2441769846070298,4.272379404169506,,,683146.0,2,2,Bot,,,,,,,-5.944390032000621,-133.85085200172472,0.1186725823256855,17.704473629092657,31.6556375447618,-20.696066171173445,3.3689248915432,1.68466813992275,,,,91.0,1999.0,5.9,745840,680779,642133,669707,663647,665833,668804,669261,656582,54.56,,,,,,,,16,4,Sinker,0,0,0,0,0,0,0,0,Standard,Standard,137.0,0.007,0.078,,,,,-0.078,,0,0,0.526,0.526,33,30,33,30,1,0,6.0,1,6.0,2,1.73,1.37,-1.37,47.8,,,,,,batter
CH,2024-04-15,81.8,1.2,5.78,"Taylor, Tyrone",621438,527048,,blocked_ball,,,,,13.0,,R,R,L,NYM,PIT,B,,,1,1,2024,1.41,0.49,-0.4905197607824891,0.7826598743025692,,,683146.0,2,2,Bot,,,,,,,-6.4895162619697535,-118.90046445825996,-5.574575046515908,14.619458765820522,23.97394074671504,-26.63187457692882,3.34069645285579,1.68842294907625,,,,81.2,1613.0,6.1,745840,680779,642133,669707,663647,665833,668804,669261,656582,54.43,,,,,,,,16,3,Changeup,0,0,0,0,0,0,0,0,Standard,Standard,127.0,0.003,0.05,,,,,-0.05,,0,0,0.523,0.523,33,30,33,30,1,0,6.0,1,6.0,2,2.94,1.41,-1.41,47.6,,,,,,batter
CH,2024-04-15,84.6,1.28,5.62,"Taylor, Tyrone",621438,527048,,ball,,,,,14.0,,R,R,L,NYM,PIT,B,,,0,1,2024,1.18,0.89,0.0393234485863052,1.242599157741324,,,683146.0,2,2,Bot,,,,,,,-5.225746798708064,-122.96050618974624,-5.528371987864897,13.062556578197055,27.540052335296338,-22.1864314297894,3.3488139794641,1.66450310063946,,,,83.8,1654.0,6.1,745840,680779,642133,669707,663647,665833,668804,669261,656582,54.4,,,,,,,,16,2,Changeup,0,0,0,0,0,0,0,0,Standard,Standard,123.0,0.003,0.032,,,,,-0.032,,0,0,0.52,0.52,33,30,33,30,1,0,6.0,1,6.0,2,2.33,1.18,-1.18,46.4,,,,,,batter
FC,2024-04-15,89.2,1.17,5.69,"Taylor, Tyrone",621438,527048,,called_strike,,,,,5.0,,R,R,L,NYM,PIT,S,,,0,0,2024,0.27,1.17,-0.0564239066305681,2.575317581591599,,,683146.0,2,2,Bot,,,,,,,-3.570053625851418,-129.909695019824,-4.109360351457821,3.772299113766383,26.84243734040636,-18.22754852463069,3.39514236113135,1.68070799817148,,,,88.9,2155.0,6.0,745840,680779,642133,669707,663647,665833,668804,669261,656582,54.49,,,,,,,,16,1,Cutter,0,0,0,0,0,0,0,0,Standard,Standard,150.0,-0.004,-0.047,,,,,0.047,,0,0,0.524,0.524,33,30,33,30,1,0,6.0,1,6.0,2,1.68,0.27,-0.27,47.1,,,,,,batter
FF,2024-04-14,95.8,1.84,6.32,"Taylor, Tyrone",621438,666142,field_out,hit_into_play,,,,,2.0,Tyrone Taylor pops out to first baseman Vinnie Pasquantino on the infield fly rule.,R,R,L,NYM,KC,X,3.0,popup,2,1,2024,0.98,1.52,-0.2662897243301035,3.0852822471111687,,596019.0,624413.0,1,6,Bot,152.79,166.16,,,,,-7.750898712554828,-139.14916781419225,-6.304822933525624,14.442660749442563,32.54443823847484,-11.206133464710623,3.35,1.63,120.0,88.4,72.0,95.4,2560.0,6.2,745841,666023,686469,624428,672580,677951,669004,664728,592669,54.27,0.005,0.006,0.0,1.0,0.0,0.0,3.0,44,4,4-Seam Fastball,0,0,0,0,0,0,0,0,Standard,Standard,140.0,-0.072,-0.257,66.9,7.1,,0.006,0.257,88.4,0,0,0.638,0.638,26,30,27,30,3,2,5.0,1,6.0,1,0.98,0.98,-0.98,49.3,32.96728406949704,-1.4077792693441538,23.136998067166065,33.62732657675885,30.82259083146233,batter
FF,2024-04-14,97.2,1.72,6.31,"Taylor, Tyrone",621438,666142,,ball,,,,,12.0,,R,R,L,NYM,KC,B,,,1,1,2024,1.08,1.22,0.5368599115426629,3.629976858333826,,596019.0,624413.0,1,6,Bot,,,,,,,-5.603756170948445,-141.44299578544482,-4.428880305577306,15.7332260283939,31.990557167048745,-14.991337113244375,3.35541701299238,1.57809150509703,,,,96.9,2536.0,6.1,745841,666023,686469,624428,672580,677951,669004,664728,592669,54.39,,,,,,,,44,3,4-Seam Fastball,0,0,0,0,0,0,0,0,Standard,Standard,140.0,0.011,0.042,,,,,-0.042,,0,0,0.627,0.627,26,30,27,30,3,2,5.0,1,6.0,1,1.19,1.08,-1.08,45.6,,,,,,batter
KC,2024-04-14,81.5,2.02,6.2,"Taylor, Tyrone",621438,666142,,ball,,,,,14.0,,R,R,L,NYM,KC,B,,,0,1,2024,-1.04,-0.7,0.4409552678396332,1.0660267683333742,,596019.0,624413.0,1,6,Bot,,,,,,,-1.5319397292365624,-118.5830128397605,-3.534678819668965,-9.470942163284851,24.54063030439808,-38.25827973877911,3.3520656639941,1.63188988794909,,,,81.0,2336.0,6.2,745841,666023,686469,624428,672580,677951,669004,664728,592669,54.33,,,,,,,,44,2,Knuckle Curve,0,0,0,0,0,0,0,0,Standard,Standard,339.0,0.007,0.015,,,,,-0.015,,0,0,0.62,0.62,26,30,27,30,3,2,5.0,1,6.0,1,4.16,-1.04,1.04,47.6,,,,,,batter
KC,2024-04-14,80.4,2.01,6.22,"Taylor, Tyrone",621438,666142,,called_strike,,,,,7.0,,R,R,L,NYM,KC,S,,,0,0,2024,-0.89,-0.76,-0.32027244913172,2.055875755889999,,596019.0,624413.0,1,6,Bot,,,,,,,-3.4710152035289394,-117.11394373935325,-1.125869954135834,-7.547087718131687,21.968549700748767,-39.16590625385942,3.35221079865194,1.57717627291745,,,,80.3,2204.0,6.1,745841,666023,686469,624428,672580,677951,669004,664728,592669,54.37,,,,,,,,44,1,Knuckle Curve,0,0,0,0,0,0,0,0,Standard,Standard,340.0,-0.01,-0.039,,,,,0.039,,0,0,0.63,0.63,26,30,27,30,3,2,5.0,1,6.0,1,4.28,-0.89,0.89,46.9,,,,,,batter
CH,2024-04-14,84.6,2.08,6.07,"Taylor, Tyrone",621438,666142,double_play,hit_into_play,,,,,14.0,"Tyrone Taylor lines into a double play, left fielder MJ Melendez to catcher Salvador Perez. Starling Marte out at home.",R,R,L,NYM,KC,X,7.0,line_drive,0,0,2024,1.27,0.62,0.9737262299204524,2.304875331046476,516782.0,596019.0,,1,4,Bot,89.56,100.56,,,,,-5.09933116335951,-123.18111896750152,-3.683631035377882,13.907195959661754,23.6031074545268,-25.33414531682088,3.35,1.63,262.0,80.1,24.0,84.6,1756.0,6.2,745841,521692,686469,624428,672580,677951,669004,664728,592669,54.3,0.516,0.476,0.0,1.0,0.0,0.0,4.0,28,1,Changeup,0,0,0,0,0,0,0,0,Strategic,Standard,113.0,-0.164,-0.231,74.1,8.1,,0.592,0.231,88.0,0,0,0.664,0.664,26,30,27,30,2,1,5.0,1,6.0,1,2.55,1.27,-1.27,43.6,12.3165837906643,-9.04928930286838,31.950420366395768,47.92818095564605,36.8402672853418,batter
CH,2024-04-14,87.0,2.18,6.28,"Taylor, Tyrone",621438,666142,strikeout,swinging_strike,,,,,6.0,Tyrone Taylor strikes out swinging.,R,R,L,NYM,KC,S,2.0,,1,2,2024,1.3,1.26,0.7992316975756764,2.177483498922798,,,,0,2,Bot,,,,,,,-5.946887326520053,-126.39031711174572,-6.156977730914562,15.117382596825822,27.82548715698721,-17.607035412681967,3.35,1.63,,,,86.3,2311.0,6.1,745841,521692,686469,624428,672580,677951,669004,664728,592669,54.39,,0.0,0.0,1.0,0.0,0.0,,13,4,Changeup,0,0,0,0,0,0,0,0,Standard,Standard,123.0,-0.016,-0.186,73.6,8.5,2.285209128,,0.186,,0,0,0.544,0.544,26,30,27,30,1,0,5.0,1,6.0,1,1.78,1.3,-1.3,47.9,22.01125427458598,-24.145422294997136,32.52015084492958,45.90803635764626,44.86112372680093,batter
CH,2024-04-14,86.0,2.05,6.13,"Taylor, Tyrone",621438,666142,,ball,,,,,14.0,,R,R,L,NYM,KC,B,,,0,2,2024,1.48,1.0,1.115905870707521,1.0898201419919074,,,,0,2,Bot,,,,,,,-5.188949877860074,-124.98890023732528,-7.721452459248064,16.57790256220784,24.118194019057693,-20.35714181436538,3.35214642613164,1.61775139517616,,,,85.9,2232.0,6.2,745841,521692,686469,624428,672580,677951,669004,664728,592669,54.29,,,,,,,,13,3,Changeup,0,0,0,0,0,0,0,0,Standard,Standard,122.0,0.002,0.023,,,,,-0.023,,0,0,0.542,0.542,26,30,27,30,1,0,5.0,1,6.0,1,2.08,1.48,-1.48,45.6,,,,,,batter
FF,2024-04-14,95.9,1.8,6.43,"Taylor, Tyrone",621438,666142,,foul,,,,,5.0,,R,R,L,NYM,KC,S,,,0,1,2024,1.14,1.35,-0.1338876345081887,2.616112608482801,,,,0,2,Bot,,,,,,,-7.619854282767746,-139.3510555142033,-7.51718362820124,16.502413714684057,28.277151069870666,-13.052039147838736,3.35,1.63,186.0,75.2,60.0,95.7,2602.0,6.0,745841,521692,686469,624428,672580,677951,669004,664728,592669,54.48,,,,,,,,13,2,4-Seam Fastball,0,0,0,0,0,0,0,0,Standard,Standard,138.0,-0.006,-0.054,73.9,7.3,,,0.054,88.0,0,0,0.548,0.548,26,30,27,30,1,0,5.0,1,6.0,1,1.11,1.14,-1.14,45.6,8.586906433550789,0.8873824929943591,37.132227788174326,34.18004512745455,30.11146956070408,batter
FF,2024-04-14,95.7,1.89,6.37,"Taylor, Tyrone",621438,666142,,called_strike,,,,,8.0,,R,R,L,NYM,KC,S,,,0,0,2024,1.1,1.56,-0.2561767227896163,1.5778657386702917,,,,0,2,Bot,,,,,,,-8.10179232166547,-138.86423588115832,-10.490476290839672,16.05727801714113,30.17928939191362,-9.818302299630604,3.38715612378716,1.61300489549966,,,,95.3,2600.0,6.1,745841,521692,686469,624428,672580,677951,669004,664728,592669,54.37,,,,,,,,13,1,4-Seam Fastball,0,0,0,0,0,0,0,0,Standard,Standard,140.0,-0.003,-0.037,,,,,0.037,,0,0,0.551,0.551,26,30,27,30,1,0,5.0,1,6.0,1,0.94,1.1,-1.1,47.2,,,,,,batter
SL,2024-04-14,85.7,-1.96,5.65,"Taylor, Tyrone",621438,608717,sac_bunt,hit_into_play,,,,,6.0,"Tyrone Taylor out on a sacrifice bunt, third baseman Maikel Garcia to first baseman Vinnie Pasquantino. Pete Alonso to 2nd.",R,R,R,NYM,KC,X,5.0,ground_ball,0,0,2024,0.17,0.06,0.3697232487337279,2.3877690770115385,,,624413.0,0,8,Bot,118.27,191.6,,,,,5.179985161988291,-124.75792779220876,-1.5237221187848375,0.6980150910750711,26.639196443899664,-31.43280957195593,3.35,1.63,29.0,22.4,24.0,85.9,2852.0,6.5,745841,666023,686469,679845,672580,677951,669004,641658,592669,53.98,,,0.2,0.0,0.0,0.0,1.0,59,1,Slider,0,0,0,0,0,0,0,0,Standard,Standard,95.0,-0.014,-0.028,11.2,1.7,,,0.028,88.0,0,0,0.67,0.67,33,30,34,30,1,3,5.0,1,1.0,1,3.05,-0.17,-0.17,31.0,-67.56258942702767,-146.79587407959605,32.97570004514225,40.85139398461271,36.35870812241406,batter
FF,2024-04-13,95.4,2.34,5.28,"Taylor, Tyrone",621438,672582,field_out,hit_into_play,,,,,5.0,Tyrone Taylor flies out to center fielder Garrett Hampson.,R,R,L,NYM,KC,X,8.0,fly_ball,2,0,2024,1.05,1.21,-0.2284775550134725,2.277120154582093,,,,1,6,Bot,142.6,58.26,,,,,-9.065258488071056,-138.5219602357109,-4.909481669907847,15.581292051342508,32.27741771263893,-15.713982302845388,3.35,1.64,351.0,96.4,35.0,94.6,2064.0,6.1,745839,666023,521692,679845,672580,677951,680118,641658,592669,54.44,0.219,0.4263333333333333,0.0,1.0,0.0,0.0,3.0,62,3,4-Seam Fastball,5,11,5,11,11,5,5,11,Standard,Standard,126.0,-0.008,-0.367,73.8,7.7,,0.842,0.367,96.4,-6,-6,0.027,0.027,24,30,25,30,1,0,2.0,1,4.0,1,1.32,1.05,-1.05,35.0,11.603033498902716,-5.687721913772025,38.80296043365112,32.73864141435918,30.44053762492159,batter
CH,2024-04-13,89.8,2.11,5.44,"Taylor, Tyrone",621438,672582,,ball,,,,,13.0,,R,R,L,NYM,KC,B,,,1,0,2024,1.18,0.44,-1.3950117264801216,0.3131588886029517,,,,1,6,Bot,,,,,,,-11.042384346370923,-130.13871503839852,-7.536017814006749,15.64989068095834,26.75375002759533,-25.746757718950352,3.34972723624621,1.62002978212531,,,,89.0,1488.0,6.0,745839,666023,521692,679845,672580,677951,680118,641658,592669,54.54,,,,,,,,62,2,Changeup,5,11,5,11,11,5,5,11,Standard,Standard,115.0,0.002,0.072,,,,,-0.072,,-6,-6,0.025,0.025,24,30,25,30,1,0,2.0,1,4.0,1,2.41,1.18,-1.18,36.7,,,,,,batter
FF,2024-04-13,94.7,2.42,5.23,"Taylor, Tyrone",621438,672582,,ball,,,,,13.0,,R,R,L,NYM,KC,B,,,0,0,2024,1.02,0.99,-0.8292056611743972,1.4625809249812634,,,,1,6,Bot,,,,,,,-10.667029534381845,-137.3545804857168,-6.264026093948375,15.347647439388185,32.99853331790373,-18.363229383285404,3.34972723624621,1.64531419347433,,,,93.8,2125.0,6.1,745839,666023,521692,679845,672580,677951,680118,641658,592669,54.4,,,,,,,,62,1,4-Seam Fastball,5,11,5,11,11,5,5,11,Standard,Standard,132.0,0.001,0.039,,,,,-0.039,,-6,-6,0.024,0.024,24,30,25,30,1,0,2.0,1,4.0,1,1.59,1.02,-1.02,28.5,,,,,,batter
ST,2024-04-13,79.1,-2.85,3.99,"Taylor, Tyrone",621438,670167,sac_fly,hit_into_play,,,,,9.0,Tyrone Taylor out on a sacrifice fly to left fielder Dairon Blanco. Francisco Lindor scores.,R,R,R,NYM,KC,X,7.0,fly_ball,1,1,2024,1.02,-0.12,0.547735846475698,1.9749836769771452,596019.0,,683146.0,1,8,Bot,62.44,111.12,,,,,5.507199835805687,-115.02432431314492,2.611715938544145,8.040097656167204,21.05284387507164,-33.90141039584583,3.35,1.64,268.0,80.5,37.0,79.2,2493.0,6.4,745839,666023,521692,679845,672580,677951,680118,641658,592669,54.11,,0.028,0.0,1.0,0.0,0.0,3.0,77,3,Sweeper,6,11,6,11,11,7,7,11,Standard,Standard,73.0,-0.019,-0.101,66.4,8.0,,,0.101,88.0,-5,-5,0.045,0.045,30,30,30,30,1,1,4.0,1,1.0,1,3.76,-1.02,-1.02,4.5,16.355371295061765,-16.312134836088088,35.254557343438954,42.15029856947345,43.94375835725284,batter
SI,2024-04-13,91.6,-2.44,4.21,"Taylor, Tyrone",621438,670167,,foul,,,,,5.0,,R,R,R,NYM,KC,S,,,1,0,2024,-1.59,0.12,-0.1231152673008431,2.630000428954669,596019.0,,683146.0,1,8,Bot,,,,,,,9.29276783963726,-133.1470960877001,1.6042011034087538,-20.81931438787264,26.93585885160914,-31.2988885920622,3.35,1.64,7.0,94.6,-19.0,92.1,1967.0,6.5,745839,666023,521692,679845,672580,677951,680118,641658,592669,54.0,,,,,,,,77,2,Sinker,6,11,6,11,11,6,6,11,Standard,Standard,260.0,-0.004,-0.062,63.3,5.8,,,0.062,94.6,-5,-5,0.049,0.049,30,30,30,30,1,1,4.0,1,1.0,1,2.59,1.59,1.59,8.5,-16.08511862934188,45.28876979717831,38.54677796075003,36.26417146016449,3.1288211855268293,batter
SI,2024-04-13,91.6,-2.55,4.15,"Taylor, Tyrone",621438,670167,,ball,,,,,13.0,,R,R,R,NYM,KC,B,,,0,0,2024,-1.3,-0.02,-1.818563305427988,2.0214300743857043,596019.0,,683146.0,1,8,Bot,,,,,,,4.671701408854625,-133.3353038338164,0.5706724419269877,-16.551483695294216,30.7250890903411,-32.81673248781833,3.30714316028728,1.51887536092632,,,,91.5,1894.0,6.4,745839,666023,521692,679845,672580,677951,680118,641658,592669,54.1,,,,,,,,77,1,Sinker,6,11,6,11,11,6,6,11,Standard,Standard,253.0,0.003,0.024,,,,,-0.024,,-5,-5,0.046,0.046,30,30,30,30,1,1,4.0,1,1.0,1,2.75,1.3,1.3,8.4,,,,,,batter
CH,2024-04-12,85.7,1.39,6.49,"Taylor, Tyrone",621438,519293,single,hit_into_play,,,,,14.0,Tyrone Taylor singles on a fly ball to right fielder Hunter Renfroe. Jeff McNeil to 2nd.,R,R,L,NYM,KC,X,9.0,fly_ball,0,1,2024,1.32,1.05,0.4683594527602546,1.3462567339904454,,,643446.0,2,8,Bot,168.96,132.85,,,,,-4.842011747972163,-124.45730703720528,-7.9454315696905455,14.67420597759706,26.804600464318888,-19.79261334779169,3.35,1.63,198.0,66.4,43.0,85.4,1968.0,6.4,745838,521692,686469,624428,672580,677951,669004,664728,592669,54.14,0.366,0.341,0.9,1.0,1.0,0.0,3.0,65,2,Changeup,6,1,6,1,1,6,6,1,Standard,Standard,151.0,0.001,0.404,69.1,8.3,,0.417,-0.404,88.0,5,5,0.994,0.994,34,30,35,30,1,0,5.0,1,5.0,1,2.08,1.32,-1.32,49.8,17.99054904318933,-1.0140951188562386,43.3341569808688,41.13060373922656,37.2534709717377,batter
CU,2024-04-12,77.0,1.45,6.62,"Taylor, Tyrone",621438,519293,,called_strike,,,,,6.0,,R,R,L,NYM,KC,S,,,0,0,2024,-0.6,-0.86,0.4927295768812679,2.874161985203287,,,643446.0,2,8,Bot,,,,,,,-0.9301189231177186,-112.12280186003112,0.6531975090644171,-4.8286157235484986,22.284983723485915,-39.77162984552213,3.48077539609854,1.80386530199747,,,,76.4,1986.0,6.0,745838,521692,686469,624428,672580,677951,669004,664728,592669,54.47,,,,,,,,65,1,Curveball,6,1,6,1,1,6,6,1,Standard,Standard,330.0,0.0,-0.047,,,,,0.047,,5,5,0.994,0.994,34,30,35,30,1,0,5.0,1,5.0,1,4.73,-0.6,0.6,48.4,,,,,,batter
FA,2024-04-11,56.5,-0.96,6.74,"Taylor, Tyrone",621438,641645,home_run,hit_into_play,,,,,9.0,Tyrone Taylor hits a grand slam (1) to left field. Francisco Alvarez scores. Jeff McNeil scores. Harrison Bader scores.,R,R,R,ATL,NYM,X,,fly_ball,2,0,2024,0.1,1.22,0.4379326409797599,2.0897754068408885,682626.0,643446.0,664056.0,1,9,Top,38.03,71.8,,,,,2.005288808532828,-82.30601760796137,0.5144839227020999,0.2056246463083956,10.133830978699727,-26.86666973735947,3.35,1.64,381.0,99.4,28.0,55.7,1362.0,5.2,747137,644433,621566,645277,663586,606115,594807,671739,657088,55.27,0.428,0.8101379310344828,2.0,1.0,0.0,3.0,6.0,81,3,Other,4,12,12,4,16,4,16,4,Standard,Standard,194.0,0.0,0.873,69.3,8.2,,1.565,-0.873,99.4,-8,8,0.001,0.999,29,30,30,30,1,0,,2,66.0,1,5.86,-0.1,-0.1,63.0,26.58745856283192,-15.606645413930591,38.55181637903803,41.81196097348747,48.39157226766703,batter
FA,2024-04-11,61.2,-1.06,6.77,"Taylor, Tyrone",621438,641645,,blocked_ball,,,,,13.0,,R,R,R,ATL,NYM,B,,,1,0,2024,0.13,1.38,-1.020404466260826,0.8993869608168454,682626.0,643446.0,664056.0,1,9,Top,,,,,,,-0.1178347756041363,-89.18167072988759,-3.154697333867716,0.6909497558087289,11.968866796006216,-24.554281699088424,3.55931788277694,1.73102203934013,,,,60.2,1387.0,5.1,747137,644433,621566,645277,663586,606115,594807,671739,657088,55.35,,,,,,,,81,2,Other,4,12,12,4,12,4,12,4,Standard,Standard,193.0,0.0,0.062,,,,,-0.062,,-8,8,0.001,0.999,29,30,30,30,1,0,,2,66.0,1,4.66,-0.13,-0.13,66.6,,,,,,batter
FA,2024-04-11,61.0,-0.96,6.87,"Taylor, Tyrone",621438,641645,,ball,,,,,14.0,,R,R,R,ATL,NYM,B,,,0,0,2024,0.88,1.3,0.5713745833978869,0.9581458165747438,682626.0,643446.0,664056.0,1,9,Top,,,,,,,1.2806434850862745,-88.87074929245685,-2.9844796915043617,4.5098546458785655,12.628069467529109,-25.07537305156665,3.55931788277694,1.73102203934013,,,,59.7,1200.0,5.0,747137,644433,621566,645277,663586,606115,594807,671739,657088,55.53,,,,,,,,81,1,Other,4,12,12,4,12,4,12,4,Standard,Standard,190.0,0.0,0.039,,,,,-0.039,,-8,8,0.001,0.999,29,30,30,30,1,0,,2,66.0,1,4.81,-0.88,-0.88,68.5,,,,,,batter
SI,2024-04-09,94.4,2.84,5.33,"Taylor, Tyrone",621438,607481,grounded_into_double_play,hit_into_play,,,,,5.0,"Tyrone Taylor grounds into a double play, shortstop Orlando Arcia to second baseman Ozzie Albies to first baseman Matt Olson. Brett Baty out at 2nd. Tyrone Taylor out at 1st.",R,R,L,ATL,NYM,X,6.0,ground_ball,3,2,2024,1.38,-0.04,-0.0290776678931354,2.3436650358540936,,,683146.0,0,7,Top,108.54,146.37,,,,,-10.541488875214128,-137.07175928156866,-1.9621199617655871,19.777877643780094,30.852660579586598,-32.41299600251276,3.35,1.64,9.0,92.0,-13.0,94.3,2180.0,6.4,747138,518595,621566,645277,663586,606115,672284,671739,660670,54.12,0.171,0.161,0.0,1.0,0.0,0.0,2.0,55,7,Sinker,6,0,0,6,0,6,0,6,Standard,Standard,114.0,0.022,-0.457,66.8,6.8,,0.195,0.457,92.0,6,-6,0.97,0.03,30,30,31,30,1,0,1.0,1,3.0,2,2.61,1.38,-1.38,7.4,1.6763235309021305,16.224814538056958,38.732435648901394,37.63326440535268,19.453373364138372,batter
SI,2024-04-09,93.9,2.94,5.21,"Taylor, Tyrone",621438,607481,,foul,,,,,13.0,,R,R,L,ATL,NYM,S,,,3,2,2024,1.36,-0.15,-0.1306084614197906,1.4610083310274753,,,683146.0,0,7,Top,,,,,,,-10.90240481464681,-136.28484554485416,-3.594869988359015,19.32540311615372,30.486868889599023,-33.43109150969359,3.35,1.64,5.0,101.7,-17.0,93.4,2313.0,6.2,747138,518595,621566,645277,663586,606115,672284,671739,660670,54.31,,,,,,,,55,6,Sinker,6,0,0,6,0,6,0,6,Standard,Standard,113.0,0.0,0.0,73.7,7.8,,,0.0,101.7,6,-6,0.97,0.03,30,30,31,30,1,0,1.0,1,3.0,2,2.75,1.36,-1.36,6.7,7.182856378558124,-2.2866808631347504,46.2456389793231,36.16877229896711,28.593923519069524,batter
SI,2024-04-09,93.2,3.01,5.27,"Taylor, Tyrone",621438,607481,,foul,,,,,14.0,,R,R,L,ATL,NYM,S,,,3,1,2024,1.37,0.04,0.9617422023934,2.440789138802588,,,683146.0,0,7,Top,,,,,,,-8.277370521441512,-135.44173376363167,-1.5611378621485483,18.66646695292242,30.191117092382598,-31.5217015206858,3.35,1.64,304.0,90.6,42.0,93.1,2137.0,6.3,747138,518595,621566,645277,663586,606115,672284,671739,660670,54.16,,,,,,,,55,5,Sinker,6,0,0,6,0,6,0,6,Standard,Standard,113.0,0.005,-0.04,71.2,7.7,,,0.04,90.6,6,-6,0.965,0.035,30,30,31,30,1,0,1.0,1,3.0,2,2.59,1.37,-1.37,8.0,6.417447859940162,14.071730828510828,33.17382100772241,49.73525664959785,16.12146166418247,batter
SI,2024-04-09,92.7,3.04,5.22,"Taylor, Tyrone",621438,607481,,called_strike,,,,,12.0,,R,R,L,ATL,NYM,S,,,3,0,2024,1.38,-0.02,0.9426372921782896,2.7232396604930944,,,683146.0,0,7,Top,,,,,,,-8.356611204396978,-134.79674622921243,-0.5236832250190013,18.64243556995319,30.06914206950596,-32.47545935305615,3.25137261750136,1.52742004104682,,,,92.6,2169.0,6.3,747138,518595,621566,645277,663586,606115,672284,671739,660670,54.19,,,,,,,,55,4,Sinker,6,0,0,6,0,6,0,6,Standard,Standard,110.0,0.004,-0.078,,,,,0.078,,6,-6,0.961,0.039,30,30,31,30,1,0,1.0,1,3.0,2,2.68,1.38,-1.38,6.9,,,,,,batter
SI,2024-04-09,92.0,2.81,5.31,"Taylor, Tyrone",621438,607481,,ball,,,,,13.0,,R,R,L,ATL,NYM,B,,,2,0,2024,1.27,0.1,-0.901115862022204,1.862813952672238,,,683146.0,0,7,Top,,,,,,,-12.115587209049988,-133.5178698575228,-3.119962107602019,17.695087715810477,27.6741091984534,-30.498613200884375,3.35549759516256,1.66448257030097,,,,91.9,2192.0,6.3,747138,518595,621566,645277,663586,606115,672284,671739,660670,54.19,,,,,,,,55,3,Sinker,6,0,0,6,0,6,0,6,Standard,Standard,124.0,-0.006,0.113,,,,,-0.113,,6,-6,0.967,0.033,30,30,31,30,1,0,1.0,1,3.0,2,2.6,1.27,-1.27,10.3,,,,,,batter
SI,2024-04-09,92.1,2.98,5.22,"Taylor, Tyrone",621438,607481,,ball,,,,,12.0,,R,R,L,ATL,NYM,B,,,1,0,2024,1.14,-0.14,0.6134932474770645,3.525268344382273,,,683146.0,0,7,Top,,,,,,,-8.494185402805075,-133.93199267495766,1.8171628589908624,15.544424795453654,27.31680384705969,-34.51375300980179,3.35549759516256,1.60969683684313,,,,92.3,2071.0,6.3,747138,518595,621566,645277,663586,606115,672284,671739,660670,54.19,,,,,,,,55,2,Sinker,6,0,0,6,0,6,0,6,Standard,Standard,114.0,-0.004,0.068,,,,,-0.068,,6,-6,0.971,0.029,30,30,31,30,1,0,1.0,1,3.0,2,2.82,1.14,-1.14,6.6,,,,,,batter
FF,2024-04-09,94.8,-2.2,6.04,"Taylor, Tyrone",621438,641729,single,hit_into_play,,,,,12.0,Tyrone Taylor singles on a ground ball to left fielder Jarred Kelenic. Brett Baty to 2nd.,R,R,R,ATL,NYM,X,7.0,ground_ball,1,2,2024,-0.55,1.56,0.0348186502410517,3.593157717789272,,,683146.0,2,8,Top,83.69,102.13,,,,,7.207518050732667,-137.8899034949022,-4.297435194417821,-8.540891962363137,29.823399138062555,-11.470883725156863,3.35,1.64,70.0,89.5,2.0,96.7,2428.0,7.3,747138,518595,621566,645277,663586,606115,672284,671739,660670,53.17,0.425,0.404,0.9,1.0,1.0,0.0,2.0,67,6,4-Seam Fastball,6,3,3,6,3,6,3,6,Standard,Standard,213.0,-0.03,0.431,68.1,6.9,,0.491,-0.431,89.5,3,-3,0.96,0.04,29,30,29,30,1,1,2.0,1,5.0,2,0.97,0.55,0.55,37.4,12.097526946246845,0.6147312066182916,24.267340481612106,37.6156254986115,29.199316885011022,batter
SL,2024-04-09,85.5,-2.48,5.81,"Taylor, Tyrone",621438,641729,,foul,,,,,9.0,,R,R,R,ATL,NYM,S,,,1,2,2024,0.52,0.25,0.6436245074883066,2.071131419827256,,,683146.0,2,8,Top,,,,,,,6.438962925302213,-124.3687328099635,-3.065849923488692,4.031689794242992,25.79091041816469,-29.111854879333418,3.35,1.64,92.0,69.9,76.0,87.1,2232.0,7.4,747138,518595,621566,645277,663586,606115,672284,671739,660670,53.12,,,,,,,,67,5,Slider,6,3,3,6,3,6,3,6,Standard,Standard,118.0,0.0,0.0,61.7,8.6,,,0.0,88.0,3,-3,0.96,0.04,29,30,29,30,1,1,2.0,1,5.0,2,2.87,-0.52,-0.52,33.8,10.872591915282232,-32.9818066600987,32.93472746036957,44.79000966548419,47.2168673041193,batter
SI,2024-04-09,92.8,2.89,5.22,"Taylor, Tyrone",621438,607481,,blocked_ball,,,,,13.0,,R,R,L,ATL,NYM,B,,,0,0,2024,1.41,0.04,-0.2154767302913782,0.4926981861957085,,,683146.0,0,7,Top,,,,,,,-10.962164611607928,-134.56387424005348,-6.367217874163788,19.42075336096564,28.382962516726437,-30.420857242994025,3.35549759516256,1.66448257030097,,,,92.6,2178.0,6.3,747138,518595,621566,645277,663586,606115,672284,671739,660670,54.22,,,,,,,,55,1,Sinker,6,0,0,6,0,6,0,6,Standard,Standard,114.0,-0.002,0.041,,,,,-0.041,,6,-6,0.973,0.027,30,30,31,30,1,0,1.0,1,3.0,2,2.62,1.41,-1.41,7.8,,,,,,batter
FF,2024-04-09,94.8,-2.2,5.91,"Taylor, Tyrone",621438,641729,,foul,,,,,6.0,,R,R,R,ATL,NYM,S,,,1,2,2024,-0.84,1.6,0.2972385577976398,2.3800966161005865,,,683146.0,2,8,Top,,,,,,,8.564639976495345,-137.63287406317087,-7.235032608680398,-12.632482123834317,32.68078024910284,-10.33531393961499,3.35,1.64,204.0,70.2,46.0,96.3,2406.0,7.4,747138,518595,621566,645277,663586,606115,672284,671739,660670,53.07,,,,,,,,67,4,4-Seam Fastball,6,3,3,6,3,6,3,6,Standard,Standard,210.0,0.0,0.0,62.6,7.2,,,0.0,88.0,3,-3,0.96,0.04,29,30,29,30,1,1,2.0,1,5.0,2,0.96,0.84,0.84,33.8,-2.103671668592618,9.22461536797076,34.33033053507408,41.953247109709466,20.984375077927623,batter
SL,2024-04-09,86.0,-2.42,5.82,"Taylor, Tyrone",621438,641729,,ball,,,,,14.0,,R,R,R,ATL,NYM,B,,,0,2,2024,0.62,0.37,1.550444438235933,0.8500953439367622,,,683146.0,2,8,Top,,,,,,,8.305001724693604,-124.79845056048924,-6.310902519431305,4.6421488582041786,27.6603364290553,-27.136967477974515,3.38293592137072,1.6370891768243,,,,87.3,2310.0,7.5,747138,518595,621566,645277,663586,606115,672284,671739,660670,53.04,,,,,,,,67,3,Slider,6,3,3,6,3,6,3,6,Standard,Standard,132.0,-0.002,0.027,,,,,-0.027,,3,-3,0.962,0.038,29,30,29,30,1,1,2.0,1,5.0,2,2.76,-0.62,-0.62,32.0,,,,,,batter
SL,2024-04-09,84.9,-2.59,5.81,"Taylor, Tyrone",621438,641729,,swinging_strike,,,,,14.0,,R,R,R,ATL,NYM,S,,,0,1,2024,0.65,0.16,0.9130337611506888,0.941953289242381,,,683146.0,2,8,Top,,,,,,,7.0220026631991885,-123.34175766409476,-5.415321168655492,5.153439006948321,25.66613090657415,-29.635805058756716,3.35,1.64,,,,86.3,2276.0,7.4,747138,518595,621566,645277,663586,606115,672284,671739,660670,53.14,,,,,,,,67,2,Slider,6,3,3,6,3,6,3,6,Standard,Standard,132.0,0.004,-0.054,37.9,8.0,7.86906942,,0.054,,3,-3,0.958,0.042,29,30,29,30,1,1,2.0,1,5.0,2,3.03,-0.65,-0.65,33.1,18.030848348129755,-15.217209312943712,36.91600334812857,47.25674812626573,44.46227161953653,batter
SL,2024-04-09,85.5,-2.7,5.75,"Taylor, Tyrone",621438,641729,,called_strike,,,,,6.0,,R,R,R,ATL,NYM,S,,,0,0,2024,0.66,0.47,0.7205146550115257,2.271480666123201,,,683146.0,2,8,Top,,,,,,,6.844742173540052,-124.37855204754835,-2.836591159718939,5.333111275177169,27.1818707657355,-26.97997206087148,3.27318734761405,1.52752619196249,,,,86.8,2316.0,7.3,747138,518595,621566,645277,663586,606115,672284,671739,660670,53.19,,,,,,,,67,1,Slider,6,3,3,6,3,6,3,6,Standard,Standard,146.0,0.003,-0.047,,,,,0.047,,3,-3,0.955,0.045,29,30,29,30,1,1,2.0,1,5.0,2,2.68,-0.66,-0.66,30.4,,,,,,batter
CU,2024-04-08,84.7,-2.24,6.2,"Taylor, Tyrone",621438,572955,single,hit_into_play,,,,,7.0,Tyrone Taylor singles on a ground ball to third baseman Austin Riley. Jeff McNeil to 2nd.,R,R,R,ATL,NYM,X,5.0,ground_ball,0,0,2024,0.96,-0.4,-0.2788088492572635,1.925386262024228,,,643446.0,2,8,Top,103.09,166.37,,,,,2.654956055494692,-123.2550685584317,-2.759052728374553,9.088289439929731,27.004814475419952,-35.86099702316138,3.36,1.64,9.0,94.3,-11.0,83.6,3001.0,5.8,747142,518595,621566,645277,663586,606115,672284,671739,660670,54.71,0.222,0.202,0.9,1.0,1.0,0.0,2.0,68,1,Curveball,5,7,7,5,7,5,7,5,Standard,Standard,37.0,-0.011,0.357,74.6,8.0,,0.323,-0.357,94.3,-2,2,0.153,0.847,33,30,33,30,1,1,1.0,1,4.0,1,3.6,-0.96,-0.96,39.6,4.044393689480131,-7.140744123016612,37.56767948857415,34.34581857538871,28.88723833986225,batter
FC,2024-04-08,90.1,2.22,5.87,"Taylor, Tyrone",621438,621345,strikeout,swinging_strike,,,,,13.0,Tyrone Taylor strikes out swinging.,R,R,L,ATL,NYM,S,2.0,,1,2,2024,-0.65,0.15,-1.7593637318869637,1.4770468089488695,,,,0,7,Top,,,,,,,-8.503897191773003,-130.99356325825764,-5.246211242960454,-5.687102063279406,27.71675330286127,-29.53575722410204,3.36,1.64,,,,90.0,2449.0,6.3,747142,518595,621566,645277,663586,606115,672284,671739,660670,54.22,,0.0,0.0,1.0,0.0,0.0,,56,4,Cutter,5,4,4,5,4,5,4,5,Standard,Standard,220.0,0.031,-0.186,35.3,7.0,12.36129438,,0.186,,1,-1,0.705,0.295,30,30,31,30,1,0,2.0,1,4.0,1,2.67,-0.65,0.65,42.1,0.8029297682195022,0.9090934277964036,42.86141003094089,14.861668553193974,22.560245841960565,batter
CH,2024-04-08,87.0,2.62,5.72,"Taylor, Tyrone",621438,621345,,foul,,,,,5.0,,R,R,L,ATL,NYM,S,,,1,1,2024,1.32,0.62,0.0802289110064273,2.41863373146301,,,,0,7,Top,,,,,,,-8.790231953278905,-126.42331031616136,-3.018218059377458,15.947999101506186,24.66070919558238,-25.131529598901672,3.36,1.64,13.0,91.6,-10.0,87.0,1798.0,6.3,747142,518595,621566,645277,663586,606115,672284,671739,660670,54.22,,,,,,,,56,3,Changeup,5,4,4,5,4,5,4,5,Standard,Standard,120.0,0.011,-0.056,76.7,8.4,,,0.056,91.6,1,-1,0.694,0.306,30,30,31,30,1,0,2.0,1,4.0,1,2.39,1.32,-1.32,39.4,19.261108074257248,-20.381713586961776,35.83150678897675,38.526638664328,42.129850357984026,batter
FF,2024-04-08,95.5,2.2,5.91,"Taylor, Tyrone",621438,621345,,ball,,,,,11.0,,R,R,L,ATL,NYM,B,,,0,1,2024,0.3,1.17,-1.0394986372632726,3.726208116878227,,,,0,7,Top,,,,,,,-9.18130879133681,-138.88383355390286,-2.7783086416386817,5.835233558769108,30.07490635203452,-16.548638244081193,3.45944986926414,1.67300422432357,,,,95.5,2486.0,6.2,747142,518595,621566,645277,663586,606115,672284,671739,660670,54.26,,,,,,,,56,2,4-Seam Fastball,5,4,4,5,4,5,4,5,Standard,Standard,151.0,-0.005,0.025,,,,,-0.025,,1,-1,0.699,0.301,30,30,31,30,1,0,2.0,1,4.0,1,1.32,0.3,-0.3,43.5,,,,,,batter
FC,2024-04-08,91.1,2.3,5.98,"Taylor, Tyrone",621438,621345,,foul,,,,,5.0,,R,R,L,ATL,NYM,S,,,0,0,2024,-0.46,0.52,-0.213979436607115,2.561924952506855,,,,0,7,Top,,,,,,,-5.312852152478432,-132.64883554023845,-3.850326846002391,-4.480307254993427,25.860832012014463,-25.468727501556216,3.36,1.64,107.0,66.3,11.0,91.3,2442.0,6.2,747142,518595,621566,645277,663586,606115,672284,671739,660670,54.29,,,,,,,,56,1,Cutter,5,4,4,5,4,5,4,5,Standard,Standard,195.0,0.007,-0.037,62.9,6.5,,,0.037,88.0,1,-1,0.692,0.308,30,30,31,30,1,0,2.0,1,4.0,1,2.21,-0.46,0.46,43.9,-8.02351795613994,22.68903251634046,38.48771821341957,32.8049419579707,15.567117250956418,batter
FF,2024-04-07,94.2,1.78,5.82,"Taylor, Tyrone",621438,671096,strikeout,swinging_strike,,,,,2.0,Tyrone Taylor strikes out swinging.,R,R,L,CIN,NYM,S,2.0,,0,2,2024,0.59,1.55,-0.2216956397479587,3.2222642981951606,682626.0,683146.0,516782.0,1,3,Top,,,,,,,-6.55409755895287,-136.87945000826718,-4.462419958857989,8.980748727630235,32.67880971258433,-11.921027761316044,3.36,1.64,,,,94.3,2352.0,6.6,746734,571912,687952,669289,600869,682829,668715,669352,656413,53.91,,0.0,0.0,1.0,0.0,0.0,,23,3,4-Seam Fastball,0,2,2,0,2,0,2,0,Strategic,Standard,150.0,0.034,-0.16,67.2,5.8,0.38162376,,0.16,,-2,2,0.236,0.764,25,30,25,30,2,1,6.0,1,5.0,1,1.04,0.59,-0.59,44.5,-8.196424534436504,26.09838371084849,37.83538234198391,32.054783334400945,11.631020145515464,batter
FF,2024-04-07,93.7,1.77,5.88,"Taylor, Tyrone",621438,671096,,called_strike,,,,,9.0,,R,R,L,CIN,NYM,S,,,0,1,2024,0.84,1.54,0.2952010197012036,1.743372388473634,682626.0,683146.0,516782.0,1,3,Top,,,,,,,-5.6912766927368486,-135.94702431821682,-8.25605854078718,11.75624396056332,35.18320997476447,-11.365336973674433,3.51640032548129,1.63040548534003,,,,93.3,2294.0,6.6,746734,571912,687952,669289,600869,682829,668715,669352,656413,53.88,,,,,,,,23,2,4-Seam Fastball,0,2,2,0,2,0,2,0,Strategic,Standard,152.0,0.014,-0.072,,,,,0.072,,-2,2,0.222,0.778,25,30,25,30,2,1,6.0,1,5.0,1,1.11,0.84,-0.84,45.0,,,,,,batter
CH,2024-04-07,85.9,1.89,5.91,"Taylor, Tyrone",621438,671096,,foul,,,,,9.0,,R,R,L,CIN,NYM,S,,,0,0,2024,1.4,1.25,0.823503902924676,2.046991571105901,682626.0,683146.0,516782.0,1,3,Top,,,,,,,-5.454293131311878,-124.76357710335571,-5.377008306647608,15.763044285571352,28.204752074866395,-18.288638444995968,3.36,1.64,215.0,69.0,34.0,86.4,2197.0,7.0,746734,571912,687952,669289,600869,682829,668715,669352,656413,53.49,,,,,,,,23,1,Changeup,0,2,2,0,2,0,2,0,Strategic,Standard,137.0,0.009,-0.041,73.0,7.9,,,0.041,88.0,-2,2,0.213,0.787,25,30,25,30,2,1,6.0,1,5.0,1,1.89,1.4,-1.4,48.6,11.478997987076903,0.1578199523717487,38.70163281281171,45.99157454925921,32.67889489539447,batter
FF,2024-04-07,87.2,3.46,6.29,"Taylor, Tyrone",621438,608718,field_out,hit_into_play,,,,,2.0,Tyrone Taylor pops out to first baseman Christian Encarnacion-Strand in foul territory.,R,R,L,CIN,NYM,X,3.0,popup,0,0,2024,-0.46,1.51,-0.1888810844312698,3.3923180172062426,,,516782.0,1,8,Top,165.99,178.09,,,,,-7.93682715680841,-126.65499553875632,-3.905924941148637,-3.174362867353156,28.45935599168688,-15.319239532543822,3.36,1.64,107.0,64.6,67.0,88.2,2315.0,7.2,746734,571912,687952,669289,600869,682829,668715,669352,656413,53.27,0.003,0.003,0.0,1.0,0.0,0.0,3.0,64,1,4-Seam Fastball,1,3,3,1,3,1,3,1,Infield shade,Standard,185.0,0.016,-0.255,71.5,6.9,,0.003,0.255,88.0,-2,2,0.137,0.863,34,30,35,30,2,3,5.0,1,3.0,1,1.52,-0.46,0.46,55.2,11.507800058672885,6.163671143862164,31.52178507494869,34.01597273217479,27.11673144282866,batter
CU,2024-04-07,80.4,1.84,6.06,"Taylor, Tyrone",621438,671096,single,hit_into_play,,,,,5.0,Tyrone Taylor singles on a bunt ground ball to pitcher Andrew Abbott. Starling Marte to 2nd.,R,R,L,CIN,NYM,X,1.0,ground_ball,1,1,2024,-1.1,-0.67,-0.0711565088929732,2.3166762814148165,,,516782.0,0,2,Top,119.91,187.75,,,,,-2.150209367565336,-117.10188416603854,-0.3332232470020504,-9.754314636420638,22.245031630806583,-38.53171773293608,3.36,1.64,2.0,44.8,-55.0,80.6,2803.0,6.4,746734,571912,687952,669289,600869,682829,668715,669352,656413,54.12,0.308,0.282,0.9,1.0,1.0,0.0,1.0,11,3,Curveball,0,1,1,0,1,0,1,0,Infield shade,Standard,296.0,-0.051,-0.02,,,,0.312,0.02,88.0,-1,1,0.365,0.635,25,30,25,30,1,0,6.0,1,5.0,1,4.2,-1.1,1.1,47.0,,,,,,batter
CH,2024-04-07,84.3,1.99,5.95,"Taylor, Tyrone",621438,671096,,ball,,,,,12.0,,R,R,L,CIN,NYM,B,,,0,1,2024,1.15,0.84,1.1949415305494653,3.90087638853924,,,516782.0,0,2,Top,,,,,,,-4.13426765924013,-122.65922080178404,-0.0290805630168543,12.43313346751664,24.746306474753634,-23.965691658183868,3.2802202642828,1.60844519549378,,,,84.4,2004.0,6.4,746734,571912,687952,669289,600869,682829,668715,669352,656413,54.11,,,,,,,,11,2,Changeup,0,1,1,0,1,0,1,0,Infield shade,Standard,136.0,-0.003,0.034,,,,,-0.034,,-1,1,0.368,0.632,25,30,25,30,1,0,6.0,1,5.0,1,2.38,1.15,-1.15,41.4,,,,,,batter
CU,2024-04-07,80.8,1.89,6.07,"Taylor, Tyrone",621438,671096,,called_strike,,,,,3.0,,R,R,L,CIN,NYM,S,,,0,0,2024,-0.95,-0.35,0.2971349660384391,2.775867246737131,,,516782.0,0,2,Top,,,,,,,-1.7387781294294324,-117.79678569673747,-0.087706333188686,-8.587662184761493,20.76829933648515,-35.66973984639423,3.25095101927621,1.60801556073481,,,,81.4,2787.0,6.5,746734,571912,687952,669289,600869,682829,668715,669352,656413,54.05,,,,,,,,11,1,Curveball,0,1,1,0,1,0,1,0,Infield shade,Standard,300.0,0.005,-0.042,,,,,0.042,,-1,1,0.363,0.637,25,30,25,30,1,0,6.0,1,5.0,1,3.81,-0.95,0.95,47.0,,,,,,batter
CH,2024-04-07,78.1,3.31,6.37,"Taylor, Tyrone",621438,608718,double,hit_into_play,,,,,8.0,Tyrone Taylor doubles (2) on a line drive to left fielder Spencer Steer.,R,R,L,CIN,NYM,X,7.0,line_drive,1,1,2024,0.62,1.15,0.1258200729521138,1.8768019753082208,,,,0,6,Top,39.49,115.67,,,,,-8.095988653918207,-113.42062423567668,-4.95918805220572,6.848460904899863,20.46413612594857,-21.495075043066127,3.36,1.64,295.0,86.6,26.0,79.0,1650.0,7.0,746734,571912,687952,669289,600869,682829,668715,669352,656413,53.47,0.074,0.085,1.25,1.0,1.0,1.0,3.0,46,3,Changeup,1,3,3,1,3,1,3,1,Infield shade,Standard,152.0,-0.048,0.705,70.7,8.2,,0.138,-0.705,88.0,-2,2,0.222,0.778,34,30,35,30,1,2,5.0,1,3.0,1,2.6,0.62,-0.62,52.0,17.256360235374007,-14.607536531146284,39.07269142747405,38.9858073046542,42.83000053289704,batter
SI,2024-04-07,86.5,3.08,6.3,"Taylor, Tyrone",621438,608718,,called_strike,,,,,5.0,,R,R,L,CIN,NYM,S,,,1,0,2024,0.92,1.04,0.166246928331313,2.6144041661735207,,,,0,6,Top,,,,,,,-8.994301827575217,-125.62606454824105,-4.772917853470407,11.569346808342226,24.70065127625079,-20.32629129221366,3.22580426816091,1.66280911896642,,,,88.1,2151.0,7.3,746734,571912,687952,669289,600869,682829,668715,669352,656413,53.19,,,,,,,,46,2,Sinker,1,3,3,1,3,1,3,1,Infield shade,Standard,167.0,0.004,-0.049,,,,,0.049,,-2,2,0.218,0.782,34,30,35,30,1,2,5.0,1,3.0,1,2.01,0.92,-0.92,58.0,,,,,,batter
SI,2024-04-07,89.0,-2.61,5.93,"Taylor, Tyrone",621438,622088,,ball,,,,,13.0,,R,R,R,CIN,NYM,B,,,0,0,2024,-1.38,0.13,-2.04825820196423,1.116464568484059,,,,0,6,Top,,,,,,,4.27015029874328,-129.3921296952221,-6.006519361891863,-16.40322523335472,28.438390456465587,-29.630532294759792,3.31024631438196,1.66005718170525,,,,88.8,2208.0,6.4,746734,571912,687952,669289,600869,682829,668715,669352,656413,54.14,,,,,,,,46,1,Sinker,1,3,3,1,3,1,3,1,Infield shade,Standard,241.0,-0.003,0.038,,,,,-0.038,,-2,2,0.221,0.779,30,30,31,30,1,2,2.0,1,,1,2.77,1.38,1.38,30.3,,,,,,batter
SI,2024-04-06,90.6,-1.68,6.2,"Taylor, Tyrone",621438,607259,double,hit_into_play,,,,,8.0,Tyrone Taylor doubles (1) on a sharp line drive to left fielder Spencer Steer. Starling Marte scores.,R,R,R,CIN,NYM,X,7.0,line_drive,1,1,2024,-1.16,1.34,0.1954630747958248,2.147708848254509,,516782.0,,2,5,Top,71.99,56.65,,,,,7.117808994910955,-131.61557849428684,-6.969049666087158,-14.989519685320792,28.429629975008787,-15.319009020911796,3.37,1.64,375.0,107.3,20.0,90.0,2429.0,6.0,746731,663886,687952,663697,600869,682829,668715,666181,641584,54.47,0.658,1.136,1.25,1.0,1.0,1.0,6.0,41,3,Sinker,2,4,4,2,5,2,5,2,Standard,Standard,202.0,-0.09,0.929,73.9,8.2,,2.113,-0.929,107.3,-2,2,0.262,0.738,33,30,34,30,3,2,6.0,1,9.0,1,1.45,1.16,1.16,57.0,14.97484991845178,-4.385976709481707,36.23108315451258,40.047720569131954,32.221480693853664,batter
FF,2024-04-06,90.3,-1.65,6.2,"Taylor, Tyrone",621438,607259,,called_strike,,,,,7.0,,R,R,R,CIN,NYM,S,,,1,0,2024,-0.99,1.45,-0.3626817308157155,1.794674331373157,,516782.0,,2,5,Top,,,,,,,5.269699053385298,-131.32275073597518,-8.085032538427827,-12.53842373340278,26.56534518321257,-13.888716047333354,3.32373124444744,1.64752033060861,,,,90.0,2442.0,6.0,746731,663886,687952,663697,600869,682829,668715,666181,641584,54.49,,,,,,,,41,2,4-Seam Fastball,2,4,4,2,4,2,4,2,Standard,Standard,206.0,0.002,-0.043,,,,,0.043,,-2,2,0.26,0.74,33,30,34,30,3,2,6.0,1,9.0,1,1.34,0.99,0.99,60.4,,,,,,batter
CH,2024-04-06,77.0,-1.41,6.43,"Taylor, Tyrone",621438,607259,,ball,,,,,14.0,,R,R,R,CIN,NYM,B,,,0,0,2024,-1.24,0.81,0.7883515867070583,1.3727420406120203,,,516782.0,2,5,Top,,,,,,,6.850816713661661,-111.87205486374752,-5.18430521345003,-11.610195374986723,19.695077836071725,-24.64312133241351,3.24626879798445,1.51626686780739,,,,76.5,2070.0,5.9,746731,663886,687952,663697,600869,682829,668715,666181,641584,54.57,,,,,,,,41,1,Changeup,2,4,4,2,4,2,4,2,Standard,Standard,233.0,-0.01,0.034,,,,,-0.034,,-2,2,0.27,0.73,33,30,34,30,3,2,6.0,1,9.0,1,3.04,1.24,1.24,64.8,,,,,,batter
CH,2024-04-06,79.2,-1.41,6.44,"Taylor, Tyrone",621438,607259,strikeout,swinging_strike,,,,,6.0,Tyrone Taylor strikes out swinging.,R,R,R,CIN,NYM,S,2.0,,1,2,2024,-1.01,0.58,0.6838115792466941,2.207062052224891,,683146.0,516782.0,0,4,Top,,,,,,,6.430803639791196,-115.16612692858472,-3.4823260356879007,-10.256950523007466,22.653489021818924,-26.557590150343504,3.37,1.64,,,,78.6,2122.0,6.0,746731,663886,687952,663697,600869,682829,668715,666181,641584,54.48,,0.0,0.0,1.0,0.0,0.0,,29,4,Changeup,2,0,0,2,0,2,0,2,Infield shade,Standard,238.0,0.044,-0.197,67.0,8.7,2.67029478,,0.197,,2,-2,0.634,0.366,33,30,34,30,2,1,6.0,1,9.0,1,3.08,1.01,1.01,62.6,17.695632905040604,-34.12369145554971,30.783880689869665,46.01642466348783,51.46340007251695,batter
CH,2024-04-06,78.2,-1.45,6.45,"Taylor, Tyrone",621438,607259,,swinging_strike,,,,,14.0,,R,R,R,CIN,NYM,S,,,1,1,2024,-1.02,0.62,0.0240847306234515,0.7719690674806645,,683146.0,516782.0,0,4,Top,,,,,,,5.048285403549726,-113.69003314499044,-6.4452739155430505,-9.814282287380276,21.92709159441496,-25.739960382705338,3.37,1.64,,,,77.7,1964.0,6.1,746731,663886,687952,663697,600869,682829,668715,666181,641584,54.42,,,,,,,,29,3,Changeup,2,0,0,2,0,2,0,2,Standard,Standard,238.0,0.016,-0.069,19.7,7.1,2.095870788,,0.069,,2,-2,0.618,0.382,33,30,34,30,2,1,6.0,1,9.0,1,3.13,1.02,1.02,67.7,16.622679863053065,3.092516584503348,41.06806593253375,37.76729849325142,37.16647449166433,batter
FF,2024-04-06,92.1,-1.74,6.17,"Taylor, Tyrone",621438,607259,,ball,,,,,12.0,,R,R,R,CIN,NYM,B,,,0,1,2024,-0.4,1.55,1.410474470240139,3.3471988387310843,,683146.0,516782.0,0,4,Top,,,,,,,8.816446480881218,-133.7501602409224,-4.622211977346942,-6.815418390691813,31.476982768691872,-12.744142340706452,3.2979194741258,1.67374751934729,,,,91.2,2412.0,6.1,746731,663886,687952,663697,600869,682829,668715,666181,641584,54.43,,,,,,,,29,2,4-Seam Fastball,2,0,0,2,0,2,0,2,Standard,Standard,202.0,-0.006,0.034,,,,,-0.034,,2,-2,0.624,0.376,33,30,34,30,2,1,6.0,1,9.0,1,1.16,0.4,0.4,57.0,,,,,,batter
SI,2024-04-06,90.4,-1.66,6.23,"Taylor, Tyrone",621438,607259,,called_strike,,,,,1.0,,R,R,R,CIN,NYM,S,,,0,0,2024,-1.42,1.42,-0.280165476279824,3.251659642314832,,683146.0,516782.0,0,4,Top,,,,,,,6.417215094487331,-131.28731391807767,-4.389860963913587,-17.80371594482088,31.51819701683859,-15.02784249140927,3.24626879798445,1.69996681548422,,,,89.2,2292.0,5.9,746731,663886,687952,663697,600869,682829,668715,666181,641584,54.57,,,,,,,,29,1,Sinker,2,0,0,2,0,2,0,2,Standard,Standard,198.0,0.009,-0.044,,,,,0.044,,2,-2,0.615,0.385,33,30,34,30,2,1,6.0,1,9.0,1,1.41,1.42,1.42,57.7,,,,,,batter
SI,2024-04-06,91.2,-1.67,6.29,"Taylor, Tyrone",621438,607259,strikeout,called_strike,,,,,7.0,Tyrone Taylor called out on strikes.,R,R,R,CIN,NYM,S,2.0,,1,2,2024,-1.19,1.25,-0.60447582453552,1.911284216577289,,,516782.0,1,2,Top,,,,,,,5.17521655163984,-132.55639867100783,-7.765284562228207,-15.137449398510418,26.30903147167521,-16.022376862626697,3.25900481584682,1.60799251063567,,,,90.6,2401.0,5.8,746731,663886,687952,663697,600869,682829,668715,666181,641584,54.65,,0.0,0.0,1.0,0.0,0.0,,9,5,Sinker,0,0,0,0,0,0,0,0,Standard,Standard,201.0,0.022,-0.182,,,,,0.182,,0,0,0.506,0.494,33,30,34,30,1,0,6.0,1,9.0,1,1.48,1.19,1.19,62.3,,,,,,batter
SI,2024-04-06,91.9,-1.74,6.27,"Taylor, Tyrone",621438,607259,,foul,,,,,11.0,,R,R,R,CIN,NYM,S,,,1,2,2024,-1.18,1.32,-1.0335347995333128,3.962602419249064,,,516782.0,1,2,Top,,,,,,,4.317069593429074,-133.78996633428173,-2.8895168271455502,-15.135402541002197,27.69304623307155,-15.81417244166789,3.37,1.64,147.0,57.0,39.0,91.4,2345.0,5.9,746731,663886,687952,663697,600869,682829,668715,666181,641584,54.61,,,,,,,,9,4,Sinker,0,0,0,0,0,0,0,0,Standard,Standard,204.0,0.0,0.0,65.0,5.9,,,0.0,88.0,0,0,0.506,0.494,33,30,34,30,1,0,6.0,1,9.0,1,1.36,1.18,1.18,59.2,6.263981260811994,6.711731458333252,30.92283033988788,23.58468567103344,23.144191599236077,batter
CH,2024-04-06,78.3,-1.53,6.37,"Taylor, Tyrone",621438,607259,,blocked_ball,,,,,14.0,,R,R,R,CIN,NYM,B,,,0,2,2024,-1.31,0.52,0.6591166813954621,0.1065851488039797,,,516782.0,1,2,Top,,,,,,,7.108678291816458,-113.75963510871178,-7.648987418721891,-12.675506210697044,18.84993195040644,-26.482345493771184,3.25900481584682,1.58174586265664,,,,78.3,2046.0,6.1,746731,663886,687952,663697,600869,682829,668715,666181,641584,54.37,,,,,,,,9,3,Changeup,0,0,0,0,0,0,0,0,Standard,Standard,239.0,-0.003,0.022,,,,,-0.022,,0,0,0.509,0.491,33,30,34,30,1,0,6.0,1,9.0,1,3.18,1.31,1.31,62.4,,,,,,batter
FF,2024-04-06,91.9,-1.79,6.2,"Taylor, Tyrone",621438,607259,,foul,,,,,3.0,,R,R,R,CIN,NYM,S,,,0,1,2024,-0.18,1.49,0.8143164521436814,3.020351612065017,,,516782.0,1,2,Top,,,,,,,6.973055935257676,-133.5322770508065,-5.383279917389329,-3.7307185138977537,29.45495449492702,-13.360583807334708,3.37,1.64,,,,91.4,2380.0,6.2,746731,663886,687952,663697,600869,682829,668715,666181,641584,54.35,,,,,,,,9,2,4-Seam Fastball,0,0,0,0,0,0,0,0,Standard,Standard,202.0,0.007,-0.052,72.4,7.2,,,0.052,,0,0,0.502,0.498,33,30,34,30,1,0,6.0,1,9.0,1,1.22,0.18,0.18,57.2,5.031115912135683,9.36821916399896,31.27480547396318,45.81043722778764,23.213979943171257,batter
SI,2024-04-06,91.8,-1.78,6.24,"Taylor, Tyrone",621438,607259,,called_strike,,,,,4.0,,R,R,R,CIN,NYM,S,,,0,0,2024,-1.07,1.25,-0.4801976569848822,2.686023242613956,,,516782.0,1,2,Top,,,,,,,5.537417745706248,-133.5134894593269,-5.836900118389314,-13.970634202584646,27.15845908055656,-16.122813573984697,3.36822820679645,1.64717459843861,,,,91.2,2368.0,5.8,746731,663886,687952,663697,600869,682829,668715,666181,641584,54.68,,,,,,,,9,1,Sinker,0,0,0,0,0,0,0,0,Standard,Standard,203.0,0.005,-0.04,,,,,0.04,,0,0,0.497,0.503,33,30,34,30,1,0,6.0,1,9.0,1,1.44,1.07,1.07,58.6,,,,,,batter
FC,2024-04-06,84.3,-1.7,5.89,"Taylor, Tyrone",621438,641941,field_out,hit_into_play,,,,,8.0,"Tyrone Taylor grounds out, third baseman Jeimer Candelario to first baseman Christian Encarnacion-Strand.",R,R,R,CIN,NYM,X,5.0,ground_ball,1,1,2024,0.45,0.53,0.0700857686449255,1.6877292913292683,,,,0,8,Top,101.76,169.04,,,,,3.255466977293829,-122.76843225402166,-4.536401277470169,3.9588324338310503,22.188875572648563,-26.13628520493996,3.37,1.64,58.0,104.5,2.0,85.2,2472.0,6.6,746731,663886,687952,663697,600869,682829,668715,666181,641584,53.89,0.545,0.51,0.0,1.0,0.0,0.0,4.0,63,3,Cutter,4,5,5,4,5,4,5,4,Standard,Standard,153.0,0.022,-0.243,69.9,8.0,,0.609,0.243,104.5,-1,1,0.256,0.744,33,30,33,30,1,3,1.0,1,6.0,1,2.65,-0.45,-0.45,39.6,16.74262289661413,-5.726149929514523,38.50672882207407,37.642030703068215,37.23901469784769,batter
FC,2024-04-06,84.4,-1.53,5.84,"Taylor, Tyrone",621438,641941,,ball,,,,,14.0,,R,R,R,CIN,NYM,B,,,0,1,2024,0.44,0.55,1.4608121877219462,1.5522614252730231,,,,0,8,Top,,,,,,,6.15013010679704,-122.76397922909622,-4.760229826347195,3.3080600680078884,22.847785113931828,-25.92049878452865,3.27191853884774,1.59487016387394,,,,85.4,2439.0,6.8,746731,663886,687952,663697,600869,682829,668715,666181,641584,53.69,,,,,,,,63,2,Cutter,4,5,5,4,5,4,5,4,Standard,Standard,173.0,-0.002,0.025,,,,,-0.025,,-1,1,0.258,0.742,33,30,33,30,1,3,1.0,1,6.0,1,2.64,-0.44,-0.44,42.8,,,,,,batter
FF,2024-04-06,91.2,-1.55,5.97,"Taylor, Tyrone",621438,641941,,called_strike,,,,,5.0,,R,R,R,CIN,NYM,S,,,0,0,2024,-0.54,1.57,0.1817259667336124,2.6208430630149,,,,0,8,Top,,,,,,,5.537049892555536,-132.63048651682485,-5.891803114882745,-7.594724407661249,30.145245746654883,-12.640813787685092,3.29773920998729,1.48982129106601,,,,91.4,2460.0,6.6,746731,663886,687952,663697,600869,682829,668715,666181,641584,53.93,,,,,,,,63,1,4-Seam Fastball,4,5,5,4,5,4,5,4,Standard,Standard,204.0,0.003,-0.037,,,,,0.037,,-1,1,0.255,0.745,33,30,33,30,1,3,1.0,1,6.0,1,1.19,0.54,0.54,41.6,,,,,,batter
SL,2024-04-05,84.8,-2.52,5.94,"Taylor, Tyrone",621438,668881,force_out,hit_into_play,,,,,8.0,"Tyrone Taylor grounds into a force out, third baseman Santiago Espinal to second baseman Jonathan India. Brett Baty out at 2nd.",R,R,R,CIN,NYM,X,5.0,ground_ball,0,0,2024,0.75,0.13,0.2476441403921208,1.674992816365572,,,683146.0,2,6,Top,101.15,166.62,,,,,4.922197476983846,-123.33077216238682,-3.829069384704794,6.598061941724583,25.996507884609123,-30.240434374169745,3.29,1.59,76.0,95.0,4.0,84.0,2404.0,5.9,746733,571912,687952,663697,669289,682829,668715,656413,666181,54.56,0.537,0.515,0.0,1.0,0.0,0.0,4.0,46,1,Slider,1,1,1,1,1,1,1,1,Standard,Standard,108.0,0.036,-0.271,72.6,7.9,,0.618,0.271,95.0,0,0,0.54,0.46,24,30,25,30,3,2,6.0,1,5.0,1,3.06,-0.75,-0.75,29.1,15.488546516203284,-9.454186755075886,37.06915647457357,38.75583571699721,42.36987044196131,batter
SL,2024-04-05,86.0,-2.29,5.87,"Taylor, Tyrone",621438,668881,walk,ball,,,,,11.0,Tyrone Taylor walks.,R,R,R,CIN,NYM,B,,,3,1,2024,0.71,0.32,-0.6478614308482556,3.489360360135071,,,,0,5,Top,,,,,,,2.444641364380632,-125.15839938022538,-0.026218767960367,6.892227666377431,26.78805012212468,-28.995167839305797,3.28859466754713,1.55463764543582,,,,85.4,2310.0,6.1,746733,571912,687952,663697,669289,682829,668715,656413,666181,54.44,,0.689131,0.7,1.0,0.0,0.0,,32,5,Slider,1,0,0,1,0,1,0,1,Standard,Standard,117.0,-0.032,0.287,,,,,-0.287,,1,-1,0.617,0.383,24,30,25,30,2,1,6.0,1,5.0,1,2.77,-0.71,-0.71,28.6,,,,,,batter
SL,2024-04-05,87.4,-2.21,5.83,"Taylor, Tyrone",621438,668881,,ball,,,,,14.0,,R,R,R,CIN,NYM,B,,,2,1,2024,0.38,0.58,0.6472769394676565,1.0071052284758697,,,,0,5,Top,,,,,,,6.142225876671023,-127.06086132222866,-6.673877969173019,2.789523897466767,26.49819276752677,-24.743451694695217,3.28859466754713,1.55463764543582,,,,87.8,2284.0,6.6,746733,571912,687952,663697,669289,682829,668715,656413,666181,53.86,,,,,,,,32,4,Slider,1,0,0,1,0,1,0,1,Standard,Standard,136.0,-0.016,0.122,,,,,-0.122,,1,-1,0.633,0.367,24,30,25,30,2,1,6.0,1,5.0,1,2.42,-0.38,-0.38,28.7,,,,,,batter
FS,2024-04-05,86.7,-1.98,6.02,"Taylor, Tyrone",621438,668881,,ball,,,,,14.0,,R,R,R,CIN,NYM,B,,,1,1,2024,-0.68,0.26,1.222123354728679,1.705943322736795,,,,0,5,Top,,,,,,,9.096401988750378,-125.91260272754394,-4.612324292569643,-9.14477712018962,26.97063734381446,-28.62255617054605,3.28859466754713,1.60713968391755,,,,87.0,1179.0,6.7,746733,571912,687952,663697,669289,682829,668715,656413,666181,53.8,,,,,,,,32,3,Split-Finger,1,0,0,1,0,1,0,1,Standard,Standard,218.0,-0.007,0.053,,,,,-0.053,,1,-1,0.64,0.36,24,30,25,30,2,1,6.0,1,5.0,1,2.8,0.68,0.68,35.8,,,,,,batter
SL,2024-04-05,86.7,-2.13,6.03,"Taylor, Tyrone",621438,668881,,ball,,,,,14.0,,R,R,R,CIN,NYM,B,,,0,1,2024,0.69,0.25,1.0213396516326634,1.346305690976596,,,,0,5,Top,,,,,,,6.06424022973117,-126.11011928335832,-5.456146256477407,6.13590943134072,26.26003787373611,-28.580222475489848,3.28859466754713,1.55463764543582,,,,86.0,2285.0,5.9,746733,571912,687952,663697,669289,682829,668715,656413,666181,54.62,,,,,,,,32,2,Slider,1,0,0,1,0,1,0,1,Standard,Standard,115.0,-0.003,0.025,,,,,-0.025,,1,-1,0.643,0.357,24,30,25,30,2,1,6.0,1,5.0,1,2.79,-0.69,-0.69,29.8,,,,,,batter
SL,2024-04-05,86.5,-2.03,6.11,"Taylor, Tyrone",621438,668881,,called_strike,,,,,6.0,,R,R,R,CIN,NYM,S,,,0,0,2024,0.71,0.12,0.4604515558164859,2.321855215984228,,,,0,5,Top,,,,,,,4.500579653444123,-125.92406789139848,-3.056818560891545,6.586257971977769,25.995628077570174,-30.5328030801248,3.15478315913161,1.47582630246762,,,,86.7,2179.0,6.5,746733,571912,687952,663697,669289,682829,668715,656413,666181,54.05,,,,,,,,32,1,Slider,1,0,0,1,0,1,0,1,Standard,Standard,125.0,0.005,-0.037,,,,,0.037,,1,-1,0.638,0.362,24,30,25,30,2,1,6.0,1,5.0,1,2.93,-0.71,-0.71,37.3,,,,,,batter
FF,2024-04-05,97.6,-2.27,6.16,"Taylor, Tyrone",621438,668881,field_out,hit_into_play,,,,,4.0,"Tyrone Taylor grounds out, first baseman Christian Encarnacion-Strand to pitcher Hunter Greene.",R,R,R,CIN,NYM,X,3.0,ground_ball,0,1,2024,-1.07,1.35,-0.4596199532781833,2.1890420273864875,,,,0,2,Top,145.08,158.45,,,,,7.286824526444267,-141.73536434080626,-8.18301269592358,-16.171789789683285,35.00302130440868,-12.295008800852909,3.29,1.59,2.0,101.5,-46.0,96.7,2354.0,6.1,746733,571912,687952,663697,669289,682829,668715,656413,666181,54.44,0.1,0.091,0.0,1.0,0.0,0.0,2.0,11,2,4-Seam Fastball,1,0,0,1,0,1,0,1,Standard,Standard,224.0,0.02,-0.217,,,,0.104,0.217,101.5,1,-1,0.607,0.393,24,30,25,30,1,0,6.0,1,5.0,1,1.07,1.07,1.07,31.7,,,,,,batter
SL,2024-04-05,87.4,-2.32,6.03,"Taylor, Tyrone",621438,668881,,called_strike,,,,,6.0,,R,R,R,CIN,NYM,S,,,0,0,2024,0.48,0.29,0.4688372299669101,2.37139864317506,,,,0,2,Top,,,,,,,5.750035223372032,-127.14509409666248,-3.2435480996283896,3.9215757347227296,27.280174057415486,-28.522869011888883,3.28859466754713,1.55463764543582,,,,87.5,2233.0,6.5,746733,571912,687952,663697,669289,682829,668715,656413,666181,54.04,,,,,,,,11,1,Slider,1,0,0,1,0,1,0,1,Standard,Standard,110.0,0.004,-0.037,,,,,0.037,,1,-1,0.603,0.397,24,30,25,30,1,0,6.0,1,5.0,1,2.7,-0.48,-0.48,32.2,,,,,,batter
FS,2024-04-05,85.2,-1.67,5.75,"Taylor, Tyrone",621438,641941,field_out,hit_into_play,,,,,7.0,Tyrone Taylor pops out to first baseman Christian Encarnacion-Strand in foul territory.,R,R,R,CIN,NYM,X,3.0,popup,3,2,2024,-1.28,0.53,-0.3889214525596833,1.757311924830392,,,,1,8,Top,156.28,198.57,,,,,5.655049704636601,-123.9574074592744,-4.153133341116452,-14.355101198935715,25.66501777678897,-26.018675979289444,3.29,1.59,74.0,80.4,79.0,86.0,1333.0,6.9,746733,571912,687952,663697,669289,682829,668715,666181,641584,53.6,0.005,0.005,0.0,1.0,0.0,0.0,3.0,66,7,Split-Finger,1,2,2,1,2,1,2,1,Standard,Standard,233.0,0.022,-0.332,71.6,8.2,,0.005,0.332,88.0,-1,1,0.274,0.726,33,30,33,30,1,3,4.0,1,1.0,1,2.62,1.28,1.28,38.6,16.21807189995566,-21.082410659577796,42.726912119104966,31.47839920145953,45.36699262130074,batter
FF,2024-04-05,94.5,-1.63,5.78,"Taylor, Tyrone",621438,641941,,foul,,,,,6.0,,R,R,R,CIN,NYM,S,,,3,2,2024,-0.65,1.64,0.3151126588431132,2.546640555751927,,,,1,8,Top,,,,,,,6.5493436523373125,-137.2493427780914,-6.370032225694925,-9.742254135823096,33.21746382627063,-10.205899878059125,3.29,1.59,192.0,70.3,49.0,94.7,2494.0,6.7,746733,571912,687952,663697,669289,682829,668715,666181,641584,53.79,,,,,,,,66,6,4-Seam Fastball,1,2,2,1,2,1,2,1,Standard,Standard,206.0,0.0,0.0,69.0,7.6,,,0.0,88.0,-1,1,0.274,0.726,33,30,33,30,1,3,4.0,1,1.0,1,0.94,0.65,0.65,41.9,7.207983685896262,0.1532561779699366,33.556461039089655,39.88740362915253,31.05232975324244,batter
FC,2024-04-05,86.5,-1.8,5.83,"Taylor, Tyrone",621438,641941,,called_strike,,,,,2.0,,R,R,R,CIN,NYM,S,,,3,1,2024,-0.01,0.48,0.075444571845659,3.1945859753618264,,,,1,8,Top,,,,,,,4.538481034040766,-125.95332744189372,-1.0529996271594535,-1.051022183388317,25.876110759839158,-27.06339114455885,3.28895278818952,1.63372190243845,,,,87.1,2447.0,6.7,746733,571912,687952,663697,669289,682829,668715,666181,641584,53.81,,,,,,,,66,5,Cutter,1,2,2,1,2,1,2,1,Standard,Standard,185.0,0.006,-0.092,,,,,0.092,,-1,1,0.268,0.732,33,30,33,30,1,3,4.0,1,1.0,1,2.56,0.01,0.01,43.2,,,,,,batter
FF,2024-04-05,94.5,-1.52,5.85,"Taylor, Tyrone",621438,641941,,ball,,,,,14.0,,R,R,R,CIN,NYM,B,,,2,1,2024,-0.59,1.36,0.9780857186210564,2.4038800414400083,,,,1,8,Top,,,,,,,7.87931191533458,-137.27325273665133,-6.3302816882519695,-9.250708404110856,32.66876478308665,-13.697123596507582,3.28895278818952,1.58123485774924,,,,94.8,2548.0,6.7,746733,571912,687952,663697,669289,682829,668715,666181,641584,53.76,,,,,,,,66,4,4-Seam Fastball,1,2,2,1,2,1,2,1,Standard,Standard,207.0,-0.008,0.122,,,,,-0.122,,-1,1,0.276,0.724,33,30,33,30,1,3,4.0,1,1.0,1,1.21,0.59,0.59,43.0,,,,,,batter
FF,2024-04-05,93.5,-1.77,5.84,"Taylor, Tyrone",621438,641941,,swinging_strike,,,,,1.0,,R,R,R,CIN,NYM,S,,,2,0,2024,-0.74,1.6,-0.7699458704373139,3.3245164414407515,,,,1,8,Top,,,,,,,4.248622935899269,-136.03002333468652,-4.272764326501091,-10.166165168958546,31.487121046813797,-11.61492005353982,3.29,1.59,,,,94.2,2491.0,6.8,746733,571912,687952,663697,669289,682829,668715,666181,641584,53.69,,,,,,,,66,3,4-Seam Fastball,1,2,2,1,2,1,2,1,Standard,Standard,206.0,0.005,-0.065,73.1,6.7,0.810250608,,0.065,,-1,1,0.271,0.729,33,30,33,30,1,3,4.0,1,1.0,1,1.02,0.74,0.74,38.7,8.60797908980666,2.2407805083684926,32.22607636780804,27.40595164574231,27.59953059094893,batter
FS,2024-04-05,85.2,-1.6,5.78,"Taylor, Tyrone",621438,641941,,ball,,,,,14.0,,R,R,R,CIN,NYM,B,,,1,0,2024,-1.29,0.78,1.4502927979857552,0.2442440545754773,,,,1,8,Top,,,,,,,9.828220835646368,-123.41758442775011,-8.276126114148322,-15.180049945956249,24.730680599353093,-22.600609273733586,3.36178326386964,1.63372190243845,,,,85.7,1461.0,6.9,746733,571912,687952,663697,669289,682829,668715,666181,641584,53.61,,,,,,,,66,2,Split-Finger,1,2,2,1,2,1,2,1,Standard,Standard,230.0,-0.005,0.072,,,,,-0.072,,-1,1,0.276,0.724,33,30,33,30,1,3,4.0,1,1.0,1,2.39,1.29,1.29,42.8,,,,,,batter
FC,2024-04-05,87.1,-1.63,5.83,"Taylor, Tyrone",621438,641941,,ball,,,,,14.0,,R,R,R,CIN,NYM,B,,,0,0,2024,0.17,0.47,1.5119658707684716,2.2845233053312546,,,,1,8,Top,,,,,,,7.252705537508327,-126.64887753134924,-3.302601218410389,0.3177012425215305,26.404333212705023,-26.680235665122986,3.36178326386964,1.659953655004,,,,87.7,2514.0,6.8,746733,571912,687952,663697,669289,682829,668715,666181,641584,53.72,,,,,,,,66,1,Cutter,1,2,2,1,2,1,2,1,Standard,Standard,174.0,-0.002,0.039,,,,,-0.039,,-1,1,0.278,0.722,33,30,33,30,1,3,4.0,1,1.0,1,2.55,-0.17,-0.17,39.4,,,,,,batter
FF,2024-04-04,93.2,-2.16,5.54,"Taylor, Tyrone",621438,666159,field_out,hit_into_play,,,,,6.0,Tyrone Taylor flies out to right fielder Kerry Carpenter.,R,R,R,NYM,DET,X,9.0,fly_ball,1,1,2024,-0.23,1.73,0.3087901369078494,2.105174858789331,,,,2,4,Bot,202.17,83.59,,,,,6.945329428836005,-135.30708748733406,-6.871359803194507,-4.509463247504496,33.23350239776017,-9.62704240982348,3.23,1.56,341.0,98.9,40.0,93.8,2245.0,7.1,745843,668670,679529,690993,628451,595879,592192,678009,681481,53.43,0.214,0.426,0.0,1.0,0.0,0.0,3.0,32,3,4-Seam Fastball,0,1,0,1,1,0,0,1,Standard,Standard,196.0,-0.013,-0.244,74.7,7.8,,0.843,0.244,98.9,-1,-1,0.375,0.375,26,30,26,30,2,1,,0,9.0,1,0.93,0.23,0.23,52.8,8.748548800444851,-2.226114157545171,37.99583078236186,39.60287726551418,32.84074417721435,batter
FF,2024-04-04,94.9,-1.56,5.81,"Taylor, Tyrone",621438,663554,single,hit_into_play,,,,,12.0,Tyrone Taylor singles on a line drive to left fielder Riley Greene.,R,R,R,NYM,DET,X,7.0,line_drive,0,2,2024,-0.85,1.69,0.9911709829657,3.676705474401669,,,,1,4,Bot,89.92,93.26,,,,,8.66393451171772,-137.60596625292175,-3.554081881899604,-13.041071243881444,39.79991433664394,-10.37501149864723,3.23,1.56,212.0,99.2,12.0,94.6,2235.0,7.0,745844,608348,679529,690993,570482,656716,682985,678009,663837,53.47,0.937,0.906,0.9,1.0,1.0,0.0,4.0,32,4,4-Seam Fastball,2,0,2,0,0,2,2,0,Standard,Standard,209.0,0.021,0.515,68.1,7.0,,1.137,-0.515,99.2,2,2,0.766,0.766,27,30,27,30,2,1,,4,5.0,0,0.92,0.85,0.85,47.4,15.921851354838006,2.407214793773664,21.84249446044526,45.93075890348024,31.058134990409314,batter
SL,2024-04-04,86.7,-2.28,5.51,"Taylor, Tyrone",621438,666159,,ball,,,,,14.0,,R,R,R,NYM,DET,B,,,0,1,2024,0.34,0.24,1.1032486315031362,1.1493851345902266,,,,2,4,Bot,,,,,,,7.487855295509538,-126.03980256860724,-4.736247310353177,2.0853036502849505,26.494714117310707,-28.843310191228788,3.47211188341539,1.66229126367595,,,,87.7,2280.0,7.0,745843,668670,679529,690993,628451,595879,592192,678009,681481,53.46,,,,,,,,32,2,Slider,0,1,0,1,1,0,0,1,Standard,Standard,144.0,0.001,0.029,,,,,-0.029,,-1,-1,0.374,0.374,26,30,26,30,2,1,,0,9.0,1,2.81,-0.34,-0.34,43.7,,,,,,batter
SL,2024-04-04,85.3,-2.16,5.58,"Taylor, Tyrone",621438,663554,,foul,,,,,14.0,,R,R,R,NYM,DET,S,,,0,2,2024,0.19,-0.13,0.951857542705085,1.6259892564547034,,,,1,4,Bot,,,,,,,7.022480645416771,-123.8508245493066,-2.5962827572321423,0.1971291645452038,29.737503473480896,-33.090125165023785,3.23,1.56,2.0,39.7,-46.0,85.5,2210.0,7.0,745844,608348,679529,690993,570482,656716,682985,678009,663837,53.47,,,,,,,,32,3,Slider,2,0,2,0,0,2,2,0,Standard,Standard,84.0,0.0,0.0,63.2,7.3,,,0.0,88.0,2,2,0.766,0.766,27,30,27,30,2,1,,4,5.0,0,3.33,-0.19,-0.19,43.5,3.3564986378431207,9.679354878244425,33.68396802724568,46.82174014950101,25.91607815054666,batter
ST,2024-04-04,81.9,-2.6,5.53,"Taylor, Tyrone",621438,666159,,called_strike,,,,,8.0,,R,R,R,NYM,DET,S,,,0,0,2024,0.89,1.1,0.1128361759738817,2.2365531201273017,,,,2,4,Bot,,,,,,,4.413524070051076,-119.20874897126286,-2.9688705723804305,7.577270841876746,24.42463781062661,-21.36357196874389,3.48443892675822,1.67469548855313,,,,82.2,2225.0,6.6,745843,668670,679529,690993,628451,595879,592192,678009,681481,53.89,,,,,,,,32,1,Sweeper,0,1,0,1,1,0,0,1,Standard,Standard,114.0,-0.002,-0.041,,,,,0.041,,-1,-1,0.376,0.376,26,30,26,30,2,1,,0,9.0,1,2.32,-0.89,-0.89,41.4,,,,,,batter
FS,2024-04-04,85.2,-1.98,5.73,"Taylor, Tyrone",621438,663554,,foul,,,,,4.0,,R,R,R,NYM,DET,S,,,0,1,2024,-1.29,0.33,-0.2764623400880697,2.6883087460448483,,,,1,4,Bot,,,,,,,6.668899786628528,-123.8938052823007,-1.434651139951418,-14.618039010680535,27.464402574309933,-28.684165084700343,3.23,1.56,161.0,99.2,10.0,85.8,1238.0,6.9,745844,608348,679529,690993,570482,656716,682985,678009,663837,53.56,,,,,,,,32,2,Split-Finger,2,0,2,0,0,2,2,0,Standard,Standard,234.0,-0.002,-0.057,75.4,8.0,,,0.057,99.2,2,2,0.768,0.768,27,30,27,30,2,1,,4,5.0,0,2.84,1.29,1.29,44.4,17.44602487984169,-25.86377105777764,31.354961605006924,31.99882407685864,47.95652066340253,batter
FF,2024-04-04,94.2,-1.9,5.83,"Taylor, Tyrone",621438,663554,,foul,,,,,3.0,,R,R,R,NYM,DET,S,,,0,0,2024,-0.66,1.47,0.5570221544591177,3.1515164973422007,,,,1,4,Bot,,,,,,,7.951896394813197,-136.84776515078326,-4.502642660021468,-10.1755487933372,34.73998378916253,-12.947018467196608,3.23,1.56,240.0,77.0,32.0,94.9,2107.0,7.1,745844,608348,679529,690993,570482,656716,682985,678009,663837,53.35,,,,,,,,32,1,4-Seam Fastball,2,0,2,0,0,2,2,0,Standard,Standard,214.0,-0.002,-0.037,54.5,6.6,,,0.037,88.0,2,2,0.77,0.77,27,30,27,30,2,1,,4,5.0,0,1.14,0.66,0.66,44.6,5.141143267150806,13.485006719033374,25.62571340657568,42.16654501782578,22.2513027048348,batter
ST,2024-04-04,83.9,-2.46,5.59,"Taylor, Tyrone",621438,666159,walk,ball,,,,,11.0,Tyrone Taylor walks.,R,R,R,NYM,DET,B,,,3,1,2024,0.52,0.87,-0.4555048048806896,4.62727470707261,,,,1,2,Bot,,,,,,,3.631026167565671,-122.06427009648522,2.5396496048023534,4.425782500001278,26.0219977926377,-24.319895503031447,3.46233614709558,1.76853040752274,,,,84.4,2263.0,6.8,745843,668670,679529,690993,628451,595879,592192,678009,681481,53.71,,0.689131,0.7,1.0,0.0,0.0,,17,5,Sweeper,0,1,0,1,1,0,0,1,Standard,Standard,102.0,0.017,0.256,,,,,-0.256,,-1,-1,0.429,0.429,26,30,26,30,1,0,,0,9.0,1,2.39,-0.52,-0.52,46.2,,,,,,batter
FF,2024-04-04,92.6,-1.92,5.54,"Taylor, Tyrone",621438,666159,,ball,,,,,14.0,,R,R,R,NYM,DET,B,,,2,1,2024,-0.09,1.69,0.4988482239744033,0.5666395041476477,,,,1,2,Bot,,,,,,,6.449250853927996,-134.27083759222515,-10.59334803021549,-2.694428858079599,32.72314157882876,-9.550719717257037,3.38137611445685,1.68757848116105,,,,93.2,2240.0,7.1,745843,668670,679529,690993,628451,595879,592192,678009,681481,53.39,,,,,,,,17,4,4-Seam Fastball,0,1,0,1,1,0,0,1,Standard,Standard,195.0,0.008,0.122,,,,,-0.122,,-1,-1,0.421,0.421,26,30,26,30,1,0,,0,9.0,1,1.02,0.09,0.09,54.8,,,,,,batter
FF,2024-04-04,92.8,-1.95,5.59,"Taylor, Tyrone",621438,666159,,ball,,,,,12.0,,R,R,R,NYM,DET,B,,,1,1,2024,-0.24,1.68,0.9416489915829138,3.2870106779635835,,,,1,2,Bot,,,,,,,8.041638702622032,-134.83615922167894,-3.731120153398256,-4.864669564497392,33.66475186995942,-11.238696903830736,3.43462644865791,1.70760918511463,,,,93.6,2203.0,7.2,745843,668670,679529,690993,628451,595879,592192,678009,681481,53.32,,,,,,,,17,3,4-Seam Fastball,0,1,0,1,1,0,0,1,Standard,Standard,194.0,0.004,0.059,,,,,-0.059,,-1,-1,0.417,0.417,26,30,26,30,1,0,,0,9.0,1,1.01,0.24,0.24,49.4,,,,,,batter
FS,2024-04-04,86.9,-1.83,5.72,"Taylor, Tyrone",621438,663554,strikeout,swinging_strike,,,,,13.0,Tyrone Taylor strikes out swinging.,R,R,R,NYM,DET,S,2.0,,2,2,2024,-1.24,0.14,-1.0563334953684325,1.5565887386980548,,,,2,2,Bot,,,,,,,4.446606055715736,-126.2412679548576,-3.950710721498897,-14.092556716260242,31.65101563123398,-29.95108162738194,3.23,1.56,,,,87.0,1058.0,7.0,745844,608348,679529,690993,570482,656716,682985,678009,663837,53.53,,0.0,0.0,1.0,0.0,0.0,,14,7,Split-Finger,0,0,0,0,0,0,0,0,Standard,Standard,233.0,-0.009,-0.219,73.4,8.9,3.18379614,,0.219,,0,0,0.509,0.509,27,30,27,30,1,0,,4,5.0,0,2.95,1.24,1.24,44.1,31.29361708356184,-55.01811032307619,38.41427140549447,22.42411031472089,60.51593448397325,batter
ST,2024-04-04,83.0,-2.35,5.63,"Taylor, Tyrone",621438,666159,,ball,,,,,14.0,,R,R,R,NYM,DET,B,,,0,1,2024,0.79,0.81,1.048296567148112,2.2017703452814232,,,,1,2,Bot,,,,,,,6.29967357223858,-120.66661150310586,-2.91510155987627,6.305394958613038,25.76871380660749,-23.902545520851397,3.42886563301587,1.70178799705948,,,,83.5,2460.0,6.9,745843,668670,679529,690993,628451,595879,592192,678009,681481,53.6,,,,,,,,17,2,Sweeper,0,1,0,1,1,0,0,1,Standard,Standard,89.0,0.002,0.024,,,,,-0.024,,-1,-1,0.415,0.415,26,30,26,30,1,0,,0,9.0,1,2.53,-0.79,-0.79,48.2,,,,,,batter
SL,2024-04-04,85.7,-2.18,5.5,"Taylor, Tyrone",621438,663554,,foul,,,,,6.0,,R,R,R,NYM,DET,S,,,2,2,2024,0.18,-0.36,0.2924196863014848,2.4461334542983275,,,,2,2,Bot,,,,,,,5.54328715375575,-124.59149812860588,-0.0833957088292138,0.5300134689727776,30.041976853245597,-36.07017915580308,3.23,1.56,12.0,98.8,-12.0,85.9,2278.0,6.9,745844,608348,679529,690993,570482,656716,682985,678009,663837,53.59,,,,,,,,14,6,Slider,0,0,0,0,0,0,0,0,Standard,Standard,71.0,0.0,0.0,70.1,7.9,,,0.0,98.8,0,0,0.509,0.509,27,30,27,30,1,0,,4,5.0,0,3.52,-0.18,-0.18,39.8,13.48008735659575,-23.670802350503912,26.42956851457927,37.66441313273272,46.36380926114557,batter
ST,2024-04-04,83.5,-2.43,5.62,"Taylor, Tyrone",621438,666159,,called_strike,,,,,1.0,,R,R,R,NYM,DET,S,,,0,0,2024,0.56,0.73,-0.6541597122072068,2.9772237572455835,,,,1,2,Bot,,,,,,,3.014772154208753,-121.62574120288237,-1.058845182309279,4.870218941787504,25.57197601602741,-24.926881829169822,3.35077847800824,1.6148408690106,,,,84.1,2344.0,6.8,745843,668670,679529,690993,628451,595879,592192,678009,681481,53.72,,,,,,,,17,1,Sweeper,0,1,0,1,1,0,0,1,Standard,Standard,98.0,-0.003,-0.037,,,,,0.037,,-1,-1,0.418,0.418,26,30,26,30,1,0,,0,9.0,1,2.55,-0.56,-0.56,49.2,,,,,,batter
FF,2024-04-04,96.8,-1.7,5.85,"Taylor, Tyrone",621438,663554,,foul,,,,,3.0,,R,R,R,NYM,DET,S,,,2,2,2024,-0.95,1.29,0.6542153388286442,2.99723884997491,,,,2,2,Bot,,,,,,,8.567832139804551,-140.48203830888602,-4.933144947838108,-14.72171340737844,38.33383755134043,-14.265615827660485,3.23,1.56,264.0,86.2,27.0,97.2,2154.0,7.2,745844,608348,679529,690993,570482,656716,682985,678009,663837,53.35,,,,,,,,14,5,4-Seam Fastball,0,0,0,0,0,0,0,0,Standard,Standard,212.0,0.0,0.0,64.6,6.2,,,0.0,88.0,0,0,0.509,0.509,27,30,27,30,1,0,,4,5.0,0,1.2,0.95,0.95,48.3,-15.766205341696784,27.51687295409014,30.005464506862985,42.85228813511187,13.18542595146728,batter
SL,2024-04-04,87.1,-2.09,5.52,"Taylor, Tyrone",621438,663554,,ball,,,,,14.0,,R,R,R,NYM,DET,B,,,1,2,2024,0.25,-0.01,1.4687916999789217,2.159218344637611,,,,2,2,Bot,,,,,,,8.120755457529375,-126.45100830474448,-1.7366101629805155,0.6346516345242615,31.410544793658097,-32.09527929749894,3.39340772570927,1.5804830754976,,,,87.2,2253.0,7.0,745844,608348,679529,690993,570482,656716,682985,678009,663837,53.51,,,,,,,,14,4,Slider,0,0,0,0,0,0,0,0,Standard,Standard,92.0,0.001,0.039,,,,,-0.039,,0,0,0.508,0.508,27,30,27,30,1,0,,4,5.0,0,3.08,-0.25,-0.25,42.2,,,,,,batter
SL,2024-04-04,87.1,-2.04,5.63,"Taylor, Tyrone",621438,663554,,ball,,,,,14.0,,R,R,R,NYM,DET,B,,,0,2,2024,0.18,0.11,1.634357976428959,2.268161404324532,,,,2,2,Bot,,,,,,,8.564982203703357,-126.44365555651024,-2.010418277313849,-0.168550397971552,30.226078945104906,-30.73343632896212,3.30641728207392,1.65694666234085,,,,87.6,2119.0,7.1,745844,608348,679529,690993,570482,656716,682985,678009,663837,53.39,,,,,,,,14,3,Slider,0,0,0,0,0,0,0,0,Standard,Standard,89.0,0.001,0.023,,,,,-0.023,,0,0,0.507,0.507,27,30,27,30,1,0,,4,5.0,0,2.95,-0.18,-0.18,43.9,,,,,,batter
FF,2024-04-04,95.7,-1.85,5.77,"Taylor, Tyrone",621438,663554,,called_strike,,,,,6.0,,R,R,R,NYM,DET,S,,,0,1,2024,-0.58,1.33,0.4627231977717774,2.6677331293399287,,,,2,2,Bot,,,,,,,7.522023550391923,-138.90272536152233,-5.543324620157612,-9.36956531735306,36.25537618049427,-13.929473391991422,3.44368575964404,1.5984338921424,,,,96.4,2157.0,7.2,745844,608348,679529,690993,570482,656716,682985,678009,663837,53.31,,,,,,,,14,2,4-Seam Fastball,0,0,0,0,0,0,0,0,Standard,Standard,214.0,-0.002,-0.058,,,,,0.058,,0,0,0.509,0.509,27,30,27,30,1,0,,4,5.0,0,1.21,0.58,0.58,48.0,,,,,,batter
CH,2024-04-04,85.2,1.17,6.13,"Taylor, Tyrone",621438,666214,force_out,hit_into_play,,,,,6.0,"Tyrone Taylor grounds into a force out, third baseman Gio Urshela to second baseman Colt Keith. Jeff McNeil out at 2nd. Tyrone Taylor to 1st.",R,R,L,NYM,DET,X,5.0,ground_ball,1,2,2024,1.45,0.97,0.4558726797660923,2.385839245600456,,,643446.0,0,6,Bot,98.73,164.2,,,,,-4.640610784438502,-123.79020723383368,-4.352396479221813,15.841963518870262,28.71656299949529,-21.532279114568777,3.23,1.56,100.0,91.9,6.0,85.3,2015.0,6.8,745844,608348,679529,690993,570482,656716,682985,678009,663837,53.69,0.537,0.503,0.0,1.0,0.0,0.0,4.0,49,4,Changeup,3,1,3,1,1,3,3,1,Standard,Standard,130.0,-0.013,-0.295,69.5,8.1,,0.609,0.295,91.9,2,2,0.859,0.859,26,30,27,30,1,2,,4,2.0,0,2.22,1.45,-1.45,46.5,16.17940893332171,-18.019098651952305,33.781487554546565,40.78895317225775,40.208011909784176,batter
FF,2024-04-04,95.8,-1.78,5.77,"Taylor, Tyrone",621438,663554,,foul,,,,,5.0,,R,R,R,NYM,DET,S,,,0,0,2024,-0.43,1.61,-0.1508976407931835,2.6956230675320367,,,,2,2,Bot,,,,,,,5.3483914482881305,-139.17947121212262,-6.085458807344257,-6.966563203968699,37.99799235581052,-10.19989557574056,3.23,1.56,175.0,86.5,66.0,96.2,2099.0,7.1,745844,608348,679529,690993,570482,656716,682985,678009,663837,53.38,,,,,,,,14,1,4-Seam Fastball,0,0,0,0,0,0,0,0,Standard,Standard,211.0,-0.002,-0.041,76.5,7.3,,,0.041,88.0,0,0,0.511,0.511,27,30,27,30,1,0,,4,5.0,0,0.93,0.43,0.43,47.3,12.35000219369132,-6.409779804831769,35.59236842265568,33.26594469962753,33.48736830821576,batter
CH,2024-04-04,85.0,1.15,6.23,"Taylor, Tyrone",621438,666214,,swinging_strike,,,,,5.0,,R,R,L,NYM,DET,S,,,1,1,2024,1.43,1.01,0.2470413483257376,2.668749707688514,,,643446.0,0,6,Bot,,,,,,,-5.018428461533201,-123.49927414318674,-3.9403921030028632,15.578236682259735,29.517762812470924,-21.25809387549259,3.23,1.56,,,,85.0,1989.0,6.8,745844,608348,679529,690993,570482,656716,682985,678009,663837,53.68,,,,,,,,49,3,Changeup,3,1,3,1,1,3,3,1,Standard,Standard,133.0,-0.005,-0.049,71.4,8.7,4.500188688,,0.049,,2,2,0.864,0.864,26,30,27,30,1,2,,4,2.0,0,2.2,1.43,-1.43,47.4,31.140539708307347,-40.421907259385065,32.1660468261064,38.89343913904356,57.40502787956224,batter
FF,2024-04-04,94.5,1.19,6.4,"Taylor, Tyrone",621438,666214,,ball,,,,,11.0,,R,R,L,NYM,DET,B,,,0,1,2024,0.6,1.64,-0.5069014548428522,3.6873787594669896,,,643446.0,0,6,Bot,,,,,,,-5.805282739621244,-137.29797912623798,-4.975026984325851,8.999752267639291,34.310442716405866,-10.543490857643516,3.36038289072044,1.66582484399378,,,,94.4,2242.0,6.6,745844,608348,679529,690993,570482,656716,682985,678009,663837,53.88,,,,,,,,49,2,4-Seam Fastball,3,1,3,1,1,3,3,1,Standard,Standard,149.0,0.002,0.034,,,,,-0.034,,2,2,0.862,0.862,26,30,27,30,1,2,,4,2.0,0,0.94,0.6,-0.6,48.6,,,,,,batter
CH,2024-04-04,84.8,1.26,6.22,"Taylor, Tyrone",621438,666214,,called_strike,,,,,6.0,,R,R,L,NYM,DET,S,,,0,0,2024,1.31,1.03,0.8061829750261673,2.4985686394813005,,,643446.0,0,6,Bot,,,,,,,-3.701516507152688,-123.34257759139334,-4.399411957643125,14.034681740616591,26.8580988935397,-20.99697327121549,3.31059886922566,1.5193318022536,,,,85.1,1990.0,6.7,745844,608348,679529,690993,570482,656716,682985,678009,663837,53.77,,,,,,,,49,1,Changeup,3,1,3,1,1,3,3,1,Standard,Standard,132.0,-0.003,-0.042,,,,,0.042,,2,2,0.865,0.865,26,30,27,30,1,2,,4,2.0,0,2.17,1.31,-1.31,47.1,,,,,,batter
SL,2024-04-04,82.8,-2.54,5.98,"Taylor, Tyrone",621438,656412,single,hit_into_play,,,,,9.0,Tyrone Taylor singles on a line drive to left fielder Mark Canha. Brett Baty scores.,R,R,R,NYM,DET,X,7.0,line_drive,3,2,2024,0.17,-0.14,0.3640055791473269,1.4806583357465493,,683146.0,,1,9,Bot,56.42,133.92,,,,,6.308085313495829,-120.34580181997909,-3.4182339280549217,0.3137508506018018,26.125028769925176,-33.03155381312865,3.23,1.56,163.0,75.5,16.0,82.6,2667.0,6.5,745843,668670,679529,690993,656716,595879,592192,678009,681481,54.01,0.845,0.777,0.9,1.0,1.0,0.0,4.0,67,6,Slider,1,1,1,1,1,2,2,1,Infield shade,Strategic,71.0,0.296,0.541,65.9,8.2,,0.925,-0.541,88.0,0,0,0.704,0.704,28,30,29,30,1,3,3.0,0,3.0,1,3.51,-0.17,-0.17,30.7,18.04978118753227,-15.396391522650658,38.90810553095557,37.85846872350312,45.65453200948606,batter
FF,2024-04-04,92.5,-2.41,6.12,"Taylor, Tyrone",621438,656412,,ball,,,,,14.0,,R,R,R,NYM,DET,B,,,2,2,2024,-0.66,1.44,1.635049028910819,2.478458398764249,,683146.0,,1,9,Bot,,,,,,,11.698469598584747,-134.0291845533443,-6.506510318751039,-10.666838500269874,32.45270149270201,-13.5343153944345,3.33263834600675,1.66256734690648,,,,91.7,2304.0,6.3,745843,668670,679529,690993,656716,595879,592192,678009,681481,54.18,,,,,,,,67,5,4-Seam Fastball,1,1,1,1,1,1,1,1,Standard,Strategic,217.0,0.015,0.074,,,,,-0.074,,0,0,0.689,0.689,28,30,29,30,1,3,3.0,0,3.0,1,1.27,0.66,0.66,37.4,,,,,,batter
SL,2024-04-04,83.3,-2.67,5.95,"Taylor, Tyrone",621438,656412,,swinging_strike,,,,,14.0,,R,R,R,NYM,DET,S,,,2,1,2024,0.21,-0.12,1.4352762198402371,1.1443852013219615,,683146.0,,1,9,Bot,,,,,,,8.974281188409577,-120.91214959039168,-4.18824120788739,0.0071808686124751,27.58186718877197,-32.62323537682746,3.23,1.56,,,,82.3,2647.0,6.2,745843,668670,679529,690993,656716,595879,592192,678009,681481,54.33,,,,,,,,67,4,Slider,1,1,1,1,1,1,1,1,Standard,Strategic,70.0,-0.015,-0.082,66.7,8.9,7.865910456,,0.082,,0,0,0.704,0.704,28,30,29,30,1,3,3.0,0,3.0,1,3.47,-0.21,-0.21,29.5,21.348887876713643,-26.88664190360722,37.278707086498976,51.935944939527694,47.6674642079758,batter
FF,2024-04-04,92.5,-1.19,5.4,"Taylor, Tyrone",621438,571946,strikeout,swinging_strike,,,,,11.0,Tyrone Taylor strikes out swinging.,R,R,R,NYM,DET,S,2.0,,1,2,2024,-0.82,1.38,-0.8413882461010547,3.553384769693766,,670097.0,643446.0,2,10,Bot,,,,,,,2.7458552446919797,-134.66029286847748,-1.887243579070732,-10.620347643462406,31.83418577201645,-15.308808138385444,3.23,1.56,,,,93.9,2299.0,7.3,745844,608348,679529,690993,570482,656716,592192,663837,682985,53.2,,0.0,0.0,1.0,0.0,0.0,,83,4,4-Seam Fastball,3,3,3,3,3,3,3,3,Standard,Strategic,203.0,-0.08,-0.189,72.1,6.5,0.399763152,,0.189,,0,0,0.58,0.58,33,30,34,30,1,4,3.0,4,5.0,0,1.3,0.82,0.82,46.4,6.187693481218331,-2.6249636238955825,32.36280702322043,25.669399168152687,26.745273069506183,batter
CH,2024-04-04,89.3,-2.63,5.85,"Taylor, Tyrone",621438,656412,,ball,,,,,13.0,,R,R,R,NYM,DET,B,,,1,1,2024,-1.76,0.01,-0.1888770244962074,1.013117701906738,,683146.0,,1,9,Bot,,,,,,,9.796192829017054,-129.54931241701175,-5.830708184380397,-21.917756364040606,30.48780067690569,-30.854381653627836,3.38393036774439,1.71365500888205,,,,89.4,1802.0,6.8,745843,668670,679529,690993,656716,595879,592192,678009,681481,53.71,,,,,,,,67,3,Changeup,1,1,1,1,1,1,1,1,Standard,Strategic,253.0,0.006,0.038,,,,,-0.038,,0,0,0.698,0.698,28,30,29,30,1,3,3.0,0,3.0,1,2.9,1.76,1.76,26.5,,,,,,batter
SL,2024-04-04,83.1,-2.5,6.01,"Taylor, Tyrone",621438,656412,,ball,,,,,14.0,,R,R,R,NYM,DET,B,,,0,1,2024,0.17,-0.13,1.1207746835939103,1.2679571006569517,,683146.0,,1,9,Bot,,,,,,,8.007524883513403,-120.66556913970624,-4.070688189962906,-0.0190894397289801,25.774579675998904,-32.77051906314652,3.35828291763871,1.71365500888205,,,,83.4,2610.0,6.8,745843,668670,679529,690993,656716,595879,592192,678009,681481,53.68,,,,,,,,67,2,Slider,1,1,1,1,1,1,1,1,Infield shade,Strategic,62.0,0.009,0.021,,,,,-0.021,,0,0,0.689,0.689,28,30,29,30,1,3,3.0,0,3.0,1,3.47,-0.17,-0.17,30.7,,,,,,batter
FS,2024-04-04,86.7,-1.46,5.4,"Taylor, Tyrone",621438,571946,,foul,,,,,11.0,,R,R,R,NYM,DET,S,,,1,1,2024,-1.52,0.89,-1.4834842817959084,2.7700966987960194,,670097.0,643446.0,2,10,Bot,,,,,,,3.095146854940601,-126.07197299606302,-1.793567180777537,-16.66810311701135,30.84324832109032,-22.693697227187624,3.23,1.56,,,,86.8,1907.0,6.9,745844,608348,679529,690993,570482,656716,592192,663837,682985,53.61,,,,,,,,83,3,Split-Finger,3,3,3,3,3,3,3,3,Standard,Strategic,225.0,-0.028,-0.076,74.1,7.6,,,0.076,,0,0,0.608,0.608,33,30,34,30,1,4,3.0,4,5.0,0,2.2,1.52,1.52,48.4,18.599136038875766,-21.918962599260706,37.12966683629636,18.60320615461162,35.203822227374246,batter
SL,2024-04-04,83.7,-2.66,6.06,"Taylor, Tyrone",621438,656412,,called_strike,,,,,9.0,,R,R,R,NYM,DET,S,,,0,0,2024,0.1,-0.02,0.329129106928299,1.8391842303076649,,683146.0,,1,9,Bot,,,,,,,6.611876771520715,-121.63622582056064,-3.1816379804376167,-0.4313424335996452,25.77702120367072,-31.89767224970408,3.53596354549772,1.76474793484022,,,,82.4,2667.0,5.7,745843,668670,679529,690993,656716,595879,592192,678009,681481,54.8,,,,,,,,67,1,Slider,1,1,1,1,1,1,1,1,Infield shade,Strategic,66.0,-0.014,-0.036,,,,,0.036,,0,0,0.703,0.703,28,30,29,30,1,3,3.0,0,3.0,1,3.3,-0.1,-0.1,31.3,,,,,,batter
FS,2024-04-04,85.7,-1.53,5.47,"Taylor, Tyrone",621438,571946,,called_strike,,,,,1.0,,R,R,R,NYM,DET,S,,,1,0,2024,-1.63,0.83,-0.5511084217894138,3.2627354909823008,,670097.0,643446.0,2,10,Bot,,,,,,,5.728500668014178,-124.5451278858366,-0.4703863733415126,-18.060812833380616,31.231522313688533,-23.80097184435788,3.36794876795602,1.62935341677041,,,,86.4,1930.0,7.4,745844,608348,679529,690993,570482,656716,592192,663837,682985,53.11,,,,,,,,83,2,Split-Finger,3,3,3,3,3,3,3,3,Standard,Strategic,223.0,-0.011,-0.042,,,,,0.042,,0,0,0.619,0.619,33,30,34,30,1,4,3.0,4,5.0,0,2.34,1.63,1.63,44.2,,,,,,batter
FF,2024-04-04,91.6,-1.3,5.47,"Taylor, Tyrone",621438,571946,,ball,,,,,11.0,,R,R,R,NYM,DET,B,,,0,0,2024,-0.59,1.72,-1.1522849435126732,4.209467893341486,,670097.0,643446.0,2,10,Bot,,,,,,,1.6604723952200002,-133.3103564229027,-0.9258048537885342,-7.328658216223773,35.05964304395083,-11.987848730201854,3.4781078136043,1.6310964102947,,,,91.7,2335.0,6.9,745844,608348,679529,690993,570482,656716,592192,663837,682985,53.64,,,,,,,,83,1,4-Seam Fastball,3,3,3,3,3,3,3,3,Standard,Strategic,205.0,0.005,0.026,,,,,-0.026,,0,0,0.614,0.614,33,30,34,30,1,4,3.0,4,5.0,0,1.04,0.59,0.59,48.6,,,,,,batter
SL,2024-04-04,83.8,2.36,6.05,"Taylor, Tyrone",621438,605177,strikeout,swinging_strike,,,,,13.0,Tyrone Taylor strikes out swinging.,R,R,L,NYM,DET,S,2.0,,3,2,2024,0.1,-0.25,-0.07780411736015,0.8416181543750101,,,,1,8,Bot,,,,,,,-5.868526999235589,-121.7064474360016,-5.022396342025823,2.3729193430668647,27.988591347442465,-33.70664737976912,3.23,1.56,,,,83.7,2635.0,6.7,745844,608348,679529,690993,570482,656716,592192,663837,682985,53.75,,0.0,0.0,1.0,0.0,0.0,,68,6,Slider,3,3,3,3,3,3,3,3,Standard,Standard,4.0,-0.043,-0.332,72.5,8.6,2.850863172,,0.332,,0,0,0.569,0.569,34,30,34,30,1,3,4.0,4,1.0,0,3.56,0.1,-0.1,44.7,22.47319358605353,-27.85675566524496,43.69119028845499,34.56734784671687,50.3194103476592,batter
SL,2024-04-04,83.0,2.42,6.2,"Taylor, Tyrone",621438,605177,,ball,,,,,14.0,,R,R,L,NYM,DET,B,,,2,2,2024,0.09,-0.47,0.5781383700275731,0.0865720800589735,,,,1,8,Bot,,,,,,,-4.411994701182836,-120.68326171514737,-6.541967694651769,1.7990480313064332,25.870485827694484,-35.55961011104311,3.34425124413039,1.73550145383661,,,,83.0,2680.0,6.6,745844,608348,679529,690993,570482,656716,592192,663837,682985,53.92,,,,,,,,68,5,Slider,3,3,3,3,3,3,3,3,Standard,Standard,1.0,0.012,0.108,,,,,-0.108,,0,0,0.557,0.557,34,30,34,30,1,3,4.0,4,1.0,0,3.81,0.09,-0.09,46.4,,,,,,batter
SL,2024-04-04,82.5,2.52,6.16,"Taylor, Tyrone",621438,605177,,ball,,,,,13.0,,R,R,L,NYM,DET,B,,,1,2,2024,0.02,-0.51,-0.0870619741411148,0.6652172403068661,,,,1,8,Bot,,,,,,,-5.994313875746715,-119.92668854057192,-4.921431750749961,1.497846069581782,25.30516620513153,-36.28217268622702,3.38344699665748,1.67997961793755,,,,82.3,2693.0,6.4,745844,608348,679529,690993,570482,656716,592192,663837,682985,54.06,,,,,,,,68,4,Slider,3,3,3,3,3,3,3,3,Standard,Standard,358.0,0.006,0.043,,,,,-0.043,,0,0,0.551,0.551,34,30,34,30,1,3,4.0,4,1.0,0,3.9,0.02,-0.02,51.9,,,,,,batter
SL,2024-04-04,83.1,2.38,6.15,"Taylor, Tyrone",621438,605177,,swinging_strike,,,,,13.0,,R,R,L,NYM,DET,S,,,1,1,2024,0.11,-0.16,-0.5326663874971957,0.7825786936049535,,,,1,8,Bot,,,,,,,-6.893797034046136,-120.60406721961702,-5.386369425946195,2.649577882447568,27.706005533178075,-32.67267818621599,3.23,1.56,,,,82.6,2678.0,6.5,745844,608348,679529,690993,570482,656716,592192,663837,682985,53.98,,,,,,,,68,3,Slider,3,3,3,3,3,3,3,3,Standard,Standard,19.0,-0.009,-0.061,68.4,9.1,16.685842032,,0.061,,0,0,0.56,0.56,34,30,34,30,1,3,4.0,4,1.0,0,3.53,0.11,-0.11,45.1,33.19777206878692,-60.60322930190132,40.52716950059466,31.671407261788342,69.89132352966207,batter
CH,2024-04-04,80.1,1.6,5.74,"Taylor, Tyrone",621438,663947,field_out,hit_into_play,,,,,14.0,"Tyrone Taylor grounds out, pitcher Tyler Holton to first baseman Spencer Torkelson.",R,R,L,NYM,DET,X,1.0,ground_ball,0,0,2024,1.44,-0.3,0.5466464324390918,1.259468100136686,,,,1,7,Bot,126.6,177.53,,,,,-5.08698888612724,-116.38675405255694,-2.5182287994345023,14.003763040704635,24.966952901997285,-34.56440536604601,3.23,1.56,5.0,70.3,-16.0,80.2,1542.0,6.7,745843,668670,679529,690993,656716,595879,592192,678009,681481,53.76,0.061,0.055,0.0,1.0,0.0,0.0,2.0,50,1,Changeup,0,1,0,1,1,0,0,1,Standard,Standard,98.0,-0.037,-0.256,68.1,7.3,,0.065,0.256,88.0,-1,-1,0.316,0.316,28,30,28,30,1,2,4.0,0,4.0,1,3.9,1.44,-1.44,39.2,1.973544457868848,1.4107869144339518,42.0277420885888,42.76113504071814,32.77609570810445,batter
SI,2024-04-04,91.7,2.12,6.44,"Taylor, Tyrone",621438,605177,,swinging_strike,,,,,12.0,,R,R,L,NYM,DET,S,,,1,0,2024,1.6,1.33,0.980547697639315,3.37998747884094,,,,1,8,Bot,,,,,,,-6.360190746204592,-133.2099179752408,-4.605992301292047,20.379311046119643,35.79542327100547,-15.649909615298126,3.23,1.56,,,,90.9,2174.0,6.5,745844,608348,679529,690993,570482,656716,592192,663837,682985,54.03,,,,,,,,68,2,Sinker,3,3,3,3,3,3,3,3,Standard,Standard,148.0,-0.007,-0.051,73.1,7.3,0.368925144,,0.051,,0,0,0.567,0.567,34,30,34,30,1,3,4.0,4,1.0,0,1.45,1.6,-1.6,51.7,15.557681007427174,3.7338674815730215,27.586736066532737,47.45056549283972,27.35569023613081,batter
SI,2024-04-04,90.3,2.18,6.47,"Taylor, Tyrone",621438,605177,,ball,,,,,12.0,,R,R,L,NYM,DET,B,,,0,0,2024,1.71,1.29,1.5932245586517504,3.4818678701245505,,,,1,8,Bot,,,,,,,-5.138124951741069,-131.19713378222767,-4.071050720239993,20.701548794040303,35.26384896122497,-16.731213699451867,3.47940676829629,1.68205218726447,,,,89.6,2113.0,6.6,745844,608348,679529,690993,570482,656716,592192,663837,682985,53.94,,,,,,,,68,1,Sinker,3,3,3,3,3,3,3,3,Standard,Standard,140.0,0.005,0.039,,,,,-0.039,,0,0,0.562,0.562,34,30,34,30,1,3,4.0,4,1.0,0,1.58,1.71,-1.71,52.6,,,,,,batter
