pitch_type,game_date,release_speed,release_pos_x,release_pos_z,player_name,batter,pitcher,events,description,spin_dir,spin_rate_deprecated,break_angle_deprecated,break_length_deprecated,zone,des,game_type,stand,p_throws,home_team,away_team,type,hit_location,bb_type,balls,strikes,game_year,pfx_x,pfx_z,plate_x,plate_z,on_3b,on_2b,on_1b,outs_when_up,inning,inning_topbot,hc_x,hc_y,tfs_deprecated,tfs_zulu_deprecated,umpire,sv_id,vx0,vy0,vz0,ax,ay,az,sz_top,sz_bot,hit_distance_sc,launch_speed,launch_angle,effective_speed,release_spin_rate,release_extension,game_pk,fielder_2,fielder_3,fielder_4,fielder_5,fielder_6,fielder_7,fielder_8,fielder_9,release_pos_y,estimated_ba_using_speedangle,estimated_woba_using_speedangle,woba_value,woba_denom,babip_value,iso_value,launch_speed_angle,at_bat_number,pitch_number,pitch_name,home_score,away_score,bat_score,fld_score,post_away_score,post_home_score,post_bat_score,post_fld_score,if_fielding_alignment,of_fielding_alignment,spin_axis,delta_home_win_exp,delta_run_exp,bat_speed,swing_length,miss_distance,estimated_slg_using_speedangle,delta_pitcher_run_exp,hyper_speed,home_score_diff,bat_score_diff,home_win_exp,bat_win_exp,age_pit_legacy,age_bat_legacy,age_pit,age_bat,n_thruorder_pitcher,n_priorpa_thisgame_player_at_bat,pitcher_days_since_prev_game,batter_days_since_prev_game,pitcher_days_until_next_game,batter_days_until_next_game,api_break_z_with_gravity,api_break_x_arm,api_break_x_batter_in,arm_angle,attack_angle,attack_direction,swing_path_tilt,intercept_ball_minus_batter_pos_x_inches,intercept_ball_minus_batter_pos_y_inches,player_type
SI,2024-09-28,97.5,0.86,6.5,"Ashby, Aaron",516782,676879,field_out,hit_into_play,,,,,9,"Starling Marte grounds out, third baseman Joey Ortiz to first baseman Rhys Hoskins.",R,R,L,MIL,NYM,X,5.0,ground_ball,1,0,2024,1.38,0.73,0.5698369498790935,1.9718279010777224,,,,2,7,Top,110.15,170.73,,,,,-3.868454812936085,-141.8136495821379,-8.179544238701231,19.570757361123928,31.48273299236949,-20.67831316056481,3.5,1.59,3.0,74.3,-38.0,95.6,2223,5.1,745931,661388,656555,655316,687401,642715,686555,669003,694192,55.37,0.072,0.079,0.0,1.0,0.0,0.0,2.0,49,2,Sinker,2,0,0,2,0,2,0,2,Standard,Standard,142,0.016,-0.295,75.0,7.6,,0.074,0.295,88.0,2,-2,0.871,0.129,26,35,26,36,1,2,3.0,4,3,1.0,1.66,1.38,-1.38,47.8,7.273492028849789,-4.2006196855793,36.1361389687261,42.86916839595455,25.4918739479802,pitcher
CU,2024-09-28,83.3,0.9,6.42,"Ashby, Aaron",516782,676879,,ball,,,,,13,,R,R,L,MIL,NYM,B,,,0,0,2024,-0.84,-1.45,-1.402157920779191,-0.3879600537763692,,,,2,7,Top,,,,,,,-3.5569753554676047,-121.04858382521624,-6.089161179446219,-7.3357990441278735,28.31747216534989,-45.0349342719787,3.60645387355277,1.48454137684619,,,,81.0,2834,5.3,745931,661388,656555,655316,687401,642715,686555,669003,694192,55.23,,,,,,,,49,1,Curveball,2,0,0,2,0,2,0,2,Standard,Standard,333,-0.002,0.04,,,,,-0.04,,2,-2,0.873,0.127,26,35,26,36,1,2,3.0,4,3,1.0,4.8,-0.84,0.84,48.7,,,,,,pitcher
FF,2024-09-28,98.1,0.91,6.49,"Ashby, Aaron",624413,676879,field_out,hit_into_play,,,,,3,Pete Alonso flies out sharply to left fielder Isaac Collins.,R,R,L,MIL,NYM,X,7.0,fly_ball,3,1,2024,0.5,1.27,0.7464524438378928,3.150394357797397,,,,1,7,Top,73.66,65.64,,,,,-1.5753604078167782,-142.82897774855115,-6.403884407502988,7.225142636003853,31.88984819352508,-13.553972822851184,3.48,1.65,354.0,107.4,44.0,96.7,2213,5.4,745931,661388,656555,655316,687401,642715,686555,669003,694192,55.11,0.279,0.548,0.0,1.0,0.0,0.0,5.0,48,5,4-Seam Fastball,2,0,0,2,0,2,0,2,Strategic,Standard,141,0.04,-0.424,73.8,7.7,,1.046,0.424,107.4,2,-2,0.833,0.167,26,29,26,30,1,2,3.0,1,3,1.0,1.09,0.5,-0.5,56.4,15.163163737342062,-6.412487047503534,26.63496595327264,44.954771658193806,29.633192225101283,pitcher
SI,2024-09-28,97.4,0.77,6.47,"Ashby, Aaron",624413,676879,,ball,,,,,14,,R,R,L,MIL,NYM,B,,,2,1,2024,1.2,0.79,0.4792721477725608,1.1613653712399743,,,,1,7,Top,,,,,,,-3.4596361279752648,-141.51521288965284,-10.365260957250298,16.914977729949886,31.03057326456881,-19.39474454764641,3.54691436249413,1.69079654666014,,,,95.7,2197,5.3,745931,661388,656555,655316,687401,642715,686555,669003,694192,55.17,,,,,,,,48,4,Sinker,2,0,0,2,0,2,0,2,Strategic,Standard,152,-0.012,0.122,,,,,-0.122,,2,-2,0.845,0.155,26,29,26,30,1,2,3.0,1,3,1.0,1.61,1.2,-1.2,49.7,,,,,,pitcher
SI,2024-09-28,98.2,0.84,6.51,"Ashby, Aaron",624413,676879,,foul,,,,,3,,R,R,L,MIL,NYM,S,,,2,0,2024,1.31,0.92,0.5537376582044312,3.154174139864677,,,,1,7,Top,,,,,,,-3.7058351033210406,-142.81221613506509,-5.595198681928484,18.699935157649527,34.78328984895167,-18.500867722493147,3.48,1.65,289.0,82.5,42.0,96.1,2188,5.3,745931,661388,656555,655316,687401,642715,686555,669003,694192,55.24,,,,,,,,48,3,Sinker,2,0,0,2,0,2,0,2,Strategic,Standard,146,0.008,-0.065,69.6,6.7,,,0.065,88.0,2,-2,0.837,0.163,26,29,26,30,1,2,3.0,1,3,1.0,1.46,1.31,-1.31,54.4,6.737256606064057,11.4171938735616,30.038105014323158,44.44638719064042,18.28103791654557,pitcher
CU,2024-09-28,81.6,0.99,6.52,"Ashby, Aaron",624413,676879,,ball,,,,,3,,R,R,L,MIL,NYM,B,,,1,0,2024,-0.61,-1.23,0.7341168417415388,3.3197707294647394,,,,1,7,Top,,,,,,,0.5930790151362941,-118.7421067979304,1.7756212002726437,-5.850054321948107,26.00862029797389,-44.320235960361344,3.36798417805019,1.51238059456059,,,,79.5,2716,5.1,745931,661388,656555,655316,687401,642715,686555,669003,694192,55.36,,,,,,,,48,2,Curveball,2,0,0,2,0,2,0,2,Standard,Standard,333,-0.008,0.072,,,,,-0.072,,2,-2,0.845,0.155,26,29,26,30,1,2,3.0,1,3,1.0,4.69,-0.61,0.61,49.5,,,,,,pitcher
CU,2024-09-28,83.4,0.98,6.42,"Ashby, Aaron",624413,676879,,ball,,,,,13,,R,R,L,MIL,NYM,B,,,0,0,2024,-0.75,-1.43,-0.0548943139267928,0.9278723622375624,,,,1,7,Top,,,,,,,-0.8870406713827738,-121.36546083037298,-3.210259398085459,-7.074170814246626,28.44117133371829,-45.6201355634063,3.33870760577473,1.5139903230568,,,,81.1,2688,5.2,745931,661388,656555,655316,687401,642715,686555,669003,694192,55.34,,,,,,,,48,1,Curveball,2,0,0,2,0,2,0,2,Standard,Standard,330,-0.004,0.039,,,,,-0.039,,2,-2,0.849,0.151,26,29,26,30,1,2,3.0,1,3,1.0,4.76,-0.75,0.75,49.2,,,,,,pitcher
SI,2024-09-28,97.9,0.83,6.54,"Ashby, Aaron",607043,676879,field_out,hit_into_play,,,,,8,"Brandon Nimmo grounds out, shortstop Willy Adames to first baseman Rhys Hoskins.",R,L,L,MIL,NYM,X,6.0,ground_ball,2,1,2024,1.3,0.72,0.2561170717952717,2.1669783596517407,,,,0,7,Top,112.68,152.42,,,,,-4.463737444605648,-142.3590012801882,-7.825495089847418,18.741842362589928,32.89816607385206,-20.75310129584847,3.47,1.67,3.0,95.6,-33.0,96.0,2055,5.2,745931,661388,656555,655316,687401,642715,686555,669003,694192,55.26,0.08,0.072,0.0,1.0,0.0,0.0,2.0,47,4,Sinker,2,0,0,2,0,2,0,2,Standard,Standard,145,0.04,-0.296,69.5,6.2,,0.082,0.296,95.6,2,-2,0.809,0.191,26,31,26,31,1,2,3.0,1,3,1.0,1.66,1.3,1.3,56.5,-13.797093431580974,22.600891662982104,37.39113746946568,36.81046630855451,11.998806786399102,pitcher
SI,2024-09-28,97.3,0.73,6.57,"Ashby, Aaron",607043,676879,,called_strike,,,,,7,,R,L,L,MIL,NYM,S,,,2,0,2024,1.16,0.64,-0.4607167130852634,2.035499482523247,,,,0,7,Top,,,,,,,-5.711520069636844,-141.39843147825948,-7.946230497081226,16.874594097014512,32.30507704951366,-21.91346073114069,3.51715326756361,1.69079654666014,,,,95.3,2092,5.2,745931,661388,656555,655316,687401,642715,686555,669003,694192,55.27,,,,,,,,47,3,Sinker,2,0,0,2,0,2,0,2,Standard,Standard,150,0.012,-0.065,,,,,0.065,,2,-2,0.797,0.203,26,31,26,31,1,2,3.0,1,3,1.0,1.77,1.16,1.16,56.7,,,,,,pitcher
SI,2024-09-28,97.7,0.87,6.58,"Ashby, Aaron",607043,676879,,ball,,,,,12,,R,L,L,MIL,NYM,B,,,1,0,2024,1.27,0.87,1.1589187159170051,3.8532037496858407,,,,0,7,Top,,,,,,,-2.08339880118914,-142.27887277614008,-3.7969311471771854,17.67637985670894,32.9257425871382,-19.689332336650683,3.48739793932586,1.7497750550543,,,,95.8,2355,5.2,745931,661388,656555,655316,687401,642715,686555,669003,694192,55.34,,,,,,,,47,2,Sinker,2,0,0,2,0,2,0,2,Standard,Standard,147,-0.012,0.069,,,,,-0.069,,2,-2,0.809,0.191,26,31,26,31,1,2,3.0,1,3,1.0,1.52,1.27,1.27,49.3,,,,,,pitcher
CU,2024-09-28,83.1,1.09,6.45,"Ashby, Aaron",607043,676879,,ball,,,,,13,,R,L,L,MIL,NYM,B,,,0,0,2024,-0.75,-1.48,-0.3482354126849172,0.7620391646864535,,,,0,7,Top,,,,,,,-1.79875824679741,-120.9542115259547,-3.5548156077184654,-6.882863817821754,26.44315793607025,-46.02415494145579,3.48739793932586,1.72028309623511,,,,81.1,2817,5.2,745931,661388,656555,655316,687401,642715,686555,669003,694192,55.3,,,,,,,,47,1,Curveball,2,0,0,2,0,2,0,2,Standard,Standard,333,-0.006,0.038,,,,,-0.038,,2,-2,0.815,0.185,26,31,26,31,1,2,3.0,1,3,1.0,4.81,-0.75,-0.75,50.5,,,,,,pitcher
SI,2024-09-25,97.3,0.43,6.59,"Ashby, Aaron",518735,676879,field_out,hit_into_play,,,,,7,"Yasmani Grandal grounds out, third baseman Joey Ortiz to first baseman Rhys Hoskins.",R,R,L,PIT,MIL,X,5.0,ground_ball,1,0,2024,1.29,0.76,-0.3400887148821736,1.4703377068851842,,,,2,7,Bot,87.0,158.0,,,,,-4.920671696685957,-141.4237595071343,-9.832129177221889,18.4331728075127,29.500560789467738,-20.007926575764245,3.11,1.5,17.0,96.5,-5.0,96.0,2091,5.4,745442,661388,656555,668930,687401,642715,694192,669003,686217,55.11,0.225,0.248,0.0,1.0,0.0,0.0,2.0,51,2,Sinker,2,1,2,1,1,2,2,1,Strategic,Standard,148,-0.011,-0.295,74.5,8.1,,0.236,0.295,96.5,1,1,0.756,0.756,26,35,26,36,1,2,3.0,4,3,3.0,1.64,1.29,-1.29,49.1,17.180293047866392,-12.77517056801386,34.63607549675263,33.7411729433873,38.90977469467646,pitcher
CH,2024-09-25,91.8,0.79,6.5,"Ashby, Aaron",518735,676879,,ball,,,,,12,,R,R,L,PIT,MIL,B,,,0,0,2024,0.98,0.13,0.7648920312216511,3.851377872097741,,,,2,7,Bot,,,,,,,-2.1436173265608742,-133.80269418856702,-1.2201015020913537,12.348443601067872,25.32774934268846,-30.54717850967493,3.24777883034847,1.58494661709667,,,,90.9,1981,5.4,745442,661388,656555,668930,687401,642715,694192,669003,686217,55.14,,,,,,,,51,1,Changeup,2,1,2,1,1,2,2,1,Strategic,Standard,130,0.001,0.04,,,,,-0.04,,1,1,0.755,0.755,26,35,26,36,1,2,3.0,4,3,3.0,2.54,0.98,-0.98,47.5,,,,,,pitcher
CU,2024-09-25,82.5,0.66,6.49,"Ashby, Aaron",669707,676879,strikeout,called_strike,,,,,6,Jared Triolo called out on strikes.,R,R,L,PIT,MIL,S,2.0,,3,2,2024,-0.55,-1.25,0.6468274798792137,2.7657651429086867,,,,1,7,Bot,,,,,,,1.0159827399288934,-120.20031739731158,0.4397436696599601,-5.480804340612406,24.40436344144516,-44.55770030618618,3.39664756672853,1.65041708170166,,,,80.9,2531,5.2,745442,661388,656555,668930,687401,642715,694192,669003,686217,55.3,,0.0,0.0,1.0,0.0,0.0,,50,6,Curveball,2,1,2,1,1,2,2,1,Strategic,Standard,334,-0.018,-0.332,,,,,0.332,,1,1,0.773,0.773,26,26,26,26,1,2,3.0,1,3,1.0,4.6,-0.55,0.55,52.4,,,,,,pitcher
SI,2024-09-25,97.0,0.69,6.55,"Ashby, Aaron",669707,676879,,foul,,,,,3,,R,R,L,PIT,MIL,S,,,3,1,2024,1.18,0.51,0.7504241859228808,3.130683733798752,,,,1,7,Bot,,,,,,,-2.475172305759933,-141.17338602453785,-4.683922202921759,16.29974106997882,32.9259279448234,-24.478414837495443,3.54,1.6,235.0,78.2,26.0,95.3,2015,5.3,745442,661388,656555,668930,687401,642715,694192,669003,686217,55.17,,,,,,,,50,5,Sinker,2,1,2,1,1,2,2,1,Strategic,Standard,152,-0.005,-0.092,69.1,7.6,,,0.092,88.0,1,1,0.778,0.778,26,26,26,26,1,2,3.0,1,3,1.0,1.92,1.18,-1.18,51.4,10.564911365200055,1.8614868633970996,36.27265129676275,41.946571925346944,24.097185570772773,pitcher
FF,2024-09-25,96.7,0.73,6.63,"Ashby, Aaron",669707,676879,,ball,,,,,12,,R,R,L,PIT,MIL,B,,,2,1,2024,0.34,1.03,0.3233916068138397,5.0572809269851575,,,,1,7,Bot,,,,,,,-1.8300213052862224,-140.9246800531218,-1.0231611090915311,4.996156881995997,30.150619907436287,-18.34497473313116,3.49775089626203,1.71128597903959,,,,95.5,2171,5.4,745442,661388,656555,668930,687401,642715,694192,669003,686217,55.1,,,,,,,,50,4,4-Seam Fastball,2,1,2,1,1,2,2,1,Strategic,Standard,150,0.006,0.122,,,,,-0.122,,1,1,0.772,0.772,26,26,26,26,1,2,3.0,1,3,1.0,1.39,0.34,-0.34,52.9,,,,,,pitcher
FF,2024-09-25,96.1,0.85,6.63,"Ashby, Aaron",669707,676879,,ball,,,,,12,,R,R,L,PIT,MIL,B,,,1,1,2024,0.5,1.04,0.9390222191732172,3.6992283282864986,,,,1,7,Bot,,,,,,,-0.866260714946554,-139.98395933114907,-4.487319902276731,6.841313680796506,29.784818440657904,-17.682165855274057,3.48199427204998,1.65464203436903,,,,94.2,2170,5.0,745442,661388,656555,668930,687401,642715,694192,669003,686217,55.53,,,,,,,,50,3,4-Seam Fastball,2,1,2,1,1,2,2,1,Strategic,Standard,141,0.003,0.059,,,,,-0.059,,1,1,0.769,0.769,26,26,26,26,1,2,3.0,1,3,1.0,1.41,0.5,-0.5,50.4,,,,,,pitcher
CU,2024-09-25,82.6,0.67,6.57,"Ashby, Aaron",669707,676879,,called_strike,,,,,12,,R,R,L,PIT,MIL,S,,,1,0,2024,-0.51,-1.52,0.8724714734924428,2.7549751223836587,,,,1,7,Bot,,,,,,,1.4265911194638532,-120.27973246332242,0.7744080536091997,-5.202637489596266,25.38775933619858,-47.259324363081625,3.40020147169867,1.61324089272092,,,,80.7,2576,5.2,745442,661388,656555,668930,687401,642715,694192,669003,686217,55.33,,,,,,,,50,2,Curveball,2,1,2,1,1,2,2,1,Strategic,Standard,338,-0.003,-0.051,,,,,0.051,,1,1,0.772,0.772,26,26,26,26,1,2,3.0,1,3,1.0,4.88,-0.51,0.51,51.4,,,,,,pitcher
SI,2024-09-25,97.7,0.68,6.62,"Ashby, Aaron",669707,676879,,ball,,,,,11,,R,R,L,PIT,MIL,B,,,0,0,2024,1.13,0.66,-1.1476969836716904,3.5482352180068424,,,,1,7,Bot,,,,,,,-7.412727893373467,-142.19213653518923,-4.279037749474066,16.964312375645466,31.11579790122578,-22.42246280354605,3.4929375401021,1.70594585621278,,,,96.7,2186,5.6,745442,661388,656555,668930,687401,642715,694192,669003,686217,54.92,,,,,,,,50,1,Sinker,2,1,2,1,1,2,2,1,Standard,Standard,155,0.002,0.039,,,,,-0.039,,1,1,0.77,0.77,26,26,26,26,1,2,3.0,1,3,1.0,1.72,1.13,-1.13,52.8,,,,,,pitcher
CH,2024-09-25,92.0,0.96,6.48,"Ashby, Aaron",693304,676879,strikeout,swinging_strike,,,,,14,Nick Gonzales strikes out swinging.,R,R,L,PIT,MIL,S,2.0,,1,2,2024,1.17,0.31,1.1572547502924535,1.8032811663524724,,,,0,7,Bot,,,,,,,-1.9984546805030468,-133.95881274603838,-6.692964328895343,14.596679958171782,24.599922616426262,-27.33393416961722,3.36,1.52,,,,91.2,1799,5.4,745442,661388,656555,668930,687401,642715,694192,669003,686217,55.07,,0.0,0.0,1.0,0.0,0.0,,49,7,Changeup,2,1,2,1,1,2,2,1,Strategic,Standard,131,-0.013,-0.186,41.0,6.4,1.522112508,,0.186,,1,1,0.783,0.783,26,25,26,25,1,2,3.0,3,3,1.0,2.35,1.17,-1.17,51.1,-12.108701388494431,27.346133028673457,37.31397212780315,46.35743864553862,9.887932676935684,pitcher
SI,2024-09-25,96.8,0.79,6.58,"Ashby, Aaron",693304,676879,,foul,,,,,4,,R,R,L,PIT,MIL,S,,,1,2,2024,1.08,0.5,-0.2919454030861811,2.289097678157884,,,,0,7,Bot,,,,,,,-5.25464236512643,-140.84830254216448,-6.999741656136536,15.5003180345712,29.171195126683937,-24.23973001231533,3.36,1.52,3.0,97.0,-36.0,96.0,2032,5.6,745442,661388,656555,668930,687401,642715,694192,669003,686217,54.86,,,,,,,,49,6,Sinker,2,1,2,1,1,2,2,1,Strategic,Standard,141,0.0,0.0,67.2,7.4,,,0.0,97.0,1,1,0.783,0.783,26,25,26,25,1,2,3.0,3,3,1.0,1.92,1.08,-1.08,48.4,19.745962202823684,-12.919365941660176,31.78050278355548,25.060283806172343,38.54866558125584,pitcher
SL,2024-09-25,84.4,1.03,6.4,"Ashby, Aaron",693304,676879,,foul,,,,,14,,R,R,L,PIT,MIL,S,,,1,2,2024,-0.62,-0.73,0.9885194119098748,1.4457319414779963,,,,0,7,Bot,,,,,,,1.126103143143686,-122.87641513967309,-3.667691884320514,-6.543919902422422,24.090488730274984,-39.11675362214191,3.36,1.52,1.0,71.0,-39.0,82.8,2623,5.1,745442,661388,656555,668930,687401,642715,694192,669003,686217,55.36,,,,,,,,49,5,Slider,2,1,2,1,1,2,2,1,Strategic,Standard,339,0.0,0.0,54.3,6.8,,,0.0,88.0,1,1,0.783,0.783,26,25,26,25,1,2,3.0,3,3,1.0,3.93,-0.62,0.62,46.0,8.137937206072365,27.627346702347435,29.2639841259028,42.34346649765896,20.124744574878903,pitcher
CU,2024-09-25,84.9,0.54,6.54,"Ashby, Aaron",693304,676879,,ball,,,,,13,,R,R,L,PIT,MIL,B,,,0,2,2024,-0.67,-1.32,-0.2814347960420219,0.314508490562849,,,,0,7,Bot,,,,,,,-0.5643302948703983,-123.55993466749956,-5.45002066095953,-6.665503877006328,27.989868793898733,-44.60741115754103,3.49437909796636,1.58780107627878,,,,83.1,2604,5.4,745442,661388,656555,668930,687401,642715,694192,669003,686217,55.1,,,,,,,,49,4,Curveball,2,1,2,1,1,2,2,1,Standard,Standard,337,0.002,0.023,,,,,-0.023,,1,1,0.781,0.781,26,25,26,25,1,2,3.0,3,3,1.0,4.52,-0.67,0.67,52.2,,,,,,pitcher
FF,2024-09-25,97.8,0.6,6.57,"Ashby, Aaron",693304,676879,,foul,,,,,11,,R,R,L,PIT,MIL,S,,,0,2,2024,0.6,1.17,-0.0053441758997838,3.642695541778695,,,,0,7,Bot,,,,,,,-2.98046833075663,-142.43791257057467,-5.097032971137687,8.882892299427084,30.94391149246646,-15.240183282509433,3.36,1.52,239.0,75.1,45.0,97.1,2244,5.7,745442,661388,656555,668930,687401,642715,694192,669003,686217,54.78,,,,,,,,49,3,4-Seam Fastball,2,1,2,1,1,2,2,1,Standard,Standard,147,0.0,0.0,66.0,5.9,,,0.0,88.0,1,1,0.781,0.781,26,25,26,25,1,2,3.0,3,3,1.0,1.2,0.6,-0.6,52.5,4.67521295151357,17.628946370291395,21.490486768642587,33.096129127487764,22.288126573838365,pitcher
FF,2024-09-25,96.7,0.58,6.7,"Ashby, Aaron",693304,676879,,foul,,,,,11,,R,R,L,PIT,MIL,S,,,0,1,2024,0.37,1.03,-0.983178798252444,2.7883943158887363,,,,0,7,Bot,,,,,,,-4.91196251895006,-140.63428617859864,-7.062387670866641,6.045218332260536,32.30427270089135,-17.145998926048115,3.36,1.52,2.0,64.6,-47.0,94.7,2357,5.2,745442,661388,656555,668930,687401,642715,694192,669003,686217,55.35,,,,,,,,49,2,4-Seam Fastball,2,1,2,1,1,2,2,1,Standard,Standard,151,-0.005,-0.054,64.6,6.0,,,0.054,88.0,1,1,0.786,0.786,26,25,26,25,1,2,3.0,3,3,1.0,1.42,0.37,-0.37,51.8,-5.122097006524856,16.695449210685073,43.74101539888213,20.263819156412897,24.56908334296813,pitcher
CU,2024-09-25,81.9,0.84,6.6,"Ashby, Aaron",693304,676879,,swinging_strike,,,,,13,,R,R,L,PIT,MIL,S,,,0,0,2024,-0.31,-1.45,-1.2234840686063864,0.2638213822210495,,,,0,7,Bot,,,,,,,-3.988456552274744,-119.02611022367064,-4.749942574152943,-1.963081446323928,26.95837241811239,-44.923751880414784,3.36,1.52,,,,79.8,2638,5.3,745442,661388,656555,668930,687401,642715,694192,669003,686217,55.19,,,,,,,,49,1,Curveball,2,1,2,1,1,2,2,1,Standard,Standard,340,-0.003,-0.037,21.8,7.0,26.291392608,,0.037,,1,1,0.789,0.789,26,25,26,25,1,2,3.0,3,3,1.0,4.91,-0.31,0.31,51.6,18.790749266530103,-11.455764545307316,27.963935171585675,17.935902628064632,41.32836882178911,pitcher
SL,2024-09-25,84.1,0.79,6.28,"Ashby, Aaron",457705,676879,strikeout,swinging_strike,,,,,13,Andrew McCutchen strikes out swinging.,R,R,L,PIT,MIL,S,2.0,,2,2,2024,-0.88,-0.33,-1.0428238193254695,0.0888630128461893,,,,2,6,Bot,,,,,,,-2.4897776163311693,-122.36487100892336,-7.2405321958724755,-8.311825347249263,24.42231273377076,-34.264137452512486,3.41,1.6,,,,83.2,2535,5.7,745442,661388,656555,668930,687401,642715,694192,669003,686217,54.79,,0.0,0.0,1.0,0.0,0.0,,44,5,Slider,2,1,2,1,1,2,2,1,Strategic,Standard,345,-0.009,-0.219,15.9,6.9,23.639629764,,0.219,,1,1,0.701,0.701,26,37,26,38,1,2,3.0,1,3,1.0,3.56,-0.88,0.88,51.2,41.91985856079065,-12.305842611164593,35.0917649055608,21.74259855067252,35.71906432020521,pitcher
CU,2024-09-25,83.5,0.4,6.5,"Ashby, Aaron",457705,676879,,blocked_ball,,,,,14,,R,R,L,PIT,MIL,B,,,1,2,2024,-0.9,-1.28,0.0063261089874573,0.4292767190362374,,,,2,6,Bot,,,,,,,0.8426402756005661,-121.56297804060182,-4.906724647517435,-9.049005569879586,26.218047325481685,-43.956814827712414,3.40891561149803,1.69671323289798,,,,82.0,2512,5.5,745442,661388,656555,668930,687401,642715,694192,669003,686217,54.99,,,,,,,,44,4,Curveball,2,1,2,1,1,2,2,1,Strategic,Standard,336,0.001,0.039,,,,,-0.039,,1,1,0.7,0.7,26,37,26,38,1,2,3.0,1,3,1.0,4.57,-0.9,0.9,53.9,,,,,,pitcher
SI,2024-09-25,97.3,0.67,6.61,"Ashby, Aaron",457705,676879,,called_strike,,,,,5,,R,R,L,PIT,MIL,S,,,1,1,2024,1.06,0.53,0.1828645975086201,2.799973221317363,,,,2,6,Bot,,,,,,,-3.6450762745091816,-141.6677595039046,-5.85721216521579,15.194457582021206,29.308832693386783,-23.91419639905677,3.34607138582825,1.59285265144139,,,,95.7,2087,5.1,745442,661388,656555,668930,687401,642715,694192,669003,686217,55.36,,,,,,,,44,3,Sinker,2,1,2,1,1,2,2,1,Strategic,Standard,145,-0.002,-0.064,,,,,0.064,,1,1,0.702,0.702,26,37,26,38,1,2,3.0,1,3,1.0,1.85,1.06,-1.06,55.2,,,,,,pitcher
CU,2024-09-25,83.4,0.82,6.45,"Ashby, Aaron",457705,676879,,called_strike,,,,,3,,R,R,L,PIT,MIL,S,,,1,0,2024,-0.82,-1.28,0.7673770545405181,3.013477471759795,,,,2,6,Bot,,,,,,,1.4702200589100802,-121.41491299620569,1.0468467272745026,-8.395891662725914,24.968090553826578,-45.25628299643347,3.28641001003279,1.57368961147947,,,,81.8,2463,5.3,745442,661388,656555,668930,687401,642715,694192,669003,686217,55.21,,,,,,,,44,2,Curveball,2,1,2,1,1,2,2,1,Strategic,Standard,331,-0.002,-0.051,,,,,0.051,,1,1,0.704,0.704,26,37,26,38,1,2,3.0,1,3,1.0,4.57,-0.82,0.82,49.3,,,,,,pitcher
SI,2024-09-25,98.4,0.64,6.58,"Ashby, Aaron",457705,676879,,ball,,,,,12,,R,R,L,PIT,MIL,B,,,0,0,2024,1.19,0.73,0.1487614312055728,3.830889928390651,,,,2,6,Bot,,,,,,,-4.006694857049869,-143.27167006752114,-3.674516408143855,17.36172442992353,30.79718727171988,-21.437614243044823,3.28475876946687,1.59704862285893,,,,97.1,2119,5.4,745442,661388,656555,668930,687401,642715,694192,669003,686217,55.13,,,,,,,,44,1,Sinker,2,1,2,1,1,2,2,1,Strategic,Standard,144,0.001,0.04,,,,,-0.04,,1,1,0.703,0.703,26,37,26,38,1,2,3.0,1,3,1.0,1.61,1.19,-1.19,46.9,,,,,,pitcher
CU,2024-09-25,84.6,0.64,6.48,"Ashby, Aaron",665833,676879,field_out,hit_into_play,,,,,5,"Oneil Cruz grounds out, second baseman Brice Turang to first baseman Rhys Hoskins.",R,L,L,PIT,MIL,X,4.0,ground_ball,2,2,2024,-0.66,-1.49,0.2578440890881754,2.4126516837922587,,,,1,6,Bot,150.96,164.55,,,,,0.4105684702914973,-123.2156171499209,-0.1547258577089325,-6.743534021381976,26.82556956523784,-47.41342327402238,3.81,1.77,2.0,85.9,-51.0,82.9,2476,5.3,745442,661388,656555,668930,687401,642715,694192,669003,686217,55.21,0.241,0.217,0.0,1.0,0.0,0.0,2.0,43,5,Curveball,2,1,2,1,1,2,2,1,Strategic,Standard,336,-0.014,-0.225,77.0,6.4,,0.245,0.225,88.0,1,1,0.717,0.717,26,25,26,26,1,2,3.0,1,3,1.0,4.69,-0.66,-0.66,53.1,-2.4060535787405044,13.71003228234648,29.152217233331942,32.80389157669658,27.385412311615337,pitcher
SI,2024-09-25,97.8,0.74,6.55,"Ashby, Aaron",665833,676879,,ball,,,,,13,,R,L,L,PIT,MIL,B,,,1,2,2024,1.21,0.35,-0.4307762257419554,0.5260527158021719,,,,1,6,Bot,,,,,,,-5.805333575758521,-141.99611604303638,-11.329577427123931,17.640184129838715,31.98491265032938,-25.053084164238577,3.7963317884601,1.66973130278123,,,,96.0,1998,5.4,745442,661388,656555,668930,687401,642715,694192,669003,686217,55.13,,,,,,,,43,4,Sinker,2,1,2,1,1,2,2,1,Strategic,Standard,140,0.003,0.043,,,,,-0.043,,1,1,0.714,0.714,26,25,26,26,1,2,3.0,1,3,1.0,2.04,1.21,1.21,54.1,,,,,,pitcher
SL,2024-09-25,83.8,0.94,6.38,"Ashby, Aaron",665833,676879,,called_strike,,,,,9,,R,L,L,PIT,MIL,S,,,1,1,2024,-0.66,-0.73,0.6405351000511442,1.6555098356483788,,,,1,6,Bot,,,,,,,0.6018474831209184,-122.00004094423642,-2.991032238772113,-6.711769112235873,25.994713329646952,-38.99807044936293,3.71983315139245,1.67469504573093,,,,82.5,2561,5.6,745442,661388,656555,668930,687401,642715,694192,669003,686217,54.9,,,,,,,,43,3,Slider,2,1,2,1,1,2,2,1,Strategic,Standard,333,-0.004,-0.061,,,,,0.061,,1,1,0.718,0.718,26,25,26,26,1,2,3.0,1,3,1.0,3.99,-0.66,-0.66,43.6,,,,,,pitcher
SL,2024-09-25,83.7,0.65,6.44,"Ashby, Aaron",665833,676879,,ball,,,,,13,,R,L,L,PIT,MIL,B,,,0,1,2024,-0.8,-0.4,-0.2054553622718403,1.031278890615973,,,,1,6,Bot,,,,,,,-0.3853095774856096,-121.8429561350739,-5.167324634885873,-7.857999898384323,25.472626584671826,-35.29264370802081,3.87193285036431,1.86642860768388,,,,82.3,2436,5.5,745442,661388,656555,668930,687401,642715,694192,669003,686217,55.02,,,,,,,,43,2,Slider,2,1,2,1,1,2,2,1,Infield shade,Standard,331,0.001,0.024,,,,,-0.024,,1,1,0.717,0.717,26,25,26,26,1,2,3.0,1,3,1.0,3.67,-0.8,-0.8,44.6,,,,,,pitcher
CU,2024-09-25,82.9,0.85,6.49,"Ashby, Aaron",665833,676879,,called_strike,,,,,5,,R,L,L,PIT,MIL,S,,,0,0,2024,-0.88,-1.53,0.2727420504974485,2.6745043331440552,,,,1,6,Bot,,,,,,,0.3937736524429014,-120.59694916035484,0.7986757782433231,-8.611938623510675,26.72615007259517,-47.34145054579263,3.78667166468974,1.65861147738361,,,,81.3,2798,5.5,745442,661388,656555,668930,687401,642715,694192,669003,686217,54.97,,,,,,,,43,1,Curveball,2,1,2,1,1,2,2,1,Infield shade,Standard,331,-0.002,-0.037,,,,,0.037,,1,1,0.719,0.719,26,25,26,26,1,2,3.0,1,3,1.0,4.88,-0.88,-0.88,47.5,,,,,,pitcher
CU,2024-09-22,82.8,0.9,6.46,"Ashby, Aaron",664983,676879,strikeout,called_strike,,,,,9,Jake McCarthy called out on strikes.,R,L,L,MIL,AZ,S,2.0,,3,2,2024,-0.73,-1.39,0.6452345185775743,1.859288187555144,,,666971.0,2,4,Top,,,,,,,0.8167301123913524,-120.4722325939825,-1.2329092405877864,-7.213241147678398,26.15167423263378,-45.59050591696209,3.18480647826467,1.47349418288793,,,,81.0,2738,5.3,745929,596142,656555,668930,687401,642715,694192,663368,686217,55.16,,0.0,0.0,1.0,0.0,0.0,,36,6,Curveball,1,8,8,1,8,1,8,1,Strategic,Standard,334,0.003,-0.319,,,,,0.319,,-7,7,0.033,0.967,26,26,26,27,1,2,3.0,1,3,1.0,4.75,-0.73,-0.73,55.3,,,,,,pitcher
SL,2024-09-22,84.9,0.95,6.37,"Ashby, Aaron",664983,676879,,called_strike,,,,,1,,R,L,L,MIL,AZ,S,,,3,1,2024,-0.8,-0.2,-0.4588269327667462,2.7732445838894257,,,666971.0,2,4,Top,,,,,,,-1.6904089206633597,-123.71572626149442,-1.7361604734767333,-7.9190749822450845,23.20861641957566,-34.08773587744325,3.27468314255318,1.59950189489943,,,,83.9,2535,5.4,745929,596142,656555,668930,687401,642715,694192,663368,686217,55.1,,,,,,,,36,5,Slider,1,8,8,1,8,1,8,1,Standard,Standard,337,0.001,-0.065,,,,,0.065,,-7,7,0.032,0.968,26,26,26,27,1,2,3.0,1,3,1.0,3.34,-0.8,-0.8,49.8,,,,,,pitcher
SI,2024-09-22,96.3,0.71,6.42,"Ashby, Aaron",664983,676879,,blocked_ball,,,,,13,,R,L,L,MIL,AZ,B,,,2,1,2024,1.42,0.71,-0.6747206528971279,-0.7405672530414691,,,666971.0,2,4,Top,,,,,,,-6.72983757770345,-139.495298391239,-14.704432191469504,20.00898730275836,30.584695255819728,-19.767183765447008,3.31400666259,1.5665837478616,,,,94.3,2132,5.3,745929,596142,656555,668930,687401,642715,694192,663368,686217,55.17,,,,,,,,36,4,Sinker,1,8,8,1,8,1,8,1,Standard,Standard,142,-0.001,0.078,,,,,-0.078,,-7,7,0.033,0.967,26,26,26,27,1,2,3.0,1,3,1.0,1.76,1.42,1.42,47.0,,,,,,pitcher
SL,2024-09-22,84.1,0.93,6.37,"Ashby, Aaron",664983,676879,,ball,,,,,13,,R,L,L,MIL,AZ,B,,,1,1,2024,-0.85,-0.28,-0.2286374321003457,1.6214688228922016,,,666971.0,2,4,Top,,,,,,,-1.00251368362169,-122.4802431191696,-4.014885863509264,-8.311013792140903,25.03654680749334,-34.39826000766918,3.80293680829284,1.7777057597311,,,,82.6,2528,5.3,745929,596142,656555,668930,687401,642715,694192,663368,686217,55.16,,,,,,,,36,3,Slider,1,8,8,1,8,1,8,1,Standard,Standard,338,0.0,0.05,,,,,-0.05,,-7,7,0.033,0.967,26,26,26,27,1,2,3.0,1,3,1.0,3.51,-0.85,-0.85,44.2,,,,,,pitcher
SI,2024-09-22,96.4,0.67,6.53,"Ashby, Aaron",664983,676879,,foul,,,,,5,,R,L,L,MIL,AZ,S,,,1,0,2024,1.4,0.6,-0.1298441322808128,2.6042443406415603,,,666971.0,2,4,Top,,,,,,,-5.202712610749854,-140.22345111682156,-6.108353984883914,19.683337822007445,31.83532178410841,-23.02345595884391,3.44,1.66,4.0,79.0,-33.0,94.6,2039,5.2,745929,596142,656555,668930,687401,642715,694192,663368,686217,55.25,,,,,,,,36,2,Sinker,1,8,8,1,8,1,8,1,Standard,Standard,151,0.0,-0.048,65.3,6.2,,,0.048,88.0,-7,7,0.033,0.967,26,26,26,27,1,2,3.0,1,3,1.0,1.85,1.4,1.4,45.0,3.7990838780094354,19.73710396242904,29.52574595760525,43.276596781693954,18.87382996628338,pitcher
CU,2024-09-22,82.3,0.81,6.47,"Ashby, Aaron",664983,676879,,ball,,,,,13,,R,L,L,MIL,AZ,B,,,0,0,2024,-0.62,-1.45,-0.3793574393870318,1.3392135745442664,,,666971.0,2,4,Top,,,,,,,-1.468631968974268,-119.82484135339791,-2.196057854922833,-5.537175677611954,26.52345129393943,-45.75876886226456,3.42288848004983,1.60296520487972,,,,80.3,2720,5.2,745929,596142,656555,668930,687401,642715,694192,663368,686217,55.28,,,,,,,,36,1,Curveball,1,8,8,1,8,1,8,1,Standard,Standard,329,0.0,0.034,,,,,-0.034,,-7,7,0.033,0.967,26,26,26,27,1,2,3.0,1,3,1.0,4.85,-0.62,-0.62,55.0,,,,,,pitcher
SI,2024-09-22,96.9,0.75,6.37,"Ashby, Aaron",666971,676879,single,hit_into_play,,,,,14,Lourdes Gurriel Jr. singles on a line drive to right fielder Sal Frelick.,R,R,L,MIL,AZ,X,9.0,line_drive,0,0,2024,1.3,0.79,1.0487714468687628,2.266174792168278,,,,2,4,Top,159.58,107.1,,,,,-2.1329379456595934,-140.9575726344815,-7.099990353139292,17.850950296944795,32.27944696032891,-20.214182877801488,3.67,1.73,175.0,77.9,13.0,95.3,2030,5.4,745929,596142,656555,668930,687401,642715,694192,663368,686217,55.13,0.524,0.471,0.9,1.0,1.0,0.0,4.0,35,1,Sinker,1,8,8,1,8,1,8,1,Standard,Standard,140,-0.001,0.333,68.9,7.6,,0.55,-0.333,88.0,-7,7,0.034,0.966,26,30,26,31,1,2,3.0,2,3,1.0,1.64,1.3,-1.3,45.5,8.802104658676878,8.175528364188132,32.051871091855,48.409038428412366,20.79495462688808,pitcher
SI,2024-09-22,97.8,0.74,6.47,"Ashby, Aaron",592626,676879,strikeout,called_strike,,,,,6,Joc Pederson called out on strikes.,R,L,L,MIL,AZ,S,2.0,,3,2,2024,1.28,0.65,0.7897639275528829,2.492184519937304,,,,1,4,Top,,,,,,,-2.7480391044262182,-142.29573931523618,-6.637478881751065,17.98815632192245,32.21596653386508,-22.003296953199374,3.46599066423409,1.62058294929466,,,,96.2,1809,5.3,745929,596142,656555,668930,687401,642715,694192,663368,686217,55.17,,0.0,0.0,1.0,0.0,0.0,,34,6,Sinker,1,8,8,1,8,1,8,1,Strategic,Standard,144,0.002,-0.332,,,,,0.332,,-7,7,0.032,0.968,26,32,26,32,1,2,3.0,1,3,1.0,1.73,1.28,1.28,51.7,,,,,,pitcher
SL,2024-09-22,83.3,0.95,6.42,"Ashby, Aaron",592626,676879,,ball,,,,,12,,R,L,L,MIL,AZ,B,,,2,2,2024,-0.82,-0.27,0.7004873751229342,4.199226833913384,,,,1,4,Top,,,,,,,1.0084635932344783,-121.42049511183733,1.7576727001360115,-8.359649964173904,22.66094142274311,-35.34778888764906,3.37495183360237,1.5991258776998,,,,82.1,2471,5.3,745929,596142,656555,668930,687401,642715,694192,663368,686217,55.24,,,,,,,,34,5,Slider,1,8,8,1,8,1,8,1,Strategic,Standard,317,0.0,0.108,,,,,-0.108,,-7,7,0.032,0.968,26,32,26,32,1,2,3.0,1,3,1.0,3.53,-0.82,-0.82,44.2,,,,,,pitcher
CH,2024-09-22,90.8,0.77,6.38,"Ashby, Aaron",592626,676879,,swinging_strike,,,,,13,,R,L,L,MIL,AZ,S,,,2,1,2024,0.88,-0.05,-0.5285021291287357,1.380445619140068,,,,1,4,Top,,,,,,,-5.02656705735099,-132.0676253203075,-6.424284276152477,11.378570888658476,26.9037068359818,-31.60555673979043,3.50000049865917,1.72999919834642,,,,89.3,1852,5.3,745929,596142,656555,668930,687401,642715,694192,663368,686217,55.18,,,,,,,,34,4,Changeup,1,8,8,1,8,1,8,1,Strategic,Standard,135,0.0,-0.078,71.6,8.7,7.682794236,,0.078,,-7,7,0.032,0.968,26,32,26,32,1,2,3.0,1,3,1.0,2.8,0.88,0.88,55.6,21.110732913806554,-27.662923373013182,27.160628649887723,40.56233287652566,45.01464104651188,pitcher
SI,2024-09-22,97.5,0.55,6.47,"Ashby, Aaron",592626,676879,,ball,,,,,11,,R,L,L,MIL,AZ,B,,,1,1,2024,1.28,0.48,-0.9120611298200308,2.6437036086879404,,,,1,4,Top,,,,,,,-6.7355178522431975,-141.7637620503804,-5.779566964786902,18.83325999357993,31.68573296168661,-24.62197519000627,3.47219019352715,1.58856319641485,,,,95.7,2004,5.3,745929,596142,656555,668930,687401,642715,694192,663368,686217,55.23,,,,,,,,34,3,Sinker,1,8,8,1,8,1,8,1,Strategic,Standard,148,0.0,0.059,,,,,-0.059,,-7,7,0.032,0.968,26,32,26,32,1,2,3.0,1,3,1.0,1.92,1.28,1.28,49.4,,,,,,pitcher
SI,2024-09-22,97.2,0.71,6.51,"Ashby, Aaron",592626,676879,,ball,,,,,14,,R,L,L,MIL,AZ,B,,,0,1,2024,1.31,0.64,1.3760611859952467,1.4013579758479189,,,,1,4,Top,,,,,,,-1.175177261117875,-141.3220535611672,-9.44132774846632,17.844637352367346,31.647205527522573,-21.67923281546049,3.51493585817461,1.55920353514588,,,,95.3,2107,5.2,745929,596142,656555,668930,687401,642715,694192,663368,686217,55.31,,,,,,,,34,2,Sinker,1,8,8,1,8,1,8,1,Strategic,Standard,142,0.0,0.024,,,,,-0.024,,-7,7,0.032,0.968,26,32,26,32,1,2,3.0,1,3,1.0,1.77,1.31,1.31,51.2,,,,,,pitcher
SI,2024-09-22,98.1,0.52,6.56,"Ashby, Aaron",592626,676879,,called_strike,,,,,4,,R,L,L,MIL,AZ,S,,,0,0,2024,1.25,0.92,-0.786509904513226,2.628683430797428,,,,1,4,Top,,,,,,,-6.2690908558659295,-142.56958977829171,-7.124163806512405,18.509405045754825,32.27750116179811,-18.213803200819772,3.44120030919595,1.59271834798482,,,,96.2,2153,5.2,745929,596142,656555,668930,687401,642715,694192,663368,686217,55.26,,,,,,,,34,1,Sinker,1,8,8,1,8,1,8,1,Strategic,Standard,143,0.0,-0.037,,,,,0.037,,-7,7,0.032,0.968,26,32,26,32,1,2,3.0,1,3,1.0,1.45,1.25,1.25,48.5,,,,,,pitcher
CH,2024-09-22,91.5,0.97,6.45,"Ashby, Aaron",606466,676879,strikeout,swinging_strike,,,,,14,Ketel Marte strikes out swinging.,R,R,L,MIL,AZ,S,2.0,,0,2,2024,0.91,0.23,0.830739544030459,1.5647276070519065,,,,0,4,Top,,,,,,,-2.270548984045547,-133.22723466391713,-6.890161454506427,11.34645198673331,26.74712325079691,-28.188703867491142,3.62,1.73,,,,90.3,1825,5.3,745929,596142,656555,668930,687401,642715,694192,663368,686217,55.15,,0.0,0.0,1.0,0.0,0.0,,33,3,Changeup,1,8,8,1,8,1,8,1,Standard,Standard,132,0.001,-0.163,75.6,9.2,1.6220361,,0.163,,-7,7,0.031,0.969,26,30,26,31,1,2,3.0,1,3,1.0,2.47,0.91,-0.91,46.0,19.57236244125721,-22.825829615386205,35.1205081034448,44.02508220299855,41.27134026599609,pitcher
SI,2024-09-22,96.0,0.76,6.56,"Ashby, Aaron",606466,676879,,foul,,,,,13,,R,R,L,MIL,AZ,S,,,0,1,2024,1.15,0.52,-0.721646943412565,1.5513716446307737,,,,0,4,Top,,,,,,,-6.358483735252693,-139.50161556785932,-8.64874197871525,16.46348368348519,31.47054390715505,-23.605542185395603,3.62,1.73,3.0,93.1,-30.0,93.8,1984,5.1,745929,596142,656555,668930,687401,642715,694192,663368,686217,55.4,,,,,,,,33,2,Sinker,1,8,8,1,8,1,8,1,Standard,Standard,145,0.001,-0.054,78.1,8.0,,,0.054,93.1,-7,7,0.03,0.97,26,30,26,31,1,2,3.0,1,3,1.0,1.96,1.15,-1.15,46.0,9.691346243483288,-10.334129733369751,44.641181508019386,26.130957120920478,36.0300411270689,pitcher
CU,2024-09-22,81.9,1.0,6.52,"Ashby, Aaron",606466,676879,,called_strike,,,,,6,,R,R,L,MIL,AZ,S,,,0,0,2024,-0.61,-1.43,0.3256622395777239,2.1677534564548964,,,,0,4,Top,,,,,,,-0.3406592559563248,-119.1783364303742,-0.4374001532725662,-5.6671006828012285,26.2982813440442,-45.75760531816959,3.37693993826493,1.47301395473108,,,,79.8,2697,5.2,745929,596142,656555,668930,687401,642715,694192,663368,686217,55.31,,,,,,,,33,1,Curveball,1,8,8,1,8,1,8,1,Standard,Standard,334,0.0,-0.037,,,,,0.037,,-7,7,0.03,0.97,26,30,26,31,1,2,3.0,1,3,1.0,4.87,-0.61,0.61,48.7,,,,,,pitcher
SI,2024-09-22,97.3,0.79,6.48,"Ashby, Aaron",656976,676879,strikeout,swinging_strike,,,,,14,Pavin Smith strikes out swinging.,R,L,L,MIL,AZ,S,2.0,,3,2,2024,1.36,0.81,1.0143893675491915,1.5480405627655276,,672515.0,672695.0,2,3,Top,,,,,,,-2.4692227515966723,-141.4284862748535,-9.411161407371932,18.895502949845017,30.89469436208342,-19.404400267572573,3.44,1.62,,,,95.8,2072,5.4,745929,596142,656555,668930,687401,642715,694192,663368,686217,55.14,,0.0,0.0,1.0,0.0,0.0,,26,6,Sinker,0,8,8,0,8,0,8,0,Strategic,Standard,141,0.004,-0.298,75.4,7.6,1.791513144,,0.298,,-8,8,0.024,0.976,26,28,26,28,1,2,3.0,1,3,1.0,1.59,1.36,1.36,48.5,12.14713704065201,-5.747117642116902,38.869157906225375,24.434583174932,26.226863869487232,pitcher
SI,2024-09-22,97.7,0.77,6.46,"Ashby, Aaron",656976,676879,,called_strike,,,,,7,,R,L,L,MIL,AZ,S,,,3,1,2024,1.29,0.9,-0.3071975977094057,1.779993483715636,,672515.0,672695.0,2,3,Top,,,,,,,-5.741847212189663,-141.99221516626778,-9.019438410264163,18.70684843012581,31.73205485619065,-18.08983252545928,3.31144218519346,1.51962161810036,,,,95.9,2074,5.3,745929,596142,656555,668930,687401,642715,694192,663368,686217,55.22,,,,,,,,26,5,Sinker,0,8,8,0,8,0,8,0,Standard,Standard,145,0.001,-0.074,,,,,0.074,,-8,8,0.023,0.977,26,28,26,28,1,2,3.0,1,3,1.0,1.49,1.29,1.29,46.3,,,,,,pitcher
SI,2024-09-22,97.7,0.86,6.49,"Ashby, Aaron",656976,676879,,called_strike,,,,,5,,R,L,L,MIL,AZ,S,,,3,0,2024,1.17,0.88,-0.1682478184970401,2.122165812608995,,672515.0,672695.0,2,3,Top,,,,,,,-5.359080040802434,-142.13087477801315,-8.168527038026118,17.077990606732047,31.403628615020097,-18.534996975844432,3.30807812099068,1.51617994113246,,,,96.1,2067,5.3,745929,596142,656555,668930,687401,642715,694192,663368,686217,55.2,,,,,,,,26,4,Sinker,0,8,8,0,8,0,8,0,Standard,Standard,145,0.0,-0.058,,,,,0.058,,-8,8,0.023,0.977,26,28,26,28,1,2,3.0,1,3,1.0,1.5,1.17,1.17,46.8,,,,,,pitcher
SI,2024-09-22,96.7,0.84,6.44,"Ashby, Aaron",656976,676879,,blocked_ball,,,,,13,,R,L,L,MIL,AZ,B,,,2,0,2024,1.44,0.79,-0.1874693052798837,0.6344488233769525,,672515.0,672695.0,2,3,Top,,,,,,,-5.871744420456196,-140.3308735451773,-11.49239113063588,20.377688587232253,29.161896282366605,-19.438947231083624,3.29310109632359,1.53671081313668,,,,95.0,2270,5.3,745929,596142,656555,668930,687401,642715,694192,663368,686217,55.23,,,,,,,,26,3,Sinker,0,8,8,0,8,0,8,0,Standard,Standard,142,0.0,0.08,,,,,-0.08,,-8,8,0.023,0.977,26,28,26,28,1,2,3.0,1,3,1.0,1.65,1.44,1.44,44.3,,,,,,pitcher
CU,2024-09-22,82.3,0.93,6.36,"Ashby, Aaron",656976,676879,,blocked_ball,,,,,14,,R,L,L,MIL,AZ,B,,,1,0,2024,-0.55,-1.27,0.2164733948401421,0.8544609703412593,,672515.0,672695.0,2,3,Top,,,,,,,-0.5478597884561023,-119.9147118644396,-3.4561997574515844,-5.1888502632310365,24.375976434182544,-43.94808918980926,3.21330801054543,1.38591240249448,,,,80.8,2488,5.3,745929,596142,656555,668930,687401,642715,694192,663368,686217,55.21,,,,,,,,26,2,Curveball,0,8,8,0,8,0,8,0,Standard,Standard,334,-0.001,0.044,,,,,-0.044,,-8,8,0.024,0.976,26,28,26,28,1,2,3.0,1,3,1.0,4.65,-0.55,-0.55,47.7,,,,,,pitcher
SI,2024-09-22,98.0,0.8,6.48,"Ashby, Aaron",656976,676879,,ball,,,,,13,,R,L,L,MIL,AZ,B,,,0,0,2024,1.31,0.82,-0.9915422628974164,1.4395534714046423,,672515.0,672695.0,2,3,Top,,,,,,,-7.693366966986599,-142.19962992897158,-9.82370956480695,19.55680558423333,32.22024815797593,-18.887255748756036,3.35389528707816,1.52698552825856,,,,96.0,2151,5.3,745929,596142,656555,668930,687401,642715,694192,663368,686217,55.23,,,,,,,,26,1,Sinker,0,8,8,0,8,0,8,0,Standard,Standard,156,0.0,0.026,,,,,-0.026,,-8,8,0.024,0.976,26,28,26,28,1,2,3.0,1,3,1.0,1.56,1.31,1.31,44.7,,,,,,pitcher
SL,2024-09-22,84.3,0.93,6.27,"Ashby, Aaron",672695,676879,walk,blocked_ball,,,,,13,Geraldo Perdomo walks. Gabriel Moreno to 2nd.,R,R,L,MIL,AZ,B,,,3,2,2024,-0.95,-0.29,-2.520299818950205,-0.3011026618702095,,,672515.0,2,3,Top,,,,,,,-6.037122088825057,-122.33810348093138,-8.081851503495216,-8.023303247574363,27.75427090468421,-33.43457730952164,3.25063986303856,1.45592183080382,,,,82.4,2415,5.5,745929,596142,656555,668930,687401,642715,694192,663368,686217,54.99,,0.689131,0.7,1.0,0.0,0.0,,25,7,Slider,0,8,8,0,8,0,8,0,Standard,Standard,346,-0.002,0.217,,,,,-0.217,,-8,8,0.026,0.974,26,24,26,25,1,1,3.0,1,3,1.0,3.55,-0.95,0.95,43.1,,,,,,pitcher
SL,2024-09-22,84.5,0.99,6.37,"Ashby, Aaron",672695,676879,,foul,,,,,8,,R,R,L,MIL,AZ,S,,,3,2,2024,-0.49,-0.32,-0.2619344096195414,1.834968007953736,,,672515.0,2,3,Top,,,,,,,-1.929753124806829,-123.18658566880204,-3.6357629245676377,-4.642756324821913,21.774150536646776,-34.98834129054653,3.44,1.61,,,,83.6,2575,5.4,745929,596142,656555,668930,687401,642715,694192,663368,686217,55.13,,,,,,,,25,6,Slider,0,8,8,0,8,0,8,0,Standard,Standard,335,0.0,0.0,69.8,8.0,,,0.0,,-8,8,0.026,0.974,26,24,26,25,1,1,3.0,1,3,1.0,3.47,-0.49,0.49,45.4,20.97389347929149,-19.794792982382777,34.97969892699538,34.76564923739091,38.02231503311873,pitcher
SI,2024-09-22,96.8,0.64,6.55,"Ashby, Aaron",672695,676879,,called_strike,,,,,9,,R,R,L,MIL,AZ,S,,,3,1,2024,1.33,0.77,0.4761845263617976,1.6259505329347546,,,672515.0,2,3,Top,,,,,,,-3.3965328859747754,-140.78914459442345,-9.189987532270765,18.487325837542645,30.826642149488737,-20.05049683990496,3.39135676272524,1.60643795932684,,,,95.1,2047,5.2,745929,596142,656555,668930,687401,642715,694192,663368,686217,55.27,,,,,,,,25,5,Sinker,0,8,8,0,8,0,8,0,Standard,Standard,149,0.001,-0.065,,,,,0.065,,-8,8,0.025,0.975,26,24,26,25,1,1,3.0,1,3,1.0,1.66,1.33,-1.33,54.3,,,,,,pitcher
CU,2024-09-22,81.7,0.86,6.45,"Ashby, Aaron",672695,676879,,blocked_ball,,,,,13,,R,R,L,MIL,AZ,B,,,2,1,2024,-0.63,-1.34,-0.3504886324489834,0.4044531886726998,,,672515.0,2,3,Top,,,,,,,-1.4740406391160288,-118.9071840115986,-4.343983859602666,-5.643800373634781,25.046145365544128,-44.0732305740617,3.3989230334935,1.57782819369935,,,,79.9,2467,5.2,745929,596142,656555,668930,687401,642715,694192,663368,686217,55.27,,,,,,,,25,4,Curveball,0,8,8,0,8,0,8,0,Standard,Standard,335,-0.001,0.078,,,,,-0.078,,-8,8,0.026,0.974,26,24,26,25,1,1,3.0,1,3,1.0,4.78,-0.63,0.63,48.1,,,,,,pitcher
SI,2024-09-22,95.8,0.86,6.51,"Ashby, Aaron",672695,676879,,foul,,,,,6,,R,R,L,MIL,AZ,S,,,2,0,2024,1.36,0.67,0.68320705689514,2.6779254360117326,,,672515.0,2,3,Top,,,,,,,-3.471003655701588,-139.4989264800026,-5.949025751997086,18.61921952313289,30.07934973961544,-22.34519600989238,3.44,1.61,250.0,79.8,48.0,94.1,2030,5.2,745929,596142,656555,668930,687401,642715,694192,663368,686217,55.34,,,,,,,,25,3,Sinker,0,8,8,0,8,0,8,0,Standard,Standard,139,0.001,-0.048,70.6,7.0,,,0.048,88.0,-8,8,0.025,0.975,26,24,26,25,1,1,3.0,1,3,1.0,1.8,1.36,-1.36,45.0,7.672935536968116,7.4231463753374065,26.61744674883345,46.36307532708379,27.135523959367347,pitcher
CH,2024-09-22,89.1,1.0,6.42,"Ashby, Aaron",672695,676879,,ball,,,,,12,,R,R,L,MIL,AZ,B,,,1,0,2024,1.36,0.17,1.4843747390374469,2.5212852701468105,,,672515.0,2,3,Top,,,,,,,-1.6118290998485487,-129.7906680879154,-3.864116960269873,15.719447590026546,26.49722838228905,-29.72031217069925,3.18574453447581,1.29188467382599,,,,87.6,1950,5.2,745929,596142,656555,668930,687401,642715,694192,663368,686217,55.29,,,,,,,,25,2,Changeup,0,8,8,0,8,0,8,0,Standard,Standard,135,-0.001,0.05,,,,,-0.05,,-8,8,0.026,0.974,26,24,26,25,1,1,3.0,1,3,1.0,2.69,1.36,-1.36,45.4,,,,,,pitcher
CU,2024-09-22,81.5,0.91,6.49,"Ashby, Aaron",672695,676879,,ball,,,,,14,,R,R,L,MIL,AZ,B,,,0,0,2024,-0.53,-1.36,1.1617786367068068,2.2042320751307827,,,672515.0,2,3,Top,,,,,,,1.558156499756231,-118.64934208504486,-0.4305564806766244,-5.290779165205823,23.880299175687217,-45.06957712961472,3.33581812940673,1.44215784728575,,,,79.8,2542,5.2,745929,596142,656555,668930,687401,642715,694192,663368,686217,55.27,,,,,,,,25,1,Curveball,0,8,8,0,8,0,8,0,Standard,Standard,333,0.0,0.034,,,,,-0.034,,-8,8,0.026,0.974,26,24,26,25,1,1,3.0,1,3,1.0,4.8,-0.53,0.53,47.3,,,,,,pitcher
SI,2024-09-19,97.3,0.95,6.41,"Ashby, Aaron",656976,676879,strikeout,swinging_strike,,,,,14,Pavin Smith strikes out swinging.,R,L,L,MIL,AZ,S,2.0,,0,2,2024,1.42,0.55,0.8826513726391555,1.9059932763987857,,,606466.0,2,5,Top,,,,,,,-3.346696684845337,-141.56900404081964,-7.670841015631406,19.806469040965748,33.18730105983973,-23.193312610101863,3.44,1.62,,,,95.3,2094,5.2,745937,661388,641343,668930,655316,687401,694192,663368,686217,55.31,,0.0,0.0,1.0,0.0,0.0,,36,4,Sinker,0,3,3,0,3,0,3,0,Standard,Standard,143,0.008,-0.17,71.7,6.9,2.001828732,,0.17,,-3,3,0.184,0.816,26,28,26,28,1,2,2.0,1,3,1.0,1.86,1.42,1.42,46.7,5.822460812796409,0.5819990658041978,33.91518003269113,27.65960512001144,24.31221091333749,pitcher
SL,2024-09-19,83.9,1.03,6.27,"Ashby, Aaron",656976,676879,,foul,,,,,5,,R,L,L,MIL,AZ,S,,,0,2,2024,-0.93,-0.06,-0.211312879638855,2.4607684494479094,,,606466.0,2,5,Top,,,,,,,-1.010267467268108,-122.19656054878293,-2.2366628780558795,-9.103259821384198,25.79566234380846,-32.55086015194956,3.44,1.62,159.0,71.2,61.0,82.3,2546,5.3,745937,661388,641343,668930,655316,687401,694192,663368,686217,55.18,,,,,,,,36,3,Slider,0,3,3,0,3,0,3,0,Standard,Standard,327,0.0,0.0,59.2,7.3,,,0.0,88.0,-3,3,0.184,0.816,26,28,26,28,1,2,2.0,1,3,1.0,3.31,-0.93,-0.93,48.8,6.406860764032948,-1.6301148157664458,37.9293383155565,41.39437335848754,24.803250465959845,pitcher
SI,2024-09-19,97.7,0.8,6.39,"Ashby, Aaron",656976,676879,,called_strike,,,,,8,,R,L,L,MIL,AZ,S,,,0,1,2024,1.41,0.71,0.2378442223979255,1.5470429583657117,,,606466.0,2,5,Top,,,,,,,-4.6688439892526,-141.93461103544266,-8.950435295338934,20.104843053068056,35.15402796850801,-20.63774283602173,3.59047828759739,1.61498670505492,,,,95.5,2240,5.3,745937,661388,641343,668930,655316,687401,694192,663368,686217,55.21,,,,,,,,36,2,Sinker,0,3,3,0,3,0,3,0,Standard,Standard,144,0.003,-0.054,,,,,0.054,,-3,3,0.181,0.819,26,28,26,28,1,2,2.0,1,3,1.0,1.7,1.41,1.41,47.9,,,,,,pitcher
CU,2024-09-19,83.4,0.94,6.4,"Ashby, Aaron",656976,676879,,called_strike,,,,,7,,R,L,L,MIL,AZ,S,,,0,0,2024,-0.83,-1.28,-0.3995499433370911,1.823643406599724,,,606466.0,2,5,Top,,,,,,,-1.4094933116070587,-121.2524873364654,-1.3830599174417813,-7.696136609870083,29.47706297029706,-44.503210036193785,3.43483444092115,1.53075829051875,,,,81.1,2633,5.3,745937,661388,641343,668930,655316,687401,694192,663368,686217,55.19,,,,,,,,36,1,Curveball,0,3,3,0,3,0,3,0,Standard,Standard,330,0.002,-0.047,,,,,0.047,,-3,3,0.179,0.821,26,28,26,28,1,2,2.0,1,3,1.0,4.63,-0.83,-0.83,49.2,,,,,,pitcher
SI,2024-09-19,98.0,0.87,6.43,"Ashby, Aaron",572233,676879,sac_fly,hit_into_play,,,,,5,Christian Walker out on a sacrifice fly to right fielder Sal Frelick. Corbin Carroll scores.,R,R,L,MIL,AZ,X,9.0,fly_ball,2,0,2024,1.31,1.01,0.2029794463032362,2.545800491481859,682998.0,,606466.0,1,5,Top,210.72,88.79,,,,,-4.718465806639546,-142.5920709334125,-7.243032701455236,18.958174314312338,31.67050775363585,-16.952924835927558,3.41,1.58,342.0,97.1,32.0,96.4,2147,5.3,745937,661388,641343,668930,655316,687401,694192,663368,686217,55.19,,0.5771111111111111,0.0,1.0,0.0,0.0,5.0,35,3,Sinker,0,2,2,0,3,0,3,0,Standard,Standard,149,-0.011,-0.192,74.0,6.8,,,0.192,97.1,-2,2,0.19,0.81,26,33,26,33,1,2,2.0,1,3,1.0,1.36,1.31,-1.31,55.0,-1.9233439665936556,9.004470099739923,31.875425425931137,36.6494096301398,25.65205232605761,pitcher
CU,2024-09-19,81.9,1.02,6.31,"Ashby, Aaron",572233,676879,,blocked_ball,,,,,13,,R,R,L,MIL,AZ,B,,,1,0,2024,-0.64,-1.38,-0.8984834506781586,0.4091362817475321,682998.0,,606466.0,1,5,Top,,,,,,,-3.036056657638866,-119.19893777931183,-3.973590913804162,-5.4357145883854585,25.49255039141619,-44.62843010832484,3.48495368109031,1.58776301866337,,,,80.3,2639,5.4,745937,661388,641343,668930,655316,687401,694192,663368,686217,55.08,,,,,,,,35,2,Curveball,0,2,2,0,2,0,2,0,Standard,Standard,337,-0.004,0.028,,,,,-0.028,,-2,2,0.194,0.806,26,33,26,33,1,2,2.0,1,3,1.0,4.81,-0.64,0.64,49.6,,,,,,pitcher
CU,2024-09-19,83.1,0.92,6.37,"Ashby, Aaron",572233,676879,,ball,,,,,13,,R,R,L,MIL,AZ,B,,,0,0,2024,-0.59,-1.42,-0.3913196810732387,1.1044521442378823,682998.0,,606466.0,1,5,Top,,,,,,,-1.8286642545366047,-121.01565335863071,-2.753322468263929,-5.336381812220493,25.92641162265763,-45.63588628962191,3.35222457598053,1.55010003328666,,,,81.3,2600,5.2,745937,661388,641343,668930,655316,687401,694192,663368,686217,55.28,,,,,,,,35,1,Curveball,0,2,2,0,2,0,2,0,Standard,Standard,336,-0.002,0.024,,,,,-0.024,,-2,2,0.196,0.804,26,33,26,33,1,2,2.0,1,3,1.0,4.74,-0.59,0.59,48.5,,,,,,pitcher
CU,2024-09-19,82.7,0.9,6.42,"Ashby, Aaron",545341,676879,strikeout,swinging_strike,,,,,14,Randal Grichuk strikes out swinging.,R,R,L,MIL,AZ,S,2.0,,1,2,2024,-0.66,-1.37,0.3662363326723612,1.1371070360288416,682998.0,,606466.0,0,5,Top,,,,,,,0.0597665196094132,-120.369176218913,-2.789740599544885,-6.357434796266798,25.9517929815134,-44.98613467200028,3.19,1.47,,,,81.1,2553,5.5,745937,661388,641343,668930,655316,687401,694192,663368,686217,55.04,,0.0,0.0,1.0,0.0,0.0,,34,7,Curveball,0,2,2,0,2,0,2,0,Standard,Standard,334,0.027,-0.228,71.9,8.6,1.87506732,,0.228,,-2,2,0.169,0.831,26,32,26,33,1,0,2.0,1,3,1.0,4.73,-0.66,0.66,52.5,15.479046486034951,-21.919585280416307,26.286519913540715,41.03100437535209,45.18704061472972,pitcher
SI,2024-09-19,97.2,0.9,6.51,"Ashby, Aaron",545341,676879,,foul,,,,,8,,R,R,L,MIL,AZ,S,,,1,2,2024,1.23,0.7,0.2532808906790206,1.8328466578607976,682998.0,,606466.0,0,5,Top,,,,,,,-4.424716187059635,-141.31257611229626,-8.438148282662688,17.453098120456488,30.917557138242024,-21.03668885855632,3.19,1.47,299.0,97.1,18.0,95.1,2121,5.0,745937,661388,641343,668930,655316,687401,694192,663368,686217,55.47,,,,,,,,34,6,Sinker,0,2,2,0,2,0,2,0,Standard,Strategic,148,0.0,0.0,76.0,7.1,,,0.0,97.1,-2,2,0.169,0.831,26,32,26,33,1,0,2.0,1,3,1.0,1.7,1.23,-1.23,54.9,-5.430703030603352,13.394698020749392,36.17267825217496,39.68928146411533,16.302082398588976,pitcher
SL,2024-09-19,84.6,1.06,6.28,"Ashby, Aaron",545341,676879,,foul,,,,,5,,R,R,L,MIL,AZ,S,,,1,2,2024,-1.13,-0.03,-0.088197876687156,2.0086671785070496,682998.0,,606466.0,0,5,Top,,,,,,,-0.4142044059106605,-123.1599543320074,-3.4185555436812693,-11.296755832264898,28.19416573161256,-31.982485211741206,3.19,1.47,,,,82.8,2508,5.4,745937,661388,641343,668930,655316,687401,694192,663368,686217,55.1,,,,,,,,34,5,Slider,0,2,2,0,2,0,2,0,Standard,Strategic,329,0.0,0.0,70.3,7.9,,,0.0,,-2,2,0.169,0.831,26,32,26,33,1,0,2.0,1,3,1.0,3.26,-1.13,1.13,46.4,12.118619230186496,-4.022306845570574,26.60626884113488,36.16548126225758,30.90567874530464,pitcher
SI,2024-09-19,97.9,0.76,6.52,"Ashby, Aaron",545341,676879,,foul,,,,,8,,R,R,L,MIL,AZ,S,,,1,2,2024,1.29,1.02,-0.2500365771679231,1.7875952127689163,682998.0,,606466.0,0,5,Top,,,,,,,-5.566736162214569,-142.29616802752173,-9.442554737793133,18.786740956138505,31.771969945710083,-16.387855266559903,3.19,1.47,152.0,80.6,13.0,96.1,2062,5.3,745937,661388,641343,668930,655316,687401,694192,663368,686217,55.23,,,,,,,,34,4,Sinker,0,2,2,0,2,0,2,0,Standard,Strategic,150,0.0,0.0,75.8,7.8,,,0.0,88.0,-2,2,0.169,0.831,26,32,26,33,1,0,2.0,1,3,1.0,1.36,1.29,-1.29,56.2,6.213100814789449,-10.79441909845094,38.02853818975241,34.08062658003847,27.881888876873838,pitcher
CU,2024-09-19,81.4,0.97,6.45,"Ashby, Aaron",545341,676879,,called_strike,,,,,2,,R,R,L,MIL,AZ,S,,,1,1,2024,-0.86,-1.21,0.1804875680861275,2.6439006967695,682998.0,,606466.0,0,5,Top,,,,,,,-0.1356195007763487,-118.52515411257384,0.3769222633822358,-8.025099303590363,24.41136029616398,-43.84862669555045,3.16572074388666,1.44378967198944,,,,79.6,2582,5.2,745937,661388,641343,668930,655316,687401,694192,663368,686217,55.32,,,,,,,,34,3,Curveball,0,2,2,0,2,0,2,0,Standard,Strategic,328,0.01,-0.087,,,,,0.087,,-2,2,0.159,0.841,26,32,26,33,1,0,2.0,1,3,1.0,4.67,-0.86,0.86,50.0,,,,,,pitcher
SI,2024-09-19,97.4,0.89,6.46,"Ashby, Aaron",545341,676879,,foul,,,,,8,,R,R,L,MIL,AZ,S,,,1,0,2024,1.38,0.88,-0.0952356430987908,1.8144571436599144,682998.0,,606466.0,0,5,Top,,,,,,,-5.666388939169122,-141.5703682223241,-8.819037190813829,19.797013678003296,32.88818766853407,-18.41676335301054,3.19,1.47,172.0,68.2,62.0,95.5,2154,5.3,745937,661388,641343,668930,655316,687401,694192,663368,686217,55.22,,,,,,,,34,2,Sinker,0,2,2,0,2,0,2,0,Standard,Strategic,147,0.004,-0.043,69.8,8.0,,,0.043,88.0,-2,2,0.155,0.845,26,32,26,33,1,0,2.0,1,3,1.0,1.53,1.38,-1.38,47.9,6.338989191322998,-21.30169498994312,35.20997151176496,36.450688985915576,35.75807605976486,pitcher
SI,2024-09-19,95.8,0.76,6.49,"Ashby, Aaron",545341,676879,,ball,,,,,13,,R,R,L,MIL,AZ,B,,,0,0,2024,1.35,0.63,-0.0201993069250445,0.9990388261937586,682998.0,,606466.0,0,5,Top,,,,,,,-4.985212109876504,-139.13029715053648,-10.11338609644414,18.691914562523746,30.62275177455582,-21.89999909476137,3.27329463607252,1.53760876827387,,,,93.8,2097,5.2,745937,661388,641343,668930,655316,687401,694192,663368,686217,55.3,,,,,,,,34,1,Sinker,0,2,2,0,2,0,2,0,Standard,Strategic,147,-0.002,0.021,,,,,-0.021,,-2,2,0.157,0.843,26,32,26,33,1,0,2.0,1,3,1.0,1.86,1.35,-1.35,50.4,,,,,,pitcher
SL,2024-09-17,84.3,0.89,6.22,"Ashby, Aaron",592206,676879,field_out,hit_into_play,,,,,9,Nick Castellanos lines out to center fielder Garrett Mitchell.,R,R,L,MIL,PHI,X,8.0,line_drive,2,2,2024,-0.71,-0.43,0.8201600407650471,2.0076567308360778,,656941.0,607208.0,2,7,Top,134.78,79.1,,,,,1.2333907513241913,-122.84986621827566,-2.6218406693731025,-7.507421708293394,21.87888071468045,-36.29141997740983,3.8,1.79,300.0,89.4,19.0,83.3,2480,5.3,745935,661388,641343,668930,687401,642715,694192,669003,686217,55.16,0.532,0.501,0.0,1.0,0.0,0.0,4.0,53,6,Slider,1,4,4,1,4,1,4,1,Standard,Standard,341,0.016,-0.203,58.6,7.9,,0.636,0.203,89.4,-3,3,0.112,0.888,26,32,26,32,1,3,2.0,1,2,1.0,3.6,-0.71,0.71,44.6,8.605704272257652,7.724088689850115,38.18867265101347,47.071718368343696,20.805856826158674,pitcher
SI,2024-09-17,98.9,0.76,6.4,"Ashby, Aaron",592206,676879,,foul,,,,,5,,R,R,L,MIL,PHI,S,,,2,2,2024,1.05,0.68,-0.1282214700138808,2.8750139576846907,,656941.0,607208.0,2,7,Top,,,,,,,-4.76892289613998,-144.01706535366753,-5.725206979280447,15.659841823768542,31.376327953052144,-21.590505484120257,3.8,1.79,144.0,81.4,11.0,97.7,2217,5.4,745935,661388,641343,668930,687401,642715,694192,669003,686217,55.09,,,,,,,,53,5,Sinker,1,4,4,1,4,1,4,1,Standard,Standard,141,0.0,0.0,73.2,6.3,,,0.0,88.0,-3,3,0.112,0.888,26,32,26,32,1,3,2.0,1,2,1.0,1.63,1.05,-1.05,49.9,-7.459605321824831,15.450954051913788,41.11990493403114,35.10131791168432,18.78150806978917,pitcher
CU,2024-09-17,85.1,0.76,6.25,"Ashby, Aaron",592206,676879,,swinging_strike_blocked,,,,,13,,R,R,L,MIL,PHI,S,,,2,1,2024,-0.45,-1.52,-0.4663288585360571,0.0658070729788899,,656941.0,607208.0,2,7,Top,,,,,,,-1.9363908096473996,-123.77937795967964,-4.983734021568786,-4.104090526277177,29.13170386284661,-46.61949722122876,3.8,1.79,,,,83.3,2694,5.6,745935,661388,641343,668930,687401,642715,694192,669003,686217,54.94,,,,,,,,53,4,Curveball,1,4,4,1,4,1,4,1,Standard,Strategic,332,0.004,-0.102,73.0,9.0,18.070246992,,0.102,,-3,3,0.108,0.892,26,32,26,32,1,3,2.0,1,2,1.0,4.71,-0.45,0.45,51.3,35.923260922569845,-29.733380971195487,50.07018788276929,33.09749667545803,57.9637431310573,pitcher
CU,2024-09-17,84.3,0.81,6.27,"Ashby, Aaron",592206,676879,,ball,,,,,14,,R,R,L,MIL,PHI,B,,,1,1,2024,-0.63,-1.47,0.9696023916343433,2.1770134657096154,,656941.0,607208.0,2,7,Top,,,,,,,1.5859785643712816,-122.70748740168068,-0.1232013512428804,-6.604233021790396,28.21421661521013,-47.107721871863525,3.76741170185132,1.7544431706048,,,,82.5,2549,5.5,745935,661388,641343,668930,687401,642715,694192,669003,686217,55.03,,,,,,,,53,3,Curveball,1,4,4,1,4,1,4,1,Standard,Strategic,331,-0.002,0.042,,,,,-0.042,,-3,3,0.11,0.89,26,32,26,32,1,3,2.0,1,2,1.0,4.72,-0.63,0.63,56.4,,,,,,pitcher
SI,2024-09-17,98.1,0.77,6.39,"Ashby, Aaron",592206,676879,,called_strike,,,,,13,,R,R,L,MIL,PHI,S,,,1,0,2024,1.24,0.62,-0.8688715019201234,1.7624445127991528,,656941.0,607208.0,2,7,Top,,,,,,,-7.1566773251438365,-142.44058933411205,-8.269648785505398,18.50740371399745,34.68106607494425,-21.914261083350347,3.75564735815301,1.70510341240578,,,,96.1,2453,5.4,745935,661388,641343,668930,687401,642715,694192,669003,686217,55.1,,,,,,,,53,2,Sinker,1,4,4,1,4,1,4,1,Standard,Strategic,141,0.002,-0.042,,,,,0.042,,-3,3,0.108,0.892,26,32,26,32,1,3,2.0,1,2,1.0,1.77,1.24,-1.24,51.8,,,,,,pitcher
CH,2024-09-17,91.7,0.85,6.17,"Ashby, Aaron",592206,676879,,ball,,,,,13,,R,R,L,MIL,PHI,B,,,0,0,2024,1.27,0.57,-0.3284305761363248,0.9231405319906484,,656941.0,607208.0,2,7,Top,,,,,,,-5.595282802213872,-133.147110940859,-8.459388977755848,16.283724693341377,29.89372608394884,-23.64730721178964,3.80163063748962,1.81637189440425,,,,89.8,1630,5.4,745935,661388,641343,668930,687401,642715,694192,669003,686217,55.12,,,,,,,,53,1,Changeup,1,4,4,1,4,1,4,1,Standard,Standard,131,-0.001,0.026,,,,,-0.026,,-3,3,0.109,0.891,26,32,26,32,1,3,2.0,1,2,1.0,2.16,1.27,-1.27,44.6,,,,,,pitcher
SL,2024-09-17,85.2,1.03,6.14,"Ashby, Aaron",547180,676879,strikeout,swinging_strike,,,,,13,Bryce Harper strikes out swinging.,R,L,L,MIL,PHI,S,2.0,,0,2,2024,-1.12,-0.24,-0.6054227491483946,1.318575858984815,,656941.0,607208.0,1,7,Top,,,,,,,-1.5687754654463664,-123.95002553834026,-4.4153372118385175,-11.157825320922948,26.94179238155218,-33.906688285719014,3.14,1.61,,,,83.4,2518,5.3,745935,661388,641343,668930,687401,642715,694192,669003,686217,55.18,,0.0,0.0,1.0,0.0,0.0,,52,4,Slider,1,4,4,1,4,1,4,1,Standard,Standard,326,0.01,-0.155,67.4,8.5,3.848768004,,0.155,,-3,3,0.099,0.901,26,31,26,32,1,3,2.0,1,2,1.0,3.4,-1.12,-1.12,43.6,28.71571343545252,-29.368933395998543,33.446054402788064,43.50315749668594,50.51961328296247,pitcher
SL,2024-09-17,85.5,1.05,6.19,"Ashby, Aaron",547180,676879,,foul,,,,,9,,R,L,L,MIL,PHI,S,,,0,2,2024,-0.89,-0.39,0.3790879216381015,2.0097486072218538,,656941.0,607208.0,1,7,Top,,,,,,,0.1953333736883514,-124.5243137689605,-2.7736398423318347,-9.317126966152433,24.889572881193097,-35.91469987067724,3.14,1.61,,,,84.1,2457,5.3,745935,661388,641343,668930,687401,642715,694192,669003,686217,55.16,,,,,,,,52,3,Slider,1,4,4,1,4,1,4,1,Standard,Standard,327,0.0,0.0,62.2,6.6,,,0.0,,-3,3,0.099,0.901,26,31,26,32,1,3,2.0,1,2,1.0,3.5,-0.89,-0.89,50.0,6.169355338222133,2.343192101310269,39.1664329659502,32.61418697167055,27.87698065841591,pitcher
SI,2024-09-17,97.5,0.61,6.42,"Ashby, Aaron",547180,676879,,called_strike,,,,,4,,R,L,L,MIL,PHI,S,,,0,1,2024,1.21,0.59,-0.7461071045280678,2.574939195977432,,656941.0,607208.0,1,7,Top,,,,,,,-6.288857920435412,-141.77255128522,-6.047984438257587,17.81917116270926,33.74512917728714,-22.96839472639237,3.34676164645635,1.69668388322608,,,,95.4,2261,5.2,745935,661388,641343,668930,687401,642715,694192,669003,686217,55.3,,,,,,,,52,2,Sinker,1,4,4,1,4,1,4,1,Standard,Standard,158,0.004,-0.048,,,,,0.048,,-3,3,0.095,0.905,26,31,26,32,1,3,2.0,1,2,1.0,1.82,1.21,1.21,52.7,,,,,,pitcher
SI,2024-09-17,98.7,0.63,6.3,"Ashby, Aaron",547180,676879,,called_strike,,,,,4,,R,L,L,MIL,PHI,S,,,0,0,2024,1.33,0.78,-0.7438145402306056,2.2310442321971773,,656941.0,607208.0,1,7,Top,,,,,,,-6.704516636960501,-143.46523073266263,-7.320323559008038,19.95473833815303,34.658380232755405,-19.790209694035823,3.20011087373885,1.63375047679193,,,,96.9,2116,5.4,745935,661388,641343,668930,687401,642715,694192,669003,686217,55.07,,,,,,,,52,1,Sinker,1,4,4,1,4,1,4,1,Standard,Standard,146,0.003,-0.039,,,,,0.039,,-3,3,0.092,0.908,26,31,26,32,1,3,2.0,1,2,1.0,1.57,1.33,1.33,48.4,,,,,,pitcher
CU,2024-09-17,83.1,0.63,6.34,"Ashby, Aaron",607208,676879,single,hit_into_play,,,,,4,Trea Turner singles on a line drive to left fielder Jackson Chourio. Kyle Schwarber to 2nd.,R,R,L,MIL,PHI,X,7.0,line_drive,0,0,2024,-0.79,-1.32,-0.6587281068550844,2.523711521637087,,,656941.0,1,7,Top,51.1,114.86,,,,,-1.3882816495283627,-120.9001449723288,0.3987893571317682,-7.294435884702061,27.64984425453445,-45.334031128828414,3.39,1.69,220.0,86.7,18.0,80.9,2741,5.2,745935,661388,641343,668930,687401,642715,694192,669003,686217,55.32,0.824,0.786,0.9,1.0,1.0,0.0,4.0,51,1,Curveball,1,4,4,1,4,1,4,1,Standard,Standard,326,-0.014,0.405,58.8,7.4,,0.969,-0.405,88.0,-3,3,0.106,0.894,26,31,26,31,1,3,2.0,1,2,1.0,4.67,-0.79,0.79,50.8,7.744503499656862,-13.97733183108346,28.47529416333481,29.81105649494644,33.06361310094792,pitcher
SL,2024-09-17,85.3,0.89,6.31,"Ashby, Aaron",656941,676879,single,hit_into_play,,,,,8,"Kyle Schwarber singles on a ground ball to first baseman Jake Bauers, deflected by pitcher Aaron Ashby. Edmundo Sosa scores.",R,L,L,MIL,PHI,X,1.0,ground_ball,1,2,2024,-0.92,-0.48,-0.1415430942531392,1.7919654888012548,,624641.0,,1,7,Top,127.91,183.45,,,,,-0.5734101887107479,-124.22444862681188,-3.3328195450459006,-9.425774700480174,24.71014769555745,-36.68286560099061,3.21,1.51,25.0,67.1,-2.0,83.5,2653,5.1,745935,661388,641343,668930,687401,642715,694192,669003,686217,55.43,0.09,0.081,0.9,1.0,1.0,0.0,2.0,50,4,Slider,1,3,3,1,4,1,4,1,Standard,Standard,322,-0.071,0.634,76.9,8.5,,0.09,-0.634,88.0,-2,2,0.177,0.823,26,31,26,31,1,3,2.0,1,2,1.0,3.6,-0.92,-0.92,45.3,24.217644074638933,-28.225326928810265,31.94091574454631,37.50464270444149,44.65050900187192,pitcher
SI,2024-09-17,97.6,0.73,6.38,"Ashby, Aaron",656941,676879,,blocked_ball,,,,,13,,R,L,L,MIL,PHI,B,,,0,2,2024,1.19,0.56,-1.1173804266273533,0.2977012483672394,,624641.0,,1,7,Top,,,,,,,-7.531924035137492,-141.57327448981286,-11.920757410387983,17.710310437773913,31.45809496100365,-22.03571777352068,3.07240555462945,1.47964428255257,,,,95.8,2338,5.4,745935,661388,641343,668930,687401,642715,694192,669003,686217,55.11,,,,,,,,50,3,Sinker,1,3,3,1,3,1,3,1,Standard,Standard,149,-0.003,0.024,,,,,-0.024,,-2,2,0.18,0.82,26,31,26,31,1,3,2.0,1,2,1.0,1.84,1.19,1.19,46.8,,,,,,pitcher
SL,2024-09-17,84.5,0.85,6.28,"Ashby, Aaron",656941,676879,,called_strike,,,,,7,,R,L,L,MIL,PHI,S,,,0,1,2024,-0.88,-0.5,-0.3521934047189539,1.9375062656446376,,624641.0,,1,7,Top,,,,,,,-1.0395647873283758,-123.01413923295972,-2.6664589063201847,-8.656745575474057,26.94355824739601,-36.89619408290526,3.11616824764649,1.48529524764306,,,,82.7,2450,5.3,745935,661388,641343,668930,687401,642715,694192,669003,686217,55.18,,,,,,,,50,2,Slider,1,3,3,1,3,1,3,1,Strategic,Standard,340,0.006,-0.065,,,,,0.065,,-2,2,0.174,0.826,26,31,26,31,1,3,2.0,1,2,1.0,3.72,-0.88,-0.88,47.9,,,,,,pitcher
SL,2024-09-17,85.2,0.88,6.28,"Ashby, Aaron",656941,676879,,called_strike,,,,,8,,R,L,L,MIL,PHI,S,,,0,0,2024,-0.87,-0.64,0.1767505751862597,1.4363453920871283,,624641.0,,1,7,Top,,,,,,,0.1031486651714641,-123.99407936906846,-3.705874840137293,-8.966989999476748,26.580219574317503,-38.13002997770553,3.16672096411598,1.45973612038791,,,,83.6,2556,5.4,745935,661388,641343,668930,687401,642715,694192,669003,686217,55.12,,,,,,,,50,1,Slider,1,3,3,1,3,1,3,1,Standard,Standard,331,0.004,-0.036,,,,,0.036,,-2,2,0.17,0.83,26,31,26,31,1,3,2.0,1,2,1.0,3.79,-0.87,-0.87,52.4,,,,,,pitcher
CU,2024-09-17,84.9,0.76,6.35,"Ashby, Aaron",642215,676879,strikeout,swinging_strike,,,,,13,Weston Wilson strikes out swinging.,R,R,L,MIL,PHI,S,2.0,,0,2,2024,-0.44,-1.44,-0.6087554171857263,0.9978504364566922,,624641.0,,0,7,Top,,,,,,,-2.2752262618537,-123.56282751096664,-3.22208188819468,-3.969955883876238,27.86299863147722,-46.27345105879146,3.6,1.59,,,,83.2,2795,5.5,745935,661388,641343,668930,687401,642715,694192,669003,686217,55.04,,0.0,0.0,1.0,0.0,0.0,,49,4,Curveball,1,3,3,1,3,1,3,1,Standard,Standard,329,0.017,-0.206,65.1,9.0,9.634672308,,0.206,,-2,2,0.153,0.847,26,29,26,30,1,0,2.0,2,2,2.0,4.63,-0.44,0.44,50.8,31.32672613398927,-52.79919291691812,38.35766736998965,29.426830533539,57.22081484715238,pitcher
SI,2024-09-17,97.7,0.92,6.44,"Ashby, Aaron",642215,676879,,foul,,,,,12,,R,R,L,MIL,PHI,S,,,0,2,2024,0.97,0.62,1.1794101152349543,3.3805369232718747,,624641.0,,0,7,Top,,,,,,,-1.490693574185959,-142.34713259791835,-4.119945485231374,13.5180837109261,32.01436875725456,-23.027683873986653,3.6,1.59,226.0,81.8,21.0,96.1,2144,5.2,745935,661388,641343,668930,687401,642715,694192,669003,686217,55.25,,,,,,,,49,3,Sinker,1,3,3,1,3,1,3,1,Standard,Standard,144,0.0,0.0,68.6,6.7,,,0.0,88.0,-2,2,0.153,0.847,26,29,26,30,1,0,2.0,2,2,2.0,1.76,0.97,-0.97,50.6,5.813668213313561,24.222682762511315,24.23318722619731,50.08461568674154,13.136669127480648,pitcher
CU,2024-09-17,82.3,0.71,6.37,"Ashby, Aaron",642215,676879,,called_strike,,,,,5,,R,R,L,MIL,PHI,S,,,0,1,2024,-0.94,-1.37,-0.1013759704971732,2.503381698512375,,624641.0,,0,7,Top,,,,,,,-0.0231379479718024,-119.85269607229124,0.4449039402128865,-8.93212041284745,26.14474026210189,-45.63403120812124,3.57026976038526,1.66895973312099,,,,80.4,2656,5.2,745935,661388,641343,668930,687401,642715,694192,669003,686217,55.25,,,,,,,,49,2,Curveball,1,3,3,1,3,1,3,1,Standard,Standard,331,0.007,-0.067,,,,,0.067,,-2,2,0.146,0.854,26,29,26,30,1,0,2.0,2,2,2.0,4.77,-0.94,0.94,50.2,,,,,,pitcher
SI,2024-09-17,98.1,0.69,6.47,"Ashby, Aaron",642215,676879,,called_strike,,,,,6,,R,R,L,MIL,PHI,S,,,0,0,2024,1.35,0.82,0.4677569202239949,2.176696103757508,,624641.0,,0,7,Top,,,,,,,-3.643273051576155,-142.57388308735617,-7.830062693526618,19.19795899703503,34.60938493400559,-19.359091280432363,3.27985018335361,1.41551797427945,,,,96.0,2260,5.2,745935,661388,641343,668930,687401,642715,694192,669003,686217,55.25,,,,,,,,49,1,Sinker,1,3,3,1,3,1,3,1,Standard,Standard,151,0.004,-0.035,,,,,0.035,,-2,2,0.142,0.858,26,29,26,30,1,0,2.0,2,2,2.0,1.57,1.35,-1.35,50.3,,,,,,pitcher
SI,2024-09-17,98.0,0.71,6.46,"Ashby, Aaron",624641,676879,double,hit_into_play,,,,,5,Edmundo Sosa doubles (12) on a line drive to right fielder Sal Frelick.,R,R,L,MIL,PHI,X,9.0,line_drive,0,0,2024,1.27,0.77,0.2674665897660814,2.648147086587441,,,,0,7,Top,189.65,143.34,,,,,-4.052650768788843,-142.55671622042092,-6.47250683789986,18.213591511064475,34.19935380050971,-20.322094831544938,3.54,1.7,160.0,95.3,8.0,96.2,1046,5.4,745935,661388,641343,668930,687401,642715,694192,669003,686217,55.14,0.605,0.559,1.25,1.0,1.0,1.0,4.0,48,1,Sinker,1,3,3,1,3,1,3,1,Standard,Standard,136,-0.043,0.693,74.0,6.9,,0.674,-0.693,95.3,-2,2,0.185,0.815,26,28,26,28,1,2,2.0,11,2,3.0,1.61,1.27,-1.27,52.3,-4.5878750203084,28.589858110523025,33.10063037272677,38.906576804042665,15.847565056150437,pitcher
SL,2024-09-17,85.0,0.92,6.29,"Ashby, Aaron",669016,676879,strikeout,swinging_strike,,,,,13,Brandon Marsh strikes out swinging.,R,L,L,MIL,PHI,S,2.0,,0,2,2024,-1.05,-0.34,-0.9054536266297144,1.5791924723460116,,592206.0,681082.0,2,6,Top,,,,,,,-2.1531956456893053,-123.73595663034808,-3.973835516337882,-10.281834647409468,25.5957213782766,-35.0283430580886,3.2,1.53,,,,83.6,2557,5.4,745935,661388,641343,668930,687401,642715,694192,669003,686217,55.1,,0.0,0.0,1.0,0.0,0.0,,44,3,Slider,1,3,3,1,3,1,3,1,Strategic,Strategic,334,0.02,-0.186,63.8,8.9,15.421336452,,0.186,,-2,2,0.24,0.76,26,26,26,27,1,2,2.0,1,2,1.0,3.5,-1.05,-1.05,46.3,36.633028266336886,-47.06371478948004,35.29303267730847,48.88956332618032,61.266607264963234,pitcher
SI,2024-09-17,97.3,0.85,6.53,"Ashby, Aaron",669016,676879,,called_strike,,,,,5,,R,L,L,MIL,PHI,S,,,0,1,2024,1.37,0.75,-0.1317718039476858,2.2895883207720686,,592206.0,681082.0,2,6,Top,,,,,,,-5.634639543705245,-141.3908117050368,-7.396435533326511,19.6399508161332,32.981475984701085,-20.593310891543585,3.14862106705407,1.47936677643162,,,,95.1,2255,5.2,745935,661388,641343,668930,687401,642715,694192,669003,686217,55.35,,,,,,,,44,2,Sinker,1,3,3,1,3,1,3,1,Standard,Standard,145,0.009,-0.046,,,,,0.046,,-2,2,0.231,0.769,26,26,26,27,1,2,2.0,1,2,1.0,1.67,1.37,1.37,48.3,,,,,,pitcher
CU,2024-09-17,82.9,0.87,6.39,"Ashby, Aaron",669016,676879,,called_strike,,,,,14,,R,L,L,MIL,PHI,S,,,0,0,2024,-0.71,-1.49,0.8469138133561078,1.8030317741436652,,592206.0,681082.0,2,6,Top,,,,,,,1.3084937510469925,-120.68532527027747,-1.03443845561831,-7.161441177433297,26.40518215961037,-46.626302191026994,3.28594137399945,1.62619686885864,,,,81.1,2727,5.4,745935,661388,641343,668930,687401,642715,694192,669003,686217,55.15,,,,,,,,44,1,Curveball,1,3,3,1,3,1,3,1,Standard,Standard,331,0.005,-0.048,,,,,0.048,,-2,2,0.226,0.774,26,26,26,27,1,2,2.0,1,2,1.0,4.84,-0.71,-0.71,47.1,,,,,,pitcher
SI,2024-09-15,96.7,0.81,6.5,"Ashby, Aaron",672515,676879,fielders_choice_out,hit_into_play,,,,,5,"Gabriel Moreno reaches on a fielder's choice out, shortstop Willy Adames to third baseman Joey Ortiz. Kevin Newman out at 3rd.",R,R,L,AZ,MIL,X,6.0,ground_ball,2,1,2024,1.45,0.55,0.1870784444008102,2.403373890532358,,621028.0,,1,7,Bot,108.37,152.53,,,,,-4.864786094402375,-140.69021443747005,-6.51289984440161,20.29809918368392,32.16466628333809,-23.573967668058856,3.4,1.59,6.0,87.8,-21.0,95.1,2321,5.4,747151,606992,656555,668930,687401,642715,694192,663368,686217,55.12,0.059,0.053,0.0,1.0,0.0,0.0,2.0,72,4,Sinker,7,8,7,8,8,7,7,8,Standard,Strategic,146,-0.106,-0.281,79.6,7.2,,0.078,0.281,88.0,-1,-1,0.413,0.413,26,24,26,24,1,0,3.0,41,2,1.0,1.89,1.45,-1.45,53.7,8.868162049723706,3.5389823257349864,31.7398103467123,39.22837951123772,32.89416936194072,pitcher
CU,2024-09-15,82.1,0.89,6.46,"Ashby, Aaron",672515,676879,,called_strike,,,,,4,,R,R,L,AZ,MIL,S,,,2,0,2024,-0.59,-1.27,-0.3124971364852684,2.672992514539493,,621028.0,,1,7,Bot,,,,,,,-1.559326225899038,-119.5244675215406,0.3987781564416734,-5.31346159028623,23.741387272752668,-44.623908564611526,3.39999953056842,1.62318667889947,,,,80.5,2746,5.2,747151,606992,656555,668930,687401,642715,694192,663368,686217,55.27,,,,,,,,72,3,Curveball,7,8,7,8,8,7,7,8,Standard,Strategic,328,-0.007,-0.047,,,,,0.047,,-1,-1,0.42,0.42,26,24,26,24,1,0,3.0,41,2,1.0,4.66,-0.59,0.59,53.2,,,,,,pitcher
SI,2024-09-15,96.7,0.83,6.52,"Ashby, Aaron",672515,676879,,ball,,,,,13,,R,R,L,AZ,MIL,B,,,1,0,2024,1.23,0.79,-1.1292500133692165,1.3167978697279206,,621028.0,,1,7,Bot,,,,,,,-7.87498186038234,-140.43767416435566,-9.971466047211765,18.05334449619097,30.396712057997988,-19.611535376346016,3.50521719469031,1.65107462955047,,,,95.3,2234,5.5,747151,606992,656555,668930,687401,642715,694192,663368,686217,55.02,,,,,,,,72,2,Sinker,7,8,7,8,8,7,7,8,Standard,Strategic,142,0.007,0.042,,,,,-0.042,,-1,-1,0.413,0.413,26,24,26,24,1,0,3.0,41,2,1.0,1.65,1.23,-1.23,47.9,,,,,,pitcher
CU,2024-09-15,83.7,0.88,6.45,"Ashby, Aaron",672515,676879,,blocked_ball,,,,,13,,R,R,L,AZ,MIL,B,,,0,0,2024,-0.51,-1.26,-0.1627508004330078,0.4512292066370671,,621028.0,,1,7,Bot,,,,,,,-1.383312342491982,-121.80849936187042,-4.818769603263109,-4.746112122179483,25.9790276471086,-43.849285713651895,3.34365652131829,1.51934015978101,,,,82.0,2675,5.3,747151,606992,656555,668930,687401,642715,694192,663368,686217,55.15,,,,,,,,72,1,Curveball,7,8,7,8,8,7,7,8,Standard,Strategic,338,0.004,0.027,,,,,-0.027,,-1,-1,0.409,0.409,26,24,26,24,1,0,3.0,41,2,1.0,4.54,-0.51,0.51,51.6,,,,,,pitcher
CH,2024-09-15,90.3,0.74,6.46,"Ashby, Aaron",545341,676879,double,hit_into_play,,,,,6,Randal Grichuk doubles (18) on a sharp line drive to center fielder Blake Perkins. Geraldo Perdomo scores.,R,R,L,AZ,MIL,X,8.0,line_drive,3,1,2024,1.14,0.19,0.6115947108486317,2.3867806167238053,,,672695.0,1,7,Bot,89.61,81.33,,,,,-2.678086825960416,-131.50148552723974,-4.556043721364058,13.805551022607904,26.88638920674656,-29.175803273507697,3.19,1.47,258.0,110.4,12.0,88.7,1706,5.2,747151,606992,656555,668930,687401,642715,694192,663368,686217,55.31,0.866,0.915,1.25,1.0,1.0,1.0,5.0,71,5,Changeup,6,8,6,8,8,7,7,8,Standard,Standard,137,0.152,0.665,75.8,8.0,,1.272,-0.665,110.4,-2,-2,0.257,0.257,26,32,26,33,1,0,3.0,1,2,3.0,2.59,1.14,-1.14,46.6,10.97130965756282,-1.872469111862108,26.61751988448874,43.13301714625589,31.768708583496625,pitcher
CU,2024-09-15,83.8,0.89,6.44,"Ashby, Aaron",545341,676879,,blocked_ball,,,,,13,,R,R,L,AZ,MIL,B,,,2,1,2024,-0.62,-1.42,-0.5165789876450282,0.5870312363893344,,,672695.0,1,7,Bot,,,,,,,-1.9911636606720409,-121.93943671782976,-4.212038968666176,-5.713335387025034,26.17594837626417,-45.56765101220561,3.26740117208692,1.52319274941,,,,82.1,2840,5.4,747151,606992,656555,668930,687401,642715,694192,663368,686217,55.13,,,,,,,,71,4,Curveball,6,8,6,8,8,6,6,8,Standard,Standard,338,0.022,0.112,,,,,-0.112,,-2,-2,0.235,0.235,26,32,26,33,1,0,3.0,1,2,3.0,4.69,-0.62,0.62,51.1,,,,,,pitcher
CU,2024-09-15,82.2,0.72,6.42,"Ashby, Aaron",545341,676879,,swinging_strike_blocked,,,,,13,,R,R,L,AZ,MIL,S,,,2,0,2024,-0.26,-1.37,-0.9239305541056286,0.0639771144064944,,,672695.0,1,7,Bot,,,,,,,-3.1891695959097044,-119.64774271216304,-5.087412469770027,-1.755554475933276,25.64727524593118,-44.33374990688775,3.19,1.47,,,,80.6,2654,5.5,747151,606992,656555,668930,687401,642715,694192,663368,686217,55.04,,,,,,,,71,3,Curveball,6,8,6,8,8,6,6,8,Standard,Standard,335,-0.015,-0.057,65.2,8.8,9.05788542,,0.057,,-2,-2,0.25,0.25,26,32,26,33,1,0,3.0,1,2,3.0,4.77,-0.26,0.26,50.6,22.46222114808411,-45.83843583019894,32.60392878816724,27.4884028899463,57.62580259906849,pitcher
SI,2024-09-15,97.2,0.8,6.52,"Ashby, Aaron",545341,676879,,ball,,,,,13,,R,R,L,AZ,MIL,B,,,1,0,2024,1.07,0.73,-1.0514378093574426,1.9957685379233825,,,672695.0,1,7,Bot,,,,,,,-7.273154349329517,-141.2974430118483,-8.163909449800068,15.911458308062953,30.088791489207416,-20.797090854541587,3.35599781270614,1.52990991972459,,,,95.8,2206,5.4,747151,606992,656555,668930,687401,642715,694192,663368,686217,55.1,,,,,,,,71,2,Sinker,6,8,6,8,8,6,6,8,Standard,Standard,140,0.015,0.056,,,,,-0.056,,-2,-2,0.235,0.235,26,32,26,33,1,0,3.0,1,2,3.0,1.68,1.07,-1.07,50.9,,,,,,pitcher
FF,2024-09-15,97.7,0.7,6.57,"Ashby, Aaron",545341,676879,,ball,,,,,13,,R,R,L,AZ,MIL,B,,,0,0,2024,0.75,0.64,-0.921385431683486,2.333722423281171,,,672695.0,1,7,Bot,,,,,,,-5.9807874514714205,-142.1247055844959,-7.318504777535059,11.465361435079302,29.40639305164676,-22.069351255790554,3.41084147913538,1.63930019543329,,,,96.6,2264,5.4,747151,606992,656555,668930,687401,642715,694192,663368,686217,55.06,,,,,,,,71,1,4-Seam Fastball,6,8,6,8,8,6,6,8,Standard,Standard,145,0.007,0.036,,,,,-0.036,,-2,-2,0.228,0.228,26,32,26,33,1,0,3.0,1,2,3.0,1.73,0.75,-0.75,50.6,,,,,,pitcher
CH,2024-09-15,91.2,1.04,6.38,"Ashby, Aaron",672695,676879,single,hit_into_play,,,,,6,Geraldo Perdomo singles on a ground ball to left fielder Jackson Chourio. Josh Bell scores.,R,R,L,AZ,MIL,X,7.0,ground_ball,2,2,2024,1.23,0.51,0.4979085873110539,2.282317488995481,605137.0,,,1,7,Bot,93.07,101.82,,,,,-3.923440299473445,-132.66828418982035,-5.398198061964415,15.310872811885488,28.73040503914699,-25.243384779877992,3.41,1.62,25.0,97.7,-4.0,89.6,1797,5.3,747151,606992,656555,668930,687401,642715,694192,663368,686217,55.17,0.285,0.256,0.9,1.0,1.0,0.0,2.0,70,9,Changeup,5,8,5,8,8,6,6,8,Standard,Standard,130,0.071,0.557,64.9,7.2,,0.285,-0.557,97.7,-3,-3,0.157,0.157,26,24,26,25,1,3,3.0,1,2,1.0,2.24,1.23,-1.23,46.3,6.483579343303394,-6.00974226296967,34.516181853740946,40.7584723393574,28.12196886126468,pitcher
CU,2024-09-15,83.5,0.8,6.48,"Ashby, Aaron",672695,676879,,foul,,,,,3,,R,R,L,AZ,MIL,S,,,2,2,2024,-0.54,-1.3,0.6494617405770811,3.2574629296899764,605137.0,,,1,7,Bot,,,,,,,0.7033611566202836,-121.49921025401756,1.5763371782853255,-5.462526990433359,26.16352041834338,-45.56566484555654,3.41,1.62,3.0,81.7,-48.0,81.7,2682,5.3,747151,606992,656555,668930,687401,642715,694192,663368,686217,55.19,,,,,,,,70,8,Curveball,5,8,5,8,8,5,5,8,Standard,Standard,332,0.0,0.0,54.9,5.1,,,0.0,88.0,-3,-3,0.157,0.157,26,24,26,25,1,3,3.0,1,2,1.0,4.6,-0.54,0.54,57.9,-10.848591946571124,38.38779695006335,26.8857016944026,43.85122631749367,3.741053357164665,pitcher
FF,2024-09-15,96.3,0.78,6.57,"Ashby, Aaron",672695,676879,,ball,,,,,11,,R,R,L,AZ,MIL,B,,,1,2,2024,0.44,1.26,-0.4414318903500387,3.9114299745496623,605137.0,,,1,7,Bot,,,,,,,-4.1642073667483634,-140.17317578260503,-4.25137938509248,6.769858637135566,31.92534510207549,-14.84141532551719,3.4769106023294,1.7416812149927,,,,94.4,2174,5.2,747151,606992,656555,668930,687401,642715,694192,663368,686217,55.34,,,,,,,,70,7,4-Seam Fastball,5,8,5,8,8,5,5,8,Standard,Standard,145,0.009,0.026,,,,,-0.026,,-3,-3,0.148,0.148,26,24,26,25,1,3,3.0,1,2,1.0,1.2,0.44,-0.44,48.5,,,,,,pitcher
SI,2024-09-15,97.7,0.79,6.57,"Ashby, Aaron",672695,676879,,foul,,,,,2,,R,R,L,AZ,MIL,S,,,1,2,2024,1.29,0.86,-0.1555364566304204,2.9273922740326306,605137.0,,,1,7,Bot,,,,,,,-5.390612148276339,-142.202823551482,-6.226930875612199,18.72324459655545,30.1045128774163,-19.27900317851165,3.41,1.62,228.0,75.3,48.0,96.2,2276,5.2,747151,606992,656555,668930,687401,642715,694192,663368,686217,55.26,,,,,,,,70,6,Sinker,5,8,5,8,8,5,5,8,Standard,Standard,144,0.0,0.0,58.5,6.0,,,0.0,88.0,-3,-3,0.148,0.148,26,24,26,25,1,3,3.0,1,2,1.0,1.51,1.29,-1.29,50.6,-2.7480249496233964,5.071504663907484,38.34946253352736,34.185338365844515,18.46502336480503,pitcher
SL,2024-09-15,84.6,0.7,6.38,"Ashby, Aaron",672695,676879,,foul,,,,,14,,R,R,L,AZ,MIL,S,,,1,2,2024,-0.63,-0.68,0.0571537378245834,1.0344450433389047,605137.0,,,1,7,Bot,,,,,,,-0.2477599998757964,-123.24907554979384,-4.741972643768998,-6.380060258789399,24.294616844350507,-38.36976764898918,3.41,1.62,2.0,76.0,-34.0,83.3,2542,5.4,747151,606992,656555,668930,687401,642715,694192,663368,686217,55.12,,,,,,,,70,5,Slider,5,8,5,8,8,5,5,8,Standard,Standard,341,0.0,0.0,68.0,7.6,,,0.0,88.0,-3,-3,0.148,0.148,26,24,26,25,1,3,3.0,1,2,1.0,3.85,-0.63,0.63,51.7,9.765452101241298,-7.333189420941222,40.026226017896334,37.42804662634034,30.04069371122238,pitcher
SL,2024-09-15,84.7,0.97,6.43,"Ashby, Aaron",672695,676879,,foul,,,,,2,,R,R,L,AZ,MIL,S,,,1,2,2024,-0.76,-0.4,0.1701989956462666,3.4790840204049647,605137.0,,,1,7,Bot,,,,,,,-0.3513964823675159,-123.35105067851596,0.2049772114491124,-7.7276977205883775,24.38538894060847,-36.49397904290124,3.41,1.62,220.0,77.5,52.0,83.2,2623,5.2,747151,606992,656555,668930,687401,642715,694192,663368,686217,55.29,,,,,,,,70,4,Slider,5,8,5,8,8,5,5,8,Standard,Standard,345,0.0,0.0,57.4,5.6,,,0.0,88.0,-3,-3,0.148,0.148,26,24,26,25,1,3,3.0,1,2,1.0,3.57,-0.76,0.76,49.7,-3.925406550744246,19.29513789222231,27.025966547018875,39.30762078596268,15.068844551131797,pitcher
SI,2024-09-15,97.3,0.7,6.6,"Ashby, Aaron",672695,676879,,called_strike,,,,,7,,R,R,L,AZ,MIL,S,,,1,1,2024,1.11,0.68,-0.8259261511749387,2.291306142595509,605137.0,,,1,7,Bot,,,,,,,-6.5066814455741895,-141.57239430526133,-7.51415056970158,16.350308347732863,29.82468608141785,-21.52618040819203,3.64033730456472,1.79414336559408,,,,95.9,2193,5.3,747151,606992,656555,668930,687401,642715,694192,663368,686217,55.2,,,,,,,,70,3,Sinker,5,8,5,8,8,5,5,8,Standard,Standard,145,-0.015,-0.114,,,,,0.114,,-3,-3,0.163,0.163,26,24,26,25,1,3,3.0,1,2,1.0,1.71,1.11,-1.11,50.7,,,,,,pitcher
SL,2024-09-15,84.4,1.1,6.47,"Ashby, Aaron",672695,676879,,ball,,,,,12,,R,R,L,AZ,MIL,B,,,0,1,2024,-0.75,-0.09,0.6816484460538754,4.034203528377731,605137.0,,,1,7,Bot,,,,,,,0.4973126608030556,-123.0233320035982,0.8100947529642806,-7.717274496372845,24.092930739592425,-33.446165896090605,3.55703952961112,1.73866608649352,,,,82.9,2576,5.2,747151,606992,656555,668930,687401,642715,694192,663368,686217,55.3,,,,,,,,70,2,Slider,5,8,5,8,8,5,5,8,Standard,Standard,342,0.006,0.025,,,,,-0.025,,-3,-3,0.157,0.157,26,24,26,25,1,3,3.0,1,2,1.0,3.27,-0.75,0.75,47.1,,,,,,pitcher
CU,2024-09-15,84.1,0.78,6.48,"Ashby, Aaron",672695,676879,,called_strike,,,,,7,,R,R,L,AZ,MIL,S,,,0,0,2024,-0.64,-1.37,-0.7970783022654665,2.092115974908294,605137.0,,,1,7,Bot,,,,,,,-2.3543970738333964,-122.47118397893745,-1.0805935367971835,-5.907988220332797,24.71245091084325,-45.9542582888221,3.66874513836566,1.79458242425197,,,,82.6,2697,5.3,747151,606992,656555,668930,687401,642715,694192,663368,686217,55.19,,,,,,,,70,1,Curveball,5,8,5,8,8,5,5,8,Standard,Standard,336,-0.009,-0.049,,,,,0.049,,-3,-3,0.166,0.166,26,24,26,25,1,3,3.0,1,2,1.0,4.59,-0.64,0.64,49.8,,,,,,pitcher
SI,2024-09-15,97.8,0.72,6.58,"Ashby, Aaron",664983,676879,field_out,hit_into_play,,,,,5,"Jake McCarthy grounds out, second baseman Brice Turang to first baseman Rhys Hoskins. Josh Bell to 3rd.",R,L,L,AZ,MIL,X,4.0,ground_ball,1,1,2024,1.2,0.91,-0.1937553012055912,2.571000833922988,,605137.0,,0,7,Bot,149.69,155.07,,,,,-5.123321945630602,-142.25853270133186,-7.313599451283468,17.444598190983346,30.366586574618253,-18.41175197309819,3.42,1.66,11.0,89.6,-13.0,96.3,2253,5.3,747151,606992,656555,668930,687401,642715,694192,663368,686217,55.23,0.15,0.144,0.0,1.0,0.0,0.0,2.0,69,3,Sinker,5,8,5,8,8,5,5,8,Standard,Standard,141,-0.03,-0.195,70.8,6.5,,0.157,0.195,89.6,-3,-3,0.196,0.196,26,26,26,27,1,3,3.0,1,2,1.0,1.46,1.2,1.2,47.5,5.146220140827472,8.601631668372175,30.68420012024439,40.090658812872725,27.336581250525125,pitcher
CU,2024-09-15,82.9,0.78,6.51,"Ashby, Aaron",664983,676879,,called_strike,,,,,7,,R,L,L,AZ,MIL,S,,,1,0,2024,-0.65,-1.31,-0.4068628233919329,2.1919952954802016,,605137.0,,0,7,Bot,,,,,,,-1.4184434130803945,-120.70881800858244,-0.8213393722089264,-6.022056954191745,24.829098715245024,-44.967280395623085,3.55203371957309,1.65516539491355,,,,81.3,2762,5.3,747151,606992,656555,668930,687401,642715,694192,663368,686217,55.22,,,,,,,,69,2,Curveball,5,8,5,8,8,5,5,8,Standard,Standard,331,-0.01,-0.036,,,,,0.036,,-3,-3,0.206,0.206,26,26,26,27,1,3,3.0,1,2,1.0,4.64,-0.65,-0.65,51.3,,,,,,pitcher
SI,2024-09-15,97.4,0.67,6.53,"Ashby, Aaron",664983,676879,,blocked_ball,,,,,13,,R,L,L,AZ,MIL,B,,,0,0,2024,1.23,0.88,-1.2412530989609047,0.8630347032523613,,605137.0,,0,7,Bot,,,,,,,-7.7784712494273425,-141.34996346891748,-11.493412613935808,18.199517022684105,31.067625170032837,-17.937709465560378,3.63301364452169,1.64545846807797,,,,95.6,2177,5.3,747151,606992,656555,668930,687401,642715,694192,663368,686217,55.16,,,,,,,,69,1,Sinker,5,8,5,8,8,5,5,8,Standard,Standard,142,0.007,0.038,,,,,-0.038,,-3,-3,0.199,0.199,26,26,26,27,1,3,3.0,1,2,1.0,1.53,1.23,1.23,48.4,,,,,,pitcher
SL,2024-09-15,84.4,0.68,6.47,"Ashby, Aaron",605137,676879,double,hit_into_play,,,,,5,"Umpire reviewed (home run), call on the field was upheld: Josh Bell doubles (23) on a sharp fly ball to center fielder Blake Perkins.",R,R,L,AZ,MIL,X,8.0,fly_ball,2,2,2024,-0.93,-0.65,0.2509896517350122,2.5704614658260714,,,,0,7,Bot,93.35,30.24,,,,,0.8299240677540695,-123.02437340232665,-1.4361754242776306,-9.574067598229124,24.162506265822703,-38.7314002623169,3.71,1.79,424.0,103.7,28.0,83.0,2579,5.2,747151,606992,656555,668930,687401,642715,694192,663368,686217,55.27,0.757,1.517754098360656,1.25,1.0,1.0,1.0,6.0,68,5,Slider,5,8,5,8,8,5,5,8,Strategic,Standard,336,0.075,0.721,71.2,8.0,,2.973,-0.721,103.7,-3,-3,0.124,0.124,26,31,26,32,1,3,3.0,1,2,6.0,3.84,-0.93,0.93,55.8,15.033454016639096,-5.009753846814868,37.95476662417925,37.77961498188711,26.234909819525345,pitcher
SI,2024-09-15,98.1,0.72,6.52,"Ashby, Aaron",605137,676879,,foul,,,,,9,,R,R,L,AZ,MIL,S,,,2,1,2024,1.26,0.92,0.5183714008824298,2.1753206214836283,,,,0,7,Bot,,,,,,,-3.3855192902864424,-142.68758565241063,-8.25853045660134,17.992622827811125,32.04643538434981,-17.981444807369027,3.71,1.79,5.0,62.7,-25.0,96.5,2179,5.3,747151,606992,656555,668930,687401,642715,694192,663368,686217,55.16,,,,,,,,68,4,Sinker,5,8,5,8,8,5,5,8,Strategic,Standard,143,-0.009,-0.069,71.9,7.8,,,0.069,88.0,-3,-3,0.133,0.133,26,31,26,32,1,3,3.0,1,2,6.0,1.45,1.26,-1.26,51.3,13.31938047302678,-2.325475117580328,41.15292146246044,42.36204543716072,28.71073135101109,pitcher
SL,2024-09-15,83.7,0.81,6.49,"Ashby, Aaron",605137,676879,,ball,,,,,12,,R,R,L,AZ,MIL,B,,,1,1,2024,-0.53,-0.27,1.0922700978214954,3.0554984047298777,,,,0,7,Bot,,,,,,,1.656268517755705,-122.0243375746608,-1.022082093688554,-5.611169345089956,22.8740294466702,-34.92974457290976,3.77604779064903,1.82197695692435,,,,82.4,2546,5.2,747151,606992,656555,668930,687401,642715,694192,663368,686217,55.32,,,,,,,,68,3,Slider,5,8,5,8,8,5,5,8,Strategic,Standard,333,0.006,0.053,,,,,-0.053,,-3,-3,0.127,0.127,26,31,26,32,1,3,3.0,1,2,6.0,3.5,-0.53,0.53,46.1,,,,,,pitcher
CH,2024-09-15,89.2,0.92,6.51,"Ashby, Aaron",605137,676879,,ball,,,,,12,,R,R,L,AZ,MIL,B,,,0,1,2024,1.36,0.55,1.5991601359913736,3.21414165447972,,,,0,7,Bot,,,,,,,-1.1443528613441296,-129.95785304127858,-3.216988378893461,15.646518325894831,26.77574760485862,-25.47605181758728,3.6891918567782,1.84994268146395,,,,87.4,1739,5.0,747151,606992,656555,668930,687401,642715,694192,663368,686217,55.48,,,,,,,,68,2,Changeup,5,8,5,8,8,5,5,8,Standard,Standard,137,0.003,0.025,,,,,-0.025,,-3,-3,0.124,0.124,26,31,26,32,1,3,3.0,1,2,6.0,2.3,1.36,-1.36,50.4,,,,,,pitcher
SI,2024-09-15,96.9,0.9,6.58,"Ashby, Aaron",605137,676879,,foul_tip,,,,,14,,R,R,L,AZ,MIL,S,,,0,0,2024,1.03,0.7,1.1501011678852393,2.2132054661203835,,,,0,7,Bot,,,,,,,-1.6333783802955577,-141.0580193474115,-7.618847176362383,14.154709716388153,28.96113201943509,-21.389542620874916,3.71,1.79,,,,95.3,2076,5.1,747151,606992,656555,668930,687401,642715,694192,663368,686217,55.39,,,,,,,,68,1,Sinker,5,8,5,8,8,5,5,8,Standard,Standard,143,-0.004,-0.037,66.4,7.7,,,0.037,,-3,-3,0.128,0.128,26,31,26,32,1,3,3.0,1,2,6.0,1.71,1.03,-1.03,48.4,8.276935798494344,12.63881696823007,39.367360718539,50.07749160699176,14.09215244601315,pitcher
SL,2024-09-15,85.4,1.06,6.34,"Ashby, Aaron",553993,676879,strikeout,swinging_strike_blocked,,,,,13,Eugenio Suárez strikes out swinging.,R,R,L,AZ,MIL,S,2.0,,2,2,2024,-0.75,-0.55,-1.3983146374481277,0.4731414084146581,682998.0,,572233.0,2,6,Bot,,,,,,,-4.209332952548634,-124.22237607060666,-6.320450698542162,-6.900034499055386,25.320424802203053,-36.77583789016269,3.42,1.6,,,,83.9,2686,5.4,747151,606992,656555,668930,687401,642715,694192,663368,686217,55.13,,0.0,0.0,1.0,0.0,0.0,,62,5,Slider,5,7,5,7,7,5,5,7,Standard,Standard,351,-0.065,-0.238,40.3,7.9,14.964209028,,0.238,,-2,-2,0.25,0.25,26,32,26,33,1,3,3.0,1,2,1.0,3.68,-0.75,0.75,43.7,33.631959396098715,-34.84552547981297,45.7720473371768,17.14780299130438,50.55473408277913,pitcher
SL,2024-09-15,86.0,0.92,6.37,"Ashby, Aaron",553993,676879,,swinging_strike,,,,,13,,R,R,L,AZ,MIL,S,,,2,1,2024,-0.62,-0.24,-0.4458806038183803,1.4583487802412058,682998.0,,572233.0,2,6,Bot,,,,,,,-1.9630595876571344,-125.20449381143789,-4.855661294615697,-6.103038065227497,24.70529216906464,-33.96140485473821,3.42,1.6,,,,84.4,2691,5.2,747151,606992,656555,668930,687401,642715,694192,663368,686217,55.33,,,,,,,,62,4,Slider,5,7,5,7,7,5,5,7,Standard,Standard,340,-0.016,-0.057,76.9,8.9,12.792681576,,0.057,,-2,-2,0.266,0.266,26,32,26,33,1,3,3.0,1,2,1.0,3.31,-0.62,0.62,45.1,34.81281854341659,-51.976416317568656,38.598070964312,29.46435464734197,60.60844797606,pitcher
SI,2024-09-15,98.2,0.72,6.63,"Ashby, Aaron",553993,676879,,foul,,,,,3,,R,R,L,AZ,MIL,S,,,2,0,2024,1.11,0.63,0.766011583781739,3.072484335232283,682998.0,,572233.0,2,6,Bot,,,,,,,-2.3938806330115727,-143.0968781478401,-5.570883576012815,15.865457237470002,29.970295497162827,-22.52998702820249,3.42,1.6,334.0,98.8,38.0,96.8,2093,5.2,747151,606992,656555,668930,687401,642715,694192,663368,686217,55.27,,,,,,,,62,3,Sinker,5,7,5,7,7,5,5,7,Standard,Standard,146,-0.008,-0.08,71.9,7.0,,,0.08,98.8,-2,-2,0.274,0.274,26,32,26,33,1,3,3.0,1,2,1.0,1.71,1.11,-1.11,49.8,3.744048768444521,20.419844119172755,32.338743148056736,41.171878474093695,18.362631069989227,pitcher
CU,2024-09-15,81.8,0.7,6.48,"Ashby, Aaron",553993,676879,,blocked_ball,,,,,14,,R,R,L,AZ,MIL,B,,,1,0,2024,-0.42,-1.47,0.3199226523358563,0.4671593388294601,682998.0,,572233.0,2,6,Bot,,,,,,,-0.0516950712384353,-119.06776801554588,-4.081341146660241,-3.9293390764016944,24.40947046465837,-45.43970879358954,3.51021867858013,1.66352821935089,,,,80.3,2667,5.4,747151,606992,656555,668930,687401,642715,694192,663368,686217,55.11,,,,,,,,62,2,Curveball,5,7,5,7,7,5,5,7,Standard,Standard,338,0.008,0.06,,,,,-0.06,,-2,-2,0.266,0.266,26,32,26,33,1,3,3.0,1,2,1.0,4.89,-0.42,0.42,53.1,,,,,,pitcher
SI,2024-09-15,98.9,0.77,6.56,"Ashby, Aaron",553993,676879,,ball,,,,,12,,R,R,L,AZ,MIL,B,,,0,0,2024,1.22,0.85,1.1087600515205067,3.891891678183513,682998.0,,572233.0,2,6,Bot,,,,,,,-1.8782086552194857,-144.15079924190542,-3.8176801489307497,17.574780960757813,31.091049493127688,-19.611666298247087,3.56746970995785,1.66528893198415,,,,97.4,2168,5.2,747151,606992,656555,668930,687401,642715,694192,663368,686217,55.34,,,,,,,,62,1,Sinker,5,7,5,7,7,5,5,7,Standard,Standard,143,0.005,0.03,,,,,-0.03,,-2,-2,0.261,0.261,26,32,26,33,1,3,3.0,1,2,1.0,1.46,1.22,-1.22,45.9,,,,,,pitcher
SI,2024-09-15,96.5,0.82,6.53,"Ashby, Aaron",572233,676879,single,hit_into_play,,,,,12,Christian Walker singles on a ground ball to right fielder Sal Frelick. Corbin Carroll to 3rd.,R,R,L,AZ,MIL,X,9.0,ground_ball,0,1,2024,1.12,0.53,1.1262496168123524,2.688117461094757,,,682998.0,2,6,Bot,181.83,119.57,,,,,-1.683963586583806,-140.54383466035327,-5.811093574332573,15.323001723198136,28.543933529590863,-24.048528167460795,3.33,1.54,118.0,74.7,9.0,95.0,2047,5.1,747151,606992,656555,668930,687401,642715,694192,663368,686217,55.39,0.316,0.296,0.9,1.0,1.0,0.0,2.0,61,2,Sinker,5,7,5,7,7,5,5,7,Standard,Standard,140,0.046,0.404,71.4,6.8,,0.362,-0.404,88.0,-2,-2,0.215,0.215,26,33,26,33,1,3,3.0,1,2,1.0,1.89,1.12,-1.12,46.1,0.5799316932238967,14.217858365452027,24.505006895447934,48.66995624498237,22.558329457714898,pitcher
CU,2024-09-15,82.5,0.71,6.5,"Ashby, Aaron",572233,676879,,called_strike,,,,,5,,R,R,L,AZ,MIL,S,,,0,0,2024,-0.73,-1.29,-0.2046304602493976,2.61005007868959,,,682998.0,2,6,Bot,,,,,,,-0.6443090573169208,-120.19918257378274,0.1567706178120405,-6.933393118067552,24.53770369323353,-44.90077046000976,3.43526453276702,1.54552959599094,,,,80.8,2707,5.2,747151,606992,656555,668930,687401,642715,694192,663368,686217,55.33,,,,,,,,61,1,Curveball,5,7,5,7,7,5,5,7,Standard,Standard,339,-0.005,-0.047,,,,,0.047,,-2,-2,0.22,0.22,26,33,26,33,1,3,3.0,1,2,1.0,4.65,-0.73,0.73,47.9,,,,,,pitcher
SI,2024-09-15,96.9,0.91,6.5,"Ashby, Aaron",682998,676879,force_out,hit_into_play,,,,,14,"Corbin Carroll grounds into a force out, second baseman Brice Turang to shortstop Willy Adames. Ketel Marte out at 2nd. Corbin Carroll to 1st.",R,L,L,AZ,MIL,X,4.0,ground_ball,0,0,2024,1.35,0.91,0.9355583411834062,1.608787510322799,,,606466.0,1,6,Bot,143.93,160.52,,,,,-2.9313622881469823,-140.81669453426713,-9.417452957208935,18.66277635150944,31.383910305567102,-18.12380571605528,3.07,1.46,10.0,67.8,-9.0,95.0,2320,5.2,747151,606992,656555,668930,687401,642715,694192,663368,686217,55.29,0.078,0.07,0.0,1.0,0.0,0.0,2.0,60,1,Sinker,5,7,5,7,7,5,5,7,Standard,Standard,141,-0.046,-0.314,71.7,6.7,,0.085,0.314,88.0,-2,-2,0.266,0.266,26,23,26,24,1,3,3.0,1,2,1.0,1.52,1.35,1.35,46.9,2.097300079751204,5.112540615493888,35.128718459511525,26.56509923544572,30.94557280862844,pitcher
SL,2024-09-12,85.7,0.66,6.55,"Ashby, Aaron",689172,676879,strikeout,swinging_strike,,,,,13,Brett Wisely strikes out swinging.,R,L,L,SF,MIL,S,2.0,,2,2,2024,-1.12,-0.45,-1.2702651714322404,1.818917962873511,,666464.0,592200.0,2,7,Bot,,,,,,,-2.264412114642364,-124.88466176934335,-4.004049123148675,-11.316664699337576,24.76321222577059,-36.261325866412,3.47,1.63,,,,84.5,2509,5.4,745288,661388,656555,668930,687401,642715,694192,669003,686217,55.1,,0.0,0.0,1.0,0.0,0.0,,52,5,Slider,0,1,0,1,1,0,0,1,Standard,Standard,337,-0.082,-0.204,61.8,7.2,2.188798368,,0.204,,-1,-1,0.337,0.337,26,25,26,25,1,2,6.0,1,3,1.0,3.54,-1.12,-1.12,54.5,13.718383716349615,-9.746700831454993,25.74685626001785,46.99382733159256,33.85301088473137,pitcher
SI,2024-09-12,97.7,0.75,6.65,"Ashby, Aaron",689172,676879,,called_strike,,,,,4,,R,L,L,SF,MIL,S,,,2,1,2024,1.17,0.8,-0.458226177713487,2.1634481784018984,,666464.0,592200.0,2,7,Bot,,,,,,,-5.840676648067959,-142.05234024059945,-8.29057892454284,17.207600425897493,32.64398842010076,-19.66570074331656,3.42657189393052,1.58064951004471,,,,96.0,2090,5.4,745288,661388,656555,668930,687401,642715,694192,669003,686217,55.11,,,,,,,,52,4,Sinker,0,1,0,1,1,0,0,1,Standard,Standard,148,-0.021,-0.102,,,,,0.102,,-1,-1,0.358,0.358,26,25,26,25,1,2,6.0,1,3,1.0,1.6,1.17,1.17,48.5,,,,,,pitcher
CU,2024-09-12,82.4,0.65,6.59,"Ashby, Aaron",689172,676879,,ball,,,,,14,,R,L,L,SF,MIL,B,,,1,1,2024,-0.64,-1.33,0.2410883536696504,1.2214547216063982,,666464.0,592200.0,2,7,Bot,,,,,,,0.3086550023731391,-119.92314079077543,-3.0022311652647597,-6.160150208803856,25.34970670738145,-44.531466800911325,3.36488558043136,1.57606693847695,,,,80.7,2599,5.3,745288,661388,656555,668930,687401,642715,694192,669003,686217,55.18,,,,,,,,52,3,Curveball,0,1,0,1,1,0,0,1,Standard,Standard,333,0.011,0.042,,,,,-0.042,,-1,-1,0.347,0.347,26,25,26,25,1,2,6.0,1,3,1.0,4.71,-0.64,-0.64,53.6,,,,,,pitcher
SI,2024-09-12,98.1,0.82,6.7,"Ashby, Aaron",689172,676879,,ball,,,,,14,,R,L,L,SF,MIL,B,,,0,1,2024,1.14,0.85,0.1402705908324142,1.2358250530950108,,666464.0,592200.0,2,7,Bot,,,,,,,-4.354960897976612,-142.40446723014557,-11.012811138957474,16.45312899658478,32.82176886007261,-18.283826159829395,3.4785482045693,1.59485179278773,,,,96.1,2051,5.3,745288,661388,656555,668930,687401,642715,694192,669003,686217,55.22,,,,,,,,52,2,Sinker,0,1,0,1,1,0,0,1,Standard,Standard,141,0.01,0.033,,,,,-0.033,,-1,-1,0.337,0.337,26,25,26,25,1,2,6.0,1,3,1.0,1.53,1.14,1.14,47.8,,,,,,pitcher
SI,2024-09-12,97.5,0.57,6.77,"Ashby, Aaron",689172,676879,,called_strike,,,,,4,,R,L,L,SF,MIL,S,,,0,0,2024,1.11,0.91,-0.7240740780356765,2.679633252052647,,666464.0,592200.0,2,7,Bot,,,,,,,-5.913982704061268,-141.77537211898766,-7.403331426404584,16.37846195702422,33.67331645354637,-18.40114614740084,3.43973762569077,1.58448922638362,,,,95.5,2150,5.3,745288,661388,656555,668930,687401,642715,694192,669003,686217,55.25,,,,,,,,52,1,Sinker,0,1,0,1,1,0,0,1,Standard,Standard,148,-0.015,-0.048,,,,,0.048,,-1,-1,0.352,0.352,26,25,26,25,1,2,6.0,1,3,1.0,1.5,1.11,1.11,52.9,,,,,,pitcher
CH,2024-09-12,90.6,0.72,6.61,"Ashby, Aaron",592200,676879,field_error,hit_into_play,,,,,9,Curt Casali reaches on a fielding error by shortstop Willy Adames. Jerar Encarnacion to 2nd.,R,R,L,SF,MIL,X,6.0,ground_ball,2,2,2024,0.97,0.15,0.8210848784115915,1.5904950192166734,,,666464.0,2,7,Bot,104.64,140.95,,,,,-1.7850064372559618,-131.93730941779387,-6.850466634437208,11.718670402049504,26.61769173847167,-29.28657571035377,3.32,1.55,136.0,65.6,14.0,89.3,1836,5.3,745288,661388,656555,668930,687401,642715,694192,669003,686217,55.15,0.292,0.263,0.9,1.0,0.0,0.0,2.0,51,5,Changeup,0,1,0,1,1,0,0,1,Infield shade,Standard,134,0.053,0.453,62.8,8.1,,0.302,-0.453,88.0,-1,-1,0.299,0.299,26,35,26,36,1,2,6.0,4,3,3.0,2.62,0.97,-0.97,55.6,13.226791867752324,-10.670681023992092,36.20372918126321,44.97661391989551,39.25026877017526,pitcher
SI,2024-09-12,97.5,0.78,6.72,"Ashby, Aaron",592200,676879,,foul,,,,,3,,R,R,L,SF,MIL,S,,,2,1,2024,1.22,0.87,0.7580731636491473,3.3833009800908718,,,666464.0,2,7,Bot,,,,,,,-2.7918694954672376,-142.02446324809688,-5.392777431956024,17.16052051804141,31.78989433374375,-19.376902539099667,3.32,1.55,266.0,81.5,31.0,95.9,2023,5.2,745288,661388,656555,668930,687401,642715,694192,669003,686217,55.26,,,,,,,,51,4,Sinker,0,1,0,1,1,0,0,1,Infield shade,Strategic,145,-0.012,-0.072,57.4,6.2,,,0.072,88.0,-1,-1,0.311,0.311,26,35,26,36,1,2,6.0,4,3,3.0,1.52,1.22,-1.22,53.9,4.999821763108759,21.265906830966838,25.383640776896552,44.08347699327032,21.69886146574369,pitcher
SI,2024-09-12,97.6,0.64,6.75,"Ashby, Aaron",592200,676879,,called_strike,,,,,1,,R,R,L,SF,MIL,S,,,2,0,2024,1.15,0.81,-0.6520561666096063,3.0417113714751847,,,666464.0,2,7,Bot,,,,,,,-6.001177524079039,-141.98287270866,-6.2758762426678425,16.981276703181425,30.88060646908748,-19.95429781882129,3.45107923204654,1.60103102477456,,,,96.1,2146,5.3,745288,661388,656555,668930,687401,642715,694192,669003,686217,55.16,,,,,,,,51,3,Sinker,0,1,0,1,1,0,0,1,Infield shade,Standard,146,-0.009,-0.048,,,,,0.048,,-1,-1,0.32,0.32,26,35,26,36,1,2,6.0,4,3,3.0,1.57,1.15,-1.15,53.3,,,,,,pitcher
CU,2024-09-12,82.4,0.69,6.65,"Ashby, Aaron",592200,676879,,ball,,,,,11,,R,R,L,SF,MIL,B,,,1,0,2024,-0.76,-1.13,-0.0450596465672141,3.5712386307508823,,,666464.0,2,7,Bot,,,,,,,-0.1827690574871275,-119.99856366455836,1.6900883686499342,-7.295880104800525,24.608329073065,-43.62072993435124,3.38874360927676,1.50993131635411,,,,80.9,2363,5.4,745288,661388,656555,668930,687401,642715,694192,669003,686217,55.14,,,,,,,,51,2,Curveball,0,1,0,1,1,0,0,1,Infield shade,Standard,330,0.009,0.05,,,,,-0.05,,-1,-1,0.311,0.311,26,35,26,36,1,2,6.0,4,3,3.0,4.5,-0.76,0.76,52.7,,,,,,pitcher
CU,2024-09-12,82.1,0.8,6.65,"Ashby, Aaron",592200,676879,,ball,,,,,12,,R,R,L,SF,MIL,B,,,0,0,2024,-0.81,-1.17,1.3588429292876336,4.430874357185768,,,666464.0,2,7,Bot,,,,,,,2.7861954456729903,-119.52183202805016,3.684958755310913,-8.34095835142047,23.41856705278776,-44.294675585231936,3.38291191420675,1.53226222474966,,,,80.6,2427,5.2,745288,661388,656555,668930,687401,642715,694192,669003,686217,55.26,,,,,,,,51,1,Curveball,0,1,0,1,1,0,0,1,Infield shade,Standard,332,0.004,0.034,,,,,-0.034,,-1,-1,0.307,0.307,26,35,26,36,1,2,6.0,4,3,3.0,4.55,-0.81,0.81,56.4,,,,,,pitcher
SI,2024-09-12,97.0,0.62,6.73,"Ashby, Aaron",687529,676879,strikeout,called_strike,,,,,7,Grant McCray called out on strikes.,R,L,L,SF,MIL,S,2.0,,1,2,2024,1.26,0.76,-0.8106988904627126,1.9222997512206363,,,666464.0,1,7,Bot,,,,,,,-6.536995008262604,-140.9263400529097,-8.890603268699326,18.25265265599775,29.98024007887357,-20.24886832719933,3.69490498236701,1.64300364965697,,,,95.1,2111,5.1,745288,661388,656555,668930,687401,642715,694192,669003,686217,55.37,,0.0,0.0,1.0,0.0,0.0,,50,4,Sinker,0,1,0,1,1,0,0,1,Standard,Standard,148,-0.044,-0.182,,,,,0.182,,-1,-1,0.351,0.351,26,23,26,24,1,2,6.0,1,3,1.0,1.66,1.26,1.26,47.4,,,,,,pitcher
SI,2024-09-12,97.0,0.7,6.7,"Ashby, Aaron",687529,676879,,swinging_strike,,,,,6,,R,L,L,SF,MIL,S,,,1,1,2024,1.26,0.68,0.7884328684041055,3.011939734445347,,,666464.0,1,7,Bot,,,,,,,-2.587850779167618,-141.1489366543386,-5.760280880337676,17.425723198391076,32.630772464263146,-21.94841759223907,3.62,1.69,,,,94.9,2090,5.1,745288,661388,656555,668930,687401,642715,694192,669003,686217,55.37,,,,,,,,50,3,Sinker,0,1,0,1,1,0,0,1,Standard,Standard,145,-0.016,-0.059,70.9,6.5,1.042611132,,0.059,,-1,-1,0.367,0.367,26,23,26,24,1,2,6.0,1,3,1.0,1.74,1.26,1.26,54.0,6.56259937756878,2.8090854048055878,32.684195592058515,24.96745201065425,25.518139746886263,pitcher
SI,2024-09-12,96.9,0.75,6.68,"Ashby, Aaron",687529,676879,,ball,,,,,11,,R,L,L,SF,MIL,B,,,0,1,2024,0.92,0.37,-1.335208203209239,2.911565015975465,,,666464.0,1,7,Bot,,,,,,,-7.500903103238675,-141.00329993206623,-5.321838189623051,13.880163934893597,29.751466258890392,-26.250667032900346,3.7690765019128,1.64860180022943,,,,95.3,2102,5.2,745288,661388,656555,668930,687401,642715,694192,669003,686217,55.32,,,,,,,,50,2,Sinker,0,1,0,1,1,0,0,1,Standard,Standard,152,0.006,0.029,,,,,-0.029,,-1,-1,0.361,0.361,26,23,26,24,1,2,6.0,1,3,1.0,2.04,0.92,0.92,45.4,,,,,,pitcher
CU,2024-09-12,82.8,0.79,6.61,"Ashby, Aaron",687529,676879,,called_strike,,,,,14,,R,L,L,SF,MIL,S,,,0,0,2024,-0.29,-1.15,0.8544536982613307,2.0098804126676857,,,666464.0,1,7,Bot,,,,,,,0.7027457128690471,-120.48977507154557,-1.7061252923986667,-2.9182638873428424,25.75051422080643,-43.18509299312799,3.59861089862771,1.62058354917416,,,,81.1,2434,5.4,745288,661388,656555,668930,687401,642715,694192,669003,686217,55.15,,,,,,,,50,1,Curveball,0,1,0,1,1,0,0,1,Standard,Standard,331,-0.009,-0.04,,,,,0.04,,-1,-1,0.37,0.37,26,23,26,24,1,2,6.0,1,3,1.0,4.5,-0.29,-0.29,50.8,,,,,,pitcher
SI,2024-09-12,97.7,0.66,6.77,"Ashby, Aaron",666464,676879,single,hit_into_play,,,,,5,Jerar Encarnacion singles on a sharp fly ball to right fielder Sal Frelick.,R,R,L,SF,MIL,X,9.0,fly_ball,1,1,2024,1.16,0.49,0.1474874812961579,3.14595568657381,,,,1,7,Bot,220.72,109.75,,,,,-3.94234552978808,-142.22871796312026,-5.317241279137068,16.617794358139218,31.823318046165653,-24.467802413475525,3.79,1.8,320.0,103.8,22.0,95.8,2077,5.1,745288,661388,656555,668930,687401,642715,694192,669003,686217,55.37,0.642,1.1421904761904764,0.9,1.0,1.0,0.0,6.0,49,3,Sinker,0,1,0,1,1,0,0,1,Standard,Standard,149,0.056,0.434,78.6,7.0,,2.157,-0.434,103.8,-1,-1,0.314,0.314,26,26,26,27,1,2,6.0,1,3,1.0,1.89,1.16,-1.16,55.5,1.256976359109647,23.143324754559703,33.510280750452765,41.80253128179024,16.791098599434445,pitcher
CH,2024-09-12,90.8,0.95,6.57,"Ashby, Aaron",666464,676879,,foul,,,,,6,,R,R,L,SF,MIL,S,,,1,0,2024,0.95,0.13,0.8168400816666331,3.084075743518791,,,,1,7,Bot,,,,,,,-2.328499879166092,-132.3323796126899,-3.133969123692669,11.655425433792898,26.43268643149297,-30.15256285430464,3.79,1.8,198.0,72.0,50.0,89.8,1971,5.5,745288,661388,656555,668930,687401,642715,694192,669003,686217,55.03,,,,,,,,49,2,Changeup,0,1,0,1,1,0,0,1,Standard,Standard,131,-0.007,-0.051,87.8,7.8,,,0.051,88.0,-1,-1,0.321,0.321,26,26,26,27,1,2,6.0,1,3,1.0,2.61,0.95,-0.95,48.2,5.7934378397944,11.205974132013772,30.261484331749376,50.47623843446898,21.15069971668988,pitcher
SI,2024-09-12,98.4,0.76,6.67,"Ashby, Aaron",666464,676879,,ball,,,,,13,,R,R,L,SF,MIL,B,,,0,0,2024,1.26,0.63,-0.5857153158210902,1.6652856987686144,,,,1,7,Bot,,,,,,,-6.428293947006025,-142.98858095970235,-9.428826137834756,18.72245190901177,31.362227202944517,-21.529460828929672,3.83710190957844,1.79858568090505,,,,96.8,2071,5.4,745288,661388,656555,668930,687401,642715,694192,669003,686217,55.13,,,,,,,,49,1,Sinker,0,1,0,1,1,0,0,1,Standard,Standard,140,0.005,0.039,,,,,-0.039,,-1,-1,0.316,0.316,26,26,26,27,1,2,6.0,1,3,1.0,1.72,1.26,-1.26,48.8,,,,,,pitcher
SI,2024-09-12,97.6,0.68,6.71,"Ashby, Aaron",592192,676879,field_out,hit_into_play,,,,,6,Mark Canha flies out to right fielder Sal Frelick.,R,R,L,SF,MIL,X,9.0,fly_ball,0,1,2024,1.24,0.71,0.5093617582554653,2.3344811704183783,,,,0,7,Bot,212.67,107.0,,,,,-3.2177728219205206,-141.97626204457038,-7.7312089769696755,17.47192752908598,33.01864791075713,-20.95144809777789,3.3,1.52,311.0,94.2,29.0,95.4,2147,5.1,745288,661388,656555,668930,687401,642715,694192,669003,686217,55.4,0.171,0.269,0.0,1.0,0.0,0.0,3.0,48,2,Sinker,0,1,0,1,1,0,0,1,Standard,Standard,142,-0.041,-0.217,72.2,7.2,,0.472,0.217,94.2,-1,-1,0.357,0.357,26,35,26,35,1,0,6.0,2,3,2.0,1.68,1.24,-1.24,55.8,4.902576697568422,18.08853865755038,32.44384752368539,40.82464677673055,19.597557209411875,pitcher
SI,2024-09-12,97.4,0.73,6.75,"Ashby, Aaron",592192,676879,,swinging_strike,,,,,3,,R,R,L,SF,MIL,S,,,0,0,2024,1.16,0.86,0.6807772224793068,2.835827891512046,,,,0,7,Bot,,,,,,,-2.736187125374136,-141.84379794415858,-6.902224837755201,16.291770055596174,31.03730779129066,-19.24317265781499,3.3,1.52,,,,96.1,2139,5.4,745288,661388,656555,668930,687401,642715,694192,669003,686217,55.1,,,,,,,,48,1,Sinker,0,1,0,1,1,0,0,1,Standard,Standard,145,-0.007,-0.037,70.1,6.8,0.31880532,,0.037,,-1,-1,0.364,0.364,26,35,26,35,1,0,6.0,2,3,2.0,1.53,1.16,-1.16,58.1,2.2694738550662032,28.41346730244304,30.072226090870547,43.73433732432534,8.97592882288692,pitcher
CU,2024-09-06,83.3,0.76,6.39,"Ashby, Aaron",607732,676879,field_out,hit_into_play,,,,,8,"Jacob Stallings grounds out, shortstop Willy Adames to first baseman Jake Bauers.",R,R,L,MIL,COL,X,6.0,ground_ball,3,2,2024,-0.73,-1.35,-0.0325176481164856,1.9354593157413935,669911.0,,,2,9,Top,105.58,155.98,,,,,-0.3658540337036025,-121.22497314394212,-1.0516387492383534,-7.065943032108143,27.094950952137975,-45.32310889320088,3.33,1.57,7.0,92.8,-16.0,81.3,2619,5.3,745941,661388,641343,668930,687401,642715,694192,663368,669003,55.22,0.106,0.133,0.0,1.0,0.0,0.0,2.0,64,7,Curveball,2,3,3,2,3,2,3,2,Standard,Standard,331,0.035,-0.267,71.5,7.1,,0.117,0.267,92.8,-1,1,0.169,0.831,26,34,26,35,2,3,3.0,3,6,6.0,4.67,-0.73,0.73,51.0,12.7325218442879,5.916879986514639,34.009097255070806,37.59234407498423,33.457221971886526,pitcher
SI,2024-09-06,96.6,0.85,6.48,"Ashby, Aaron",607732,676879,,ball,,,,,12,,R,R,L,MIL,COL,B,,,2,2,2024,1.2,1.01,1.1554879547731038,4.229672121037631,,669911.0,,2,9,Top,,,,,,,-1.8723318457133908,-140.7304486069472,-2.709798569243242,16.385094829550148,32.548830472305184,-18.313746023191467,3.33272660640387,1.56252550827189,,,,94.5,2038,5.1,745941,661388,641343,668930,687401,642715,694192,663368,669003,55.44,,,,,,,,64,6,Sinker,2,3,3,2,3,2,3,2,Standard,Standard,147,-0.01,0.049,,,,,-0.049,,-1,1,0.179,0.821,26,34,26,35,2,3,3.0,3,6,6.0,1.43,1.2,-1.2,46.7,,,,,,pitcher
SL,2024-09-06,82.6,0.9,6.29,"Ashby, Aaron",607732,676879,,foul,,,,,14,,R,R,L,MIL,COL,S,,,2,2,2024,-0.62,-0.72,0.6423102855384589,1.2903887349064085,,669911.0,,2,9,Top,,,,,,,0.603771711626161,-120.32622633720484,-3.4596436855603194,-6.173594718969877,23.112743997706552,-38.6844703406401,3.33,1.57,112.0,58.5,19.0,81.2,2446,5.2,745941,661388,641343,668930,687401,642715,694192,663368,669003,55.26,,,,,,,,64,5,Slider,2,3,3,2,3,2,3,2,Standard,Standard,335,0.0,0.0,57.3,6.8,,,0.0,88.0,-1,1,0.179,0.821,26,34,26,35,2,3,3.0,3,6,6.0,4.05,-0.62,0.62,44.1,-1.9346533518358355,15.382932952682436,33.45846053137571,45.75265365633584,22.48538054252555,pitcher
CU,2024-09-06,81.9,0.85,6.41,"Ashby, Aaron",607732,676879,,called_strike,,,,,6,,R,R,L,MIL,COL,S,,,2,1,2024,-0.81,-1.35,0.3805582967163076,2.3961715332557727,,669911.0,,2,9,Top,,,,,,,0.4773601351116621,-119.23689733290637,0.1397766386664876,-7.719612890481933,25.93778216930469,-45.19663262031417,3.36245126595448,1.56252550827189,,,,80.0,2667,5.3,745941,661388,641343,668930,687401,642715,694192,663368,669003,55.23,,,,,,,,64,4,Curveball,2,3,3,2,3,2,3,2,Standard,Standard,329,0.005,-0.062,,,,,0.062,,-1,1,0.174,0.826,26,34,26,35,2,3,3.0,3,6,6.0,4.78,-0.81,0.81,49.5,,,,,,pitcher
CH,2024-09-06,89.9,0.75,6.41,"Ashby, Aaron",607732,676879,,ball,,,,,13,,R,R,L,MIL,COL,B,,,1,1,2024,1.15,0.31,-0.5148653814978754,0.7213534111178377,,669911.0,,2,9,Top,,,,,,,-5.448840751616507,-130.59370472348755,-8.605614177648455,14.341094281703596,27.670959915980767,-27.01397007602344,3.27329463607252,1.5081584271599,,,,88.2,1850,5.3,745941,661388,641343,668930,687401,642715,694192,663368,669003,55.17,,,,,,,,64,3,Changeup,2,3,3,2,3,2,3,2,Standard,Standard,132,-0.002,0.039,,,,,-0.039,,-1,1,0.176,0.824,26,34,26,35,2,3,3.0,3,6,6.0,2.52,1.15,-1.15,47.3,,,,,,pitcher
CH,2024-09-06,91.2,0.83,6.35,"Ashby, Aaron",607732,676879,,swinging_strike,,,,,13,,R,R,L,MIL,COL,S,,,1,0,2024,0.87,0.58,-0.3637468372872637,0.7328011373288406,,669911.0,,2,9,Top,,,,,,,-4.77354931258089,-132.4943395249743,-9.3382947254454,11.259499904715469,27.1989171106659,-23.559607727520028,3.33,1.57,,,,89.7,1704,5.4,745941,661388,641343,668930,687401,642715,694192,663368,669003,55.11,,,,,,,,64,2,Changeup,2,3,3,2,3,2,3,2,Standard,Standard,134,0.002,-0.043,65.9,8.5,3.309844056,,0.043,,-1,1,0.174,0.826,26,34,26,35,2,3,3.0,3,6,6.0,2.16,0.87,-0.87,47.8,24.09822417613009,-28.76723728426942,40.1317603072372,32.50053015044732,43.83342546814566,pitcher
CH,2024-09-06,89.7,0.84,6.29,"Ashby, Aaron",607732,676879,,ball,,,,,14,,R,R,L,MIL,COL,B,,,0,0,2024,0.74,0.95,0.0299552174225897,1.0161027293509353,,669911.0,,2,9,Top,,,,,,,-3.476841723362744,-130.30623272866617,-8.830824250047437,9.157158415158884,29.35896035476673,-19.679735376893248,3.39218171696798,1.56252550827189,,,,87.7,1688,5.3,745941,661388,641343,668930,687401,642715,694192,663368,669003,55.23,,,,,,,,64,1,Changeup,2,3,3,2,3,2,3,2,Standard,Standard,137,-0.001,0.014,,,,,-0.014,,-1,1,0.175,0.825,26,34,26,35,2,3,3.0,3,6,6.0,1.91,0.74,-0.74,46.0,,,,,,pitcher
SL,2024-09-06,84.1,0.99,6.27,"Ashby, Aaron",666134,676879,strikeout,swinging_strike,,,,,13,Nolan Jones strikes out swinging.,R,L,L,MIL,COL,S,2.0,,1,2,2024,-1.13,-0.33,-0.6900531354706289,1.206846892727841,,669911.0,,1,9,Top,,,,,,,-1.6215035498052897,-122.41669094107584,-4.598247546560375,-11.02378658818967,24.76620178219089,-34.81399995020533,3.64,1.7,,,,82.3,2515,5.1,745941,661388,641343,668930,687401,642715,694192,663368,669003,55.36,,0.0,0.0,1.0,0.0,0.0,,63,6,Slider,2,3,3,2,3,2,3,2,Strategic,Standard,341,0.019,-0.198,53.8,7.8,5.810880084,,0.198,,-1,1,0.156,0.844,26,26,26,26,1,3,3.0,1,6,1.0,3.56,-1.13,-1.13,42.8,28.925430212563292,-23.378000072292423,38.15394117760628,45.40925503340952,48.710892284055774,pitcher
CU,2024-09-06,82.0,0.64,6.43,"Ashby, Aaron",666134,676879,,foul,,,,,5,,R,L,L,MIL,COL,S,,,1,2,2024,-0.89,-1.49,-0.0342767735845326,2.9780372674596087,,669911.0,,1,9,Top,,,,,,,0.1858656248237085,-119.36018472316132,1.652147903129865,-8.479228103989929,26.050233445002647,-46.88365787573383,3.64,1.7,84.0,71.2,7.0,80.2,2704,5.4,745941,661388,641343,668930,687401,642715,694192,663368,669003,55.13,,,,,,,,63,5,Curveball,2,3,3,2,3,2,3,2,Standard,Standard,328,0.0,0.0,61.3,5.4,,,0.0,88.0,-1,1,0.156,0.844,26,26,26,26,1,3,3.0,1,6,1.0,4.92,-0.89,-0.89,51.0,-7.740474392863018,35.438133139452894,31.83461663212479,38.04720126860738,12.501616926422688,pitcher
SI,2024-09-06,95.6,0.75,6.49,"Ashby, Aaron",666134,676879,,foul,,,,,12,,R,L,L,MIL,COL,S,,,1,2,2024,1.37,0.34,1.026179450572899,2.7899978398832808,,669911.0,,1,9,Top,,,,,,,-2.3053615223101342,-139.11656853095005,-4.745842509686685,18.21372713341121,35.02226160511328,-26.78951182056991,3.64,1.7,3.0,67.6,-42.0,93.1,2100,5.1,745941,661388,641343,668930,687401,642715,694192,663368,669003,55.39,,,,,,,,63,4,Sinker,2,3,3,2,3,2,3,2,Standard,Standard,143,0.0,0.0,66.4,5.9,,,0.0,88.0,-1,1,0.156,0.844,26,26,26,26,1,3,3.0,1,6,1.0,2.18,1.37,1.37,51.6,0.8553865653888775,11.14289283460186,36.71152572155713,25.567617769965867,25.879344590106413,pitcher
SI,2024-09-06,95.8,0.69,6.5,"Ashby, Aaron",666134,676879,,called_strike,,,,,4,,R,L,L,MIL,COL,S,,,1,1,2024,1.17,1.08,-0.740016736602156,2.705163081467393,,669911.0,,1,9,Top,,,,,,,-6.276838678396858,-139.21779702154535,-6.7002102760831805,16.592997533464235,32.418935060646035,-16.735452371288126,3.83883749363121,1.83240992294332,,,,93.7,2106,5.2,745941,661388,641343,668930,687401,642715,694192,663368,669003,55.29,,,,,,,,63,3,Sinker,2,3,3,2,3,2,3,2,Standard,Standard,148,0.007,-0.062,,,,,0.062,,-1,1,0.149,0.851,26,26,26,26,1,3,3.0,1,6,1.0,1.41,1.17,1.17,50.5,,,,,,pitcher
SL,2024-09-06,83.2,1.19,6.32,"Ashby, Aaron",666134,676879,,ball,,,,,2,,R,L,L,MIL,COL,B,,,0,1,2024,-0.95,-0.27,0.0747243380628492,3.535162178329937,,669911.0,,1,9,Top,,,,,,,-0.6869885646911705,-121.10571522568402,0.5973297263619337,-9.143083037729532,25.638676292944005,-35.13804685484843,3.80901947273683,1.92095670997687,,,,81.3,2521,5.2,745941,661388,641343,668930,687401,642715,694192,663368,669003,55.31,,,,,,,,63,2,Slider,2,3,3,2,3,2,3,2,Standard,Standard,325,-0.003,0.021,,,,,-0.021,,-1,1,0.152,0.848,26,26,26,26,1,3,3.0,1,6,1.0,3.58,-0.95,-0.95,45.1,,,,,,pitcher
SI,2024-09-06,96.9,0.66,6.44,"Ashby, Aaron",666134,676879,,called_strike,,,,,2,,R,L,L,MIL,COL,S,,,0,0,2024,1.42,0.68,0.147768042727558,3.252651816735826,,669911.0,,1,9,Top,,,,,,,-4.4854095793148,-141.04057048950287,-4.419414030856505,19.9011979256587,33.86670060960136,-22.229427725859157,3.74940105137942,1.80290530121048,,,,94.8,2295,5.2,745941,661388,641343,668930,687401,642715,694192,663368,669003,55.35,,,,,,,,63,1,Sinker,2,3,3,2,3,2,3,2,Standard,Standard,150,0.004,-0.036,,,,,0.036,,-1,1,0.148,0.852,26,26,26,26,1,3,3.0,1,6,1.0,1.75,1.42,1.42,47.9,,,,,,pitcher
SI,2024-09-06,95.6,0.67,6.47,"Ashby, Aaron",669911,676879,double,hit_into_play,,,,,5,Michael Toglia doubles (11) on a sharp line drive to right fielder Garrett Mitchell.,R,R,L,MIL,COL,X,9.0,line_drive,0,0,2024,1.27,0.79,0.0919159732444354,2.884937959370556,,,,1,9,Top,203.37,119.7,,,,,-4.276747637736012,-139.20722584745482,-5.524175014236497,17.48059503407287,30.430332656512267,-20.881907338841835,3.7,1.77,207.0,102.1,10.0,93.8,1985,5.1,745941,661388,641343,668930,687401,642715,694192,663368,669003,55.37,0.839,0.826,1.25,1.0,1.0,1.0,4.0,62,1,Sinker,2,3,3,2,3,2,3,2,Standard,Standard,142,-0.033,0.657,70.2,6.1,,1.039,-0.657,102.1,-1,1,0.181,0.819,26,25,26,26,1,3,3.0,1,6,1.0,1.7,1.27,-1.27,55.1,-4.393292335515945,20.74369459581198,32.61835119146829,40.70238273340634,14.799834596867797,pitcher
SL,2024-09-06,82.3,0.74,6.37,"Ashby, Aaron",686668,676879,strikeout,swinging_strike,,,,,14,Brenton Doyle strikes out swinging.,R,R,L,MIL,COL,S,2.0,,1,2,2024,-0.99,-0.77,0.1602776907528359,1.4143473576750147,,,,0,9,Top,,,,,,,0.5842864669255521,-119.86962398116268,-3.2050029292648587,-9.625952919323638,23.152964791064043,-39.17555884108945,3.4,1.64,,,,80.8,2451,5.2,745941,661388,641343,668930,687401,642715,694192,663368,669003,55.28,,0.0,0.0,1.0,0.0,0.0,,61,4,Slider,2,3,3,2,3,2,3,2,Strategic,Standard,342,0.011,-0.186,62.4,8.5,4.501725048,,0.186,,-1,1,0.17,0.83,26,26,26,26,1,3,3.0,1,6,1.0,4.13,-0.99,0.99,52.9,20.58697098514681,-38.81078705421057,29.57874811969933,39.822118599915584,49.18213241137768,pitcher
CU,2024-09-06,81.5,0.54,6.43,"Ashby, Aaron",686668,676879,,swinging_strike,,,,,2,,R,R,L,MIL,COL,S,,,1,1,2024,-0.62,-1.44,0.2020476979274523,2.933705414460949,,,,0,9,Top,,,,,,,0.414806865183811,-118.53784553380945,1.534965217941353,-5.846391628736476,25.560927301427967,-46.23194799580621,3.4,1.64,,,,79.5,2711,5.2,745941,661388,641343,668930,687401,642715,694192,663368,669003,55.27,,,,,,,,61,3,Curveball,2,3,3,2,3,2,3,2,Standard,Standard,328,0.004,-0.056,62.8,6.1,1.064874684,,0.056,,-1,1,0.166,0.834,26,26,26,26,1,3,3.0,1,6,1.0,4.92,-0.62,0.62,55.0,1.0326312545933582,18.253617303237693,31.106577148745767,39.5605284183574,13.115914303091802,pitcher
CH,2024-09-06,89.8,0.87,6.33,"Ashby, Aaron",686668,676879,,ball,,,,,14,,R,R,L,MIL,COL,B,,,0,1,2024,1.27,0.26,1.1137919389720428,2.2672252133094,,,,0,9,Top,,,,,,,-2.035035051148927,-130.73209756481148,-4.572101229239637,14.979875686162597,27.44911634025121,-28.40933359771474,3.45166001841733,1.63257086585067,,,,88.1,1907,5.2,745941,661388,641343,668930,687401,642715,694192,663368,669003,55.31,,,,,,,,61,2,Changeup,2,3,3,2,3,2,3,2,Standard,Standard,138,-0.001,0.025,,,,,-0.025,,-1,1,0.167,0.833,26,26,26,26,1,3,3.0,1,6,1.0,2.56,1.27,-1.27,55.9,,,,,,pitcher
CH,2024-09-06,89.5,0.85,6.36,"Ashby, Aaron",686668,676879,,swinging_strike,,,,,14,,R,R,L,MIL,COL,S,,,0,0,2024,1.37,0.47,1.0818099104781431,1.727096465878336,,,,0,9,Top,,,,,,,-2.2658381400328804,-130.25247125079886,-6.33838244306108,16.03351708148858,27.723838857415185,-25.67053898005725,3.4,1.64,,,,88.1,1926,5.4,745941,661388,641343,668930,687401,642715,694192,663368,669003,55.08,,,,,,,,61,1,Changeup,2,3,3,2,3,2,3,2,Standard,Standard,139,0.002,-0.037,68.2,8.6,11.510529096,,0.037,,-1,1,0.165,0.835,26,26,26,26,1,3,3.0,1,6,1.0,2.38,1.37,-1.37,46.9,26.243643854100423,-26.872676136107827,29.97486952590545,51.73497575008257,44.909191921201824,pitcher
SL,2024-09-06,81.5,0.9,6.32,"Ashby, Aaron",641857,676879,strikeout,swinging_strike,,,,,13,Ryan McMahon strikes out swinging.,R,L,L,MIL,COL,S,2.0,,0,2,2024,-0.83,-0.51,-1.3881027820655212,1.7182240404337343,,,,2,8,Top,,,,,,,-3.47858388450691,-118.66169953585276,-2.6993386019393864,-7.105977153651607,24.788421599101284,-36.60630057878724,3.43,1.56,,,,80.0,2511,5.5,745941,661388,641343,668930,687401,642715,694192,663368,669003,55.05,,0.0,0.0,1.0,0.0,0.0,,57,3,Slider,2,3,3,2,3,2,3,2,Strategic,Standard,334,0.007,-0.157,65.2,8.6,5.466614736,,0.157,,-1,1,0.301,0.699,26,29,26,30,1,3,3.0,1,6,1.0,3.96,-0.83,-0.83,45.1,25.1987620917067,-24.660400947394727,33.494614732767594,56.81246833715739,36.66089004889651,pitcher
SI,2024-09-06,95.4,0.64,6.43,"Ashby, Aaron",641857,676879,,called_strike,,,,,9,,R,L,L,MIL,COL,S,,,0,1,2024,1.25,0.83,0.3039435496282364,1.8925335735918427,,,,2,8,Top,,,,,,,-3.6132452317915296,-138.69176604291053,-7.9452015754865535,16.920840107103306,34.21385653881524,-19.763911211576094,3.60045755047826,1.68494143282438,,,,93.0,2175,5.2,745941,661388,641343,668930,687401,642715,694192,663368,669003,55.35,,,,,,,,57,2,Sinker,2,3,3,2,3,2,3,2,Standard,Standard,145,0.003,-0.058,,,,,0.058,,-1,1,0.298,0.702,26,29,26,30,1,3,3.0,1,6,1.0,1.7,1.25,1.25,47.0,,,,,,pitcher
SL,2024-09-06,82.5,0.91,6.35,"Ashby, Aaron",641857,676879,,swinging_strike,,,,,14,,R,L,L,MIL,COL,S,,,0,0,2024,-0.73,-0.62,0.2380750946374205,0.8816062366230648,,,,2,8,Top,,,,,,,-0.1136874059926605,-120.05891299416096,-4.586165867668427,-6.986742656275387,25.42765490725681,-37.3845857455122,3.43,1.56,,,,80.6,2545,5.2,745941,661388,641343,668930,687401,642715,694192,663368,669003,55.33,,,,,,,,57,1,Slider,2,3,3,2,3,2,3,2,Standard,Standard,332,0.002,-0.041,72.8,8.7,25.970691312,,0.041,,-1,1,0.296,0.704,26,29,26,30,1,3,3.0,1,6,1.0,3.99,-0.73,-0.73,45.5,38.88873266875903,-61.82188286372664,44.98773990320941,37.02196341301467,66.10152695081294,pitcher
CH,2024-09-06,90.7,0.96,6.24,"Ashby, Aaron",678662,676879,field_out,hit_into_play,,,,,14,Ezequiel Tovar flies out to right fielder Garrett Mitchell.,R,R,L,MIL,COL,X,9.0,fly_ball,0,2,2024,1.11,0.72,0.505482613017396,1.172482856954143,,,,1,8,Top,176.91,110.82,,,,,-3.439235205681113,-131.8682787866649,-8.115266287323701,13.70809456307456,28.411186800157434,-22.206193244302344,3.23,1.49,253.0,83.6,49.0,88.9,1933,5.2,745941,661388,641343,668930,687401,642715,694192,663368,669003,55.26,0.003,0.002,0.0,1.0,0.0,0.0,3.0,56,3,Changeup,2,3,3,2,3,2,3,2,Standard,Standard,132,0.011,-0.162,68.0,8.2,,0.003,0.162,88.0,-1,1,0.285,0.715,26,22,26,23,1,3,3.0,1,6,1.0,2.06,1.11,-1.11,53.0,17.710359355535026,-8.058040775780325,41.43520157907201,38.705980283231234,31.570767899441613,pitcher
SI,2024-09-06,97.0,0.82,6.41,"Ashby, Aaron",678662,676879,,foul,,,,,4,,R,R,L,MIL,COL,S,,,0,1,2024,1.38,0.64,-0.2821684267271656,2.2129390015585173,,,,1,8,Top,,,,,,,-5.97111481754122,-141.05377204314067,-6.990029365159501,19.758358909392328,33.19647315332805,-22.20593782127813,3.23,1.49,213.0,76.4,48.0,95.0,2115,5.2,745941,661388,641343,668930,687401,642715,694192,663368,669003,55.25,,,,,,,,56,2,Sinker,2,3,3,2,3,2,3,2,Standard,Strategic,143,0.004,-0.057,72.1,6.8,,,0.057,88.0,-1,1,0.281,0.719,26,22,26,23,1,3,3.0,1,6,1.0,1.79,1.38,-1.38,52.7,6.268519621191383,2.476422829178885,44.0011152010701,28.862424647155844,23.584541244279883,pitcher
CH,2024-09-06,90.1,0.85,6.4,"Ashby, Aaron",678662,676879,,foul,,,,,9,,R,R,L,MIL,COL,S,,,0,0,2024,1.03,0.35,0.7425633679516519,1.572979455409901,,,,1,8,Top,,,,,,,-2.398693724948133,-131.10222753592944,-6.612876250665044,12.403186700770824,29.546362242246037,-26.874088031603343,3.23,1.49,2.0,43.1,-33.0,88.2,1693,5.2,745941,661388,641343,668930,687401,642715,694192,663368,669003,55.27,,,,,,,,56,1,Changeup,2,3,3,2,3,2,3,2,Standard,Strategic,134,0.003,-0.037,71.4,8.0,,,0.037,88.0,-1,1,0.278,0.722,26,22,26,23,1,3,3.0,1,6,1.0,2.47,1.03,-1.03,46.2,23.249600944071,-3.859536030695136,38.054601808632725,41.92281886329635,35.023716536349674,pitcher
CU,2024-09-06,83.5,0.7,6.44,"Ashby, Aaron",668845,676879,strikeout,called_strike,,,,,6,Aaron Schunk called out on strikes.,R,R,L,MIL,COL,S,2.0,,3,2,2024,-0.55,-1.56,0.6085333243058677,2.7625701802239995,,,,0,8,Top,,,,,,,0.8521165200076977,-121.50642076943772,1.0940716972744848,-5.534681879439716,27.970036753583624,-47.92751437536938,3.39218171696798,1.59652561270956,,,,81.5,2691,5.3,745941,661388,641343,668930,687401,642715,694192,663368,669003,55.18,,0.0,0.0,1.0,0.0,0.0,,55,6,Curveball,2,3,3,2,3,2,3,2,Strategic,Standard,334,0.028,-0.333,,,,,0.333,,-1,1,0.25,0.75,26,26,26,27,1,2,3.0,3,6,4.0,4.88,-0.55,0.55,50.5,,,,,,pitcher
SI,2024-09-06,96.9,0.71,6.47,"Ashby, Aaron",668845,676879,,foul,,,,,6,,R,R,L,MIL,COL,S,,,3,1,2024,1.05,0.86,0.3986874998271512,2.556357713948088,,,,0,8,Top,,,,,,,-3.1778889092292477,-140.94304419425487,-6.749614758771516,14.77035635542888,33.01977697550427,-19.302816569073663,3.31,1.54,232.0,83.1,54.0,95.0,2078,5.3,745941,661388,641343,668930,687401,642715,694192,663368,669003,55.21,,,,,,,,55,5,Sinker,2,3,3,2,3,2,3,2,Standard,Standard,151,0.009,-0.085,72.4,6.5,,,0.085,88.0,-1,1,0.241,0.759,26,26,26,27,1,2,3.0,3,6,4.0,1.57,1.05,-1.05,51.7,3.817157784258637,0.2654524766414624,30.59824532941943,40.60049756739628,30.16433371444413,pitcher
SI,2024-09-06,96.4,0.57,6.46,"Ashby, Aaron",668845,676879,,ball,,,,,13,,R,R,L,MIL,COL,B,,,2,1,2024,0.94,0.75,-1.4181556102688773,0.7254445183317426,,,,0,8,Top,,,,,,,-7.26046647256897,-139.9168536173292,-11.170025530346823,13.983877774603934,30.74706059596992,-19.92946418704708,3.42191796572769,1.59652561270956,,,,94.6,2178,5.3,745941,661388,641343,668930,687401,642715,694192,663368,669003,55.16,,,,,,,,55,4,Sinker,2,3,3,2,3,2,3,2,Standard,Standard,133,-0.011,0.122,,,,,-0.122,,-1,1,0.252,0.748,26,26,26,27,1,2,3.0,3,6,4.0,1.71,0.94,-0.94,49.5,,,,,,pitcher
SI,2024-09-06,95.5,0.61,6.62,"Ashby, Aaron",668845,676879,,swinging_strike,,,,,12,,R,R,L,MIL,COL,S,,,2,0,2024,1.34,0.87,1.040780299524133,3.5030309280016185,,,,0,8,Top,,,,,,,-1.8226440347951165,-139.08757566089415,-4.451011450805733,17.76005745295915,32.570397121842795,-20.111682416301456,3.31,1.54,,,,93.5,2104,5.2,745941,661388,641343,668930,687401,642715,694192,663368,669003,55.32,,,,,,,,55,3,Sinker,2,3,3,2,3,2,3,2,Standard,Standard,146,0.007,-0.065,68.0,6.0,0.811837008,,0.065,,-1,1,0.245,0.755,26,26,26,27,1,2,3.0,3,6,4.0,1.64,1.34,-1.34,50.2,4.184991831952975,17.084972715721392,21.55694996413817,47.98087985215047,16.91756702857699,pitcher
CU,2024-09-06,80.7,0.81,6.47,"Ashby, Aaron",668845,676879,,ball,,,,,12,,R,R,L,MIL,COL,B,,,1,0,2024,-0.87,-1.45,1.133624284167816,2.918288795575389,,,,0,8,Top,,,,,,,2.332468737696998,-117.44713217291785,1.53238140791483,-8.476788101022672,25.39125569788389,-46.00152499555784,3.36245126595448,1.53250616169332,,,,78.9,2612,5.3,745941,661388,641343,668930,687401,642715,694192,663368,669003,55.19,,,,,,,,55,2,Curveball,2,3,3,2,3,2,3,2,Standard,Standard,327,-0.007,0.069,,,,,-0.069,,-1,1,0.252,0.748,26,26,26,27,1,2,3.0,3,6,4.0,4.99,-0.87,0.87,50.2,,,,,,pitcher
CU,2024-09-06,81.0,0.99,6.48,"Ashby, Aaron",668845,676879,,ball,,,,,12,,R,R,L,MIL,COL,B,,,0,0,2024,-0.78,-1.49,1.2596066977857818,2.62595105025527,,,,0,8,Top,,,,,,,2.032585983077868,-117.82857153411284,0.9225717363720308,-7.586676577313547,25.66489717304279,-46.39400349076609,3.33272660640387,1.53250616169332,,,,79.0,2664,5.3,745941,661388,641343,668930,687401,642715,694192,663368,669003,55.23,,,,,,,,55,1,Curveball,2,3,3,2,3,2,3,2,Standard,Standard,326,-0.003,0.038,,,,,-0.038,,-1,1,0.255,0.745,26,26,26,27,1,2,3.0,3,6,4.0,5.01,-0.78,0.78,50.9,,,,,,pitcher
CH,2024-09-06,90.9,0.8,6.34,"Ashby, Aaron",687597,676879,field_out,hit_into_play,,,,,14,"Jordan Beck grounds out, first baseman Jake Bauers to pitcher Aaron Ashby.",R,R,L,MIL,COL,X,3.0,ground_ball,0,1,2024,0.77,0.58,1.0160543831302535,2.0113646296197585,,,,2,7,Top,152.16,160.14,,,,,-1.069786864231902,-132.2996967458389,-6.076857266640421,9.25639268580818,27.88300852234056,-24.30755351536413,3.53,1.71,6.0,63.0,-18.0,89.3,1832,5.2,745941,661388,641343,668930,687401,642715,694192,663368,669003,55.26,0.061,0.055,0.0,1.0,0.0,0.0,2.0,49,2,Changeup,1,3,3,1,3,1,3,1,Standard,Standard,134,0.008,-0.215,67.0,8.4,,0.085,0.215,88.0,-2,2,0.213,0.787,26,23,26,23,1,2,3.0,1,6,2.0,2.18,0.77,-0.77,43.9,16.525453318352287,-6.413258243591417,33.166165208346776,52.83890482068126,32.90429858278286,pitcher
SI,2024-09-06,96.8,0.69,6.46,"Ashby, Aaron",687597,676879,,foul,,,,,9,,R,R,L,MIL,COL,S,,,0,0,2024,1.41,0.79,0.546605930940692,1.7816720820620455,,,,2,7,Top,,,,,,,-3.526212480339127,-140.7017732323985,-8.521688181865668,19.42226681542552,35.59088706144973,-19.879791064871537,3.53,1.71,178.0,73.3,20.0,94.7,2130,5.4,745941,661388,641343,668930,687401,642715,694192,663368,669003,55.11,,,,,,,,49,1,Sinker,1,3,3,1,3,1,3,1,Standard,Standard,143,0.001,-0.041,67.7,7.6,,,0.041,88.0,-2,2,0.212,0.788,26,23,26,23,1,2,3.0,1,6,2.0,1.67,1.41,-1.41,45.4,-1.696413415669845,8.480516716960208,38.93213405502637,48.231380436285264,18.087182124070267,pitcher
SI,2024-09-06,96.9,0.57,6.46,"Ashby, Aaron",656541,676879,field_out,hit_into_play,,,,,2,Sam Hilliard flies out to left fielder Jackson Chourio.,R,L,L,MIL,COL,X,7.0,fly_ball,1,0,2024,1.32,0.95,0.2036577543147602,3.1373189852199177,,,,1,7,Top,91.91,114.1,,,,,-3.9129807678915394,-140.96651777310922,-5.380714713990771,18.48455611320499,34.714417692308835,-18.532297333703863,3.56,1.66,230.0,81.7,51.0,95.0,2134,5.4,745941,661388,641343,668930,687401,642715,694192,663368,669003,55.09,0.024,0.027,0.0,1.0,0.0,0.0,3.0,48,2,Sinker,1,3,3,1,3,1,3,1,Standard,Standard,192,0.013,-0.295,72.8,7.1,,0.036,0.295,88.0,-2,2,0.199,0.801,26,30,26,30,1,2,3.0,2,6,1.0,1.5,1.32,1.32,48.3,5.280491770955464,6.115822567857735,19.510873105558915,38.56582153210879,26.595602571771927,pitcher
CU,2024-09-06,81.6,0.8,6.38,"Ashby, Aaron",656541,676879,,ball,,,,,13,,R,L,L,MIL,COL,B,,,0,0,2024,-0.82,-1.48,-0.1239785889259168,1.1348416660004954,,,,1,7,Top,,,,,,,-0.4925951958003564,-118.76335543705258,-2.216901663029476,-7.559520455337661,27.64857273272529,-45.66917926713034,3.66001739622208,1.71442422618646,,,,79.8,2749,5.5,745941,661388,641343,668930,687401,642715,694192,663368,669003,55.0,,,,,,,,48,1,Curveball,1,3,3,1,3,1,3,1,Standard,Standard,335,-0.002,0.039,,,,,-0.039,,-2,2,0.201,0.799,26,30,26,30,1,2,3.0,2,6,1.0,4.96,-0.82,-0.82,55.8,,,,,,pitcher
SI,2024-09-06,97.3,0.57,6.42,"Ashby, Aaron",607732,676879,field_out,hit_into_play,,,,,13,"Jacob Stallings grounds out, shortstop Willy Adames to first baseman Jake Bauers.",R,R,L,MIL,COL,X,6.0,ground_ball,1,2,2024,1.3,0.55,-0.137304885236986,1.4228264917338187,,,,0,7,Top,97.04,130.9,,,,,-4.769003910305395,-141.38585492061955,-8.938073787329369,18.516757343694685,33.1410111068392,-22.96668719365234,3.33,1.57,138.0,75.1,12.0,95.4,1985,5.3,745941,661388,641343,668930,687401,642715,694192,663368,669003,55.19,0.379,0.341,0.0,1.0,0.0,0.0,4.0,47,4,Sinker,1,3,3,1,3,1,3,1,Standard,Standard,143,0.011,-0.186,69.1,7.5,,0.379,0.186,88.0,-2,2,0.19,0.81,26,34,26,35,1,2,3.0,3,6,6.0,1.87,1.3,-1.3,51.3,14.988370862426615,-2.578539787859033,42.438856595460784,35.544656590727584,32.56230482263766,pitcher
SI,2024-09-06,97.2,0.57,6.47,"Ashby, Aaron",607732,676879,,ball,,,,,13,,R,R,L,MIL,COL,B,,,0,2,2024,1.4,0.9,-0.0394617884343215,-0.2108847062462582,,,,0,7,Top,,,,,,,-4.733268769406021,-140.86536802056298,-14.101353006630324,19.650291281213665,33.011751762036354,-17.029409868791724,3.33272660640387,1.53760876827387,,,,95.1,2110,5.4,745941,661388,641343,668930,687401,642715,694192,663368,669003,55.11,,,,,,,,47,3,Sinker,1,3,3,1,3,1,3,1,Standard,Standard,143,-0.001,0.023,,,,,-0.023,,-2,2,0.191,0.809,26,34,26,35,1,2,3.0,3,6,6.0,1.53,1.4,-1.4,46.4,,,,,,pitcher
CU,2024-09-06,82.0,0.93,6.47,"Ashby, Aaron",607732,676879,,called_strike,,,,,6,,R,R,L,MIL,COL,S,,,0,1,2024,-0.97,-1.51,0.796094015480461,2.4575190539787384,,,,0,7,Top,,,,,,,1.554663380238776,-119.35761452266284,0.4866333667999918,-9.522575737620103,27.054539067518903,-46.78381225982179,3.32351230248221,1.478713460174,,,,80.1,2631,5.3,745941,661388,641343,668930,687401,642715,694192,663368,669003,55.15,,,,,,,,47,2,Curveball,1,3,3,1,3,1,3,1,Standard,Standard,331,0.004,-0.054,,,,,0.054,,-2,2,0.187,0.813,26,34,26,35,1,2,3.0,3,6,6.0,4.95,-0.97,0.97,52.4,,,,,,pitcher
SI,2024-09-06,97.2,0.58,6.56,"Ashby, Aaron",607732,676879,,foul,,,,,8,,R,R,L,MIL,COL,S,,,0,0,2024,1.38,0.63,0.2510662430501951,1.4801734752732851,,,,0,7,Top,,,,,,,-3.944786617474736,-141.21488037730987,-9.28072473923104,19.30578027812136,35.11852140517622,-21.644978236514543,3.33,1.57,1.0,49.9,-50.0,94.9,2021,5.2,745941,661388,641343,668930,687401,642715,694192,663368,669003,55.27,,,,,,,,47,1,Sinker,1,3,3,1,3,1,3,1,Standard,Standard,148,0.002,-0.037,73.6,7.3,,,0.037,88.0,-2,2,0.185,0.815,26,34,26,35,1,2,3.0,3,6,6.0,1.8,1.38,-1.38,46.3,6.913957376014607,6.529574045762387,36.64040026443983,39.78002401713765,25.80480981731424,pitcher
SI,2024-09-03,97.4,0.6,6.54,"Ashby, Aaron",676475,676879,field_out,hit_into_play,,,,,2,Alec Burleson flies out to left fielder Jackson Chourio.,R,L,L,MIL,STL,X,7.0,fly_ball,1,1,2024,1.33,1.06,0.2359276566080608,2.8760962644866286,,,,2,7,Top,51.19,84.54,,,,,-3.9206154266118194,-141.69722918635074,-6.619569758980161,18.8065736960028,31.90517374525648,-16.579133772419052,3.34,1.55,338.0,96.2,30.0,95.4,2291,5.1,745944,661388,656555,668930,687401,642715,694192,663368,676551,55.38,0.247,0.4684666666666665,0.0,1.0,0.0,0.0,5.0,52,3,Sinker,3,3,3,3,3,3,3,3,Standard,Standard,146,0.019,-0.244,71.1,6.6,,0.911,0.244,96.2,0,0,0.569,0.431,26,25,26,26,1,3,3.0,1,3,1.0,1.34,1.33,1.33,48.2,2.394546808515148,13.781659929397886,28.46516439130439,29.8313250680753,24.72657132158278,pitcher
SL,2024-09-03,83.4,0.78,6.33,"Ashby, Aaron",676475,676879,,ball,,,,,13,,R,L,L,MIL,STL,B,,,0,1,2024,-0.44,-0.75,-1.356906013538448,0.4314960247998982,,,,2,7,Top,,,,,,,-3.97670016580837,-121.3642450542469,-5.51007870018418,-3.5167955994924247,25.60047275770009,-38.62860003075127,3.541293271989,1.59688817907837,,,,81.8,2510,5.4,745944,661388,656555,668930,687401,642715,694192,663368,676551,55.15,,,,,,,,52,2,Slider,3,3,3,3,3,3,3,3,Standard,Standard,341,-0.002,0.029,,,,,-0.029,,0,0,0.571,0.429,26,25,26,26,1,3,3.0,1,3,1.0,4.05,-0.44,-0.44,43.9,,,,,,pitcher
CU,2024-09-03,83.1,0.76,6.42,"Ashby, Aaron",676475,676879,,called_strike,,,,,8,,R,L,L,MIL,STL,S,,,0,0,2024,-0.62,-1.4,-0.2450447710626689,1.6233750693616251,,,,2,7,Top,,,,,,,-1.060558612372621,-120.91178526152054,-1.7106565141513426,-5.784162750236578,26.311721470963988,-45.677100214894736,3.541293271989,1.59688817907837,,,,81.1,2756,5.2,745944,661388,656555,668930,687401,642715,694192,663368,676551,55.3,,,,,,,,52,1,Curveball,3,3,3,3,3,3,3,3,Standard,Standard,329,0.003,-0.041,,,,,0.041,,0,0,0.568,0.432,26,25,26,26,1,3,3.0,1,3,1.0,4.74,-0.62,-0.62,46.9,,,,,,pitcher
SI,2024-09-03,96.1,0.59,6.55,"Ashby, Aaron",691026,676879,field_out,hit_into_play,,,,,4,Masyn Winn lines out to left fielder Jackson Chourio.,R,R,L,MIL,STL,X,7.0,line_drive,0,1,2024,1.4,0.83,-0.3694327184243575,2.3203382243290287,,,,1,7,Top,81.37,93.26,,,,,-5.576606622913135,-139.62626132005016,-7.312052692846696,19.53139666877607,33.21270772197882,-19.80362484637755,3.41,1.56,285.0,80.5,30.0,93.8,2324,5.2,745944,661388,656555,668930,687401,642715,694192,663368,676551,55.33,0.068,0.068,0.0,1.0,0.0,0.0,3.0,51,2,Sinker,3,3,3,3,3,3,3,3,Standard,Standard,147,0.025,-0.219,75.4,7.5,,0.102,0.219,88.0,0,0,0.543,0.457,26,22,26,22,1,3,3.0,1,3,1.0,1.66,1.4,-1.4,53.1,2.6707189349064118,-23.6919278685964,29.16006571538431,28.680272280284928,42.50489818673904,pitcher
CH,2024-09-03,90.0,0.98,6.43,"Ashby, Aaron",691026,676879,,called_strike,,,,,6,,R,R,L,MIL,STL,S,,,0,0,2024,1.22,0.12,0.3368641673971979,2.793617216160307,,,,1,7,Top,,,,,,,-4.097647549296687,-131.03329429069407,-3.286112710005545,14.94830966495138,27.07297879283945,-30.26556865001724,3.60082996459002,1.68530472895902,,,,88.3,1965,5.2,745944,661388,656555,668930,687401,642715,694192,663368,676551,55.34,,,,,,,,51,1,Changeup,3,3,3,3,3,3,3,3,Standard,Standard,135,0.004,-0.037,,,,,0.037,,0,0,0.539,0.461,26,22,26,22,1,3,3.0,1,3,1.0,2.68,1.22,-1.22,44.3,,,,,,pitcher
SL,2024-09-03,84.2,0.73,6.42,"Ashby, Aaron",672279,676879,strikeout,swinging_strike,,,,,13,Michael Siani strikes out swinging.,R,L,L,MIL,STL,S,2.0,,0,2,2024,-0.93,-0.51,-1.0267164862736786,1.277213894949833,,,,0,7,Top,,,,,,,-2.178995059862188,-122.45982435499518,-4.35216468410078,-8.75623691435477,28.219221009796893,-36.51905408689839,3.39,1.54,,,,82.0,2611,5.2,745944,661388,656555,668930,687401,642715,694192,663368,676551,55.31,,0.0,0.0,1.0,0.0,0.0,,50,3,Slider,3,3,3,3,3,3,3,3,Standard,Standard,324,0.023,-0.163,63.9,8.4,1.449662976,,0.163,,0,0,0.516,0.484,26,24,26,25,1,2,3.0,1,3,1.0,3.78,-0.93,-0.93,47.7,18.52352082172654,-10.67144533198414,33.722081622588085,50.11630856759373,37.07607698470663,pitcher
SL,2024-09-03,83.6,0.81,6.36,"Ashby, Aaron",672279,676879,,swinging_strike,,,,,13,,R,L,L,MIL,STL,S,,,0,1,2024,-0.55,-0.47,-0.9155722544918647,1.5111423929319936,,,,0,7,Top,,,,,,,-2.8466131496955627,-121.62705601078908,-3.6589385323192607,-4.747723071268524,28.40197927965692,-36.134919025687736,3.39,1.54,,,,81.6,2480,5.4,745944,661388,656555,668930,687401,642715,694192,663368,676551,55.14,,,,,,,,50,2,Slider,3,3,3,3,3,3,3,3,Standard,Standard,332,0.01,-0.054,68.8,8.6,7.67473068,,0.054,,0,0,0.506,0.494,26,24,26,25,1,2,3.0,1,3,1.0,3.78,-0.55,-0.55,45.2,21.078164558866707,-31.095131208101296,26.58873508796589,47.33619530572648,46.99903872648578,pitcher
SI,2024-09-03,96.8,0.72,6.52,"Ashby, Aaron",672279,676879,,called_strike,,,,,4,,R,L,L,MIL,STL,S,,,0,0,2024,1.36,0.84,-0.552042828771669,2.320702129865377,,,,0,7,Top,,,,,,,-6.327971172385706,-140.70586515758671,-7.386824567607512,19.44928959528381,32.93577415636515,-19.544656740075904,3.36282278843474,1.56742681266032,,,,94.7,2352,5.2,745944,661388,656555,668930,687401,642715,694192,663368,676551,55.31,,,,,,,,50,1,Sinker,3,3,3,3,3,3,3,3,Standard,Standard,147,0.006,-0.037,,,,,0.037,,0,0,0.5,0.5,26,24,26,25,1,2,3.0,1,3,1.0,1.61,1.36,1.36,52.8,,,,,,pitcher
CH,2024-09-03,87.9,0.82,6.45,"Ashby, Aaron",686780,676879,field_out,hit_into_play,,,,,8,Pedro Pagés lines out to left fielder Jackson Chourio.,R,R,L,MIL,STL,X,7.0,line_drive,0,1,2024,1.4,0.09,0.0104554387976418,1.489896925562503,663457.0,,691023.0,2,6,Top,85.01,85.69,,,,,-4.7447032986962565,-127.81971069188955,-5.976588501739564,16.333063315546738,26.41835031159856,-30.11222187130354,3.19,1.52,299.0,84.5,22.0,86.0,1873,5.1,745944,661388,656555,668930,687401,642715,694192,663368,676551,55.36,0.463,0.45,0.0,1.0,0.0,0.0,3.0,46,2,Changeup,3,3,3,3,3,3,3,3,Standard,Standard,129,0.065,-0.254,68.4,7.7,,0.577,0.254,88.0,0,0,0.511,0.489,26,25,26,26,1,2,3.0,1,3,3.0,2.86,1.4,-1.4,42.5,9.846721962074414,-9.420234438427574,35.71674530357199,38.61840513565959,39.726777953418015,pitcher
SI,2024-09-03,96.5,0.76,6.59,"Ashby, Aaron",686780,676879,,called_strike,,,,,7,,R,R,L,MIL,STL,S,,,0,0,2024,1.1,0.91,-0.5232862296733394,1.89773451622752,663457.0,,691023.0,2,6,Top,,,,,,,-5.7735763531382265,-140.2651967962312,-8.787950922079883,15.869666205242217,31.119818092642465,-18.37527958155817,3.12518602579607,1.59688817907837,,,,94.4,2100,5.1,745944,661388,656555,668930,687401,642715,694192,663368,676551,55.39,,,,,,,,46,1,Sinker,3,3,3,3,3,3,3,3,Standard,Standard,150,0.011,-0.046,,,,,0.046,,0,0,0.5,0.5,26,25,26,26,1,2,3.0,1,3,3.0,1.54,1.1,-1.1,48.8,,,,,,pitcher
SI,2024-09-03,97.6,0.72,6.54,"Ashby, Aaron",691023,676879,fielders_choice_out,hit_into_play,,,,,8,"Jordan Walker reaches on a fielder's choice out, shortstop Willy Adames to catcher William Contreras. Paul Goldschmidt out at home. Lars Nootbaar to 3rd.",R,R,L,MIL,STL,X,6.0,ground_ball,1,2,2024,1.29,0.94,-0.0272400520648383,2.293249043323007,502671.0,663457.0,,1,6,Top,111.67,159.04,,,,,-4.871231608609007,-141.9345981505774,-7.920535753731662,18.581900121817483,32.76561365924241,-17.88892067476259,3.69,1.77,4.0,76.2,-31.0,95.7,2263,5.3,745944,661388,656555,668930,687401,642715,694192,663368,676551,55.25,0.044,0.092,0.0,1.0,0.0,0.0,2.0,45,5,Sinker,3,3,3,3,3,3,3,3,Strategic,Standard,139,0.094,-0.053,80.3,8.2,,0.048,0.053,88.0,0,0,0.406,0.594,26,22,26,22,1,2,3.0,1,3,3.0,1.46,1.29,-1.29,47.5,9.601640396602663,-12.810104075501378,28.873332938214517,36.66831955028101,36.8305700801436,pitcher
CH,2024-09-03,90.0,0.93,6.39,"Ashby, Aaron",691023,676879,,foul,,,,,14,,R,R,L,MIL,STL,S,,,1,2,2024,1.4,0.49,1.0369899199167398,2.433527570278852,502671.0,663457.0,,1,6,Top,,,,,,,-2.6488551005605725,-131.08593070129172,-4.828335450458685,16.667973453946598,27.745613229933724,-25.760493796634087,3.69,1.77,5.0,82.4,-29.0,88.4,1667,5.3,745944,661388,656555,668930,687401,642715,694192,663368,676551,55.24,,,,,,,,45,4,Changeup,3,3,3,3,3,3,3,3,Strategic,Standard,133,0.0,0.0,75.0,8.7,,,0.0,88.0,0,0,0.406,0.594,26,22,26,22,1,2,3.0,1,3,3.0,2.32,1.4,-1.4,45.9,9.815117826839725,-5.660358552203338,23.43931459866976,48.83104622830648,28.885274129664403,pitcher
CU,2024-09-03,82.0,0.58,6.49,"Ashby, Aaron",691023,676879,,ball,,,,,13,,R,R,L,MIL,STL,B,,,0,2,2024,-0.41,-1.46,-0.3279141196009907,1.2034555319917413,502671.0,663457.0,,1,6,Top,,,,,,,-1.2492321485616935,-119.35081920972922,-2.4899100501240548,-3.596012643649562,25.89660212403741,-45.67635953650387,3.68417201038223,1.65582712747208,,,,80.1,2651,5.3,745944,661388,656555,668930,687401,642715,694192,663368,676551,55.24,,,,,,,,45,3,Curveball,3,3,3,3,3,3,3,3,Strategic,Standard,337,-0.012,0.007,,,,,-0.007,,0,0,0.418,0.582,26,22,26,22,1,2,3.0,1,3,3.0,4.88,-0.41,0.41,52.8,,,,,,pitcher
SI,2024-09-03,95.9,0.92,6.62,"Ashby, Aaron",691023,676879,,called_strike,,,,,6,,R,R,L,MIL,STL,S,,,0,1,2024,1.37,1.12,0.6361023062331537,3.05518491397356,,502671.0,663457.0,1,6,Top,,,,,,,-3.718585048900191,-139.59014465597974,-6.210123882224484,18.72628732574552,30.790447752523903,-16.311521449826103,3.66038999899321,1.76301983395487,,,,93.5,2310,4.8,745944,661388,656555,668930,687401,642715,694192,663368,676551,55.66,,,,,,,,45,2,Sinker,3,3,3,3,3,3,3,3,Infield shade,Standard,146,-0.035,-0.048,,,,,0.048,,0,0,0.453,0.547,26,22,26,22,1,2,3.0,1,3,3.0,1.35,1.37,-1.37,44.5,,,,,,pitcher
SI,2024-09-03,96.7,0.64,6.56,"Ashby, Aaron",691023,676879,,called_strike,,,,,6,,R,R,L,MIL,STL,S,,,0,0,2024,1.4,0.97,0.277853257281724,2.588920681467848,,502671.0,663457.0,1,6,Top,,,,,,,-4.07335835478031,-140.66759053237325,-7.142245951422525,19.61214740464473,29.321622680808247,-17.875364012111298,3.80939248458128,1.98038102165133,,,,95.2,2276,5.2,745944,661388,656555,668930,687401,642715,694192,663368,676551,55.27,,,,,,,,45,1,Sinker,3,3,3,3,3,3,3,3,Standard,Standard,151,0.01,-0.039,,,,,0.039,,0,0,0.443,0.557,26,22,26,22,1,2,3.0,1,3,3.0,1.45,1.4,-1.4,49.3,,,,,,pitcher
SI,2024-09-03,96.8,0.76,6.53,"Ashby, Aaron",663457,676879,single,hit_into_play,,,,,5,Lars Nootbaar singles on a sharp line drive to left fielder Jackson Chourio. Paul Goldschmidt to 2nd.,R,L,L,MIL,STL,X,7.0,line_drive,0,1,2024,1.36,0.99,-0.1867648729507842,2.2315535033426457,,,502671.0,1,6,Top,80.05,74.7,,,,,-5.495111238567641,-140.64220934157572,-7.997607098237775,19.322089405747345,32.4378216662333,-17.394096789831845,3.35,1.59,278.0,102.3,14.0,94.8,2308,5.2,745944,661388,656555,668930,687401,642715,694192,663368,676551,55.27,0.753,0.767,0.9,1.0,1.0,0.0,4.0,44,2,Sinker,3,3,3,3,3,3,3,3,Standard,Standard,148,-0.06,0.446,71.1,6.3,,1.038,-0.446,102.3,0,0,0.503,0.497,26,26,26,27,1,2,3.0,1,3,1.0,1.45,1.36,1.36,53.0,2.0833452561653,15.765049764057236,35.61136011414288,38.72029881069152,21.502304102156387,pitcher
CU,2024-09-03,81.3,0.72,6.49,"Ashby, Aaron",663457,676879,,called_strike,,,,,6,,R,L,L,MIL,STL,S,,,0,0,2024,-0.72,-1.42,0.3094047956304816,2.4923898953563928,,,502671.0,1,6,Top,,,,,,,0.4591890370028757,-118.31745147030117,0.4209697200571778,-6.825380822098966,25.834648852068906,-45.66334430085856,3.45203190042203,1.5829003700091,,,,79.4,2620,5.3,745944,661388,656555,668930,687401,642715,694192,663368,676551,55.21,,,,,,,,44,1,Curveball,3,3,3,3,3,3,3,3,Standard,Standard,327,0.006,-0.04,,,,,0.04,,0,0,0.497,0.503,26,26,26,27,1,2,3.0,1,3,1.0,4.9,-0.72,-0.72,52.7,,,,,,pitcher
SI,2024-09-03,96.8,0.7,6.54,"Ashby, Aaron",502671,676879,field_error,hit_into_play,,,,,8,Paul Goldschmidt reaches on a throwing error by third baseman Joey Ortiz.,R,R,L,MIL,STL,X,5.0,ground_ball,0,2,2024,1.04,0.39,-0.2686820268680477,2.10210799371281,,,,1,6,Top,98.47,164.63,,,,,-4.84606856447199,-140.79020385525047,-7.075090445846624,14.928227374280022,30.360482637147985,-25.633370854435224,3.47,1.57,5.0,90.2,-23.0,95.0,2103,5.2,745944,661388,656555,668930,687401,642715,694192,663368,676551,55.32,0.075,0.068,0.9,1.0,0.0,0.0,2.0,43,4,Sinker,3,3,3,3,3,3,3,3,Standard,Standard,149,-0.047,0.553,70.5,7.5,,0.075,-0.553,90.2,0,0,0.544,0.456,26,36,26,37,1,2,3.0,1,3,1.0,2.04,1.04,-1.04,53.2,9.176207201572025,2.53843332040872,35.087020734234486,38.97805066305349,19.180697456963458,pitcher
CH,2024-09-03,90.2,0.87,6.32,"Ashby, Aaron",502671,676879,,foul,,,,,14,,R,R,L,MIL,STL,S,,,0,2,2024,1.44,0.05,0.5286065794878914,1.1633314033433146,,,,1,6,Top,,,,,,,-3.818978649602757,-131.15835578496987,-6.843136070128251,17.42969486016869,27.74449982724251,-30.29825757423144,3.47,1.57,119.0,70.4,13.0,88.3,1823,5.1,745944,661388,656555,668930,687401,642715,694192,663368,676551,55.36,,,,,,,,43,3,Changeup,3,3,3,3,3,3,3,3,Standard,Standard,130,0.0,0.0,51.0,7.5,,,0.0,88.0,0,0,0.544,0.456,26,36,26,37,1,2,3.0,1,3,1.0,2.75,1.44,-1.44,44.8,-13.104851884364454,28.34350736102257,40.76050734252021,49.3583068302458,-7.070503225381639,pitcher
CH,2024-09-03,91.0,0.93,6.39,"Ashby, Aaron",502671,676879,,swinging_strike,,,,,14,,R,R,L,MIL,STL,S,,,0,1,2024,1.5,0.03,1.0413879619284327,2.102799758232875,,,,1,6,Top,,,,,,,-2.8679198207068897,-132.39443838058878,-4.825436691801597,18.221395940831865,28.95659346241589,-30.92702031547332,3.47,1.57,,,,89.0,1926,5.1,745944,661388,656555,668930,687401,642715,694192,663368,676551,55.37,,,,,,,,43,2,Changeup,3,3,3,3,3,3,3,3,Standard,Standard,127,0.006,-0.057,70.1,8.5,1.733165484,,0.057,,0,0,0.538,0.462,26,36,26,37,1,2,3.0,1,3,1.0,2.72,1.5,-1.5,44.0,16.616586614491016,-4.935422365918346,28.34428399558353,55.36849890865382,22.510386342622567,pitcher
SI,2024-09-03,97.6,0.65,6.56,"Ashby, Aaron",502671,676879,,called_strike,,,,,1,,R,R,L,MIL,STL,S,,,0,0,2024,1.45,0.76,-0.3468491910013698,3.594868892743108,,,,1,6,Top,,,,,,,-5.894233416425204,-141.92166289773996,-4.1190298651431565,21.00875596131233,33.72609588217791,-21.131713347541567,3.57105870332841,1.68530472895902,,,,95.6,2351,5.2,745944,661388,656555,668930,687401,642715,694192,663368,676551,55.26,,,,,,,,43,1,Sinker,3,3,3,3,3,3,3,3,Standard,Standard,149,0.004,-0.037,,,,,0.037,,0,0,0.534,0.466,26,36,26,37,1,2,3.0,1,3,1.0,1.64,1.45,-1.45,48.0,,,,,,pitcher
SI,2024-09-03,97.9,0.68,6.54,"Ashby, Aaron",680977,676879,field_out,hit_into_play,,,,,5,"Brendan Donovan grounds out, shortstop Willy Adames to first baseman Rhys Hoskins.",R,L,L,MIL,STL,X,6.0,ground_ball,2,1,2024,1.32,0.98,-0.0826748621149544,2.360706603847346,,,,0,6,Top,111.67,150.39,,,,,-4.996085287499628,-142.2721482053734,-7.8872245938762,19.13373113301669,33.053120479389406,-17.286492058379586,3.31,1.58,17.0,99.3,-7.0,96.0,2149,5.3,745944,661388,656555,668930,687401,642715,694192,663368,676551,55.19,0.256,0.23,0.0,1.0,0.0,0.0,2.0,42,4,Sinker,3,3,3,3,3,3,3,3,Standard,Standard,150,0.039,-0.296,68.3,6.3,,0.256,0.296,99.3,0,0,0.495,0.505,26,27,26,27,1,2,3.0,1,3,1.0,1.41,1.32,1.32,49.3,1.763266600016048,20.44187580318369,31.138808690388014,38.73576504613436,15.080488637880922,pitcher
CU,2024-09-03,81.4,0.73,6.51,"Ashby, Aaron",680977,676879,,ball,,,,,12,,R,L,L,MIL,STL,B,,,1,1,2024,-0.9,-1.39,1.6601962980524247,4.381177672750397,,,,0,6,Top,,,,,,,3.709993272124732,-118.20479714007033,4.479753458617769,-9.149724374459556,26.511550962766805,-46.276926227644175,3.3925533625751,1.59688817907837,,,,79.0,2652,5.1,745944,661388,656555,668930,687401,642715,694192,663368,676551,55.38,,,,,,,,42,3,Curveball,3,3,3,3,3,3,3,3,Standard,Standard,328,-0.007,0.053,,,,,-0.053,,0,0,0.502,0.498,26,27,26,27,1,2,3.0,1,3,1.0,4.89,-0.9,-0.9,49.1,,,,,,pitcher
SI,2024-09-03,97.4,0.65,6.58,"Ashby, Aaron",680977,676879,,called_strike,,,,,2,,R,L,L,MIL,STL,S,,,1,0,2024,1.32,1.07,-0.0615117821259081,3.193241264668787,,,,0,6,Top,,,,,,,-4.833785767155391,-141.62408725106528,-5.885728443053773,18.874022627321143,34.29171188600319,-16.668027095631324,3.42228973118625,1.71478776155078,,,,95.2,2295,5.2,745944,661388,656555,668930,687401,642715,694192,663368,676551,55.31,,,,,,,,42,2,Sinker,3,3,3,3,3,3,3,3,Standard,Standard,146,0.007,-0.049,,,,,0.049,,0,0,0.495,0.505,26,27,26,27,1,2,3.0,1,3,1.0,1.35,1.32,1.32,47.8,,,,,,pitcher
SI,2024-09-03,97.2,0.73,6.51,"Ashby, Aaron",680977,676879,,ball,,,,,14,,R,L,L,MIL,STL,B,,,0,0,2024,1.45,0.97,0.5748603502279611,1.4327835263708388,,,,0,6,Top,,,,,,,-3.655752573716944,-141.1796961627806,-10.041094088356733,20.22437134902945,33.8268363759111,-17.031461847463095,3.48177987634592,1.68530472895902,,,,95.0,2282,5.2,745944,661388,656555,668930,687401,642715,694192,663368,676551,55.3,,,,,,,,42,1,Sinker,3,3,3,3,3,3,3,3,Standard,Standard,146,-0.005,0.038,,,,,-0.038,,0,0,0.5,0.5,26,27,26,27,1,2,3.0,1,3,1.0,1.46,1.45,1.45,45.4,,,,,,pitcher
SI,2024-08-31,98.0,0.83,6.61,"Ashby, Aaron",677956,676879,strikeout,swinging_strike,,,,,12,Rece Hinds strikes out swinging.,R,R,L,CIN,MIL,S,2.0,,3,2,2024,1.28,0.82,1.2677283996582922,2.7113780619819035,,,,2,8,Bot,,,,,,,-1.7321810396134034,-142.66617167179828,-6.875078610662435,17.920698905598986,30.29610351630698,-19.59544266584175,3.57,1.59,,,,96.7,2180,5.3,746667,661388,641343,668930,687401,642715,694192,663368,669003,55.17,,0.0,0.0,1.0,0.0,0.0,,71,9,Sinker,4,4,4,4,4,4,4,4,Strategic,Standard,147,-0.03,-0.325,73.9,6.6,1.451754564,,0.325,,0,0,0.53,0.53,26,23,26,24,1,0,2.0,1,3,4.0,1.53,1.28,-1.28,47.7,-12.56727457694503,20.45878578947918,37.16458870743877,51.67522278776416,8.95681771699466,pitcher
SI,2024-08-31,96.4,0.65,6.54,"Ashby, Aaron",677956,676879,,foul,,,,,4,,R,R,L,CIN,MIL,S,,,3,2,2024,1.06,0.64,-0.5628731315403568,2.432349722531575,,,,2,8,Bot,,,,,,,-5.53821170308442,-140.23244689444454,-6.721859798447425,15.289704824633915,29.48757294593927,-22.508055597075177,3.57,1.59,4.0,98.7,-32.0,94.9,2211,5.3,746667,661388,641343,668930,687401,642715,694192,663368,669003,55.2,,,,,,,,71,8,Sinker,4,4,4,4,4,4,4,4,Strategic,Standard,149,0.0,0.0,77.3,7.0,,,0.0,98.7,0,0,0.53,0.53,26,23,26,24,1,0,2.0,1,3,4.0,1.81,1.06,-1.06,52.7,2.136421194085984,-5.240682054554457,44.43810610619536,29.80204494070557,32.748086219378195,pitcher
CU,2024-08-31,84.1,0.85,6.55,"Ashby, Aaron",677956,676879,,ball,,,,,12,,R,R,L,CIN,MIL,B,,,2,2,2024,-0.67,-1.4,1.5303667081153598,3.2205712122655576,,,,2,8,Bot,,,,,,,2.841739956803471,-122.35735511457496,1.4293279817317834,-7.2911697528967,25.747489189772807,-46.7076188220432,3.38220960510668,1.53681027551669,,,,82.2,2592,5.2,746667,661388,641343,668930,687401,642715,694192,663368,669003,55.32,,,,,,,,71,7,Curveball,4,4,4,4,4,4,4,4,Strategic,Standard,330,0.008,0.106,,,,,-0.106,,0,0,0.522,0.522,26,23,26,24,1,0,2.0,1,3,4.0,4.64,-0.67,0.67,48.6,,,,,,pitcher
SL,2024-08-31,83.7,0.65,6.49,"Ashby, Aaron",677956,676879,,foul,,,,,8,,R,R,L,CIN,MIL,S,,,2,2,2024,-0.79,-0.21,0.2268448010199221,2.0002980953546605,,,,2,8,Bot,,,,,,,0.5712334619930484,-121.9372505671577,-3.5059249412289164,-8.018942422970884,24.27557330026905,-33.747554647864575,3.57,1.59,4.0,72.5,-31.0,82.2,2582,5.2,746667,661388,641343,668930,687401,642715,694192,663368,669003,55.27,,,,,,,,71,6,Slider,4,4,4,4,4,4,4,4,Strategic,Standard,331,0.0,0.0,72.1,8.8,,,0.0,88.0,0,0,0.522,0.522,26,23,26,24,1,0,2.0,1,3,4.0,3.46,-0.79,0.79,51.3,26.322070706903705,-22.3638930161059,35.38244857983207,38.98205454941373,48.95858484914292,pitcher
CH,2024-08-31,92.5,0.89,6.55,"Ashby, Aaron",677956,676879,,foul,,,,,14,,R,R,L,CIN,MIL,S,,,2,2,2024,1.17,0.28,1.4435443877640926,2.1724097610562305,,,,2,8,Bot,,,,,,,-1.1267412215613422,-134.6944765038146,-5.92452094850076,14.58094683518245,27.830759303337764,-27.69535219392749,3.57,1.59,42.0,75.1,1.0,91.0,1668,5.2,746667,661388,641343,668930,687401,642715,694192,663368,669003,55.26,,,,,,,,71,5,Changeup,4,4,4,4,4,4,4,4,Strategic,Standard,133,0.0,0.0,70.0,7.6,,,0.0,88.0,0,0,0.522,0.522,26,23,26,24,1,0,2.0,1,3,4.0,2.37,1.17,-1.17,46.2,-4.078043690714509,9.706983491091837,37.60088867607459,54.3732001064397,15.723541725006765,pitcher
SI,2024-08-31,97.7,0.62,6.6,"Ashby, Aaron",677956,676879,,ball,,,,,13,,R,R,L,CIN,MIL,B,,,1,2,2024,1.0,0.49,-2.102872609827443,1.3437013500069928,,,,2,8,Bot,,,,,,,-9.43496802805688,-141.84176341871466,-9.676711818182744,15.467878369963158,27.882856023135997,-23.604516209407244,3.3309749374131,1.5108234173909,,,,96.5,2353,5.4,746667,661388,641343,668930,687401,642715,694192,663368,669003,55.11,,,,,,,,71,4,Sinker,4,4,4,4,4,4,4,4,Strategic,Standard,149,0.004,0.039,,,,,-0.039,,0,0,0.518,0.518,26,23,26,24,1,0,2.0,1,3,4.0,1.88,1.0,-1.0,49.6,,,,,,pitcher
CU,2024-08-31,82.3,0.9,6.54,"Ashby, Aaron",677956,676879,,swinging_strike,,,,,13,,R,R,L,CIN,MIL,S,,,1,1,2024,-0.4,-1.3,-1.1830321818851153,0.0476507485181976,,,,2,8,Bot,,,,,,,-3.8830896357470825,-119.7677052440986,-5.562879135717807,-3.0387798014331864,25.21835157562988,-43.657734980051096,3.57,1.59,,,,81.0,2692,5.6,746667,661388,641343,668930,687401,642715,694192,663368,669003,54.9,,,,,,,,71,3,Curveball,4,4,4,4,4,4,4,4,Standard,Standard,335,-0.007,-0.064,46.2,8.6,11.144450508,,0.064,,0,0,0.525,0.525,26,23,26,24,1,0,2.0,1,3,4.0,4.69,-0.4,0.4,51.1,29.62711322329893,-34.30429680985856,46.65111132000855,23.04642629295418,57.18492198617128,pitcher
CU,2024-08-31,82.0,0.89,6.59,"Ashby, Aaron",677956,676879,,ball,,,,,12,,R,R,L,CIN,MIL,B,,,0,1,2024,-0.78,-1.33,1.0070819737174477,2.9778623436799343,,,,2,8,Bot,,,,,,,1.7339487022635796,-119.40409278988226,0.932089447643314,-7.801531296046045,24.26064717555074,-45.236123946850725,3.4078172394821,1.48482993740156,,,,80.3,2785,5.2,746667,661388,641343,668930,687401,642715,694192,663368,669003,55.28,,,,,,,,71,2,Curveball,4,4,4,4,4,4,4,4,Standard,Standard,327,0.003,0.029,,,,,-0.029,,0,0,0.522,0.522,26,23,26,24,1,0,2.0,1,3,4.0,4.73,-0.78,0.78,49.7,,,,,,pitcher
SI,2024-08-31,96.8,0.71,6.64,"Ashby, Aaron",677956,676879,,foul,,,,,8,,R,R,L,CIN,MIL,S,,,0,0,2024,1.22,0.52,0.1768911952927044,2.149187038946597,,,,2,8,Bot,,,,,,,-4.116842522862147,-140.83804811255902,-7.542033409422369,17.157060458687592,29.49692768912886,-23.812353429094397,3.57,1.59,210.0,87.1,62.0,95.4,2313,5.3,746667,661388,641343,668930,687401,642715,694192,663368,669003,55.21,,,,,,,,71,1,Sinker,4,4,4,4,4,4,4,4,Standard,Standard,148,-0.004,-0.041,79.1,7.9,,,0.041,88.0,0,0,0.526,0.526,26,23,26,24,1,0,2.0,1,3,4.0,1.9,1.22,-1.22,48.3,10.267785613749751,-10.38104876957114,43.88297680488441,38.80680917453019,36.6771639002754,pitcher
SI,2024-08-31,96.5,0.77,6.6,"Ashby, Aaron",642708,676879,field_out,hit_into_play,,,,,6,Amed Rosario flies out to right fielder Garrett Mitchell.,R,R,L,CIN,MIL,X,9.0,fly_ball,0,0,2024,1.3,0.81,0.6161228066161124,2.128902203219507,,,,1,8,Bot,177.02,97.33,,,,,-3.278815560617327,-140.41840846169208,-8.053422546533305,17.915668391861924,29.975273721825044,-19.864693591384864,3.31,1.58,282.0,81.7,33.0,94.9,2234,5.2,746667,661388,641343,668930,687401,642715,694192,663368,669003,55.26,0.026,0.026,0.0,1.0,0.0,0.0,3.0,70,1,Sinker,4,4,4,4,4,4,4,4,Standard,Standard,145,-0.036,-0.256,75.8,7.8,,0.038,0.256,88.0,0,0,0.562,0.562,26,28,26,29,1,3,2.0,1,3,1.0,1.63,1.3,-1.3,47.0,9.16008348483077,5.134338756502643,28.85245984380855,43.11700309432813,26.95754489454516,pitcher
FF,2024-08-31,97.1,0.72,6.69,"Ashby, Aaron",669289,676879,field_out,hit_into_play,,,,,11,Santiago Espinal lines out to left fielder Jackson Chourio.,R,R,L,CIN,MIL,X,7.0,line_drive,3,2,2024,0.71,0.66,-0.6660701718141637,3.4506269918084707,,,,0,8,Bot,70.13,87.22,,,,,-5.236601485715658,-141.39131225099842,-4.640183277179758,10.742603725887758,29.79432791117181,-22.41575660173056,3.29,1.51,310.0,93.6,23.0,95.7,2234,5.3,746667,661388,641343,668930,687401,642715,694192,663368,669003,55.22,0.153,0.184,0.0,1.0,0.0,0.0,3.0,69,6,4-Seam Fastball,4,4,4,4,4,4,4,4,Standard,Standard,148,-0.055,-0.333,60.9,6.8,,0.297,0.333,93.6,0,0,0.617,0.617,26,29,26,30,1,0,2.0,1,3,1.0,1.74,0.71,-0.71,48.8,6.787213749249343,-6.998034260759931,31.09302663323962,26.488257500521154,27.65620910092385,pitcher
CU,2024-08-31,82.8,0.84,6.61,"Ashby, Aaron",669289,676879,,ball,,,,,12,,R,R,L,CIN,MIL,B,,,2,2,2024,-0.6,-1.23,1.222831201108783,3.2005624361526204,,,,0,8,Bot,,,,,,,1.9996694303431692,-120.56125946831988,1.077293114507457,-6.285157927715097,24.8721691578056,-44.52684072705346,2.99731791843109,1.38078973621595,,,,80.9,2552,5.1,746667,661388,641343,668930,687401,642715,694192,663368,669003,55.37,,,,,,,,69,5,Curveball,4,4,4,4,4,4,4,4,Standard,Standard,332,0.016,0.107,,,,,-0.107,,0,0,0.601,0.601,26,29,26,30,1,0,2.0,1,3,1.0,4.56,-0.6,0.6,53.3,,,,,,pitcher
CU,2024-08-31,81.4,0.95,6.51,"Ashby, Aaron",669289,676879,,called_strike,,,,,6,,R,R,L,CIN,MIL,S,,,2,1,2024,-0.73,-1.29,0.4105758729928114,2.2682081790778064,,,,0,8,Bot,,,,,,,0.1753765565770856,-118.47106221362289,-0.4349546092127849,-6.847650570559658,24.106910008948567,-44.37405199697192,3.02302278239982,1.38078973621595,,,,79.8,2747,5.3,746667,661388,641343,668930,687401,642715,694192,663368,669003,55.15,,,,,,,,69,4,Curveball,4,4,4,4,4,4,4,4,Standard,Standard,328,-0.013,-0.069,,,,,0.069,,0,0,0.614,0.614,26,29,26,30,1,0,2.0,1,3,1.0,4.74,-0.73,0.73,49.5,,,,,,pitcher
SI,2024-08-31,97.2,0.81,6.7,"Ashby, Aaron",669289,676879,,ball,,,,,11,,R,R,L,CIN,MIL,B,,,1,1,2024,1.1,0.55,-0.1762538728149951,4.268797420492784,,,,0,8,Bot,,,,,,,-5.058782536142644,-141.593071860665,-2.2607628826447885,16.000983920204494,29.97126626239816,-24.443381802096592,2.97160655313969,1.38078973621595,,,,95.9,2241,5.3,746667,661388,641343,668930,687401,642715,694192,663368,669003,55.2,,,,,,,,69,3,Sinker,4,4,4,4,4,4,4,4,Standard,Standard,143,0.008,0.053,,,,,-0.053,,0,0,0.606,0.606,26,29,26,30,1,0,2.0,1,3,1.0,1.84,1.1,-1.1,46.1,,,,,,pitcher
SI,2024-08-31,96.5,0.67,6.67,"Ashby, Aaron",669289,676879,,ball,,,,,11,,R,R,L,CIN,MIL,B,,,0,1,2024,0.89,0.3,-0.746358826528769,3.756968719265197,,,,0,8,Bot,,,,,,,-5.652249459338656,-140.57337943746506,-2.890925493393231,13.013163608035306,28.75629916580585,-27.75670416131948,3.02302278239982,1.38078973621595,,,,94.9,2141,5.1,746667,661388,641343,668930,687401,642715,694192,663368,669003,55.41,,,,,,,,69,2,Sinker,4,4,4,4,4,4,4,4,Standard,Standard,145,0.005,0.025,,,,,-0.025,,0,0,0.601,0.601,26,29,26,30,1,0,2.0,1,3,1.0,2.12,0.89,-0.89,47.1,,,,,,pitcher
CU,2024-08-31,82.0,0.99,6.62,"Ashby, Aaron",669289,676879,,called_strike,,,,,8,,R,R,L,CIN,MIL,S,,,0,0,2024,-0.74,-1.46,0.0913188698376723,1.711538622722581,,,,0,8,Bot,,,,,,,-0.6090362592380564,-119.39795358616529,-1.6584339525398628,-6.861260151955572,25.18328429611782,-45.95551220224984,2.97160655313969,1.38078973621595,,,,80.1,2826,5.2,746667,661388,641343,668930,687401,642715,694192,663368,669003,55.32,,,,,,,,69,1,Curveball,4,4,4,4,4,4,4,4,Standard,Standard,331,-0.007,-0.037,,,,,0.037,,0,0,0.608,0.608,26,29,26,30,1,0,2.0,1,3,1.0,4.88,-0.74,0.74,51.1,,,,,,pitcher
SI,2024-08-31,98.0,0.75,6.67,"Ashby, Aaron",664034,676879,strikeout,swinging_strike,,,,,12,Ty France strikes out swinging.,R,R,L,CIN,MIL,S,2.0,,1,2,2024,1.04,0.73,0.9187544585586348,3.352952089776136,571912.0,,670770.0,2,7,Bot,,,,,,,-1.8955666787530268,-142.70591956700449,-5.092326098770553,14.634042750508955,31.846476018721845,-21.30383917581087,3.21,1.43,,,,96.2,2223,5.1,746667,661388,641343,668930,687401,642715,694192,663368,669003,55.36,,0.0,0.0,1.0,0.0,0.0,,64,4,Sinker,4,4,4,4,4,4,4,4,Strategic,Standard,146,-0.062,-0.193,59.2,5.4,1.485132852,,0.193,,0,0,0.562,0.562,26,29,26,30,1,3,2.0,1,3,1.0,1.64,1.04,-1.04,46.5,-9.721479868070178,53.833451449238346,27.555790505809785,46.78177715071476,-6.900894601088687,pitcher
FF,2024-08-31,97.3,0.81,6.63,"Ashby, Aaron",664034,676879,,foul,,,,,4,,R,R,L,CIN,MIL,S,,,1,1,2024,0.77,0.87,-0.7923035106683234,2.3750046842923265,571912.0,,670770.0,2,7,Bot,,,,,,,-5.934818586060511,-141.4243875278953,-7.744723521997783,11.706008849831573,31.697175828615677,-18.98704567463765,3.21,1.43,6.0,75.3,-21.0,95.6,2184,5.3,746667,661388,641343,668930,687401,642715,694192,663368,669003,55.17,,,,,,,,64,3,4-Seam Fastball,4,4,4,4,4,4,4,4,Standard,Standard,142,-0.022,-0.078,34.7,4.9,,,0.078,88.0,0,0,0.584,0.584,26,29,26,30,1,3,2.0,1,3,1.0,1.54,0.77,-0.77,56.4,-49.13018010267987,46.03527072017146,58.43806734270665,24.9411275088954,-9.19589380758775,pitcher
SI,2024-08-31,96.8,0.73,6.62,"Ashby, Aaron",664034,676879,,ball,,,,,7,,R,R,L,CIN,MIL,B,,,0,1,2024,1.21,0.81,-0.7956983704657359,1.3581496235319064,571912.0,,670770.0,2,7,Bot,,,,,,,-6.660244701565873,-140.52645929518823,-10.070820720716643,17.526999633637033,33.001479690121855,-19.306969284826717,3.04631437385085,1.35227025520393,,,,94.5,2287,5.2,746667,661388,641343,668930,687401,642715,694192,663368,669003,55.32,,,,,,,,64,2,Sinker,4,4,4,4,4,4,4,4,Standard,Standard,149,0.009,0.031,,,,,-0.031,,0,0,0.575,0.575,26,29,26,30,1,3,2.0,1,3,1.0,1.64,1.21,-1.21,54.8,,,,,,pitcher
CU,2024-08-31,82.4,0.84,6.53,"Ashby, Aaron",664034,676879,,called_strike,,,,,9,,R,R,L,CIN,MIL,S,,,0,0,2024,-0.91,-1.16,0.4354165964046608,1.6946191134716044,571912.0,,670770.0,2,7,Bot,,,,,,,0.8309233853425737,-119.9218318203802,-2.111154171001865,-8.862305551630184,25.76607957757737,-43.10117386451888,2.90345417270061,1.28572313778747,,,,80.6,2721,5.3,746667,661388,641343,668930,687401,642715,694192,663368,669003,55.21,,,,,,,,64,1,Curveball,4,4,4,4,4,4,4,4,Standard,Standard,332,-0.013,-0.046,,,,,0.046,,0,0,0.588,0.588,26,29,26,30,1,3,2.0,1,3,1.0,4.55,-0.91,0.91,51.8,,,,,,pitcher
SI,2024-08-31,97.7,0.82,6.64,"Ashby, Aaron",670770,676879,force_out,hit_into_play,,,,,12,"TJ Friedl grounds into a force out, second baseman Brice Turang to shortstop Willy Adames. Luke Maile to 3rd. Spencer Steer out at 2nd. TJ Friedl to 1st.",R,L,L,CIN,MIL,X,4.0,ground_ball,0,1,2024,1.14,0.43,0.0373993432217281,3.342129210028149,,571912.0,668715.0,1,7,Bot,144.78,153.89,,,,,-4.620163127541585,-142.3095087470728,-4.3288505753583175,16.504845365816674,31.630379227729808,-25.53803517497036,3.05,1.47,7.0,73.5,-24.0,95.9,2090,5.1,746667,661388,641343,668930,687401,642715,694192,663368,669003,55.39,0.033,0.069,0.0,1.0,0.0,0.0,2.0,63,2,Sinker,4,4,4,4,4,4,4,4,Standard,Standard,141,-0.049,-0.267,62.4,5.5,,0.033,0.267,88.0,0,0,0.637,0.637,26,28,26,29,1,3,2.0,1,3,1.0,1.95,1.14,1.14,45.6,3.6316781799689335,17.52340284803928,18.74497045227832,35.18777283990426,31.5194464005204,pitcher
SI,2024-08-31,97.7,0.72,6.64,"Ashby, Aaron",670770,676879,,called_strike,,,,,3,,R,L,L,CIN,MIL,S,,,0,0,2024,1.05,0.64,0.2814897186937911,3.0829291948481368,,571912.0,668715.0,1,7,Bot,,,,,,,-3.501507340771598,-142.28363167246758,-5.485605889426271,15.069426105846995,31.041430340195227,-22.398582144111224,3.02105950570017,1.35266744658016,,,,95.9,2015,5.1,746667,661388,641343,668930,687401,642715,694192,663368,669003,55.38,,,,,,,,63,1,Sinker,4,4,4,4,4,4,4,4,Standard,Standard,149,-0.011,-0.039,,,,,0.039,,0,0,0.648,0.648,26,28,26,29,1,3,2.0,1,3,1.0,1.73,1.05,1.05,54.7,,,,,,pitcher
CU,2024-08-31,83.4,0.79,6.65,"Ashby, Aaron",682829,676879,strikeout,called_strike,,,,,3,Elly De La Cruz called out on strikes.,R,R,L,CIN,MIL,S,2.0,,1,2,2024,-0.63,-1.32,0.3800790873597359,2.898244152501485,,571912.0,668715.0,0,7,Bot,,,,,,,0.2718617398793901,-121.3597137006527,0.4342075552175952,-6.195728106210405,25.939238896502356,-45.43350720017937,3.3912069122709,1.57185679194911,,,,81.5,2634,5.2,746667,661388,641343,668930,687401,642715,694192,663368,669003,55.29,,0.0,0.0,1.0,0.0,0.0,,62,4,Curveball,4,4,4,4,4,4,4,4,Standard,Standard,334,-0.053,-0.197,,,,,0.197,,0,0,0.701,0.701,26,22,26,22,1,3,2.0,1,3,1.0,4.62,-0.63,0.63,52.9,,,,,,pitcher
SI,2024-08-31,98.7,0.87,6.66,"Ashby, Aaron",682829,676879,,foul,,,,,6,,R,R,L,CIN,MIL,S,,,1,1,2024,1.14,0.61,0.6057935784627536,3.0015952835305435,,571912.0,668715.0,0,7,Bot,,,,,,,-3.2740926868425406,-143.69122571384932,-5.819814955931729,16.496493339456237,33.5411316811175,-22.576744127176223,3.65,1.74,248.0,74.6,39.0,96.8,2121,5.2,746667,661388,641343,668930,687401,642715,694192,663368,669003,55.3,,,,,,,,62,3,Sinker,4,4,4,4,4,4,4,4,Standard,Standard,143,-0.018,-0.069,73.9,6.9,,,0.069,88.0,0,0,0.719,0.719,26,22,26,22,1,3,2.0,1,3,1.0,1.73,1.14,-1.14,46.9,3.950048200212183,7.444365519083567,28.38555439202999,47.48114301151847,28.28508837955436,pitcher
CU,2024-08-31,84.4,0.85,6.56,"Ashby, Aaron",682829,676879,,swinging_strike,,,,,13,,R,R,L,CIN,MIL,S,,,1,0,2024,-0.58,-1.35,-0.5903045933638584,1.4032219287294343,,571912.0,668715.0,0,7,Bot,,,,,,,-2.161892748549945,-122.8631010708559,-2.837193201587138,-5.356856473342144,27.389863536380265,-45.34024407675212,3.65,1.74,,,,82.5,2750,5.3,746667,661388,641343,668930,687401,642715,694192,663368,669003,55.23,,,,,,,,62,2,Curveball,4,4,4,4,4,4,4,4,Standard,Standard,334,-0.014,-0.055,68.7,7.9,5.548881204,,0.055,,0,0,0.733,0.733,26,22,26,22,1,3,2.0,1,3,1.0,4.58,-0.58,0.58,50.5,20.797060532106087,-22.396758237070863,33.60516291342161,33.747085297599035,48.01565501236943,pitcher
CH,2024-08-31,91.1,0.92,6.46,"Ashby, Aaron",682829,676879,,ball,,,,,13,,R,R,L,CIN,MIL,B,,,0,0,2024,1.37,0.38,-0.1972944758099997,1.0858943002171824,,571912.0,668715.0,0,7,Bot,,,,,,,-5.643821741983375,-132.39234214879912,-8.265995059841662,17.346279746887255,28.826201116376577,-26.037615337310545,3.44241324617576,1.57185679194911,,,,89.4,1721,5.3,746667,661388,641343,668930,687401,642715,694192,663368,669003,55.15,,,,,,,,62,1,Changeup,4,4,4,4,4,4,4,4,Standard,Standard,132,0.01,0.045,,,,,-0.045,,0,0,0.723,0.723,26,22,26,22,1,3,2.0,1,3,1.0,2.37,1.37,-1.37,45.1,,,,,,pitcher
SI,2024-08-31,97.1,0.79,6.6,"Ashby, Aaron",668715,676879,single,hit_into_play,,,,,6,Spencer Steer singles on a ground ball to center fielder Blake Perkins. Luke Maile to 2nd.,R,R,L,CIN,MIL,X,8.0,ground_ball,0,2,2024,1.08,0.79,0.2945146367245569,2.3875818986069604,,,571912.0,0,7,Bot,109.91,90.53,,,,,-3.705306476568378,-141.20174521436755,-7.392833042706869,15.24469514343433,33.095948730996746,-20.09976069489856,3.23,1.49,8.0,99.5,-16.0,95.3,2057,5.3,746667,661388,641343,668930,687401,642715,694192,663368,669003,55.15,0.193,0.27,0.9,1.0,1.0,0.0,2.0,61,3,Sinker,4,4,4,4,4,4,4,4,Standard,Standard,146,0.101,0.54,69.5,6.6,,0.195,-0.54,99.5,0,0,0.622,0.622,26,26,26,27,1,3,2.0,1,3,1.0,1.64,1.08,-1.08,46.5,0.0864189875841376,12.927628511709315,30.112339486476277,38.1483797951908,24.90229165289479,pitcher
CH,2024-08-31,91.0,0.97,6.56,"Ashby, Aaron",668715,676879,,called_strike,,,,,4,,R,R,L,CIN,MIL,S,,,0,1,2024,1.13,0.51,-0.7495209988914309,2.542222788073765,,,571912.0,0,7,Bot,,,,,,,-6.591879526996439,-132.37580162081267,-5.18858373749573,14.697684299255128,27.0895784761582,-25.321942155644056,3.13478692718423,1.46790102824324,,,,89.3,1821,5.2,746667,661388,641343,668930,687401,642715,694192,663368,669003,55.35,,,,,,,,61,2,Changeup,4,4,4,4,4,4,4,4,Standard,Standard,130,-0.014,-0.048,,,,,0.048,,0,0,0.636,0.636,26,26,26,27,1,3,2.0,1,3,1.0,2.24,1.13,-1.13,45.4,,,,,,pitcher
SI,2024-08-31,97.0,0.81,6.62,"Ashby, Aaron",668715,676879,,foul,,,,,8,,R,R,L,CIN,MIL,S,,,0,0,2024,0.91,0.45,-0.2086375861607788,1.7137274665620148,,,571912.0,0,7,Bot,,,,,,,-4.712472265099389,-141.13027058068752,-8.543084930232482,13.254096091838807,28.911903232259643,-24.479054022295564,3.23,1.49,2.0,91.1,-38.0,95.8,1976,5.4,746667,661388,641343,668930,687401,642715,694192,663368,669003,55.12,,,,,,,,61,1,Sinker,4,4,4,4,4,4,4,4,Standard,Standard,145,-0.008,-0.042,73.6,7.6,,,0.042,91.1,0,0,0.644,0.644,26,26,26,27,1,3,2.0,1,3,1.0,1.95,0.91,-0.91,49.6,14.21008575799304,-8.247650113945026,32.34769842022818,32.99155888229296,35.26381493519411,pitcher
SI,2024-08-31,98.2,0.72,6.68,"Ashby, Aaron",571912,676879,walk,ball,,,,,11,Luke Maile walks.,R,R,L,CIN,MIL,B,,,3,2,2024,0.9,0.44,-0.5102679644787899,3.407272959320042,,,,0,7,Bot,,,,,,,-5.301491267229017,-142.95999364324845,-4.370750069416415,13.608745653203716,30.26340344639771,-25.33682520233129,2.87771800906984,1.20754720765638,,,,96.5,2067,5.1,746667,661388,641343,668930,687401,642715,694192,663368,669003,55.4,,0.689131,0.7,1.0,0.0,0.0,,60,8,Sinker,4,4,4,4,4,4,4,4,Standard,Standard,145,0.048,0.371,,,,,-0.371,,0,0,0.596,0.596,26,33,26,33,1,2,2.0,1,3,4.0,1.9,0.9,-0.9,47.2,,,,,,pitcher
CH,2024-08-31,90.2,0.94,6.51,"Ashby, Aaron",571912,676879,,ball,,,,,13,,R,R,L,CIN,MIL,B,,,2,2,2024,1.0,0.43,-0.823103580037016,1.0332819817709256,,,,0,7,Bot,,,,,,,-6.3853752044667305,-131.07678089733972,-8.471679840063102,12.86381344025306,24.722139449238146,-25.740600166151477,2.85197533131746,1.18147524844413,,,,89.0,1817,5.4,746667,661388,641343,668930,687401,642715,694192,663368,669003,55.11,,,,,,,,60,7,Changeup,4,4,4,4,4,4,4,4,Standard,Standard,134,0.014,0.107,,,,,-0.107,,0,0,0.582,0.582,26,33,26,33,1,2,2.0,1,3,4.0,2.36,1.0,-1.0,44.7,,,,,,pitcher
CH,2024-08-31,90.3,1.0,6.42,"Ashby, Aaron",571912,676879,,ball,,,,,7,,R,R,L,CIN,MIL,B,,,1,2,2024,0.51,1.07,-0.3692268269549812,1.2449316458551511,,,,0,7,Bot,,,,,,,-4.408062172646975,-131.29249693960065,-9.057657016561237,6.839773796409121,27.32810433928408,-18.04478890315925,2.99535205074029,1.35266744658016,,,,88.8,1650,5.4,746667,661388,641343,668930,687401,642715,694192,663368,669003,55.11,,,,,,,,60,6,Changeup,4,4,4,4,4,4,4,4,Standard,Standard,133,0.005,0.04,,,,,-0.04,,0,0,0.577,0.577,26,33,26,33,1,2,2.0,1,3,4.0,1.72,0.51,-0.51,44.9,,,,,,pitcher
CU,2024-08-31,83.1,0.74,6.64,"Ashby, Aaron",571912,676879,,foul,,,,,5,,R,R,L,CIN,MIL,S,,,1,2,2024,-0.78,-1.46,-0.0074773002629665,2.4239603920325345,,,,0,7,Bot,,,,,,,-0.1937978274713017,-120.95950728267476,-0.2910696459510118,-7.539389187919261,25.81502684451177,-46.60797060725756,3.22,1.49,2.0,71.9,-46.0,81.3,2757,5.3,746667,661388,641343,668930,687401,642715,694192,663368,669003,55.22,,,,,,,,60,5,Curveball,4,4,4,4,4,4,4,4,Standard,Standard,331,0.0,0.0,63.2,6.5,,,0.0,88.0,0,0,0.577,0.577,26,33,26,33,1,2,2.0,1,3,4.0,4.79,-0.78,0.78,55.0,6.688794385882473,-4.789911249926595,28.19543785578204,34.19771071454056,31.855616049741613,pitcher
CU,2024-08-31,83.3,0.78,6.59,"Ashby, Aaron",571912,676879,,ball,,,,,12,,R,R,L,CIN,MIL,B,,,0,2,2024,-0.88,-1.47,0.8568161046922356,3.1120706876307382,,,,0,7,Bot,,,,,,,1.8544861352111568,-121.20137142799426,1.3456100429165705,-9.009212232935967,25.79365679356321,-47.10933642937862,2.90345417270061,1.23361250678628,,,,81.3,2591,5.1,746667,661388,641343,668930,687401,642715,694192,663368,669003,55.37,,,,,,,,60,4,Curveball,4,4,4,4,4,4,4,4,Standard,Standard,328,0.004,0.023,,,,,-0.023,,0,0,0.573,0.573,26,33,26,33,1,2,2.0,1,3,4.0,4.78,-0.88,0.88,47.7,,,,,,pitcher
SI,2024-08-31,98.0,0.73,6.63,"Ashby, Aaron",571912,676879,,foul,,,,,5,,R,R,L,CIN,MIL,S,,,0,2,2024,1.06,0.79,-0.1038490302436355,2.3330306891526824,,,,0,7,Bot,,,,,,,-4.590575888977508,-142.56841383429924,-7.791526621479016,15.519486468965518,33.226393320434994,-19.783616100445656,3.22,1.49,193.0,70.1,50.0,96.0,2086,5.2,746667,661388,641343,668930,687401,642715,694192,663368,669003,55.34,,,,,,,,60,3,Sinker,4,4,4,4,4,4,4,4,Standard,Standard,142,0.0,0.0,65.4,5.9,,,0.0,88.0,0,0,0.573,0.573,26,33,26,33,1,2,2.0,1,3,4.0,1.59,1.06,-1.06,49.4,0.4329553448877339,7.262617669113938,40.540243195718894,32.50801427481892,24.549176049766608,pitcher
SI,2024-08-31,98.1,0.69,6.71,"Ashby, Aaron",571912,676879,,foul,,,,,9,,R,R,L,CIN,MIL,S,,,0,1,2024,0.99,0.72,0.6290657813991567,1.7090806730074033,,,,0,7,Bot,,,,,,,-2.38849141050841,-142.6299023924128,-9.524724250835314,14.006699782945072,32.135599588712296,-20.325180138067093,3.22,1.49,208.0,74.0,40.0,96.1,2206,5.1,746667,661388,641343,668930,687401,642715,694192,663368,669003,55.35,,,,,,,,60,2,Sinker,4,4,4,4,4,4,4,4,Standard,Standard,142,-0.009,-0.054,64.6,6.5,,,0.054,88.0,0,0,0.582,0.582,26,33,26,33,1,2,2.0,1,3,4.0,1.64,0.99,-0.99,56.0,0.0434169924985882,12.329773021515312,38.91947661431239,41.70078433146082,24.395800719268056,pitcher
SI,2024-08-31,98.1,0.84,6.67,"Ashby, Aaron",571912,676879,,called_strike,,,,,5,,R,R,L,CIN,MIL,S,,,0,0,2024,1.15,0.69,-0.1189580129254976,1.911664944428611,,,,0,7,Bot,,,,,,,-5.137820619505232,-142.55820521244007,-8.837215895613905,16.90982997707125,31.404809824546795,-20.9401285151198,3.00633373698177,1.28572313778747,,,,96.4,2165,5.3,746667,661388,641343,668930,687401,642715,694192,663368,669003,55.22,,,,,,,,60,1,Sinker,4,4,4,4,4,4,4,4,Standard,Standard,141,-0.006,-0.037,,,,,0.037,,0,0,0.588,0.588,26,33,26,33,1,2,2.0,1,3,4.0,1.68,1.15,-1.15,47.5,,,,,,pitcher
SI,2024-08-29,96.3,0.92,6.49,"Ashby, Aaron",624424,676879,field_out,hit_into_play,,,,,5,"Michael Conforto grounds out, third baseman Joey Ortiz to first baseman Rhys Hoskins.",R,L,L,MIL,SF,X,5.0,ground_ball,0,0,2024,1.16,0.61,-0.164881300015026,2.322661276724379,,,,2,9,Top,103.4,162.81,,,,,-5.3534399563803134,-140.04500177134085,-6.712322240734376,16.4456423874609,31.469054541607797,-22.87771513397251,3.19,1.5,,,,94.1,2169,5.0,745945,596142,656555,668930,687401,642715,694192,663368,669003,55.51,,,0.0,,0.0,0.0,,69,1,Sinker,6,0,0,6,0,6,0,6,Strategic,Standard,147,0.001,-0.256,73.7,7.2,,,0.256,,6,-6,0.999,0.001,26,31,26,31,1,3,4.0,1,2,1.0,1.85,1.16,1.16,46.4,2.295023605802245,30.60647185858797,27.38115508147911,42.618708673235446,7.238891095554548,pitcher
CU,2024-08-29,83.8,0.82,6.36,"Ashby, Aaron",671218,676879,strikeout,called_strike,,,,,14,Heliot Ramos called out on strikes.,R,R,L,MIL,SF,S,2.0,,1,2,2024,-0.67,-1.29,1.0340568844749205,1.948280805091113,,,,1,9,Top,,,,,,,1.7731840279210476,-121.9912081947026,-1.1945850818090793,-7.017593421673006,26.26701416581865,-44.89808865245765,3.26796478918191,1.50000123551982,,,,82.0,2510,5.3,745945,596142,656555,668930,687401,642715,694192,663368,669003,55.24,,0.0,0.0,1.0,0.0,0.0,,68,4,Curveball,6,0,0,6,0,6,0,6,Infield shade,Standard,331,0.0,-0.182,,,,,0.182,,6,-6,0.999,0.001,26,24,26,25,1,3,4.0,1,2,1.0,4.55,-0.67,0.67,50.1,,,,,,pitcher
SI,2024-08-29,97.7,0.86,6.47,"Ashby, Aaron",671218,676879,,called_strike,,,,,4,,R,R,L,MIL,SF,S,,,1,1,2024,1.16,0.94,-0.4068001216372372,2.17903631787515,,,,1,9,Top,,,,,,,-5.933257432508415,-141.9636574114393,-8.053270780791003,16.976531009859784,31.69449137116115,-17.804041620514276,3.34522694225522,1.46528758720335,,,,95.8,2193,5.2,745945,596142,656555,668930,687401,642715,694192,663368,669003,55.28,,,,,,,,68,3,Sinker,6,0,0,6,0,6,0,6,Infield shade,Standard,149,0.0,-0.061,,,,,0.061,,6,-6,0.999,0.001,26,24,26,25,1,3,4.0,1,2,1.0,1.45,1.16,-1.16,47.9,,,,,,pitcher
CH,2024-08-29,90.5,1.06,6.35,"Ashby, Aaron",671218,676879,,swinging_strike,,,,,14,,R,R,L,MIL,SF,S,,,1,0,2024,1.35,0.16,1.0922934873822752,1.376163322770577,,,,1,9,Top,,,,,,,-2.7349131421921222,-131.62902838646392,-6.684752548983973,16.297449040458197,28.44194148546317,-29.070434778092437,3.2,1.5,,,,88.5,1969,5.1,745945,596142,656555,668930,687401,642715,694192,663368,669003,55.36,,,,,,,,68,2,Changeup,6,0,0,6,0,6,0,6,Infield shade,Standard,131,0.0,-0.051,78.8,8.6,5.96903658,,0.051,,6,-6,0.999,0.001,26,24,26,25,1,3,4.0,1,2,1.0,2.63,1.35,-1.35,44.5,24.88430667682791,-20.984890850299955,35.044807929769455,49.03884552058194,40.01349310003267,pitcher
SI,2024-08-29,97.3,0.64,6.41,"Ashby, Aaron",671218,676879,,ball,,,,,13,,R,R,L,MIL,SF,B,,,0,0,2024,1.15,0.73,-0.8765284197477172,1.428113898136257,,,,1,9,Top,,,,,,,-6.567213506660414,-141.30126375562023,-9.311755361963336,16.960956396237957,31.686709151391117,-20.41176921640077,3.3031466609626,1.46056265984512,,,,95.3,2098,5.2,745945,596142,656555,668930,687401,642715,694192,663368,669003,55.27,,,,,,,,68,1,Sinker,6,0,0,6,0,6,0,6,Standard,Standard,147,0.0,0.039,,,,,-0.039,,6,-6,0.999,0.001,26,24,26,25,1,3,4.0,1,2,1.0,1.68,1.15,-1.15,48.7,,,,,,pitcher
CU,2024-08-29,84.0,0.83,6.41,"Ashby, Aaron",666149,676879,strikeout,called_strike,,,,,14,Tyler Fitzgerald called out on strikes.,R,R,L,MIL,SF,S,2.0,,0,2,2024,-0.56,-1.28,1.063527557603139,2.578239633442829,,,,0,9,Top,,,,,,,1.597804602181077,-122.29061885075582,0.0735894427965848,-5.876570134403567,26.255748199381024,-45.20394146475663,3.59537169553817,1.70914146278113,,,,82.3,2562,5.3,745945,596142,656555,668930,687401,642715,694192,663368,669003,55.19,,0.0,0.0,1.0,0.0,0.0,,67,3,Curveball,6,0,0,6,0,6,0,6,Infield shade,Standard,330,0.001,-0.163,,,,,0.163,,6,-6,0.998,0.002,26,26,26,27,1,3,4.0,1,2,1.0,4.53,-0.56,0.56,49.4,,,,,,pitcher
CU,2024-08-29,83.3,0.98,6.46,"Ashby, Aaron",666149,676879,,called_strike,,,,,14,,R,R,L,MIL,SF,S,,,0,1,2024,-0.59,-1.38,0.9523931477457032,2.3192185953448385,,,,0,9,Top,,,,,,,1.0856450738029255,-121.26131227537712,-0.3182665640197555,-6.0333900127686375,26.098684286226423,-45.854732106988166,3.48232393530619,1.59610104676018,,,,81.4,2637,5.2,745945,596142,656555,668930,687401,642715,694192,663368,669003,55.29,,,,,,,,67,2,Curveball,6,0,0,6,0,6,0,6,Infield shade,Standard,329,0.001,-0.054,,,,,0.054,,6,-6,0.997,0.003,26,26,26,27,1,3,4.0,1,2,1.0,4.69,-0.59,0.59,55.7,,,,,,pitcher
SI,2024-08-29,97.8,0.68,6.52,"Ashby, Aaron",666149,676879,,called_strike,,,,,4,,R,R,L,MIL,SF,S,,,0,0,2024,1.24,0.67,-0.7401152475506667,2.1219964615209537,,,,0,9,Top,,,,,,,-6.525982813743361,-142.12110110196016,-7.757333814421619,18.277155668180164,31.770129998257985,-21.488669779176544,3.44752698250709,1.48362877383505,,,,95.8,2162,5.2,745945,596142,656555,668930,687401,642715,694192,663368,669003,55.32,,,,,,,,67,1,Sinker,6,0,0,6,0,6,0,6,Infield shade,Standard,143,0.0,-0.037,,,,,0.037,,6,-6,0.997,0.003,26,26,26,27,1,3,4.0,1,2,1.0,1.71,1.24,-1.24,49.5,,,,,,pitcher
CH,2024-08-29,90.9,1.09,6.35,"Ashby, Aaron",592192,676879,field_out,hit_into_play,,,,,14,"Mark Canha grounds out, third baseman Joey Ortiz to first baseman Rhys Hoskins.",R,R,L,MIL,SF,X,5.0,ground_ball,3,2,2024,1.22,0.26,0.923862996336077,1.2937154001329303,,,,2,8,Top,102.39,166.88,,,,,-2.9716446157997822,-132.3256876279567,-7.212953242632112,15.020103316492696,27.41449314326845,-27.83215950558216,3.3,1.52,23.0,70.1,-1.0,89.3,1746,5.2,745945,596142,656555,668930,687401,642715,694192,663368,669003,55.3,0.094,0.085,0.0,1.0,0.0,0.0,2.0,63,8,Changeup,6,0,0,6,0,6,0,6,Strategic,Standard,129,0.001,-0.325,68.6,8.2,,0.096,0.325,88.0,6,-6,0.997,0.003,26,35,26,35,1,0,4.0,2,2,2.0,2.49,1.22,-1.22,49.0,12.18363993451446,-4.517346589467512,37.8026635824685,44.332772009100864,35.40798799918749,pitcher
CU,2024-08-29,81.7,0.88,6.39,"Ashby, Aaron",592192,676879,,ball,,,,,12,,R,R,L,MIL,SF,B,,,2,2,2024,-0.91,-1.3,1.5842675194686873,3.744614318704129,,,,2,8,Top,,,,,,,3.272024819153252,-118.86591201716637,3.07719409416116,-9.261759381111457,24.108897890140028,-45.31210612945102,3.12013244672546,1.22891922149396,,,,80.0,2369,5.3,745945,596142,656555,668930,687401,642715,694192,663368,669003,55.24,,,,,,,,63,7,Curveball,6,0,0,6,0,6,0,6,Strategic,Standard,331,0.0,0.106,,,,,-0.106,,6,-6,0.997,0.003,26,35,26,35,1,0,4.0,2,2,2.0,4.73,-0.91,0.91,51.4,,,,,,pitcher
SI,2024-08-29,98.2,0.63,6.45,"Ashby, Aaron",592192,676879,,ball,,,,,13,,R,R,L,MIL,SF,B,,,1,2,2024,1.35,0.52,-1.5132680828849872,0.9910459113073152,,,,2,8,Top,,,,,,,-8.744990992079284,-142.44000770821776,-10.283287090944288,20.448197841462587,32.73501677510591,-22.795978154533877,3.31189657397863,1.42094710158604,,,,96.2,2156,5.3,745945,596142,656555,668930,687401,642715,694192,663368,669003,55.17,,,,,,,,63,6,Sinker,6,0,0,6,0,6,0,6,Strategic,Standard,142,0.0,0.039,,,,,-0.039,,6,-6,0.997,0.003,26,35,26,35,1,0,4.0,2,2,2.0,1.86,1.35,-1.35,47.3,,,,,,pitcher
CH,2024-08-29,91.6,1.05,6.35,"Ashby, Aaron",592192,676879,,ball,,,,,14,,R,R,L,MIL,SF,B,,,0,2,2024,1.2,-0.02,1.6320792565951356,2.2388187837945064,,,,2,8,Top,,,,,,,-1.0882760446366064,-133.37987039784576,-4.414860004667464,14.501987868785688,28.99397607229461,-31.64559656052769,3.28723797022732,1.35730265504037,,,,89.8,1702,5.2,745945,596142,656555,668930,687401,642715,694192,663368,669003,55.33,,,,,,,,63,5,Changeup,6,0,0,6,0,6,0,6,Strategic,Standard,126,0.0,0.023,,,,,-0.023,,6,-6,0.997,0.003,26,35,26,35,1,0,4.0,2,2,2.0,2.73,1.2,-1.2,42.9,,,,,,pitcher
SI,2024-08-29,98.1,0.71,6.5,"Ashby, Aaron",592192,676879,,foul,,,,,5,,R,R,L,MIL,SF,S,,,0,2,2024,1.08,0.47,-0.08637021074244,2.4329302165172018,,,,2,8,Top,,,,,,,-4.56053374352165,-142.74962215559984,-6.53322386869355,15.845088916267416,31.843893516873504,-24.42003694118985,3.3,1.52,,,,96.5,1946,5.3,745945,596142,656555,668930,687401,642715,694192,663368,669003,55.21,,,,,,,,63,4,Sinker,6,0,0,6,0,6,0,6,Strategic,Standard,146,0.0,0.0,73.1,6.6,,,0.0,,6,-6,0.997,0.003,26,35,26,35,1,0,4.0,2,2,2.0,1.89,1.08,-1.08,48.6,6.470160646196051,2.9223460071284597,26.21894259977961,32.54772865161202,27.17543962602613,pitcher
CU,2024-08-29,83.1,0.75,6.39,"Ashby, Aaron",592192,676879,,foul,,,,,7,,R,R,L,MIL,SF,S,,,0,2,2024,-1.1,-1.33,-0.3595407693926504,1.8256764238205392,,,,2,8,Top,,,,,,,-0.3794664525674744,-120.88139230828438,-1.2717532548084078,-10.569708576922748,27.66631323088208,-45.03516193988616,3.3,1.52,5.0,72.0,-21.0,81.1,2651,5.3,745945,596142,656555,668930,687401,642715,694192,663368,669003,55.15,,,,,,,,63,3,Curveball,6,0,0,6,0,6,0,6,Standard,Standard,332,0.0,0.0,66.7,8.2,,,0.0,88.0,6,-6,0.997,0.003,26,35,26,35,1,0,4.0,2,2,2.0,4.68,-1.1,1.1,58.0,13.980663498372907,-21.39294319116318,35.26798339975951,30.218510521832545,39.18105039695175,pitcher
CU,2024-08-29,83.3,0.93,6.38,"Ashby, Aaron",592192,676879,,called_strike,,,,,6,,R,R,L,MIL,SF,S,,,0,1,2024,-0.91,-1.39,0.5797865285895898,2.0347518340690582,,,,2,8,Top,,,,,,,0.9579810563221024,-121.20973016907249,-0.7094897325515115,-9.093885168394143,27.58438694489544,-45.75080577155948,3.27932217975202,1.38808883744669,,,,81.3,2666,5.3,745945,596142,656555,668930,687401,642715,694192,663368,669003,55.19,,,,,,,,63,2,Curveball,6,0,0,6,0,6,0,6,Standard,Standard,330,0.0,-0.058,,,,,0.058,,6,-6,0.997,0.003,26,35,26,35,1,0,4.0,2,2,2.0,4.72,-0.91,0.91,49.3,,,,,,pitcher
SI,2024-08-29,98.9,0.85,6.44,"Ashby, Aaron",592192,676879,,called_strike,,,,,4,,R,R,L,MIL,SF,S,,,0,0,2024,1.34,0.77,-0.525794715234098,2.250491387744371,,,,2,8,Top,,,,,,,-6.721962659640478,-143.81970491100097,-7.664284057005311,20.162370132041808,32.58397942531971,-19.908496531914555,3.3,1.52,,,,97.2,2229,5.3,745945,596142,656555,668930,687401,642715,694192,663368,669003,55.18,,,,,,,,63,1,Sinker,6,0,0,6,0,6,0,6,Standard,Standard,142,0.0,-0.041,,,,,0.041,,6,-6,0.997,0.003,26,35,26,35,1,0,4.0,2,2,2.0,1.56,1.34,-1.34,46.8,,,,,,pitcher
SI,2024-08-29,97.9,0.72,6.44,"Ashby, Aaron",642731,676879,field_out,hit_into_play,,,,,5,"Thairo Estrada grounds out, shortstop Willy Adames to first baseman Rhys Hoskins.",R,R,L,MIL,SF,X,6.0,ground_ball,1,2,2024,1.25,0.67,0.2705093986461394,2.6509831402799264,,,,1,8,Top,114.07,154.67,,,,,-3.994885561438033,-142.5391138482157,-6.190765856313377,17.91185734529321,31.60157474450795,-21.82940157844309,3.34,1.66,4.0,97.8,-38.0,96.0,2016,5.1,745945,596142,656555,668930,687401,642715,694192,663368,669003,55.39,0.072,0.067,0.0,1.0,0.0,0.0,2.0,62,5,Sinker,6,0,0,6,0,6,0,6,Standard,Standard,144,0.001,-0.182,73.1,6.3,,0.074,0.182,97.8,6,-6,0.996,0.004,26,28,26,28,1,2,4.0,1,2,,1.7,1.25,-1.25,46.0,1.367301500809156,11.709958842986255,29.490770556939957,36.58882876375865,30.03961229321492,pitcher
CH,2024-08-29,90.5,1.05,6.31,"Ashby, Aaron",642731,676879,,foul,,,,,14,,R,R,L,MIL,SF,S,,,1,2,2024,0.96,0.23,1.358049127613569,2.263852584745079,,,,1,8,Top,,,,,,,-1.2399397148418323,-131.73717348882406,-4.591218539536642,11.427448550860303,27.84808514148598,-28.68763062263336,3.34,1.66,173.0,64.2,53.0,88.8,1801,5.2,745945,596142,656555,668930,687401,642715,694192,663368,669003,55.32,,,,,,,,62,4,Changeup,6,0,0,6,0,6,0,6,Standard,Standard,129,0.0,0.0,61.1,7.6,,,0.0,88.0,6,-6,0.996,0.004,26,28,26,28,1,2,4.0,1,2,,2.55,0.96,-0.96,42.7,0.8632221988730391,-4.022568891837059,26.567401709190563,50.10746517868117,32.467327812525696,pitcher
CU,2024-08-29,84.3,0.92,6.38,"Ashby, Aaron",642731,676879,,called_strike,,,,,5,,R,R,L,MIL,SF,S,,,1,1,2024,-0.83,-1.3,-0.0325251036472818,2.4161668207118323,,,,1,8,Top,,,,,,,-0.5520411755906209,-122.64275492614804,-0.1713180382657904,-8.12115137048802,28.503575738003985,-45.33458700952198,3.22862818020381,1.45115781341761,,,,82.2,2617,5.3,745945,596142,656555,668930,687401,642715,694192,663368,669003,55.2,,,,,,,,62,3,Curveball,6,0,0,6,0,6,0,6,Standard,Standard,325,0.001,-0.061,,,,,0.061,,6,-6,0.995,0.005,26,28,26,28,1,2,4.0,1,2,,4.56,-0.83,0.83,48.8,,,,,,pitcher
CH,2024-08-29,90.9,1.05,6.35,"Ashby, Aaron",642731,676879,,swinging_strike,,,,,14,,R,R,L,MIL,SF,S,,,1,0,2024,1.46,0.1,0.288109380652098,-0.0095354427445615,,,,1,8,Top,,,,,,,-4.921697367964681,-131.9067110968613,-9.984119824580636,18.02518053524096,30.053820784616843,-28.959659808108583,3.34,1.66,,,,88.8,1808,5.3,745945,596142,656555,668930,687401,642715,694192,663368,669003,55.18,,,,,,,,62,2,Changeup,6,0,0,6,0,6,0,6,Standard,Standard,132,0.0,-0.051,41.1,7.6,9.306861984,,0.051,,6,-6,0.995,0.005,26,28,26,28,1,2,4.0,1,2,,2.69,1.46,-1.46,51.2,8.603103715094859,-14.391007521796288,38.285380510679055,37.14527629668363,38.57305853679657,pitcher
CU,2024-08-29,81.7,0.89,6.42,"Ashby, Aaron",642731,676879,,ball,,,,,12,,R,R,L,MIL,SF,B,,,0,0,2024,-0.7,-1.4,1.0371530454752809,2.857507651057344,,,,1,8,Top,,,,,,,1.6549960928576035,-118.97787455742618,1.2372697273888855,-6.98226752631223,24.9995222490507,-45.88755912914136,3.14333955261349,1.32769991223752,,,,80.0,2657,5.3,745945,596142,656555,668930,687401,642715,694192,663368,669003,55.22,,,,,,,,62,1,Curveball,6,0,0,6,0,6,0,6,Standard,Standard,331,0.0,0.039,,,,,-0.039,,6,-6,0.995,0.005,26,28,26,28,1,2,4.0,1,2,,4.84,-0.7,0.7,49.3,,,,,,pitcher
SL,2024-08-29,85.4,0.9,6.33,"Ashby, Aaron",687529,676879,strikeout,swinging_strike_blocked,,,,,13,Grant McCray strikes out swinging.,R,L,L,MIL,SF,S,2.0,,1,2,2024,-0.65,-0.35,-1.926519746824732,0.5542785043562914,,,,0,8,Top,,,,,,,-5.284628639477615,-124.29457180379414,-6.565104102696405,-5.6860162733897495,24.10060879454272,-34.72730115121301,3.59,1.65,,,,84.4,2562,5.5,745945,596142,656555,668930,687401,642715,694192,663368,669003,54.97,,0.0,0.0,1.0,0.0,0.0,,61,4,Slider,6,0,0,6,0,6,0,6,Strategic,Standard,340,0.002,-0.186,63.0,8.6,19.191329124,,0.186,,6,-6,0.993,0.007,26,23,26,24,1,2,4.0,1,2,1.0,3.47,-0.65,-0.65,46.5,22.13776476249744,-25.817101317758496,34.7489013275894,57.85274767194528,51.94515162227392,pitcher
SI,2024-08-29,97.7,0.9,6.53,"Ashby, Aaron",687529,676879,,swinging_strike,,,,,8,,R,L,L,MIL,SF,S,,,1,1,2024,1.34,0.84,0.1545842714638099,2.0822266444979123,,,,0,8,Top,,,,,,,-4.963673681472682,-142.13062420385475,-8.251543532251073,19.26414546252421,31.446502306775464,-19.13886901527262,3.59,1.65,,,,95.9,2276,5.2,745945,596142,656555,668930,687401,642715,694192,663368,669003,55.33,,,,,,,,61,3,Sinker,6,0,0,6,0,6,0,6,Standard,Standard,143,0.001,-0.056,76.2,7.1,0.900444936,,0.056,,6,-6,0.992,0.008,26,23,26,24,1,2,4.0,1,2,1.0,1.54,1.34,1.34,47.0,2.311405840806509,12.00795404909003,34.37354894360968,34.10288344662421,24.13456994127153,pitcher
SL,2024-08-29,83.1,1.11,6.38,"Ashby, Aaron",687529,676879,,ball,,,,,14,,R,L,L,MIL,SF,B,,,0,1,2024,-0.74,-0.81,1.2569875077273056,1.7431832888486802,,,,0,8,Top,,,,,,,1.75754958126922,-121.10565392370133,-2.579890999381445,-7.646606482008405,23.32146220764652,-39.84163335421426,3.59849021866961,1.60295362985995,,,,81.7,2565,5.2,745945,596142,656555,668930,687401,642715,694192,663368,669003,55.27,,,,,,,,61,2,Slider,6,0,0,6,0,6,0,6,Standard,Standard,332,0.0,0.025,,,,,-0.025,,6,-6,0.992,0.008,26,23,26,24,1,2,4.0,1,2,1.0,4.09,-0.74,-0.74,48.9,,,,,,pitcher
SI,2024-08-29,97.0,0.93,6.51,"Ashby, Aaron",687529,676879,,called_strike,,,,,4,,R,L,L,MIL,SF,S,,,0,0,2024,1.33,0.78,-0.3650425592822264,2.1408670510753343,,,,0,8,Top,,,,,,,-6.331451729100908,-140.967223984873,-7.750882612524707,19.165049109799188,31.83608741409318,-20.173640324456088,3.58856533765922,1.47701419102636,,,,94.9,2229,5.1,745945,596142,656555,668930,687401,642715,694192,663368,669003,55.36,,,,,,,,61,1,Sinker,6,0,0,6,0,6,0,6,Standard,Standard,139,0.0,-0.037,,,,,0.037,,6,-6,0.992,0.008,26,23,26,24,1,2,4.0,1,2,1.0,1.65,1.33,1.33,45.7,,,,,,pitcher
FF,2024-08-25,95.1,0.78,6.59,"Ashby, Aaron",664913,676879,field_out,hit_into_play,,,,,6,Seth Brown flies out to left fielder Jackson Chourio.,R,L,L,ATH,MIL,X,7.0,fly_ball,2,2,2024,0.72,1.02,0.4870974946571155,2.9075118268756808,,,,2,8,Bot,46.33,118.27,,,,,-2.335879874116194,-138.44021340275958,-6.202697951246115,9.850309652165372,29.6397891086367,-17.86129660395225,3.47,1.67,281.0,85.3,30.0,93.2,2133,5.1,745618,606992,641343,668930,687401,642715,694192,669003,686217,55.43,0.032,0.034,0.0,1.0,0.0,0.0,3.0,63,5,4-Seam Fastball,4,3,4,3,3,4,4,3,Strategic,Standard,142,-0.007,-0.219,67.8,5.9,,0.058,0.219,88.0,1,1,0.842,0.842,26,31,26,32,1,3,81.0,1,4,2.0,1.49,0.72,0.72,46.4,-5.4460511416397805,11.193456903427126,33.071970736180106,33.77873804417865,20.85977402053757,pitcher
SI,2024-08-25,96.1,0.89,6.57,"Ashby, Aaron",664913,676879,,foul,,,,,12,,R,L,L,ATH,MIL,S,,,2,1,2024,1.1,0.7,0.4433682699051202,3.758228456602942,,,,2,8,Bot,,,,,,,-3.588727439701748,-139.9680744859549,-3.4319746888834226,15.324764251175145,30.423046137431538,-22.353539734825382,3.47,1.67,113.0,58.4,64.0,94.3,2220,5.1,745618,606992,641343,668930,687401,642715,694192,669003,686217,55.42,,,,,,,,63,4,Sinker,4,3,4,3,3,4,4,3,Standard,Standard,142,-0.002,-0.084,64.1,6.1,,,0.084,88.0,1,1,0.844,0.844,26,31,26,32,1,3,81.0,1,4,2.0,1.75,1.1,1.1,46.8,-0.0627210431969585,21.767376260804323,19.398949541331863,34.287927111853946,18.34923262597278,pitcher
SL,2024-08-25,81.2,1.12,6.47,"Ashby, Aaron",664913,676879,,ball,,,,,12,,R,L,L,ATH,MIL,B,,,1,1,2024,-1.08,-0.6,1.1024764887819716,2.57450856158612,,,,2,8,Bot,,,,,,,1.9780697597718968,-118.22979989231092,-0.9600853409829424,-10.477182377609823,23.258341878446156,-37.84215299477391,3.30732109316567,1.56188862787277,,,,79.3,2343,5.0,745618,606992,641343,668930,687401,642715,694192,669003,686217,55.49,,,,,,,,63,3,Slider,4,3,4,3,3,4,4,3,Standard,Standard,334,0.001,0.058,,,,,-0.058,,1,1,0.843,0.843,26,31,26,32,1,3,81.0,1,4,2.0,4.06,-1.08,-1.08,42.8,,,,,,pitcher
SL,2024-08-25,82.2,1.03,6.52,"Ashby, Aaron",664913,676879,,ball,,,,,11,,R,L,L,ATH,MIL,B,,,0,1,2024,-1.19,-0.51,-0.0765232509299438,4.065115582827933,,,,2,8,Bot,,,,,,,-0.2130463325296621,-119.62840027150774,1.9000193379703023,-11.297013133886033,24.47493843408111,-37.62073410806616,3.30249579604363,1.55699923929019,,,,80.1,2475,5.0,745618,606992,641343,668930,687401,642715,694192,669003,686217,55.54,,,,,,,,63,2,Slider,4,3,4,3,3,4,4,3,Standard,Standard,329,0.001,0.029,,,,,-0.029,,1,1,0.842,0.842,26,31,26,32,1,3,81.0,1,4,2.0,3.89,-1.19,-1.19,42.9,,,,,,pitcher
SI,2024-08-25,95.9,0.69,6.61,"Ashby, Aaron",664913,676879,,called_strike,,,,,1,,R,L,L,ATH,MIL,S,,,0,0,2024,0.95,0.54,-0.4148367684118651,3.0906516796330368,,,,2,8,Bot,,,,,,,-4.9416513597478815,-139.5301688659894,-4.791250488368296,13.522595747524829,33.256919233228444,-24.22978556690473,3.3873701958705,1.61510560175208,,,,93.5,2140,5.0,745618,606992,641343,668930,687401,642715,694192,669003,686217,55.49,,,,,,,,63,1,Sinker,4,3,4,3,3,4,4,3,Standard,Standard,148,-0.001,-0.041,,,,,0.041,,1,1,0.843,0.843,26,31,26,32,1,3,81.0,1,4,2.0,1.95,0.95,0.95,44.9,,,,,,pitcher
SI,2024-08-25,96.0,0.95,6.59,"Ashby, Aaron",669127,676879,field_out,hit_into_play,,,,,8,Shea Langeliers flies out to center fielder Garrett Mitchell.,R,R,L,ATH,MIL,X,8.0,fly_ball,3,2,2024,0.98,0.6,0.1513552457776096,1.7735667031474494,,,,1,8,Bot,128.53,68.4,,,,,-4.212429767191941,-139.62022695790037,-8.391547222123945,13.794160990831092,28.698717200941683,-22.663431452951446,3.26,1.53,324.0,89.5,30.0,94.3,2020,5.1,745618,606992,641343,668930,687401,642715,694192,669003,686217,55.4,0.063,0.087,0.0,1.0,0.0,0.0,3.0,62,6,Sinker,4,3,4,3,3,4,4,3,Strategic,Standard,138,-0.012,-0.332,75.0,7.6,,0.141,0.332,89.5,1,1,0.855,0.855,26,26,26,27,1,3,81.0,1,4,2.0,1.85,0.98,-0.98,45.9,4.229799514533383,-5.23333617875912,32.816203052223706,41.71476177971434,36.842003379490734,pitcher
CH,2024-08-25,88.7,0.9,6.42,"Ashby, Aaron",669127,676879,,ball,,,,,14,,R,R,L,ATH,MIL,B,,,2,2,2024,1.1,0.17,1.137078699616641,0.6227299382552332,,,,1,8,Bot,,,,,,,-1.6703632502733237,-129.00864917029585,-8.318225499219762,12.605132081389703,26.999694229161413,-28.7215739220903,3.28014162052131,1.40127091552723,,,,87.0,1678,5.2,745618,606992,641343,668930,687401,642715,694192,669003,686217,55.25,,,,,,,,62,5,Changeup,4,3,4,3,3,4,4,3,Strategic,Standard,130,0.004,0.108,,,,,-0.108,,1,1,0.851,0.851,26,26,26,27,1,3,81.0,1,4,2.0,2.73,1.1,-1.1,48.6,,,,,,pitcher
SI,2024-08-25,95.0,0.8,6.66,"Ashby, Aaron",669127,676879,,ball,,,,,13,,R,R,L,ATH,MIL,B,,,1,2,2024,1.01,0.61,-1.1137636179577848,2.072466684028769,,,,1,8,Bot,,,,,,,-7.084122965717013,-138.08909482166317,-7.591211221018873,14.461997104077833,28.73156722863869,-22.921271749759523,3.17704439755246,1.38124939685266,,,,93.0,1977,5.0,745618,606992,641343,668930,687401,642715,694192,669003,686217,55.46,,,,,,,,62,4,Sinker,4,3,4,3,3,4,4,3,Strategic,Standard,141,0.001,0.043,,,,,-0.043,,1,1,0.85,0.85,26,26,26,27,1,3,81.0,1,4,2.0,1.91,1.01,-1.01,45.0,,,,,,pitcher
CU,2024-08-25,81.3,0.96,6.54,"Ashby, Aaron",669127,676879,,ball,,,,,14,,R,R,L,ATH,MIL,B,,,0,2,2024,-0.91,-1.23,1.1008092183564109,2.196585681069415,,,,1,8,Bot,,,,,,,2.011324937835705,-118.39732607455328,-0.782441829756827,-8.976729775735553,22.776579850924836,-43.80694470182001,3.12344757735423,1.27297365904245,,,,79.8,2375,5.2,745618,606992,641343,668930,687401,642715,694192,669003,686217,55.26,,,,,,,,62,3,Curveball,4,3,4,3,3,4,4,3,Strategic,Standard,330,0.001,0.02,,,,,-0.02,,1,1,0.849,0.849,26,26,26,27,1,3,81.0,1,4,2.0,4.68,-0.91,0.91,48.1,,,,,,pitcher
CU,2024-08-25,80.9,0.89,6.6,"Ashby, Aaron",669127,676879,,called_strike,,,,,1,,R,R,L,ATH,MIL,S,,,0,1,2024,-1.05,-1.23,-0.574918763806877,2.7146787659895955,,,,1,8,Bot,,,,,,,-1.2407024599415415,-117.88063880753177,0.2631764200644719,-9.553818511612644,22.665102115631225,-43.89411668544976,3.15927713545432,1.33591605963443,,,,79.4,2560,5.2,745618,606992,641343,668930,687401,642715,694192,669003,686217,55.34,,,,,,,,62,2,Curveball,4,3,4,3,3,4,4,3,Standard,Standard,332,-0.002,-0.057,,,,,0.057,,1,1,0.851,0.851,26,26,26,27,1,3,81.0,1,4,2.0,4.71,-1.05,1.05,47.6,,,,,,pitcher
CU,2024-08-25,78.9,0.94,6.48,"Ashby, Aaron",669127,676879,,called_strike,,,,,6,,R,R,L,ATH,MIL,S,,,0,0,2024,-0.98,-1.23,0.4305926318366585,2.4251926618840978,,,,1,8,Bot,,,,,,,0.6956814189010392,-114.97297526020046,0.2163982411583818,-8.831378896449214,21.547729142686475,-43.29074232034345,3.10547783497481,1.22727930214553,,,,77.3,2455,5.1,745618,606992,641343,668930,687401,642715,694192,669003,686217,55.4,,,,,,,,62,1,Curveball,4,3,4,3,3,4,4,3,Standard,Standard,332,-0.002,-0.037,,,,,0.037,,1,1,0.853,0.853,26,26,26,27,1,3,81.0,1,4,2.0,4.88,-0.98,0.98,47.4,,,,,,pitcher
SI,2024-08-25,95.6,0.87,6.67,"Ashby, Aaron",668709,676879,field_out,hit_into_play,,,,,5,"JJ Bleday grounds out, second baseman Brice Turang to first baseman Jake Bauers.",R,L,L,ATH,MIL,X,4.0,ground_ball,0,1,2024,1.19,0.89,-0.0470095815935551,2.247562016038768,,,,0,8,Bot,142.78,158.74,,,,,-4.9549677922728765,-138.9291527146222,-7.865045725223006,16.488395156446856,30.91615233352965,-19.038027326799785,3.2,1.57,31.0,105.4,-3.0,93.4,2046,5.1,745618,606992,641343,668930,687401,642715,694192,669003,686217,55.44,0.403,0.363,0.0,1.0,0.0,0.0,2.0,61,2,Sinker,4,3,4,3,3,4,4,3,Standard,Standard,146,-0.012,-0.217,72.8,7.3,,0.442,0.217,105.4,1,1,0.865,0.865,26,26,26,27,1,3,81.0,1,4,2.0,1.61,1.19,1.19,52.4,10.725359264307444,-4.352993572208798,29.09540790464309,39.41942472920795,29.02251150076472,pitcher
SL,2024-08-25,82.1,1.19,6.5,"Ashby, Aaron",668709,676879,,called_strike,,,,,4,,R,L,L,ATH,MIL,S,,,0,0,2024,-0.82,-0.5,-0.5207403818294016,2.429765713729362,,,,0,8,Bot,,,,,,,-2.242626264052628,-119.56079381118026,-1.6393355522204294,-7.3125028607290945,25.26452403272561,-36.83119937752648,3.05213720818928,1.48011051166984,,,,80.0,2383,5.0,745618,606992,641343,668930,687401,642715,694192,669003,686217,55.48,,,,,,,,61,1,Slider,4,3,4,3,3,4,4,3,Standard,Standard,344,-0.002,-0.037,,,,,0.037,,1,1,0.867,0.867,26,26,26,27,1,3,81.0,1,4,2.0,3.9,-0.82,-0.82,44.4,,,,,,pitcher
SI,2024-08-25,97.1,0.9,6.57,"Ashby, Aaron",667670,676879,force_out,hit_into_play,,,,,6,"Brent Rooker grounds into a force out, fielded by second baseman Brice Turang. Darell Hernaiz out at 2nd.",R,R,L,ATH,MIL,X,4.0,ground_ball,1,2,2024,1.27,0.77,0.5027328579894073,2.402307109846581,,,687231.0,2,7,Bot,129.63,142.38,,,,,-3.838062986953455,-141.31575902787733,-7.244387821204477,17.838148970271266,31.484032538722044,-20.36640949447065,3.63,1.72,13.0,101.2,-9.0,95.0,2086,5.0,745618,606992,641343,668930,687401,642715,694192,669003,686217,55.51,0.243,0.257,0.0,1.0,0.0,0.0,2.0,56,4,Sinker,4,3,4,3,3,4,4,3,Standard,Standard,138,-0.014,-0.197,66.2,6.2,,0.243,0.197,101.2,1,1,0.759,0.759,26,29,26,30,1,3,81.0,1,4,2.0,1.64,1.27,-1.27,44.2,-2.51180661687032,14.439742754129202,37.06232724724755,42.38954799077124,19.889522350018108,pitcher
CH,2024-08-25,89.3,0.99,6.45,"Ashby, Aaron",667670,676879,,foul,,,,,9,,R,R,L,ATH,MIL,S,,,1,1,2024,1.22,0.33,0.5632562073771455,2.2120014622309525,,,687231.0,2,7,Bot,,,,,,,-3.515039949711928,-129.99081281277108,-5.063269729441211,14.554363473087204,25.37070807749959,-27.62492131987691,3.63,1.72,261.0,84.5,39.0,87.6,1572,5.0,745618,606992,641343,668930,687401,642715,694192,669003,686217,55.47,,,,,,,,56,3,Changeup,4,3,4,3,3,4,4,3,Standard,Standard,126,-0.005,-0.06,71.0,6.6,,,0.06,88.0,1,1,0.764,0.764,26,29,26,30,1,3,81.0,1,4,2.0,2.51,1.22,-1.22,45.0,4.254199120458762,15.828384037032354,34.269527279404535,43.38798110221385,22.643360002047103,pitcher
SI,2024-08-25,97.2,0.8,6.6,"Ashby, Aaron",667670,676879,,ball,,,,,7,,R,R,L,ATH,MIL,B,,,0,1,2024,1.26,0.92,-0.6339046854507604,2.064682956242056,,,687231.0,2,7,Bot,,,,,,,-6.569076943342973,-141.19655046557847,-8.528390788156992,18.418233135008364,32.22942840405143,-18.131629420738268,3.5667183482321,1.66013493099654,,,,95.1,2144,5.2,745618,606992,641343,668930,687401,642715,694192,669003,686217,55.32,,,,,,,,56,2,Sinker,4,3,4,3,3,4,4,3,Standard,Standard,139,0.002,0.032,,,,,-0.032,,1,1,0.762,0.762,26,29,26,30,1,3,81.0,1,4,2.0,1.5,1.26,-1.26,44.1,,,,,,pitcher
CU,2024-08-25,80.6,1.07,6.48,"Ashby, Aaron",667670,676879,,called_strike,,,,,5,,R,R,L,ATH,MIL,S,,,0,0,2024,-0.96,-1.49,0.0880689940464837,2.2210229288393526,,,687231.0,2,7,Bot,,,,,,,-0.3628875939652845,-117.33494399166686,0.049409672370027,-8.692078306054407,24.125723582916823,-46.07689313095108,3.46205902571532,1.60214789635103,,,,78.7,2586,5.1,745618,606992,641343,668930,687401,642715,694192,669003,686217,55.39,,,,,,,,56,1,Curveball,4,3,4,3,3,4,4,3,Strategic,Standard,336,-0.003,-0.047,,,,,0.047,,1,1,0.765,0.765,26,29,26,30,1,3,81.0,1,4,2.0,5.02,-0.96,0.96,47.8,,,,,,pitcher
SI,2024-08-25,98.2,0.84,6.64,"Ashby, Aaron",671732,676879,strikeout,called_strike,,,,,7,Lawrence Butler called out on strikes.,R,L,L,ATH,MIL,S,2.0,,1,2,2024,1.15,0.65,-0.5345982613738771,1.8791119686752595,,,687231.0,1,7,Bot,,,,,,,-6.219538409807728,-142.70266537180953,-8.762053032820255,17.073969110575614,30.988984840776816,-21.53305613198081,3.57999979471579,1.68267198874178,,,,96.3,2094,5.2,745618,606992,641343,668930,687401,642715,694192,669003,686217,55.33,,0.0,0.0,1.0,0.0,0.0,,55,4,Sinker,4,3,4,3,3,4,4,3,Strategic,Standard,144,-0.017,-0.182,,,,,0.182,,1,1,0.782,0.782,26,23,26,24,1,3,81.0,1,4,2.0,1.71,1.15,1.15,46.6,,,,,,pitcher
SI,2024-08-25,97.0,0.92,6.66,"Ashby, Aaron",671732,676879,,called_strike,,,,,2,,R,L,L,ATH,MIL,S,,,1,1,2024,1.26,0.64,-0.1807325119879106,3.260710651226301,,,687231.0,1,7,Bot,,,,,,,-5.678098489985736,-141.22801814083044,-4.962670340383335,18.157265804072168,29.440929722567905,-22.75772945432178,3.43881827147846,1.73371741019397,,,,95.3,2082,5.1,745618,606992,641343,668930,687401,642715,694192,669003,686217,55.4,,,,,,,,55,3,Sinker,4,3,4,3,3,4,4,3,Standard,Standard,137,-0.007,-0.059,,,,,0.059,,1,1,0.789,0.789,26,23,26,24,1,3,81.0,1,4,2.0,1.77,1.26,1.26,46.9,,,,,,pitcher
SI,2024-08-25,96.1,0.76,6.64,"Ashby, Aaron",671732,676879,,ball,,,,,13,,R,L,L,ATH,MIL,B,,,0,1,2024,1.09,0.65,-1.076600929837341,1.6654050739980315,,,687231.0,1,7,Bot,,,,,,,-7.153161448038769,-139.6955317958599,-8.915083852762958,15.793405767059404,29.37148210217344,-21.82976599203895,3.4305242605512,1.6987661525798,,,,94.4,2229,5.2,745618,606992,641343,668930,687401,642715,694192,669003,686217,55.28,,,,,,,,55,2,Sinker,4,3,4,3,3,4,4,3,Standard,Standard,139,0.003,0.029,,,,,-0.029,,1,1,0.786,0.786,26,23,26,24,1,3,81.0,1,4,2.0,1.81,1.09,1.09,46.2,,,,,,pitcher
SI,2024-08-25,95.9,0.85,6.71,"Ashby, Aaron",671732,676879,,called_strike,,,,,4,,R,L,L,ATH,MIL,S,,,0,0,2024,0.91,0.28,-0.6706630303646389,2.3943938199040824,,,687231.0,1,7,Bot,,,,,,,-5.9173114201847845,-139.58452369991323,-6.346391466771963,13.14641861128852,28.77842113405554,-27.349206131710822,3.42963850996367,1.67130791757606,,,,94.0,1995,5.0,745618,606992,641343,668930,687401,642715,694192,669003,686217,55.53,,,,,,,,55,1,Sinker,4,3,4,3,3,4,4,3,Standard,Standard,142,-0.004,-0.04,,,,,0.04,,1,1,0.79,0.79,26,23,26,24,1,3,81.0,1,4,2.0,2.18,0.91,0.91,48.3,,,,,,pitcher
CU,2024-08-25,82.4,0.89,6.51,"Ashby, Aaron",680474,676879,strikeout,swinging_strike,,,,,13,Max Schuemann strikes out swinging.,R,R,L,ATH,MIL,S,2.0,,2,2,2024,-0.53,-1.55,-0.6080725047127431,1.4299932931431991,,,687231.0,0,7,Bot,,,,,,,-2.3290667087590275,-120.0311909310795,-1.9722637706484747,-4.638386094407303,25.084039039614144,-46.86850501305408,3.43,1.67,,,,80.7,2669,5.3,745618,606992,641343,668930,687401,642715,694192,669003,686217,55.25,,0.0,0.0,1.0,0.0,0.0,,54,5,Curveball,4,3,4,3,3,4,4,3,Standard,Standard,342,-0.023,-0.228,68.6,7.3,1.101908664,,0.228,,1,1,0.813,0.813,26,27,26,27,1,2,81.0,1,4,2.0,4.92,-0.53,0.53,48.7,18.57000673083941,-24.728636007796947,38.54923289585121,30.00971773168393,42.42777978323507,pitcher
SI,2024-08-25,95.7,0.96,6.68,"Ashby, Aaron",680474,676879,,foul,,,,,6,,R,R,L,ATH,MIL,S,,,2,1,2024,1.36,0.7,0.7613099982583246,2.660591175984487,,,687231.0,0,7,Bot,,,,,,,-3.4950554564738567,-139.28786485536477,-6.457255684721545,18.55342010421768,30.385838787907925,-21.87751569199378,3.43,1.67,220.0,70.2,40.0,93.8,1988,5.1,745618,606992,641343,668930,687401,642715,694192,669003,686217,55.39,,,,,,,,54,4,Sinker,4,3,4,3,3,4,4,3,Standard,Standard,140,-0.008,-0.048,66.5,6.6,,,0.048,88.0,1,1,0.821,0.821,26,27,26,27,1,2,81.0,1,4,2.0,1.79,1.36,-1.36,47.2,15.707300502057183,12.761585626258178,31.919995381449837,47.09013667719381,24.34683327035672,pitcher
SI,2024-08-25,97.3,0.81,6.68,"Ashby, Aaron",680474,676879,,ball,,,,,11,,R,R,L,ATH,MIL,B,,,1,1,2024,1.43,0.63,-0.9361879096727652,2.9465225693611927,,,687231.0,0,7,Bot,,,,,,,-7.764906725044068,-141.3808650606057,-5.822043123287688,20.99602465352141,32.31754911030414,-22.51341036079606,3.32613822149967,1.60164113401168,,,,95.2,2034,5.1,745618,606992,641343,668930,687401,642715,694192,669003,686217,55.37,,,,,,,,54,3,Sinker,4,3,4,3,3,4,4,3,Standard,Standard,139,0.005,0.043,,,,,-0.043,,1,1,0.816,0.816,26,27,26,27,1,2,81.0,1,4,2.0,1.78,1.43,-1.43,56.0,,,,,,pitcher
CU,2024-08-25,80.9,0.95,6.56,"Ashby, Aaron",680474,676879,,ball,,,,,1,,R,R,L,ATH,MIL,B,,,0,1,2024,-0.7,-1.36,-0.6361912340736571,3.407700169606941,,,687231.0,0,7,Bot,,,,,,,-2.166385849859049,-117.84238816822334,2.1050587593452184,-6.138546202246837,22.293616202183745,-45.474266173556416,3.52797240791666,1.68633915415629,,,,79.4,2488,5.2,745618,606992,641343,668930,687401,642715,694192,669003,686217,55.32,,,,,,,,54,2,Curveball,4,3,4,3,3,4,4,3,Standard,Standard,333,0.003,0.034,,,,,-0.034,,1,1,0.813,0.813,26,27,26,27,1,2,81.0,1,4,2.0,4.84,-0.7,0.7,47.7,,,,,,pitcher
CU,2024-08-25,80.4,0.98,6.61,"Ashby, Aaron",680474,676879,,called_strike,,,,,7,,R,R,L,ATH,MIL,S,,,0,0,2024,-0.57,-1.44,-0.458865402099663,2.0385315117719207,,,687231.0,0,7,Bot,,,,,,,-2.064587698253578,-117.0617845090645,-0.7419715183058679,-4.840305640618929,22.46344323095749,-45.4622121671102,3.21860131035947,1.56473465958426,,,,79.0,2677,5.3,745618,606992,641343,668930,687401,642715,694192,669003,686217,55.21,,,,,,,,54,1,Curveball,4,3,4,3,3,4,4,3,Standard,Standard,336,-0.004,-0.042,,,,,0.042,,1,1,0.817,0.817,26,27,26,27,1,2,81.0,1,4,2.0,4.96,-0.57,0.57,49.9,,,,,,pitcher
SI,2024-08-25,95.9,0.9,6.63,"Ashby, Aaron",687231,676879,walk,ball,,,,,12,Darell Hernaiz walks.,R,R,L,ATH,MIL,B,,,3,1,2024,1.25,0.85,1.8562555554642293,3.287994350678781,,,,0,7,Bot,,,,,,,-0.2685115827553583,-139.57689583355676,-5.015411347143743,16.28588924242385,33.485461418975376,-20.157106709791517,3.57154682802521,1.59658032101963,,,,93.7,2121,5.1,745618,606992,641343,668930,687401,642715,694192,669003,686217,55.37,,0.689131,0.7,1.0,0.0,0.0,,53,5,Sinker,4,3,4,3,3,4,4,3,Standard,Standard,142,0.017,0.287,,,,,-0.287,,1,1,0.8,0.8,26,22,26,23,1,2,81.0,2,4,30.0,1.64,1.25,-1.25,47.2,,,,,,pitcher
SI,2024-08-25,95.9,0.81,6.67,"Ashby, Aaron",687231,676879,,ball,,,,,12,,R,R,L,ATH,MIL,B,,,2,1,2024,1.16,0.42,2.1408450515109205,3.797024966883965,,,,0,7,Bot,,,,,,,0.8968803193765756,-139.80493298472012,-2.949119693806211,15.06293867426428,30.097033062405213,-26.255932843641627,3.53948115371647,1.56411389101279,,,,94.2,1885,5.1,745618,606992,641343,668930,687401,642715,694192,669003,686217,55.43,,,,,,,,53,4,Sinker,4,3,4,3,3,4,4,3,Standard,Standard,141,0.008,0.122,,,,,-0.122,,1,1,0.792,0.792,26,22,26,23,1,2,81.0,2,4,30.0,2.04,1.16,-1.16,46.1,,,,,,pitcher
SI,2024-08-25,94.4,0.76,6.62,"Ashby, Aaron",687231,676879,,called_strike,,,,,8,,R,R,L,ATH,MIL,S,,,2,0,2024,0.88,0.42,0.0813483582973988,1.772149423456509,,,,0,7,Bot,,,,,,,-3.63283547050171,-137.4196042090992,-7.80841206097678,11.912324550968894,25.65493686735994,-25.47622135526019,3.50964633072375,1.561261463719,,,,93.1,2024,5.1,745618,606992,641343,668930,687401,642715,694192,669003,686217,55.36,,,,,,,,53,3,Sinker,4,3,4,3,3,4,4,3,Standard,Standard,142,-0.005,-0.065,,,,,0.065,,1,1,0.797,0.797,26,22,26,23,1,2,81.0,2,4,30.0,2.1,0.88,-0.88,44.4,,,,,,pitcher
CU,2024-08-25,78.9,1.0,6.63,"Ashby, Aaron",687231,676879,,ball,,,,,12,,R,R,L,ATH,MIL,B,,,1,0,2024,-0.85,-1.42,1.5480237178209637,4.379744674478322,,,,0,7,Bot,,,,,,,2.6876667597695274,-114.75236124322691,4.478668548769256,-7.98109914784488,23.21887698336449,-45.74999823024885,3.53298098281514,1.53015360695061,,,,76.8,2572,5.0,745618,606992,641343,668930,687401,642715,694192,669003,686217,55.45,,,,,,,,53,2,Curveball,4,3,4,3,3,4,4,3,Standard,Standard,332,0.005,0.069,,,,,-0.069,,1,1,0.792,0.792,26,22,26,23,1,2,81.0,2,4,30.0,5.11,-0.85,0.85,54.3,,,,,,pitcher
SI,2024-08-25,96.4,1.04,6.64,"Ashby, Aaron",687231,676879,,ball,,,,,12,,R,R,L,ATH,MIL,B,,,0,0,2024,1.44,0.81,1.5698856294440278,4.474073117932584,,,,0,7,Bot,,,,,,,-1.81115883113592,-140.34520879848023,-1.9534360786348652,19.369180114822846,34.20494120686929,-21.2987820189508,3.51337292901615,1.56387917317733,,,,94.1,2102,5.1,745618,606992,641343,668930,687401,642715,694192,669003,686217,55.43,,,,,,,,53,1,Sinker,4,3,4,3,3,4,4,3,Standard,Standard,139,0.003,0.038,,,,,-0.038,,1,1,0.789,0.789,26,22,26,23,1,2,81.0,2,4,30.0,1.66,1.44,-1.44,46.0,,,,,,pitcher
SI,2024-06-05,95.6,0.93,6.56,"Ashby, Aaron",547180,676879,strikeout,called_strike,,,,,13,Bryce Harper called out on strikes.,R,L,L,PHI,MIL,S,2.0,,1,2,2024,1.46,0.43,-0.6182021824193906,1.5483937801202567,,,,2,5,Bot,,,,,,,-7.205683392442985,-138.8560086765916,-8.397968483523078,20.443147668431333,31.42639044094837,-24.85799923537124,3.36257859504068,1.67741369782038,,,,93.9,2082,5.4,745570,596142,656555,668930,687401,642715,592885,663368,686217,55.08,,0.0,0.0,1.0,0.0,0.0,,37,4,Sinker,2,0,2,0,0,2,2,0,Infield shade,Standard,141,-0.005,-0.18,,,,,0.18,,2,2,0.784,0.784,26,31,26,32,3,2,58.0,1,81,3.0,2.07,1.46,1.46,43.1,,,,,,pitcher
SI,2024-06-05,95.4,1.02,6.58,"Ashby, Aaron",547180,676879,,foul,,,,,12,,R,L,L,PHI,MIL,S,,,1,1,2024,1.33,0.72,0.6932060815470146,3.707407107139344,,,,2,5,Bot,,,,,,,-3.7911855063395663,-138.82509768616555,-3.4458395190006725,18.072300507891423,33.85704186011907,-22.30833747723078,3.26,1.67,8.0,78.5,-24.0,93.3,2151,5.3,745570,596142,656555,668930,687401,642715,592885,663368,686217,55.23,,,,,,,,37,3,Sinker,2,0,2,0,0,2,2,0,Infield shade,Standard,139,-0.002,-0.064,32.5,4.3,,,0.064,88.0,2,2,0.786,0.786,26,31,26,32,3,2,58.0,1,81,3.0,1.8,1.33,1.33,44.7,-9.931718849272311,55.24492821640365,33.41904779053886,29.2338224561818,0.5286293225704934,pitcher
CH,2024-06-05,88.7,1.02,6.46,"Ashby, Aaron",547180,676879,,ball,,,,,14,,R,L,L,PHI,MIL,B,,,0,1,2024,1.14,0.8,0.5106938786279012,0.660261422698486,,,,2,5,Bot,,,,,,,-3.555581168939028,-128.81752428899426,-9.591189707321716,13.433695545590703,27.601233472092,-21.403746956271245,3.35638493312353,1.67000700627331,,,,87.1,1553,5.4,745570,596142,656555,668930,687401,642715,592885,663368,686217,55.06,,,,,,,,37,2,Changeup,2,0,2,0,0,2,2,0,Infield shade,Standard,135,0.001,0.029,,,,,-0.029,,2,2,0.785,0.785,26,31,26,32,3,2,58.0,1,81,3.0,2.11,1.14,1.14,40.8,,,,,,pitcher
SI,2024-06-05,94.5,0.84,6.65,"Ashby, Aaron",547180,676879,,called_strike,,,,,4,,R,L,L,PHI,MIL,S,,,0,0,2024,1.38,0.88,-0.7722120211650034,2.713601590416811,,,,2,5,Bot,,,,,,,-7.138683251846267,-137.3362321114458,-6.39608177174588,19.053894903057245,31.704076072808743,-19.72610035878989,3.27151762988973,1.70858550393984,,,,92.7,2135,5.4,745570,596142,656555,668930,687401,642715,592885,663368,686217,55.14,,,,,,,,37,1,Sinker,2,0,2,0,0,2,2,0,Infield shade,Standard,142,-0.001,-0.041,,,,,0.041,,2,2,0.786,0.786,26,31,26,32,3,2,58.0,1,81,3.0,1.68,1.38,1.38,44.3,,,,,,pitcher
CH,2024-06-05,90.0,1.01,6.61,"Ashby, Aaron",592206,676879,home_run,hit_into_play,,,,,8,Nick Castellanos homers (8) on a fly ball to left center field. Garrett Stubbs scores.,R,R,L,PHI,MIL,X,,fly_ball,0,1,2024,1.16,0.31,-0.0329954775032208,1.9589862516217047,596117.0,,,2,5,Bot,73.13,45.26,,,,,-4.950323194201123,-130.99629110209088,-6.131178280611216,14.425260240742888,27.17185402913934,-27.54757356168893,3.89,1.84,402.0,103.1,25.0,88.5,1726,5.3,745570,596142,656555,668930,687401,642715,592885,663368,686217,55.21,0.675,1.2717833333333333,2.0,1.0,0.0,3.0,6.0,36,2,Changeup,0,0,0,0,0,2,2,0,Standard,Standard,131,0.24,1.49,78.5,8.4,,2.449,-1.49,103.1,0,0,0.546,0.546,26,32,26,32,3,2,58.0,1,81,3.0,2.5,1.16,-1.16,44.7,17.882045894119962,-10.67918263180145,44.2612813345301,35.54009111877976,30.86846844548826,pitcher
CU,2024-06-05,80.1,0.96,6.62,"Ashby, Aaron",592206,676879,,called_strike,,,,,2,,R,R,L,PHI,MIL,S,,,0,0,2024,-0.74,-1.32,-0.123327931763971,3.275412509422507,596117.0,,,2,5,Bot,,,,,,,-0.9852157796156124,-116.63364127291445,1.7846623054536122,-6.528274747471106,23.80954523457171,-44.735933551250845,3.87224086538531,1.94042537731313,,,,78.4,2632,5.2,745570,596142,656555,668930,687401,642715,592885,663368,686217,55.25,,,,,,,,36,1,Curveball,0,0,0,0,0,0,0,0,Standard,Standard,323,-0.008,-0.039,,,,,0.039,,0,0,0.554,0.554,26,32,26,32,3,2,58.0,1,81,3.0,4.89,-0.74,0.74,45.7,,,,,,pitcher
CH,2024-06-05,88.4,1.03,6.55,"Ashby, Aaron",656941,676879,grounded_into_double_play,hit_into_play,,,,,6,"Kyle Schwarber grounds into a double play, second baseman Brice Turang to shortstop Willy Adames to first baseman Rhys Hoskins. Garrett Stubbs to 3rd. Cristian Pache out at 2nd. Kyle Schwarber out at 1st.",R,L,L,PHI,MIL,X,4.0,ground_ball,0,1,2024,1.16,0.5,0.2801259116563441,2.175518677087357,,596117.0,665506.0,0,5,Bot,152.28,158.31,,,,,-4.163815840127919,-128.65447304697275,-5.57218187998251,13.742638393727969,25.29013061828624,-25.74298327305074,3.32,1.61,9.0,104.5,-13.0,87.1,1605,5.3,745570,596142,656555,668930,687401,642715,592885,663368,686217,55.19,0.242,0.255,0.0,1.0,0.0,0.0,2.0,35,2,Changeup,0,0,0,0,0,0,0,0,Standard,Standard,130,-0.117,-0.272,78.2,7.5,,0.242,0.272,104.5,0,0,0.671,0.671,26,31,26,31,3,2,58.0,1,81,3.0,2.41,1.16,1.16,43.7,10.17671616393429,-2.3059175916986283,29.922400126028368,32.62483715614855,28.64513434112809,pitcher
SI,2024-06-05,94.9,0.89,6.64,"Ashby, Aaron",656941,676879,,foul_tip,,,,,1,,R,L,L,PHI,MIL,S,,,0,0,2024,1.26,0.79,-0.547761819826875,2.7915387689144726,,596117.0,665506.0,0,5,Bot,,,,,,,-6.440276527571427,-137.98124638305376,-6.08409351226574,17.491197965448798,29.258010927529195,-20.97408059796697,3.32,1.61,,,,93.4,2039,5.3,745570,596142,656555,668930,687401,642715,592885,663368,686217,55.17,,,,,,,,35,1,Sinker,0,0,0,0,0,0,0,0,Standard,Standard,142,-0.009,-0.044,76.1,7.7,,,0.044,,0,0,0.68,0.68,26,31,26,31,3,2,58.0,1,81,3.0,1.74,1.26,1.26,44.0,16.118621291125624,1.7431061278034252,28.77491406628913,42.24007652082064,26.01617750030118,pitcher
CH,2024-06-05,88.5,1.1,6.6,"Ashby, Aaron",665506,676879,walk,ball,,,,,14,Cristian Pache walks. Garrett Stubbs to 2nd.,R,R,L,PHI,MIL,B,,,3,2,2024,1.43,0.3,1.3465583158584753,2.0449541551028365,,,596117.0,0,5,Bot,,,,,,,-2.323439187534403,-128.8711610498647,-5.58903795881101,16.40008258133654,26.4972812496805,-27.884552733209027,3.47128273236394,1.5873034725992,,,,86.9,1557,5.2,745570,596142,656555,668930,687401,642715,592885,663368,686217,55.29,,0.689131,0.7,1.0,0.0,0.0,,34,6,Changeup,0,0,0,0,0,0,0,0,Standard,Standard,132,0.057,0.291,,,,,-0.291,,0,0,0.623,0.623,26,25,26,26,2,1,58.0,1,81,3.0,2.6,1.43,-1.43,42.4,,,,,,pitcher
SI,2024-06-05,94.9,0.87,6.67,"Ashby, Aaron",665506,676879,,ball,,,,,11,,R,R,L,PHI,MIL,B,,,2,2,2024,1.2,0.96,-0.6417061273853193,3.8083622690336014,,,596117.0,0,5,Bot,,,,,,,-6.494817265547446,-138.10875296619488,-3.940275449486924,16.79078167507376,29.28141639540948,-19.166430386457147,3.49932487411631,1.58929620779086,,,,93.3,2230,5.2,745570,596142,656555,668930,687401,642715,592885,663368,686217,55.3,,,,,,,,34,5,Sinker,0,0,0,0,0,0,0,0,Standard,Standard,141,0.017,0.117,,,,,-0.117,,0,0,0.606,0.606,26,25,26,26,2,1,58.0,1,81,3.0,1.56,1.2,-1.2,45.7,,,,,,pitcher
SL,2024-06-05,81.8,1.16,6.47,"Ashby, Aaron",665506,676879,,ball,,,,,12,,R,R,L,PHI,MIL,B,,,1,2,2024,-0.62,-0.48,0.6597328677805391,3.7925630439074314,,,596117.0,0,5,Bot,,,,,,,0.0528439785981795,-119.18267549042376,1.3354780520142462,-5.949159026571438,21.099912605865114,-37.22654947929637,3.32784552203538,1.52022044208735,,,,80.6,2531,5.2,745570,596142,656555,668930,687401,642715,592885,663368,686217,55.28,,,,,,,,34,4,Slider,0,0,0,0,0,0,0,0,Standard,Standard,325,0.006,0.045,,,,,-0.045,,0,0,0.6,0.6,26,25,26,26,2,1,58.0,1,81,3.0,3.86,-0.62,0.62,39.2,,,,,,pitcher
CH,2024-06-05,86.6,0.95,6.58,"Ashby, Aaron",665506,676879,,blocked_ball,,,,,13,,R,R,L,PHI,MIL,B,,,0,2,2024,1.07,0.66,-0.6023443675668088,0.6923694541417846,,,596117.0,0,5,Bot,,,,,,,-5.718112408867042,-125.76829862261312,-9.031463590178223,12.4497520419042,24.156597692615836,-23.529023831051592,3.47813916822193,1.61951556703168,,,,84.8,1558,5.1,745570,596142,656555,668930,687401,642715,592885,663368,686217,55.38,,,,,,,,34,3,Changeup,0,0,0,0,0,0,0,0,Standard,Standard,133,0.005,0.033,,,,,-0.033,,0,0,0.595,0.595,26,25,26,26,2,1,58.0,1,81,3.0,2.37,1.07,-1.07,42.5,,,,,,pitcher
SI,2024-06-05,95.5,1.01,6.71,"Ashby, Aaron",665506,676879,,foul,,,,,5,,R,R,L,PHI,MIL,S,,,0,1,2024,1.29,0.8,0.098452597613722,2.841635557005737,,,596117.0,0,5,Bot,,,,,,,-5.196751146235923,-138.8966850596489,-6.267785334590532,17.82535608310449,31.30443885287633,-20.54193119290788,3.54,1.63,208.0,75.7,54.0,93.8,2200,5.3,745570,596142,656555,668930,687401,642715,592885,663368,686217,55.16,,,,,,,,34,2,Sinker,0,0,0,0,0,0,0,0,Standard,Standard,144,-0.011,-0.048,69.1,7.2,,,0.048,88.0,0,0,0.606,0.606,26,25,26,26,2,1,58.0,1,81,3.0,1.7,1.29,-1.29,46.3,5.091438829865065,6.392544882791211,31.93460780702337,38.35571653291151,22.34834063079605,pitcher
CU,2024-06-05,78.7,1.09,6.58,"Ashby, Aaron",665506,676879,,foul_bunt,,,,,4,,R,R,L,PHI,MIL,S,,,0,0,2024,-0.68,-1.31,-0.309284920956828,2.728317818868246,,,596117.0,0,5,Bot,,,,,,,-1.746395085656874,-114.59360511183208,0.9010635510594396,-5.637530302493146,23.20563690674365,-44.06770386999885,3.54,1.63,,,,77.0,2732,5.3,745570,596142,656555,668930,687401,642715,592885,663368,686217,55.22,,,,,,,,34,1,Curveball,0,0,0,0,0,0,0,0,Standard,Standard,329,-0.007,-0.042,9.9,1.8,,,0.042,88.0,0,0,0.613,0.613,26,25,26,26,2,1,58.0,1,81,3.0,5.02,-0.68,0.68,46.3,-36.63928918911732,-159.0449368516665,76.85197847581355,39.27819074736084,45.13281650499766,pitcher
SI,2024-06-05,94.6,0.94,6.61,"Ashby, Aaron",596117,676879,walk,blocked_ball,,,,,13,Garrett Stubbs walks.,R,L,L,PHI,MIL,B,,,3,0,2024,1.25,0.96,-0.7521904270290214,0.7340227341231322,,,,0,5,Bot,,,,,,,-7.061522265183804,-137.13932250714876,-11.53537690129933,17.321637816234592,31.49977495100892,-17.528308384799782,2.84934285135356,1.36456845568554,,,,92.9,2029,5.6,745570,596142,656555,668930,687401,642715,592885,663368,686217,54.95,,0.689131,0.7,1.0,0.0,0.0,,33,4,Sinker,0,0,0,0,0,0,0,0,Standard,Standard,141,0.018,0.197,,,,,-0.197,,0,0,0.595,0.595,26,31,26,31,2,1,58.0,3,81,6.0,1.61,1.25,1.25,49.4,,,,,,pitcher
SI,2024-06-05,94.0,0.94,6.71,"Ashby, Aaron",596117,676879,,ball,,,,,12,,R,L,L,PHI,MIL,B,,,2,0,2024,1.22,1.0,0.0430071184637426,3.4418435050994134,,,,0,5,Bot,,,,,,,-4.936644237035233,-136.74754316924765,-4.8508629657474,16.452686757595043,31.40122557968268,-18.814438883899463,2.86354232834021,1.37853617919039,,,,92.1,2092,5.2,745570,596142,656555,668930,687401,642715,592885,663368,686217,55.27,,,,,,,,33,3,Sinker,0,0,0,0,0,0,0,0,Standard,Standard,139,0.014,0.147,,,,,-0.147,,0,0,0.581,0.581,26,31,26,31,2,1,58.0,3,81,6.0,1.59,1.22,1.22,44.5,,,,,,pitcher
SL,2024-06-05,80.4,1.28,6.51,"Ashby, Aaron",596117,676879,,ball,,,,,11,,R,L,L,PHI,MIL,B,,,1,0,2024,-0.84,0.31,-1.1065716769202645,3.4557491245236296,,,,0,5,Bot,,,,,,,-3.6310673759197054,-117.06362663122636,-0.6375976650208176,-6.941895659183942,23.487919956438468,-29.466320730738296,2.88384596688837,1.34820052835904,,,,78.7,2419,5.2,745570,596142,656555,668930,687401,642715,592885,663368,686217,55.27,,,,,,,,33,2,Slider,0,0,0,0,0,0,0,0,Standard,Standard,334,0.009,0.069,,,,,-0.069,,0,0,0.572,0.572,26,31,26,31,2,1,58.0,3,81,6.0,3.23,-0.84,-0.84,42.0,,,,,,pitcher
SI,2024-06-05,94.3,0.95,6.72,"Ashby, Aaron",596117,676879,,ball,,,,,11,,R,L,L,PHI,MIL,B,,,0,0,2024,1.43,0.87,-0.8160795629231581,3.2559787277263217,,,,0,5,Bot,,,,,,,-7.596645371618891,-136.97733461717968,-5.087279135265522,19.7067004410876,33.059866545205935,-20.285884471882465,2.9761661267457,1.41532204682005,,,,92.1,2060,5.3,745570,596142,656555,668930,687401,642715,592885,663368,686217,55.24,,,,,,,,33,1,Sinker,0,0,0,0,0,0,0,0,Standard,Standard,143,0.005,0.038,,,,,-0.038,,0,0,0.567,0.567,26,31,26,31,2,1,58.0,3,81,6.0,1.72,1.43,1.43,44.5,,,,,,pitcher
CH,2024-06-05,89.3,1.13,6.58,"Ashby, Aaron",593160,676879,field_out,hit_into_play,,,,,13,"Whit Merrifield grounds out, third baseman Joey Ortiz to first baseman Rhys Hoskins.",R,R,L,PHI,MIL,X,5.0,ground_ball,1,2,2024,1.31,0.24,-0.0124402591072443,0.9948962452040412,,,,2,4,Bot,108.6,163.4,,,,,-5.434597422453705,-129.83917030847152,-8.121444817383324,15.901595443475598,25.34905528089771,-28.02980352923396,3.38,1.56,2.0,76.8,-34.0,87.7,1848,5.2,745570,596142,656555,668930,687401,642715,592885,663368,686217,55.31,0.044,0.092,0.0,1.0,0.0,0.0,2.0,29,4,Changeup,0,0,0,0,0,0,0,0,Standard,Standard,131,-0.009,-0.18,64.3,7.0,,0.048,0.18,88.0,0,0,0.509,0.509,26,35,26,35,2,1,58.0,3,81,3.0,2.61,1.31,-1.31,42.5,10.806472964334471,-0.3930687681082183,44.77960103216856,35.39271538469444,30.677573568556188,pitcher
CH,2024-06-05,89.4,1.07,6.58,"Ashby, Aaron",593160,676879,,ball,,,,,13,,R,R,L,PHI,MIL,B,,,0,2,2024,1.2,0.28,-0.6409536734282688,-0.4693332230660512,,,,2,4,Bot,,,,,,,-6.613543338672825,-129.64894876586007,-11.662223746820494,14.9654194422021,28.210323151243664,-26.669840101461112,3.45782429573493,1.61707885701578,,,,87.5,1631,5.3,745570,596142,656555,668930,687401,642715,592885,663368,686217,55.16,,,,,,,,29,3,Changeup,0,0,0,0,0,0,0,0,Standard,Standard,133,0.001,0.023,,,,,-0.023,,0,0,0.508,0.508,26,35,26,35,2,1,58.0,3,81,3.0,2.6,1.2,-1.2,42.7,,,,,,pitcher
SI,2024-06-05,95.0,0.98,6.62,"Ashby, Aaron",593160,676879,,swinging_strike,,,,,14,,R,R,L,PHI,MIL,S,,,0,1,2024,1.5,0.46,0.132167645533211,1.3582659160259034,,,,2,4,Bot,,,,,,,-5.446538533200932,-137.95058695042906,-8.895113808248796,20.307079627717624,34.14874077755876,-24.398375320578943,3.38,1.56,,,,92.8,2256,5.3,745570,596142,656555,668930,687401,642715,592885,663368,686217,55.15,,,,,,,,29,2,Sinker,0,0,0,0,0,0,0,0,Standard,Standard,142,-0.003,-0.058,67.8,7.4,1.3086762,,0.058,,0,0,0.511,0.511,26,35,26,35,2,1,58.0,3,81,3.0,2.1,1.5,-1.5,43.9,20.45191104599361,-11.37400773114354,43.11432642075796,36.84719494355154,39.72923739486898,pitcher
CU,2024-06-05,81.8,1.07,6.58,"Ashby, Aaron",593160,676879,,called_strike,,,,,6,,R,R,L,PHI,MIL,S,,,0,0,2024,-0.75,-1.42,0.8197747762576164,2.3229170203788723,,,,2,4,Bot,,,,,,,0.8593871340762493,-119.00902928142854,-0.1887350538789425,-7.198088546149916,26.93150785167675,-45.739549089159766,3.36733328581981,1.54281731477187,,,,79.9,2762,5.4,745570,596142,656555,668930,687401,642715,592885,663368,686217,55.12,,,,,,,,29,1,Curveball,0,0,0,0,0,0,0,0,Standard,Standard,329,-0.002,-0.041,,,,,0.041,,0,0,0.513,0.513,26,35,26,35,2,1,58.0,3,81,3.0,4.88,-0.75,0.75,43.6,,,,,,pitcher
SL,2024-06-05,81.0,1.32,6.58,"Ashby, Aaron",624641,676879,field_out,hit_into_play,,,,,5,"Edmundo Sosa grounds out, third baseman Joey Ortiz to first baseman Rhys Hoskins.",R,R,L,PHI,MIL,X,5.0,ground_ball,3,2,2024,-0.84,-0.26,-0.0142358068927342,2.375625419175433,,,,1,4,Bot,95.0,169.54,,,,,-1.3534651078183502,-117.9065322186068,-2.184768294026598,-7.511507011922719,24.49480512416488,-34.35637786724685,3.59,1.74,16.0,76.2,-8.0,79.1,2578,5.1,745570,596142,656555,668930,687401,642715,592885,663368,686217,55.36,0.088,0.079,0.0,1.0,0.0,0.0,2.0,28,8,Slider,0,0,0,0,0,0,0,0,Standard,Standard,334,-0.024,-0.332,70.9,8.1,,0.132,0.332,88.0,0,0,0.537,0.537,26,28,26,28,2,1,58.0,1,81,3.0,3.76,-0.84,0.84,41.1,16.292704827944966,-10.450732552861489,35.20673739809464,33.45336801749646,33.2244578226283,pitcher
CH,2024-06-05,89.2,1.12,6.51,"Ashby, Aaron",624641,676879,,foul,,,,,14,,R,R,L,PHI,MIL,S,,,3,2,2024,1.12,0.83,0.3588650665735504,1.008372033063015,,,,1,4,Bot,,,,,,,-4.141495908218391,-129.55351136191513,-9.0633973414731,13.524019585980064,27.22074351477688,-21.09117511123921,3.59,1.74,133.0,69.4,73.0,87.5,1566,5.3,745570,596142,656555,668930,687401,642715,592885,663368,686217,55.16,,,,,,,,28,7,Changeup,0,0,0,0,0,0,0,0,Standard,Standard,136,0.0,0.0,63.3,9.6,,,0.0,88.0,0,0,0.537,0.537,26,28,26,28,2,1,58.0,1,81,3.0,2.04,1.12,-1.12,42.5,12.879496943529183,-31.088625023469163,44.16868580856913,37.44304036523948,41.79646965254484,pitcher
SI,2024-06-05,95.4,0.86,6.67,"Ashby, Aaron",624641,676879,,ball,,,,,13,,R,R,L,PHI,MIL,B,,,2,2,2024,1.23,0.71,-1.77126586194589,1.6674782756800726,,,,1,4,Bot,,,,,,,-9.477424551585472,-138.38854147459546,-8.902775377928984,18.007716482898193,32.08163417895429,-21.185872036610757,3.57054796144463,1.73346160694712,,,,93.4,2093,5.3,745570,596142,656555,668930,687401,642715,592885,663368,686217,55.15,,,,,,,,28,6,Sinker,0,0,0,0,0,0,0,0,Standard,Standard,135,0.007,0.108,,,,,-0.108,,0,0,0.53,0.53,26,28,26,28,2,1,58.0,1,81,3.0,1.82,1.23,-1.23,45.9,,,,,,pitcher
CH,2024-06-05,88.2,1.23,6.52,"Ashby, Aaron",624641,676879,,foul,,,,,14,,R,R,L,PHI,MIL,S,,,2,2,2024,1.37,0.34,1.7648429543193442,2.3821894278080715,,,,1,4,Bot,,,,,,,-1.5073845267396937,-128.35962412348604,-4.575207244289373,15.397960249342663,28.69231449869668,-27.600180211975346,3.59,1.74,2.0,61.8,-55.0,86.3,1759,5.3,745570,596142,656555,668930,687401,642715,592885,663368,686217,55.23,,,,,,,,28,5,Changeup,0,0,0,0,0,0,0,0,Standard,Standard,129,0.0,0.0,65.4,9.2,,,0.0,88.0,0,0,0.53,0.53,26,28,26,28,2,1,58.0,1,81,3.0,2.6,1.37,-1.37,39.5,20.60228866695117,-17.361220703810403,26.175667009576088,54.035748961574456,37.50135800144474,pitcher
SL,2024-06-05,80.6,1.23,6.59,"Ashby, Aaron",624641,676879,,ball,,,,,12,,R,R,L,PHI,MIL,B,,,1,2,2024,-1.02,-0.73,1.432649663792995,2.8934641882254395,,,,1,4,Bot,,,,,,,2.3475457784382177,-117.39030121427442,-0.1416150534382716,-9.875819368202135,24.434281738274294,-39.100553354334615,3.50774422509244,1.74907296815283,,,,78.7,2662,5.2,745570,596142,656555,668930,687401,642715,592885,663368,686217,55.35,,,,,,,,28,4,Slider,0,0,0,0,0,0,0,0,Standard,Standard,325,0.003,0.043,,,,,-0.043,,0,0,0.527,0.527,26,28,26,28,2,1,58.0,1,81,3.0,4.26,-1.02,1.02,41.2,,,,,,pitcher
SI,2024-06-05,94.6,0.86,6.66,"Ashby, Aaron",624641,676879,,called_strike,,,,,4,,R,R,L,PHI,MIL,S,,,1,1,2024,1.4,0.69,-0.4932552182852647,2.62401649209283,,,,1,4,Bot,,,,,,,-6.511998528841134,-137.52790107407728,-6.23437248470294,19.183141779518472,32.80753094757181,-22.15002887288503,3.50333298730748,1.69221782683427,,,,92.7,2144,5.4,745570,596142,656555,668930,687401,642715,592885,663368,686217,55.12,,,,,,,,28,3,Sinker,0,0,0,0,0,0,0,0,Standard,Standard,143,-0.005,-0.061,,,,,0.061,,0,0,0.532,0.532,26,28,26,28,2,1,58.0,1,81,3.0,1.88,1.4,-1.4,43.5,,,,,,pitcher
CH,2024-06-05,87.7,0.97,6.54,"Ashby, Aaron",624641,676879,,swinging_strike,,,,,9,,R,R,L,PHI,MIL,S,,,1,0,2024,1.23,0.77,0.6088195074704892,2.25294251058419,,,,1,4,Bot,,,,,,,-3.338431645630414,-127.54322967894085,-5.702128787365387,14.046172295683968,27.8387406003802,-22.74514780237213,3.59,1.74,,,,85.8,1565,5.2,745570,596142,656555,668930,687401,642715,592885,663368,686217,55.26,,,,,,,,28,2,Changeup,0,0,0,0,0,0,0,0,Standard,Standard,137,-0.004,-0.051,75.0,9.8,3.862178016,,0.051,,0,0,0.536,0.536,26,28,26,28,2,1,58.0,1,81,3.0,2.21,1.23,-1.23,43.1,25.94527418096748,-40.78802803775202,33.991007905503515,40.11358893033501,51.31226024730917,pitcher
SL,2024-06-05,80.5,1.32,6.44,"Ashby, Aaron",624641,676879,,ball,,,,,12,,R,R,L,PHI,MIL,B,,,0,0,2024,-0.87,-0.3,1.4843201790863003,2.9685898351055564,,,,1,4,Bot,,,,,,,1.9819177520907276,-117.14910864969843,-0.3776286045866919,-8.381227743204551,25.314302459856112,-35.08025306964472,3.53125748143094,1.72003713188629,,,,78.7,2553,5.3,745570,596142,656555,668930,687401,642715,592885,663368,686217,55.17,,,,,,,,28,1,Slider,0,0,0,0,0,0,0,0,Standard,Standard,326,0.003,0.039,,,,,-0.039,,0,0,0.533,0.533,26,28,26,28,2,1,58.0,1,81,3.0,3.86,-0.87,0.87,40.0,,,,,,pitcher
SL,2024-06-05,82.1,1.08,6.54,"Ashby, Aaron",681082,676879,field_out,hit_into_play,,,,,4,"Bryson Stott grounds out, shortstop Willy Adames to first baseman Rhys Hoskins.",R,L,L,PHI,MIL,X,6.0,ground_ball,1,2,2024,-0.75,-0.36,-0.3392163107321259,2.1753991083137905,,,,0,4,Bot,114.69,153.73,,,,,-1.7332286698567874,-119.51576244877631,-2.556091856900744,-6.755268475538867,25.517741394393408,-35.32074662446082,3.29,1.57,118.0,87.9,7.0,80.4,2628,5.3,745570,596142,656555,668930,687401,642715,592885,663368,686217,55.19,0.518,0.492,0.0,1.0,0.0,0.0,4.0,27,5,Slider,0,0,0,0,0,0,0,0,Strategic,Standard,328,-0.019,-0.186,69.3,6.8,,0.602,0.186,88.0,0,0,0.552,0.552,26,26,26,27,2,1,58.0,1,81,3.0,3.77,-0.75,-0.75,43.7,0.8444894126478482,7.667137079286025,31.70434505482948,38.544639575665286,23.95538011452699,pitcher
SI,2024-06-05,95.0,0.82,6.72,"Ashby, Aaron",681082,676879,,foul,,,,,2,,R,L,L,PHI,MIL,S,,,1,2,2024,1.43,0.77,-0.0951605181117776,3.2953553224892174,,,,0,4,Bot,,,,,,,-5.453931229866687,-138.1451819732548,-4.914785673291842,19.52365339581012,31.84174163891545,-21.373503082196265,3.29,1.57,7.0,92.5,-24.0,92.8,2184,5.1,745570,596142,656555,668930,687401,642715,592885,663368,686217,55.41,,,,,,,,27,4,Sinker,0,0,0,0,0,0,0,0,Standard,Standard,141,0.0,0.0,57.5,5.4,,,0.0,92.5,0,0,0.552,0.552,26,26,26,27,2,1,58.0,1,81,3.0,1.76,1.43,1.43,45.9,-10.203594862418289,39.82638426614044,20.730255398698645,35.860134493971046,4.811147639727231,pitcher
SI,2024-06-05,94.4,0.92,6.69,"Ashby, Aaron",681082,676879,,called_strike,,,,,4,,R,L,L,PHI,MIL,S,,,1,1,2024,1.35,0.73,-0.5538455990361548,2.604859566176565,,,,0,4,Bot,,,,,,,-6.682036720435283,-137.30204999477618,-6.461964607533338,18.53078271403509,30.421545004894348,-21.666488275995235,3.33109339613161,1.56645776823352,,,,92.6,2155,5.3,745570,596142,656555,668930,687401,642715,592885,663368,686217,55.24,,,,,,,,27,3,Sinker,0,0,0,0,0,0,0,0,Standard,Standard,141,-0.007,-0.056,,,,,0.056,,0,0,0.559,0.559,26,26,26,27,2,1,58.0,1,81,3.0,1.83,1.35,1.35,45.3,,,,,,pitcher
SL,2024-06-05,81.4,1.3,6.49,"Ashby, Aaron",681082,676879,,ball,,,,,14,,R,L,L,PHI,MIL,B,,,0,1,2024,-1.08,-0.52,1.69538021603019,2.3537296179999,,,,0,4,Bot,,,,,,,2.881479392772876,-118.41146396960544,-1.619264293388516,-10.648874212515777,24.719445920605114,-36.88958675740438,3.21411477179925,1.57811667134251,,,,79.4,2567,5.2,745570,596142,656555,668930,687401,642715,592885,663368,686217,55.35,,,,,,,,27,2,Slider,0,0,0,0,0,0,0,0,Standard,Standard,328,0.003,0.025,,,,,-0.025,,0,0,0.556,0.556,26,26,26,27,2,1,58.0,1,81,3.0,3.98,-1.08,-1.08,43.0,,,,,,pitcher
SI,2024-06-05,94.4,1.03,6.68,"Ashby, Aaron",681082,676879,,called_strike,,,,,4,,R,L,L,PHI,MIL,S,,,0,0,2024,1.41,0.64,-0.5474168595720725,2.658862052482232,,,,0,4,Bot,,,,,,,-7.087946199996261,-137.17854695885146,-6.081423330676032,19.347001661249223,29.60158792342716,-22.963667244721755,3.23535272412192,1.57469127374696,,,,92.7,2092,5.3,745570,596142,656555,668930,687401,642715,592885,663368,686217,55.21,,,,,,,,27,1,Sinker,0,0,0,0,0,0,0,0,Standard,Standard,141,-0.004,-0.037,,,,,0.037,,0,0,0.56,0.56,26,26,26,27,2,1,58.0,1,81,3.0,1.92,1.41,1.41,46.8,,,,,,pitcher
SL,2024-06-05,82.0,1.23,6.45,"Ashby, Aaron",664761,676879,force_out,hit_into_play,,,,,4,"Alec Bohm grounds into a force out, third baseman Joey Ortiz to second baseman Brice Turang. Bryce Harper out at 2nd.",R,R,L,PHI,MIL,X,5.0,ground_ball,3,1,2024,-1.0,-0.16,-0.5620359167985405,2.504386613121298,,,547180.0,2,3,Bot,104.03,164.42,,,,,-2.0799950138323875,-119.44051528357645,-2.0293138239702357,-9.101284724453771,23.80113887639023,-33.50472121000127,3.58,1.65,100.0,89.4,7.0,80.3,2509,5.2,745570,596142,656555,668930,687401,642715,592885,663368,686217,55.32,0.489,0.444,0.0,1.0,0.0,0.0,4.0,23,5,Slider,0,0,0,0,0,0,0,0,Standard,Standard,335,-0.035,-0.385,73.4,7.4,,0.546,0.385,89.4,0,0,0.535,0.535,26,27,26,28,2,1,58.0,1,81,3.0,3.55,-1.0,1.0,39.7,11.48614042433395,-5.117527379166653,25.926690699347592,30.69842428366872,38.6538253465658,pitcher
CH,2024-06-05,88.8,1.25,6.49,"Ashby, Aaron",664761,676879,,ball,,,,,11,,R,R,L,PHI,MIL,B,,,2,1,2024,1.25,0.28,-0.8462188133729791,3.0555650337626354,,,547180.0,2,3,Bot,,,,,,,-7.575856418820626,-129.1298266809596,-2.9069140720216966,15.515449812627278,26.744041765725708,-28.596328905664663,3.47543223044147,1.6194136902289,,,,87.3,1836,5.3,745570,596142,656555,668930,687401,642715,592885,663368,686217,55.16,,,,,,,,23,4,Changeup,0,0,0,0,0,0,0,0,Standard,Standard,129,0.007,0.078,,,,,-0.078,,0,0,0.528,0.528,26,27,26,28,2,1,58.0,1,81,3.0,2.61,1.25,-1.25,47.3,,,,,,pitcher
SI,2024-06-05,95.0,1.01,6.68,"Ashby, Aaron",664761,676879,,ball,,,,,12,,R,R,L,PHI,MIL,B,,,1,1,2024,1.2,1.04,0.6324621841139891,4.313991587143557,,,547180.0,2,3,Bot,,,,,,,-3.5991584801400265,-138.23752458162295,-2.7642076844643944,16.100217406469522,34.51159822850674,-18.56477529694669,3.52084521669757,1.69088279228303,,,,92.7,2116,5.2,745570,596142,656555,668930,687401,642715,592885,663368,686217,55.3,,,,,,,,23,3,Sinker,0,0,0,0,0,0,0,0,Standard,Standard,144,0.003,0.05,,,,,-0.05,,0,0,0.525,0.525,26,27,26,28,2,1,58.0,1,81,3.0,1.52,1.2,-1.2,45.2,,,,,,pitcher
SL,2024-06-05,82.7,1.25,6.49,"Ashby, Aaron",664761,676879,,called_strike,,,,,3,,R,R,L,PHI,MIL,S,,,1,0,2024,-0.88,-0.28,0.3708780479029921,3.5732830608998367,,,547180.0,2,3,Bot,,,,,,,-0.2735225479137091,-120.3961517713012,0.4121679219755894,-8.472155107871991,25.89987615412549,-35.18469439545861,3.52811870248017,1.62141911883596,,,,80.6,2598,5.1,745570,596142,656555,668930,687401,642715,592885,663368,686217,55.4,,,,,,,,23,2,Slider,0,0,0,0,0,0,0,0,Standard,Standard,327,-0.003,-0.048,,,,,0.048,,0,0,0.528,0.528,26,27,26,28,2,1,58.0,1,81,3.0,3.64,-0.88,0.88,38.2,,,,,,pitcher
CH,2024-06-05,87.9,1.03,6.48,"Ashby, Aaron",664761,676879,,blocked_ball,,,,,13,,R,R,L,PHI,MIL,B,,,0,0,2024,0.83,0.6,-1.4987610500908095,0.1104282934274125,,,547180.0,2,3,Bot,,,,,,,-7.689231014253731,-127.49128875313735,-10.315351630683748,10.712938631138792,27.223423561510145,-23.607528598367573,3.48318563771071,1.62702307920108,,,,86.0,1660,5.4,745570,596142,656555,668930,687401,642715,592885,663368,686217,55.14,,,,,,,,23,1,Changeup,0,0,0,0,0,0,0,0,Standard,Standard,123,0.002,0.034,,,,,-0.034,,0,0,0.526,0.526,26,27,26,28,2,1,58.0,1,81,3.0,2.38,0.83,-0.83,42.6,,,,,,pitcher
SI,2024-06-05,96.4,0.84,6.65,"Ashby, Aaron",547180,676879,walk,ball,,,,,4,Bryce Harper walks.,R,L,L,PHI,MIL,B,,,3,2,2024,1.33,0.75,-0.7979052748753919,2.392596521398808,,,,2,3,Bot,,,,,,,-7.26898349487972,-140.02454752761153,-7.296238717994655,19.16269559431049,34.00209893588351,-20.79006995835376,3.18931936303866,1.73252733904629,,,,94.7,2191,5.6,745570,596142,656555,668930,687401,642715,592885,663368,686217,54.92,,0.689131,0.7,1.0,0.0,0.0,,22,6,Sinker,0,0,0,0,0,0,0,0,Infield shade,Standard,142,0.012,0.267,,,,,-0.267,,0,0,0.514,0.514,26,31,26,32,2,1,58.0,1,81,3.0,1.73,1.33,1.33,46.0,,,,,,pitcher
SI,2024-06-05,95.1,0.82,6.67,"Ashby, Aaron",547180,676879,,called_strike,,,,,7,,R,L,L,PHI,MIL,S,,,3,1,2024,1.16,0.7,-0.6392523803350261,1.7830400215232998,,,,2,3,Bot,,,,,,,-6.306505179766539,-138.0921900638069,-8.519270507987347,16.305003281284755,32.39007041627307,-21.433798445883458,3.19027666917801,1.67466821516626,,,,93.1,2141,5.3,745570,596142,656555,668930,687401,642715,592885,663368,686217,55.17,,,,,,,,22,5,Sinker,0,0,0,0,0,0,0,0,Infield shade,Standard,140,-0.004,-0.089,,,,,0.089,,0,0,0.518,0.518,26,31,26,32,2,1,58.0,1,81,3.0,1.84,1.16,1.16,44.6,,,,,,pitcher
CH,2024-06-05,88.3,1.25,6.57,"Ashby, Aaron",547180,676879,,called_strike,,,,,3,,R,L,L,PHI,MIL,S,,,3,0,2024,1.38,0.25,0.6470917550486273,3.059928117207231,,,,2,3,Bot,,,,,,,-4.2329572026216695,-128.5687069220851,-2.916248445573391,16.16404706819205,28.14592008666147,-28.961447348725912,3.22259425458051,1.67608472094874,,,,86.5,1901,5.2,745570,596142,656555,668930,687401,642715,592885,663368,686217,55.3,,,,,,,,22,4,Changeup,0,0,0,0,0,0,0,0,Infield shade,Standard,129,-0.002,-0.058,,,,,0.058,,0,0,0.52,0.52,26,31,26,32,2,1,58.0,1,81,3.0,2.68,1.38,1.38,42.5,,,,,,pitcher
SI,2024-06-05,95.5,0.89,6.62,"Ashby, Aaron",547180,676879,,ball,,,,,13,,R,L,L,PHI,MIL,B,,,2,0,2024,1.48,0.43,-1.0751363690742184,1.8581766144149547,,,,2,3,Bot,,,,,,,-8.352731878189301,-138.59548679861885,-7.690079257088849,21.016535658061557,33.15127924767575,-24.94559260401548,3.26688670236565,1.68820653636264,,,,93.5,2189,5.4,745570,596142,656555,668930,687401,642715,592885,663368,686217,55.08,,,,,,,,22,3,Sinker,0,0,0,0,0,0,0,0,Infield shade,Standard,138,0.004,0.109,,,,,-0.109,,0,0,0.516,0.516,26,31,26,32,2,1,58.0,1,81,3.0,2.09,1.48,1.48,42.5,,,,,,pitcher
SL,2024-06-05,81.4,1.18,6.52,"Ashby, Aaron",547180,676879,,ball,,,,,13,,R,L,L,PHI,MIL,B,,,1,0,2024,-0.8,-0.76,-0.9918408102690572,1.8606814391231012,,,,2,3,Bot,,,,,,,-3.2902225970507297,-118.43889920918564,-2.3021560396692453,-6.748972872209297,25.11794747380612,-39.06192428005328,3.25596343565023,1.6851778214048,,,,79.6,2494,5.3,745570,596142,656555,668930,687401,642715,592885,663368,686217,55.19,,,,,,,,22,2,Slider,0,0,0,0,0,0,0,0,Infield shade,Standard,340,0.003,0.068,,,,,-0.068,,0,0,0.513,0.513,26,31,26,32,2,1,58.0,1,81,3.0,4.24,-0.8,-0.8,41.3,,,,,,pitcher
SL,2024-06-05,83.0,1.31,6.56,"Ashby, Aaron",547180,676879,,ball,,,,,12,,R,L,L,PHI,MIL,B,,,0,0,2024,-1.08,-0.21,1.342681509841225,4.391807731035067,,,,2,3,Bot,,,,,,,2.129556090279013,-120.88193745842324,1.887196947401172,-10.99536328283132,24.97208770747246,-34.87536715934692,3.23518281003104,1.6787210851825,,,,81.2,2676,5.2,745570,596142,656555,668930,687401,642715,592885,663368,686217,55.33,,,,,,,,22,1,Slider,0,0,0,0,0,0,0,0,Infield shade,Standard,317,0.001,0.04,,,,,-0.04,,0,0,0.512,0.512,26,31,26,32,2,1,58.0,1,81,3.0,3.53,-1.08,-1.08,41.7,,,,,,pitcher
CU,2024-06-05,81.0,1.24,6.57,"Ashby, Aaron",592206,676879,field_out,hit_into_play,,,,,6,"Nick Castellanos grounds out, second baseman Brice Turang to first baseman Rhys Hoskins.",R,R,L,PHI,MIL,X,4.0,ground_ball,2,1,2024,-0.66,-1.43,0.7414528994401608,2.658399506200902,,,,1,3,Bot,132.07,134.05,,,,,0.1222813189029383,-117.883085912821,0.6805663136863971,-6.063735122465665,25.98602811783363,-45.7758952793712,3.89,1.84,107.0,100.6,5.0,78.9,2704,5.2,745570,596142,656555,668930,687401,642715,592885,663368,686217,55.31,0.579,0.537,0.0,1.0,0.0,0.0,4.0,21,4,Curveball,0,0,0,0,0,0,0,0,Standard,Standard,325,-0.021,-0.302,71.3,7.0,,0.654,0.302,100.6,0,0,0.533,0.533,26,32,26,32,2,1,58.0,1,81,3.0,4.95,-0.66,0.66,45.6,7.132377537718421,10.596031620318216,33.17570216173599,44.14334791614321,23.84367156845333,pitcher
CH,2024-06-05,88.2,1.18,6.54,"Ashby, Aaron",592206,676879,,called_strike,,,,,8,,R,R,L,PHI,MIL,S,,,2,0,2024,1.34,0.26,0.2566102781438302,2.1623881848286173,,,,1,3,Bot,,,,,,,-4.924623242913569,-128.28552340366682,-4.99211499390182,15.786173418345385,28.001942963894383,-28.39550956190316,3.84200639483386,1.85068296326822,,,,86.5,1591,5.4,745570,596142,656555,668930,687401,642715,592885,663368,686217,55.12,,,,,,,,21,3,Changeup,0,0,0,0,0,0,0,0,Standard,Standard,129,-0.005,-0.065,,,,,0.065,,0,0,0.538,0.538,26,32,26,32,2,1,58.0,1,81,3.0,2.68,1.34,-1.34,46.1,,,,,,pitcher
SI,2024-06-05,94.7,0.98,6.74,"Ashby, Aaron",592206,676879,,ball,,,,,1,,R,R,L,PHI,MIL,B,,,1,0,2024,1.27,0.81,-0.7020428847677911,3.618219446304845,,,,1,3,Bot,,,,,,,-7.043894826494276,-137.7180086800927,-4.198875407080898,17.731792728967086,30.72134509270576,-21.17151410566864,3.85172526329956,1.9264886443897,,,,92.7,2112,5.1,745570,596142,656555,668930,687401,642715,592885,663368,686217,55.36,,,,,,,,21,2,Sinker,0,0,0,0,0,0,0,0,Standard,Standard,141,0.005,0.072,,,,,-0.072,,0,0,0.533,0.533,26,32,26,32,2,1,58.0,1,81,3.0,1.74,1.27,-1.27,47.5,,,,,,pitcher
CU,2024-06-05,80.7,1.25,6.52,"Ashby, Aaron",592206,676879,,ball,,,,,14,,R,R,L,PHI,MIL,B,,,0,0,2024,-0.54,-1.37,0.0878246102229721,0.7140575950263592,,,,1,3,Bot,,,,,,,-1.5285902321338607,-117.4037083435625,-3.502851336324529,-4.603787820077827,26.195464015401644,-44.14041297213805,3.84265681972172,1.81036888592011,,,,78.6,2784,5.3,745570,596142,656555,668930,687401,642715,592885,663368,686217,55.24,,,,,,,,21,1,Curveball,0,0,0,0,0,0,0,0,Standard,Standard,331,0.003,0.039,,,,,-0.039,,0,0,0.53,0.53,26,32,26,32,2,1,58.0,1,81,3.0,4.92,-0.54,0.54,43.8,,,,,,pitcher
SI,2024-06-05,94.6,1.08,6.61,"Ashby, Aaron",656941,676879,field_out,hit_into_play,,,,,6,Kyle Schwarber flies out to right fielder Sal Frelick.,R,L,L,PHI,MIL,X,9.0,fly_ball,1,1,2024,1.32,0.9,0.3584626692655629,2.5053435594286,,,,0,3,Bot,156.08,69.05,,,,,-4.716846956253031,-137.5338461315304,-6.80766873447366,17.766299130520355,34.55337043480973,-19.398775207414,3.32,1.61,330.0,89.4,32.0,92.2,2149,5.2,745570,596142,656555,668930,687401,642715,592885,663368,686217,55.32,0.047,0.066,0.0,1.0,0.0,0.0,3.0,20,3,Sinker,0,0,0,0,0,0,0,0,Infield shade,Standard,139,-0.024,-0.243,77.4,7.6,,0.111,0.243,89.4,0,0,0.554,0.554,26,31,26,31,2,1,58.0,1,81,3.0,1.68,1.32,1.32,43.6,13.863449803327144,-1.4697281769769472,27.249579296715044,32.08482998639207,29.18661119724503,pitcher
SI,2024-06-05,94.8,0.97,6.64,"Ashby, Aaron",656941,676879,,ball,,,,,13,,R,L,L,PHI,MIL,B,,,0,1,2024,1.39,0.74,-1.045082097572603,1.4348384773385896,,,,0,3,Bot,,,,,,,-8.18361660902246,-137.54241832989894,-9.323296742773406,19.46210296688539,33.86145585271613,-20.767744181032484,3.33593783046666,1.63818218383265,,,,92.4,2164,5.3,745570,596142,656555,668930,687401,642715,592885,663368,686217,55.2,,,,,,,,20,2,Sinker,0,0,0,0,0,0,0,0,Infield shade,Standard,136,0.003,0.025,,,,,-0.025,,0,0,0.551,0.551,26,31,26,31,2,1,58.0,1,81,3.0,1.84,1.39,1.39,43.8,,,,,,pitcher
SL,2024-06-05,81.0,1.39,6.51,"Ashby, Aaron",656941,676879,,called_strike,,,,,7,,R,L,L,PHI,MIL,S,,,0,0,2024,-0.89,-0.43,-0.5182361404576021,1.9056273621241209,,,,0,3,Bot,,,,,,,-2.511326542864592,-117.97549054592275,-2.7693263140169044,-7.800525154905148,23.81616217411637,-35.82560114046427,3.29477724249371,1.59685264181373,,,,79.3,2483,5.2,745570,596142,656555,668930,687401,642715,592885,663368,686217,55.34,,,,,,,,20,1,Slider,0,0,0,0,0,0,0,0,Infield shade,Standard,345,-0.004,-0.037,,,,,0.037,,0,0,0.555,0.555,26,31,26,31,2,1,58.0,1,81,3.0,3.91,-0.89,-0.89,38.5,,,,,,pitcher
SL,2024-06-05,83.1,1.29,6.5,"Ashby, Aaron",665506,676879,strikeout,called_strike,,,,,3,Cristian Pache called out on strikes.,R,R,L,PHI,MIL,S,2.0,,3,2,2024,-0.65,-0.28,0.5198291329541344,3.263996855034296,,596117.0,,2,2,Bot,,,,,,,-0.4820537500509616,-120.98568958680758,-0.3482366438758754,-6.185444015438243,26.59837975388577,-35.05418108684463,3.35423136847998,1.57801351926815,,,,81.0,2563,5.1,745570,596142,656555,668930,687401,642715,592885,663368,686217,55.37,,0.0,0.0,1.0,0.0,0.0,,15,8,Slider,0,0,0,0,0,0,0,0,Standard,Standard,331,-0.037,-0.298,,,,,0.298,,0,0,0.537,0.537,26,25,26,26,1,0,58.0,1,81,3.0,3.61,-0.65,0.65,40.6,,,,,,pitcher
SI,2024-06-05,95.7,1.01,6.62,"Ashby, Aaron",665506,676879,,foul,,,,,6,,R,R,L,PHI,MIL,S,,,3,2,2024,1.34,0.91,0.455287002891496,2.329605155147989,,596117.0,,2,2,Bot,,,,,,,-4.387483803570715,-139.14235231261017,-7.586751002735906,18.32370995619477,32.24864380019135,-18.86095069462944,3.54,1.63,256.0,83.5,43.0,93.9,2085,5.3,745570,596142,656555,668930,687401,642715,592885,663368,686217,55.17,,,,,,,,15,7,Sinker,0,0,0,0,0,0,0,0,Standard,Standard,141,0.0,0.0,70.5,6.9,,,0.0,88.0,0,0,0.537,0.537,26,25,26,26,1,0,58.0,1,81,3.0,1.59,1.34,-1.34,48.5,-0.135691341486551,25.269062004755742,31.694418439489144,43.43664305583805,16.004107778056966,pitcher
SL,2024-06-05,81.9,1.23,6.46,"Ashby, Aaron",665506,676879,,foul,,,,,5,,R,R,L,PHI,MIL,S,,,3,2,2024,-0.57,-0.55,0.0457984145010452,2.4662209389739207,,596117.0,,2,2,Bot,,,,,,,-1.5437464024977368,-119.2212605268565,-1.3592112571884762,-5.096216912449665,24.15348193354049,-37.34515257003078,3.54,1.63,240.0,85.5,49.0,80.2,2588,5.2,745570,596142,656555,668930,687401,642715,592885,663368,686217,55.28,,,,,,,,15,6,Slider,0,0,0,0,0,0,0,0,Standard,Standard,340,0.0,0.0,68.7,7.2,,,0.0,88.0,0,0,0.537,0.537,26,25,26,26,1,0,58.0,1,81,3.0,3.96,-0.57,0.57,41.4,7.570559895760871,1.930259990652184,35.685517846045386,36.98047529005233,26.719735550900477,pitcher
CH,2024-06-05,88.2,1.06,6.55,"Ashby, Aaron",665506,676879,,called_strike,,,,,7,,R,R,L,PHI,MIL,S,,,3,1,2024,1.26,0.01,-0.5347842662335225,1.9333801685503975,,596117.0,,2,2,Bot,,,,,,,-6.366082335703013,-128.21208934643852,-5.04884705063522,15.275271479080256,27.0479923581101,-31.194048075746284,3.34849905247829,1.57210201979371,,,,86.3,1800,5.2,745570,596142,656555,668930,687401,642715,592885,663368,686217,55.3,,,,,,,,15,5,Changeup,0,0,0,0,0,0,0,0,Standard,Standard,126,-0.002,-0.059,,,,,0.059,,0,0,0.539,0.539,26,25,26,26,1,0,58.0,1,81,3.0,2.93,1.26,-1.26,42.7,,,,,,pitcher
SI,2024-06-05,95.6,1.03,6.61,"Ashby, Aaron",665506,676879,,ball,,,,,13,,R,R,L,PHI,MIL,B,,,2,1,2024,1.49,0.58,-0.6670321060138433,1.2694039196950917,,596117.0,,2,2,Bot,,,,,,,-7.647358899279864,-138.7897529990767,-9.536111282934682,20.95367482601837,32.30883891075655,-22.655250703184592,3.36616059255747,1.53362680750291,,,,93.6,2092,5.3,745570,596142,656555,668930,687401,642715,592885,663368,686217,55.18,,,,,,,,15,4,Sinker,0,0,0,0,0,0,0,0,Standard,Standard,142,0.003,0.045,,,,,-0.045,,0,0,0.536,0.536,26,25,26,26,1,0,58.0,1,81,3.0,1.94,1.49,-1.49,43.4,,,,,,pitcher
CH,2024-06-05,86.9,1.15,6.48,"Ashby, Aaron",665506,676879,,ball,,,,,13,,R,R,L,PHI,MIL,B,,,1,1,2024,1.33,0.1,-0.2430307590000426,1.4514024844088065,,596117.0,,2,2,Bot,,,,,,,-5.914642819171797,-126.35603390264342,-5.969480021840677,15.421927969150143,26.16367692492985,-30.02075576009784,3.46554521731553,1.57714067798006,,,,85.2,1655,5.3,745570,596142,656555,668930,687401,642715,592885,663368,686217,55.24,,,,,,,,15,3,Changeup,0,0,0,0,0,0,0,0,Standard,Standard,130,0.003,0.039,,,,,-0.039,,0,0,0.533,0.533,26,25,26,26,1,0,58.0,1,81,3.0,2.92,1.33,-1.33,39.2,,,,,,pitcher
CH,2024-06-05,87.0,1.17,6.51,"Ashby, Aaron",665506,676879,,swinging_strike,,,,,8,,R,R,L,PHI,MIL,S,,,1,0,2024,1.17,0.39,-0.0930472354139499,1.7971324859592364,,596117.0,,2,2,Bot,,,,,,,-5.316754146475959,-126.41880204296112,-5.764314794228853,13.637791371103512,27.51790962157545,-26.98762359550081,3.54,1.63,,,,85.2,1739,5.4,745570,596142,656555,668930,687401,642715,592885,663368,686217,55.15,,,,,,,,15,2,Changeup,0,0,0,0,0,0,0,0,Standard,Standard,125,-0.003,-0.043,75.2,8.4,3.0568446,,0.043,,0,0,0.536,0.536,26,25,26,26,1,0,58.0,1,81,3.0,2.65,1.17,-1.17,41.3,26.327829546750785,-25.94411433148893,35.208781309227945,35.97642075248756,47.55177401551886,pitcher
CU,2024-06-05,78.2,1.17,6.56,"Ashby, Aaron",665506,676879,,ball,,,,,13,,R,R,L,PHI,MIL,B,,,0,0,2024,-0.56,-1.35,-1.4934577704192495,2.001778600866944,,,596117.0,2,2,Bot,,,,,,,-4.611953180758782,-113.76317074800843,-0.359519705912416,-3.770659692430948,24.629742307309154,-43.93157994484292,3.40708239231191,1.60182721673206,,,,76.1,2718,5.2,745570,596142,656555,668930,687401,642715,592885,663368,686217,55.28,,,,,,,,15,1,Curveball,0,0,0,0,0,0,0,0,Standard,Standard,331,0.012,0.034,,,,,-0.034,,0,0,0.524,0.524,26,25,26,26,1,0,58.0,1,81,3.0,5.14,-0.56,0.56,44.3,,,,,,pitcher
SI,2024-06-05,95.0,0.96,6.66,"Ashby, Aaron",596117,676879,walk,ball,,,,,11,Garrett Stubbs walks.,R,L,L,PHI,MIL,B,,,3,2,2024,1.39,0.56,-0.2986686524617681,3.4652994483792376,,,,2,2,Bot,,,,,,,-6.259513715203582,-138.11830350272197,-3.865220033868418,19.172977558304872,32.76703311998447,-24.35990981486549,2.96606829208384,1.39261540132408,,,,92.8,2052,5.2,745570,596142,656555,668930,687401,642715,592885,663368,686217,55.3,,0.689131,0.7,1.0,0.0,0.0,,14,6,Sinker,0,0,0,0,0,0,0,0,Strategic,Standard,147,0.011,0.267,,,,,-0.267,,0,0,0.513,0.513,26,31,26,31,1,0,58.0,3,81,6.0,1.99,1.39,1.39,44.3,,,,,,pitcher
SI,2024-06-05,95.5,0.9,6.73,"Ashby, Aaron",596117,676879,,ball,,,,,11,,R,L,L,PHI,MIL,B,,,2,2,2024,1.37,0.62,-1.1063588024922917,3.2749105884769767,,,,2,2,Bot,,,,,,,-8.174209186745836,-138.80296105100268,-4.757612701845478,19.522466795444235,31.89966898734678,-23.24019539843439,2.97760194071237,1.3776349658746,,,,93.6,2107,5.3,745570,596142,656555,668930,687401,642715,592885,663368,686217,55.23,,,,,,,,14,5,Sinker,0,0,0,0,0,0,0,0,Strategic,Standard,141,0.004,0.106,,,,,-0.106,,0,0,0.509,0.509,26,31,26,31,1,0,58.0,3,81,6.0,1.89,1.37,1.37,52.4,,,,,,pitcher
SI,2024-06-05,95.3,1.01,6.63,"Ashby, Aaron",596117,676879,,ball,,,,,11,,R,L,L,PHI,MIL,B,,,1,2,2024,1.37,0.4,-0.1196744365946285,3.4572896793382606,,,,2,2,Bot,,,,,,,-5.9142519264904765,-138.58870600186324,-3.5120103284238087,18.96118294320761,32.54185081930726,-26.45041977833433,2.9951465611807,1.34163713158207,,,,93.2,2169,5.2,745570,596142,656555,668930,687401,642715,592885,663368,686217,55.31,,,,,,,,14,4,Sinker,0,0,0,0,0,0,0,0,Standard,Standard,143,0.001,0.039,,,,,-0.039,,0,0,0.508,0.508,26,31,26,31,1,0,58.0,3,81,6.0,2.13,1.37,1.37,42.2,,,,,,pitcher
SL,2024-06-05,81.1,1.17,6.56,"Ashby, Aaron",596117,676879,,ball,,,,,14,,R,L,L,PHI,MIL,B,,,0,2,2024,-0.83,-0.54,0.993455137092636,1.5007375371219136,,,,2,2,Bot,,,,,,,1.1510619556338098,-118.0174565419467,-3.5539089983916377,-7.9652215534706015,23.71792618212052,-36.74818453719325,2.99457786460749,1.36752633436625,,,,79.1,2585,5.0,745570,596142,656555,668930,687401,642715,592885,663368,686217,55.48,,,,,,,,14,3,Slider,0,0,0,0,0,0,0,0,Standard,Standard,329,0.001,0.023,,,,,-0.023,,0,0,0.507,0.507,26,31,26,31,1,0,58.0,3,81,6.0,4.03,-0.83,-0.83,39.6,,,,,,pitcher
SL,2024-06-05,81.7,1.31,6.58,"Ashby, Aaron",596117,676879,,called_strike,,,,,1,,R,L,L,PHI,MIL,S,,,0,1,2024,-0.96,-0.66,-0.3889950331750926,2.534128340045619,,,,2,2,Bot,,,,,,,-1.9273375950186489,-118.99695705658642,-1.218287729153486,-8.669331176122943,25.04154109556505,-38.41676424003314,3.00007750516328,1.37353777557091,,,,79.6,2628,5.0,745570,596142,656555,668930,687401,642715,592885,663368,686217,55.49,,,,,,,,14,2,Slider,0,0,0,0,0,0,0,0,Standard,Standard,329,-0.002,-0.058,,,,,0.058,,0,0,0.509,0.509,26,31,26,31,1,0,58.0,3,81,6.0,4.1,-0.96,-0.96,40.6,,,,,,pitcher
SI,2024-06-05,93.9,0.96,6.72,"Ashby, Aaron",596117,676879,,called_strike,,,,,11,,R,L,L,PHI,MIL,S,,,0,0,2024,1.4,0.7,-0.830445068455423,2.7437173051408177,,,,2,2,Bot,,,,,,,-7.561650327245163,-136.51563667981338,-6.002796137921403,19.11937760290956,30.49038709458416,-22.321649365567826,2.93712295548172,1.36386869108903,,,,92.0,2035,5.3,745570,596142,656555,668930,687401,642715,592885,663368,686217,55.24,,,,,,,,14,1,Sinker,0,0,0,0,0,0,0,0,Standard,Standard,138,-0.002,-0.041,,,,,0.041,,0,0,0.511,0.511,26,31,26,31,1,0,58.0,3,81,6.0,1.9,1.4,1.4,44.9,,,,,,pitcher
CH,2024-06-05,87.9,1.31,6.54,"Ashby, Aaron",593160,676879,field_out,hit_into_play,,,,,12,"Whit Merrifield grounds out, second baseman Brice Turang to first baseman Rhys Hoskins.",R,R,L,PHI,MIL,X,4.0,ground_ball,0,1,2024,1.38,0.15,1.0553756322002903,2.472026297531414,,,,1,2,Bot,141.62,156.79,,,,,-3.394442030302021,-127.90188561227689,-3.954678635512914,15.821575853689655,28.80367202118652,-29.826092382925445,3.38,1.56,,,,85.7,1747,5.0,745570,596142,656555,668930,687401,642715,592885,663368,686217,55.45,,,0.0,,0.0,0.0,,13,2,Changeup,0,0,0,0,0,0,0,0,Standard,Standard,128,-0.014,-0.219,60.8,6.5,,,0.219,,0,0,0.525,0.525,26,35,26,35,1,0,58.0,3,81,3.0,2.82,1.38,-1.38,40.3,6.4273497320910495,24.717348751850786,29.329666423163715,48.33628421026731,13.605631463016202,pitcher
SI,2024-06-05,94.7,1.06,6.6,"Ashby, Aaron",593160,676879,,called_strike,,,,,8,,R,R,L,PHI,MIL,S,,,0,0,2024,1.32,0.56,-0.1343058037190829,1.8977819483191631,,,,1,2,Bot,,,,,,,-5.93516936693772,-137.63264968290324,-7.659740421315233,18.12623613934976,32.134674897056804,-23.52686545485596,3.47362539470172,1.60837935315689,,,,92.7,2060,5.3,745570,596142,656555,668930,687401,642715,592885,663368,686217,55.23,,,,,,,,13,1,Sinker,0,0,0,0,0,0,0,0,Standard,Standard,137,-0.003,-0.037,,,,,0.037,,0,0,0.528,0.528,26,35,26,35,1,0,58.0,3,81,3.0,2.0,1.32,-1.32,44.9,,,,,,pitcher
SI,2024-06-05,94.3,1.14,6.62,"Ashby, Aaron",624641,676879,field_out,hit_into_play,,,,,8,"Edmundo Sosa grounds out, second baseman Brice Turang to first baseman Rhys Hoskins.",R,R,L,PHI,MIL,X,4.0,ground_ball,2,0,2024,1.32,0.74,0.2014567934208972,1.699218114447691,,,,0,2,Bot,137.04,149.66,,,,,-5.266864431440262,-137.07671754255003,-8.574142639813829,17.861778089334045,29.80063006623994,-21.199755698445266,3.59,1.74,38.0,111.9,-1.0,92.4,2010,5.2,745570,596142,656555,668930,687401,642715,592885,663368,686217,55.3,0.492,0.443,0.0,1.0,0.0,0.0,4.0,12,3,Sinker,0,0,0,0,0,0,0,0,Standard,Standard,139,-0.034,-0.361,76.9,8.0,,0.51,0.361,111.9,0,0,0.562,0.562,26,28,26,28,1,0,58.0,1,81,3.0,1.83,1.32,-1.32,43.6,-1.290929507809852,14.15092445949386,39.677048515115686,36.497451535520185,19.522197130431707,pitcher
CH,2024-06-05,86.7,1.29,6.63,"Ashby, Aaron",624641,676879,,ball,,,,,12,,R,R,L,PHI,MIL,B,,,1,0,2024,0.99,0.61,0.5288920369360122,4.014644245731114,,,,0,2,Bot,,,,,,,-3.771448303606455,-126.24657197791284,-1.2633556685376122,11.383889649015318,27.68221612941892,-25.636754849173347,3.6619092337501,1.74116570864078,,,,84.8,1886,5.2,745570,596142,656555,668930,687401,642715,592885,663368,686217,55.31,,,,,,,,12,2,Changeup,0,0,0,0,0,0,0,0,Standard,Standard,130,0.007,0.069,,,,,-0.069,,0,0,0.555,0.555,26,28,26,28,1,0,58.0,1,81,3.0,2.44,0.99,-0.99,43.6,,,,,,pitcher
CU,2024-06-05,76.3,1.44,6.65,"Ashby, Aaron",624641,676879,,ball,,,,,12,,R,R,L,PHI,MIL,B,,,0,0,2024,-0.6,-1.34,1.392914304917744,3.3977360861734853,,,,0,2,Bot,,,,,,,0.9381653286971328,-110.8989223583912,2.636741717606817,-5.053912956610452,22.888492526510333,-43.85975930502108,3.449844942054,1.70334685502215,,,,74.2,2590,5.1,745570,596142,656555,668930,687401,642715,592885,663368,686217,55.39,,,,,,,,12,1,Curveball,0,0,0,0,0,0,0,0,Standard,Standard,327,0.004,0.038,,,,,-0.038,,0,0,0.551,0.551,26,28,26,28,1,0,58.0,1,81,3.0,5.31,-0.6,0.6,41.3,,,,,,pitcher
SL,2024-06-05,83.7,1.36,6.38,"Ashby, Aaron",681082,676879,strikeout,swinging_strike,,,,,7,Bryson Stott strikes out swinging.,R,L,L,PHI,MIL,S,2.0,,2,2,2024,-0.37,-0.38,-0.370925436973444,1.548543458422596,,656941.0,547180.0,2,1,Bot,,,,,,,-3.2070582954231077,-121.872886352452,-3.985820222769412,-3.0894503308135755,22.081983898435,-35.49151414549206,3.29,1.57,,,,82.4,2532,5.2,745570,596142,656555,668930,687401,642715,592885,663368,686217,55.29,,0.0,0.0,1.0,0.0,0.0,,8,6,Slider,0,0,0,0,0,0,0,0,Standard,Standard,343,-0.037,-0.204,59.3,8.3,4.238770764,,0.204,,0,0,0.537,0.537,26,26,26,27,1,0,58.0,1,81,3.0,3.61,-0.37,-0.37,37.5,26.11545706420511,-38.890686574301,32.328218263817725,37.08796532162911,49.818174947509306,pitcher
SL,2024-06-05,84.1,1.38,6.46,"Ashby, Aaron",681082,676879,,foul,,,,,13,,R,L,L,PHI,MIL,S,,,2,2,2024,-0.68,0.0,-1.0916818840071605,1.6512190852029356,,656941.0,547180.0,2,1,Bot,,,,,,,-4.308421206773935,-122.40010811708282,-4.694973457859731,-6.012244667268505,23.640703227098225,-31.491868344278757,3.29,1.57,2.0,57.1,-42.0,82.6,2541,5.2,745570,596142,656555,668930,687401,642715,592885,663368,686217,55.3,,,,,,,,8,5,Slider,0,0,0,0,0,0,0,0,Standard,Standard,338,0.0,0.0,61.6,7.6,,,0.0,88.0,0,0,0.537,0.537,26,26,26,27,1,0,58.0,1,81,3.0,3.22,-0.68,-0.68,40.8,10.238810607217165,5.636427955844458,31.560953815211125,46.22531465088584,28.99362114868328,pitcher
CH,2024-06-05,88.1,1.23,6.46,"Ashby, Aaron",681082,676879,,foul,,,,,6,,R,L,L,PHI,MIL,S,,,2,1,2024,1.49,0.25,0.6453701809669545,2.282632905135235,,656941.0,547180.0,2,1,Bot,,,,,,,-4.412285453938006,-128.26024807634883,-4.4933255014522295,17.38525930277359,26.949072040426817,-28.707575205090787,3.29,1.57,5.0,87.4,-27.0,86.4,1662,5.2,745570,596142,656555,668930,687401,642715,592885,663368,686217,55.31,,,,,,,,8,4,Changeup,0,0,0,0,0,0,0,0,Standard,Standard,124,-0.009,-0.102,74.0,7.5,,,0.102,88.0,0,0,0.546,0.546,26,26,26,27,1,0,58.0,1,81,3.0,2.69,1.49,1.49,38.4,18.28269172504215,-12.183114540627477,30.266922542096975,27.19090939708167,38.304028271523485,pitcher
SI,2024-06-05,94.7,1.04,6.62,"Ashby, Aaron",681082,676879,,ball,,,,,13,,R,L,L,PHI,MIL,B,,,1,1,2024,1.48,0.7,-1.12163940202292,1.6067552125603326,,656941.0,547180.0,2,1,Bot,,,,,,,-8.745263083673539,-137.4886110095659,-8.799895096921377,20.68536345431566,30.39742539780513,-21.41541683478272,3.16295030462755,1.5131704866788,,,,92.8,2209,5.3,745570,596142,656555,668930,687401,642715,592885,663368,686217,55.19,,,,,,,,8,3,Sinker,0,0,0,0,0,0,0,0,Standard,Standard,139,0.005,0.042,,,,,-0.042,,0,0,0.541,0.541,26,26,26,27,1,0,58.0,1,81,3.0,1.85,1.48,1.48,42.8,,,,,,pitcher
SL,2024-06-05,83.3,1.3,6.46,"Ashby, Aaron",681082,676879,,ball,,,,,11,,R,L,L,PHI,MIL,B,,,0,1,2024,-0.89,-0.28,-0.634191388386092,3.511412055858572,,656941.0,547180.0,2,1,Bot,,,,,,,-2.645263487445311,-121.16686063212018,0.2753034009530488,-8.081087710471985,26.52667387819585,-35.23556444057609,3.15282265051802,1.50287967799344,,,,81.0,2588,5.0,745570,596142,656555,668930,687401,642715,592885,663368,686217,55.52,,,,,,,,8,2,Slider,0,0,0,0,0,0,0,0,Standard,Standard,330,0.004,0.033,,,,,-0.033,,0,0,0.537,0.537,26,26,26,27,1,0,58.0,1,81,3.0,3.6,-0.89,-0.89,37.7,,,,,,pitcher
SI,2024-06-05,94.8,1.2,6.59,"Ashby, Aaron",681082,676879,,called_strike,,,,,8,,R,L,L,PHI,MIL,S,,,0,0,2024,1.51,0.6,0.0698142553651981,1.6333221069853856,,656941.0,547180.0,2,1,Bot,,,,,,,-6.141896180583449,-137.70524111201485,-8.428614957358,20.556549712822136,29.87224189762449,-22.835620812623795,3.18794421257095,1.50968032846761,,,,92.6,2156,5.0,745570,596142,656555,668930,687401,642715,592885,663368,686217,55.46,,,,,,,,8,1,Sinker,0,0,0,0,0,0,0,0,Standard,Standard,137,-0.006,-0.048,,,,,0.048,,0,0,0.543,0.543,26,26,26,27,1,0,58.0,1,81,3.0,1.94,1.51,1.51,40.8,,,,,,pitcher
CH,2024-06-05,86.8,1.29,6.51,"Ashby, Aaron",664761,676879,field_out,hit_into_play,,,,,5,Alec Bohm flies out to right fielder Sal Frelick.,R,R,L,PHI,MIL,X,9.0,fly_ball,0,1,2024,1.1,0.43,0.1440620509626484,2.4337820080918737,,656941.0,547180.0,1,1,Bot,195.97,115.14,,,,,-4.880319066900739,-126.26333132008968,-4.350011451083797,12.755913718870897,27.224425966942867,-26.833403085529888,3.58,1.65,271.0,80.7,33.0,84.8,1639,5.2,745570,596142,656555,668930,687401,642715,592885,663368,686217,55.34,0.032,0.034,0.0,1.0,0.0,0.0,3.0,7,2,Changeup,0,0,0,0,0,0,0,0,Standard,Standard,131,-0.037,-0.2,74.9,7.2,,0.051,0.2,88.0,0,0,0.58,0.58,26,27,26,28,1,0,58.0,1,81,3.0,2.61,1.1,-1.1,41.5,-0.093420232954519,5.038290146852509,31.510973950825424,38.26487277299738,25.45355404656394,pitcher
SL,2024-06-05,82.6,1.41,6.48,"Ashby, Aaron",664761,676879,,called_strike,,,,,1,,R,R,L,PHI,MIL,S,,,0,0,2024,-1.05,-0.02,-0.7786389947790241,3.072575050913728,,656941.0,547180.0,1,1,Bot,,,,,,,-2.8793904484963653,-120.19422572665076,-1.1103841396495553,-9.380223706414515,27.06947996329554,-32.35590974670131,3.41973923364802,1.57171672877042,,,,80.4,2518,5.1,745570,596142,656555,668930,687401,642715,592885,663368,686217,55.37,,,,,,,,7,1,Slider,0,0,0,0,0,0,0,0,Standard,Standard,341,-0.007,-0.039,,,,,0.039,,0,0,0.587,0.587,26,27,26,28,1,0,58.0,1,81,3.0,3.41,-1.05,1.05,47.9,,,,,,pitcher
CH,2024-06-05,87.5,1.24,6.45,"Ashby, Aaron",547180,676879,walk,ball,,,,,13,Bryce Harper walks. Kyle Schwarber to 2nd.,R,L,L,PHI,MIL,B,,,3,1,2024,1.36,0.13,-0.7195566404352449,1.166961110023299,,,656941.0,1,1,Bot,,,,,,,-7.363312407513641,-127.08230764219194,-6.740089907460116,16.247763740715133,26.39968279973844,-29.505818898486844,3.26161742273539,1.64327271196331,,,,85.7,1689,5.3,745570,596142,656555,668930,687401,642715,592885,663368,686217,55.24,,0.689131,0.7,1.0,0.0,0.0,,6,5,Changeup,0,0,0,0,0,0,0,0,Infield shade,Standard,122,0.022,0.167,,,,,-0.167,,0,0,0.565,0.565,26,31,26,32,1,0,58.0,1,81,3.0,2.86,1.36,1.36,45.6,,,,,,pitcher
SI,2024-06-05,95.9,1.1,6.61,"Ashby, Aaron",547180,676879,,ball,,,,,11,,R,L,L,PHI,MIL,B,,,2,1,2024,1.4,0.75,-1.2042258083042716,3.115663167034556,,,656941.0,1,1,Bot,,,,,,,-9.025272837216036,-139.20094337733386,-5.143743714159685,20.34593152515568,34.12151260353132,-21.421335058175824,3.27066602253165,1.72501176440332,,,,93.3,2303,5.1,745570,596142,656555,668930,687401,642715,592885,663368,686217,55.4,,,,,,,,6,4,Sinker,0,0,0,0,0,0,0,0,Infield shade,Standard,140,0.01,0.112,,,,,-0.112,,0,0,0.555,0.555,26,31,26,32,1,0,58.0,1,81,3.0,1.76,1.4,1.4,43.4,,,,,,pitcher
CH,2024-06-05,87.0,1.34,6.51,"Ashby, Aaron",547180,676879,,swinging_strike,,,,,9,,R,L,L,PHI,MIL,S,,,2,0,2024,1.33,0.29,0.7953754345254662,1.995400031877046,,,656941.0,1,1,Bot,,,,,,,-3.951999987383501,-126.5450506880201,-5.113068896956352,15.101931506050668,27.898144365261064,-28.123788290937057,3.26,1.67,,,,85.0,1739,5.2,745570,596142,656555,668930,687401,642715,592885,663368,686217,55.28,,,,,,,,6,3,Changeup,0,0,0,0,0,0,0,0,Infield shade,Standard,123,-0.007,-0.057,77.6,8.5,1.79905158,,0.057,,0,0,0.562,0.562,26,31,26,32,1,0,58.0,1,81,3.0,2.74,1.33,1.33,40.6,33.439712347281954,-37.03326720666756,35.675913309019926,28.70659109565972,53.29552621953357,pitcher
SL,2024-06-05,81.6,1.37,6.45,"Ashby, Aaron",547180,676879,,ball,,,,,11,,R,L,L,PHI,MIL,B,,,1,0,2024,-1.1,0.08,-1.3542475378818617,2.6831586641191394,,,656941.0,1,1,Bot,,,,,,,-3.918212015256279,-118.6809669688122,-1.9005565991791284,-9.406059201242812,26.836663400746083,-31.224866188814342,3.29226428694049,1.66813114927071,,,,79.4,2527,5.2,745570,596142,656555,668930,687401,642715,592885,663368,686217,55.3,,,,,,,,6,2,Slider,0,0,0,0,0,0,0,0,Infield shade,Standard,334,0.007,0.056,,,,,-0.056,,0,0,0.555,0.555,26,31,26,32,1,0,58.0,1,81,3.0,3.4,-1.1,-1.1,37.8,,,,,,pitcher
SI,2024-06-05,94.8,1.12,6.63,"Ashby, Aaron",547180,676879,,ball,,,,,11,,R,L,L,PHI,MIL,B,,,0,0,2024,1.31,0.89,-0.9889327677061556,2.723158154266569,,,656941.0,1,1,Bot,,,,,,,-8.235045035198015,-137.6553145999211,-6.338273891430413,18.582872428664192,32.38560110445188,-19.639628526280127,3.21391519598286,1.64275443875423,,,,92.3,2209,5.0,745570,596142,656555,668930,687401,642715,592885,663368,686217,55.46,,,,,,,,6,1,Sinker,0,0,0,0,0,0,0,0,Infield shade,Standard,135,0.004,0.036,,,,,-0.036,,0,0,0.551,0.551,26,31,26,32,1,0,58.0,1,81,3.0,1.67,1.31,1.31,40.8,,,,,,pitcher
CH,2024-06-05,86.8,1.33,6.54,"Ashby, Aaron",592206,676879,field_out,hit_into_play,,,,,8,Nick Castellanos flies out to center fielder Blake Perkins.,R,R,L,PHI,MIL,X,8.0,fly_ball,1,0,2024,1.22,0.49,0.2355153246124564,2.102114316045955,,,656941.0,0,1,Bot,127.51,56.26,,,,,-4.982074131276115,-126.2511961215342,-5.292854383532252,14.047728248680976,26.383288866366957,-26.0736046106155,3.89,1.84,353.0,92.6,36.0,84.8,1658,5.0,745570,596142,656555,668930,687401,642715,592885,663368,686217,55.45,0.061,0.108,0.0,1.0,0.0,0.0,3.0,5,2,Changeup,0,0,0,0,0,0,0,0,Standard,Standard,124,-0.037,-0.287,76.6,8.2,,0.191,0.287,92.6,0,0,0.588,0.588,26,32,26,32,1,0,58.0,1,81,3.0,2.55,1.22,-1.22,46.8,14.975846152195626,-6.594146443131098,42.94757601304818,37.49862703747118,30.074266223366035,pitcher
CH,2024-06-05,87.0,1.21,6.57,"Ashby, Aaron",592206,676879,,ball,,,,,13,,R,R,L,PHI,MIL,B,,,0,0,2024,1.3,0.35,-0.9013529851616432,2.411460196075881,,,656941.0,0,1,Bot,,,,,,,-7.541335770614824,-126.38476920087636,-4.383877948033123,15.522170646271377,27.599532202793394,-27.679975766998936,4.01627496299108,1.94637258982311,,,,84.8,1788,5.1,745570,596142,656555,668930,687401,642715,592885,663368,686217,55.36,,,,,,,,5,1,Changeup,0,0,0,0,0,0,0,0,Standard,Standard,125,0.005,0.041,,,,,-0.041,,0,0,0.583,0.583,26,32,26,32,1,0,58.0,1,81,3.0,2.69,1.3,-1.3,38.7,,,,,,pitcher
SI,2024-06-05,94.3,1.08,6.64,"Ashby, Aaron",656941,676879,single,hit_into_play,,,,,6,"Kyle Schwarber singles on a ground ball to right fielder Sal Frelick, deflected by first baseman Rhys Hoskins.",R,L,L,PHI,MIL,X,3.0,ground_ball,2,1,2024,1.28,0.66,0.489677085794533,2.4010518049236733,,,,0,1,Bot,162.98,147.15,,,,,-4.272813399236624,-137.13971523237058,-6.6314320741833015,17.03405233907174,31.64516369233968,-22.561486831826997,3.32,1.61,63.0,91.9,2.0,92.1,2054,5.1,745570,596142,656555,668930,687401,642715,592885,663368,686217,55.38,0.397,0.36,0.9,1.0,1.0,0.0,2.0,4,4,Sinker,0,0,0,0,0,0,0,0,Infield shade,Standard,132,0.032,0.407,80.7,7.5,,0.455,-0.407,91.9,0,0,0.551,0.551,26,31,26,31,1,0,58.0,1,81,3.0,1.92,1.28,1.28,45.0,11.443800282611733,-2.7824232861087888,28.823424517205176,29.6642250630075,30.487944971867663,pitcher
SL,2024-06-05,81.3,1.37,6.46,"Ashby, Aaron",656941,676879,,ball,,,,,13,,R,L,L,PHI,MIL,B,,,1,1,2024,-0.75,-0.25,-1.3260268174939231,2.34792293877782,,,,0,1,Bot,,,,,,,-4.50401441540093,-118.3039614595708,-2.0106855179486143,-5.948711986322422,26.40846359864205,-34.26629373854159,3.26625970453919,1.58379036131776,,,,79.2,2534,5.2,745570,596142,656555,668930,687401,642715,592885,663368,686217,55.3,,,,,,,,4,3,Slider,0,0,0,0,0,0,0,0,Infield shade,Standard,336,0.004,0.053,,,,,-0.053,,0,0,0.547,0.547,26,31,26,31,1,0,58.0,1,81,3.0,3.74,-0.75,-0.75,41.0,,,,,,pitcher
SL,2024-06-05,81.6,1.36,6.52,"Ashby, Aaron",656941,676879,,ball,,,,,3,,R,L,L,PHI,MIL,B,,,0,1,2024,-0.92,-0.31,0.3755674235418335,3.3162639251082915,,,,0,1,Bot,,,,,,,-0.4373012059060408,-118.78920860491137,0.0165321299305194,-8.500896683870257,25.755928811652108,-35.35477417436369,3.23329082318063,1.6190928105215,,,,79.4,2490,5.1,745570,596142,656555,668930,687401,642715,592885,663368,686217,55.43,,,,,,,,4,2,Slider,0,0,0,0,0,0,0,0,Infield shade,Standard,330,0.002,0.025,,,,,-0.025,,0,0,0.545,0.545,26,31,26,31,1,0,58.0,1,81,3.0,3.77,-0.92,-0.92,43.7,,,,,,pitcher
SI,2024-06-05,94.2,1.09,6.66,"Ashby, Aaron",656941,676879,,called_strike,,,,,2,,R,L,L,PHI,MIL,S,,,0,0,2024,1.49,0.65,-0.0904735776461964,2.906596988202842,,,,0,1,Bot,,,,,,,-6.228667388895022,-136.8715721022228,-5.330708923657015,20.15462128333657,32.24323956300612,-22.93567840377769,3.32633753508056,1.59183040281354,,,,91.9,2185,5.2,745570,596142,656555,668930,687401,642715,592885,663368,686217,55.34,,,,,,,,4,1,Sinker,0,0,0,0,0,0,0,0,Infield shade,Standard,138,-0.003,-0.037,,,,,0.037,,0,0,0.548,0.548,26,31,26,31,1,0,58.0,1,81,3.0,1.94,1.49,1.49,43.3,,,,,,pitcher
SI,2024-04-08,93.4,0.87,6.47,"Ashby, Aaron",600869,676879,single,hit_into_play,,,,,12,"Jeimer Candelario singles on a ground ball to right fielder Jackson Chourio, deflected by first baseman Rhys Hoskins. Spencer Steer scores.",R,R,L,CIN,MIL,X,3.0,ground_ball,1,2,2024,1.26,0.69,1.2143390192981822,2.921247710602909,,668715.0,,2,4,Bot,193.87,122.99,,,,,-1.8477785561148337,-136.0668324710669,-4.837840120141298,16.121915570548133,29.655347895753412,-22.81413736141712,3.42,1.67,43.0,101.9,-2.0,91.6,1960,5.1,746735,661388,656555,668930,687401,642715,592885,686217,694192,55.39,0.403,0.364,0.9,1.0,1.0,0.0,2.0,35,4,Sinker,7,0,7,0,0,8,8,0,Standard,Standard,145,0.008,0.76,67.4,6.7,,0.463,-0.76,101.9,7,7,0.98,0.98,26,30,26,31,3,2,,1,58,1.0,1.92,1.26,-1.26,50.9,-4.563106777664268,25.78171120037447,26.972656659626093,50.32719595912965,11.82122559075777,pitcher
CH,2024-04-08,86.3,1.02,6.31,"Ashby, Aaron",600869,676879,,swinging_strike,,,,,9,,R,R,L,CIN,MIL,S,,,1,1,2024,1.07,0.1,0.3516751391028345,1.9263271160149504,,668715.0,,2,4,Bot,,,,,,,-3.686912400054614,-125.61301260512306,-4.3325923471930174,12.109988828769763,25.343899040024123,-30.48061088319509,3.42,1.67,,,,84.5,1858,5.1,746735,661388,656555,668930,687401,642715,592885,686217,694192,55.38,,,,,,,,35,3,Changeup,7,0,7,0,0,7,7,0,Infield shade,Standard,130,-0.001,-0.06,73.1,8.1,0.530929428,,0.06,,7,7,0.981,0.981,26,30,26,31,3,2,,1,58,1.0,2.96,1.07,-1.07,40.3,16.478399127060325,-2.8086611061882545,33.43732784684962,40.10473303170547,29.110103541014112,pitcher
SI,2024-04-08,92.9,0.93,6.4,"Ashby, Aaron",600869,676879,,called_strike,,,,,7,,R,R,L,CIN,MIL,S,,,1,0,2024,1.35,0.55,-0.7234922161560193,2.073050851314619,,668715.0,,2,4,Bot,,,,,,,-7.023688569360053,-135.05258349869766,-6.40156456641212,18.03921056065479,29.25175917126735,-24.200661399520115,3.46210871288656,1.66265886081528,,,,91.1,2065,5.3,746735,661388,656555,668930,687401,642715,592885,686217,694192,55.25,,,,,,,,35,2,Sinker,7,0,7,0,0,7,7,0,Infield shade,Standard,71,0.0,-0.043,,,,,0.043,,7,7,0.981,0.981,26,30,26,31,3,2,,1,58,1.0,2.09,1.35,-1.35,48.9,,,,,,pitcher
CH,2024-04-08,87.5,1.12,6.42,"Ashby, Aaron",600869,676879,,ball,,,,,12,,R,R,L,CIN,MIL,B,,,0,0,2024,0.81,0.21,2.10842035679958,3.4100933224559573,,668715.0,,2,4,Bot,,,,,,,0.7008246940186419,-127.4909238912979,-1.5852594374384337,8.726608256858489,25.10410113532753,-29.784563982925025,3.44144953197703,1.71967519882672,,,,85.9,1833,5.1,746735,661388,656555,668930,687401,642715,592885,686217,694192,55.43,,,,,,,,35,1,Changeup,7,0,7,0,0,7,7,0,Infield shade,Standard,141,0.0,0.014,,,,,-0.014,,7,7,0.981,0.981,26,30,26,31,3,2,,1,58,1.0,2.75,0.81,-0.81,43.4,,,,,,pitcher
CH,2024-04-08,88.3,0.92,6.4,"Ashby, Aaron",687952,676879,field_out,hit_into_play,,,,,13,"Christian Encarnacion-Strand grounds out, third baseman Joey Ortiz to first baseman Rhys Hoskins.",R,R,L,CIN,MIL,X,5.0,ground_ball,0,2,2024,0.92,-0.03,-0.1205341822277601,0.995081286131493,,668715.0,,1,4,Bot,109.03,169.04,,,,,-4.366338724140455,-128.51016219971308,-6.898175611877727,11.143144100702711,26.331392753947707,-31.280659306470508,3.28,1.51,17.0,93.8,-4.0,86.7,1761,5.2,746735,661388,656555,668930,687401,642715,592885,686217,694192,55.3,0.321,0.308,0.0,1.0,0.0,0.0,2.0,34,3,Changeup,7,0,7,0,0,7,7,0,Infield shade,Standard,135,-0.001,-0.157,79.7,7.6,,0.36,0.157,93.8,7,7,0.982,0.982,26,24,26,25,3,2,,1,58,1.0,2.95,0.92,-0.92,43.6,17.1652502186285,-7.577021383542864,48.570531925649554,36.62979073838627,32.546518976956335,pitcher
SI,2024-04-08,93.3,1.0,6.5,"Ashby, Aaron",687952,676879,,foul,,,,,5,,R,R,L,CIN,MIL,S,,,0,1,2024,1.12,0.57,0.2367050894589633,2.2493621419485548,,668715.0,,1,4,Bot,,,,,,,-4.314552516975408,-135.72346724090718,-6.299628390314554,14.8504636267841,28.01267566243642,-24.03438285443407,3.28,1.51,214.0,79.4,40.0,91.3,2047,5.0,746735,661388,656555,668930,687401,642715,592885,686217,694192,55.53,,,,,,,,34,2,Sinker,7,0,7,0,0,7,7,0,Infield shade,Standard,139,-0.001,-0.065,69.7,6.7,,,0.065,88.0,7,7,0.983,0.983,26,24,26,25,3,2,,1,58,1.0,2.04,1.12,-1.12,46.4,2.54694023696112,15.222669371532804,39.11487819238953,39.77595036356202,19.416942455343676,pitcher
SI,2024-04-08,93.8,0.84,6.48,"Ashby, Aaron",687952,676879,,called_strike,,,,,4,,R,R,L,CIN,MIL,S,,,0,0,2024,1.05,0.73,-0.7276791673110486,2.204120457111065,,668715.0,,1,4,Bot,,,,,,,-6.216622319353357,-136.36923104967022,-6.834781506698446,14.383370827214648,27.81527502266496,-21.84427530296616,3.24115162181159,1.48553979574482,,,,92.1,2244,5.2,746735,661388,656555,668930,687401,642715,592885,686217,694192,55.34,,,,,,,,34,1,Sinker,7,0,7,0,0,7,7,0,Standard,Standard,136,0.0,-0.036,,,,,0.036,,7,7,0.983,0.983,26,24,26,25,3,2,,1,58,1.0,1.85,1.05,-1.05,47.1,,,,,,pitcher
CH,2024-04-08,88.2,0.95,6.37,"Ashby, Aaron",668715,676879,double,hit_into_play,,,,,8,Spencer Steer doubles (3) on a sharp line drive to center fielder Sal Frelick. Will Benson scores. Stuart Fairchild scores.,R,R,L,CIN,MIL,X,8.0,line_drive,1,2,2024,1.11,0.24,-0.1339142828312385,1.9704900805787453,666181.0,656413.0,,1,4,Bot,114.15,97.47,,,,,-4.833695852159389,-128.37190121745152,-5.085294640981388,13.309282540371855,23.80030515508926,-28.74260516342591,3.33,1.62,256.0,101.4,13.0,87.0,1971,5.3,746735,661388,656555,668930,687401,642715,592885,686217,694192,55.25,0.916,0.892,1.25,1.0,1.0,1.0,4.0,33,4,Changeup,5,0,5,0,0,7,7,0,Strategic,Standard,132,0.025,0.829,68.4,7.1,,1.138,-0.829,101.4,5,5,0.958,0.958,26,26,26,27,3,2,,1,58,1.0,2.67,1.11,-1.11,50.7,-1.2873950116622972,2.0987942275007083,34.400019060555046,33.296371904470924,30.58186327828684,pitcher
SI,2024-04-08,93.7,1.0,6.49,"Ashby, Aaron",668715,676879,,ball,,,,,12,,R,R,L,CIN,MIL,B,,,0,2,2024,1.07,0.85,0.5392822504494117,4.225415568380111,666181.0,656413.0,,1,4,Bot,,,,,,,-3.4623377874700685,-136.53991943584657,-2.0340930216620032,14.161836691281604,27.37495730271493,-21.24410940626051,3.31466661229577,1.63318175296448,,,,92.2,2056,5.1,746735,661388,656555,668930,687401,642715,592885,686217,694192,55.36,,,,,,,,33,3,Sinker,5,0,5,0,0,5,5,0,Strategic,Standard,134,0.001,0.007,,,,,-0.007,,5,5,0.957,0.957,26,26,26,27,3,2,,1,58,1.0,1.72,1.07,-1.07,49.3,,,,,,pitcher
SI,2024-04-08,93.9,0.92,6.47,"Ashby, Aaron",668715,676879,,foul,,,,,4,,R,R,L,CIN,MIL,S,,,0,1,2024,1.15,0.65,-0.3807854325226649,2.353515182679549,666181.0,656413.0,,1,4,Bot,,,,,,,-5.784587560413047,-136.59540870777334,-6.2869400199334775,15.650154147117112,29.25004731468892,-22.82402144316382,3.33,1.62,217.0,84.7,54.0,92.2,2063,5.3,746735,661388,656555,668930,687401,642715,592885,686217,694192,55.25,,,,,,,,33,2,Sinker,5,0,5,0,0,5,5,0,Strategic,Standard,139,-0.004,-0.087,69.6,6.9,,,0.087,88.0,5,5,0.961,0.961,26,26,26,27,3,2,,1,58,1.0,1.93,1.15,-1.15,44.5,7.720525143957966,5.067625439902451,32.66355797217816,30.536228009237995,27.41383276945137,pitcher
CH,2024-04-08,87.9,1.11,6.42,"Ashby, Aaron",668715,676879,,called_strike,,,,,6,,R,R,L,CIN,MIL,S,,,0,0,2024,1.19,0.06,0.731985163661201,2.3332953346917646,,666181.0,656413.0,1,4,Bot,,,,,,,-3.293490247209804,-127.94261557377592,-3.8545677460630463,13.727296646606806,26.49004213117521,-30.97566553197304,3.28097237818402,1.59234658368464,,,,86.1,1762,5.1,746735,661388,656555,668930,687401,642715,592885,686217,694192,55.36,,,,,,,,33,1,Changeup,5,0,5,0,0,5,5,0,Infield shade,Standard,132,0.008,-0.039,,,,,0.039,,5,5,0.953,0.953,26,26,26,27,3,2,,1,58,1.0,2.89,1.19,-1.19,46.5,,,,,,pitcher
CH,2024-04-08,89.2,0.94,6.44,"Ashby, Aaron",656413,676879,walk,ball,,,,,14,Stuart Fairchild walks.,R,R,L,CIN,MIL,B,,,3,2,2024,1.15,0.36,1.00485527892961,1.5521599667423742,,666181.0,,1,4,Bot,,,,,,,-2.220066406336848,-129.8515066748394,-6.645758385967402,13.515703373945009,27.55971984349449,-26.93690053156905,3.37060397009135,1.53620430044966,,,,87.5,1859,5.2,746735,661388,656555,668930,687401,642715,592885,686217,694192,55.26,,0.689131,0.7,1.0,0.0,0.0,,32,7,Changeup,5,0,5,0,0,5,5,0,Infield shade,Standard,132,0.002,0.21,,,,,-0.21,,5,5,0.951,0.951,26,28,26,28,3,2,,1,58,1.0,2.51,1.15,-1.15,42.4,,,,,,pitcher
SI,2024-04-08,94.6,0.96,6.44,"Ashby, Aaron",656413,676879,,foul,,,,,4,,R,R,L,CIN,MIL,S,,,3,2,2024,1.31,0.48,-0.790874423879838,2.535085722169504,,666181.0,,1,4,Bot,,,,,,,-7.332944106150135,-137.54666416741688,-5.515357838140349,18.24846931405928,29.75647642804897,-24.99612251883114,3.4,1.58,6.0,102.8,-21.0,93.1,3311,5.4,746735,661388,656555,668930,687401,642715,592885,686217,694192,55.14,,,,,,,,32,6,Sinker,5,0,5,0,0,5,5,0,Standard,Standard,91,0.0,0.0,63.2,6.7,,,0.0,102.8,5,5,0.951,0.951,26,28,26,28,3,2,,1,58,1.0,2.06,1.31,-1.31,45.3,13.9934111589668,-2.504523482002743,34.60425609782843,25.518608796286163,30.10763041578474,pitcher
CH,2024-04-08,88.8,1.09,6.43,"Ashby, Aaron",656413,676879,,swinging_strike,,,,,8,,R,R,L,CIN,MIL,S,,,3,1,2024,1.18,0.16,0.2130350888477976,1.837643400993811,,666181.0,,1,4,Bot,,,,,,,-4.49730649840977,-129.33588958757272,-5.496084018540113,14.158365725782511,24.99170548779207,-29.435536146853583,3.4,1.58,,,,87.4,2000,5.2,746735,661388,656555,668930,687401,642715,592885,686217,694192,55.31,,,,,,,,32,5,Changeup,5,0,5,0,0,5,5,0,Standard,Standard,123,-0.001,-0.086,73.5,8.3,1.554211716,,0.086,,5,5,0.952,0.952,26,28,26,28,3,2,,1,58,1.0,2.7,1.18,-1.18,43.9,22.84107280941073,-26.328058872575703,37.18433686600543,37.29985807608685,45.52889558660151,pitcher
CH,2024-04-08,86.9,1.05,6.36,"Ashby, Aaron",656413,676879,,blocked_ball,,,,,13,,R,R,L,CIN,MIL,B,,,2,1,2024,1.19,0.48,-0.3820864916183024,0.5387191967848621,,666181.0,,1,4,Bot,,,,,,,-5.728443545754682,-126.28498586360443,-8.606389448895587,13.863884752835714,24.32099822828466,-25.566845852226816,3.3270851390282,1.5285256892153,,,,85.4,1590,5.3,746735,661388,656555,668930,687401,642715,592885,686217,694192,55.22,,,,,,,,32,4,Changeup,5,0,5,0,0,5,5,0,Standard,Standard,136,0.001,0.078,,,,,-0.078,,5,5,0.951,0.951,26,28,26,28,3,2,,1,58,1.0,2.54,1.19,-1.19,41.2,,,,,,pitcher
SI,2024-04-08,93.5,0.94,6.54,"Ashby, Aaron",656413,676879,,ball,,,,,12,,R,R,L,CIN,MIL,B,,,1,1,2024,1.33,0.67,1.0362505378644644,3.655197391457156,,666181.0,,1,4,Bot,,,,,,,-2.624598077387252,-136.14796871194,-3.1337658210892547,17.133253835865062,30.237859494956652,-23.33360875759016,3.38502826609106,1.55780919915586,,,,91.6,2095,5.1,746735,661388,656555,668930,687401,642715,592885,686217,694192,55.36,,,,,,,,32,3,Sinker,5,0,5,0,0,5,5,0,Standard,Standard,141,0.0,0.038,,,,,-0.038,,5,5,0.951,0.951,26,28,26,28,3,2,,1,58,1.0,1.93,1.33,-1.33,42.5,,,,,,pitcher
SI,2024-04-08,93.6,0.84,6.44,"Ashby, Aaron",656413,676879,,ball,,,,,13,,R,R,L,CIN,MIL,B,,,0,1,2024,1.0,0.64,-1.2571571274160194,2.2513399856536385,,666181.0,,1,4,Bot,,,,,,,-7.459697225612157,-136.12876312265686,-6.440477394947544,14.04313612467688,26.73450700531231,-23.030562267644463,3.33478227486118,1.55061762057056,,,,92.3,2137,5.3,746735,661388,656555,668930,687401,642715,592885,686217,694192,55.19,,,,,,,,32,2,Sinker,5,0,5,0,0,5,5,0,Standard,Standard,142,0.001,0.021,,,,,-0.021,,5,5,0.95,0.95,26,28,26,28,3,2,,1,58,1.0,1.94,1.0,-1.0,45.5,,,,,,pitcher
CH,2024-04-08,87.5,1.02,6.47,"Ashby, Aaron",656413,676879,,swinging_strike,,,,,14,,R,R,L,CIN,MIL,S,,,0,0,2024,1.29,0.01,0.1595360358100628,0.7750286489169818,,666181.0,,1,4,Bot,,,,,,,-4.6224661870273485,-127.26801136351122,-7.485857639789778,14.967137764072705,25.456533848461834,-30.79292040303456,3.4,1.58,,,,85.8,1728,5.2,746735,661388,656555,668930,687401,642715,592885,686217,694192,55.34,,,,,,,,32,1,Changeup,5,0,5,0,0,5,5,0,Standard,Standard,136,-0.001,-0.036,71.5,8.4,6.999937248,,0.036,,5,5,0.951,0.951,26,28,26,28,3,2,,1,58,1.0,2.97,1.29,-1.29,43.1,24.39060060266958,-23.28192487576788,42.08946115288057,36.380125720620654,47.16300316940402,pitcher
CH,2024-04-08,88.0,1.04,6.48,"Ashby, Aaron",669352,676879,strikeout,swinging_strike,,,,,14,Bubba Thompson strikes out swinging.,R,R,L,CIN,MIL,S,2.0,,2,2,2024,1.25,0.21,1.001970237600455,1.9583393992419544,,666181.0,,0,4,Bot,,,,,,,-2.622783379921172,-128.03431952601537,-5.178094722567881,14.267112394492107,27.626546085247423,-29.02084827499991,3.35,1.51,,,,86.0,1765,5.1,746735,661388,656555,668930,687401,642715,592885,686217,694192,55.41,,0.0,0.0,1.0,0.0,0.0,,31,5,Changeup,5,0,5,0,0,5,5,0,Standard,Standard,135,-0.006,-0.291,69.0,7.6,4.684424028,,0.291,,5,5,0.957,0.957,26,26,26,26,2,1,,1,58,5.0,2.75,1.25,-1.25,43.5,12.76358043742714,-11.910032541989905,26.660564979990397,50.522018611502006,40.45864764491769,pitcher
SI,2024-04-08,93.5,0.89,6.57,"Ashby, Aaron",669352,676879,,ball,,,,,13,,R,R,L,CIN,MIL,B,,,1,2,2024,1.16,0.6,-0.8154421947534121,1.4255950704000138,,666181.0,,0,4,Bot,,,,,,,-6.818123987487543,-135.8430653065232,-8.704319259748088,15.865178677577015,27.903025312620084,-23.05756831029282,3.52886641701984,1.49630153196598,,,,91.9,2097,5.3,746735,661388,656555,668930,687401,642715,592885,686217,694192,55.2,,,,,,,,31,4,Sinker,5,0,5,0,0,5,5,0,Standard,Standard,141,0.001,0.054,,,,,-0.054,,5,5,0.956,0.956,26,26,26,26,2,1,,1,58,5.0,2.0,1.16,-1.16,44.8,,,,,,pitcher
CH,2024-04-08,87.1,1.12,6.41,"Ashby, Aaron",669352,676879,,swinging_strike,,,,,13,,R,R,L,CIN,MIL,S,,,1,1,2024,1.2,0.26,-0.2638933937423806,1.189411021168505,,666181.0,,0,4,Bot,,,,,,,-5.663621406450263,-126.64684033227982,-6.813190786406784,14.047998099678036,24.33007179187588,-28.21977066863895,3.35,1.51,,,,85.6,1794,5.2,746735,661388,656555,668930,687401,642715,592885,686217,694192,55.26,,,,,,,,31,3,Changeup,5,0,5,0,0,5,5,0,Standard,Standard,129,-0.002,-0.073,71.5,8.2,1.860360912,,0.073,,5,5,0.958,0.958,26,26,26,26,2,1,,1,58,5.0,2.73,1.2,-1.2,43.4,20.33348898991038,-22.262422443465137,39.205485040434624,36.21323992879893,42.33298195503219,pitcher
CH,2024-04-08,91.7,1.1,6.5,"Ashby, Aaron",669352,676879,,foul,,,,,6,,R,R,L,CIN,MIL,S,,,1,0,2024,1.27,0.43,0.4668568558038917,2.3564398495952985,,666181.0,,0,4,Bot,,,,,,,-4.243431550464138,-133.51263643839772,-5.488874624631135,16.128484747983155,27.748785723726616,-26.009820024004608,3.35,1.51,3.0,70.1,-33.0,90.1,1887,5.2,746735,661388,656555,668930,687401,642715,592885,686217,694192,55.33,,,,,,,,31,2,Changeup,5,0,5,0,0,5,5,0,Standard,Standard,137,0.0,-0.036,70.8,7.0,,,0.036,88.0,5,5,0.958,0.958,26,26,26,26,2,1,,1,58,5.0,2.26,1.27,-1.27,43.8,11.601234354453668,12.003242749637964,25.99471673124941,45.55922172572411,25.778158496922597,pitcher
SI,2024-04-08,93.1,0.79,6.6,"Ashby, Aaron",669352,676879,,ball,,,,,13,,R,R,L,CIN,MIL,B,,,0,0,2024,0.83,0.52,-1.343225434075625,2.416744405518509,,666181.0,,0,4,Bot,,,,,,,-7.161184783200417,-135.46156099880204,-6.040260329417079,11.778367682919374,27.56033525300646,-24.672424888717877,3.48787136058892,1.48613731618341,,,,91.6,2022,5.3,746735,661388,656555,668930,687401,642715,592885,686217,694192,55.24,,,,,,,,31,1,Sinker,5,0,5,0,0,5,5,0,Standard,Standard,145,0.0,0.038,,,,,-0.038,,5,5,0.958,0.958,26,26,26,26,2,1,,1,58,5.0,2.1,0.83,-0.83,47.2,,,,,,pitcher
CH,2024-04-08,89.0,0.91,6.44,"Ashby, Aaron",666181,676879,double,hit_into_play,,,,,5,Will Benson doubles (5) on a ground ball to right fielder Jackson Chourio. Santiago Espinal scores.,R,L,L,CIN,MIL,X,9.0,ground_ball,0,0,2024,0.67,0.44,0.0160475708259125,2.6657669325777698,669289.0,,,0,4,Bot,195.69,124.2,,,,,-3.524113837241836,-129.58943133046245,-4.123943851702031,8.266203582808876,25.11483885051752,-26.6274404758814,3.74,1.79,58.0,82.7,3.0,87.6,1848,5.2,746735,661388,656555,668930,687401,642715,592885,686217,694192,55.27,0.315,0.285,1.25,1.0,1.0,1.0,2.0,30,1,Changeup,4,0,4,0,0,5,5,0,Strategic,Standard,128,0.018,0.566,76.4,8.3,,0.381,-0.566,88.0,4,4,0.94,0.94,26,26,26,26,2,1,,1,58,1.0,2.42,0.67,0.67,42.4,17.89787530939569,-14.418404196156407,35.55944210015798,40.79090030759195,33.69560752736783,pitcher
CH,2024-04-08,88.4,1.14,6.46,"Ashby, Aaron",669289,676879,sac_bunt,hit_into_play,,,,,2,Santiago Espinal hits a sacrifice bunt. Throwing error by third baseman Joey Ortiz. Tyler Stephenson scores. Elly De La Cruz scores. Santiago Espinal to 3rd.,R,R,L,CIN,MIL,X,5.0,ground_ball,0,1,2024,0.74,0.82,0.0033263653727959,3.00410309606884,,663886.0,682829.0,0,4,Bot,112.39,185.42,,,,,-4.22345329782982,-128.65837854975584,-3.9866532434701,9.10525445775572,26.7773916109212,-22.48745631012225,3.43,1.63,3.0,41.5,-48.0,86.7,1695,5.2,746735,661388,656555,668930,687401,642715,592885,686217,694192,55.27,,,0.9,0.0,0.0,0.0,1.0,29,2,Changeup,2,0,2,0,0,4,4,0,Standard,Standard,129,0.101,0.044,,,,,-0.044,88.0,2,2,0.839,0.839,26,29,26,30,2,1,,1,58,2.0,2.1,0.74,-0.74,45.1,,,,,,pitcher
SI,2024-04-08,93.8,0.93,6.58,"Ashby, Aaron",669289,676879,,called_strike,,,,,2,,R,R,L,CIN,MIL,S,,,0,0,2024,0.99,0.56,-0.1245609544028703,3.3616130525123045,,663886.0,682829.0,0,4,Bot,,,,,,,-4.790120758838386,-136.56296894384562,-3.808817044302852,13.399859923120752,28.25909654838584,-24.541223227930843,3.38478517463007,1.58473676731789,,,,92.3,2027,5.2,746735,661388,656555,668930,687401,642715,592885,686217,694192,55.3,,,,,,,,29,1,Sinker,2,0,2,0,0,2,2,0,Strategic,Standard,140,-0.005,-0.044,,,,,0.044,,2,2,0.844,0.844,26,29,26,30,2,1,,1,58,2.0,2.02,0.99,-0.99,45.3,,,,,,pitcher
SI,2024-04-08,94.5,0.93,6.49,"Ashby, Aaron",682829,676879,single,hit_into_play,,,,,5,Elly De La Cruz singles on a ground ball to right fielder Jackson Chourio. Tyler Stephenson to 2nd.,R,R,L,CIN,MIL,X,9.0,ground_ball,2,2,2024,0.94,0.73,-0.2057534463327054,2.420450150148436,,,663886.0,0,4,Bot,166.6,116.93,,,,,-4.937666034091971,-137.5171298178616,-6.443543734656656,12.987586487389189,28.95263179992717,-21.723760946563896,3.64,1.77,26.0,99.5,-4.0,92.8,2138,5.2,746735,661388,656555,668930,687401,642715,592885,686217,694192,55.32,0.319,0.48,0.9,1.0,1.0,0.0,2.0,28,6,Sinker,2,0,2,0,0,2,2,0,Standard,Standard,141,0.038,0.462,69.1,6.3,,0.403,-0.462,99.5,2,2,0.806,0.806,26,22,26,22,2,1,,1,58,1.0,1.81,0.94,-0.94,45.8,-7.887591804419556,24.0405909589566,36.85575964208011,35.60913662328093,24.36569669894752,pitcher
CH,2024-04-08,89.8,1.09,6.37,"Ashby, Aaron",682829,676879,,foul,,,,,4,,R,R,L,CIN,MIL,S,,,2,2,2024,0.75,0.42,-0.4234383574287987,2.494690385813358,,,663886.0,0,4,Bot,,,,,,,-5.228890513364139,-130.80230083066095,-4.494250680236157,9.692085930479946,25.146297355313436,-26.61577455457661,3.64,1.77,,,,88.5,1858,5.2,746735,661388,656555,668930,687401,642715,592885,686217,694192,55.29,,,,,,,,28,5,Changeup,2,0,2,0,0,2,2,0,Standard,Standard,126,0.0,0.0,83.7,7.2,,,0.0,,2,2,0.806,0.806,26,22,26,22,2,1,,1,58,1.0,2.38,0.75,-0.75,43.9,10.572520437201646,-7.59869945265686,34.73192093464458,32.74399511743745,38.12622720327502,pitcher
CH,2024-04-08,88.2,1.14,6.36,"Ashby, Aaron",682829,676879,,swinging_strike,,,,,13,,R,R,L,CIN,MIL,S,,,2,1,2024,0.96,0.47,-0.4491746252641421,1.215844688704606,,,663886.0,0,4,Bot,,,,,,,-5.716679587933469,-128.22318877874054,-7.311663317640578,11.7135030789049,24.212891821295653,-25.696726888340983,3.64,1.77,,,,86.7,1769,5.2,746735,661388,656555,668930,687401,642715,592885,686217,694192,55.32,,,,,,,,28,4,Changeup,2,0,2,0,0,2,2,0,Standard,Standard,129,-0.007,-0.048,77.0,8.2,1.159242408,,0.048,,2,2,0.813,0.813,26,22,26,22,2,1,,1,58,1.0,2.44,0.96,-0.96,45.7,18.27542580126764,-18.314648400188,42.5433591256493,32.88373291039292,45.222501533846966,pitcher
SI,2024-04-08,93.7,1.05,6.49,"Ashby, Aaron",682829,676879,,foul,,,,,2,,R,R,L,CIN,MIL,S,,,2,0,2024,1.1,0.65,0.1065667512875803,3.52109605311997,,,663886.0,0,4,Bot,,,,,,,-4.747174089927586,-136.49061313346658,-3.3746129970711385,14.821128687186343,28.07554373313491,-23.480039698681185,3.64,1.77,267.0,86.1,42.0,92.0,2243,5.1,746735,661388,656555,668930,687401,642715,592885,686217,694192,55.43,,,,,,,,28,3,Sinker,2,0,2,0,0,2,2,0,Standard,Standard,56,-0.007,-0.074,66.6,6.2,,,0.074,88.0,2,2,0.82,0.82,26,22,26,22,2,1,,1,58,1.0,1.92,1.1,-1.1,50.4,-1.8951594835753105,22.15469293705464,28.13413801626764,38.39127937163413,23.36974467824111,pitcher
CH,2024-04-08,88.5,0.99,6.49,"Ashby, Aaron",682829,676879,,ball,,,,,11,,R,R,L,CIN,MIL,B,,,1,0,2024,1.02,0.7,-1.1767011539988483,2.838027846951345,,,663886.0,0,4,Bot,,,,,,,-7.253423479074215,-128.70810832405607,-4.252911359304855,12.824264536923332,25.14931440189592,-23.750779681348035,3.74866633836298,1.80759695513184,,,,87.0,1942,5.2,746735,661388,656555,668930,687401,642715,592885,686217,694192,55.29,,,,,,,,28,2,Changeup,2,0,2,0,0,2,2,0,Standard,Standard,136,0.007,0.068,,,,,-0.068,,2,2,0.813,0.813,26,22,26,22,2,1,,1,58,1.0,2.2,1.02,-1.02,51.9,,,,,,pitcher
CH,2024-04-08,86.7,1.06,6.37,"Ashby, Aaron",682829,676879,,ball,,,,,13,,R,R,L,CIN,MIL,B,,,0,0,2024,1.18,0.12,-0.8057556797788543,1.55169374454688,,,663886.0,0,4,Bot,,,,,,,-6.710860089099264,-126.14566143288783,-5.534558688770593,13.934088760983183,23.41657633032581,-29.98261263183728,3.6620514174719,1.70671792665151,,,,85.3,1935,5.2,746735,661388,656555,668930,687401,642715,592885,686217,694192,55.28,,,,,,,,28,1,Changeup,2,0,2,0,0,2,2,0,Standard,Standard,132,0.004,0.041,,,,,-0.041,,2,2,0.809,0.809,26,22,26,22,2,1,,1,58,1.0,2.89,1.18,-1.18,40.1,,,,,,pitcher
SI,2024-04-08,91.4,1.22,6.56,"Ashby, Aaron",663886,676879,single,hit_into_play,,,,,6,Tyler Stephenson singles on a ground ball to center fielder Sal Frelick.,R,R,L,CIN,MIL,X,8.0,ground_ball,0,0,2024,1.15,0.62,0.620605931433464,2.429423537469685,,,,0,4,Bot,118.73,116.93,,,,,-3.891658724287943,-133.10097225975454,-5.800988088093723,14.480045169921397,27.44128709297955,-23.778291001633107,3.23,1.57,11.0,82.5,-12.0,89.7,662,5.1,746735,661388,656555,668930,687401,642715,592885,686217,694192,55.36,0.078,0.105,0.9,1.0,1.0,0.0,2.0,27,1,Sinker,2,0,2,0,0,2,2,0,Standard,Standard,164,0.023,0.448,71.0,7.6,,0.078,-0.448,88.0,2,2,0.786,0.786,26,27,26,28,2,1,,2,58,1.0,2.1,1.15,-1.15,51.5,8.269544877862199,4.0083981533432285,33.114980998619394,48.66490817832188,22.55029602758701,pitcher
CH,2024-04-08,88.6,0.94,6.4,"Ashby, Aaron",600869,676879,strikeout,swinging_strike,,,,,9,Jeimer Candelario strikes out swinging.,R,R,L,CIN,MIL,S,2.0,,1,2,2024,1.14,0.4,0.4503920900561748,1.9846569676873835,,656413.0,,2,3,Bot,,,,,,,-3.5137350512091894,-128.85361083640333,-5.449216850649766,13.453379697821994,27.474972187335634,-26.72443473973024,3.42,1.67,,,,86.9,1612,5.3,746735,661388,656555,668930,687401,642715,592885,686217,694192,55.21,,0.0,0.0,1.0,0.0,0.0,,23,4,Changeup,2,0,2,0,0,2,2,0,Standard,Standard,136,-0.017,-0.213,70.3,8.1,0.217996452,,0.213,,2,2,0.746,0.746,26,30,26,31,2,1,,1,58,1.0,2.51,1.14,-1.14,44.6,18.198817616260666,-16.70390585167698,35.218484860370125,39.39091017390285,39.28337052585002,pitcher
SI,2024-04-08,94.3,0.99,6.5,"Ashby, Aaron",600869,676879,,called_strike,,,,,7,,R,R,L,CIN,MIL,S,,,1,1,2024,1.29,0.75,-0.7026505780273744,1.7538097005255486,,656413.0,,2,3,Bot,,,,,,,-7.095373247280321,-137.05491244221795,-8.152060269525052,17.78871549657362,29.84841785569756,-21.04241987075187,3.56149669519301,1.7474441545047,,,,92.5,2110,5.2,746735,661388,656555,668930,687401,642715,592885,686217,694192,55.27,,,,,,,,23,3,Sinker,2,0,2,0,0,2,2,0,Standard,Standard,144,-0.007,-0.06,,,,,0.06,,2,2,0.753,0.753,26,30,26,31,2,1,,1,58,1.0,1.81,1.29,-1.29,44.3,,,,,,pitcher
CH,2024-04-08,86.6,1.1,6.45,"Ashby, Aaron",600869,676879,,ball,,,,,3,,R,R,L,CIN,MIL,B,,,0,1,2024,1.02,0.16,0.7580117551265962,3.2880157269293377,,656413.0,,2,3,Bot,,,,,,,-2.8131140682674536,-126.07701368280031,-1.6663473426329558,11.40719237185995,25.625895865994654,-30.35083054716161,3.53853665217171,1.71732174464583,,,,84.7,1786,5.0,746735,661388,656555,668930,687401,642715,592885,686217,694192,55.48,,,,,,,,23,2,Changeup,2,0,2,0,0,2,2,0,Standard,Standard,132,0.003,0.012,,,,,-0.012,,2,2,0.75,0.75,26,30,26,31,2,1,,1,58,1.0,2.88,1.02,-1.02,46.1,,,,,,pitcher
CU,2024-04-08,79.0,1.07,6.44,"Ashby, Aaron",600869,676879,,called_strike,,,,,5,,R,R,L,CIN,MIL,S,,,0,0,2024,-0.73,-1.37,-0.0201737422146777,2.303719103216463,,656413.0,,2,3,Bot,,,,,,,-0.9876729674244408,-114.98779128465002,0.4044129989988698,-6.193145350964523,25.030130051507264,-44.47157724407796,3.41924430818505,1.64734961206575,,,,76.9,2560,5.2,746735,661388,656555,668930,687401,642715,592885,686217,694192,55.32,,,,,,,,23,1,Curveball,2,0,2,0,0,2,2,0,Standard,Standard,323,-0.004,-0.04,,,,,0.04,,2,2,0.754,0.754,26,30,26,31,2,1,,1,58,1.0,5.07,-0.73,0.73,46.9,,,,,,pitcher
CH,2024-04-08,86.3,1.02,6.45,"Ashby, Aaron",687952,676879,field_out,hit_into_play,,,,,7,"Christian Encarnacion-Strand grounds out, third baseman Joey Ortiz to first baseman Rhys Hoskins.",R,R,L,CIN,MIL,X,5.0,ground_ball,0,0,2024,0.98,0.19,-0.4425972417725874,1.6798391976043874,,656413.0,,1,3,Bot,107.82,170.86,,,,,-5.332968681470828,-125.57374060866866,-5.406765240620689,11.405713644899244,25.336801476888823,-29.308485421032668,3.28,1.51,14.0,97.2,-5.0,84.4,1791,5.0,746735,661388,656555,668930,687401,642715,592885,686217,694192,55.47,0.285,0.256,0.0,1.0,0.0,0.0,2.0,22,1,Changeup,2,0,2,0,0,2,2,0,Infield shade,Standard,129,-0.025,-0.259,72.3,7.4,,0.304,0.259,97.2,2,2,0.779,0.779,26,24,26,25,2,1,,1,58,1.0,2.87,0.98,-0.98,40.8,16.872641959963847,-8.102924363928464,47.4965324834124,32.53159255017394,31.970347913101048,pitcher
CH,2024-04-08,87.9,1.06,6.47,"Ashby, Aaron",668715,676879,field_out,hit_into_play,,,,,3,Spencer Steer flies out sharply to center fielder Sal Frelick. Stuart Fairchild to 2nd.,R,R,L,CIN,MIL,X,8.0,fly_ball,1,0,2024,0.84,0.77,0.2938761900713248,3.2396036689890746,,,656413.0,0,3,Bot,133.2,55.19,,,,,-3.5026906607822164,-127.9592981255656,-3.248175189270849,9.918592224215342,27.04189015241567,-23.22358830708165,3.33,1.62,356.0,101.4,38.0,86.1,1997,5.1,746735,661388,656555,668930,687401,642715,592885,686217,694192,55.35,0.312,0.6157999999999999,0.0,1.0,0.0,0.0,5.0,21,2,Changeup,2,0,2,0,0,2,2,0,Standard,Standard,140,-0.014,-0.287,68.9,7.5,,1.215,0.287,101.4,2,2,0.793,0.793,26,26,26,27,2,1,,1,58,1.0,2.18,0.84,-0.84,44.1,19.04896213254782,-11.26998203656744,19.89553822461832,39.451613171361686,28.94710290856215,pitcher
SI,2024-04-08,94.1,0.98,6.48,"Ashby, Aaron",668715,676879,,ball,,,,,13,,R,R,L,CIN,MIL,B,,,0,0,2024,1.06,0.76,-1.206344459827427,1.87319296450812,,,656413.0,0,3,Bot,,,,,,,-7.87427141127888,-136.7056292008879,-7.809158671425336,15.056926046209526,28.850710463113643,-21.082103077689048,3.33949164658904,1.55804498239833,,,,92.5,2176,5.3,746735,661388,656555,668930,687401,642715,592885,686217,694192,55.2,,,,,,,,21,1,Sinker,2,0,2,0,0,2,2,0,Standard,Standard,143,0.004,0.041,,,,,-0.041,,2,2,0.789,0.789,26,26,26,27,2,1,,1,58,1.0,1.81,1.06,-1.06,43.3,,,,,,pitcher
SI,2024-04-08,92.7,1.0,6.58,"Ashby, Aaron",656413,676879,walk,ball,,,,,12,Stuart Fairchild walks.,R,R,L,CIN,MIL,B,,,3,0,2024,1.15,0.75,0.469166705081704,4.164368177293238,,,,0,3,Bot,,,,,,,-3.758149313324509,-134.97199772107035,-1.973241894236363,14.82438082051434,29.87899872593397,-22.811232451444837,3.38527829036196,1.55089744448274,,,,90.6,2117,5.0,746735,661388,656555,668930,687401,642715,592885,686217,694192,55.5,,0.689131,0.7,1.0,0.0,0.0,,20,4,Sinker,2,0,2,0,0,2,2,0,Standard,Standard,141,0.01,0.197,,,,,-0.197,,2,2,0.779,0.779,26,28,26,28,2,1,,1,58,1.0,1.9,1.15,-1.15,45.1,,,,,,pitcher
SI,2024-04-08,94.1,0.78,6.59,"Ashby, Aaron",656413,676879,,ball,,,,,11,,R,R,L,CIN,MIL,B,,,2,0,2024,1.19,0.55,-0.0665846139943584,3.7637056334469374,,,,0,3,Bot,,,,,,,-4.714039582142311,-137.02151290837878,-2.836000739870588,16.03063334316395,29.65479333114245,-24.776759100086945,3.37092219073143,1.54370680626786,,,,92.3,2151,5.2,746735,661388,656555,668930,687401,642715,592885,686217,694192,55.35,,,,,,,,20,3,Sinker,2,0,2,0,0,2,2,0,Standard,Standard,153,0.008,0.147,,,,,-0.147,,2,2,0.771,0.771,26,28,26,28,2,1,,1,58,1.0,2.01,1.19,-1.19,47.4,,,,,,pitcher
CH,2024-04-08,87.2,1.12,6.43,"Ashby, Aaron",656413,676879,,ball,,,,,13,,R,R,L,CIN,MIL,B,,,1,0,2024,1.14,-0.13,-1.6447034973376664,-0.460291860488625,,,,0,3,Bot,,,,,,,-8.777441289112668,-126.32755568826552,-9.86241111775696,14.040516778701202,26.133999587772134,-31.673805731961064,3.32044765373078,1.52188849657718,,,,85.2,1917,5.3,746735,661388,656555,668930,687401,642715,592885,686217,694192,55.24,,,,,,,,20,2,Changeup,2,0,2,0,0,2,2,0,Standard,Standard,126,0.005,0.069,,,,,-0.069,,2,2,0.766,0.766,26,28,26,28,2,1,,1,58,1.0,3.16,1.14,-1.14,39.6,,,,,,pitcher
CH,2024-04-08,85.6,1.23,6.43,"Ashby, Aaron",656413,676879,,ball,,,,,14,,R,R,L,CIN,MIL,B,,,0,0,2024,1.32,0.31,1.2408117770509497,2.1657384309435685,,,,0,3,Bot,,,,,,,-2.583891647399687,-124.60260920721784,-4.305124700687694,14.23796801650542,27.08552435384646,-28.205491319843333,3.36188384374407,1.54183164410981,,,,83.6,1544,5.2,746735,661388,656555,668930,687401,642715,592885,686217,694192,55.34,,,,,,,,20,1,Changeup,2,0,2,0,0,2,2,0,Standard,Standard,130,0.002,0.038,,,,,-0.038,,2,2,0.764,0.764,26,28,26,28,2,1,,1,58,1.0,2.81,1.32,-1.32,44.1,,,,,,pitcher
SI,2024-04-08,94.2,0.82,6.5,"Ashby, Aaron",669352,676879,field_out,hit_into_play,,,,,8,"Bubba Thompson grounds out, shortstop Willy Adames to first baseman Rhys Hoskins.",R,R,L,CIN,MIL,X,6.0,ground_ball,2,2,2024,1.14,0.47,0.1380283849356436,1.681366001259777,,,,2,2,Bot,116.3,157.53,,,,,-4.193521512482368,-137.05383181265228,-7.738660550452897,15.339151661599717,28.899926185380163,-24.77736217167948,3.35,1.51,5.0,89.9,-18.0,92.4,2048,5.1,746735,661388,656555,668930,687401,642715,592885,686217,694192,55.39,0.106,0.105,0.0,1.0,0.0,0.0,2.0,16,5,Sinker,2,0,2,0,0,2,2,0,Standard,Standard,140,-0.007,-0.219,69.9,7.0,,0.133,0.219,89.9,2,2,0.719,0.719,26,26,26,26,1,0,,1,58,5.0,2.09,1.14,-1.14,45.7,4.767476305613198,8.156305648068889,34.292328482893694,39.33157846082081,25.386906284920304,pitcher
CH,2024-04-08,87.2,1.12,6.29,"Ashby, Aaron",669352,676879,,ball,,,,,14,,R,R,L,CIN,MIL,B,,,1,2,2024,1.12,0.04,0.0787617570150672,-0.0791887364853796,,,,2,2,Bot,,,,,,,-4.684775872868656,-126.6799642264609,-9.060615075008633,12.96578565172772,25.025422634074584,-30.10084754819036,3.50092224386303,1.48011355118165,,,,85.5,1820,5.2,746735,661388,656555,668930,687401,642715,592885,686217,694192,55.3,,,,,,,,16,4,Changeup,2,0,2,0,0,2,2,0,Standard,Standard,126,0.001,0.039,,,,,-0.039,,2,2,0.718,0.718,26,26,26,26,1,0,,1,58,5.0,2.96,1.12,-1.12,48.5,,,,,,pitcher
SI,2024-04-08,93.5,0.95,6.54,"Ashby, Aaron",669352,676879,,ball,,,,,12,,R,R,L,CIN,MIL,B,,,0,2,2024,1.09,0.49,1.4276631516088507,3.5105147367587257,,,,2,2,Bot,,,,,,,-1.1290935618394955,-136.22823478744775,-3.1149993609442173,13.81052197745596,29.638551548501148,-25.562594182593376,3.51254983948402,1.48726187753842,,,,91.5,2066,5.0,746735,661388,656555,668930,687401,642715,592885,686217,694192,55.51,,,,,,,,16,3,Sinker,2,0,2,0,0,2,2,0,Standard,Standard,140,0.001,0.023,,,,,-0.023,,2,2,0.717,0.717,26,26,26,26,1,0,,1,58,5.0,2.11,1.09,-1.09,50.8,,,,,,pitcher
CH,2024-04-08,88.6,1.06,6.39,"Ashby, Aaron",669352,676879,,foul,,,,,3,,R,R,L,CIN,MIL,S,,,0,1,2024,1.03,0.34,0.3633833073907276,2.9713243960531326,,,,2,2,Bot,,,,,,,-3.74927373981706,-129.0020087421264,-2.9985983851578184,12.30012240326858,25.866273495675543,-27.924720968968867,3.35,1.51,,,,86.9,1857,5.1,746735,661388,656555,668930,687401,642715,592885,686217,694192,55.41,,,,,,,,16,2,Changeup,2,0,2,0,0,2,2,0,Standard,Standard,133,-0.002,-0.058,72.8,7.9,,,0.058,,2,2,0.719,0.719,26,26,26,26,1,0,,1,58,5.0,2.55,1.03,-1.03,42.8,20.61489056580071,-16.87229645787839,25.432207770270203,42.97709537755906,37.3406243252848,pitcher
CH,2024-04-08,87.8,1.17,6.45,"Ashby, Aaron",669352,676879,,swinging_strike,,,,,9,,R,R,L,CIN,MIL,S,,,0,0,2024,1.11,0.73,0.4880355048224866,1.8115332129690864,,,,2,2,Bot,,,,,,,-3.835580831860824,-127.69274267477712,-6.477319572522251,12.88935866898725,26.272262319249023,-23.101530095599884,3.35,1.51,,,,86.0,1706,5.2,746735,661388,656555,668930,687401,642715,592885,686217,694192,55.34,,,,,,,,16,1,Changeup,2,0,2,0,0,2,2,0,Standard,Standard,135,-0.001,-0.041,73.4,8.4,4.67622276,,0.041,,2,2,0.72,0.72,26,26,26,26,1,0,,1,58,5.0,2.23,1.11,-1.11,41.0,22.89353244243952,-26.61881205531608,31.044057170822622,44.37039247208401,47.89871148213949,pitcher
SI,2024-04-08,93.6,0.79,6.55,"Ashby, Aaron",666181,676879,home_run,hit_into_play,,,,,12,Will Benson homers (2) on a fly ball to right field.,R,L,L,CIN,MIL,X,,fly_ball,2,0,2024,1.17,0.62,0.8980370441801352,3.3003771639432298,,,,2,2,Bot,227.9,79.36,,,,,-2.240268858212451,-136.1908605316338,-3.9202608668481225,14.999796183571505,31.535692135133544,-23.77018920342549,3.74,1.79,386.0,101.6,27.0,91.6,2025,5.2,746735,661388,656555,668930,687401,642715,592885,686217,694192,55.32,0.596,1.1427317073170735,2.0,1.0,0.0,3.0,6.0,15,3,Sinker,1,0,1,0,0,2,2,0,Strategic,Strategic,144,0.096,2.487,71.2,7.9,,2.23,-2.487,101.6,1,1,0.624,0.624,26,26,26,26,1,0,,1,58,1.0,1.99,1.17,1.17,49.4,14.709543491267029,-20.819189005830992,30.551131294817225,31.82455585680173,26.10289677145221,pitcher
SL,2024-04-08,81.8,1.11,6.37,"Ashby, Aaron",666181,676879,,ball,,,,,12,,R,L,L,CIN,MIL,B,,,1,0,2024,-0.88,0.32,1.8845000220882708,4.047826482773342,,,,2,2,Bot,,,,,,,3.3633374906724174,-119.0838031018834,0.6753860493589645,-8.9742131259749,22.74843458215341,-29.482219598801667,3.70623682999119,1.82783587168971,,,,80.2,2582,5.1,746735,661388,656555,668930,687401,642715,592885,686217,694192,55.38,,,,,,,,15,2,Slider,1,0,1,0,0,1,1,0,Strategic,Strategic,310,0.002,0.068,,,,,-0.068,,1,1,0.622,0.622,26,26,26,26,1,0,,1,58,1.0,3.08,-0.88,-0.88,42.4,,,,,,pitcher
SI,2024-04-08,93.9,0.87,6.56,"Ashby, Aaron",666181,676879,,ball,,,,,12,,R,L,L,CIN,MIL,B,,,0,0,2024,1.13,0.49,1.0698739111744429,3.5048061676983124,,,,2,2,Bot,,,,,,,-1.918125569926024,-136.83672109524895,-3.2908652139429075,14.658611070848147,28.276451551153706,-25.45025300542163,3.74205201289755,1.84934110122961,,,,92.2,1984,5.0,746735,661388,656555,668930,687401,642715,592885,686217,694192,55.46,,,,,,,,15,1,Sinker,1,0,1,0,0,1,1,0,Strategic,Strategic,141,0.001,0.04,,,,,-0.04,,1,1,0.621,0.621,26,26,26,26,1,0,,1,58,1.0,2.07,1.13,1.13,48.3,,,,,,pitcher
SI,2024-04-08,94.3,1.05,6.56,"Ashby, Aaron",669289,676879,field_out,hit_into_play,,,,,12,"Santiago Espinal grounds out, shortstop Willy Adames to first baseman Rhys Hoskins. Elly De La Cruz scores.",R,R,L,CIN,MIL,X,6.0,ground_ball,3,2,2024,1.04,0.49,0.8362957476907267,3.3398206155478274,682829.0,,,1,2,Bot,117.51,164.2,,,,,-2.7966799766568355,-137.28714010819988,-3.721814969438058,13.790692274430526,30.65428740504086,-25.34727800038624,3.43,1.63,11.0,90.2,-16.0,92.5,1972,5.2,746735,661388,656555,668930,687401,642715,592885,686217,694192,55.3,0.117,0.109,0.0,1.0,0.0,0.0,2.0,14,7,Sinker,0,0,0,0,0,1,1,0,Strategic,Standard,143,0.016,-0.223,61.4,7.3,,0.117,0.223,90.2,0,0,0.605,0.605,26,29,26,30,1,0,,1,58,2.0,2.07,1.04,-1.04,43.0,12.615034823688466,3.620857016353794,21.107793490846728,41.83923554693524,25.915065965001038,pitcher
CU,2024-04-08,80.7,1.06,6.51,"Ashby, Aaron",669289,676879,,foul,,,,,8,,R,R,L,CIN,MIL,S,,,3,2,2024,-0.82,-1.28,-0.2571547459370392,1.9612374416269656,682829.0,,,1,2,Bot,,,,,,,-1.3596458519002317,-117.45571440709313,-0.9588242508425046,-7.20209245430438,25.1744223595232,-43.90777690094345,3.43,1.63,14.0,97.6,-8.0,78.8,2577,5.3,746735,661388,656555,668930,687401,642715,592885,686217,694192,55.23,,,,,,,,14,6,Curveball,0,0,0,0,0,0,0,0,Strategic,Standard,331,0.0,0.0,70.7,7.7,,,0.0,97.6,0,0,0.605,0.605,26,29,26,30,1,0,,1,58,2.0,4.81,-0.82,0.82,45.4,16.371097788155723,-12.835244153268654,40.09428252817755,28.35840038873308,42.83521028953197,pitcher
SI,2024-04-08,94.6,1.12,6.54,"Ashby, Aaron",669289,676879,,ball,,,,,13,,R,R,L,CIN,MIL,B,,,2,2,2024,1.11,0.57,-1.3697817963840555,2.4782791834776843,682829.0,,,1,2,Bot,,,,,,,-8.693341248092528,-137.55982119238706,-6.110705879260551,15.905661659160288,27.246767848063055,-23.737641631853663,3.43,1.63,,,,92.6,2190,4.9,746735,661388,656555,668930,687401,642715,592885,686217,694192,55.63,,,,,,,,14,5,Sinker,0,0,0,0,0,0,0,0,Strategic,Standard,141,0.012,0.075,,,,,-0.075,,0,0,0.593,0.593,26,29,26,30,1,0,,1,58,2.0,1.95,1.11,-1.11,45.9,,,,,,pitcher
CH,2024-04-08,86.6,1.31,6.49,"Ashby, Aaron",669289,676879,,foul,,,,,5,,R,R,L,CIN,MIL,S,,,2,1,2024,1.03,0.11,-0.2510421261099397,2.6556318780011128,682829.0,,,1,2,Bot,,,,,,,-5.691385915942938,-126.01392678386476,-3.160991357865454,12.147066450678343,24.685468193852905,-30.52949106994918,3.43,1.63,7.0,88.3,-22.0,84.9,1978,5.1,746735,661388,656555,668930,687401,642715,592885,686217,694192,55.38,,,,,,,,14,4,Changeup,0,0,0,0,0,0,0,0,Strategic,Standard,130,-0.011,-0.108,71.5,7.7,,,0.108,88.3,0,0,0.604,0.604,26,29,26,30,1,0,,1,58,2.0,2.92,1.03,-1.03,50.1,15.483606635585929,-15.17819652524431,36.27117407495241,28.769626885843344,42.393444607046845,pitcher
SI,2024-04-08,92.3,1.11,6.53,"Ashby, Aaron",669289,676879,,ball,,,,,14,,R,R,L,CIN,MIL,B,,,1,1,2024,1.34,0.73,1.2125624215203987,1.83769017683044,,682829.0,,1,2,Bot,,,,,,,-2.576805681252845,-134.1778663687053,-7.499321594380487,16.72814978707404,30.627421837240917,-21.91747267287608,3.36904221374249,1.61836105844106,,,,89.9,2078,5.0,746735,661388,656555,668930,687401,642715,592885,686217,694192,55.53,,,,,,,,14,3,Sinker,0,0,0,0,0,0,0,0,Standard,Standard,133,0.034,0.038,,,,,-0.038,,0,0,0.57,0.57,26,29,26,30,1,0,,1,58,2.0,1.96,1.34,-1.34,41.3,,,,,,pitcher
CH,2024-04-08,88.0,1.2,6.43,"Ashby, Aaron",669289,676879,,ball,,,,,13,,R,R,L,CIN,MIL,B,,,0,1,2024,0.8,0.08,-0.562180273383593,0.708990956880768,,682829.0,,1,2,Bot,,,,,,,-5.794093362969593,-127.82338991427552,-7.747320114725594,9.98115651365509,26.802744944041493,-29.857163272324765,3.40391274776243,1.60386708160163,,,,86.0,1669,5.2,746735,661388,656555,668930,687401,642715,592885,686217,694192,55.33,,,,,,,,14,2,Changeup,0,0,0,0,0,0,0,0,Standard,Standard,131,0.004,0.021,,,,,-0.021,,0,0,0.566,0.566,26,29,26,30,1,0,,1,58,2.0,2.88,0.8,-0.8,42.7,,,,,,pitcher
SI,2024-04-08,93.5,1.02,6.49,"Ashby, Aaron",669289,676879,,called_strike,,,,,6,,R,R,L,CIN,MIL,S,,,0,0,2024,1.16,0.58,0.3657021318351513,2.1962691612519607,,682829.0,,1,2,Bot,,,,,,,-4.155542042761124,-136.03746280651546,-6.46194090521953,15.35256313247296,29.901075730566497,-23.805447542892534,3.34043476158253,1.58268551557052,,,,91.6,2063,5.2,746735,661388,656555,668930,687401,642715,592885,686217,694192,55.32,,,,,,,,14,1,Sinker,0,0,0,0,0,0,0,0,Standard,Standard,144,-0.006,-0.036,,,,,0.036,,0,0,0.572,0.572,26,29,26,30,1,0,,1,58,2.0,2.03,1.16,-1.16,50.6,,,,,,pitcher
SI,2024-04-08,94.4,1.0,6.52,"Ashby, Aaron",682829,676879,field_error,hit_into_play,,,,,5,Elly De La Cruz reaches on a throwing error by third baseman Joey Ortiz. Elly De La Cruz to 2nd.,R,R,L,CIN,MIL,X,5.0,ground_ball,1,2,2024,1.14,0.76,0.068559415498096,2.7951872900629207,,,,1,2,Bot,102.97,166.01,,,,,-4.849895763152576,-137.45890444745535,-5.641813413926034,15.5543107640435,28.97151596833992,-21.439345721248856,3.64,1.77,3.0,74.5,-42.0,92.8,2051,5.2,746735,661388,656555,668930,687401,642715,592885,686217,694192,55.3,0.129,0.146,0.9,1.0,0.0,0.0,2.0,13,5,Sinker,0,0,0,0,0,0,0,0,Standard,Standard,146,0.049,0.533,77.5,6.9,,0.136,-0.533,88.0,0,0,0.523,0.523,26,22,26,22,1,0,,1,58,1.0,1.78,1.14,-1.14,53.3,10.056606478860727,-0.9503939233735902,31.507609375345723,38.92273449450268,32.50831972699719,pitcher
SL,2024-04-08,82.1,1.08,6.37,"Ashby, Aaron",682829,676879,,foul,,,,,5,,R,R,L,CIN,MIL,S,,,1,2,2024,-0.74,-0.51,-0.2462849321753955,2.7142952434011938,,,,1,2,Bot,,,,,,,-1.536042450291763,-119.48668636501728,-0.7009699260006528,-6.744749370793038,25.262599592759223,-37.08434971585298,3.64,1.77,4.0,65.8,-36.0,80.2,2645,5.2,746735,661388,656555,668930,687401,642715,592885,686217,694192,55.32,,,,,,,,13,4,Slider,0,0,0,0,0,0,0,0,Standard,Standard,323,0.0,0.0,70.5,7.2,,,0.0,88.0,0,0,0.523,0.523,26,22,26,22,1,0,,1,58,1.0,3.91,-0.74,0.74,40.6,14.96927838564932,-11.054218435515672,29.32170305364165,35.38454731951311,39.7737416733673,pitcher
CH,2024-04-08,89.4,1.1,6.34,"Ashby, Aaron",682829,676879,,ball,,,,,14,,R,R,L,CIN,MIL,B,,,0,2,2024,1.32,0.35,0.2830551192703602,0.2471466676151852,,,,1,2,Bot,,,,,,,-4.67210214562142,-129.84568898973697,-9.525622733201253,15.888374489385289,28.559340013630592,-26.29355958376369,3.70533502603991,1.79190842999517,,,,87.4,1838,5.3,746735,661388,656555,668930,687401,642715,592885,686217,694192,55.24,,,,,,,,13,3,Changeup,0,0,0,0,0,0,0,0,Standard,Standard,126,0.002,0.02,,,,,-0.02,,0,0,0.521,0.521,26,22,26,22,1,0,,1,58,1.0,2.52,1.32,-1.32,39.5,,,,,,pitcher
CH,2024-04-08,88.0,1.06,6.41,"Ashby, Aaron",682829,676879,,swinging_strike,,,,,8,,R,R,L,CIN,MIL,S,,,0,1,2024,1.12,0.08,0.0380449297485344,2.1776226152887244,,,,1,2,Bot,,,,,,,-4.691411327479344,-128.07984219892768,-4.285003988566201,13.274557383803566,26.003777095518217,-30.59023705229333,3.64,1.77,,,,86.2,2003,5.1,746735,661388,656555,668930,687401,642715,592885,686217,694192,55.41,,,,,,,,13,2,Changeup,0,0,0,0,0,0,0,0,Standard,Standard,129,-0.004,-0.057,71.0,7.5,0.826488504,,0.057,,0,0,0.525,0.525,26,22,26,22,1,0,,1,58,1.0,2.86,1.12,-1.12,40.4,18.686005037111105,-10.087227471066177,35.19586312457962,39.5200582124662,43.13495649681324,pitcher
SI,2024-04-08,93.9,1.01,6.58,"Ashby, Aaron",682829,676879,,swinging_strike,,,,,6,,R,R,L,CIN,MIL,S,,,0,0,2024,1.06,0.59,0.3536752156154013,2.8213877441090816,,,,1,2,Bot,,,,,,,-3.959057116028146,-136.6853925134675,-5.2607460153621,14.167534304087498,28.64394631612976,-23.824738970145305,3.64,1.77,,,,92.3,1976,5.2,746735,661388,656555,668930,687401,642715,592885,686217,694192,55.29,,,,,,,,13,1,Sinker,0,0,0,0,0,0,0,0,Standard,Standard,143,-0.003,-0.037,80.0,7.7,3.478380348,,0.037,,0,0,0.528,0.528,26,22,26,22,1,0,,1,58,1.0,1.98,1.06,-1.06,44.9,18.52370725941195,-16.9936904352544,27.682479416457856,42.91135770983085,41.65751463784364,pitcher
CU,2024-04-08,81.1,0.88,6.46,"Ashby, Aaron",663886,676879,field_out,hit_into_play,,,,,5,Tyler Stephenson lines out sharply to left fielder Christian Yelich.,R,R,L,CIN,MIL,X,7.0,line_drive,0,2,2024,-0.85,-1.14,-0.1484910243263204,2.26066040315611,,,,0,2,Bot,67.79,78.1,,,,,-0.6749661556130011,-118.05749095889676,-0.5772817448484323,-7.771323412606754,23.77373266124061,-42.91813966350322,3.23,1.57,331.0,107.0,18.0,79.5,2430,5.3,746735,661388,656555,668930,687401,642715,592885,686217,694192,55.25,0.499,0.7675499999999998,0.0,1.0,0.0,0.0,6.0,12,3,Curveball,0,0,0,0,0,0,0,0,Standard,Standard,327,-0.014,-0.163,74.1,7.5,,1.383,0.163,107.0,0,0,0.542,0.542,26,27,26,28,1,0,,2,58,1.0,4.62,-0.85,0.85,45.9,19.41387793349869,0.1761075700062077,38.88029023051052,37.035005828187806,33.56323097834633,pitcher
CH,2024-04-08,87.5,0.97,6.42,"Ashby, Aaron",663886,676879,,called_strike,,,,,8,,R,R,L,CIN,MIL,S,,,0,1,2024,1.14,0.24,-0.1658686667134257,1.7932692406603703,,,,0,2,Bot,,,,,,,-4.986235022598278,-127.33729496672606,-5.474309675149551,13.470509647701508,24.298711175108163,-28.715535601263117,3.22847452630769,1.58997435676833,,,,86.2,1681,5.3,746735,661388,656555,668930,687401,642715,592885,686217,694192,55.2,,,,,,,,12,2,Changeup,0,0,0,0,0,0,0,0,Standard,Standard,132,-0.006,-0.054,,,,,0.054,,0,0,0.548,0.548,26,27,26,28,1,0,,2,58,1.0,2.72,1.14,-1.14,48.3,,,,,,pitcher
SI,2024-04-08,93.8,0.99,6.61,"Ashby, Aaron",663886,676879,,called_strike,,,,,8,,R,R,L,CIN,MIL,S,,,0,0,2024,1.25,0.7,-0.1386896721277319,1.8726473245036892,,,,0,2,Bot,,,,,,,-5.5399660260434525,-136.3036251547789,-7.917676512273226,16.743429168724333,29.513696903449947,-21.841168789694848,3.28351360001615,1.62350502291193,,,,92.0,2027,5.2,746735,661388,656555,668930,687401,642715,592885,686217,694192,55.28,,,,,,,,12,1,Sinker,0,0,0,0,0,0,0,0,Standard,Standard,139,-0.003,-0.037,,,,,0.037,,0,0,0.551,0.551,26,27,26,28,1,0,,2,58,1.0,1.89,1.25,-1.25,44.3,,,,,,pitcher
SI,2024-04-08,93.9,0.92,6.61,"Ashby, Aaron",600869,676879,field_out,hit_into_play,,,,,2,Jeimer Candelario lines out to right fielder Jackson Chourio.,R,R,L,CIN,MIL,X,9.0,line_drive,1,1,2024,1.22,0.47,-0.0596329936343502,3.323690362143599,,668715.0,,2,1,Bot,163.92,91.64,,,,,-5.122126181208252,-136.7190244188601,-3.786576601916388,16.479788000016153,29.602411227499264,-25.683828953281697,3.42,1.67,284.0,86.9,24.0,92.0,1953,5.1,746735,661388,656555,668930,687401,642715,592885,686217,694192,55.4,0.137,0.148,0.0,1.0,0.0,0.0,3.0,7,3,Sinker,0,0,0,0,0,0,0,0,Standard,Standard,143,-0.031,-0.272,61.2,6.5,,0.224,0.272,88.0,0,0,0.531,0.531,26,30,26,31,1,0,,1,58,1.0,2.11,1.22,-1.22,49.1,3.8350645325511,16.020919099247195,31.96860102797238,33.28188684036968,21.360713471371334,pitcher
CH,2024-04-08,87.7,1.15,6.48,"Ashby, Aaron",600869,676879,,ball,,,,,12,,R,R,L,CIN,MIL,B,,,0,1,2024,0.8,0.35,0.1660433912603819,3.751560178148469,,668715.0,,2,1,Bot,,,,,,,-3.933726416030974,-127.66032857702112,-1.1904553695145983,9.541124217753683,26.71733564710459,-28.32862844043945,3.46071213673507,1.70363027429826,,,,85.7,1766,5.0,746735,661388,656555,668930,687401,642715,592885,686217,694192,55.47,,,,,,,,7,2,Changeup,0,0,0,0,0,0,0,0,Standard,Standard,135,0.003,0.012,,,,,-0.012,,0,0,0.528,0.528,26,30,26,31,1,0,,1,58,1.0,2.62,0.8,-0.8,42.2,,,,,,pitcher
CH,2024-04-08,86.6,1.17,6.43,"Ashby, Aaron",600869,676879,,foul,,,,,5,,R,R,L,CIN,MIL,S,,,0,0,2024,0.87,1.04,0.1736243580738803,2.841527639949148,,668715.0,,2,1,Bot,,,,,,,-4.040787694177016,-126.00476339434996,-4.404176974274571,10.046714609476302,25.5477880137475,-20.392015881347927,3.42,1.67,354.0,96.4,34.0,84.7,1592,5.1,746735,661388,656555,668930,687401,642715,592885,686217,694192,55.44,,,,,,,,7,1,Changeup,0,0,0,0,0,0,0,0,Standard,Standard,127,-0.005,-0.04,,,,,0.04,96.4,0,0,0.533,0.533,26,30,26,31,1,0,,1,58,1.0,2.0,0.87,-0.87,49.2,,,,,,pitcher
CH,2024-04-08,87.0,1.13,6.48,"Ashby, Aaron",687952,676879,field_out,hit_into_play,,,,,8,"Christian Encarnacion-Strand grounds out, third baseman Joey Ortiz to first baseman Rhys Hoskins.",R,R,L,CIN,MIL,X,5.0,ground_ball,0,2,2024,0.9,0.05,0.1122290623636739,1.9093692258276795,,668715.0,,1,1,Bot,101.76,169.65,,,,,-4.174567705453876,-126.60267793682904,-4.820574491833515,10.54018920780027,25.25676463346345,-30.853913293953585,3.28,1.51,11.0,92.0,-10.0,85.1,1732,5.0,746735,661388,656555,668930,687401,642715,592885,686217,694192,55.51,0.2,0.184,0.0,1.0,0.0,0.0,2.0,6,3,Changeup,0,0,0,0,0,0,0,0,Infield shade,Standard,131,-0.02,-0.157,74.9,7.5,,0.2,0.157,92.0,0,0,0.553,0.553,26,24,26,25,1,0,,1,58,1.0,2.95,0.9,-0.9,44.4,19.915510367447595,-4.774501323592752,41.46373797864825,38.286946546685215,30.33881400369783,pitcher
SI,2024-04-08,92.7,1.14,6.55,"Ashby, Aaron",687952,676879,,foul,,,,,9,,R,R,L,CIN,MIL,S,,,0,1,2024,1.17,0.38,0.3421838774730483,1.7166448556902376,,668715.0,,1,1,Bot,,,,,,,-4.476893335257742,-134.83031842530406,-7.25302362708819,15.216244992707624,28.867852604954308,-26.15183821267651,3.28,1.51,223.0,76.4,25.0,90.6,1945,5.0,746735,661388,656555,668930,687401,642715,592885,686217,694192,55.48,,,,,,,,6,2,Sinker,0,0,0,0,0,0,0,0,Standard,Standard,139,-0.009,-0.065,70.9,7.2,,,0.065,88.0,0,0,0.562,0.562,26,24,26,25,1,0,,1,58,1.0,2.27,1.17,-1.17,53.3,-2.2175866941129674,11.39883181512578,45.0223330893854,41.62996962827916,17.82192491805228,pitcher
SI,2024-04-08,92.9,1.17,6.53,"Ashby, Aaron",687952,676879,,foul,,,,,6,,R,R,L,CIN,MIL,S,,,0,0,2024,1.22,0.42,0.7746007692975507,2.392032990055687,,668715.0,,1,1,Bot,,,,,,,-3.601298820094636,-135.23791789662687,-5.625216440078972,15.76191540885272,30.27831334140683,-25.980196539771047,3.28,1.51,264.0,78.6,38.0,90.8,1922,5.0,746735,661388,656555,668930,687401,642715,592885,686217,694192,55.48,,,,,,,,6,1,Sinker,0,0,0,0,0,0,0,0,Infield shade,Standard,137,-0.005,-0.036,69.4,7.2,,,0.036,88.0,0,0,0.567,0.567,26,24,26,25,1,0,,1,58,1.0,2.22,1.22,-1.22,44.3,6.010278401478985,12.963930246779,37.40909129956706,46.58296300315812,19.09429569847005,pitcher
SI,2024-04-08,95.3,0.98,6.43,"Ashby, Aaron",668715,676879,field_error,hit_into_play,,,,,13,"Reds challenged (stadium boundary call), call on the field was overturned: Spencer Steer reaches on a missed catch error by first baseman Rhys Hoskins, assist to shortstop Willy Adames. Spencer Steer to 2nd.",R,R,L,CIN,MIL,X,6.0,ground_ball,1,2,2024,1.18,0.53,-0.0685638591055677,1.4196370345342884,,,,1,1,Bot,111.45,155.71,,,,,-5.279142331201668,-138.61367655053502,-8.596466968213841,16.363117190269328,28.235007268472696,-23.71154754364968,3.33,1.62,,,,93.8,2149,5.2,746735,661388,656555,668930,687401,642715,592885,686217,694192,55.27,,,0.9,,0.0,0.0,,5,6,Sinker,0,0,0,0,0,0,0,0,Standard,Standard,139,0.046,0.533,73.7,7.3,,,-0.533,,0,0,0.521,0.521,26,26,26,27,1,0,,1,58,1.0,1.96,1.18,-1.18,45.8,-3.9044288914622016,4.8050451461345896,38.78881848916216,34.05185569460201,24.44038082072588,pitcher
SI,2024-04-08,94.5,1.03,6.55,"Ashby, Aaron",668715,676879,,foul,,,,,14,,R,R,L,CIN,MIL,S,,,1,2,2024,1.03,0.44,1.0205623014677767,2.1284748690475883,,,,1,1,Bot,,,,,,,-2.2390207504134585,-137.60652548888686,-6.718008783492046,13.593700570697246,27.854094145851477,-25.418408986230425,3.33,1.62,160.0,79.4,12.0,92.8,2036,5.1,746735,661388,656555,668930,687401,642715,592885,686217,694192,55.45,,,,,,,,5,5,Sinker,0,0,0,0,0,0,0,0,Standard,Standard,142,0.0,0.0,72.9,7.3,,,0.0,88.0,0,0,0.521,0.521,26,26,26,27,1,0,,1,58,1.0,2.09,1.03,-1.03,47.0,-6.715701945276201,15.556506477269943,33.392459525984,47.20909243608466,15.35505067350573,pitcher
CU,2024-04-08,81.5,1.21,6.41,"Ashby, Aaron",668715,676879,,foul,,,,,9,,R,R,L,CIN,MIL,S,,,1,2,2024,-0.41,-1.2,0.5080103858888926,1.5638733361297017,,,,1,1,Bot,,,,,,,-0.7747310735696971,-118.71972041542408,-1.988168486107544,-3.7096833076271167,23.103874728364573,-43.31121429066446,3.33,1.62,2.0,67.8,-37.0,80.0,2475,5.2,746735,661388,656555,668930,687401,642715,592885,686217,694192,55.28,,,,,,,,5,4,Curveball,0,0,0,0,0,0,0,0,Standard,Standard,331,0.0,0.0,62.9,8.2,,,0.0,88.0,0,0,0.521,0.521,26,26,26,27,1,0,,1,58,1.0,4.63,-0.41,0.41,45.5,18.20074189487641,-17.56446658018814,29.431914797815374,40.92073546159769,41.20730471414252,pitcher
CH,2024-04-08,89.4,1.1,6.39,"Ashby, Aaron",668715,676879,,ball,,,,,13,,R,R,L,CIN,MIL,B,,,0,2,2024,1.24,0.21,-0.7483762608222595,0.1965438590204731,,,,1,1,Bot,,,,,,,-7.005765042549124,-129.8947525183701,-9.556553010934042,15.422145240363042,24.087373003662268,-28.176204082587223,3.24945195523656,1.55371679857241,,,,88.0,2010,5.3,746735,661388,656555,668930,687401,642715,592885,686217,694192,55.23,,,,,,,,5,3,Changeup,0,0,0,0,0,0,0,0,Standard,Standard,125,0.001,0.02,,,,,-0.02,,0,0,0.52,0.52,26,26,26,27,1,0,,1,58,1.0,2.63,1.24,-1.24,52.0,,,,,,pitcher
SI,2024-04-08,93.8,1.15,6.54,"Ashby, Aaron",668715,676879,,foul,,,,,3,,R,R,L,CIN,MIL,S,,,0,1,2024,1.2,0.58,0.2792157295575013,3.2569855813911994,,,,1,1,Bot,,,,,,,-4.799140664841064,-136.57698844425929,-4.006427546029846,16.105696113280572,29.197226841102797,-24.21524341324159,3.33,1.62,264.0,77.8,48.0,92.0,2050,5.1,746735,661388,656555,668930,687401,642715,592885,686217,694192,55.37,,,,,,,,5,2,Sinker,0,0,0,0,0,0,0,0,Standard,Standard,139,-0.004,-0.057,67.6,6.7,,,0.057,88.0,0,0,0.524,0.524,26,26,26,27,1,0,,1,58,1.0,2.0,1.2,-1.2,44.3,0.1111966331110613,20.40819571574036,19.71913677244808,37.82237861337728,16.34018283666265,pitcher
CH,2024-04-08,86.7,1.14,6.48,"Ashby, Aaron",668715,676879,,called_strike,,,,,12,,R,R,L,CIN,MIL,S,,,0,0,2024,1.48,0.58,1.0125876243554566,2.67773022950983,,,,1,1,Bot,,,,,,,-3.254507211252576,-126.17136134789769,-4.026629144288588,16.493875767514762,25.83671725733095,-25.358047381493755,3.33395406387064,1.60215659293583,,,,85.1,1664,5.2,746735,661388,656555,668930,687401,642715,592885,686217,694192,55.26,,,,,,,,5,1,Changeup,0,0,0,0,0,0,0,0,Standard,Standard,130,-0.002,-0.037,,,,,0.037,,0,0,0.526,0.526,26,26,26,27,1,0,,1,58,1.0,2.45,1.48,-1.48,40.9,,,,,,pitcher
SI,2024-04-08,94.2,1.14,6.58,"Ashby, Aaron",656413,676879,field_out,hit_into_play,,,,,5,"Stuart Fairchild grounds out, shortstop Willy Adames to first baseman Rhys Hoskins.",R,R,L,CIN,MIL,X,6.0,ground_ball,2,0,2024,1.3,0.62,0.2222015650229079,2.2394810834318486,,,,0,1,Bot,110.85,152.68,,,,,-5.14985567585248,-137.0243130367378,-6.827762197251012,17.46378455628171,28.787453977814486,-23.139662920750528,3.4,1.58,69.0,90.9,4.0,92.6,1986,5.2,746735,661388,656555,668930,687401,642715,592885,686217,694192,55.28,0.439,0.4,0.0,1.0,0.0,0.0,4.0,4,3,Sinker,0,0,0,0,0,0,0,0,Standard,Standard,139,-0.032,-0.361,75.7,7.7,,0.488,0.361,90.9,0,0,0.558,0.558,26,28,26,28,1,0,,1,58,1.0,1.95,1.3,-1.3,46.2,9.191798333330611,-8.275320273674525,37.827682312662745,37.40505011518743,30.696288446566506,pitcher
CH,2024-04-08,86.4,1.09,6.44,"Ashby, Aaron",656413,676879,,ball,,,,,13,,R,R,L,CIN,MIL,B,,,1,0,2024,1.25,0.25,-0.6125329957759507,0.3985348594301614,,,,0,1,Bot,,,,,,,-6.454887337051192,-125.4354619115486,-8.5265258219409,14.47202328948131,25.034409212356756,-27.96941736711964,3.32561229587215,1.53478303173258,,,,84.8,1772,5.3,746735,661388,656555,668930,687401,642715,592885,686217,694192,55.17,,,,,,,,4,2,Changeup,0,0,0,0,0,0,0,0,Standard,Standard,131,0.007,0.069,,,,,-0.069,,0,0,0.551,0.551,26,28,26,28,1,0,,1,58,1.0,2.81,1.25,-1.25,44.2,,,,,,pitcher
SI,2024-04-08,92.8,1.14,6.52,"Ashby, Aaron",656413,676879,,ball,,,,,13,,R,R,L,CIN,MIL,B,,,0,0,2024,1.37,0.46,-0.4751168979444753,1.0994204417836453,,,,0,1,Bot,,,,,,,-6.958390953345681,-134.6990496756329,-8.88777478642216,18.194960399701827,29.12549627880973,-24.84201040245711,3.36942390247783,1.54937620826692,,,,90.9,1968,5.3,746735,661388,656555,668930,687401,642715,592885,686217,694192,55.24,,,,,,,,4,1,Sinker,0,0,0,0,0,0,0,0,Standard,Standard,136,0.003,0.038,,,,,-0.038,,0,0,0.548,0.548,26,28,26,28,1,0,,1,58,1.0,2.2,1.37,-1.37,44.7,,,,,,pitcher
