pitch_type,game_date,release_speed,release_pos_x,release_pos_z,player_name,batter,pitcher,events,description,spin_dir,spin_rate_deprecated,break_angle_deprecated,break_length_deprecated,zone,des,game_type,stand,p_throws,home_team,away_team,type,hit_location,bb_type,balls,strikes,game_year,pfx_x,pfx_z,plate_x,plate_z,on_3b,on_2b,on_1b,outs_when_up,inning,inning_topbot,hc_x,hc_y,tfs_deprecated,tfs_zulu_deprecated,umpire,sv_id,vx0,vy0,vz0,ax,ay,az,sz_top,sz_bot,hit_distance_sc,launch_speed,launch_angle,effective_speed,release_spin_rate,release_extension,game_pk,fielder_2,fielder_3,fielder_4,fielder_5,fielder_6,fielder_7,fielder_8,fielder_9,release_pos_y,estimated_ba_using_speedangle,estimated_woba_using_speedangle,woba_value,woba_denom,babip_value,iso_value,launch_speed_angle,at_bat_number,pitch_number,pitch_name,home_score,away_score,bat_score,fld_score,post_away_score,post_home_score,post_bat_score,post_fld_score,if_fielding_alignment,of_fielding_alignment,spin_axis,delta_home_win_exp,delta_run_exp,bat_speed,swing_length,miss_distance,estimated_slg_using_speedangle,delta_pitcher_run_exp,hyper_speed,home_score_diff,bat_score_diff,home_win_exp,bat_win_exp,age_pit_legacy,age_bat_legacy,age_pit,age_bat,n_thruorder_pitcher,n_priorpa_thisgame_player_at_bat,pitcher_days_since_prev_game,batter_days_since_prev_game,pitcher_days_until_next_game,batter_days_until_next_game,api_break_z_with_gravity,api_break_x_arm,api_break_x_batter_in,arm_angle,attack_angle,attack_direction,swing_path_tilt,intercept_ball_minus_batter_pos_x_inches,intercept_ball_minus_batter_pos_y_inches
SI,2024-05-01,98.2,-1.03,5.7,"Uribe, Abner",676609,682842,field_out,hit_into_play,,,,,8.0,"José Caballero grounds out, third baseman Oliver Dunn to first baseman Jake Bauers.",R,R,R,MIL,TB,X,5.0,ground_ball,1,0,2024,-0.87,0.43,-0.2691636838271353,1.7661268215348778,642708.0,,592348.0,2,8,Top,100.86,169.94,,,,,4.142443868697992,-142.9709083746176,-6.295193572053031,-12.943354020454448,31.02212344948272,-25.004190583031782,3.08,1.38,8.0,92.2,-14.0,99.8,2222.0,7.0,745996,661388,641343,668930,686554,642715,686894,663368,686217,53.47,0.162,0.146,0.0,1.0,0.0,0.0,2.0,66,2,Sinker,7,1,1,7,1,7,1,7,Standard,Standard,208.0,0.007,-0.317,74.3,7.1,,0.203,0.317,92.2,6,-6,0.991,0.009,24,27,24,28,1,3,1,1.0,,2.0,1.91,0.87,0.87,39.4,10.24755961726848,-4.109997879958243,37.54550401732385,29.1058476952304,34.162486877898985
SL,2024-05-01,87.6,-0.92,5.86,"Uribe, Abner",676609,682842,,ball,,,,,12.0,,R,R,R,MIL,TB,B,,,0,0,2024,1.14,0.44,0.8624221303821223,3.874324051947949,642708.0,,592348.0,2,8,Top,,,,,,,1.9747704461073856,-127.67876184584546,0.32833076497371,12.18997372401592,22.86493451228368,-27.56646218193829,3.09060059092914,1.34574920908089,,,,88.3,2423.0,6.4,745996,661388,641343,668930,686554,642715,686894,663368,686217,54.15,,,,,,,,66,1,Slider,7,1,1,7,1,7,1,7,Standard,Standard,61.0,-0.001,0.03,,,,,-0.03,,6,-6,0.992,0.008,24,27,24,28,1,3,1,1.0,,2.0,2.49,-1.14,-1.14,40.6,,,,,
SI,2024-05-01,99.0,-0.91,5.67,"Uribe, Abner",592348,682842,force_out,hit_into_play,,,,,9.0,"Niko Goodrum grounds into a force out, pitcher Abner Uribe to shortstop Willy Adames. Amed Rosario to 3rd. Austin Shenton out at 2nd. Niko Goodrum to 1st.",R,L,R,MIL,TB,X,1.0,ground_ball,2,1,2024,-1.05,0.62,0.3301204797303284,1.688427737438542,,642708.0,668853.0,1,8,Top,129.37,182.95,,,,,5.860777845741463,-144.0204599404448,-6.929004113989107,-15.965724488081468,32.24816477223923,-22.148631448322725,3.7,1.72,1.0,61.9,-62.0,99.4,2375.0,6.4,745996,661388,641343,668930,686554,642715,686894,663368,686217,54.05,0.3,0.295,0.0,1.0,0.0,0.0,2.0,65,4,Sinker,7,1,1,7,1,7,1,7,Infield shade,Standard,211.0,0.01,-0.324,75.7,8.0,,0.304,0.324,88.0,6,-6,0.982,0.018,24,32,24,32,1,3,1,2.0,,9.0,1.7,1.05,-1.05,35.1,18.662474962023005,-9.674132651105468,43.6471100069519,34.39811665679204,37.58257079939297
SI,2024-05-01,98.7,-0.98,5.65,"Uribe, Abner",592348,682842,,foul,,,,,8.0,,R,L,R,MIL,TB,S,,,2,0,2024,-1.1,0.34,-0.0284919535795765,1.7341137475134625,,642708.0,668853.0,1,8,Top,,,,,,,5.159020751599695,-143.68946746993922,-6.030400633786842,-16.487721052616923,32.23311822577367,-26.2863628364087,3.7,1.72,1.0,57.8,-62.0,99.1,2315.0,6.4,745996,661388,641343,668930,686554,642715,686894,663368,686217,54.1,,,,,,,,65,3,Sinker,7,1,1,7,1,7,1,7,Infield shade,Standard,217.0,0.003,-0.067,76.9,7.7,,,0.067,88.0,6,-6,0.979,0.021,24,32,24,32,1,3,1,2.0,,9.0,1.99,1.1,-1.1,34.3,8.516738772865184,0.1002826958538715,41.86142414348602,40.38751292607368,31.936433785501848
SI,2024-05-01,99.2,-0.91,5.67,"Uribe, Abner",592348,682842,,ball,,,,,14.0,,R,L,R,MIL,TB,B,,,1,0,2024,-0.8,0.38,0.1483611582333134,1.173488909695794,,642708.0,668853.0,1,8,Top,,,,,,,4.750089376064341,-144.28829233693597,-7.783144755668734,-12.30235256176154,31.768114456023117,-25.266923767504966,3.68249134493865,1.65331789631444,,,,99.3,2310.0,6.2,745996,661388,641343,668930,686554,642715,686894,663368,686217,54.26,,,,,,,,65,2,Sinker,7,1,1,7,1,7,1,7,Standard,Standard,217.0,-0.003,0.055,,,,,-0.055,,6,-6,0.982,0.018,24,32,24,32,1,3,1,2.0,,9.0,1.92,0.8,-0.8,35.7,,,,,
SL,2024-05-01,87.8,-0.89,5.75,"Uribe, Abner",592348,682842,,ball,,,,,14.0,,R,L,R,MIL,TB,B,,,0,0,2024,0.88,0.46,0.9933825567082945,1.975982113255879,,642708.0,668853.0,1,8,Top,,,,,,,2.750781825758787,-127.90325259651932,-4.023416022430815,9.146544416466964,24.73819823390518,-26.561146643635976,3.60928100617998,1.61254359018916,,,,88.5,2456.0,6.5,745996,661388,641343,668930,686554,642715,686894,663368,686217,53.95,,,,,,,,65,1,Slider,7,1,1,7,1,7,1,7,Standard,Standard,81.0,-0.002,0.03,,,,,-0.03,,6,-6,0.984,0.016,24,32,24,32,1,3,1,2.0,,9.0,2.48,-0.88,0.88,39.1,,,,,
SI,2024-05-01,99.7,-1.06,5.58,"Uribe, Abner",668853,682842,walk,ball,,,,,13.0,Austin Shenton walks.,R,L,R,MIL,TB,B,,,3,2,2024,-1.09,0.38,-0.0521163074961986,0.7398241138334436,,642708.0,,1,8,Top,,,,,,,5.379979736048647,-144.99234341440803,-8.888448352936823,-16.604613050228043,33.35336095620115,-24.89767332305851,3.45222932766201,1.49550422702437,,,,100.5,2321.0,6.7,745996,661388,641343,668930,686554,642715,686894,663368,686217,53.77,,0.689131,0.7,1.0,0.0,0.0,,64,7,Sinker,7,1,1,7,1,7,1,7,Infield shade,Standard,215.0,-0.006,0.21,,,,,-0.21,,6,-6,0.99,0.01,24,26,24,26,1,3,1,2.0,,3.0,1.91,1.09,-1.09,33.7,,,,,
SL,2024-05-01,86.0,-0.88,5.83,"Uribe, Abner",668853,682842,,foul,,,,,4.0,,R,L,R,MIL,TB,S,,,3,2,2024,0.74,0.31,-0.5737699744828179,2.414213103529827,,642708.0,,1,8,Top,,,,,,,-0.78626428364211,-125.36796322804204,-2.55826879868844,8.020369866815958,22.894624931550865,-28.6366630273706,3.49,1.61,192.0,71.9,23.0,86.7,2580.0,6.4,745996,661388,641343,668930,686554,642715,686894,663368,686217,54.07,,,,,,,,64,6,Slider,7,1,1,7,1,7,1,7,Infield shade,Standard,68.0,0.0,0.0,63.7,7.2,,,0.0,88.0,6,-6,0.99,0.01,24,26,24,26,1,3,1,2.0,,3.0,2.74,-0.74,0.74,42.5,19.13111838136961,2.4436060858942086,37.170961547738656,47.85036795801594,32.574425326419714
SI,2024-05-01,99.0,-0.93,5.64,"Uribe, Abner",668853,682842,,ball,,,,,13.0,,R,L,R,MIL,TB,B,,,2,2,2024,-1.06,0.47,-1.2529227461562775,1.2199084205122064,,642708.0,,1,8,Top,,,,,,,1.596456333157858,-144.0406848003956,-7.799992287021994,-15.204513598076558,32.00848498347779,-24.07602502827781,3.33733109399076,1.61706936205943,,,,99.7,2361.0,6.6,745996,661388,641343,668930,686554,642715,686894,663368,686217,53.91,,,,,,,,64,5,Sinker,7,1,1,7,1,7,1,7,Infield shade,Standard,210.0,-0.002,0.074,,,,,-0.074,,6,-6,0.992,0.008,24,26,24,26,1,3,1,2.0,,3.0,1.85,1.06,-1.06,33.2,,,,,
FF,2024-05-01,100.5,-0.89,5.63,"Uribe, Abner",668853,682842,,ball,,,,,14.0,,R,L,R,MIL,TB,B,,,1,2,2024,-0.42,1.17,1.7721841815381467,2.203091510774553,,642708.0,,1,8,Top,,,,,,,8.397650701006011,-146.1013895861757,-6.971071475776173,-7.874662547965574,32.426612386216675,-13.924011650382402,3.46597856369645,1.62554407716661,,,,101.1,2420.0,6.5,745996,661388,641343,668930,686554,642715,686894,663368,686217,53.95,,,,,,,,64,4,4-Seam Fastball,7,1,1,7,1,7,1,7,Standard,Standard,218.0,0.0,0.018,,,,,-0.018,,6,-6,0.992,0.008,24,26,24,26,1,3,1,2.0,,3.0,1.08,0.42,-0.42,34.9,,,,,
SL,2024-05-01,89.4,-0.81,5.8,"Uribe, Abner",668853,682842,,ball,,,,,14.0,,R,L,R,MIL,TB,B,,,0,2,2024,1.0,0.25,1.6297458147311623,0.7696971220099211,680700.0,,642708.0,1,8,Top,,,,,,,3.920550479731951,-130.05624274490043,-6.966491110915169,10.581801822625886,26.94613200207938,-28.133145612195253,3.46825635854968,1.59872364508019,,,,90.1,2705.0,6.7,745996,661388,641343,668930,686554,642715,686894,663368,686217,53.82,,,,,,,,64,3,Slider,7,0,0,7,1,7,1,7,Standard,Standard,48.0,-0.001,0.002,,,,,-0.002,,7,-7,0.993,0.007,24,26,24,26,1,3,1,2.0,,3.0,2.6,-1.0,1.0,42.0,,,,,
SI,2024-05-01,99.7,-0.94,5.72,"Uribe, Abner",668853,682842,,foul,,,,,8.0,,R,L,R,MIL,TB,S,,,0,1,2024,-1.23,0.58,-0.2011029526467713,1.8733126625884688,680700.0,,642708.0,1,8,Top,,,,,,,4.956061332606756,-145.0595522946593,-6.576102654541909,-18.45365452762549,34.88254778513184,-22.665266298845328,3.49,1.61,202.0,75.7,36.0,100.3,2268.0,6.7,745996,661388,641343,668930,686554,642715,686894,663368,686217,53.8,,,,,,,,64,2,Sinker,7,0,0,7,0,7,0,7,Standard,Standard,213.0,0.001,-0.066,65.5,7.0,,,0.066,88.0,7,-7,0.992,0.008,24,26,24,26,1,3,1,2.0,,3.0,1.72,1.23,-1.23,35.5,4.691428797972016,4.240647305052379,46.17849303231854,43.45947318287661,25.153933651360525
SI,2024-05-01,99.8,-0.99,5.71,"Uribe, Abner",668853,682842,,called_strike,,,,,8.0,,R,L,R,MIL,TB,S,,,0,0,2024,-1.27,0.51,-0.2682938313944082,1.495644505289164,680700.0,,642708.0,1,8,Top,,,,,,,4.996117611156143,-145.0732114119313,-7.428969053446573,-19.145335786169184,34.40276119545067,-23.420872420443484,3.48437721272708,1.6075838572114,,,,100.1,2316.0,6.5,745996,661388,641343,668930,686554,642715,686894,663368,686217,53.96,,,,,,,,64,1,Sinker,7,0,0,7,0,7,0,7,Standard,Standard,217.0,0.001,-0.045,,,,,0.045,,7,-7,0.991,0.009,24,26,24,26,1,3,1,2.0,,3.0,1.79,1.27,-1.27,35.4,,,,,
SI,2024-05-01,99.1,-0.98,5.84,"Uribe, Abner",642708,682842,force_out,hit_into_play,,,,,7.0,"Amed Rosario grounds into a force out, second baseman Brice Turang to shortstop Willy Adames. Richie Palacios to 3rd. Randy Arozarena out at 2nd. Amed Rosario to 1st.",R,R,R,MIL,TB,X,4.0,ground_ball,2,1,2024,-1.01,0.67,-0.4692376158982962,2.126011718725979,,680700.0,668227.0,0,8,Top,139.97,152.64,,,,,3.739426643452029,-144.19235899472224,-6.297163648200556,-14.923308223014237,32.40457226772579,-21.58731501008626,3.34,1.61,5.0,98.6,-22.0,99.1,2272.0,6.2,745996,661388,641343,668930,686554,642715,686894,663368,686217,54.27,0.143,0.195,0.0,1.0,0.0,0.0,2.0,63,4,Sinker,7,0,0,7,0,7,0,7,Standard,Standard,208.0,0.009,-0.359,70.9,6.7,,0.147,0.359,98.6,7,-7,0.982,0.018,24,28,24,29,1,3,1,1.0,,2.0,1.65,1.01,1.01,38.1,-9.770504010258446,21.705866262567643,26.474920601411835,34.73121171754924,14.270297040953832
SI,2024-05-01,98.5,-0.98,5.82,"Uribe, Abner",642708,682842,,ball,,,,,14.0,,R,R,R,MIL,TB,B,,,1,1,2024,-0.72,0.8,1.6592478354825784,2.0085865995513967,,680700.0,668227.0,0,8,Top,,,,,,,8.854677369417226,-143.09730332616004,-6.787103376894894,-11.913593396538255,31.311644315884426,-19.788102845445863,3.33630337636717,1.48752527188518,,,,98.8,2262.0,6.5,745996,661388,641343,668930,686554,642715,686894,663368,686217,54.05,,,,,,,,63,3,Sinker,7,0,0,7,0,7,0,7,Standard,Standard,210.0,-0.002,0.053,,,,,-0.053,,7,-7,0.984,0.016,24,28,24,29,1,3,1,1.0,,2.0,1.55,0.72,0.72,47.4,,,,,
SL,2024-05-01,88.8,-1.06,5.84,"Uribe, Abner",642708,682842,,called_strike,,,,,14.0,,R,R,R,MIL,TB,S,,,1,0,2024,0.85,0.57,0.9420542840199554,1.8308726640862572,,680700.0,668227.0,0,8,Top,,,,,,,3.144554592271014,-129.3800886482601,-5.023845599821443,8.893245442224288,25.999698432335084,-24.919279779708017,3.20057082333042,1.47678171287952,,,,89.7,2570.0,6.7,745996,661388,641343,668930,686554,642715,686894,663368,686217,53.83,,,,,,,,63,2,Slider,7,0,0,7,0,7,0,7,Standard,Standard,94.0,0.002,-0.055,,,,,0.055,,7,-7,0.982,0.018,24,28,24,29,1,3,1,1.0,,2.0,2.3,-0.85,-0.85,42.0,,,,,
SL,2024-05-01,88.9,-1.14,5.78,"Uribe, Abner",642708,682842,,blocked_ball,,,,,14.0,,R,R,R,MIL,TB,B,,,0,0,2024,0.55,0.26,1.4509423473306289,-0.365296303212316,,680700.0,668227.0,0,8,Top,,,,,,,5.213634634119103,-129.02853076802432,-9.446526476061706,4.684523344164584,32.47344711779328,-27.1967990779438,3.18737838600923,1.41427896748949,,,,88.5,2706.0,6.7,745996,661388,641343,668930,686554,642715,686894,663368,686217,53.83,,,,,,,,63,1,Slider,7,0,0,7,0,7,0,7,Standard,Standard,79.0,-0.002,0.045,,,,,-0.045,,7,-7,0.984,0.016,24,28,24,29,1,3,1,1.0,,2.0,2.69,-0.55,-0.55,42.2,,,,,
SI,2024-05-01,98.6,-1.23,5.88,"Uribe, Abner",668227,682842,walk,ball,,,,,13.0,Randy Arozarena walks. Richie Palacios to 2nd.,R,R,R,MIL,TB,B,,,3,0,2024,-1.03,0.48,-0.8565731744539347,2.485038443017148,,,680700.0,0,8,Top,,,,,,,3.417014549935763,-143.57477768632793,-4.931304691594233,-15.06926653719885,32.69892430585153,-24.668963838884697,3.62822536339301,1.83366375807272,,,,99.1,2155.0,6.5,745996,661388,641343,668930,686554,642715,686894,663368,686217,54.03,,0.689131,0.7,1.0,0.0,0.0,,62,4,Sinker,7,0,0,7,0,7,0,7,Standard,Standard,211.0,-0.003,0.174,,,,,-0.174,,7,-7,0.987,0.013,24,29,24,29,1,3,1,1.0,,2.0,1.86,1.03,1.03,37.5,,,,,
SI,2024-05-01,98.9,-0.96,5.88,"Uribe, Abner",668227,682842,,ball,,,,,14.0,,R,R,R,MIL,TB,B,,,2,0,2024,-0.9,0.64,0.5934460909076238,1.1597189162148072,,,680700.0,0,8,Top,,,,,,,6.338069096239153,-143.77495403119892,-8.951877778424285,-13.956429503955777,31.2957781282936,-21.51401109942484,3.20198756679975,1.501721361446,,,,99.3,2217.0,6.4,745996,661388,641343,668930,686554,642715,686894,663368,686217,54.06,,,,,,,,62,3,Sinker,7,0,0,7,0,7,0,7,Standard,Standard,208.0,-0.003,0.113,,,,,-0.113,,7,-7,0.99,0.01,24,29,24,29,1,3,1,1.0,,2.0,1.69,0.9,0.9,45.1,,,,,
SI,2024-05-01,99.4,-0.95,5.86,"Uribe, Abner",668227,682842,,ball,,,,,14.0,,R,R,R,MIL,TB,B,,,1,0,2024,-1.11,0.58,0.355750366055044,0.8392111594840226,,,680700.0,0,8,Top,,,,,,,6.1930193852469255,-144.36843454284448,-9.738222503661143,-16.955287856423375,31.928425165594977,-22.023684536971118,3.37028450811462,1.56317730963377,,,,99.7,2230.0,6.5,745996,661388,641343,668930,686554,642715,686894,663368,686217,54.05,,,,,,,,62,2,Sinker,7,0,0,7,0,7,0,7,Standard,Standard,213.0,-0.001,0.068,,,,,-0.068,,7,-7,0.991,0.009,24,29,24,29,1,3,1,1.0,,2.0,1.73,1.11,1.11,37.6,,,,,
SI,2024-05-01,99.4,-0.99,5.82,"Uribe, Abner",668227,682842,,ball,,,,,14.0,,R,R,R,MIL,TB,B,,,0,0,2024,-1.17,0.48,2.151582171173998,1.0311683012880064,,,680700.0,0,8,Top,,,,,,,11.35169677210382,-144.1236592290667,-8.818428090450626,-18.904284284810632,33.17229037655054,-23.545013813498176,3.2578708441684,1.52586241174004,,,,99.5,2302.0,6.5,745996,661388,641343,668930,686554,642715,686894,663368,686217,53.98,,,,,,,,62,1,Sinker,7,0,0,7,0,7,0,7,Standard,Standard,211.0,-0.001,0.041,,,,,-0.041,,7,-7,0.992,0.008,24,29,24,29,1,3,1,1.0,,2.0,1.84,1.17,1.17,38.6,,,,,
SL,2024-05-01,87.8,-0.81,5.88,"Uribe, Abner",680700,682842,single,hit_into_play,,,,,9.0,Richie Palacios singles on a line drive to right fielder Sal Frelick.,R,L,R,MIL,TB,X,9.0,line_drive,1,2,2024,0.76,0.28,0.323070435738174,1.858883597994886,,,,0,8,Top,200.59,114.82,,,,,1.1754032921816058,-127.96032578801446,-4.2564107955369845,8.186918124632708,25.656258937041557,-28.42850668862675,3.32,1.52,258.0,77.4,26.0,88.3,2507.0,6.5,745996,661388,641343,668930,686554,642715,686894,663368,686217,54.02,0.5,0.466,0.9,1.0,1.0,0.0,4.0,61,4,Slider,7,0,0,7,0,7,0,7,Standard,Standard,61.0,-0.005,0.516,72.3,7.3,,0.568,-0.516,88.0,7,-7,0.997,0.003,24,27,24,27,1,3,1,1.0,,3.0,2.66,-0.76,0.76,40.2,16.441420127912192,-21.971077889555847,27.9890096033968,29.500235681769865,42.031158169636186
SL,2024-05-01,87.3,-0.72,5.89,"Uribe, Abner",680700,682842,,swinging_strike,,,,,14.0,,R,L,R,MIL,TB,S,,,1,1,2024,1.06,0.24,1.810508442051518,1.6781363758969785,,,,0,8,Top,,,,,,,3.924860557815164,-127.11715778883608,-4.554139099859887,10.814856322380674,24.362642497576505,-28.83088750580913,3.32,1.52,,,,87.9,2543.0,6.5,745996,661388,641343,668930,686554,642715,686894,663368,686217,53.99,,,,,,,,61,3,Slider,7,0,0,7,0,7,0,7,Standard,Standard,66.0,0.001,-0.056,,,,,0.056,,7,-7,0.996,0.004,24,27,24,27,1,3,1,1.0,,3.0,2.73,-1.06,1.06,40.5,,,,,
SL,2024-05-01,87.9,-1.14,5.88,"Uribe, Abner",680700,682842,,foul,,,,,5.0,,R,L,R,MIL,TB,S,,,1,0,2024,0.8,0.55,-0.1913167705050551,2.1771268642766284,,,,0,8,Top,,,,,,,0.6295393073873015,-128.08299675280065,-4.108415331147894,8.796622627734443,23.977245676995423,-25.46546071979797,3.32,1.52,5.0,29.2,-24.0,89.1,2687.0,6.7,745996,661388,641343,668930,686554,642715,686894,663368,686217,53.77,,,,,,,,61,2,Slider,7,0,0,7,0,7,0,7,Standard,Standard,88.0,0.0,-0.049,68.3,8.2,,,0.049,88.0,7,-7,0.996,0.004,24,27,24,27,1,3,1,1.0,,3.0,2.37,-0.8,0.8,41.2,26.05791872766263,-32.667182947790046,26.71737525529944,34.38943354239268,47.9242488320691
SI,2024-05-01,98.7,-1.05,5.99,"Uribe, Abner",680700,682842,,ball,,,,,11.0,,R,L,R,MIL,TB,B,,,0,0,2024,-0.95,0.47,-0.754889557467669,3.884777443484496,,,,0,8,Top,,,,,,,3.0383111912268124,-143.80027580941402,-1.407042835025576,-13.837824702213592,32.437699667146504,-25.550313178389278,3.30715699063447,1.53557455174229,,,,99.5,2342.0,6.6,745996,661388,641343,668930,686554,642715,686894,663368,686217,53.9,,,,,,,,61,1,Sinker,7,0,0,7,0,7,0,7,Standard,Standard,215.0,0.0,0.038,,,,,-0.038,,7,-7,0.996,0.004,24,27,24,27,1,3,1,1.0,,3.0,1.86,0.95,-0.95,38.3,,,,,
SL,2024-04-30,88.0,-0.89,5.85,"Uribe, Abner",642350,682842,field_out,hit_into_play,,,,,14.0,"Jose Siri grounds out, first baseman Rhys Hoskins to pitcher Abner Uribe.",R,R,R,MIL,TB,X,3.0,ground_ball,1,1,2024,1.03,0.25,0.4920683501011156,1.2751704101917056,,,,0,8,Top,159.39,168.7,,,,,1.212812125384206,-127.98420920017246,-5.432890378943511,10.861006479508156,30.318640041933044,-28.45344052712785,3.45,1.65,19.0,63.7,-2.0,87.9,2683.0,6.6,745997,661388,656555,668930,687401,642715,686894,663368,694192,53.9,0.123,0.134,0.0,1.0,0.0,0.0,2.0,63,3,Slider,8,2,2,8,2,8,2,8,Standard,Strategic,62.0,0.003,-0.243,71.0,8.4,,0.15,0.243,88.0,6,-6,0.992,0.008,24,28,24,29,1,2,2,1.0,1.0,4.0,2.74,-1.03,-1.03,44.3,17.13886558342482,-7.472740752089556,39.40755796083738,44.51010591323998,34.05106189709147
SI,2024-04-30,99.5,-0.91,5.98,"Uribe, Abner",642350,682842,,called_strike,,,,,1.0,,R,R,R,MIL,TB,S,,,1,0,2024,-1.12,0.73,-0.5617457274964196,3.1509846844035416,,,,0,8,Top,,,,,,,3.5973683120756883,-144.69215478861526,-4.022633712743282,-16.51172233369124,38.0165504015528,-21.20052144710667,3.45,1.65,,,,99.3,2399.0,6.5,745997,661388,656555,668930,687401,642715,686894,663368,694192,53.98,,,,,,,,63,2,Sinker,8,2,2,8,2,8,2,8,Standard,Strategic,206.0,0.001,-0.049,,,,,0.049,,6,-6,0.991,0.009,24,28,24,29,1,2,2,1.0,1.0,4.0,1.6,1.12,1.12,39.5,,,,,
SL,2024-04-30,88.1,-0.96,5.94,"Uribe, Abner",642350,682842,,ball,,,,,14.0,,R,R,R,MIL,TB,B,,,0,0,2024,0.89,0.73,2.490744672044578,1.9579522703938188,,,,0,8,Top,,,,,,,6.554049567302799,-128.10668762438146,-5.055220474346655,8.267721116083871,29.07047283430701,-23.257872883831396,3.46339694158627,1.66365606997803,,,,88.2,2631.0,6.6,745997,661388,656555,668930,687401,642715,686894,663368,694192,53.9,,,,,,,,63,1,Slider,8,2,2,8,2,8,2,8,Standard,Strategic,83.0,-0.001,0.038,,,,,-0.038,,6,-6,0.992,0.008,24,28,24,29,1,2,2,1.0,1.0,4.0,2.23,-0.89,-0.89,51.6,,,,,
SL,2024-04-28,86.5,-1.2,5.96,"Uribe, Abner",624431,682842,single,hit_into_play,,,,,11.0,Jose Trevino singles on a line drive to center fielder Blake Perkins. Anthony Rizzo scores. Gleyber Torres scores. Oswaldo Cabrera to 3rd.,R,R,R,MIL,NYY,X,8.0,line_drive,1,1,2024,0.79,0.39,-0.0560218787426538,3.6603408075617794,519203.0,650402.0,665828.0,2,6,Top,94.51,85.18,,,,,1.1108939271955056,-125.99689985699835,-0.0504601375687289,8.172149665089863,26.40462479325634,-28.228709865431203,3.13,1.49,293.0,88.1,18.0,87.0,2580.0,6.6,746001,661388,641343,668930,687401,642715,686217,663368,694192,53.86,0.782,0.768,0.9,1.0,1.0,0.0,4.0,54,3,Slider,4,5,5,4,7,4,7,4,Standard,Standard,59.0,-0.184,0.535,65.1,6.8,,0.953,-0.535,88.1,-1,1,0.321,0.679,24,31,24,32,1,2,3,2.0,2.0,3.0,2.66,-0.79,-0.79,46.3,17.052729656979963,-0.6300296134830303,13.705211320897016,40.81214743762212,31.163142332875267
SL,2024-04-28,87.3,-1.51,5.78,"Uribe, Abner",624431,682842,,called_strike,,,,,1.0,,R,R,R,MIL,NYY,S,,,1,0,2024,0.69,0.42,-0.3503706433532538,2.7070631279223374,519203.0,650402.0,665828.0,2,6,Top,,,,,,,1.3807370301530768,-127.1014725484615,-2.101233134572858,7.131989043731435,26.5573809955341,-27.43016409593581,3.12481511085693,1.53650564808166,,,,87.9,2643.0,6.7,746001,661388,641343,668930,687401,642715,686217,663368,694192,53.82,,,,,,,,54,2,Slider,4,5,5,4,5,4,5,4,Standard,Standard,72.0,0.015,-0.044,,,,,0.044,,-1,1,0.306,0.694,24,31,24,32,1,2,3,2.0,2.0,3.0,2.57,-0.69,-0.69,42.7,,,,,
SL,2024-04-28,87.5,-1.42,5.88,"Uribe, Abner",624431,682842,,ball,,,,,11.0,,R,R,R,MIL,NYY,B,,,0,0,2024,0.69,0.47,-1.0478804416131702,3.3527879827326164,519203.0,650402.0,665828.0,2,6,Top,,,,,,,-0.5134683665864792,-127.44434422309754,-0.92715778629486,7.582242124110167,26.227780813016828,-27.123917483684583,3.09963312672404,1.50989837239695,,,,88.1,2511.0,6.6,746001,661388,641343,668930,687401,642715,686217,663368,694192,53.88,,,,,,,,54,1,Slider,4,5,5,4,5,4,5,4,Standard,Standard,67.0,-0.011,0.031,,,,,-0.031,,-1,1,0.317,0.683,24,31,24,32,1,2,3,2.0,2.0,3.0,2.51,-0.69,-0.69,43.3,,,,,
SL,2024-04-28,87.3,-1.05,5.87,"Uribe, Abner",665828,682842,walk,ball,,,,,1.0,Oswaldo Cabrera walks. Anthony Rizzo to 3rd. Gleyber Torres to 2nd.,R,L,R,MIL,NYY,B,,,3,2,2024,0.89,0.58,-0.7254925335695225,3.165494942426283,,519203.0,650402.0,2,6,Top,,,,,,,-1.0451811890924656,-127.27515323567287,-1.5764223643156012,9.873528910016232,25.477347291979854,-25.77664667149128,3.07808116354855,1.4291020025578,,,,88.1,2582.0,6.6,746001,661388,641343,668930,687401,642715,686217,663368,694192,53.88,,0.689131,0.7,1.0,0.0,0.0,,53,6,Slider,4,5,5,4,5,4,5,4,Strategic,Standard,67.0,-0.025,0.216,,,,,-0.216,,-1,1,0.342,0.658,24,25,24,25,1,2,3,1.0,2.0,1.0,2.4,-0.89,0.89,43.0,,,,,
SL,2024-04-28,88.1,-1.0,5.89,"Uribe, Abner",665828,682842,,ball,,,,,11.0,,R,L,R,MIL,NYY,B,,,2,2,2024,0.91,0.43,-1.2718766586343984,2.437378525516617,,519203.0,650402.0,2,6,Top,,,,,,,-2.5482640214140666,-128.3529142309707,-3.2098370098900912,10.537907505626467,25.9364298428795,-27.007313217747942,3.21033420714323,1.52776309180979,,,,88.7,2565.0,6.6,746001,661388,641343,668930,687401,642715,686217,663368,694192,53.94,,,,,,,,53,5,Slider,4,5,5,4,5,4,5,4,Standard,Standard,69.0,-0.012,0.093,,,,,-0.093,,-1,1,0.354,0.646,24,25,24,25,1,2,3,1.0,2.0,1.0,2.5,-0.91,0.91,42.7,,,,,
SI,2024-04-28,98.2,-1.3,5.61,"Uribe, Abner",665828,682842,,foul,,,,,7.0,,R,L,R,MIL,NYY,S,,,2,1,2024,-1.2,0.55,-0.6769659289658232,1.631146357364671,,519203.0,650402.0,2,6,Top,,,,,,,4.514041090016316,-142.76102803500171,-6.560371958428195,-17.416669365455803,35.79001822819374,-23.300418954694983,3.13,1.48,1.0,56.8,-57.0,98.7,2388.0,6.8,746001,661388,641343,668930,687401,642715,686217,663368,694192,53.7,,,,,,,,53,4,Sinker,4,5,5,4,5,4,5,4,Standard,Standard,211.0,0.01,-0.102,73.0,7.0,,,0.102,88.0,-1,1,0.344,0.656,24,25,24,25,1,2,3,1.0,2.0,1.0,1.84,1.2,-1.2,35.8,3.2948731260268334,-8.239928944696413,29.58803096824236,39.8307473219284,32.191403385978674
SI,2024-04-28,99.3,-1.21,5.63,"Uribe, Abner",665828,682842,,swinging_strike,,,,,9.0,,R,L,R,MIL,NYY,S,,,2,0,2024,-1.03,0.53,0.7147081058241016,1.8976827947810844,,519203.0,650402.0,2,6,Top,,,,,,,7.719105067912893,-144.27329775292176,-6.047155797714348,-16.22374232434897,35.06816034706217,-23.53422158338496,3.13,1.48,,,,99.7,2404.0,6.7,746001,661388,641343,668930,687401,642715,686217,663368,694192,53.82,,,,,,,,53,3,Sinker,4,5,5,4,5,4,5,4,Standard,Standard,186.0,0.006,-0.043,73.0,7.2,0.617781636,,0.043,,-1,1,0.338,0.662,24,25,24,25,1,2,3,1.0,2.0,1.0,1.8,1.03,-1.03,34.6,7.83897103159586,-15.59306655627762,33.72953169107959,23.85591101617713,29.51778415719904
SL,2024-04-28,86.5,-1.25,5.83,"Uribe, Abner",665828,682842,,ball,,,,,11.0,,R,L,R,MIL,NYY,B,,,1,0,2024,0.98,0.54,-1.563989301518229,3.273125940714884,,519203.0,650402.0,2,6,Top,,,,,,,-2.7632748516363104,-125.9050122434222,-0.9138518231830736,10.94724179199421,28.613119151431523,-26.55297936943566,3.18870833317101,1.49674620649203,,,,86.5,2544.0,6.5,746001,661388,641343,668930,687401,642715,686217,663368,694192,53.98,,,,,,,,53,2,Slider,4,5,5,4,5,4,5,4,Standard,Standard,77.0,-0.006,0.044,,,,,-0.044,,-1,1,0.344,0.656,24,25,24,25,1,2,3,1.0,2.0,1.0,2.54,-0.98,0.98,42.0,,,,,
SI,2024-04-28,98.0,-0.95,5.8,"Uribe, Abner",665828,682842,,ball,,,,,11.0,,R,L,R,MIL,NYY,B,,,0,0,2024,-0.97,0.68,-0.3981565169132137,3.608905810697384,,519203.0,650402.0,2,6,Top,,,,,,,3.762304087024696,-142.68909258362356,-1.9999296332034608,-14.128088145330697,34.27427083417928,-22.607434148014672,3.18593676435708,1.46557212818716,,,,98.3,2356.0,6.5,746001,661388,641343,668930,687401,642715,686217,663368,694192,53.98,,,,,,,,53,1,Sinker,4,5,5,4,5,4,5,4,Infield shade,Standard,207.0,-0.003,0.026,,,,,-0.026,,-1,1,0.347,0.653,24,25,24,25,1,2,3,1.0,2.0,1.0,1.7,0.97,-0.97,37.4,,,,,
SI,2024-04-28,98.1,-1.18,5.81,"Uribe, Abner",650402,682842,single,hit_into_play,,,,,5.0,Gleyber Torres singles on a ground ball to center fielder Blake Perkins. Alex Verdugo scores. Anthony Rizzo to 2nd.,R,R,R,MIL,NYY,X,8.0,ground_ball,2,1,2024,-1.01,0.51,0.0360710245899468,2.460730686894121,,657077.0,519203.0,2,6,Top,124.36,85.28,,,,,5.664620287190323,-142.7392339987438,-4.795546527858619,-15.146564787153029,32.74398256437156,-24.296966127434104,3.19,1.52,23.0,95.9,-5.0,98.8,2242.0,6.7,746001,661388,641343,668930,687401,642715,686217,663368,694192,53.8,0.283,0.304,0.9,1.0,1.0,0.0,2.0,52,4,Sinker,4,4,4,4,5,4,5,4,Standard,Standard,198.0,-0.158,0.537,68.7,7.2,,0.302,-0.537,95.9,0,0,0.505,0.495,24,27,24,28,1,2,3,1.0,2.0,1.0,1.86,1.01,1.01,40.9,7.907790509810012,12.754801674998108,31.173524039846765,37.21518349555844,28.181836773248257
SI,2024-04-28,99.1,-1.1,5.77,"Uribe, Abner",650402,682842,,blocked_ball,,,,,14.0,,R,R,R,MIL,NYY,B,,,1,1,2024,-0.95,0.58,0.1548487541377561,0.5214326161965528,,657077.0,519203.0,2,6,Top,,,,,,,5.693649742596689,-143.86228037092997,-10.317269607939888,-14.494824478459131,33.458875910196724,-21.87824565803951,3.21191217241001,1.50673978385509,,,,99.6,2288.0,6.7,746001,661388,641343,668930,687401,642715,686217,663368,694192,53.77,,,,,,,,52,3,Sinker,4,4,4,4,4,4,4,4,Standard,Standard,209.0,-0.007,0.042,,,,,-0.042,,0,0,0.512,0.488,24,27,24,28,1,2,3,1.0,2.0,1.0,1.75,0.95,0.95,39.7,,,,,
SI,2024-04-28,98.5,-1.21,5.85,"Uribe, Abner",650402,682842,,swinging_strike,,,,,1.0,,R,R,R,MIL,NYY,S,,,1,0,2024,-1.02,0.76,-0.440513404411195,2.928130965103029,,657077.0,519203.0,2,6,Top,,,,,,,4.482962001293013,-143.3258389613994,-4.237597628669935,-15.076409057889714,34.65236168621122,-20.89218236775984,3.19,1.52,,,,99.0,2271.0,6.7,746001,661388,641343,668930,687401,642715,686217,663368,694192,53.85,,,,,,,,52,2,Sinker,4,4,4,4,4,4,4,4,Standard,Standard,200.0,0.007,-0.042,67.6,6.5,1.088761584,,0.042,,0,0,0.505,0.495,24,27,24,28,1,2,3,1.0,2.0,1.0,1.6,1.02,1.02,41.1,1.8944026020814548,28.499368170556995,35.571520932204656,32.98571854852157,16.94599537848282
SI,2024-04-28,99.4,-0.93,5.83,"Uribe, Abner",650402,682842,,ball,,,,,14.0,,R,R,R,MIL,NYY,B,,,0,0,2024,-1.06,0.65,0.773088566047931,1.1646196344174518,,657077.0,519203.0,2,6,Top,,,,,,,7.197879278439441,-144.4048134182565,-8.926174657870982,-16.556342584172814,34.56077686428855,-21.185766890456268,3.3001320189858,1.6073881655251,,,,99.8,2343.0,6.7,746001,661388,641343,668930,687401,642715,686217,663368,694192,53.83,,,,,,,,52,1,Sinker,4,4,4,4,4,4,4,4,Standard,Standard,206.0,-0.004,0.026,,,,,-0.026,,0,0,0.509,0.491,24,27,24,28,1,2,3,1.0,2.0,1.0,1.67,1.06,1.06,40.1,,,,,
SI,2024-04-28,98.5,-1.1,5.61,"Uribe, Abner",519203,682842,walk,ball,,,,,14.0,Anthony Rizzo walks. Alex Verdugo to 2nd.,R,L,R,MIL,NYY,B,,,3,2,2024,-0.92,0.46,0.8884864876778845,1.9219082701361607,,,657077.0,2,6,Top,,,,,,,7.582315034739936,-143.1975072507781,-5.651034319093967,-14.379350468200682,33.149885975875186,-24.75995675631866,3.6578094437887,1.81592106405406,,,,99.0,2335.0,6.6,746001,661388,641343,668930,687401,642715,686217,663368,694192,53.86,,0.689131,0.7,1.0,0.0,0.0,,51,6,Sinker,4,4,4,4,4,4,4,4,Strategic,Standard,210.0,-0.026,0.217,,,,,-0.217,,0,0,0.535,0.465,24,34,24,35,1,2,3,1.0,2.0,1.0,1.9,0.92,-0.92,32.4,,,,,
SI,2024-04-28,98.7,-1.1,5.74,"Uribe, Abner",519203,682842,,foul,,,,,9.0,,R,L,R,MIL,NYY,S,,,3,1,2024,-0.95,0.58,0.2826882576362065,2.280743930989879,,,657077.0,2,6,Top,,,,,,,6.02473681004928,-143.57386461826582,-5.320969935901965,-14.58208380753464,34.09211505527209,-23.151048548328557,3.71,1.83,2.0,51.5,-46.0,99.1,2417.0,6.6,746001,661388,641343,668930,687401,642715,686217,663368,694192,53.92,,,,,,,,51,5,Sinker,4,4,4,4,4,4,4,4,Strategic,Standard,214.0,0.007,-0.065,70.3,6.6,,,0.065,88.0,0,0,0.528,0.472,24,34,24,35,1,2,3,1.0,2.0,1.0,1.77,0.95,-0.95,36.7,5.257898326894132,3.008005339234257,32.93439260928179,28.009812488847707,29.768211589481183
SI,2024-04-28,98.7,-1.22,5.76,"Uribe, Abner",519203,682842,,called_strike,,,,,9.0,,R,L,R,MIL,NYY,S,,,3,0,2024,-1.05,0.56,0.5925647646978387,2.130267793237854,,,657077.0,2,6,Top,,,,,,,7.436397132000923,-143.5475703080754,-5.757098920175938,-16.28570792121041,33.925646900644715,-23.21136657745336,3.85462667752864,1.81765327764339,,,,99.2,2333.0,6.6,746001,661388,641343,668930,687401,642715,686217,663368,694192,53.87,,,,,,,,51,4,Sinker,4,4,4,4,4,4,4,4,Strategic,Standard,213.0,0.007,-0.046,,,,,0.046,,0,0,0.521,0.479,24,34,24,35,1,2,3,1.0,2.0,1.0,1.78,1.05,-1.05,37.4,,,,,
SI,2024-04-28,99.2,-1.23,5.69,"Uribe, Abner",519203,682842,,ball,,,,,14.0,,R,L,R,MIL,NYY,B,,,2,0,2024,-0.84,0.45,1.1883413851333224,2.0226220397527994,,,657077.0,2,6,Top,,,,,,,8.583609615576677,-144.10396885177602,-5.662139105440942,-13.67776962346502,34.003851449783184,-24.75959499895001,3.848610584203,1.84186829130867,,,,99.4,2402.0,6.5,746001,661388,641343,668930,687401,642715,686217,663368,694192,53.98,,,,,,,,51,3,Sinker,4,4,4,4,4,4,4,4,Strategic,Standard,227.0,-0.01,0.076,,,,,-0.076,,0,0,0.531,0.469,24,34,24,35,1,2,3,1.0,2.0,1.0,1.88,0.84,-0.84,35.1,,,,,
SI,2024-04-28,98.8,-0.97,5.7,"Uribe, Abner",519203,682842,,ball,,,,,14.0,,R,L,R,MIL,NYY,B,,,1,0,2024,-1.05,0.59,1.243209089989583,2.2518688590477502,,,657077.0,2,6,Top,,,,,,,8.522720175455257,-143.52356958291617,-5.323415785395073,-16.540366361410182,34.702427526148455,-22.916673844725526,3.82120644634052,1.8273803074411,,,,99.0,2387.0,6.6,746001,661388,641343,668930,687401,642715,686217,663368,694192,53.92,,,,,,,,51,2,Sinker,4,4,4,4,4,4,4,4,Strategic,Standard,212.0,-0.006,0.05,,,,,-0.05,,0,0,0.537,0.463,24,34,24,35,1,2,3,1.0,2.0,1.0,1.76,1.05,-1.05,36.0,,,,,
SI,2024-04-28,100.1,-0.89,5.84,"Uribe, Abner",519203,682842,,ball,,,,,14.0,,R,L,R,MIL,NYY,B,,,0,0,2024,-1.36,0.58,0.9946751124778968,1.0696805340330755,,,657077.0,2,6,Top,,,,,,,8.442616420421913,-145.21552760885135,-9.138332765835372,-21.30717792058549,36.737788356476166,-21.897680895619526,3.80129833670196,1.89031396845129,,,,100.1,2409.0,6.6,746001,661388,641343,668930,687401,642715,686217,663368,694192,53.86,,,,,,,,51,1,Sinker,4,4,4,4,4,4,4,4,Strategic,Standard,211.0,-0.003,0.034,,,,,-0.034,,0,0,0.54,0.46,24,34,24,35,1,2,3,1.0,2.0,1.0,1.73,1.36,-1.36,41.3,,,,,
SI,2024-04-28,100.0,-1.1,5.91,"Uribe, Abner",519317,682842,field_out,hit_into_play,,,,,13.0,Giancarlo Stanton pops out to second baseman Brice Turang.,R,R,R,MIL,NYY,X,4.0,popup,2,2,2024,-1.01,0.54,-0.8559005741573785,2.2608665667696544,,,657077.0,1,6,Top,150.25,165.14,,,,,3.084470398804596,-145.5404271578568,-5.994412617816876,-15.098916731702488,34.40210813696813,-23.244589661559967,3.57,1.76,107.0,60.7,65.0,100.4,2454.0,6.5,746001,661388,641343,668930,687401,642715,686217,663368,694192,54.0,0.001,0.0,0.0,1.0,0.0,0.0,3.0,50,5,Sinker,4,4,4,4,4,4,4,4,Standard,Standard,208.0,0.037,-0.233,75.9,8.1,,0.001,0.233,88.0,0,0,0.503,0.497,24,34,24,35,1,2,3,1.0,2.0,1.0,1.74,1.01,1.01,42.7,2.4236200493331883,0.6114241956864419,30.30253572582945,33.83355447352034,19.96092353159816
SL,2024-04-28,87.4,-1.25,5.93,"Uribe, Abner",519317,682842,,ball,,,,,13.0,,R,R,R,MIL,NYY,B,,,1,2,2024,0.86,0.34,-0.2167683577488096,1.0742071412715215,,,657077.0,1,6,Top,,,,,,,0.7191846333199767,-127.29118985366,-6.282152358499172,9.20394152556598,26.384597405675496,-27.365555852494484,3.4122305440147,1.64071650864548,,,,87.8,2513.0,6.5,746001,661388,641343,668930,687401,642715,686217,663368,694192,53.97,,,,,,,,50,4,Slider,4,4,4,4,4,4,4,4,Standard,Standard,62.0,-0.007,0.048,,,,,-0.048,,0,0,0.51,0.49,24,34,24,35,1,2,3,1.0,2.0,1.0,2.64,-0.86,-0.86,43.1,,,,,
SL,2024-04-28,87.6,-1.09,5.94,"Uribe, Abner",519317,682842,,foul_tip,,,,,5.0,,R,R,R,MIL,NYY,S,,,1,1,2024,0.64,0.44,-0.0641107855161635,2.582612194774993,,,657077.0,1,6,Top,,,,,,,1.1621410209807308,-127.63936411233492,-2.9235249179035607,6.7531699968411525,25.664354997135835,-26.94872777725626,3.57,1.76,,,,88.3,2566.0,6.6,746001,661388,641343,668930,687401,642715,686217,663368,694192,53.91,,,,,,,,50,3,Slider,4,4,4,4,4,4,4,4,Standard,Standard,51.0,0.011,-0.059,77.2,8.0,,,0.059,,0,0,0.499,0.501,24,34,24,35,1,2,3,1.0,2.0,1.0,2.51,-0.64,-0.64,42.6,5.1580128180991895,5.187072522837966,25.78927982300456,43.626753962203125,18.12282627429773
SI,2024-04-28,100.3,-0.97,5.86,"Uribe, Abner",519317,682842,,called_strike,,,,,9.0,,R,R,R,MIL,NYY,S,,,1,0,2024,-1.35,0.44,0.3835863326339492,1.728235536646711,,,657077.0,1,6,Top,,,,,,,6.955057635711809,-145.7356092213955,-7.105193670844537,-20.89274485787892,36.3115264317616,-24.278015766334605,3.48469913794834,1.68066407944248,,,,100.4,2359.0,6.6,746001,661388,641343,668930,687401,642715,686217,663368,694192,53.92,,,,,,,,50,2,Sinker,4,4,4,4,4,4,4,4,Standard,Standard,210.0,0.007,-0.047,,,,,0.047,,0,0,0.492,0.508,24,34,24,35,1,2,3,1.0,2.0,1.0,1.84,1.35,1.35,40.8,,,,,
SL,2024-04-28,89.3,-1.09,5.85,"Uribe, Abner",519317,682842,,ball,,,,,8.0,,R,R,R,MIL,NYY,B,,,0,0,2024,0.47,0.56,0.2267489410363863,1.6322486590229013,,,657077.0,1,6,Top,,,,,,,2.271382040809813,-129.91653143058164,-5.548312695933046,4.783101033621145,27.94094601957501,-24.893305325184432,3.64362540014615,1.73476168119727,,,,89.5,2595.0,6.5,746001,661388,641343,668930,687401,642715,686217,663368,694192,53.99,,,,,,,,50,1,Slider,4,4,4,4,4,4,4,4,Standard,Standard,77.0,-0.005,0.036,,,,,-0.036,,0,0,0.497,0.503,24,34,24,35,1,2,3,1.0,2.0,1.0,2.31,-0.47,-0.47,40.8,,,,,
SI,2024-04-28,99.2,-1.07,5.88,"Uribe, Abner",657077,682842,force_out,hit_into_play,,,,,5.0,"Alex Verdugo grounds into a force out, second baseman Brice Turang to shortstop Willy Adames. Aaron Judge out at 2nd. Alex Verdugo to 1st.",R,L,R,MIL,NYY,X,4.0,ground_ball,0,1,2024,-1.26,0.45,-0.0168902823071914,2.54962274197546,,,592450.0,0,6,Top,149.23,151.91,,,,,5.862302352776905,-144.32562223518804,-4.719616398874125,-18.99072585467597,36.00012458491449,-24.9377853712294,3.53,1.61,6.0,96.3,-24.0,99.5,2288.0,6.6,746001,661388,641343,668930,687401,642715,686217,663368,694192,53.89,0.12,0.108,0.0,1.0,0.0,0.0,2.0,49,2,Sinker,4,4,4,4,4,4,4,4,Standard,Standard,205.0,0.042,-0.31,71.4,5.8,,0.159,0.31,96.3,0,0,0.455,0.545,24,28,24,28,1,2,3,1.0,2.0,4.0,1.88,1.26,-1.26,40.7,-6.094311138364605,12.936266337918775,29.87818158693601,31.52253843985316,27.08395881922382
SI,2024-04-28,98.4,-1.05,5.85,"Uribe, Abner",657077,682842,,called_strike,,,,,7.0,,R,L,R,MIL,NYY,S,,,0,0,2024,-1.34,0.54,-0.4746655964085051,1.8060712526428755,,,592450.0,0,6,Top,,,,,,,4.694953119894402,-143.01023759192128,-6.747946778184554,-19.47889338023915,35.7271762294899,-23.275749351806954,3.59722535512508,1.59629592253513,,,,98.5,2240.0,6.6,746001,661388,641343,668930,687401,642715,686217,663368,694192,53.91,,,,,,,,49,1,Sinker,4,4,4,4,4,4,4,4,Standard,Standard,209.0,0.008,-0.042,,,,,0.042,,0,0,0.447,0.553,24,28,24,28,1,2,3,1.0,2.0,4.0,1.83,1.34,-1.34,40.1,,,,,
SI,2024-04-28,98.5,-1.17,5.99,"Uribe, Abner",592450,682842,walk,ball,,,,,11.0,Aaron Judge walks.,R,R,R,MIL,NYY,B,,,3,1,2024,-1.42,0.63,-1.5533368078293732,4.405349017616871,,,,0,6,Top,,,,,,,2.256171044093536,-143.41665356408134,-0.2669637200787335,-20.006206023301253,36.40835348246644,-23.68319902848452,4.020153865466,1.78174531150207,,,,98.2,2377.0,6.3,746001,661388,641343,668930,687401,642715,686217,663368,694192,54.19,,0.689131,0.7,1.0,0.0,0.0,,48,5,Sinker,4,4,4,4,4,4,4,4,Standard,Standard,203.0,-0.032,0.287,,,,,-0.287,,0,0,0.479,0.521,24,32,24,32,1,2,3,1.0,2.0,1.0,1.73,1.42,1.42,42.0,,,,,
SI,2024-04-28,100.2,-0.99,5.92,"Uribe, Abner",592450,682842,,ball,,,,,1.0,,R,R,R,MIL,NYY,B,,,2,1,2024,-1.43,0.5,-0.6265055486193174,3.456987659577345,,,,0,6,Top,,,,,,,4.389806931031977,-145.78693670646854,-2.5697357547126725,-21.406150084432063,37.75572805774107,-24.70754847066508,4.07353101835752,1.82753336026453,,,,100.0,2370.0,6.4,746001,661388,641343,668930,687401,642715,686217,663368,694192,54.1,,,,,,,,48,4,Sinker,4,4,4,4,4,4,4,4,Standard,Standard,203.0,-0.016,0.122,,,,,-0.122,,0,0,0.495,0.505,24,32,24,32,1,2,3,1.0,2.0,1.0,1.79,1.43,1.43,41.6,,,,,
SL,2024-04-28,88.0,-0.92,5.85,"Uribe, Abner",592450,682842,,ball,,,,,14.0,,R,R,R,MIL,NYY,B,,,1,1,2024,1.15,0.04,0.405980580492734,0.7376781029576511,,,,0,6,Top,,,,,,,0.8388160578874317,-128.14385724474545,-6.393149521684411,12.461184618996606,27.34091066841892,-30.577600175228845,3.95493047475299,1.87695717917955,,,,88.2,2839.0,6.5,746001,661388,641343,668930,687401,642715,686217,663368,694192,54.05,,,,,,,,48,3,Slider,4,4,4,4,4,4,4,4,Standard,Standard,58.0,-0.007,0.053,,,,,-0.053,,0,0,0.502,0.498,24,32,24,32,1,2,3,1.0,2.0,1.0,2.91,-1.15,-1.15,41.8,,,,,
SL,2024-04-28,88.6,-1.11,5.89,"Uribe, Abner",592450,682842,,swinging_strike,,,,,14.0,,R,R,R,MIL,NYY,S,,,1,0,2024,0.67,0.26,1.350275601129971,1.3343793552877918,,,,0,6,Top,,,,,,,4.642969448038638,-128.94148546845784,-5.640174156634158,6.476823637595413,26.818872078217137,-28.32968274948552,4.04,1.89,,,,89.2,2606.0,6.6,746001,661388,641343,668930,687401,642715,686217,663368,694192,53.86,,,,,,,,48,2,Slider,4,4,4,4,4,4,4,4,Standard,Standard,78.0,0.007,-0.049,55.8,9.0,18.546097092,,0.049,,0,0,0.495,0.505,24,32,24,32,1,2,3,1.0,2.0,1.0,2.65,-0.67,-0.67,44.0,28.830750685451395,-18.89971999140286,42.006139529355785,58.59560220108377,44.95352826137891
SI,2024-04-28,99.8,-1.12,5.87,"Uribe, Abner",592450,682842,,ball,,,,,13.0,,R,R,R,MIL,NYY,B,,,0,0,2024,-1.36,0.74,-1.068029752528102,2.7426523083495047,,,,0,6,Top,,,,,,,3.373198054043432,-145.29763280678222,-4.970825962738376,-20.02619494357412,35.63656819636946,-20.787236433017515,4.08385266280843,1.84511836999276,,,,100.2,2399.0,6.6,746001,661388,641343,668930,687401,642715,686217,663368,694192,53.92,,,,,,,,48,1,Sinker,4,4,4,4,4,4,4,4,Standard,Standard,204.0,-0.005,0.038,,,,,-0.038,,0,0,0.5,0.5,24,32,24,32,1,2,3,1.0,2.0,1.0,1.56,1.36,1.36,40.5,,,,,
SL,2024-04-25,88.5,-0.82,6.05,"Uribe, Abner",457705,682842,strikeout,called_strike,,,,,7.0,Andrew McCutchen called out on strikes.,R,R,R,PIT,MIL,S,2.0,,2,2,2024,0.94,0.31,-0.7559924681444923,1.748762030962204,,,,2,6,Bot,,,,,,,-1.8105845670631693,-128.73259192959378,-5.041748605868102,10.747115302271176,29.63413876520646,-27.809240318720185,3.48399736442698,1.6491784001906,,,,88.8,2667.0,6.8,745512,661388,641343,668930,686554,642715,686894,663368,686217,53.75,,0.0,0.0,1.0,0.0,0.0,,56,5,Slider,5,4,5,4,4,5,5,4,Standard,Standard,83.0,-0.009,-0.219,,,,,0.219,,1,1,0.701,0.701,24,37,24,38,1,3,2,1.0,3.0,1.0,2.63,-0.94,-0.94,48.1,,,,,
SI,2024-04-25,98.3,-0.89,6.0,"Uribe, Abner",457705,682842,,called_strike,,,,,14.0,,R,R,R,PIT,MIL,S,,,2,1,2024,-1.24,0.63,0.9744689022748504,1.7410626788429049,,,,2,6,Bot,,,,,,,7.941384717605116,-142.73403525372967,-7.500167693771897,-18.776619465870034,35.37224031520021,-21.98205607471604,3.48355478043726,1.6483561036437,,,,98.3,2387.0,6.6,745512,661388,641343,668930,686554,642715,686894,663368,686217,53.94,,,,,,,,56,4,Sinker,5,4,5,4,4,5,5,4,Standard,Standard,197.0,-0.003,-0.084,,,,,0.084,,1,1,0.704,0.704,24,37,24,38,1,3,2,1.0,3.0,1.0,1.76,1.24,1.24,42.5,,,,,
SL,2024-04-25,86.9,-0.94,5.99,"Uribe, Abner",457705,682842,,ball,,,,,14.0,,R,R,R,PIT,MIL,B,,,1,1,2024,1.13,0.34,0.2421700515865334,1.1431536145292265,,,,2,6,Bot,,,,,,,0.5014525149708501,-126.44499238863278,-6.086510051739591,11.933234043365674,28.61092376823521,-27.46856877168217,3.45346521849406,1.6491784001906,,,,87.1,2655.0,6.7,745512,661388,641343,668930,686554,642715,686894,663368,686217,53.83,,,,,,,,56,3,Slider,5,4,5,4,4,5,5,4,Standard,Standard,71.0,0.002,0.058,,,,,-0.058,,1,1,0.702,0.702,24,37,24,38,1,3,2,1.0,3.0,1.0,2.71,-1.13,-1.13,46.3,,,,,
SL,2024-04-25,88.5,-0.91,6.1,"Uribe, Abner",457705,682842,,called_strike,,,,,2.0,,R,R,R,PIT,MIL,S,,,1,0,2024,0.64,0.42,-0.2101491531719548,2.9377744314285152,,,,2,6,Bot,,,,,,,0.3708544157583242,-128.84964108301372,-2.4749851275295534,7.015596726068585,29.72298241605626,-27.19361692530631,3.45346521849406,1.6491784001906,,,,88.6,2590.0,6.5,745512,661388,641343,668930,686554,642715,686894,663368,686217,53.96,,,,,,,,56,2,Slider,5,4,5,4,4,5,5,4,Standard,Standard,83.0,-0.002,-0.051,,,,,0.051,,1,1,0.704,0.704,24,37,24,38,1,3,2,1.0,3.0,1.0,2.51,-0.64,-0.64,45.8,,,,,
SL,2024-04-25,87.8,-0.95,6.02,"Uribe, Abner",457705,682842,,ball,,,,,14.0,,R,R,R,PIT,MIL,B,,,0,0,2024,0.93,0.3,0.9567521323197083,1.010741198452406,,,,2,6,Bot,,,,,,,2.6916432687304592,-127.7108383661828,-6.639154293010924,9.548975028616807,28.021915406562563,-27.64913847870429,3.42293232629317,1.6491784001906,,,,88.2,2639.0,6.7,745512,661388,641343,668930,686554,642715,686894,663368,686217,53.82,,,,,,,,56,1,Slider,5,4,5,4,4,5,5,4,Standard,Standard,64.0,0.001,0.04,,,,,-0.04,,1,1,0.703,0.703,24,37,24,38,1,3,2,1.0,3.0,1.0,2.67,-0.93,-0.93,46.2,,,,,
SL,2024-04-25,88.4,-0.9,6.08,"Uribe, Abner",675961,682842,strikeout,swinging_strike,,,,,11.0,Alika Williams strikes out swinging.,R,R,R,PIT,MIL,S,2.0,,1,2,2024,0.83,0.5,-0.3332909203988161,3.667488770284264,,,,1,6,Bot,,,,,,,-0.3684960176386218,-128.77844365661278,-0.8054518984326152,9.28202052739261,29.276719285543496,-26.73905413145178,3.42,1.61,,,,88.5,2516.0,6.5,745512,661388,641343,668930,686554,642715,686894,663368,686217,54.0,,0.0,0.0,1.0,0.0,0.0,,55,4,Slider,5,4,5,4,4,5,5,4,Standard,Standard,83.0,-0.011,-0.182,57.1,4.8,2.877884808,,0.182,,1,1,0.714,0.714,24,25,24,25,1,2,2,3.0,3.0,2.0,2.44,-0.83,-0.83,47.2,-6.323910865286494,38.36451741258607,32.29648859823109,33.945280900530946,7.601241597521805
SI,2024-04-25,99.1,-0.92,5.99,"Uribe, Abner",675961,682842,,foul,,,,,6.0,,R,R,R,PIT,MIL,S,,,1,1,2024,-0.52,0.69,0.4768963337702577,2.64495983259254,,,,1,6,Bot,,,,,,,5.075183267634243,-144.1842959930398,-5.3456860001854345,-8.468643698524136,33.11449301512727,-21.546931998711628,3.42,1.61,254.0,84.8,40.0,99.7,2235.0,6.6,745512,661388,641343,668930,686554,642715,686894,663368,686217,53.91,,,,,,,,55,3,Sinker,5,4,5,4,4,5,5,4,Standard,Standard,195.0,-0.004,-0.061,63.2,6.4,,,0.061,88.0,1,1,0.718,0.718,24,25,24,25,1,2,2,3.0,3.0,2.0,1.63,0.52,0.52,41.7,-8.920747185060895,18.16711458441536,33.860172977258365,42.87025795915071,12.131866977019246
SI,2024-04-25,99.6,-0.95,6.0,"Uribe, Abner",675961,682842,,foul,,,,,7.0,,R,R,R,PIT,MIL,S,,,1,0,2024,-0.88,1.04,-0.6949057944365762,1.5216991244949924,,,,1,6,Bot,,,,,,,2.783731359279761,-144.78863619938036,-9.322543593957686,-12.950043228535598,37.19313151017308,-15.526465697231007,3.42,1.61,3.0,97.9,-29.0,99.6,2313.0,6.5,745512,661388,641343,668930,686554,642715,686894,663368,686217,53.96,,,,,,,,55,2,Sinker,5,4,5,4,4,5,5,4,Standard,Standard,211.0,-0.003,-0.051,71.9,7.3,,,0.051,97.9,1,1,0.721,0.721,24,25,24,25,1,2,2,3.0,3.0,2.0,1.28,0.88,0.88,43.3,8.351645391383359,-15.49596639155189,40.67239388794803,28.903276340751205,33.47972098628251
SL,2024-04-25,87.8,-1.0,6.06,"Uribe, Abner",675961,682842,,ball,,,,,12.0,,R,R,R,PIT,MIL,B,,,0,0,2024,0.89,0.49,1.060703055278173,2.6439008307298963,,,,1,6,Bot,,,,,,,3.1620320036587266,-127.86839716984623,-3.1352905285957764,8.959700548529765,28.29698130211893,-26.36449563134473,3.42293232629317,1.60916743817368,,,,87.9,2692.0,6.5,745512,661388,641343,668930,686554,642715,686894,663368,686217,54.03,,,,,,,,55,1,Slider,5,4,5,4,4,5,5,4,Standard,Standard,69.0,0.002,0.039,,,,,-0.039,,1,1,0.719,0.719,24,25,24,25,1,2,2,3.0,3.0,2.0,2.48,-0.89,-0.89,46.3,,,,,
SL,2024-04-25,89.7,-0.96,6.1,"Uribe, Abner",572191,682842,strikeout,swinging_strike,,,,,6.0,Michael A. Taylor strikes out swinging.,R,R,R,PIT,MIL,S,2.0,,0,2,2024,0.85,0.57,0.4747435693471324,2.574575852590911,,,,0,6,Bot,,,,,,,1.749318226693918,-130.63999963559414,-3.94605255162649,9.319881902256512,28.629598159125187,-25.011462852434992,3.57,1.69,,,,90.0,2808.0,6.5,745512,661388,641343,668930,686554,642715,686894,663368,686217,53.98,,0.0,0.0,1.0,0.0,0.0,,54,3,Slider,5,4,5,4,4,5,5,4,Standard,Standard,86.0,-0.013,-0.163,68.8,7.8,4.315429692,,0.163,,1,1,0.732,0.732,24,33,24,33,1,2,2,2.0,3.0,1.0,2.27,-0.85,-0.85,46.3,29.18725129061147,-32.133696005565085,29.89757528431212,43.448275305483136,47.11535812164969
SL,2024-04-25,88.4,-1.02,6.05,"Uribe, Abner",572191,682842,,called_strike,,,,,5.0,,R,R,R,PIT,MIL,S,,,0,1,2024,0.64,0.69,0.1599198876238419,2.4058561430164493,,,,0,6,Bot,,,,,,,1.5390581922586524,-128.71061945794932,-4.227523491315586,6.785671735385898,28.20499655768948,-23.790996247096672,3.60611816896413,1.68918937326632,,,,88.5,2664.0,6.5,745512,661388,641343,668930,686554,642715,686894,663368,686217,54.03,,,,,,,,54,2,Slider,5,4,5,4,4,5,5,4,Standard,Standard,96.0,-0.005,-0.054,,,,,0.054,,1,1,0.737,0.737,24,33,24,33,1,2,2,2.0,3.0,1.0,2.23,-0.64,-0.64,42.9,,,,,
SI,2024-04-25,98.8,-1.16,6.0,"Uribe, Abner",572191,682842,,swinging_strike,,,,,8.0,,R,R,R,PIT,MIL,S,,,0,0,2024,-1.16,0.84,0.0818123296971284,1.9639742410782148,,,,0,6,Bot,,,,,,,6.072998685058941,-143.4913258590147,-7.431730327917477,-17.421440076454527,36.60260442315837,-18.95607799214054,3.57,1.69,,,,98.3,2369.0,6.4,745512,661388,641343,668930,686554,642715,686894,663368,686217,54.12,,,,,,,,54,1,Sinker,5,4,5,4,4,5,5,4,Standard,Standard,215.0,-0.003,-0.037,76.2,8.2,1.618299012,,0.037,,1,1,0.74,0.74,24,33,24,33,1,2,2,2.0,3.0,1.0,1.52,1.16,1.16,40.3,22.294953869201898,-12.325451282629585,31.42587266581344,41.082247648090885,32.72673127865313
SL,2024-04-23,88.8,-0.94,6.09,"Uribe, Abner",656582,682842,strikeout,swinging_strike,,,,,9.0,Connor Joe strikes out swinging.,R,R,R,PIT,MIL,S,2.0,,1,2,2024,1.3,0.07,0.3467639527243019,1.813961713649608,,,,2,8,Bot,,,,,,,0.4319361916925708,-129.21520027562713,-4.51907643333826,14.324482430778746,30.140706309512627,-30.579440711169177,3.26,1.55,,,,88.9,2676.0,6.6,745516,596142,656555,668930,687401,642715,686217,663368,641343,53.87,,0.0,0.0,1.0,0.0,0.0,,61,4,Slider,2,1,2,1,1,2,2,1,Standard,Standard,63.0,-0.006,-0.18,67.5,7.8,0.887467836,,0.18,,1,1,0.841,0.841,24,31,24,32,1,1,3,1.0,2.0,1.0,2.85,-1.3,-1.3,46.8,14.213756933739775,-14.479426327763267,27.87265607365208,42.6894672529692,40.86362471147284
SI,2024-04-23,99.3,-0.78,6.04,"Uribe, Abner",656582,682842,,ball,,,,,14.0,,R,R,R,PIT,MIL,B,,,0,2,2024,-1.07,0.56,1.4493612826817417,0.685423535865197,,,,2,8,Bot,,,,,,,8.605563463589002,-143.98220134248507,-10.519396234493714,-16.858418371641875,34.02404240045865,-22.04628950761465,3.20442780749598,1.54984908188981,,,,99.3,2260.0,6.5,745516,596142,656555,668930,687401,642715,686217,663368,641343,53.97,,,,,,,,61,3,Sinker,2,1,2,1,1,2,2,1,Standard,Standard,215.0,0.001,0.023,,,,,-0.023,,1,1,0.84,0.84,24,31,24,32,1,1,3,1.0,2.0,1.0,1.77,1.07,1.07,42.0,,,,,
SI,2024-04-23,97.9,-1.15,6.03,"Uribe, Abner",656582,682842,,called_strike,,,,,9.0,,R,R,R,PIT,MIL,S,,,0,1,2024,-1.02,0.49,0.4352130967558913,1.701185120552125,,,,2,8,Bot,,,,,,,6.651602870180127,-142.24607888278993,-7.312191549610973,-15.352450249444006,33.41807752278927,-24.049652190758216,3.25322247500006,1.56279783874663,,,,98.1,2175.0,6.6,745516,596142,656555,668930,687401,642715,686217,663368,641343,53.94,,,,,,,,61,2,Sinker,2,1,2,1,1,2,2,1,Standard,Standard,207.0,-0.002,-0.058,,,,,0.058,,1,1,0.842,0.842,24,31,24,32,1,1,3,1.0,2.0,1.0,1.9,1.02,1.02,42.1,,,,,
SI,2024-04-23,98.3,-0.89,6.11,"Uribe, Abner",656582,682842,,called_strike,,,,,6.0,,R,R,R,PIT,MIL,S,,,0,0,2024,-0.9,0.61,0.7846328883416115,2.390914027739314,,,,2,8,Bot,,,,,,,6.6752321596637065,-143.02045085200507,-6.054304070511595,-13.938994864625778,32.17994045031424,-22.630070325294284,3.24644512055652,1.55161841972692,,,,98.8,2266.0,6.5,745516,596142,656555,668930,687401,642715,686217,663368,641343,53.97,,,,,,,,61,1,Sinker,2,1,2,1,1,2,2,1,Standard,Standard,210.0,-0.001,-0.041,,,,,0.041,,1,1,0.843,0.843,24,31,24,32,1,1,3,1.0,2.0,1.0,1.75,0.9,0.9,48.1,,,,,
SI,2024-04-23,98.8,-0.82,6.07,"Uribe, Abner",663647,682842,grounded_into_double_play,hit_into_play,,,,,8.0,"Ke'Bryan Hayes grounds into a double play, shortstop Willy Adames to second baseman Brice Turang to first baseman Rhys Hoskins. Bryan Reynolds out at 2nd. Ke'Bryan Hayes out at 1st.",R,R,R,PIT,MIL,X,6.0,ground_ball,1,1,2024,-0.95,0.76,-0.0872883653866546,1.8515481825465052,,,668804.0,0,8,Bot,110.97,159.7,,,,,4.224352825843926,-143.66323786619952,-7.810157843007427,-14.119291923360352,36.65241864907771,-19.906013578065185,3.29,1.55,15.0,107.3,-6.0,98.8,2281.0,6.6,745516,596142,656555,668930,687401,642715,686217,663368,641343,53.93,0.374,0.381,0.0,1.0,0.0,0.0,2.0,60,3,Sinker,2,1,2,1,1,2,2,1,Standard,Standard,208.0,-0.042,-0.345,77.5,7.0,,0.413,0.345,107.3,1,1,0.885,0.885,24,27,24,27,1,3,3,1.0,2.0,1.0,1.59,0.95,0.95,44.7,-2.5749324837702563,3.7420011829951063,28.54959399446638,35.486366977466155,32.3165427934422
SI,2024-04-23,98.8,-0.79,6.21,"Uribe, Abner",663647,682842,,called_strike,,,,,6.0,,R,R,R,PIT,MIL,S,,,1,0,2024,-0.92,0.66,0.530759851499488,2.3182407016222326,,,668804.0,0,8,Bot,,,,,,,5.7651988225462425,-143.62633135954857,-6.674773192427478,-14.09799054183188,35.8116775793829,-21.627425384633064,3.2534716757858,1.4947426767248,,,,98.7,2275.0,6.5,745516,596142,656555,668930,687401,642715,686217,663368,641343,54.04,,,,,,,,60,2,Sinker,2,1,2,1,1,2,2,1,Standard,Standard,206.0,-0.004,-0.049,,,,,0.049,,1,1,0.889,0.889,24,27,24,27,1,3,3,1.0,2.0,1.0,1.69,0.92,0.92,45.6,,,,,
SI,2024-04-23,98.7,-1.09,6.06,"Uribe, Abner",663647,682842,,ball,,,,,13.0,,R,R,R,PIT,MIL,B,,,0,0,2024,-0.86,0.63,-0.5215598835955935,1.099017979873616,,,668804.0,0,8,Bot,,,,,,,3.565065379004569,-143.40459284734098,-9.516207504690923,-12.653447757900311,34.38928205745772,-21.375549220736577,3.260057707007,1.53897161773783,,,,98.8,2251.0,6.5,745516,596142,656555,668930,687401,642715,686217,663368,641343,53.98,,,,,,,,60,1,Sinker,2,1,2,1,1,2,2,1,Standard,Standard,213.0,0.003,0.041,,,,,-0.041,,1,1,0.886,0.886,24,27,24,27,1,3,3,1.0,2.0,1.0,1.72,0.86,0.86,44.1,,,,,
SI,2024-04-23,97.9,-1.01,6.0,"Uribe, Abner",668804,682842,walk,ball,,,,,11.0,Bryan Reynolds walks.,R,L,R,PIT,MIL,B,,,3,2,2024,-1.03,0.66,-0.9870071493308042,2.605540236563754,,,,0,8,Bot,,,,,,,2.454347841185675,-142.49475037844147,-5.213755622251889,-14.561165743920586,34.11232883365219,-22.12129255473685,2.96013114785102,1.45245460898479,,,,98.2,2087.0,6.5,745516,596142,656555,668930,687401,642715,686217,663368,641343,53.96,,0.689131,0.7,1.0,0.0,0.0,,59,6,Sinker,2,1,2,1,1,2,2,1,Strategic,Standard,216.0,0.016,0.371,,,,,-0.371,,1,1,0.87,0.87,24,29,24,29,1,3,3,1.0,2.0,1.0,1.72,1.03,-1.03,40.4,,,,,
SI,2024-04-23,98.4,-1.14,5.99,"Uribe, Abner",668804,682842,,called_strike,,,,,9.0,,R,L,R,PIT,MIL,S,,,3,1,2024,-0.79,0.54,0.8230756973726524,1.7066983057165384,,,,0,8,Bot,,,,,,,7.202231247952379,-143.05900741199815,-7.43891687482031,-12.570478459601224,33.32766955154641,-23.15035817462113,2.88506696430739,1.37688259850671,,,,98.7,2150.0,6.5,745516,596142,656555,668930,687401,642715,686217,663368,641343,53.99,,,,,,,,59,5,Sinker,2,1,2,1,1,2,2,1,Standard,Standard,217.0,-0.005,-0.085,,,,,0.085,,1,1,0.875,0.875,24,29,24,29,1,3,3,1.0,2.0,1.0,1.82,0.79,-0.79,41.2,,,,,
SI,2024-04-23,98.4,-1.04,6.09,"Uribe, Abner",668804,682842,,ball,,,,,11.0,,R,L,R,PIT,MIL,B,,,2,1,2024,-0.78,0.87,-1.4220871394739087,3.7557667787131166,,,,0,8,Bot,,,,,,,0.7803449390796283,-143.31920961912442,-2.9109102727193368,-10.961179936599182,34.288451162303055,-19.707759487394156,3.0848211687065,1.42066284603465,,,,98.9,2211.0,6.6,745516,596142,656555,668930,687401,642715,686217,663368,641343,53.93,,,,,,,,59,4,Sinker,2,1,2,1,1,2,2,1,Standard,Standard,207.0,0.006,0.122,,,,,-0.122,,1,1,0.869,0.869,24,29,24,29,1,3,3,1.0,2.0,1.0,1.48,0.78,-0.78,43.0,,,,,
SI,2024-04-23,99.0,-1.14,6.07,"Uribe, Abner",668804,682842,,ball,,,,,13.0,,R,L,R,PIT,MIL,B,,,1,1,2024,-0.81,0.49,-0.9065444051543418,1.9922998227786413,,,,0,8,Bot,,,,,,,2.520682856402577,-144.1443248501877,-6.8409479778942135,-11.848160550457369,33.787174233040695,-23.938383032545403,3.14059512702377,1.43630108995287,,,,99.0,2178.0,6.3,745516,596142,656555,668930,687401,642715,686217,663368,641343,54.23,,,,,,,,59,3,Sinker,2,1,2,1,1,2,2,1,Standard,Standard,218.0,0.003,0.053,,,,,-0.053,,1,1,0.866,0.866,24,29,24,29,1,3,3,1.0,2.0,1.0,1.83,0.81,-0.81,40.9,,,,,
SL,2024-04-23,87.0,-1.04,6.07,"Uribe, Abner",668804,682842,,ball,,,,,14.0,,R,L,R,PIT,MIL,B,,,0,1,2024,0.89,0.3,0.9974917790556462,0.0366398097838578,,,,0,8,Bot,,,,,,,3.0728054660577726,-126.5110041664924,-8.948318440457008,8.932651405371848,25.78234739435336,-27.37624018600064,3.10798186856827,1.51022630355539,,,,87.6,2555.0,6.7,745516,596142,656555,668930,687401,642715,686217,663368,641343,53.79,,,,,,,,59,2,Slider,2,1,2,1,1,2,2,1,Standard,Standard,60.0,0.001,0.025,,,,,-0.025,,1,1,0.865,0.865,24,29,24,29,1,3,3,1.0,2.0,1.0,2.72,-0.89,0.89,46.1,,,,,
SL,2024-04-23,87.4,-1.11,6.12,"Uribe, Abner",668804,682842,,swinging_strike,,,,,14.0,,R,L,R,PIT,MIL,S,,,0,0,2024,0.41,0.51,0.6254274007654829,1.0058851694679394,,,,0,8,Bot,,,,,,,3.3538333172654577,-127.08855991620378,-7.249526394150465,3.736675135098628,26.39729665199463,-25.392842067825864,3.09,1.5,,,,87.8,2514.0,6.6,745516,596142,656555,668930,687401,642715,686217,663368,641343,53.86,,,,,,,,59,1,Slider,2,1,2,1,1,2,2,1,Standard,Standard,94.0,-0.002,-0.037,37.6,7.9,11.688104052,,0.037,,1,1,0.867,0.867,24,29,24,29,1,3,3,1.0,2.0,1.0,2.48,-0.41,0.41,44.6,29.454608326519903,-24.671387658681837,38.30482751665839,31.255746069696983,43.41353121736866
SI,2024-04-20,98.6,-1.11,5.71,"Uribe, Abner",676475,682842,field_out,hit_into_play,,,,,5.0,Alec Burleson flies out sharply to left fielder Sal Frelick.,R,L,R,STL,MIL,X,7.0,fly_ball,3,1,2024,-1.37,0.65,-0.249521125724925,2.22513240526866,571448.0,663457.0,,2,8,Bot,33.92,96.38,,,,,5.5484104526043545,-143.37941389196536,-5.511628092098833,-20.113811312520525,37.18045615928875,-22.03281854043054,3.44,1.63,339.0,100.3,33.0,98.6,2178.0,6.6,745190,596142,656555,668930,686554,642715,686217,663368,694192,53.9,0.416,0.8244347826086956,0.0,1.0,0.0,0.0,6.0,77,5,Sinker,4,10,4,10,10,4,4,10,Infield shade,Standard,218.0,-0.01,-0.341,72.0,7.2,,1.637,0.341,100.3,-6,-6,0.013,0.013,24,25,24,26,1,0,3,1.0,3.0,1.0,1.72,1.37,-1.37,36.8,4.258273637959472,12.88601376560089,36.19359806389557,34.48924359470337,26.50806937878497
SI,2024-04-20,100.2,-1.19,5.63,"Uribe, Abner",676475,682842,,ball,,,,,14.0,,R,L,R,STL,MIL,B,,,2,1,2024,-1.08,0.51,0.1520380057477548,-0.1865908397430657,,571448.0,663457.0,2,8,Bot,,,,,,,6.305722268785591,-145.3971214023043,-11.982573254905938,-16.840511647112596,34.16998143616286,-22.246684170610635,3.47319620576664,1.6487758129856,,,,100.9,2285.0,6.8,745190,596142,656555,668930,686554,642715,686217,663368,694192,53.69,,,,,,,,77,4,Sinker,4,10,4,10,10,4,4,10,Standard,Standard,219.0,0.003,0.065,,,,,-0.065,,-6,-6,0.01,0.01,24,25,24,26,1,0,3,1.0,3.0,1.0,1.77,1.08,-1.08,38.1,,,,,
SL,2024-04-20,88.2,-1.12,5.9,"Uribe, Abner",676475,682842,,ball,,,,,13.0,,R,L,R,STL,MIL,B,,,1,1,2024,0.06,0.49,-0.6104246794746444,1.143435243151167,,571448.0,663457.0,2,8,Bot,,,,,,,1.1247546449055414,-128.54800572936776,-6.637446491373024,0.46266171358828,23.194561146414703,-25.68492213547817,3.52171121811037,1.76325573735037,,,,89.5,2612.0,6.7,745190,596142,656555,668930,686554,642715,686217,663368,694192,53.79,,,,,,,,77,3,Slider,4,10,4,10,10,4,4,10,Standard,Standard,78.0,0.001,0.042,,,,,-0.042,,-6,-6,0.009,0.009,24,25,24,26,1,0,3,1.0,3.0,1.0,2.4,-0.06,0.06,43.4,,,,,
SL,2024-04-20,87.5,-1.01,5.88,"Uribe, Abner",676475,682842,,called_strike,,,,,8.0,,R,L,R,STL,MIL,S,,,1,0,2024,0.21,0.71,-0.1431488698408099,2.157841835524643,,571448.0,663457.0,2,8,Bot,,,,,,,1.6760098353288777,-127.44433625120412,-4.352108345941057,1.954559239474816,25.95960290298485,-23.725678620528868,3.58066639906588,1.72327883098221,,,,88.0,2567.0,6.5,745190,596142,656555,668930,686554,642715,686217,663368,694192,53.99,,,,,,,,77,2,Slider,4,10,4,10,10,4,4,10,Standard,Standard,93.0,-0.001,-0.042,,,,,0.042,,-6,-6,0.01,0.01,24,25,24,26,1,0,3,1.0,3.0,1.0,2.26,-0.21,0.21,43.3,,,,,
SL,2024-04-20,88.0,-1.25,5.96,"Uribe, Abner",676475,682842,,ball,,,,,14.0,,R,L,R,STL,MIL,B,,,0,0,2024,0.33,0.66,0.3006596598142507,1.0110559489177582,,571448.0,663457.0,2,8,Bot,,,,,,,3.1090762354996664,-128.00503974108423,-7.286419051248403,2.9303793264636577,28.916458663182325,-23.538050962427693,3.55122854611932,1.72687133298016,,,,88.5,2577.0,6.8,745190,596142,656555,668930,686554,642715,686217,663368,694192,53.67,,,,,,,,77,1,Slider,4,10,4,10,10,4,4,10,Infield shade,Standard,100.0,0.001,0.026,,,,,-0.026,,-6,-6,0.009,0.009,24,25,24,26,1,0,3,1.0,3.0,1.0,2.31,-0.33,0.33,44.5,,,,,
SI,2024-04-20,98.6,-1.06,5.74,"Uribe, Abner",663457,682842,walk,ball,,,,,14.0,Lars Nootbaar walks.,R,L,R,STL,MIL,B,,,3,2,2024,-1.33,0.45,0.1882438580078718,0.8376112727045422,,571448.0,,2,8,Bot,,,,,,,6.549566740127213,-143.19493298520388,-8.937686966933894,-19.86237938274649,34.45649281818297,-23.974750979886824,3.3807962818036,1.64718528140722,,,,99.1,2284.0,6.8,745190,596142,656555,668930,686554,642715,686217,663368,694192,53.74,,0.689131,0.7,1.0,0.0,0.0,,76,6,Sinker,4,10,4,10,10,4,4,10,Standard,Standard,216.0,0.003,0.115,,,,,-0.115,,-6,-6,0.006,0.006,24,26,24,27,1,3,3,1.0,3.0,1.0,1.91,1.33,-1.33,41.7,,,,,
SI,2024-04-20,99.7,-1.17,5.72,"Uribe, Abner",663457,682842,,ball,,,,,11.0,,R,L,R,STL,MIL,B,,,2,2,2024,-1.36,0.59,-0.9479821473122756,2.624987948859521,,571448.0,,2,8,Bot,,,,,,,3.836370220820152,-145.1383784711542,-4.51813903231299,-20.1012206867731,34.155680980425515,-22.986212771791628,3.37812955153437,1.67369937278247,,,,100.1,2306.0,6.5,745190,596142,656555,668930,686554,642715,686217,663368,694192,53.97,,,,,,,,76,5,Sinker,4,10,4,10,10,4,4,10,Standard,Standard,214.0,0.0,0.049,,,,,-0.049,,-6,-6,0.006,0.006,24,26,24,27,1,3,3,1.0,3.0,1.0,1.7,1.36,-1.36,35.7,,,,,
SI,2024-04-20,98.7,-1.13,5.81,"Uribe, Abner",663457,682842,,called_strike,,,,,9.0,,R,L,R,STL,MIL,S,,,2,1,2024,-1.38,0.37,0.4373328947050479,1.8500414442605837,,571448.0,,2,8,Bot,,,,,,,7.506469374945567,-143.41730029730363,-6.162524992944923,-20.79449170534841,35.20534834108004,-25.780050977109248,3.52926577017335,1.68119425151747,,,,98.9,2269.0,6.6,745190,596142,656555,668930,686554,642715,686217,663368,694192,53.9,,,,,,,,76,4,Sinker,4,10,4,10,10,4,4,10,Standard,Standard,211.0,0.0,-0.062,,,,,0.062,,-6,-6,0.006,0.006,24,26,24,27,1,3,3,1.0,3.0,1.0,1.99,1.38,-1.38,37.4,,,,,
SI,2024-04-20,97.7,-1.08,5.84,"Uribe, Abner",663457,682842,,called_strike,,,,,5.0,,R,L,R,STL,MIL,S,,,2,0,2024,-1.21,0.48,-0.2148791978780907,2.5885535084524625,,571448.0,,2,8,Bot,,,,,,,5.147731653525062,-142.15666769331688,-4.409317053162591,-17.61645506757894,32.18431077971097,-24.801963337295213,3.71604059705653,1.70119510641038,,,,98.3,2165.0,6.6,745190,596142,656555,668930,686554,642715,686217,663368,694192,53.88,,,,,,,,76,3,Sinker,4,10,4,10,10,4,4,10,Standard,Standard,210.0,-0.001,-0.028,,,,,0.028,,-6,-6,0.007,0.007,24,26,24,27,1,3,3,1.0,3.0,1.0,1.9,1.21,-1.21,40.6,,,,,
SI,2024-04-20,98.3,-1.09,5.77,"Uribe, Abner",663457,682842,,ball,,,,,13.0,,R,L,R,STL,MIL,B,,,1,0,2024,-1.18,0.62,-0.8132833765453337,1.6085612365179576,,571448.0,,2,8,Bot,,,,,,,3.4976671790140665,-142.968694197966,-7.294341461687186,-16.95619680170569,33.18962538986368,-22.15063737978101,3.49443313191833,1.68869427040608,,,,99.0,2163.0,6.7,745190,596142,656555,668930,686554,642715,686217,663368,694192,53.79,,,,,,,,76,2,Sinker,4,10,4,10,10,4,4,10,Standard,Standard,213.0,0.001,0.024,,,,,-0.024,,-6,-6,0.006,0.006,24,26,24,27,1,3,3,1.0,3.0,1.0,1.74,1.18,-1.18,40.6,,,,,
SI,2024-04-20,98.6,-1.22,5.78,"Uribe, Abner",663457,682842,,ball,,,,,14.0,,R,L,R,STL,MIL,B,,,0,0,2024,-0.67,0.53,1.4871713117123342,1.761787375063042,,,571448.0,2,8,Bot,,,,,,,8.98385415996904,-143.36434240361746,-6.785167984453555,-11.240583716463926,30.11556657820181,-23.52090116217897,3.44595082910021,1.72084726485194,,,,99.6,2285.0,6.7,745190,596142,656555,668930,686554,642715,686217,663368,694192,53.81,,,,,,,,76,1,Sinker,4,10,4,10,10,4,4,10,Standard,Standard,211.0,0.001,0.034,,,,,-0.034,,-6,-6,0.005,0.005,24,26,24,27,1,3,3,1.0,3.0,1.0,1.8,0.67,-0.67,39.6,,,,,
SI,2024-04-20,96.7,-1.05,5.92,"Uribe, Abner",691026,682842,field_out,hit_into_play,,,,,11.0,Masyn Winn lines out to right fielder Jackson Chourio.,R,R,R,STL,MIL,X,9.0,line_drive,1,1,2024,-0.96,0.56,-1.07707997292647,3.014376559180188,,,571448.0,1,8,Bot,159.32,101.31,,,,,2.1471770645054704,-140.86455056775148,-3.478279837094977,-13.256591091924326,33.26677724240298,-24.140053392931925,3.6,1.63,259.0,77.9,25.0,97.2,2116.0,6.6,745190,596142,656555,668930,686554,642715,686217,663368,694192,53.91,0.532,0.499,0.0,1.0,0.0,0.0,4.0,75,3,Sinker,4,10,4,10,10,4,4,10,Standard,Standard,209.0,-0.005,-0.244,61.7,5.9,,0.609,0.244,88.0,-6,-6,0.01,0.01,24,22,24,22,1,3,3,1.0,3.0,1.0,1.88,0.96,0.96,43.6,-1.600742887880064,16.52861128813378,23.75917914631944,23.467664563848103,27.54770051929475
SI,2024-04-20,97.8,-1.26,5.9,"Uribe, Abner",691026,682842,,ball,,,,,11.0,,R,R,R,STL,MIL,B,,,0,1,2024,-0.79,0.5,-1.4409374743827956,4.139442291660015,,,571448.0,1,8,Bot,,,,,,,1.3566725938817537,-142.56347075711926,-0.4590338920031751,-11.176799033706114,30.03172895310448,-25.381897482772224,3.57931577474602,1.6193799448174,,,,98.8,2104.0,6.6,745190,596142,656555,668930,686554,642715,686217,663368,694192,53.91,,,,,,,,75,2,Sinker,4,10,4,10,10,4,4,10,Standard,Standard,205.0,0.001,0.029,,,,,-0.029,,-6,-6,0.009,0.009,24,22,24,22,1,3,3,1.0,3.0,1.0,1.86,0.79,0.79,41.0,,,,,
SI,2024-04-20,98.6,-1.01,5.91,"Uribe, Abner",691026,682842,,foul,,,,,13.0,,R,R,R,STL,MIL,S,,,0,0,2024,-1.21,0.51,-1.055342987587595,2.613218041187814,,,571448.0,1,8,Bot,,,,,,,2.70876695072925,-143.6212274834455,-4.760516251883503,-17.439145300683972,32.82052409246516,-24.17495726673801,3.6,1.63,2.0,50.4,-57.0,99.3,2163.0,6.6,745190,596142,656555,668930,686554,642715,686217,663368,694192,53.93,,,,,,,,75,1,Sinker,4,10,4,10,10,4,4,10,Standard,Standard,206.0,-0.001,-0.04,62.3,6.5,,,0.04,88.0,-6,-6,0.01,0.01,24,22,24,22,1,3,3,1.0,3.0,1.0,1.82,1.21,1.21,43.6,0.5008800749230508,9.243767093031312,27.61321887789634,23.169269135695885,22.471774685185256
SI,2024-04-20,99.3,-1.13,5.86,"Uribe, Abner",671056,682842,strikeout,swinging_strike,,,,,7.0,Iván Herrera strikes out swinging.,R,R,R,STL,MIL,S,2.0,,1,2,2024,-1.4,0.55,-0.5551147021439164,1.6294735943329546,,,571448.0,0,8,Bot,,,,,,,4.872326296003067,-144.34210044802597,-7.457412554612617,-20.668647836968358,35.235988818698495,-22.86545278218312,3.33,1.51,,,,99.6,2209.0,6.6,745190,596142,656555,668930,686554,642715,686217,663368,694192,53.87,,0.0,0.0,1.0,0.0,0.0,,74,4,Sinker,4,10,4,10,10,4,4,10,Standard,Standard,206.0,-0.006,-0.184,74.4,7.8,0.823906704,,0.184,,-6,-6,0.016,0.016,24,24,24,24,1,3,3,1.0,3.0,1.0,1.77,1.4,1.4,42.8,7.635896392391667,-5.698992896644297,41.0846330243616,32.523999763142115,28.23631679801639
SI,2024-04-20,98.5,-1.23,5.85,"Uribe, Abner",671056,682842,,ball,,,,,13.0,,R,R,R,STL,MIL,B,,,0,2,2024,-1.26,0.44,-0.8606796145099946,0.8769942639378869,,,571448.0,0,8,Bot,,,,,,,3.9518479729492166,-143.16413977407217,-9.085931017148026,-18.17229801018785,33.89998548087344,-24.14885297609984,3.36769957384345,1.45864629953212,,,,98.9,2148.0,6.7,745190,596142,656555,668930,686554,642715,686217,663368,694192,53.85,,,,,,,,74,3,Sinker,4,10,4,10,10,4,4,10,Standard,Standard,209.0,0.001,0.033,,,,,-0.033,,-6,-6,0.015,0.015,24,24,24,24,1,3,3,1.0,3.0,1.0,1.92,1.26,1.26,42.9,,,,,
SI,2024-04-20,97.5,-1.09,5.9,"Uribe, Abner",671056,682842,,foul,,,,,11.0,,R,R,R,STL,MIL,S,,,0,1,2024,-0.98,0.8,-1.1712880611280283,3.036685930693557,,,571448.0,0,8,Bot,,,,,,,2.034700403200161,-142.1197412343733,-4.109719881757338,-13.7426682385139,30.329414992796156,-20.584724082964957,3.33,1.51,47.0,41.8,7.0,98.5,1994.0,6.6,745190,596142,656555,668930,686554,642715,686217,663368,694192,53.88,,,,,,,,74,2,Sinker,4,10,4,10,10,4,4,10,Standard,Standard,210.0,-0.003,-0.048,69.6,5.8,,,0.048,88.0,-6,-6,0.018,0.018,24,24,24,24,1,3,3,1.0,3.0,1.0,1.58,0.98,0.98,42.8,-15.02178190047556,33.403752616435455,36.68935268438992,27.150155291713126,18.9651548758741
SI,2024-04-20,98.5,-1.18,5.9,"Uribe, Abner",671056,682842,,called_strike,,,,,3.0,,R,R,R,STL,MIL,S,,,0,0,2024,-0.87,0.92,0.329505265638413,2.9967398595909343,,,571448.0,0,8,Bot,,,,,,,6.133871362824293,-143.49298236603275,-4.663887573552959,-13.337385107500769,28.78369596951705,-18.55820153249463,3.2947604642917,1.52088029153618,,,,99.6,2106.0,6.5,745190,596142,656555,668930,686554,642715,686217,663368,694192,53.96,,,,,,,,74,1,Sinker,4,10,4,10,10,4,4,10,Standard,Standard,217.0,-0.001,-0.042,,,,,0.042,,-6,-6,0.019,0.019,24,24,24,24,1,3,3,1.0,3.0,1.0,1.4,0.87,0.87,42.9,,,,,
SI,2024-04-20,98.3,-1.11,5.94,"Uribe, Abner",571448,682842,walk,ball,,,,,14.0,Nolan Arenado walks.,R,R,R,STL,MIL,B,,,3,1,2024,-1.09,0.51,0.2647211827978117,0.7430671560864737,,,,0,8,Bot,,,,,,,6.31126997269366,-142.878650864926,-9.885498384445553,-16.34804349381772,31.05108885748156,-23.1748694313244,3.42070278462326,1.65158595222845,,,,99.3,2048.0,6.8,745190,596142,656555,668930,686554,642715,686217,663368,694192,53.74,,0.689131,0.7,1.0,0.0,0.0,,73,5,Sinker,4,10,4,10,10,4,4,10,Standard,Standard,213.0,0.005,0.287,,,,,-0.287,,-6,-6,0.014,0.014,24,33,24,33,1,3,3,1.0,3.0,1.0,1.84,1.09,1.09,42.6,,,,,
SI,2024-04-20,98.0,-0.97,6.01,"Uribe, Abner",571448,682842,,ball,,,,,11.0,,R,R,R,STL,MIL,B,,,2,1,2024,-1.06,0.45,-1.3576570287714116,3.3703768733090103,,,,0,8,Bot,,,,,,,1.3974689626316872,-142.76189041851845,-2.7171696441277597,-14.828242028038142,31.44034544566516,-25.60392154793922,3.44390807288703,1.64236516847866,,,,98.5,2064.0,6.4,745190,596142,656555,668930,686554,642715,686217,663368,694192,54.11,,,,,,,,73,4,Sinker,4,10,4,10,10,4,4,10,Standard,Standard,209.0,0.003,0.122,,,,,-0.122,,-6,-6,0.011,0.011,24,33,24,33,1,3,3,1.0,3.0,1.0,1.91,1.06,1.06,41.5,,,,,
SI,2024-04-20,97.7,-1.13,5.92,"Uribe, Abner",571448,682842,,called_strike,,,,,14.0,,R,R,R,STL,MIL,S,,,2,0,2024,-1.0,0.68,0.1889084105252513,1.497004059039631,,,,0,8,Bot,,,,,,,5.908719969617801,-142.09354620012834,-8.050799830212963,-14.897242987454511,31.03086510334789,-21.33053414788991,3.38783530305105,1.67808015014974,,,,98.6,2067.0,6.7,745190,596142,656555,668930,686554,642715,686217,663368,694192,53.76,,,,,,,,73,3,Sinker,4,10,4,10,10,4,4,10,Standard,Standard,208.0,-0.002,-0.065,,,,,0.065,,-6,-6,0.013,0.013,24,33,24,33,1,3,3,1.0,3.0,1.0,1.7,1.0,1.0,42.7,,,,,
SI,2024-04-20,97.7,-1.21,5.95,"Uribe, Abner",571448,682842,,ball,,,,,11.0,,R,R,R,STL,MIL,B,,,1,0,2024,-0.98,0.55,-1.3561668119119512,3.301079527796505,,,,0,8,Bot,,,,,,,1.8890633800752128,-142.43388044823104,-2.9812818521253,-13.859189189561285,29.276639482270944,-24.26960746788564,3.43766995166568,1.71686201971511,,,,98.7,2075.0,6.5,745190,596142,656555,668930,686554,642715,686217,663368,694192,53.99,,,,,,,,73,2,Sinker,4,10,4,10,10,4,4,10,Standard,Standard,207.0,0.002,0.069,,,,,-0.069,,-6,-6,0.011,0.011,24,33,24,33,1,3,3,1.0,3.0,1.0,1.81,0.98,0.98,42.1,,,,,
SL,2024-04-20,88.9,-1.09,5.94,"Uribe, Abner",571448,682842,,ball,,,,,13.0,,R,R,R,STL,MIL,B,,,0,0,2024,0.35,0.49,-0.6248596949148688,1.3901154646883231,,,,0,8,Bot,,,,,,,0.4169665324203394,-129.54540386005405,-6.2698905321554825,3.8795623972491815,23.376928625692692,-25.63981379423585,3.49383867839957,1.77318783830684,,,,89.9,2233.0,6.5,745190,596142,656555,668930,686554,642715,686217,663368,694192,53.97,,,,,,,,73,1,Slider,4,10,4,10,10,4,4,10,Standard,Standard,137.0,0.001,0.038,,,,,-0.038,,-6,-6,0.01,0.01,24,33,24,33,1,3,3,1.0,3.0,1.0,2.35,-0.35,-0.35,44.2,,,,,
SI,2024-04-20,97.4,-0.97,5.91,"Uribe, Abner",575929,682842,field_out,hit_into_play,,,,,5.0,Willson Contreras grounds out to pitcher Abner Uribe.,R,R,R,STL,MIL,X,1.0,ground_ball,0,0,2024,-0.88,0.44,0.2062512996432173,2.7433225444614147,,,,2,7,Bot,133.76,179.58,,,,,5.189977083523796,-141.83976639635236,-4.083400208829476,-13.048640635331912,28.56552373050683,-25.58851871336792,3.46,1.57,3.0,60.9,-41.0,98.3,2168.0,6.5,745190,596142,656555,668930,686554,642715,686217,663368,694192,54.01,0.185,0.166,0.0,1.0,0.0,0.0,2.0,68,1,Sinker,4,10,4,10,10,4,4,10,Strategic,Standard,207.0,-0.002,-0.256,79.0,8.6,,0.187,0.256,88.0,-6,-6,0.01,0.01,24,32,24,32,1,3,3,1.0,3.0,1.0,1.94,0.88,0.88,41.2,17.766935709715117,-22.181257512664164,22.237265448960184,42.01024455791526,40.791903209607135
SL,2024-04-20,87.5,-1.01,5.96,"Uribe, Abner",502671,682842,strikeout,called_strike,,,,,7.0,Paul Goldschmidt called out on strikes.,R,R,R,STL,MIL,S,2.0,,3,2,2024,1.01,0.26,-0.4436073205761667,2.04871794182194,,,,1,7,Bot,,,,,,,-0.7296438772839211,-127.62309111860482,-3.9692558081395566,11.29524996827582,22.40739510289708,-28.771918543412063,3.48911807271682,1.56330522018572,,,,88.7,2362.0,6.6,745190,596142,656555,668930,686554,642715,686217,663368,694192,53.9,,0.0,0.0,1.0,0.0,0.0,,67,6,Slider,4,10,4,10,10,4,4,10,Standard,Standard,89.0,-0.005,-0.332,,,,,0.332,,-6,-6,0.015,0.015,24,36,24,37,1,3,3,1.0,3.0,1.0,2.67,-1.01,-1.01,45.2,,,,,
SL,2024-04-20,87.2,-1.0,5.99,"Uribe, Abner",502671,682842,,ball,,,,,14.0,,R,R,R,STL,MIL,B,,,2,2,2024,0.78,0.63,2.014536016459957,0.7504613693504123,,,,1,7,Bot,,,,,,,5.686571266336294,-126.82931335165176,-7.827146885113006,7.415716631963903,24.078812066720083,-23.988490765690244,3.38799037970514,1.59396115677196,,,,88.0,2407.0,6.7,745190,596142,656555,668930,686554,642715,686217,663368,694192,53.82,,,,,,,,67,5,Slider,4,10,4,10,10,4,4,10,Standard,Standard,77.0,0.002,0.108,,,,,-0.108,,-6,-6,0.013,0.013,24,36,24,37,1,3,3,1.0,3.0,1.0,2.35,-0.78,-0.78,46.7,,,,,
SI,2024-04-20,96.9,-1.21,5.93,"Uribe, Abner",502671,682842,,foul,,,,,5.0,,R,R,R,STL,MIL,S,,,2,1,2024,-1.44,0.36,-0.2724483931457535,2.8917374880284283,,,,1,7,Bot,,,,,,,5.845462821715639,-141.11243341611768,-3.4457274775141977,-20.615685483310585,30.806044108439885,-26.797126436039804,3.51,1.63,138.0,61.8,62.0,97.7,2080.0,6.6,745190,596142,656555,668930,686554,642715,686217,663368,694192,53.89,,,,,,,,67,4,Sinker,4,10,4,10,10,4,4,10,Standard,Standard,211.0,-0.002,-0.078,62.9,7.4,,,0.078,88.0,-6,-6,0.015,0.015,24,36,24,37,1,3,3,1.0,3.0,1.0,2.06,1.44,1.44,41.0,10.692658874411764,15.426322652117578,28.745596824016022,43.68853749695713,16.304674767141154
SI,2024-04-20,97.1,-1.3,5.99,"Uribe, Abner",502671,682842,,ball,,,,,11.0,,R,R,R,STL,MIL,B,,,1,1,2024,-1.44,0.29,-2.148760345590169,3.9669847380777705,,,,1,7,Bot,,,,,,,1.042867268639319,-141.44410320768668,-0.535707312276914,-19.523292103577997,33.751472852563886,-28.365192301658297,3.4718376160557,1.60502123536401,,,,97.3,2118.0,6.4,745190,596142,656555,668930,686554,642715,686217,663368,694192,54.05,,,,,,,,67,3,Sinker,4,10,4,10,10,4,4,10,Standard,Standard,210.0,0.001,0.059,,,,,-0.059,,-6,-6,0.014,0.014,24,36,24,37,1,3,3,1.0,3.0,1.0,2.13,1.44,1.44,41.7,,,,,
SI,2024-04-20,97.0,-1.18,5.93,"Uribe, Abner",502671,682842,,ball,,,,,14.0,,R,R,R,STL,MIL,B,,,0,1,2024,-1.3,0.34,0.1834332268432918,1.443124760207209,,,,1,7,Bot,,,,,,,6.681961712681844,-141.01657470373354,-7.300378159016915,-18.86869396814238,31.12488001935143,-26.12000159243383,3.49846868181787,1.61164220109339,,,,97.8,2140.0,6.7,745190,596142,656555,668930,686554,642715,686217,663368,694192,53.75,,,,,,,,67,2,Sinker,4,10,4,10,10,4,4,10,Standard,Standard,207.0,0.001,0.024,,,,,-0.024,,-6,-6,0.013,0.013,24,36,24,37,1,3,3,1.0,3.0,1.0,2.08,1.3,1.3,41.8,,,,,
SI,2024-04-20,97.0,-1.32,5.92,"Uribe, Abner",502671,682842,,called_strike,,,,,8.0,,R,R,R,STL,MIL,S,,,0,0,2024,-1.31,0.38,0.2122060446126217,1.9881972779829,,,,1,7,Bot,,,,,,,7.136622562106284,-141.07033714370633,-5.857703992036506,-19.15652910858334,31.67251960792859,-25.998526904908204,3.47961902916068,1.47954249278776,,,,97.5,2231.0,6.6,745190,596142,656555,668930,686554,642715,686217,663368,694192,53.94,,,,,,,,67,1,Sinker,4,10,4,10,10,4,4,10,Standard,Standard,207.0,-0.001,-0.037,,,,,0.037,,-6,-6,0.014,0.014,24,36,24,37,1,3,3,1.0,3.0,1.0,2.05,1.31,1.31,42.0,,,,,
SI,2024-04-17,97.6,-1.14,5.97,"Uribe, Abner",665487,682842,field_out,hit_into_play,,,,,8.0,"Fernando Tatis Jr. grounds out softly, pitcher Abner Uribe to first baseman Jake Bauers.",R,R,R,MIL,SD,X,1.0,ground_ball,1,1,2024,-1.06,0.78,0.0359740737816662,2.0585933468912234,676946.0,,,2,8,Top,118.25,186.24,,,,,5.627020736859612,-141.89155561696683,-6.762552823642833,-15.636498868379867,34.915906245342285,-20.29216061140971,3.84,1.88,2.0,57.6,-52.0,97.6,2326.0,6.5,746005,661388,641343,668930,687401,642715,686217,663368,694192,54.01,0.285,0.292,0.0,1.0,0.0,0.0,1.0,52,3,Sinker,0,0,0,0,0,0,0,0,Standard,Standard,196.0,0.087,-0.272,75.1,7.6,,0.289,0.272,88.0,0,0,0.521,0.479,24,25,24,25,1,3,1,1.0,3.0,2.0,1.64,1.06,1.06,43.9,7.608007690342708,9.226138097222943,36.37123044525183,37.89204763776098,20.074701666689062
SL,2024-04-17,86.3,-1.19,5.92,"Uribe, Abner",665487,682842,,called_strike,,,,,8.0,,R,R,R,MIL,SD,S,,,1,0,2024,0.73,0.21,-0.0401119689154155,1.9332543398619064,676946.0,,,2,8,Top,,,,,,,1.264330077565279,-125.61277481349906,-3.646079563224721,7.372450734162499,27.323266424958756,-29.44947951193832,3.77377350335657,1.8779175614076,,,,86.3,2553.0,6.5,746005,661388,641343,668930,687401,642715,686217,663368,694192,54.05,,,,,,,,52,2,Slider,0,0,0,0,0,0,0,0,Standard,Standard,83.0,0.007,-0.039,,,,,0.039,,0,0,0.514,0.486,24,25,24,25,1,3,1,1.0,3.0,2.0,2.87,-0.73,-0.73,44.7,,,,,
SI,2024-04-17,96.5,-1.06,5.96,"Uribe, Abner",665487,682842,,ball,,,,,11.0,,R,R,R,MIL,SD,B,,,0,0,2024,-1.0,0.66,-1.237603595567109,3.369666110761707,676946.0,,,2,8,Top,,,,,,,1.8066660089629487,-140.54584928505258,-2.7995249969093257,-13.58398479287691,33.51355515013798,-23.064432714228328,3.89055527438816,1.92276880195428,,,,96.6,2194.0,6.4,746005,661388,641343,668930,687401,642715,686217,663368,694192,54.08,,,,,,,,52,1,Sinker,0,0,0,0,0,0,0,0,Standard,Standard,202.0,-0.002,0.032,,,,,-0.032,,0,0,0.516,0.484,24,25,24,25,1,3,1,1.0,3.0,2.0,1.8,1.0,1.0,43.3,,,,,
SI,2024-04-17,97.2,-1.24,5.93,"Uribe, Abner",593428,682842,strikeout,foul_tip,,,,,7.0,Xander Bogaerts strikes out on a foul tip.,R,R,R,MIL,SD,S,2.0,,2,2,2024,-0.99,0.76,-0.8057894353371715,2.080167313692831,676946.0,,,1,8,Top,,,,,,,3.4431708523932767,-141.4411840939547,-6.5325717439474005,-14.084451460973122,33.73098065181698,-20.70588319930028,3.61,1.7,,,,97.4,2309.0,6.5,746005,661388,641343,668930,687401,642715,686217,663368,694192,53.98,,0.0,0.0,1.0,0.0,0.0,,51,5,Sinker,0,0,0,0,0,0,0,0,Strategic,Standard,203.0,0.121,-0.344,75.0,7.7,,,0.344,,0,0,0.395,0.605,24,31,24,32,1,3,1,1.0,3.0,2.0,1.66,0.99,0.99,42.3,21.3988480281932,-17.99108264505279,38.806535604216776,28.32134671790408,39.29209598727908
SI,2024-04-17,97.7,-1.11,5.92,"Uribe, Abner",593428,682842,,foul,,,,,9.0,,R,R,R,MIL,SD,S,,,2,1,2024,-1.07,0.64,0.4500922044250284,1.648230076041188,676946.0,,,1,8,Top,,,,,,,6.686365111465595,-141.91717463216918,-7.48370777379581,-16.062094696883822,33.10177833350456,-21.90597561187512,3.61,1.7,2.0,63.1,-47.0,97.8,2304.0,6.5,746005,661388,641343,668930,687401,642715,686217,663368,694192,54.03,,,,,,,,51,4,Sinker,0,0,0,0,0,0,0,0,Strategic,Standard,212.0,0.023,-0.108,67.8,7.9,,,0.108,88.0,0,0,0.372,0.628,24,31,24,32,1,3,1,1.0,3.0,2.0,1.76,1.07,1.07,40.8,6.571185999278228,-4.362895416753099,35.34457502944262,43.22695924034474,30.47652298830648
SI,2024-04-17,97.4,-1.35,5.92,"Uribe, Abner",593428,682842,,called_strike,,,,,4.0,,R,R,R,MIL,SD,S,,,2,0,2024,-0.91,0.6,-0.352934899684627,2.678334735317631,676946.0,,,1,8,Top,,,,,,,4.787764721650283,-141.694890179636,-4.561896268948471,-13.349260434510429,32.9885119892482,-23.252424702900683,3.53737458450718,1.68169796872333,,,,97.7,2352.0,6.5,746005,661388,641343,668930,687401,642715,686217,663368,694192,53.98,,,,,,,,51,3,Sinker,0,0,0,0,0,0,0,0,Strategic,Standard,196.0,0.003,-0.065,,,,,0.065,,0,0,0.369,0.631,24,31,24,32,1,3,1,1.0,3.0,2.0,1.81,0.91,0.91,41.7,,,,,
SL,2024-04-17,86.8,-1.36,5.92,"Uribe, Abner",593428,682842,,ball,,,,,14.0,,R,R,R,MIL,SD,B,,,1,0,2024,0.77,0.46,1.090725885546305,1.7845760599112643,676946.0,,,1,8,Top,,,,,,,4.295510009845795,-126.18326204273993,-4.567668679242393,7.122411048598432,29.087897316235843,-26.491983940553165,3.48310007563678,1.64287656934607,,,,86.6,2448.0,6.5,746005,661388,641343,668930,687401,642715,686217,663368,694192,53.97,,,,,,,,51,2,Slider,0,0,0,0,0,0,0,0,Strategic,Standard,75.0,-0.003,0.022,,,,,-0.022,,0,0,0.372,0.628,24,31,24,32,1,3,1,1.0,3.0,2.0,2.6,-0.77,-0.77,45.8,,,,,
SL,2024-04-17,88.3,-1.19,5.92,"Uribe, Abner",593428,682842,,ball,,,,,14.0,,R,R,R,MIL,SD,B,,,0,0,2024,0.48,0.55,1.3856586373169806,0.9048532686221686,676946.0,,,1,8,Top,,,,,,,5.275578448868361,-128.31803249077797,-7.20266732088442,4.087056099065834,29.613048248092387,-24.69843456038289,3.45289470952492,1.70517933184604,,,,88.1,2546.0,6.5,746005,661388,641343,668930,687401,642715,686217,663368,694192,53.99,,,,,,,,51,1,Slider,0,0,0,0,0,0,0,0,Strategic,Standard,92.0,-0.002,0.038,,,,,-0.038,,0,0,0.374,0.626,24,31,24,32,1,3,1,1.0,3.0,2.0,2.41,-0.48,-0.48,44.4,,,,,
SI,2024-04-17,96.7,-1.29,5.96,"Uribe, Abner",543309,682842,field_out,hit_into_play,,,,,11.0,Kyle Higashioka pops out softly to second baseman Brice Turang.,R,R,R,MIL,SD,X,4.0,popup,0,1,2024,-1.11,0.63,-1.2344501604604503,3.0524890366988986,676946.0,,,0,8,Top,133.19,164.23,,,,,2.6906192433491087,-140.77305459108695,-3.644286811161956,-15.404305966815643,33.53481604806446,-23.113518300738463,3.42,1.59,97.0,43.8,52.0,96.9,2194.0,6.5,746005,661388,641343,668930,687401,642715,686217,663368,694192,54.01,0.034,0.031,0.0,1.0,0.0,0.0,1.0,50,2,Sinker,0,0,0,0,0,0,0,0,Strategic,Standard,206.0,0.061,-0.15,69.1,6.2,,0.034,0.15,88.0,0,0,0.313,0.687,24,34,24,34,1,2,1,4.0,3.0,2.0,1.81,1.11,1.11,41.5,-0.5858464960857264,4.726689990567393,31.23436125838619,22.47867253622772,21.366956779531204
SI,2024-04-17,97.3,-1.23,5.96,"Uribe, Abner",543309,682842,,called_strike,,,,,4.0,,R,R,R,MIL,SD,S,,,0,0,2024,-1.15,0.58,-0.3424976588139439,2.474995867690337,676946.0,,,0,8,Top,,,,,,,5.043250449851975,-141.53367162424095,-5.16962430255377,-16.656476593074682,32.71591614229274,-23.42087718751684,3.42451001294619,1.59467889123815,,,,97.6,2208.0,6.5,746005,661388,641343,668930,687401,642715,686217,663368,694192,54.0,,,,,,,,50,1,Sinker,0,0,0,0,0,0,0,0,Strategic,Standard,204.0,0.011,-0.054,,,,,0.054,,0,0,0.302,0.698,24,34,24,34,1,2,1,4.0,3.0,2.0,1.83,1.15,1.15,42.2,,,,,
SI,2024-04-17,97.1,-1.16,6.0,"Uribe, Abner",676946,682842,triple,hit_into_play,,,,,5.0,Matthew Batten triples (1) on a line drive to center fielder Blake Perkins.,R,R,R,MIL,SD,X,8.0,line_drive,2,1,2024,-1.19,0.71,-0.1582712643132224,2.3440963244696267,,,,0,8,Top,104.97,65.88,,,,,5.42055470424712,-141.19753453172916,-5.862075647849243,-17.208670304195408,33.271886471659954,-21.55900167783329,3.23,1.52,334.0,98.8,17.0,97.1,2351.0,6.4,746005,661388,641343,668930,687401,642715,686217,663368,694192,54.09,0.461,0.506,1.6,1.0,1.0,2.0,4.0,49,4,Sinker,0,0,0,0,0,0,0,0,Standard,Standard,203.0,-0.191,0.944,68.3,7.3,,0.741,-0.944,98.8,0,0,0.493,0.507,24,29,24,29,1,2,1,,3.0,,1.72,1.19,1.19,43.6,8.131480442473624,-1.558840851542033,21.929941278299797,37.03059373631535,29.67130604570825
SI,2024-04-17,96.6,-1.3,5.91,"Uribe, Abner",676946,682842,,called_strike,,,,,6.0,,R,R,R,MIL,SD,S,,,2,0,2024,-1.2,0.81,0.3340286237099927,2.0530677740433694,,,,0,8,Top,,,,,,,7.116708408774817,-140.40635142760885,-6.527633184644166,-17.5703902481693,33.982573333839035,-20.059989998100505,3.11595639424404,1.55577186536899,,,,96.6,2380.0,6.5,746005,661388,641343,668930,687401,642715,686217,663368,694192,54.0,,,,,,,,49,3,Sinker,0,0,0,0,0,0,0,0,Standard,Standard,203.0,0.013,-0.065,,,,,0.065,,0,0,0.48,0.52,24,29,24,29,1,2,1,,3.0,,1.65,1.2,1.2,42.5,,,,,
SL,2024-04-17,85.7,-1.3,6.01,"Uribe, Abner",676946,682842,,ball,,,,,14.0,,R,R,R,MIL,SD,B,,,1,0,2024,0.84,0.47,2.0696449929350336,0.6989168724396513,,,,0,8,Top,,,,,,,6.277135661924571,-124.44789216047155,-7.155239866403419,7.304050321128041,27.68419685925472,-25.985585512133643,3.1403311253769,1.53211484933831,,,,85.7,2611.0,6.6,746005,661388,641343,668930,687401,642715,686217,663368,694192,53.86,,,,,,,,49,2,Slider,0,0,0,0,0,0,0,0,Standard,Standard,64.0,-0.013,0.069,,,,,-0.069,,0,0,0.493,0.507,24,29,24,29,1,2,1,,3.0,,2.68,-0.84,-0.84,44.7,,,,,
SI,2024-04-17,95.6,-1.39,5.93,"Uribe, Abner",676946,682842,,ball,,,,,11.0,,R,R,R,MIL,SD,B,,,0,0,2024,-1.45,0.67,-3.627213894333052,5.381473004337889,,,,0,8,Top,,,,,,,-2.621229905483878,-139.08284933454087,2.749326643857489,-17.89371118009969,36.71697729710525,-24.55014607396403,3.21347869020467,1.51910774725302,,,,95.0,2254.0,6.3,746005,661388,641343,668930,687401,642715,686217,663368,694192,54.16,,,,,,,,49,1,Sinker,0,0,0,0,0,0,0,0,Standard,Standard,206.0,-0.007,0.038,,,,,-0.038,,0,0,0.5,0.5,24,29,24,29,1,2,1,,3.0,,1.86,1.45,1.45,39.6,,,,,
SI,2024-04-16,97.0,-1.34,5.82,"Uribe, Abner",669134,682842,strikeout,swinging_strike,,,,,11.0,Luis Campusano strikes out swinging.,R,R,R,MIL,SD,S,2.0,,1,2,2024,-1.2,0.51,-1.1979758974076375,3.3210878266940016,665487.0,595777.0,673490.0,1,5,Top,,,,,,,3.1690407124071105,-141.16041591220034,-2.2605914118998114,-16.730998130117896,35.916312338734144,-25.06207307465077,3.46,1.63,,,,97.2,2300.0,6.7,746004,661388,641343,668930,687401,642715,686217,663368,694192,53.82,,0.0,0.0,1.0,0.0,0.0,,39,5,Sinker,1,4,4,1,4,1,4,1,Standard,Standard,207.0,0.027,-0.18,65.2,6.5,0.602449284,,0.18,,-3,3,0.125,0.875,24,25,24,26,1,2,2,1.0,1.0,3.0,1.93,1.2,1.2,42.3,8.805030239593108,5.3101616042490765,22.39858761000118,23.10185877910664,20.912683534621777
SL,2024-04-16,88.4,-1.2,6.03,"Uribe, Abner",669134,682842,,foul,,,,,5.0,,R,R,R,MIL,SD,S,,,1,2,2024,0.69,0.43,-0.1908794837089342,2.491593525461016,665487.0,595777.0,673490.0,1,5,Top,,,,,,,1.0353412868943983,-128.77015605583634,-3.41416873485968,7.362908444250084,28.873535716435192,-26.915721929076987,3.46,1.63,346.0,98.8,26.0,88.7,2591.0,6.6,746004,661388,641343,668930,687401,642715,686217,663368,694192,53.91,,,,,,,,39,4,Slider,1,4,4,1,4,1,4,1,Standard,Standard,81.0,0.0,0.0,70.2,8.0,,,0.0,98.8,-3,3,0.125,0.875,24,25,24,26,1,2,2,1.0,1.0,3.0,2.5,-0.69,-0.69,45.4,17.689379629014585,-28.853683101311603,21.21303763096409,35.95756650531365,41.96565886519492
SI,2024-04-16,98.1,-1.28,5.88,"Uribe, Abner",669134,682842,,foul,,,,,5.0,,R,R,R,MIL,SD,S,,,1,1,2024,-0.98,0.74,-0.007474636034595,2.72876118529304,665487.0,595777.0,673490.0,1,5,Top,,,,,,,5.72443225524582,-142.81555124551463,-4.784646442563552,-14.658723079566611,32.259572502859186,-21.15339853869596,3.46,1.63,98.0,68.1,73.0,98.5,2441.0,6.5,746004,661388,641343,668930,687401,642715,686217,663368,694192,54.04,,,,,,,,39,3,Sinker,1,4,4,1,4,1,4,1,Standard,Standard,205.0,0.01,-0.07,67.3,7.6,,,0.07,88.0,-3,3,0.115,0.885,24,25,24,26,1,2,2,1.0,1.0,3.0,1.62,0.98,0.98,39.6,5.8564839204246,12.15391066887662,19.575390513638723,38.72331845006522,23.369267342810662
SI,2024-04-16,98.4,-1.28,5.86,"Uribe, Abner",669134,682842,,ball,,,,,14.0,,R,R,R,MIL,SD,B,,,0,1,2024,-1.13,0.72,0.8745609896305713,0.7070018551304509,665487.0,595777.0,673490.0,1,5,Top,,,,,,,8.526516608892038,-142.80583840543667,-10.233020993485267,-17.406628074190326,32.27514675827299,-20.16008940154492,3.0894947279918,1.52023180240913,,,,99.0,2467.0,6.7,746004,661388,641343,668930,687401,642715,686217,663368,694192,53.76,,,,,,,,39,2,Sinker,1,4,4,1,4,1,4,1,Standard,Standard,211.0,-0.004,0.017,,,,,-0.017,,-3,3,0.119,0.881,24,25,24,26,1,2,2,1.0,1.0,3.0,1.65,1.13,1.13,41.9,,,,,
SL,2024-04-16,88.5,-1.32,5.94,"Uribe, Abner",669134,682842,,called_strike,,,,,9.0,,R,R,R,MIL,SD,S,,,0,0,2024,0.61,0.36,0.3481308288231027,1.4149949944662934,665487.0,595777.0,673490.0,1,5,Top,,,,,,,2.8097324305187823,-128.65516030425795,-5.643886563453937,6.057814691104134,30.35708859037416,-27.10142787691196,3.10313072296163,1.5339939368981,,,,88.3,2683.0,6.5,746004,661388,641343,668930,687401,642715,686217,663368,694192,53.96,,,,,,,,39,1,Slider,1,4,4,1,4,1,4,1,Standard,Standard,68.0,0.006,-0.041,,,,,0.041,,-3,3,0.113,0.887,24,25,24,26,1,2,2,1.0,1.0,3.0,2.59,-0.61,-0.61,42.7,,,,,
SI,2024-04-16,98.0,-1.34,5.91,"Uribe, Abner",673490,682842,,ball,,,,,13.0,,R,R,R,MIL,SD,B,,,2,0,2024,-1.15,0.69,-1.1816532409359082,1.8686869452913235,665487.0,595777.0,,1,5,Top,,,,,,,3.0962640751409616,-142.57451810616442,-7.047500461625257,-16.417957511550025,32.77238270654805,-21.368164249266677,3.28512236850752,1.51140227436655,,,,98.6,2373.0,6.6,746004,661388,641343,668930,687401,642715,686217,663368,694192,53.89,,,,,,,,38,3,Sinker,1,4,4,1,4,1,4,1,Strategic,Standard,207.0,-0.001,0.031,,,,,-0.031,,-3,3,0.116,0.884,24,28,24,29,1,2,2,1.0,1.0,1.0,1.69,1.15,1.15,39.5,,,,,
SL,2024-04-16,87.8,-1.26,5.93,"Uribe, Abner",673490,682842,,ball,,,,,14.0,,R,R,R,MIL,SD,B,,,1,0,2024,0.87,0.23,1.1911553835957889,1.2316175966499685,665487.0,595777.0,,1,5,Top,,,,,,,4.167319716261253,-127.7250328937362,-5.692437512335221,8.490525033033364,28.597609854035845,-28.627136024665425,3.3018317674639,1.59194776280914,,,,87.9,2608.0,6.6,746004,661388,641343,668930,687401,642715,686217,663368,694192,53.94,,,,,,,,38,2,Slider,1,4,4,1,4,1,4,1,Strategic,Standard,63.0,-0.001,0.033,,,,,-0.033,,-3,3,0.117,0.883,24,28,24,29,1,2,2,1.0,1.0,1.0,2.75,-0.87,-0.87,44.0,,,,,
SL,2024-04-16,87.3,-1.25,5.96,"Uribe, Abner",673490,682842,,ball,,,,,14.0,,R,R,R,MIL,SD,B,,,0,0,2024,1.1,0.17,0.4386884908711123,1.3886597149592648,665487.0,595777.0,,1,5,Top,,,,,,,1.8180177207121564,-127.05548044157266,-5.173618471268212,11.410021396877616,28.50817905385112,-29.39464433980916,3.35789522636036,1.61596141714806,,,,87.4,2654.0,6.6,746004,661388,641343,668930,687401,642715,686217,663368,694192,53.91,,,,,,,,38,1,Slider,1,4,4,1,4,1,4,1,Strategic,Standard,41.0,0.0,0.025,,,,,-0.025,,-3,3,0.117,0.883,24,28,24,29,1,2,2,1.0,1.0,1.0,2.84,-1.1,-1.1,45.9,,,,,
SL,2024-04-16,88.0,-1.17,5.95,"Uribe, Abner",592518,682842,strikeout,swinging_strike_blocked,,,,,14.0,Manny Machado strikes out swinging. Fielding error by catcher William Contreras.,R,R,R,MIL,SD,S,2.0,,3,2,2024,1.04,0.31,0.4913201963735576,1.564975506612647,665487.0,,595777.0,0,5,Top,,,,,,,1.8798539117332929,-128.01411088684023,-5.169333038384347,11.02262361859735,27.984008233468643,-27.880989737123475,3.68,1.72,,,,88.2,2693.0,6.6,746004,661388,641343,668930,687401,642715,686217,663368,694192,53.91,,0.0,0.0,1.0,0.0,0.0,,37,7,Slider,1,4,4,1,4,1,4,1,Standard,Standard,56.0,0.019,-0.295,68.9,8.7,4.046361276,,0.295,,-3,3,0.098,0.902,24,31,24,32,1,2,2,1.0,1.0,1.0,2.65,-1.04,-1.04,45.8,19.1815952619984,-35.78059409182976,29.270741357388896,45.701379431811446,48.37931929602526
SI,2024-04-16,97.8,-1.23,5.9,"Uribe, Abner",592518,682842,,foul,,,,,11.0,,R,R,R,MIL,SD,S,,,3,2,2024,-0.9,0.69,-0.4276947658650577,3.804341648681928,665487.0,,595777.0,0,5,Top,,,,,,,4.253326663110578,-142.32752297584597,-1.756459742075429,-13.276472808309256,33.53894666501574,-22.572745966250032,3.68,1.72,230.0,79.0,54.0,98.0,2345.0,6.5,746004,661388,641343,668930,687401,642715,686217,663368,694192,54.02,,,,,,,,37,6,Sinker,1,4,4,1,4,1,4,1,Standard,Standard,197.0,0.0,0.0,65.0,6.0,,,0.0,88.0,-3,3,0.098,0.902,24,31,24,32,1,2,2,1.0,1.0,1.0,1.69,0.9,0.9,39.4,3.989893635298954,25.346983647622103,15.388903905292349,35.233789067846324,19.850608696255268
SI,2024-04-16,97.1,-1.29,5.99,"Uribe, Abner",592518,682842,,swinging_strike,,,,,1.0,,R,R,R,MIL,SD,S,,,3,1,2024,-0.72,0.64,-0.4513829032970334,3.3184300675748606,665487.0,,595777.0,0,5,Top,,,,,,,3.912941338788527,-141.36685685768046,-3.0796285451288625,-10.606104305049412,32.05563269822109,-23.155644210066598,3.68,1.72,,,,97.5,2366.0,6.5,746004,661388,641343,668930,687401,642715,686217,663368,694192,54.0,,,,,,,,37,5,Sinker,1,4,4,1,4,1,4,1,Standard,Standard,195.0,0.004,-0.086,54.1,5.4,2.287811928,,0.086,,-3,3,0.094,0.906,24,31,24,32,1,2,2,1.0,1.0,1.0,1.78,0.72,0.72,41.2,-2.095723812087814,53.846579490518025,23.284022934797644,34.91971590881377,4.723794843952424
SI,2024-04-16,98.3,-1.35,5.91,"Uribe, Abner",592518,682842,,ball,,,,,1.0,,R,R,R,MIL,SD,B,,,2,1,2024,-0.66,0.59,-0.4120256242506496,3.6893326198697753,665487.0,,595777.0,0,5,Top,,,,,,,4.081116684905651,-143.2049005466213,-1.9641712234002564,-9.989516225281182,32.28603719821712,-23.763108704872128,3.61937988141237,1.73474712538875,,,,98.8,2364.0,6.4,746004,661388,641343,668930,687401,642715,686217,663368,694192,54.05,,,,,,,,37,4,Sinker,1,4,4,1,4,1,4,1,Standard,Standard,200.0,-0.005,0.05,,,,,-0.05,,-3,3,0.099,0.901,24,31,24,32,1,2,2,1.0,1.0,1.0,1.76,0.66,0.66,41.2,,,,,
SI,2024-04-16,96.6,-1.25,5.94,"Uribe, Abner",592518,682842,,swinging_strike,,,,,5.0,,R,R,R,MIL,SD,S,,,2,0,2024,-0.72,0.7,0.2105896328255316,2.863540241523305,665487.0,,595777.0,0,5,Top,,,,,,,5.558067996025313,-140.56727562658634,-4.243887896256347,-10.805022783070344,31.436550815340915,-22.12643536853786,3.68,1.72,,,,97.1,2299.0,6.6,746004,661388,641343,668930,687401,642715,686217,663368,694192,53.94,,,,,,,,37,3,Sinker,1,4,4,1,4,1,4,1,Standard,Standard,198.0,0.003,-0.069,73.2,7.2,0.850554036,,0.069,,-3,3,0.096,0.904,24,31,24,32,1,2,2,1.0,1.0,1.0,1.74,0.72,0.72,40.9,4.78235204107505,21.745777349153297,21.11142196031428,43.37440490654628,17.40165115923698
SI,2024-04-16,97.6,-1.33,5.78,"Uribe, Abner",592518,682842,,ball,,,,,11.0,,R,R,R,MIL,SD,B,,,1,0,2024,-0.96,0.72,-1.0169906695591755,2.914410919421428,665487.0,,595777.0,0,5,Top,,,,,,,3.0897006095151154,-142.0736179381489,-3.8780714474604174,-13.77297035007054,32.55408014746086,-21.792928505370305,3.55654179893201,1.73099208768519,,,,98.2,2289.0,6.6,746004,661388,641343,668930,687401,642715,686217,663368,694192,53.87,,,,,,,,37,2,Sinker,1,4,4,1,4,1,4,1,Standard,Standard,205.0,-0.003,0.042,,,,,-0.042,,-3,3,0.099,0.901,24,31,24,32,1,2,2,1.0,1.0,1.0,1.67,0.96,0.96,39.6,,,,,
SI,2024-04-16,98.6,-1.13,5.97,"Uribe, Abner",592518,682842,,ball,,,,,12.0,,R,R,R,MIL,SD,B,,,0,0,2024,-0.83,0.71,0.5731934323866177,3.987787948079231,665487.0,,595777.0,0,5,Top,,,,,,,6.589607950321248,-143.53095660623333,-1.6418787671648918,-12.93263302622112,31.6913548642766,-22.1057408520837,3.58670894878253,1.76496479259654,,,,99.2,2399.0,6.5,746004,661388,641343,668930,687401,642715,686217,663368,694192,54.01,,,,,,,,37,1,Sinker,1,4,4,1,4,1,4,1,Standard,Standard,197.0,-0.001,0.021,,,,,-0.021,,-3,3,0.1,0.9,24,31,24,32,1,2,2,1.0,1.0,1.0,1.62,0.83,0.83,40.9,,,,,
SI,2024-04-16,98.3,-1.33,5.79,"Uribe, Abner",595777,682842,single,hit_into_play,,,,,1.0,Jurickson Profar singles on a ground ball to right fielder Jackson Chourio. Fernando Tatis Jr. to 3rd.,R,L,R,MIL,SD,X,9.0,ground_ball,2,1,2024,-1.2,0.51,-0.3295515699932656,3.192925735130101,,,665487.0,0,5,Top,185.78,121.9,,,,,5.496668039459468,-143.12893820542936,-2.7997001177063794,-17.747025825916957,31.30533781080577,-24.69260689734556,3.38,1.65,46.0,96.3,-1.0,98.8,2280.0,6.4,746004,661388,641343,668930,687401,642715,686217,663368,694192,54.08,0.344,0.373,0.9,1.0,1.0,0.0,2.0,36,4,Sinker,1,4,4,1,4,1,4,1,Standard,Strategic,214.0,-0.042,0.414,61.7,7.0,,0.383,-0.414,96.3,-3,3,0.142,0.858,24,31,24,31,1,2,2,1.0,1.0,1.0,1.83,1.2,-1.2,33.9,6.237998428754039,-7.338770340600341,27.95501626864222,38.94473491017912,31.09239767851148
SI,2024-04-16,98.8,-1.26,5.87,"Uribe, Abner",595777,682842,,ball,,,,,11.0,,R,L,R,MIL,SD,B,,,1,1,2024,-1.17,0.52,-0.843521304639633,2.941456412953744,,,665487.0,0,5,Top,,,,,,,3.87661373116116,-143.90917587164793,-3.797716159300105,-17.186224633793028,31.849007711329268,-24.26469100700173,3.27631284749641,1.6422478899682,,,,99.6,2207.0,6.6,746004,661388,641343,668930,687401,642715,686217,663368,694192,53.9,,,,,,,,36,3,Sinker,1,4,4,1,4,1,4,1,Standard,Standard,211.0,-0.004,0.043,,,,,-0.043,,-3,3,0.146,0.854,24,31,24,31,1,2,2,1.0,1.0,1.0,1.8,1.17,-1.17,37.5,,,,,
SI,2024-04-16,98.7,-1.47,5.78,"Uribe, Abner",595777,682842,,foul,,,,,7.0,,R,L,R,MIL,SD,S,,,1,0,2024,-1.34,0.34,-0.7341861099236127,1.71756640978165,,,665487.0,0,5,Top,,,,,,,5.138234840237152,-143.4962175843152,-6.392977114951207,-19.64453565105761,33.937448107853115,-26.200648754320675,3.38,1.65,1.0,72.4,-51.0,99.1,2327.0,6.6,746004,661388,641343,668930,687401,642715,686217,663368,694192,53.9,,,,,,,,36,2,Sinker,1,4,4,1,4,1,4,1,Standard,Standard,211.0,0.004,-0.049,79.3,7.6,,,0.049,88.0,-3,3,0.142,0.858,24,31,24,31,1,2,2,1.0,1.0,1.0,2.01,1.34,-1.34,37.3,12.09565519087062,2.0696381841169917,31.57630154286476,44.7335350464402,25.59810124465176
SL,2024-04-16,86.2,-1.25,5.99,"Uribe, Abner",595777,682842,,ball,,,,,1.0,,R,L,R,MIL,SD,B,,,0,0,2024,0.79,0.52,-0.7381955558200678,2.832799479378361,,,665487.0,0,5,Top,,,,,,,-0.3979674712843142,-125.6658604548104,-2.375204181929544,8.464517792457519,24.67986909920233,-26.4192070445529,3.3151384728559,1.59254607538988,,,,86.9,2501.0,6.5,746004,661388,641343,668930,687401,642715,686217,663368,694192,53.96,,,,,,,,36,1,Slider,1,4,4,1,4,1,4,1,Standard,Standard,101.0,-0.003,0.041,,,,,-0.041,,-3,3,0.145,0.855,24,31,24,31,1,2,2,1.0,1.0,1.0,2.53,-0.79,0.79,46.0,,,,,
SI,2024-04-16,99.4,-1.25,5.95,"Uribe, Abner",665487,682842,single,hit_into_play,,,,,4.0,Fernando Tatis Jr. singles on a sharp line drive to left fielder Sal Frelick.,R,R,R,MIL,SD,X,7.0,line_drive,1,2,2024,-1.32,0.64,-0.4973428205011263,2.5814820830487504,,,,0,5,Top,93.8,95.91,,,,,5.162708429672511,-144.5887936113586,-5.319910907691571,-19.65777575766963,33.90300290567439,-22.193676654674224,3.85,1.88,192.0,104.4,11.0,99.8,2323.0,6.5,746004,661388,641343,668930,687401,642715,686217,663368,694192,53.97,0.921,0.912,0.9,1.0,1.0,0.0,4.0,35,4,Sinker,1,4,4,1,4,1,4,1,Standard,Standard,207.0,-0.023,0.516,70.5,6.9,,1.169,-0.516,104.4,-3,3,0.168,0.832,24,25,24,25,1,2,2,1.0,1.0,1.0,1.67,1.32,1.32,41.0,3.169486692990497,2.508819344380377,34.786992520166976,31.0644731118152,28.308798177522657
SL,2024-04-16,87.6,-1.15,5.96,"Uribe, Abner",665487,682842,,ball,,,,,14.0,,R,R,R,MIL,SD,B,,,0,2,2024,0.83,0.14,1.1446013656763727,-0.2681661650511628,,,,0,5,Top,,,,,,,3.846189182191968,-127.2901293113064,-9.216511588499635,8.191138042576343,25.97002058459908,-28.982883728236637,3.77915246995951,1.90667544339796,,,,88.0,2606.0,6.6,746004,661388,641343,668930,687401,642715,686217,663368,694192,53.88,,,,,,,,35,3,Slider,1,4,4,1,4,1,4,1,Standard,Standard,62.0,-0.001,0.023,,,,,-0.023,,-3,3,0.169,0.831,24,25,24,25,1,2,2,1.0,1.0,1.0,2.84,-0.83,-0.83,44.8,,,,,
SL,2024-04-16,87.5,-1.16,6.04,"Uribe, Abner",665487,682842,,called_strike,,,,,9.0,,R,R,R,MIL,SD,S,,,0,1,2024,1.13,0.19,0.6229453608941192,1.9680483561596496,,,,0,5,Top,,,,,,,1.978223998168131,-127.49210802931871,-4.114025396368423,11.982904296846584,25.77641230821561,-29.52329768484849,3.57465296222765,1.79568540715709,,,,88.0,2727.0,6.5,746004,661388,641343,668930,687401,642715,686217,663368,694192,54.02,,,,,,,,35,2,Slider,1,4,4,1,4,1,4,1,Standard,Standard,60.0,0.003,-0.054,,,,,0.054,,-3,3,0.166,0.834,24,25,24,25,1,2,2,1.0,1.0,1.0,2.78,-1.13,-1.13,44.8,,,,,
SI,2024-04-16,97.9,-1.33,6.02,"Uribe, Abner",665487,682842,,called_strike,,,,,7.0,,R,R,R,MIL,SD,S,,,0,0,2024,-0.81,0.57,-0.648182486910272,1.7896014778894591,,,,0,5,Top,,,,,,,3.717725192839229,-142.432340676674,-7.286114312429714,-11.84660056154268,30.31440531130373,-23.06506723300437,3.68916657371766,1.75400525917962,,,,98.4,2177.0,6.4,746004,661388,641343,668930,687401,642715,686217,663368,694192,54.08,,,,,,,,35,1,Sinker,1,4,4,1,4,1,4,1,Standard,Standard,209.0,0.002,-0.037,,,,,0.037,,-3,3,0.164,0.836,24,25,24,25,1,2,2,1.0,1.0,1.0,1.8,0.81,0.81,39.9,,,,,
SI,2024-04-16,97.9,-1.15,5.96,"Uribe, Abner",593428,682842,grounded_into_double_play,hit_into_play,,,,,5.0,"Xander Bogaerts grounds into a double play, shortstop Willy Adames to second baseman Brice Turang to first baseman Jake Bauers. José Azocar out at 2nd. Xander Bogaerts out at 1st.",R,R,R,MIL,SD,X,6.0,ground_ball,0,0,2024,-1.21,0.94,-0.0265651432809781,2.3428912597901803,,,640492.0,1,4,Top,110.15,158.02,,,,,5.834519219125193,-142.3312482559383,-6.447689354894001,-17.73507327685965,33.34658497241011,-18.050498223318257,3.62,1.68,6.0,94.6,-22.0,98.2,2298.0,6.6,746004,661388,641343,668930,687401,642715,686217,663368,694192,53.94,0.148,0.151,0.0,1.0,0.0,0.0,2.0,31,1,Sinker,1,4,4,1,4,1,4,1,Standard,Standard,210.0,0.031,-0.314,74.2,6.8,,0.189,0.314,94.6,-3,3,0.185,0.815,24,31,24,32,1,2,2,1.0,1.0,1.0,1.44,1.21,1.21,40.9,-2.307477867723636,8.327876902697758,38.79587998636239,36.46104598853627,25.225164102656564
SI,2024-04-16,98.7,-1.38,6.01,"Uribe, Abner",640492,682842,single,hit_into_play,,,,,1.0,José Azocar singles on a ground ball to left fielder Sal Frelick.,R,R,R,MIL,SD,X,7.0,ground_ball,0,0,2024,-1.15,0.64,-0.2980532367890698,2.770275808156275,,,,1,4,Top,88.99,114.19,,,,,5.631249153145835,-143.5550292714686,-4.8787444516825085,-17.22745910083734,32.82687808100881,-22.34210959243409,3.24,1.58,53.0,101.2,0.0,99.1,2436.0,6.5,746004,661388,641343,668930,687401,642715,686217,663368,694192,54.0,0.458,0.446,0.9,1.0,1.0,0.0,4.0,30,1,Sinker,1,4,4,1,4,1,4,1,Standard,Strategic,208.0,-0.014,0.422,71.4,7.1,,0.547,-0.422,101.2,-3,3,0.199,0.801,24,28,24,28,1,1,2,2.0,1.0,4.0,1.7,1.15,1.15,39.2,8.092880849181233,2.3114510072126504,32.963844169394086,35.834026769692315,31.41375494101492
SI,2024-04-16,98.3,-1.21,5.91,"Uribe, Abner",666703,682842,field_out,hit_into_play,,,,,11.0,Eguy Rosario pops out to third baseman Joey Ortiz in foul territory.,R,R,R,MIL,SD,X,5.0,popup,3,2,2024,-1.09,0.72,-1.176217679049171,2.947379275971872,,,,0,4,Top,82.11,162.46,,,,,2.618121847452397,-143.12491993761867,-4.260456690225623,-15.583386649857385,32.58883393077593,-21.56602716506969,3.31,1.59,144.0,63.8,59.0,98.9,2334.0,6.6,746004,661388,641343,668930,687401,642715,686217,663368,694192,53.94,0.008,0.007,0.0,1.0,0.0,0.0,3.0,29,6,Sinker,1,4,4,1,4,1,4,1,Standard,Standard,206.0,0.016,-0.333,70.9,7.4,,0.008,0.333,88.0,-3,3,0.183,0.817,24,24,24,25,1,1,2,1.0,1.0,3.0,1.64,1.09,1.09,40.8,8.739300850231377,-14.07152399138699,25.27875880902145,21.30591273383169,26.74956617599542
SL,2024-04-16,87.2,-0.99,6.0,"Uribe, Abner",666703,682842,,ball,,,,,14.0,,R,R,R,MIL,SD,B,,,2,2,2024,0.85,0.24,0.9920130979838724,0.691335088454196,,,,0,4,Top,,,,,,,3.017852974363671,-126.82734462839976,-7.079396902422394,8.503145424954392,27.87725126579424,-28.253882065028897,3.11773373504681,1.60369188362685,,,,87.5,2575.0,6.7,746004,661388,641343,668930,687401,642715,686217,663368,694192,53.83,,,,,,,,29,5,Slider,1,4,4,1,4,1,4,1,Standard,Standard,83.0,-0.005,0.107,,,,,-0.107,,-3,3,0.188,0.812,24,24,24,25,1,1,2,1.0,1.0,3.0,2.78,-0.85,-0.85,46.5,,,,,
FF,2024-04-16,99.7,-1.25,6.05,"Uribe, Abner",666703,682842,,ball,,,,,12.0,,R,R,R,MIL,SD,B,,,1,2,2024,-0.32,1.22,0.1303475695351268,5.705278131211663,,,,0,4,Top,,,,,,,4.535427251469782,-145.156478609252,1.5725399051663078,-5.505403607197655,33.363588716871064,-15.515219154604832,3.29629682760984,1.65940873418464,,,,100.1,2371.0,6.4,746004,661388,641343,668930,687401,642715,686217,663368,694192,54.08,,,,,,,,29,4,4-Seam Fastball,1,4,4,1,4,1,4,1,Standard,Standard,207.0,-0.002,0.04,,,,,-0.04,,-3,3,0.19,0.81,24,24,24,25,1,1,2,1.0,1.0,3.0,1.07,0.32,0.32,45.5,,,,,
SI,2024-04-16,97.8,-1.34,6.01,"Uribe, Abner",666703,682842,,foul,,,,,11.0,,R,R,R,MIL,SD,S,,,1,1,2024,-1.32,0.64,-0.9923646923068116,2.8523942856608144,,,,0,4,Top,,,,,,,3.972464694073537,-142.3594049539187,-4.467472387711174,-18.78704153992473,34.8812235490736,-22.624966173837603,3.31,1.59,3.0,24.4,-35.0,97.7,2323.0,6.4,746004,661388,641343,668930,687401,642715,686217,663368,694192,54.13,,,,,,,,29,3,Sinker,1,4,4,1,4,1,4,1,Standard,Standard,208.0,0.003,-0.056,77.8,8.0,,,0.056,88.0,-3,3,0.187,0.813,24,24,24,25,1,1,2,1.0,1.0,3.0,1.75,1.32,1.32,40.3,18.370642030133105,-25.71550855970975,19.90517351274479,24.224815533981637,38.42631546931319
SL,2024-04-16,88.0,-1.2,6.03,"Uribe, Abner",666703,682842,,ball,,,,,14.0,,R,R,R,MIL,SD,B,,,0,1,2024,0.92,0.58,1.3304367519194562,1.7003189492550537,,,,0,4,Top,,,,,,,4.231878857358444,-127.99613068135264,-5.566731208266055,9.124693617529424,28.315268047707203,-24.84243790275781,3.25105396610005,1.61364478811335,,,,88.0,2592.0,6.5,746004,661388,641343,668930,687401,642715,686217,663368,694192,54.01,,,,,,,,29,2,Slider,1,4,4,1,4,1,4,1,Standard,Standard,85.0,-0.001,0.025,,,,,-0.025,,-3,3,0.188,0.812,24,24,24,25,1,1,2,1.0,1.0,3.0,2.39,-0.92,-0.92,46.3,,,,,
SI,2024-04-16,97.4,-1.1,6.2,"Uribe, Abner",666703,682842,,called_strike,,,,,2.0,,R,R,R,MIL,SD,S,,,0,0,2024,-1.12,0.71,0.0338359538546297,3.413753183838049,,,,0,4,Top,,,,,,,5.633037727683236,-141.72010070862297,-3.6110677781311376,-16.424636177209553,32.60742565019408,-21.98415191967249,3.38275153003073,1.59988724581699,,,,97.6,2327.0,6.4,746004,661388,641343,668930,687401,642715,686217,663368,694192,54.09,,,,,,,,29,1,Sinker,1,4,4,1,4,1,4,1,Standard,Standard,206.0,0.002,-0.037,,,,,0.037,,-3,3,0.186,0.814,24,24,24,25,1,1,2,1.0,1.0,3.0,1.69,1.12,1.12,43.7,,,,,
,2024-04-16,,,,"Uribe, Abner",673490,682842,intent_walk,automatic_ball,,,,,,Abner Uribe intentionally walks Ha-Seong Kim.,R,R,R,MIL,SD,B,,,3,0,2024,,,,,665487.0,595777.0,,1,5,Top,,,,,,,,,,,,,,,,,,,,,746004,661388,641343,668930,687401,642715,686217,663368,694192,,,,0.4,,0.0,0.0,,38,4,,1,4,4,1,4,1,4,1,,,,-0.002,,,,,,,,-3,3,0.115,0.885,24,28,24,29,1,2,2,1.0,1.0,1.0,,,,,,,,,
SI,2024-04-14,99.6,-1.39,5.85,"Uribe, Abner",623993,682842,field_out,hit_into_play,,,,,8.0,"Anthony Santander grounds out, first baseman Rhys Hoskins to pitcher Abner Uribe.",R,L,R,BAL,MIL,X,3.0,ground_ball,2,0,2024,-1.11,0.43,-0.0458190106591092,1.9534140049029192,,,,2,7,Bot,156.25,164.29,,,,,6.322428380362203,-144.8033764593552,-6.333216617331217,-17.1182906882451,33.26142042979769,-24.811009717222323,3.29,1.59,,,,100.1,2331.0,6.5,747056,596142,656555,668930,687401,642715,686894,663368,686217,53.95,,,0.0,,0.0,0.0,,61,3,Sinker,5,4,5,4,4,5,5,4,Strategic,Standard,214.0,-0.013,-0.363,75.2,7.6,,,0.363,,1,1,0.758,0.758,24,29,24,30,1,3,5,1.0,2.0,2.0,1.87,1.11,-1.11,35.4,9.634760658965147,-9.926220352684808,26.86182386424354,35.852888199464324,37.854459728493694
SI,2024-04-14,98.4,-1.35,5.88,"Uribe, Abner",623993,682842,,ball,,,,,11.0,,R,L,R,BAL,MIL,B,,,1,0,2024,-1.14,0.57,-1.0422740952986524,3.1109021576240705,,,,2,7,Bot,,,,,,,3.4980791359709063,-143.27649733003537,-3.406930737785352,-16.50919280233137,32.91012995770846,-23.773903813345296,3.30316317535146,1.60917888197976,,,,99.0,2336.0,6.6,747056,596142,656555,668930,687401,642715,686894,663368,686217,53.91,,,,,,,,61,2,Sinker,5,4,5,4,4,5,5,4,Strategic,Standard,215.0,0.002,0.068,,,,,-0.068,,1,1,0.756,0.756,24,29,24,30,1,3,5,1.0,2.0,2.0,1.78,1.14,-1.14,35.8,,,,,
SL,2024-04-14,88.7,-1.4,6.0,"Uribe, Abner",623993,682842,,ball,,,,,13.0,,R,L,R,BAL,MIL,B,,,0,0,2024,0.55,0.28,-1.1145536923653845,2.0349800936170226,,,,2,7,Bot,,,,,,,-0.4429052426135412,-129.2707453863932,-4.299773939435017,6.257003069269501,24.857528798556284,-28.415446322236694,3.359406592067,1.62903786546697,,,,89.7,2378.0,6.7,747056,596142,656555,668930,687401,642715,686894,663368,686217,53.83,,,,,,,,61,1,Slider,5,4,5,4,4,5,5,4,Strategic,Standard,108.0,0.001,0.04,,,,,-0.04,,1,1,0.755,0.755,24,29,24,30,1,3,5,1.0,2.0,2.0,2.59,-0.55,0.55,42.0,,,,,
SL,2024-04-14,89.3,-1.35,6.03,"Uribe, Abner",668939,682842,grounded_into_double_play,hit_into_play,,,,,8.0,"Adley Rutschman grounds into a double play, shortstop Willy Adames to first baseman Rhys Hoskins. Jackson Holliday scores. Gunnar Henderson out at 2nd. Adley Rutschman out at 1st.",R,L,R,BAL,MIL,X,6.0,ground_ball,0,0,2024,1.1,-0.08,-0.0462395699606608,1.5829936684059192,702616.0,,683002.0,0,7,Bot,122.24,145.01,,,,,0.8815100942726148,-129.91346212462676,-4.6828736333706615,12.132618942603555,31.20655151328867,-32.16697297241465,3.33,1.6,7.0,100.6,-10.0,89.2,2529.0,6.6,747056,596142,656555,668930,687401,642715,686894,663368,686217,53.94,0.217,0.253,0.0,1.0,0.0,0.0,2.0,60,1,Slider,4,4,4,4,4,5,5,4,Standard,Standard,99.0,-0.03,-0.283,70.4,6.5,,0.236,0.283,100.6,0,0,0.785,0.785,24,26,24,26,1,3,5,1.0,2.0,1.0,2.97,-1.1,1.1,43.2,-20.470221453978983,3.43290874887697,47.63507973670089,35.23133118019162,16.583452104921587
SI,2024-04-14,99.5,-1.37,5.85,"Uribe, Abner",683002,682842,single,hit_into_play,,,,,8.0,Gunnar Henderson singles on a line drive to right fielder Sal Frelick. Jordan Westburg scores. Jackson Holliday to 3rd.,R,L,R,BAL,MIL,X,9.0,line_drive,1,0,2024,-1.4,0.49,0.2217648896441739,1.9721439642664305,676059.0,,702616.0,0,7,Bot,183.66,126.23,,,,,7.781506518093807,-144.5620943062463,-6.460911472658381,-21.405524864196405,34.68036848064243,-23.996443418387894,3.67,1.76,239.0,101.5,15.0,99.8,2378.0,6.6,747056,596142,656555,668930,687401,642715,686894,663368,686217,53.88,0.692,0.705,0.9,1.0,1.0,0.0,4.0,59,2,Sinker,3,4,3,4,4,4,4,4,Standard,Standard,208.0,0.163,0.402,74.3,7.8,,0.949,-0.402,101.5,-1,-1,0.622,0.622,24,23,24,23,1,3,5,1.0,2.0,1.0,1.83,1.4,-1.4,37.4,14.597170045767133,-10.908583223510458,36.32562521797831,30.166235606308614,33.960426844237205
SI,2024-04-14,98.5,-1.46,5.97,"Uribe, Abner",683002,682842,,ball,,,,,1.0,,R,L,R,BAL,MIL,B,,,0,0,2024,-1.41,0.61,-0.631973441249813,3.6842087649437656,676059.0,,702616.0,0,7,Bot,,,,,,,5.549036379790197,-143.31203479714353,-2.1658945002477488,-20.676571743046917,34.28763540278927,-23.45730722815102,3.7398522400059,1.87135419629637,,,,99.0,2807.0,6.7,747056,596142,656555,668930,687401,642715,686894,663368,686217,53.85,,,,,,,,59,1,Sinker,3,4,3,4,4,3,3,4,Standard,Standard,199.0,0.007,0.021,,,,,-0.021,,-1,-1,0.615,0.615,24,23,24,23,1,3,5,1.0,2.0,1.0,1.74,1.41,-1.41,37.9,,,,,
SI,2024-04-14,99.3,-1.32,5.81,"Uribe, Abner",702616,682842,single,hit_into_play,,,,,6.0,Jackson Holliday singles on a ground ball to right fielder Sal Frelick. Jordan Westburg to 3rd.,R,L,R,BAL,MIL,X,9.0,ground_ball,1,0,2024,-1.0,0.55,0.4369724170069251,2.466527166942353,,,676059.0,0,7,Bot,181.63,126.23,,,,,7.200852792257705,-144.34030210999055,-5.037220169750572,-15.685212057908185,34.69250587271646,-23.44354343502389,3.371,1.535,43.0,101.4,-1.0,99.7,525.0,6.6,747056,596142,656555,668930,687401,642715,686894,663368,686217,53.87,0.392,0.353,0.9,1.0,1.0,0.0,4.0,58,2,Sinker,3,4,3,4,4,3,3,4,Standard,Standard,51.0,0.163,0.408,74.5,7.4,,0.415,-0.408,101.4,-1,-1,0.452,0.452,24,20,24,21,1,2,5,2.0,2.0,1.0,1.77,1.0,-1.0,34.9,14.5943925461924,-0.1168446163302962,33.78991447045383,31.26473192318574,30.591953889224683
SL,2024-04-14,89.8,-1.09,6.0,"Uribe, Abner",702616,682842,,ball,,,,,14.0,,R,L,R,BAL,MIL,B,,,0,0,2024,0.95,0.03,0.2978276148900044,1.3723419685031106,,,676059.0,0,7,Bot,,,,,,,1.4166042906291,-130.64821357725876,-5.525071567085523,10.530321013096865,29.394839347622803,-30.817836067022608,3.46811141253387,1.55424097258134,,,,90.1,835.0,6.6,747056,596142,656555,668930,687401,642715,686894,663368,686217,53.89,,,,,,,,58,1,Slider,3,4,3,4,4,3,3,4,Standard,Standard,160.0,0.011,0.041,,,,,-0.041,,-1,-1,0.441,0.441,24,20,24,21,1,2,5,2.0,2.0,1.0,2.81,-0.95,0.95,42.9,,,,,
SL,2024-04-14,88.2,-1.14,6.03,"Uribe, Abner",676059,682842,single,hit_into_play,,,,,9.0,Jordan Westburg singles on a ground ball to left fielder Joey Wiemer.,R,R,R,BAL,MIL,X,7.0,ground_ball,1,2,2024,0.55,-0.17,0.6623706793413432,2.0778923831890928,,,,0,7,Bot,75.55,119.12,,,,,3.261288971669392,-128.53149330150907,-3.23477613835363,5.4858343809547,26.19962563004169,-33.565123644255806,3.41,1.57,81.0,90.3,4.0,89.2,3375.0,6.8,747056,596142,656555,668930,687401,642715,686894,663368,686217,53.73,0.424,0.387,0.9,1.0,1.0,0.0,4.0,57,5,Slider,3,4,3,4,4,3,3,4,Standard,Standard,134.0,0.091,0.516,66.6,7.7,,0.471,-0.516,90.3,-1,-1,0.35,0.35,24,25,24,25,1,2,5,1.0,2.0,1.0,3.08,-0.55,-0.55,43.3,20.410662973064102,-2.032964289388514,26.245423186623345,47.76504546334871,39.27502938231899
SL,2024-04-14,90.2,-1.08,5.92,"Uribe, Abner",676059,682842,,foul,,,,,14.0,,R,R,R,BAL,MIL,S,,,1,2,2024,0.65,0.02,1.1822127135858065,1.6869592740464243,,,,0,7,Bot,,,,,,,4.295844938429577,-131.23592110632146,-4.574575653053869,6.366620236350563,31.209268092688724,-31.089298108007533,3.41,1.57,,,,90.5,3000.0,6.8,747056,596142,656555,668930,687401,642715,686894,663368,686217,53.74,,,,,,,,57,4,Slider,3,4,3,4,4,3,3,4,Standard,Standard,134.0,0.0,0.0,64.4,7.8,,,0.0,,-1,-1,0.35,0.35,24,25,24,25,1,2,5,1.0,2.0,1.0,2.81,-0.65,-0.65,41.1,14.97410681321147,-12.502390997868517,29.471649337567825,53.61589378430646,40.088075748350704
SI,2024-04-14,99.9,-1.19,5.94,"Uribe, Abner",676059,682842,,called_strike,,,,,2.0,,R,R,R,BAL,MIL,S,,,1,1,2024,-1.36,0.45,0.1292596464436515,3.371486705879433,,,,0,7,Bot,,,,,,,6.871939783333032,-145.31454517149754,-2.7557801291061343,-20.83725976381604,34.54277287927997,-25.36398091442788,3.49870887898148,1.70821612489679,,,,100.5,3098.0,6.7,747056,596142,656555,668930,687401,642715,686894,663368,686217,53.81,,,,,,,,57,3,Sinker,3,4,3,4,4,3,3,4,Standard,Standard,223.0,-0.012,-0.056,,,,,0.056,,-1,-1,0.362,0.362,24,25,24,25,1,2,5,1.0,2.0,1.0,1.84,1.36,1.36,37.0,,,,,
SI,2024-04-14,99.5,-1.12,5.97,"Uribe, Abner",676059,682842,,called_strike,,,,,2.0,,R,R,R,BAL,MIL,S,,,1,0,2024,-1.3,0.38,-0.1443057189434482,2.884447923395667,,,,0,7,Bot,,,,,,,5.7669814904572805,-144.80955544638508,-3.9880913861362735,-19.64138237367692,34.3764720060146,-26.029172099657828,3.39140613404305,1.48336063705804,,,,100.1,3000.0,6.7,747056,596142,656555,668930,687401,642715,686894,663368,686217,53.84,,,,,,,,57,2,Sinker,3,4,3,4,4,3,3,4,Standard,Standard,225.0,-0.01,-0.049,,,,,0.049,,-1,-1,0.372,0.372,24,25,24,25,1,2,5,1.0,2.0,1.0,1.92,1.3,1.3,39.8,,,,,
SL,2024-04-14,88.8,-1.22,5.96,"Uribe, Abner",676059,682842,,ball,,,,,14.0,,R,R,R,BAL,MIL,B,,,0,0,2024,0.79,0.27,1.214228800352919,1.6862919983439868,,,,0,7,Bot,,,,,,,4.40761296612477,-129.24053105687616,-5.062872579623924,7.850501185632478,28.21090636596616,-28.304264807557924,3.38743759312456,1.57030119513329,,,,89.2,2760.0,6.7,747056,596142,656555,668930,687401,642715,686894,663368,686217,53.83,,,,,,,,57,1,Slider,3,4,3,4,4,3,3,4,Standard,Standard,99.0,0.008,0.038,,,,,-0.038,,-1,-1,0.364,0.364,24,25,24,25,1,2,5,1.0,2.0,1.0,2.63,-0.79,-0.79,42.7,,,,,
SL,2024-04-09,87.7,-0.83,6.15,"Uribe, Abner",600869,682842,strikeout,called_strike,,,,,9.0,Jeimer Candelario called out on strikes.,R,L,R,CIN,MIL,S,2.0,,1,2,2024,1.52,-0.21,0.3952816140042151,1.8000875473349645,663886.0,663697.0,,2,9,Bot,,,,,,,-0.190520405392523,-127.76293750548167,-3.974472902645303,16.700648910422835,26.444212694198928,-33.830160725234336,3.353604897268,1.57528152882299,,,,88.0,2730.0,6.4,746732,661388,641343,668930,687401,642715,592885,663368,686217,54.09,,0.0,0.0,1.0,0.0,0.0,,85,4,Slider,5,9,5,9,9,5,5,9,Infield shade,Standard,52.0,-0.017,-0.2,,,,,0.2,,-4,-4,0.017,0.017,24,30,24,31,1,4,4,1.0,5.0,1.0,3.16,-1.52,1.52,45.1,,,,,
SL,2024-04-09,88.1,-0.86,6.11,"Uribe, Abner",600869,682842,,foul,,,,,9.0,,R,L,R,CIN,MIL,S,,,1,1,2024,0.87,0.07,0.3959628555279127,1.98715211874385,663886.0,663697.0,,2,9,Bot,,,,,,,1.2438775876397774,-128.32324487551418,-4.076781706233573,9.322080015223436,27.66482312667129,-30.700262228966302,3.41,1.68,195.0,66.9,29.0,88.7,2687.0,6.7,746732,661388,641343,668930,687401,642715,592885,663368,686217,53.82,,,,,,,,85,3,Slider,5,9,5,9,9,5,5,9,Infield shade,Standard,62.0,-0.001,-0.072,63.8,8.7,,,0.072,88.0,-4,-4,0.018,0.018,24,30,24,31,1,4,4,1.0,5.0,1.0,2.87,-0.87,0.87,47.2,14.548851383614656,-19.313918948354832,38.020054861822985,31.11862492081141,36.863457490287104
SL,2024-04-09,86.9,-0.94,6.12,"Uribe, Abner",600869,682842,,called_strike,,,,,7.0,,R,L,R,CIN,MIL,S,,,1,0,2024,1.42,-0.16,-0.4850822631432909,1.746129696392968,663886.0,663697.0,,2,9,Bot,,,,,,,-1.843738671152318,-126.5164925537776,-3.946645313269341,15.627758342564317,27.303208084121817,-33.246041893296294,3.44750846300671,1.63045569788874,,,,87.1,2797.0,6.5,746732,661388,641343,668930,687401,642715,592885,663368,686217,53.96,,,,,,,,85,2,Slider,5,9,5,9,9,5,5,9,Infield shade,Standard,49.0,-0.003,-0.03,,,,,0.03,,-4,-4,0.021,0.021,24,30,24,31,1,4,4,1.0,5.0,1.0,3.19,-1.42,1.42,46.1,,,,,
SL,2024-04-09,87.3,-0.82,6.19,"Uribe, Abner",600869,682842,,ball,,,,,11.0,,R,L,R,CIN,MIL,B,,,0,0,2024,1.25,-0.18,-0.6560344313717985,3.576482379640873,663886.0,663697.0,,2,9,Bot,,,,,,,-2.180438883174504,-127.12979857368612,0.2557337227715581,13.9461008185787,27.40138886875554,-34.43966374221957,3.35547131338422,1.51884519913971,,,,87.4,2640.0,6.4,746732,661388,641343,668930,687401,642715,592885,663368,686217,54.06,,,,,,,,85,1,Slider,5,9,5,9,9,5,5,9,Strategic,Standard,57.0,0.003,0.021,,,,,-0.021,,-4,-4,0.018,0.018,24,30,24,31,1,4,4,1.0,5.0,1.0,3.18,-1.25,1.25,49.1,,,,,
SI,2024-04-09,99.1,-0.98,5.94,"Uribe, Abner",687952,682842,strikeout,swinging_strike,,,,,11.0,Christian Encarnacion-Strand strikes out swinging.,R,R,R,CIN,MIL,S,2.0,,0,2,2024,-1.19,0.37,-1.095179435103773,2.6796913086026573,663886.0,663697.0,,1,9,Bot,,,,,,,2.4845416759646524,-144.23236643616994,-4.346792433541278,-17.149364362616314,35.2536033891384,-26.21946877549602,3.28,1.52,,,,99.3,2365.0,6.5,746732,661388,641343,668930,687401,642715,592885,663368,686217,53.97,,0.0,0.0,1.0,0.0,0.0,,84,3,Sinker,5,9,5,9,9,5,5,9,Standard,Standard,207.0,-0.027,-0.275,70.7,7.0,0.228367188,,0.275,,-4,-4,0.045,0.045,24,24,24,25,1,4,4,1.0,5.0,1.0,1.96,1.19,1.19,39.6,22.61226569053066,-7.472093973940542,36.01268830155311,23.89902347031545,33.13124036800879
SL,2024-04-09,87.7,-1.08,6.17,"Uribe, Abner",687952,682842,,called_strike,,,,,1.0,,R,R,R,CIN,MIL,S,,,0,1,2024,1.16,0.17,-0.2879881795661294,3.063286273991669,663886.0,663697.0,,1,9,Bot,,,,,,,-0.4852265519996493,-127.66364855846214,-1.7158068157844848,12.70550297854046,27.55115929104658,-30.22538856209779,3.32689260581407,1.46136873281733,,,,87.9,2661.0,6.5,746732,661388,641343,668930,687401,642715,592885,663368,686217,54.02,,,,,,,,84,2,Slider,5,9,5,9,9,5,5,9,Standard,Standard,70.0,-0.011,-0.087,,,,,0.087,,-4,-4,0.056,0.056,24,24,24,25,1,4,4,1.0,5.0,1.0,2.81,-1.16,-1.16,47.0,,,,,
SI,2024-04-09,99.8,-1.23,6.1,"Uribe, Abner",687952,682842,,foul,,,,,13.0,,R,R,R,CIN,MIL,S,,,0,0,2024,-1.04,0.78,-0.4123317162024197,1.244721864514299,663886.0,663697.0,,1,9,Bot,,,,,,,4.706080903054403,-144.94826109157287,-9.7905583349294,-15.71619097062722,34.2824048974906,-19.11648976828115,3.28,1.52,3.0,94.7,-24.0,99.9,2328.0,6.5,746732,661388,641343,668930,687401,642715,592885,663368,686217,54.05,,,,,,,,84,1,Sinker,5,9,5,9,9,5,5,9,Standard,Standard,215.0,-0.007,-0.054,82.8,7.9,,,0.054,94.7,-4,-4,0.063,0.063,24,24,24,25,1,4,4,1.0,5.0,1.0,1.52,1.04,1.04,40.7,10.087304329426184,-18.98929528210175,56.47522413013901,33.9165785141075,31.777268960645475
SI,2024-04-09,99.7,-0.89,5.95,"Uribe, Abner",666181,682842,strikeout,swinging_strike,,,,,9.0,"Will Benson strikes out swinging, catcher William Contreras to first baseman Jake Bauers.",R,L,R,CIN,MIL,S,2.0,,3,2,2024,-0.95,0.45,0.2915934902267207,1.7392895792570668,663886.0,663697.0,,0,9,Bot,,,,,,,5.497534349240191,-145.0060842661844,-7.2321822042453405,-14.665891832593088,34.46306027170602,-24.336971368695423,3.74,1.81,,,,99.8,2309.0,6.4,746732,661388,641343,668930,687401,642715,592885,663368,686217,54.07,,0.0,0.0,1.0,0.0,0.0,,83,7,Sinker,5,9,5,9,9,5,5,9,Strategic,Standard,208.0,-0.06,-0.358,80.5,8.4,0.2009304,,0.358,,-4,-4,0.123,0.123,24,26,24,26,1,4,4,1.0,5.0,1.0,1.85,0.95,-0.95,43.4,13.272127676204097,2.70526798938313,39.210040737926725,37.01543325489504,25.18787498735973
SI,2024-04-09,99.3,-0.78,6.0,"Uribe, Abner",666181,682842,,foul,,,,,5.0,,R,L,R,CIN,MIL,S,,,3,2,2024,-1.07,0.67,0.0770031285116698,2.881527706298968,663886.0,663697.0,,0,9,Bot,,,,,,,4.851508047963256,-144.48701583459922,-4.74261526059344,-16.06947309203696,32.429511100653755,-21.842397942244897,3.74,1.81,147.0,82.5,75.0,99.7,2245.0,6.4,746732,661388,641343,668930,687401,642715,592885,663368,686217,54.08,,,,,,,,83,6,Sinker,5,9,5,9,9,5,5,9,Infield shade,Standard,209.0,0.0,0.0,76.3,7.8,,,0.0,88.0,-4,-4,0.123,0.123,24,26,24,26,1,4,4,1.0,5.0,1.0,1.63,1.07,-1.07,45.9,15.307640328384274,-1.0874758738790806,31.30094996417486,39.16583624594163,24.89981833630676
SI,2024-04-09,99.7,-0.7,6.15,"Uribe, Abner",666181,682842,,ball,,,,,1.0,,R,L,R,CIN,MIL,B,,,2,2,2024,-1.24,0.77,-0.6663447655009869,3.61377617053134,663886.0,663697.0,,0,9,Bot,,,,,,,3.0051989873481797,-145.18940370915743,-3.372766160066888,-18.144921675538026,35.7279234241,-20.73751068298009,3.5741640189224,1.78211782482114,,,,99.7,2220.0,6.3,746732,661388,641343,668930,687401,642715,592885,663368,686217,54.16,,,,,,,,83,5,Sinker,5,9,5,9,9,5,5,9,Infield shade,Standard,206.0,0.019,0.086,,,,,-0.086,,-4,-4,0.104,0.104,24,26,24,26,1,4,4,1.0,5.0,1.0,1.53,1.24,-1.24,42.5,,,,,
SI,2024-04-09,99.8,-1.0,6.02,"Uribe, Abner",666181,682842,,foul,,,,,8.0,,R,L,R,CIN,MIL,S,,,2,1,2024,-0.9,0.51,0.1109571599562281,2.245474705588096,663886.0,663697.0,,0,9,Bot,,,,,,,5.194307502627813,-145.1096314384993,-6.179277205251775,-14.002617630370349,35.08429826082361,-23.713088340308868,3.74,1.81,,,,99.8,2421.0,6.4,746732,661388,641343,668930,687401,642715,592885,663368,686217,54.1,,,,,,,,83,4,Sinker,5,9,5,9,9,5,5,9,Infield shade,Standard,209.0,-0.015,-0.075,76.8,8.1,,,0.075,,-4,-4,0.119,0.119,24,26,24,26,1,4,4,1.0,5.0,1.0,1.79,0.9,-0.9,43.2,19.502156077463475,-7.664516019625384,33.47894528431284,39.50492724112983,30.03917256561144
SL,2024-04-09,89.6,-0.98,6.08,"Uribe, Abner",666181,682842,,ball,,,,,14.0,,R,L,R,CIN,MIL,B,,,1,1,2024,1.09,0.38,0.5032359155292857,1.3910248041209474,663886.0,663697.0,,0,9,Bot,,,,,,,1.3783936601335312,-130.4581936867687,-6.443470648506443,12.208382504472905,26.22251780749949,-26.768939905156348,3.65572335057089,1.76368716440053,,,,90.3,2786.0,6.6,746732,661388,641343,668930,687401,642715,592885,663368,686217,53.92,,,,,,,,83,3,Slider,5,9,5,9,9,5,5,9,Infield shade,Standard,54.0,0.01,0.059,,,,,-0.059,,-4,-4,0.109,0.109,24,26,24,26,1,4,4,1.0,5.0,1.0,2.45,-1.09,1.09,44.7,,,,,
SI,2024-04-09,99.3,-0.79,5.99,"Uribe, Abner",666181,682842,,ball,,,,,14.0,,R,L,R,CIN,MIL,B,,,0,1,2024,-0.73,0.44,1.221803755398748,0.9535277580868732,,663886.0,663697.0,0,9,Bot,,,,,,,7.226111165419127,-144.271221257589,-9.425976170324171,-11.795478264105055,31.80731638790956,-24.0778700621224,3.70209310105008,1.76150263825819,,,,99.7,2381.0,6.5,746732,661388,641343,668930,687401,642715,592885,663368,686217,54.03,,,,,,,,83,2,Sinker,5,9,5,9,9,5,5,9,Infield shade,Standard,210.0,0.022,0.034,,,,,-0.034,,-4,-4,0.087,0.087,24,26,24,26,1,4,4,1.0,5.0,1.0,1.87,0.73,-0.73,40.5,,,,,
SI,2024-04-09,100.3,-1.15,5.99,"Uribe, Abner",666181,682842,,foul,,,,,8.0,,R,L,R,CIN,MIL,S,,,0,0,2024,-1.22,0.38,-0.2267742017078921,1.937244124431437,,663886.0,663697.0,0,9,Bot,,,,,,,5.440939378979214,-145.90136141077014,-6.733112591534138,-18.643088800860376,35.29041026779528,-25.342131784280127,3.74,1.81,4.0,70.7,-24.0,100.4,2331.0,6.4,746732,661388,641343,668930,687401,642715,592885,663368,686217,54.06,,,,,,,,83,1,Sinker,5,9,5,9,9,5,5,9,Standard,Strategic,210.0,-0.007,-0.044,71.5,8.6,,,0.044,88.0,-4,-4,0.094,0.094,24,26,24,26,1,4,4,1.0,5.0,1.0,1.89,1.22,-1.22,37.6,11.662798875817126,-19.450346332473774,41.64474511465604,43.21472410195705,30.25511057389869
SL,2024-04-09,89.0,-1.1,6.15,"Uribe, Abner",663697,682842,walk,ball,,,,,13.0,Jonathan India walks. Tyler Stephenson to 2nd.,R,R,R,CIN,MIL,B,,,3,2,2024,0.39,0.56,-1.0089716372645767,2.039896685073848,,,663886.0,0,9,Bot,,,,,,,-0.5900451364581512,-129.60422595680336,-5.220181702211363,4.471391794918135,28.410623510400427,-25.01992022996157,3.18373878155694,1.44227855127354,,,,89.4,2528.0,6.6,746732,661388,641343,668930,687401,642715,592885,663368,686217,53.92,,0.689131,0.7,1.0,0.0,0.0,,82,7,Slider,5,9,5,9,9,5,5,9,Standard,Standard,92.0,0.043,0.291,,,,,-0.291,,-4,-4,0.051,0.051,24,27,24,28,1,4,4,2.0,5.0,1.0,2.33,-0.39,-0.39,46.2,,,,,
SI,2024-04-09,99.3,-1.18,6.17,"Uribe, Abner",663697,682842,,foul,,,,,8.0,,R,R,R,CIN,MIL,S,,,3,2,2024,-0.92,0.79,-0.2147996507324659,2.00711624462215,,,663886.0,0,9,Bot,,,,,,,4.805160754897043,-144.3503366295691,-7.832635546453895,-14.00062644011324,35.1520795915674,-19.405599702141917,3.23,1.5,,,,99.4,2352.0,6.5,746732,661388,641343,668930,687401,642715,592885,663368,686217,53.97,,,,,,,,82,6,Sinker,5,9,5,9,9,5,5,9,Standard,Standard,205.0,0.0,0.0,73.4,7.3,,,0.0,,-4,-4,0.051,0.051,24,27,24,28,1,4,4,2.0,5.0,1.0,1.53,0.92,0.92,45.7,15.409730921548508,-5.432205657907641,32.61531092849311,33.84866481832843,33.35931908645417
SI,2024-04-09,100.1,-1.16,6.07,"Uribe, Abner",663697,682842,,called_strike,,,,,12.0,,R,R,R,CIN,MIL,S,,,3,1,2024,-0.98,0.75,0.8692074654570933,2.4677070935459824,,,663886.0,0,9,Bot,,,,,,,7.929315981676848,-145.4292663067626,-6.342791968343219,-15.76315120645773,34.15114808348862,-20.217851105497573,3.1361505649102,1.38905541102944,,,,100.2,2327.0,6.5,746732,661388,641343,668930,687401,642715,592885,663368,686217,54.05,,,,,,,,82,5,Sinker,5,9,5,9,9,5,5,9,Standard,Standard,212.0,-0.012,-0.04,,,,,0.04,,-4,-4,0.063,0.063,24,27,24,28,1,4,4,2.0,5.0,1.0,1.53,0.98,0.98,41.3,,,,,
SI,2024-04-09,99.8,-1.05,6.14,"Uribe, Abner",663697,682842,,ball,,,,,14.0,,R,R,R,CIN,MIL,B,,,2,1,2024,-1.13,0.61,0.6444786794857755,1.3026725999322926,,,663886.0,0,9,Bot,,,,,,,7.317548269534154,-144.90131940165574,-9.33398065791908,-17.566240977178413,33.75594289652977,-21.62110276373848,3.29581749677528,1.5487478645852,,,,99.9,2311.0,6.5,746732,661388,641343,668930,687401,642715,592885,663368,686217,54.04,,,,,,,,82,4,Sinker,5,9,5,9,9,5,5,9,Standard,Standard,208.0,0.015,0.109,,,,,-0.109,,-4,-4,0.048,0.048,24,27,24,28,1,4,4,2.0,5.0,1.0,1.69,1.13,1.13,46.0,,,,,
SI,2024-04-09,99.7,-1.18,6.15,"Uribe, Abner",663697,682842,,ball,,,,,11.0,,R,R,R,CIN,MIL,B,,,1,1,2024,-1.18,0.51,-2.124352334630056,2.7395170298492197,,,663886.0,0,9,Bot,,,,,,,0.1788960694462252,-145.0922656985772,-5.166840966321818,-16.597821484882576,35.638555021384576,-23.937176682959933,3.24985354916546,1.47338396040221,,,,99.6,2273.0,6.4,746732,661388,641343,668930,687401,642715,592885,663368,686217,54.14,,,,,,,,82,3,Sinker,5,9,5,9,9,5,5,9,Standard,Standard,207.0,0.006,0.043,,,,,-0.043,,-4,-4,0.042,0.042,24,27,24,28,1,4,4,2.0,5.0,1.0,1.79,1.18,1.18,42.9,,,,,
SI,2024-04-09,99.6,-0.9,6.16,"Uribe, Abner",663697,682842,,ball,,,,,3.0,,R,R,R,CIN,MIL,B,,,0,1,2024,-0.84,0.65,0.7024904588498128,3.034683192063511,,,663886.0,0,9,Bot,,,,,,,6.3861569227206285,-144.89838890433714,-4.758062689161997,-13.276550386503075,31.39169280403889,-22.08211409578682,3.27855833553295,1.50220654970353,,,,100.2,2380.0,6.4,746732,661388,641343,668930,687401,642715,592885,663368,686217,54.05,,,,,,,,82,2,Sinker,5,9,5,9,9,5,5,9,Standard,Standard,202.0,0.003,0.034,,,,,-0.034,,-4,-4,0.039,0.039,24,27,24,28,1,4,4,2.0,5.0,1.0,1.63,0.84,0.84,41.1,,,,,
SL,2024-04-09,88.9,-1.25,6.2,"Uribe, Abner",663697,682842,,called_strike,,,,,2.0,,R,R,R,CIN,MIL,S,,,0,0,2024,0.97,0.48,-0.1794303892548374,3.363047726639824,,,663886.0,0,9,Bot,,,,,,,0.5929980201973333,-129.5710354658674,-1.981565899699639,10.831207182965478,25.15493601036872,-26.53759248993213,3.28071519067215,1.53357399789743,,,,89.5,2724.0,6.4,746732,661388,641343,668930,687401,642715,592885,663368,686217,54.08,,,,,,,,82,1,Slider,5,9,5,9,9,5,5,9,Standard,Standard,73.0,-0.004,-0.042,,,,,0.042,,-4,-4,0.043,0.043,24,27,24,28,1,4,4,2.0,5.0,1.0,2.38,-0.97,-0.97,46.1,,,,,
SI,2024-04-09,99.4,-1.15,6.07,"Uribe, Abner",663886,682842,single,hit_into_play,,,,,5.0,Tyler Stephenson singles on a sharp line drive to left fielder Christian Yelich.,R,R,R,CIN,MIL,X,7.0,line_drive,1,1,2024,-0.92,0.66,-0.2608728056522348,2.2544976210707386,,,,0,9,Bot,84.79,127.23,,,,,4.609908245760965,-144.59223339571125,-6.620316358370809,-14.01079239095548,32.74675420712526,-21.58773408678156,3.23,1.58,148.0,109.1,7.0,99.8,2338.0,6.5,746732,661388,641343,668930,687401,642715,592885,663368,686217,54.02,0.697,0.647,0.9,1.0,1.0,0.0,4.0,81,3,Sinker,5,9,5,9,9,5,5,9,Standard,Standard,213.0,0.025,0.46,75.2,7.6,,0.818,-0.46,109.1,-4,-4,0.018,0.018,24,27,24,28,1,3,4,1.0,5.0,3.0,1.64,0.92,0.92,41.9,15.27050214218939,2.822735217630841,36.95789493867297,37.24883297352106,30.469168527415093
SI,2024-04-09,99.8,-1.07,6.13,"Uribe, Abner",663886,682842,,ball,,,,,14.0,,R,R,R,CIN,MIL,B,,,0,1,2024,-1.07,0.58,1.1375207127234408,1.5484103729211418,,,,0,9,Bot,,,,,,,8.610848945153112,-144.99808072509225,-8.624828154143742,-16.997080316071543,31.8262494836301,-22.16545763473459,3.32748522279972,1.4942898507087,,,,100.3,2382.0,6.5,746732,661388,641343,668930,687401,642715,592885,663368,686217,53.97,,,,,,,,81,2,Sinker,5,9,5,9,9,5,5,9,Standard,Standard,210.0,0.001,0.025,,,,,-0.025,,-4,-4,0.017,0.017,24,27,24,28,1,3,4,1.0,5.0,3.0,1.7,1.07,1.07,41.5,,,,,
SI,2024-04-09,99.5,-1.12,6.14,"Uribe, Abner",663886,682842,,called_strike,,,,,9.0,,R,R,R,CIN,MIL,S,,,0,0,2024,-1.07,0.66,0.6539928014316694,1.828705184310558,,,,0,9,Bot,,,,,,,7.391215910925032,-144.6492516611533,-8.009594555976506,-16.732485791329623,32.74422934987977,-21.257843316681143,3.32706777423448,1.523934742529,,,,99.9,2362.0,6.5,746732,661388,641343,668930,687401,642715,592885,663368,686217,53.99,,,,,,,,81,1,Sinker,5,9,5,9,9,5,5,9,Standard,Standard,209.0,-0.002,-0.037,,,,,0.037,,-4,-4,0.019,0.019,24,27,24,28,1,3,4,1.0,5.0,3.0,1.64,1.07,1.07,43.0,,,,,
SI,2024-04-05,98.0,-1.33,6.07,"Uribe, Abner",571745,682842,field_out,hit_into_play,,,,,2.0,Mitch Haniger flies out to center fielder Sal Frelick.,R,R,R,MIL,SEA,X,8.0,fly_ball,2,1,2024,-1.17,0.6,-0.0528935346237591,2.9744519959877005,,649966.0,593871.0,2,9,Top,155.48,64.26,,,,,6.182405389678098,-142.56495824455442,-4.2880034190194944,-17.43714471894652,33.15929255926081,-23.144697868529487,3.28,1.55,342.0,89.3,32.0,98.2,2337.0,6.4,746007,661388,656555,668930,687401,642715,592885,686217,694192,54.08,0.047,0.066,0.0,1.0,0.0,0.0,3.0,74,4,Sinker,5,5,5,5,5,5,5,5,Standard,Standard,206.0,0.123,-0.305,71.9,6.9,,0.111,0.305,89.3,0,0,0.516,0.484,24,33,24,34,1,4,3,2.0,4.0,1.0,1.77,1.17,1.17,41.0,15.499669522455068,8.310858961450986,27.602186957557933,42.596515726142286,24.46667619591353
SI,2024-04-05,97.4,-1.31,6.08,"Uribe, Abner",571745,682842,,ball,,,,,11.0,,R,R,R,MIL,SEA,B,,,1,1,2024,-0.89,0.7,-0.1615398361583181,3.473697064506667,,649966.0,593871.0,2,9,Top,,,,,,,5.1388212050382105,-141.7745774020253,-3.092119375614041,-13.203231423250225,32.22425625225142,-22.22251282190709,3.35047064154421,1.56735015421955,,,,97.6,2440.0,6.4,746007,661388,656555,668930,687401,642715,592885,686217,694192,54.11,,,,,,,,74,3,Sinker,5,5,5,5,5,5,5,5,Standard,Standard,205.0,-0.012,0.042,,,,,-0.042,,0,0,0.528,0.472,24,33,24,34,1,4,3,2.0,4.0,1.0,1.7,0.89,0.89,42.3,,,,,
SI,2024-04-05,97.9,-1.25,5.99,"Uribe, Abner",571745,682842,,called_strike,,,,,8.0,,R,R,R,MIL,SEA,S,,,1,0,2024,-0.75,0.7,0.1630359612898662,1.8828451729373137,,649966.0,593871.0,2,9,Top,,,,,,,5.5796611977288,-142.47200993175665,-7.279546316513916,-11.475683704836774,31.05424281190194,-21.14175657460349,3.35867710292158,1.56745031689108,,,,98.5,2428.0,6.5,746007,661388,656555,668930,687401,642715,592885,686217,694192,53.99,,,,,,,,74,2,Sinker,5,5,5,5,5,5,5,5,Standard,Standard,206.0,0.012,-0.042,,,,,0.042,,0,0,0.516,0.484,24,33,24,34,1,4,3,2.0,4.0,1.0,1.66,0.75,0.75,41.8,,,,,
SL,2024-04-05,88.0,-1.22,6.04,"Uribe, Abner",571745,682842,,ball,,,,,13.0,,R,R,R,MIL,SEA,B,,,0,0,2024,1.12,0.37,-0.2943099217478592,1.341852453376096,,649966.0,593871.0,2,9,Top,,,,,,,-0.0816017686223514,-128.04345055166027,-6.062525649793964,12.301029900847553,26.766142806790764,-27.054286402670527,3.34596485053801,1.63854329646628,,,,88.2,2822.0,6.5,746007,661388,656555,668930,687401,642715,592885,686217,694192,54.02,,,,,,,,74,1,Slider,5,5,5,5,5,5,5,5,Standard,Standard,67.0,-0.006,0.026,,,,,-0.026,,0,0,0.522,0.478,24,33,24,34,1,4,3,2.0,4.0,1.0,2.58,-1.12,-1.12,46.0,,,,,
SL,2024-04-05,87.0,-1.18,6.03,"Uribe, Abner",593871,682842,,blocked_ball,,,,,14.0,,R,L,R,MIL,SEA,B,,,2,1,2024,0.84,0.26,0.6565597713240826,0.6774564970334174,,649966.0,,2,9,Top,,,,,,,2.7107257254016206,-126.5704175229354,-7.225677438091824,8.40720060080974,26.481056768134067,-28.066003714853892,3.29384556601881,1.61026184538762,,,,87.4,2714.0,6.6,746007,661388,656555,668930,687401,642715,592885,686217,694192,53.9,,,,,,,,73,4,Slider,5,5,5,5,5,5,5,5,Standard,Strategic,52.0,-0.003,0.045,,,,,-0.045,,0,0,0.532,0.468,24,30,24,31,1,4,3,2.0,4.0,1.0,2.76,-0.84,0.84,45.9,,,,,
SL,2024-04-05,88.1,-0.88,6.04,"Uribe, Abner",593871,682842,,blocked_ball,,,,,14.0,,R,L,R,MIL,SEA,B,,,1,1,2024,0.71,-0.01,0.8898319662713947,0.5339208288645381,,649966.0,,2,9,Top,,,,,,,2.821472722279045,-128.0294674481015,-7.218623327764688,7.124431492857227,29.18038839390733,-30.867367485621227,3.29446662872095,1.61220290448048,,,,88.2,2676.0,6.6,746007,661388,656555,668930,687401,642715,592885,686217,694192,53.85,,,,,,,,73,3,Slider,5,5,5,5,5,5,5,5,Standard,Strategic,67.0,-0.006,0.039,,,,,-0.039,,0,0,0.538,0.462,24,30,24,31,1,4,3,2.0,4.0,1.0,2.98,-0.71,0.71,48.5,,,,,
SI,2024-04-05,99.0,-1.18,5.94,"Uribe, Abner",593871,682842,,ball,,,,,14.0,,R,L,R,MIL,SEA,B,,,0,1,2024,-0.76,0.65,1.2214298387992852,1.3839810684185487,,649966.0,,2,9,Top,,,,,,,8.36704663035823,-143.76211229636576,-8.528186839788674,-12.515310732406578,33.64359309862863,-21.31988897905431,3.41930430353172,1.61082537020028,,,,99.2,2335.0,6.6,746007,661388,656555,668930,687401,642715,592885,686217,694192,53.94,,,,,,,,73,2,Sinker,5,5,5,5,5,5,5,5,Standard,Standard,208.0,-0.011,0.012,,,,,-0.012,,0,0,0.549,0.451,24,30,24,31,1,4,3,2.0,4.0,1.0,1.69,0.76,-0.76,41.1,,,,,
SL,2024-04-05,88.0,-1.13,6.0,"Uribe, Abner",593871,682842,,swinging_strike_blocked,,,,,14.0,,R,L,R,MIL,SEA,S,,,0,0,2024,0.92,0.17,0.4673478914059076,0.6639127685718873,,649966.0,,2,9,Top,,,,,,,1.9618906606301028,-128.03183392833776,-7.197817509059112,9.6883070989545,28.118037883913903,-28.967848815351203,3.35,1.62,,,,88.3,2687.0,6.6,746007,661388,656555,668930,687401,642715,592885,686217,694192,53.86,,,,,,,,73,1,Slider,5,5,5,5,5,5,5,5,Standard,Standard,66.0,0.016,-0.04,45.7,8.0,10.80069564,,0.04,,0,0,0.533,0.467,24,30,24,31,1,4,3,2.0,4.0,1.0,2.79,-0.92,0.92,46.0,28.571420373079285,-18.32443605321774,41.80365399307345,30.81649163556903,44.28118156912322
SI,2024-04-05,97.8,-1.04,6.05,"Uribe, Abner",677594,682842,field_out,hit_into_play,,,,,4.0,"Julio Rodríguez grounds out, shortstop Willy Adames to first baseman Rhys Hoskins. Samad Taylor scores.",R,R,R,MIL,SEA,X,6.0,ground_ball,0,0,2024,-0.72,0.91,-0.3150527275699711,2.441068603653977,669392.0,649966.0,,1,9,Top,103.55,150.9,,,,,3.6364286374352,-142.25190826887172,-6.3555017017288975,-10.564931336806527,32.90899323445429,-18.541844710576285,3.33,1.53,42.0,107.9,-1.0,98.2,2322.0,6.6,746007,661388,656555,668930,687401,642715,592885,686217,694192,53.92,0.497,0.46,0.0,1.0,0.0,0.0,4.0,72,1,Sinker,5,4,4,5,5,5,5,5,Standard,Standard,194.0,-0.015,-0.187,79.2,7.8,,0.536,0.187,107.9,1,-1,0.548,0.452,24,23,24,24,1,4,3,2.0,4.0,1.0,1.48,0.72,0.72,45.8,4.573684335098692,-7.915135415616024,34.232261694560385,34.69063714509636,33.6117878562303
SI,2024-04-05,98.6,-0.94,6.04,"Uribe, Abner",641487,682842,field_out,hit_into_play,,,,,5.0,J.P. Crawford grounds out softly to pitcher Abner Uribe.,R,L,R,MIL,SEA,X,1.0,ground_ball,0,0,2024,-1.14,0.45,0.0806396253940868,2.376211532378085,669392.0,649966.0,,0,9,Top,135.08,192.87,,,,,5.4367797166496725,-143.39949691814428,-5.527598541057282,-16.94570774861653,34.90727180376829,-24.89903335783297,3.16,1.48,2.0,57.7,-55.0,98.5,2246.0,6.4,746007,661388,656555,668930,687401,642715,592885,686217,694192,54.12,0.217,0.264,0.0,1.0,0.0,0.0,1.0,71,1,Sinker,5,4,4,5,4,5,4,5,Standard,Standard,201.0,0.152,-0.234,71.1,6.4,,0.217,0.234,88.0,1,-1,0.396,0.604,24,29,24,29,1,4,3,2.0,4.0,1.0,1.91,1.14,-1.14,41.7,-0.1662757922518187,13.009727290382594,36.273579487308176,36.4913831943269,31.46392839406719
SI,2024-04-05,98.5,-1.01,6.11,"Uribe, Abner",649966,682842,double,hit_into_play,,,,,3.0,Luis Urías hits a ground-rule double (2) on a line drive to right-center field. Dylan Moore scores. Samad Taylor to 3rd.,R,R,R,MIL,SEA,X,,line_drive,1,1,2024,-0.7,0.86,0.7433705246114398,2.9473786167810703,664238.0,,669392.0,0,9,Top,164.97,56.8,,,,,6.395381960111197,-143.23632865658504,-5.126591034135272,-11.1649105779388,33.5216929165006,-19.34188084197192,3.17,1.49,373.0,101.4,23.0,98.6,2343.0,6.4,746007,661388,656555,668930,687401,642715,592885,686217,694192,54.08,0.493,0.8460769230769233,1.25,1.0,1.0,1.0,6.0,70,3,Sinker,5,3,3,5,4,5,4,5,Standard,Standard,191.0,-0.314,0.702,66.2,7.2,,1.57,-0.702,101.4,2,-2,0.71,0.29,24,27,24,27,1,1,3,2.0,4.0,1.0,1.5,0.7,0.7,43.9,13.165050746206092,7.451741576512841,25.510596537090706,44.06202273498054,25.157745678062724
SI,2024-04-05,97.8,-1.18,6.03,"Uribe, Abner",649966,682842,,foul_tip,,,,,5.0,,R,R,R,MIL,SEA,S,,,1,0,2024,-0.56,0.86,0.1387744338672978,2.174202541548327,664238.0,,669392.0,0,9,Top,,,,,,,4.866162785500882,-142.2141853390759,-6.915156057686008,-8.76315759497501,32.63564007234266,-19.05308126098073,3.17,1.49,,,,98.2,2328.0,6.6,746007,661388,656555,668930,687401,642715,592885,686217,694192,53.93,,,,,,,,70,2,Sinker,5,3,3,5,3,5,3,5,Standard,Standard,207.0,0.02,-0.043,70.1,7.6,,,0.043,,2,-2,0.69,0.31,24,27,24,27,1,1,3,2.0,4.0,1.0,1.52,0.56,0.56,42.5,14.093243516021849,-3.958869897134632,33.0661178583672,38.00541237445893,29.26035729737525
SI,2024-04-05,99.2,-1.1,6.09,"Uribe, Abner",649966,682842,,ball,,,,,2.0,,R,R,R,MIL,SEA,B,,,0,0,2024,-0.89,0.92,0.1000454160643364,3.361496514166777,664238.0,,669392.0,0,9,Top,,,,,,,5.398380499259561,-144.34677782968254,-4.22200890796876,-13.659452496006017,34.326123924014965,-18.48885875508633,3.26599416929018,1.50823991841341,,,,99.7,2335.0,6.6,746007,661388,656555,668930,687401,642715,592885,686217,694192,53.91,,,,,,,,70,1,Sinker,5,3,3,5,3,5,3,5,Standard,Standard,193.0,-0.014,0.021,,,,,-0.021,,2,-2,0.704,0.296,24,27,24,27,1,1,3,2.0,4.0,1.0,1.4,0.89,0.89,49.5,,,,,
SL,2024-04-05,88.9,-1.12,6.04,"Uribe, Abner",669392,682842,single,hit_into_play,,,,,14.0,Samad Taylor singles on a sharp ground ball to center fielder Sal Frelick. Dylan Moore to 3rd.,R,R,R,MIL,SEA,X,8.0,ground_ball,2,2,2024,0.86,0.45,1.3042458204637577,1.850396233681654,,,664238.0,0,9,Top,120.3,100.03,,,,,4.172381248186387,-129.3578616434643,-5.120154561346532,8.61009147319902,29.80998999215415,-26.26277241926219,3.25,1.48,81.0,82.2,7.0,89.1,2618.0,6.6,746007,661388,656555,668930,687401,642715,592885,686217,694192,53.87,0.361,0.336,0.9,1.0,1.0,0.0,4.0,69,5,Slider,5,3,3,5,3,5,3,5,Standard,Standard,65.0,-0.15,0.462,58.2,7.5,,0.41,-0.462,88.0,2,-2,0.854,0.146,24,25,24,26,1,1,3,,4.0,1.0,2.46,-0.86,-0.86,44.7,19.195506178726014,4.326441909302404,34.543821351536,46.02426301938125,39.943925474607454
SI,2024-04-05,97.8,-1.15,6.09,"Uribe, Abner",669392,682842,,swinging_strike,,,,,4.0,,R,R,R,MIL,SEA,S,,,2,1,2024,-1.24,0.52,-0.6644535661075297,2.264023479671704,,,664238.0,0,9,Top,,,,,,,4.204048282211982,-142.1586833838366,-5.960736513586656,-17.702662197843658,37.95546158798912,-23.83523177020236,3.25,1.48,,,,97.6,2239.0,6.6,746007,661388,656555,668930,687401,642715,592885,686217,694192,53.9,,,,,,,,69,4,Sinker,5,3,3,5,3,5,3,5,Standard,Standard,199.0,0.022,-0.048,68.1,7.2,0.929902524,,0.048,,2,-2,0.832,0.168,24,25,24,26,1,1,3,,4.0,1.0,1.9,1.24,1.24,45.5,24.888947695106875,-7.215569619643647,36.66926137961284,25.05418414842452,35.77250153041662
SL,2024-04-05,87.7,-1.4,6.07,"Uribe, Abner",669392,682842,,ball,,,,,14.0,,R,R,R,MIL,SEA,B,,,1,1,2024,0.35,0.25,0.5920915863078756,0.7417629415010611,,,664238.0,0,9,Top,,,,,,,4.09879032851348,-127.39581954739818,-7.1755634900722445,2.772042945853065,30.4170429888964,-27.98803089439769,3.75540826596936,1.63641024054717,,,,87.5,2549.0,6.6,746007,661388,656555,668930,687401,642715,592885,686217,694192,53.89,,,,,,,,69,3,Slider,5,3,3,5,3,5,3,5,Standard,Standard,73.0,-0.015,0.043,,,,,-0.043,,2,-2,0.847,0.153,24,25,24,26,1,1,3,,4.0,1.0,2.76,-0.35,-0.35,45.4,,,,,
SL,2024-04-05,88.4,-0.97,6.08,"Uribe, Abner",669392,682842,,swinging_strike,,,,,14.0,,R,R,R,MIL,SEA,S,,,1,0,2024,0.54,0.25,1.3823166778091671,1.4976606044644774,,,664238.0,0,9,Top,,,,,,,4.625006020522255,-128.49676897477343,-5.535941316037154,4.805712633802356,30.79728716356509,-28.34039540659856,3.25,1.48,,,,88.2,2771.0,6.6,746007,661388,656555,668930,687401,642715,592885,686217,694192,53.93,,,,,,,,69,2,Slider,5,3,3,5,3,5,3,5,Standard,Standard,69.0,0.015,-0.049,,,,,0.049,,2,-2,0.832,0.168,24,25,24,26,1,1,3,,4.0,1.0,2.71,-0.54,-0.54,47.7,,,,,
SI,2024-04-05,99.7,-1.02,6.08,"Uribe, Abner",669392,682842,,ball,,,,,14.0,,R,R,R,MIL,SEA,B,,,0,0,2024,-1.39,0.73,0.7006122098669756,0.7715429304092676,,,664238.0,0,9,Top,,,,,,,7.990824580384657,-144.57112474192877,-10.819199350712346,-21.389361031190397,37.31430696004029,-19.416502757815337,3.32519085169715,1.49603159753126,,,,99.3,2415.0,6.5,746007,661388,656555,668930,687401,642715,592885,686217,694192,54.02,,,,,,,,69,1,Sinker,5,3,3,5,3,5,3,5,Strategic,Standard,215.0,-0.012,0.041,,,,,-0.041,,2,-2,0.844,0.156,24,25,24,26,1,1,3,,4.0,1.0,1.6,1.39,1.39,43.5,,,,,
SI,2024-04-05,98.7,-0.99,6.08,"Uribe, Abner",664238,682842,single,hit_into_play,,,,,6.0,Dylan Moore singles on a sharp line drive to center fielder Sal Frelick.,R,R,R,MIL,SEA,X,8.0,line_drive,2,2,2024,-1.19,0.71,0.359257609315857,2.335304355691358,,,,0,9,Top,137.29,89.18,,,,,6.467693798929356,-143.50064409722177,-6.3686325856420005,-17.98416039941846,36.27292220700279,-21.078621317145355,3.45,1.61,212.0,100.5,11.0,98.7,2305.0,6.5,746007,661388,656555,668930,687401,642715,592885,686217,694192,53.97,0.905,0.883,0.9,1.0,1.0,0.0,4.0,68,7,Sinker,5,3,3,5,3,5,3,5,Standard,Standard,204.0,-0.086,0.476,75.1,7.0,,1.113,-0.476,100.5,2,-2,0.93,0.07,24,31,24,32,1,1,3,2.0,4.0,1.0,1.66,1.19,1.19,45.5,4.862169976074847,11.703945993918646,34.27696037140668,40.64447747977843,23.03865504702991
SL,2024-04-05,88.0,-0.86,6.14,"Uribe, Abner",664238,682842,,foul,,,,,9.0,,R,R,R,MIL,SEA,S,,,2,2,2024,1.07,0.24,0.604734798710696,1.9568487552658584,,,,0,9,Top,,,,,,,1.3257298422726476,-128.21362526502438,-4.555906173171489,11.555915907299395,26.96349086994462,-28.73569725648385,3.45,1.61,4.0,81.8,-26.0,88.1,2839.0,6.3,746007,661388,656555,668930,687401,642715,592885,686217,694192,54.21,,,,,,,,68,6,Slider,5,3,3,5,3,5,3,5,Standard,Standard,23.0,0.0,0.0,69.1,7.6,,,0.0,88.0,2,-2,0.93,0.07,24,31,24,32,1,1,3,2.0,4.0,1.0,2.7,-1.07,-1.07,46.2,13.188049134753824,-16.42671386367116,31.499784901140856,44.08533375456716,37.46786741614185
SI,2024-04-05,99.3,-0.97,6.11,"Uribe, Abner",664238,682842,,ball,,,,,14.0,,R,R,R,MIL,SEA,B,,,1,2,2024,-0.64,0.75,2.571498227068509,2.5151160363012464,,,,0,9,Top,,,,,,,11.208229642945993,-144.08758298947177,-6.192810874144112,-11.459441632804973,32.02430956884653,-20.412946367992976,3.63533982968834,1.62127436602855,,,,99.7,2293.0,6.5,746007,661388,656555,668930,687401,642715,592885,686217,694192,53.96,,,,,,,,68,5,Sinker,5,3,3,5,3,5,3,5,Standard,Standard,199.0,-0.006,0.04,,,,,-0.04,,2,-2,0.936,0.064,24,31,24,32,1,1,3,2.0,4.0,1.0,1.57,0.64,0.64,45.0,,,,,
SI,2024-04-05,97.6,-0.88,6.06,"Uribe, Abner",664238,682842,,ball,,,,,12.0,,R,R,R,MIL,SEA,B,,,0,2,2024,-0.94,0.63,0.0039771961212549,3.630951957048597,,,,0,9,Top,,,,,,,4.574251170150723,-142.1292539088634,-2.4925755122186963,-13.852352556764236,33.03546945890262,-23.26644810333696,3.50244467867336,1.62228572005499,,,,98.0,2254.0,6.5,746007,661388,656555,668930,687401,642715,592885,686217,694192,53.99,,,,,,,,68,4,Sinker,5,3,3,5,3,5,3,5,Standard,Standard,201.0,-0.004,0.023,,,,,-0.023,,2,-2,0.94,0.06,24,31,24,32,1,1,3,2.0,4.0,1.0,1.76,0.94,0.94,44.2,,,,,
SL,2024-04-05,86.5,-1.05,6.18,"Uribe, Abner",664238,682842,,foul,,,,,5.0,,R,R,R,MIL,SEA,S,,,0,2,2024,1.38,0.07,0.105604753578586,2.6021941237812776,,,,0,9,Top,,,,,,,-0.0627518098192947,-125.91332794105172,-2.4533214444818343,14.684804389081672,26.92173322680083,-31.10224282926127,3.45,1.61,,,,86.4,2768.0,6.3,746007,661388,656555,668930,687401,642715,592885,686217,694192,54.16,,,,,,,,68,3,Slider,5,3,3,5,3,5,3,5,Standard,Standard,74.0,0.0,0.0,64.7,6.9,,,0.0,,2,-2,0.94,0.06,24,31,24,32,1,1,3,2.0,4.0,1.0,2.98,-1.38,-1.38,47.8,7.227444592178904,-8.268987464104834,33.17521417929543,38.32698680828943,31.51071703140272
SL,2024-04-05,86.9,-1.26,6.09,"Uribe, Abner",664238,682842,,called_strike,,,,,8.0,,R,R,R,MIL,SEA,S,,,0,1,2024,1.27,0.17,0.1914179987521176,1.643686552337868,,,,0,9,Top,,,,,,,0.8608254985169321,-126.58455875989978,-4.790985152007206,13.4327940542836,27.132363215774078,-29.603565624764297,3.58269942640049,1.61843069741365,,,,86.9,2951.0,6.3,746007,661388,656555,668930,687401,642715,592885,686217,694192,54.17,,,,,,,,68,2,Slider,5,3,3,5,3,5,3,5,Standard,Standard,73.0,0.01,-0.054,,,,,0.054,,2,-2,0.93,0.07,24,31,24,32,1,1,3,2.0,4.0,1.0,2.86,-1.27,-1.27,45.6,,,,,
FF,2024-04-05,99.2,-1.27,6.07,"Uribe, Abner",664238,682842,,called_strike,,,,,9.0,,R,R,R,MIL,SEA,S,,,0,0,2024,-1.12,0.55,0.590902405749554,1.673706967717213,,,,0,9,Top,,,,,,,7.706233644776197,-144.07335067183712,-7.859941515693145,-17.47737812370891,34.66745310042639,-22.80732407740228,3.60003007553607,1.61190157635571,,,,98.9,2484.0,6.3,746007,661388,656555,668930,687401,642715,592885,686217,694192,54.18,,,,,,,,68,1,4-Seam Fastball,5,3,3,5,3,5,3,5,Standard,Standard,311.0,0.006,-0.037,,,,,0.037,,2,-2,0.924,0.076,24,31,24,32,1,1,3,2.0,4.0,1.0,1.78,1.12,1.12,43.3,,,,,
,2024-04-05,,,,"Uribe, Abner",593871,682842,intent_walk,automatic_ball,,,,,,Abner Uribe intentionally walks Jorge Polanco.,R,L,R,MIL,SEA,B,,,3,1,2024,,,,,,649966.0,,2,9,Top,,,,,,,,,,,,,,,,,,,,,746007,661388,656555,668930,687401,642715,592885,686217,694192,,,,0.4,,0.0,0.0,,73,5,,5,5,5,5,5,5,5,5,,,,-0.007,,,,,,,,0,0,0.529,0.471,24,30,24,31,1,4,3,2.0,4.0,1.0,,,,,,,,,
SI,2024-04-02,99.2,-1.44,5.89,"Uribe, Abner",467793,682842,field_out,hit_into_play,,,,,4.0,"Carlos Santana grounds out, second baseman Brice Turang to first baseman Jake Bauers.",R,L,R,MIL,MIN,X,4.0,ground_ball,0,0,2024,-1.24,0.41,-0.3996651889749629,2.563464803709059,,,,2,9,Top,147.2,165.14,,,,,5.767173818737773,-144.37076411079212,-4.656958028824089,-18.654339711420004,34.53229643456795,-25.5107839100764,3.34,1.55,2.0,73.0,-50.0,99.4,2362.0,6.4,746009,661388,641343,668930,686554,642715,592885,686217,694192,54.06,0.227,0.204,0.0,1.0,0.0,0.0,2.0,70,1,Sinker,3,2,2,3,2,3,2,3,Standard,Strategic,208.0,0.037,-0.256,,,,0.227,0.256,88.0,1,-1,0.963,0.037,24,38,24,38,1,3,3,2.0,3.0,1.0,1.91,1.24,-1.24,37.4,,,,,
SI,2024-04-02,98.9,-1.21,6.0,"Uribe, Abner",622534,682842,grounded_into_double_play,hit_into_play,,,,,4.0,"Manuel Margot grounds into a double play, first baseman Jake Bauers to shortstop Willy Adames to pitcher Abner Uribe. Austin Martin out at 2nd. Manuel Margot out at 1st.",R,R,R,MIL,MIN,X,3.0,ground_ball,0,1,2024,-1.03,0.84,-0.5038599388512502,2.8258620248315123,,,668885.0,0,9,Top,146.0,176.29,,,,,4.336480937700231,-143.894556367045,-5.158496944842159,-15.297528719124305,34.72178565883423,-19.5622628122806,3.4,1.62,56.0,47.1,8.0,99.1,2379.0,6.5,746009,661388,641343,668930,686554,642715,592885,686217,694192,54.01,0.134,0.145,0.0,1.0,0.0,0.0,1.0,69,2,Sinker,3,2,2,3,2,3,2,3,Standard,Standard,204.0,0.229,-0.31,,,,0.178,0.31,88.0,1,-1,0.734,0.266,24,29,24,30,1,1,3,2.0,3.0,1.0,1.5,1.03,1.03,39.5,,,,,
SI,2024-04-02,100.3,-1.07,5.98,"Uribe, Abner",622534,682842,,called_strike,,,,,6.0,,R,R,R,MIL,MIN,S,,,0,0,2024,-1.23,0.75,0.5130246619397918,2.681488919858104,,,668885.0,0,9,Top,,,,,,,7.307501263384247,-145.82693479190405,-5.52826118684225,-19.25279459504969,36.52667001340099,-20.328040921313523,3.51327549978566,1.74083137277133,,,,100.3,2456.0,6.5,746009,661388,641343,668930,686554,642715,592885,686217,694192,54.01,,,,,,,,69,1,Sinker,3,2,2,3,2,3,2,3,Standard,Standard,207.0,0.016,-0.042,,,,,0.042,,1,-1,0.718,0.282,24,29,24,30,1,1,3,2.0,3.0,1.0,1.53,1.23,1.23,40.9,,,,,
SI,2024-04-02,99.4,-1.39,5.99,"Uribe, Abner",621043,682842,walk,ball,,,,,14.0,Carlos Correa walks.,R,R,R,MIL,MIN,B,,,3,1,2024,-0.84,0.79,1.3060812499570815,2.4291778707771483,,,,0,9,Top,,,,,,,9.390333946264724,-144.3656118980052,-6.215111095070592,-13.997125767313046,34.12884187963691,-19.776008971424723,3.57116365805289,1.73494820116832,,,,99.6,2452.0,6.5,746009,661388,641343,668930,686554,642715,592885,686217,694192,53.97,,0.689131,0.7,1.0,0.0,0.0,,68,5,Sinker,3,2,2,3,2,3,2,3,Standard,Standard,205.0,-0.07,0.287,,,,,-0.287,,1,-1,0.788,0.212,24,29,24,30,1,3,3,2.0,3.0,1.0,1.53,0.84,0.84,41.2,,,,,
SI,2024-04-02,100.1,-1.12,5.97,"Uribe, Abner",621043,682842,,ball,,,,,14.0,,R,R,R,MIL,MIN,B,,,2,1,2024,-1.05,0.81,0.5428691072660421,1.451433280435241,,,,0,9,Top,,,,,,,7.095396637204262,-145.31500555449475,-9.004948008312013,-16.610983764997453,35.614132065467594,-18.69289576399817,3.61492015671196,1.82363671325058,,,,100.2,2340.0,6.6,746009,661388,641343,668930,686554,642715,592885,686217,694192,53.94,,,,,,,,68,4,Sinker,3,2,2,3,2,3,2,3,Standard,Strategic,204.0,-0.035,0.122,,,,,-0.122,,1,-1,0.823,0.177,24,29,24,30,1,3,3,2.0,3.0,1.0,1.48,1.05,1.05,40.1,,,,,
SI,2024-04-02,99.5,-1.34,5.96,"Uribe, Abner",621043,682842,,called_strike,,,,,7.0,,R,R,R,MIL,MIN,S,,,2,0,2024,-1.02,0.88,-0.4032551646683115,1.8775546051033556,,,,0,9,Top,,,,,,,4.987587748072489,-144.61300796587847,-7.856456515730426,-15.513257569039984,34.55573219434644,-18.20088957765705,3.59154133277715,1.7874718777465,,,,99.5,2395.0,6.4,746009,661388,641343,668930,686554,642715,592885,686217,694192,54.06,,,,,,,,68,3,Sinker,3,2,2,3,2,3,2,3,Standard,Strategic,208.0,0.023,-0.065,,,,,0.065,,1,-1,0.8,0.2,24,29,24,30,1,3,3,2.0,3.0,1.0,1.44,1.02,1.02,38.2,,,,,
SI,2024-04-02,100.7,-1.3,6.02,"Uribe, Abner",621043,682842,,ball,,,,,3.0,,R,R,R,MIL,MIN,B,,,1,0,2024,-0.99,0.93,0.6111911565038436,3.5415083113104147,,,,0,9,Top,,,,,,,7.657286723480639,-146.5071866828707,-3.759650689647704,-16.078471108860263,35.31499600086271,-18.057723347394923,3.45491253859579,1.71422496333261,,,,100.7,2421.0,6.4,746009,661388,641343,668930,686554,642715,592885,686217,694192,54.14,,,,,,,,68,2,Sinker,3,2,2,3,2,3,2,3,Standard,Strategic,204.0,-0.023,0.069,,,,,-0.069,,1,-1,0.823,0.177,24,29,24,30,1,3,3,2.0,3.0,1.0,1.32,0.99,0.99,42.0,,,,,
SL,2024-04-02,87.5,-1.61,6.12,"Uribe, Abner",621043,682842,,ball,,,,,11.0,,R,R,R,MIL,MIN,B,,,0,0,2024,1.23,0.37,-0.8862470615491664,3.5639933519307125,,,,0,9,Top,,,,,,,-0.7940351217655255,-127.45679530751389,-0.7855545884721664,13.510930148231123,26.989174623344148,-28.24592969694717,3.61414060465987,1.73687582781473,,,,87.3,2782.0,6.2,746009,661388,641343,668930,686554,642715,592885,686217,694192,54.34,,,,,,,,68,1,Slider,3,2,2,3,2,3,2,3,Standard,Strategic,58.0,-0.012,0.038,,,,,-0.038,,1,-1,0.835,0.165,24,29,24,30,1,3,3,2.0,3.0,1.0,2.61,-1.23,-1.23,40.9,,,,,
