pitch_type,game_date,release_speed,release_pos_x,release_pos_z,player_name,batter,pitcher,events,description,spin_dir,spin_rate_deprecated,break_angle_deprecated,break_length_deprecated,zone,des,game_type,stand,p_throws,home_team,away_team,type,hit_location,bb_type,balls,strikes,game_year,pfx_x,pfx_z,plate_x,plate_z,on_3b,on_2b,on_1b,outs_when_up,inning,inning_topbot,hc_x,hc_y,tfs_deprecated,tfs_zulu_deprecated,umpire,sv_id,vx0,vy0,vz0,ax,ay,az,sz_top,sz_bot,hit_distance_sc,launch_speed,launch_angle,effective_speed,release_spin_rate,release_extension,game_pk,fielder_2,fielder_3,fielder_4,fielder_5,fielder_6,fielder_7,fielder_8,fielder_9,release_pos_y,estimated_ba_using_speedangle,estimated_woba_using_speedangle,woba_value,woba_denom,babip_value,iso_value,launch_speed_angle,at_bat_number,pitch_number,pitch_name,home_score,away_score,bat_score,fld_score,post_away_score,post_home_score,post_bat_score,post_fld_score,if_fielding_alignment,of_fielding_alignment,spin_axis,delta_home_win_exp,delta_run_exp,bat_speed,swing_length,miss_distance,estimated_slg_using_speedangle,delta_pitcher_run_exp,hyper_speed,home_score_diff,bat_score_diff,home_win_exp,bat_win_exp,age_pit_legacy,age_bat_legacy,age_pit,age_bat,n_thruorder_pitcher,n_priorpa_thisgame_player_at_bat,pitcher_days_since_prev_game,batter_days_since_prev_game,pitcher_days_until_next_game,batter_days_until_next_game,api_break_z_with_gravity,api_break_x_arm,api_break_x_batter_in,arm_angle,attack_angle,attack_direction,swing_path_tilt,intercept_ball_minus_batter_pos_x_inches,intercept_ball_minus_batter_pos_y_inches,player_type
KC,2024-09-01,83.1,-2.3,5.79,"Cobb, Alex",668804,502171,single,hit_into_play,,,,,3,Bryan Reynolds singles on a sharp line drive to center fielder Lane Thomas. Isiah Kiner-Falefa to 2nd.,R,L,R,CLE,PIT,X,8.0,line_drive,0,0,2024,0.72,-1.07,0.3193959816793282,2.646175216481017,,,643396.0,0,7,Top,153.99,76.66,,,,,4.524640894858682,-120.90059244526896,1.3669807630307074,6.161395184052297,24.48286840785794,-43.17489564521612,3.06,1.49,264.0,101.3,17.0,82.1,2868,5.7,746592,595978,647304,665926,608070,677587,680757,657041,678877,54.8,0.484,0.537,0.9,1.0,1.0,0.0,4.0,48,1,Knuckle Curve,4,0,0,4,0,4,0,4,Standard,Standard,37,-0.052,0.449,73.1,6.4,,0.778,-0.449,101.3,4,-4,0.912,0.088,36,29,37,29,3,2,18.0,1,38,1,4.39,-0.72,0.72,44.2,12.559718411140231,10.402516435318365,37.357894202241134,34.453630984001066,27.53229876154348,pitcher
FS,2024-09-01,90.4,-2.23,5.39,"Cobb, Alex",643396,502171,single,hit_into_play,,,,,9,"Isiah Kiner-Falefa singles on a sharp ground ball to catcher Austin Hedges, deflected by pitcher Alex Cobb.",R,R,R,CLE,PIT,X,1.0,ground_ball,1,2,2024,-0.82,-0.29,0.3687527514937173,1.5382373481123603,,,,0,7,Top,125.83,182.67,,,,,8.186799671108595,-131.39569304751058,-2.947065041913308,-11.348586490892895,30.82564369498408,-35.017270531121845,3.25,1.47,23.0,101.9,-3.0,89.5,1703,6.1,746592,595978,647304,665926,608070,677587,680757,657041,678877,54.45,0.42,0.378,0.9,1.0,1.0,0.0,2.0,47,4,Split-Finger,4,0,0,4,0,4,0,4,Standard,Standard,241,-0.034,0.516,67.0,7.3,,0.499,-0.516,101.9,4,-4,0.946,0.054,36,29,37,29,3,2,18.0,1,38,1,3.11,0.82,0.82,34.4,5.043373940598889,9.244621255765033,38.13584863485236,38.64537516641096,27.84191521733028,pitcher
KC,2024-09-01,84.7,-2.12,5.63,"Cobb, Alex",643396,502171,,swinging_strike,,,,,14,,R,R,R,CLE,PIT,S,,,1,1,2024,0.66,-1.08,0.3405690201953959,1.3137583276063016,,,,0,7,Top,,,,,,,4.373205341407845,-123.3380362407317,-1.5811008370753568,5.880341734209274,24.30145403662299,-43.14690095768714,3.25,1.47,,,,83.8,2890,5.6,746592,595978,647304,665926,608070,677587,680757,657041,678877,54.86,,,,,,,,47,3,Knuckle Curve,4,0,0,4,0,4,0,4,Standard,Standard,44,0.004,-0.056,38.4,6.2,0.704767476,,0.056,,4,-4,0.942,0.058,36,29,37,29,3,2,18.0,1,38,1,4.25,-0.66,-0.66,41.0,-26.010130921348367,19.995745498226874,35.266579654462234,38.637905596259046,16.498421177447348,pitcher
SI,2024-09-01,94.7,-2.21,5.58,"Cobb, Alex",643396,502171,,called_strike,,,,,5,,R,R,R,CLE,PIT,S,,,1,0,2024,-1.34,0.23,0.1887546432541096,2.497258693187394,,,,0,7,Top,,,,,,,9.186148563268924,-137.6636968766791,-2.90402198901612,-19.01350276567908,27.88997263118738,-28.873806071665783,3.25000065409751,1.48969934151778,,,,94.5,1967,6.0,746592,595978,647304,665926,608070,677587,680757,657041,678877,54.46,,,,,,,,47,2,Sinker,4,0,0,4,0,4,0,4,Standard,Standard,233,0.004,-0.049,,,,,0.049,,4,-4,0.938,0.062,36,29,37,29,3,2,18.0,1,38,1,2.3,1.34,1.34,39.2,,,,,,pitcher
FS,2024-09-01,89.6,-2.3,5.48,"Cobb, Alex",643396,502171,,ball,,,,,13,,R,R,R,CLE,PIT,B,,,0,0,2024,-1.21,-0.18,-0.2369721528284616,1.0140164069915103,,,,0,7,Top,,,,,,,7.6184995675119955,-130.31737942338614,-4.660837998014459,-15.346220883689892,26.887060460478903,-33.427749210722844,3.20474855160646,1.41232809190625,,,,89.5,1662,6.2,746592,595978,647304,665926,608070,677587,680757,657041,678877,54.28,,,,,,,,47,1,Split-Finger,4,0,0,4,0,4,0,4,Standard,Standard,245,-0.003,0.038,,,,,-0.038,,4,-4,0.941,0.059,36,29,37,29,3,2,18.0,1,38,1,3.02,1.21,1.21,34.9,,,,,,pitcher
SI,2024-09-01,94.9,-2.17,5.45,"Cobb, Alex",680779,502171,field_out,hit_into_play,,,,,5,Henry Davis lines out to center fielder Lane Thomas.,R,R,R,CLE,PIT,X,8.0,line_drive,0,0,2024,-1.53,0.14,0.120972119333756,2.266268774182607,,,,2,6,Top,143.9,62.59,,,,,9.371410605067094,-137.82726268931816,-2.885898238906505,-21.68573663494176,33.59983683337768,-29.91639995246488,3.29,1.61,342.0,98.1,22.0,93.9,2103,6.0,746592,595978,647304,665926,608070,677587,680757,657041,678877,54.46,0.295,0.489,0.0,1.0,0.0,0.0,5.0,41,1,Sinker,3,0,0,3,0,3,0,3,Standard,Standard,232,0.009,-0.256,76.0,7.2,,0.895,0.256,98.1,3,-3,0.902,0.098,36,24,37,25,2,1,18.0,1,38,1,2.42,1.53,1.53,36.2,4.368533241316779,2.8900536309982345,30.96811388464163,38.7999848714186,25.088126992218584,pitcher
FS,2024-09-01,90.3,-2.39,5.32,"Cobb, Alex",572191,502171,strikeout,called_strike,,,,,7,Michael A. Taylor called out on strikes.,R,R,R,CLE,PIT,S,2.0,,0,2,2024,-0.44,-0.03,-0.4521109174436871,1.577276232058427,,,,1,6,Top,,,,,,,5.7023670794458186,-131.35889684474452,-3.2822697613808414,-6.26123891908301,27.950510410948663,-32.06602186837648,3.44334994909146,1.62834462906451,,,,89.7,1543,6.0,746592,595978,647304,665926,608070,677587,680757,657041,678877,54.53,,0.0,0.0,1.0,0.0,0.0,,40,3,Split-Finger,3,0,0,3,0,3,0,3,Standard,Standard,241,0.009,-0.162,,,,,0.162,,3,-3,0.893,0.107,36,33,37,33,2,1,18.0,4,38,3,2.83,0.44,0.44,33.2,,,,,,pitcher
FS,2024-09-01,89.3,-2.44,5.39,"Cobb, Alex",572191,502171,,swinging_strike,,,,,14,,R,R,R,CLE,PIT,S,,,0,1,2024,-0.6,-0.36,0.3379270877145595,1.179186446741546,,,,1,6,Top,,,,,,,8.058310825270336,-129.7867567486295,-3.549726117023892,-8.522736338739636,27.863273084609425,-35.65093128195446,3.53,1.62,,,,88.7,1663,6.0,746592,595978,647304,665926,608070,677587,680757,657041,678877,54.49,,,,,,,,40,2,Split-Finger,3,0,0,3,0,3,0,3,Standard,Standard,245,0.004,-0.057,77.0,8.2,1.800578244,,0.057,,3,-3,0.889,0.111,36,33,37,33,2,1,18.0,4,38,3,3.23,0.6,0.6,33.0,21.109197719806083,-8.600966816188631,32.795471635262786,43.808252287020295,40.49183135465928,pitcher
KC,2024-09-01,84.3,-2.12,5.64,"Cobb, Alex",572191,502171,,called_strike,,,,,5,,R,R,R,CLE,PIT,S,,,0,0,2024,0.87,-1.28,-0.2447827261458426,2.336602075120393,,,,1,6,Top,,,,,,,2.6006548479547837,-122.70486370698195,1.241435287792052,8.191118068467858,26.289794244143213,-45.49184601684914,3.45110999616028,1.58979304849269,,,,83.1,2824,5.7,746592,595978,647304,665926,608070,677587,680757,657041,678877,54.83,,,,,,,,40,1,Knuckle Curve,3,0,0,3,0,3,0,3,Standard,Standard,44,0.002,-0.037,,,,,0.037,,3,-3,0.887,0.113,36,33,37,33,2,1,18.0,4,38,3,4.5,-0.87,-0.87,40.6,,,,,,pitcher
FS,2024-09-01,89.9,-2.2,5.48,"Cobb, Alex",669707,502171,strikeout,called_strike,,,,,4,Jared Triolo called out on strikes.,R,R,R,CLE,PIT,S,2.0,,1,2,2024,-0.86,-0.26,-0.6902907002557628,2.302007978854818,,,,0,6,Top,,,,,,,5.525446107616717,-130.77331903962212,-1.2895653786082832,-11.078301104503105,29.489087859574845,-35.0880298029027,3.48896291532014,1.64092414166942,,,,88.9,1433,5.8,746592,595978,647304,665926,608070,677587,680757,657041,678877,54.66,,0.0,0.0,1.0,0.0,0.0,,39,4,Split-Finger,3,0,0,3,0,3,0,3,Standard,Standard,242,0.017,-0.186,,,,,0.186,,3,-3,0.87,0.13,36,26,37,26,2,1,18.0,1,38,1,3.1,0.86,0.86,33.3,,,,,,pitcher
FS,2024-09-01,90.7,-2.25,5.4,"Cobb, Alex",669707,502171,,ball,,,,,14,,R,R,R,CLE,PIT,B,,,0,2,2024,-1.04,-0.24,0.6041241731411295,0.0586791520565919,,,,0,6,Top,,,,,,,9.290259047795278,-131.7495299804554,-6.904879686870484,-14.03230163010894,26.92115649252088,-33.67655048909061,3.54999902699524,1.64571160785931,,,,90.4,1753,6.1,746592,595978,647304,665926,608070,677587,680757,657041,678877,54.41,,,,,,,,39,3,Split-Finger,3,0,0,3,0,3,0,3,Standard,Standard,242,-0.003,0.023,,,,,-0.023,,3,-3,0.873,0.127,36,26,37,26,2,1,18.0,1,38,1,3.01,1.04,1.04,35.1,,,,,,pitcher
FS,2024-09-01,90.3,-2.18,5.51,"Cobb, Alex",669707,502171,,swinging_strike,,,,,13,,R,R,R,CLE,PIT,S,,,0,1,2024,-0.7,-0.07,-0.1875837397867766,0.8579540363452267,,,,0,6,Top,,,,,,,6.403271228778145,-131.3994932889821,-5.500255605787013,-9.43572016133877,26.12328329738683,-32.04470882242732,3.55,1.65,,,,90.1,1657,6.0,746592,595978,647304,665926,608070,677587,680757,657041,678877,54.5,,,,,,,,39,2,Split-Finger,3,0,0,3,0,3,0,3,Standard,Standard,242,0.006,-0.054,71.4,8.7,1.890285852,,0.054,,3,-3,0.867,0.133,36,26,37,26,2,1,18.0,1,38,1,2.85,0.7,0.7,35.3,21.225761468226537,-16.56440031837735,49.45839802221254,30.64678381536958,37.945584527165146,pitcher
SI,2024-09-01,94.9,-2.24,5.68,"Cobb, Alex",669707,502171,,called_strike,,,,,13,,R,R,R,CLE,PIT,S,,,0,0,2024,-1.48,0.67,-0.8402648742694716,2.504006035260195,,,,0,6,Top,,,,,,,6.912082077450019,-137.97844505397725,-4.138490677351999,-20.41100835801109,30.056031676294584,-22.8968890715556,3.47120726776474,1.66663668684948,,,,94.4,2181,6.0,746592,595978,647304,665926,608070,677587,680757,657041,678877,54.53,,,,,,,,39,1,Sinker,3,0,0,3,0,3,0,3,Standard,Standard,226,0.004,-0.037,,,,,0.037,,3,-3,0.863,0.137,36,26,37,26,2,1,18.0,1,38,1,1.86,1.48,1.48,39.4,,,,,,pitcher
SI,2024-09-01,94.4,-2.3,5.48,"Cobb, Alex",650559,502171,field_out,hit_into_play,,,,,5,"Bryan De La Cruz grounds out softly, third baseman José Ramírez to first baseman Josh Naylor.",R,R,R,CLE,PIT,X,5.0,ground_ball,3,2,2024,-1.39,0.18,0.1063039259311144,2.617456779948112,,,,2,5,Top,112.63,175.04,,,,,9.278558337976309,-137.2665545369846,-2.1404635519116044,-19.556232681849703,29.734984962516595,-29.68166599132987,3.6,1.73,2.0,70.7,-54.0,93.8,1972,5.9,746592,595978,647304,665926,608070,677587,680757,657041,678877,54.59,0.281,0.303,0.0,1.0,0.0,0.0,2.0,34,6,Sinker,3,0,0,3,0,3,0,3,Strategic,Standard,233,0.011,-0.325,70.8,7.3,,0.283,0.325,88.0,3,-3,0.873,0.127,36,27,37,28,2,1,18.0,1,38,1,2.38,1.39,1.39,36.4,8.06656524565866,15.84968254182234,31.21527753285205,39.610385045726446,23.71375213460688,pitcher
SI,2024-09-01,94.6,-2.23,5.42,"Cobb, Alex",650559,502171,,ball,,,,,14,,R,R,R,CLE,PIT,B,,,2,2,2024,-1.2,0.31,1.0042704814262526,1.4033187896889063,,,,2,5,Top,,,,,,,11.017436335203673,-137.418418711675,-5.513127045207413,-17.452746229825568,26.38548826416102,-27.288997529867405,3.50386344740048,1.65959774881363,,,,94.5,2042,6.0,746592,595978,647304,665926,608070,677587,680757,657041,678877,54.47,,,,,,,,34,5,Sinker,3,0,0,3,0,3,0,3,Strategic,Standard,234,-0.003,0.106,,,,,-0.106,,3,-3,0.876,0.124,36,27,37,28,2,1,18.0,1,38,1,2.22,1.2,1.2,35.2,,,,,,pitcher
FS,2024-09-01,89.5,-2.36,5.38,"Cobb, Alex",650559,502171,,foul,,,,,13,,R,R,R,CLE,PIT,S,,,2,1,2024,-0.76,-0.29,-0.8740260479792366,1.5302520610235542,,,,2,5,Top,,,,,,,5.252837909888861,-130.30126076601576,-2.898695370348664,-9.815432165161292,27.46078618734937,-35.020591326204915,3.6,1.73,1.0,49.5,-43.0,89.0,1559,6.0,746592,595978,647304,665926,608070,677587,680757,657041,678877,54.54,,,,,,,,34,4,Split-Finger,3,0,0,3,0,3,0,3,Strategic,Standard,244,0.002,-0.084,75.1,8.4,,,0.084,88.0,3,-3,0.874,0.126,36,27,37,28,2,1,18.0,1,38,1,3.13,0.76,0.76,33.6,28.3325805855714,-19.409396696372347,47.09533724171779,26.714751526603383,44.93114443997491,pitcher
FS,2024-09-01,88.4,-2.31,5.39,"Cobb, Alex",650559,502171,,ball,,,,,13,,R,R,R,CLE,PIT,B,,,1,1,2024,-1.01,-0.37,-0.5724861112893213,0.3704930663696508,,,,2,5,Top,,,,,,,6.296637545612758,-128.44415356711733,-5.268973272856094,-12.527027187034744,29.62003506115117,-35.27279616275549,3.60000005236737,1.73758420895896,,,,87.6,1389,6.1,746592,595978,647304,665926,608070,677587,680757,657041,678877,54.4,,,,,,,,34,3,Split-Finger,3,0,0,3,0,3,0,3,Strategic,Standard,251,-0.001,0.058,,,,,-0.058,,3,-3,0.875,0.125,36,27,37,28,2,1,18.0,1,38,1,3.33,1.01,1.01,35.5,,,,,,pitcher
SI,2024-09-01,94.6,-2.11,5.57,"Cobb, Alex",650559,502171,,ball,,,,,11,,R,R,R,CLE,PIT,B,,,0,1,2024,-1.23,0.5,-1.2849551716900247,3.112012240577352,,,,2,5,Top,,,,,,,4.836830558600198,-137.55661286707382,-1.7676500514163156,-16.688025505831597,33.95227674767522,-25.64785428736029,3.56606691994029,1.696519088532,,,,93.2,2109,5.8,746592,595978,647304,665926,608070,677587,680757,657041,678877,54.72,,,,,,,,34,2,Sinker,3,0,0,3,0,3,0,3,Strategic,Standard,226,-0.001,0.029,,,,,-0.029,,3,-3,0.876,0.124,36,27,37,28,2,1,18.0,1,38,1,2.07,1.23,1.23,37.7,,,,,,pitcher
KC,2024-09-01,84.4,-2.1,5.63,"Cobb, Alex",650559,502171,,swinging_strike,,,,,8,,R,R,R,CLE,PIT,S,,,0,0,2024,0.54,-1.17,-0.0413131301709963,1.88340537606328,,,,2,5,Top,,,,,,,3.6584200427925566,-122.7395785221995,0.1239162006747096,4.509102685294697,29.676397760569827,-44.122933004211575,3.6,1.73,,,,82.6,2810,5.6,746592,595978,647304,665926,608070,677587,680757,657041,678877,54.87,,,,,,,,34,1,Knuckle Curve,3,0,0,3,0,3,0,3,Strategic,Standard,43,0.001,-0.041,68.9,8.0,0.545618292,,0.041,,3,-3,0.875,0.125,36,27,37,28,2,1,18.0,1,38,1,4.44,-0.54,-0.54,38.1,14.425787768638598,-6.766632183066954,34.13157876834634,37.46542553867853,33.39450340974017,pitcher
SI,2024-09-01,93.5,-2.2,5.49,"Cobb, Alex",642133,502171,strikeout,called_strike,,,,,2,Rowdy Tellez called out on strikes.,R,L,R,CLE,PIT,S,2.0,,1,2,2024,-1.57,0.49,-0.1015212116760504,3.3969830711098985,,,,1,5,Top,,,,,,,8.793278148655702,-135.8643626657483,-0.6708599686581865,-21.359367835882217,32.35712042025898,-26.174505721458807,3.59000096253353,1.69433395399425,,,,92.5,1870,6.0,746592,595978,647304,665926,608070,677587,680757,657041,678877,54.51,,0.0,0.0,1.0,0.0,0.0,,33,4,Sinker,3,0,0,3,0,3,0,3,Strategic,Standard,237,0.011,-0.182,,,,,0.182,,3,-3,0.864,0.136,36,29,37,29,2,1,18.0,1,38,1,2.14,1.57,-1.57,36.0,,,,,,pitcher
FS,2024-09-01,89.8,-2.26,5.57,"Cobb, Alex",642133,502171,,foul,,,,,14,,R,L,R,CLE,PIT,S,,,1,1,2024,-1.51,0.34,0.0230409597480136,1.4034724173144144,,,,1,5,Top,,,,,,,8.747274904341396,-130.33162673513223,-4.928431598589167,-19.1036990719598,28.86010067953759,-27.440404961530483,3.59,1.65,6.0,61.4,-15.0,88.6,1693,5.8,746592,595978,647304,665926,608070,677587,680757,657041,678877,54.7,,,,,,,,33,3,Split-Finger,3,0,0,3,0,3,0,3,Strategic,Strategic,239,0.004,-0.061,74.8,9.1,,,0.061,88.0,3,-3,0.86,0.14,36,29,37,29,2,1,18.0,1,38,1,2.52,1.51,-1.51,34.8,15.910185866876413,-24.839730761435103,42.40144370039808,35.367185287972006,41.77727279706684,pitcher
FS,2024-09-01,89.2,-2.28,5.51,"Cobb, Alex",642133,502171,,ball,,,,,13,,R,L,R,CLE,PIT,B,,,0,1,2024,-0.85,-0.1,-1.0275551666919265,2.312820123675223,,,,1,5,Top,,,,,,,4.822832976679699,-129.89291013527867,-1.6291935518978744,-10.63365080119304,27.106687884001587,-33.14787875229023,3.52917353674681,1.68402305492956,,,,88.3,1526,5.7,746592,595978,647304,665926,608070,677587,680757,657041,678877,54.79,,,,,,,,33,2,Split-Finger,3,0,0,3,0,3,0,3,Strategic,Standard,241,-0.001,0.024,,,,,-0.024,,3,-3,0.861,0.139,36,29,37,29,2,1,18.0,1,38,1,2.96,0.85,-0.85,35.0,,,,,,pitcher
FS,2024-09-01,88.9,-2.28,5.54,"Cobb, Alex",642133,502171,,swinging_strike,,,,,13,,R,L,R,CLE,PIT,S,,,0,0,2024,-0.82,-0.5,-0.1191127914500423,1.4330773841360958,,,,1,5,Top,,,,,,,6.945490137970338,-129.30778280997075,-2.9341504072116584,-10.655421564800276,27.95639694989445,-37.29242585710266,3.59,1.65,,,,88.1,1449,5.9,746592,595978,647304,665926,608070,677587,680757,657041,678877,54.61,,,,,,,,33,1,Split-Finger,3,0,0,3,0,3,0,3,Strategic,Standard,246,0.002,-0.037,81.1,8.9,0.752431932,,0.037,,3,-3,0.859,0.141,36,29,37,29,2,1,18.0,1,38,1,3.39,0.82,-0.82,34.6,14.593544499008292,-19.16648579335465,35.999018453117515,36.69645335187968,39.60458493833042,pitcher
SI,2024-09-01,94.5,-2.23,5.48,"Cobb, Alex",693304,502171,field_out,hit_into_play,,,,,7,"Nick Gonzales grounds out, third baseman José Ramírez to first baseman Josh Naylor.",R,R,R,CLE,PIT,X,5.0,ground_ball,3,2,2024,-1.38,0.45,-0.356876402828723,1.9444635350934845,,,,0,5,Top,101.84,164.8,,,,,7.8528686522898195,-137.3317942186605,-4.492621197417349,-19.159059124905585,30.235826305019184,-25.64442326503801,3.39,1.56,3.0,87.1,-31.0,93.6,2068,5.8,746592,595978,647304,665926,608070,677587,680757,657041,678877,54.69,0.074,0.069,0.0,1.0,0.0,0.0,2.0,32,7,Sinker,3,0,0,3,0,3,0,3,Standard,Standard,230,0.029,-0.333,74.0,6.9,,0.118,0.333,88.0,3,-3,0.83,0.17,36,25,37,25,2,1,18.0,1,38,1,2.11,1.38,1.38,35.4,8.014654363149035,5.035368861729084,38.61445065462341,31.738492792864506,30.42183828355797,pitcher
FS,2024-09-01,88.8,-2.44,5.53,"Cobb, Alex",693304,502171,,foul,,,,,11,,R,R,R,CLE,PIT,S,,,3,2,2024,-0.99,0.1,-1.199279039421451,2.536414377236892,,,,0,5,Top,,,,,,,5.054395531674945,-129.27773672109748,-1.4554853155403595,-12.125938454445423,28.825723871137,-30.91322996289117,3.39,1.56,6.0,86.5,-25.0,87.9,1472,5.8,746592,595978,647304,665926,608070,677587,680757,657041,678877,54.67,,,,,,,,32,6,Split-Finger,3,0,0,3,0,3,0,3,Standard,Standard,245,0.0,0.0,74.8,7.1,,,0.0,88.0,3,-3,0.83,0.17,36,25,37,25,2,1,18.0,1,38,1,2.8,0.99,0.99,32.5,19.358840193697684,-15.192386376132047,32.276254587769,20.630957065867683,37.1415848154138,pitcher
FS,2024-09-01,90.0,-2.34,5.45,"Cobb, Alex",693304,502171,,ball,,,,,14,,R,R,R,CLE,PIT,B,,,2,2,2024,-1.19,-0.05,0.553742809158881,0.6157288402887815,,,,0,5,Top,,,,,,,9.611206263803462,-130.63385213296388,-5.840500985275397,-15.632354276671816,27.904594392873165,-31.662176483639254,3.31005641387733,1.43381481197691,,,,89.2,1681,5.9,746592,595978,647304,665926,608070,677587,680757,657041,678877,54.56,,,,,,,,32,5,Split-Finger,3,0,0,3,0,3,0,3,Standard,Standard,242,-0.009,0.107,,,,,-0.107,,3,-3,0.839,0.161,36,25,37,25,2,1,18.0,1,38,1,2.88,1.19,1.19,36.2,,,,,,pitcher
SI,2024-09-01,94.0,-2.21,5.48,"Cobb, Alex",693304,502171,,ball,,,,,9,,R,R,R,CLE,PIT,B,,,1,2,2024,-1.37,0.27,0.6479952320251203,1.5465392164802336,,,,0,5,Top,,,,,,,10.357974004710169,-136.51822125323272,-5.037929603558022,-19.40841936556136,29.295372331393533,-27.81595785712669,3.30953846733603,1.47655846699618,,,,93.3,1994,5.9,746592,595978,647304,665926,608070,677587,680757,657041,678877,54.56,,,,,,,,32,4,Sinker,3,0,0,3,0,3,0,3,Standard,Standard,237,-0.004,0.04,,,,,-0.04,,3,-3,0.843,0.157,36,25,37,25,2,1,18.0,1,38,1,2.31,1.37,1.37,36.0,,,,,,pitcher
FS,2024-09-01,88.5,-2.25,5.33,"Cobb, Alex",693304,502171,,ball,,,,,13,,R,R,R,CLE,PIT,B,,,0,2,2024,-0.65,-0.29,-0.4370212960387135,0.4948591406292899,,,,0,5,Top,,,,,,,5.748796950312752,-128.79252227001274,-5.096473265775564,-8.400698446758879,26.628227465269696,-34.54609664850925,3.31347933671665,1.53551006068276,,,,88.1,1610,6.0,746592,595978,647304,665926,608070,677587,680757,657041,678877,54.49,,,,,,,,32,3,Split-Finger,3,0,0,3,0,3,0,3,Standard,Standard,252,-0.002,0.023,,,,,-0.023,,3,-3,0.845,0.155,36,25,37,25,2,1,18.0,1,38,1,3.2,0.65,0.65,36.6,,,,,,pitcher
SI,2024-09-01,93.3,-2.34,5.64,"Cobb, Alex",693304,502171,,swinging_strike,,,,,13,,R,R,R,CLE,PIT,S,,,0,1,2024,-1.2,0.47,-0.8457364674488228,1.8314831158764573,,,,0,5,Top,,,,,,,6.429498769723796,-135.7945354941348,-5.078612312295624,-16.271175631175765,27.977762282304475,-25.44727401901801,3.39,1.56,,,,92.7,1915,5.8,746592,595978,647304,665926,608070,677587,680757,657041,678877,54.74,,,,,,,,32,2,Sinker,3,0,0,3,0,3,0,3,Standard,Standard,232,0.006,-0.054,72.0,7.0,0.379977672,,0.054,,3,-3,0.839,0.161,36,25,37,25,2,1,18.0,1,38,1,2.13,1.2,1.2,42.1,7.4724398056537105,0.8820197071376633,41.35302246311894,26.45639850651464,30.196729396277856,pitcher
KC,2024-09-01,83.7,-2.04,5.7,"Cobb, Alex",693304,502171,,swinging_strike,,,,,14,,R,R,R,CLE,PIT,S,,,0,0,2024,0.8,-1.21,1.053481493699144,0.778026795157464,,,,0,5,Top,,,,,,,5.518422172460102,-121.81650367238078,-2.477548468067753,6.681015913993811,26.562169713110958,-43.781372281406696,3.39,1.56,,,,82.6,2820,5.8,746592,595978,647304,665926,608070,677587,680757,657041,678877,54.72,,,,,,,,32,1,Knuckle Curve,3,0,0,3,0,3,0,3,Standard,Standard,42,0.003,-0.037,26.2,6.8,11.104994172,,0.037,,3,-3,0.836,0.164,36,25,37,25,2,1,18.0,1,38,1,4.49,-0.8,-0.8,40.5,3.3878312767178387,13.04617341372313,31.5208398871938,49.8648004936813,25.016437203282685,pitcher
SI,2024-09-01,94.3,-2.21,5.5,"Cobb, Alex",665833,502171,field_out,hit_into_play,,,,,14,"Oneil Cruz grounds out, second baseman Andrés Giménez to first baseman Josh Naylor.",R,L,R,CLE,PIT,X,4.0,ground_ball,1,0,2024,-1.07,0.28,0.0114004797046716,1.656908346431807,,,,2,4,Top,151.2,155.72,,,,,8.080625799877431,-137.04276626162053,-4.854613767882313,-15.333879510711498,31.38316790025722,-27.69210114284936,3.96,1.83,4.0,106.4,-20.0,93.4,2094,5.9,746592,595978,647304,665926,608070,677587,680757,657041,678877,54.61,0.177,0.23,0.0,1.0,0.0,0.0,2.0,26,2,Sinker,2,0,0,2,0,2,0,2,Infield shade,Standard,230,0.013,-0.295,83.5,7.6,,0.181,0.295,106.4,2,-2,0.773,0.227,36,25,37,26,2,1,18.0,1,38,1,2.29,1.07,-1.07,39.6,6.435007910526458,9.484999076240534,45.554325610061454,35.255465378558064,24.16894909532315,pitcher
KC,2024-09-01,83.5,-2.19,5.57,"Cobb, Alex",665833,502171,,ball,,,,,13,,R,L,R,CLE,PIT,B,,,0,0,2024,1.11,-1.21,-1.7151180321905233,2.262083801046501,,,,2,4,Top,,,,,,,-1.086566784713447,-121.52437653490716,1.2014244954634223,11.208392322565825,25.363262603949902,-44.55472193412163,3.89604881038461,1.85103583745133,,,,82.5,2785,5.8,746592,595978,647304,665926,608070,677587,680757,657041,678877,54.71,,,,,,,,26,1,Knuckle Curve,2,0,0,2,0,2,0,2,Infield shade,Strategic,44,-0.001,0.04,,,,,-0.04,,2,-2,0.774,0.226,36,25,37,26,2,1,18.0,1,38,1,4.49,-1.11,1.11,37.4,,,,,,pitcher
SI,2024-09-01,95.2,-2.14,5.59,"Cobb, Alex",668804,502171,field_out,hit_into_play,,,,,13,"Bryan Reynolds grounds out, third baseman José Ramírez to first baseman Josh Naylor.",R,L,R,CLE,PIT,X,5.0,ground_ball,2,1,2024,-1.44,0.44,-0.9024630681848632,1.9434253071847136,,,,1,4,Top,106.54,168.94,,,,,6.433190437361292,-138.3886917982894,-4.855072104706356,-19.93037473827362,32.22390813082449,-25.566844626338515,3.06,1.49,7.0,91.4,-13.0,94.3,2093,5.9,746592,595978,647304,665926,608070,677587,680757,657041,678877,54.57,0.151,0.136,0.0,1.0,0.0,0.0,2.0,25,4,Sinker,2,0,0,2,0,2,0,2,Strategic,Standard,225,0.021,-0.302,72.2,6.3,,0.173,0.302,91.4,2,-2,0.753,0.247,36,29,37,29,2,1,18.0,1,38,1,2.09,1.44,-1.44,39.0,3.844970049534043,19.08310209067909,38.79927138033464,47.90007306230383,18.56573858487745,pitcher
KC,2024-09-01,84.7,-2.21,5.56,"Cobb, Alex",668804,502171,,ball,,,,,11,,R,L,R,CLE,PIT,B,,,1,1,2024,0.71,-0.95,-1.1443521045674232,2.2601947181261477,,,,1,4,Top,,,,,,,1.055038666449541,-123.46061173396478,0.4197172865079257,7.158259175235562,22.08320288034809,-42.245220641057365,2.94216408244606,1.46579081703878,,,,84.1,2719,5.6,746592,595978,647304,665926,608070,677587,680757,657041,678877,54.93,,,,,,,,25,3,Knuckle Curve,2,0,0,2,0,2,0,2,Strategic,Standard,50,-0.004,0.059,,,,,-0.059,,2,-2,0.757,0.243,36,29,37,29,2,1,18.0,1,38,1,4.09,-0.71,0.71,37.4,,,,,,pitcher
FS,2024-09-01,89.7,-2.31,5.45,"Cobb, Alex",668804,502171,,foul,,,,,8,,R,L,R,CLE,PIT,S,,,1,0,2024,-1.03,-0.03,-0.1590815417111414,1.540370941062164,,,,1,4,Top,,,,,,,7.453038592778059,-130.5011667215248,-3.6809686241206014,-13.27383045986228,24.749302442215896,-31.94743335765576,3.06,1.49,2.0,79.8,-37.0,89.7,1563,6.1,746592,595978,647304,665926,608070,677587,680757,657041,678877,54.4,,,,,,,,25,2,Split-Finger,2,0,0,2,0,2,0,2,Strategic,Standard,246,0.004,-0.051,,,,,0.051,88.0,2,-2,0.753,0.247,36,29,37,29,2,1,18.0,1,38,1,2.84,1.03,-1.03,34.6,,,,,,pitcher
FS,2024-09-01,90.2,-2.28,5.48,"Cobb, Alex",668804,502171,,ball,,,,,14,,R,L,R,CLE,PIT,B,,,0,0,2024,-1.11,0.04,0.4277167636805872,0.813153357498603,,,,1,4,Top,,,,,,,9.014523440943044,-131.03679196448138,-5.721751725544767,-14.661800719523834,26.18649967640783,-30.72619200869699,3.06000120213484,1.56251979282592,,,,89.7,1607,6.0,746592,595978,647304,665926,608070,677587,680757,657041,678877,54.54,,,,,,,,25,1,Split-Finger,2,0,0,2,0,2,0,2,Standard,Standard,241,-0.003,0.039,,,,,-0.039,,2,-2,0.756,0.244,36,29,37,29,2,1,18.0,1,38,1,2.76,1.11,-1.11,35.0,,,,,,pitcher
SI,2024-09-01,94.9,-2.15,5.45,"Cobb, Alex",643396,502171,field_out,hit_into_play,,,,,5,"Isiah Kiner-Falefa grounds out, shortstop Brayan Rocchio to first baseman Josh Naylor.",R,R,R,CLE,PIT,X,6.0,ground_ball,3,2,2024,-1.34,0.46,0.1567677772528637,2.290506366123387,,,,0,4,Top,105.53,154.7,,,,,8.956975672207106,-138.00295861850512,-3.641621921048044,-19.06156335390737,28.905404692086304,-25.678589533948767,3.25,1.47,19.0,98.6,-6.0,94.5,2100,6.0,746592,595978,647304,665926,608070,677587,680757,657041,678877,54.53,0.284,0.256,0.0,1.0,0.0,0.0,2.0,24,6,Sinker,2,0,0,2,0,2,0,2,Standard,Standard,228,0.034,-0.333,70.0,7.1,,0.325,0.333,98.6,2,-2,0.722,0.278,36,29,37,29,2,1,18.0,1,38,1,2.06,1.34,1.34,38.0,-1.5052918843910388,0.446872196259839,37.00852478179621,35.9846803473537,29.258272326626933,pitcher
SI,2024-09-01,95.0,-2.12,5.51,"Cobb, Alex",643396,502171,,ball,,,,,12,,R,R,R,CLE,PIT,B,,,2,2,2024,-1.34,0.28,0.907948783058111,3.095967858504429,,,,0,4,Top,,,,,,,10.869490797977216,-138.03906127253342,-1.3345035656004869,-19.47681246991995,27.4219219660004,-28.53570302921853,3.27910779359599,1.46330634025245,,,,94.8,1963,6.0,746592,595978,647304,665926,608070,677587,680757,657041,678877,54.46,,,,,,,,24,5,Sinker,2,0,0,2,0,2,0,2,Standard,Standard,235,-0.011,0.107,,,,,-0.107,,2,-2,0.733,0.267,36,29,37,29,2,1,18.0,1,38,1,2.24,1.34,1.34,36.6,,,,,,pitcher
FS,2024-09-01,89.0,-2.29,5.49,"Cobb, Alex",643396,502171,,ball,,,,,13,,R,R,R,CLE,PIT,B,,,1,2,2024,-0.83,-0.35,-0.7249386183744149,1.030937517300886,,,,0,4,Top,,,,,,,5.575348439518804,-129.61461062229057,-4.191520885485865,-10.533917112684987,25.611050857682347,-35.50280258695952,3.25000067375776,1.49496454783492,,,,88.9,1392,6.1,746592,595978,647304,665926,608070,677587,680757,657041,678877,54.44,,,,,,,,24,4,Split-Finger,2,0,0,2,0,2,0,2,Standard,Standard,245,-0.004,0.04,,,,,-0.04,,2,-2,0.737,0.263,36,29,37,29,2,1,18.0,1,38,1,3.21,0.83,0.83,34.3,,,,,,pitcher
FS,2024-09-01,89.6,-2.22,5.45,"Cobb, Alex",643396,502171,,foul,,,,,9,,R,R,R,CLE,PIT,S,,,1,1,2024,-0.83,-0.18,0.5692589312886284,1.7901353929309325,,,,0,4,Top,,,,,,,8.59793195277393,-130.38055347267107,-2.7329665974942112,-11.12445760056026,23.714980970654803,-33.90668319510647,3.25,1.47,3.0,60.8,-35.0,89.8,1532,6.1,746592,595978,647304,665926,608070,677587,680757,657041,678877,54.4,,,,,,,,24,3,Split-Finger,2,0,0,2,0,2,0,2,Standard,Standard,245,0.007,-0.056,77.9,7.3,,,0.056,88.0,2,-2,0.73,0.27,36,29,37,29,2,1,18.0,1,38,1,2.99,0.83,0.83,32.9,7.46457027814675,-4.97101451525211,34.31450396487364,41.42101369313562,37.98554561464528,pitcher
FS,2024-09-01,89.4,-2.23,5.43,"Cobb, Alex",643396,502171,,ball,,,,,14,,R,R,R,CLE,PIT,B,,,0,1,2024,-1.07,-0.22,1.208936402214679,0.7057599011078417,,,,0,4,Top,,,,,,,10.651719628063113,-129.8152650274506,-5.163959458870833,-14.192190698507464,25.4875705910452,-33.7843198696718,3.2500005890701,1.44110275152036,,,,89.2,1600,6.1,746592,595978,647304,665926,608070,677587,680757,657041,678877,54.39,,,,,,,,24,2,Split-Finger,2,0,0,2,0,2,0,2,Standard,Standard,241,-0.003,0.025,,,,,-0.025,,2,-2,0.733,0.267,36,29,37,29,2,1,18.0,1,38,1,3.07,1.07,1.07,34.2,,,,,,pitcher
SI,2024-09-01,94.8,-2.31,5.77,"Cobb, Alex",643396,502171,,foul,,,,,1,,R,R,R,CLE,PIT,S,,,0,0,2024,-1.34,0.74,-0.6466686914582385,2.92481456105866,,,,0,4,Top,,,,,,,7.253992670741584,-138.03134455153003,-3.482384287436389,-18.6660200632614,26.18896993391438,-22.131763500365597,3.25,1.47,161.0,60.2,31.0,94.5,2094,5.8,746592,595978,647304,665926,608070,677587,680757,657041,678877,54.74,,,,,,,,24,1,Sinker,2,0,0,2,0,2,0,2,Standard,Standard,221,0.004,-0.037,58.3,5.3,,,0.037,88.0,2,-2,0.729,0.271,36,29,37,29,2,1,18.0,1,38,1,1.76,1.34,1.34,40.6,-10.31637446158894,26.809418073012004,34.54435859098832,27.889705526908426,18.824815402561786,pitcher
SI,2024-09-01,96.0,-2.22,5.48,"Cobb, Alex",680779,502171,field_out,hit_into_play,,,,,5,"Henry Davis grounds out, second baseman Andrés Giménez to first baseman Josh Naylor.",R,R,R,CLE,PIT,X,4.0,ground_ball,0,0,2024,-1.49,0.48,0.1810653994375681,2.5989332107147,,,,2,3,Top,152.21,140.47,,,,,9.642685295659414,-139.3379562854618,-3.018582207223968,-21.617560183367843,34.51594732389628,-25.443072540121666,3.29,1.61,10.0,90.7,-13.0,94.9,2045,6.0,746592,595978,647304,665926,608070,677587,680757,657041,678877,54.5,0.151,0.136,0.0,1.0,0.0,0.0,2.0,19,1,Sinker,2,0,0,2,0,2,0,2,Standard,Standard,234,0.01,-0.256,70.9,6.3,,0.173,0.256,90.7,2,-2,0.754,0.246,36,24,37,25,1,0,18.0,1,38,1,2.03,1.49,1.49,35.3,-5.038209152230892,23.853389461327843,28.65108965884043,39.63515162438188,14.841103333759325,pitcher
FS,2024-09-01,89.3,-2.28,5.56,"Cobb, Alex",572191,502171,strikeout,foul_tip,,,,,13,Michael A. Taylor strikes out on a foul tip.,R,R,R,CLE,PIT,S,2.0,,2,2,2024,-1.0,-0.11,-0.0543425404898127,1.3430807433254572,,,,1,3,Top,,,,,,,7.529310707198517,-129.72271766321623,-4.066349553501377,-12.93310283641603,28.67468498601995,-32.69990823282704,3.53,1.62,,,,88.4,1490,6.0,746592,595978,647304,665926,608070,677587,680757,657041,678877,54.53,,0.0,0.0,1.0,0.0,0.0,,18,7,Split-Finger,2,0,0,2,0,2,0,2,Standard,Standard,242,0.015,-0.225,75.1,8.2,,,0.225,,2,-2,0.739,0.261,36,33,37,33,1,0,18.0,4,38,3,2.99,1.0,1.0,36.6,32.252351391807615,-21.5152218757017,37.11330264741677,37.20640538985665,46.16888862716221,pitcher
SI,2024-09-01,93.9,-2.21,5.49,"Cobb, Alex",572191,502171,,foul,,,,,5,,R,R,R,CLE,PIT,S,,,2,2,2024,-1.41,0.09,-0.044574455017206,2.6133126548006134,,,,1,3,Top,,,,,,,8.669967784614192,-136.40637051947502,-1.8678206292706532,-19.552104545252323,31.928110904051053,-30.849841529876716,3.53,1.62,167.0,76.7,69.0,93.0,1955,6.0,746592,595978,647304,665926,608070,677587,680757,657041,678877,54.52,,,,,,,,18,6,Sinker,2,0,0,2,0,2,0,2,Standard,Standard,233,0.0,0.0,85.7,7.3,,,0.0,88.0,2,-2,0.739,0.261,36,33,37,33,1,0,18.0,4,38,3,2.52,1.41,1.41,35.8,11.866721027266385,-3.390198220185095,27.89283014712121,38.45626872261575,31.627743081034843,pitcher
SI,2024-09-01,93.4,-2.12,5.45,"Cobb, Alex",572191,502171,,foul,,,,,1,,R,R,R,CLE,PIT,S,,,2,2,2024,-1.73,0.35,-0.5426602243384779,2.941466392336782,,,,1,3,Top,,,,,,,7.777793379046101,-135.70607486030283,-1.387173479820926,-23.06448801309601,33.41648862797528,-27.72484577529975,3.53,1.62,196.0,67.9,46.0,91.9,2047,5.8,746592,595978,647304,665926,608070,677587,680757,657041,678877,54.75,,,,,,,,18,5,Sinker,2,0,0,2,0,2,0,2,Standard,Standard,235,0.0,0.0,77.0,6.9,,,0.0,88.0,2,-2,0.739,0.261,36,33,37,33,1,0,18.0,4,38,3,2.29,1.73,1.73,35.1,13.19553923755996,-5.512586355926552,29.050696486603844,32.21654980430218,29.02414526873788,pitcher
FS,2024-09-01,89.1,-2.2,5.37,"Cobb, Alex",572191,502171,,ball,,,,,13,,R,R,R,CLE,PIT,B,,,1,2,2024,-0.98,-0.14,-0.3020939992081825,1.2571731934345336,,,,1,3,Top,,,,,,,6.677727590842076,-129.57826117368504,-3.767570697587138,-12.4383181583891,26.556386678853038,-33.13959444669838,3.37415139336431,1.57821921260523,,,,88.6,1479,6.0,746592,595978,647304,665926,608070,677587,680757,657041,678877,54.52,,,,,,,,18,4,Split-Finger,2,0,0,2,0,2,0,2,Standard,Standard,251,-0.002,0.043,,,,,-0.043,,2,-2,0.741,0.259,36,33,37,33,1,0,18.0,4,38,3,3.01,0.98,0.98,32.1,,,,,,pitcher
FS,2024-09-01,90.1,-2.18,5.51,"Cobb, Alex",572191,502171,,swinging_strike,,,,,9,,R,R,R,CLE,PIT,S,,,1,1,2024,-1.18,-0.28,0.2958710757578249,1.581504642671483,,,,1,3,Top,,,,,,,8.579001555323885,-130.92763267107915,-3.1599709706810093,-15.40035117401176,27.70461581981416,-34.89161091955376,3.53,1.62,,,,89.3,1554,5.9,746592,595978,647304,665926,608070,677587,680757,657041,678877,54.61,,,,,,,,18,3,Split-Finger,2,0,0,2,0,2,0,2,Standard,Standard,243,0.004,-0.061,79.7,8.0,1.03953456,,0.061,,2,-2,0.737,0.263,36,33,37,33,1,0,18.0,4,38,3,3.09,1.18,1.18,35.0,21.336687191270457,-13.390893805311531,31.896575460741467,42.20570805942639,38.87288968064109,pitcher
FS,2024-09-01,90.3,-2.29,5.44,"Cobb, Alex",572191,502171,,ball,,,,,13,,R,R,R,CLE,PIT,B,,,0,1,2024,-1.34,-0.3,-0.381127243331371,1.0601221565120773,,,,1,3,Top,,,,,,,7.54318901690445,-131.3292203565371,-4.267064132498778,-17.164634737671285,28.226259167854064,-34.911497191882,3.48162666058295,1.66035248780056,,,,89.5,1588,5.9,746592,595978,647304,665926,608070,677587,680757,657041,678877,54.63,,,,,,,,18,2,Split-Finger,2,0,0,2,0,2,0,2,Standard,Standard,242,-0.002,0.024,,,,,-0.024,,2,-2,0.739,0.261,36,33,37,33,1,0,18.0,4,38,3,3.1,1.34,1.34,34.1,,,,,,pitcher
SI,2024-09-01,94.7,-2.17,5.62,"Cobb, Alex",572191,502171,,called_strike,,,,,3,,R,R,R,CLE,PIT,S,,,0,0,2024,-1.59,0.64,0.7871671741795137,2.954291165077442,,,,1,3,Top,,,,,,,11.128320340273104,-137.4138164345741,-2.652503092770198,-22.595768083996884,29.89940019497712,-23.71231145921867,3.45686319789747,1.61024209535445,,,,93.7,2171,5.8,746592,595978,647304,665926,608070,677587,680757,657041,678877,54.68,,,,,,,,18,1,Sinker,2,0,0,2,0,2,0,2,Standard,Standard,227,0.003,-0.037,,,,,0.037,,2,-2,0.736,0.264,36,33,37,33,1,0,18.0,4,38,3,1.92,1.59,1.59,37.1,,,,,,pitcher
SI,2024-09-01,93.9,-2.34,5.62,"Cobb, Alex",669707,502171,field_out,hit_into_play,,,,,7,"Jared Triolo grounds out, third baseman José Ramírez to first baseman Josh Naylor.",R,R,R,CLE,PIT,X,5.0,ground_ball,1,0,2024,-1.49,0.43,-0.5664033954294574,2.1457941080469465,,,,0,3,Top,104.51,168.94,,,,,7.803700063442314,-136.55022884584184,-4.215011176550791,-20.31003486809902,28.795129335305788,-26.015254068784007,3.55,1.65,15.0,94.5,-7.0,93.4,2025,5.9,746592,595978,647304,665926,608070,677587,680757,657041,678877,54.59,0.263,0.237,0.0,1.0,0.0,0.0,2.0,17,2,Sinker,2,0,0,2,0,2,0,2,Standard,Standard,228,0.028,-0.292,73.5,7.4,,0.329,0.292,94.5,2,-2,0.708,0.292,36,26,37,26,1,0,18.0,1,38,1,2.15,1.49,1.49,37.1,6.626948894424007,1.440496097334364,43.13451803372658,26.639808210422625,29.680871723278287,pitcher
SI,2024-09-01,93.8,-2.19,5.6,"Cobb, Alex",669707,502171,,ball,,,,,14,,R,R,R,CLE,PIT,B,,,0,0,2024,-1.41,0.69,0.8713634047328938,1.716422250622314,,,,0,3,Top,,,,,,,10.935292557485058,-136.05470649410412,-5.792703355474303,-19.880189433661293,28.80126244903802,-22.474830403751607,3.54999957554709,1.69952975066936,,,,93.2,1992,6.0,746592,595978,647304,665926,608070,677587,680757,657041,678877,54.45,,,,,,,,17,1,Sinker,2,0,0,2,0,2,0,2,Standard,Standard,232,-0.004,0.038,,,,,-0.038,,2,-2,0.712,0.288,36,26,37,26,1,0,18.0,1,38,1,1.91,1.41,1.41,39.2,,,,,,pitcher
SI,2024-09-01,95.1,-2.31,5.5,"Cobb, Alex",650559,502171,strikeout,called_strike,,,,,9,Bryan De La Cruz called out on strikes.,R,R,R,CLE,PIT,S,2.0,,3,2,2024,-1.56,0.24,0.6214863445477583,2.2488156269345945,,,,2,2,Top,,,,,,,11.064120340598366,-137.9610294188923,-3.36141565810161,-22.38065761026497,31.33504432225992,-28.47410386932537,3.59999898370683,1.79275149366334,,,,94.1,1961,5.9,746592,595978,647304,665926,608070,677587,680757,657041,678877,54.59,,0.0,0.0,1.0,0.0,0.0,,12,6,Sinker,2,0,0,2,0,2,0,2,Strategic,Standard,235,0.012,-0.325,,,,,0.325,,2,-2,0.735,0.265,36,27,37,28,1,0,18.0,1,38,1,2.3,1.56,1.56,37.8,,,,,,pitcher
SI,2024-09-01,94.9,-2.18,5.51,"Cobb, Alex",650559,502171,,ball,,,,,14,,R,R,R,CLE,PIT,B,,,2,2,2024,-1.33,0.38,1.4208736436354577,2.209631320785155,,,,2,2,Top,,,,,,,12.27072094698966,-137.60657521230843,-3.748024646644964,-19.59598026599553,30.86242671838645,-26.71044352897171,3.58763151021281,1.70213762110442,,,,94.0,2117,6.0,746592,595978,647304,665926,608070,677587,680757,657041,678877,54.52,,,,,,,,12,5,Sinker,2,0,0,2,0,2,0,2,Strategic,Standard,234,-0.003,0.106,,,,,-0.106,,2,-2,0.738,0.262,36,27,37,28,1,0,18.0,1,38,1,2.17,1.33,1.33,35.0,,,,,,pitcher
FS,2024-09-01,89.9,-2.29,5.45,"Cobb, Alex",650559,502171,,foul,,,,,13,,R,R,R,CLE,PIT,S,,,2,1,2024,-1.14,-0.3,-0.1023495481584471,1.3837878580986795,,,,2,2,Top,,,,,,,7.773809824185283,-130.74742047875574,-3.4557432585052226,-14.672673717193588,27.102217481979928,-35.142257199160525,3.6,1.73,,,,89.4,1556,6.0,746592,595978,647304,665926,608070,677587,680757,657041,678877,54.53,,,,,,,,12,4,Split-Finger,2,0,0,2,0,2,0,2,Strategic,Standard,235,0.002,-0.084,72.2,8.4,,,0.084,,2,-2,0.736,0.264,36,27,37,28,1,0,18.0,1,38,1,3.12,1.14,1.14,32.6,17.27303532990574,-12.481711875606187,44.34964489143501,35.83166102453687,38.10028997613847,pitcher
FS,2024-09-01,88.7,-2.25,5.44,"Cobb, Alex",650559,502171,,ball,,,,,14,,R,R,R,CLE,PIT,B,,,1,1,2024,-1.45,-0.54,1.261965920217757,-0.2344051978335941,,,,2,2,Top,,,,,,,11.474954917808184,-128.38991466640945,-6.489311123303086,-18.537528120794597,29.96041173531948,-36.69212727746133,3.60000109066522,1.70103641517649,,,,87.2,1688,5.9,746592,595978,647304,665926,608070,677587,680757,657041,678877,54.58,,,,,,,,12,3,Split-Finger,2,0,0,2,0,2,0,2,Strategic,Standard,243,-0.001,0.058,,,,,-0.058,,2,-2,0.737,0.263,36,27,37,28,1,0,18.0,1,38,1,3.5,1.45,1.45,32.2,,,,,,pitcher
SI,2024-09-01,94.7,-2.24,5.57,"Cobb, Alex",650559,502171,,ball,,,,,13,,R,R,R,CLE,PIT,B,,,0,1,2024,-1.63,0.14,-1.04670850641199,1.362592579920722,,,,2,2,Top,,,,,,,6.686865885939865,-137.49054226775382,-5.458232657318283,-22.15362957962766,35.37769733978495,-29.196695577857252,3.59999927083772,1.70160257860188,,,,93.0,2065,5.8,746592,595978,647304,665926,608070,677587,680757,657041,678877,54.7,,,,,,,,12,2,Sinker,2,0,0,2,0,2,0,2,Strategic,Standard,226,-0.001,0.029,,,,,-0.029,,2,-2,0.738,0.262,36,27,37,28,1,0,18.0,1,38,1,2.44,1.63,1.63,38.1,,,,,,pitcher
SI,2024-09-01,94.8,-2.25,5.57,"Cobb, Alex",650559,502171,,called_strike,,,,,2,,R,R,R,CLE,PIT,S,,,0,0,2024,-1.44,0.16,0.2615276304773894,3.22637649124962,,,,2,2,Top,,,,,,,9.652262560895297,-137.67920054643912,-0.799403087452192,-20.41223992463395,31.01498169452341,-30.14977145446064,3.59999989823647,1.75134053996079,,,,93.8,2092,5.8,746592,595978,647304,665926,608070,677587,680757,657041,678877,54.68,,,,,,,,12,1,Sinker,2,0,0,2,0,2,0,2,Strategic,Standard,232,0.001,-0.041,,,,,0.041,,2,-2,0.737,0.263,36,27,37,28,1,0,18.0,1,38,1,2.39,1.44,1.44,34.9,,,,,,pitcher
FS,2024-09-01,89.5,-2.35,5.46,"Cobb, Alex",642133,502171,field_out,hit_into_play,,,,,8,Rowdy Tellez grounds out to first baseman Josh Naylor.,R,L,R,CLE,PIT,X,3.0,ground_ball,0,2,2024,-1.17,0.08,-0.1695707288536421,1.6687859959882902,,,,1,2,Top,158.3,166.4,,,,,7.775961163341136,-130.176071209182,-3.527738303837707,-14.91000178283836,25.36179856243263,-30.769100286365653,3.59,1.65,8.0,87.2,-13.0,89.1,1617,5.9,746592,595978,647304,665926,608070,677587,680757,657041,678877,54.58,0.091,0.082,0.0,1.0,0.0,0.0,2.0,11,3,Split-Finger,2,0,0,2,0,2,0,2,Strategic,Strategic,246,0.01,-0.162,81.1,8.2,,0.091,0.162,88.0,2,-2,0.727,0.273,36,29,37,29,1,0,18.0,1,38,1,2.75,1.17,-1.17,31.8,2.147278375743663,-9.37501683397086,35.082840526398584,38.36779628156483,34.94825160450495,pitcher
FS,2024-09-01,89.5,-2.37,5.51,"Cobb, Alex",642133,502171,,swinging_strike,,,,,13,,R,L,R,CLE,PIT,S,,,0,1,2024,-0.97,-0.25,-0.3545713912762566,1.2176381689018227,,,,1,2,Top,,,,,,,6.955335275167174,-130.1351393768528,-4.054461736215881,-12.472164130439216,26.30650586965853,-34.42137096878093,3.59,1.65,,,,88.9,1628,5.9,746592,595978,647304,665926,608070,677587,680757,657041,678877,54.65,,,,,,,,11,2,Split-Finger,2,0,0,2,0,2,0,2,Strategic,Strategic,244,0.004,-0.057,76.6,8.5,0.715113564,,0.057,,2,-2,0.723,0.277,36,29,37,29,1,0,18.0,1,38,1,3.09,0.97,-0.97,33.6,2.454009705105883,-6.016881293748594,36.65019813888988,38.74411641454204,24.78258096663333,pitcher
SI,2024-09-01,95.1,-2.23,5.63,"Cobb, Alex",642133,502171,,called_strike,,,,,4,,R,L,R,CLE,PIT,S,,,0,0,2024,-1.42,0.63,-0.7658829706769992,2.598734461742394,,,,1,2,Top,,,,,,,6.96692928098177,-138.41120487702156,-3.705959433862021,-19.866023400647084,30.160481733673883,-23.38143682069773,3.52217989084549,1.71321362048385,,,,94.4,2114,5.8,746592,595978,647304,665926,608070,677587,680757,657041,678877,54.67,,,,,,,,11,1,Sinker,2,0,0,2,0,2,0,2,Strategic,Standard,221,0.002,-0.037,,,,,0.037,,2,-2,0.721,0.279,36,29,37,29,1,0,18.0,1,38,1,1.88,1.42,-1.42,40.3,,,,,,pitcher
FS,2024-09-01,90.4,-2.21,5.58,"Cobb, Alex",693304,502171,field_out,hit_into_play,,,,,8,"Nick Gonzales grounds out, shortstop Brayan Rocchio to first baseman Josh Naylor.",R,R,R,CLE,PIT,X,6.0,ground_ball,1,0,2024,-1.41,0.0,-0.265415120712247,2.0771651722580016,,,,0,2,Top,106.54,150.64,,,,,7.76872480561472,-131.36611729730038,-2.7018277978995773,-17.998931281836132,30.292885831057223,-31.75039336848613,3.39,1.56,117.0,85.8,8.0,89.2,1615,5.8,746592,595978,647304,665926,608070,677587,680757,657041,678877,54.67,0.476,0.429,0.0,1.0,0.0,0.0,4.0,10,2,Split-Finger,2,0,0,2,0,2,0,2,Standard,Standard,242,0.027,-0.292,74.4,7.8,,0.524,0.292,88.0,2,-2,0.694,0.306,36,25,37,25,1,0,18.0,1,38,1,2.82,1.41,1.41,35.0,12.22069687354682,2.776940949125664,38.25383143939997,33.49211070268409,33.15021501695746,pitcher
SI,2024-09-01,94.7,-2.27,5.75,"Cobb, Alex",693304,502171,,ball,,,,,12,,R,R,R,CLE,PIT,B,,,0,0,2024,-1.43,0.42,0.2142748673499854,3.981724584257337,,,,0,2,Top,,,,,,,9.558422351902289,-137.53022575837844,0.1602011884928121,-20.333153090738744,32.9228548726611,-27.100246307809154,3.37725026499116,1.53291559133999,,,,93.2,2145,5.7,746592,595978,647304,665926,608070,677587,680757,657041,678877,54.79,,,,,,,,10,1,Sinker,2,0,0,2,0,2,0,2,Standard,Standard,224,-0.004,0.038,,,,,-0.038,,2,-2,0.698,0.302,36,25,37,25,1,0,18.0,1,38,1,2.14,1.43,1.43,39.5,,,,,,pitcher
SI,2024-09-01,93.4,-2.39,5.45,"Cobb, Alex",665833,502171,strikeout,called_strike,,,,,3,Oneil Cruz called out on strikes.,R,L,R,CLE,PIT,S,2.0,,3,2,2024,-1.25,1.15,0.6577933292972338,3.191694140853751,,,,2,1,Top,,,,,,,10.467708502354103,-135.7278001200044,-2.582279440391238,-17.7590633219709,28.554512759769505,-17.48814774093984,3.80960132804666,1.73264383979279,,,,92.5,1963,5.7,746592,595978,647304,665926,608070,677587,680757,657041,678877,54.78,,0.0,0.0,1.0,0.0,0.0,,3,6,Sinker,0,0,0,0,0,0,0,0,Strategic,Standard,238,0.012,-0.325,,,,,0.325,,0,0,0.536,0.464,36,25,37,26,1,0,18.0,1,38,1,1.46,1.25,-1.25,33.2,,,,,,pitcher
SI,2024-09-01,93.8,-2.4,5.52,"Cobb, Alex",665833,502171,,called_strike,,,,,2,,R,L,R,CLE,PIT,S,,,3,1,2024,-1.57,0.17,0.0898195008244779,3.491453258729959,,,,2,1,Top,,,,,,,9.731483557892124,-136.20307011928685,0.1195863354284755,-21.716185257247048,29.74446867637544,-30.35213945285669,3.95999952946599,1.77357460927277,,,,92.3,2007,5.5,746592,595978,647304,665926,608070,677587,680757,657041,678877,55.0,,,,,,,,3,5,Sinker,0,0,0,0,0,0,0,0,Strategic,Standard,234,0.003,-0.089,,,,,0.089,,0,0,0.533,0.467,36,25,37,26,1,0,18.0,1,38,1,2.43,1.57,-1.57,36.1,,,,,,pitcher
FS,2024-09-01,89.5,-2.28,5.53,"Cobb, Alex",665833,502171,,ball,,,,,13,,R,L,R,CLE,PIT,B,,,2,1,2024,-1.45,-0.06,-0.1030939945737405,0.7890527871338038,,,,2,1,Top,,,,,,,8.412592802176322,-130.01251969610587,-5.542651716390275,-18.262610911892924,27.11577353003732,-31.82979474885261,3.8017378294162,1.69793621846224,,,,89.2,1493,6.2,746592,595978,647304,665926,608070,677587,680757,657041,678877,54.29,,,,,,,,3,4,Split-Finger,0,0,0,0,0,0,0,0,Strategic,Standard,242,-0.004,0.112,,,,,-0.112,,0,0,0.537,0.463,36,25,37,26,1,0,18.0,1,38,1,2.91,1.45,-1.45,35.3,,,,,,pitcher
FS,2024-09-01,89.1,-2.44,5.52,"Cobb, Alex",665833,502171,,ball,,,,,13,,R,L,R,CLE,PIT,B,,,1,1,2024,-1.0,-0.01,-0.6949591855803862,1.0073237293369883,,,,2,1,Top,,,,,,,6.316165337621796,-129.53283253402122,-4.9866758413883785,-12.5859249729856,26.55304661181265,-31.460411663027376,3.85018338781047,1.82633515148466,,,,88.3,1349,5.8,746592,595978,647304,665926,608070,677587,680757,657041,678877,54.72,,,,,,,,3,3,Split-Finger,0,0,0,0,0,0,0,0,Strategic,Standard,243,-0.001,0.058,,,,,-0.058,,0,0,0.538,0.462,36,25,37,26,1,0,18.0,1,38,1,2.88,1.0,-1.0,33.1,,,,,,pitcher
FS,2024-09-01,89.2,-2.46,5.65,"Cobb, Alex",665833,502171,,swinging_strike,,,,,4,,R,L,R,CLE,PIT,S,,,1,0,2024,-1.27,0.54,-0.5798344800961943,2.5164713844673274,,,,2,1,Top,,,,,,,7.211254620520679,-129.73742958369607,-2.7982437386745875,-15.899115342435088,26.7371939804735,-25.71849292400379,3.96,1.83,,,,88.3,1491,5.7,746592,595978,647304,665926,608070,677587,680757,657041,678877,54.81,,,,,,,,3,2,Split-Finger,0,0,0,0,0,0,0,0,Strategic,Strategic,239,0.001,-0.051,86.5,7.9,4.22565366,,0.051,,0,0,0.537,0.463,36,25,37,26,1,0,18.0,1,38,1,2.33,1.27,-1.27,34.1,18.89491782014433,-20.761837396808232,28.467823671533093,43.66288916934761,44.27757774059046,pitcher
KC,2024-09-01,83.7,-2.32,5.77,"Cobb, Alex",665833,502171,,ball,,,,,13,,R,L,R,CLE,PIT,B,,,0,0,2024,0.55,-1.1,-1.0383978672164422,2.230860705024702,,,,2,1,Top,,,,,,,1.8470304973563143,-121.93124403556664,0.3575327272783661,5.186596589163008,22.6532142403438,-43.4920360968604,3.86935872682529,1.79264213788041,,,,82.9,2763,5.5,746592,595978,647304,665926,608070,677587,680757,657041,678877,54.96,,,,,,,,3,1,Knuckle Curve,0,0,0,0,0,0,0,0,Strategic,Strategic,43,-0.001,0.04,,,,,-0.04,,0,0,0.538,0.462,36,25,37,26,1,0,18.0,1,38,1,4.33,-0.55,0.55,41.4,,,,,,pitcher
FS,2024-09-01,89.0,-2.39,5.49,"Cobb, Alex",668804,502171,field_out,hit_into_play,,,,,7,"Bryan Reynolds grounds out, pitcher Alex Cobb to first baseman Josh Naylor.",R,L,R,CLE,PIT,X,1.0,ground_ball,2,2,2024,-0.81,-0.33,-0.796617814849298,1.6215450857113365,,,,1,1,Top,127.86,181.65,,,,,5.565873801555185,-129.5916604282189,-2.7813573332258046,-10.249425264085298,25.617823453477428,-35.55580948871357,3.06,1.49,9.0,90.0,-9.0,88.7,1471,5.9,746592,595978,647304,665926,608070,677587,680757,657041,678877,54.59,0.168,0.204,0.0,1.0,0.0,0.0,2.0,2,6,Split-Finger,0,0,0,0,0,0,0,0,Strategic,Standard,247,0.014,-0.225,66.4,6.8,,0.247,0.225,90.0,0,0,0.524,0.476,36,29,37,29,1,0,18.0,1,38,1,3.19,0.81,-0.81,31.9,3.5234561189992424,10.184030366929282,39.083867879967485,44.79754797311685,20.96334190820702,pitcher
FS,2024-09-01,90.3,-2.54,5.53,"Cobb, Alex",668804,502171,,foul,,,,,13,,R,L,R,CLE,PIT,S,,,2,2,2024,-1.04,-0.04,-0.5539876267157438,1.30289207843732,,,,1,1,Top,,,,,,,7.05445116164163,-131.3155095315798,-4.473891490103703,-13.44111399465588,26.15352739423814,-31.949322372991883,3.06,1.49,,,,89.6,1648,5.8,746592,595978,647304,665926,608070,677587,680757,657041,678877,54.74,,,,,,,,2,5,Split-Finger,0,0,0,0,0,0,0,0,Strategic,Standard,239,0.0,0.0,,,,,0.0,,0,0,0.524,0.476,36,29,37,29,1,0,18.0,1,38,1,2.83,1.04,-1.04,31.7,,,,,,pitcher
SI,2024-09-01,93.7,-2.29,5.54,"Cobb, Alex",668804,502171,,ball,,,,,12,,R,L,R,CLE,PIT,B,,,1,2,2024,-1.59,0.31,0.9412233585402836,3.3104480071592306,,,,1,1,Top,,,,,,,11.73967857746528,-135.97102435368345,-0.6801326954410809,-22.24344760597542,29.75777594096149,-28.3822881916964,3.0501137790738,1.52691210452177,,,,92.8,1838,5.9,746592,595978,647304,665926,608070,677587,680757,657041,678877,54.57,,,,,,,,2,4,Sinker,0,0,0,0,0,0,0,0,Strategic,Standard,237,-0.003,0.043,,,,,-0.043,,0,0,0.527,0.473,36,29,37,29,1,0,18.0,1,38,1,2.3,1.59,-1.59,35.5,,,,,,pitcher
FS,2024-09-01,88.1,-2.39,5.7,"Cobb, Alex",668804,502171,,foul,,,,,4,,R,L,R,CLE,PIT,S,,,1,1,2024,-0.68,0.38,-0.5843644403264318,2.282205515136388,,,,1,1,Top,,,,,,,5.730553330218879,-128.18322469466057,-2.9960151782050493,-8.708433598054645,25.41418634876295,-27.533329154250108,3.06,1.49,228.0,77.7,48.0,87.1,1458,5.6,746592,595978,647304,665926,608070,677587,680757,657041,678877,54.9,,,,,,,,2,3,Split-Finger,0,0,0,0,0,0,0,0,Standard,Standard,233,0.004,-0.061,67.4,6.6,,,0.061,88.0,0,0,0.523,0.477,36,29,37,29,1,0,18.0,1,38,1,2.54,0.68,-0.68,34.0,6.789606759185003,16.4966040081751,39.55957947046006,42.86717761978964,21.957978487657805,pitcher
KC,2024-09-01,81.9,-2.19,5.79,"Cobb, Alex",668804,502171,,called_strike,,,,,1,,R,L,R,CLE,PIT,S,,,1,0,2024,0.23,-1.03,-0.3689761891500047,3.0401375987386148,,,,1,1,Top,,,,,,,3.620160616042007,-119.2131690978895,2.3217578281601248,1.4912612884083916,24.02088916207296,-42.69833273655713,3.04728600370622,1.47277932009288,,,,80.7,2809,5.6,746592,595978,647304,665926,608070,677587,680757,657041,678877,54.93,,,,,,,,2,2,Knuckle Curve,0,0,0,0,0,0,0,0,Standard,Standard,43,0.003,-0.051,,,,,0.051,,0,0,0.52,0.48,36,29,37,29,1,0,18.0,1,38,1,4.44,-0.23,0.23,38.5,,,,,,pitcher
KC,2024-09-01,82.3,-2.27,5.8,"Cobb, Alex",668804,502171,,ball,,,,,11,,R,L,R,CLE,PIT,B,,,0,0,2024,0.64,-0.97,-1.6819488722405889,3.70974799539617,,,,1,1,Top,,,,,,,0.1015969883696992,-119.75794377238056,3.6088248471906215,6.093301934349716,23.95789900324887,-42.401593487300914,3.06000063101907,1.47602749777949,,,,81.0,2685,5.5,746592,595978,647304,665926,608070,677587,680757,657041,678877,55.03,,,,,,,,2,1,Knuckle Curve,0,0,0,0,0,0,0,0,Infield shade,Standard,42,-0.002,0.039,,,,,-0.039,,0,0,0.522,0.478,36,29,37,29,1,0,18.0,1,38,1,4.34,-0.64,0.64,39.6,,,,,,pitcher
FS,2024-09-01,90.1,-2.32,5.49,"Cobb, Alex",643396,502171,field_out,hit_into_play,,,,,14,"Isiah Kiner-Falefa grounds out, third baseman José Ramírez to first baseman Josh Naylor.",R,R,R,CLE,PIT,X,5.0,ground_ball,2,2,2024,-0.83,-0.26,0.225344714389906,1.111131134540317,,,,0,1,Top,106.64,152.34,,,,,8.013802054329934,-131.01074196225,-4.363469469082869,-11.22738109939059,26.366500221658693,-34.46765247681057,3.25,1.47,2.0,77.3,-25.0,89.6,1598,5.9,746592,595978,647304,665926,608070,677587,680757,657041,678877,54.57,0.045,0.054,0.0,1.0,0.0,0.0,2.0,1,5,Split-Finger,0,0,0,0,0,0,0,0,Standard,Standard,241,0.019,-0.227,72.5,7.0,,0.067,0.227,88.0,0,0,0.503,0.497,36,29,37,29,1,0,18.0,1,38,1,3.06,0.83,0.83,36.5,-4.486665570856481,0.0898733018692204,41.871424167514,36.84273522381661,28.914239779740782,pitcher
SI,2024-09-01,93.2,-2.29,5.59,"Cobb, Alex",643396,502171,,ball,,,,,12,,R,R,R,CLE,PIT,B,,,1,2,2024,-1.44,0.33,1.3475462380594778,3.5952222389424366,,,,0,1,Top,,,,,,,12.341085075326834,-135.3123867406674,-0.1057321606615809,-20.252550482930527,26.394959239555146,-28.315735808335937,3.24999894091931,1.47532651307116,,,,92.5,2054,5.7,746592,595978,647304,665926,608070,677587,680757,657041,678877,54.76,,,,,,,,1,4,Sinker,0,0,0,0,0,0,0,0,Standard,Standard,230,-0.004,0.04,,,,,-0.04,,0,0,0.507,0.493,36,29,37,29,1,0,18.0,1,38,1,2.29,1.44,1.44,38.3,,,,,,pitcher
FS,2024-09-01,90.1,-2.26,5.48,"Cobb, Alex",643396,502171,,ball,,,,,14,,R,R,R,CLE,PIT,B,,,0,2,2024,-1.34,-0.11,0.0259820762700004,1.001567501731282,,,,0,1,Top,,,,,,,8.427864412254676,-131.01523331643605,-4.950830411531308,-17.113170761279306,25.651177340395165,-32.614989274929414,3.15852112586235,1.37580264194693,,,,89.7,1709,5.9,746592,595978,647304,665926,608070,677587,680757,657041,678877,54.61,,,,,,,,1,3,Split-Finger,0,0,0,0,0,0,0,0,Standard,Standard,241,-0.002,0.023,,,,,-0.023,,0,0,0.509,0.491,36,29,37,29,1,0,18.0,1,38,1,2.9,1.34,1.34,33.6,,,,,,pitcher
SI,2024-09-01,93.7,-2.26,5.63,"Cobb, Alex",643396,502171,,called_strike,,,,,3,,R,R,R,CLE,PIT,S,,,0,1,2024,-1.5,0.12,0.4979978442823791,2.702236697510029,,,,0,1,Top,,,,,,,10.318743108351406,-136.07513302873426,-2.0572384555349883,-20.89818596090824,30.481951583151886,-30.37070989612478,3.16012078652992,1.42861943251696,,,,92.7,1918,5.8,746592,595978,647304,665926,608070,677587,680757,657041,678877,54.67,,,,,,,,1,2,Sinker,0,0,0,0,0,0,0,0,Standard,Standard,233,0.006,-0.054,,,,,0.054,,0,0,0.503,0.497,36,29,37,29,1,0,18.0,1,38,1,2.49,1.5,1.5,35.1,,,,,,pitcher
SI,2024-09-01,94.0,-2.27,5.64,"Cobb, Alex",643396,502171,,called_strike,,,,,12,,R,R,R,CLE,PIT,S,,,0,0,2024,-1.68,0.22,0.4956493971421551,3.4173462765943783,,,,0,1,Top,,,,,,,10.75208454172896,-136.41098969971318,-0.4359359554614598,-23.477106882826124,33.24668424824927,-29.56109647390023,3.2634007731617,1.46802484664143,,,,92.4,1935,5.7,746592,595978,647304,665926,608070,677587,680757,657041,678877,54.79,,,,,,,,1,1,Sinker,0,0,0,0,0,0,0,0,Standard,Standard,229,0.003,-0.037,,,,,0.037,,0,0,0.5,0.5,36,29,37,29,1,0,18.0,1,38,1,2.39,1.68,1.68,35.6,,,,,,pitcher
SI,2024-08-14,94.5,-2.26,5.41,"Cobb, Alex",673548,502171,walk,ball,,,,,13,Seiya Suzuki walks. Michael Busch to 2nd.,R,R,R,CLE,CHC,B,,,3,2,2024,-1.34,0.57,-0.4314811817051935,1.2162935013117784,,,683737.0,2,6,Top,,,,,,,7.682347408662478,-137.28759105259687,-6.421868787115089,-18.69500936343084,31.3514501991104,-23.729032281728287,3.19086665196191,1.4100002297969,,,,93.6,2073,5.9,746598,595978,647304,665926,608070,677587,680757,657041,678877,54.59,,0.689131,0.7,1.0,0.0,0.0,,43,8,Sinker,4,1,1,4,1,4,1,4,Strategic,Standard,233,-0.02,0.217,,,,,-0.217,,3,-3,0.886,0.114,36,29,37,30,3,2,5.0,1,18,2,2.0,1.34,1.34,34.6,,,,,,pitcher
FS,2024-08-14,89.2,-2.29,5.52,"Cobb, Alex",673548,502171,,ball,,,,,14,,R,R,R,CLE,CHC,B,,,2,2,2024,-0.99,0.02,0.3912969594452048,1.085275010793899,,,683737.0,2,6,Top,,,,,,,8.611250300247534,-129.5344130447047,-4.886052247351459,-12.972387024180824,27.030924143073005,-31.070315745747,3.20654769430633,1.43339443974541,,,,88.5,1644,6.0,746598,595978,647304,665926,608070,677587,680757,657041,678877,54.51,,,,,,,,43,7,Split-Finger,4,1,1,4,1,4,1,4,Strategic,Standard,247,-0.007,0.085,,,,,-0.085,,3,-3,0.893,0.107,36,29,37,30,3,2,5.0,1,18,2,2.85,0.99,0.99,36.5,,,,,,pitcher
SI,2024-08-14,93.8,-2.18,5.52,"Cobb, Alex",673548,502171,,ball,,,,,8,,R,R,R,CLE,CHC,B,,,1,2,2024,-1.14,0.62,0.183112123067876,1.5204711758555172,,,683737.0,2,6,Top,,,,,,,8.598669710075688,-136.27205099476393,-5.9576229286789575,-16.08985041332707,28.682855041100478,-23.379991156201708,3.26925083472144,1.50269545291977,,,,93.5,2051,6.1,746598,595978,647304,665926,608070,677587,680757,657041,678877,54.37,,,,,,,,43,6,Sinker,4,1,1,4,1,4,1,4,Strategic,Standard,229,-0.003,0.038,,,,,-0.038,,3,-3,0.896,0.104,36,29,37,30,3,2,5.0,1,18,2,1.97,1.14,1.14,38.5,,,,,,pitcher
SI,2024-08-14,93.2,-2.29,5.38,"Cobb, Alex",673548,502171,,ball,,,,,14,,R,R,R,CLE,CHC,B,,,0,2,2024,-1.28,0.09,0.960144234140052,1.4958582352877985,,,683737.0,2,6,Top,,,,,,,11.058587244909791,-135.1651060805369,-4.3312897805727815,-18.13060258133592,30.198417254842635,-30.284670315158856,3.18538176850149,1.40999850265325,,,,92.3,1954,6.0,746598,595978,647304,665926,608070,677587,680757,657041,678877,54.48,,,,,,,,43,5,Sinker,4,1,1,4,1,4,1,4,Strategic,Standard,238,-0.002,0.027,,,,,-0.027,,3,-3,0.898,0.102,36,29,37,30,3,2,5.0,1,18,2,2.56,1.28,1.28,34.2,,,,,,pitcher
FS,2024-08-14,87.7,-2.43,5.47,"Cobb, Alex",673548,502171,,foul,,,,,1,,R,R,R,CLE,CHC,S,,,0,2,2024,-0.33,0.2,-0.5747248666520341,2.605931627819501,,,683737.0,2,6,Top,,,,,,,5.137056538992171,-127.67668122302833,-1.2693721404007714,-4.623741871234236,23.974968864588217,-29.878225454385564,3.12,1.41,194.0,67.0,37.0,87.6,1323,6.0,746598,595978,647304,665926,608070,677587,680757,657041,678877,54.47,,,,,,,,43,4,Split-Finger,4,1,1,4,1,4,1,4,Strategic,Standard,247,0.0,0.0,60.7,5.7,,,0.0,88.0,3,-3,0.898,0.102,36,29,37,30,3,2,5.0,1,18,2,2.74,0.33,0.33,35.9,-11.48694488303966,18.914975738610117,33.022048646611026,30.238028559927024,21.396334088496943,pitcher
SI,2024-08-14,92.7,-2.16,5.45,"Cobb, Alex",673548,502171,,foul,,,,,3,,R,R,R,CLE,CHC,S,,,0,2,2024,-1.2,0.11,0.3351981145661227,2.9746160710541982,,,683737.0,2,6,Top,,,,,,,8.926508167382952,-134.8143591994724,-0.7564650939985912,-16.51970195412614,29.16562265007692,-30.92159066067745,3.12,1.41,291.0,88.3,39.0,92.1,1908,6.0,746598,595978,647304,665926,608070,677587,680757,657041,678877,54.54,,,,,,,,43,3,Sinker,4,1,1,4,1,4,1,4,Strategic,Standard,237,0.0,0.0,69.6,6.0,,,0.0,88.3,3,-3,0.898,0.102,36,29,37,30,3,2,5.0,1,18,2,2.55,1.2,1.2,34.9,-3.549892614750134,29.391426485193136,25.685265516837948,41.01913481360072,19.06935644789779,pitcher
KC,2024-08-14,82.4,-2.18,5.57,"Cobb, Alex",673548,502171,,foul,,,,,13,,R,R,R,CLE,CHC,S,,,0,1,2024,0.74,-0.77,-1.1389812079693753,2.075947346012079,,,683737.0,2,6,Top,,,,,,,0.9202122012429564,-120.13186118092692,-0.0264563185081707,7.0605947735561605,21.434925848781088,-39.83596868045523,3.12,1.41,144.0,54.4,30.0,82.0,2675,5.7,746598,595978,647304,665926,608070,677587,680757,657041,678877,54.76,,,,,,,,43,2,Knuckle Curve,4,1,1,4,1,4,1,4,Strategic,Standard,49,0.005,-0.054,62.8,5.6,,,0.054,88.0,3,-3,0.893,0.107,36,29,37,30,3,2,5.0,1,18,2,4.09,-0.74,-0.74,40.9,-18.894224371811323,8.799727806019284,43.36718664608677,23.87951393761416,19.221924517688556,pitcher
SI,2024-08-14,93.8,-2.33,5.44,"Cobb, Alex",673548,502171,,called_strike,,,,,1,,R,R,R,CLE,CHC,S,,,0,0,2024,-1.21,0.13,-0.4913331657769855,3.2557468930086526,,,683737.0,2,6,Top,,,,,,,7.360136603119934,-136.44083134574296,-0.19521927014978,-16.751735256368903,29.74287082404888,-30.77176918368698,3.21699343870216,1.44984223883917,,,,93.2,2003,5.9,746598,595978,647304,665926,608070,677587,680757,657041,678877,54.59,,,,,,,,43,1,Sinker,4,1,1,4,1,4,1,4,Strategic,Standard,230,0.003,-0.047,,,,,0.047,,3,-3,0.89,0.11,36,29,37,30,3,2,5.0,1,18,2,2.46,1.21,1.21,33.3,,,,,,pitcher
SI,2024-08-14,92.9,-2.22,5.56,"Cobb, Alex",683737,502171,walk,ball,,,,,12,Michael Busch walks.,R,L,R,CLE,CHC,B,,,3,1,2024,-1.1,0.62,0.8964764983123394,3.106449122532478,,,,2,6,Top,,,,,,,10.295255956064288,-134.99615749197426,-1.883526908043906,-15.594218843746924,25.755682114458622,-24.367961536057315,3.23531777661198,1.47601118048129,,,,92.6,2039,5.9,746598,595978,647304,665926,608070,677587,680757,657041,678877,54.58,,0.689131,0.7,1.0,0.0,0.0,,42,5,Sinker,4,1,1,4,1,4,1,4,Strategic,Standard,226,-0.007,0.178,,,,,-0.178,,3,-3,0.897,0.103,36,26,37,27,3,2,5.0,1,18,2,2.0,1.1,-1.1,43.2,,,,,,pitcher
SI,2024-08-14,92.8,-2.23,5.46,"Cobb, Alex",683737,502171,,ball,,,,,12,,R,L,R,CLE,CHC,B,,,2,1,2024,-1.14,0.38,0.0346050615163078,3.5780871016552904,,,,2,6,Top,,,,,,,8.217608724363943,-135.03792621939883,0.0911585292935907,-15.639527300919584,26.908125766594065,-27.66488455658727,3.11549440149333,1.53904235578434,,,,92.4,1992,5.9,746598,595978,647304,665926,608070,677587,680757,657041,678877,54.63,,,,,,,,42,4,Sinker,4,1,1,4,1,4,1,4,Standard,Standard,233,-0.004,0.112,,,,,-0.112,,3,-3,0.901,0.099,36,26,37,27,3,2,5.0,1,18,2,2.24,1.14,-1.14,34.1,,,,,,pitcher
KC,2024-08-14,82.5,-2.28,5.59,"Cobb, Alex",683737,502171,,ball,,,,,13,,R,L,R,CLE,CHC,B,,,1,1,2024,0.75,-1.09,-0.3438250884181991,0.1943042734509852,,,,2,6,Top,,,,,,,2.919253508376013,-120.09273913059442,-3.641229791578066,6.701141182390838,23.16822019688684,-42.217198642174665,3.14843134905354,1.49368677029111,,,,81.9,2698,5.9,746598,595978,647304,665926,608070,677587,680757,657041,678877,54.64,,,,,,,,42,3,Knuckle Curve,4,1,1,4,1,4,1,4,Standard,Standard,44,-0.001,0.058,,,,,-0.058,,3,-3,0.902,0.098,36,26,37,27,3,2,5.0,1,18,2,4.43,-0.75,0.75,42.5,,,,,,pitcher
SI,2024-08-14,92.4,-2.28,5.39,"Cobb, Alex",683737,502171,,foul,,,,,2,,R,L,R,CLE,CHC,S,,,1,0,2024,-1.37,0.17,-0.1367131657528424,2.843190689018818,,,,2,6,Top,,,,,,,8.36454059671463,-134.30468420961802,-1.0282401671049692,-18.404124270860667,28.85132931051195,-30.14303606538855,3.17,1.55,241.0,78.8,46.0,91.6,2013,5.8,746598,595978,647304,665926,608070,677587,680757,657041,678877,54.67,,,,,,,,42,2,Sinker,4,1,1,4,1,4,1,4,Standard,Standard,234,0.001,-0.051,68.8,6.6,,,0.051,88.0,3,-3,0.901,0.099,36,26,37,27,3,2,5.0,1,18,2,2.51,1.37,-1.37,34.0,3.8283479658313455,14.477559513889537,35.09283906125128,35.62704628322499,22.36175474052848,pitcher
SI,2024-08-14,92.6,-2.31,5.51,"Cobb, Alex",683737,502171,,ball,,,,,11,,R,L,R,CLE,CHC,B,,,0,0,2024,-1.22,0.24,-0.1921491707815423,3.672113756647841,,,,2,6,Top,,,,,,,7.984229766792757,-134.77502954205266,0.515938809492365,-16.56606232284387,26.38674346491805,-29.479576492306983,3.26827897478699,1.55000021056068,,,,92.0,1982,5.7,746598,595978,647304,665926,608070,677587,680757,657041,678877,54.78,,,,,,,,42,1,Sinker,4,1,1,4,1,4,1,4,Standard,Standard,238,-0.001,0.04,,,,,-0.04,,3,-3,0.902,0.098,36,26,37,27,3,2,5.0,1,18,2,2.39,1.22,-1.22,34.5,,,,,,pitcher
FS,2024-08-14,87.2,-2.38,5.54,"Cobb, Alex",664023,502171,field_out,hit_into_play,,,,,8,"Ian Happ grounds out, first baseman Josh Naylor to pitcher Alex Cobb.",R,L,R,CLE,CHC,X,3.0,ground_ball,2,1,2024,-0.24,0.08,-0.031759673510089,1.90316706420285,,,,1,6,Top,165.91,168.43,,,,,6.079779726605218,-126.98310345948512,-2.7853476631746217,-3.797401603966697,24.000544763003163,-30.9827584693048,3.54,1.63,3.0,88.4,-31.0,86.7,1561,5.7,746598,595978,647304,665926,608070,677587,680757,657041,678877,54.77,0.062,0.061,0.0,1.0,0.0,0.0,2.0,41,4,Split-Finger,4,1,1,4,1,4,1,4,Infield shade,Standard,250,0.018,-0.302,74.3,7.1,,0.064,0.302,88.4,3,-3,0.884,0.116,36,29,37,30,3,2,5.0,1,18,2,2.9,0.24,-0.24,34.9,21.730453317380064,7.038506596653783,36.236077666200295,35.59500744944402,33.85168347151844,pitcher
KC,2024-08-14,83.2,-2.3,5.59,"Cobb, Alex",664023,502171,,ball,,,,,14,,R,L,R,CLE,CHC,B,,,1,1,2024,0.78,-0.99,0.4231311261084213,0.4012067567548296,,,,1,6,Top,,,,,,,4.653516739178752,-121.22850796189698,-3.523741938745592,6.870723931722657,22.687447556616835,-41.53456843307714,3.46809953505533,1.50896754516398,,,,82.3,2748,5.5,746598,595978,647304,665926,608070,677587,680757,657041,678877,55.01,,,,,,,,41,3,Knuckle Curve,4,1,1,4,1,4,1,4,Infield shade,Standard,38,-0.004,0.059,,,,,-0.059,,3,-3,0.888,0.112,36,29,37,30,3,2,5.0,1,18,2,4.27,-0.78,0.78,38.8,,,,,,pitcher
KC,2024-08-14,83.6,-2.18,5.54,"Cobb, Alex",664023,502171,,ball,,,,,14,,R,L,R,CLE,CHC,B,,,0,1,2024,0.65,-0.96,0.6809456127556888,0.0815349046988758,,,,1,6,Top,,,,,,,5.278236710265465,-121.76069667166269,-4.268518693804089,5.471657763524689,23.10558196253817,-41.15115502909744,3.45045250598567,1.55588186831755,,,,83.1,2750,5.8,746598,595978,647304,665926,608070,677587,680757,657041,678877,54.68,,,,,,,,41,2,Knuckle Curve,4,1,1,4,1,4,1,4,Infield shade,Standard,39,-0.001,0.024,,,,,-0.024,,3,-3,0.889,0.111,36,29,37,30,3,2,5.0,1,18,2,4.21,-0.65,0.65,41.1,,,,,,pitcher
SI,2024-08-14,92.7,-2.42,5.44,"Cobb, Alex",664023,502171,,called_strike,,,,,3,,R,L,R,CLE,CHC,S,,,0,0,2024,-1.16,0.38,0.5647749590341595,3.246519626457363,,,,1,6,Top,,,,,,,10.091456340397787,-134.76956496251012,-0.6560016302527034,-16.27276716755825,26.928560504357637,-27.62891134157314,3.51364268117421,1.56562574385666,,,,92.3,1998,5.9,746598,595978,647304,665926,608070,677587,680757,657041,678877,54.56,,,,,,,,41,1,Sinker,4,1,1,4,1,4,1,4,Infield shade,Standard,237,0.002,-0.037,,,,,0.037,,3,-3,0.887,0.113,36,29,37,30,3,2,5.0,1,18,2,2.26,1.16,-1.16,34.5,,,,,,pitcher
FS,2024-08-14,88.3,-2.16,5.42,"Cobb, Alex",665804,502171,field_out,hit_into_play,,,,,5,Miguel Amaya lines out to right fielder Jhonkensy Noel.,R,R,R,CLE,CHC,X,9.0,line_drive,0,1,2024,-0.47,0.3,0.0427328128729821,2.19972029505578,,,,0,6,Top,164.5,96.35,,,,,6.307430411941889,-128.4196961514704,-2.3711813542160374,-6.482746756623462,27.129175250317974,-28.552592281032197,3.35,1.56,274.0,88.2,20.0,88.0,1506,6.2,746598,595978,647304,665926,608070,677587,680757,657041,678877,54.34,0.497,0.492,0.0,1.0,0.0,0.0,4.0,40,2,Split-Finger,4,1,1,4,1,4,1,4,Standard,Standard,244,0.02,-0.217,73.5,7.1,,0.634,0.217,88.2,3,-3,0.867,0.133,36,25,37,25,2,1,5.0,2,18,2,2.63,0.47,0.47,32.8,0.0662969421730566,8.022428706345668,34.449835827611295,36.21770627952151,21.92461087331879,pitcher
SI,2024-08-14,93.4,-2.13,5.58,"Cobb, Alex",665804,502171,,called_strike,,,,,5,,R,R,R,CLE,CHC,S,,,0,0,2024,-1.29,0.28,0.1758987266802514,2.522956606462907,,,,0,6,Top,,,,,,,8.687869278868408,-135.77438249109582,-2.703917154347276,-17.877498933970923,30.13771485526674,-28.283181102285678,3.33003641602913,1.55999873565508,,,,92.6,1979,5.9,746598,595978,647304,665926,608070,677587,680757,657041,678877,54.61,,,,,,,,40,1,Sinker,4,1,1,4,1,4,1,4,Standard,Standard,231,0.004,-0.037,,,,,0.037,,3,-3,0.863,0.137,36,25,37,25,2,1,5.0,2,18,2,2.34,1.29,1.29,38.0,,,,,,pitcher
KC,2024-08-14,82.5,-2.24,5.56,"Cobb, Alex",691718,502171,field_out,hit_into_play,,,,,13,Pete Crow-Armstrong grounds out to first baseman Josh Naylor.,R,L,R,CLE,CHC,X,3.0,ground_ball,1,1,2024,0.98,-0.97,-0.4089526388730718,1.1426667725422623,,,,2,5,Top,156.27,168.43,,,,,2.2450910792948826,-120.11790020972228,-1.5793957687499902,8.953994630340219,25.47792454499861,-41.419952479424936,3.24,1.46,5.0,102.2,-14.0,81.5,2747,5.8,746598,595978,647304,665926,608070,677587,680757,657041,678877,54.72,0.312,0.283,0.0,1.0,0.0,0.0,2.0,34,3,Knuckle Curve,2,1,1,2,1,2,1,2,Standard,Standard,45,0.014,-0.244,,,,0.358,0.244,102.2,1,-1,0.694,0.306,36,22,37,22,2,1,5.0,1,18,2,4.34,-0.98,0.98,38.9,,,,,,pitcher
FS,2024-08-14,87.7,-2.43,5.45,"Cobb, Alex",691718,502171,,foul_tip,,,,,1,,R,L,R,CLE,CHC,S,,,1,0,2024,-0.26,0.12,-0.4819471965655026,2.9553655963287166,,,,2,5,Top,,,,,,,5.198755189985209,-127.69375316011964,-0.175133173547156,-3.918812078788657,25.815554689368348,-31.031399286649528,3.24,1.46,,,,86.9,1393,5.7,746598,595978,647304,665926,608070,677587,680757,657041,678877,54.81,,,,,,,,34,2,Split-Finger,2,1,1,2,1,2,1,2,Standard,Standard,255,0.003,-0.051,69.3,6.0,,,0.051,,1,-1,0.691,0.309,36,22,37,22,2,1,5.0,1,18,2,2.84,0.26,-0.26,32.4,2.993739639941595,27.426091334298057,33.088022056410416,36.21997246781239,18.76260232196006,pitcher
KC,2024-08-14,82.0,-2.28,5.66,"Cobb, Alex",691718,502171,,ball,,,,,13,,R,L,R,CLE,CHC,B,,,0,0,2024,0.83,-1.03,-1.1140594481803678,2.294483422035559,,,,2,5,Top,,,,,,,1.0287178782439232,-119.41794737645036,0.9381828045502127,7.693648081464061,24.377423408065187,-42.44670365591074,3.29448972687623,1.53942709424787,,,,80.9,2718,5.6,746598,595978,647304,665926,608070,677587,680757,657041,678877,54.88,,,,,,,,34,1,Knuckle Curve,2,1,1,2,1,2,1,2,Standard,Standard,46,-0.002,0.04,,,,,-0.04,,1,-1,0.693,0.307,36,22,37,22,2,1,5.0,1,18,2,4.44,-0.83,0.83,37.5,,,,,,pitcher
FS,2024-08-14,88.5,-2.24,5.17,"Cobb, Alex",621020,502171,field_out,hit_into_play,,,,,14,"Dansby Swanson grounds out softly, pitcher Alex Cobb to first baseman Josh Naylor.",R,R,R,CLE,CHC,X,1.0,ground_ball,2,2,2024,-0.56,-0.2,0.499915160805192,0.7579527583444148,,,,1,5,Top,126.19,176.63,,,,,7.828195618045294,-128.6372596546782,-4.254781334804665,-7.837332032867224,27.20060629325617,-33.70055480065686,3.58,1.7,1.0,55.7,-56.0,88.3,1465,6.3,746598,595978,647304,665926,608070,677587,680757,657041,678877,54.24,0.234,0.328,0.0,1.0,0.0,0.0,1.0,33,7,Split-Finger,2,1,1,2,1,2,1,2,Strategic,Standard,254,0.02,-0.225,62.2,8.5,,0.238,0.225,88.0,1,-1,0.673,0.327,36,30,37,30,2,1,5.0,1,18,2,3.12,0.56,0.56,27.0,17.85338019509436,-10.842562580256546,44.19320979244563,42.06180700793098,37.60328902120333,pitcher
FS,2024-08-14,90.0,-2.28,5.37,"Cobb, Alex",621020,502171,,foul,,,,,5,,R,R,R,CLE,CHC,S,,,2,2,2024,-0.64,-0.05,0.2413501844376768,2.667502634748303,,,,1,5,Top,,,,,,,7.574995620008704,-130.86170147023614,-0.6177396866087381,-8.8981083058939,27.18876593034336,-32.87971005473359,3.58,1.7,227.0,80.2,47.0,89.8,1525,6.2,746598,595978,647304,665926,608070,677587,680757,657041,678877,54.35,,,,,,,,33,6,Split-Finger,2,1,1,2,1,2,1,2,Strategic,Standard,254,0.0,0.0,69.6,6.7,,,0.0,88.0,1,-1,0.673,0.327,36,30,37,30,2,1,5.0,1,18,2,2.87,0.64,0.64,32.5,4.842593870851821,18.34375364096816,34.72553153607336,39.21463060427227,22.752213546687745,pitcher
SI,2024-08-14,92.5,-2.19,5.43,"Cobb, Alex",621020,502171,,foul,,,,,9,,R,R,R,CLE,CHC,S,,,2,2,2024,-1.17,0.05,0.7363933732401045,2.1694165191375783,,,,1,5,Top,,,,,,,9.930558171276347,-134.40243087403547,-2.60184575070833,-16.359454142108678,28.221525503252963,-31.21417031345429,3.58,1.7,1.0,73.3,-61.0,91.8,1946,5.9,746598,595978,647304,665926,608070,677587,680757,657041,678877,54.62,,,,,,,,33,5,Sinker,2,1,1,2,1,2,1,2,Strategic,Standard,235,0.0,0.0,67.9,7.6,,,0.0,88.0,1,-1,0.673,0.327,36,30,37,30,2,1,5.0,1,18,2,2.62,1.17,1.17,35.8,18.527634906536004,16.30232321427751,32.34162295332488,45.72063147539586,19.510037745795472,pitcher
SI,2024-08-14,93.7,-2.11,5.39,"Cobb, Alex",621020,502171,,called_strike,,,,,9,,R,R,R,CLE,CHC,S,,,2,1,2024,-1.2,0.14,0.3441867881908982,1.8446696992292135,,,,1,5,Top,,,,,,,8.939009936754271,-136.23080599015967,-3.722113622970911,-16.956101517383917,30.05510887246165,-29.73997535046398,3.62365619779238,1.6999987529975,,,,93.2,1958,6.1,746598,595978,647304,665926,608070,677587,680757,657041,678877,54.44,,,,,,,,33,4,Sinker,2,1,1,2,1,2,1,2,Strategic,Standard,234,0.007,-0.078,,,,,0.078,,1,-1,0.666,0.334,36,30,37,30,2,1,5.0,1,18,2,2.46,1.2,1.2,33.4,,,,,,pitcher
FS,2024-08-14,89.9,-2.19,5.44,"Cobb, Alex",621020,502171,,ball,,,,,13,,R,R,R,CLE,CHC,B,,,1,1,2024,-1.08,0.11,-0.5874024014916415,1.0241147334969574,,,,1,5,Top,,,,,,,6.227660556877424,-130.7829353440402,-5.195395902321131,-13.703024921321346,26.92291249522499,-30.07881541429755,3.72360317238295,1.69999924641233,,,,89.6,1728,6.1,746598,595978,647304,665926,608070,677587,680757,657041,678877,54.44,,,,,,,,33,3,Split-Finger,2,1,1,2,1,2,1,2,Strategic,Standard,241,-0.005,0.059,,,,,-0.059,,1,-1,0.671,0.329,36,30,37,30,2,1,5.0,1,18,2,2.71,1.08,1.08,32.5,,,,,,pitcher
FS,2024-08-14,89.9,-2.27,5.38,"Cobb, Alex",621020,502171,,ball,,,,,13,,R,R,R,CLE,CHC,B,,,0,1,2024,-0.92,-0.02,-1.004908501332637,1.931967302747592,,,,1,5,Top,,,,,,,5.075662420612652,-130.9179124745026,-2.555679223717818,-11.672170778297293,27.19251588750711,-32.03897920179453,3.67564870790947,1.69999848418513,,,,89.6,1633,6.0,746598,595978,647304,665926,608070,677587,680757,657041,678877,54.49,,,,,,,,33,2,Split-Finger,2,1,1,2,1,2,1,2,Standard,Standard,241,-0.002,0.024,,,,,-0.024,,1,-1,0.673,0.327,36,30,37,30,2,1,5.0,1,18,2,2.83,0.92,0.92,34.1,,,,,,pitcher
SI,2024-08-14,93.3,-2.22,5.47,"Cobb, Alex",621020,502171,,called_strike,,,,,6,,R,R,R,CLE,CHC,S,,,0,0,2024,-1.34,0.12,0.4073356743144545,2.845216873793329,,,,1,5,Top,,,,,,,9.634114740948814,-135.59768578508837,-1.2439713805569843,-18.607421527385277,29.35497754886445,-30.68336268384815,3.70975390203919,1.70000107476185,,,,92.7,1982,6.0,746598,595978,647304,665926,608070,677587,680757,657041,678877,54.49,,,,,,,,33,1,Sinker,2,1,1,2,1,2,1,2,Standard,Standard,238,0.003,-0.037,,,,,0.037,,1,-1,0.67,0.33,36,30,37,30,2,1,5.0,1,18,2,2.51,1.34,1.34,32.7,,,,,,pitcher
KC,2024-08-14,83.5,-2.04,5.66,"Cobb, Alex",663538,502171,field_out,hit_into_play,,,,,8,Nico Hoerner flies out to left fielder Steven Kwan.,R,R,R,CLE,CHC,X,7.0,fly_ball,0,0,2024,0.68,-0.87,0.2019101070752864,1.7438049491422114,,,,0,5,Top,48.81,107.24,,,,,3.787115737325745,-121.48495147395612,-0.8247396832533679,5.934388332544512,25.43270116040104,-40.80282045962733,3.23,1.53,296.0,83.4,32.0,82.4,2631,5.7,746598,595978,647304,665926,608070,677587,680757,657041,678877,54.77,0.024,0.025,0.0,1.0,0.0,0.0,3.0,32,1,Knuckle Curve,2,1,1,2,1,2,1,2,Standard,Standard,39,0.032,-0.254,67.8,7.9,,0.039,0.254,88.0,1,-1,0.638,0.362,36,27,37,27,2,1,5.0,1,18,2,4.16,-0.68,-0.68,36.9,11.370704021281403,-23.220163868138258,28.628778002738866,36.779959580386375,40.83592012259786,pitcher
FS,2024-08-14,90.6,-2.17,5.41,"Cobb, Alex",670623,502171,field_out,hit_into_play,,,,,9,Isaac Paredes flies out to left fielder Steven Kwan.,R,R,R,CLE,CHC,X,7.0,fly_ball,0,0,2024,-0.89,-0.14,0.5499023472324145,1.722930940543003,,,,2,4,Top,55.97,83.7,,,,,8.620347933103812,-131.6928999315223,-2.9795640371833487,-12.098871571312092,27.078621587910188,-33.40568115722366,3.22,1.52,333.0,96.7,27.0,90.2,1644,6.0,746598,595978,647304,665926,608070,677587,680757,657041,678877,54.47,0.315,0.56875,0.0,1.0,0.0,0.0,5.0,25,1,Split-Finger,0,1,1,0,1,0,1,0,Strategic,Standard,245,0.011,-0.256,71.9,8.7,,1.083,0.256,96.7,-1,1,0.417,0.583,36,25,37,25,2,1,5.0,1,18,2,2.92,0.89,0.89,31.7,19.215099871272336,-15.196920192708276,35.545633402937234,40.27804726244902,39.592382083145885,pitcher
FS,2024-08-14,88.3,-2.51,5.53,"Cobb, Alex",641355,502171,sac_fly,hit_into_play,,,,,13,Cody Bellinger out on a sacrifice fly to left fielder Steven Kwan. Seiya Suzuki scores.,R,L,R,CLE,CHC,X,7.0,line_drive,0,0,2024,-0.94,0.06,-1.1356756428093604,1.8527943546341652,673548.0,,,1,4,Top,107.98,91.52,,,,,5.2362861626081365,-128.47971613402032,-2.969796606661921,-11.55394755337524,26.76714798899187,-31.124453593580164,3.79,1.73,273.0,79.9,26.0,87.3,1351,5.7,746598,595978,647304,665926,608070,677587,680757,657041,678877,54.81,,0.268,0.0,1.0,0.0,0.0,3.0,24,1,Split-Finger,0,0,0,0,1,0,1,0,Strategic,Standard,243,-0.023,-0.112,61.5,8.2,,,0.112,88.0,0,0,0.44,0.56,36,28,37,29,2,1,5.0,1,18,2,2.87,0.94,-0.94,33.3,19.528476850891792,5.577027538066441,32.67042094966535,43.222777347703705,28.39806161734858,pitcher
FS,2024-08-14,89.1,-2.21,5.49,"Cobb, Alex",673548,502171,triple,hit_into_play,,,,,2,Seiya Suzuki triples (5) on a sharp line drive to center fielder Lane Thomas.,R,R,R,CLE,CHC,X,8.0,line_drive,3,2,2024,-0.81,-0.21,0.1305183727966957,2.7329681011107216,,,,1,4,Top,105.19,45.35,,,,,7.404167100217068,-129.6895771218045,-0.3575273637545184,-10.63890488600528,24.863988396075765,-34.66030392168216,3.12,1.41,382.0,105.6,22.0,88.9,1392,6.0,746598,595978,647304,665926,608070,677587,680757,657041,678877,54.51,0.705,1.2899615384615388,1.6,1.0,1.0,2.0,6.0,23,7,Split-Finger,0,0,0,0,0,0,0,0,Strategic,Standard,249,-0.082,1.011,74.1,7.2,,2.456,-1.011,105.6,0,0,0.522,0.478,36,29,37,30,2,1,5.0,1,18,2,3.06,0.81,0.81,35.1,8.59478675329557,-2.9941307778434805,24.30287084491687,39.25291324634996,33.94895268770594,pitcher
SI,2024-08-14,93.6,-2.11,5.46,"Cobb, Alex",673548,502171,,foul,,,,,2,,R,R,R,CLE,CHC,S,,,3,2,2024,-1.15,0.51,-0.2407223837419168,3.192833926236789,,,,1,4,Top,,,,,,,7.315699874216071,-136.29182501592763,-1.3370049478538122,-15.831574672510325,25.186903616627543,-25.64053143851868,3.12,1.41,176.0,74.9,63.0,93.9,2040,6.0,746598,595978,647304,665926,608070,677587,680757,657041,678877,54.45,,,,,,,,23,6,Sinker,0,0,0,0,0,0,0,0,Strategic,Standard,229,0.0,0.0,71.3,6.2,,,0.0,88.0,0,0,0.522,0.478,36,29,37,30,2,1,5.0,1,18,2,2.05,1.15,1.15,37.5,0.9250296563621448,11.644791691639156,25.8027872877286,35.18263150377234,27.75451010512524,pitcher
SI,2024-08-14,92.8,-2.28,5.51,"Cobb, Alex",673548,502171,,ball,,,,,11,,R,R,R,CLE,CHC,B,,,2,2,2024,-1.27,0.27,-0.646461097310439,4.203717869754465,,,,1,4,Top,,,,,,,6.893790230626632,-135.11489616016144,1.776284114262921,-17.028747941052558,26.53143390314368,-29.3973134601864,3.17479224379599,1.40999939981548,,,,92.5,2008,5.8,746598,595978,647304,665926,608070,677587,680757,657041,678877,54.65,,,,,,,,23,5,Sinker,0,0,0,0,0,0,0,0,Strategic,Standard,232,-0.008,0.108,,,,,-0.108,,0,0,0.53,0.47,36,29,37,30,2,1,5.0,1,18,2,2.35,1.27,1.27,36.2,,,,,,pitcher
FS,2024-08-14,89.0,-2.42,5.36,"Cobb, Alex",673548,502171,,ball,,,,,13,,R,R,R,CLE,CHC,B,,,1,2,2024,-0.83,-0.14,-0.2261036608967098,0.2636472491399595,,,,1,4,Top,,,,,,,7.101433606294306,-129.52809238683017,-6.278271288615128,-10.723672879133632,22.271265779364697,-32.7999455546369,3.08649939235876,1.409999735474,,,,89.4,1441,6.1,746598,595978,647304,665926,608070,677587,680757,657041,678877,54.35,,,,,,,,23,4,Split-Finger,0,0,0,0,0,0,0,0,Strategic,Standard,251,-0.003,0.043,,,,,-0.043,,0,0,0.533,0.467,36,29,37,30,2,1,5.0,1,18,2,2.97,0.83,0.83,32.2,,,,,,pitcher
FS,2024-08-14,90.0,-2.24,5.48,"Cobb, Alex",673548,502171,,swinging_strike,,,,,13,,R,R,R,CLE,CHC,S,,,1,1,2024,-0.82,-0.05,-0.1266586818959169,0.8622255901221729,,,,1,4,Top,,,,,,,6.9533508541603215,-131.05213034011655,-5.516891846972802,-10.788780986180535,21.14687374698314,-31.99652429115701,3.12,1.41,,,,90.5,1512,6.0,746598,595978,647304,665926,608070,677587,680757,657041,678877,54.49,,,,,,,,23,3,Split-Finger,0,0,0,0,0,0,0,0,Strategic,Standard,242,0.005,-0.061,75.9,8.1,1.333672524,,0.061,,0,0,0.528,0.472,36,29,37,30,2,1,5.0,1,18,2,2.81,0.82,0.82,35.1,17.79501041783171,-17.932013464495974,40.20720708152066,36.20645544930496,38.69361978943238,pitcher
FS,2024-08-14,89.3,-2.36,5.44,"Cobb, Alex",673548,502171,,ball,,,,,13,,R,R,R,CLE,CHC,B,,,0,1,2024,-0.89,-0.01,-0.6249720645082923,0.9257710680214082,,,,1,4,Top,,,,,,,6.119632221924302,-129.96523272001082,-5.141316445565128,-11.307466875103469,24.759828769861237,-31.440762961468128,3.15337253008081,1.41000124007949,,,,89.4,1444,6.1,746598,595978,647304,665926,608070,677587,680757,657041,678877,54.37,,,,,,,,23,2,Split-Finger,0,0,0,0,0,0,0,0,Strategic,Standard,248,-0.002,0.024,,,,,-0.024,,0,0,0.53,0.47,36,29,37,30,2,1,5.0,1,18,2,2.84,0.89,0.89,34.7,,,,,,pitcher
KC,2024-08-14,83.5,-2.28,5.64,"Cobb, Alex",673548,502171,,called_strike,,,,,2,,R,R,R,CLE,CHC,S,,,0,0,2024,1.08,-0.4,0.1270344980215745,2.897764275156812,,,,1,4,Top,,,,,,,3.3848133038698824,-121.67443559650722,0.8127261590414585,10.19667147678687,21.6867193020465,-36.50502327192624,3.07496449852162,1.29431760892052,,,,82.9,2801,5.6,746598,595978,647304,665926,608070,677587,680757,657041,678877,54.9,,,,,,,,23,1,Knuckle Curve,0,0,0,0,0,0,0,0,Strategic,Standard,46,0.003,-0.037,,,,,0.037,,0,0,0.527,0.473,36,29,37,30,2,1,5.0,1,18,2,3.63,-1.08,-1.08,39.3,,,,,,pitcher
SI,2024-08-14,93.6,-2.3,5.54,"Cobb, Alex",683737,502171,field_out,hit_into_play,,,,,3,"Michael Busch grounds out, second baseman Andrés Giménez to first baseman Josh Naylor.",R,L,R,CLE,CHC,X,4.0,ground_ball,2,0,2024,-1.18,0.43,0.2834305596581281,2.7898047610887904,,,,0,4,Top,150.69,149.62,,,,,9.16505263864447,-136.10352828344605,-2.3708327935919167,-16.53390045919345,25.578260850277296,-26.48231060760485,3.17,1.55,22.0,96.0,-6.0,93.3,2071,5.8,746598,595978,647304,665926,608070,677587,680757,657041,678877,54.65,0.254,0.279,0.0,1.0,0.0,0.0,2.0,22,3,Sinker,0,0,0,0,0,0,0,0,Standard,Standard,228,0.04,-0.361,66.1,6.4,,0.293,0.361,96.0,0,0,0.487,0.513,36,26,37,27,2,1,5.0,1,18,2,2.14,1.18,-1.18,37.9,5.844683964745284,9.63141399360723,33.59698590116358,31.086632403049883,26.417382813969795,pitcher
FS,2024-08-14,87.8,-2.3,5.62,"Cobb, Alex",683737,502171,,ball,,,,,14,,R,L,R,CLE,CHC,B,,,1,0,2024,-0.77,0.22,0.9591502448188564,0.5625887953342237,,,,0,4,Top,,,,,,,9.351384363346032,-127.4738883390707,-6.509646715602637,-10.240284814190767,25.34102887259704,-28.633354894367425,3.24728222229156,1.51944642571,,,,86.8,1642,5.7,746598,595978,647304,665926,608070,677587,680757,657041,678877,54.77,,,,,,,,22,2,Split-Finger,0,0,0,0,0,0,0,0,Standard,Standard,239,-0.009,0.069,,,,,-0.069,,0,0,0.496,0.504,36,26,37,27,2,1,5.0,1,18,2,2.74,0.77,-0.77,35.4,,,,,,pitcher
SI,2024-08-14,92.9,-2.2,5.65,"Cobb, Alex",683737,502171,,ball,,,,,3,,R,L,R,CLE,CHC,B,,,0,0,2024,-1.24,0.55,0.8167207414056978,2.9138070254017454,,,,0,4,Top,,,,,,,10.301042932558047,-135.01898731612985,-2.457012703297532,-17.259015253000058,26.443406891314023,-25.06632072537597,3.12708821174381,1.53010035402555,,,,92.1,2080,5.7,746598,595978,647304,665926,608070,677587,680757,657041,678877,54.82,,,,,,,,22,1,Sinker,0,0,0,0,0,0,0,0,Standard,Standard,230,-0.004,0.038,,,,,-0.038,,0,0,0.5,0.5,36,26,37,27,2,1,5.0,1,18,2,2.07,1.24,-1.24,40.4,,,,,,pitcher
FS,2024-08-14,87.3,-2.42,5.58,"Cobb, Alex",664023,502171,strikeout,called_strike,,,,,13,Ian Happ called out on strikes.,R,L,R,CLE,CHC,S,2.0,,1,2,2024,-0.3,-0.2,-1.0609270257214405,1.5145199867787245,,665804.0,,2,3,Top,,,,,,,3.855997389669905,-127.10673282704984,-3.1980359856060745,-4.070103527190717,26.07181370286525,-33.925012405821015,3.41597715631049,1.46880969475407,,,,86.3,1375,5.6,746598,595978,647304,665926,608070,677587,680757,657041,678877,54.85,,0.0,0.0,1.0,0.0,0.0,,18,4,Split-Finger,0,0,0,0,0,0,0,0,Strategic,Standard,252,0.026,-0.213,,,,,0.213,,0,0,0.529,0.471,36,29,37,30,2,1,5.0,1,18,2,3.19,0.3,-0.3,33.7,,,,,,pitcher
FS,2024-08-14,86.9,-2.35,5.62,"Cobb, Alex",664023,502171,,foul,,,,,14,,R,L,R,CLE,CHC,S,,,1,1,2024,-0.88,-0.35,0.8330556076514315,1.2923724158223702,,665804.0,,2,3,Top,,,,,,,9.289523847220858,-126.18020628392578,-3.3928648217784563,-11.337024645458168,26.23205154626025,-35.41891494300113,3.54,1.63,3.0,104.2,-22.0,85.6,1461,5.6,746598,595978,647304,665926,608070,677587,680757,657041,678877,54.85,,,,,,,,18,3,Split-Finger,0,0,0,0,0,0,0,0,Strategic,Standard,248,0.009,-0.06,64.3,7.2,,,0.06,104.2,0,0,0.52,0.48,36,29,37,30,2,1,5.0,1,18,2,3.39,0.88,-0.88,33.7,14.1957984820383,-9.804265569326205,41.718495583029885,26.1481163591769,35.77440049455079,pitcher
FS,2024-08-14,88.0,-2.45,5.61,"Cobb, Alex",664023,502171,,blocked_ball,,,,,14,,R,L,R,CLE,CHC,B,,,0,1,2024,-1.3,-0.14,0.3561775374206326,0.1719135486366227,,665804.0,,2,3,Top,,,,,,,9.356034324051818,-127.74363716826603,-6.6676708495016666,-16.18967268672671,27.10074922704421,-32.448272979920525,3.55298071462226,1.63000084440467,,,,86.6,1530,5.6,746598,595978,647304,665926,608070,677587,680757,657041,678877,54.9,,,,,,,,18,2,Split-Finger,0,0,0,0,0,0,0,0,Standard,Standard,245,-0.004,0.012,,,,,-0.012,,0,0,0.524,0.476,36,29,37,30,2,1,5.0,1,18,2,3.11,1.3,-1.3,34.6,,,,,,pitcher
KC,2024-08-14,82.0,-2.25,5.77,"Cobb, Alex",664023,502171,,called_strike,,,,,4,,R,L,R,CLE,CHC,S,,,0,0,2024,0.61,-1.03,-0.3246825698243999,2.287072417627856,,665804.0,,2,3,Top,,,,,,,3.138705710299376,-119.3401524486452,0.7071736056297186,5.076878967692245,25.6075159524602,-42.32496015690116,3.54326691648944,1.63000133578263,,,,80.7,2653,5.6,746598,595978,647304,665926,608070,677587,680757,657041,678877,54.85,,,,,,,,18,1,Knuckle Curve,0,0,0,0,0,0,0,0,Standard,Standard,43,0.006,-0.04,,,,,0.04,,0,0,0.518,0.482,36,29,37,30,2,1,5.0,1,18,2,4.45,-0.61,0.61,40.1,,,,,,pitcher
SI,2024-08-14,93.7,-2.27,5.55,"Cobb, Alex",665804,502171,double,hit_into_play,,,,,5,Miguel Amaya doubles (8) on a line drive to center fielder Lane Thomas.,R,R,R,CLE,CHC,X,8.0,line_drive,0,0,2024,-1.48,0.45,0.0873261895164805,2.69538434715341,,,,2,3,Top,166.64,72.14,,,,,9.28835934403944,-136.09878507412475,-2.595002020876505,-20.434309077541705,29.89778541086577,-26.196021465053903,3.35,1.56,331.0,96.0,21.0,93.0,2046,6.0,746598,595978,647304,665926,608070,677587,680757,657041,678877,54.5,0.224,0.264,1.25,1.0,1.0,1.0,3.0,17,1,Sinker,0,0,0,0,0,0,0,0,Standard,Standard,231,-0.025,0.614,74.4,7.1,,0.429,-0.614,96.0,0,0,0.543,0.457,36,25,37,25,1,0,5.0,2,18,2,2.16,1.48,1.48,36.8,2.0679969151675444,7.577754287481423,29.297518541480315,36.29443093594107,22.68119940104666,pitcher
FS,2024-08-14,88.9,-2.39,5.52,"Cobb, Alex",691718,502171,field_out,hit_into_play,,,,,7,Pete Crow-Armstrong flies out to center fielder Lane Thomas.,R,L,R,CLE,CHC,X,8.0,fly_ball,1,2,2024,-1.0,0.25,-0.7423649759411411,1.7631378785347849,,,,1,3,Top,112.97,63.61,,,,,6.073520906418418,-129.3328118317215,-3.670443320982719,-12.439303840451998,26.66397678878811,-28.790770665098155,3.24,1.46,338.0,92.9,25.0,88.2,1408,5.8,746598,595978,647304,665926,608070,677587,680757,657041,678877,54.66,0.15,0.19,0.0,1.0,0.0,0.0,3.0,16,5,Split-Finger,0,0,0,0,0,0,0,0,Infield shade,Standard,241,0.013,-0.182,66.8,7.9,,0.303,0.182,92.9,0,0,0.53,0.47,36,22,37,22,1,0,5.0,1,18,2,2.63,1.0,-1.0,32.3,15.49062042788242,-2.6917013645705663,39.9723579205829,40.57309134195306,30.7438035263067,pitcher
SI,2024-08-14,92.1,-2.21,5.52,"Cobb, Alex",691718,502171,,ball,,,,,12,,R,L,R,CLE,CHC,B,,,0,2,2024,-1.15,0.25,1.1964400803645905,3.555729036596148,,,,1,3,Top,,,,,,,11.009376816050636,-133.6794966517285,0.3324222337671279,-16.146572534044413,29.02450443925933,-29.477802029198912,3.31887268466402,1.46000064954479,,,,91.1,1911,5.8,746598,595978,647304,665926,608070,677587,680757,657041,678877,54.68,,,,,,,,16,4,Sinker,0,0,0,0,0,0,0,0,Infield shade,Standard,238,-0.002,0.02,,,,,-0.02,,0,0,0.532,0.468,36,22,37,22,1,0,5.0,1,18,2,2.45,1.15,-1.15,36.5,,,,,,pitcher
FS,2024-08-14,88.9,-2.37,5.38,"Cobb, Alex",691718,502171,,foul,,,,,5,,R,L,R,CLE,CHC,S,,,0,2,2024,-0.42,0.22,-0.2747003804478988,2.120187782142289,,,,1,3,Top,,,,,,,5.98009739536706,-129.5084574414258,-2.4659002491779907,-5.8890031089020045,24.70977428397885,-29.41485278152711,3.24,1.46,244.0,80.5,45.0,88.8,1466,6.0,746598,595978,647304,665926,608070,677587,680757,657041,678877,54.54,,,,,,,,16,3,Split-Finger,0,0,0,0,0,0,0,0,Infield shade,Strategic,249,0.0,0.0,68.9,7.3,,,0.0,88.0,0,0,0.532,0.468,36,22,37,22,1,0,5.0,1,18,2,2.64,0.42,-0.42,30.7,11.62835768730826,11.58260388123611,35.85362501314521,35.23452823233006,27.683206202008783,pitcher
FS,2024-08-14,89.5,-2.25,5.54,"Cobb, Alex",691718,502171,,foul,,,,,9,,R,L,R,CLE,CHC,S,,,0,1,2024,-1.11,0.4,0.5814682120294181,1.6356883211829638,,,,1,3,Top,,,,,,,9.26065732599521,-129.97672662201143,-4.462360057361455,-14.450990733608732,26.0639887350172,-26.859973521541715,3.24,1.46,204.0,95.6,15.0,89.0,1620,6.0,746598,595978,647304,665926,608070,677587,680757,657041,678877,54.49,,,,,,,,16,2,Split-Finger,0,0,0,0,0,0,0,0,Standard,Strategic,236,0.004,-0.057,71.5,7.7,,,0.057,95.6,0,0,0.528,0.472,36,22,37,22,1,0,5.0,1,18,2,2.44,1.11,-1.11,33.3,22.48897599888356,-10.41733609731087,40.722169508747655,24.94485100640568,40.93474367157039,pitcher
FS,2024-08-14,89.3,-2.32,5.53,"Cobb, Alex",691718,502171,,foul,,,,,8,,R,L,R,CLE,CHC,S,,,0,0,2024,-0.79,-0.15,0.0292097905626631,1.3944088636170258,,,,1,3,Top,,,,,,,7.373254122495925,-130.00512212757414,-3.902039515376328,-10.415231437532311,24.656996036863863,-33.29666257001229,3.24,1.46,3.0,65.5,-29.0,88.9,1602,5.8,746598,595978,647304,665926,608070,677587,680757,657041,678877,54.69,,,,,,,,16,1,Split-Finger,0,0,0,0,0,0,0,0,Standard,Strategic,248,0.003,-0.037,69.5,7.7,,,0.037,88.0,0,0,0.525,0.475,36,22,37,22,1,0,5.0,1,18,2,2.98,0.79,-0.79,34.1,21.3697054098691,-2.322388991861408,37.83043066742199,31.99484721276813,38.03294873967921,pitcher
SI,2024-08-14,94.0,-2.21,5.47,"Cobb, Alex",621020,502171,strikeout,called_strike,,,,,6,Dansby Swanson called out on strikes.,R,R,R,CLE,CHC,S,2.0,,3,2,2024,-1.25,0.32,0.378633948246291,3.0034902729368738,,,,0,3,Top,,,,,,,9.386547312446265,-136.69516436932673,-1.4448738991694543,-17.64715108181069,25.9177230851166,-28.011220547147964,3.64426902410201,1.70000109383365,,,,93.8,2047,5.9,746598,595978,647304,665926,608070,677587,680757,657041,678877,54.63,,0.0,0.0,1.0,0.0,0.0,,15,6,Sinker,0,0,0,0,0,0,0,0,Standard,Standard,237,0.031,-0.333,,,,,0.333,,0,0,0.494,0.506,36,30,37,30,1,0,5.0,1,18,2,2.23,1.25,1.25,33.9,,,,,,pitcher
SI,2024-08-14,93.1,-2.19,5.46,"Cobb, Alex",621020,502171,,swinging_strike,,,,,5,,R,R,R,CLE,CHC,S,,,3,1,2024,-1.31,0.24,0.1911112557760623,2.4875418357222414,,,,0,3,Top,,,,,,,8.927172922671636,-135.2253717955356,-2.2956197741189857,-18.136546676547454,32.07653262474994,-28.925136820729307,3.58,1.7,,,,92.2,1914,6.1,746598,595978,647304,665926,608070,677587,680757,657041,678877,54.44,,,,,,,,15,5,Sinker,0,0,0,0,0,0,0,0,Standard,Standard,238,0.01,-0.085,76.4,8.2,0.635318976,,0.085,,0,0,0.484,0.516,36,30,37,30,1,0,5.0,1,18,2,2.42,1.31,1.31,36.0,22.904137433584804,-7.17716303432985,32.136694397356166,40.44364524382085,31.32001373079356,pitcher
FS,2024-08-14,88.5,-2.31,5.49,"Cobb, Alex",621020,502171,,ball,,,,,11,,R,R,R,CLE,CHC,B,,,2,1,2024,-0.62,-0.1,-1.5171301899580825,2.867641425780393,,,,0,3,Top,,,,,,,3.2044427754156146,-128.83814856324318,-0.0711578796096484,-7.590045311279851,29.401256894829544,-33.46155801738865,3.59278575284734,1.70000084955505,,,,87.5,1273,5.9,746598,595978,647304,665926,608070,677587,680757,657041,678877,54.63,,,,,,,,15,4,Split-Finger,0,0,0,0,0,0,0,0,Standard,Standard,249,-0.012,0.122,,,,,-0.122,,0,0,0.496,0.504,36,30,37,30,1,0,5.0,1,18,2,3.03,0.62,0.62,32.3,,,,,,pitcher
FS,2024-08-14,89.3,-2.16,5.47,"Cobb, Alex",621020,502171,,ball,,,,,13,,R,R,R,CLE,CHC,B,,,1,1,2024,-1.24,-0.25,-0.1316157218048625,0.7958832090738386,,,,0,3,Top,,,,,,,7.546452396160484,-129.69571291023942,-4.88409911431221,-15.558670622859616,28.44349623123145,-34.144102505457674,3.67228005398566,1.69999910485523,,,,88.6,1696,6.0,746598,595978,647304,665926,608070,677587,680757,657041,678877,54.46,,,,,,,,15,3,Split-Finger,0,0,0,0,0,0,0,0,Standard,Standard,244,-0.005,0.053,,,,,-0.053,,0,0,0.501,0.499,36,30,37,30,1,0,5.0,1,18,2,3.13,1.24,1.24,32.7,,,,,,pitcher
SI,2024-08-14,93.6,-2.14,5.54,"Cobb, Alex",621020,502171,,called_strike,,,,,7,,R,R,R,CLE,CHC,S,,,1,0,2024,-1.47,0.59,-0.4215478912069708,1.7621498350720952,,,,0,3,Top,,,,,,,7.605574502771034,-136.09986483882886,-5.297304592100184,-19.884261486165247,29.470527615356925,-23.84731482417738,3.63256817137249,1.700001438978,,,,93.1,2068,6.0,746598,595978,647304,665926,608070,677587,680757,657041,678877,54.48,,,,,,,,15,2,Sinker,0,0,0,0,0,0,0,0,Standard,Standard,230,0.005,-0.049,,,,,0.049,,0,0,0.496,0.504,36,30,37,30,1,0,5.0,1,18,2,2.01,1.47,1.47,38.1,,,,,,pitcher
FS,2024-08-14,90.9,-2.14,5.5,"Cobb, Alex",621020,502171,,ball,,,,,14,,R,R,R,CLE,CHC,B,,,0,0,2024,-1.18,0.08,0.4407344767999996,1.5756482807190275,,,,0,3,Top,,,,,,,8.948356082545306,-132.1898560086924,-4.107530476905572,-15.696744764692449,26.311118210669424,-30.588651685250632,3.62578463744547,1.70000106764138,,,,90.7,1701,6.0,746598,595978,647304,665926,608070,677587,680757,657041,678877,54.47,,,,,,,,15,1,Split-Finger,0,0,0,0,0,0,0,0,Standard,Standard,238,-0.004,0.038,,,,,-0.038,,0,0,0.5,0.5,36,30,37,30,1,0,5.0,1,18,2,2.67,1.18,1.18,33.2,,,,,,pitcher
FS,2024-08-14,89.1,-2.36,5.53,"Cobb, Alex",663538,502171,field_out,hit_into_play,,,,,13,Nico Hoerner flies out to center fielder Lane Thomas.,R,R,R,CLE,CHC,X,8.0,fly_ball,1,2,2024,-0.56,0.17,-0.220524802152097,1.360658245996777,,,,2,2,Top,115.82,106.43,,,,,6.395686359821672,-129.56269114189178,-4.55434360104628,-7.636682672133216,26.338222591575843,-29.521396981629607,3.23,1.53,234.0,92.0,52.0,88.6,1468,6.0,746598,595978,647304,665926,608070,677587,680757,657041,678877,54.54,0.005,0.007,0.0,1.0,0.0,0.0,3.0,9,6,Split-Finger,0,0,0,0,0,0,0,0,Strategic,Standard,240,0.008,-0.18,71.4,8.3,,0.009,0.18,92.0,0,0,0.543,0.457,36,27,37,27,1,0,5.0,1,18,2,2.7,0.56,0.56,32.1,19.63502956469232,-25.657891489281543,47.00746598244304,30.112623173815564,39.98723110607529,pitcher
FS,2024-08-14,88.3,-2.35,5.4,"Cobb, Alex",663538,502171,,ball,,,,,7,,R,R,R,CLE,CHC,B,,,0,2,2024,-0.51,0.02,-0.7545824173548444,1.5364573152731418,,,,2,2,Top,,,,,,,4.911510065394429,-128.56113493426565,-3.427828760636645,-6.565912950409676,23.95971476870442,-31.50589707583994,3.17801181413761,1.51697343564016,,,,88.3,1532,6.0,746598,595978,647304,665926,608070,677587,680757,657041,678877,54.47,,,,,,,,9,5,Split-Finger,0,0,0,0,0,0,0,0,Strategic,Standard,247,-0.001,0.023,,,,,-0.023,,0,0,0.544,0.456,36,27,37,27,1,0,5.0,1,18,2,2.88,0.51,0.51,34.0,,,,,,pitcher
KC,2024-08-14,82.2,-2.13,5.65,"Cobb, Alex",663538,502171,,foul,,,,,14,,R,R,R,CLE,CHC,S,,,0,2,2024,0.63,-1.13,0.11699293771459,1.195220856307361,,,,2,2,Top,,,,,,,3.847587147909434,-119.68007648973114,-1.3053650162445318,5.141829597865015,25.821033732794174,-42.91304393817806,3.23,1.53,2.0,54.9,-35.0,81.2,2638,5.8,746598,595978,647304,665926,608070,677587,680757,657041,678877,54.68,,,,,,,,9,4,Knuckle Curve,0,0,0,0,0,0,0,0,Strategic,Standard,43,0.0,0.0,66.1,7.5,,,0.0,88.0,0,0,0.544,0.456,36,27,37,27,1,0,5.0,1,18,2,4.53,-0.63,-0.63,40.2,3.0164969224999187,-10.422874876255683,36.7431525112063,35.282158746718494,31.35164759609559,pitcher
FF,2024-08-14,94.9,-1.84,5.63,"Cobb, Alex",663538,502171,,foul,,,,,12,,R,R,R,CLE,CHC,S,,,0,2,2024,-1.02,1.17,1.1665310674449216,3.613599488622544,,,,2,2,Top,,,,,,,10.061019798675275,-137.77249538788126,-2.1682705023579194,-15.285061375012392,32.73743314433733,-17.042157806852497,3.23,1.53,236.0,78.5,39.0,94.0,2065,6.1,746598,595978,647304,665926,608070,677587,680757,657041,678877,54.44,,,,,,,,9,3,4-Seam Fastball,0,0,0,0,0,0,0,0,Strategic,Standard,232,0.0,0.0,59.5,5.9,,,0.0,88.0,0,0,0.544,0.456,36,27,37,27,1,0,5.0,1,18,2,1.39,1.02,1.02,39.8,-7.877335980196197,31.89883601616574,19.769065938345427,48.02802682866509,8.845941751849328,pitcher
KC,2024-08-14,83.3,-2.16,5.64,"Cobb, Alex",663538,502171,,called_strike,,,,,1,,R,R,R,CLE,CHC,S,,,0,1,2024,1.05,-0.91,-0.4879444537517033,2.833090001838776,,,,2,2,Top,,,,,,,1.763767351278639,-121.33534857744873,1.7631658857858814,10.019794962111929,24.42288385884491,-41.76770520565427,3.21135300585749,1.53000049490033,,,,82.2,2629,5.6,746598,595978,647304,665926,608070,677587,680757,657041,678877,54.95,,,,,,,,9,2,Knuckle Curve,0,0,0,0,0,0,0,0,Standard,Standard,43,0.002,-0.058,,,,,0.058,,0,0,0.542,0.458,36,27,37,27,1,0,5.0,1,18,2,4.2,-1.05,-1.05,39.7,,,,,,pitcher
SI,2024-08-14,93.0,-2.31,5.53,"Cobb, Alex",663538,502171,,called_strike,,,,,1,,R,R,R,CLE,CHC,S,,,0,0,2024,-1.18,0.41,-0.5869105175804892,3.3055333319050453,,,,2,2,Top,,,,,,,6.957749663538364,-135.31551784814584,-0.7995544250413923,-16.060218248590807,30.90243289099581,-27.24462722763036,3.27553591305463,1.52999917588845,,,,92.1,2035,5.9,746598,595978,647304,665926,608070,677587,680757,657041,678877,54.62,,,,,,,,9,1,Sinker,0,0,0,0,0,0,0,0,Standard,Standard,233,0.002,-0.041,,,,,0.041,,0,0,0.54,0.46,36,27,37,27,1,0,5.0,1,18,2,2.24,1.18,1.18,36.7,,,,,,pitcher
FS,2024-08-14,88.9,-2.18,5.45,"Cobb, Alex",670623,502171,field_out,hit_into_play,,,,,14,Isaac Paredes flies out to left fielder Steven Kwan.,R,R,R,CLE,CHC,X,7.0,fly_ball,2,2,2024,-1.3,0.07,0.3360183987648775,1.225305565796023,,,,1,2,Top,80.05,87.55,,,,,8.827005061555214,-129.06762374149437,-4.34555786399137,-16.41649351521395,29.184704020758616,-30.652225470108352,3.22,1.52,299.0,91.0,38.0,87.9,1534,6.0,746598,595978,647304,665926,608070,677587,680757,657041,678877,54.51,0.013,0.018,0.0,1.0,0.0,0.0,3.0,8,5,Split-Finger,0,0,0,0,0,0,0,0,Infield shade,Standard,242,0.014,-0.225,65.3,8.6,,0.036,0.225,91.0,0,0,0.526,0.474,36,25,37,25,1,0,5.0,1,18,2,2.85,1.3,1.3,33.7,14.038261296744604,-18.50825714636313,44.41366616089093,35.84908035957319,38.14977445171063,pitcher
SI,2024-08-14,92.7,-2.16,5.48,"Cobb, Alex",670623,502171,,ball,,,,,12,,R,R,R,CLE,CHC,B,,,1,2,2024,-1.42,0.29,1.1010030677582634,3.155278592789222,,,,1,2,Top,,,,,,,11.35927592110995,-134.52600281288784,-0.7142408457807866,-19.820769149465285,31.05993513471571,-28.70927436552301,3.19864016896913,1.4502432017554,,,,91.8,1903,6.0,746598,595978,647304,665926,608070,677587,680757,657041,678877,54.48,,,,,,,,8,4,Sinker,0,0,0,0,0,0,0,0,Infield shade,Standard,235,-0.002,0.043,,,,,-0.043,,0,0,0.528,0.472,36,25,37,25,1,0,5.0,1,18,2,2.39,1.42,1.42,36.1,,,,,,pitcher
SI,2024-08-14,94.0,-2.17,5.51,"Cobb, Alex",670623,502171,,ball,,,,,12,,R,R,R,CLE,CHC,B,,,0,2,2024,-1.31,0.52,1.6740810967240627,2.713585085644002,,,,1,2,Top,,,,,,,12.753514377217805,-136.2745701914807,-2.6207227333969474,-19.15937721593984,30.649473404265297,-25.270826576674597,3.3197867122421,1.51999844161341,,,,93.2,2033,6.1,746598,595978,647304,665926,608070,677587,680757,657041,678877,54.44,,,,,,,,8,3,Sinker,0,0,0,0,0,0,0,0,Infield shade,Standard,236,-0.002,0.02,,,,,-0.02,,0,0,0.53,0.47,36,25,37,25,1,0,5.0,1,18,2,2.08,1.31,1.31,36.0,,,,,,pitcher
FS,2024-08-14,89.9,-2.15,5.57,"Cobb, Alex",670623,502171,,foul,,,,,13,,R,R,R,CLE,CHC,S,,,0,1,2024,-1.34,-0.12,-0.4216197494508862,1.2036011003479938,,,,1,2,Top,,,,,,,7.062841068068045,-130.5292396730418,-4.422472477981225,-16.919361574198035,32.14251899949551,-32.69613942099355,3.22,1.52,5.0,77.2,-16.0,88.4,1611,5.8,746598,595978,647304,665926,608070,677587,680757,657041,678877,54.65,,,,,,,,8,2,Split-Finger,0,0,0,0,0,0,0,0,Infield shade,Standard,239,0.004,-0.057,73.6,8.6,,,0.057,88.0,0,0,0.526,0.474,36,25,37,25,1,0,5.0,1,18,2,3.0,1.34,1.34,31.1,20.785264659559,-24.1830675782676,42.94171311560861,29.279028315459463,49.58917721540698,pitcher
SI,2024-08-14,94.4,-2.25,5.57,"Cobb, Alex",670623,502171,,called_strike,,,,,6,,R,R,R,CLE,CHC,S,,,0,0,2024,-1.3,0.2,0.2924529644924816,2.411916289831473,,,,1,2,Top,,,,,,,9.407363159978788,-137.05228862480104,-2.873538841829845,-18.566349422845224,32.8631473485388,-29.18618810858058,3.44727755066308,1.60424246571105,,,,93.2,2022,5.9,746598,595978,647304,665926,608070,677587,680757,657041,678877,54.62,,,,,,,,8,1,Sinker,0,0,0,0,0,0,0,0,Infield shade,Standard,233,0.003,-0.037,,,,,0.037,,0,0,0.523,0.477,36,25,37,25,1,0,5.0,1,18,2,2.39,1.3,1.3,34.7,,,,,,pitcher
SI,2024-08-14,93.3,-2.22,5.57,"Cobb, Alex",641355,502171,field_out,hit_into_play,,,,,1,Cody Bellinger flies out to left fielder Steven Kwan.,R,L,R,CLE,CHC,X,7.0,fly_ball,3,0,2024,-1.19,0.54,-0.5436676505480387,3.25029148320978,,,,0,2,Top,52.65,104.13,,,,,6.845167828840726,-135.70581857954514,-1.3872827123243028,-16.15287613620534,29.749879633786414,-25.420401974027016,3.79,1.73,297.0,93.1,25.0,92.4,2013,5.8,746598,595978,647304,665926,608070,677587,680757,657041,678877,54.7,0.15,0.19,0.0,1.0,0.0,0.0,3.0,7,4,Sinker,0,0,0,0,0,0,0,0,Infield shade,Standard,233,0.046,-0.508,64.4,6.7,,0.303,0.508,93.1,0,0,0.477,0.523,36,28,37,29,1,0,5.0,1,18,2,2.08,1.19,-1.19,35.6,4.590156367154665,18.679949456370377,29.666845366669293,36.64539813614962,20.54461834264628,pitcher
FS,2024-08-14,89.1,-2.24,5.59,"Cobb, Alex",641355,502171,,ball,,,,,13,,R,L,R,CLE,CHC,B,,,2,0,2024,-1.09,-0.14,-0.8733087119101857,1.13596049895488,,,,0,2,Top,,,,,,,5.594437900748479,-129.61646486428515,-4.5932289687706165,-13.467141166582945,27.13177089010826,-32.94299621502651,3.77335288920564,1.73000022059058,,,,88.4,1333,5.9,746598,595978,647304,665926,608070,677587,680757,657041,678877,54.6,,,,,,,,7,3,Split-Finger,0,0,0,0,0,0,0,0,Infield shade,Standard,241,-0.012,0.147,,,,,-0.147,,0,0,0.489,0.511,36,28,37,29,1,0,5.0,1,18,2,3.01,1.09,-1.09,32.8,,,,,,pitcher
FS,2024-08-14,88.4,-2.28,5.59,"Cobb, Alex",641355,502171,,ball,,,,,14,,R,L,R,CLE,CHC,B,,,1,0,2024,-0.53,-0.02,0.2872378237498811,1.3660531486962415,,,,0,2,Top,,,,,,,7.276408442972156,-128.50467478100035,-4.161063268732044,-7.329904288401249,26.23524790009144,-31.69554279042898,3.80668165491092,1.82954375899941,,,,87.7,1499,5.8,746598,595978,647304,665926,608070,677587,680757,657041,678877,54.65,,,,,,,,7,2,Split-Finger,0,0,0,0,0,0,0,0,Infield shade,Standard,250,-0.007,0.069,,,,,-0.069,,0,0,0.496,0.504,36,28,37,29,1,0,5.0,1,18,2,2.94,0.53,-0.53,32.2,,,,,,pitcher
SI,2024-08-14,93.1,-2.2,5.6,"Cobb, Alex",641355,502171,,ball,,,,,12,,R,L,R,CLE,CHC,B,,,0,0,2024,-1.24,0.02,0.2971850745158808,4.324150221012946,,,,0,2,Top,,,,,,,9.012503332400964,-135.11043959936063,2.5244969478055257,-17.28246364832666,32.386954112963394,-32.87073373230892,3.7899992436821,1.81503451760252,,,,91.6,1999,5.8,746598,595978,647304,665926,608070,677587,680757,657041,678877,54.72,,,,,,,,7,1,Sinker,0,0,0,0,0,0,0,0,Standard,Standard,231,-0.004,0.038,,,,,-0.038,,0,0,0.5,0.5,36,28,37,29,1,0,5.0,1,18,2,2.65,1.24,-1.24,33.5,,,,,,pitcher
SI,2024-08-14,93.8,-2.33,5.58,"Cobb, Alex",673548,502171,strikeout,called_strike,,,,,12,Seiya Suzuki called out on strikes.,R,R,R,CLE,CHC,S,2.0,,1,2,2024,-1.32,0.03,0.3821897618211232,3.426546581584205,,,,2,1,Top,,,,,,,9.8379169722183,-136.23765563549208,0.0951297623084832,-18.529811917423157,28.81703148010632,-32.01419703102125,3.23413332361743,1.40999994258282,,,,93.2,1971,6.0,746598,595978,647304,665926,608070,677587,680757,657041,678877,54.55,,0.0,0.0,1.0,0.0,0.0,,3,4,Sinker,0,0,0,0,0,0,0,0,Strategic,Standard,231,0.007,-0.18,,,,,0.18,,0,0,0.541,0.459,36,29,37,30,1,0,5.0,1,18,2,2.56,1.32,1.32,35.3,,,,,,pitcher
FS,2024-08-14,89.5,-2.19,5.51,"Cobb, Alex",673548,502171,,foul,,,,,7,,R,R,R,CLE,CHC,S,,,1,1,2024,-0.74,-0.21,-0.6105618396450827,1.8374056235159708,,,,2,1,Top,,,,,,,5.423205522103653,-130.32292039613546,-2.679572981546054,-9.546566973960294,24.562929996300223,-34.22182090988208,3.12,1.41,2.0,88.3,-41.0,89.5,1486,6.0,746598,595978,647304,665926,608070,677587,680757,657041,678877,54.48,,,,,,,,3,3,Split-Finger,0,0,0,0,0,0,0,0,Strategic,Standard,242,0.003,-0.064,76.3,7.1,,,0.064,88.3,0,0,0.538,0.462,36,29,37,30,1,0,5.0,1,18,2,3.02,0.74,0.74,33.7,4.832829423945252,-5.649363598456848,38.664363110134566,29.20694690036168,33.72997490209069,pitcher
FF,2024-08-14,93.4,-1.9,5.71,"Cobb, Alex",673548,502171,,ball,,,,,12,,R,R,R,CLE,CHC,B,,,0,1,2024,-0.87,1.12,0.0545733709937542,3.438081084254887,,,,2,1,Top,,,,,,,6.895556235189032,-135.97864138954006,-2.5745535193174702,-12.28739551264004,28.01276686977518,-17.905389906509424,3.12255190027962,1.40999937151375,,,,93.1,2117,5.9,746598,595978,647304,665926,608070,677587,680757,657041,678877,54.57,,,,,,,,3,2,4-Seam Fastball,0,0,0,0,0,0,0,0,Strategic,Standard,231,-0.002,0.029,,,,,-0.029,,0,0,0.54,0.46,36,29,37,30,1,0,5.0,1,18,2,1.48,0.87,0.87,40.2,,,,,,pitcher
SI,2024-08-14,94.4,-2.22,5.52,"Cobb, Alex",673548,502171,,called_strike,,,,,2,,R,R,R,CLE,CHC,S,,,0,0,2024,-1.23,0.41,0.0078881136485851,3.087470377361054,,,,2,1,Top,,,,,,,8.454012334892381,-137.31057020455728,-1.5907032300021644,-17.369958689521123,27.61853070157585,-26.757848881965973,3.13167429986086,1.41000140976138,,,,94.0,2010,5.9,746598,595978,647304,665926,608070,677587,680757,657041,678877,54.61,,,,,,,,3,1,Sinker,0,0,0,0,0,0,0,0,Strategic,Standard,232,0.002,-0.041,,,,,0.041,,0,0,0.538,0.462,36,29,37,30,1,0,5.0,1,18,2,2.13,1.23,1.23,34.2,,,,,,pitcher
FS,2024-08-14,88.9,-2.38,5.62,"Cobb, Alex",683737,502171,grounded_into_double_play,hit_into_play,,,,,7,"Michael Busch grounds into a double play, first baseman Josh Naylor to shortstop Brayan Rocchio to first baseman Josh Naylor. Ian Happ out at 2nd. Michael Busch out at 1st.",R,L,R,CLE,CHC,X,3.0,ground_ball,0,1,2024,-0.9,-0.06,-0.3762523516107577,1.5824101054721351,,,664023.0,0,1,Top,158.3,172.5,,,,,6.690010723829214,-129.3741597334132,-3.72850500154418,-11.421533284594313,25.63212409945274,-32.24519334859167,3.17,1.55,11.0,90.8,-8.0,88.1,1534,5.6,746598,595978,647304,665926,608070,677587,680757,657041,678877,54.85,0.178,0.162,0.0,1.0,0.0,0.0,2.0,2,2,Split-Finger,0,0,0,0,0,0,0,0,Standard,Standard,253,0.069,-0.31,70.1,8.0,,0.217,0.31,90.8,0,0,0.469,0.531,36,26,37,27,1,0,5.0,1,18,2,2.93,0.9,-0.9,33.4,21.19337749951058,-2.1962981687544585,40.08305852582684,39.77233978986936,36.549772934395904,pitcher
KC,2024-08-14,83.0,-2.19,5.83,"Cobb, Alex",683737,502171,,swinging_strike,,,,,14,,R,L,R,CLE,CHC,S,,,0,0,2024,0.47,-1.12,0.4198844973760543,1.201469955083731,,,664023.0,0,1,Top,,,,,,,4.992081308593817,-120.78980872961634,-1.920701876555051,3.6015351422957576,23.386426595365347,-43.010269133177566,3.17,1.55,,,,82.1,2768,5.7,746598,595978,647304,665926,608070,677587,680757,657041,678877,54.82,,,,,,,,2,1,Knuckle Curve,0,0,0,0,0,0,0,0,Standard,Standard,37,0.005,-0.042,72.3,8.0,1.451357964,,0.042,,0,0,0.464,0.536,36,26,37,27,1,0,5.0,1,18,2,4.43,-0.47,0.47,43.0,23.58741242672097,-13.174569851105217,45.19544985261357,30.19350744981909,42.2366282554285,pitcher
SI,2024-08-14,93.6,-2.24,5.59,"Cobb, Alex",664023,502171,single,hit_into_play,,,,,7,Ian Happ singles on a ground ball to left fielder Steven Kwan.,R,L,R,CLE,CHC,X,7.0,ground_ball,0,0,2024,-1.42,0.52,-0.7142390199683393,2.134735225322964,,,,0,1,Top,88.86,131.03,,,,,6.986099544513358,-136.13094727959216,-4.288561452001257,-19.15754580469253,28.891367393509,-25.0080766648176,3.52722656082139,1.61724066931806,96.0,86.0,5.0,92.8,2015,5.7,746598,595978,647304,665926,608070,677587,680757,657041,678877,54.75,0.416,0.403,0.9,1.0,1.0,0.0,4.0,1,1,Sinker,0,0,0,0,0,0,0,0,Standard,Standard,232,-0.036,0.448,69.6,6.3,,0.485,-0.448,88.0,0,0,0.5,0.5,36,29,37,30,1,0,5.0,1,18,2,2.08,1.42,-1.42,36.3,-3.5843296599661643,16.377779615938937,31.36447654980911,44.59425967588116,19.741761051150643,pitcher
SI,2024-08-09,94.1,-2.19,5.49,"Cobb, Alex",670242,502171,home_run,hit_into_play,,,,,5,Matt Wallner homers (7) on a fly ball to right field. Willi Castro scores. Trevor Larnach scores.,R,L,R,MIN,CLE,X,,fly_ball,3,0,2024,-1.5,0.48,-0.1429525607369739,2.485254823101614,650489.0,,663616.0,2,5,Bot,218.26,70.13,,,,,8.557095407933005,-136.7165211660308,-3.106167442334596,-20.71878348472161,31.03043292758157,-25.684971311048265,3.71,1.81,390.0,106.9,29.0,93.2,2048,5.9,745871,595978,647304,665926,608070,677587,680757,682177,686823,54.57,0.91,1.8444090909090909,2.0,1.0,0.0,3.0,6.0,46,4,Sinker,2,3,2,3,3,5,5,3,Strategic,Standard,238,0.348,1.349,87.1,7.9,,3.625,-1.349,106.9,-1,-1,0.438,0.438,36,26,37,27,3,2,,2,5,1,2.11,1.5,-1.5,37.7,5.022220197830771,-3.760737559541402,31.677383583734773,41.53660795536875,46.97722992842655,pitcher
FS,2024-08-09,89.8,-2.25,5.45,"Cobb, Alex",670242,502171,,ball,,,,,14,,R,L,R,MIN,CLE,B,,,2,0,2024,-1.31,0.62,0.1930919230411165,1.1144981841269546,650489.0,,663616.0,2,5,Bot,,,,,,,8.749429483229884,-130.35934560080432,-5.9908937130950894,-16.758939854842495,28.547934038473237,-23.948965766685976,3.71000093174008,1.86195805836032,,,,89.1,1699,6.1,745871,595978,647304,665926,608070,677587,680757,682177,686823,54.43,,,,,,,,46,3,Split-Finger,2,3,2,3,3,2,2,3,Infield shade,Standard,238,0.011,0.097,,,,,-0.097,,-1,-1,0.427,0.427,36,26,37,27,3,2,,2,5,1,2.23,1.31,-1.31,34.0,,,,,,pitcher
FS,2024-08-09,89.6,-2.21,5.45,"Cobb, Alex",670242,502171,,ball,,,,,13,,R,L,R,MIN,CLE,B,,,1,0,2024,-1.19,-0.44,-0.1168538213410925,0.998992291204694,650489.0,,663616.0,2,5,Bot,,,,,,,7.626156759883374,-130.31662922119435,-4.043181151252136,-15.210865344488516,27.76514119307986,-36.48570141574321,3.85888068678616,1.81097142867388,,,,89.0,1432,6.0,745871,595978,647304,665926,608070,677587,680757,682177,686823,54.54,,,,,,,,46,2,Split-Finger,2,3,2,3,3,2,2,3,Standard,Standard,250,0.007,0.06,,,,,-0.06,,-1,-1,0.42,0.42,36,26,37,27,3,2,,2,5,1,3.28,1.19,-1.19,38.0,,,,,,pitcher
SI,2024-08-09,94.2,-2.14,5.57,"Cobb, Alex",670242,502171,,ball,,,,,12,,R,L,R,MIN,CLE,B,,,0,0,2024,-1.44,0.4,0.9769936683248291,3.255625409668002,650489.0,,663616.0,2,5,Bot,,,,,,,11.154109783406147,-136.66378987619908,-1.1291613004210688,-20.57278575661264,31.29615225529234,-27.14768856818849,3.79904824560283,1.98554631427754,,,,93.0,2028,5.8,745871,595978,647304,665926,608070,677587,680757,682177,686823,54.69,,,,,,,,46,1,Sinker,2,3,2,3,3,2,2,3,Infield shade,Standard,241,0.004,0.03,,,,,-0.03,,-1,-1,0.416,0.416,36,26,37,27,3,2,,2,5,1,2.19,1.44,-1.44,35.9,,,,,,pitcher
FS,2024-08-09,88.5,-2.22,5.58,"Cobb, Alex",663616,502171,single,hit_into_play,,,,,4,Trevor Larnach singles on a sharp ground ball to center fielder Daniel Schneemann. Willi Castro to 3rd.,R,L,R,MIN,CLE,X,8.0,ground_ball,3,1,2024,-0.82,0.16,-0.7677237657561157,2.784597190080697,,,650489.0,2,5,Bot,146.57,69.46,,,,,5.223252730466816,-128.80913907303528,-1.117154572642865,-10.215825308792494,25.156137200045347,-30.327682834714704,3.8,1.76,48.0,105.7,-1.0,88.2,1386,5.9,745871,595978,647304,665926,608070,677587,680757,682177,686823,54.58,0.484,0.436,0.9,1.0,1.0,0.0,4.0,45,5,Split-Finger,2,3,2,3,3,2,2,3,Infield shade,Standard,247,0.028,0.243,,,,0.502,-0.243,105.7,-1,-1,0.388,0.388,36,27,37,27,3,2,,2,5,1,2.73,0.82,-0.82,36.4,,,,,,pitcher
SI,2024-08-09,93.6,-2.0,5.51,"Cobb, Alex",663616,502171,,called_strike,,,,,8,,R,L,R,MIN,CLE,S,,,3,0,2024,-1.31,0.55,-0.2072720420988623,2.027566213069912,,,650489.0,2,5,Bot,,,,,,,7.46238114152725,-136.24391395720735,-4.524928190902775,-17.91258594268558,26.19203146567274,-24.516726343019265,3.98901704584393,1.87204494752773,,,,93.6,1897,6.0,745871,595978,647304,665926,608070,677587,680757,682177,686823,54.5,,,,,,,,45,4,Sinker,2,3,2,3,3,2,2,3,Infield shade,Standard,237,-0.006,-0.046,,,,,0.046,,-1,-1,0.394,0.394,36,27,37,27,3,2,,2,5,1,2.02,1.31,-1.31,36.0,,,,,,pitcher
FS,2024-08-09,89.2,-2.15,5.51,"Cobb, Alex",663616,502171,,blocked_ball,,,,,14,,R,L,R,MIN,CLE,B,,,2,0,2024,-1.28,-0.06,0.5733985500165133,0.4410428385474771,,,650489.0,2,5,Bot,,,,,,,9.314507187223256,-129.50402819249817,-6.258434847433051,-16.34754371753078,26.872849918192088,-31.736603079694305,3.79999863197551,1.72631569639606,,,,88.5,1755,6.0,745871,595978,647304,665926,608070,677587,680757,682177,686823,54.54,,,,,,,,45,3,Split-Finger,2,3,2,3,3,2,2,3,Infield shade,Standard,240,0.009,0.076,,,,,-0.076,,-1,-1,0.385,0.385,36,27,37,27,3,2,,2,5,1,2.94,1.28,-1.28,34.2,,,,,,pitcher
FS,2024-08-09,89.2,-2.17,5.58,"Cobb, Alex",663616,502171,,ball,,,,,14,,R,L,R,MIN,CLE,B,,,1,0,2024,-1.39,-0.09,0.5500688920292702,1.2439520093974314,,,650489.0,2,5,Bot,,,,,,,9.549819062939068,-129.5957460479247,-4.435571106759497,-17.685065882377526,26.4471644050316,-32.440044065716485,3.82315802698692,1.96931065805536,,,,88.7,1596,6.0,745871,595978,647304,665926,608070,677587,680757,682177,686823,54.52,,,,,,,,45,2,Split-Finger,2,3,2,3,3,2,2,3,Infield shade,Standard,237,0.007,0.05,,,,,-0.05,,-1,-1,0.378,0.378,36,27,37,27,3,2,,2,5,1,2.96,1.39,-1.39,37.2,,,,,,pitcher
FS,2024-08-09,89.8,-2.24,5.53,"Cobb, Alex",663616,502171,,ball,,,,,14,,R,L,R,MIN,CLE,B,,,0,0,2024,-1.48,-0.14,1.0390765167152312,1.186940381717942,,,650489.0,2,5,Bot,,,,,,,11.143000258457482,-130.27035709708304,-4.422158453817586,-19.169528655185253,27.59625579437326,-32.93518193687927,3.82870620720314,1.94192969490479,,,,89.1,1725,6.0,745871,595978,647304,665926,608070,677587,680757,682177,686823,54.47,,,,,,,,45,1,Split-Finger,2,3,2,3,3,2,2,3,Standard,Standard,244,0.003,0.034,,,,,-0.034,,-1,-1,0.375,0.375,36,27,37,27,3,2,,2,5,1,2.98,1.48,-1.48,36.3,,,,,,pitcher
SI,2024-08-09,93.4,-2.1,5.42,"Cobb, Alex",650489,502171,single,hit_into_play,,,,,5,Willi Castro singles on a line drive to center fielder Daniel Schneemann.,R,L,R,MIN,CLE,X,8.0,line_drive,0,2,2024,-1.5,0.06,-0.011514020357511,2.6722710484541845,,,,2,5,Bot,123.0,100.1,,,,,8.644231807538006,-135.79390475161992,-1.4529953170660996,-20.482238721447423,29.63151318865774,-31.26008577779297,3.47,1.61,162.0,93.8,9.0,93.1,2086,6.2,745871,595978,647304,665926,608070,677587,680757,682177,686823,54.34,0.634,0.587,0.9,1.0,1.0,0.0,4.0,44,3,Sinker,2,3,2,3,3,2,2,3,Strategic,Standard,236,0.025,0.431,70.8,6.4,,0.703,-0.431,93.8,-1,-1,0.35,0.35,36,27,37,27,3,2,,0,5,1,2.55,1.5,-1.5,33.7,5.195742398682103,10.224787228803756,39.815659779447614,30.50834969544241,26.678434848207715,pitcher
SI,2024-08-09,93.2,-2.17,5.47,"Cobb, Alex",650489,502171,,called_strike,,,,,6,,R,L,R,MIN,CLE,S,,,0,1,2024,-1.51,0.41,0.7878453624052664,2.7946027716683144,,,,2,5,Bot,,,,,,,10.87108531553046,-135.35885329304267,-2.0093140776899303,-20.91894229723952,28.19459270087189,-26.87964122270634,3.71454949416978,1.63424097548688,,,,93.0,2026,6.2,745871,595978,647304,665926,608070,677587,680757,682177,686823,54.33,,,,,,,,44,2,Sinker,2,3,2,3,3,2,2,3,Standard,Standard,235,-0.004,-0.058,,,,,0.058,,-1,-1,0.354,0.354,36,27,37,27,3,2,,0,5,1,2.21,1.51,-1.51,34.3,,,,,,pitcher
KC,2024-08-09,81.9,-2.17,5.76,"Cobb, Alex",650489,502171,,called_strike,,,,,4,,R,L,R,MIN,CLE,S,,,0,0,2024,1.02,-1.05,-0.6959015146792524,2.570064578866729,,,,2,5,Bot,,,,,,,1.363471523612017,-119.23581679397648,1.4366422886464492,9.364209798045104,25.07581124065267,-42.69670622073281,3.70429111197713,1.65671911424374,,,,81.4,2796,6.1,745871,595978,647304,665926,608070,677587,680757,682177,686823,54.37,,,,,,,,44,1,Knuckle Curve,2,3,2,3,3,2,2,3,Standard,Standard,44,-0.003,-0.041,,,,,0.041,,-1,-1,0.357,0.357,36,27,37,27,3,2,,0,5,1,4.48,-1.02,1.02,42.1,,,,,,pitcher
SI,2024-08-09,94.3,-2.12,5.46,"Cobb, Alex",668885,502171,field_out,hit_into_play,,,,,5,"Austin Martin grounds out, third baseman José Ramírez to first baseman Josh Naylor.",R,R,R,MIN,CLE,X,5.0,ground_ball,0,0,2024,-1.52,0.05,-0.1162079974185514,2.606682572826845,,,,1,5,Bot,103.91,174.58,,,,,8.569303343592587,-137.12998283272148,-1.850865529168321,-21.116721689967918,29.30314624913684,-31.32972351031058,3.14,1.49,4.0,61.4,-36.0,94.2,2004,6.2,745871,595978,647304,665926,608070,677587,680757,682177,686823,54.29,0.126,0.113,0.0,1.0,0.0,0.0,2.0,43,1,Sinker,2,3,2,3,3,2,2,3,Standard,Standard,235,-0.025,-0.256,69.2,6.4,,0.128,0.256,88.0,-1,-1,0.382,0.382,36,25,37,25,2,1,,2,5,1,2.51,1.52,1.52,35.2,-1.667060727569609,9.901916140301438,40.49988576073248,32.67021772100252,27.343671966618107,pitcher
FS,2024-08-09,89.1,-2.15,5.44,"Cobb, Alex",543877,502171,field_out,hit_into_play,,,,,14,"Christian Vázquez grounds out, shortstop Brayan Rocchio to first baseman Josh Naylor.",R,R,R,MIN,CLE,X,6.0,ground_ball,1,2,2024,-0.72,0.34,0.8774339575919848,1.951711637999236,,,,0,5,Bot,114.43,157.39,,,,,8.92413543968236,-129.44425413577704,-3.26094541410994,-9.868661651197794,26.0339202449828,-27.82262597586932,3.31,1.56,19.0,76.9,-4.0,89.0,1522,6.2,745871,595978,647304,665926,608070,677587,680757,682177,686823,54.28,0.075,0.07,0.0,1.0,0.0,0.0,2.0,42,4,Split-Finger,2,3,2,3,3,2,2,3,Strategic,Standard,253,-0.023,-0.186,67.3,7.4,,0.089,0.186,88.0,-1,-1,0.405,0.405,36,33,37,34,2,1,,3,5,2,2.53,0.72,0.72,34.3,11.084388044573537,0.0367841035232218,26.70464263795833,47.75879652059778,32.25213606726059,pitcher
SI,2024-08-09,94.2,-2.0,5.48,"Cobb, Alex",543877,502171,,ball,,,,,14,,R,R,R,MIN,CLE,B,,,0,2,2024,-1.36,0.37,1.4489248081908213,1.4058251277582368,,,,0,5,Bot,,,,,,,11.96543536773597,-136.68779870763026,-5.718812519239303,-19.64679182569829,28.126838042222527,-26.3977677712835,3.27752859621496,1.67686619199195,,,,94.2,2002,6.3,745871,595978,647304,665926,608070,677587,680757,682177,686823,54.18,,,,,,,,42,3,Sinker,2,3,2,3,3,2,2,3,Strategic,Standard,234,0.003,0.023,,,,,-0.023,,-1,-1,0.402,0.402,36,33,37,34,2,1,,3,5,2,2.2,1.36,1.36,36.2,,,,,,pitcher
SI,2024-08-09,92.9,-2.16,5.52,"Cobb, Alex",543877,502171,,called_strike,,,,,9,,R,R,R,MIN,CLE,S,,,0,1,2024,-1.37,0.38,0.7107469338809911,1.618064735646853,,,,0,5,Bot,,,,,,,10.261698212156585,-134.8132320705213,-4.995392501189691,-18.947580308121072,28.73634318538006,-26.62459805786586,3.30999979009153,1.67312069348225,,,,92.2,1933,6.0,745871,595978,647304,665926,608070,677587,680757,682177,686823,54.51,,,,,,,,42,2,Sinker,2,3,2,3,3,2,2,3,Strategic,Standard,237,-0.008,-0.054,,,,,0.054,,-1,-1,0.41,0.41,36,33,37,34,2,1,,3,5,2,2.27,1.37,1.37,37.1,,,,,,pitcher
KC,2024-08-09,83.4,-2.13,5.78,"Cobb, Alex",543877,502171,,called_strike,,,,,5,,R,R,R,MIN,CLE,S,,,0,0,2024,0.9,-0.96,0.1387418397605013,2.447224447499879,,,,0,5,Bot,,,,,,,3.4286169637705903,-121.36679547483868,0.6668846294996729,8.16694264389941,24.774878712977056,-41.985414344600535,3.31000016389252,1.60757146559263,,,,82.6,2694,5.8,745871,595978,647304,665926,608070,677587,680757,682177,686823,54.68,,,,,,,,42,1,Knuckle Curve,2,3,2,3,3,2,2,3,Strategic,Standard,35,-0.005,-0.037,,,,,0.037,,-1,-1,0.415,0.415,36,33,37,34,2,1,,3,5,2,4.25,-0.9,-0.9,41.1,,,,,,pitcher
FS,2024-08-09,88.4,-2.11,5.28,"Cobb, Alex",622534,502171,strikeout,swinging_strike,,,,,13,Manuel Margot strikes out swinging.,R,R,R,MIN,CLE,S,2.0,,2,2,2024,-0.55,-0.12,-0.1217557248332156,0.9900953801831074,,,,2,4,Bot,,,,,,,6.0395228736511255,-128.71714383637075,-4.2153199428756665,-7.333070880922882,24.28795278175268,-32.875437068710966,3.38,1.59,,,,89.3,1146,6.6,745871,595978,647304,665926,608070,677587,680757,671289,686823,53.9,,0.0,0.0,1.0,0.0,0.0,,33,5,Split-Finger,2,0,2,0,0,2,2,0,Standard,Standard,260,-0.007,-0.219,78.2,8.0,4.291404852,,0.219,,2,2,0.758,0.758,36,29,37,30,2,1,,0,5,3,3.01,0.55,0.55,34.9,23.331647155182345,-26.392620263818426,34.52661665375622,32.03225541752552,50.45744537325062,pitcher
SI,2024-08-09,93.7,-2.06,5.53,"Cobb, Alex",622534,502171,,foul,,,,,6,,R,R,R,MIN,CLE,S,,,2,1,2024,-1.22,0.46,0.5561668632597718,2.3915878831604656,,,,2,4,Bot,,,,,,,9.416653243192004,-136.27092734433845,-3.434581392968788,-17.10639586666472,26.213630949630737,-25.86587829797508,3.38,1.59,2.0,57.9,-54.0,93.9,1961,6.1,745871,595978,647304,665926,608070,677587,680757,671289,686823,54.35,,,,,,,,33,4,Sinker,2,0,2,0,0,2,2,0,Standard,Standard,229,-0.002,-0.084,70.2,7.4,,,0.084,88.0,2,2,0.76,0.76,36,29,37,30,2,1,,0,5,3,2.11,1.22,1.22,35.8,10.999911316492431,1.3179817331266828,22.54169986297321,41.26882253347255,33.83502569968777,pitcher
SI,2024-08-09,93.5,-2.14,5.51,"Cobb, Alex",622534,502171,,called_strike,,,,,9,,R,R,R,MIN,CLE,S,,,2,0,2024,-1.41,0.36,0.5822013273169866,1.8000656461174924,,,,2,4,Bot,,,,,,,10.034020044021071,-135.81437117224732,-4.625141934571615,-19.53014201422257,26.95593754127106,-26.863646915703345,3.59061925680068,1.62701437574663,,,,93.2,1995,6.0,745871,595978,647304,665926,608070,677587,680757,671289,686823,54.5,,,,,,,,33,3,Sinker,2,0,2,0,0,2,2,0,Standard,Standard,234,-0.001,-0.061,,,,,0.061,,2,2,0.761,0.761,36,29,37,30,2,1,,0,5,3,2.23,1.41,1.41,36.2,,,,,,pitcher
SI,2024-08-09,93.3,-2.06,5.48,"Cobb, Alex",622534,502171,,ball,,,,,13,,R,R,R,MIN,CLE,B,,,1,0,2024,-1.33,0.28,-0.8767816019751999,1.076536031308685,,,,2,4,Bot,,,,,,,5.945289131711638,-135.7662635979765,-6.225071703390193,-17.756603598607825,26.37790015196438,-27.577449659237036,3.60951952616898,1.645912067052,,,,93.3,1977,6.0,745871,595978,647304,665926,608070,677587,680757,671289,686823,54.45,,,,,,,,33,2,Sinker,2,0,2,0,0,2,2,0,Standard,Standard,232,0.001,0.068,,,,,-0.068,,2,2,0.76,0.76,36,29,37,30,2,1,,0,5,3,2.31,1.33,1.33,36.3,,,,,,pitcher
SI,2024-08-09,93.4,-2.19,5.56,"Cobb, Alex",622534,502171,,ball,,,,,13,,R,R,R,MIN,CLE,B,,,0,0,2024,-1.64,0.33,-0.6164516479425006,1.0873317489127237,,,,2,4,Bot,,,,,,,7.605991111527294,-135.78892329589536,-6.453446104033112,-21.932449906881743,29.16633582794716,-26.89246376913949,3.5083866126932,1.57759063963495,,,,92.9,2031,6.0,745871,595978,647304,665926,608070,677587,680757,671289,686823,54.51,,,,,,,,33,1,Sinker,2,0,2,0,0,2,2,0,Standard,Standard,229,0.001,0.04,,,,,-0.04,,2,2,0.759,0.759,36,29,37,30,2,1,,0,5,3,2.29,1.64,1.64,36.2,,,,,,pitcher
FS,2024-08-09,87.4,-2.23,5.7,"Cobb, Alex",467793,502171,grounded_into_double_play,hit_into_play,,,,,7,"Carlos Santana grounds into a double play, first baseman Josh Naylor to shortstop Brayan Rocchio to pitcher Alex Cobb. Max Kepler out at 2nd. Carlos Santana out at 1st.",R,L,R,MIN,CLE,X,3.0,ground_ball,3,2,2024,-0.67,-0.1,-0.3907631953443427,1.6310066654754531,,,596146.0,0,4,Bot,144.15,178.01,,,,,5.787664645908452,-127.29582471889977,-3.497029490103567,-8.411171937700823,24.57266661575019,-32.77955025935972,3.35,1.68,6.0,95.1,-15.0,87.2,1287,6.0,745871,595978,647304,665926,608070,677587,680757,671289,686823,54.51,0.164,0.148,0.0,1.0,0.0,0.0,2.0,32,7,Split-Finger,2,0,2,0,0,2,2,0,Infield shade,Standard,253,-0.055,-0.457,72.6,7.8,,0.18,0.457,95.1,2,2,0.814,0.814,36,38,37,38,2,1,,0,5,1,3.06,0.67,-0.67,35.2,10.538049803269018,-7.880665774892246,30.50107048100297,39.989943996096585,34.732933708486456,pitcher
FS,2024-08-09,88.2,-2.06,5.63,"Cobb, Alex",467793,502171,,foul,,,,,13,,R,L,R,MIN,CLE,S,,,3,2,2024,-1.27,-0.29,-0.6486847504020186,1.2936893109789125,,,596146.0,0,4,Bot,,,,,,,6.044571723798874,-128.34346667931146,-3.887101367990738,-15.25144547332932,24.535876269924145,-34.88292055757681,3.35,1.68,,,,88.2,1374,6.1,745871,595978,647304,665926,608070,677587,680757,671289,686823,54.4,,,,,,,,32,6,Split-Finger,2,0,2,0,0,2,2,0,Infield shade,Standard,248,0.0,0.0,74.9,7.8,,,0.0,,2,2,0.814,0.814,36,38,37,38,2,1,,0,5,1,3.21,1.27,-1.27,34.7,12.803816219972584,-12.062183672075744,30.64568925834453,43.23176132228792,39.35652023642094,pitcher
SI,2024-08-09,93.5,-2.19,5.55,"Cobb, Alex",467793,502171,,foul,,,,,11,,R,L,R,MIN,CLE,S,,,3,1,2024,-1.57,0.45,-1.0978507832004274,2.9589143787233496,,,596146.0,0,4,Bot,,,,,,,6.227144691656847,-136.0481815458661,-1.9445313400838968,-20.839727284995877,28.61358472495375,-26.35006259653184,3.35,1.68,218.0,75.7,51.0,93.3,2106,6.1,745871,595978,647304,665926,608070,677587,680757,671289,686823,54.43,,,,,,,,32,5,Sinker,2,0,2,0,0,2,2,0,Infield shade,Standard,229,-0.009,-0.04,68.3,7.1,,,0.04,88.0,2,2,0.823,0.823,36,38,37,38,2,1,,0,5,1,2.15,1.57,-1.57,36.1,3.039756222289147,9.571059960142543,20.148868581597256,48.43667291581122,24.58331494397785,pitcher
KC,2024-08-09,83.1,-2.1,5.8,"Cobb, Alex",467793,502171,,ball,,,,,14,,R,L,R,MIN,CLE,B,,,2,1,2024,0.71,-1.12,0.9436665221915796,1.467119422248746,,,596146.0,0,4,Bot,,,,,,,5.531513505945718,-120.9848240985048,-1.2649496573203731,5.870305195279524,24.153992490744265,-43.12143516008626,3.38421330601678,1.75187654065572,,,,82.3,2630,5.8,745871,595978,647304,665926,608070,677587,680757,671289,686823,54.72,,,,,,,,32,4,Knuckle Curve,2,0,2,0,0,2,2,0,Infield shade,Standard,39,0.01,0.109,,,,,-0.109,,2,2,0.813,0.813,36,38,37,38,2,1,,0,5,1,4.42,-0.71,0.71,39.3,,,,,,pitcher
FS,2024-08-09,88.7,-2.17,5.62,"Cobb, Alex",467793,502171,,ball,,,,,14,,R,L,R,MIN,CLE,B,,,1,1,2024,-1.4,0.23,0.5160076348975082,1.4870397105371809,,,596146.0,0,4,Bot,,,,,,,9.449802860314565,-128.93740757435282,-4.563371634943039,-17.531523409583997,24.652400002384248,-28.844869373395703,3.47666529933426,1.74502976645709,,,,88.5,1702,6.1,745871,595978,647304,665926,608070,677587,680757,671289,686823,54.43,,,,,,,,32,3,Split-Finger,2,0,2,0,0,2,2,0,Infield shade,Standard,241,0.005,0.043,,,,,-0.043,,2,2,0.808,0.808,36,38,37,38,2,1,,0,5,1,2.65,1.4,-1.4,36.1,,,,,,pitcher
SI,2024-08-09,92.6,-2.16,5.58,"Cobb, Alex",467793,502171,,ball,,,,,3,,R,L,R,MIN,CLE,B,,,0,1,2024,-1.31,0.65,0.5659566707563546,3.5076505497252826,,,596146.0,0,4,Bot,,,,,,,9.769686191845883,-134.73400348303633,-1.0006287573568078,-17.966575285079248,24.22946679552587,-24.18664757852163,3.44715823693306,1.71496838234622,,,,92.8,2018,6.0,745871,595978,647304,665926,608070,677587,680757,671289,686823,54.46,,,,,,,,32,2,Sinker,2,0,2,0,0,2,2,0,Infield shade,Standard,231,0.002,0.034,,,,,-0.034,,2,2,0.806,0.806,36,38,37,38,2,1,,0,5,1,1.98,1.31,-1.31,36.1,,,,,,pitcher
FS,2024-08-09,87.2,-2.17,5.59,"Cobb, Alex",467793,502171,,called_strike,,,,,4,,R,L,R,MIN,CLE,S,,,0,0,2024,-0.67,-0.47,-0.5376701257563685,2.510439183918568,,,596146.0,0,4,Bot,,,,,,,5.30135124906488,-126.95581470655266,-0.3028586980119405,-8.341160395531736,25.172718709489967,-37.43977891346984,3.45235243106433,1.75351618902517,,,,87.2,1301,6.2,745871,595978,647304,665926,608070,677587,680757,671289,686823,54.3,,,,,,,,32,1,Split-Finger,2,0,2,0,0,2,2,0,Infield shade,Standard,253,-0.003,-0.042,,,,,0.042,,2,2,0.809,0.809,36,38,37,38,2,1,,0,5,1,3.46,0.67,-0.67,37.1,,,,,,pitcher
SI,2024-08-09,93.1,-2.08,5.49,"Cobb, Alex",596146,502171,field_error,hit_into_play,,,,,8,Max Kepler reaches on a throwing error by shortstop Brayan Rocchio.,R,L,R,MIN,CLE,X,6.0,ground_ball,1,0,2024,-1.5,0.4,-0.0562565587730947,1.901439569728883,,,,0,4,Bot,110.19,156.78,,,,,8.446896948220976,-135.29379726488185,-4.300066907459349,-20.293987435190303,28.653805390412828,-26.54293862744773,3.48,1.64,149.0,108.1,4.0,92.7,2005,6.1,745871,595978,647304,665926,608070,677587,680757,671289,686823,54.43,0.618,0.581,0.9,1.0,0.0,0.0,4.0,31,2,Sinker,2,0,2,0,0,2,2,0,Standard,Standard,230,0.021,0.445,76.4,7.0,,0.694,-0.445,108.1,2,2,0.788,0.788,36,31,37,31,2,1,,0,5,1,2.23,1.5,-1.5,34.8,-0.9703049253069028,5.733150585039851,39.12245654595762,39.55658548975137,24.936230809598232,pitcher
SI,2024-08-09,93.5,-2.19,5.66,"Cobb, Alex",596146,502171,,ball,,,,,12,,R,L,R,MIN,CLE,B,,,0,0,2024,-1.38,0.46,0.0286231702116936,3.668776221659302,,,,0,4,Bot,,,,,,,8.695859228628322,-135.99162957353934,-0.4146920605929475,-18.96038503081795,29.297378872416672,-26.52205843484209,3.46788897959375,1.67848512809886,,,,93.0,2013,6.0,745871,595978,647304,665926,608070,677587,680757,671289,686823,54.49,,,,,,,,31,1,Sinker,2,0,2,0,0,2,2,0,Standard,Standard,232,0.002,0.038,,,,,-0.038,,2,2,0.786,0.786,36,31,37,31,2,1,,0,5,1,2.14,1.38,-1.38,38.9,,,,,,pitcher
KC,2024-08-09,82.9,-1.92,5.74,"Cobb, Alex",668904,502171,single,hit_into_play,,,,,6,"Royce Lewis singles on a sharp line drive to center fielder Tyler Freeman. Royce Lewis out at 2nd on the throw, center fielder Tyler Freeman to second baseman Andrés Giménez.",R,R,R,MIN,CLE,X,8.0,line_drive,0,0,2024,0.66,-1.05,0.3223741365631628,2.323860903210319,,,,2,3,Bot,86.2,66.24,,,,,3.8043331084846703,-120.64848869160556,0.7255541169708211,5.7075371735621845,24.200771246860675,-42.77445316511775,3.4,1.65,266.0,106.2,12.0,82.2,2691,5.9,745871,595978,647304,665926,608070,677587,680757,671289,686823,54.6,0.942,0.973,0.9,1.0,1.0,0.0,4.0,26,1,Knuckle Curve,2,0,2,0,0,2,2,0,Strategic,Strategic,38,-0.008,0.333,76.6,8.0,,1.296,-0.333,106.2,2,2,0.737,0.737,36,25,37,25,2,1,,0,5,1,4.37,-0.66,-0.66,39.7,10.642663850687311,-6.476290061636721,29.00268151874672,38.8334538330819,29.451008784366728,pitcher
FS,2024-08-09,88.8,-2.16,5.61,"Cobb, Alex",670242,502171,field_out,hit_into_play,,,,,13,Matt Wallner flies out sharply to center fielder Tyler Freeman.,R,L,R,MIN,CLE,X,8.0,fly_ball,2,1,2024,-0.84,-0.06,-0.888806223611189,2.4346309298874447,,,,1,3,Bot,107.83,35.94,,,,,4.84768310259804,-129.35199245758926,-1.6462466020077318,-10.4728861657979,25.36267035955964,-32.75040931421044,3.71,1.81,403.0,105.1,25.0,88.6,1265,6.0,745871,595978,647304,665926,608070,677587,680757,671289,686823,54.51,0.802,1.5759180327868858,0.0,1.0,0.0,0.0,6.0,25,4,Split-Finger,2,0,2,0,0,2,2,0,Infield shade,Standard,240,-0.014,-0.302,79.7,7.4,,3.074,0.302,105.1,2,2,0.751,0.751,36,26,37,27,2,1,,2,5,1,2.93,0.84,-0.84,35.2,-18.04020675237653,-13.762396273265182,34.82260015979799,50.68558387524683,36.63490939662955,pitcher
SI,2024-08-09,93.9,-2.03,5.54,"Cobb, Alex",670242,502171,,ball,,,,,14,,R,L,R,MIN,CLE,B,,,1,1,2024,-1.34,0.31,1.6062922425737447,2.018043303754851,,,,1,3,Bot,,,,,,,12.32601196357169,-136.2406149381784,-4.109802775745669,-19.281226454789856,26.766300866721384,-27.587694427565616,3.70999812405118,1.75556726798001,,,,93.8,1948,6.2,745871,595978,647304,665926,608070,677587,680757,671289,686823,54.32,,,,,,,,25,3,Sinker,2,0,2,0,0,2,2,0,Infield shade,Standard,237,0.003,0.059,,,,,-0.059,,2,2,0.748,0.748,36,26,37,27,2,1,,2,5,1,2.27,1.34,-1.34,35.7,,,,,,pitcher
KC,2024-08-09,84.8,-2.02,5.7,"Cobb, Alex",670242,502171,,ball,,,,,13,,R,L,R,MIN,CLE,B,,,0,1,2024,0.45,-1.12,-0.1866631202640228,0.6208969020023036,,,,1,3,Bot,,,,,,,3.3708453410409067,-123.58148785677784,-3.3333885489676334,3.937710132884225,23.84330165856265,-43.203871987112855,3.71,1.81,,,,84.6,2679,6.0,745871,595978,647304,665926,608070,677587,680757,671289,686823,54.52,,,,,,,,25,2,Knuckle Curve,2,0,2,0,0,2,2,0,Infield shade,Standard,35,0.001,0.024,,,,,-0.024,,2,2,0.747,0.747,36,26,37,27,2,1,,2,5,1,4.27,-0.45,0.45,39.6,,,,,,pitcher
SI,2024-08-09,94.2,-2.11,5.54,"Cobb, Alex",670242,502171,,called_strike,,,,,6,,R,L,R,MIN,CLE,S,,,0,0,2024,-1.4,0.31,0.8173372616014154,2.7154131355168145,,,,1,3,Bot,,,,,,,10.6445492197996,-136.81975582479416,-2.327157562892544,-19.856868271637317,27.662815246066245,-27.96454410766805,3.78546829679355,1.82227456963001,,,,94.0,2005,6.1,745871,595978,647304,665926,608070,677587,680757,671289,686823,54.43,,,,,,,,25,1,Sinker,2,0,2,0,0,2,2,0,Infield shade,Standard,229,-0.002,-0.037,,,,,0.037,,2,2,0.749,0.749,36,26,37,27,2,1,,2,5,1,2.25,1.4,-1.4,35.2,,,,,,pitcher
FS,2024-08-09,89.6,-2.12,5.55,"Cobb, Alex",663616,502171,field_out,hit_into_play,,,,,7,Trevor Larnach flies out to left fielder Steven Kwan.,R,L,R,MIN,CLE,X,7.0,fly_ball,1,1,2024,-1.19,0.52,-0.4973916030173437,1.8725071977036871,,,,0,3,Bot,69.21,57.4,,,,,6.515238789659206,-130.3726198699791,-4.190064119474644,-14.972313377540384,27.56880006086552,-25.50744923036882,3.8,1.76,376.0,99.0,32.0,89.3,1595,6.1,745871,595978,647304,665926,608070,677587,680757,671289,686823,54.36,0.397,0.7835652173913045,0.0,1.0,0.0,0.0,5.0,24,3,Split-Finger,2,0,2,0,0,2,2,0,Infield shade,Standard,240,-0.014,-0.243,76.9,7.6,,1.541,0.243,99.0,2,2,0.763,0.763,36,27,37,27,2,1,,2,5,1,2.32,1.19,-1.19,36.1,21.5984740164739,-4.790550050418578,39.19185619696557,40.20755144738549,31.64389234444065,pitcher
FS,2024-08-09,88.8,-2.31,5.68,"Cobb, Alex",663616,502171,,ball,,,,,13,,R,L,R,MIN,CLE,B,,,0,1,2024,-1.1,0.04,-1.8055081819993288,2.170523851416471,,,,0,3,Bot,,,,,,,3.5129875337887966,-129.29055413253744,-2.6158288831421923,-13.081509447776938,27.461199732671425,-31.33911743365677,3.95276355626916,1.91948986914042,,,,88.4,1403,6.0,745871,595978,647304,665926,608070,677587,680757,671289,686823,54.47,,,,,,,,24,2,Split-Finger,2,0,2,0,0,2,2,0,Infield shade,Standard,244,0.001,0.025,,,,,-0.025,,2,2,0.762,0.762,36,27,37,27,2,1,,2,5,1,2.85,1.1,-1.1,36.7,,,,,,pitcher
KC,2024-08-09,81.9,-2.05,5.84,"Cobb, Alex",663616,502171,,foul,,,,,8,,R,L,R,MIN,CLE,S,,,0,0,2024,0.59,-1.24,0.0880402484858163,1.8892039359950976,,,,0,3,Bot,,,,,,,3.6597183329489593,-119.24346350571872,0.0684329120323556,4.837620593071602,24.92966867631154,-44.1994345721034,3.8,1.76,,,,81.1,2724,5.9,745871,595978,647304,665926,608070,677587,680757,671289,686823,54.62,,,,,,,,24,1,Knuckle Curve,2,0,2,0,0,2,2,0,Infield shade,Standard,35,-0.002,-0.037,75.2,8.0,,,0.037,,2,2,0.764,0.764,36,27,37,27,2,1,,2,5,1,4.66,-0.59,0.59,44.3,27.129146121983357,-23.059328494178462,37.80755622654857,33.970689045929646,44.64516198414719,pitcher
FS,2024-08-09,87.8,-2.13,5.67,"Cobb, Alex",650489,502171,field_out,hit_into_play,,,,,4,"Willi Castro grounds out, pitcher Alex Cobb to first baseman Josh Naylor.",R,L,R,MIN,CLE,X,1.0,ground_ball,0,1,2024,-0.9,-0.3,-0.4158368290193965,2.220906498520295,,,668885.0,2,2,Bot,134.97,185.29,,,,,5.957650395939214,-127.75989857001623,-1.6253117729542992,-11.02053562644342,25.72956067894833,-35.35840678744278,3.47,1.61,2.0,71.7,-54.0,87.4,1397,6.0,745871,595978,647304,665926,608070,677587,680757,671289,686823,54.5,0.284,0.313,0.0,1.0,0.0,0.0,2.0,18,2,Split-Finger,2,0,2,0,0,2,2,0,Standard,Standard,244,-0.014,-0.224,70.4,6.5,,0.286,0.224,88.0,2,2,0.726,0.726,36,27,37,27,2,1,,0,5,1,3.25,0.9,-0.9,35.4,-1.168278025903609,12.70702115968573,34.762696909042745,36.72133897266431,26.21315858670154,pitcher
SI,2024-08-09,93.8,-2.14,5.64,"Cobb, Alex",650489,502171,,called_strike,,,,,3,,R,L,R,MIN,CLE,S,,,0,0,2024,-1.23,0.46,0.6368843222580247,3.1148216993511024,,,668885.0,2,2,Bot,,,,,,,9.841474412726097,-136.38198140611496,-1.8177186524581093,-17.503676639884993,28.13672350511695,-26.269977900931035,3.57760514632481,1.67058639717487,,,,93.5,1998,6.0,745871,595978,647304,665926,608070,677587,680757,671289,686823,54.49,,,,,,,,18,1,Sinker,2,0,2,0,0,2,2,0,Standard,Standard,232,-0.002,-0.047,,,,,0.047,,2,2,0.728,0.728,36,27,37,27,2,1,,0,5,1,2.13,1.23,-1.23,35.4,,,,,,pitcher
SI,2024-08-09,93.0,-2.21,5.54,"Cobb, Alex",668885,502171,single,hit_into_play,,,,,5,Austin Martin singles on a ground ball to shortstop Brayan Rocchio. Christian Vázquez scores. Throwing error by shortstop Brayan Rocchio.,R,R,R,MIN,CLE,X,6.0,ground_ball,3,2,2024,-1.48,0.39,0.1445141062562835,2.082490314675673,,,543877.0,2,2,Bot,116.17,174.98,,,,,9.24496325827052,-135.1891512712405,-3.941845910508205,-20.104496306586373,28.748987460744253,-26.75096070284481,3.14,1.49,19.0,95.9,-5.0,92.8,2028,6.2,745871,595978,647304,665926,608070,677587,680757,671289,686823,54.31,0.304,0.323,0.9,1.0,1.0,0.0,2.0,17,6,Sinker,1,0,1,0,0,2,2,0,Standard,Standard,231,0.093,0.308,69.7,6.9,,0.326,-0.308,95.9,1,1,0.635,0.635,36,25,37,25,1,0,,2,5,1,2.25,1.48,1.48,35.9,3.79965273923941,0.5223763359988856,46.25613053567596,35.22438316563318,30.650567266473026,pitcher
SI,2024-08-09,93.3,-2.09,5.48,"Cobb, Alex",668885,502171,,ball,,,,,12,,R,R,R,MIN,CLE,B,,,2,2,2024,-1.37,0.65,1.4390438396524912,2.703592427490392,,,543877.0,2,2,Bot,,,,,,,12.010338695157824,-135.39748100266937,-2.807917813760569,-19.42719293000588,27.514730872658998,-23.66465736276991,3.22738938307133,1.54551538521115,,,,93.0,2014,6.1,745871,595978,647304,665926,608070,677587,680757,671289,686823,54.42,,,,,,,,17,5,Sinker,1,0,1,0,0,1,1,0,Standard,Standard,228,0.006,0.085,,,,,-0.085,,1,1,0.629,0.629,36,25,37,25,1,0,,2,5,1,1.96,1.37,1.37,37.6,,,,,,pitcher
FS,2024-08-09,89.1,-2.18,5.59,"Cobb, Alex",668885,502171,,foul,,,,,4,,R,R,R,MIN,CLE,S,,,2,1,2024,-1.23,0.37,-0.6603286467962433,2.0410294911371967,,,543877.0,2,2,Bot,,,,,,,6.271670325684193,-129.6616577402664,-3.4558428527558656,-15.15686959073118,26.692297647910447,-27.47951384881657,3.14,1.49,9.0,86.4,-12.0,88.8,1675,6.0,745871,595978,647304,665926,608070,677587,680757,671289,686823,54.46,,,,,,,,17,4,Split-Finger,1,0,1,0,0,1,1,0,Standard,Standard,236,-0.005,-0.072,69.8,7.4,,,0.072,88.0,1,1,0.634,0.634,36,25,37,25,1,0,,2,5,1,2.5,1.23,1.23,39.5,15.816642036298996,-16.340081243560917,46.44446310248262,25.35637125575577,35.195234392465856,pitcher
SI,2024-08-09,93.9,-2.08,5.52,"Cobb, Alex",668885,502171,,ball,,,,,8,,R,R,R,MIN,CLE,B,,,1,1,2024,-1.28,0.5,0.1892439343856005,1.5237386908790385,,,543877.0,2,2,Bot,,,,,,,8.657275322014993,-136.47777389171983,-5.733384290197953,-17.857841769808438,28.301978838476444,-24.80812506685337,3.17203375477345,1.55557037194657,,,,93.6,1957,6.1,745871,595978,647304,665926,608070,677587,680757,671289,686823,54.43,,,,,,,,17,3,Sinker,1,0,1,0,0,1,1,0,Standard,Standard,230,0.003,0.05,,,,,-0.05,,1,1,0.631,0.631,36,25,37,25,1,0,,2,5,1,2.08,1.28,1.28,35.7,,,,,,pitcher
SI,2024-08-09,92.8,-2.18,5.57,"Cobb, Alex",668885,502171,,called_strike,,,,,1,,R,R,R,MIN,CLE,S,,,1,0,2024,-1.3,0.46,-0.4155927150393348,3.1671261936603363,,,543877.0,2,2,Bot,,,,,,,7.319115861713813,-135.08289637380855,-1.408876779897752,-17.4951613668108,26.726523131411337,-26.45982765598472,3.1400017715746,1.50755869519582,,,,92.9,1924,6.1,745871,595978,647304,665926,608070,677587,680757,671289,686823,54.39,,,,,,,,17,2,Sinker,1,0,1,0,0,1,1,0,Standard,Standard,238,-0.003,-0.048,,,,,0.048,,1,1,0.634,0.634,36,25,37,25,1,0,,2,5,1,2.17,1.3,1.3,37.3,,,,,,pitcher
SI,2024-08-09,93.4,-2.11,5.58,"Cobb, Alex",668885,502171,,ball,,,,,9,,R,R,R,MIN,CLE,B,,,0,0,2024,-1.43,0.55,0.6867256380276869,1.5211928321545716,,,543877.0,2,2,Bot,,,,,,,10.262515305993936,-135.63410334985528,-5.91232484260558,-19.8461945053878,26.588094011759303,-24.29881246760165,3.1400012486273,1.58513379842766,,,,93.1,1987,6.0,745871,595978,647304,665926,608070,677587,680757,671289,686823,54.52,,,,,,,,17,1,Sinker,1,0,1,0,0,1,1,0,Standard,Standard,232,0.002,0.034,,,,,-0.034,,1,1,0.632,0.632,36,25,37,25,1,0,,2,5,1,2.05,1.43,1.43,36.5,,,,,,pitcher
FS,2024-08-09,89.5,-2.21,5.49,"Cobb, Alex",543877,502171,single,hit_into_play,,,,,8,Christian Vázquez singles on a line drive to center fielder Tyler Freeman.,R,R,R,MIN,CLE,X,8.0,line_drive,2,2,2024,-1.2,0.11,-0.1567828762708663,1.812101830660556,,,,2,2,Bot,110.25,91.41,,,,,7.567799902194916,-130.09175599679182,-3.243292142312641,-15.180655592455604,28.25565032122328,-30.468535496102696,3.31,1.56,181.0,77.7,17.0,89.0,1653,6.1,745871,595978,647304,665926,608070,677587,680757,671289,686823,54.35,0.963,0.898,0.9,1.0,1.0,0.0,4.0,16,5,Split-Finger,1,0,1,0,0,1,1,0,Strategic,Standard,242,0.012,0.37,74.9,7.8,,1.062,-0.37,88.0,1,1,0.62,0.62,36,33,37,34,1,0,,3,5,2,2.75,1.2,1.2,36.4,20.14498306048867,-21.18178870779628,32.5531072859692,35.609039885218706,49.08200326779333,pitcher
FS,2024-08-09,88.4,-2.23,5.48,"Cobb, Alex",543877,502171,,ball,,,,,13,,R,R,R,MIN,CLE,B,,,1,2,2024,-1.1,0.05,-1.5632300551806826,1.459163971438453,,,,2,2,Bot,,,,,,,3.888369386951888,-128.63348428923555,-3.790612162744497,-12.986256344584486,27.393962388556165,-31.00594286441793,3.31000126550555,1.68607238223944,,,,87.9,1550,6.1,745871,595978,647304,665926,608070,677587,680757,671289,686823,54.44,,,,,,,,16,4,Split-Finger,1,0,1,0,0,1,1,0,Strategic,Standard,242,0.002,0.039,,,,,-0.039,,1,1,0.618,0.618,36,33,37,34,1,0,,3,5,2,2.87,1.1,1.1,34.4,,,,,,pitcher
SI,2024-08-09,93.5,-1.98,5.53,"Cobb, Alex",543877,502171,,called_strike,,,,,3,,R,R,R,MIN,CLE,S,,,1,1,2024,-1.4,0.49,0.623986181843815,2.9682815320460136,,,,2,2,Bot,,,,,,,9.75793653714069,-135.8654051686204,-1.918595751921815,-19.53037694856905,29.70042214908383,-25.855659332288614,3.38185794315578,1.6931415465731,,,,93.1,2127,6.1,745871,595978,647304,665926,608070,677587,680757,671289,686823,54.39,,,,,,,,16,3,Sinker,1,0,1,0,0,1,1,0,Strategic,Standard,229,-0.003,-0.064,,,,,0.064,,1,1,0.621,0.621,36,33,37,34,1,0,,3,5,2,2.12,1.4,1.4,36.7,,,,,,pitcher
KC,2024-08-09,83.5,-1.92,5.77,"Cobb, Alex",543877,502171,,ball,,,,,11,,R,R,R,MIN,CLE,B,,,0,1,2024,0.52,-1.09,-0.868502573024433,3.265409490378583,,,,2,2,Bot,,,,,,,1.402194841656863,-121.63199505794827,2.7643571336681765,4.860406732904898,23.783998629874336,-43.78866394674001,3.41821126690815,1.66358319830853,,,,82.8,2545,5.8,745871,595978,647304,665926,608070,677587,680757,671289,686823,54.74,,,,,,,,16,2,Knuckle Curve,1,0,1,0,0,1,1,0,Strategic,Standard,40,0.001,0.029,,,,,-0.029,,1,1,0.62,0.62,36,33,37,34,1,0,,3,5,2,4.35,-0.52,-0.52,46.7,,,,,,pitcher
SI,2024-08-09,95.0,-2.14,5.51,"Cobb, Alex",543877,502171,,called_strike,,,,,2,,R,R,R,MIN,CLE,S,,,0,0,2024,-1.54,0.56,-0.2352269576583521,2.9815973481342013,,,,2,2,Bot,,,,,,,8.41117610235538,-138.20974646088203,-2.2390456571906645,-21.641169486788986,29.343275100720188,-24.63094166723671,3.31000122714527,1.66483709051527,,,,94.8,2116,6.1,745871,595978,647304,665926,608070,677587,680757,671289,686823,54.42,,,,,,,,16,1,Sinker,1,0,1,0,0,1,1,0,Standard,Standard,227,-0.001,-0.041,,,,,0.041,,1,1,0.621,0.621,36,33,37,34,1,0,,3,5,2,1.95,1.54,1.54,36.2,,,,,,pitcher
SI,2024-08-09,94.0,-2.0,5.52,"Cobb, Alex",622534,502171,grounded_into_double_play,hit_into_play,,,,,2,"Manuel Margot grounds into a double play, second baseman Andrés Giménez to shortstop Brayan Rocchio to first baseman Josh Naylor. Carlos Santana out at 2nd. Manuel Margot out at 1st.",R,R,R,MIN,CLE,X,4.0,ground_ball,1,2,2024,-1.5,0.52,-0.0631255699982504,2.841876647832485,,,467793.0,0,2,Bot,143.46,156.18,,,,,8.30444845694404,-136.66653859069373,-2.3623251555327203,-20.645326611645583,29.95894080093921,-25.380636465624324,3.38,1.59,110.0,87.2,5.0,93.5,1971,6.0,745871,595978,647304,665926,608070,677587,680757,671289,686823,54.45,0.434,0.417,0.0,1.0,0.0,0.0,4.0,15,4,Sinker,1,0,1,0,0,1,1,0,Standard,Standard,235,-0.057,-0.295,68.1,6.5,,0.511,0.295,88.0,1,1,0.678,0.678,36,29,37,30,1,0,,0,5,3,2.07,1.5,1.5,38.0,4.127878976803981,18.044816159220343,23.519840509177943,35.551105985510475,23.178343292990583,pitcher
FS,2024-08-09,88.8,-2.09,5.59,"Cobb, Alex",622534,502171,,called_strike,,,,,1,,R,R,R,MIN,CLE,S,,,1,1,2024,-0.82,-0.29,-0.4264276211868116,3.154865233120391,,,467793.0,0,2,Bot,,,,,,,5.7661084091170505,-129.26356513185362,0.6858563447173502,-10.437155789079052,27.181487378283705,-35.84557167774356,3.55532077099817,1.65763216633007,,,,88.3,1427,6.0,745871,595978,647304,665926,608070,677587,680757,671289,686823,54.53,,,,,,,,15,3,Split-Finger,1,0,1,0,0,1,1,0,Standard,Standard,248,-0.008,-0.049,,,,,0.049,,1,1,0.686,0.686,36,29,37,30,1,0,,0,5,3,3.19,0.82,0.82,36.0,,,,,,pitcher
SI,2024-08-09,92.7,-2.19,5.61,"Cobb, Alex",622534,502171,,ball,,,,,13,,R,R,R,MIN,CLE,B,,,0,1,2024,-1.6,0.41,-2.653732894821717,2.2340817043874344,,,467793.0,0,2,Bot,,,,,,,2.2902383142861256,-135.012364333898,-3.721636771996884,-20.03102195099229,29.36279926218976,-26.568931628093416,3.64294237877662,1.71242768873211,,,,92.0,1990,5.8,745871,595978,647304,665926,608070,677587,680757,671289,686823,54.68,,,,,,,,15,2,Sinker,1,0,1,0,0,1,1,0,Standard,Standard,234,0.003,0.034,,,,,-0.034,,1,1,0.683,0.683,36,29,37,30,1,0,,0,5,3,2.24,1.6,1.6,34.4,,,,,,pitcher
SI,2024-08-09,94.5,-2.21,5.6,"Cobb, Alex",622534,502171,,foul,,,,,4,,R,R,R,MIN,CLE,S,,,0,0,2024,-1.5,0.41,-0.4753626809548297,2.1691354748774327,,,467793.0,0,2,Bot,,,,,,,7.797071892376378,-137.4335495248463,-4.186224089198301,-20.78775550835208,28.78793623896186,-26.189731806619072,3.38,1.59,6.0,80.7,-20.0,94.0,2085,5.9,745871,595978,647304,665926,608070,677587,680757,671289,686823,54.62,,,,,,,,15,1,Sinker,1,0,1,0,0,1,1,0,Standard,Standard,233,-0.004,-0.042,74.0,7.0,,,0.042,88.0,1,1,0.687,0.687,36,29,37,30,1,0,,0,5,3,2.13,1.5,1.5,35.6,10.216406809799516,1.5843423758242616,29.57406796099159,29.51056308383621,27.80092127984362,pitcher
FS,2024-08-09,88.4,-2.1,5.5,"Cobb, Alex",467793,502171,single,hit_into_play,,,,,4,Carlos Santana singles on a sharp line drive to center fielder Tyler Freeman.,R,L,R,MIN,CLE,X,8.0,line_drive,2,2,2024,-0.95,-0.46,-0.6144238948170625,2.5255748299103917,,,,0,2,Bot,161.05,98.57,,,,,5.587404052459293,-128.71011200785364,-0.2370157606118699,-11.715962928252708,25.33922579465354,-37.48556811326367,3.35,1.68,162.0,104.2,9.0,88.4,1307,6.2,745871,595978,647304,665926,608070,677587,680757,671289,686823,54.35,0.742,0.689,0.9,1.0,1.0,0.0,4.0,14,5,Split-Finger,1,0,1,0,0,1,1,0,Infield shade,Strategic,253,0.034,0.476,,,,0.851,-0.476,104.2,1,1,0.653,0.653,36,38,37,38,1,0,,0,5,1,3.36,0.95,-0.95,34.8,,,,,,pitcher
SI,2024-08-09,93.8,-2.07,5.55,"Cobb, Alex",467793,502171,,called_strike,,,,,7,,R,L,R,MIN,CLE,S,,,2,1,2024,-1.5,0.31,-0.3124696513578275,1.6642353211354342,,,,0,2,Bot,,,,,,,7.828376473900279,-136.32465939212176,-4.997580322218512,-20.454623824206543,28.94350736401846,-27.35716183396136,3.61127209413862,1.7191186771996,,,,93.5,1959,6.1,745871,595978,647304,665926,608070,677587,680757,671289,686823,54.42,,,,,,,,14,4,Sinker,1,0,1,0,0,1,1,0,Infield shade,Standard,234,-0.006,-0.069,,,,,0.069,,1,1,0.659,0.659,36,38,37,38,1,0,,0,5,1,2.28,1.5,-1.5,34.1,,,,,,pitcher
FS,2024-08-09,89.6,-2.28,5.55,"Cobb, Alex",467793,502171,,ball,,,,,13,,R,L,R,MIN,CLE,B,,,1,1,2024,-1.28,0.08,-0.3875278566190083,0.8079933422936878,,,,0,2,Bot,,,,,,,7.330953883691255,-130.21193868347325,-5.82695941909638,-16.120767768742127,27.79374779319583,-30.2421890017192,3.61480185713506,1.78833130917145,,,,89.0,1716,6.0,745871,595978,647304,665926,608070,677587,680757,671289,686823,54.48,,,,,,,,14,3,Split-Finger,1,0,1,0,0,1,1,0,Infield shade,Standard,237,0.004,0.053,,,,,-0.053,,1,1,0.655,0.655,36,38,37,38,1,0,,0,5,1,2.77,1.28,-1.28,34.6,,,,,,pitcher
FS,2024-08-09,89.9,-2.21,5.59,"Cobb, Alex",467793,502171,,ball,,,,,13,,R,L,R,MIN,CLE,B,,,0,1,2024,-1.32,0.43,-0.1146235480219812,1.3985791535646075,,,,0,2,Bot,,,,,,,7.923882358915456,-130.67555634544993,-5.302824001503666,-16.785202663055404,27.43088311727194,-26.257192707421197,3.62449081584447,1.76553684853848,,,,89.3,1664,6.0,745871,595978,647304,665926,608070,677587,680757,671289,686823,54.51,,,,,,,,14,2,Split-Finger,1,0,1,0,0,1,1,0,Standard,Standard,240,0.002,0.025,,,,,-0.025,,1,1,0.653,0.653,36,38,37,38,1,0,,0,5,1,2.39,1.32,-1.32,34.3,,,,,,pitcher
KC,2024-08-09,82.6,-2.03,5.89,"Cobb, Alex",467793,502171,,called_strike,,,,,7,,R,L,R,MIN,CLE,S,,,0,0,2024,0.42,-1.04,-0.3029866977083885,2.121423887581774,,,,0,2,Bot,,,,,,,3.092011435576303,-120.3084632747826,-0.0519866396735073,3.4706154795308413,24.13369167598165,-42.4778292009266,3.56016064118757,1.73410808885583,,,,81.7,2666,5.7,745871,595978,647304,665926,608070,677587,680757,671289,686823,54.78,,,,,,,,14,1,Knuckle Curve,1,0,1,0,0,1,1,0,Standard,Standard,40,-0.003,-0.037,,,,,0.037,,1,1,0.656,0.656,36,38,37,38,1,0,,0,5,1,4.39,-0.42,0.42,40.5,,,,,,pitcher
FS,2024-08-09,89.2,-2.14,5.55,"Cobb, Alex",596146,502171,grounded_into_double_play,hit_into_play,,,,,13,"Max Kepler grounds into a double play, second baseman Andrés Giménez to shortstop Brayan Rocchio to first baseman Josh Naylor. Royce Lewis out at 2nd. Max Kepler out at 1st.",R,L,R,MIN,CLE,X,4.0,ground_ball,1,2,2024,-1.21,-0.02,-0.2483181594437231,1.256736528093083,,670242.0,668904.0,1,1,Bot,149.52,153.14,,,,,7.162833715759195,-129.76655105286264,-4.5090936370806975,-15.195088491526857,25.637787848895893,-31.68294560964692,3.48,1.64,27.0,75.1,-1.0,89.0,1578,6.1,745871,595978,647304,665926,608070,677587,680757,671289,686823,54.43,0.117,0.107,0.0,1.0,0.0,0.0,2.0,9,4,Split-Finger,1,0,1,0,0,1,1,0,Standard,Standard,248,-0.065,-0.242,69.7,8.0,,0.139,0.242,88.0,1,1,0.668,0.668,36,31,37,31,1,0,,0,5,1,2.87,1.21,-1.21,32.4,11.811730463778348,-14.915461703001698,33.53280336488146,41.91500031658228,42.09880161405356,pitcher
FS,2024-08-09,89.0,-2.29,5.57,"Cobb, Alex",596146,502171,,foul_tip,,,,,13,,R,L,R,MIN,CLE,S,,,1,1,2024,-1.35,-0.07,-0.3613695809803388,0.8652165972136272,,670242.0,668904.0,1,1,Bot,,,,,,,7.495707478210308,-129.32749677945498,-5.341207668108664,-16.74471919746362,26.61955539758753,-31.986951629227075,3.48,1.64,,,,88.3,1535,5.9,745871,595978,647304,665926,608070,677587,680757,671289,686823,54.57,,,,,,,,9,3,Split-Finger,1,0,1,0,0,1,1,0,Standard,Standard,246,-0.009,-0.04,73.6,8.3,,,0.04,,1,1,0.677,0.677,36,31,37,31,1,0,,0,5,1,2.95,1.35,-1.35,36.7,15.82572181671008,-17.820839270633954,38.29675604507841,42.85662625912721,39.70486941072917,pitcher
KC,2024-08-09,83.9,-2.08,5.8,"Cobb, Alex",596146,502171,,ball,,,,,11,,R,L,R,MIN,CLE,B,,,0,1,2024,0.32,-0.9,-1.1139089102180542,3.1342762890325804,,670242.0,668904.0,1,1,Bot,,,,,,,1.5867913891025485,-122.1318637108277,1.9738597934586988,2.8628193236423307,23.79317156228332,-41.74490632616218,3.54016597407352,1.62921088854202,,,,83.3,2572,5.9,745871,595978,647304,665926,608070,677587,680757,671289,686823,54.63,,,,,,,,9,2,Knuckle Curve,1,0,1,0,0,1,1,0,Standard,Standard,41,0.004,0.015,,,,,-0.015,,1,1,0.673,0.673,36,31,37,31,1,0,,0,5,1,4.13,-0.32,0.32,42.1,,,,,,pitcher
FS,2024-08-09,90.3,-2.23,5.68,"Cobb, Alex",596146,502171,,foul,,,,,5,,R,L,R,MIN,CLE,S,,,0,0,2024,-1.42,0.47,-0.0660748065440715,2.6881676372721475,,670242.0,668904.0,1,1,Bot,,,,,,,8.314354575079784,-131.2245625957096,-2.4778720973047594,-18.16914291269149,26.56758499295262,-26.45750795486254,3.48,1.64,198.0,70.2,48.0,89.5,1780,5.8,745871,595978,647304,665926,608070,677587,680757,671289,686823,54.71,,,,,,,,9,1,Split-Finger,1,0,1,0,0,1,1,0,Standard,Standard,240,-0.006,-0.039,73.0,7.0,,,0.039,88.0,1,1,0.679,0.679,36,31,37,31,1,0,,0,5,1,2.33,1.42,-1.42,36.3,-1.313665456547276,7.981478048968897,30.52699693176276,39.04680426637013,26.990274712274957,pitcher
SI,2024-08-09,94.6,-2.1,5.55,"Cobb, Alex",668904,502171,walk,ball,,,,,13,Royce Lewis walks. Matt Wallner to 2nd. Willi Castro steals (12) home. Matt Wallner to 2nd.,R,R,R,MIN,CLE,B,,,3,2,2024,-1.48,0.33,-1.3341588079366018,1.6059218708841128,650489.0,,670242.0,1,1,Bot,,,,,,,5.289169443208613,-137.7474573259828,-5.345314685406397,-20.06936009545407,28.935955212954724,-27.056151571000655,3.39999956118463,1.62180246773067,,,,94.5,2029,6.1,745871,595978,647304,665926,608070,677587,680757,671289,686823,54.45,,0.689131,0.7,1.0,0.0,0.0,,8,7,Sinker,0,0,0,0,0,1,1,0,Standard,Standard,233,0.061,0.22,,,,,-0.22,,0,0,0.618,0.618,36,25,37,25,1,0,,0,5,1,2.21,1.48,1.48,38.3,,,,,,pitcher
KC,2024-08-09,84.7,-1.94,5.73,"Cobb, Alex",668904,502171,,ball,,,,,13,,R,R,R,MIN,CLE,B,,,2,2,2024,0.52,-1.08,-1.612980680396686,2.126404446105201,650489.0,,670242.0,1,1,Bot,,,,,,,-0.2770085378501173,-123.39279611568476,0.0280540701863774,5.370828251668576,24.02827461657607,-43.417541854659255,3.40000191498149,1.67075305953893,,,,84.2,2737,5.8,745871,595978,647304,665926,608070,677587,680757,671289,686823,54.67,,,,,,,,8,6,Knuckle Curve,0,0,0,0,0,0,0,0,Standard,Standard,48,0.015,0.078,,,,,-0.078,,0,0,0.603,0.603,36,25,37,25,1,0,,0,5,1,4.24,-0.52,-0.52,41.1,,,,,,pitcher
FS,2024-08-09,90.5,-2.04,5.58,"Cobb, Alex",668904,502171,,foul,,,,,13,,R,R,R,MIN,CLE,S,,,2,2,2024,-1.22,-0.02,-1.373587448223484,2.0755232804748016,650489.0,,670242.0,1,1,Bot,,,,,,,4.234086856054618,-131.83835461604068,-2.817784686018623,-15.125106503789205,25.238215462316305,-32.100683551564664,3.4,1.65,4.0,43.4,-29.0,90.6,1486,6.0,745871,595978,647304,665926,608070,677587,680757,671289,686823,54.45,,,,,,,,8,5,Split-Finger,0,0,0,0,0,0,0,0,Standard,Standard,240,0.0,0.0,72.5,7.7,,,0.0,88.0,0,0,0.603,0.603,36,25,37,25,1,0,,0,5,1,2.78,1.22,1.22,37.2,1.9145550077816704,-27.164465935502907,31.34995201759205,19.855179134797098,30.765952917945,pitcher
SI,2024-08-09,93.3,-2.1,5.45,"Cobb, Alex",668904,502171,,ball,,,,,14,,R,R,R,MIN,CLE,B,,,1,2,2024,-1.3,-0.03,1.3992306464429147,2.24873263153466,650489.0,,670242.0,1,1,Bot,,,,,,,11.784203003909823,-135.45278009530887,-2.480368272631938,-18.424912270985644,25.11554207507048,-32.1827824833093,3.4000009305054,1.70201643361267,,,,93.3,1877,6.1,745871,595978,647304,665926,608070,677587,680757,671289,686823,54.45,,,,,,,,8,4,Sinker,0,0,0,0,0,0,0,0,Standard,Standard,243,0.009,0.022,,,,,-0.022,,0,0,0.594,0.594,36,25,37,25,1,0,,0,5,1,2.62,1.3,1.3,35.6,,,,,,pitcher
SI,2024-08-09,93.9,-1.98,5.43,"Cobb, Alex",668904,502171,,ball,,,,,14,,R,R,R,MIN,CLE,B,,,0,2,2024,-1.52,0.02,1.4553211307489882,1.502600787283443,650489.0,,670242.0,1,1,Bot,,,,,,,12.143982508878556,-136.19616801661857,-4.448374625326657,-21.504178648851603,28.13815067570439,-31.1829327245228,3.39999868289273,1.59585266825969,,,,93.4,2091,6.1,745871,595978,647304,665926,608070,677587,680757,671289,686823,54.45,,,,,,,,8,3,Sinker,0,0,0,0,0,0,0,0,Standard,Standard,239,0.007,0.002,,,,,-0.002,,0,0,0.587,0.587,36,25,37,25,1,0,,0,5,1,2.57,1.52,1.52,34.0,,,,,,pitcher
FS,2024-08-09,89.7,-2.15,5.5,"Cobb, Alex",668904,502171,,foul,,,,,11,,R,R,R,MIN,CLE,S,,,0,1,2024,-0.76,0.19,-1.3146476094244428,2.8944823450060726,650489.0,,670242.0,1,1,Bot,,,,,,,3.647880179284871,-130.63676534202236,-0.8645930667344768,-9.498140283712978,26.93273526390504,-30.0446726337581,3.4,1.65,7.0,63.2,-22.0,89.4,1271,6.0,745871,595978,647304,665926,608070,677587,680757,671289,686823,54.49,,,,,,,,8,2,Split-Finger,0,0,0,0,0,0,0,0,Standard,Strategic,249,-0.016,-0.066,69.3,7.3,,,0.066,88.0,0,0,0.603,0.603,36,25,37,25,1,0,,0,5,1,2.63,0.76,0.76,37.6,8.506299500490249,-20.65272675731855,24.746366143538477,18.33284634878448,27.05466558032313,pitcher
SI,2024-08-09,95.1,-2.2,5.6,"Cobb, Alex",668904,502171,,foul,,,,,5,,R,R,R,MIN,CLE,S,,,0,0,2024,-1.29,0.29,-0.0608332300850407,2.8206323347283204,650489.0,,670242.0,1,1,Bot,,,,,,,8.442599836746428,-138.34669609171905,-2.339993570249738,-18.34068970385746,27.41883983562739,-28.092631918991437,3.4,1.65,144.0,79.7,11.0,95.0,2007,6.0,745871,595978,647304,665926,608070,677587,680757,671289,686823,54.52,,,,,,,,8,1,Sinker,0,0,0,0,0,0,0,0,Standard,Strategic,232,-0.01,-0.045,70.4,6.3,,,0.045,88.0,0,0,0.613,0.613,36,25,37,25,1,0,,0,5,1,2.21,1.29,1.29,37.6,-17.308394782790128,28.9677928316166,33.89092486450787,33.72338020341175,5.155046808437294,pitcher
FS,2024-08-09,88.3,-2.17,5.63,"Cobb, Alex",670242,502171,force_out,hit_into_play,,,,,8,"Matt Wallner grounds into a force out, second baseman Andrés Giménez to shortstop Brayan Rocchio. Willi Castro to 3rd. Trevor Larnach out at 2nd. Matt Wallner to 1st.",R,L,R,MIN,CLE,X,4.0,ground_ball,0,1,2024,-0.67,-0.03,-0.1907121344138844,2.086342486997224,,650489.0,663616.0,0,1,Bot,154.98,157.39,,,,,6.160964503722358,-128.49252369642875,-2.462653907835776,-8.682182817202088,27.02697068975326,-32.14394781949431,3.71,1.81,9.0,100.9,-14.0,87.7,1288,6.0,745871,595978,647304,665926,608070,677587,680757,671289,686823,54.54,0.214,0.2,0.0,1.0,0.0,0.0,2.0,7,2,Split-Finger,0,0,0,0,0,0,0,0,Standard,Standard,245,-0.016,-0.272,85.4,7.2,,0.214,0.272,100.9,0,0,0.629,0.629,36,26,37,27,1,0,,2,5,1,2.95,0.67,-0.67,33.2,-3.2449676804822403,7.102153323224592,35.17688816689963,42.172698937973166,36.93149152667703,pitcher
FS,2024-08-09,89.1,-2.27,5.71,"Cobb, Alex",670242,502171,,foul,,,,,4,,R,L,R,MIN,CLE,S,,,0,0,2024,-0.76,0.11,-0.6267649852711178,3.116606103202685,,650489.0,663616.0,0,1,Bot,,,,,,,5.586995396837456,-129.6960548273818,-0.6028582108246876,-9.769037194614542,26.2516985894629,-31.00158551586672,3.71,1.81,224.0,94.7,61.0,88.5,1344,5.8,745871,595978,647304,665926,608070,677587,680757,671289,686823,54.69,,,,,,,,7,1,Split-Finger,0,0,0,0,0,0,0,0,Standard,Standard,248,-0.007,-0.044,79.4,6.8,,,0.044,94.7,0,0,0.636,0.636,36,26,37,27,1,0,,2,5,1,2.75,0.76,-0.76,36.3,-4.293886646696971,8.986736693834798,24.811204087836323,47.04222421412207,31.39259613897245,pitcher
SI,2024-08-09,93.8,-2.12,5.56,"Cobb, Alex",663616,502171,single,hit_into_play,,,,,5,Trevor Larnach singles on a sharp ground ball to right fielder Will Brennan. Willi Castro to 2nd.,R,L,R,MIN,CLE,X,9.0,ground_ball,2,2,2024,-1.42,0.35,0.2262381575591747,3.122894861807964,,,650489.0,0,1,Bot,161.05,105.84,,,,,9.158295823758465,-136.26372824218384,-1.3255835783655123,-19.68160479509398,30.35821931283193,-27.67431843923711,3.8,1.76,55.0,107.0,0.0,93.3,2086,6.1,745871,595978,647304,665926,608070,677587,680757,671289,686823,54.38,0.518,0.485,0.9,1.0,1.0,0.0,4.0,6,5,Sinker,0,0,0,0,0,0,0,0,Infield shade,Standard,238,0.058,0.462,71.6,5.9,,0.573,-0.462,107.0,0,0,0.578,0.578,36,27,37,27,1,0,,2,5,1,2.25,1.42,-1.42,35.4,4.1530606329734026,3.7669241662139856,31.95350629869084,29.53987688306861,28.96057868199541,pitcher
FS,2024-08-09,90.0,-2.13,5.7,"Cobb, Alex",663616,502171,,foul_tip,,,,,14,,R,L,R,MIN,CLE,S,,,2,1,2024,-1.41,-0.02,0.0386576078787064,1.0658732352783034,,,650489.0,0,1,Bot,,,,,,,8.292636960531256,-130.78717013163086,-5.443912688951978,-17.94661883547682,27.82240949445624,-31.373997210524244,3.8,1.76,,,,89.2,1693,5.9,745871,595978,647304,665926,608070,677587,680757,671289,686823,54.63,,,,,,,,6,4,Split-Finger,0,0,0,0,0,0,0,0,Infield shade,Standard,239,-0.01,-0.048,75.5,7.4,,,0.048,,0,0,0.588,0.588,36,27,37,27,1,0,,2,5,1,2.84,1.41,-1.41,35.5,8.410196715229372,-6.670947852389219,47.54766658374459,32.781588157891534,31.81655542478786,pitcher
FS,2024-08-09,89.0,-2.18,5.75,"Cobb, Alex",663616,502171,,ball,,,,,11,,R,L,R,MIN,CLE,B,,,1,1,2024,-0.95,-0.14,-1.1190889285190622,2.953611347743464,,,650489.0,0,1,Bot,,,,,,,4.539626149438003,-129.57902747430174,-0.5602883160235737,-11.627877934012965,26.029851659978025,-33.825618050719946,3.78289731626315,1.83308225286878,,,,88.3,1489,5.7,745871,595978,647304,665926,608070,677587,680757,671289,686823,54.79,,,,,,,,6,3,Split-Finger,0,0,0,0,0,0,0,0,Infield shade,Standard,241,0.007,0.043,,,,,-0.043,,0,0,0.581,0.581,36,27,37,27,1,0,,2,5,1,3.0,0.95,-0.95,35.2,,,,,,pitcher
SI,2024-08-09,94.4,-2.14,5.6,"Cobb, Alex",663616,502171,,ball,,,,,1,,R,L,R,MIN,CLE,B,,,0,1,2024,-1.48,0.61,-0.7461133251118217,3.637563141087056,,,650489.0,0,1,Bot,,,,,,,6.8455859297776245,-137.37086163955533,-0.7930205249351154,-20.244924220186046,29.37961175099816,-24.46867758283403,3.90369117378333,1.8638812285565,,,,93.6,1977,5.7,745871,595978,647304,665926,608070,677587,680757,671289,686823,54.75,,,,,,,,6,2,Sinker,0,0,0,0,0,0,0,0,Infield shade,Standard,235,0.003,0.034,,,,,-0.034,,0,0,0.578,0.578,36,27,37,27,1,0,,2,5,1,1.94,1.48,-1.48,34.0,,,,,,pitcher
FS,2024-08-09,89.6,-2.23,5.76,"Cobb, Alex",663616,502171,,called_strike,,,,,7,,R,L,R,MIN,CLE,S,,,0,0,2024,-1.5,0.14,-0.8195919744702902,2.387688579065073,,,650489.0,0,1,Bot,,,,,,,6.565733163465647,-130.4088031678937,-2.6153867657605328,-18.45787425900525,27.54657068392241,-30.19182043540557,3.84537034413091,1.89569041329133,,,,88.8,1522,5.8,745871,595978,647304,665926,608070,677587,680757,671289,686823,54.73,,,,,,,,6,1,Split-Finger,0,0,0,0,0,0,0,0,Infield shade,Standard,237,-0.005,-0.042,,,,,0.042,,0,0,0.583,0.583,36,27,37,27,1,0,,2,5,1,2.7,1.5,-1.5,38.6,,,,,,pitcher
FS,2024-08-09,89.3,-2.26,5.55,"Cobb, Alex",650489,502171,single,hit_into_play,,,,,4,Willi Castro singles on a sharp ground ball to right fielder Will Brennan.,R,L,R,MIN,CLE,X,9.0,ground_ball,1,1,2024,-0.81,-0.26,-0.2903712759028199,2.3972881053261674,,,,0,1,Bot,153.16,89.47,,,,,6.528052696956176,-130.04342204583807,-1.2648364567059145,-10.502544175113304,24.169732332071195,-35.142079540403905,3.48,1.62,58.0,107.7,1.0,89.3,1439,6.0,745871,595978,647304,665926,608070,677587,680757,671289,686823,54.5,0.513,0.462,0.9,1.0,1.0,0.0,4.0,5,3,Split-Finger,0,0,0,0,0,0,0,0,Standard,Standard,251,0.036,0.46,71.8,6.6,,0.545,-0.46,107.7,0,0,0.547,0.547,36,27,37,27,1,0,,0,5,1,3.09,0.81,-0.81,34.9,0.8012083152412979,5.383251197998253,37.21937175870784,33.126979085518606,28.970510372907167,pitcher
FS,2024-08-09,88.2,-2.22,5.48,"Cobb, Alex",650489,502171,,ball,,,,,13,,R,L,R,MIN,CLE,B,,,0,1,2024,-0.87,-0.4,-0.2173048913805962,0.3181783500252297,,,,0,1,Bot,,,,,,,6.649072054249389,-128.38887602701024,-5.678331531765863,-10.987244706737508,23.791506929256435,-35.68951668359919,3.69460750712858,1.61992182230084,,,,88.2,1549,6.0,745871,595978,647304,665926,608070,677587,680757,671289,686823,54.48,,,,,,,,5,2,Split-Finger,0,0,0,0,0,0,0,0,Standard,Standard,252,0.002,0.025,,,,,-0.025,,0,0,0.545,0.545,36,27,37,27,1,0,,0,5,1,3.3,0.87,-0.87,30.6,,,,,,pitcher
SI,2024-08-09,94.8,-2.14,5.63,"Cobb, Alex",650489,502171,,foul,,,,,4,,R,L,R,MIN,CLE,S,,,0,0,2024,-1.5,0.57,-0.7504871549765937,2.673427111873062,,,,0,1,Bot,,,,,,,6.925404567489773,-137.9980566738528,-3.3394836491679745,-20.726742331797112,28.97288349329972,-24.34540906045553,3.48,1.62,,,,94.4,2114,5.9,745871,595978,647304,665926,608070,677587,680757,671289,686823,54.59,,,,,,,,5,1,Sinker,0,0,0,0,0,0,0,0,Standard,Standard,234,-0.003,-0.037,73.2,6.4,,,0.037,,0,0,0.548,0.548,36,27,37,27,1,0,,0,5,1,1.95,1.5,-1.5,36.4,-3.7728221227441225,17.001129951055123,35.81939419102756,39.35355096147676,23.33280447522723,pitcher
