pitch_type,game_date,release_speed,release_pos_x,release_pos_z,player_name,batter,pitcher,events,description,spin_dir,spin_rate_deprecated,break_angle_deprecated,break_length_deprecated,zone,des,game_type,stand,p_throws,home_team,away_team,type,hit_location,bb_type,balls,strikes,game_year,pfx_x,pfx_z,plate_x,plate_z,on_3b,on_2b,on_1b,outs_when_up,inning,inning_topbot,hc_x,hc_y,tfs_deprecated,tfs_zulu_deprecated,umpire,sv_id,vx0,vy0,vz0,ax,ay,az,sz_top,sz_bot,hit_distance_sc,launch_speed,launch_angle,effective_speed,release_spin_rate,release_extension,game_pk,fielder_2,fielder_3,fielder_4,fielder_5,fielder_6,fielder_7,fielder_8,fielder_9,release_pos_y,estimated_ba_using_speedangle,estimated_woba_using_speedangle,woba_value,woba_denom,babip_value,iso_value,launch_speed_angle,at_bat_number,pitch_number,pitch_name,home_score,away_score,bat_score,fld_score,post_away_score,post_home_score,post_bat_score,post_fld_score,if_fielding_alignment,of_fielding_alignment,spin_axis,delta_home_win_exp,delta_run_exp,bat_speed,swing_length,miss_distance,estimated_slg_using_speedangle,delta_pitcher_run_exp,hyper_speed,home_score_diff,bat_score_diff,home_win_exp,bat_win_exp,age_pit_legacy,age_bat_legacy,age_pit,age_bat,n_thruorder_pitcher,n_priorpa_thisgame_player_at_bat,pitcher_days_since_prev_game,batter_days_since_prev_game,pitcher_days_until_next_game,batter_days_until_next_game,api_break_z_with_gravity,api_break_x_arm,api_break_x_batter_in,arm_angle,attack_angle,attack_direction,swing_path_tilt,intercept_ball_minus_batter_pos_x_inches,intercept_ball_minus_batter_pos_y_inches,player_type
FC,2024-09-28,91.6,-2.41,5.32,"Williams, Devin",607043,642207,field_out,hit_into_play,,,,,6.0,Brandon Nimmo grounds out to first baseman Rhys Hoskins.,R,L,R,MIL,NYM,X,3.0,ground_ball,0,0,2024,0.03,1.14,0.3320225302281103,2.375263935972491,,,668901.0,2,9,Top,173.09,150.39,,,,,6.969126629282715,-133.24051334053664,-4.13317079650384,-1.0363082612112342,26.48383244007677,-17.81015058194078,3.47,1.67,21.0,104.9,-5.0,93.3,2403.0,7.2,745931,661388,656555,655316,687401,642715,694192,663368,669003,53.33,0.381,0.343,0.0,1.0,0.0,0.0,2.0,68,1,Cutter,6,0,0,6,0,6,0,6,Standard,Standard,194.0,0.001,-0.271,78.3,7.4,,0.422,0.271,104.9,6,-6,0.999,0.001,29,31,30,31,1,3,2.0,1,4,1.0,1.56,-0.03,0.03,30.6,11.633227895820896,-9.61875118714491,26.0931049810592,35.34143848169137,38.85435246721077,pitcher
FC,2024-09-28,91.2,-2.32,5.19,"Williams, Devin",668901,642207,force_out,hit_into_play,,,,,6.0,"Mark Vientos grounds into a force out, second baseman Andruw Monasterio to shortstop Willy Adames. Jose Iglesias out at 2nd. Mark Vientos to 1st.",R,R,R,MIL,NYM,X,4.0,ground_ball,0,2,2024,-0.48,0.96,0.3233522596170352,2.859449698264937,,,578428.0,1,9,Top,142.63,157.0,,,,,7.81897184016492,-132.67180983189635,-2.128500852329953,-7.1748352891534015,25.228056635706604,-20.4873987929128,3.61,1.7,3.0,84.5,-40.0,93.3,2519.0,7.3,745931,661388,656555,655316,687401,642715,694192,663368,669003,53.18,0.053,0.062,0.0,1.0,0.0,0.0,2.0,67,3,Cutter,6,0,0,6,0,6,0,6,Standard,Standard,201.0,0.001,-0.222,67.4,6.7,,0.053,0.222,88.0,6,-6,0.998,0.002,29,24,30,25,1,3,2.0,1,4,1.0,1.76,0.48,0.48,30.2,4.227407191425985,22.18121402220691,30.14606798569136,44.35525956500429,11.336260948542192,pitcher
CH,2024-09-28,85.0,-2.49,5.21,"Williams, Devin",668901,642207,,swinging_strike,,,,,8.0,,R,R,R,MIL,NYM,S,,,0,1,2024,-1.68,-0.12,0.2722056940122055,1.6105564273791328,,,578428.0,1,9,Top,,,,,,,9.97054230602342,-123.4021130766639,-1.8777819226991004,-19.113385571370813,23.743287936278733,-33.188186860527345,3.61,1.7,,,,86.2,2873.0,7.1,745931,661388,656555,655316,687401,642715,694192,663368,669003,53.4,,,,,,,,67,2,Changeup,6,0,0,6,0,6,0,6,Standard,Standard,278.0,0.0,-0.052,67.8,8.4,6.4844949,,0.052,,6,-6,0.998,0.002,29,24,30,25,1,3,2.0,1,4,1.0,3.28,1.68,1.68,20.7,22.292534997113894,-26.012808177274163,28.15937943537212,41.81153854683825,42.66999797376463,pitcher
FF,2024-09-28,94.0,-2.33,5.32,"Williams, Devin",668901,642207,,swinging_strike,,,,,1.0,,R,R,R,MIL,NYM,S,,,0,0,2024,-0.71,1.28,-0.4384947808738637,3.621953959942784,,,578428.0,1,9,Top,,,,,,,6.619080325240208,-136.74185185453462,-1.5437557855832895,-10.411027387057365,29.381324748092677,-15.954172109093411,3.61,1.7,,,,96.0,2396.0,7.4,745931,661388,656555,655316,687401,642715,694192,663368,669003,53.12,,,,,,,,67,1,4-Seam Fastball,6,0,0,6,0,6,0,6,Standard,Standard,224.0,0.0,-0.04,71.1,6.6,0.132757152,,0.04,,6,-6,0.998,0.002,29,24,30,25,1,3,2.0,1,4,1.0,1.3,0.71,0.71,30.4,12.036747004198826,12.590482400310185,24.29704117554856,35.90932215289814,23.76232387860476,pitcher
FF,2024-09-28,94.4,-2.11,5.27,"Williams, Devin",578428,642207,walk,ball,,,,,12.0,Jose Iglesias walks.,R,R,R,MIL,NYM,B,,,3,2,2024,-0.8,1.34,0.8406922505595296,3.0984112709970173,,,,1,9,Top,,,,,,,9.71364190103522,-137.19339875627315,-3.024725821070832,-12.251581931843766,29.206519264005117,-14.741121093114243,3.27927164226146,1.42565947646559,,,,96.9,2388.0,7.7,745931,661388,656555,655316,687401,642715,694192,663368,669003,52.79,,0.689131,0.7,1.0,0.0,0.0,,66,6,4-Seam Fastball,6,0,0,6,0,6,0,6,Standard,Standard,223.0,-0.001,0.348,,,,,-0.348,,6,-6,0.999,0.001,29,34,30,34,1,3,2.0,1,4,1.0,1.22,0.8,0.8,29.1,,,,,,pitcher
FF,2024-09-28,93.6,-2.24,5.33,"Williams, Devin",578428,642207,,foul,,,,,11.0,,R,R,R,MIL,NYM,S,,,3,1,2024,-0.95,1.25,-1.002301469310614,3.405412916563912,,,,1,9,Top,,,,,,,5.420769882109251,-136.31639410131834,-2.058349426782496,-13.020431366690463,28.93466687890469,-16.248503258032443,3.22,1.45,,,,95.7,2275.0,7.4,745931,661388,656555,655316,687401,642715,694192,663368,669003,53.1,,,,,,,,66,5,4-Seam Fastball,6,0,0,6,0,6,0,6,Standard,Standard,222.0,0.0,-0.092,63.7,6.1,,,0.092,,6,-6,0.999,0.001,29,34,30,34,1,3,2.0,1,4,1.0,1.34,0.95,0.95,29.5,15.529886563925178,-10.322033067639268,19.13251995352986,23.948122790511007,28.40418927321188,pitcher
FC,2024-09-28,89.3,-2.39,5.27,"Williams, Devin",578428,642207,,ball,,,,,14.0,,R,R,R,MIL,NYM,B,,,2,1,2024,0.19,1.08,0.8428867860152457,1.6673926505750356,,,,1,9,Top,,,,,,,7.695003385484519,-129.88806822610218,-5.28402675919329,0.7799596597443249,24.162624136812045,-19.011875897720994,3.27927164226146,1.48454137684619,,,,91.4,2353.0,7.3,745931,661388,656555,655316,687401,642715,694192,663368,669003,53.16,,,,,,,,66,4,Cutter,6,0,0,6,0,6,0,6,Standard,Standard,191.0,0.0,0.122,,,,,-0.122,,6,-6,0.999,0.001,29,34,30,34,1,3,2.0,1,4,1.0,1.75,-0.19,-0.19,29.1,,,,,,pitcher
CH,2024-09-28,83.4,-2.43,5.11,"Williams, Devin",578428,642207,,called_strike,,,,,6.0,,R,R,R,MIL,NYM,S,,,2,0,2024,-1.59,-0.25,0.6254045861445481,2.272796866206872,,,,1,9,Top,,,,,,,10.25398878196586,-120.9774670687154,0.4641928013816854,-17.645283488520178,23.64306874805713,-34.946005086335575,3.13078173503241,1.39622650292108,,,,84.2,2804.0,7.0,745931,661388,656555,655316,687401,642715,694192,663368,669003,53.51,,,,,,,,66,3,Changeup,6,0,0,6,0,6,0,6,Strategic,Standard,282.0,0.0,-0.065,,,,,0.065,,6,-6,0.999,0.001,29,34,30,34,1,3,2.0,1,4,1.0,3.55,1.59,1.59,17.1,,,,,,pitcher
FF,2024-09-28,94.0,-2.28,5.33,"Williams, Devin",578428,642207,,ball,,,,,11.0,,R,R,R,MIL,NYM,B,,,1,0,2024,-0.94,1.43,-0.2226298948241722,3.912952215706144,,,,1,9,Top,,,,,,,7.584095623944582,-136.76640317960806,-1.1179425971805914,-13.447615037344653,31.06003857323197,-14.197461600729238,3.24956224453863,1.36679883413314,,,,95.9,2378.0,7.5,745931,661388,656555,655316,687401,642715,694192,663368,669003,53.03,,,,,,,,66,2,4-Seam Fastball,6,0,0,6,0,6,0,6,Standard,Standard,226.0,0.0,0.072,,,,,-0.072,,6,-6,0.999,0.001,29,34,30,34,1,3,2.0,1,4,1.0,1.15,0.94,0.94,29.4,,,,,,pitcher
FC,2024-09-28,88.8,-2.36,5.34,"Williams, Devin",578428,642207,,ball,,,,,14.0,,R,R,R,MIL,NYM,B,,,0,0,2024,0.23,0.75,1.1739634988936625,2.0125846160184766,,,,1,9,Top,,,,,,,8.292502750906133,-129.06569252776828,-3.7292902813659534,0.9734013858293116,25.849671081576325,-23.208694075710003,3.10110084589752,1.39622650292108,,,,90.4,2477.0,7.2,745931,661388,656555,655316,687401,642715,694192,663368,669003,53.27,,,,,,,,66,1,Cutter,6,0,0,6,0,6,0,6,Standard,Standard,182.0,0.0,0.039,,,,,-0.039,,6,-6,0.999,0.001,29,34,30,34,1,3,2.0,1,4,1.0,2.14,-0.23,-0.23,30.0,,,,,,pitcher
CH,2024-09-28,85.7,-2.4,5.17,"Williams, Devin",596019,642207,field_out,hit_into_play,,,,,9.0,"Francisco Lindor grounds out softly, pitcher Devin Williams to first baseman Rhys Hoskins.",R,L,R,MIL,NYM,X,1.0,ground_ball,0,2,2024,-1.73,-0.09,0.6606472670918655,1.712199574089199,,,,0,9,Top,127.62,183.47,,,,,10.849806433750697,-124.29178111464434,-1.663508394533511,-20.128200496064977,25.919697865380478,-32.980411667870605,3.3,1.51,3.0,40.3,-31.0,86.5,2655.0,7.1,745931,661388,656555,655316,687401,642715,694192,663368,669003,53.41,0.306,0.279,0.0,1.0,0.0,0.0,1.0,65,4,Changeup,6,0,0,6,0,6,0,6,Strategic,Standard,279.0,0.001,-0.163,65.9,8.6,,0.308,0.163,88.0,6,-6,0.998,0.002,29,30,30,31,1,3,2.0,1,4,1.0,3.23,1.73,-1.73,20.0,28.90261313636152,-44.02495716761683,39.16430566293936,26.92497224922285,52.09255064848932,pitcher
FF,2024-09-28,97.4,-2.2,5.22,"Williams, Devin",596019,642207,,foul,,,,,12.0,,R,L,R,MIL,NYM,S,,,0,2,2024,-1.12,1.4,1.1683639166826063,3.2948412673397427,,,,0,9,Top,,,,,,,11.89613467454962,-141.3072052268247,-2.911856023459779,-17.735143468361432,31.958505774302964,-12.851291809096267,3.3,1.51,,,,99.7,2440.0,7.7,745931,661388,656555,655316,687401,642715,694192,663368,669003,52.81,,,,,,,,65,3,4-Seam Fastball,6,0,0,6,0,6,0,6,Strategic,Standard,223.0,0.0,0.0,69.1,7.0,,,0.0,,6,-6,0.998,0.002,29,30,30,31,1,3,2.0,1,4,1.0,1.01,1.12,-1.12,28.4,21.44342506376876,-17.86977436150812,31.75924992018334,21.821492670944117,29.456510891561663,pitcher
FC,2024-09-28,90.1,-2.48,5.25,"Williams, Devin",596019,642207,,swinging_strike,,,,,3.0,,R,L,R,MIL,NYM,S,,,0,1,2024,0.4,0.88,0.3193011051744566,2.924858492489129,,,,0,9,Top,,,,,,,6.202607256851903,-131.12458429389656,-1.7297807475135345,3.401631294550255,26.810863531079203,-21.821042411391527,3.3,1.51,,,,91.9,2557.0,7.3,745931,661388,656555,655316,687401,642715,694192,663368,669003,53.19,,,,,,,,65,2,Cutter,6,0,0,6,0,6,0,6,Strategic,Standard,185.0,0.001,-0.054,69.6,6.3,0.631570812,,0.054,,6,-6,0.997,0.003,29,30,30,31,1,3,2.0,1,4,1.0,1.92,-0.4,0.4,29.7,-0.0154876603207177,23.794447587457302,34.99413497518833,31.87414243608241,19.09635294113471,pitcher
FC,2024-09-28,90.6,-2.48,5.27,"Williams, Devin",596019,642207,,called_strike,,,,,8.0,,R,L,R,MIL,NYM,S,,,0,0,2024,-0.21,1.34,0.0169367708031848,1.6492458935722094,,,,0,9,Top,,,,,,,6.794286516761246,-131.83955556699675,-6.138917395174612,-3.776954871487852,24.33535295631822,-15.407740156514986,3.39816650020145,1.50831814581677,,,,92.6,2468.0,7.2,745931,661388,656555,655316,687401,642715,694192,663368,669003,53.33,,,,,,,,65,1,Cutter,6,0,0,6,0,6,0,6,Standard,Standard,194.0,0.0,-0.037,,,,,0.037,,6,-6,0.997,0.003,29,30,30,31,1,3,2.0,1,4,1.0,1.41,0.21,-0.21,28.3,,,,,,pitcher
FF,2024-09-26,93.8,-2.32,5.24,"Williams, Devin",669707,642207,field_out,hit_into_play,,,,,2.0,Jared Triolo flies out to center fielder Blake Perkins.,R,R,R,PIT,MIL,X,8.0,fly_ball,3,2,2024,-1.0,1.54,0.0085919798370898,2.989196855668763,,693304.0,,2,9,Bot,140.22,42.26,,,,,8.40115425176701,-136.2320947182257,-3.5001273970585065,-14.326863965581952,31.973341980510217,-12.432345246014924,3.53,1.63,389.0,97.5,31.0,95.2,2393.0,7.4,745443,606992,656555,668930,687401,642715,694192,663368,686217,53.13,0.286,0.5442142857142857,0.0,1.0,0.0,0.0,5.0,78,6,4-Seam Fastball,2,5,2,5,5,2,2,5,Standard,Standard,219.0,-0.02,-0.298,69.2,7.1,,1.065,0.298,97.5,-3,-3,0.02,0.02,29,26,30,26,1,3,4.0,1,2,2.0,1.07,1.0,1.0,28.3,12.901062365940358,3.4917331278522106,40.82142021144459,33.291518937325506,26.20656507121324,pitcher
CH,2024-09-26,84.0,-2.52,5.1,"Williams, Devin",669707,642207,,ball,,,,,14.0,,R,R,R,PIT,MIL,B,,,2,2,2024,-1.66,-0.18,0.826750677361969,0.7448290136617386,,693304.0,,2,9,Bot,,,,,,,11.209954895535136,-121.74855136088703,-3.324145224933738,-18.75295874592632,23.843229714823465,-33.467429663540784,3.51522619266656,1.56712248577792,,,,85.2,2740.0,7.2,745443,606992,656555,668930,687401,642715,694192,663368,686217,53.25,,,,,,,,78,5,Changeup,2,5,2,5,5,2,2,5,Standard,Standard,275.0,0.004,0.049,,,,,-0.049,,-3,-3,0.016,0.016,29,26,30,26,1,3,4.0,1,2,2.0,3.43,1.66,1.66,17.0,,,,,,pitcher
CH,2024-09-26,84.5,-2.51,5.1,"Williams, Devin",669707,642207,,blocked_ball,,,,,14.0,,R,R,R,PIT,MIL,B,,,1,2,2024,-1.37,-0.6,0.3216241334385725,0.4062404828406558,,693304.0,,2,9,Bot,,,,,,,9.496507082164795,-122.6664990823951,-3.374125572774526,-15.761175019917609,25.195779221252007,-37.71808553378011,3.48659845970939,1.58427026657732,,,,85.8,2679.0,7.4,745443,606992,656555,668930,687401,642715,694192,663368,686217,53.14,,,,,,,,78,4,Changeup,2,5,2,5,5,2,2,5,Standard,Standard,275.0,0.0,0.037,,,,,-0.037,,-3,-3,0.016,0.016,29,26,30,26,1,3,4.0,1,2,2.0,3.82,1.37,1.37,21.2,,,,,,pitcher
FF,2024-09-26,92.7,-2.32,5.32,"Williams, Devin",669707,642207,,ball,,,,,12.0,,R,R,R,PIT,MIL,B,,,0,2,2024,-0.69,1.32,0.9821917561990924,3.67744690847048,,693304.0,,2,9,Bot,,,,,,,10.163208051564064,-134.70702641964425,-1.2599160189265188,-10.667337609014805,29.740564916879983,-16.09704544984112,3.48103053441464,1.62048442009873,,,,94.5,2250.0,7.4,745443,606992,656555,668930,687401,642715,694192,663368,686217,53.07,,,,,,,,78,3,4-Seam Fastball,2,5,2,5,5,2,2,5,Standard,Standard,227.0,0.0,0.018,,,,,-0.018,,-3,-3,0.016,0.016,29,26,30,26,1,3,4.0,1,2,2.0,1.35,0.69,0.69,28.6,,,,,,pitcher
FF,2024-09-26,92.8,-2.36,5.33,"Williams, Devin",669707,642207,,foul,,,,,1.0,,R,R,R,PIT,MIL,S,,,0,1,2024,-1.03,1.29,-0.419273866867883,3.5742732486577893,,693304.0,,2,9,Bot,,,,,,,7.362648531751075,-134.9066622902022,-1.5143453283565949,-14.2050360196446,29.990123230912168,-16.351635866302793,3.53,1.63,141.0,72.3,69.0,94.5,2266.0,7.4,745443,606992,656555,668930,687401,642715,694192,663368,686217,53.12,,,,,,,,78,2,4-Seam Fastball,2,5,2,5,5,2,2,5,Standard,Standard,225.0,0.0,-0.067,61.3,6.5,,,0.067,88.0,-3,-3,0.016,0.016,29,26,30,26,1,3,4.0,1,2,2.0,1.37,1.03,1.03,28.6,13.104678925523402,2.021973900431323,39.03552618560671,28.21144553111135,22.527164969702945,pitcher
CH,2024-09-26,85.6,-2.54,5.14,"Williams, Devin",669707,642207,,swinging_strike,,,,,14.0,,R,R,R,PIT,MIL,S,,,0,0,2024,-1.77,-0.1,0.8506381426538543,1.6588074505910466,,693304.0,,2,9,Bot,,,,,,,11.833410816039724,-124.09717402226958,-1.6924848247865727,-20.71013267572836,24.998076703128817,-33.111932513631245,3.53,1.63,,,,87.2,2652.0,7.5,745443,606992,656555,668930,687401,642715,694192,663368,686217,52.98,,,,,,,,78,1,Changeup,2,5,2,5,5,2,2,5,Standard,Standard,272.0,0.0,-0.04,71.1,8.5,3.1604082,,0.04,,-3,-3,0.016,0.016,29,26,30,26,1,3,4.0,1,2,2.0,3.24,1.77,1.77,19.2,26.188718757471374,-12.890586709747677,41.57292115465413,42.37260071417992,41.60737727011999,pitcher
FF,2024-09-26,93.5,-2.24,5.26,"Williams, Devin",650559,642207,strikeout,called_strike,,,,,6.0,Bryan De La Cruz called out on strikes.,R,R,R,PIT,MIL,S,2.0,,2,2,2024,-1.04,1.22,0.6067051373002363,2.347778307175604,,693304.0,,1,9,Bot,,,,,,,9.86993597192578,-135.87511768576584,-4.549498103849638,-15.04118440087314,28.87671326499678,-16.170289213763628,3.56805113483418,1.71786905806175,,,,95.7,2350.0,7.6,745443,606992,656555,668930,687401,642715,694192,663368,686217,52.92,,0.0,0.0,1.0,0.0,0.0,,77,5,4-Seam Fastball,2,5,2,5,5,2,2,5,Standard,Standard,228.0,-0.031,-0.217,,,,,0.217,,-3,-3,0.047,0.047,29,27,30,28,1,3,4.0,2,2,1.0,1.38,1.04,1.04,29.4,,,,,,pitcher
CH,2024-09-26,85.7,-2.65,5.2,"Williams, Devin",650559,642207,,ball,,,,,13.0,,R,R,R,PIT,MIL,B,,,1,2,2024,-1.73,-0.15,-0.6603052728884333,1.3496700762802778,,693304.0,,1,9,Bot,,,,,,,8.305458373934862,-124.50110012320395,-2.5179554894647813,-19.662002716526462,24.442037100662617,-33.48585955668515,3.57326151437212,1.72301572913251,,,,86.9,2748.0,7.1,745443,606992,656555,668930,687401,642715,694192,663368,686217,53.4,,,,,,,,77,4,Changeup,2,5,2,5,5,2,2,5,Standard,Standard,278.0,0.006,0.018,,,,,-0.018,,-3,-3,0.041,0.041,29,27,30,28,1,3,4.0,2,2,1.0,3.26,1.73,1.73,19.0,,,,,,pitcher
FF,2024-09-26,92.7,-2.41,5.34,"Williams, Devin",650559,642207,,swinging_strike,,,,,12.0,,R,R,R,PIT,MIL,S,,,1,1,2024,-0.84,1.24,0.4181033458226871,3.872320677861936,,693304.0,,1,9,Bot,,,,,,,9.248748879341049,-134.6901828211959,-0.6512180990650921,-12.210210815176492,29.060627275878133,-17.09091515954209,3.55,1.7,,,,94.4,2277.0,7.4,745443,606992,656555,668930,687401,642715,694192,663368,686217,53.13,,,,,,,,77,3,4-Seam Fastball,2,5,2,5,5,2,2,5,Standard,Standard,216.0,-0.009,-0.062,70.1,6.9,0.283694388,,0.062,,-3,-3,0.05,0.05,29,27,30,28,1,3,4.0,2,2,1.0,1.41,0.84,0.84,30.7,8.765458370799138,13.79496486532487,26.26856907676069,39.42926125099164,18.22280400732025,pitcher
FF,2024-09-26,92.9,-2.25,5.4,"Williams, Devin",650559,642207,,ball,,,,,2.0,,R,R,R,PIT,MIL,B,,,0,1,2024,-0.99,1.38,-0.088700080520197,3.104584771158387,,693304.0,,1,9,Bot,,,,,,,7.872652316048982,-135.02962752046983,-3.147188028906555,-13.823194380341295,30.40910866934753,-14.87491058381634,3.65399242108644,1.77274773405426,,,,94.7,2281.0,7.5,745443,606992,656555,668930,687401,642715,694192,663368,686217,53.03,,,,,,,,77,2,4-Seam Fastball,2,5,2,5,5,2,2,5,Standard,Standard,222.0,0.003,0.021,,,,,-0.021,,-3,-3,0.047,0.047,29,27,30,28,1,3,4.0,2,2,1.0,1.28,0.99,0.99,30.2,,,,,,pitcher
FF,2024-09-26,93.2,-2.4,5.33,"Williams, Devin",650559,642207,,foul,,,,,8.0,,R,R,R,PIT,MIL,S,,,0,0,2024,-1.26,1.28,0.1627702567539706,2.2325757726807707,,693304.0,,1,9,Bot,,,,,,,9.556484811865523,-135.31312309369898,-5.063940386786912,-17.60681874687849,29.554397000859144,-15.52618047145559,3.55,1.7,246.0,91.6,52.0,94.9,2349.0,7.4,745443,606992,656555,668930,687401,642715,694192,663368,686217,53.09,,,,,,,,77,1,4-Seam Fastball,2,5,2,5,5,2,2,5,Standard,Standard,233.0,-0.005,-0.036,76.5,8.0,,,0.036,91.6,-3,-3,0.052,0.052,29,27,30,28,1,3,4.0,2,2,1.0,1.36,1.26,1.26,28.1,10.30613333395289,4.773524096868869,39.51515136011812,35.31317324494771,27.873157533117837,pitcher
CH,2024-09-26,85.9,-2.59,5.16,"Williams, Devin",693304,642207,double,hit_into_play,,,,,8.0,Nick Gonzales doubles (19) on a sharp line drive to left fielder Jackson Chourio.,R,R,R,PIT,MIL,X,7.0,line_drive,0,0,2024,-1.75,-0.08,-0.0407881411474977,1.6587902043325613,,,,1,9,Bot,82.77,70.93,,,,,9.68698957652806,-124.64786786832968,-1.821597054978772,-20.25880872121133,26.07719037489739,-32.87377573816183,3.36,1.51,279.0,101.1,16.0,86.6,2531.0,7.0,745443,606992,656555,668930,687401,642715,694192,663368,686217,53.53,0.595,0.641,1.25,1.0,1.0,1.0,4.0,76,1,Changeup,2,5,2,5,5,2,2,5,Standard,Standard,276.0,0.034,0.657,75.9,7.8,,0.902,-0.657,101.1,-3,-3,0.018,0.018,29,25,30,25,1,3,4.0,1,2,1.0,3.2,1.75,1.75,17.9,12.08812937426938,-10.623662815152056,43.02743379758466,32.68011118437154,37.06767707062665,pitcher
FF,2024-09-26,94.6,-2.36,5.27,"Williams, Devin",663698,642207,field_out,hit_into_play,,,,,4.0,Joey Bart flies out to center fielder Blake Perkins.,R,R,R,PIT,MIL,X,8.0,fly_ball,3,2,2024,-1.05,1.15,-0.3288010893906818,2.327355875043016,,,,0,9,Bot,112.91,75.06,,,,,7.796507908626296,-137.48298910454835,-4.624798569209129,-15.101690477640988,30.88810064873697,-16.739780759371804,3.39,1.52,310.0,83.9,33.0,96.2,2282.0,7.3,745443,606992,656555,668930,687401,642715,694192,663368,686217,53.21,0.013,0.012,0.0,1.0,0.0,0.0,3.0,75,9,4-Seam Fastball,2,5,2,5,5,2,2,5,Standard,Standard,233.0,-0.032,-0.333,79.2,7.1,,0.016,0.333,88.0,-3,-3,0.05,0.05,29,27,30,28,1,3,4.0,2,2,1.0,1.41,1.05,1.05,26.8,7.951847759850152,1.7979515892697475,37.9569888755621,27.959395335264155,36.27539710366667,pitcher
CH,2024-09-26,84.0,-2.55,5.15,"Williams, Devin",663698,642207,,foul,,,,,5.0,,R,R,R,PIT,MIL,S,,,3,2,2024,-1.8,-0.28,-0.1584830739938008,2.5165359160330314,,,,0,9,Bot,,,,,,,9.251188066783104,-121.900544662639,0.959964353559897,-19.823525805784296,25.12667350728371,-35.44189625747531,3.39,1.52,4.0,88.9,-34.0,85.0,2632.0,7.2,745443,606992,656555,668930,687401,642715,694192,663368,686217,53.33,,,,,,,,75,8,Changeup,2,5,2,5,5,2,2,5,Standard,Standard,275.0,0.0,0.0,73.2,7.9,,,0.0,88.9,-3,-3,0.05,0.05,29,27,30,28,1,3,4.0,2,2,1.0,3.54,1.8,1.8,14.8,29.75429166434425,-20.376160136983945,33.281507987488055,29.907300428655013,43.354084394302205,pitcher
FF,2024-09-26,94.6,-2.23,5.31,"Williams, Devin",663698,642207,,ball,,,,,12.0,,R,R,R,PIT,MIL,B,,,2,2,2024,-0.79,1.37,2.16244607871757,2.991927848555921,,,,0,9,Bot,,,,,,,13.490189427987472,-137.054409189569,-3.4046803053560333,-13.073370820268735,31.87993847223022,-14.382494141978682,3.38353790927147,1.4894879726432,,,,96.1,2338.0,7.5,745443,606992,656555,668930,687401,642715,694192,663368,686217,52.97,,,,,,,,75,7,4-Seam Fastball,2,5,2,5,5,2,2,5,Standard,Standard,236.0,0.011,0.107,,,,,-0.107,,-3,-3,0.039,0.039,29,27,30,28,1,3,4.0,2,2,1.0,1.21,0.79,0.79,28.9,,,,,,pitcher
CH,2024-09-26,84.9,-2.58,5.11,"Williams, Devin",663698,642207,,foul,,,,,14.0,,R,R,R,PIT,MIL,S,,,2,2,2024,-1.78,-0.34,0.340764440710672,1.155051593195798,,,,0,9,Bot,,,,,,,10.565096282824818,-123.0648388838076,-2.1633473211015444,-20.30360999402216,26.837141044384627,-35.300310470070265,3.39,1.52,3.0,75.5,-25.0,85.7,2671.0,7.2,745443,606992,656555,668930,687401,642715,694192,663368,686217,53.29,,,,,,,,75,6,Changeup,2,5,2,5,5,2,2,5,Standard,Standard,279.0,0.0,0.0,79.7,8.3,,,0.0,88.0,-3,-3,0.039,0.039,29,27,30,28,1,3,4.0,2,2,1.0,3.55,1.78,1.78,17.5,17.843857598002483,-12.874143290995674,44.25779424998486,35.41025455356463,44.40494626041937,pitcher
FF,2024-09-26,94.5,-2.24,5.32,"Williams, Devin",663698,642207,,foul,,,,,9.0,,R,R,R,PIT,MIL,S,,,2,2,2024,-1.07,1.34,0.788461101123606,2.060793062427531,,,,0,9,Bot,,,,,,,10.458509567451712,-137.17435724512848,-5.855960549445394,-15.85319962474072,31.91251448562376,-14.056955959293091,3.39,1.52,212.0,90.7,14.0,95.9,2286.0,7.3,745443,606992,656555,668930,687401,642715,694192,663368,686217,53.15,,,,,,,,75,5,4-Seam Fastball,2,5,2,5,5,2,2,5,Standard,Standard,215.0,0.0,0.0,69.1,6.4,,,0.0,90.7,-3,-3,0.039,0.039,29,27,30,28,1,3,4.0,2,2,1.0,1.23,1.07,1.07,27.8,-16.348902617461444,31.207696299932334,35.01473937298727,42.04697427374772,9.31859813297286,pitcher
FF,2024-09-26,94.5,-2.31,5.39,"Williams, Devin",663698,642207,,ball,,,,,12.0,,R,R,R,PIT,MIL,B,,,1,2,2024,-0.95,1.05,1.323290092356911,4.456324171933764,,,,0,9,Bot,,,,,,,11.787715128947246,-137.0401882734053,1.0409240887252733,-14.705351424291038,33.09932565793881,-19.552798071607388,3.40261738885772,1.59101170419639,,,,95.8,2251.0,7.4,745443,606992,656555,668930,687401,642715,694192,663368,686217,53.08,,,,,,,,75,4,4-Seam Fastball,2,5,2,5,5,2,2,5,Standard,Standard,222.0,0.004,0.04,,,,,-0.04,,-3,-3,0.035,0.035,29,27,30,28,1,3,4.0,2,2,1.0,1.54,0.95,0.95,28.4,,,,,,pitcher
CH,2024-09-26,84.1,-2.48,5.08,"Williams, Devin",663698,642207,,foul,,,,,9.0,,R,R,R,PIT,MIL,S,,,1,1,2024,-1.48,-0.29,0.3999934804196927,1.8980504157021367,,,,0,9,Bot,,,,,,,9.827342239178355,-122.13202113529258,-0.3799342363343462,-16.80152746924722,24.426045319223388,-35.184657508028955,3.39,1.52,2.0,65.2,-39.0,85.6,2670.0,7.4,745443,606992,656555,668930,687401,642715,694192,663368,686217,53.09,,,,,,,,75,3,Changeup,2,5,2,5,5,2,2,5,Standard,Standard,282.0,-0.007,-0.056,75.9,7.8,,,0.056,88.0,-3,-3,0.042,0.042,29,27,30,28,1,3,4.0,2,2,1.0,3.53,1.48,1.48,16.3,19.595091933127247,-5.4625513394767,32.40356773536862,38.5524072157537,35.91432979954605,pitcher
CH,2024-09-26,83.4,-2.65,5.14,"Williams, Devin",663698,642207,,foul,,,,,7.0,,R,R,R,PIT,MIL,S,,,1,0,2024,-1.74,-0.14,-0.7317785357016255,2.019801175705502,,,,0,9,Bot,,,,,,,7.946649135233279,-121.27351445095222,-0.4434596167671792,-18.71260728698568,23.413449942357133,-33.72939859120464,3.39,1.52,3.0,69.2,-36.0,84.5,2620.0,7.0,745443,606992,656555,668930,687401,642715,694192,663368,686217,53.47,,,,,,,,75,2,Changeup,2,5,2,5,5,2,2,5,Standard,Standard,280.0,-0.006,-0.049,73.1,7.0,,,0.049,88.0,-3,-3,0.048,0.048,29,27,30,28,1,3,4.0,2,2,1.0,3.42,1.74,1.74,16.0,2.373781600971341,-3.472844281347936,39.40404808756581,24.64116296276754,34.671952531450145,pitcher
FF,2024-09-26,93.9,-2.29,5.35,"Williams, Devin",663698,642207,,ball,,,,,12.0,,R,R,R,PIT,MIL,B,,,0,0,2024,-1.03,1.22,1.1173400502977278,4.442462505231369,,,,0,9,Bot,,,,,,,11.312147876034736,-136.27873260015588,0.7182668703490147,-15.22354773467204,29.194419270247558,-17.33442107858951,3.37272582298133,1.54076261098517,,,,95.7,2312.0,7.4,745443,606992,656555,668930,687401,642715,694192,663368,686217,53.09,,,,,,,,75,1,4-Seam Fastball,2,5,2,5,5,2,2,5,Standard,Standard,218.0,0.005,0.038,,,,,-0.038,,-3,-3,0.043,0.043,29,27,30,28,1,3,4.0,2,2,1.0,1.37,1.03,1.03,28.8,,,,,,pitcher
CH,2024-09-22,85.1,-2.52,5.1,"Williams, Devin",645444,642207,strikeout,swinging_strike,,,,,8.0,Jose Herrera strikes out swinging.,R,L,R,MIL,AZ,S,2.0,,1,2,2024,-1.55,-0.2,0.1563908788362182,1.9223273864882675,,664983.0,,2,9,Top,,,,,,,9.585313445104092,-123.53152964846396,-0.6746917757583601,-17.863695250935482,25.88978688665061,-34.27413182379002,3.08,1.45,,,,86.4,2822.0,7.4,745929,606992,656555,668930,687401,642715,694192,663368,686217,53.11,,0.0,0.0,1.0,0.0,0.0,,87,4,Changeup,10,9,9,10,9,10,9,10,Standard,Standard,272.0,0.081,-0.213,64.7,7.5,5.658055452,,0.213,,1,-1,0.919,0.081,29,27,30,27,1,2,4.0,1,4,1.0,3.37,1.55,-1.55,16.3,25.74414949711124,-37.779841091908274,33.986171861454274,34.36725179188645,51.9954252379859,pitcher
FF,2024-09-22,95.1,-2.43,5.11,"Williams, Devin",645444,642207,,foul,,,,,1.0,,R,L,R,MIL,AZ,S,,,1,1,2024,-1.05,1.29,-0.7785382353929768,2.9466851364589406,,664983.0,,2,9,Top,,,,,,,6.849148776619924,-138.2770165525609,-2.92828085949702,-15.0663359072772,32.62769978824848,-15.216312510374904,3.08,1.45,213.0,76.9,51.0,97.0,2299.0,7.6,745929,606992,656555,668930,687401,642715,694192,663368,686217,52.94,,,,,,,,87,3,4-Seam Fastball,10,9,9,10,9,10,9,10,Standard,Standard,228.0,0.029,-0.06,61.9,6.4,,,0.06,88.0,1,-1,0.89,0.11,29,27,30,27,1,2,4.0,1,4,1.0,1.25,1.05,-1.05,25.6,-1.7851629397047,8.22699350559641,31.217717669283008,44.77631918609665,19.588332752554088,pitcher
FF,2024-09-22,95.9,-2.37,5.16,"Williams, Devin",645444,642207,,foul,,,,,1.0,,R,L,R,MIL,AZ,S,,,1,0,2024,-1.08,1.2,-0.5235420094790728,3.002228603283881,,664983.0,,2,9,Top,,,,,,,7.490897063467736,-139.49761522576915,-2.846138646034726,-15.752899027704032,32.3306731786993,-16.139923600744705,3.08,1.45,183.0,79.4,16.0,97.9,2437.0,7.5,745929,606992,656555,668930,687401,642715,694192,663368,686217,52.98,,,,,,,,87,2,4-Seam Fastball,10,9,9,10,9,10,9,10,Standard,Standard,229.0,0.009,-0.043,61.4,6.5,,,0.043,88.0,1,-1,0.881,0.119,29,27,30,27,1,2,4.0,1,4,1.0,1.29,1.08,-1.08,27.6,3.669323132718924,6.047334979905305,32.58906581251052,41.36319487818086,20.02011064473594,pitcher
CH,2024-09-22,84.2,-2.46,5.01,"Williams, Devin",645444,642207,,ball,,,,,7.0,,R,L,R,MIL,AZ,B,,,0,0,2024,-1.52,-0.44,-0.6972566879380269,1.25246969399107,,664983.0,,2,9,Top,,,,,,,7.243034793878966,-122.31459679716724,-1.392717055738434,-16.73232815062345,25.656721828476684,-36.54594940504782,2.84174916538583,1.14610091942745,,,,85.4,2771.0,7.3,745929,606992,656555,668930,687401,642715,694192,663368,686217,53.2,,,,,,,,87,1,Changeup,10,9,9,10,9,10,9,10,Standard,Standard,284.0,-0.003,0.014,,,,,-0.014,,1,-1,0.884,0.116,29,27,30,27,1,2,4.0,1,4,1.0,3.69,1.52,-1.52,16.1,,,,,,pitcher
CH,2024-09-22,85.3,-2.49,5.14,"Williams, Devin",553993,642207,field_out,hit_into_play,,,,,5.0,Eugenio Suárez flies out to left fielder Jackson Chourio.,R,R,R,MIL,AZ,X,7.0,fly_ball,1,2,2024,-1.61,-0.34,-0.1298568815824736,2.618783275217345,,664983.0,,1,9,Top,93.25,116.0,,,,,8.955989771001436,-123.82427235853504,1.173222647648988,-18.425859745457448,26.331129745994307,-36.16425080477007,3.47,1.61,223.0,85.4,54.0,86.4,2842.0,7.3,745929,606992,656555,668930,687401,642715,694192,663368,686217,53.21,0.011,0.009,0.0,1.0,0.0,0.0,3.0,86,4,Changeup,10,9,9,10,9,10,9,10,Standard,Standard,277.0,0.082,-0.185,75.0,8.1,,0.013,0.185,88.0,1,-1,0.802,0.198,29,32,30,33,1,4,4.0,1,4,1.0,3.5,1.61,1.61,17.4,22.228442132252624,-14.495106223485994,34.32753888901265,30.670700583841757,40.6888431588678,pitcher
FF,2024-09-22,93.9,-2.23,5.25,"Williams, Devin",553993,642207,,ball,,,,,12.0,,R,R,R,MIL,AZ,B,,,0,2,2024,-0.72,1.31,0.3404681246184858,4.886773470616534,,,664983.0,1,9,Top,,,,,,,8.431813476541489,-136.5464998438807,1.955573769830008,-10.83695682404807,30.375526788500792,-16.51012317553655,3.3346961298218,1.48403932647563,,,,95.9,2255.0,7.5,745929,606992,656555,668930,687401,642715,694192,663368,686217,52.99,,,,,,,,86,3,4-Seam Fastball,10,9,9,10,9,10,9,10,Strategic,Standard,220.0,-0.061,0.022,,,,,-0.022,,1,-1,0.863,0.137,29,32,30,33,1,4,4.0,1,4,1.0,1.28,0.72,0.72,29.4,,,,,,pitcher
CH,2024-09-22,85.6,-2.42,5.08,"Williams, Devin",553993,642207,,foul,,,,,14.0,,R,R,R,MIL,AZ,S,,,0,1,2024,-1.66,-0.18,0.8678002393504884,1.6479810999174984,,,664983.0,1,9,Top,,,,,,,11.31803301728666,-124.09076217712789,-1.4042835451444953,-19.44301302777644,25.36800372190077,-33.97268817547139,3.47,1.61,,,,87.0,2672.0,7.4,745929,606992,656555,668930,687401,642715,694192,663368,686217,53.1,,,,,,,,86,2,Changeup,10,9,9,10,9,10,9,10,Standard,Standard,281.0,0.024,-0.052,70.2,8.3,,,0.052,,1,-1,0.839,0.161,29,32,30,33,1,4,4.0,1,4,1.0,3.32,1.66,1.66,17.1,22.99613311275317,-8.57210339861059,35.603617444329814,42.4841054431829,37.46115204586822,pitcher
FF,2024-09-22,93.6,-2.16,5.25,"Williams, Devin",553993,642207,,swinging_strike,,,,,6.0,,R,R,R,MIL,AZ,S,,,0,0,2024,-0.93,1.4,0.4722753790320517,2.7348572654427152,,,664983.0,1,9,Top,,,,,,,9.071363870728836,-136.00604693653074,-3.903988511445563,-13.571071373879043,29.53152537584253,-14.16149750044919,3.47,1.61,,,,95.7,2341.0,7.5,745929,606992,656555,668930,687401,642715,694192,663368,686217,52.95,,,,,,,,86,1,4-Seam Fastball,10,9,9,10,9,10,9,10,Standard,Standard,226.0,0.014,-0.04,68.6,7.1,0.334098732,,0.04,,1,-1,0.825,0.175,29,32,30,33,1,4,4.0,1,4,1.0,1.21,0.93,0.93,28.8,7.6259831930328765,16.88291198358995,35.97203171758359,38.2686686245514,18.26174268985769,pitcher
CH,2024-09-22,85.9,-2.33,5.03,"Williams, Devin",682998,642207,strikeout,called_strike,,,,,6.0,Corbin Carroll called out on strikes.,R,L,R,MIL,AZ,S,2.0,,2,2,2024,-1.67,-0.23,0.3085866308726721,1.801197926949036,,,664983.0,0,9,Top,,,,,,,9.8461806947838,-124.71118938314292,-0.8690143750811358,-19.44906351419424,25.66476766955607,-34.65161832424667,2.80963862638653,1.3210874987217,,,,87.5,2776.0,7.5,745929,606992,656555,668930,687401,642715,694192,663368,686217,53.04,,0.0,0.0,1.0,0.0,0.0,,85,6,Changeup,10,9,9,10,9,10,9,10,Strategic,Standard,279.0,0.091,-0.228,,,,,0.228,,1,-1,0.734,0.266,29,23,30,24,1,0,4.0,1,4,1.0,3.34,1.67,-1.67,19.4,,,,,,pitcher
FF,2024-09-22,95.4,-2.36,5.19,"Williams, Devin",682998,642207,,ball,,,,,12.0,,R,L,R,MIL,AZ,B,,,1,2,2024,-1.21,1.19,0.0311866118254455,3.510169416425823,,,664983.0,0,9,Top,,,,,,,9.246934651618066,-138.67533259962468,-1.4636377574507546,-17.64912272392472,31.99033822698815,-16.73948047946363,2.88638531862598,1.43373822688082,,,,97.6,2503.0,7.7,745929,606992,656555,668930,687401,642715,694192,663368,686217,52.83,,,,,,,,85,5,4-Seam Fastball,10,9,9,10,9,10,9,10,Strategic,Standard,223.0,-0.016,0.045,,,,,-0.045,,1,-1,0.75,0.25,29,23,30,24,1,0,4.0,1,4,1.0,1.33,1.21,-1.21,24.4,,,,,,pitcher
CH,2024-09-22,84.4,-2.49,5.12,"Williams, Devin",682998,642207,,ball,,,,,13.0,,R,L,R,MIL,AZ,B,,,0,2,2024,-1.58,-0.39,-1.2529237103228683,1.5669409493109718,,,664983.0,0,9,Top,,,,,,,6.1104051404449375,-122.75505266115114,-1.082082088487101,-17.137129498577153,25.75935032599136,-36.10788101931186,2.81715626041617,1.29261481357392,,,,85.5,2743.0,7.1,745929,606992,656555,668930,687401,642715,694192,663368,686217,53.37,,,,,,,,85,4,Changeup,10,9,9,10,9,10,9,10,Strategic,Standard,278.0,-0.011,0.033,,,,,-0.033,,1,-1,0.761,0.239,29,23,30,24,1,0,4.0,1,4,1.0,3.61,1.58,-1.58,16.6,,,,,,pitcher
CH,2024-09-22,86.2,-2.54,5.12,"Williams, Devin",682998,642207,,foul,,,,,8.0,,R,L,R,MIL,AZ,S,,,0,2,2024,-1.53,-0.29,0.2548419739147425,1.896684934449376,,,664983.0,0,9,Top,,,,,,,9.958993025574738,-125.0956987563154,-0.7752377557136106,-18.12820123953086,25.88540471489832,-35.27550939808133,3.09,1.46,144.0,71.2,72.0,87.7,2736.0,7.4,745929,606992,656555,668930,687401,642715,694192,663368,686217,53.05,,,,,,,,85,3,Changeup,10,9,9,10,9,10,9,10,Strategic,Standard,279.0,0.0,0.0,66.8,7.6,,,0.0,88.0,1,-1,0.761,0.239,29,23,30,24,1,0,4.0,1,4,1.0,3.38,1.53,-1.53,19.5,2.805275209725777,-27.888666564292613,24.15456340082412,31.84572069992296,44.66778707685011,pitcher
FF,2024-09-22,95.0,-2.27,5.18,"Williams, Devin",682998,642207,,swinging_strike,,,,,3.0,,R,L,R,MIL,AZ,S,,,0,1,2024,-1.0,1.35,0.4583583118683927,3.081722826644376,,,664983.0,0,9,Top,,,,,,,9.613903370393396,-137.97647160680955,-2.893810362319765,-14.929871714836208,31.30575524079848,-14.507923170209764,3.09,1.46,,,,97.0,2420.0,7.6,745929,606992,656555,668930,687401,642715,694192,663368,686217,52.94,,,,,,,,85,2,4-Seam Fastball,10,9,9,10,9,10,9,10,Standard,Standard,224.0,0.027,-0.048,71.6,6.0,1.52793894,,0.048,,1,-1,0.734,0.266,29,23,30,24,1,0,4.0,1,4,1.0,1.19,1.0,-1.0,27.4,4.060315482901345,13.0230167076877,16.785366487666593,31.28327601723462,26.043317792655085,pitcher
FF,2024-09-22,95.2,-2.3,5.27,"Williams, Devin",682998,642207,,called_strike,,,,,12.0,,R,L,R,MIL,AZ,S,,,0,0,2024,-1.03,1.36,0.609863746517292,3.3299928247497057,,,664983.0,0,9,Top,,,,,,,10.16450356366952,-138.31958333587875,-2.514664732224254,-15.501733190512889,31.309449408403797,-14.339022681264684,2.83963419265827,1.24929890634574,,,,97.0,2401.0,7.4,745929,606992,656555,668930,687401,642715,694192,663368,686217,53.08,,,,,,,,85,1,4-Seam Fastball,10,9,9,10,9,10,9,10,Standard,Standard,230.0,0.016,-0.042,,,,,0.042,,1,-1,0.718,0.282,29,23,30,24,1,0,4.0,1,4,1.0,1.16,1.03,-1.03,26.0,,,,,,pitcher
CH,2024-09-22,84.9,-2.51,5.05,"Williams, Devin",664983,642207,walk,ball,,,,,14.0,Jake McCarthy walks.,R,L,R,MIL,AZ,B,,,3,2,2024,-1.61,-0.25,1.4798336818032711,1.1398697667500994,,,,0,9,Top,,,,,,,12.78820329067351,-122.89311836939244,-2.244336047392765,-18.88552550759915,24.955807826569718,-34.463887274007114,3.17054309386462,1.47190532262993,,,,86.2,2829.0,7.5,745929,606992,656555,668930,687401,642715,694192,663368,686217,53.04,,0.689131,0.7,1.0,0.0,0.0,,84,7,Changeup,10,9,9,10,9,10,9,10,Strategic,Standard,280.0,-0.099,0.371,,,,,-0.371,,1,-1,0.817,0.183,29,26,30,27,1,4,4.0,1,4,1.0,3.45,1.61,-1.61,19.3,,,,,,pitcher
CH,2024-09-22,85.6,-2.56,5.08,"Williams, Devin",664983,642207,,foul,,,,,9.0,,R,L,R,MIL,AZ,S,,,3,2,2024,-1.76,0.07,0.3994835726493995,1.6643964631379218,,,,0,9,Top,,,,,,,10.75265475748895,-124.20127595395404,-1.879751214323639,-20.45545008698843,26.160101001101257,-31.268797532223378,3.44,1.66,18.0,47.4,-2.0,86.9,2628.0,7.4,745929,606992,656555,668930,687401,642715,694192,663368,686217,53.12,,,,,,,,84,6,Changeup,10,9,9,10,9,10,9,10,Strategic,Standard,276.0,0.0,0.0,61.0,7.2,,,0.0,88.0,1,-1,0.817,0.183,29,26,30,27,1,4,4.0,1,4,1.0,3.07,1.76,-1.76,19.0,15.461410700111342,-29.14260291516888,38.469980487114505,35.72122000786733,44.11961699405051,pitcher
FF,2024-09-22,95.4,-2.31,5.28,"Williams, Devin",664983,642207,,foul,,,,,1.0,,R,L,R,MIL,AZ,S,,,3,1,2024,-1.03,1.4,-0.4095170348440841,3.3379025729573195,,,,0,9,Top,,,,,,,7.4935019382807155,-138.78714868394357,-2.7054969144947814,-14.929524972575903,29.36651713526336,-13.599030875739375,3.44,1.66,258.0,77.8,34.0,97.9,2448.0,7.6,745929,606992,656555,668930,687401,642715,694192,663368,686217,52.91,,,,,,,,84,5,4-Seam Fastball,10,9,9,10,9,10,9,10,Strategic,Standard,229.0,0.029,-0.085,65.5,6.4,,,0.085,88.0,1,-1,0.788,0.212,29,26,30,27,1,4,4.0,1,4,1.0,1.09,1.03,-1.03,26.6,6.961837070359751,6.183615254784312,27.7446476855891,45.054800001315016,22.50835008652075,pitcher
FF,2024-09-22,95.7,-2.36,5.36,"Williams, Devin",664983,642207,,ball,,,,,11.0,,R,L,R,MIL,AZ,B,,,2,1,2024,-1.09,1.39,-1.057305474652123,3.1637694492711934,,,,0,9,Top,,,,,,,6.035864926492234,-139.28087479139782,-3.421299924709716,-15.54239620287098,29.534658292883464,-13.453868912986596,3.21965925999199,1.52418491778937,,,,98.1,2453.0,7.5,745929,606992,656555,668930,687401,642715,694192,663368,686217,53.0,,,,,,,,84,4,4-Seam Fastball,10,9,9,10,9,10,9,10,Strategic,Standard,228.0,-0.035,0.122,,,,,-0.122,,1,-1,0.823,0.177,29,26,30,27,1,4,4.0,1,4,1.0,1.09,1.09,-1.09,29.6,,,,,,pitcher
FF,2024-09-22,95.2,-2.38,5.31,"Williams, Devin",664983,642207,,foul,,,,,4.0,,R,L,R,MIL,AZ,S,,,2,0,2024,-1.09,1.19,-0.693451890176686,2.789482120068453,,,,0,9,Top,,,,,,,7.027259881610426,-138.5295054655322,-3.741995805567604,-15.631705092478898,29.951681569403675,-16.185054145583926,3.44,1.66,228.0,76.7,47.0,97.4,2383.0,7.4,745929,606992,656555,668930,687401,642715,694192,663368,686217,53.05,,,,,,,,84,3,4-Seam Fastball,10,9,9,10,9,10,9,10,Strategic,Standard,222.0,0.023,-0.065,60.7,6.2,,,0.065,88.0,1,-1,0.8,0.2,29,26,30,27,1,4,4.0,1,4,1.0,1.32,1.09,-1.09,27.2,-5.300361766833901,12.614808757127577,33.89538262180962,48.916250936603205,17.85678704387711,pitcher
CH,2024-09-22,82.8,-2.65,5.08,"Williams, Devin",664983,642207,,ball,,,,,13.0,,R,L,R,MIL,AZ,B,,,1,0,2024,-1.5,-0.43,-1.2392982931126908,2.515246016368692,,,,0,9,Top,,,,,,,6.2647896712621005,-120.4123605811996,1.5542709543293358,-15.798023123170276,23.78312413237793,-36.92337586192987,3.61178059609586,1.54937678977369,,,,84.1,2716.0,7.2,745929,606992,656555,668930,687401,642715,694192,663368,686217,53.27,,,,,,,,84,2,Changeup,10,9,9,10,9,10,9,10,Standard,Standard,277.0,-0.023,0.069,,,,,-0.069,,1,-1,0.823,0.177,29,26,30,27,1,4,4.0,1,4,1.0,3.77,1.5,-1.5,16.0,,,,,,pitcher
CH,2024-09-22,82.8,-2.46,5.08,"Williams, Devin",664983,642207,,ball,,,,,9.0,,R,L,R,MIL,AZ,B,,,0,0,2024,-1.59,-0.36,0.7796006366590917,1.7055527638996293,,,,0,9,Top,,,,,,,10.716980762759102,-120.0769496178952,-0.4397298096092431,-17.503466184884346,23.59866789102349,-35.80115180441565,3.30881340052723,1.5763777902613,,,,84.2,2602.0,7.4,745929,606992,656555,668930,687401,642715,694192,663368,686217,53.05,,,,,,,,84,1,Changeup,10,9,9,10,9,10,9,10,Strategic,Standard,279.0,-0.012,0.038,,,,,-0.038,,1,-1,0.835,0.165,29,26,30,27,1,4,4.0,1,4,1.0,3.71,1.59,-1.59,18.5,,,,,,pitcher
CH,2024-09-18,84.3,-2.54,4.98,"Williams, Devin",669016,642207,strikeout,swinging_strike,,,,,13.0,Brandon Marsh strikes out swinging.,R,L,R,MIL,PHI,S,2.0,,1,2,2024,-1.6,-0.52,-0.0122111041385521,1.126296998001333,,,,2,9,Top,,,,,,,9.214456852328205,-122.38363243265933,-1.4656223232138106,-17.947884274192727,26.40326678522285,-37.23352735748984,3.23,1.56,,,,85.3,2782.0,7.3,745933,661388,656555,668930,687401,642715,694192,669003,686217,53.2,,0.0,0.0,1.0,0.0,0.0,,62,4,Changeup,1,1,1,1,1,1,1,1,Strategic,Standard,283.0,0.024,-0.18,68.0,8.8,3.891429912,,0.18,,0,0,0.615,0.385,29,26,30,27,1,3,5.0,1,4,1.0,3.76,1.6,-1.6,18.5,29.8002291778045,-35.19907999044803,43.98246324506403,39.03475342732542,51.22273545952791,pitcher
CH,2024-09-18,84.0,-2.63,4.94,"Williams, Devin",669016,642207,,swinging_strike,,,,,13.0,,R,L,R,MIL,PHI,S,,,1,1,2024,-1.68,-0.23,-0.0090595309739631,0.7846859994725963,,,,2,9,Top,,,,,,,9.544021808219604,-121.95297443356284,-2.738862033335339,-18.7139966117227,25.31465587340295,-34.09590578188342,3.23,1.56,,,,84.9,2792.0,7.1,745933,661388,656555,668930,687401,642715,694192,669003,686217,53.4,,,,,,,,62,3,Changeup,1,1,1,1,1,1,1,1,Standard,Standard,287.0,0.008,-0.064,70.9,7.6,5.176555968,,0.064,,0,0,0.607,0.393,29,26,30,27,1,3,5.0,1,4,1.0,3.49,1.68,-1.68,15.7,18.692566471067867,-12.071871198198105,46.00094910118757,39.1203758791054,41.50556356146048,pitcher
CH,2024-09-18,84.3,-2.68,5.07,"Williams, Devin",669016,642207,,called_strike,,,,,4.0,,R,L,R,MIL,PHI,S,,,1,0,2024,-1.7,-0.17,-0.3732665705142983,2.6930874596945764,,,,2,9,Top,,,,,,,8.825568281750327,-122.4259217005778,1.283736822906391,-18.876896371355784,25.507352815849327,-34.402215158809724,3.21149106625417,1.56000118960992,,,,84.9,2634.0,6.9,745933,661388,656555,668930,687401,642715,694192,669003,686217,53.6,,,,,,,,62,2,Changeup,1,1,1,1,1,1,1,1,Standard,Standard,279.0,0.005,-0.051,,,,,0.051,,0,0,0.602,0.398,29,26,30,27,1,3,5.0,1,4,1.0,3.4,1.7,-1.7,17.4,,,,,,pitcher
FF,2024-09-18,95.4,-2.41,5.17,"Williams, Devin",669016,642207,,ball,,,,,11.0,,R,L,R,MIL,PHI,B,,,0,0,2024,-1.01,1.28,-0.4963536187330967,3.8600841147057694,,,,2,9,Top,,,,,,,7.436098468461562,-138.72235408407226,-0.7014121992885836,-14.706608984045555,30.695357815777324,-15.699713839713588,3.21136778716829,1.55999941419914,,,,97.0,2273.0,7.2,745933,661388,656555,668930,687401,642715,694192,669003,686217,53.31,,,,,,,,62,1,4-Seam Fastball,1,1,1,1,1,1,1,1,Standard,Standard,231.0,-0.003,0.04,,,,,-0.04,,0,0,0.605,0.395,29,26,30,27,1,3,5.0,1,4,1.0,1.23,1.01,-1.01,28.4,,,,,,pitcher
CH,2024-09-18,85.8,-2.61,5.07,"Williams, Devin",681082,642207,strikeout,swinging_strike,,,,,9.0,Bryson Stott strikes out swinging.,R,L,R,MIL,PHI,S,2.0,,2,2,2024,-1.74,-0.13,0.346332637924666,1.5349604114404394,,,,1,9,Top,,,,,,,10.61602972183018,-124.43063652552404,-1.7951439159359763,-20.21111226862935,25.41832695989253,-33.323290423582804,3.28,1.59,,,,86.6,2784.0,7.0,745933,661388,656555,668930,687401,642715,694192,669003,686217,53.48,,0.0,0.0,1.0,0.0,0.0,,61,8,Changeup,1,1,1,1,1,1,1,1,Strategic,Standard,279.0,0.04,-0.225,74.1,7.7,2.687759676,,0.225,,0,0,0.565,0.435,29,26,30,27,1,3,5.0,1,4,1.0,3.25,1.74,-1.74,18.1,23.399093332554145,-27.767983856717265,36.24024570171896,28.96802349779381,47.33025579709636,pitcher
FF,2024-09-18,95.8,-2.32,5.31,"Williams, Devin",681082,642207,,foul,,,,,11.0,,R,L,R,MIL,PHI,S,,,2,2,2024,-0.75,1.33,-0.3980992541208767,3.516284006424299,,,,1,9,Top,,,,,,,6.877225309679803,-139.35068284357942,-2.1313545272646537,-11.345057901909325,33.08120789941163,-14.587221454061266,3.28,1.59,205.0,74.7,55.0,97.0,2311.0,7.1,745933,661388,656555,668930,687401,642715,694192,669003,686217,53.39,,,,,,,,61,7,4-Seam Fastball,1,1,1,1,1,1,1,1,Strategic,Standard,224.0,0.0,0.0,67.1,6.4,,,0.0,88.0,0,0,0.565,0.435,29,26,30,27,1,3,5.0,1,4,1.0,1.16,0.75,-0.75,27.8,5.706570817141558,12.25061066798298,21.42930288033869,37.75137908519408,24.52854384335369,pitcher
CH,2024-09-18,85.6,-2.71,5.05,"Williams, Devin",681082,642207,,foul,,,,,14.0,,R,L,R,MIL,PHI,S,,,2,2,2024,-1.39,-0.54,0.2687567685840286,1.235093641302908,,,,1,9,Top,,,,,,,9.947203988945082,-124.20976868403622,-1.5361967124717124,-16.496968749950994,26.92829627576369,-37.66061684259825,3.28,1.59,,,,86.1,2662.0,7.0,745933,661388,656555,668930,687401,642715,694192,669003,686217,53.53,,,,,,,,61,6,Changeup,1,1,1,1,1,1,1,1,Strategic,Standard,282.0,0.0,0.0,70.7,7.6,,,0.0,,0,0,0.565,0.435,29,26,30,27,1,3,5.0,1,4,1.0,3.69,1.39,-1.39,16.2,9.964879310524909,-17.48380745169198,42.99455895193555,30.5004434805195,36.43200634496991,pitcher
FF,2024-09-18,95.9,-2.46,5.16,"Williams, Devin",681082,642207,,foul,,,,,11.0,,R,L,R,MIL,PHI,S,,,2,2,2024,-1.09,1.26,-1.429195665660729,2.5678379050609226,,,,1,9,Top,,,,,,,5.279433908393778,-139.4866739254268,-4.087828115918334,-15.422853644934982,34.934277109457575,-15.027019318822918,3.28,1.59,237.0,75.8,31.0,96.9,2467.0,7.1,745933,661388,656555,668930,687401,642715,694192,669003,686217,53.37,,,,,,,,61,5,4-Seam Fastball,1,1,1,1,1,1,1,1,Strategic,Standard,225.0,0.0,0.0,51.5,6.7,,,0.0,88.0,0,0,0.565,0.435,29,26,30,27,1,3,5.0,1,4,1.0,1.24,1.09,-1.09,26.9,0.3992800175170173,21.479547676580754,24.253848449566245,50.02871483673315,10.634249648069996,pitcher
CH,2024-09-18,85.3,-2.5,5.1,"Williams, Devin",681082,642207,,ball,,,,,14.0,,R,L,R,MIL,PHI,B,,,1,2,2024,-1.54,-0.36,1.8399170937348583,0.7575669714313946,,,,1,9,Top,,,,,,,13.416293757500837,-123.39785497899634,-3.0709732071035214,-18.555889314789592,26.920885995000614,-35.30224395546393,3.12452032973719,1.58999945494661,,,,85.6,2770.0,7.0,745933,661388,656555,668930,687401,642715,694192,669003,686217,53.48,,,,,,,,61,4,Changeup,1,1,1,1,1,1,1,1,Strategic,Standard,281.0,-0.007,0.043,,,,,-0.043,,0,0,0.572,0.428,29,26,30,27,1,3,5.0,1,4,1.0,3.55,1.54,-1.54,19.0,,,,,,pitcher
FF,2024-09-18,95.8,-2.43,5.16,"Williams, Devin",681082,642207,,swinging_strike,,,,,1.0,,R,L,R,MIL,PHI,S,,,1,1,2024,-1.21,1.32,-0.3593323164104816,3.273239495052063,,,,1,9,Top,,,,,,,8.357139828097454,-139.2424922533947,-2.319447203572654,-17.738588517291333,34.940788250239244,-14.835853956743914,3.28,1.59,,,,96.9,2504.0,7.2,745933,661388,656555,668930,687401,642715,694192,669003,686217,53.28,,,,,,,,61,3,4-Seam Fastball,1,1,1,1,1,1,1,1,Strategic,Standard,230.0,0.012,-0.061,65.6,6.0,0.295028652,,0.061,,0,0,0.56,0.44,29,26,30,27,1,3,5.0,1,4,1.0,1.2,1.21,-1.21,25.4,-2.559688185637616,28.887099613808964,24.120135820745464,38.020424602586445,10.740012851649285,pitcher
FF,2024-09-18,93.9,-2.35,5.26,"Williams, Devin",681082,642207,,swinging_strike,,,,,5.0,,R,L,R,MIL,PHI,S,,,1,0,2024,-1.01,1.24,-0.2309287650419502,2.486305060701433,,,,1,9,Top,,,,,,,7.888987719343366,-136.535434960452,-4.271362557567064,-14.397938975554467,30.29455433713224,-15.88272496067429,3.28,1.59,,,,95.8,2306.0,7.4,745933,661388,656555,668930,687401,642715,694192,669003,686217,53.07,,,,,,,,61,2,4-Seam Fastball,1,1,1,1,1,1,1,1,Standard,Standard,229.0,0.008,-0.051,69.9,6.7,0.929340084,,0.051,,0,0,0.552,0.448,29,26,30,27,1,3,5.0,1,4,1.0,1.35,1.01,-1.01,28.4,-6.889801844009679,22.31797964385313,34.42832303248155,36.89438041746966,14.22178438580577,pitcher
FF,2024-09-18,94.8,-2.33,5.35,"Williams, Devin",681082,642207,,ball,,,,,11.0,,R,L,R,MIL,PHI,B,,,0,0,2024,-0.75,1.51,-1.1919159245493316,3.910199139186158,,,,1,9,Top,,,,,,,4.712013931999126,-138.07306579382907,-1.4765699092108355,-10.6711408369632,31.2570022555978,-12.78441194848542,3.21124138239001,1.58999913383747,,,,96.0,2288.0,7.0,745933,661388,656555,668930,687401,642715,694192,669003,686217,53.54,,,,,,,,61,1,4-Seam Fastball,1,1,1,1,1,1,1,1,Standard,Standard,229.0,-0.006,0.039,,,,,-0.039,,0,0,0.558,0.442,29,26,30,27,1,3,5.0,1,4,1.0,1.03,0.75,-0.75,30.8,,,,,,pitcher
CH,2024-09-18,85.3,-2.52,5.15,"Williams, Devin",664761,642207,strikeout,swinging_strike,,,,,14.0,Alec Bohm strikes out swinging.,R,R,R,MIL,PHI,S,2.0,,3,2,2024,-1.51,-0.45,0.1223313474169682,1.4934756556847573,,,,0,9,Top,,,,,,,9.331772377991902,-123.8680356566847,-1.3526404172100537,-17.389446545006496,24.918401378431245,-36.78361482672054,3.61,1.66,,,,86.0,2691.0,6.9,745933,661388,656555,668930,687401,642715,694192,669003,686217,53.63,,0.0,0.0,1.0,0.0,0.0,,60,7,Changeup,1,1,1,1,1,1,1,1,Standard,Standard,285.0,0.07,-0.333,74.8,8.2,2.7881067,,0.333,,0,0,0.488,0.512,29,27,30,28,1,3,5.0,2,4,1.0,3.6,1.51,1.51,18.2,12.92491769919318,-25.007271919712757,32.28054894735739,37.65300675270062,43.71250176980844,pitcher
FF,2024-09-18,94.6,-2.27,5.3,"Williams, Devin",664761,642207,,ball,,,,,11.0,,R,R,R,MIL,PHI,B,,,2,2,2024,-0.93,1.2,-0.8356439251329781,3.16478453205004,,,,0,9,Top,,,,,,,5.959554387279038,-137.72586703251164,-2.621238015554097,-13.217818808131426,30.521534320780745,-16.467831863201212,3.52027860780014,1.59442449995061,,,,96.5,2322.0,7.3,745933,661388,656555,668930,687401,642715,694192,669003,686217,53.15,,,,,,,,60,6,4-Seam Fastball,1,1,1,1,1,1,1,1,Standard,Standard,230.0,-0.021,0.107,,,,,-0.107,,0,0,0.509,0.491,29,27,30,28,1,3,5.0,2,4,1.0,1.34,0.93,0.93,28.2,,,,,,pitcher
FF,2024-09-18,94.9,-2.33,5.25,"Williams, Devin",664761,642207,,foul,,,,,3.0,,R,R,R,MIL,PHI,S,,,2,2,2024,-1.18,1.24,0.4532823382399324,3.432524451623155,,,,0,9,Top,,,,,,,10.120647037376902,-137.7978951215705,-1.875898038333436,-17.299590613329514,30.43472827922182,-16.140355701258596,3.61,1.66,237.0,78.6,26.0,96.6,2370.0,7.4,745933,661388,656555,668930,687401,642715,694192,669003,686217,53.14,,,,,,,,60,5,4-Seam Fastball,1,1,1,1,1,1,1,1,Standard,Standard,234.0,0.0,0.0,68.1,6.2,,,0.0,88.0,0,0,0.509,0.491,29,27,30,28,1,3,5.0,2,4,1.0,1.3,1.18,1.18,27.4,1.9699098088701863,27.004454994579984,23.617088359391083,42.85438497976011,16.0613371867383,pitcher
CH,2024-09-18,84.9,-2.42,5.09,"Williams, Devin",664761,642207,,ball,,,,,14.0,,R,R,R,MIL,PHI,B,,,1,2,2024,-1.57,-0.52,1.6815213180558877,1.8961938305520645,,,,0,9,Top,,,,,,,12.86419532882074,-122.97691259146436,-0.0376518622001667,-18.456021460752776,24.55080191487228,-37.65218141307109,3.44954058423482,1.6599998926488,,,,85.6,2907.0,7.0,745933,661388,656555,668930,687401,642715,694192,669003,686217,53.47,,,,,,,,60,4,Changeup,1,1,1,1,1,1,1,1,Standard,Standard,284.0,-0.008,0.04,,,,,-0.04,,0,0,0.517,0.483,29,27,30,28,1,3,5.0,2,4,1.0,3.71,1.57,1.57,17.2,,,,,,pitcher
FF,2024-09-18,94.9,-2.24,5.22,"Williams, Devin",664761,642207,,swinging_strike,,,,,3.0,,R,R,R,MIL,PHI,S,,,1,1,2024,-1.14,1.36,0.5993506311233803,3.231155754173328,,,,0,9,Top,,,,,,,10.170639650094596,-137.78434434728103,-2.6157437381066004,-16.813218724453566,30.713401982515013,-14.408026991650832,3.61,1.66,,,,96.6,2451.0,7.4,745933,661388,656555,668930,687401,642715,694192,669003,686217,53.12,,,,,,,,60,3,4-Seam Fastball,1,1,1,1,1,1,1,1,Standard,Standard,231.0,0.014,-0.056,71.6,7.1,0.38293962,,0.056,,0,0,0.503,0.497,29,27,30,28,1,3,5.0,2,4,1.0,1.18,1.14,1.14,27.2,3.610904484868311,23.710291956449204,26.201522570373346,45.56753499149998,14.042232484077784,pitcher
CH,2024-09-18,85.0,-2.6,5.07,"Williams, Devin",664761,642207,,ball,,,,,14.0,,R,R,R,MIL,PHI,B,,,0,1,2024,-1.61,-0.48,1.088925046915433,0.7335828661409223,,,,0,9,Top,,,,,,,12.018326938086927,-123.21619331385388,-2.8310267384561625,-18.82564600287956,25.00063621338375,-36.699009520518686,3.5631858433081,1.66000071299508,,,,85.8,2820.0,7.1,745933,661388,656555,668930,687401,642715,694192,669003,686217,53.42,,,,,,,,60,2,Changeup,1,1,1,1,1,1,1,1,Standard,Standard,277.0,-0.006,0.025,,,,,-0.025,,0,0,0.509,0.491,29,27,30,28,1,3,5.0,2,4,1.0,3.67,1.61,1.61,16.7,,,,,,pitcher
CH,2024-09-18,84.3,-2.49,5.1,"Williams, Devin",664761,642207,,foul,,,,,13.0,,R,R,R,MIL,PHI,S,,,0,0,2024,-1.62,-0.53,-0.6993641639807138,1.4784799715884476,,,,0,9,Top,,,,,,,7.466656466652573,-122.51386272751834,-0.9330741500647516,-17.800669108447536,25.60662389891285,-37.51340682725093,3.61,1.66,4.0,84.7,-21.0,85.0,2728.0,6.9,745933,661388,656555,668930,687401,642715,694192,669003,686217,53.56,,,,,,,,60,1,Changeup,1,1,1,1,1,1,1,1,Standard,Standard,284.0,0.009,-0.037,73.2,7.9,,,0.037,88.0,0,0,0.5,0.5,29,27,30,28,1,3,5.0,2,4,1.0,3.76,1.62,1.62,16.3,6.459098394451213,-18.25202138647357,34.559899532338754,28.493451206921613,42.86872748686476,pitcher
FF,2024-09-13,95.3,-2.32,5.36,"Williams, Devin",672695,642207,field_out,hit_into_play,,,,,2.0,Geraldo Perdomo flies out to center fielder Blake Perkins.,R,L,R,AZ,MIL,X,8.0,fly_ball,2,2,2024,-1.12,1.33,-0.2415145732923922,3.347364663666632,,,,2,9,Bot,141.09,48.09,,,,,8.126531890143184,-138.4817718941527,-2.626046850644135,-16.23117343655249,32.332202998038035,-14.76615806579253,3.41,1.6,374.0,95.5,31.0,96.9,2320.0,7.4,747153,661388,656555,668930,687401,642715,694192,663368,686217,53.11,0.234,0.4468,0.0,1.0,0.0,0.0,5.0,73,6,4-Seam Fastball,1,2,1,2,2,1,1,2,Strategic,Standard,226.0,-0.047,-0.219,64.1,6.6,,0.881,0.219,95.5,-1,-1,0.047,0.047,29,24,30,25,1,3,1.0,2,5,1.0,1.2,1.12,-1.12,26.3,23.8583524839348,1.943404556508509,28.2809784091126,39.07918593149128,21.56486216984401,pitcher
FF,2024-09-13,93.8,-2.2,5.42,"Williams, Devin",672695,642207,,foul,,,,,1.0,,R,L,R,AZ,MIL,S,,,2,2,2024,-0.93,1.31,-0.3310379857299401,3.374177608142117,,,,2,9,Bot,,,,,,,7.024689979404909,-136.41420291239768,-2.495281448809285,-13.19684317608778,30.03070284661429,-15.50597632179652,3.41,1.6,191.0,80.4,65.0,95.5,2276.0,7.3,747153,661388,656555,668930,687401,642715,694192,663368,686217,53.19,,,,,,,,73,5,4-Seam Fastball,1,2,1,2,2,1,1,2,Strategic,Standard,224.0,0.0,0.0,61.4,6.0,,,0.0,88.0,-1,-1,0.047,0.047,29,24,30,25,1,3,1.0,2,5,1.0,1.29,0.93,-0.93,28.0,0.7302517636320837,10.618043759944989,29.29358616430373,40.10976689208928,16.66904064669362,pitcher
CH,2024-09-13,84.1,-2.39,5.29,"Williams, Devin",672695,642207,,called_strike,,,,,9.0,,R,L,R,AZ,MIL,S,,,2,1,2024,-1.69,-0.19,0.6299322049981193,2.1017786737163213,,,,2,9,Bot,,,,,,,10.497480274435876,-122.02795737381858,-0.5426826220307275,-18.961631237264548,25.18238000733999,-34.18237751443331,3.41000116940769,1.63405434769467,,,,85.0,2571.0,7.2,747153,661388,656555,668930,687401,642715,694192,663368,686217,53.33,,,,,,,,73,4,Changeup,1,2,1,2,2,1,1,2,Standard,Standard,273.0,-0.005,-0.084,,,,,0.084,,-1,-1,0.052,0.052,29,24,30,25,1,3,1.0,2,5,1.0,3.44,1.69,-1.69,17.9,,,,,,pitcher
CH,2024-09-13,83.9,-2.48,5.18,"Williams, Devin",672695,642207,,ball,,,,,13.0,,R,L,R,AZ,MIL,B,,,1,1,2024,-1.49,-0.13,-0.4200757014601979,1.0043424865751018,,,,2,9,Bot,,,,,,,7.842661212163676,-121.89195802493916,-2.9800557294620624,-16.429856464995343,25.392385587039406,-33.02549788482252,3.41000102531119,1.64757223414496,,,,85.0,2680.0,7.2,747153,661388,656555,668930,687401,642715,694192,663368,686217,53.25,,,,,,,,73,3,Changeup,1,2,1,2,2,1,1,2,Standard,Standard,280.0,0.005,0.058,,,,,-0.058,,-1,-1,0.047,0.047,29,24,30,25,1,3,1.0,2,5,1.0,3.39,1.49,-1.49,16.4,,,,,,pitcher
FF,2024-09-13,93.7,-2.22,5.49,"Williams, Devin",672695,642207,,ball,,,,,11.0,,R,L,R,AZ,MIL,B,,,0,1,2024,-0.85,1.35,-0.8768937290122483,3.713239661138657,,,,2,9,Bot,,,,,,,5.434264466739222,-136.3555740789107,-1.8397761452797703,-11.796911975515204,31.150211060877297,-15.205245721533707,3.47752952772514,1.74703632600777,,,,95.2,2315.0,7.2,747153,661388,656555,668930,687401,642715,694192,663368,686217,53.26,,,,,,,,73,2,4-Seam Fastball,1,2,1,2,2,1,1,2,Standard,Standard,222.0,0.0,0.029,,,,,-0.029,,-1,-1,0.047,0.047,29,24,30,25,1,3,1.0,2,5,1.0,1.26,0.85,-0.85,29.5,,,,,,pitcher
FF,2024-09-13,95.3,-2.44,5.35,"Williams, Devin",672695,642207,,called_strike,,,,,4.0,,R,L,R,AZ,MIL,S,,,0,0,2024,-1.0,1.25,-0.778698547958058,2.849665585994829,,,,2,9,Bot,,,,,,,6.736248395444605,-138.60141558273122,-3.776176582593563,-14.467794931375812,31.65030782987446,-15.410255111958614,3.53124124095113,1.71224040156172,,,,96.8,2280.0,7.2,747153,661388,656555,668930,687401,642715,694192,663368,686217,53.29,,,,,,,,73,1,4-Seam Fastball,1,2,1,2,2,1,1,2,Strategic,Standard,231.0,0.0,-0.041,,,,,0.041,,-1,-1,0.047,0.047,29,24,30,25,1,3,1.0,2,5,1.0,1.27,1.0,-1.0,25.0,,,,,,pitcher
FF,2024-09-13,92.4,-2.15,5.39,"Williams, Devin",553993,642207,strikeout,swinging_strike,,,,,3.0,Eugenio Suárez strikes out swinging.,R,R,R,AZ,MIL,S,2.0,,1,2,2024,-0.94,1.32,0.673248847633451,2.8931520233040686,,,,1,9,Bot,,,,,,,9.42204398683822,-134.26874481901248,-3.478363055822866,-13.40193685093864,28.787906040287535,-15.563973452909622,3.43,1.59,,,,94.3,2255.0,7.4,747153,661388,656555,668930,687401,642715,694192,663368,686217,53.07,,0.0,0.0,1.0,0.0,0.0,,72,5,4-Seam Fastball,1,2,1,2,2,1,1,2,Strategic,Strategic,222.0,-0.048,-0.182,43.6,5.3,2.311255308,,0.182,,-1,-1,0.095,0.095,29,32,30,33,1,3,1.0,2,5,1.0,1.35,0.94,0.94,28.4,-15.592235453282417,55.57937956133942,36.46690673335785,39.16262778000461,-5.076373431133806,pitcher
CH,2024-09-13,83.4,-2.46,5.32,"Williams, Devin",553993,642207,,foul,,,,,8.0,,R,R,R,AZ,MIL,S,,,1,2,2024,-1.59,-0.25,0.2503990122626478,1.6379962390569172,,,,1,9,Bot,,,,,,,9.50022121259492,-121.04355941295118,-1.434547607183675,-17.583367689908997,25.903592310591545,-34.54977412782194,3.43,1.59,252.0,77.0,31.0,84.1,2843.0,7.1,747153,661388,656555,668930,687401,642715,694192,663368,686217,53.42,,,,,,,,72,4,Changeup,1,2,1,2,2,1,1,2,Strategic,Strategic,279.0,0.0,0.0,67.9,8.6,,,0.0,88.0,-1,-1,0.095,0.095,29,32,30,33,1,3,1.0,2,5,1.0,3.57,1.59,1.59,18.3,24.953780615947373,-30.60492455403605,38.32630039788904,33.3425239010609,51.831731400293016,pitcher
CH,2024-09-13,84.0,-2.46,5.15,"Williams, Devin",553993,642207,,swinging_strike,,,,,14.0,,R,R,R,AZ,MIL,S,,,1,1,2024,-1.6,-0.2,0.3831351662635969,1.2718878024427704,,,,1,9,Bot,,,,,,,9.863544910324476,-121.86855571587482,-2.0745737226140983,-17.960787113716737,26.85668883130508,-33.93831707907546,3.43,1.59,,,,84.5,2537.0,7.1,747153,661388,656555,668930,687401,642715,694192,663368,686217,53.44,,,,,,,,72,3,Changeup,1,2,1,2,2,1,1,2,Standard,Strategic,277.0,-0.017,-0.061,73.3,8.4,1.602603252,,0.061,,-1,-1,0.112,0.112,29,32,30,33,1,3,1.0,2,5,1.0,3.48,1.6,1.6,15.4,23.435240844823618,-17.031261450361793,38.45596154988401,35.089214246117294,45.24152412820706,pitcher
CH,2024-09-13,83.7,-2.28,5.26,"Williams, Devin",553993,642207,,ball,,,,,14.0,,R,R,R,AZ,MIL,B,,,0,1,2024,-1.58,-0.25,1.3978746677594474,2.2152680277270576,,,,1,9,Bot,,,,,,,11.78996742957838,-121.317437513821,0.0380909723417908,-17.99333164055326,25.837339969435064,-34.93687808742234,3.42999873156473,1.65732836043084,,,,84.6,2673.0,7.3,747153,661388,656555,668930,687401,642715,694192,663368,686217,53.19,,,,,,,,72,2,Changeup,1,2,1,2,2,1,1,2,Strategic,Strategic,281.0,0.007,0.024,,,,,-0.024,,-1,-1,0.105,0.105,29,32,30,33,1,3,1.0,2,5,1.0,3.56,1.58,1.58,15.2,,,,,,pitcher
CH,2024-09-13,84.4,-2.35,5.21,"Williams, Devin",553993,642207,,swinging_strike,,,,,8.0,,R,R,R,AZ,MIL,S,,,0,0,2024,-1.59,-0.14,-0.1237463327098249,1.6259545488504292,,,,1,9,Bot,,,,,,,8.495130336834778,-122.51703321576028,-1.6287251349981,-17.74019082091392,26.135545117883645,-33.42966619071122,3.43,1.59,,,,85.3,2610.0,7.2,747153,661388,656555,668930,687401,642715,694192,663368,686217,53.28,,,,,,,,72,1,Changeup,1,2,1,2,2,1,1,2,Strategic,Strategic,282.0,-0.01,-0.037,76.3,8.9,2.302775688,,0.037,,-1,-1,0.115,0.115,29,32,30,33,1,3,1.0,2,5,1.0,3.37,1.59,1.59,16.3,31.32727623294412,-32.382471302994155,39.18943295743183,29.67902709950688,53.19602880169987,pitcher
FF,2024-09-13,94.1,-2.34,5.38,"Williams, Devin",664983,642207,field_out,hit_into_play,,,,,5.0,Jake McCarthy flies out to left fielder Jackson Chourio.,R,L,R,AZ,MIL,X,7.0,fly_ball,1,1,2024,-1.12,1.32,0.0310017501506636,2.5393772804662644,,,,0,9,Bot,64.09,115.24,,,,,8.770007181646923,-136.61997102254188,-4.59648166052315,-15.95954951441632,32.05373536482741,-14.797888926988456,3.43,1.65,259.0,77.9,42.0,95.3,2286.0,7.2,747153,661388,656555,668930,687401,642715,694192,663368,686217,53.27,0.042,0.038,0.0,1.0,0.0,0.0,3.0,71,3,4-Seam Fastball,1,2,1,2,2,1,1,2,Strategic,Standard,227.0,-0.085,-0.243,70.2,6.6,,0.05,0.243,88.0,-1,-1,0.2,0.2,29,26,30,27,1,3,1.0,2,5,1.0,1.28,1.12,-1.12,26.8,3.3653534060500614,6.199116702006615,35.60884679967298,38.36556327253882,26.434059352074044,pitcher
CH,2024-09-13,83.2,-2.47,5.27,"Williams, Devin",664983,642207,,called_strike,,,,,4.0,,R,L,R,AZ,MIL,S,,,1,0,2024,-1.6,-0.3,-0.4591972121200625,2.5778925088836657,,,,0,9,Bot,,,,,,,7.862496606507408,-120.7934308620447,1.0058651808573105,-17.252668284641345,26.016670698249165,-35.55474489122658,3.42999957846462,1.73346045606095,,,,83.8,2553.0,7.0,747153,661388,656555,668930,687401,642715,694192,663368,686217,53.46,,,,,,,,71,2,Changeup,1,2,1,2,2,1,1,2,Strategic,Standard,281.0,-0.017,-0.049,,,,,0.049,,-1,-1,0.217,0.217,29,26,30,27,1,3,1.0,2,5,1.0,3.64,1.6,-1.6,16.3,,,,,,pitcher
FF,2024-09-13,93.9,-2.3,5.21,"Williams, Devin",664983,642207,,ball,,,,,14.0,,R,L,R,AZ,MIL,B,,,0,0,2024,-1.29,1.23,0.8298752718784326,1.398249498709514,,,,0,9,Bot,,,,,,,11.15054994509547,-136.0860200254117,-6.9451215937198265,-18.47398215644801,31.050515069462147,-15.410867471231024,3.22962118871343,1.7346729297748,,,,95.3,2261.0,7.4,747153,661388,656555,668930,687401,642715,694192,663368,686217,53.09,,,,,,,,71,1,4-Seam Fastball,1,2,1,2,2,1,1,2,Standard,Standard,232.0,0.013,0.038,,,,,-0.038,,-1,-1,0.204,0.204,29,26,30,27,1,3,1.0,2,5,1.0,1.38,1.29,-1.29,22.0,,,,,,pitcher
CH,2024-09-12,85.2,-2.46,5.28,"Williams, Devin",672275,642207,field_out,hit_into_play,,,,,13.0,"Patrick Bailey grounds out, second baseman Brice Turang to first baseman Rhys Hoskins.",R,L,R,SF,MIL,X,4.0,ground_ball,1,2,2024,-1.72,0.0,-1.0485825256439074,1.9412830439461044,592192.0,666464.0,,2,9,Bot,133.86,173.97,,,,,6.8918942551669,-123.90798347680602,-1.528815418472266,-19.086639427959803,25.225507536765136,-32.09402791568731,3.36,1.62,34.0,64.0,1.0,86.5,2517.0,7.2,745288,661388,656555,668930,687401,642715,694192,669003,686217,53.3,0.117,0.107,0.0,1.0,0.0,0.0,2.0,68,5,Changeup,0,3,0,3,3,0,0,3,Strategic,Standard,273.0,-0.046,-0.201,57.0,7.6,,0.133,0.201,88.0,-3,-3,0.046,0.046,29,25,30,25,1,0,2.0,1,1,1.0,3.15,1.72,-1.72,18.9,11.25389588409242,0.9561991637770124,27.769169277071736,50.15403839754888,31.66726510679185,pitcher
FF,2024-09-12,95.3,-2.19,5.46,"Williams, Devin",672275,642207,,foul,,,,,1.0,,R,L,R,SF,MIL,S,,,1,2,2024,-1.01,1.32,-0.3466194455320963,3.2627738669763837,592192.0,666464.0,,2,9,Bot,,,,,,,7.294052735312018,-138.5742352981019,-3.12729160030038,-14.641159921656214,33.109394998884554,-14.715474780892793,3.36,1.62,215.0,80.9,55.0,97.4,2381.0,7.7,745288,661388,656555,668930,687401,642715,694192,669003,686217,52.83,,,,,,,,68,4,4-Seam Fastball,0,3,0,3,3,0,0,3,Strategic,Standard,221.0,0.0,0.0,68.0,6.3,,,0.0,88.0,-3,-3,0.046,0.046,29,25,30,25,1,0,2.0,1,1,1.0,1.21,1.01,-1.01,27.8,1.1194850183348275,18.44701258975594,28.722332512994345,41.93220247597148,18.51778188382629,pitcher
FF,2024-09-12,95.6,-2.15,5.58,"Williams, Devin",672275,642207,,called_strike,,,,,6.0,,R,L,R,SF,MIL,S,,,1,1,2024,-0.71,1.53,0.5392210961661235,2.568332049147294,592192.0,666464.0,,2,9,Bot,,,,,,,8.823373621389443,-138.85305042264417,-5.832559242040741,-11.197317056040507,31.86031261886901,-11.209714428884842,3.47098309595274,1.64832552622808,,,,96.9,2362.0,7.2,745288,661388,656555,668930,687401,642715,694192,669003,686217,53.32,,,,,,,,68,3,4-Seam Fastball,0,3,0,3,3,0,0,3,Strategic,Standard,219.0,-0.004,-0.072,,,,,0.072,,-3,-3,0.05,0.05,29,25,30,25,1,0,2.0,1,1,1.0,0.98,0.71,-0.71,29.7,,,,,,pitcher
CH,2024-09-12,84.5,-2.45,5.27,"Williams, Devin",672275,642207,,swinging_strike,,,,,8.0,,R,L,R,SF,MIL,S,,,1,0,2024,-1.78,-0.21,-0.0440275298655503,1.6764867206036749,592192.0,666464.0,,2,9,Bot,,,,,,,9.301147022226536,-122.64443460147906,-1.5245638664403771,-19.85391529219237,25.664174544095225,-34.21292509520851,3.36,1.62,,,,85.6,2788.0,7.2,745288,661388,656555,668930,687401,642715,694192,669003,686217,53.26,,,,,,,,68,2,Changeup,0,3,0,3,3,0,0,3,Strategic,Standard,274.0,-0.006,-0.03,69.4,8.9,6.731288088,,0.03,,-3,-3,0.056,0.056,29,25,30,25,1,0,2.0,1,1,1.0,3.44,1.78,-1.78,18.4,29.37021523637709,-39.4625340824109,36.81923764904573,37.30897863747316,52.3175325424065,pitcher
CH,2024-09-12,85.3,-2.55,5.29,"Williams, Devin",672275,642207,,ball,,,,,13.0,,R,L,R,SF,MIL,B,,,0,0,2024,-1.87,-0.09,-2.194989761118504,1.8563441242579215,592192.0,666464.0,,2,9,Bot,,,,,,,4.686376972414301,-124.1194227670726,-1.5688639048088957,-20.249604378879276,26.61422597005275,-32.96756359670738,3.5228519919911,1.52312825245724,,,,86.3,2742.0,7.1,745288,661388,656555,668930,687401,642715,694192,669003,686217,53.42,,,,,,,,68,1,Changeup,0,3,0,3,3,0,0,3,Strategic,Standard,280.0,0.005,0.021,,,,,-0.021,,-3,-3,0.051,0.051,29,25,30,25,1,0,2.0,1,1,1.0,3.24,1.87,-1.87,17.8,,,,,,pitcher
FF,2024-09-12,95.1,-2.23,5.39,"Williams, Devin",687529,642207,strikeout,swinging_strike,,,,,11.0,Grant McCray strikes out swinging.,R,L,R,SF,MIL,S,2.0,,1,2,2024,-0.65,1.43,-0.6258616192977352,3.9685153476811377,592192.0,666464.0,,1,9,Bot,,,,,,,5.771768683765573,-138.28742753016,-1.235770688853327,-9.645139367678548,34.243522575713634,-13.931855665807392,3.62,1.69,,,,96.5,2318.0,7.4,745288,661388,656555,668930,687401,642715,694192,669003,686217,53.14,,0.0,0.0,1.0,0.0,0.0,,67,4,4-Seam Fastball,0,3,0,3,3,0,0,3,Standard,Standard,221.0,-0.06,-0.281,67.6,6.0,2.619164256,,0.281,,-3,-3,0.111,0.111,29,23,30,24,1,3,2.0,1,1,1.0,1.12,0.65,-0.65,23.4,1.7405471960679006,21.4423572984715,26.395074466427467,40.21484942967286,17.555232504423437,pitcher
CH,2024-09-12,85.9,-2.37,5.35,"Williams, Devin",687529,642207,,foul,,,,,8.0,,R,L,R,SF,MIL,S,,,1,1,2024,-1.61,-0.23,0.0643791123188382,1.6909597551707871,592192.0,666464.0,,1,9,Bot,,,,,,,9.147842695382078,-124.74070480228043,-1.9011764874858,-18.69675499400157,25.927612629069504,-34.384019910987035,3.62,1.69,5.0,78.3,-18.0,86.8,2730.0,7.1,745288,661388,656555,668930,687401,642715,694192,669003,686217,53.43,,,,,,,,67,3,Changeup,0,3,0,3,3,0,0,3,Standard,Standard,276.0,-0.022,-0.097,68.0,8.2,,,0.097,88.0,-3,-3,0.133,0.133,29,23,30,24,1,3,2.0,1,1,1.0,3.34,1.61,-1.61,17.6,19.36183254543835,-22.721848792099298,36.30300422241357,32.28977180103634,44.22098117273301,pitcher
FF,2024-09-12,93.9,-2.3,5.41,"Williams, Devin",687529,642207,,ball,,,,,11.0,,R,L,R,SF,MIL,B,,,0,1,2024,-0.91,1.26,-2.440196341703781,3.719476286106242,592192.0,666464.0,,1,9,Bot,,,,,,,1.6728018635911113,-136.78789852597518,-1.4858343030915837,-11.746567381927669,29.609883461556464,-16.22700200343879,3.61371905176145,1.70190727871397,,,,95.8,2300.0,7.3,745288,661388,656555,668930,687401,642715,694192,669003,686217,53.2,,,,,,,,67,2,4-Seam Fastball,0,3,0,3,3,0,0,3,Standard,Standard,228.0,0.009,0.017,,,,,-0.017,,-3,-3,0.124,0.124,29,23,30,24,1,3,2.0,1,1,1.0,1.32,0.91,-0.91,25.9,,,,,,pitcher
FF,2024-09-12,95.7,-2.28,5.53,"Williams, Devin",687529,642207,,swinging_strike,,,,,1.0,,R,L,R,SF,MIL,S,,,0,0,2024,-1.11,1.35,-0.643273400606944,3.200708773115718,592192.0,666464.0,,1,9,Bot,,,,,,,6.990310487531588,-139.24878427779518,-3.6397405264461495,-16.03550715191117,31.61439182903907,-13.961704490417985,3.62,1.69,,,,97.6,2392.0,7.4,745288,661388,656555,668930,687401,642715,694192,669003,686217,53.1,,,,,,,,67,1,4-Seam Fastball,0,3,0,3,3,0,0,3,Standard,Standard,224.0,-0.013,-0.054,65.4,5.4,2.809120944,,0.054,,-3,-3,0.137,0.137,29,23,30,24,1,3,2.0,1,1,1.0,1.14,1.11,-1.11,25.3,-16.038418084598145,48.741322783405685,31.048208638708417,40.66266338876411,0.8680401490633955,pitcher
CH,2024-09-12,85.8,-2.34,5.39,"Williams, Devin",666464,642207,double,hit_into_play,,,,,7.0,Jerar Encarnacion doubles (4) on a sharp line drive to left fielder Jackson Chourio. Mark Canha to 3rd.,R,R,R,SF,MIL,X,7.0,line_drive,0,2,2024,-1.55,-0.22,-0.5113244778584016,2.015008280549656,,,592192.0,1,9,Bot,35.2,98.62,,,,,7.596599483148488,-124.72420903995702,-1.2692636177458605,-17.65755439097886,24.65708085199325,-34.45718558120827,3.79,1.8,160.0,104.9,8.0,87.5,2744.0,7.4,745288,661388,656555,668930,687401,642715,694192,669003,686217,53.12,0.695,0.639,1.25,1.0,1.0,1.0,4.0,66,4,Changeup,0,3,0,3,3,0,0,3,Standard,Standard,282.0,0.103,0.903,74.2,8.9,,0.784,-0.903,104.9,-3,-3,0.034,0.034,29,26,30,27,1,3,2.0,1,1,1.0,3.32,1.55,1.55,19.2,16.12375809885855,-19.129792890305872,37.01896764328056,33.37407799903568,40.74690600312276,pitcher
FF,2024-09-12,95.2,-2.18,5.55,"Williams, Devin",666464,642207,,foul,,,,,2.0,,R,R,R,SF,MIL,S,,,0,2,2024,-1.02,1.36,0.2001446421797468,3.642298568895712,,,592192.0,1,9,Bot,,,,,,,8.715203847733319,-138.262591061001,-2.394720639767499,-15.051032155215008,32.98704512232728,-14.5116483322498,3.79,1.8,252.0,83.6,48.0,96.9,2403.0,7.5,745288,661388,656555,668930,687401,642715,694192,669003,686217,52.98,,,,,,,,66,3,4-Seam Fastball,0,3,0,3,3,0,0,3,Standard,Standard,227.0,0.0,0.0,75.3,6.6,,,0.0,88.0,-3,-3,0.034,0.034,29,26,30,27,1,3,2.0,1,1,1.0,1.18,1.02,1.02,26.0,1.6430650085271503,25.238290329527462,28.024098762279763,42.673722747610725,16.325066402563145,pitcher
FF,2024-09-12,94.7,-2.27,5.52,"Williams, Devin",666464,642207,,called_strike,,,,,5.0,,R,R,R,SF,MIL,S,,,0,1,2024,-1.03,1.39,0.1151351021020155,2.6050583598848283,,,592192.0,1,9,Bot,,,,,,,8.674064912054147,-137.5436841504811,-5.085567985246232,-15.01680793757697,31.97169531670589,-13.626985226196403,3.89809477613488,1.8082311612745,,,,96.1,2323.0,7.3,745288,661388,656555,668930,687401,642715,694192,669003,686217,53.2,,,,,,,,66,2,4-Seam Fastball,0,3,0,3,3,0,0,3,Standard,Standard,223.0,-0.007,-0.052,,,,,0.052,,-3,-3,0.041,0.041,29,26,30,27,1,3,2.0,1,1,1.0,1.17,1.03,1.03,30.7,,,,,,pitcher
FF,2024-09-12,95.2,-2.31,5.54,"Williams, Devin",666464,642207,,swinging_strike,,,,,1.0,,R,R,R,SF,MIL,S,,,0,0,2024,-1.19,1.39,-0.5389230209591829,3.518265979306081,,,592192.0,1,9,Bot,,,,,,,7.466597222258899,-138.34755057566656,-2.7935153170821576,-16.952666742234484,32.848355681387886,-13.955021629559608,3.79,1.8,,,,96.8,2403.0,7.4,745288,661388,656555,668930,687401,642715,694192,669003,686217,53.11,,,,,,,,66,1,4-Seam Fastball,0,3,0,3,3,0,0,3,Standard,Standard,224.0,-0.005,-0.04,77.6,6.4,0.1,,0.04,,-3,-3,0.046,0.046,29,26,30,27,1,3,2.0,1,1,1.0,1.15,1.19,1.19,27.3,0.617227231440144,28.175567053101997,32.100056359905594,34.77104407218269,17.718419176222444,pitcher
CH,2024-09-12,84.9,-2.33,5.38,"Williams, Devin",592192,642207,single,hit_into_play,,,,,9.0,Mark Canha singles on a line drive to center fielder Garrett Mitchell.,R,R,R,SF,MIL,X,8.0,line_drive,0,1,2024,-1.59,-0.41,0.501841950625854,1.7988501993706576,,,,1,9,Bot,114.47,83.95,,,,,9.90857804493992,-123.22034005586168,-1.1948228216538967,-18.176862915547165,24.405160710569376,-36.37144550356596,3.3,1.52,288.0,96.6,14.0,85.8,2647.0,7.0,745288,661388,656555,668930,687401,642715,694192,669003,686217,53.52,0.897,0.868,0.9,1.0,1.0,0.0,4.0,65,2,Changeup,0,3,0,3,3,0,0,3,Strategic,Standard,278.0,0.03,0.458,67.7,8.1,,1.096,-0.458,96.6,-3,-3,0.016,0.016,29,35,30,35,1,1,2.0,2,1,2.0,3.59,1.59,1.59,17.6,9.410221391583656,-5.508875004744964,34.40594709765845,39.99023283014749,29.036747681026696,pitcher
CH,2024-09-12,83.6,-2.45,5.4,"Williams, Devin",592192,642207,,called_strike,,,,,9.0,,R,R,R,SF,MIL,S,,,0,0,2024,-1.66,-0.2,0.3711471883690476,1.5011378048322408,,,,1,9,Bot,,,,,,,9.877405586547493,-121.31148713913645,-2.148609924487131,-18.28483293537029,23.480954731955816,-33.938061762058986,3.47471240612539,1.5800317974962,,,,84.5,2669.0,7.0,745288,661388,656555,668930,687401,642715,694192,669003,686217,53.52,,,,,,,,65,1,Changeup,0,3,0,3,3,0,0,3,Standard,Standard,275.0,-0.002,-0.037,,,,,0.037,,-3,-3,0.018,0.018,29,35,30,35,1,1,2.0,2,1,2.0,3.48,1.66,1.66,17.0,,,,,,pitcher
CH,2024-09-12,84.9,-2.54,5.44,"Williams, Devin",656305,642207,strikeout,swinging_strike,,,,,14.0,Matt Chapman strikes out swinging.,R,R,R,SF,MIL,S,2.0,,0,2,2024,-1.73,-0.34,0.6264405321703819,1.4011722118462964,,,,0,9,Bot,,,,,,,10.96758852693573,-123.1326876265422,-2.365123326471785,-19.80599399528821,26.05462159365368,-35.36835452079308,3.48,1.65,,,,85.4,2679.0,7.0,745288,661388,656555,668930,687401,642715,694192,669003,686217,53.54,,0.0,0.0,1.0,0.0,0.0,,64,3,Changeup,0,3,0,3,3,0,0,3,Strategic,Standard,279.0,-0.015,-0.163,84.8,8.6,0.650235768,,0.163,,-3,-3,0.033,0.033,29,31,30,31,1,3,2.0,1,1,1.0,3.54,1.73,1.73,17.4,5.413468281108134,-21.171708834226894,25.423442759130666,45.56018016263798,40.01282747499632,pitcher
FF,2024-09-12,94.5,-2.06,5.59,"Williams, Devin",656305,642207,,called_strike,,,,,6.0,,R,R,R,SF,MIL,S,,,0,1,2024,-1.04,1.42,0.6527485749942312,2.5239172348834837,,,,0,9,Bot,,,,,,,9.55140474226604,-137.19193062192545,-5.522706302670867,-15.211064324789454,30.83350165814438,-13.121849287963745,3.61904970391782,1.73640813029315,,,,96.0,2285.0,7.3,745288,661388,656555,668930,687401,642715,694192,669003,686217,53.21,,,,,,,,64,2,4-Seam Fastball,0,3,0,3,3,0,0,3,Standard,Standard,220.0,-0.006,-0.054,,,,,0.054,,-3,-3,0.039,0.039,29,31,30,31,1,3,2.0,1,1,1.0,1.14,1.04,1.04,26.0,,,,,,pitcher
CH,2024-09-12,82.9,-2.55,5.45,"Williams, Devin",656305,642207,,called_strike,,,,,4.0,,R,R,R,SF,MIL,S,,,0,0,2024,-1.8,-0.32,-0.7200407569579321,2.5985543508610958,,,,0,9,Bot,,,,,,,7.789799719864054,-120.37794776275643,0.7050128805763831,-19.019933998302463,24.975825516901907,-35.703694768579886,3.52514777437192,1.61353927625613,,,,83.5,2624.0,6.9,745288,661388,656555,668930,687401,642715,694192,669003,686217,53.58,,,,,,,,64,1,Changeup,0,3,0,3,3,0,0,3,Standard,Standard,279.0,-0.004,-0.037,,,,,0.037,,-3,-3,0.043,0.043,29,31,30,31,1,3,2.0,1,1,1.0,3.67,1.8,1.8,18.9,,,,,,pitcher
CH,2024-09-10,85.6,-2.37,5.39,"Williams, Devin",666149,642207,strikeout,foul_tip,,,,,8.0,Tyler Fitzgerald strikes out on a foul tip.,R,R,R,SF,MIL,S,2.0,,1,2,2024,-2.23,0.1,0.1061191756101758,2.139945983987061,,671218.0,592192.0,2,9,Bot,,,,,,,10.51718116124344,-124.26775127977848,-1.5718631778958767,-25.234844995451077,24.843554905128943,-31.07834137714958,3.45,1.64,,,,86.8,2609.0,7.2,745291,661388,641343,668930,687401,642715,694192,663368,686217,53.31,,0.0,0.0,1.0,0.0,0.0,,69,4,Changeup,2,3,2,3,3,2,2,3,Standard,Standard,270.0,-0.173,-0.189,72.5,7.8,,,0.189,,-1,-1,0.173,0.173,29,26,30,27,1,3,3.0,2,2,1.0,3.03,2.23,2.23,19.3,23.69359956933186,-14.283707539697344,38.26913688993629,34.2996991860161,33.89600126420419,pitcher
FF,2024-09-10,93.0,-2.23,5.54,"Williams, Devin",666149,642207,,called_strike,,,,,8.0,,R,R,R,SF,MIL,S,,,1,1,2024,-1.2,1.41,0.1070331459466862,2.045760224070846,,671218.0,592192.0,2,9,Bot,,,,,,,8.76360136749144,-135.07232513967446,-6.38685351066424,-16.529099844478072,26.803883499071603,-13.663912003400112,3.45369316996209,1.61482994413466,,,,94.7,2434.0,7.2,745291,661388,641343,668930,687401,642715,694192,663368,686217,53.34,,,,,,,,69,3,4-Seam Fastball,2,3,2,3,3,2,2,3,Standard,Standard,222.0,-0.002,-0.076,,,,,0.076,,-1,-1,0.175,0.175,29,26,30,27,1,3,3.0,2,2,1.0,1.22,1.2,1.2,29.9,,,,,,pitcher
FF,2024-09-10,93.9,-2.22,5.55,"Williams, Devin",666149,642207,,called_strike,,,,,6.0,,R,R,R,SF,MIL,S,,,1,0,2024,-1.11,1.27,0.6104734599730677,2.787491419837893,,671218.0,592192.0,2,9,Bot,,,,,,,9.989734781045325,-136.5349204468407,-4.385609129602301,-15.979119734299111,26.27962821004636,-15.443943737655053,3.43889541423261,1.6655136146136,,,,96.2,2467.0,7.4,745291,661388,641343,668930,687401,642715,694192,663368,686217,53.14,,,,,,,,69,2,4-Seam Fastball,2,3,2,3,3,2,2,3,Standard,Standard,222.0,-0.012,-0.042,,,,,0.042,,-1,-1,0.187,0.187,29,26,30,27,1,3,3.0,2,2,1.0,1.29,1.11,1.11,30.8,,,,,,pitcher
CH,2024-09-10,83.1,-2.5,5.37,"Williams, Devin",666149,642207,,ball,,,,,14.0,,R,R,R,SF,MIL,B,,,0,0,2024,-1.84,-0.41,0.1995747352469548,1.021217448278608,,671218.0,592192.0,2,9,Bot,,,,,,,9.900534943676696,-120.51952830704175,-2.6050050043057813,-19.90327594420008,25.954958541080146,-35.80134193110949,3.42341688709928,1.67677897118907,,,,83.6,2759.0,7.0,745291,661388,641343,668930,687401,642715,694192,663368,686217,53.48,,,,,,,,69,1,Changeup,2,3,2,3,3,2,2,3,Standard,Standard,275.0,0.011,0.026,,,,,-0.026,,-1,-1,0.176,0.176,29,26,30,27,1,3,3.0,2,2,1.0,3.76,1.84,1.84,15.6,,,,,,pitcher
FF,2024-09-10,92.1,-2.24,5.57,"Williams, Devin",592192,642207,walk,ball,,,,,11.0,Mark Canha walks. Heliot Ramos to 2nd.,R,R,R,SF,MIL,B,,,3,1,2024,-1.21,1.39,-1.0434255132194945,2.4002916443411757,,,671218.0,2,9,Bot,,,,,,,5.770924075076957,-134.01351469141264,-5.393651644872632,-15.76114963064053,26.079702943003877,-14.430124117349608,3.24001388926462,1.44895798669607,,,,94.3,2348.0,7.4,745291,661388,641343,668930,687401,642715,694192,663368,686217,53.13,,0.689131,0.7,1.0,0.0,0.0,,68,5,4-Seam Fastball,2,3,2,3,3,2,2,3,Standard,Standard,223.0,0.046,0.152,,,,,-0.152,,-1,-1,0.13,0.13,29,35,30,35,1,1,3.0,3,2,2.0,1.28,1.21,1.21,29.6,,,,,,pitcher
CH,2024-09-10,84.2,-2.56,5.44,"Williams, Devin",592192,642207,,called_strike,,,,,8.0,,R,R,R,SF,MIL,S,,,3,0,2024,-1.87,0.07,0.264088351090882,1.7636137371734375,,,671218.0,2,9,Bot,,,,,,,10.364918913887646,-122.19497019921432,-2.252667086901692,-20.8035674636101,24.569288466408008,-31.20780255585991,3.30820323498358,1.47625652326229,,,,84.9,2693.0,6.9,745291,661388,641343,668930,687401,642715,694192,663368,686217,53.56,,,,,,,,68,4,Changeup,2,3,2,3,3,2,2,3,Strategic,Standard,271.0,-0.015,-0.046,,,,,0.046,,-1,-1,0.145,0.145,29,35,30,35,1,1,3.0,3,2,2.0,3.17,1.87,1.87,21.0,,,,,,pitcher
FF,2024-09-10,93.8,-2.36,5.62,"Williams, Devin",592192,642207,,ball,,,,,11.0,,R,R,R,SF,MIL,B,,,2,0,2024,-1.15,1.42,-1.4292695595727254,3.0135479494441824,,,671218.0,2,9,Bot,,,,,,,5.048889640626477,-136.5728236996955,-4.250813115596169,-15.505604804936278,28.758661739637624,-13.620792483316464,3.25800733655107,1.45568908596607,,,,95.6,2339.0,7.2,745291,661388,641343,668930,687401,642715,694192,663368,686217,53.32,,,,,,,,68,3,4-Seam Fastball,2,3,2,3,3,2,2,3,Standard,Standard,225.0,0.023,0.076,,,,,-0.076,,-1,-1,0.122,0.122,29,35,30,35,1,1,3.0,3,2,2.0,1.16,1.15,1.15,29.0,,,,,,pitcher
FF,2024-09-10,92.6,-2.32,5.56,"Williams, Devin",592192,642207,,ball,,,,,11.0,,R,R,R,SF,MIL,B,,,1,0,2024,-0.81,1.42,-0.5304766053634056,3.8934313227172272,,,671218.0,2,9,Bot,,,,,,,6.475426304139409,-134.76086500604418,-1.5740968261443642,-11.242783154916475,28.412258021815568,-14.743907610625817,3.33923708005084,1.51506413566535,,,,94.6,2309.0,7.4,745291,661388,641343,668930,687401,642715,694192,663368,686217,53.12,,,,,,,,68,2,4-Seam Fastball,2,3,2,3,3,2,2,3,Standard,Standard,224.0,0.015,0.05,,,,,-0.05,,-1,-1,0.107,0.107,29,35,30,35,1,1,3.0,3,2,2.0,1.23,0.81,0.81,29.9,,,,,,pitcher
FF,2024-09-10,93.9,-2.24,5.66,"Williams, Devin",592192,642207,,ball,,,,,12.0,,R,R,R,SF,MIL,B,,,0,0,2024,-1.0,1.41,1.4037164357726843,3.1513555529013,,,671218.0,2,9,Bot,,,,,,,11.879436642646148,-136.2364186269434,-3.9498114323498847,-15.03175808936959,28.948679686569,-13.808343379413545,3.29475206481162,1.46302374820194,,,,95.7,2413.0,7.4,745291,661388,641343,668930,687401,642715,694192,663368,686217,53.1,,,,,,,,68,1,4-Seam Fastball,2,3,2,3,3,2,2,3,Standard,Standard,215.0,0.008,0.034,,,,,-0.034,,-1,-1,0.099,0.099,29,35,30,35,1,1,3.0,3,2,2.0,1.18,1.0,1.0,29.1,,,,,,pitcher
FF,2024-09-10,95.2,-2.38,5.52,"Williams, Devin",656305,642207,field_out,hit_into_play,,,,,1.0,Matt Chapman pops out to shortstop Willy Adames.,R,R,R,SF,MIL,X,6.0,popup,0,2,2024,-0.98,1.33,-0.4683340002288575,3.1085643067090647,,,671218.0,1,9,Bot,105.17,153.96,,,,,7.3299383377634815,-138.46879902911598,-3.7175558954040993,-14.237155057687394,31.3167254453024,-14.376375992011418,3.45,1.64,130.0,83.7,68.0,96.6,2377.0,7.1,745291,661388,641343,668930,687401,642715,694192,663368,686217,53.38,0.008,0.007,0.0,1.0,0.0,0.0,3.0,67,3,4-Seam Fastball,2,3,2,3,3,2,2,3,Standard,Standard,224.0,-0.069,-0.163,78.4,7.2,,0.011,0.163,88.0,-1,-1,0.168,0.168,29,31,30,31,1,3,3.0,2,2,1.0,1.19,0.98,0.98,29.7,6.0195535584494655,-10.477979766139844,18.889894357864303,33.38571133862412,26.94904701232277,pitcher
CH,2024-09-10,84.8,-2.57,5.39,"Williams, Devin",656305,642207,,foul,,,,,7.0,,R,R,R,SF,MIL,S,,,0,1,2024,-1.65,-0.15,-0.4740191673986191,2.0816254690855525,,,671218.0,1,9,Bot,,,,,,,8.269754954860627,-123.19731115905128,-1.0193781720262098,-18.4449447542268,26.517955166427303,-33.66728392207627,3.45,1.64,3.0,84.0,-34.0,85.2,2720.0,6.8,745291,661388,641343,668930,687401,642715,694192,663368,686217,53.67,,,,,,,,67,2,Changeup,2,3,2,3,3,2,2,3,Standard,Strategic,278.0,-0.029,-0.052,72.4,8.5,,,0.052,88.0,-1,-1,0.197,0.197,29,31,30,31,1,3,3.0,2,2,1.0,3.35,1.65,1.65,18.1,23.02572736259736,-35.39177030690141,27.69055237675993,33.911394194385835,42.29620745839962,pitcher
FF,2024-09-10,94.1,-2.34,5.55,"Williams, Devin",656305,642207,,foul,,,,,11.0,,R,R,R,SF,MIL,S,,,0,0,2024,-1.0,1.26,-0.8827922880782219,3.58867780549691,,,671218.0,1,9,Bot,,,,,,,6.105864868266583,-136.97257080343888,-2.249593004431057,-13.86725320098076,26.93607100519408,-15.963565607916232,3.45,1.64,,,,96.4,2377.0,7.3,745291,661388,641343,668930,687401,642715,694192,663368,686217,53.18,,,,,,,,67,1,4-Seam Fastball,2,3,2,3,3,2,2,3,Standard,Strategic,224.0,-0.017,-0.04,71.2,6.7,,,0.04,,-1,-1,0.214,0.214,29,31,30,31,1,3,3.0,2,2,1.0,1.29,1.0,1.0,28.8,1.529047493083473,-3.5182327018886417,19.295754255731016,29.8717090665072,20.945020630913216,pitcher
FF,2024-09-10,94.7,-2.33,5.53,"Williams, Devin",624424,642207,strikeout,swinging_strike,,,,,12.0,Michael Conforto strikes out swinging.,R,L,R,SF,MIL,S,2.0,,3,2,2024,-0.84,1.3,1.0045031514885552,2.736154340913707,,,671218.0,0,9,Bot,,,,,,,10.789298386173549,-137.59259013197632,-4.657605997029665,-12.89422110287109,27.94362638398131,-14.706880592365604,3.14,1.53,,,,96.9,2363.0,7.5,745291,661388,641343,668930,687401,642715,694192,663368,686217,53.04,,0.0,0.0,1.0,0.0,0.0,,66,6,4-Seam Fastball,2,3,2,3,3,2,2,3,Strategic,Standard,232.0,-0.151,-0.346,71.3,6.4,0.491486724,,0.346,,-1,-1,0.365,0.365,29,31,30,31,1,3,3.0,2,2,4.0,1.23,0.84,-0.84,26.8,2.674611232046692,3.843143725964503,38.676713301823696,25.75984923721986,21.17468229538037,pitcher
FF,2024-09-10,95.4,-2.44,5.57,"Williams, Devin",624424,642207,,ball,,,,,13.0,,R,L,R,SF,MIL,B,,,2,2,2024,-1.02,1.13,-2.354556262400264,1.8708770069621,,,671218.0,0,9,Bot,,,,,,,2.581612947846737,-138.99431367040376,-6.851052232561867,-13.90554458105934,26.20588085985136,-16.270111454959913,3.18378675316603,1.46773727297963,,,,97.9,2373.0,7.3,745291,661388,641343,668930,687401,642715,694192,663368,686217,53.22,,,,,,,,66,5,4-Seam Fastball,2,3,2,3,3,2,2,3,Strategic,Standard,226.0,0.045,0.117,,,,,-0.117,,-1,-1,0.32,0.32,29,31,30,31,1,3,3.0,2,2,4.0,1.34,1.02,-1.02,28.5,,,,,,pitcher
FF,2024-09-10,94.4,-2.32,5.47,"Williams, Devin",624424,642207,,foul,,,,,1.0,,R,L,R,SF,MIL,S,,,2,1,2024,-0.99,1.23,-0.3108431353450315,2.736448904363918,,,671218.0,0,9,Bot,,,,,,,7.549255341529849,-137.2249111753157,-4.215975011173457,-14.144550013290312,31.18051550006219,-15.875632043678708,3.14,1.53,,,,95.8,2323.0,7.2,745291,661388,641343,668930,687401,642715,694192,663368,686217,53.28,,,,,,,,66,4,4-Seam Fastball,2,3,2,3,3,2,2,3,Standard,Standard,226.0,-0.037,-0.048,74.7,6.8,,,0.048,,-1,-1,0.357,0.357,29,31,30,31,1,3,3.0,2,2,4.0,1.34,0.99,-0.99,24.5,1.523102728732623,20.299804191079392,29.432031742677225,42.456153315385606,17.1634018379778,pitcher
CH,2024-09-10,83.5,-2.53,5.34,"Williams, Devin",624424,642207,,called_strike,,,,,5.0,,R,L,R,SF,MIL,S,,,2,0,2024,-1.65,-0.09,0.0113290735173785,2.416098849325213,,,671218.0,0,9,Bot,,,,,,,9.20575249867275,-121.20994505163328,-0.0572735567143747,-18.073508479418614,23.859562157105437,-33.324262464190575,3.13853743437286,1.39388986572326,,,,84.4,2650.0,7.0,745291,661388,641343,668930,687401,642715,694192,663368,686217,53.49,,,,,,,,66,3,Changeup,2,3,2,3,3,2,2,3,Standard,Standard,277.0,-0.035,-0.074,,,,,0.074,,-1,-1,0.392,0.392,29,31,30,31,1,3,3.0,2,2,4.0,3.38,1.65,-1.65,16.7,,,,,,pitcher
FF,2024-09-10,94.5,-2.34,5.53,"Williams, Devin",624424,642207,,ball,,,,,13.0,,R,L,R,SF,MIL,B,,,1,0,2024,-1.07,1.3,-1.706876149091721,2.153623542922126,,,671218.0,0,9,Bot,,,,,,,4.098864342167907,-137.5348277755616,-6.155885007960202,-14.522323216844958,28.316095451744797,-14.440316972972123,3.11185920408219,1.4247412205289,,,,96.3,2400.0,7.1,745291,661388,641343,668930,687401,642715,694192,663368,686217,53.37,,,,,,,,66,2,4-Seam Fastball,2,3,2,3,3,2,2,3,Standard,Standard,222.0,0.035,0.068,,,,,-0.068,,-1,-1,0.357,0.357,29,31,30,31,1,3,3.0,2,2,4.0,1.23,1.07,-1.07,28.7,,,,,,pitcher
FF,2024-09-10,95.4,-2.35,5.46,"Williams, Devin",624424,642207,,ball,,,,,11.0,,R,L,R,SF,MIL,B,,,0,0,2024,-1.07,1.2,-0.9386988285981166,3.3182145097166265,,,671218.0,0,9,Bot,,,,,,,6.205102893892386,-138.81552746682348,-2.7504804624231127,-15.19877490178789,30.95515073800248,-16.18717384616639,3.14715834097148,1.4337702687687,,,,96.8,2393.0,7.1,745291,661388,641343,668930,687401,642715,694192,663368,686217,53.44,,,,,,,,66,1,4-Seam Fastball,2,3,2,3,3,2,2,3,Standard,Standard,228.0,0.018,0.041,,,,,-0.041,,-1,-1,0.339,0.339,29,31,30,31,1,3,3.0,2,2,4.0,1.3,1.07,-1.07,23.4,,,,,,pitcher
CH,2024-09-10,83.9,-2.47,5.4,"Williams, Devin",671218,642207,single,hit_into_play,,,,,6.0,Heliot Ramos singles on a ground ball to shortstop Willy Adames.,R,R,R,SF,MIL,X,6.0,ground_ball,1,1,2024,-1.78,-0.25,0.2890676357993755,2.261889849232758,,,,0,9,Bot,114.17,143.07,,,,,10.09571491837641,-121.87325103475148,-0.432512653693488,-19.645736835282143,20.30117062812387,-34.77251233836058,3.2,1.52,6.0,97.9,-21.0,85.9,2682.0,7.3,745291,661388,641343,668930,687401,642715,694192,663368,686217,53.17,0.148,0.154,0.9,1.0,1.0,0.0,2.0,65,3,Changeup,2,3,2,3,3,2,2,3,Standard,Standard,283.0,0.139,0.46,79.7,6.9,,0.17,-0.46,97.9,-1,-1,0.2,0.2,29,24,30,25,1,3,3.0,2,2,1.0,3.46,1.78,1.78,16.8,4.416429283651225,9.837270856056906,31.23946362814728,39.440495073520864,23.38838050960529,pitcher
FF,2024-09-10,94.5,-2.43,5.55,"Williams, Devin",671218,642207,,foul,,,,,2.0,,R,R,R,SF,MIL,S,,,1,0,2024,-1.15,1.35,0.1227901653847165,3.006032690192848,,,,0,9,Bot,,,,,,,9.353615389559806,-137.37069518662233,-4.03546098122558,-16.581167998908136,28.28859419210409,-14.373041111492098,3.2,1.52,241.0,91.0,17.0,96.2,2369.0,7.2,745291,661388,641343,668930,687401,642715,694192,663368,686217,53.34,,,,,,,,65,2,4-Seam Fastball,2,3,2,3,3,2,2,3,Standard,Standard,229.0,-0.017,-0.049,61.4,5.5,,,0.049,91.0,-1,-1,0.217,0.217,29,24,30,25,1,3,3.0,2,2,1.0,1.2,1.15,1.15,27.3,-14.169361822301113,30.566625527694708,35.22560889585917,36.72504065866539,10.680463592924326,pitcher
CH,2024-09-10,83.8,-2.49,5.38,"Williams, Devin",671218,642207,,ball,,,,,14.0,,R,R,R,SF,MIL,B,,,0,0,2024,-1.5,-0.16,1.40604906169342,1.4368734049042111,,,,0,9,Bot,,,,,,,12.059571786530904,-121.43044223988828,-2.3849821833334497,-17.1502853018745,22.40605098941101,-33.463222973097615,3.24380416284854,1.59353469707322,,,,84.6,2619.0,6.9,745291,661388,641343,668930,687401,642715,694192,663368,686217,53.57,,,,,,,,65,1,Changeup,2,3,2,3,3,2,2,3,Standard,Standard,277.0,0.013,0.038,,,,,-0.038,,-1,-1,0.204,0.204,29,24,30,25,1,3,3.0,2,2,1.0,3.41,1.5,1.5,15.5,,,,,,pitcher
CH,2024-09-07,83.6,-2.57,5.12,"Williams, Devin",696100,642207,strikeout,swinging_strike,,,,,13.0,Hunter Goodman strikes out swinging.,R,R,R,MIL,COL,S,2.0,,1,2,2024,-1.61,-0.42,-1.0651621243105251,1.0406759055674994,,,,2,9,Top,,,,,,,6.732691359446403,-121.546686910087,-2.075395328934965,-17.28903553376008,26.19226083274912,-36.13413846745674,3.41,1.59,,,,84.2,2805.0,6.9,745942,661388,641343,668930,687401,642715,694192,663368,686217,53.57,,0.0,0.0,1.0,0.0,0.0,,68,4,Changeup,5,2,2,5,2,5,2,5,Strategic,Standard,286.0,0.003,-0.18,78.1,8.0,7.2709077,,0.18,,3,-3,0.997,0.003,29,24,30,25,1,1,3.0,2,3,1.0,3.72,1.61,1.61,15.3,25.41627560350772,-46.17342144781461,37.870220837337925,24.68534259336052,58.897740827414246,pitcher
FF,2024-09-07,93.3,-2.31,5.37,"Williams, Devin",696100,642207,,swinging_strike,,,,,11.0,,R,R,R,MIL,COL,S,,,1,1,2024,-0.85,1.42,-0.3025149004506806,3.955481073866999,,,,2,9,Top,,,,,,,7.173753350469115,-135.71920220455604,-0.9871002898948404,-12.176191846590443,31.15038353095057,-14.728350787734591,3.41,1.59,,,,94.8,2352.0,7.3,745942,661388,641343,668930,687401,642715,694192,663368,686217,53.24,,,,,,,,68,3,4-Seam Fastball,5,2,2,5,2,5,2,5,Standard,Standard,226.0,0.001,-0.064,70.0,6.0,0.358402188,,0.064,,3,-3,0.996,0.004,29,24,30,25,1,1,3.0,2,3,1.0,1.21,0.85,0.85,31.6,16.01742597282544,6.314736618494634,11.093255865654353,32.78546175762177,29.115834483471644,pitcher
CH,2024-09-07,82.8,-2.63,5.15,"Williams, Devin",696100,642207,,swinging_strike,,,,,8.0,,R,R,R,MIL,COL,S,,,1,0,2024,-1.66,-0.3,-0.1408078420874197,1.7819020421838645,,,,2,9,Top,,,,,,,9.006075355779224,-120.121774509128,-0.4983386440550621,-17.89370665180741,25.430467319836605,-35.186762273644256,3.41,1.59,,,,83.1,2696.0,6.9,745942,661388,641343,668930,687401,642715,694192,663368,686217,53.62,,,,,,,,68,2,Changeup,5,2,2,5,2,5,2,5,Standard,Standard,282.0,0.001,-0.051,77.9,8.4,4.1471574,,0.051,,3,-3,0.995,0.005,29,24,30,25,1,1,3.0,2,3,1.0,3.67,1.66,1.66,16.8,22.10558352759168,-46.16160846921457,24.59153899686995,35.05867430227436,61.37372065530245,pitcher
FF,2024-09-07,94.3,-2.25,5.38,"Williams, Devin",696100,642207,,ball,,,,,12.0,,R,R,R,MIL,COL,B,,,0,0,2024,-0.89,1.53,0.929797218113047,2.6311835594415363,,,,2,9,Top,,,,,,,10.473139694702231,-136.785273311335,-4.864832234377915,-13.63338078707826,32.23136500182298,-12.134758925472182,3.33272660640387,1.53760876827387,,,,95.8,2461.0,7.5,745942,661388,641343,668930,687401,642715,694192,663368,686217,53.01,,,,,,,,68,1,4-Seam Fastball,5,2,2,5,2,5,2,5,Standard,Standard,222.0,-0.001,0.04,,,,,-0.04,,3,-3,0.996,0.004,29,24,30,25,1,1,3.0,2,3,1.0,1.07,0.89,0.89,33.7,,,,,,pitcher
CH,2024-09-07,83.4,-2.67,5.13,"Williams, Devin",663898,642207,strikeout,swinging_strike,,,,,13.0,Brendan Rodgers strikes out swinging.,R,R,R,MIL,COL,S,2.0,,1,2,2024,-1.5,-0.86,-1.448434485067956,1.2886391383703957,,,,1,9,Top,,,,,,,5.807867106574915,-121.16193581421332,-0.5686074409660993,-15.896992432393471,27.21713927207623,-40.71999822704433,3.37,1.53,,,,83.4,2780.0,6.8,745942,661388,641343,668930,687401,642715,694192,663368,686217,53.75,,0.0,0.0,1.0,0.0,0.0,,67,4,Changeup,5,2,2,5,2,5,2,5,Strategic,Standard,287.0,0.008,-0.182,67.6,7.4,4.506076656,,0.182,,3,-3,0.988,0.012,29,27,30,28,1,3,3.0,2,3,1.0,4.19,1.5,1.5,15.5,14.436969398766497,-28.233900818491996,39.25254663633225,18.76064210202619,42.58176876743299,pitcher
FF,2024-09-07,95.0,-2.39,5.31,"Williams, Devin",663898,642207,,called_strike,,,,,6.0,,R,R,R,MIL,COL,S,,,1,1,2024,-1.53,1.15,0.6634994160489067,2.1982714913877364,,,,1,9,Top,,,,,,,11.654971922009388,-137.79919326512083,-5.099634964745792,-22.1530502064378,32.84876422886914,-16.49801146018356,3.45166001841733,1.53760876827387,,,,96.5,2433.0,7.5,745942,661388,641343,668930,687401,642715,694192,663368,686217,52.99,,,,,,,,67,3,4-Seam Fastball,5,2,2,5,2,5,2,5,Standard,Standard,224.0,0.002,-0.061,,,,,0.061,,3,-3,0.986,0.014,29,27,30,28,1,3,3.0,2,3,1.0,1.4,1.53,1.53,27.9,,,,,,pitcher
CH,2024-09-07,82.3,-2.63,5.1,"Williams, Devin",663898,642207,,swinging_strike,,,,,9.0,,R,R,R,MIL,COL,S,,,1,0,2024,-1.8,-0.06,0.5838185150486186,2.012241150880952,,,,1,9,Top,,,,,,,10.90585596970583,-119.23036665063066,-0.2318453345560575,-19.357419955494198,25.119903733679266,-32.94026073112576,3.37,1.53,,,,82.7,2738.0,7.0,745942,661388,641343,668930,687401,642715,694192,663368,686217,53.47,,,,,,,,67,2,Changeup,5,2,2,5,2,5,2,5,Standard,Standard,283.0,0.003,-0.051,71.9,7.8,2.660431344,,0.051,,3,-3,0.983,0.017,29,27,30,28,1,3,3.0,2,3,1.0,3.48,1.8,1.8,14.6,18.798420222171647,-21.916266250046437,28.961127997932003,42.7635517705466,48.29980216609408,pitcher
CH,2024-09-07,82.3,-2.56,5.14,"Williams, Devin",663898,642207,,ball,,,,,14.0,,R,R,R,MIL,COL,B,,,0,0,2024,-1.84,-0.31,0.9328924760250856,1.619081279093492,,,,1,9,Top,,,,,,,11.570288623859236,-119.15682019638786,-0.7245013759298102,-19.847651538328773,25.237195317541023,-35.19687164236517,3.51116155985088,1.59652561270956,,,,82.5,2856.0,6.9,745942,661388,641343,668930,687401,642715,694192,663368,686217,53.6,,,,,,,,67,1,Changeup,5,2,2,5,2,5,2,5,Standard,Standard,287.0,-0.002,0.039,,,,,-0.039,,3,-3,0.985,0.015,29,27,30,28,1,3,3.0,2,3,1.0,3.74,1.84,1.84,16.2,,,,,,pitcher
FF,2024-09-07,96.1,-2.4,5.21,"Williams, Devin",669911,642207,strikeout,swinging_strike,,,,,1.0,Michael Toglia strikes out swinging.,R,L,R,MIL,COL,S,2.0,,0,2,2024,-1.05,1.47,-0.32635720584604,3.100247191762921,,,,0,9,Top,,,,,,,8.000552919775343,-139.71526334128657,-3.325516060712005,-15.590317426467465,34.15276874912704,-12.386323539125044,3.68,1.75,,,,97.3,2504.0,7.2,745942,661388,641343,668930,687401,642715,694192,663368,686217,53.27,,0.0,0.0,1.0,0.0,0.0,,66,3,4-Seam Fastball,5,2,2,5,2,5,2,5,Strategic,Standard,227.0,0.011,-0.163,71.6,6.4,2.302420524,,0.163,,3,-3,0.974,0.026,29,25,30,26,1,3,3.0,1,3,1.0,1.02,1.05,-1.05,23.7,-2.969187321872224,21.518427292072968,39.4793182506651,40.4983099158454,9.429960924414084,pitcher
CH,2024-09-07,82.9,-2.58,5.12,"Williams, Devin",669911,642207,,swinging_strike,,,,,13.0,,R,L,R,MIL,COL,S,,,0,1,2024,-1.68,-0.77,-0.5319107446265119,1.1373335596625087,,,,0,9,Top,,,,,,,8.082155639565498,-120.36751165828476,-0.9719564457275194,-18.00384895029739,27.41602676851309,-39.56815030505541,3.68,1.75,,,,83.2,2971.0,7.0,745942,661388,641343,668930,687401,642715,694192,663368,686217,53.47,,,,,,,,66,2,Changeup,5,2,2,5,2,5,2,5,Strategic,Standard,283.0,0.005,-0.054,71.0,8.4,1.004946552,,0.054,,3,-3,0.969,0.031,29,25,30,26,1,3,3.0,1,3,1.0,4.15,1.68,-1.68,15.6,26.630091304237105,-5.441169818324928,40.90988162566547,43.69211408852601,32.10825970236659,pitcher
FF,2024-09-07,95.5,-2.36,5.38,"Williams, Devin",669911,642207,,called_strike,,,,,2.0,,R,L,R,MIL,COL,S,,,0,0,2024,-1.15,1.41,-0.0180487250207292,3.279912361627324,,,,0,9,Top,,,,,,,8.9159814848289,-138.75021368818128,-3.05436538125526,-16.989466662338998,33.63522590065235,-13.528137217330862,3.86866139434012,1.89143561801315,,,,96.7,2486.0,7.2,745942,661388,641343,668930,687401,642715,694192,663368,686217,53.28,,,,,,,,66,1,4-Seam Fastball,5,2,2,5,2,5,2,5,Strategic,Standard,224.0,0.003,-0.037,,,,,0.037,,3,-3,0.966,0.034,29,25,30,26,1,3,3.0,1,3,1.0,1.11,1.15,-1.15,28.3,,,,,,pitcher
CH,2024-09-04,85.2,-2.49,5.11,"Williams, Devin",691026,642207,strikeout,swinging_strike,,,,,14.0,Masyn Winn strikes out swinging.,R,R,R,MIL,STL,S,2.0,,1,2,2024,-1.55,-0.23,0.7961728529905177,0.8712048330987168,,,,2,9,Top,,,,,,,11.003072891948898,-123.53575985693412,-3.129996006398285,-18.15020256964181,26.51495335021793,-34.023512121412324,3.42,1.56,,,,86.1,2578.0,7.2,745938,606992,656555,668930,687401,642715,686217,663368,669003,53.25,,0.0,0.0,1.0,0.0,0.0,,69,4,Changeup,2,2,2,2,2,2,2,2,Standard,Standard,276.0,0.024,-0.18,61.9,8.8,6.82504416,,0.18,,0,0,0.615,0.385,29,22,30,22,1,4,1.0,1,3,2.0,3.41,1.55,1.55,17.0,10.669157671804326,-34.50303312371118,27.69122231945192,41.5565429846092,48.93138710621754,pitcher
FF,2024-09-04,95.6,-2.27,5.37,"Williams, Devin",691026,642207,,ball,,,,,12.0,,R,R,R,MIL,STL,B,,,0,2,2024,-0.7,1.44,0.8973822816734746,3.29863992477174,,,,2,9,Top,,,,,,,10.11113485602318,-138.7752196945869,-3.085463328225322,-11.437843215772604,32.722226070485135,-13.09688112351752,3.48670034054399,1.66857022918068,,,,97.0,2271.0,7.3,745938,606992,656555,668930,687401,642715,686217,663368,669003,53.15,,,,,,,,69,3,4-Seam Fastball,2,2,2,2,2,2,2,2,Standard,Standard,222.0,-0.004,0.023,,,,,-0.023,,0,0,0.619,0.381,29,22,30,22,1,4,1.0,1,3,2.0,1.08,0.7,0.7,30.8,,,,,,pitcher
CH,2024-09-04,85.0,-2.56,5.14,"Williams, Devin",691026,642207,,swinging_strike,,,,,13.0,,R,R,R,MIL,STL,S,,,0,1,2024,-1.73,-0.31,-0.1362475577966608,1.2930441340459358,,,,2,9,Top,,,,,,,9.266439123112166,-123.27565951377616,-1.9453041356428624,-19.502947007928785,27.669061275877507,-35.13211099844234,3.42,1.56,,,,85.5,2707.0,7.1,745938,606992,656555,668930,687401,642715,686217,663368,669003,53.42,,,,,,,,69,2,Changeup,2,2,2,2,2,2,2,2,Standard,Standard,277.0,0.009,-0.058,72.2,9.0,13.860455208,,0.058,,0,0,0.61,0.39,29,22,30,22,1,4,1.0,1,3,2.0,3.52,1.73,1.73,18.4,22.445140908605563,-54.67323306918812,26.02717198774623,30.55888717428549,65.20827321042454,pitcher
CH,2024-09-04,83.7,-2.46,5.22,"Williams, Devin",691026,642207,,called_strike,,,,,8.0,,R,R,R,MIL,STL,S,,,0,0,2024,-1.22,-0.42,-0.1547115416089448,1.7904410100614123,,,,2,9,Top,,,,,,,7.844279753182594,-121.63663450487168,-0.6010488806771869,-13.709862106619155,25.013999702941568,-36.47805307664978,3.38909075484723,1.39446935312431,,,,84.6,2657.0,7.0,745938,606992,656555,668930,687401,642715,686217,663368,669003,53.47,,,,,,,,69,1,Changeup,2,2,2,2,2,2,2,2,Standard,Standard,288.0,0.005,-0.041,,,,,0.041,,0,0,0.605,0.395,29,22,30,22,1,4,1.0,1,3,2.0,3.7,1.22,1.22,17.3,,,,,,pitcher
FF,2024-09-04,96.3,-2.25,5.33,"Williams, Devin",672279,642207,strikeout,swinging_strike,,,,,1.0,Michael Siani strikes out swinging.,R,L,R,MIL,STL,S,2.0,,2,2,2024,-0.89,1.32,-0.338422148772698,3.464175813489693,,,,1,9,Top,,,,,,,7.245687107852992,-139.98069960938474,-2.3799625472219543,-13.365462554914403,33.30848789197986,-14.555568241425414,3.39,1.55,,,,97.9,2351.0,7.3,745938,606992,656555,668930,687401,642715,686217,663368,669003,53.15,,0.0,0.0,1.0,0.0,0.0,,68,5,4-Seam Fastball,2,2,2,2,2,2,2,2,Strategic,Standard,229.0,0.04,-0.225,73.4,6.9,0.989008188,,0.225,,0,0,0.565,0.435,29,24,30,25,1,3,1.0,1,3,2.0,1.16,0.89,-0.89,29.4,6.829487064960263,6.780654837320348,18.8318343824298,39.9684909348392,21.59928843950569,pitcher
CH,2024-09-04,83.1,-2.63,5.22,"Williams, Devin",672279,642207,,swinging_strike,,,,,4.0,,R,L,R,MIL,STL,S,,,2,1,2024,-1.38,-0.28,-0.5682770794516547,2.1684998628973777,,,,1,9,Top,,,,,,,7.517482869766969,-120.80602071941942,0.0766632105633098,-15.00115769932648,24.835906455340183,-35.12408932023259,3.39,1.55,,,,83.9,2707.0,7.0,745938,606992,656555,668930,687401,642715,686217,663368,669003,53.5,,,,,,,,68,4,Changeup,2,2,2,2,2,2,2,2,Strategic,Standard,285.0,0.013,-0.078,68.6,8.9,6.454213692,,0.078,,0,0,0.552,0.448,29,24,30,25,1,3,1.0,1,3,2.0,3.6,1.38,-1.38,15.8,19.845593354194992,-37.62907540035656,25.595436022401717,43.19908776687879,53.87874750164369,pitcher
CH,2024-09-04,84.1,-2.48,5.15,"Williams, Devin",672279,642207,,ball,,,,,14.0,,R,L,R,MIL,STL,B,,,1,1,2024,-1.49,-0.34,1.247767889806688,0.8454646393467113,,,,1,9,Top,,,,,,,11.698338416598071,-121.77921023435523,-2.758671302571932,-17.34156053314313,27.47985419220804,-35.145642811788974,3.26262777802773,1.35209822382295,,,,84.2,2859.0,7.0,745938,606992,656555,668930,687401,642715,686217,663368,669003,53.54,,,,,,,,68,3,Changeup,2,2,2,2,2,2,2,2,Strategic,Standard,282.0,-0.008,0.059,,,,,-0.059,,0,0,0.56,0.44,29,24,30,25,1,3,1.0,1,3,2.0,3.64,1.49,-1.49,19.3,,,,,,pitcher
FF,2024-09-04,94.9,-2.39,5.32,"Williams, Devin",672279,642207,,ball,,,,,11.0,,R,L,R,MIL,STL,B,,,0,1,2024,-0.93,1.21,-0.6946613719182101,4.324132284216551,,,,1,9,Top,,,,,,,6.637318874213342,-137.94965411708395,0.4314941683015382,-13.453863896388714,34.45224994825937,-17.18923215517184,3.2815992643349,1.40651771676166,,,,95.9,2338.0,7.2,745938,606992,656555,668930,687401,642715,686217,663368,669003,53.32,,,,,,,,68,2,4-Seam Fastball,2,2,2,2,2,2,2,2,Strategic,Standard,224.0,-0.005,0.024,,,,,-0.024,,0,0,0.565,0.435,29,24,30,25,1,3,1.0,1,3,2.0,1.35,0.93,-0.93,27.0,,,,,,pitcher
FF,2024-09-04,95.8,-2.38,5.34,"Williams, Devin",672279,642207,,foul,,,,,4.0,,R,L,R,MIL,STL,S,,,0,0,2024,-1.13,1.45,-0.3474147946572636,2.79961643720046,,,,1,9,Top,,,,,,,8.07520171325016,-139.25505158118156,-4.38855672353863,-16.53529076319289,33.50993569879726,-12.573207656268115,3.39,1.55,198.0,74.4,55.0,97.2,2389.0,7.3,745938,606992,656555,668930,687401,642715,686217,663368,669003,53.2,,,,,,,,68,1,4-Seam Fastball,2,2,2,2,2,2,2,2,Strategic,Standard,226.0,0.007,-0.037,73.8,7.2,,,0.037,88.0,0,0,0.558,0.442,29,24,30,25,1,3,1.0,1,3,2.0,1.06,1.13,-1.13,28.4,10.082420774912428,-0.1614340132020467,28.35727629951521,41.7681545185792,28.089754104605,pitcher
CH,2024-09-04,82.9,-2.45,5.18,"Williams, Devin",665877,642207,field_out,hit_into_play,,,,,13.0,"José Fermín grounds out, third baseman Joey Ortiz to first baseman Rhys Hoskins.",R,R,R,MIL,STL,X,5.0,ground_ball,3,2,2024,-1.66,-0.21,-0.0647796081650065,1.3487708823042517,,,,0,9,Top,89.84,166.16,,,,,8.823737025529368,-120.39228011463965,-1.7808638647592705,-17.8700960209784,25.8662860542684,-34.03993277637664,3.41,1.57,22.0,83.1,-3.0,83.7,2733.0,7.2,745938,606992,656555,668930,687401,642715,686217,663368,669003,53.33,0.154,0.187,0.0,1.0,0.0,0.0,2.0,67,8,Changeup,2,2,2,2,2,2,2,2,Standard,Standard,281.0,0.07,-0.333,55.4,8.1,,0.176,0.333,88.0,0,0,0.488,0.512,29,25,30,25,1,3,1.0,8,3,3.0,3.57,1.66,1.66,18.7,12.667094064307925,-22.329031972724625,34.655069618727126,36.45409542495278,43.42105609795633,pitcher
CH,2024-09-04,85.6,-2.42,5.2,"Williams, Devin",665877,642207,,ball,,,,,14.0,,R,R,R,MIL,STL,B,,,2,2,2024,-1.61,-0.23,1.5670007187796873,1.640998927768909,,,,0,9,Top,,,,,,,12.833852403867912,-123.9240375644761,-1.578176943720416,-19.239274150095063,25.44151670595544,-34.44861616834065,3.26495890446886,1.53936947109079,,,,86.5,2796.0,7.2,745938,606992,656555,668930,687401,642715,686217,663368,669003,53.3,,,,,,,,67,7,Changeup,2,2,2,2,2,2,2,2,Standard,Standard,278.0,-0.021,0.107,,,,,-0.107,,0,0,0.509,0.491,29,25,30,25,1,3,1.0,8,3,3.0,3.38,1.61,1.61,17.4,,,,,,pitcher
CH,2024-09-04,85.6,-2.54,5.12,"Williams, Devin",665877,642207,,foul,,,,,4.0,,R,R,R,MIL,STL,S,,,2,2,2024,-1.45,0.05,-0.4258323740585652,2.501555998231577,,,,0,9,Top,,,,,,,8.05285449391406,-124.34417648310436,0.1227034021433506,-16.743098745221772,28.10718670349869,-31.974227104220816,3.41,1.57,25.0,93.7,-5.0,86.3,2662.0,7.1,745938,606992,656555,668930,687401,642715,686217,663368,669003,53.39,,,,,,,,67,6,Changeup,2,2,2,2,2,2,2,2,Standard,Standard,282.0,0.0,0.0,62.1,7.6,,,0.0,93.7,0,0,0.509,0.491,29,25,30,25,1,3,1.0,8,3,3.0,3.11,1.45,1.45,16.0,10.75453454929318,-31.50114896541206,24.997409019372878,29.03623533996188,44.25644144745812,pitcher
FF,2024-09-04,96.5,-2.15,5.42,"Williams, Devin",665877,642207,,foul,,,,,6.0,,R,R,R,MIL,STL,S,,,2,2,2024,-0.87,1.41,0.3863151637916602,2.750167216035532,,,,0,9,Top,,,,,,,8.890807970833297,-140.14320288206625,-4.802190489665524,-13.501683245258326,32.1570027446393,-12.73386772631044,3.41,1.57,258.0,90.3,19.0,98.2,2328.0,7.4,745938,606992,656555,668930,687401,642715,686217,663368,669003,53.12,,,,,,,,67,5,4-Seam Fastball,2,2,2,2,2,2,2,2,Standard,Standard,224.0,0.0,0.0,57.3,5.9,,,0.0,90.3,0,0,0.509,0.491,29,25,30,25,1,3,1.0,8,3,3.0,1.05,0.87,0.87,30.8,-10.58607559539737,31.27821003185585,31.044091524119853,39.93941825526527,12.01909762176722,pitcher
CH,2024-09-04,84.1,-2.49,5.12,"Williams, Devin",665877,642207,,ball,,,,,9.0,,R,R,R,MIL,STL,B,,,1,2,2024,-1.52,-0.47,0.5030055927906285,1.5409946746007326,,,,0,9,Top,,,,,,,10.096389605586854,-122.04096716037922,-0.8947512226370322,-17.259998547526713,25.585631144875794,-36.92617181538416,3.44895132179749,1.63209827248092,,,,84.9,2692.0,7.1,745938,606992,656555,668930,687401,642715,686217,663368,669003,53.39,,,,,,,,67,4,Changeup,2,2,2,2,2,2,2,2,Standard,Standard,277.0,-0.008,0.04,,,,,-0.04,,0,0,0.517,0.483,29,25,30,25,1,3,1.0,8,3,3.0,3.73,1.52,1.52,17.9,,,,,,pitcher
CH,2024-09-04,83.3,-2.45,5.2,"Williams, Devin",665877,642207,,called_strike,,,,,5.0,,R,R,R,MIL,STL,S,,,1,1,2024,-1.57,-0.5,-0.0872260552161146,2.6533352671912884,,,,0,9,Top,,,,,,,8.608792758345192,-120.92432115949192,1.7117615901566687,-17.148160726403876,25.754422597150803,-37.70226809825178,3.29185621145854,1.52966036895,,,,83.9,2837.0,7.0,745938,606992,656555,668930,687401,642715,686217,663368,669003,53.51,,,,,,,,67,3,Changeup,2,2,2,2,2,2,2,2,Standard,Standard,284.0,0.014,-0.056,,,,,0.056,,0,0,0.503,0.497,29,25,30,25,1,3,1.0,8,3,3.0,3.83,1.57,1.57,17.0,,,,,,pitcher
FF,2024-09-04,95.3,-2.21,5.47,"Williams, Devin",665877,642207,,ball,,,,,11.0,,R,R,R,MIL,STL,B,,,0,1,2024,-0.83,1.34,-0.2380676315204798,3.850635733384247,,,,0,9,Top,,,,,,,7.165810186482041,-138.60365359558855,-1.6347649470233665,-12.302274395012896,31.60486025737718,-14.79040783707134,3.22868138724195,1.46641898299486,,,,96.9,2276.0,7.3,745938,606992,656555,668930,687401,642715,686217,663368,669003,53.24,,,,,,,,67,2,4-Seam Fastball,2,2,2,2,2,2,2,2,Standard,Standard,222.0,-0.006,0.025,,,,,-0.025,,0,0,0.509,0.491,29,25,30,25,1,3,1.0,8,3,3.0,1.18,0.83,0.83,31.8,,,,,,pitcher
FF,2024-09-04,95.8,-2.26,5.46,"Williams, Devin",665877,642207,,foul,,,,,2.0,,R,R,R,MIL,STL,S,,,0,0,2024,-0.98,1.42,-0.0495816932232261,3.245847197130646,,,,0,9,Top,,,,,,,8.199331426468921,-139.20661162421584,-3.4421984972275403,-14.651930914052958,33.92193131911471,-13.149677075446006,3.41,1.57,156.0,68.6,59.0,97.1,2466.0,7.3,745938,606992,656555,668930,687401,642715,686217,663368,669003,53.18,,,,,,,,67,1,4-Seam Fastball,2,2,2,2,2,2,2,2,Standard,Standard,222.0,0.009,-0.037,59.2,6.5,,,0.037,88.0,0,0,0.5,0.5,29,25,30,25,1,3,1.0,8,3,3.0,1.08,0.98,0.98,31.6,2.5732965907394942,15.162316247938492,24.71083829855057,34.98482753269041,20.35945749913333,pitcher
CH,2024-09-03,83.5,-2.59,5.14,"Williams, Devin",686780,642207,strikeout,swinging_strike,,,,,13.0,Pedro Pagés strikes out swinging.,R,R,R,MIL,STL,S,2.0,,0,2,2024,-1.55,-0.38,-0.8356328071902281,0.7597551512995371,,,,2,9,Top,,,,,,,7.208282774487593,-121.38527478360926,-2.876920416869688,-16.77385341380639,25.08264168003164,-35.5804623291965,3.19,1.52,,,,84.4,2708.0,7.0,745944,661388,656555,668930,687401,642715,694192,663368,686217,53.46,,0.0,0.0,1.0,0.0,0.0,,65,3,Changeup,3,3,3,3,3,3,3,3,Standard,Standard,288.0,0.02,-0.157,72.0,8.3,2.363916132,,0.157,,0,0,0.619,0.381,29,25,30,26,1,3,3.0,1,1,3.0,3.68,1.55,1.55,14.9,27.43656834147848,-34.53469021095396,40.5160990292142,26.30021642975329,55.37795168054328,pitcher
FF,2024-09-03,95.7,-2.27,5.46,"Williams, Devin",686780,642207,,swinging_strike,,,,,3.0,,R,R,R,MIL,STL,S,,,0,1,2024,-0.76,1.48,0.401039887543165,2.827973894540351,,,,2,9,Top,,,,,,,8.93902440651846,-139.11017112469824,-4.73443191193673,-11.9248661821477,31.823450319287996,-12.080563238117511,3.19,1.52,,,,97.3,2334.0,7.3,745944,661388,656555,668930,687401,642715,694192,663368,686217,53.22,,,,,,,,65,2,4-Seam Fastball,3,3,3,3,3,3,3,3,Standard,Standard,220.0,0.009,-0.058,70.3,6.1,0.658667892,,0.058,,0,0,0.61,0.39,29,25,30,26,1,3,3.0,1,1,3.0,1.02,0.76,0.76,30.9,-8.227944400882606,22.085634123639245,30.258444249557225,41.67814367758788,17.199162739163704,pitcher
CH,2024-09-03,83.4,-2.6,5.19,"Williams, Devin",686780,642207,,swinging_strike,,,,,11.0,,R,R,R,MIL,STL,S,,,0,0,2024,-1.68,-0.33,-1.0500542480800492,2.683820949162375,,,,2,9,Top,,,,,,,6.904326074360302,-121.15016059477492,1.4080982865160694,-17.876791152645296,25.09745822377245,-35.98645716652578,3.19,1.52,,,,83.6,2558.0,6.7,745944,661388,656555,668930,687401,642715,694192,663368,686217,53.83,,,,,,,,65,1,Changeup,3,3,3,3,3,3,3,3,Strategic,Standard,283.0,0.005,-0.041,77.3,8.1,1.68868566,,0.041,,0,0,0.605,0.395,29,25,30,26,1,3,3.0,1,1,3.0,3.64,1.68,1.68,18.8,26.20632232915831,-44.75060460321357,22.93184593653791,25.931109175269285,60.50950195714562,pitcher
CH,2024-09-03,84.1,-2.64,5.17,"Williams, Devin",691023,642207,strikeout,swinging_strike,,,,,13.0,Jordan Walker strikes out swinging.,R,R,R,MIL,STL,S,2.0,,2,2,2024,-1.63,-0.49,-0.7829612648756266,0.796482859695943,,,,1,9,Top,,,,,,,7.716325606418401,-122.1912823431895,-2.715385926028432,-17.888895164835276,26.42742589865436,-36.71688865193615,3.69,1.77,,,,85.4,2681.0,7.4,745944,661388,656555,668930,687401,642715,694192,663368,686217,53.08,,0.0,0.0,1.0,0.0,0.0,,64,5,Changeup,3,3,3,3,3,3,3,3,Standard,Standard,281.0,0.04,-0.225,40.5,8.4,7.65463506,,0.225,,0,0,0.565,0.435,29,22,30,22,1,3,3.0,1,1,3.0,3.75,1.63,1.63,14.4,12.24510816655432,-26.759839412832665,35.855244614572385,25.776155035446845,43.29037229234956,pitcher
CH,2024-09-03,84.2,-2.51,5.16,"Williams, Devin",691023,642207,,ball,,,,,13.0,,R,R,R,MIL,STL,B,,,1,2,2024,-1.58,-0.4,-0.020142731740947,0.7005679672217213,,,,1,9,Top,,,,,,,9.151414163973914,-122.21039111001843,-3.146947089404968,-17.703855096257737,25.842621608751664,-35.662927860317616,3.77920732693176,1.83240992294332,,,,85.8,2823.0,7.7,745944,661388,656555,668930,687401,642715,694192,663368,686217,52.85,,,,,,,,64,4,Changeup,3,3,3,3,3,3,3,3,Standard,Standard,287.0,-0.007,0.043,,,,,-0.043,,0,0,0.572,0.428,29,22,30,22,1,3,3.0,1,1,3.0,3.65,1.58,1.58,17.0,,,,,,pitcher
FF,2024-09-03,95.3,-2.3,5.38,"Williams, Devin",691023,642207,,called_strike,,,,,9.0,,R,R,R,MIL,STL,S,,,1,1,2024,-1.05,1.27,0.3518426817985254,2.311215993199188,,,,1,9,Top,,,,,,,9.499674353681844,-138.25176813975455,-5.274366813245732,-15.75696415464475,34.13203746882719,-14.895131308929578,3.83883749363121,1.86192002542908,,,,96.4,2335.0,7.3,745944,661388,656555,668930,687401,642715,694192,663368,686217,53.17,,,,,,,,64,3,4-Seam Fastball,3,3,3,3,3,3,3,3,Standard,Standard,223.0,0.012,-0.061,,,,,0.061,,0,0,0.56,0.44,29,22,30,22,1,3,3.0,1,1,3.0,1.28,1.05,1.05,28.3,,,,,,pitcher
FF,2024-09-03,95.9,-2.36,5.45,"Williams, Devin",691023,642207,,ball,,,,,12.0,,R,R,R,MIL,STL,B,,,0,1,2024,-0.89,1.35,0.9382091008488792,3.22865452052403,,,,1,9,Top,,,,,,,10.92011727931162,-139.0584778544586,-3.2733633317011472,-14.187569335092045,34.94071259467296,-14.14254645006921,3.80901947273683,1.89143561801315,,,,96.9,2382.0,7.3,745944,661388,656555,668930,687401,642715,694192,663368,686217,53.18,,,,,,,,64,2,4-Seam Fastball,3,3,3,3,3,3,3,3,Standard,Standard,222.0,-0.005,0.024,,,,,-0.024,,0,0,0.565,0.435,29,22,30,22,1,3,3.0,1,1,3.0,1.17,0.89,0.89,30.1,,,,,,pitcher
CH,2024-09-03,83.3,-2.59,5.23,"Williams, Devin",691023,642207,,called_strike,,,,,13.0,,R,R,R,MIL,STL,S,,,0,0,2024,-1.52,-0.59,-0.0433288963610216,1.556746104631809,,,,1,9,Top,,,,,,,8.89951658458433,-120.96792461198449,-0.7090880337338298,-16.693500814650964,26.34851622750416,-38.044950009764165,3.71337265220291,1.7660646212573,,,,83.4,2931.0,6.7,745944,661388,656555,668930,687401,642715,694192,663368,686217,53.75,,,,,,,,64,1,Changeup,3,3,3,3,3,3,3,3,Standard,Standard,285.0,0.007,-0.037,,,,,0.037,,0,0,0.558,0.442,29,22,30,22,1,3,3.0,1,1,3.0,3.92,1.52,1.52,16.3,,,,,,pitcher
CH,2024-09-03,84.2,-2.52,5.15,"Williams, Devin",663457,642207,field_out,hit_into_play,,,,,9.0,"Lars Nootbaar grounds out, first baseman Rhys Hoskins to pitcher Devin Williams.",R,L,R,MIL,STL,X,3.0,ground_ball,2,2,2024,-1.6,-0.44,0.4759982823026023,1.534177834213288,,,,0,9,Top,157.33,165.39,,,,,10.271296352828903,-122.046447440769,-0.9916266136980524,-18.111935524707693,27.06242334859134,-36.57293795349858,3.35,1.59,19.0,90.9,-4.0,84.8,2761.0,7.2,745944,661388,656555,668930,687401,642715,694192,663368,686217,53.3,0.244,0.225,0.0,1.0,0.0,0.0,2.0,63,6,Changeup,3,3,3,3,3,3,3,3,Strategic,Standard,281.0,0.049,-0.227,74.0,6.7,,0.246,0.227,90.9,0,0,0.509,0.491,29,26,30,27,1,3,3.0,1,1,1.0,3.72,1.6,-1.6,16.1,7.852751940374922,-5.515828608406645,41.84956378222021,30.706009568933798,33.93737186678722,pitcher
FF,2024-09-03,97.1,-2.36,5.36,"Williams, Devin",663457,642207,,foul,,,,,1.0,,R,L,R,MIL,STL,S,,,2,2,2024,-0.95,1.33,-0.4355508942396313,2.810002437998849,,,,0,9,Top,,,,,,,7.4591291180413375,-141.15702408468746,-4.3895161753873,-14.4257712666243,32.79806198774404,-13.607559579975293,3.35,1.59,238.0,75.8,30.0,98.6,2408.0,7.2,745944,661388,656555,668930,687401,642715,694192,663368,686217,53.26,,,,,,,,63,5,4-Seam Fastball,3,3,3,3,3,3,3,3,Strategic,Standard,220.0,0.0,0.0,67.4,5.8,,,0.0,88.0,0,0,0.509,0.491,29,26,30,27,1,3,3.0,1,1,1.0,1.1,0.95,-0.95,28.2,-8.263017871079052,21.936992535340888,32.21061572635841,41.01080430408773,10.76279112648372,pitcher
FF,2024-09-03,95.4,-2.47,5.37,"Williams, Devin",663457,642207,,foul,,,,,11.0,,R,L,R,MIL,STL,S,,,2,1,2024,-1.03,1.19,-0.3309678096794639,3.8515261916204704,,,,0,9,Top,,,,,,,8.059421619356486,-138.74557640744635,-1.001409226758048,-15.123804544257002,32.13026354608428,-16.891559623225742,3.35,1.59,261.0,76.5,45.0,96.5,2328.0,7.0,745944,661388,656555,668930,687401,642715,694192,663368,686217,53.48,,,,,,,,63,4,4-Seam Fastball,3,3,3,3,3,3,3,3,Strategic,Standard,228.0,0.017,-0.069,62.0,5.4,,,0.069,88.0,0,0,0.492,0.508,29,26,30,27,1,3,3.0,1,1,1.0,1.33,1.03,-1.03,28.0,0.958120339385907,13.889422655274927,22.587752898316783,40.576419125130165,16.296650021146117,pitcher
CH,2024-09-03,81.5,-2.6,5.22,"Williams, Devin",663457,642207,,called_strike,,,,,9.0,,R,L,R,MIL,STL,S,,,2,0,2024,-1.5,-0.51,0.6516124339855109,1.7573694176932029,,,,0,9,Top,,,,,,,10.264266883405936,-118.21001674186054,-0.1156787943469603,-16.07872762961307,23.435852336862144,-37.152568228110354,3.45203190042203,1.62635494742214,,,,81.8,2634.0,6.8,745944,661388,656555,668930,687401,642715,694192,663368,686217,53.73,,,,,,,,63,3,Changeup,3,3,3,3,3,3,3,3,Strategic,Standard,281.0,0.016,-0.065,,,,,0.065,,0,0,0.476,0.524,29,26,30,27,1,3,3.0,1,1,1.0,3.97,1.5,-1.5,16.6,,,,,,pitcher
FF,2024-09-03,95.3,-2.38,5.38,"Williams, Devin",663457,642207,,ball,,,,,13.0,,R,L,R,MIL,STL,B,,,1,0,2024,-1.14,1.09,-1.3552924580755057,2.198625277030396,,,,0,9,Top,,,,,,,5.36805543281208,-138.67110561541242,-5.225698014068134,-15.962003117268145,32.353607990187534,-17.137517110554704,3.48177987634592,1.744276234866,,,,96.7,2323.0,7.2,745944,661388,656555,668930,687401,642715,694192,663368,686217,53.3,,,,,,,,63,2,4-Seam Fastball,3,3,3,3,3,3,3,3,Strategic,Standard,232.0,-0.016,0.069,,,,,-0.069,,0,0,0.492,0.508,29,26,30,27,1,3,3.0,1,1,1.0,1.43,1.14,-1.14,27.4,,,,,,pitcher
CH,2024-09-03,83.6,-2.43,5.22,"Williams, Devin",663457,642207,,ball,,,,,14.0,,R,L,R,MIL,STL,B,,,0,0,2024,-1.4,-0.52,1.1418295181120692,1.3604163101982576,,,,0,9,Top,,,,,,,11.197558286670173,-121.24938630500316,-1.3583361778935812,-16.074294978451896,24.82413314482031,-37.26456302606352,3.60082996459002,1.65582712747208,,,,84.8,2868.0,7.4,745944,661388,656555,668930,687401,642715,694192,663368,686217,53.14,,,,,,,,63,1,Changeup,3,3,3,3,3,3,3,3,Standard,Standard,283.0,-0.008,0.038,,,,,-0.038,,0,0,0.5,0.5,29,26,30,27,1,3,3.0,1,1,1.0,3.82,1.4,-1.4,17.5,,,,,,pitcher
FF,2024-08-31,96.9,-2.18,5.51,"Williams, Devin",664034,642207,field_out,hit_into_play,,,,,6.0,Ty France grounds out to first baseman Jake Bauers.,R,R,R,CIN,MIL,X,3.0,ground_ball,1,2,2024,-1.02,1.4,0.7328374574429533,2.6227363894779083,663886.0,682829.0,670770.0,2,9,Bot,159.93,164.2,,,,,10.323960954370056,-140.69314364614965,-5.46655414431785,-15.939135829728658,31.769412270147946,-12.424853773391904,3.21,1.43,42.0,103.4,-2.0,98.8,2474.0,7.4,746667,661388,641343,655316,687401,642715,694192,663368,669003,53.05,0.429,0.392,0.0,1.0,0.0,0.0,4.0,83,5,4-Seam Fastball,4,5,4,5,5,4,4,5,Strategic,Standard,220.0,-0.247,-0.216,,,,0.47,0.216,103.4,-1,-1,0.247,0.247,29,29,30,30,1,4,1.0,1,3,1.0,1.03,1.02,1.02,30.8,,,,,,pitcher
CH,2024-08-31,84.9,-2.47,5.26,"Williams, Devin",664034,642207,,foul,,,,,4.0,,R,R,R,CIN,MIL,S,,,1,2,2024,-1.6,-0.32,-0.6709825603268649,2.577496448420981,663886.0,682829.0,670770.0,2,9,Bot,,,,,,,7.511961594954812,-123.4171421436176,0.7691307954232942,-17.842103483572227,25.821773915288453,-35.81435286672009,3.21,1.43,4.0,70.9,-34.0,85.8,2624.0,7.0,746667,661388,641343,655316,687401,642715,694192,663368,669003,53.47,,,,,,,,83,4,Changeup,4,5,4,5,5,4,4,5,Strategic,Standard,283.0,0.0,0.0,72.0,7.2,,,0.0,88.0,-1,-1,0.247,0.247,29,29,30,30,1,4,1.0,1,3,1.0,3.5,1.6,1.6,17.2,11.625356362417705,-7.578651831943169,28.429356149048893,26.513477773060124,31.709835780594688,pitcher
FF,2024-08-31,95.4,-2.15,5.56,"Williams, Devin",664034,642207,,ball,,,,,12.0,,R,R,R,CIN,MIL,B,,,0,2,2024,-0.84,1.4,1.4307744236752908,2.5783284684407626,663886.0,682829.0,670770.0,2,9,Bot,,,,,,,11.53698411372908,-138.38180946827,-5.444671491207284,-13.378690490584477,30.36994048949048,-13.051520821316664,3.0144552248003,1.32005059574841,,,,97.1,2346.0,7.4,746667,661388,641343,655316,687401,642715,694192,663368,669003,53.09,,,,,,,,83,3,4-Seam Fastball,4,5,4,5,5,4,4,5,Strategic,Standard,218.0,0.012,0.023,,,,,-0.023,,-1,-1,0.235,0.235,29,29,30,30,1,4,1.0,1,3,1.0,1.11,0.84,0.84,30.5,,,,,,pitcher
FF,2024-08-31,94.8,-2.19,5.5,"Williams, Devin",664034,642207,,foul,,,,,3.0,,R,R,R,CIN,MIL,S,,,0,1,2024,-0.99,1.13,0.5779433505934721,3.1652859527229986,663886.0,682829.0,670770.0,2,9,Bot,,,,,,,9.60436634021839,-137.65691641273054,-2.937546437106925,-14.808473011364343,31.839163810887065,-17.40958032570554,3.21,1.43,307.0,92.3,36.0,96.0,2253.0,7.2,746667,661388,641343,655316,687401,642715,694192,663368,669003,53.29,,,,,,,,83,2,4-Seam Fastball,4,5,4,5,5,4,4,5,Strategic,Standard,224.0,-0.029,-0.042,64.8,6.5,,,0.042,92.3,-1,-1,0.264,0.264,29,29,30,30,1,4,1.0,1,3,1.0,1.43,0.99,0.99,26.8,4.250704024507006,28.137967800501983,25.112662043204917,42.38639098240678,12.919010946155272,pitcher
FF,2024-08-31,94.0,-2.14,5.55,"Williams, Devin",664034,642207,,called_strike,,,,,9.0,,R,R,R,CIN,MIL,S,,,0,0,2024,-1.01,1.26,0.3261881689255956,1.828218802393388,663886.0,682829.0,670770.0,2,9,Bot,,,,,,,8.812166431578596,-136.4886970998074,-6.800274509044143,-14.589707053594037,30.861143499480075,-15.113905583667862,2.98874819399846,1.32005059574841,,,,95.6,2346.0,7.4,746667,661388,641343,655316,687401,642715,694192,663368,669003,53.09,,,,,,,,83,1,4-Seam Fastball,4,5,4,5,5,4,4,5,Strategic,Standard,227.0,-0.018,-0.044,,,,,0.044,,-1,-1,0.282,0.282,29,29,30,30,1,4,1.0,1,3,1.0,1.34,1.01,1.01,28.6,,,,,,pitcher
CH,2024-08-31,84.3,-2.51,5.2,"Williams, Devin",670770,642207,hit_by_pitch,hit_by_pitch,,,,,14.0,TJ Friedl hit by pitch. Tyler Stephenson to 3rd. Elly De La Cruz to 2nd.,R,L,R,CIN,MIL,B,,,1,2,2024,-1.39,-0.48,1.3760703422237524,1.774297768042454,,663886.0,682829.0,2,9,Bot,,,,,,,11.913442401752974,-122.24237737768486,-0.5993193098180576,-16.280207611524027,23.687873308549484,-37.08819564085624,3.05,1.47,,,,85.1,2781.0,7.0,746667,661388,641343,655316,687401,642715,694192,663368,669003,53.54,,0.720192,0.7,1.0,0.0,0.0,,82,4,Changeup,4,5,4,5,5,4,4,5,Infield shade,Standard,287.0,0.109,0.325,,,,,-0.325,,-1,-1,0.173,0.173,29,28,30,29,1,4,1.0,1,3,1.0,3.7,1.39,-1.39,14.1,,,,,,pitcher
CH,2024-08-31,84.7,-2.44,5.17,"Williams, Devin",670770,642207,,blocked_ball,,,,,14.0,,R,L,R,CIN,MIL,B,,,0,2,2024,-1.61,-0.25,0.4203886866928672,0.0983815941698087,,663886.0,682829.0,2,9,Bot,,,,,,,9.996202243588584,-122.88638420949768,-5.009425016401245,-18.34081270982205,24.5538599236504,-33.86222960327984,2.86011545731814,1.34608608714099,,,,85.5,2772.0,7.0,746667,661388,641343,655316,687401,642715,694192,663368,669003,53.54,,,,,,,,82,3,Changeup,4,5,4,5,5,4,4,5,Infield shade,Standard,280.0,0.001,0.003,,,,,-0.003,,-1,-1,0.172,0.172,29,28,30,29,1,4,1.0,1,3,1.0,3.45,1.61,-1.61,16.5,,,,,,pitcher
FF,2024-08-31,95.4,-2.26,5.44,"Williams, Devin",670770,642207,,foul_tip,,,,,3.0,,R,L,R,CIN,MIL,S,,,0,1,2024,-0.98,1.17,0.3195901888563542,2.680826511196765,,663886.0,682829.0,2,9,Bot,,,,,,,9.13262599826514,-138.72288149416974,-4.317852857385473,-14.706583206419625,29.81501267084311,-16.242488828966078,3.05,1.47,,,,96.8,2277.0,7.0,746667,661388,641343,655316,687401,642715,694192,663368,669003,53.46,,,,,,,,82,2,4-Seam Fastball,4,5,4,5,5,4,4,5,Standard,Standard,232.0,-0.002,-0.046,72.8,6.6,,,0.046,,-1,-1,0.174,0.174,29,28,30,29,1,4,1.0,1,3,1.0,1.33,0.98,-0.98,25.3,5.621206933458755,-2.864445459637202,30.43073774552497,32.12161636183495,38.79009027269835,pitcher
CH,2024-08-31,84.4,-2.47,5.24,"Williams, Devin",670770,642207,,called_strike,,,,,11.0,,R,L,R,CIN,MIL,S,,,0,0,2024,-1.43,-0.31,-0.9491468199962664,2.3524310292475312,,663886.0,682829.0,2,9,Bot,,,,,,,6.476659768936354,-122.78611046883609,0.2662779937019697,-15.7517430694611,23.661939712921814,-35.61896093047542,2.94391762757473,1.35266744658016,,,,85.5,2460.0,7.0,746667,661388,641343,655316,687401,642715,694192,663368,669003,53.53,,,,,,,,82,1,Changeup,4,5,4,5,5,4,4,5,Standard,Standard,282.0,-0.002,-0.048,,,,,0.048,,-1,-1,0.176,0.176,29,28,30,29,1,4,1.0,1,3,1.0,3.51,1.43,-1.43,13.9,,,,,,pitcher
FF,2024-08-31,94.5,-2.33,5.56,"Williams, Devin",682829,642207,walk,ball,,,,,11.0,Elly De La Cruz walks. Tyler Stephenson to 2nd.,R,L,R,CIN,MIL,B,,,3,1,2024,-1.02,1.34,-1.532975819511389,3.442394243612578,,,663886.0,2,9,Bot,,,,,,,4.428775931000319,-137.5093623740353,-2.820345864709841,-13.911546455260115,32.80760807763787,-14.848875246779318,3.4504822764934,1.70988700633914,,,,95.7,2406.0,7.1,746667,661388,641343,655316,687401,642715,694192,663368,669003,53.37,,0.689131,0.7,1.0,0.0,0.0,,81,5,4-Seam Fastball,4,5,4,5,5,4,4,5,Strategic,Strategic,224.0,0.046,0.152,,,,,-0.152,,-1,-1,0.13,0.13,29,22,30,22,1,4,1.0,1,3,1.0,1.23,1.02,-1.02,29.8,,,,,,pitcher
FF,2024-08-31,94.5,-2.38,5.34,"Williams, Devin",682829,642207,,ball,,,,,11.0,,R,L,R,CIN,MIL,B,,,2,1,2024,-1.09,1.07,-0.7965434889656373,3.996000748974017,,,663886.0,2,9,Bot,,,,,,,6.665974931452768,-137.5276930563512,-0.1653401602722223,-15.358689130115376,31.893230736392308,-18.85134809308869,3.4504822764934,1.70988700633914,,,,95.7,2431.0,7.1,746667,661388,641343,655316,687401,642715,694192,663368,669003,53.4,,,,,,,,81,4,4-Seam Fastball,4,5,4,5,5,4,4,5,Strategic,Strategic,230.0,0.023,0.078,,,,,-0.078,,-1,-1,0.107,0.107,29,22,30,22,1,4,1.0,1,3,1.0,1.49,1.09,-1.09,22.1,,,,,,pitcher
FF,2024-08-31,94.9,-2.31,5.6,"Williams, Devin",682829,642207,,ball,,,,,11.0,,R,L,R,CIN,MIL,B,,,1,1,2024,-1.03,1.43,-0.4343266726082861,4.268291874909263,,,663886.0,2,9,Bot,,,,,,,7.32508867253898,-137.9955903130094,-0.9859812026604148,-14.810331876409215,33.49236051172531,-13.972906873683442,3.37367229845109,1.68394421548882,,,,96.0,2399.0,7.2,746667,661388,641343,655316,687401,642715,694192,663368,669003,53.33,,,,,,,,81,3,4-Seam Fastball,4,5,4,5,5,4,4,5,Strategic,Strategic,225.0,0.008,0.05,,,,,-0.05,,-1,-1,0.099,0.099,29,22,30,22,1,4,1.0,1,3,1.0,1.12,1.03,-1.03,31.0,,,,,,pitcher
CH,2024-08-31,83.7,-2.45,5.28,"Williams, Devin",682829,642207,,ball,,,,,13.0,,R,L,R,CIN,MIL,B,,,0,1,2024,-1.59,-0.58,-0.1785666042336176,1.2162782017346956,,,663886.0,2,9,Bot,,,,,,,8.46557564584185,-121.48865803147888,-1.7083215448963038,-17.422993205856745,26.47537937393364,-37.76029840411325,3.4248854130141,1.68394421548882,,,,84.1,2929.0,6.9,746667,661388,641343,655316,687401,642715,694192,663368,669003,53.55,,,,,,,,81,2,Changeup,4,5,4,5,5,4,4,5,Infield shade,Strategic,287.0,0.0,0.032,,,,,-0.032,,-1,-1,0.099,0.099,29,22,30,22,1,4,1.0,1,3,1.0,3.88,1.59,-1.59,14.2,,,,,,pitcher
CH,2024-08-31,84.6,-2.38,5.25,"Williams, Devin",682829,642207,,swinging_strike,,,,,13.0,,R,L,R,CIN,MIL,S,,,0,0,2024,-1.62,-0.38,-0.4135895541526015,1.4493949676065578,,,663886.0,2,9,Bot,,,,,,,7.879555106987049,-122.80066923814871,-1.6297146016816229,-17.97588494871165,28.13789375597584,-35.847663155199925,3.65,1.74,,,,84.6,2560.0,6.8,746667,661388,641343,655316,687401,642715,694192,663368,669003,53.7,,,,,,,,81,1,Changeup,4,5,4,5,5,4,4,5,Strategic,Strategic,277.0,0.0,-0.047,75.5,8.7,4.297414068,,0.047,,-1,-1,0.099,0.099,29,22,30,22,1,4,1.0,1,3,1.0,3.62,1.62,-1.62,16.2,21.45163921645505,-19.94091205604258,35.668711362165084,47.48838198775172,50.47535612510024,pitcher
CH,2024-08-31,84.6,-2.49,5.23,"Williams, Devin",668715,642207,strikeout,called_strike,,,,,14.0,Spencer Steer called out on strikes.,R,R,R,CIN,MIL,S,2.0,,1,2,2024,-1.53,-0.32,1.0696077034506415,2.292836994867792,,,663886.0,1,9,Bot,,,,,,,11.496774032801849,-122.69587987140618,0.2256049781818299,-17.760249045624164,25.061128195516822,-35.71303558076464,3.14949931351779,1.45674498644057,,,,85.4,2694.0,7.1,746667,661388,641343,655316,687401,642715,694192,663368,669003,53.42,,0.0,0.0,1.0,0.0,0.0,,80,5,Changeup,4,5,4,5,5,4,4,5,Standard,Strategic,282.0,-0.08,-0.182,,,,,0.182,,-1,-1,0.179,0.179,29,26,30,27,1,4,1.0,1,3,1.0,3.54,1.53,1.53,16.1,,,,,,pitcher
CH,2024-08-31,85.0,-2.52,5.24,"Williams, Devin",668715,642207,,foul,,,,,13.0,,R,R,R,CIN,MIL,S,,,1,2,2024,-1.73,-0.17,-0.9945591973011568,1.7726117747113044,,,663886.0,1,9,Bot,,,,,,,7.153996977982928,-123.54777408173535,-1.4182417406746834,-19.17979233798436,26.344025292844098,-33.78421515068332,3.23,1.49,227.0,105.8,14.0,85.8,2741.0,7.0,746667,661388,641343,655316,687401,642715,694192,663368,669003,53.47,,,,,,,,80,4,Changeup,4,5,4,5,5,4,4,5,Standard,Strategic,281.0,0.0,0.0,72.7,8.1,,,0.0,105.8,-1,-1,0.179,0.179,29,26,30,27,1,4,1.0,1,3,1.0,3.35,1.73,1.73,17.4,20.44213445145016,-36.66604050606993,33.89322650447946,22.590446988203013,44.64260238094899,pitcher
CH,2024-08-31,85.7,-2.38,5.25,"Williams, Devin",668715,642207,,foul,,,,,5.0,,R,R,R,CIN,MIL,S,,,1,1,2024,-1.44,-0.07,0.09025101423514,2.099257676434126,,,663886.0,1,9,Bot,,,,,,,8.849065921685675,-124.52782542512507,-1.0209921107460342,-16.773205786412404,25.156864910608988,-32.86014925035444,3.23,1.49,87.0,80.2,83.0,86.6,2530.0,7.0,746667,661388,641343,655316,687401,642715,694192,663368,669003,53.52,,,,,,,,80,3,Changeup,4,5,4,5,5,4,4,5,Standard,Strategic,278.0,-0.029,-0.059,80.0,8.1,,,0.059,88.0,-1,-1,0.208,0.208,29,26,30,27,1,4,1.0,1,3,1.0,3.18,1.44,1.44,16.6,14.882961919990938,-18.09442474952696,28.26255300513303,35.39676196491635,40.32393737219617,pitcher
FF,2024-08-31,94.2,-2.2,5.59,"Williams, Devin",668715,642207,,called_strike,,,,,6.0,,R,R,R,CIN,MIL,S,,,1,0,2024,-0.8,1.29,0.7076381406840871,2.345961145681557,,,663886.0,1,9,Bot,,,,,,,9.496212512854992,-136.85344258816258,-5.662947374210126,-12.22422876513736,30.451911615079503,-14.848082584755293,3.11721837603147,1.39813714763972,,,,95.7,2331.0,7.3,746667,661388,641343,655316,687401,642715,694192,663368,669003,53.23,,,,,,,,80,2,4-Seam Fastball,4,5,4,5,5,4,4,5,Standard,Standard,224.0,-0.019,-0.047,,,,,0.047,,-1,-1,0.227,0.227,29,26,30,27,1,4,1.0,1,3,1.0,1.29,0.8,0.8,30.4,,,,,,pitcher
FF,2024-08-31,94.8,-2.19,5.56,"Williams, Devin",668715,642207,,ball,,,,,12.0,,R,R,R,CIN,MIL,B,,,0,0,2024,-0.84,1.38,0.4853307859950908,3.522802313009161,,,663886.0,1,9,Bot,,,,,,,9.026644277775656,-137.83179644172156,-2.791056450087095,-12.757236676049343,30.325924373460595,-14.1199523229977,3.11721837603147,1.39813714763972,,,,96.4,2290.0,7.3,746667,661388,641343,655316,687401,642715,694192,663368,669003,53.25,,,,,,,,80,1,4-Seam Fastball,4,5,4,5,5,4,4,5,Standard,Standard,223.0,0.013,0.036,,,,,-0.036,,-1,-1,0.214,0.214,29,26,30,27,1,4,1.0,1,3,1.0,1.16,0.84,0.84,29.4,,,,,,pitcher
FF,2024-08-31,94.8,-2.1,5.57,"Williams, Devin",663886,642207,walk,ball,,,,,14.0,Tyler Stephenson walks.,R,R,R,CIN,MIL,B,,,3,2,2024,-0.9,1.3,0.9679845680510778,1.4477582136338234,,,,1,9,Bot,,,,,,,10.199170128947808,-137.5244157894008,-8.109072274018732,-13.678488683265238,31.20280006278442,-13.948656547035748,2.96303466105076,1.42415272311001,,,,96.2,2359.0,7.3,746667,661388,641343,655316,687401,642715,694192,663368,669003,53.19,,0.689131,0.7,1.0,0.0,0.0,,79,8,4-Seam Fastball,4,5,4,5,5,4,4,5,Standard,Strategic,227.0,0.084,0.348,,,,,-0.348,,-1,-1,0.13,0.13,29,27,30,28,1,0,1.0,1,3,1.0,1.25,0.9,0.9,31.4,,,,,,pitcher
FF,2024-08-31,95.3,-2.06,5.6,"Williams, Devin",663886,642207,,ball,,,,,12.0,,R,R,R,CIN,MIL,B,,,2,2,2024,-0.83,1.38,1.678514101876322,3.6116578765844967,,,,1,9,Bot,,,,,,,11.861086779421823,-138.27357741129458,-2.6931756606494366,-13.269711257178184,30.78136618662412,-13.976018232825927,2.91158807863421,1.34608608714099,,,,96.7,2366.0,7.3,746667,661388,641343,655316,687401,642715,694192,663368,669003,53.25,,,,,,,,79,7,4-Seam Fastball,4,5,4,5,5,4,4,5,Strategic,Strategic,224.0,0.025,0.108,,,,,-0.108,,-1,-1,0.105,0.105,29,27,30,28,1,0,1.0,1,3,1.0,1.14,0.83,0.83,31.2,,,,,,pitcher
CH,2024-08-31,85.0,-2.33,5.27,"Williams, Devin",663886,642207,,foul,,,,,3.0,,R,R,R,CIN,MIL,S,,,2,2,2024,-1.69,-0.15,0.6021626550369255,2.8675733912987824,,,,1,9,Bot,,,,,,,10.387892961585372,-123.33498971628116,1.058084857692462,-19.35155036279334,24.298791581160767,-34.20053904962698,3.1,1.42,144.0,82.8,70.0,85.9,2715.0,7.0,746667,661388,641343,655316,687401,642715,694192,663368,669003,53.51,,,,,,,,79,6,Changeup,4,5,4,5,5,4,4,5,Standard,Strategic,277.0,0.0,0.0,73.2,7.9,,,0.0,88.0,-1,-1,0.105,0.105,29,27,30,28,1,0,1.0,1,3,1.0,3.32,1.69,1.69,15.0,13.66629133226831,-3.00192371782266,35.35408298490123,47.89915979816979,29.026453534292163,pitcher
CH,2024-08-31,86.0,-2.37,5.27,"Williams, Devin",663886,642207,,ball,,,,,14.0,,R,R,R,CIN,MIL,B,,,1,2,2024,-1.73,-0.18,2.772386485107003,1.3183316895947907,,,,1,9,Bot,,,,,,,15.848855494790431,-124.20674888934631,-2.7193468387374446,-20.971396697849283,23.35954239595798,-33.70587342851604,2.93731462343316,1.39813714763972,,,,87.0,2676.0,7.2,746667,661388,641343,655316,687401,642715,694192,663368,669003,53.33,,,,,,,,79,5,Changeup,4,5,4,5,5,4,4,5,Standard,Strategic,270.0,0.01,0.043,,,,,-0.043,,-1,-1,0.095,0.095,29,27,30,28,1,0,1.0,1,3,1.0,3.3,1.73,1.73,18.1,,,,,,pitcher
CH,2024-08-31,84.5,-2.45,5.24,"Williams, Devin",663886,642207,,foul,,,,,7.0,,R,R,R,CIN,MIL,S,,,1,2,2024,-1.43,-0.68,-0.7161677411480198,1.3686657996587843,,,,1,9,Bot,,,,,,,7.000249758299686,-122.88630459768672,-1.319186785560493,-15.91734338007748,24.038276237003057,-38.98930794945703,3.1,1.42,,,,85.6,2892.0,7.0,746667,661388,641343,655316,687401,642715,694192,663368,669003,53.48,,,,,,,,79,4,Changeup,4,5,4,5,5,4,4,5,Strategic,Strategic,282.0,0.0,0.0,72.2,7.9,,,0.0,,-1,-1,0.095,0.095,29,27,30,28,1,0,1.0,1,3,1.0,3.87,1.43,1.43,18.1,15.07560926065639,-8.137074212482155,47.06734936999422,30.50816855499196,34.808046615449896,pitcher
FF,2024-08-31,94.3,-2.04,5.61,"Williams, Devin",663886,642207,,ball,,,,,12.0,,R,R,R,CIN,MIL,B,,,0,2,2024,-0.82,1.23,1.5574106018771032,3.31987548605912,,,,1,9,Bot,,,,,,,11.39303510469053,-137.0008852388102,-3.0810936329354752,-12.617057830105262,26.91858628204712,-16.150148092096746,2.93731462343316,1.37211493671165,,,,96.5,2382.0,7.4,746667,661388,641343,655316,687401,642715,694192,663368,669003,53.11,,,,,,,,79,3,4-Seam Fastball,4,5,4,5,5,4,4,5,Standard,Strategic,224.0,0.007,0.02,,,,,-0.02,,-1,-1,0.088,0.088,29,27,30,28,1,0,1.0,1,3,1.0,1.32,0.82,0.82,32.5,,,,,,pitcher
FF,2024-08-31,94.8,-2.18,5.68,"Williams, Devin",663886,642207,,foul,,,,,11.0,,R,R,R,CIN,MIL,S,,,0,1,2024,-0.99,1.37,-0.7709644549708796,3.2855727611408536,,,,1,9,Bot,,,,,,,5.9972284623480006,-137.97376895577034,-3.728861974430436,-14.029943557365051,29.62835912400578,-14.059336887342909,3.1,1.42,163.0,65.7,59.0,96.5,2281.0,7.2,746667,661388,641343,655316,687401,642715,694192,663368,669003,53.34,,,,,,,,79,2,4-Seam Fastball,4,5,4,5,5,4,4,5,Standard,Strategic,226.0,-0.017,-0.057,66.2,6.5,,,0.057,88.0,-1,-1,0.105,0.105,29,27,30,28,1,0,1.0,1,3,1.0,1.16,0.99,0.99,31.2,4.004044809795875,9.717219598533308,39.77391723694186,29.784327245418723,22.300783130935013,pitcher
FF,2024-08-31,94.9,-2.0,5.59,"Williams, Devin",663886,642207,,called_strike,,,,,2.0,,R,R,R,CIN,MIL,S,,,0,0,2024,-1.18,1.36,0.1875125959277406,2.800798343676796,,,,1,9,Bot,,,,,,,8.518965370852285,-137.98671304911787,-4.759705171314846,-16.948740469007767,30.164447312319407,-13.914564025610268,3.0144552248003,1.42415272311001,,,,96.7,2488.0,7.3,746667,661388,641343,655316,687401,642715,694192,663368,669003,53.21,,,,,,,,79,1,4-Seam Fastball,4,5,4,5,5,4,4,5,Standard,Strategic,227.0,-0.01,-0.037,,,,,0.037,,-1,-1,0.115,0.115,29,27,30,28,1,0,1.0,1,3,1.0,1.17,1.18,1.18,29.6,,,,,,pitcher
FF,2024-08-31,94.5,-2.08,5.59,"Williams, Devin",682622,642207,strikeout,swinging_strike,,,,,12.0,Noelvi Marte strikes out swinging.,R,R,R,CIN,MIL,S,2.0,,2,2,2024,-1.11,1.29,0.1230464742551835,4.092908360239059,,,,0,9,Bot,,,,,,,8.366683105943077,-137.42710639402674,-1.0942863723366565,-15.95348033174959,29.79231373694958,-15.791140471601166,3.54,1.73,,,,96.1,2449.0,7.2,746667,661388,641343,655316,687401,642715,694192,663368,669003,53.3,,0.0,0.0,1.0,0.0,0.0,,78,5,4-Seam Fastball,4,5,4,5,5,4,4,5,Standard,Standard,226.0,-0.076,-0.227,72.1,6.5,0.1,,0.227,,-1,-1,0.191,0.191,29,22,30,23,1,3,1.0,1,3,1.0,1.26,1.11,1.11,27.4,10.610679189666126,10.33445260115365,16.228673228189226,37.71151120644207,21.04858059326061,pitcher
CH,2024-08-31,84.9,-2.45,5.27,"Williams, Devin",682622,642207,,ball,,,,,14.0,,R,R,R,CIN,MIL,B,,,1,2,2024,-1.52,-0.44,1.83829125460392,1.8310177172263344,,,,0,9,Bot,,,,,,,13.205350812348856,-122.88898627305016,-0.7801500079994229,-17.954490529558594,23.985886580504683,-36.686200033948055,3.37367229845109,1.63203882636311,,,,85.7,2864.0,7.1,746667,661388,641343,655316,687401,642715,694192,663368,669003,53.41,,,,,,,,78,4,Changeup,4,5,4,5,5,4,4,5,Standard,Standard,280.0,0.014,0.04,,,,,-0.04,,-1,-1,0.177,0.177,29,22,30,23,1,3,1.0,1,3,1.0,3.63,1.52,1.52,15.0,,,,,,pitcher
CH,2024-08-31,84.2,-2.49,5.31,"Williams, Devin",682622,642207,,swinging_strike,,,,,13.0,,R,R,R,CIN,MIL,S,,,1,1,2024,-1.59,-0.4,-0.8542064233387245,2.4281753553159,,,,0,9,Bot,,,,,,,7.043860064336127,-122.43971593107736,0.540324107506639,-17.439270781688126,25.4156079729268,-36.50949894913197,3.54,1.73,,,,85.0,2844.0,7.0,746667,661388,641343,655316,687401,642715,694192,663368,669003,53.54,,,,,,,,78,3,Changeup,4,5,4,5,5,4,4,5,Standard,Standard,282.0,-0.023,-0.056,74.9,8.3,1.675059096,,0.056,,-1,-1,0.2,0.2,29,22,30,23,1,3,1.0,1,3,1.0,3.63,1.59,1.59,16.9,22.793135534522158,-30.80183933909452,29.43359769676952,26.01439636188845,45.8179842743516,pitcher
CH,2024-08-31,82.6,-2.38,5.31,"Williams, Devin",682622,642207,,called_strike,,,,,14.0,,R,R,R,CIN,MIL,S,,,1,0,2024,-1.6,-0.45,0.8393391230396294,1.598884392471401,,,,0,9,Bot,,,,,,,10.54478325789296,-119.827033704997,-1.006735360682861,-17.44121705528472,24.06859697274089,-36.511380221679175,3.43149628613366,1.60508245629518,,,,83.2,2839.0,6.9,746667,661388,641343,655316,687401,642715,694192,663368,669003,53.58,,,,,,,,78,2,Changeup,4,5,4,5,5,4,4,5,Standard,Standard,279.0,-0.017,-0.049,,,,,0.049,,-1,-1,0.217,0.217,29,22,30,23,1,3,1.0,1,3,1.0,3.82,1.6,1.6,15.9,,,,,,pitcher
FF,2024-08-31,93.7,-2.18,5.62,"Williams, Devin",682622,642207,,ball,,,,,12.0,,R,R,R,CIN,MIL,B,,,0,0,2024,-0.85,1.39,1.149701944730417,3.035714491989334,,,,0,9,Bot,,,,,,,10.624706083052413,-136.05173736594614,-4.044557577996902,-12.870035989136206,29.665964264616328,-14.159859929650157,3.34805604283113,1.55413117857336,,,,95.1,2372.0,7.2,746667,661388,641343,655316,687401,642715,694192,663368,669003,53.32,,,,,,,,78,1,4-Seam Fastball,4,5,4,5,5,4,4,5,Standard,Standard,224.0,0.013,0.038,,,,,-0.038,,-1,-1,0.204,0.204,29,22,30,23,1,3,1.0,1,3,1.0,1.21,0.85,0.85,29.8,,,,,,pitcher
FF,2024-08-30,93.4,-2.26,5.48,"Williams, Devin",664034,642207,field_out,hit_into_play,,,,,1.0,Ty France flies out to right fielder Sal Frelick.,R,R,R,CIN,MIL,X,9.0,fly_ball,3,2,2024,-0.94,1.21,-0.4527746714198254,2.6866355428518656,663697.0,,670770.0,2,10,Bot,184.78,137.53,,,,,6.863522128529977,-135.8584105792255,-4.2228236655437295,-13.132847612060395,27.25128932507967,-16.414555924761135,3.21,1.44,240.0,83.8,52.0,95.5,2250.0,7.3,746730,661388,641343,668930,655316,642715,694192,663368,686217,53.19,0.011,0.009,0.0,1.0,0.0,0.0,3.0,80,10,4-Seam Fastball,4,5,4,5,5,4,4,5,Standard,Standard,230.0,-0.214,-0.331,62.8,7.0,,0.011,0.331,88.0,-1,-1,0.214,0.214,29,29,30,30,1,4,2.0,1,1,0.0,1.39,0.94,0.94,30.9,5.732261103678964,-3.834142897301799,37.261159273056194,30.17738812223673,28.071991958416888,pitcher
FF,2024-08-30,94.0,-2.19,5.43,"Williams, Devin",664034,642207,,foul,,,,,6.0,,R,R,R,CIN,MIL,S,,,3,2,2024,-0.74,1.17,0.4482079423874511,2.387526417640546,663697.0,,670770.0,2,10,Bot,,,,,,,8.666899406963731,-136.6061775999852,-4.866314287035125,-11.14436731541093,29.51551375374177,-16.59078887808903,3.21,1.44,231.0,81.2,52.0,95.9,2254.0,7.4,746730,661388,641343,668930,655316,642715,694192,663368,686217,53.06,,,,,,,,80,9,4-Seam Fastball,4,5,4,5,5,4,4,5,Standard,Standard,224.0,0.0,0.0,64.6,7.1,,,0.0,88.0,-1,-1,0.214,0.214,29,29,30,30,1,4,2.0,1,1,0.0,1.41,0.74,0.74,30.7,2.9759215906155183,11.181231283208229,35.63589721947685,41.2411076903482,22.180144166571555,pitcher
FF,2024-08-30,93.8,-2.18,5.45,"Williams, Devin",664034,642207,,ball,,,,,12.0,,R,R,R,CIN,MIL,B,,,2,2,2024,-1.04,1.16,0.5485662369927378,4.07310539452168,663697.0,,670770.0,2,10,Bot,,,,,,,9.520850778740144,-136.29288999152263,-0.4093728237367132,-15.011464842796109,28.731079896531394,-17.780508633523436,3.20999996432641,1.4413646666677,,,,95.6,2287.0,7.3,746730,661388,641343,668930,655316,642715,694192,663368,686217,53.17,,,,,,,,80,8,4-Seam Fastball,4,5,4,5,5,4,4,5,Standard,Standard,227.0,0.018,0.08,,,,,-0.08,,-1,-1,0.196,0.196,29,29,30,30,1,4,2.0,1,1,0.0,1.43,1.04,1.04,32.5,,,,,,pitcher
CH,2024-08-30,85.7,-2.34,5.16,"Williams, Devin",664034,642207,,foul,,,,,8.0,,R,R,R,CIN,MIL,S,,,2,2,2024,-1.44,-0.44,-0.0662016172743324,1.9151385843800908,663697.0,,670770.0,2,10,Bot,,,,,,,8.400553957263007,-124.6045606686705,-0.5771970225741131,-16.619712644261014,21.48686035318234,-36.91673618124327,3.21,1.44,3.0,54.7,-35.0,87.3,2863.0,7.0,746730,661388,641343,668930,655316,642715,694192,663368,686217,53.47,,,,,,,,80,7,Changeup,4,5,4,5,5,4,4,5,Standard,Standard,284.0,0.0,0.0,73.3,8.0,,,0.0,88.0,-1,-1,0.196,0.196,29,29,30,30,1,4,2.0,1,1,0.0,3.51,1.44,1.44,17.2,22.534628686741677,-9.344720088202155,31.613757866515463,34.643220570099714,35.33538475198452,pitcher
FF,2024-08-30,93.1,-2.25,5.44,"Williams, Devin",664034,642207,,foul,,,,,2.0,,R,R,R,CIN,MIL,S,,,2,2,2024,-1.09,1.29,-0.1262080377209773,2.868879060128095,663697.0,,670770.0,2,10,Bot,,,,,,,7.997130541299719,-135.35356684411917,-3.71326471864852,-15.10749274929316,29.78411208911037,-15.64219944821392,3.21,1.44,124.0,74.8,21.0,94.7,2369.0,7.3,746730,661388,641343,668930,655316,642715,694192,663368,686217,53.21,,,,,,,,80,6,4-Seam Fastball,4,5,4,5,5,4,4,5,Standard,Standard,231.0,0.0,0.0,68.1,6.8,,,0.0,88.0,-1,-1,0.196,0.196,29,29,30,30,1,4,2.0,1,1,0.0,1.34,1.09,1.09,29.2,1.1484657906484497,13.566773680126223,31.595387803115035,34.127926914781106,22.775716462724752,pitcher
FF,2024-08-30,94.3,-2.06,5.53,"Williams, Devin",664034,642207,,ball,,,,,12.0,,R,R,R,CIN,MIL,B,,,1,2,2024,-0.8,1.37,1.599959743006976,2.826798517233573,663697.0,,670770.0,2,10,Bot,,,,,,,11.510435254523818,-136.82014467966025,-4.421370455617373,-12.60988649536542,30.690895721687035,-14.179208443676645,3.20999974536025,1.35710349204864,,,,95.9,2399.0,7.4,746730,661388,641343,668930,655316,642715,694192,663368,686217,53.12,,,,,,,,80,5,4-Seam Fastball,4,5,4,5,5,4,4,5,Standard,Standard,219.0,0.005,0.045,,,,,-0.045,,-1,-1,0.191,0.191,29,29,30,30,1,4,2.0,1,1,0.0,1.21,0.8,0.8,33.1,,,,,,pitcher
CH,2024-08-30,85.1,-2.39,5.23,"Williams, Devin",664034,642207,,ball,,,,,14.0,,R,R,R,CIN,MIL,B,,,0,2,2024,-1.7,-0.4,0.3573143344101219,1.1001179145114897,663697.0,,670770.0,2,10,Bot,,,,,,,10.001100123745708,-123.4738754112832,-2.546789968278288,-19.411008704515613,25.02355903910236,-35.97307608328022,3.21000174076942,1.38476400367614,,,,86.1,2666.0,7.1,746730,661388,641343,668930,655316,642715,694192,663368,686217,53.36,,,,,,,,80,4,Changeup,4,5,4,5,5,4,4,5,Standard,Standard,281.0,0.004,0.035,,,,,-0.035,,-1,-1,0.187,0.187,29,29,30,30,1,4,2.0,1,1,0.0,3.57,1.7,1.7,17.0,,,,,,pitcher
FF,2024-08-30,92.9,-2.2,5.41,"Williams, Devin",664034,642207,,foul,,,,,12.0,,R,R,R,CIN,MIL,S,,,0,2,2024,-0.98,1.32,0.0356217357772443,3.409338706590364,663697.0,,670770.0,2,10,Bot,,,,,,,8.044512923522408,-135.15193523478655,-2.31174946055684,-13.684499778167918,27.423121996563427,-15.599763757792,3.21,1.44,226.0,79.7,51.0,95.1,2349.0,7.4,746730,661388,641343,668930,655316,642715,694192,663368,686217,53.1,,,,,,,,80,3,4-Seam Fastball,4,5,4,5,5,4,4,5,Standard,Standard,225.0,0.0,0.0,62.6,6.0,,,0.0,88.0,-1,-1,0.187,0.187,29,29,30,30,1,4,2.0,1,1,0.0,1.31,0.98,0.98,32.3,-1.353936681162318,30.68817834939158,22.86155605987376,36.06221595716211,19.59195582275531,pitcher
CH,2024-08-30,85.0,-2.47,5.17,"Williams, Devin",664034,642207,,foul,,,,,7.0,,R,R,R,CIN,MIL,S,,,0,1,2024,-1.52,-0.37,-0.6147101455582429,1.357281746737879,663697.0,,670770.0,2,10,Bot,,,,,,,7.496026874612485,-123.63990328868428,-1.905887868181608,-17.05909103953582,23.70078917555529,-35.81716829982628,3.21,1.44,4.0,68.7,-21.0,86.2,2830.0,7.0,746730,661388,641343,668930,655316,642715,694192,663368,686217,53.52,,,,,,,,80,2,Changeup,4,5,4,5,5,4,4,5,Standard,Standard,284.0,-0.009,-0.082,74.9,8.9,,,0.082,88.0,-1,-1,0.196,0.196,29,29,30,30,1,4,2.0,1,1,0.0,3.52,1.52,1.52,17.2,31.758619267642413,-28.81490399886039,39.94964879127468,28.31381856148305,50.43974952227361,pitcher
CH,2024-08-30,84.6,-2.33,5.21,"Williams, Devin",664034,642207,,foul,,,,,6.0,,R,R,R,CIN,MIL,S,,,0,0,2024,-1.62,-0.24,0.423564077273791,2.308205641462601,663697.0,,670770.0,2,10,Bot,,,,,,,9.76823473124781,-122.85899552117309,0.0878711311478153,-18.37189754895656,23.954589717923024,-34.87311927769471,3.21,1.44,,,,85.5,2803.0,6.9,746730,661388,641343,668930,655316,642715,694192,663368,686217,53.58,,,,,,,,80,1,Changeup,4,5,4,5,5,4,4,5,Standard,Standard,280.0,-0.006,-0.046,76.7,8.0,,,0.046,,-1,-1,0.202,0.202,29,29,30,30,1,4,2.0,1,1,0.0,3.43,1.62,1.62,17.7,21.08318978553893,2.3080917982635567,30.06787626320652,41.53453602158495,28.54504106023837,pitcher
CH,2024-08-30,85.4,-2.36,5.2,"Williams, Devin",670770,642207,walk,ball,,,,,14.0,TJ Friedl walks.,R,L,R,CIN,MIL,B,,,3,2,2024,-1.51,-0.13,1.142889200359445,1.0724003811102825,663697.0,,,2,10,Bot,,,,,,,11.463548890404658,-123.90405968638902,-3.1740698602403,-17.800897705323454,24.72533745124569,-33.049209836194485,3.04000982918263,1.41655048408368,,,,86.6,2775.0,7.2,746730,661388,641343,668930,655316,642715,694192,663368,686217,53.27,,0.689131,0.7,1.0,0.0,0.0,,79,6,Changeup,4,5,4,5,5,4,4,5,Standard,Standard,279.0,0.028,0.182,,,,,-0.182,,-1,-1,0.174,0.174,29,28,30,29,1,4,2.0,1,1,0.0,3.27,1.51,-1.51,17.4,,,,,,pitcher
CH,2024-08-30,86.0,-2.48,5.13,"Williams, Devin",670770,642207,,ball,,,,,14.0,,R,L,R,CIN,MIL,B,,,2,2,2024,-1.56,-0.27,1.590488906917414,0.0907962920304576,,663697.0,,2,10,Bot,,,,,,,12.924783392131111,-124.5366912009825,-5.1082240580269165,-18.831482496078216,25.767266208684056,-34.07183902068407,3.00337314932416,1.41092927741909,,,,86.7,2606.0,7.1,746730,661388,641343,668930,655316,642715,694192,663368,686217,53.45,,,,,,,,79,5,Changeup,4,5,4,5,5,4,4,5,Standard,Standard,276.0,0.026,0.049,,,,,-0.049,,-1,-1,0.148,0.148,29,28,30,29,1,4,2.0,1,1,0.0,3.39,1.56,-1.56,15.7,,,,,,pitcher
FF,2024-08-30,95.5,-2.23,5.45,"Williams, Devin",670770,642207,,swinging_strike,,,,,12.0,,R,L,R,CIN,MIL,S,,,2,1,2024,-0.96,1.39,0.9625076003191696,3.393486264906371,,663697.0,,2,10,Bot,,,,,,,10.75883598244666,-138.7245149611987,-2.93647135480212,-14.80756328082762,31.76269930399716,-13.796121930033006,3.06,1.47,,,,97.0,2392.0,7.3,746730,661388,641343,668930,655316,642715,694192,663368,686217,53.18,,,,,,,,79,4,4-Seam Fastball,4,5,4,5,5,4,4,5,Standard,Standard,224.0,-0.003,-0.062,68.3,6.2,0.809253192,,0.062,,-1,-1,0.151,0.151,29,28,30,29,1,4,2.0,1,1,0.0,1.13,0.96,-0.96,30.1,9.702234953899712,-23.51364165969136,23.469406809125267,22.877221125334724,39.84713934510674,pitcher
FF,2024-08-30,94.0,-2.31,5.41,"Williams, Devin",670770,642207,,ball,,,,,12.0,,R,L,R,CIN,MIL,B,,,1,1,2024,-0.99,1.13,0.6268757417649519,4.093385173038092,,663697.0,,2,10,Bot,,,,,,,9.947342714871445,-136.6306969230018,-0.2286722996755881,-14.547552726133096,27.96974681265642,-18.06213641033013,3.05999991935316,1.46078726596086,,,,95.5,2351.0,7.1,746730,661388,641343,668930,655316,642715,694192,663368,686217,53.42,,,,,,,,79,3,4-Seam Fastball,4,5,4,5,5,4,4,5,Standard,Standard,222.0,0.003,0.039,,,,,-0.039,,-1,-1,0.148,0.148,29,28,30,29,1,4,2.0,1,1,0.0,1.44,0.99,-0.99,29.0,,,,,,pitcher
CH,2024-08-30,84.3,-2.42,5.29,"Williams, Devin",670770,642207,,called_strike,,,,,7.0,,R,L,R,CIN,MIL,S,,,1,0,2024,-1.52,-0.37,-0.3178494523095205,1.5680176647722108,,663697.0,,2,10,Bot,,,,,,,7.991648776299095,-122.5037917585424,-1.4565236669552906,-16.95202788426933,26.245208150912912,-35.83251090036328,3.05999871378884,1.46326633241657,,,,84.8,2787.0,6.9,746730,661388,641343,668930,655316,642715,694192,663368,686217,53.6,,,,,,,,79,2,Changeup,4,5,4,5,5,4,4,5,Standard,Standard,283.0,-0.003,-0.043,,,,,0.043,,-1,-1,0.151,0.151,29,28,30,29,1,4,2.0,1,1,0.0,3.61,1.52,-1.52,17.1,,,,,,pitcher
FF,2024-08-30,95.1,-2.41,5.48,"Williams, Devin",670770,642207,,ball,,,,,13.0,,R,L,R,CIN,MIL,B,,,0,0,2024,-1.27,1.0,-1.5559450054772108,2.183149254226808,,663697.0,,2,10,Bot,,,,,,,5.16462152202368,-138.30389996240632,-5.27537478635106,-17.425144227414155,31.54781103967424,-18.35775608119292,3.06000033817593,1.46194800314103,,,,96.4,2391.0,7.1,746730,661388,641343,668930,655316,642715,694192,663368,686217,53.4,,,,,,,,79,1,4-Seam Fastball,4,5,4,5,5,4,4,5,Standard,Standard,226.0,0.003,0.014,,,,,-0.014,,-1,-1,0.148,0.148,29,28,30,29,1,4,2.0,1,1,0.0,1.53,1.27,-1.27,27.8,,,,,,pitcher
FF,2024-08-30,93.2,-2.27,5.42,"Williams, Devin",668715,642207,field_out,hit_into_play,,,,,4.0,Spencer Steer flies out to left fielder Jackson Chourio.,R,R,R,CIN,MIL,X,7.0,fly_ball,1,1,2024,-1.09,1.23,-0.5160800433784785,2.610430375042775,,663697.0,,1,10,Bot,101.03,122.26,,,,,7.042617221666823,-135.56078534658872,-4.221509330685457,-15.040125396134288,29.576687658729337,-16.30582486852526,3.27,1.5,204.0,83.5,58.0,94.9,2249.0,7.3,746730,661388,641343,668930,655316,642715,694192,663368,686217,53.22,0.032,0.037,0.0,1.0,0.0,0.0,3.0,78,3,4-Seam Fastball,4,5,4,5,5,4,4,5,Standard,Standard,226.0,-0.135,-0.247,73.9,7.3,,0.048,0.247,88.0,-1,-1,0.283,0.283,29,26,30,27,1,4,2.0,1,1,0.0,1.4,1.09,1.09,29.2,10.875139766129358,-14.46461198249986,27.47962361509708,27.979641311582967,34.406941960213615,pitcher
FF,2024-08-30,93.9,-2.06,5.38,"Williams, Devin",668715,642207,,ball,,,,,14.0,,R,R,R,CIN,MIL,B,,,0,1,2024,-1.01,1.28,1.1360593730641353,1.9453337008759628,,663697.0,,1,10,Bot,,,,,,,10.70714083101219,-136.32994955496554,-6.132224171001835,-14.884672272530564,28.10983206665813,-14.98867628747318,3.40081244092261,1.54009553007226,,,,95.8,2300.0,7.4,746730,661388,641343,668930,655316,642715,694192,663368,686217,53.13,,,,,,,,78,2,4-Seam Fastball,4,5,4,5,5,4,4,5,Standard,Standard,222.0,0.014,0.021,,,,,-0.021,,-1,-1,0.269,0.269,29,26,30,27,1,4,2.0,1,1,0.0,1.3,1.01,1.01,29.7,,,,,,pitcher
CH,2024-08-30,84.2,-2.45,5.14,"Williams, Devin",668715,642207,,foul,,,,,9.0,,R,R,R,CIN,MIL,S,,,0,0,2024,-1.65,-0.32,0.3298797884784392,1.5000216662295678,,663697.0,,1,10,Bot,,,,,,,9.831133138307244,-122.21863163796084,-1.3994365901523016,-18.450700593848595,24.339650217606888,-35.31595920958876,3.27,1.5,4.0,72.5,-20.0,84.9,2578.0,6.9,746730,661388,641343,668930,655316,642715,694192,663368,686217,53.57,,,,,,,,78,1,Changeup,4,5,4,5,5,4,4,5,Standard,Standard,280.0,-0.021,-0.036,74.6,8.3,,,0.036,88.0,-1,-1,0.29,0.29,29,26,30,27,1,4,2.0,1,1,0.0,3.55,1.65,1.65,15.9,18.79467976455268,-16.33843198500358,30.226966076487,38.53780002254221,43.0889049788551,pitcher
CH,2024-08-30,83.6,-2.43,5.26,"Williams, Devin",682829,642207,strikeout,swinging_strike,,,,,13.0,Elly De La Cruz strikes out swinging.,R,L,R,CIN,MIL,S,2.0,,3,2,2024,-1.47,-0.32,-1.4747816710076285,2.597761779945832,,663697.0,,0,10,Bot,,,,,,,5.153681676943953,-121.68642119137697,0.9665763369408952,-15.575394019457452,24.723278932628677,-35.74537859080916,3.68,1.75,,,,84.4,2685.0,6.9,746730,661388,641343,668930,655316,642715,694192,663368,686217,53.61,,0.0,0.0,1.0,0.0,0.0,,77,6,Changeup,4,5,4,5,5,4,4,5,Standard,Standard,281.0,-0.168,-0.353,44.3,6.5,5.55887148,,0.353,,-1,-1,0.458,0.458,29,22,30,22,1,4,2.0,1,1,0.0,3.59,1.47,-1.47,16.8,5.204625355015252,40.573299753098624,23.842769125027957,58.087691883141744,11.286737382718211,pitcher
CH,2024-08-30,83.8,-2.39,5.2,"Williams, Devin",682829,642207,,called_strike,,,,,14.0,,R,L,R,CIN,MIL,S,,,3,1,2024,-1.4,-0.38,0.8791621233869664,2.002580105747096,,663697.0,,0,10,Bot,,,,,,,10.444500258112871,-121.58019664974744,-0.1897000141558962,-15.943646391450793,23.086518077918537,-36.1683445939038,3.48999193288001,1.70305224545628,,,,84.8,2700.0,7.0,746730,661388,641343,668930,655316,642715,694192,663368,686217,53.47,,,,,,,,77,5,Changeup,4,5,4,5,5,4,4,5,Standard,Standard,283.0,-0.017,-0.091,,,,,0.091,,-1,-1,0.475,0.475,29,22,30,22,1,4,2.0,1,1,0.0,3.64,1.4,-1.4,18.0,,,,,,pitcher
FF,2024-08-30,94.8,-2.39,5.3,"Williams, Devin",682829,642207,,ball,,,,,12.0,,R,L,R,CIN,MIL,B,,,2,1,2024,-1.18,1.12,1.0884666016829494,3.8394969690200527,,663697.0,,0,10,Bot,,,,,,,11.910697260814986,-137.6329085179623,-0.6349325205381519,-17.625260450645015,29.31535125833068,-18.019956230831102,3.59614368416051,1.76448456500477,,,,96.3,2403.0,7.2,746730,661388,641343,668930,655316,642715,694192,663368,686217,53.34,,,,,,,,77,4,4-Seam Fastball,4,5,4,5,5,4,4,5,Standard,Standard,226.0,0.02,0.093,,,,,-0.093,,-1,-1,0.455,0.455,29,22,30,22,1,4,2.0,1,1,0.0,1.42,1.18,-1.18,25.5,,,,,,pitcher
FF,2024-08-30,94.9,-2.38,5.27,"Williams, Devin",682829,642207,,foul,,,,,8.0,,R,L,R,CIN,MIL,S,,,2,0,2024,-1.23,0.94,-0.1744907442230236,2.296408344247308,,663697.0,,0,10,Bot,,,,,,,8.677744742307711,-138.0798889258641,-4.375621399340223,-17.57778598288186,26.60719965753036,-19.29918434600591,3.68,1.75,181.0,75.9,28.0,97.0,2459.0,7.2,746730,661388,641343,668930,655316,642715,694192,663368,686217,53.31,,,,,,,,77,3,4-Seam Fastball,4,5,4,5,5,4,4,5,Standard,Standard,230.0,-0.013,-0.045,81.3,7.3,,,0.045,88.0,-1,-1,0.468,0.468,29,22,30,22,1,4,2.0,1,1,0.0,1.56,1.23,-1.23,23.7,2.768503083840198,12.619922726994536,39.5237335599056,42.02354321722535,31.464037322042536,pitcher
CH,2024-08-30,82.8,-2.42,5.2,"Williams, Devin",682829,642207,,ball,,,,,13.0,,R,L,R,CIN,MIL,B,,,1,0,2024,-1.38,-0.36,-0.625594886060943,1.271179551389567,,663697.0,,0,10,Bot,,,,,,,6.85872122907012,-120.53444616128766,-1.886562545213827,-14.708880792892632,19.862273528263533,-35.62696082803174,3.56525121157404,1.67427189402358,,,,84.3,2753.0,6.9,746730,661388,641343,668930,655316,642715,694192,663368,686217,53.61,,,,,,,,77,2,Changeup,4,5,4,5,5,4,4,5,Standard,Standard,286.0,0.013,0.05,,,,,-0.05,,-1,-1,0.455,0.455,29,22,30,22,1,4,2.0,1,1,0.0,3.65,1.38,-1.38,15.5,,,,,,pitcher
FF,2024-08-30,95.9,-2.28,5.3,"Williams, Devin",682829,642207,,ball,,,,,12.0,,R,L,R,CIN,MIL,B,,,0,0,2024,-1.1,1.09,1.186159343188607,3.406967597694507,,663697.0,,0,10,Bot,,,,,,,11.837465002569848,-139.28991687677825,-1.960893567374198,-16.73388023420077,25.654838379460507,-17.5654733427622,3.67159939981625,1.78069095834636,,,,98.1,2457.0,7.2,746730,661388,641343,668930,655316,642715,694192,663368,686217,53.28,,,,,,,,77,1,4-Seam Fastball,4,5,4,5,5,4,4,5,Standard,Standard,232.0,0.007,0.038,,,,,-0.038,,-1,-1,0.448,0.448,29,22,30,22,1,4,2.0,1,1,0.0,1.36,1.1,-1.1,25.1,,,,,,pitcher
FF,2024-08-28,93.9,-2.37,5.19,"Williams, Devin",687529,642207,field_out,hit_into_play,,,,,6.0,Grant McCray flies out to center fielder Blake Perkins.,R,L,R,MIL,SF,X,8.0,fly_ball,1,1,2024,-0.95,1.32,0.6418093829907701,2.8639379773257194,,,,2,9,Top,140.04,100.22,,,,,10.054715516349784,-136.37278899695644,-3.2465281401192176,-14.104022291387684,30.40805705175181,-15.135437857913788,3.6,1.67,250.0,80.5,45.0,95.2,2284.0,7.2,745943,661388,656555,668930,687401,642715,694192,663368,669003,53.35,0.032,0.034,0.0,1.0,0.0,0.0,3.0,69,3,4-Seam Fastball,5,3,3,5,3,5,3,5,Standard,Standard,229.0,0.011,-0.244,71.8,6.8,,0.046,0.244,88.0,2,-2,0.989,0.011,29,23,30,24,1,3,7.0,1,2,1.0,1.28,0.95,-0.95,24.1,9.97523596614441,-0.892001603374419,35.13532595591614,26.59221257726015,30.726494964009312,pitcher
CH,2024-08-28,84.6,-2.51,5.14,"Williams, Devin",687529,642207,,ball,,,,,14.0,,R,L,R,MIL,SF,B,,,0,1,2024,-1.6,-0.42,0.2461516900274765,0.9470917492392554,,,,2,9,Top,,,,,,,9.758136164470969,-122.84261023677831,-2.545521875486728,-18.179413464102424,25.69185429547124,-36.06818103476666,3.71709563626949,1.64910683510487,,,,85.5,2694.0,7.1,745943,661388,656555,668930,687401,642715,694192,663368,669003,53.4,,,,,,,,69,2,Changeup,5,3,3,5,3,5,3,5,Standard,Standard,283.0,-0.001,0.029,,,,,-0.029,,2,-2,0.99,0.01,29,23,30,24,1,3,7.0,1,2,1.0,3.63,1.6,-1.6,19.6,,,,,,pitcher
FF,2024-08-28,93.6,-2.53,5.23,"Williams, Devin",687529,642207,,foul,,,,,4.0,,R,L,R,MIL,SF,S,,,0,0,2024,-1.29,1.3,-0.399322436888027,2.936214702991825,,,,2,9,Top,,,,,,,8.472616262898697,-136.06647954543263,-3.0653181626736545,-17.861425341614833,30.762847661148733,-15.580592856173746,3.6,1.67,105.0,83.1,8.0,95.0,2347.0,7.2,745943,661388,656555,668930,687401,642715,694192,663368,669003,53.28,,,,,,,,69,1,4-Seam Fastball,5,3,3,5,3,5,3,5,Standard,Standard,230.0,0.002,-0.041,74.9,6.5,,,0.041,88.0,2,-2,0.988,0.012,29,23,30,24,1,3,7.0,1,2,1.0,1.31,1.29,-1.29,25.5,1.251682054026909,17.517904904172365,32.7105281430694,39.7886965504318,20.67505907326161,pitcher
CH,2024-08-28,86.3,-2.49,5.12,"Williams, Devin",642731,642207,strikeout,swinging_strike,,,,,7.0,Thairo Estrada strikes out swinging.,R,R,R,MIL,SF,S,2.0,,1,2,2024,-1.84,0.07,-0.3495904157567633,1.999776704400102,,,,1,9,Top,,,,,,,8.93432671422823,-125.30623406857524,-1.2742504257405698,-21.179298620203,27.574681652582317,-31.377841434982905,3.33,1.66,,,,86.8,2594.0,6.9,745943,661388,656555,668930,687401,642715,694192,663368,669003,53.56,,0.0,0.0,1.0,0.0,0.0,,68,5,Changeup,5,3,3,5,3,5,3,5,Standard,Standard,272.0,0.018,-0.182,72.4,8.0,0.1,,0.182,,2,-2,0.97,0.03,29,28,30,28,1,3,7.0,1,2,1.0,3.03,1.84,1.84,17.4,22.049351963745764,-41.55880529856542,27.48520674596053,30.078380194658585,54.40822692896543,pitcher
FF,2024-08-28,94.1,-2.2,5.35,"Williams, Devin",642731,642207,,foul,,,,,6.0,,R,R,R,MIL,SF,S,,,1,2,2024,-1.1,1.28,0.4866576420633457,2.3404557977185427,,,,1,9,Top,,,,,,,9.571254154452063,-136.64010987534033,-4.971605309465267,-15.976354548675593,31.27095969057801,-15.18042481110048,3.33,1.66,181.0,68.5,53.0,95.3,2409.0,7.2,745943,661388,656555,668930,687401,642715,694192,663368,669003,53.3,,,,,,,,68,4,4-Seam Fastball,5,3,3,5,3,5,3,5,Standard,Standard,226.0,0.0,0.0,63.7,7.1,,,0.0,88.0,2,-2,0.97,0.03,29,28,30,28,1,3,7.0,1,2,1.0,1.31,1.1,1.1,30.5,-3.352074864303436,9.369514473993812,29.377043773114625,40.06620743174391,25.03466436529149,pitcher
FF,2024-08-28,93.3,-2.36,5.3,"Williams, Devin",642731,642207,,foul,,,,,2.0,,R,R,R,MIL,SF,S,,,1,1,2024,-0.98,1.34,-0.0761535004153495,3.039101695866941,,,,1,9,Top,,,,,,,8.16278793921795,-135.55583933280985,-3.003051447466054,-13.893874849494225,31.845968330506693,-15.196299927662748,3.33,1.66,220.0,74.0,26.0,94.5,2351.0,7.2,745943,661388,656555,668930,687401,642715,694192,663368,669003,53.25,,,,,,,,68,3,4-Seam Fastball,5,3,3,5,3,5,3,5,Standard,Standard,228.0,0.006,-0.061,66.2,5.4,,,0.061,88.0,2,-2,0.964,0.036,29,28,30,28,1,3,7.0,1,2,1.0,1.3,0.98,0.98,25.7,-12.53329607401935,25.88044561814712,33.2616929656541,33.393460699023464,15.974083473970325,pitcher
FF,2024-08-28,94.0,-2.24,5.24,"Williams, Devin",642731,642207,,ball,,,,,14.0,,R,R,R,MIL,SF,B,,,0,1,2024,-0.92,1.32,1.4478115206919169,1.322982393767434,,,,1,9,Top,,,,,,,11.8296650015897,-136.12642083883472,-7.434903101676229,-14.152606094858836,31.37892127918276,-14.217753003535323,3.35914438873658,1.59853226197593,,,,95.6,2387.0,7.6,745943,661388,656555,668930,687401,642715,694192,663368,669003,52.93,,,,,,,,68,2,4-Seam Fastball,5,3,3,5,3,5,3,5,Standard,Standard,223.0,-0.003,0.024,,,,,-0.024,,2,-2,0.967,0.033,29,28,30,28,1,3,7.0,1,2,1.0,1.3,0.92,0.92,29.0,,,,,,pitcher
CH,2024-08-28,83.7,-2.58,5.13,"Williams, Devin",642731,642207,,swinging_strike,,,,,14.0,,R,R,R,MIL,SF,S,,,0,0,2024,-1.48,-0.47,0.8699926961781239,1.6094041506888286,,,,1,9,Top,,,,,,,10.999993682247243,-121.4057993006309,-0.6681675471264135,-16.89230057789373,25.65156955163155,-36.92514788240234,3.33,1.66,,,,84.2,2774.0,7.0,745943,661388,656555,668930,687401,642715,694192,663368,669003,53.54,,,,,,,,68,1,Changeup,5,3,3,5,3,5,3,5,Standard,Standard,279.0,0.004,-0.037,69.1,8.4,3.927269256,,0.037,,2,-2,0.963,0.037,29,28,30,28,1,3,7.0,1,2,1.0,3.77,1.48,1.48,18.6,20.87168235449705,-33.461738283667835,22.70114925482767,43.44670263732631,52.76609023285217,pitcher
FF,2024-08-28,92.9,-2.53,5.26,"Williams, Devin",573262,642207,field_out,hit_into_play,,,,,5.0,Mike Yastrzemski flies out to center fielder Blake Perkins.,R,L,R,MIL,SF,X,8.0,fly_ball,2,0,2024,-1.14,1.22,-0.1349855320256192,2.5897354927559246,,,,0,9,Top,144.87,48.65,,,,,8.748215100210247,-134.96501398753537,-3.710861655277633,-15.894014781231418,31.439601080270062,-16.680003165272606,3.38,1.64,374.0,97.8,28.0,93.8,2381.0,7.0,745943,661388,656555,668930,687401,642715,694192,663368,669003,53.45,0.378,0.7020909090909092,0.0,1.0,0.0,0.0,6.0,67,3,4-Seam Fastball,5,3,3,5,3,5,3,5,Standard,Standard,229.0,0.063,-0.361,69.1,7.1,,1.343,0.361,97.8,2,-2,0.9,0.1,29,33,30,34,1,3,7.0,1,2,2.0,1.45,1.14,-1.14,24.8,11.165582314466098,-0.5665586069045618,32.25881622044227,33.9794336479044,29.661374930305826,pitcher
FF,2024-08-28,93.3,-2.36,5.22,"Williams, Devin",573262,642207,,ball,,,,,14.0,,R,L,R,MIL,SF,B,,,1,0,2024,-0.94,1.54,0.990891039072322,1.4630384595427866,,,,0,9,Top,,,,,,,10.830489227965952,-135.2003968922993,-7.316741927232164,-13.974292198325054,31.34955486494306,-11.79999576325488,3.46126313934419,1.58243811282437,,,,94.2,2404.0,7.2,745943,661388,656555,668930,687401,642715,694192,663368,669003,53.29,,,,,,,,67,2,4-Seam Fastball,5,3,3,5,3,5,3,5,Standard,Standard,226.0,-0.016,0.069,,,,,-0.069,,2,-2,0.916,0.084,29,33,30,34,1,3,7.0,1,2,2.0,1.11,0.94,-0.94,25.4,,,,,,pitcher
CH,2024-08-28,83.2,-2.61,5.23,"Williams, Devin",573262,642207,,ball,,,,,11.0,,R,L,R,MIL,SF,B,,,0,0,2024,-1.54,-0.31,-1.0162069241960825,2.7630521373414374,,,,0,9,Top,,,,,,,6.715668946814038,-120.86039521658216,1.5114846499125518,-16.38894589259232,25.651689966330416,-35.77095709846957,3.42452108888313,1.54593491646559,,,,83.5,2364.0,6.8,745943,661388,656555,668930,687401,642715,694192,663368,669003,53.74,,,,,,,,67,1,Changeup,5,3,3,5,3,5,3,5,Standard,Standard,278.0,-0.008,0.038,,,,,-0.038,,2,-2,0.924,0.076,29,33,30,34,1,3,7.0,1,2,2.0,3.64,1.54,-1.54,17.5,,,,,,pitcher
FF,2024-08-21,91.2,-2.44,5.43,"Williams, Devin",502054,642207,walk,ball,,,,,11.0,Tommy Pham walks. José Fermín scores. Victor Scott II to 3rd. Matt Carpenter to 2nd.,R,R,R,STL,MIL,B,,,3,0,2024,-1.09,1.33,-1.6300535584449014,3.0642303102980293,665877.0,687363.0,572761.0,2,9,Bot,,,,,,,4.462380431796891,-132.71665054844064,-2.9193186595950293,-13.808715411506068,29.52332565285292,-16.10398628662651,3.55517797169687,1.65797071882317,,,,92.5,2207.0,7.1,745138,661388,656555,668930,687401,642715,694192,669003,686217,53.35,,0.689131,0.7,1.0,0.0,0.0,,88,4,4-Seam Fastball,5,6,5,6,6,6,6,6,Standard,Standard,225.0,0.153,0.117,,,,,-0.117,,-1,-1,0.512,0.512,29,36,30,36,1,4,1.0,1,7,1.0,1.42,1.09,1.09,29.3,,,,,,pitcher
FF,2024-08-21,92.6,-2.34,5.38,"Williams, Devin",502054,642207,,ball,,,,,12.0,,R,R,R,STL,MIL,B,,,2,0,2024,-1.15,1.41,0.8542408196908677,3.0513475619059287,665877.0,687363.0,572761.0,2,9,Bot,,,,,,,10.86512287837897,-134.3921474989974,-3.270920964115706,-16.21145929408892,28.624434811867346,-14.48193222441224,3.64790514204043,1.75069772256603,,,,94.3,2289.0,7.4,745138,661388,656555,668930,687401,642715,694192,669003,686217,53.1,,,,,,,,88,3,4-Seam Fastball,5,6,5,6,6,5,5,6,Standard,Standard,225.0,0.115,0.108,,,,,-0.108,,-1,-1,0.397,0.397,29,36,30,36,1,4,1.0,1,7,1.0,1.25,1.15,1.15,31.5,,,,,,pitcher
CH,2024-08-21,83.7,-2.52,5.1,"Williams, Devin",502054,642207,,ball,,,,,14.0,,R,R,R,STL,MIL,B,,,1,0,2024,-1.76,-0.08,1.0098243721321003,2.0817940078330697,665877.0,687363.0,572761.0,2,9,Bot,,,,,,,11.776425965570697,-121.2812269925063,-0.2735187620242929,-19.772522028422294,25.122400113501463,-33.15770949381059,3.69896608790066,1.73430281403048,,,,84.5,2518.0,7.2,745138,661388,656555,668930,687401,642715,694192,669003,686217,53.31,,,,,,,,88,2,Changeup,5,6,5,6,6,5,5,6,Standard,Standard,276.0,0.077,0.088,,,,,-0.088,,-1,-1,0.32,0.32,29,36,30,36,1,4,1.0,1,7,1.0,3.38,1.76,1.76,17.0,,,,,,pitcher
CH,2024-08-21,83.7,-2.51,5.09,"Williams, Devin",502054,642207,,ball,,,,,14.0,,R,R,R,STL,MIL,B,,,0,0,2024,-1.75,-0.21,0.8641789212397868,0.7015920088244365,665877.0,687363.0,572761.0,2,9,Bot,,,,,,,11.364688268593476,-121.2845128801672,-3.2185662279192986,-19.54591421590268,25.49322492991401,-33.738670210127445,3.62660615029019,1.69545253979404,,,,84.4,2749.0,7.1,745138,661388,656555,668930,687401,642715,694192,669003,686217,53.38,,,,,,,,88,1,Changeup,5,6,5,6,6,5,5,6,Standard,Standard,277.0,0.038,0.031,,,,,-0.031,,-1,-1,0.282,0.282,29,36,30,36,1,4,1.0,1,7,1.0,3.51,1.75,1.75,15.8,,,,,,pitcher
CH,2024-08-21,82.4,-2.43,5.15,"Williams, Devin",572761,642207,walk,ball,,,,,14.0,Matt Carpenter walks. Willson Contreras scores. José Fermín to 3rd. Victor Scott II to 2nd.,R,L,R,STL,MIL,B,,,3,0,2024,-1.55,-0.11,1.0312757304545903,1.6843542773488842,575929.0,665877.0,687363.0,2,9,Bot,,,,,,,11.004775538248625,-119.46766981440412,-1.090408522008841,-16.994817803913783,22.83338511359875,-33.24246103504663,3.63138036639447,1.73035013578333,,,,83.2,2493.0,7.0,745138,661388,656555,668930,687401,642715,694192,669003,686217,53.47,,0.689131,0.7,1.0,0.0,0.0,,87,4,Changeup,4,6,4,6,6,5,5,6,Strategic,Standard,281.0,0.041,0.117,,,,,-0.117,,-2,-2,0.241,0.241,29,38,30,39,1,4,1.0,1,7,1.0,3.49,1.55,-1.55,17.6,,,,,,pitcher
FF,2024-08-21,93.4,-2.39,5.16,"Williams, Devin",572761,642207,,ball,,,,,11.0,,R,L,R,STL,MIL,B,,,2,0,2024,-1.1,1.33,-0.9097324132713362,3.714144718836633,575929.0,665877.0,687363.0,2,9,Bot,,,,,,,6.375045427056143,-135.91776365796767,-0.90065603851686,-15.06224399490332,29.631816598197343,-15.691946868242072,3.61224013637901,1.7881017520148,,,,95.1,2253.0,7.3,745138,661388,656555,668930,687401,642715,694192,669003,686217,53.21,,,,,,,,87,3,4-Seam Fastball,4,6,4,6,6,4,4,6,Strategic,Standard,232.0,0.03,0.108,,,,,-0.108,,-2,-2,0.211,0.211,29,38,30,39,1,4,1.0,1,7,1.0,1.28,1.1,-1.1,25.0,,,,,,pitcher
FF,2024-08-21,93.7,-2.39,5.25,"Williams, Devin",572761,642207,,ball,,,,,11.0,,R,L,R,STL,MIL,B,,,1,0,2024,-1.39,1.22,-1.0616751685202237,3.351646009181969,575929.0,665877.0,687363.0,2,9,Bot,,,,,,,6.627835356788737,-136.28907153382949,-1.8686050683216664,-18.77663190234392,30.428826278772995,-16.759429897673723,3.64280396069259,1.79058491469145,,,,95.2,2282.0,7.2,745138,661388,656555,668930,687401,642715,694192,669003,686217,53.29,,,,,,,,87,2,4-Seam Fastball,4,6,4,6,6,4,4,6,Strategic,Standard,227.0,0.021,0.088,,,,,-0.088,,-2,-2,0.19,0.19,29,38,30,39,1,4,1.0,1,7,1.0,1.38,1.39,-1.39,29.0,,,,,,pitcher
CH,2024-08-21,82.9,-2.61,5.02,"Williams, Devin",572761,642207,,ball,,,,,13.0,,R,L,R,STL,MIL,B,,,0,0,2024,-1.59,-0.24,-1.4599920675716591,1.8140894973458737,575929.0,665877.0,687363.0,2,9,Bot,,,,,,,5.8555403607093215,-120.6110462180962,-0.3312777094568805,-16.705739469021648,24.712241190201947,-34.6788584192841,3.68418091072184,1.7855169288732,,,,84.1,2682.0,7.2,745138,661388,656555,668930,687401,642715,694192,669003,686217,53.28,,,,,,,,87,1,Changeup,4,6,4,6,6,4,4,6,Strategic,Standard,286.0,0.01,0.031,,,,,-0.031,,-2,-2,0.18,0.18,29,38,30,39,1,4,1.0,1,7,1.0,3.57,1.59,-1.59,16.2,,,,,,pitcher
CH,2024-08-21,82.9,-2.6,5.14,"Williams, Devin",502671,642207,strikeout,called_strike,,,,,11.0,Paul Goldschmidt called out on strikes.,R,R,R,STL,MIL,S,2.0,,3,2,2024,-1.64,-0.56,-0.9130496987496504,2.735726428122645,575929.0,665877.0,687363.0,1,9,Bot,,,,,,,7.19826855046096,-120.53617568814448,2.1733938675780475,-17.43555463589818,24.02644270064636,-38.3314142395848,3.60385058821664,1.74431262703185,,,,84.1,2624.0,7.2,745138,661388,656555,668930,687401,642715,694192,669003,686217,53.3,,0.0,0.0,1.0,0.0,0.0,,86,6,Changeup,4,6,4,6,6,4,4,6,Standard,Standard,285.0,-0.191,-0.354,,,,,0.354,,-2,-2,0.371,0.371,29,36,30,37,1,4,1.0,1,7,2.0,3.89,1.64,1.64,18.2,,,,,,pitcher
CH,2024-08-21,84.4,-2.63,5.09,"Williams, Devin",502671,642207,,ball,,,,,14.0,,R,R,R,STL,MIL,B,,,2,2,2024,-1.74,-0.26,0.1562655122152021,1.2029650915246917,575929.0,665877.0,687363.0,1,9,Bot,,,,,,,10.09884511450824,-122.52926262457842,-2.121724998241853,-19.54564745153408,24.665584818190755,-34.58659324849844,3.587314147688,1.69340321595646,,,,85.6,2733.0,7.2,745138,661388,656555,668930,687401,642715,694192,669003,686217,53.29,,,,,,,,86,5,Changeup,4,6,4,6,6,4,4,6,Standard,Standard,279.0,0.055,0.134,,,,,-0.134,,-2,-2,0.316,0.316,29,36,30,37,1,4,1.0,1,7,2.0,3.48,1.74,1.74,15.2,,,,,,pitcher
FF,2024-08-21,93.8,-2.55,5.25,"Williams, Devin",502671,642207,,ball,,,,,11.0,,R,R,R,STL,MIL,B,,,1,2,2024,-1.09,1.24,-2.022167118330612,4.694103454904767,575929.0,665877.0,687363.0,1,9,Bot,,,,,,,3.8406372978723575,-136.5190665233295,1.598447435189362,-14.413678984091757,30.917395593257364,-17.272532409619178,3.60729135025535,1.7134067251582,,,,95.4,2350.0,7.3,745138,661388,656555,668930,687401,642715,694192,669003,686217,53.23,,,,,,,,86,4,4-Seam Fastball,4,6,4,6,6,4,4,6,Standard,Standard,230.0,0.024,0.04,,,,,-0.04,,-2,-2,0.292,0.292,29,36,30,37,1,4,1.0,1,7,2.0,1.35,1.09,1.09,25.8,,,,,,pitcher
CH,2024-08-21,84.4,-2.55,5.11,"Williams, Devin",502671,642207,,foul,,,,,4.0,,R,R,R,STL,MIL,S,,,1,1,2024,-1.78,-0.23,-0.6082334757435635,2.4088653075119,575929.0,665877.0,687363.0,1,9,Bot,,,,,,,8.166288521653005,-122.68741361712594,0.5671784203817005,-19.577442090526027,24.30648211916365,-34.82494423592817,3.46,1.59,4.0,66.9,-32.0,85.5,2663.0,7.1,745138,661388,656555,668930,687401,642715,694192,669003,686217,53.44,,,,,,,,86,3,Changeup,4,6,4,6,6,4,4,6,Standard,Standard,279.0,-0.04,-0.07,68.0,8.7,,,0.07,88.0,-2,-2,0.332,0.332,29,36,30,37,1,4,1.0,1,7,2.0,3.43,1.78,1.78,16.9,31.554237402247367,-29.93318744938632,34.33237968243036,36.68264839554385,36.49814473687815,pitcher
CH,2024-08-21,86.5,-2.53,5.09,"Williams, Devin",502671,642207,,blocked_ball,,,,,14.0,,R,R,R,STL,MIL,B,,,0,1,2024,-1.84,-0.06,0.6136186058936999,0.4896327456788407,575929.0,665877.0,663457.0,1,9,Bot,,,,,,,11.41122444814352,-125.4380412603363,-4.648470299409463,-21.764961786013284,25.587089442532463,-32.00716578562489,3.65893185748521,1.74784669795876,,,,87.6,2726.0,7.2,745138,661388,656555,668930,687401,642715,694192,669003,686217,53.32,,,,,,,,86,2,Changeup,4,6,4,6,6,4,4,6,Standard,Standard,269.0,0.016,0.017,,,,,-0.017,,-2,-2,0.316,0.316,29,36,30,37,1,4,1.0,1,7,2.0,3.13,1.84,1.84,18.7,,,,,,pitcher
CH,2024-08-21,84.8,-2.6,5.11,"Williams, Devin",502671,642207,,swinging_strike,,,,,14.0,,R,R,R,STL,MIL,S,,,0,0,2024,-1.84,-0.13,0.5880510033075854,1.3456576059250946,575929.0,665877.0,663457.0,1,9,Bot,,,,,,,11.2894913846355,-122.99000117994126,-2.1524077845852307,-21.000251986111277,25.497181171174987,-33.19502886027505,3.46,1.59,,,,85.6,2635.0,7.1,745138,661388,656555,668930,687401,642715,694192,669003,686217,53.4,,,,,,,,86,1,Changeup,4,6,4,6,6,4,4,6,Standard,Standard,274.0,-0.024,-0.041,69.6,9.3,6.816124884,,0.041,,-2,-2,0.34,0.34,29,36,30,37,1,4,1.0,1,7,2.0,3.33,1.84,1.84,16.4,27.703380380313327,-24.43365883458196,35.30888452626376,51.78349548687492,35.401285641431826,pitcher
CH,2024-08-21,85.2,-2.55,5.05,"Williams, Devin",663457,642207,walk,ball,,,,,13.0,Lars Nootbaar walks.,R,L,R,STL,MIL,B,,,3,2,2024,-1.78,-0.33,-0.0160772321486348,1.4438302255048727,575929.0,665877.0,,1,9,Bot,,,,,,,9.677601239271128,-123.68199413594569,-1.4758210563383165,-20.18706629958485,25.07950569713573,-35.45973013741956,3.4542209892942,1.6499164600811,,,,86.3,2852.0,7.2,745138,661388,656555,668930,687401,642715,694192,669003,686217,53.34,,0.689131,0.7,1.0,0.0,0.0,,85,6,Changeup,4,6,4,6,6,4,4,6,Strategic,Standard,277.0,0.036,0.185,,,,,-0.185,,-2,-2,0.304,0.304,29,26,30,27,1,4,1.0,1,7,1.0,3.49,1.78,-1.78,15.6,,,,,,pitcher
FF,2024-08-21,93.6,-2.46,5.18,"Williams, Devin",663457,642207,,swinging_strike,,,,,2.0,,R,L,R,STL,MIL,S,,,3,1,2024,-1.16,1.45,0.1423652561948454,3.3947768802342115,575929.0,665877.0,,1,9,Bot,,,,,,,9.434563904447955,-136.0379551873629,-2.06980005425184,-16.52028733999486,30.961020819457524,-13.956450458357285,3.39,1.6,,,,95.0,2401.0,7.2,745138,661388,656555,668930,687401,642715,694192,669003,686217,53.25,,,,,,,,85,5,4-Seam Fastball,4,6,4,6,6,4,4,6,Standard,Standard,228.0,-0.011,-0.14,71.0,5.5,1.429136556,,0.14,,-2,-2,0.315,0.315,29,26,30,27,1,4,1.0,1,7,1.0,1.17,1.16,-1.16,23.4,-0.3880570716122888,14.52282389299554,30.87537442159373,32.23793900225495,21.26452928848373,pitcher
FF,2024-08-21,95.1,-2.49,5.21,"Williams, Devin",663457,642207,,ball,,,,,11.0,,R,L,R,STL,MIL,B,,,2,1,2024,-1.1,1.44,-1.3866830440687328,3.732208773255113,575929.0,665877.0,,1,9,Bot,,,,,,,5.4434440270188444,-138.38150331135074,-1.4815716197879183,-15.298526231246022,31.282602813478217,-13.521344243183409,3.53716944405863,1.71340443457057,,,,96.6,2411.0,7.2,745138,661388,656555,668930,687401,642715,694192,669003,686217,53.32,,,,,,,,85,4,4-Seam Fastball,4,6,4,6,6,4,4,6,Standard,Standard,225.0,0.013,0.057,,,,,-0.057,,-2,-2,0.302,0.302,29,26,30,27,1,4,1.0,1,7,1.0,1.08,1.1,-1.1,25.1,,,,,,pitcher
CH,2024-08-21,83.4,-2.64,5.07,"Williams, Devin",663457,642207,,foul,,,,,13.0,,R,L,R,STL,MIL,S,,,2,0,2024,-1.61,-0.26,-0.9866774567847152,1.806445836348616,575929.0,665877.0,,1,9,Bot,,,,,,,7.081034967334194,-121.2125196094864,-0.5132792064295623,-17.21379501199729,24.094946422737166,-34.897223136577985,3.39,1.6,3.0,57.6,-34.0,84.6,2748.0,7.2,745138,661388,656555,668930,687401,642715,694192,669003,686217,53.3,,,,,,,,85,3,Changeup,4,6,4,6,6,4,4,6,Standard,Standard,280.0,-0.009,-0.056,72.4,7.8,,,0.056,88.0,-2,-2,0.311,0.311,29,26,30,27,1,4,1.0,1,7,1.0,3.55,1.61,-1.61,16.0,17.81252241479192,-12.291397858799094,29.67381988168857,46.91450147978715,39.21858149592457,pitcher
CH,2024-08-21,82.8,-2.64,5.09,"Williams, Devin",663457,642207,,ball,,,,,14.0,,R,L,R,STL,MIL,B,,,1,0,2024,-1.63,-0.37,0.4416842935414615,1.278204054748699,575929.0,665877.0,,1,9,Bot,,,,,,,10.343792750825296,-120.09790514948708,-1.469106403278488,-17.766797187274925,22.763086184065543,-35.65987773398143,3.42313223270263,1.53149728913603,,,,83.9,2625.0,7.1,745138,661388,656555,668930,687401,642715,694192,669003,686217,53.36,,,,,,,,85,2,Changeup,4,6,4,6,6,4,4,6,Standard,Standard,279.0,0.009,0.033,,,,,-0.033,,-2,-2,0.302,0.302,29,26,30,27,1,4,1.0,1,7,1.0,3.71,1.63,-1.63,16.6,,,,,,pitcher
FF,2024-08-21,94.0,-2.54,5.17,"Williams, Devin",663457,642207,,ball,,,,,11.0,,R,L,R,STL,MIL,B,,,0,0,2024,-1.12,1.41,-0.7159801169560773,4.391708213073516,575929.0,665877.0,,1,9,Bot,,,,,,,7.34026436507367,-136.68918239637463,0.6105837111109942,-15.605788035693458,30.28337433993832,-14.912233586820028,3.54076971913093,1.68272549451833,,,,95.6,2313.0,7.3,745138,661388,656555,668930,687401,642715,694192,669003,686217,53.21,,,,,,,,85,1,4-Seam Fastball,4,6,4,6,6,4,4,6,Standard,Standard,225.0,0.004,0.025,,,,,-0.025,,-2,-2,0.298,0.298,29,26,30,27,1,4,1.0,1,7,1.0,1.18,1.12,-1.12,24.1,,,,,,pitcher
CH,2024-08-21,85.3,-2.6,5.15,"Williams, Devin",571448,642207,strikeout,swinging_strike_blocked,,,,,14.0,Nolan Arenado strikes out swinging.,R,R,R,STL,MIL,S,2.0,,1,2,2024,-1.64,-0.36,0.1353468956159194,0.6115669060770506,575929.0,665877.0,,0,9,Bot,,,,,,,9.851087589845733,-123.72628686418892,-3.578056572942397,-18.85742639242618,27.178886686189102,-35.24353410631824,3.34,1.61,,,,85.9,2785.0,7.1,745138,661388,656555,668930,687401,642715,694192,669003,686217,53.43,,0.0,0.0,1.0,0.0,0.0,,84,4,Changeup,4,6,4,6,6,4,4,6,Strategic,Standard,280.0,-0.101,-0.237,62.4,9.2,2.92135302,,0.237,,-2,-2,0.399,0.399,29,33,30,33,1,4,1.0,1,7,1.0,3.54,1.64,1.64,19.5,15.872895535009231,-24.50293879396863,34.8727668430441,40.73005270420664,42.2772918312954,pitcher
CH,2024-08-21,83.4,-2.64,5.15,"Williams, Devin",571448,642207,,foul,,,,,7.0,,R,R,R,STL,MIL,S,,,1,1,2024,-1.51,-0.32,-0.5296954425896638,1.8335823794560269,575929.0,665877.0,,0,9,Bot,,,,,,,7.93520671995353,-121.1421344085592,-0.4639893866889745,-16.450775712994417,25.74555302482812,-35.473404825964565,3.34,1.61,4.0,85.7,-29.0,84.1,2528.0,7.1,745138,661388,656555,668930,687401,642715,694192,669003,686217,53.42,,,,,,,,84,3,Changeup,4,6,4,6,6,4,4,6,Strategic,Standard,281.0,-0.036,-0.05,72.7,8.4,,,0.05,88.0,-2,-2,0.435,0.435,29,33,30,33,1,4,1.0,1,7,1.0,3.64,1.51,1.51,16.9,16.520241683309045,-15.421617186865884,37.399618069435135,31.58360315707371,41.851817652631794,pitcher
CH,2024-08-21,82.8,-2.58,5.12,"Williams, Devin",571448,642207,,called_strike,,,,,4.0,,R,R,R,STL,MIL,S,,,1,0,2024,-1.58,-0.23,-0.6119522950112184,2.9300686122219672,575929.0,665877.0,,0,9,Bot,,,,,,,7.672221501858011,-120.23219213096,2.072350177111155,-16.80675440761275,24.862867401757047,-35.10438811310875,3.58416126906843,1.8096380298208,,,,83.6,2510.0,7.1,745138,661388,656555,668930,687401,642715,694192,669003,686217,53.43,,,,,,,,84,2,Changeup,4,6,4,6,6,4,4,6,Strategic,Standard,283.0,-0.013,-0.088,,,,,0.088,,-2,-2,0.448,0.448,29,33,30,33,1,4,1.0,1,7,1.0,3.59,1.58,1.58,19.3,,,,,,pitcher
CH,2024-08-21,83.5,-2.58,5.18,"Williams, Devin",571448,642207,,ball,,,,,13.0,,R,R,R,STL,MIL,B,,,0,0,2024,-1.56,-0.35,-2.2447699705630315,2.412261581098428,575929.0,665877.0,,0,9,Bot,,,,,,,3.888363940761332,-121.501280562052,0.8370855636534125,-16.15183272112438,25.43227760833814,-36.078620398277074,3.46884381200975,1.72882908492083,,,,84.4,2575.0,7.0,745138,661388,656555,668930,687401,642715,694192,669003,686217,53.49,,,,,,,,84,1,Changeup,4,6,4,6,6,4,4,6,Standard,Standard,280.0,0.006,0.032,,,,,-0.032,,-2,-2,0.442,0.442,29,33,30,33,1,4,1.0,1,7,1.0,3.64,1.56,1.56,18.3,,,,,,pitcher
FF,2024-08-21,93.0,-2.33,5.47,"Williams, Devin",665877,642207,double,hit_into_play,,,,,2.0,José Fermín doubles (1) on a line drive to right fielder Sal Frelick. Willson Contreras to 3rd.,R,R,R,STL,MIL,X,9.0,line_drive,1,1,2024,-0.98,1.38,0.0739559478799765,2.928756738220134,,,575929.0,0,9,Bot,195.07,123.84,,,,,8.451345154256344,-135.1130485273141,-3.7599326782723,-13.908170148540624,32.03204762286395,-14.64086414854888,3.37,1.52,254.0,89.4,18.0,94.1,2327.0,7.2,745138,661388,656555,668930,687401,642715,694192,669003,686217,53.3,0.687,0.665,1.25,1.0,1.0,1.0,4.0,83,3,4-Seam Fastball,4,6,4,6,6,4,4,6,Standard,Standard,222.0,0.254,0.741,,,,0.829,-0.741,89.4,-2,-2,0.188,0.188,29,25,30,25,1,0,1.0,48,7,3.0,1.28,0.98,0.98,30.9,,,,,,pitcher
CH,2024-08-21,81.8,-2.43,5.18,"Williams, Devin",665877,642207,,blocked_ball,,,,,14.0,,R,R,R,STL,MIL,B,,,0,1,2024,-1.66,-0.52,1.1101753755742862,0.7273598191685862,,,575929.0,0,9,Bot,,,,,,,11.311973216580522,-118.6478785510594,-2.4310573652551146,-17.86757127802136,22.800124415357647,-36.84849649110441,3.50150202111103,1.6290020898249,,,,82.7,2758.0,7.1,745138,661388,656555,668930,687401,642715,694192,669003,686217,53.44,,,,,,,,83,2,Changeup,4,6,4,6,6,4,4,6,Standard,Standard,285.0,0.008,0.034,,,,,-0.034,,-2,-2,0.18,0.18,29,25,30,25,1,0,1.0,48,7,3.0,3.95,1.66,1.66,20.7,,,,,,pitcher
CH,2024-08-21,81.8,-2.51,5.18,"Williams, Devin",665877,642207,,called_strike,,,,,11.0,,R,R,R,STL,MIL,S,,,0,0,2024,-1.55,-0.25,-0.9912559367877244,2.6331346616490574,,,575929.0,0,9,Bot,,,,,,,6.510459602658666,-118.94134123972212,1.3983681480680117,-15.928217437986248,24.166171522986733,-35.10026188021176,3.49580546921276,1.69988439800589,,,,82.6,2556.0,7.0,745138,661388,656555,668930,687401,642715,694192,669003,686217,53.47,,,,,,,,83,1,Changeup,4,6,4,6,6,4,4,6,Standard,Standard,281.0,-0.012,-0.042,,,,,0.042,,-2,-2,0.192,0.192,29,25,30,25,1,0,1.0,48,7,3.0,3.68,1.55,1.55,19.8,,,,,,pitcher
CH,2024-08-21,84.1,-2.73,5.13,"Williams, Devin",575929,642207,hit_by_pitch,hit_by_pitch,,,,,13.0,Willson Contreras hit by pitch.,R,R,R,STL,MIL,B,,,1,2,2024,-1.65,-0.62,-2.4037169096918114,2.200799290591569,,,,0,9,Bot,,,,,,,4.096281258722463,-122.30967065616488,0.9626588961914642,-17.273461783038957,27.679641262940947,-38.8434586060308,3.44,1.56,,,,84.9,2804.0,7.2,745138,661388,656555,668930,687401,642715,694192,669003,686217,53.32,,0.720192,0.7,1.0,0.0,0.0,,82,4,Changeup,4,6,4,6,6,4,4,6,Standard,Standard,285.0,0.111,0.519,,,,,-0.519,,-2,-2,0.081,0.081,29,32,30,32,1,4,1.0,1,7,1.0,3.89,1.65,1.65,18.2,,,,,,pitcher
FF,2024-08-21,94.2,-2.32,5.47,"Williams, Devin",575929,642207,,foul,,,,,11.0,,R,R,R,STL,MIL,S,,,1,1,2024,-1.1,1.28,-0.5341512706786908,3.686872811573632,,,,0,9,Bot,,,,,,,7.221385397026362,-136.80081418179446,-1.6483771655465254,-15.576577443533257,36.13553794638687,-16.18218428363843,3.44,1.56,124.0,72.6,76.0,95.0,2391.0,7.3,745138,661388,656555,668930,687401,642715,694192,669003,686217,53.2,,,,,,,,82,3,4-Seam Fastball,4,6,4,6,6,4,4,6,Standard,Standard,225.0,-0.012,-0.056,72.0,7.5,,,0.056,88.0,-2,-2,0.093,0.093,29,32,30,32,1,4,1.0,1,7,1.0,1.34,1.1,1.1,29.8,12.140676700875945,-3.936772027112133,23.01489951189933,31.07555798201249,27.048396833738845,pitcher
FF,2024-08-21,94.4,-2.29,5.45,"Williams, Devin",575929,642207,,ball,,,,,12.0,,R,R,R,STL,MIL,B,,,0,1,2024,-1.0,1.25,1.1622524238102732,3.0625648992442613,,,,0,9,Bot,,,,,,,11.41232483056213,-136.94142297709675,-3.2313038222502763,-15.399174503791004,34.786279955945666,-16.03086387807869,3.73081710796964,1.68150472896416,,,,95.3,2325.0,7.3,745138,661388,656555,668930,687401,642715,694192,669003,686217,53.17,,,,,,,,82,2,4-Seam Fastball,4,6,4,6,6,4,4,6,Standard,Standard,227.0,0.005,0.025,,,,,-0.025,,-2,-2,0.088,0.088,29,32,30,32,1,4,1.0,1,7,1.0,1.36,1.0,1.0,30.9,,,,,,pitcher
FF,2024-08-21,94.2,-2.31,5.57,"Williams, Devin",575929,642207,,swinging_strike,,,,,11.0,,R,R,R,STL,MIL,S,,,0,0,2024,-0.94,1.35,-0.1347976595541781,3.798626363473578,,,,0,9,Bot,,,,,,,7.85803156918602,-136.85596802854343,-1.807261878607902,-13.730489841332616,35.63051303917064,-15.185149742257702,3.44,1.56,,,,94.8,2328.0,7.1,745138,661388,656555,668930,687401,642715,694192,669003,686217,53.37,,,,,,,,82,1,4-Seam Fastball,4,6,4,6,6,4,4,6,Standard,Standard,222.0,-0.007,-0.037,74.7,7.3,0.954359904,,0.037,,-2,-2,0.095,0.095,29,32,30,32,1,4,1.0,1,7,1.0,1.26,0.94,0.94,30.9,9.142815306536798,15.011894158954172,22.644264728631896,36.84455278337433,19.37255085316383,pitcher
CH,2024-08-20,85.9,-2.48,5.18,"Williams, Devin",669357,642207,strikeout,swinging_strike,,,,,13.0,Nolan Gorman strikes out swinging.,R,L,R,STL,MIL,S,2.0,,1,2,2024,-1.84,-0.13,-0.8426513202328296,1.5095611534256324,680977.0,571448.0,663457.0,2,9,Bot,,,,,,,7.730274367936228,-124.68080651395098,-2.050884270444552,-20.75736609094608,29.278765885590136,-33.22263567684846,3.5,1.6,,,,86.4,2948.0,7.1,745136,661388,656555,668930,687401,642715,694192,669003,686217,53.37,,0.0,0.0,1.0,0.0,0.0,,71,5,Changeup,2,3,2,3,3,2,2,3,Strategic,Standard,280.0,-0.247,-0.211,68.5,8.7,0.1,,0.211,,-1,-1,0.247,0.247,29,24,30,24,1,3,3.0,3,1,,3.27,1.84,-1.84,18.0,25.760598778514137,-23.2555831065294,32.75748893277566,46.87091931460783,43.45532062178116,pitcher
FF,2024-08-20,95.6,-2.34,5.24,"Williams, Devin",669357,642207,,foul,,,,,5.0,,R,L,R,STL,MIL,S,,,1,2,2024,-1.47,1.27,-0.0351913179377083,2.6346279028604727,680977.0,571448.0,663457.0,2,9,Bot,,,,,,,9.577452637332426,-138.77966600765976,-4.126733568578465,-21.228482928304523,32.9619254406757,-14.991000972522404,3.5,1.6,182.0,80.6,68.0,97.0,2438.0,7.4,745136,661388,656555,668930,687401,642715,694192,669003,686217,53.12,,,,,,,,71,4,4-Seam Fastball,2,3,2,3,3,2,2,3,Strategic,Standard,226.0,0.0,0.0,,,,,0.0,88.0,-1,-1,0.247,0.247,29,24,30,24,1,3,3.0,3,1,,1.25,1.47,-1.47,25.9,,,,,,pitcher
FF,2024-08-20,94.4,-2.34,5.3,"Williams, Devin",669357,642207,,swinging_strike,,,,,1.0,,R,L,R,STL,MIL,S,,,1,1,2024,-1.26,1.25,-0.690743378641179,3.483042315625366,680977.0,571448.0,663457.0,2,9,Bot,,,,,,,7.239069010358403,-137.20163923189813,-1.8010440884769698,-17.49468348622005,32.374681372071834,-16.28501031683784,3.5,1.6,,,,96.0,2418.0,7.4,745136,661388,656555,668930,687401,642715,694192,669003,686217,53.06,,,,,,,,71,3,4-Seam Fastball,2,3,2,3,3,2,2,3,Strategic,Standard,221.0,-0.029,-0.05,71.8,6.7,3.59914218,,0.05,,-1,-1,0.276,0.276,29,24,30,24,1,3,3.0,3,1,,1.33,1.26,-1.26,30.4,25.65887633161142,40.23354070899536,15.525774484300388,44.56033637306818,18.518290266414617,pitcher
CH,2024-08-20,83.3,-2.48,5.16,"Williams, Devin",669357,642207,,swinging_strike,,,,,7.0,,R,L,R,STL,MIL,S,,,1,0,2024,-1.84,-0.16,-0.3790980212829493,1.9368163725444585,680977.0,571448.0,663457.0,2,9,Bot,,,,,,,8.589662031916081,-120.9914589562887,-0.5222669996911445,-19.83200858469469,26.070069647228323,-33.88068097829834,3.5,1.6,,,,84.1,2657.0,7.2,745136,661388,656555,668930,687401,642715,694192,669003,686217,53.33,,,,,,,,71,2,Changeup,2,3,2,3,3,2,2,3,Strategic,Standard,281.0,-0.044,-0.044,,,,,0.044,,-1,-1,0.32,0.32,29,24,30,24,1,3,3.0,3,1,,3.49,1.84,-1.84,16.9,,,,,,pitcher
FF,2024-08-20,95.6,-2.38,5.4,"Williams, Devin",669357,642207,,ball,,,,,13.0,,R,L,R,STL,MIL,B,,,0,0,2024,-1.16,1.41,-1.0378833173508022,2.4702790717138337,680977.0,571448.0,663457.0,2,9,Bot,,,,,,,6.266217492730189,-138.98155627027666,-5.313168319122432,-16.51678050425858,33.35669906967559,-12.944093888638085,3.43605702170603,1.59942019832473,,,,96.9,2506.0,7.3,745136,661388,656555,668930,687401,642715,694192,669003,686217,53.25,,,,,,,,71,1,4-Seam Fastball,2,3,2,3,3,2,2,3,Strategic,Standard,231.0,0.038,0.031,,,,,-0.031,,-1,-1,0.282,0.282,29,24,30,24,1,3,3.0,3,1,,1.1,1.16,-1.16,29.5,,,,,,pitcher
CH,2024-08-20,85.8,-2.53,5.18,"Williams, Devin",502671,642207,strikeout,foul_tip,,,,,13.0,Paul Goldschmidt strikes out on a foul tip.,R,R,R,STL,MIL,S,2.0,,2,2,2024,-1.69,-0.07,-1.341471186394552,1.8837026219467328,680977.0,571448.0,663457.0,1,9,Bot,,,,,,,6.340283627618261,-124.80281562298744,-1.3771617663601263,-18.962459541100195,26.367764874872044,-32.821901987377984,3.46,1.59,,,,86.9,2848.0,7.1,745136,661388,656555,668930,687401,642715,694192,669003,686217,53.4,,0.0,0.0,1.0,0.0,0.0,,70,5,Changeup,2,3,2,3,3,2,2,3,Strategic,Standard,274.0,-0.224,-0.219,71.7,7.8,,,0.219,,-1,-1,0.506,0.506,29,36,30,37,1,3,3.0,2,1,1.0,3.18,1.69,1.69,18.0,19.68655068247631,-14.766689916899171,46.49307024756134,24.057855981266343,22.202147067333694,pitcher
FF,2024-08-20,94.4,-2.17,5.45,"Williams, Devin",502671,642207,,ball,,,,,11.0,,R,R,R,STL,MIL,B,,,1,2,2024,-1.09,1.53,-1.0820956552926129,2.6400787112397057,680977.0,571448.0,663457.0,1,9,Bot,,,,,,,5.370295872932786,-137.31077034508414,-5.111529497730424,-14.968879533608924,32.55980157703459,-11.883850042140082,3.45729787870652,1.59942019832473,,,,96.2,2362.0,7.5,745136,661388,656555,668930,687401,642715,694192,669003,686217,53.01,,,,,,,,70,4,4-Seam Fastball,2,3,2,3,3,2,2,3,Strategic,Standard,221.0,0.04,0.04,,,,,-0.04,,-1,-1,0.466,0.466,29,36,30,37,1,3,3.0,2,1,1.0,1.04,1.09,1.09,32.4,,,,,,pitcher
FF,2024-08-20,93.9,-2.23,5.41,"Williams, Devin",502671,642207,,swinging_strike,,,,,5.0,,R,R,R,STL,MIL,S,,,1,1,2024,-1.01,1.39,0.187649737092477,2.8044410647868663,680977.0,571448.0,663457.0,1,9,Bot,,,,,,,8.685497454551692,-136.44476445792853,-4.161134185908721,-14.583418070663,31.457331898569905,-14.050552905261268,3.46,1.59,,,,95.7,2351.0,7.5,745136,661388,656555,668930,687401,642715,694192,669003,686217,53.01,,,,,,,,70,3,4-Seam Fastball,2,3,2,3,3,2,2,3,Strategic,Standard,220.0,-0.066,-0.07,70.9,7.0,0.1,,0.07,,-1,-1,0.532,0.532,29,36,30,37,1,3,3.0,2,1,1.0,1.21,1.01,1.01,29.5,3.1275939301058253,19.157415108368845,32.471809812003066,44.737645370388606,5.098268082439217,pitcher
CH,2024-08-20,84.9,-2.52,5.19,"Williams, Devin",502671,642207,,ball,,,,,14.0,,R,R,R,STL,MIL,B,,,0,1,2024,-1.77,-0.37,0.7995714069121034,0.9119322108511212,680977.0,571448.0,663457.0,1,9,Bot,,,,,,,11.471696957513377,-123.08217611116874,-2.9013311914131754,-20.36361002626225,25.55410848579937,-35.52207885009404,3.45729787870652,1.59942019832473,,,,85.8,2955.0,7.1,745136,661388,656555,668930,687401,642715,694192,669003,686217,53.35,,,,,,,,70,2,Changeup,2,3,2,3,3,2,2,3,Strategic,Standard,278.0,0.026,0.017,,,,,-0.017,,-1,-1,0.506,0.506,29,36,30,37,1,3,3.0,2,1,1.0,3.57,1.77,1.77,17.1,,,,,,pitcher
FF,2024-08-20,95.2,-2.13,5.46,"Williams, Devin",502671,642207,,called_strike,,,,,6.0,,R,R,R,STL,MIL,S,,,0,0,2024,-1.15,1.5,0.7535601051531853,2.487856245063032,680977.0,571448.0,663457.0,1,9,Bot,,,,,,,10.32856952041063,-138.05063928369125,-5.547754034533536,-17.127808819640236,34.010173969853504,-11.888585282610226,3.45729787870652,1.62378192072002,,,,96.3,2454.0,7.4,745136,661388,656555,668930,687401,642715,694192,669003,686217,53.13,,,,,,,,70,1,4-Seam Fastball,2,3,2,3,3,2,2,3,Strategic,Standard,222.0,-0.039,-0.041,,,,,0.041,,-1,-1,0.545,0.545,29,36,30,37,1,3,3.0,2,1,1.0,1.05,1.15,1.15,29.4,,,,,,pitcher
FF,2024-08-20,95.4,-2.27,5.49,"Williams, Devin",571448,642207,double,hit_into_play,,,,,6.0,Nolan Arenado doubles (18) on a line drive to right fielder Sal Frelick. Brendan Donovan to 3rd.,R,R,R,STL,MIL,X,9.0,line_drive,1,0,2024,-1.17,1.29,0.3827408994755452,2.754607252670037,,,680977.0,1,9,Bot,206.53,124.06,,,,,9.775737605787228,-138.58395196755774,-4.526970358707303,-17.229180091720757,29.70557754673192,-14.71926572108834,3.36,1.64,227.0,90.4,16.0,97.1,2358.0,7.3,745136,661388,656555,668930,687401,642715,694192,669003,686217,53.23,0.926,0.92,1.25,1.0,1.0,1.0,4.0,68,2,4-Seam Fastball,2,3,2,3,3,2,2,3,Standard,Standard,224.0,0.321,0.775,70.8,7.0,,1.146,-0.775,90.4,-1,-1,0.227,0.227,29,33,30,33,1,3,3.0,2,1,1.0,1.22,1.17,1.17,31.9,-0.9172722682048892,18.58307473814441,21.12850767990245,39.874416337734125,19.62129084296875,pitcher
CH,2024-08-20,84.9,-2.34,5.13,"Williams, Devin",571448,642207,,ball,,,,,14.0,,R,R,R,STL,MIL,B,,,0,0,2024,-1.67,-0.13,0.8990044731062004,0.8079407888191703,,,680977.0,1,9,Bot,,,,,,,11.088469469659822,-123.05591039293002,-3.512504218686026,-19.175044987947693,24.51259787508243,-32.96228562089919,3.33862230389627,1.59942019832473,,,,86.0,2743.0,7.2,745136,661388,656555,668930,687401,642715,694192,669003,686217,53.25,,,,,,,,68,1,Changeup,2,3,2,3,3,2,2,3,Standard,Standard,271.0,0.013,0.036,,,,,-0.036,,-1,-1,0.214,0.214,29,33,30,33,1,3,3.0,2,1,1.0,3.32,1.67,1.67,17.8,,,,,,pitcher
FF,2024-08-20,94.5,-2.23,5.47,"Williams, Devin",680977,642207,single,hit_into_play,,,,,4.0,Brendan Donovan singles on a line drive to center fielder Garrett Mitchell.,R,L,R,STL,MIL,X,8.0,line_drive,0,0,2024,-1.11,1.32,-0.7375363919708555,2.23485008032408,,,,1,9,Bot,130.44,88.87,,,,,6.483933683528053,-137.59327710508668,-5.86724046087003,-15.450422687908288,26.285977717289175,-14.243523001563148,3.27,1.55,198.0,79.7,15.0,96.8,2409.0,7.3,745136,661388,656555,668930,687401,642715,694192,669003,686217,53.24,0.882,0.822,0.9,1.0,1.0,0.0,4.0,67,1,4-Seam Fastball,2,3,2,3,3,2,2,3,Standard,Standard,229.0,0.099,0.422,71.5,7.1,,0.975,-0.422,88.0,-1,-1,0.115,0.115,29,27,30,27,1,3,3.0,2,1,1.0,1.2,1.11,-1.11,29.4,9.784327429645296,8.566234222689465,28.46611912080812,47.3054517324036,23.73341615340293,pitcher
FF,2024-08-20,95.4,-2.2,5.37,"Williams, Devin",575929,642207,strikeout,called_strike,,,,,5.0,Willson Contreras called out on strikes.,R,R,R,STL,MIL,S,2.0,,1,2,2024,-1.03,1.18,0.2184074732786998,2.4871366714179164,,,,0,9,Bot,,,,,,,8.857011647860183,-138.7252069088225,-4.706970670143153,-15.29144336995938,29.70630689888509,-16.070118400131463,3.50913215157774,1.55069679561329,,,,97.4,2301.0,7.3,745136,661388,656555,668930,687401,642715,694192,669003,686217,53.16,,0.0,0.0,1.0,0.0,0.0,,66,4,4-Seam Fastball,2,3,2,3,3,2,2,3,Strategic,Standard,225.0,-0.062,-0.186,,,,,0.186,,-1,-1,0.177,0.177,29,32,30,32,1,3,3.0,2,1,1.0,1.32,1.03,1.03,26.9,,,,,,pitcher
FF,2024-08-20,94.6,-2.19,5.46,"Williams, Devin",575929,642207,,ball,,,,,11.0,,R,R,R,STL,MIL,B,,,0,2,2024,-0.74,1.31,-0.1622862394342076,4.668663298618689,,,,0,9,Bot,,,,,,,7.069290749852003,-137.6672592205035,0.709125775808135,-11.034964122810251,30.74828447428288,-15.881934357468683,3.43729551017611,1.57505848886332,,,,96.1,2301.0,7.2,745136,661388,656555,668930,687401,642715,694192,669003,686217,53.31,,,,,,,,66,3,4-Seam Fastball,2,3,2,3,3,2,2,3,Strategic,Standard,221.0,0.009,0.023,,,,,-0.023,,-1,-1,0.168,0.168,29,32,30,32,1,3,3.0,2,1,1.0,1.24,0.74,0.74,27.9,,,,,,pitcher
FF,2024-08-20,94.3,-2.19,5.44,"Williams, Devin",575929,642207,,swinging_strike,,,,,3.0,,R,R,R,STL,MIL,S,,,0,1,2024,-0.98,1.24,0.3285126051472773,3.073576498218085,,,,0,9,Bot,,,,,,,8.907990062367995,-137.1395077482684,-3.2883517181911217,-14.353459122555437,28.93523059457446,-15.938380887601529,3.44,1.57,,,,96.2,2417.0,7.3,745136,661388,656555,668930,687401,642715,694192,669003,686217,53.21,,,,,,,,66,2,4-Seam Fastball,2,3,2,3,3,2,2,3,Strategic,Standard,220.0,-0.023,-0.054,74.0,6.9,1.474615296,,0.054,,-1,-1,0.191,0.191,29,32,30,32,1,3,3.0,2,1,1.0,1.32,0.98,0.98,28.2,-2.197212130757797,40.148746898491424,24.08748646344532,43.68895725839565,4.265596952828987,pitcher
CH,2024-08-20,82.9,-2.49,5.22,"Williams, Devin",575929,642207,,called_strike,,,,,7.0,,R,R,R,STL,MIL,S,,,0,0,2024,-1.44,-0.54,-0.2932697201123178,1.8469275194950057,,,,0,9,Bot,,,,,,,7.949712133259872,-120.53039338772044,-0.127468904337715,-15.549967251430662,23.71367038320041,-37.66744861698743,3.26554535824709,1.50197347103661,,,,84.0,2886.0,7.1,745136,661388,656555,668930,687401,642715,694192,669003,686217,53.38,,,,,,,,66,1,Changeup,2,3,2,3,3,2,2,3,Strategic,Standard,288.0,-0.013,-0.037,,,,,0.037,,-1,-1,0.204,0.204,29,32,30,32,1,3,3.0,2,1,1.0,3.87,1.44,1.44,17.0,,,,,,pitcher
,2024-08-20,,,,"Williams, Devin",663457,642207,,automatic_ball,,,,,,,R,L,R,STL,MIL,B,,,0,0,2024,,,,,680977.0,571448.0,,1,9,Bot,,,,,,,,,,,,,,,,,,,,,745136,661388,656555,668930,687401,642715,694192,669003,686217,,,,,,,,,69,1,,2,3,2,3,3,2,2,3,,,,0.0,,,,,,,,-1,-1,0.548,0.548,29,26,30,27,1,3,3.0,2,1,1.0,,,,,,,,,,pitcher
,2024-08-20,,,,"Williams, Devin",663457,642207,intent_walk,automatic_ball,,,,,,Devin Williams intentionally walks Lars Nootbaar.,R,L,R,STL,MIL,B,,,3,0,2024,,,,,680977.0,571448.0,,1,9,Bot,,,,,,,,,,,,,,,,,,,,,745136,661388,656555,668930,687401,642715,694192,669003,686217,,,,0.4,,0.0,0.0,,69,4,,2,3,2,3,3,2,2,3,,,,-0.003,,,,,,,,-1,-1,0.548,0.548,29,26,30,27,1,3,3.0,2,1,1.0,,,,,,,,,,pitcher
,2024-08-20,,,,"Williams, Devin",663457,642207,,automatic_ball,,,,,,,R,L,R,STL,MIL,B,,,2,0,2024,,,,,680977.0,571448.0,,1,9,Bot,,,,,,,,,,,,,,,,,,,,,745136,661388,656555,668930,687401,642715,694192,669003,686217,,,,,,,,,69,3,,2,3,2,3,3,2,2,3,,,,0.0,,,,,,,,-1,-1,0.548,0.548,29,26,30,27,1,3,3.0,2,1,1.0,,,,,,,,,,pitcher
,2024-08-20,,,,"Williams, Devin",663457,642207,,automatic_ball,,,,,,,R,L,R,STL,MIL,B,,,1,0,2024,,,,,680977.0,571448.0,,1,9,Bot,,,,,,,,,,,,,,,,,,,,,745136,661388,656555,668930,687401,642715,694192,669003,686217,,,,,,,,,69,2,,2,3,2,3,3,2,2,3,,,,0.0,,,,,,,,-1,-1,0.548,0.548,29,26,30,27,1,3,3.0,2,1,1.0,,,,,,,,,,pitcher
FF,2024-08-17,96.3,-2.44,5.19,"Williams, Devin",647304,642207,field_out,hit_into_play,,,,,11.0,"Josh Naylor grounds out, third baseman Joey Ortiz to first baseman Jake Bauers.",R,L,R,MIL,CLE,X,5.0,ground_ball,2,2,2024,-1.2,1.28,-1.5772900300782136,3.783742186398916,,,,2,9,Top,104.05,163.11,,,,,5.096065090146678,-140.1912597777689,-1.0676776878729386,-16.968404462041796,32.87136352681582,-15.30929643626732,3.1,1.46,5.0,74.2,-37.0,97.7,2476.0,7.1,745952,596142,641343,668930,687401,642715,694192,669003,686217,53.37,0.052,0.047,0.0,1.0,0.0,0.0,2.0,60,5,4-Seam Fastball,2,1,1,2,1,2,1,2,Strategic,Standard,230.0,0.031,-0.219,55.8,6.5,,0.052,0.219,88.0,1,-1,0.969,0.031,29,27,30,27,1,3,2.0,1,3,1.0,1.18,1.2,-1.2,23.3,-10.759287150251687,19.04964558010928,12.466635765291258,52.14457653049605,1.5420194736134103,pitcher
CH,2024-08-17,84.7,-2.67,5.06,"Williams, Devin",647304,642207,,ball,,,,,8.0,,R,L,R,MIL,CLE,B,,,1,2,2024,-1.37,-0.3,0.1512975021163587,1.324253051923776,,,,2,9,Top,,,,,,,9.46745191857137,-123.02711203604171,-1.7607859940660482,-15.816729046885404,24.395999903949363,-35.106316770761936,3.00271192801844,1.2973391268798,,,,85.9,2716.0,7.1,745952,596142,641343,668930,687401,642715,694192,669003,686217,53.35,,,,,,,,60,4,Changeup,2,1,1,2,1,2,1,2,Strategic,Standard,283.0,-0.005,0.039,,,,,-0.039,,1,-1,0.974,0.026,29,27,30,27,1,3,2.0,1,3,1.0,3.49,1.37,-1.37,15.6,,,,,,pitcher
CH,2024-08-17,83.7,-2.61,5.1,"Williams, Devin",647304,642207,,swinging_strike,,,,,13.0,,R,L,R,MIL,CLE,S,,,1,1,2024,-1.45,-0.32,-0.9809677939757192,2.097458941723767,,,,2,9,Top,,,,,,,6.724115305517681,-121.78695420854768,0.1363561880445742,-15.70804142758002,24.13978291861803,-35.57202776300107,3.1,1.46,,,,85.0,2644.0,7.1,745952,596142,641343,668930,687401,642715,694192,669003,686217,53.36,,,,,,,,60,3,Changeup,2,1,1,2,1,2,1,2,Strategic,Standard,281.0,0.009,-0.064,71.2,8.7,11.431155108,,0.064,,1,-1,0.965,0.035,29,27,30,27,1,3,2.0,1,3,1.0,3.57,1.45,-1.45,16.1,24.331393512796435,-46.55255533873443,20.33843722584734,45.06177424065177,52.23992712433069,pitcher
CH,2024-08-17,84.0,-2.69,5.08,"Williams, Devin",647304,642207,,ball,,,,,13.0,,R,L,R,MIL,CLE,B,,,0,1,2024,-1.6,-0.36,-0.6751863150268116,0.8618788284847039,,,,2,9,Top,,,,,,,7.929313450983981,-122.07921935962884,-2.661644084088727,-17.598113544761347,23.82320498993091,-35.44378078288353,3.07593828672393,1.35653573599159,,,,85.0,2765.0,7.0,745952,596142,641343,668930,687401,642715,694192,669003,686217,53.51,,,,,,,,60,2,Changeup,2,1,1,2,1,2,1,2,Strategic,Standard,284.0,-0.004,0.029,,,,,-0.029,,1,-1,0.969,0.031,29,27,30,27,1,3,2.0,1,3,1.0,3.6,1.6,-1.6,14.9,,,,,,pitcher
CH,2024-08-17,83.1,-2.68,5.05,"Williams, Devin",647304,642207,,swinging_strike,,,,,13.0,,R,L,R,MIL,CLE,S,,,0,0,2024,-1.69,-0.22,-1.0868055689847007,0.7927101423215914,,,,2,9,Top,,,,,,,7.052276906865019,-120.78959273607872,-2.866693225368599,-17.91474362430552,23.67650228802074,-34.00071155344105,3.1,1.46,,,,84.1,2772.0,7.0,745952,596142,641343,668930,687401,642715,694192,669003,686217,53.46,,,,,,,,60,1,Changeup,2,1,1,2,1,2,1,2,Strategic,Standard,282.0,0.006,-0.041,72.4,8.8,11.649534936,,0.041,,1,-1,0.963,0.037,29,27,30,27,1,3,2.0,1,3,1.0,3.53,1.69,-1.69,14.1,29.668594420205448,-32.862301089705255,34.82631606635596,45.10719245906113,47.79884364879146,pitcher
CH,2024-08-17,82.8,-2.67,5.11,"Williams, Devin",608070,642207,field_out,hit_into_play,,,,,9.0,José Ramírez grounds out softly to catcher Gary Sánchez.,R,L,R,MIL,CLE,X,2.0,ground_ball,1,0,2024,-1.56,-0.42,0.4022618475224437,1.8884599028439928,,,,1,9,Top,125.37,203.55,,,,,10.17341281368372,-120.13461418132115,0.0466960711666615,-17.113070553529944,24.35104991154586,-36.470873398920034,3.42,1.61,2.0,30.5,-51.0,83.6,2879.0,7.1,745952,596142,641343,668930,687401,642715,694192,669003,686217,53.45,0.318,0.286,0.0,1.0,0.0,0.0,1.0,59,2,Changeup,2,1,1,2,1,2,1,2,Infield shade,Strategic,283.0,0.063,-0.295,72.2,7.9,,0.32,0.295,88.0,1,-1,0.9,0.1,29,31,30,32,1,3,2.0,1,3,1.0,3.78,1.56,-1.56,17.6,26.482648562107112,-39.734273640772926,35.07553296677017,25.81338807742092,45.22721037914651,pitcher
FF,2024-08-17,95.5,-2.25,5.35,"Williams, Devin",608070,642207,,ball,,,,,14.0,,R,L,R,MIL,CLE,B,,,0,0,2024,-0.93,1.49,1.454188366042637,1.7192452347101443,,,,1,9,Top,,,,,,,12.098394018608168,-138.4539515850863,-7.393989659645484,-14.741837169746509,31.717064443175715,-11.427695656282022,3.42837078279055,1.56818840968865,,,,97.3,2482.0,7.5,745952,596142,641343,668930,687401,642715,694192,669003,686217,52.95,,,,,,,,59,1,4-Seam Fastball,2,1,1,2,1,2,1,2,Strategic,Strategic,221.0,-0.008,0.039,,,,,-0.039,,1,-1,0.908,0.092,29,31,30,32,1,3,2.0,1,3,1.0,1.03,0.93,-0.93,27.9,,,,,,pitcher
CH,2024-08-17,81.9,-2.62,5.12,"Williams, Devin",686823,642207,field_out,hit_into_play,,,,,7.0,"Will Brennan grounds out, first baseman Jake Bauers to pitcher Devin Williams.",R,L,R,MIL,CLE,X,3.0,ground_ball,2,0,2024,-1.49,-0.38,-0.4508986867303461,1.8969068426838624,,,,0,9,Top,158.88,167.17,,,,,7.898379642827356,-119.08345234770069,0.0526124876876654,-15.659626598646748,22.91696366546437,-35.98428603838253,3.28,1.53,8.0,73.0,-15.0,83.2,2733.0,7.2,745952,596142,641343,668930,687401,642715,694192,669003,686217,53.29,0.051,0.062,0.0,1.0,0.0,0.0,2.0,58,3,Changeup,2,1,1,2,1,2,1,2,Strategic,Standard,279.0,0.108,-0.361,72.1,7.6,,0.053,0.361,88.0,1,-1,0.8,0.2,29,26,30,26,1,3,2.0,1,3,1.0,3.78,1.49,-1.49,16.0,10.224804331834417,-17.962722855357203,25.01280657243843,43.38692727400124,42.302886034743125,pitcher
FF,2024-08-17,94.5,-2.46,5.32,"Williams, Devin",686823,642207,,ball,,,,,11.0,,R,L,R,MIL,CLE,B,,,1,0,2024,-0.97,1.41,-1.1237311689399268,2.73922959341345,,,,0,9,Top,,,,,,,5.737805377325488,-137.5679559504331,-4.263440543177601,-13.53795959533313,30.27537914634893,-13.524583870166731,3.24402078639135,1.46675774791674,,,,96.3,2443.0,7.3,745952,596142,641343,668930,687401,642715,694192,669003,686217,53.24,,,,,,,,58,2,4-Seam Fastball,2,1,1,2,1,2,1,2,Strategic,Standard,219.0,-0.023,0.069,,,,,-0.069,,1,-1,0.823,0.177,29,26,30,26,1,3,2.0,1,3,1.0,1.14,0.97,-0.97,26.7,,,,,,pitcher
FF,2024-08-17,94.6,-2.34,5.34,"Williams, Devin",686823,642207,,ball,,,,,12.0,,R,L,R,MIL,CLE,B,,,0,0,2024,-0.75,1.45,1.2616740755142413,2.878077685562035,,,,0,9,Top,,,,,,,11.291709727849222,-137.2752099512453,-4.034595355628132,-11.997164698829367,29.653201134281943,-13.04675693384819,3.35515240057532,1.47098534584875,,,,96.5,2471.0,7.5,745952,596142,641343,668930,687401,642715,694192,669003,686217,53.03,,,,,,,,58,1,4-Seam Fastball,2,1,1,2,1,2,1,2,Strategic,Standard,219.0,-0.012,0.038,,,,,-0.038,,1,-1,0.835,0.165,29,26,30,26,1,3,2.0,1,3,1.0,1.1,0.75,-0.75,30.1,,,,,,pitcher
FF,2024-08-15,95.8,-2.36,5.3,"Williams, Devin",660271,642207,strikeout,foul_tip,,,,,1.0,Shohei Ohtani strikes out on a foul tip.,R,L,R,MIL,LAD,S,2.0,,3,2,2024,-0.72,1.46,-0.5288413879727623,3.46952811580684,,,,2,9,Top,,,,,,,6.600754676589446,-139.4249784506051,-2.571038166709629,-10.933440933825844,31.06330569430921,-12.779812753811091,3.48,1.58,,,,97.7,2481.0,7.3,745950,661388,656555,668930,687401,642715,694192,669003,686217,53.19,,0.0,0.0,1.0,0.0,0.0,,72,7,4-Seam Fastball,6,4,4,6,4,6,4,6,Infield shade,Standard,220.0,0.016,-0.325,80.6,7.8,,,0.325,,2,-2,0.984,0.016,29,29,30,30,1,4,1.0,1,2,1.0,1.02,0.72,-0.72,33.3,13.89885224735193,1.608208127282719,26.28906615011837,43.56741668143759,23.07359487777892,pitcher
CH,2024-08-15,84.9,-2.49,5.08,"Williams, Devin",660271,642207,,foul,,,,,9.0,,R,L,R,MIL,LAD,S,,,3,2,2024,-1.56,-0.31,0.3970358849535371,1.8921334174076163,,,,2,9,Top,,,,,,,9.997877259404213,-123.31926382960002,-0.4933360439814245,-17.863002059540726,24.462134147911843,-35.44409186505419,3.48,1.58,360.0,106.0,24.0,85.9,2761.0,7.0,745950,661388,656555,668930,687401,642715,694192,669003,686217,53.46,,,,,,,,72,6,Changeup,6,4,4,6,4,6,4,6,Infield shade,Standard,282.0,0.0,0.0,76.1,8.6,,,0.0,106.0,2,-2,0.984,0.016,29,29,30,30,1,4,1.0,1,2,1.0,3.48,1.56,-1.56,19.1,17.394887256645845,-25.70455832985209,41.63718874683076,33.16666923796984,39.09711039932984,pitcher
FF,2024-08-15,95.1,-2.31,5.23,"Williams, Devin",660271,642207,,foul,,,,,12.0,,R,L,R,MIL,LAD,S,,,3,1,2024,-0.75,1.43,1.0312728881869455,3.0030078732480363,,,,2,9,Top,,,,,,,10.59566282992694,-138.04045997111814,-3.424960355736011,-11.998146778850945,31.369915039903205,-13.25376715377734,3.48,1.58,91.0,72.1,79.0,96.4,2408.0,7.2,745950,661388,656555,668930,687401,642715,694192,669003,686217,53.29,,,,,,,,72,5,4-Seam Fastball,6,4,4,6,4,6,4,6,Strategic,Standard,230.0,0.006,-0.089,74.4,7.1,,,0.089,88.0,2,-2,0.978,0.022,29,29,30,30,1,4,1.0,1,2,1.0,1.1,0.75,-0.75,26.4,10.710895245347375,-4.685095683490443,37.666346614485775,25.59534897345529,25.94720837438568,pitcher
FF,2024-08-15,95.3,-2.33,5.33,"Williams, Devin",660271,642207,,ball,,,,,11.0,,R,L,R,MIL,LAD,B,,,2,1,2024,-0.8,1.47,-1.932583863583901,3.369548409449879,,,,2,9,Top,,,,,,,2.9010784936316067,-138.7988890687863,-2.8708031999645303,-10.97257854916704,31.997792342815977,-12.706985751173736,3.53890008625548,1.67908412947645,,,,96.9,2383.0,7.2,745950,661388,656555,668930,687401,642715,694192,669003,686217,53.31,,,,,,,,72,4,4-Seam Fastball,6,4,4,6,4,6,4,6,Strategic,Standard,232.0,-0.008,0.112,,,,,-0.112,,2,-2,0.986,0.014,29,29,30,30,1,4,1.0,1,2,1.0,1.04,0.8,-0.8,29.5,,,,,,pitcher
FF,2024-08-15,95.8,-2.41,5.23,"Williams, Devin",660271,642207,,ball,,,,,12.0,,R,L,R,MIL,LAD,B,,,1,1,2024,-0.76,1.39,0.2913147242528779,4.892715150950466,,,,2,9,Top,,,,,,,8.99441804861554,-139.24656152645224,1.6434739193482957,-11.905245061400636,31.282046013315323,-14.721569991769892,3.48004628332719,1.64495347763496,,,,97.4,2414.0,7.2,745950,661388,656555,668930,687401,642715,694192,669003,686217,53.26,,,,,,,,72,3,4-Seam Fastball,6,4,4,6,4,6,4,6,Strategic,Standard,224.0,-0.003,0.058,,,,,-0.058,,2,-2,0.989,0.011,29,29,30,30,1,4,1.0,1,2,1.0,1.1,0.76,-0.76,27.8,,,,,,pitcher
FF,2024-08-15,96.2,-2.4,5.24,"Williams, Devin",660271,642207,,ball,,,,,11.0,,R,L,R,MIL,LAD,B,,,0,1,2024,-1.03,1.46,-0.0276378076217551,4.411525367292407,,,,2,9,Top,,,,,,,8.745917115322241,-139.82429927338293,0.1117918339014574,-15.460368934356216,31.747179962812883,-13.26113759701867,3.47335901156352,1.63116618947142,,,,97.6,2442.0,7.2,745950,661388,656555,668930,687401,642715,694192,669003,686217,53.35,,,,,,,,72,2,4-Seam Fastball,6,4,4,6,4,6,4,6,Strategic,Standard,224.0,-0.001,0.029,,,,,-0.029,,2,-2,0.99,0.01,29,29,30,30,1,4,1.0,1,2,1.0,1.01,1.03,-1.03,29.7,,,,,,pitcher
FF,2024-08-15,95.0,-2.14,5.26,"Williams, Devin",660271,642207,,foul,,,,,5.0,,R,L,R,MIL,LAD,S,,,0,0,2024,-0.88,1.32,-0.2551716867555254,2.7285493617725423,,,,2,9,Top,,,,,,,7.067965597980686,-138.09498845727725,-3.9404338547425786,-12.927582516487544,32.73335222844695,-14.687542191769104,3.48,1.58,313.0,95.9,40.0,96.5,2382.0,7.3,745950,661388,656555,668930,687401,642715,694192,669003,686217,53.16,,,,,,,,72,1,4-Seam Fastball,6,4,4,6,4,6,4,6,Infield shade,Standard,221.0,0.002,-0.041,76.3,7.5,,,0.041,95.9,2,-2,0.988,0.012,29,29,30,30,1,4,1.0,1,2,1.0,1.23,0.88,-0.88,31.3,-0.0483480720846057,13.800112494689904,31.609322434032094,41.18030731247315,17.09301277438251,pitcher
CH,2024-08-15,85.6,-2.49,5.06,"Williams, Devin",605141,642207,strikeout,swinging_strike,,,,,14.0,Mookie Betts strikes out swinging.,R,R,R,MIL,LAD,S,2.0,,3,2,2024,-1.66,-0.27,0.3388351231812199,1.2602008324798883,,,,1,9,Top,,,,,,,10.161686608989786,-124.27869011416432,-2.1181569415547243,-19.229005808219213,25.31368715407116,-34.74412671729223,3.23,1.53,,,,86.6,2811.0,7.1,745950,661388,656555,668930,687401,642715,694192,669003,686217,53.4,,0.0,0.0,1.0,0.0,0.0,,71,7,Changeup,6,4,4,6,4,6,4,6,Standard,Standard,275.0,0.033,-0.332,68.6,8.5,11.03390232,,0.332,,2,-2,0.955,0.045,29,31,30,32,1,0,1.0,1,2,1.0,3.4,1.66,1.66,18.7,24.35183506942335,-47.27360828733432,27.247976404746964,38.85983079385094,58.46120490234222,pitcher
CH,2024-08-15,87.6,-2.45,5.1,"Williams, Devin",605141,642207,,ball,,,,,14.0,,R,R,R,MIL,LAD,B,,,2,2,2024,-1.66,-0.31,1.5455337942181508,1.202321749549251,,,,1,9,Top,,,,,,,13.2530359543385,-126.77723530580236,-2.5629938856801218,-20.695648987700483,26.869903977113072,-35.1625753051518,3.21439419307689,1.56664463522583,,,,88.4,3013.0,7.2,745950,661388,656555,668930,687401,642715,694192,669003,686217,53.31,,,,,,,,71,6,Changeup,6,4,4,6,4,6,4,6,Standard,Standard,274.0,-0.012,0.108,,,,,-0.108,,2,-2,0.967,0.033,29,31,30,32,1,0,1.0,1,2,1.0,3.32,1.66,1.66,19.4,,,,,,pitcher
FF,2024-08-15,95.7,-2.15,5.4,"Williams, Devin",605141,642207,,foul,,,,,3.0,,R,R,R,MIL,LAD,S,,,2,2,2024,-0.77,1.31,0.5774615310619191,2.867835753723078,,,,1,9,Top,,,,,,,9.041819297984643,-139.03418205762296,-4.058566122453442,-12.039199047145956,31.804563849722424,-14.441982799416929,3.23,1.53,215.0,81.8,56.0,96.8,2363.0,7.1,745950,661388,656555,668930,687401,642715,694192,669003,686217,53.43,,,,,,,,71,5,4-Seam Fastball,6,4,4,6,4,6,4,6,Standard,Standard,223.0,0.0,0.0,72.5,6.6,,,0.0,88.0,2,-2,0.967,0.033,29,31,30,32,1,0,1.0,1,2,1.0,1.19,0.77,0.77,33.8,5.284618232144916,6.42417747285111,27.134561704578196,42.581479778059965,23.9006879856974,pitcher
FF,2024-08-15,94.0,-2.25,5.27,"Williams, Devin",605141,642207,,foul,,,,,5.0,,R,R,R,MIL,LAD,S,,,2,1,2024,-1.09,1.39,-0.2440250189059618,2.5004452759172864,,,,1,9,Top,,,,,,,7.742005444828859,-136.6509453523719,-4.604873491671167,-15.36020709256527,30.90361153653252,-13.908545353893508,3.23,1.53,131.0,81.5,76.0,95.5,2428.0,7.3,745950,661388,656555,668930,687401,642715,694192,669003,686217,53.22,,,,,,,,71,4,4-Seam Fastball,6,4,4,6,4,6,4,6,Standard,Standard,223.0,0.009,-0.078,70.1,7.0,,,0.078,88.0,2,-2,0.958,0.042,29,31,30,32,1,0,1.0,1,2,1.0,1.2,1.09,1.09,31.3,16.7383606751554,-8.617213856140433,36.5805281815464,32.7553622287945,36.39140409839971,pitcher
FF,2024-08-15,94.2,-2.4,5.3,"Williams, Devin",605141,642207,,ball,,,,,11.0,,R,R,R,MIL,LAD,B,,,1,1,2024,-0.9,1.36,-0.9458384217878812,3.7076684091854375,,,,1,9,Top,,,,,,,5.864137483577905,-137.10132082733185,-1.4533561922699956,-12.65714472426166,31.159889052169643,-14.98999146524218,3.18972703913834,1.54197761983227,,,,95.6,2445.0,7.2,745950,661388,656555,668930,687401,642715,694192,669003,686217,53.35,,,,,,,,71,3,4-Seam Fastball,6,4,4,6,4,6,4,6,Standard,Standard,221.0,-0.006,0.059,,,,,-0.059,,2,-2,0.964,0.036,29,31,30,32,1,0,1.0,1,2,1.0,1.22,0.9,0.9,28.2,,,,,,pitcher
CH,2024-08-15,83.7,-2.55,5.09,"Williams, Devin",605141,642207,,swinging_strike,,,,,13.0,,R,R,R,MIL,LAD,S,,,1,0,2024,-1.72,-0.26,-0.2606628539831193,1.1826631711842568,,,,1,9,Top,,,,,,,8.794572122446759,-121.51112085443552,-2.041375379714865,-18.82036072492066,24.94107760522502,-34.5146027593825,3.23,1.53,,,,84.6,2789.0,7.1,745950,661388,656555,668930,687401,642715,694192,669003,686217,53.41,,,,,,,,71,2,Changeup,6,4,4,6,4,6,4,6,Standard,Strategic,277.0,0.006,-0.051,,,,,0.051,,2,-2,0.958,0.042,29,31,30,32,1,0,1.0,1,2,1.0,3.54,1.72,1.72,15.0,,,,,,pitcher
CH,2024-08-15,85.7,-2.46,5.12,"Williams, Devin",605141,642207,,ball,,,,,14.0,,R,R,R,MIL,LAD,B,,,0,0,2024,-1.58,-0.33,1.2480344154229563,1.5282285409637928,,,,1,9,Top,,,,,,,12.098713056645591,-124.17909430927216,-1.4792618401033142,-18.79109896383579,25.337751546873232,-35.47515435159145,3.12429722016714,1.47637897010567,,,,86.6,2894.0,7.2,745950,661388,656555,668930,687401,642715,694192,669003,686217,53.34,,,,,,,,71,1,Changeup,6,4,4,6,4,6,4,6,Standard,Standard,277.0,-0.005,0.039,,,,,-0.039,,2,-2,0.963,0.037,29,31,30,32,1,0,1.0,1,2,1.0,3.46,1.58,1.58,19.9,,,,,,pitcher
FF,2024-08-15,94.6,-2.29,5.26,"Williams, Devin",681624,642207,field_out,hit_into_play,,,,,2.0,Andy Pages pops out to second baseman Brice Turang.,R,R,R,MIL,LAD,X,4.0,popup,1,0,2024,-1.1,1.4,0.110274034543035,3.079084942750612,,,,0,9,Top,173.48,149.08,,,,,8.853736742606971,-137.53989265089632,-3.149899210670632,-15.880889547427165,30.960950319422704,-13.892015506822585,3.55,1.67,166.0,82.8,63.0,96.0,2446.0,7.2,745950,661388,656555,668930,687401,642715,694192,669003,686217,53.34,0.013,0.012,0.0,1.0,0.0,0.0,3.0,70,2,4-Seam Fastball,6,4,4,6,4,6,4,6,Standard,Standard,225.0,0.047,-0.292,74.9,7.7,,0.013,0.292,88.0,2,-2,0.916,0.084,29,23,30,24,1,3,1.0,2,2,2.0,1.15,1.1,1.1,29.0,10.790239155962004,-2.943768291570481,34.21699311680631,40.31672554818096,29.090296113128616,pitcher
CH,2024-08-15,83.2,-2.58,5.15,"Williams, Devin",681624,642207,,ball,,,,,14.0,,R,R,R,MIL,LAD,B,,,0,0,2024,-1.62,-0.27,0.6701370809823428,1.1715132973360811,,,,0,9,Top,,,,,,,10.742865196638332,-120.6375841706504,-2.091803182508688,-17.920408419846616,23.99285490783407,-34.55822559447342,3.36146481311721,1.54071799461244,,,,83.8,2750.0,7.0,745950,661388,656555,668930,687401,642715,694192,669003,686217,53.55,,,,,,,,70,1,Changeup,6,4,4,6,4,6,4,6,Standard,Standard,275.0,-0.008,0.038,,,,,-0.038,,2,-2,0.924,0.076,29,23,30,24,1,3,1.0,2,2,2.0,3.59,1.62,1.62,17.7,,,,,,pitcher
CH,2024-08-14,85.5,-2.45,5.18,"Williams, Devin",518692,642207,field_out,hit_into_play,,,,,13.0,"Freddie Freeman grounds out, second baseman Brice Turang to first baseman Jake Bauers.",R,L,R,MIL,LAD,X,4.0,ground_ball,0,1,2024,-1.74,-0.14,-0.4818467357610363,1.5122146589208585,,,,2,9,Top,154.82,158.53,,,,,8.285105469138328,-124.21300730345412,-2.055180061491007,-19.699009136592736,25.768878789332067,-33.4512188010557,3.68,1.81,8.0,74.6,-10.0,86.7,2810.0,7.2,745951,661388,641343,668930,687401,642715,694192,669003,686217,53.28,0.049,0.044,0.0,1.0,0.0,0.0,2.0,73,2,Changeup,5,4,4,5,4,5,4,5,Strategic,Strategic,281.0,0.031,-0.215,65.0,7.0,,0.049,0.215,88.0,1,-1,0.969,0.031,29,34,30,35,1,4,4.0,1,1,1.0,3.28,1.74,-1.74,18.2,7.300826963150513,-1.5248443588413223,44.73725950749169,45.3671277147695,27.54710748918003,pitcher
FF,2024-08-14,95.1,-2.19,5.43,"Williams, Devin",518692,642207,,called_strike,,,,,5.0,,R,L,R,MIL,LAD,S,,,0,0,2024,-1.03,1.49,-0.2699644081410435,2.4952061354755988,,,,2,9,Top,,,,,,,7.471372230259902,-138.18224500001318,-5.440766686400337,-14.872139007078484,32.42503876965917,-12.00635894337124,3.70696952222799,1.81645240069493,,,,96.6,2402.0,7.3,745951,661388,641343,668930,687401,642715,694192,669003,686217,53.15,,,,,,,,73,1,4-Seam Fastball,5,4,4,5,4,5,4,5,Strategic,Standard,220.0,0.006,-0.041,,,,,0.041,,1,-1,0.963,0.037,29,34,30,35,1,4,4.0,1,1,1.0,1.04,1.03,-1.03,31.0,,,,,,pitcher
FF,2024-08-14,94.7,-2.16,5.36,"Williams, Devin",605141,642207,strikeout,foul_tip,,,,,12.0,Mookie Betts strikes out on a foul tip.,R,R,R,MIL,LAD,S,2.0,,0,2,2024,-0.83,1.37,0.819023458423791,3.595614819822615,,,,1,9,Top,,,,,,,9.81609675639887,-137.535139907863,-1.9640882611611443,-12.752694443750917,32.43455368860241,-14.5913231909941,3.22,1.54,,,,96.2,2393.0,7.4,745951,661388,641343,668930,687401,642715,694192,669003,686217,53.1,,0.0,0.0,1.0,0.0,0.0,,72,3,4-Seam Fastball,5,4,4,5,4,5,4,5,Standard,Standard,217.0,0.033,-0.162,61.9,5.8,,,0.162,,1,-1,0.93,0.07,29,31,30,32,1,4,4.0,1,1,1.0,1.19,0.83,0.83,31.2,-4.09561030539965,23.15302856428806,16.22675545788141,46.52544236768287,18.781505697419256,pitcher
FF,2024-08-14,94.5,-2.24,5.23,"Williams, Devin",605141,642207,,called_strike,,,,,14.0,,R,R,R,MIL,LAD,S,,,0,1,2024,-1.01,1.27,0.8670337582004211,2.1869055056564948,,,,1,9,Top,,,,,,,10.552642927308067,-137.07843709279865,-5.109832436581834,-15.161084014536044,31.810951857224676,-15.176486189160943,3.14267820092782,1.52462964889448,,,,95.9,2394.0,7.4,745951,661388,641343,668930,687401,642715,694192,669003,686217,53.1,,,,,,,,72,2,4-Seam Fastball,5,4,4,5,4,5,4,5,Standard,Standard,222.0,0.014,-0.057,,,,,0.057,,1,-1,0.916,0.084,29,31,30,32,1,4,4.0,1,1,1.0,1.31,1.01,1.01,28.1,,,,,,pitcher
FF,2024-08-14,94.4,-2.12,5.27,"Williams, Devin",605141,642207,,called_strike,,,,,12.0,,R,R,R,MIL,LAD,S,,,0,0,2024,-1.02,1.21,1.0801554313817456,2.547646118304248,,,,1,9,Top,,,,,,,10.824417693451696,-136.99665367621796,-4.106077664040408,-15.352146311596664,31.58991034977844,-16.218649284336447,3.17568142271718,1.62498412248662,,,,96.0,2413.0,7.5,745951,661388,641343,668930,687401,642715,694192,669003,686217,53.02,,,,,,,,72,1,4-Seam Fastball,5,4,4,5,4,5,4,5,Standard,Standard,218.0,0.008,-0.037,,,,,0.037,,1,-1,0.908,0.092,29,31,30,32,1,4,4.0,1,1,1.0,1.37,1.02,1.02,30.0,,,,,,pitcher
FF,2024-08-14,95.1,-2.31,5.17,"Williams, Devin",660271,642207,field_out,hit_into_play,,,,,1.0,Shohei Ohtani flies out to left fielder Jackson Chourio.,R,L,R,MIL,LAD,X,7.0,fly_ball,0,1,2024,-1.12,1.12,-0.6525071395231805,3.234846983757249,,,,0,9,Top,50.94,108.09,,,,,6.999616145134742,-138.38300278797877,-1.9404223576039596,-15.929908985455937,31.035615988390884,-17.619206445721424,3.48,1.59,292.0,95.5,47.0,97.0,2397.0,7.4,745951,661388,641343,668930,687401,642715,694192,669003,686217,53.14,0.011,0.017,0.0,1.0,0.0,0.0,3.0,71,2,4-Seam Fastball,5,4,4,5,4,5,4,5,Strategic,Strategic,229.0,0.062,-0.217,74.8,7.3,,0.026,0.217,95.5,1,-1,0.846,0.154,29,29,30,30,1,4,4.0,1,1,1.0,1.41,1.12,-1.12,25.2,4.082972778544321,15.768193864795046,21.744873954240163,46.02442581833569,15.75562895116377,pitcher
CH,2024-08-14,85.0,-2.49,5.13,"Williams, Devin",660271,642207,,swinging_strike,,,,,9.0,,R,L,R,MIL,LAD,S,,,0,0,2024,-1.68,-0.25,0.3758076128777439,1.49879691391424,,,,0,9,Top,,,,,,,10.214681630358758,-123.34623004349444,-1.6411780901308812,-19.150256843663406,25.01996402788229,-34.62423983660439,3.48,1.59,,,,86.0,2843.0,7.1,745951,661388,641343,668930,687401,642715,694192,669003,686217,53.38,,,,,,,,71,1,Changeup,5,4,4,5,4,5,4,5,Strategic,Strategic,275.0,0.011,-0.037,79.9,8.5,3.47529102,,0.037,,1,-1,0.835,0.165,29,29,30,30,1,4,4.0,1,1,1.0,3.43,1.68,-1.68,19.0,24.26260125922004,-24.62931997530876,41.91091562527489,34.670744210723846,46.66438779735984,pitcher
FF,2024-08-10,95.9,-2.58,5.24,"Williams, Devin",670770,642207,strikeout,swinging_strike,,,,,11.0,TJ Friedl strikes out swinging.,R,L,R,MIL,CIN,S,2.0,,3,2,2024,-0.67,1.29,-1.0142383934802135,3.769527162463172,,,,2,9,Top,,,,,,,5.758165872315264,-139.595324012572,-1.2268531495607733,-10.001401808995237,31.391320596104904,-15.225807925127068,3.1,1.49,,,,97.8,2458.0,7.3,745955,661388,656555,668930,687401,642715,694192,669003,686217,53.16,,0.0,0.0,1.0,0.0,0.0,,57,6,4-Seam Fastball,1,0,0,1,0,1,0,1,Strategic,Standard,219.0,0.043,-0.325,60.3,5.3,1.497738708,,0.325,,1,-1,0.957,0.043,29,28,30,29,1,3,3.0,1,4,1.0,1.19,0.67,-0.67,29.5,1.7015404302142016,34.16101743521498,18.05074941057668,44.503390093542045,19.69276640284328,pitcher
FF,2024-08-10,95.6,-2.47,5.27,"Williams, Devin",670770,642207,,called_strike,,,,,7.0,,R,L,R,MIL,CIN,S,,,3,1,2024,-0.59,1.37,-0.6097215425386094,1.8232359250110075,,,,2,9,Top,,,,,,,6.38075254771514,-138.92145694620672,-6.649355790308512,-9.14102260380588,31.33211546244789,-13.169182590368022,3.09738589050896,1.58616298138693,,,,97.4,2180.0,7.4,745955,661388,656555,668930,687401,642715,694192,669003,686217,53.08,,,,,,,,57,5,4-Seam Fastball,1,0,0,1,0,1,0,1,Strategic,Standard,216.0,0.011,-0.089,,,,,0.089,,1,-1,0.946,0.054,29,28,30,29,1,3,3.0,1,4,1.0,1.14,0.59,-0.59,29.4,,,,,,pitcher
FF,2024-08-10,94.5,-2.54,5.28,"Williams, Devin",670770,642207,,called_strike,,,,,1.0,,R,L,R,MIL,CIN,S,,,3,0,2024,-0.73,1.29,-0.7892353412145433,2.7105012911295496,,,,2,9,Top,,,,,,,6.318849943308466,-137.5370008973395,-3.992743687977809,-10.621446646730108,28.87811422663746,-15.023744210300034,3.05873269549535,1.39833931105009,,,,96.5,2189.0,7.3,745955,661388,656555,668930,687401,642715,694192,669003,686217,53.2,,,,,,,,57,4,4-Seam Fastball,1,0,0,1,0,1,0,1,Strategic,Standard,224.0,0.008,-0.058,,,,,0.058,,1,-1,0.938,0.062,29,28,30,29,1,3,3.0,1,4,1.0,1.25,0.73,-0.73,28.6,,,,,,pitcher
FF,2024-08-10,94.8,-2.4,5.37,"Williams, Devin",670770,642207,,ball,,,,,11.0,,R,L,R,MIL,CIN,B,,,2,0,2024,-0.82,1.27,-0.7085328644807053,3.631737255037826,,,,2,9,Top,,,,,,,6.386798746643702,-138.0091273959869,-1.7474488012816118,-11.956786875342736,30.538037014066976,-15.78579888790163,3.02732290581772,1.55485297478912,,,,96.7,2134.0,7.3,745955,661388,656555,668930,687401,642715,694192,669003,686217,53.15,,,,,,,,57,3,4-Seam Fastball,1,0,0,1,0,1,0,1,Strategic,Standard,228.0,-0.012,0.109,,,,,-0.109,,1,-1,0.95,0.05,29,28,30,29,1,3,3.0,1,4,1.0,1.27,0.82,-0.82,31.0,,,,,,pitcher
CH,2024-08-10,83.7,-2.7,5.14,"Williams, Devin",670770,642207,,ball,,,,,11.0,,R,L,R,MIL,CIN,B,,,1,0,2024,-1.6,-0.17,-1.4737676617117976,2.7263891490123924,,,,2,9,Top,,,,,,,6.108225896189933,-121.76808359457488,1.2336723623121602,-17.09356422657668,24.4279614144383,-34.31503881533538,3.02732290581772,1.46093759485712,,,,85.1,2644.0,7.3,745955,661388,656555,668930,687401,642715,694192,669003,686217,53.24,,,,,,,,57,2,Changeup,1,0,0,1,0,1,0,1,Strategic,Standard,276.0,-0.009,0.068,,,,,-0.068,,1,-1,0.959,0.041,29,28,30,29,1,3,3.0,1,4,1.0,3.43,1.6,-1.6,19.6,,,,,,pitcher
FF,2024-08-10,94.9,-2.39,5.44,"Williams, Devin",670770,642207,,ball,,,,,11.0,,R,L,R,MIL,CIN,B,,,0,0,2024,-0.47,1.43,-0.3504831228897876,3.825370321021888,,,,2,9,Top,,,,,,,6.514890473818758,-138.1757886071351,-1.7996081414966971,-7.447361484749504,30.032230136707444,-13.63308263941537,3.1529815051963,1.58616298138693,,,,96.6,2243.0,7.2,745955,661388,656555,668930,687401,642715,694192,669003,686217,53.3,,,,,,,,57,1,4-Seam Fastball,1,0,0,1,0,1,0,1,Strategic,Standard,214.0,-0.004,0.04,,,,,-0.04,,1,-1,0.963,0.037,29,28,30,29,1,3,3.0,1,4,1.0,1.09,0.47,-0.47,32.7,,,,,,pitcher
CH,2024-08-10,85.2,-2.62,5.17,"Williams, Devin",663886,642207,strikeout,called_strike,,,,,9.0,Tyler Stephenson called out on strikes.,R,R,R,MIL,CIN,S,2.0,,3,2,2024,-1.61,-0.12,0.5247496152863091,1.6260294179565689,,,,1,9,Top,,,,,,,10.766154194958332,-123.6798268611816,-1.7678136898660095,-18.612180904529847,24.34000363975569,-33.21348116955468,3.10738552037347,1.42963727142162,,,,86.5,2646.0,7.2,745955,661388,656555,668930,687401,642715,694192,669003,686217,53.3,,0.0,0.0,1.0,0.0,0.0,,56,6,Changeup,1,0,0,1,0,1,0,1,Standard,Standard,276.0,0.067,-0.332,,,,,0.332,,1,-1,0.896,0.104,29,27,30,28,1,3,3.0,2,4,1.0,3.27,1.61,1.61,16.5,,,,,,pitcher
FF,2024-08-10,94.2,-2.52,5.32,"Williams, Devin",663886,642207,,foul,,,,,2.0,,R,R,R,MIL,CIN,S,,,3,1,2024,-0.67,1.38,0.119674300700344,2.653889573973288,,,,1,9,Top,,,,,,,8.497870834641159,-136.8753216198402,-4.309692834902112,-10.389215764954818,31.478286001977093,-14.114382383065498,3.11,1.47,199.0,76.4,60.0,95.6,2448.0,7.3,745955,661388,656555,668930,687401,642715,694192,669003,686217,53.2,,,,,,,,56,5,4-Seam Fastball,1,0,0,1,0,1,0,1,Standard,Standard,219.0,0.021,-0.092,75.6,7.6,,,0.092,88.0,1,-1,0.875,0.125,29,27,30,28,1,3,3.0,2,4,1.0,1.21,0.67,0.67,29.6,12.964135334821297,4.688616281979834,36.08613821594239,40.790633631380096,26.988365836128853,pitcher
CH,2024-08-10,86.0,-2.68,5.09,"Williams, Devin",663886,642207,,ball,,,,,14.0,,R,R,R,MIL,CIN,B,,,2,1,2024,-1.53,0.06,0.7044063710965236,0.8857101927159534,,,,1,9,Top,,,,,,,11.298916163006746,-124.6394085789125,-3.81338998144593,-18.222811857610616,25.926975695727933,-30.951842264750884,3.10738552037347,1.49224030451106,,,,87.1,2596.0,7.3,745955,661388,656555,668930,687401,642715,694192,669003,686217,53.22,,,,,,,,56,4,Changeup,1,0,0,1,0,1,0,1,Standard,Standard,272.0,-0.025,0.122,,,,,-0.122,,1,-1,0.9,0.1,29,27,30,28,1,3,3.0,2,4,1.0,3.06,1.53,1.53,16.5,,,,,,pitcher
FF,2024-08-10,93.9,-2.46,5.33,"Williams, Devin",663886,642207,,foul,,,,,11.0,,R,R,R,MIL,CIN,S,,,2,0,2024,-0.69,1.41,-0.4826435912144802,3.230988854362033,,,,1,9,Top,,,,,,,6.790695169055646,-136.59253505671086,-2.868933136641136,-10.187503483401114,30.40898096006923,-14.143580109917217,3.11,1.47,110.0,79.7,10.0,95.8,2262.0,7.4,745955,661388,656555,668930,687401,642715,694192,669003,686217,53.08,,,,,,,,56,3,4-Seam Fastball,1,0,0,1,0,1,0,1,Standard,Standard,222.0,0.017,-0.065,74.5,6.9,,,0.065,88.0,1,-1,0.883,0.117,29,27,30,28,1,3,3.0,2,4,1.0,1.18,0.69,0.69,29.0,9.619302008117376,1.1988296855205367,32.97821873457212,33.15607502427727,24.185390044210397,pitcher
FF,2024-08-10,94.4,-2.34,5.28,"Williams, Devin",663886,642207,,ball,,,,,12.0,,R,R,R,MIL,CIN,B,,,1,0,2024,-0.58,1.52,0.8660409473434904,3.230815656577812,,,,1,9,Top,,,,,,,9.854884285629804,-137.17790714704694,-3.064181089709014,-9.534679368324248,30.98219341847809,-12.465235069336307,3.12156197555062,1.49224030451106,,,,96.3,2311.0,7.5,745955,661388,656555,668930,687401,642715,694192,669003,686217,53.02,,,,,,,,56,2,4-Seam Fastball,1,0,0,1,0,1,0,1,Strategic,Standard,219.0,-0.017,0.072,,,,,-0.072,,1,-1,0.9,0.1,29,27,30,28,1,3,3.0,2,4,1.0,1.05,0.58,0.58,27.5,,,,,,pitcher
CH,2024-08-10,83.9,-2.57,5.13,"Williams, Devin",663886,642207,,ball,,,,,14.0,,R,R,R,MIL,CIN,B,,,0,0,2024,-1.58,-0.31,0.6162504527360495,1.1134546029853336,,,,1,9,Top,,,,,,,10.672008063771743,-121.71359212400702,-2.255569748111691,-17.852517205805867,23.98482178516733,-34.967853597350604,3.09014571217649,1.46093759485712,,,,85.0,2747.0,7.2,745955,661388,656555,668930,687401,642715,694192,669003,686217,53.3,,,,,,,,56,1,Changeup,1,0,0,1,0,1,0,1,Standard,Standard,279.0,-0.008,0.039,,,,,-0.039,,1,-1,0.908,0.092,29,27,30,28,1,3,3.0,2,4,1.0,3.57,1.58,1.58,19.1,,,,,,pitcher
FF,2024-08-10,94.1,-2.48,5.27,"Williams, Devin",682829,642207,strikeout,swinging_strike,,,,,11.0,Elly De La Cruz strikes out swinging.,R,L,R,MIL,CIN,S,2.0,,3,2,2024,-0.54,1.37,-0.4221484596762405,4.042600792207737,,,,0,9,Top,,,,,,,6.689765256789096,-136.9303802614177,-0.5373676655743096,-8.24995425435468,28.82645570367997,-15.026467663057849,3.64,1.75,,,,96.3,2210.0,7.4,745955,661388,656555,668930,687401,642715,694192,669003,686217,53.06,,0.0,0.0,1.0,0.0,0.0,,55,6,4-Seam Fastball,1,0,0,1,0,1,0,1,Strategic,Standard,217.0,0.091,-0.333,74.5,6.2,1.156668636,,0.333,,1,-1,0.817,0.183,29,22,30,22,1,3,3.0,1,4,1.0,1.2,0.54,-0.54,29.3,9.302387928620576,15.363158840581992,24.591023300859916,43.1592604635607,28.832413805543474,pitcher
CH,2024-08-10,85.1,-2.62,5.13,"Williams, Devin",682829,642207,,ball,,,,,14.0,,R,L,R,MIL,CIN,B,,,2,2,2024,-1.73,0.0,1.351152063991634,0.4256074580127635,,,,0,9,Top,,,,,,,12.967491980611072,-123.21511581329266,-4.741574838372526,-20.17175789578692,24.334502941196423,-31.35135000511754,3.62467937142479,1.74275064212578,,,,86.3,2766.0,7.3,745955,661388,656555,668930,687401,642715,694192,669003,686217,53.2,,,,,,,,55,5,Changeup,1,0,0,1,0,1,0,1,Strategic,Standard,274.0,-0.029,0.107,,,,,-0.107,,1,-1,0.846,0.154,29,22,30,22,1,3,3.0,1,4,1.0,3.18,1.73,-1.73,18.3,,,,,,pitcher
FF,2024-08-10,95.9,-2.39,5.22,"Williams, Devin",682829,642207,,ball,,,,,12.0,,R,L,R,MIL,CIN,B,,,1,2,2024,-0.94,1.21,0.3330117772210395,4.003080376287529,,,,0,9,Top,,,,,,,9.510342443239898,-139.46052524986985,-0.3518572144270284,-14.404140038686933,30.71203046628083,-16.464338491013418,3.65615373151736,1.74275064212578,,,,97.7,2309.0,7.3,745955,661388,656555,668930,687401,642715,694192,669003,686217,53.23,,,,,,,,55,4,4-Seam Fastball,1,0,0,1,0,1,0,1,Strategic,Standard,220.0,-0.011,0.04,,,,,-0.04,,1,-1,0.857,0.143,29,22,30,22,1,3,3.0,1,4,1.0,1.27,0.94,-0.94,25.7,,,,,,pitcher
FF,2024-08-10,95.2,-2.53,5.15,"Williams, Devin",682829,642207,,swinging_strike,,,,,2.0,,R,L,R,MIL,CIN,S,,,1,1,2024,-0.82,1.4,0.2606193409917368,3.3713231243357447,,,,0,9,Top,,,,,,,9.333347229526543,-138.35322450427157,-2.2240500007557507,-12.51212373932867,29.412288475547548,-13.791126171517968,3.64,1.75,,,,97.0,2342.0,7.3,745955,661388,656555,668930,687401,642715,694192,669003,686217,53.22,,,,,,,,55,3,4-Seam Fastball,1,0,0,1,0,1,0,1,Standard,Standard,219.0,0.018,-0.056,72.8,5.9,0.53796486,,0.056,,1,-1,0.839,0.161,29,22,30,22,1,3,3.0,1,4,1.0,1.11,0.82,-0.82,25.0,-1.4643307430750931,21.28617171671647,35.6290820774343,36.122941929214406,25.0485700641662,pitcher
FF,2024-08-10,95.7,-2.57,5.31,"Williams, Devin",682829,642207,,ball,,,,,11.0,,R,L,R,MIL,CIN,B,,,0,1,2024,-0.73,1.43,-1.7535139984116002,3.869013541263966,,,,0,9,Top,,,,,,,3.886343438725975,-139.46858260329302,-1.479701691861541,-10.427834576726887,29.31825367364669,-13.314294207434466,3.56174132531521,1.74748443748486,,,,97.7,2363.0,7.2,745955,661388,656555,668930,687401,642715,694192,669003,686217,53.3,,,,,,,,55,2,4-Seam Fastball,1,0,0,1,0,1,0,1,Standard,Standard,220.0,-0.007,0.025,,,,,-0.025,,1,-1,0.846,0.154,29,22,30,22,1,3,3.0,1,4,1.0,1.04,0.73,-0.73,25.2,,,,,,pitcher
CH,2024-08-10,84.0,-2.68,5.21,"Williams, Devin",682829,642207,,called_strike,,,,,8.0,,R,L,R,MIL,CIN,S,,,0,0,2024,-1.64,-0.22,0.14638506371294,1.7690731138458724,,,,0,9,Top,,,,,,,9.937992233955011,-121.94722488277084,-1.1103087480246008,-18.30186279415394,23.847120460420044,-34.401479121092486,3.65615373151736,1.77407585846949,,,,85.1,2826.0,7.1,745955,661388,656555,668930,687401,642715,694192,669003,686217,53.37,,,,,,,,55,1,Changeup,1,0,0,1,0,1,0,1,Standard,Standard,280.0,0.011,-0.037,,,,,0.037,,1,-1,0.835,0.165,29,22,30,22,1,3,3.0,1,4,1.0,3.47,1.64,-1.64,18.1,,,,,,pitcher
FF,2024-08-07,95.5,-2.32,5.58,"Williams, Devin",663586,642207,strikeout,called_strike,,,,,3.0,Austin Riley called out on strikes.,R,R,R,ATL,MIL,S,2.0,,0,2,2024,-0.8,1.18,0.5747068697022781,2.926250017936101,,,,2,9,Bot,,,,,,,9.609580521583966,-138.77625262219496,-4.101705729899928,-12.469478779575654,29.970871351467228,-16.127791457612414,3.41933989799404,1.59370504970659,,,,97.3,2306.0,7.3,747085,661388,656555,655316,687401,642715,694192,663368,686217,53.2,,0.0,0.0,1.0,0.0,0.0,,87,3,4-Seam Fastball,5,8,5,8,8,5,5,8,Strategic,Standard,218.0,-0.005,-0.157,,,,,0.157,,-3,-3,0.005,0.005,29,27,30,27,1,4,3.0,1,3,1.0,1.32,0.8,0.8,31.6,,,,,,pitcher
FF,2024-08-07,94.7,-2.41,5.61,"Williams, Devin",663586,642207,,foul,,,,,7.0,,R,R,R,ATL,MIL,S,,,0,1,2024,-0.87,1.45,-0.4997251232788638,2.138752061608354,,,,2,9,Bot,,,,,,,7.044059253081432,-137.69304774688715,-6.749748273653493,-12.618879556282783,30.39293460163313,-12.334891371008876,3.42,1.56,136.0,77.0,11.0,96.2,2405.0,7.2,747085,661388,656555,655316,687401,642715,694192,663368,686217,53.3,,,,,,,,87,2,4-Seam Fastball,5,8,5,8,8,5,5,8,Strategic,Standard,218.0,0.0,-0.058,80.0,7.2,,,0.058,88.0,-3,-3,0.005,0.005,29,27,30,27,1,4,3.0,1,3,1.0,1.09,0.87,0.87,30.9,-1.4213026560069657,3.539779207477755,39.30487487226896,31.31893873242209,26.122960699814573,pitcher
FF,2024-08-07,95.7,-2.29,5.67,"Williams, Devin",663586,642207,,called_strike,,,,,3.0,,R,R,R,ATL,MIL,S,,,0,0,2024,-0.9,1.33,0.5223383931691555,2.9113664182591066,,,,2,9,Bot,,,,,,,9.617229306847172,-138.9887321264112,-4.711433284962094,-13.875813027782996,31.17832233942161,-14.062098542676091,3.41933989799404,1.54784545077026,,,,97.3,2377.0,7.3,747085,661388,656555,655316,687401,642715,694192,663368,686217,53.21,,,,,,,,87,1,4-Seam Fastball,5,8,5,8,8,5,5,8,Strategic,Strategic,224.0,0.0,-0.041,,,,,0.041,,-3,-3,0.005,0.005,29,27,30,27,1,4,3.0,1,3,1.0,1.17,0.9,0.9,30.8,,,,,,pitcher
FF,2024-08-07,95.8,-2.2,5.61,"Williams, Devin",624585,642207,strikeout,called_strike,,,,,6.0,Jorge Soler called out on strikes.,R,R,R,ATL,MIL,S,2.0,,2,2,2024,-0.83,1.32,0.7720139748643587,2.790088405389658,,,,1,9,Bot,,,,,,,9.906754923347412,-139.12730802627814,-4.866902701611305,-13.066497597861234,31.45005109302976,-14.144413184422245,3.63935964355136,1.73127930669579,,,,97.4,2398.0,7.3,747085,661388,656555,655316,687401,642715,694192,663368,686217,53.17,,0.0,0.0,1.0,0.0,0.0,,86,5,4-Seam Fastball,5,8,5,8,8,5,5,8,Standard,Standard,219.0,-0.011,-0.225,,,,,0.225,,-3,-3,0.016,0.016,29,32,30,32,1,4,3.0,1,3,2.0,1.18,0.83,0.83,28.4,,,,,,pitcher
FF,2024-08-07,95.1,-2.23,5.62,"Williams, Devin",624585,642207,,called_strike,,,,,13.0,,R,R,R,ATL,MIL,S,,,2,1,2024,-0.86,1.29,-0.0290061995232248,1.4584178162443964,,,,1,9,Bot,,,,,,,7.817991934007003,-138.0652642499541,-8.281223295427576,-12.724037262240302,30.86064314790461,-13.94236445160568,3.61517664845476,1.7068257152883,,,,96.6,2422.0,7.3,747085,661388,656555,655316,687401,642715,694192,663368,686217,53.22,,,,,,,,86,4,4-Seam Fastball,5,8,5,8,8,5,5,8,Standard,Standard,222.0,-0.005,-0.078,,,,,0.078,,-3,-3,0.021,0.021,29,32,30,32,1,4,3.0,1,3,2.0,1.24,0.86,0.86,30.0,,,,,,pitcher
CH,2024-08-07,82.5,-2.56,5.42,"Williams, Devin",624585,642207,,foul,,,,,13.0,,R,R,R,ATL,MIL,S,,,2,0,2024,-1.59,-0.26,-1.0499313299470514,2.4925415241766538,,,,1,9,Bot,,,,,,,6.643475710999089,-119.9676048705533,0.4244872921685843,-16.625911081795113,23.912001362486247,-35.02788923229639,3.64,1.75,4.0,55.4,-31.0,83.8,2473.0,7.3,747085,661388,656555,655316,687401,642715,694192,663368,686217,53.25,,,,,,,,86,3,Changeup,5,8,5,8,8,5,5,8,Strategic,Standard,282.0,-0.005,-0.065,68.5,6.7,,,0.065,88.0,-3,-3,0.026,0.026,29,32,30,32,1,4,3.0,1,3,2.0,3.62,1.59,1.59,17.7,1.6141648555957522,4.26883763013209,41.69078145926916,24.471855431323306,19.039540474351693,pitcher
CH,2024-08-07,83.6,-2.56,5.46,"Williams, Devin",624585,642207,,ball,,,,,13.0,,R,R,R,ATL,MIL,B,,,1,0,2024,-1.54,-0.43,-0.8043018259800747,1.5386006925532465,,,,1,9,Bot,,,,,,,7.182724208977618,-121.47919575784324,-1.7299152607322648,-16.70740158445616,24.6347930480254,-36.26087916662065,3.63935964355136,1.73127930669579,,,,84.5,2738.0,7.1,747085,661388,656555,655316,687401,642715,694192,663368,686217,53.44,,,,,,,,86,2,Changeup,5,8,5,8,8,5,5,8,Strategic,Standard,280.0,0.005,0.072,,,,,-0.072,,-3,-3,0.021,0.021,29,32,30,32,1,4,3.0,1,3,2.0,3.71,1.54,1.54,17.7,,,,,,pitcher
FF,2024-08-07,94.8,-2.25,5.61,"Williams, Devin",624585,642207,,ball,,,,,12.0,,R,R,R,ATL,MIL,B,,,0,0,2024,-0.8,1.28,0.9745071092522214,3.186659194687413,,,,1,9,Bot,,,,,,,10.347745415107257,-137.71698116417454,-3.577794106395295,-12.352268399842838,29.21904898218352,-15.2053824598282,3.63935964355136,1.77713572670105,,,,96.3,2349.0,7.1,747085,661388,656555,655316,687401,642715,694192,663368,686217,53.36,,,,,,,,86,1,4-Seam Fastball,5,8,5,8,8,5,5,8,Standard,Standard,222.0,0.003,0.039,,,,,-0.039,,-3,-3,0.018,0.018,29,32,30,32,1,4,3.0,1,3,2.0,1.25,0.8,0.8,29.0,,,,,,pitcher
FF,2024-08-07,94.7,-2.23,5.63,"Williams, Devin",593160,642207,strikeout,swinging_strike,,,,,8.0,Whit Merrifield strikes out swinging.,R,R,R,ATL,MIL,S,2.0,,1,2,2024,-0.8,1.28,0.1328398680511269,1.936263839522398,,,,0,9,Bot,,,,,,,8.078042688667427,-137.6767277050797,-6.943076122317745,-11.927592226168304,29.3127575457393,-14.554120018913617,3.35,1.56,,,,96.2,2367.0,7.1,747085,661388,656555,655316,687401,642715,694192,663368,686217,53.4,,0.0,0.0,1.0,0.0,0.0,,85,4,4-Seam Fastball,5,8,5,8,8,5,5,8,Standard,Standard,220.0,-0.017,-0.186,59.4,6.1,2.097652176,,0.186,,-3,-3,0.035,0.035,29,35,30,35,1,3,3.0,1,3,1.0,1.26,0.8,0.8,29.6,-18.479584086301365,28.91041342595379,39.58247343898829,40.288711986830606,5.951727428717527,pitcher
CH,2024-08-07,82.8,-2.51,5.41,"Williams, Devin",593160,642207,,swinging_strike,,,,,5.0,,R,R,R,ATL,MIL,S,,,1,1,2024,-1.47,-0.3,0.0632423598599483,2.671692772691522,,,,0,9,Bot,,,,,,,8.854486199863869,-120.33482186955774,0.8681322712595141,-15.963214048363778,23.19411135297074,-35.45638299096466,3.35,1.56,,,,83.8,2794.0,7.0,747085,661388,656555,655316,687401,642715,694192,663368,686217,53.48,,,,,,,,85,3,Changeup,5,8,5,8,8,5,5,8,Standard,Standard,284.0,-0.007,-0.056,64.8,7.1,0.542253516,,0.056,,-3,-3,0.042,0.042,29,35,30,35,1,3,3.0,1,3,1.0,3.63,1.47,1.47,16.3,16.506137681317263,9.007978303451749,37.53070779058919,39.026300052279225,23.42775861114426,pitcher
FF,2024-08-07,94.5,-2.26,5.61,"Williams, Devin",593160,642207,,ball,,,,,12.0,,R,R,R,ATL,MIL,B,,,0,1,2024,-0.51,1.37,1.3613155469014693,2.659525630493418,,,,0,9,Bot,,,,,,,10.732343327537746,-137.17107289439434,-5.114284060667611,-8.766520424158038,30.325659126666,-13.908045565272866,3.38975143991262,1.59370504970659,,,,96.0,2275.0,7.3,747085,661388,656555,655316,687401,642715,694192,663368,686217,53.19,,,,,,,,85,2,4-Seam Fastball,5,8,5,8,8,5,5,8,Standard,Standard,215.0,0.003,0.025,,,,,-0.025,,-3,-3,0.039,0.039,29,35,30,35,1,3,3.0,1,3,1.0,1.2,0.51,0.51,28.1,,,,,,pitcher
FF,2024-08-07,94.9,-2.3,5.73,"Williams, Devin",593160,642207,,called_strike,,,,,2.0,,R,R,R,ATL,MIL,S,,,0,0,2024,-0.69,1.42,0.1501514431887536,3.356338174356228,,,,0,9,Bot,,,,,,,8.102964495803137,-138.03262170303333,-3.798353556880967,-10.657178738446436,30.333179689146924,-13.350177794751833,3.34933403009425,1.59370504970659,,,,96.5,2323.0,7.2,747085,661388,656555,655316,687401,642715,694192,663368,686217,53.32,,,,,,,,85,1,4-Seam Fastball,5,8,5,8,8,5,5,8,Standard,Standard,220.0,-0.004,-0.037,,,,,0.037,,-3,-3,0.043,0.043,29,35,30,35,1,3,3.0,1,3,1.0,1.11,0.69,0.69,29.0,,,,,,pitcher
FF,2024-08-07,94.6,-2.26,5.63,"Williams, Devin",672284,642207,home_run,hit_into_play,,,,,3.0,Jarred Kelenic homers (13) on a fly ball to right center field.,R,L,R,ATL,MIL,X,,fly_ball,0,0,2024,-1.06,1.25,0.4733320927356204,3.0940711453806737,,,,0,9,Bot,179.67,46.63,,,,,9.682194045259974,-137.4018239156049,-3.795213516996288,-15.568482890506427,28.900854053938883,-15.611191960101245,3.64,1.74,399.0,99.9,32.0,96.4,2352.0,7.3,747085,661388,656555,655316,687401,642715,694192,663368,686217,53.2,0.468,0.9167307692307692,2.0,1.0,0.0,3.0,6.0,84,1,4-Seam Fastball,4,8,4,8,8,5,5,8,Standard,Standard,224.0,0.024,1.114,70.0,6.3,,1.804,-1.114,99.9,-4,-4,0.019,0.019,29,24,30,25,1,3,3.0,1,3,1.0,1.29,1.06,-1.06,27.4,15.2852013021383,-0.1211366373670333,28.85358595268924,27.93103200192029,31.777700348110244,pitcher
CH,2024-08-04,85.6,-2.41,5.24,"Williams, Devin",695578,642207,strikeout,swinging_strike,,,,,4.0,James Wood strikes out swinging.,R,L,R,WSH,MIL,S,2.0,,3,2,2024,-1.43,-0.11,-0.289700717070908,2.811294515657883,,,671277.0,2,8,Bot,,,,,,,8.082662387847876,-124.44167068934662,0.7996468364932234,-16.46356372452149,24.383486775259247,-33.695519513279315,3.82,1.77,,,,87.5,2607.0,7.5,744826,596142,656555,668930,687401,642715,694192,663368,669003,52.99,,0.0,0.0,1.0,0.0,0.0,,64,6,Changeup,4,3,4,3,3,4,4,3,Strategic,Strategic,271.0,-0.017,-0.319,76.6,8.0,0.756868716,,0.319,,1,1,0.852,0.852,29,21,30,22,1,3,7.0,1,3,1.0,3.22,1.43,-1.43,22.0,16.80990171051652,-5.53920696728987,36.11113117808734,41.027401244323954,35.667917164400976,pitcher
FF,2024-08-04,95.6,-2.36,5.4,"Williams, Devin",695578,642207,,ball,,,,,1.0,,R,L,R,WSH,MIL,B,,,2,2,2024,-1.08,0.95,-0.7695956576014833,3.2241473712340136,,,671277.0,2,8,Bot,,,,,,,6.76379715005678,-139.13142447872085,-2.299120679374239,-15.513335625664194,31.26247058591215,-19.57283246281852,3.74554122098464,1.82845321692733,,,,97.6,2332.0,7.4,744826,596142,656555,668930,687401,642715,694192,663368,669003,53.09,,,,,,,,64,5,4-Seam Fastball,4,3,4,3,3,4,4,3,Strategic,Strategic,222.0,0.004,0.085,,,,,-0.085,,1,1,0.848,0.848,29,21,30,22,1,3,7.0,1,3,1.0,1.55,1.08,-1.08,27.8,,,,,,pitcher
CH,2024-08-04,84.5,-2.44,5.26,"Williams, Devin",695578,642207,,swinging_strike,,,,,8.0,,R,L,R,WSH,MIL,S,,,2,1,2024,-1.56,-0.4,-0.0037348993798396,1.68725074089141,,,671277.0,2,8,Bot,,,,,,,8.930554980860707,-122.741022373223,-1.1496578017193766,-17.564391523824977,24.43901816348675,-36.15366044456937,3.82,1.77,,,,85.6,2809.0,7.1,744826,596142,656555,668930,687401,642715,694192,663368,669003,53.37,,,,,,,,64,4,Changeup,4,3,4,3,3,4,4,3,Strategic,Strategic,280.0,-0.003,-0.072,78.5,8.2,2.093001096,,0.072,,1,1,0.851,0.851,29,21,30,22,1,3,7.0,1,3,1.0,3.6,1.56,-1.56,17.2,19.712730439651047,-13.602478338295873,38.39255131520738,38.70801750025993,49.0471285791625,pitcher
CH,2024-08-04,84.0,-2.39,5.26,"Williams, Devin",695578,642207,,ball,,,,,14.0,,R,L,R,WSH,MIL,B,,,1,1,2024,-1.58,-0.31,1.0319931593564915,1.1950216865562404,,,671277.0,2,8,Bot,,,,,,,11.277259515541074,-121.78399394030184,-2.3671736836564774,-17.954090622480656,24.38380310629672,-34.93355663445627,3.70556827923576,1.74038297971982,,,,85.4,2681.0,7.5,744826,596142,656555,668930,687401,642715,694192,663368,669003,53.03,,,,,,,,64,3,Changeup,4,3,4,3,3,4,4,3,Strategic,Strategic,284.0,0.002,0.05,,,,,-0.05,,1,1,0.849,0.849,29,21,30,22,1,3,7.0,1,3,1.0,3.57,1.58,-1.58,18.1,,,,,,pitcher
FF,2024-08-04,94.4,-2.26,5.38,"Williams, Devin",695578,642207,,called_strike,,,,,4.0,,R,L,R,WSH,MIL,S,,,1,0,2024,-0.85,1.41,-0.7687635061968454,2.902936260315904,,,671277.0,2,8,Bot,,,,,,,5.905074755297092,-137.3226471680043,-3.936805954437156,-12.121633785520592,32.12203058503783,-13.691426202636556,3.63429374885689,1.72474896021271,,,,96.1,2404.0,7.4,744826,596142,656555,668930,687401,642715,694192,663368,669003,53.09,,,,,,,,64,2,4-Seam Fastball,4,3,4,3,3,4,4,3,Strategic,Standard,221.0,-0.002,-0.048,,,,,0.048,,1,1,0.851,0.851,29,21,30,22,1,3,7.0,1,3,1.0,1.16,0.85,-0.85,29.9,,,,,,pitcher
CH,2024-08-04,84.3,-2.48,5.23,"Williams, Devin",695578,642207,,ball,,,,,13.0,,R,L,R,WSH,MIL,B,,,0,0,2024,-1.6,-0.6,-0.7773047840090437,0.8781205663562446,,,671277.0,2,8,Bot,,,,,,,7.23657124340025,-122.45113327075946,-2.473132077097416,-17.573701163279715,27.10189419662291,-37.796647243081686,3.70784900066633,1.659076689385,,,,84.7,2774.0,6.9,744826,596142,656555,668930,687401,642715,694192,663368,669003,53.56,,,,,,,,64,1,Changeup,4,3,4,3,3,4,4,3,Standard,Standard,281.0,0.001,0.034,,,,,-0.034,,1,1,0.85,0.85,29,21,30,22,1,3,7.0,1,3,1.0,3.85,1.6,-1.6,17.8,,,,,,pitcher
FF,2024-08-04,94.4,-2.22,5.5,"Williams, Devin",660688,642207,field_out,hit_into_play,,,,,2.0,Keibert Ruiz flies out to shortstop Willy Adames.,R,L,R,WSH,MIL,X,6.0,fly_ball,0,0,2024,-1.16,1.31,-0.0516078474289436,3.4240831764692623,,,671277.0,1,8,Bot,140.76,114.01,,,,,8.414449074595801,-137.16541793210018,-2.6210608171875656,-16.55802146859006,32.19219386938283,-15.27681960779248,3.39,1.55,218.0,77.2,51.0,96.1,2338.0,7.5,744826,596142,656555,668930,687401,642715,694192,663368,669003,53.02,0.063,0.066,0.0,1.0,0.0,0.0,3.0,63,1,4-Seam Fastball,4,3,4,3,3,4,4,3,Standard,Strategic,224.0,-0.017,-0.255,66.8,6.2,,0.094,0.255,88.0,1,1,0.867,0.867,29,25,30,26,1,3,7.0,1,3,1.0,1.27,1.16,-1.16,28.8,7.182692785924903,-1.680057093395428,27.580057437980763,32.48380994455076,30.883606984057355,pitcher
CH,2024-08-04,84.6,-2.49,5.31,"Williams, Devin",671277,642207,single,hit_into_play,,,,,14.0,Luis García Jr. singles on a fly ball to right fielder Garrett Mitchell.,R,L,R,WSH,MIL,X,9.0,fly_ball,2,2,2024,-1.65,-0.51,0.1802939655714184,1.2157823686506295,,,,1,8,Bot,147.94,97.01,,,,,9.68759478501465,-122.752642481919,-2.123899492473248,-18.66946038823524,25.951446867610887,-37.059710136875445,3.54,1.74,232.0,70.0,25.0,85.7,2752.0,7.3,744826,596142,656555,668930,687401,642715,694192,663368,669003,53.2,0.979,0.907,0.9,1.0,1.0,0.0,4.0,62,5,Changeup,4,3,4,3,3,4,4,3,Strategic,Strategic,282.0,0.016,0.453,65.8,7.7,,1.053,-0.453,88.0,1,1,0.851,0.851,29,24,30,24,1,3,7.0,1,3,1.0,3.73,1.65,-1.65,18.9,4.774083938884386,-5.887422665808527,35.356362248279375,37.28785798205445,37.22432125409715,pitcher
FF,2024-08-04,94.9,-2.22,5.41,"Williams, Devin",671277,642207,,called_strike,,,,,8.0,,R,L,R,WSH,MIL,S,,,2,1,2024,-1.43,1.11,-0.2247249442121028,1.639019882506558,,,,1,8,Bot,,,,,,,8.616343518325165,-137.9045650212144,-6.860103170686221,-20.166931111333863,28.205618435204915,-16.603493165642288,3.55298436968962,1.69896809177865,,,,97.2,2289.0,7.5,744826,596142,656555,668930,687401,642715,694192,663368,669003,52.99,,,,,,,,62,4,4-Seam Fastball,4,3,4,3,3,4,4,3,Strategic,Strategic,219.0,-0.003,-0.078,,,,,0.078,,1,1,0.854,0.854,29,24,30,24,1,3,7.0,1,3,1.0,1.41,1.43,-1.43,27.7,,,,,,pitcher
FF,2024-08-04,94.4,-2.33,5.49,"Williams, Devin",671277,642207,,foul,,,,,4.0,,R,L,R,WSH,MIL,S,,,2,0,2024,-1.13,1.41,-0.5962275009988531,2.8797277587304406,,,,1,8,Bot,,,,,,,7.158050625917712,-137.2932789980018,-4.318633442064273,-15.815964716164096,29.56398430158816,-13.592881047582118,3.54,1.74,281.0,83.1,38.0,96.4,2228.0,7.4,744826,596142,656555,668930,687401,642715,694192,663368,669003,53.12,,,,,,,,62,3,4-Seam Fastball,4,3,4,3,3,4,4,3,Standard,Strategic,219.0,-0.003,-0.065,70.3,6.3,,,0.065,88.0,1,1,0.857,0.857,29,24,30,24,1,3,7.0,1,3,1.0,1.15,1.13,-1.13,28.8,4.831629287114273,38.47016674814503,22.82848550167561,45.58000086995472,8.475629435306022,pitcher
CH,2024-08-04,83.8,-2.61,5.3,"Williams, Devin",671277,642207,,ball,,,,,13.0,,R,L,R,WSH,MIL,B,,,1,0,2024,-1.7,-0.4,-1.3059146339037553,2.061453066197686,,,,1,8,Bot,,,,,,,6.445387143829246,-121.81691060277451,-0.2474268261727883,-18.15911948150096,24.126195063254023,-36.28598143195995,3.5338492454895,1.73567412589434,,,,84.8,2517.0,7.0,744826,596142,656555,668930,687401,642715,694192,663368,669003,53.5,,,,,,,,62,2,Changeup,4,3,4,3,3,4,4,3,Standard,Strategic,283.0,0.003,0.072,,,,,-0.072,,1,1,0.854,0.854,29,24,30,24,1,3,7.0,1,3,1.0,3.65,1.7,-1.7,18.0,,,,,,pitcher
FF,2024-08-04,95.8,-2.25,5.56,"Williams, Devin",671277,642207,,ball,,,,,12.0,,R,L,R,WSH,MIL,B,,,0,0,2024,-1.12,1.34,0.0449309585863904,4.026510227678689,,,,1,8,Bot,,,,,,,8.751819456854594,-139.25608049435306,-1.512207280971895,-16.5048257254696,29.890635898788307,-14.503136602969056,3.65464821899196,1.68894726936292,,,,97.7,2316.0,7.3,744826,596142,656555,668930,687401,642715,694192,663368,669003,53.2,,,,,,,,62,1,4-Seam Fastball,4,3,4,3,3,4,4,3,Standard,Strategic,222.0,0.001,0.039,,,,,-0.039,,1,1,0.853,0.853,29,24,30,24,1,3,7.0,1,3,1.0,1.14,1.12,-1.12,32.3,,,,,,pitcher
FF,2024-08-04,93.3,-2.22,5.46,"Williams, Devin",660766,642207,field_out,hit_into_play,,,,,5.0,"Juan Yepez grounds out, shortstop Willy Adames to first baseman Rhys Hoskins.",R,R,R,WSH,MIL,X,6.0,ground_ball,3,1,2024,-1.07,1.24,-0.1253919046050764,2.375571824560219,,,,0,8,Bot,108.62,154.46,,,,,7.920306797371007,-135.71209433767478,-5.0401206623356805,-14.947676173427958,27.31409937294569,-15.88602108859951,3.47,1.69,81.0,85.5,4.0,95.5,2217.0,7.4,744826,596142,656555,668930,687401,642715,694192,663368,669003,53.08,0.316,0.288,0.0,1.0,0.0,0.0,2.0,61,5,4-Seam Fastball,4,3,4,3,3,4,4,3,Strategic,Strategic,230.0,-0.022,-0.418,72.8,6.9,,0.355,0.418,88.0,1,1,0.875,0.875,29,26,30,26,1,3,7.0,1,3,1.0,1.36,1.07,1.07,29.5,5.788673145104087,6.70320993001824,34.66882366016132,32.83804578721015,21.79527811170484,pitcher
FF,2024-08-04,93.9,-2.2,5.52,"Williams, Devin",660766,642207,,called_strike,,,,,6.0,,R,R,R,WSH,MIL,S,,,3,0,2024,-1.11,1.33,0.6532911772109158,2.701009347417469,,,,0,8,Bot,,,,,,,10.040743824379147,-136.40990572318157,-4.626058975830678,-16.00650419027713,27.963314686104425,-14.661432253409954,3.27033750347924,1.60732870001561,,,,95.8,2224.0,7.3,744826,596142,656555,668930,687401,642715,694192,663368,669003,53.17,,,,,,,,61,4,4-Seam Fastball,4,3,4,3,3,4,4,3,Strategic,Strategic,225.0,-0.003,-0.09,,,,,0.09,,1,1,0.878,0.878,29,26,30,26,1,3,7.0,1,3,1.0,1.25,1.11,1.11,28.9,,,,,,pitcher
CH,2024-08-04,81.7,-2.55,5.32,"Williams, Devin",660766,642207,,ball,,,,,13.0,,R,R,R,WSH,MIL,B,,,2,0,2024,-1.66,-0.55,-1.228198384663485,2.159595115168924,,,,0,8,Bot,,,,,,,6.258560764847219,-118.91079838757804,0.5160551221347862,-16.96795447252241,21.893293612352164,-37.71249836368191,3.25391713511669,1.47832780099206,,,,82.9,2757.0,7.0,744826,596142,656555,668930,687401,642715,694192,663368,669003,53.54,,,,,,,,61,3,Changeup,4,3,4,3,3,4,4,3,Standard,Strategic,282.0,0.005,0.147,,,,,-0.147,,1,1,0.873,0.873,29,26,30,26,1,3,7.0,1,3,1.0,3.95,1.66,1.66,16.2,,,,,,pitcher
CH,2024-08-04,82.8,-2.52,5.19,"Williams, Devin",660766,642207,,ball,,,,,14.0,,R,R,R,WSH,MIL,B,,,1,0,2024,-1.5,-0.51,1.1135689584187511,0.4671101247783435,,,,0,8,Bot,,,,,,,11.40827390145298,-120.11060401127963,-3.319625012464729,-16.6525217336505,21.705170024747886,-36.73975163948471,3.27079940012182,1.49581890495277,,,,84.4,2923.0,7.3,744826,596142,656555,668930,687401,642715,694192,663368,669003,53.18,,,,,,,,61,2,Changeup,4,3,4,3,3,4,4,3,Strategic,Strategic,283.0,0.004,0.069,,,,,-0.069,,1,1,0.869,0.869,29,26,30,26,1,3,7.0,1,3,1.0,3.84,1.5,1.5,16.4,,,,,,pitcher
FF,2024-08-04,93.9,-2.16,5.38,"Williams, Devin",660766,642207,,ball,,,,,14.0,,R,R,R,WSH,MIL,B,,,0,0,2024,-1.29,1.25,1.2296081901410183,1.0763011376761846,,,,0,8,Bot,,,,,,,11.880047501674902,-136.0930767786045,-8.352259014159383,-18.580057034999605,28.22840025799933,-14.854472575025689,3.33521936697557,1.53206765031601,,,,96.0,2398.0,7.6,744826,596142,656555,668930,687401,642715,694192,663368,669003,52.89,,,,,,,,61,1,4-Seam Fastball,4,3,4,3,3,4,4,3,Standard,Strategic,224.0,0.002,0.038,,,,,-0.038,,1,1,0.867,0.867,29,26,30,26,1,3,7.0,1,3,1.0,1.34,1.29,1.29,28.6,,,,,,pitcher
CH,2024-07-28,86.5,-2.6,4.97,"Williams, Devin",605137,642207,field_out,hit_into_play,,,,,13.0,"Josh Bell grounds out, second baseman Brice Turang to first baseman Rhys Hoskins.",R,L,R,MIL,MIA,X,4.0,ground_ball,3,2,2024,-1.56,-0.11,-0.8092430455628428,1.529682530605739,,669364.0,650559.0,2,9,Top,148.09,153.15,,,,,7.584996598926526,-125.85706990134356,-1.8007630076927184,-18.08150859885985,24.66462660264267,-33.22372981274841,3.72,1.8,59.0,77.8,4.0,88.1,2601.0,7.2,745961,606992,656555,668930,687401,642715,694192,663368,686217,53.3,0.189,0.17,0.0,1.0,0.0,0.0,2.0,77,7,Changeup,6,2,2,6,2,6,2,6,Strategic,Standard,278.0,0.015,-0.298,56.4,8.4,,0.247,0.298,88.0,4,-4,0.985,0.015,29,31,30,32,1,4,,1,7,5.0,3.15,1.56,-1.56,14.6,7.3619474971915295,3.244217483914007,35.60981103487428,45.08690786298836,22.22469791957431,pitcher
FF,2024-07-28,96.0,-2.57,5.39,"Williams, Devin",605137,642207,,foul,,,,,11.0,,R,L,R,MIL,MIA,S,,,3,2,2024,-0.92,1.33,-0.2591671228345409,4.240586510064469,,669364.0,650559.0,2,9,Top,,,,,,,8.314342928539439,-139.6394007362703,-0.4672082031113388,-13.813552516646318,30.177360027909483,-14.7815631176576,3.72,1.8,311.0,90.0,41.0,97.4,2283.0,7.0,745961,606992,656555,668930,687401,642715,694192,663368,686217,53.47,,,,,,,,77,6,4-Seam Fastball,6,2,2,6,2,6,2,6,Strategic,Standard,227.0,0.0,0.0,61.6,6.4,,,0.0,90.0,4,-4,0.985,0.015,29,31,30,32,1,4,,1,7,5.0,1.13,0.92,-0.92,28.7,2.514050136835268,31.56178137545492,23.706869521978263,37.85321131890456,8.791865285998572,pitcher
CH,2024-07-28,86.2,-2.59,5.01,"Williams, Devin",605137,642207,,blocked_ball,,,,,13.0,,R,L,R,MIL,MIA,B,,,2,2,2024,-1.62,-0.22,-0.7199886009099665,0.3686150679627427,,669364.0,650559.0,2,9,Top,,,,,,,7.828490098247287,-125.21763468980468,-4.373156475589006,-18.64522897582774,25.503624571020364,-33.796821687162094,3.61958078531828,1.64088296095019,,,,87.1,2714.0,7.0,745961,606992,656555,668930,687401,642715,694192,663368,686217,53.52,,,,,,,,77,5,Changeup,6,2,2,6,2,6,2,6,Standard,Standard,277.0,-0.006,0.093,,,,,-0.093,,4,-4,0.991,0.009,29,31,30,32,1,4,,1,7,5.0,3.3,1.62,-1.62,17.4,,,,,,pitcher
CH,2024-07-28,87.5,-2.69,5.09,"Williams, Devin",605137,642207,,ball,,,,,13.0,,R,L,R,MIL,MIA,B,,,1,2,2024,-1.54,-0.21,-2.178528553424497,2.042437507213625,,669364.0,650559.0,2,9,Top,,,,,,,4.496415854439755,-127.32819128561272,-0.7361329066131355,-17.646874338740947,27.58901243596547,-34.50129128607164,3.74512542737332,1.74971210419305,,,,88.6,2715.0,7.1,745961,606992,656555,668930,687401,642715,694192,663368,686217,53.38,,,,,,,,77,4,Changeup,6,2,2,6,2,6,2,6,Standard,Standard,282.0,-0.001,0.016,,,,,-0.016,,4,-4,0.992,0.008,29,31,30,32,1,4,,1,7,5.0,3.2,1.54,-1.54,19.6,,,,,,pitcher
FF,2024-07-28,95.7,-2.37,5.28,"Williams, Devin",605137,642207,,ball,,,,,12.0,,R,L,R,MIL,MIA,B,,,0,2,2024,-0.63,1.42,1.3895259148768222,3.670557963058735,,669364.0,650559.0,2,9,Top,,,,,,,11.52097174375612,-138.87048731574805,-1.8103308246871488,-10.722751943007491,31.561620673917336,-13.638205376327244,3.72856952634327,1.7399770287647,,,,97.2,2246.0,7.3,745961,606992,656555,668930,687401,642715,694192,663368,686217,53.2,,,,,,,,77,3,4-Seam Fastball,6,2,2,6,2,6,2,6,Standard,Standard,227.0,-0.001,0.003,,,,,-0.003,,4,-4,0.993,0.007,29,31,30,32,1,4,,1,7,5.0,1.09,0.63,-0.63,26.6,,,,,,pitcher
FF,2024-07-28,95.3,-2.43,5.34,"Williams, Devin",605137,642207,,foul,,,,,1.0,,R,L,R,MIL,MIA,S,,,0,1,2024,-0.69,1.35,-0.5105877823420854,3.273978654524797,,669364.0,650559.0,2,9,Top,,,,,,,6.709738663182096,-138.58405528220808,-2.8353239252156155,-10.40199779121722,31.70276158611549,-14.416361998348494,3.72,1.8,332.0,96.7,27.0,96.7,2410.0,7.2,745961,606992,656555,668930,687401,642715,694192,663368,686217,53.31,,,,,,,,77,2,4-Seam Fastball,6,2,2,6,2,6,2,6,Standard,Standard,222.0,0.002,-0.046,66.6,6.6,,,0.046,96.7,4,-4,0.991,0.009,29,31,30,32,1,4,,1,7,5.0,1.17,0.69,-0.69,30.2,-5.794165596087528,42.383193616654616,28.79219232218412,41.64430652946884,6.4756864859775884,pitcher
FF,2024-07-28,95.9,-2.42,5.3,"Williams, Devin",605137,642207,,called_strike,,,,,3.0,,R,L,R,MIL,MIA,S,,,0,0,2024,-0.9,1.35,0.4374709751773084,3.403637662334094,,669364.0,650559.0,2,9,Top,,,,,,,9.727013440720638,-139.2914276651107,-2.488083802192853,-13.887732219705782,31.96324000753252,-14.18469991798479,3.65118186433975,1.68809011880339,,,,97.2,2415.0,7.2,745961,606992,656555,668930,687401,642715,694192,663368,686217,53.34,,,,,,,,77,1,4-Seam Fastball,6,2,2,6,2,6,2,6,Standard,Standard,218.0,0.002,-0.048,,,,,0.048,,4,-4,0.989,0.011,29,31,30,32,1,4,,1,7,5.0,1.14,0.9,-0.9,29.6,,,,,,pitcher
FF,2024-07-28,95.0,-2.29,5.33,"Williams, Devin",650559,642207,walk,ball,,,,,12.0,Bryan De La Cruz walks. Xavier Edwards to 2nd.,R,R,R,MIL,MIA,B,,,3,1,2024,-0.67,1.37,1.4872997745243288,3.440179594541962,,,669364.0,2,9,Top,,,,,,,11.572090926042604,-137.9296120884789,-2.362880676234333,-11.080467674717026,30.75415453330152,-14.347192934668849,3.63379779747001,1.69617083788232,,,,96.5,2376.0,7.3,745961,606992,656555,668930,687401,642715,694192,663368,686217,53.21,,0.689131,0.7,1.0,0.0,0.0,,76,5,4-Seam Fastball,6,2,2,6,2,6,2,6,Standard,Standard,222.0,-0.004,0.152,,,,,-0.152,,4,-4,0.993,0.007,29,27,30,28,1,4,,1,7,3.0,1.17,0.67,0.67,31.2,,,,,,pitcher
CH,2024-07-28,86.0,-2.54,5.14,"Williams, Devin",650559,642207,,ball,,,,,13.0,,R,R,R,MIL,MIA,B,,,2,1,2024,-1.69,-0.2,-0.9671943225231036,2.3734482182401675,,,669364.0,2,9,Top,,,,,,,7.281229556207612,-125.07884036714248,0.1263263924600755,-19.23289619168842,25.63795712980001,-34.50918993046016,3.59872201443825,1.69636417149606,,,,87.2,2648.0,7.1,745961,606992,656555,668930,687401,642715,694192,663368,686217,53.38,,,,,,,,76,4,Changeup,6,2,2,6,2,6,2,6,Standard,Standard,280.0,-0.002,0.078,,,,,-0.078,,4,-4,0.995,0.005,29,27,30,28,1,4,,1,7,3.0,3.29,1.69,1.69,19.1,,,,,,pitcher
CH,2024-07-28,87.5,-2.53,5.03,"Williams, Devin",650559,642207,,blocked_ball,,,,,14.0,,R,R,R,MIL,MIA,B,,,1,1,2024,-1.55,-0.07,1.1481707686718403,0.6304175034527595,,,669364.0,2,9,Top,,,,,,,12.199896204462858,-126.85558643624977,-4.3369932927777,-19.184069753927155,25.604329927204965,-32.2180739558258,3.66058490473404,1.70468232810931,,,,88.5,2679.0,7.1,745961,606992,656555,668930,687401,642715,694192,663368,686217,53.4,,,,,,,,76,3,Changeup,6,2,2,6,2,6,2,6,Standard,Standard,274.0,-0.001,0.05,,,,,-0.05,,4,-4,0.996,0.004,29,27,30,28,1,4,,1,7,3.0,3.07,1.55,1.55,18.3,,,,,,pitcher
FF,2024-07-28,95.8,-2.27,5.32,"Williams, Devin",650559,642207,,ball,,,,,12.0,,R,R,R,MIL,MIA,B,,,0,1,2024,-0.72,1.38,2.1334198084896503,3.181513778329601,,,669364.0,2,9,Top,,,,,,,13.426813623544556,-138.90262975252912,-3.155119023416002,-12.260390382439532,30.77673611203382,-13.784663260612003,3.63412385404408,1.70467283465097,,,,97.1,2329.0,7.2,745961,606992,656555,668930,687401,642715,694192,663368,686217,53.28,,,,,,,,76,2,4-Seam Fastball,6,2,2,6,2,6,2,6,Standard,Standard,222.0,-0.001,0.032,,,,,-0.032,,4,-4,0.997,0.003,29,27,30,28,1,4,,1,7,3.0,1.12,0.72,0.72,29.9,,,,,,pitcher
CH,2024-07-28,86.1,-2.61,5.14,"Williams, Devin",650559,642207,,called_strike,,,,,7.0,,R,R,R,MIL,MIA,S,,,0,0,2024,-1.51,-0.23,-0.7692773598268705,1.7162996028049968,,,669364.0,2,9,Top,,,,,,,7.551796056221498,-125.1537769366103,-1.4045690592809488,-17.343536026731233,25.073241264037133,-34.569060440297775,3.65188155443047,1.66037871964112,,,,87.4,2690.0,7.1,745961,606992,656555,668930,687401,642715,694192,663368,686217,53.37,,,,,,,,76,1,Changeup,6,2,2,6,2,6,2,6,Standard,Standard,280.0,0.001,-0.047,,,,,0.047,,4,-4,0.996,0.004,29,27,30,28,1,4,,1,7,3.0,3.31,1.51,1.51,20.6,,,,,,pitcher
CH,2024-07-28,85.9,-2.65,5.03,"Williams, Devin",669364,642207,single,hit_into_play,,,,,13.0,Xavier Edwards singles on a ground ball to shortstop Willy Adames.,R,L,R,MIL,MIA,X,6.0,ground_ball,1,2,2024,-1.57,-0.46,-0.8421549023626129,1.98461804691592,,,,2,9,Top,110.92,145.01,,,,,7.591352125649866,-124.92258379892613,0.0260889665171792,-18.022039896135563,26.126188842060632,-37.18135244336232,3.26,1.44,98.0,75.1,8.0,87.0,2796.0,7.1,745961,606992,656555,668930,687401,642715,694192,663368,686217,53.42,0.286,0.257,0.9,1.0,1.0,0.0,2.0,75,4,Changeup,6,2,2,6,2,6,2,6,Strategic,Standard,285.0,-0.003,0.408,61.5,6.2,,0.308,-0.408,88.0,4,-4,0.999,0.001,29,24,30,25,1,4,,1,7,2.0,3.56,1.57,-1.57,16.8,-5.085319385779692,12.597770856965644,31.16300360260618,42.57002683712074,22.44308778006633,pitcher
FF,2024-07-28,97.8,-2.4,5.28,"Williams, Devin",669364,642207,,foul,,,,,11.0,,R,L,R,MIL,MIA,S,,,1,1,2024,-0.65,1.14,-0.4287148003440773,3.611843403403115,,,,2,9,Top,,,,,,,6.889225608729162,-142.3741347392914,-1.6801728839697538,-10.329500625828446,31.214366054725375,-16.460784800502044,3.26,1.44,274.0,80.8,35.0,99.3,2247.0,7.0,745961,606992,656555,668930,687401,642715,694192,663368,686217,53.51,,,,,,,,75,3,4-Seam Fastball,6,2,2,6,2,6,2,6,Standard,Standard,220.0,0.0,-0.064,58.5,5.2,,,0.064,88.0,4,-4,0.999,0.001,29,24,30,25,1,4,,1,7,2.0,1.23,0.65,-0.65,26.2,-4.029034865013642,33.36117596356676,22.321768001832627,38.254134931792805,6.512378976626403,pitcher
FF,2024-07-28,96.9,-2.38,5.26,"Williams, Devin",669364,642207,,foul,,,,,3.0,,R,L,R,MIL,MIA,S,,,1,0,2024,-0.92,1.29,0.3726507462932386,2.9409275181328707,,,,2,9,Top,,,,,,,9.58708872310349,-140.72765087922843,-3.6184394641480297,-14.38869521468586,32.65477812584345,-14.333155698153114,3.26,1.44,249.0,75.9,36.0,98.2,2388.0,7.2,745961,606992,656555,668930,687401,642715,694192,663368,686217,53.33,,,,,,,,75,2,4-Seam Fastball,6,2,2,6,2,6,2,6,Standard,Standard,222.0,0.0,-0.051,63.9,5.2,,,0.051,88.0,4,-4,0.999,0.001,29,24,30,25,1,4,,1,7,2.0,1.15,0.92,-0.92,25.8,-5.602650953983179,20.44834584867857,32.95533741435371,28.03554722578511,17.596907672862322,pitcher
CH,2024-07-28,85.7,-2.66,5.05,"Williams, Devin",669364,642207,,ball,,,,,14.0,,R,L,R,MIL,MIA,B,,,0,0,2024,-1.57,-0.41,0.2397994572132329,0.8843535682328052,,,,2,9,Top,,,,,,,10.180749920197572,-124.36700176910573,-2.7030992252988453,-18.374230767684367,26.03725753692558,-36.04123101651077,3.29422297041761,1.38862924674048,,,,86.7,2824.0,7.2,745961,606992,656555,668930,687401,642715,694192,663368,686217,53.35,,,,,,,,75,1,Changeup,6,2,2,6,2,6,2,6,Standard,Standard,280.0,0.0,0.04,,,,,-0.04,,4,-4,0.999,0.001,29,24,30,25,1,4,,1,7,2.0,3.54,1.57,-1.57,19.3,,,,,,pitcher
FF,2024-07-28,96.5,-2.41,5.14,"Williams, Devin",657088,642207,strikeout,swinging_strike,,,,,1.0,Forrest Wall strikes out swinging.,R,L,R,MIL,MIA,S,2.0,,0,2,2024,-0.88,1.29,-0.5735630827162271,2.866593919307572,,,,1,9,Top,,,,,,,6.9921518494280095,-140.33584843717884,-3.431691601595002,-13.205716995372557,32.39761567088602,-14.620762451936372,3.44,1.53,,,,97.9,2334.0,7.1,745961,606992,656555,668930,687401,642715,694192,663368,686217,53.36,,0.0,0.0,1.0,0.0,0.0,,74,3,4-Seam Fastball,6,2,2,6,2,6,2,6,Strategic,Standard,222.0,0.003,-0.162,65.6,5.7,0.95877438,,0.162,,4,-4,0.996,0.004,29,28,30,29,1,0,,24,7,4.0,1.17,0.88,-0.88,26.0,-5.422196822048258,21.48367353260289,30.51594995487808,42.60457849739728,10.57740868513151,pitcher
FF,2024-07-28,96.7,-2.59,5.16,"Williams, Devin",657088,642207,,swinging_strike,,,,,4.0,,R,L,R,MIL,MIA,S,,,0,1,2024,-1.09,1.27,-0.3679273742637399,2.7313918934178707,,,,1,9,Top,,,,,,,8.531942399505448,-140.48586586567092,-3.8373508039092776,-16.343448242754317,32.215914183835906,-14.706347381239649,3.44,1.53,,,,98.1,2385.0,7.2,745961,606992,656555,668930,687401,642715,694192,663368,686217,53.31,,,,,,,,74,2,4-Seam Fastball,6,2,2,6,2,6,2,6,Standard,Standard,226.0,0.001,-0.057,66.1,5.4,3.758986536,,0.057,,4,-4,0.995,0.005,29,28,30,29,1,0,,24,7,4.0,1.18,1.09,-1.09,25.3,-17.95444295919695,39.82573762321156,41.53601448062748,39.57431983503008,4.742832917445287,pitcher
FF,2024-07-28,95.7,-2.43,5.33,"Williams, Devin",657088,642207,,called_strike,,,,,5.0,,R,L,R,MIL,MIA,S,,,0,0,2024,-0.98,1.37,-0.1786694563401627,2.2959141926936946,,,,1,9,Top,,,,,,,8.26337059650371,-139.0985723106322,-5.572930733879153,-14.54464840993524,30.61279001949118,-13.249890985044228,3.44866726884285,1.44326017024381,,,,97.1,2378.0,7.1,745961,606992,656555,668930,687401,642715,694192,663368,686217,53.39,,,,,,,,74,1,4-Seam Fastball,6,2,2,6,2,6,2,6,Standard,Standard,219.0,0.001,-0.037,,,,,0.037,,4,-4,0.994,0.006,29,28,30,29,1,0,,24,7,4.0,1.12,0.98,-0.98,30.2,,,,,,pitcher
FF,2024-07-28,95.3,-2.49,5.28,"Williams, Devin",624503,642207,field_out,hit_into_play,,,,,4.0,"Nick Gordon grounds out, second baseman Brice Turang to first baseman Rhys Hoskins.",R,L,R,MIL,MIA,X,4.0,ground_ball,3,1,2024,-1.0,1.28,-0.3181052562183367,2.530918082506915,,,,0,9,Top,148.09,152.64,,,,,8.079908960625803,-138.59539236463078,-4.518914802643051,-14.652351903762856,30.760326087341674,-14.85418302149035,3.54,1.63,49.0,97.8,0.0,96.7,2288.0,7.1,745961,606992,656555,668930,687401,642715,694192,663368,686217,53.37,0.384,0.346,0.0,1.0,0.0,0.0,4.0,73,5,4-Seam Fastball,6,2,2,6,2,6,2,6,Standard,Standard,223.0,0.017,-0.418,64.0,7.1,,0.411,0.418,97.8,4,-4,0.977,0.023,29,28,30,29,1,3,,1,7,2.0,1.23,1.0,-1.0,27.8,8.757417505439157,0.4156608172484495,37.75709836193198,35.10783436137619,22.40315257378713,pitcher
FF,2024-07-28,95.8,-2.4,5.37,"Williams, Devin",624503,642207,,ball,,,,,12.0,,R,L,R,MIL,MIA,B,,,2,1,2024,-0.84,1.24,0.3481499851004777,3.973196614838837,,,,0,9,Top,,,,,,,9.268911242534616,-139.25627287082753,-0.8938091080825941,-13.00050399516758,31.093364478914555,-15.998724634715648,3.6152822528712,1.57140446304199,,,,96.9,2268.0,7.0,745961,606992,656555,668930,687401,642715,694192,663368,686217,53.53,,,,,,,,73,4,4-Seam Fastball,6,2,2,6,2,6,2,6,Standard,Standard,222.0,-0.006,0.122,,,,,-0.122,,4,-4,0.983,0.017,29,28,30,29,1,3,,1,7,2.0,1.24,0.84,-0.84,28.4,,,,,,pitcher
CH,2024-07-28,84.9,-2.58,5.11,"Williams, Devin",624503,642207,,ball,,,,,14.0,,R,L,R,MIL,MIA,B,,,1,1,2024,-1.48,-0.39,0.7087909707901177,0.7199511137373196,,,,0,9,Top,,,,,,,10.80020549220176,-123.14371249276128,-3.172230845893795,-17.159095707861468,23.804987914834143,-35.70743941859848,3.59855873402966,1.57139661967128,,,,86.1,2808.0,7.2,745961,606992,656555,668930,687401,642715,694192,663368,686217,53.32,,,,,,,,73,3,Changeup,6,2,2,6,2,6,2,6,Standard,Standard,283.0,-0.002,0.053,,,,,-0.053,,4,-4,0.985,0.015,29,28,30,29,1,3,,1,7,2.0,3.57,1.48,-1.48,17.4,,,,,,pitcher
CH,2024-07-28,83.9,-2.59,5.19,"Williams, Devin",624503,642207,,foul,,,,,14.0,,R,L,R,MIL,MIA,S,,,1,0,2024,-1.5,-0.32,0.3239038085666463,1.5034538842153502,,,,0,9,Top,,,,,,,9.775739187580395,-121.7729410924276,-1.4540625904650044,-16.816806111556417,23.779943530175625,-35.269119942121804,3.54,1.63,2.0,61.4,-39.0,84.4,2736.0,6.8,745961,606992,656555,668930,687401,642715,694192,663368,686217,53.74,,,,,,,,73,2,Changeup,6,2,2,6,2,6,2,6,Standard,Standard,281.0,0.002,-0.049,72.6,7.7,,,0.049,88.0,4,-4,0.983,0.017,29,28,30,29,1,3,,1,7,2.0,3.57,1.5,-1.5,18.9,30.704330148821924,-7.454464255815496,45.6848507569536,28.947177992760253,39.77397702990344,pitcher
FF,2024-07-28,95.3,-2.39,5.26,"Williams, Devin",624503,642207,,ball,,,,,12.0,,R,L,R,MIL,MIA,B,,,0,0,2024,-0.7,1.42,0.5024423949564197,3.775046318375954,,,,0,9,Top,,,,,,,9.320669989442177,-138.56405620701986,-1.4592975549082556,-11.145196681005023,31.030039333892123,-13.713527155308864,3.59020205245828,1.52952242388159,,,,96.7,2385.0,7.1,745961,606992,656555,668930,687401,642715,694192,663368,686217,53.38,,,,,,,,73,1,4-Seam Fastball,6,2,2,6,2,6,2,6,Standard,Standard,220.0,-0.002,0.038,,,,,-0.038,,4,-4,0.985,0.015,29,28,30,29,1,3,,1,7,2.0,1.09,0.7,-0.7,29.6,,,,,,pitcher
