pitch_type,game_date,release_speed,release_pos_x,release_pos_z,player_name,batter,pitcher,events,description,spin_dir,spin_rate_deprecated,break_angle_deprecated,break_length_deprecated,zone,des,game_type,stand,p_throws,home_team,away_team,type,hit_location,bb_type,balls,strikes,game_year,pfx_x,pfx_z,plate_x,plate_z,on_3b,on_2b,on_1b,outs_when_up,inning,inning_topbot,hc_x,hc_y,tfs_deprecated,tfs_zulu_deprecated,umpire,sv_id,vx0,vy0,vz0,ax,ay,az,sz_top,sz_bot,hit_distance_sc,launch_speed,launch_angle,effective_speed,release_spin_rate,release_extension,game_pk,fielder_2,fielder_3,fielder_4,fielder_5,fielder_6,fielder_7,fielder_8,fielder_9,release_pos_y,estimated_ba_using_speedangle,estimated_woba_using_speedangle,woba_value,woba_denom,babip_value,iso_value,launch_speed_angle,at_bat_number,pitch_number,pitch_name,home_score,away_score,bat_score,fld_score,post_away_score,post_home_score,post_bat_score,post_fld_score,if_fielding_alignment,of_fielding_alignment,spin_axis,delta_home_win_exp,delta_run_exp,bat_speed,swing_length,miss_distance,estimated_slg_using_speedangle,delta_pitcher_run_exp,hyper_speed,home_score_diff,bat_score_diff,home_win_exp,bat_win_exp,age_pit_legacy,age_bat_legacy,age_pit,age_bat,n_thruorder_pitcher,n_priorpa_thisgame_player_at_bat,pitcher_days_since_prev_game,batter_days_since_prev_game,pitcher_days_until_next_game,batter_days_until_next_game,api_break_z_with_gravity,api_break_x_arm,api_break_x_batter_in,arm_angle,attack_angle,attack_direction,swing_path_tilt,intercept_ball_minus_batter_pos_x_inches,intercept_ball_minus_batter_pos_y_inches,player_type
ST,2024-09-25,82.9,-2.26,4.96,"Black, Mason",672515,696131,walk,ball,,,,,14,Gabriel Moreno walks. Christian Walker scores. Lourdes Gurriel Jr. to 3rd. Jake McCarthy to 2nd.,R,R,R,AZ,SF,B,,,3,2,2024,0.95,-0.24,1.3721860600911613,1.8022764604369867,572233.0,666971.0,664983.0,2,3,Bot,,,,,,,6.523593530508537,-120.6302231994448,-0.2081048807942489,7.8559192397838356,24.944899036049893,-34.66757482840578,3.34704510190967,1.54377173523395,,,,83.7,2543,7.0,747144,672275,664774,689172,656305,666149,671218,687529,573262,53.53,,0.689131,0.7,1.0,0.0,0.0,,29,6,Sweeper,3,1,3,1,1,4,4,1,Strategic,Standard,54,0.06,0.251,,,,,-0.251,,2,2,0.79,0.79,24,24,25,24,2,1,5.0,1,,2.0,3.57,-0.95,-0.95,24.0,,,,,,pitcher
SI,2024-09-25,94.2,-2.15,4.94,"Black, Mason",672515,696131,,ball,,,,,12,,R,R,R,AZ,SF,B,,,2,2,2024,-1.33,0.72,1.0389655800783884,3.635856684990688,572233.0,666971.0,664983.0,2,3,Bot,,,,,,,11.355417785275154,-136.8363102509278,0.7370262942164079,-19.12092276993431,28.477024008634423,-23.530646195081097,3.38043722228338,1.54377173523395,,,,95.3,2200,6.9,747144,672275,664774,689172,656305,666149,671218,687529,573262,53.58,,,,,,,,29,5,Sinker,3,1,3,1,1,3,3,1,Strategic,Standard,234,0.018,0.103,,,,,-0.103,,2,2,0.772,0.772,24,24,25,24,2,1,5.0,1,,2.0,1.85,1.33,1.33,21.3,,,,,,pitcher
ST,2024-09-25,82.7,-2.12,4.97,"Black, Mason",672515,696131,,ball,,,,,12,,R,R,R,AZ,SF,B,,,1,2,2024,1.04,-0.03,1.233704496821921,2.495462681221915,572233.0,666971.0,664983.0,2,3,Bot,,,,,,,5.684726518223197,-120.35578152281654,0.9553061301408932,8.896622412614478,24.597611137264774,-32.86334785835795,3.38043722228338,1.54377173523395,,,,83.5,2628,6.9,747144,672275,664774,689172,656305,666149,671218,687529,573262,53.56,,,,,,,,29,4,Sweeper,3,1,3,1,1,3,3,1,Strategic,Standard,53,0.007,0.052,,,,,-0.052,,2,2,0.765,0.765,24,24,25,24,2,1,5.0,1,,2.0,3.37,-1.04,-1.04,23.2,,,,,,pitcher
ST,2024-09-25,83.4,-2.04,5.05,"Black, Mason",672515,696131,,ball,,,,,14,,R,R,R,AZ,SF,B,,,0,2,2024,0.87,0.09,2.163491175215202,2.208110575044857,572233.0,666971.0,664983.0,2,3,Bot,,,,,,,8.045674266545442,-121.18742142232465,-0.1987667135228339,6.832329312076383,25.043625363932005,-31.47825938239392,3.38043722228338,1.54377173523395,,,,84.0,2604,6.9,747144,672275,664774,689172,656305,666149,671218,687529,573262,53.59,,,,,,,,29,3,Sweeper,3,1,3,1,1,3,3,1,Strategic,Standard,51,0.005,0.023,,,,,-0.023,,2,2,0.76,0.76,24,24,25,24,2,1,5.0,1,,2.0,3.21,-0.87,-0.87,25.2,,,,,,pitcher
ST,2024-09-25,81.9,-2.07,5.1,"Black, Mason",672515,696131,,called_strike,,,,,3,,R,R,R,AZ,SF,S,,,0,1,2024,0.97,-0.02,0.4701198270324508,3.5031051595832685,572233.0,666971.0,664983.0,2,3,Bot,,,,,,,3.894189414090676,-119.22439757018306,3.0719045796123754,8.4911864807881,23.812958505512448,-33.24236429009765,3.47894432701971,1.64096017308403,,,,82.6,2566,6.8,747144,672275,664774,689172,656305,666149,671218,687529,573262,53.69,,,,,,,,29,2,Sweeper,3,1,3,1,1,3,3,1,Strategic,Standard,55,-0.012,-0.042,,,,,0.042,,2,2,0.772,0.772,24,24,25,24,2,1,5.0,1,,2.0,3.43,-0.97,-0.97,26.9,,,,,,pitcher
ST,2024-09-25,82.8,-2.15,4.95,"Black, Mason",672515,696131,,called_strike,,,,,5,,R,R,R,AZ,SF,S,,,0,0,2024,1.03,-0.06,-0.0679350008882906,2.4271317618426616,572233.0,666971.0,664983.0,2,3,Bot,,,,,,,2.753850888743182,-120.51217486987788,0.9023525930333612,9.383057299889243,25.00528134024612,-33.19836481747066,3.33827349000503,1.51072769208105,,,,83.1,2463,6.6,747144,672275,664774,689172,656305,666149,671218,687529,573262,53.9,,,,,,,,29,1,Sweeper,3,1,3,1,1,3,3,1,Strategic,Standard,49,-0.008,-0.044,,,,,0.044,,2,2,0.78,0.78,24,24,25,24,2,1,5.0,1,,2.0,3.4,-1.03,-1.03,19.2,,,,,,pitcher
ST,2024-09-25,82.3,-2.01,5.09,"Black, Mason",553993,696131,strikeout,swinging_strike,,,,,12,Eugenio Suárez strikes out swinging.,R,R,R,AZ,SF,S,2.0,,0,2,2024,1.4,-0.29,0.952170593493529,3.232921006820147,572233.0,666971.0,664983.0,1,3,Bot,,,,,,,4.019347375655487,-119.67705387770596,2.9631045281008603,12.567196650499554,24.75457710872886,-35.80150820197893,3.42,1.56,,,,82.5,2593,6.6,747144,672275,664774,689172,656305,666149,671218,687529,573262,53.86,,0.0,0.0,1.0,0.0,0.0,,28,4,Sweeper,3,1,3,1,1,3,3,1,Standard,Standard,59,-0.03,-0.16,67.1,7.0,0.543330468,,0.16,,2,2,0.81,0.81,24,32,25,33,2,1,5.0,1,,2.0,3.68,-1.4,-1.4,26.6,12.026186434651931,14.120702106091526,31.5573996549144,44.155689504833774,23.74775406201917,pitcher
FF,2024-09-25,92.7,-1.8,5.12,"Black, Mason",553993,696131,,foul,,,,,1,,R,R,R,AZ,SF,S,,,0,2,2024,-1.09,1.16,-0.7348044422760496,3.348696458600368,572233.0,666971.0,664983.0,1,3,Bot,,,,,,,5.170087432041983,-134.91117508514623,-1.2815189011469252,-14.431368574241738,29.466515457276348,-17.920444479787815,3.42,1.56,159.0,61.0,41.0,93.6,2037,6.8,747144,672275,664774,689172,656305,666149,671218,687529,573262,53.65,,,,,,,,28,3,4-Seam Fastball,3,1,3,1,1,3,3,1,Standard,Standard,229,0.0,0.0,63.1,6.0,,,0.0,88.0,2,2,0.81,0.81,24,32,25,33,2,1,5.0,1,,2.0,1.49,1.09,1.09,26.2,4.273833747558673,13.28759623207708,39.72202724975252,23.694662760171525,22.161403991080704,pitcher
FC,2024-09-25,90.1,-2.14,5.04,"Black, Mason",553993,696131,,called_strike,,,,,6,,R,R,R,AZ,SF,S,,,0,1,2024,-0.16,0.33,0.7291288041213939,2.3735993192341702,572233.0,666971.0,664983.0,1,3,Bot,,,,,,,7.521948255110613,-131.067525014587,-1.3494533576071563,-3.4448037347052614,27.986638083484,-28.347383673016036,3.4182914839149,1.54377173523395,,,,90.9,2196,6.8,747144,672275,664774,689172,656305,666149,671218,687529,573262,53.71,,,,,,,,28,2,Cutter,3,1,3,1,1,3,3,1,Standard,Standard,215,-0.012,-0.072,,,,,0.072,,2,2,0.822,0.822,24,32,25,33,2,1,5.0,1,,2.0,2.49,0.16,0.16,24.1,,,,,,pitcher
FF,2024-09-25,91.7,-1.85,5.15,"Black, Mason",553993,696131,,called_strike,,,,,3,,R,R,R,AZ,SF,S,,,0,0,2024,-0.91,1.19,0.7063415131404538,3.546136347630298,572233.0,666971.0,664983.0,1,3,Bot,,,,,,,8.544380346932265,-133.29132522219783,-0.7790938999713399,-12.672688006189306,27.600248266769125,-17.964068202978666,3.55026923420486,1.64096017308403,,,,92.9,2019,7.0,747144,672275,664774,689172,656305,666149,671218,687529,573262,53.52,,,,,,,,28,1,4-Seam Fastball,3,1,3,1,1,3,3,1,Standard,Standard,223,-0.008,-0.041,,,,,0.041,,2,2,0.83,0.83,24,32,25,33,2,1,5.0,1,,2.0,1.52,0.91,0.91,27.6,,,,,,pitcher
SI,2024-09-25,92.5,-2.1,4.88,"Black, Mason",664983,696131,single,hit_into_play,,,,,13,Jake McCarthy singles on a ground ball to shortstop Tyler Fitzgerald. Christian Walker to 3rd. Lourdes Gurriel Jr. to 2nd.,R,L,R,AZ,SF,X,6.0,ground_ball,0,1,2024,-1.33,0.49,-1.0382619202201515,2.320551823419397,,572233.0,666971.0,1,3,Bot,110.17,148.72,,,,,5.679014150198427,-134.60260223903592,-1.817431719845283,-17.441454900340503,28.276096130094896,-26.01615655437532,3.43,1.63,5.0,62.5,-24.0,93.5,2119,6.8,747144,672275,664774,689172,656305,666149,671218,687529,573262,53.7,0.075,0.068,0.9,1.0,1.0,0.0,2.0,27,2,Sinker,3,1,3,1,1,3,3,1,Standard,Standard,230,0.044,0.519,66.7,6.8,,0.102,-0.519,88.0,2,2,0.786,0.786,24,26,25,27,2,1,5.0,1,,3.0,2.17,1.33,-1.33,20.4,5.895567475221687,11.612968427988658,32.50288076118545,52.62578766244792,23.20576120974024,pitcher
ST,2024-09-25,82.9,-2.28,5.05,"Black, Mason",664983,696131,,called_strike,,,,,6,,R,L,R,AZ,SF,S,,,0,0,2024,1.12,-0.35,0.6155602348747982,2.7290461389227665,,572233.0,666971.0,1,3,Bot,,,,,,,4.473811695284218,-120.6329422931477,1.897568988588812,10.025173042816814,23.908377684608325,-36.19198194007254,3.58096272970398,1.60988255225187,,,,83.6,2580,6.8,747144,672275,664774,689172,656305,666149,671218,687529,573262,53.71,,,,,,,,27,1,Sweeper,3,1,3,1,1,3,3,1,Standard,Standard,44,-0.005,-0.039,,,,,0.039,,2,2,0.791,0.791,24,26,25,27,2,1,5.0,1,,3.0,3.67,-1.12,1.12,24.3,,,,,,pitcher
SI,2024-09-25,93.2,-2.1,5.08,"Black, Mason",666971,696131,walk,ball,,,,,11,Lourdes Gurriel Jr. walks. Christian Walker to 2nd.,R,R,R,AZ,SF,B,,,3,0,2024,-1.31,0.75,-1.1089215849289895,3.446450477225341,,,572233.0,1,3,Bot,,,,,,,5.479531355839556,-135.71422080800258,-0.0971969450318906,-17.3703387992918,28.27961170515032,-23.04790165898109,3.69835627440565,1.70910587158902,,,,94.2,2154,6.7,747144,672275,664774,689172,656305,666149,671218,687529,573262,53.76,,0.689131,0.7,1.0,0.0,0.0,,26,4,Sinker,3,1,3,1,1,3,3,1,Standard,Standard,232,0.01,0.12,,,,,-0.12,,2,2,0.781,0.781,24,30,25,31,2,1,5.0,1,,2.0,1.86,1.31,1.31,24.0,,,,,,pitcher
SI,2024-09-25,92.3,-2.02,4.9,"Black, Mason",666971,696131,,ball,,,,,14,,R,R,R,AZ,SF,B,,,2,0,2024,-1.16,0.69,1.1386960001615298,2.1700278451818984,,,572233.0,1,3,Bot,,,,,,,10.675036817995691,-134.12219710159124,-2.674023806728633,-16.21092534685436,26.56152113924293,-23.40336394610197,3.69835627440565,1.77529301812595,,,,93.5,2148,6.9,747144,672275,664774,689172,656305,666149,671218,687529,573262,53.62,,,,,,,,26,3,Sinker,3,1,3,1,1,3,3,1,Standard,Standard,232,0.007,0.102,,,,,-0.102,,2,2,0.774,0.774,24,30,25,31,2,1,5.0,1,,2.0,1.97,1.16,1.16,19.6,,,,,,pitcher
ST,2024-09-25,82.5,-2.13,5.03,"Black, Mason",666971,696131,,ball,,,,,12,,R,R,R,AZ,SF,B,,,1,0,2024,1.16,-0.19,1.4528663868762288,2.7365741411667663,,,572233.0,1,3,Bot,,,,,,,5.957168425013527,-120.060262167166,1.7080336361527302,10.02501930079634,23.610052883875188,-34.592912894143964,3.69835627440565,1.67602379579849,,,,83.4,2578,6.9,747144,672275,664774,689172,656305,666149,671218,687529,573262,53.61,,,,,,,,26,2,Sweeper,3,1,3,1,1,3,3,1,Standard,Standard,50,0.006,0.056,,,,,-0.056,,2,2,0.768,0.768,24,30,25,31,2,1,5.0,1,,2.0,3.54,-1.16,-1.16,24.9,,,,,,pitcher
FF,2024-09-25,91.9,-2.13,5.05,"Black, Mason",666971,696131,,ball,,,,,11,,R,R,R,AZ,SF,B,,,0,0,2024,-1.07,1.22,-0.5909880392377622,4.13358331669644,,,572233.0,1,3,Bot,,,,,,,6.268335679420714,-133.7926811895706,0.8887546329868378,-14.180209003429214,28.39433057930388,-17.889907228431166,3.69835627440565,1.77529301812595,,,,92.8,2210,6.8,747144,672275,664774,689172,656305,666149,671218,687529,573262,53.74,,,,,,,,26,1,4-Seam Fastball,3,1,3,1,1,3,3,1,Standard,Standard,230,0.002,0.036,,,,,-0.036,,2,2,0.766,0.766,24,30,25,31,2,1,5.0,1,,2.0,1.47,1.07,1.07,24.3,,,,,,pitcher
ST,2024-09-25,82.6,-2.14,5.01,"Black, Mason",572233,696131,force_out,hit_into_play,,,,,12,"Christian Walker grounds into a force out, second baseman Brett Wisely to shortstop Tyler Fitzgerald. Joc Pederson out at 2nd. Christian Walker to 1st.",R,R,R,AZ,SF,X,4.0,ground_ball,2,2,2024,1.18,-0.02,1.0410320635702974,3.5185170339144407,,,592626.0,0,3,Bot,139.34,152.09,,,,,4.980051235506109,-120.2510454253274,3.173561076576555,10.469173208304449,23.42322487545786,-33.1964998164708,3.42,1.53,6.0,78.3,-31.0,83.3,2546,6.7,747144,672275,664774,689172,656305,666149,671218,687529,573262,53.79,0.052,0.047,0.0,1.0,0.0,0.0,2.0,25,6,Sweeper,3,1,3,1,1,3,3,1,Standard,Standard,36,-0.02,-0.34,58.0,6.3,,0.052,0.34,88.0,2,2,0.786,0.786,24,33,25,33,2,1,5.0,1,,2.0,3.36,-1.18,-1.18,24.2,6.309340139965981,21.948742792601063,11.4301613664781,47.55027631153229,20.767597477714933,pitcher
FF,2024-09-25,91.7,-1.92,5.09,"Black, Mason",572233,696131,,foul,,,,,6,,R,R,R,AZ,SF,S,,,2,2,2024,-1.07,1.29,0.7772277036226829,2.642770009799486,,,592626.0,0,3,Bot,,,,,,,9.223492849482602,-133.1886479079927,-3.1293701933140152,-14.69548607838718,28.78592426972028,-16.32887119759925,3.42,1.53,202.0,76.4,59.0,92.5,2154,6.9,747144,672275,664774,689172,656305,666149,671218,687529,573262,53.62,,,,,,,,25,5,4-Seam Fastball,3,1,3,1,1,3,3,1,Standard,Standard,224,0.0,0.0,79.7,7.3,,,0.0,88.0,2,2,0.786,0.786,24,33,25,33,2,1,5.0,1,,2.0,1.43,1.07,1.07,23.5,4.140063823144999,0.8288296604576507,33.113870583250815,43.98535569650598,23.60960335673947,pitcher
ST,2024-09-25,83.4,-2.04,5.03,"Black, Mason",572233,696131,,ball,,,,,12,,R,R,R,AZ,SF,B,,,1,2,2024,1.02,0.31,2.08344517486769,2.5583327054900264,,,592626.0,0,3,Bot,,,,,,,7.5167096166245795,-121.24544248500852,0.1826123239941586,8.538397068795957,24.03709767846576,-29.429099986521813,3.4182914839149,1.51072769208105,,,,83.8,2559,6.6,747144,672275,664774,689172,656305,666149,671218,687529,573262,53.86,,,,,,,,25,4,Sweeper,3,1,3,1,1,3,3,1,Standard,Standard,57,0.004,0.045,,,,,-0.045,,2,2,0.782,0.782,24,33,25,33,2,1,5.0,1,,2.0,2.98,-1.02,-1.02,24.5,,,,,,pitcher
FF,2024-09-25,91.9,-1.94,5.08,"Black, Mason",572233,696131,,foul,,,,,6,,R,R,R,AZ,SF,S,,,1,1,2024,-0.99,1.1,0.4766869157980817,2.7985686599990345,,,592626.0,0,3,Bot,,,,,,,8.369823346437574,-133.59549339837858,-2.3113281292379093,-13.65916318831285,28.87952755040777,-18.706233587215188,3.42,1.53,117.0,79.3,8.0,92.8,2038,6.9,747144,672275,664774,689172,656305,666149,671218,687529,573262,53.6,,,,,,,,25,3,4-Seam Fastball,3,1,3,1,1,3,3,1,Standard,Standard,229,-0.006,-0.049,75.1,6.6,,,0.049,88.0,2,2,0.788,0.788,24,33,25,33,2,1,5.0,1,,2.0,1.61,0.99,0.99,26.7,-3.09658864905562,18.78057283345692,29.60429312694635,41.47849446014974,16.23325582795442,pitcher
FF,2024-09-25,92.5,-2.06,5.0,"Black, Mason",572233,696131,,swinging_strike,,,,,2,,R,R,R,AZ,SF,S,,,1,0,2024,-1.03,1.25,0.2660629346835226,2.9440668486295483,,,592626.0,0,3,Bot,,,,,,,8.28408914898357,-134.53849621094884,-2.180868513418808,-14.3524842561707,29.01593114563425,-16.763940622503856,3.42,1.53,,,,93.5,2180,6.9,747144,672275,664774,689172,656305,666149,671218,687529,573262,53.6,,,,,,,,25,2,4-Seam Fastball,3,1,3,1,1,3,3,1,Standard,Standard,229,-0.005,-0.049,79.9,7.4,1.146333156,,0.049,,2,2,0.793,0.793,24,33,25,33,2,1,5.0,1,,2.0,1.42,1.03,1.03,23.1,10.126225934869618,-0.8278349543674463,30.670121524604596,39.11141725843946,26.221902039583128,pitcher
FC,2024-09-25,90.1,-2.22,4.97,"Black, Mason",572233,696131,,ball,,,,,14,,R,R,R,AZ,SF,B,,,0,0,2024,-0.25,0.33,2.274618367137517,1.4063998614026012,,,592626.0,0,3,Bot,,,,,,,11.79430640209489,-130.74274478695872,-3.595806824563939,-5.361749922942438,27.175558193132822,-27.8448562459366,3.4182914839149,1.51072769208105,,,,90.9,2195,6.9,747144,672275,664774,689172,656305,666149,671218,687529,573262,53.62,,,,,,,,25,1,Cutter,3,1,3,1,1,3,3,1,Standard,Standard,235,0.004,0.041,,,,,-0.041,,2,2,0.789,0.789,24,33,25,33,2,1,5.0,1,,2.0,2.49,0.25,0.25,21.1,,,,,,pitcher
FC,2024-09-25,90.4,-2.16,4.89,"Black, Mason",592626,696131,walk,ball,,,,,14,Joc Pederson walks.,R,L,R,AZ,SF,B,,,3,2,2024,-0.22,0.29,1.798385241901021,1.2612921018616494,,,,0,3,Bot,,,,,,,10.419934423286156,-131.22389516539388,-3.7358992479756257,-4.683912614187532,26.931304096674403,-28.207845259821017,3.64787062535173,1.77529301812595,,,,91.3,2206,6.9,747144,672275,664774,689172,656305,666149,671218,687529,573262,53.6,,0.689131,0.7,1.0,0.0,0.0,,24,7,Cutter,3,1,3,1,1,3,3,1,Strategic,Standard,227,0.021,0.371,,,,,-0.371,,2,2,0.768,0.768,24,32,25,32,2,1,5.0,1,,2.0,2.51,0.22,-0.22,20.9,,,,,,pitcher
ST,2024-09-25,83.2,-2.22,4.87,"Black, Mason",592626,696131,,foul,,,,,11,,R,L,R,AZ,SF,S,,,3,2,2024,0.86,0.16,-0.9272567460118116,2.674809596975628,,,,0,3,Bot,,,,,,,1.294659616381285,-121.29559584608832,1.0815176510973334,8.30742385025757,22.785313637809004,-30.957855301211023,3.51,1.68,,,,84.3,2488,6.8,747144,672275,664774,689172,656305,666149,671218,687529,573262,53.67,,,,,,,,24,6,Sweeper,3,1,3,1,1,3,3,1,Standard,Standard,70,0.0,0.0,71.9,7.0,,,0.0,,2,2,0.768,0.768,24,32,25,32,2,1,5.0,1,,2.0,3.11,-0.86,0.86,19.4,0.8719213823407206,14.372749101815966,28.075842979308824,45.769711036497256,19.826246388454365,pitcher
SI,2024-09-25,93.2,-2.14,5.01,"Black, Mason",592626,696131,,foul,,,,,1,,R,L,R,AZ,SF,S,,,3,1,2024,-1.23,0.65,-0.4588931141534498,3.1798615403768387,,,,0,3,Bot,,,,,,,7.092853760313301,-135.55080808091353,-0.3580981828883476,-16.697005010593326,29.02613033050733,-24.275077514650604,3.51,1.68,171.0,80.1,14.0,94.1,2029,6.8,747144,672275,664774,689172,656305,666149,671218,687529,573262,53.7,,,,,,,,24,5,Sinker,3,1,3,1,1,3,3,1,Standard,Standard,224,-0.006,-0.085,77.7,7.3,,,0.085,88.0,2,2,0.774,0.774,24,32,25,32,2,1,5.0,1,,2.0,1.97,1.23,-1.23,23.2,8.624869389447642,3.059070925085795,24.267864627193003,40.241446996260535,25.583991170067616,pitcher
SI,2024-09-25,92.8,-2.32,4.93,"Black, Mason",592626,696131,,ball,,,,,12,,R,L,R,AZ,SF,B,,,2,1,2024,-1.43,0.54,0.1690828512169933,3.985467311724876,,,,0,3,Bot,,,,,,,9.56310060602257,-134.8247552065191,2.241599870706546,-19.47989441171061,29.449553714914025,-26.34817161739484,3.64787062535173,1.80839812320684,,,,93.5,2194,6.8,747144,672275,664774,689172,656305,666149,671218,687529,573262,53.73,,,,,,,,24,4,Sinker,3,1,3,1,1,3,3,1,Standard,Standard,227,0.008,0.122,,,,,-0.122,,2,2,0.766,0.766,24,32,25,32,2,1,5.0,1,,2.0,2.12,1.43,-1.43,17.7,,,,,,pitcher
FC,2024-09-25,89.3,-2.39,4.97,"Black, Mason",592626,696131,,ball,,,,,14,,R,L,R,AZ,SF,B,,,1,1,2024,0.02,0.32,0.977581337116214,1.87940903865752,,,,0,3,Bot,,,,,,,8.329334276829501,-129.8237071638147,-2.273003484915197,-1.4691811064288949,27.09405005584696,-28.297665040719124,3.51408791520828,1.70910587158902,,,,90.3,2289,6.9,747144,672275,664774,689172,656305,666149,671218,687529,573262,53.55,,,,,,,,24,3,Cutter,3,1,3,1,1,3,3,1,Standard,Standard,222,0.003,0.053,,,,,-0.053,,2,2,0.763,0.763,24,32,25,32,2,1,5.0,1,,2.0,2.54,-0.02,0.02,20.4,,,,,,pitcher
FC,2024-09-25,89.6,-2.37,5.08,"Black, Mason",592626,696131,,called_strike,,,,,2,,R,L,R,AZ,SF,S,,,1,0,2024,-0.02,0.26,0.0664926612906491,3.087564108470086,,,,0,3,Bot,,,,,,,6.120112897291141,-130.40816121986438,0.4994983539114943,-1.4888359310415724,26.356535247227644,-29.47362472814517,3.58096272970398,1.77529301812595,,,,90.4,2345,6.7,747144,672275,664774,689172,656305,666149,671218,687529,573262,53.84,,,,,,,,24,2,Cutter,3,1,3,1,1,3,3,1,Standard,Standard,232,-0.003,-0.049,,,,,0.049,,2,2,0.766,0.766,24,32,25,32,2,1,5.0,1,,2.0,2.57,0.02,-0.02,23.9,,,,,,pitcher
FC,2024-09-25,89.4,-2.19,5.01,"Black, Mason",592626,696131,,ball,,,,,12,,R,L,R,AZ,SF,B,,,0,0,2024,-0.08,0.43,1.3087986824276827,3.716656212214924,,,,0,3,Bot,,,,,,,8.85534080602109,-130.0059286360795,1.92731897608688,-2.6229837453490403,25.53247254121636,-27.90850198726425,3.71481167465556,1.77529301812595,,,,90.2,2349,6.7,747144,672275,664774,689172,656305,666149,671218,687529,573262,53.81,,,,,,,,24,1,Cutter,3,1,3,1,1,3,3,1,Standard,Standard,192,0.002,0.038,,,,,-0.038,,2,2,0.764,0.764,24,32,25,32,2,1,5.0,1,,2.0,2.41,0.08,-0.08,21.8,,,,,,pitcher
FC,2024-09-25,90.6,-2.28,4.93,"Black, Mason",606466,696131,field_out,hit_into_play,,,,,3,Ketel Marte flies out to center fielder Grant McCray.,R,L,R,AZ,SF,X,8.0,fly_ball,0,1,2024,-0.14,0.53,0.2819191094470638,3.0683446720587506,,672515.0,672695.0,2,2,Bot,114.13,109.41,,,,,6.741019703317186,-131.87360660152677,0.1843880548795163,-3.0543885512292737,28.777085825207116,-26.31695751375988,3.55,1.65,228.0,96.9,57.0,91.1,2360,6.6,747144,672275,664774,689172,656305,666149,671218,687529,573262,53.88,0.011,0.014,0.0,1.0,0.0,0.0,3.0,20,2,Cutter,3,1,3,1,1,3,3,1,Standard,Standard,215,-0.026,-0.23,75.3,7.4,,0.022,0.23,96.9,2,2,0.738,0.738,24,30,25,31,2,1,5.0,1,,2.0,2.26,0.14,-0.14,21.2,14.662745590134383,-4.994531978581651,30.661760891442032,29.140177930530538,36.530535434523145,pitcher
SI,2024-09-25,94.2,-2.19,4.93,"Black, Mason",606466,696131,,called_strike,,,,,3,,R,L,R,AZ,SF,S,,,0,0,2024,-1.41,0.65,0.7403415230724295,3.509425617047399,,672515.0,672695.0,2,2,Bot,,,,,,,10.84350321818611,-136.78234109106802,0.607621277639187,-20.02506913521853,29.0411456148528,-24.347930002751134,3.71481167465556,1.80839812320684,,,,95.3,2173,7.0,747144,672275,664774,689172,656305,666149,671218,687529,573262,53.54,,,,,,,,20,1,Sinker,3,1,3,1,1,3,3,1,Standard,Standard,236,-0.005,-0.048,,,,,0.048,,2,2,0.743,0.743,24,30,25,31,2,1,5.0,1,,2.0,1.92,1.41,-1.41,20.8,,,,,,pitcher
FF,2024-09-25,93.9,-1.97,5.01,"Black, Mason",682998,696131,sac_fly,hit_into_play,,,,,3,Corbin Carroll out on a sacrifice fly to right fielder Mike Yastrzemski. Eugenio Suárez scores.,R,L,R,AZ,SF,X,9.0,line_drive,1,0,2024,-1.06,1.14,0.5431354078342769,3.1402515746577127,553993.0,672515.0,672695.0,1,2,Bot,207.73,86.24,,,,,8.949257516012077,-136.54964587624454,-1.6802001562529372,-15.223001879697078,29.06144427708476,-17.67373190906265,3.08,1.46,342.0,98.7,23.0,94.9,2120,6.8,747144,672275,664774,689172,656305,666149,671218,687529,573262,53.66,,0.4954999999999999,0.0,1.0,0.0,0.0,5.0,19,2,4-Seam Fastball,2,1,2,1,1,3,3,1,Standard,Standard,228,-0.005,-0.176,85.6,6.9,,,0.176,98.7,1,1,0.748,0.748,24,23,25,24,2,1,5.0,1,,2.0,1.44,1.06,-1.06,25.2,5.856947994410071,-1.5095106643055085,19.324160071446467,30.388891864440836,36.50622909451855,pitcher
FC,2024-09-25,90.7,-2.13,4.86,"Black, Mason",682998,696131,,ball,,,,,12,,R,L,R,AZ,SF,B,,,0,0,2024,-0.08,0.37,1.9279175037514944,3.1870598169169955,553993.0,672515.0,672695.0,1,2,Bot,,,,,,,10.408682502629908,-131.7204550348212,0.9614561742493964,-3.0776717461502545,26.871108562404423,-28.26725386506343,3.0782183889398,1.51072769208105,,,,91.5,2323,6.8,747144,672275,664774,689172,656305,666149,671218,687529,573262,53.68,,,,,,,,19,1,Cutter,2,1,2,1,1,2,2,1,Standard,Standard,222,0.007,0.039,,,,,-0.039,,1,1,0.741,0.741,24,23,25,24,2,1,5.0,1,,2.0,2.4,0.08,-0.08,21.0,,,,,,pitcher
FF,2024-09-25,94.1,-2.24,5.05,"Black, Mason",672695,696131,walk,ball,,,,,11,Geraldo Perdomo walks. Eugenio Suárez to 3rd. Gabriel Moreno to 2nd.,R,L,R,AZ,SF,B,,,3,2,2024,-1.04,1.25,-0.9813078279461552,3.7469022425324665,,553993.0,672515.0,1,2,Bot,,,,,,,5.622476110540192,-136.97552696661987,-0.4463513786263233,-14.37572956115455,30.202815793314706,-16.604001595765336,3.54752119197977,1.51072769208105,,,,94.8,2084,6.7,747144,672275,664774,689172,656305,666149,671218,687529,573262,53.84,,0.689131,0.7,1.0,0.0,0.0,,18,8,4-Seam Fastball,2,1,2,1,1,2,2,1,Standard,Standard,231,0.043,0.266,,,,,-0.266,,1,1,0.698,0.698,24,24,25,25,1,0,5.0,1,,2.0,1.33,1.04,-1.04,23.7,,,,,,pitcher
FC,2024-09-25,90.3,-2.25,4.93,"Black, Mason",672695,696131,,foul,,,,,14,,R,L,R,AZ,SF,S,,,3,2,2024,0.0,0.54,0.9099705446812753,2.4420842064637416,,553993.0,672515.0,1,2,Bot,,,,,,,7.91372795438502,-131.33039441653926,-1.39089771758694,-1.677180048320942,27.3924122440048,-25.850118310098186,3.38,1.57,6.0,89.2,-21.0,90.9,2404,6.7,747144,672275,664774,689172,656305,666149,671218,687529,573262,53.83,,,,,,,,18,7,Cutter,2,1,2,1,1,2,2,1,Standard,Standard,209,0.0,0.0,72.2,7.2,,,0.0,89.2,1,1,0.698,0.698,24,24,25,25,1,0,5.0,1,,2.0,2.26,0.0,0.0,19.4,13.728690819870176,-22.319478592920245,37.80688367825248,24.210954143904367,28.53768870676187,pitcher
SI,2024-09-25,93.2,-2.05,4.87,"Black, Mason",672695,696131,,ball,,,,,12,,R,L,R,AZ,SF,B,,,2,2,2024,-1.28,0.69,1.0990323024467408,2.589716566539192,,553993.0,672515.0,1,2,Bot,,,,,,,11.013779623741094,-135.38365994050977,-1.6417720651228769,-18.10712627218521,27.761516676291,-23.503077323315686,3.48066288977591,1.60988255225187,,,,94.3,2029,6.9,747144,672275,664774,689172,656305,666149,671218,687529,573262,53.59,,,,,,,,18,6,Sinker,2,1,2,1,1,2,2,1,Standard,Standard,230,0.014,0.086,,,,,-0.086,,1,1,0.684,0.684,24,24,25,25,1,0,5.0,1,,2.0,1.93,1.28,-1.28,20.8,,,,,,pitcher
ST,2024-09-25,84.0,-2.38,4.89,"Black, Mason",672695,696131,,ball,,,,,9,,R,L,R,AZ,SF,B,,,1,2,2024,1.18,-0.25,0.6510760907068986,1.7046580758205678,,553993.0,672515.0,1,2,Bot,,,,,,,4.691079760789275,-122.21869440214546,-0.439051619568401,10.842842093284084,25.27280913939219,-34.794254871762455,3.51239239217525,1.74021614653337,,,,84.3,2450,6.6,747144,672275,664774,689172,656305,666149,671218,687529,573262,53.88,,,,,,,,18,5,Sweeper,2,1,2,1,1,2,2,1,Standard,Standard,38,0.006,0.035,,,,,-0.035,,1,1,0.678,0.678,24,24,25,25,1,0,5.0,1,,2.0,3.49,-1.18,1.18,21.3,,,,,,pitcher
FF,2024-09-25,94.1,-2.16,5.06,"Black, Mason",672695,696131,,foul,,,,,5,,R,L,R,AZ,SF,S,,,1,2,2024,-1.0,1.17,-0.0270198223964938,2.35375387710711,,553993.0,672515.0,1,2,Bot,,,,,,,7.834920886176176,-136.88378831656144,-3.953073070054094,-14.301560654949048,30.05164841817895,-16.748030403011214,3.38,1.57,235.0,80.1,52.0,95.1,2180,6.9,747144,672275,664774,689172,656305,666149,671218,687529,573262,53.64,,,,,,,,18,4,4-Seam Fastball,2,1,2,1,1,2,2,1,Standard,Standard,234,0.0,0.0,63.3,6.5,,,0.0,88.0,1,1,0.678,0.678,24,24,25,25,1,0,5.0,1,,2.0,1.4,1.0,-1.0,25.3,-3.474985505508142,0.5036121711883994,38.64167108708247,34.943041884926906,20.07201294304617,pitcher
FC,2024-09-25,90.5,-2.32,4.95,"Black, Mason",672695,696131,,foul,,,,,5,,R,L,R,AZ,SF,S,,,1,1,2024,-0.08,0.45,0.1700942566241697,2.8031029993449703,,553993.0,672515.0,1,2,Bot,,,,,,,6.452481138389103,-131.693363058787,-0.3746330741559123,-2.351549995107102,28.205791689239938,-27.02575235672651,3.38,1.57,162.0,59.9,40.0,91.4,2185,6.8,747144,672275,664774,689172,656305,666149,671218,687529,573262,53.68,,,,,,,,18,3,Cutter,2,1,2,1,1,2,2,1,Standard,Standard,222,-0.01,-0.04,,,,,0.04,88.0,1,1,0.688,0.688,24,24,25,25,1,0,5.0,1,,2.0,2.33,0.08,-0.08,21.9,,,,,,pitcher
FF,2024-09-25,93.5,-2.08,5.11,"Black, Mason",672695,696131,,ball,,,,,12,,R,L,R,AZ,SF,B,,,0,1,2024,-0.83,1.23,1.0211153666466628,2.989557597743876,,553993.0,672515.0,1,2,Bot,,,,,,,9.906947714214688,-135.90238449779298,-2.4505766291223665,-12.427928405133356,29.60038465684809,-16.54115636731262,3.41383755345278,1.60988255225187,,,,94.2,2081,6.8,747144,672275,664774,689172,656305,666149,671218,687529,573262,53.74,,,,,,,,18,2,4-Seam Fastball,2,1,2,1,1,2,2,1,Standard,Standard,223,0.004,0.015,,,,,-0.015,,1,1,0.684,0.684,24,24,25,25,1,0,5.0,1,,2.0,1.38,0.83,-0.83,25.8,,,,,,pitcher
ST,2024-09-25,83.1,-2.33,4.95,"Black, Mason",672695,696131,,called_strike,,,,,3,,R,L,R,AZ,SF,S,,,0,0,2024,0.72,0.03,0.2806128175460787,2.8554637591920606,,553993.0,672515.0,1,2,Bot,,,,,,,4.58575603598668,-120.99055933184276,1.6068664091996354,6.241746692772395,22.694640768264996,-32.43702396439798,3.37828271002639,1.60988255225187,,,,83.8,2499,6.6,747144,672275,664774,689172,656305,666149,671218,687529,573262,53.89,,,,,,,,18,1,Sweeper,2,1,2,1,1,2,2,1,Standard,Standard,51,-0.006,-0.039,,,,,0.039,,1,1,0.69,0.69,24,24,25,25,1,0,5.0,1,,2.0,3.26,-0.72,0.72,21.4,,,,,,pitcher
SI,2024-09-25,93.3,-2.18,4.95,"Black, Mason",672515,696131,single,hit_into_play,,,,,4,Gabriel Moreno singles on a ground ball to center fielder Grant McCray. Jake McCarthy scores. Eugenio Suárez to 2nd.,R,R,R,AZ,SF,X,8.0,ground_ball,1,2,2024,-1.32,0.59,-0.7141830393620991,2.724267382640828,,664983.0,553993.0,1,2,Bot,121.09,84.66,,,,,6.762640636365135,-135.76500235372316,-1.2765040770469689,-17.793452480428815,29.347568143137327,-24.793781759788835,3.34,1.52,39.0,95.9,-1.0,94.5,2047,6.9,747144,672275,664774,689172,656305,666149,671218,687529,573262,53.57,0.344,0.373,0.9,1.0,1.0,0.0,2.0,17,4,Sinker,1,1,1,1,1,2,2,1,Standard,Standard,230,0.111,0.544,65.1,6.0,,0.383,-0.544,95.9,0,0,0.579,0.579,24,24,25,24,1,0,5.0,1,,2.0,2.03,1.32,1.32,21.0,4.484058001195483,10.717805700639929,40.19087198867901,28.096840805766988,23.44898280959158,pitcher
ST,2024-09-25,84.1,-2.0,4.99,"Black, Mason",672515,696131,,ball,,,,,14,,R,R,R,AZ,SF,B,,,0,2,2024,1.21,-0.13,1.6126932573041532,2.43514490924184,,664983.0,553993.0,1,2,Bot,,,,,,,6.022853763718998,-122.26217639095267,0.7935219041880115,10.739537342250394,26.1316269790642,-33.879441138422514,3.34704510190967,1.54377173523395,,,,84.3,2531,6.7,747144,672275,664774,689172,656305,666149,671218,687529,573262,53.83,,,,,,,,17,3,Sweeper,1,1,1,1,1,1,1,1,Standard,Standard,51,0.005,0.022,,,,,-0.022,,0,0,0.574,0.574,24,24,25,24,1,0,5.0,1,,2.0,3.38,-1.21,-1.21,21.2,,,,,,pitcher
ST,2024-09-25,84.0,-2.22,4.92,"Black, Mason",672515,696131,,called_strike,,,,,4,,R,R,R,AZ,SF,S,,,0,1,2024,0.71,-0.03,-0.5531478385319814,2.6298219001169185,,664983.0,553993.0,1,2,Bot,,,,,,,2.4728067433491105,-122.26540777669976,1.2102698416893694,6.494568506410813,26.5640486545823,-32.93404897598084,3.34704510190967,1.51072769208105,,,,84.0,2355,6.5,747144,672275,664774,689172,656305,666149,671218,687529,573262,54.02,,,,,,,,17,2,Sweeper,1,1,1,1,1,1,1,1,Standard,Standard,74,-0.012,-0.048,,,,,0.048,,0,0,0.586,0.586,24,24,25,24,1,0,5.0,1,,2.0,3.28,-0.71,-0.71,23.0,,,,,,pitcher
SI,2024-09-25,92.9,-2.41,4.97,"Black, Mason",672515,696131,,called_strike,,,,,4,,R,R,R,AZ,SF,S,,,0,0,2024,-1.36,0.63,-0.7849890665847785,2.735019740271058,,664983.0,553993.0,1,2,Bot,,,,,,,7.213955351208881,-135.1321112006867,-1.325413673207608,-18.19400241961345,29.210371648725538,-24.37917974824132,3.33827349000503,1.54377173523395,,,,93.8,2035,6.8,747144,672275,664774,689172,656305,666149,671218,687529,573262,53.67,,,,,,,,17,1,Sinker,1,1,1,1,1,1,1,1,Standard,Standard,227,-0.007,-0.039,,,,,0.039,,0,0,0.593,0.593,24,24,25,24,1,0,5.0,1,,2.0,2.01,1.36,1.36,21.9,,,,,,pitcher
FF,2024-09-25,92.7,-2.02,5.04,"Black, Mason",553993,696131,walk,ball,,,,,12,Eugenio Suárez walks. Jake McCarthy to 2nd.,R,R,R,AZ,SF,B,,,3,0,2024,-0.95,1.15,0.9259389173347008,2.589987255896961,,,664983.0,1,2,Bot,,,,,,,9.662928739841975,-134.64196822177985,-2.98437010515702,-13.601779039472186,28.88970720833506,-17.701181938909944,3.51408791520828,1.54377173523395,,,,93.4,2080,6.8,747144,672275,664774,689172,656305,666149,671218,687529,573262,53.72,,0.689131,0.7,1.0,0.0,0.0,,16,4,4-Seam Fastball,1,1,1,1,1,1,1,1,Standard,Standard,226,0.016,0.12,,,,,-0.12,,0,0,0.577,0.577,24,32,25,33,1,0,5.0,1,,2.0,1.51,0.95,0.95,24.9,,,,,,pitcher
FF,2024-09-25,93.2,-1.95,5.17,"Black, Mason",553993,696131,,ball,,,,,12,,R,R,R,AZ,SF,B,,,2,0,2024,-1.03,1.32,0.2271872900958014,3.8286027640495126,,,664983.0,1,2,Bot,,,,,,,7.933837477652806,-135.4871554436321,-0.5665594705766867,-14.48927624150407,30.0436729389116,-16.020864913336432,3.4182914839149,1.54377173523395,,,,93.8,2156,6.8,747144,672275,664774,689172,656305,666149,671218,687529,573262,53.75,,,,,,,,16,3,4-Seam Fastball,1,1,1,1,1,1,1,1,Standard,Standard,225,0.011,0.102,,,,,-0.102,,0,0,0.566,0.566,24,32,25,33,1,0,5.0,1,,2.0,1.31,1.03,1.03,23.7,,,,,,pitcher
FF,2024-09-25,92.3,-2.07,5.05,"Black, Mason",553993,696131,,ball,,,,,12,,R,R,R,AZ,SF,B,,,1,0,2024,-1.06,1.17,0.978763556958458,4.03776534542637,,,664983.0,1,2,Bot,,,,,,,10.162422071869669,-134.02842192941606,0.753642689512908,-15.008293813459126,29.492312525663817,-18.5342540955277,3.48066288977591,1.64294936185965,,,,93.1,2157,6.9,747144,672275,664774,689172,656305,666149,671218,687529,573262,53.6,,,,,,,,16,2,4-Seam Fastball,1,1,1,1,1,1,1,1,Standard,Standard,228,0.008,0.056,,,,,-0.056,,0,0,0.558,0.558,24,32,25,33,1,0,5.0,1,,2.0,1.52,1.06,1.06,25.1,,,,,,pitcher
ST,2024-09-25,83.0,-2.27,5.04,"Black, Mason",553993,696131,,ball,,,,,11,,R,R,R,AZ,SF,B,,,0,0,2024,0.91,0.28,-0.7142289238706184,3.8281444990264033,,,664983.0,1,2,Bot,,,,,,,1.7902365379043876,-120.75634158699944,3.215943904658019,8.479057483557227,24.76320232474774,-30.339167808641964,3.48066288977591,1.64294936185965,,,,83.3,2348,6.6,747144,672275,664774,689172,656305,666149,671218,687529,573262,53.9,,,,,,,,16,1,Sweeper,1,1,1,1,1,1,1,1,Standard,Standard,56,0.004,0.036,,,,,-0.036,,0,0,0.554,0.554,24,32,25,33,1,0,5.0,1,,2.0,3.04,-0.91,-0.91,20.4,,,,,,pitcher
FC,2024-09-25,90.9,-2.28,5.03,"Black, Mason",664983,696131,force_out,hit_into_play,,,,,3,"Jake McCarthy grounds into a force out, second baseman Brett Wisely to shortstop Tyler Fitzgerald. Lourdes Gurriel Jr. out at 2nd. Jake McCarthy to 1st.",R,L,R,AZ,SF,X,4.0,ground_ball,1,1,2024,-0.05,0.33,0.7773352234170421,2.977041040221604,,,666971.0,0,2,Bot,149.99,158.17,,,,,7.823680757573586,-132.11625981207027,0.112462149902082,-2.3404765120085917,29.598427887306528,-28.590305180981375,3.43,1.63,70.0,52.2,9.0,91.2,2324,6.7,747144,672275,664774,689172,656305,666149,671218,687529,573262,53.83,0.136,0.164,0.0,1.0,0.0,0.0,1.0,15,3,Cutter,1,1,1,1,1,1,1,1,Standard,Standard,213,-0.033,-0.345,65.1,5.7,,0.163,0.345,88.0,0,0,0.587,0.587,24,26,25,27,1,0,5.0,1,,3.0,2.45,0.05,-0.05,20.5,-2.8213074205311743,8.605143174857343,33.74713803782969,28.67984525094728,28.51801132860414,pitcher
FC,2024-09-25,90.6,-2.26,4.86,"Black, Mason",664983,696131,,foul,,,,,12,,R,L,R,AZ,SF,S,,,1,0,2024,-0.22,0.57,1.2749793898142512,3.1697716900086386,,,666971.0,0,2,Bot,,,,,,,9.393528944363048,-131.7431378337829,0.4628486524390596,-4.442770370228042,26.05449848701577,-25.793569396492007,3.43,1.63,5.0,58.0,-31.0,91.6,2229,6.8,747144,672275,664774,689172,656305,666149,671218,687529,573262,53.7,,,,,,,,15,2,Cutter,1,1,1,1,1,1,1,1,Standard,Standard,229,-0.008,-0.049,67.5,6.1,,,0.049,88.0,0,0,0.595,0.595,24,26,25,27,1,0,5.0,1,,3.0,2.19,0.22,-0.22,20.4,12.47725732997557,-10.195646946380029,29.846077807512387,21.018898698852027,28.784054661153284,pitcher
SI,2024-09-25,93.0,-2.14,4.96,"Black, Mason",664983,696131,,ball,,,,,14,,R,L,R,AZ,SF,B,,,0,0,2024,-1.47,0.52,0.1413816504075982,1.129831820757352,,,666971.0,0,2,Bot,,,,,,,9.152988680866628,-135.1756478586722,-5.278395703092307,-19.903399399321334,26.50572103706918,-24.825183888907446,3.51408791520828,1.67602379579849,,,,94.2,2157,6.9,747144,672275,664774,689172,656305,666149,671218,687529,573262,53.64,,,,,,,,15,1,Sinker,1,1,1,1,1,1,1,1,Strategic,Standard,230,0.006,0.041,,,,,-0.041,,0,0,0.589,0.589,24,26,25,27,1,0,5.0,1,,3.0,2.1,1.47,-1.47,20.5,,,,,,pitcher
SI,2024-09-25,93.3,-2.15,4.94,"Black, Mason",666971,696131,single,hit_into_play,,,,,12,Lourdes Gurriel Jr. singles on a ground ball to right fielder Mike Yastrzemski. Christian Walker scores.,R,R,R,AZ,SF,X,9.0,ground_ball,0,0,2024,-1.23,0.69,0.9265839030210824,2.797632791738243,,572233.0,,0,2,Bot,202.21,120.15,,,,,10.742272674743411,-135.4528313512566,-1.2656953433084186,-17.499342870524426,28.888788117279518,-23.562679648894097,3.7,1.73,61.0,96.1,1.0,94.4,2101,7.0,747144,672275,664774,689172,656305,666149,671218,687529,573262,53.47,0.426,0.389,0.9,1.0,1.0,0.0,4.0,14,1,Sinker,0,1,0,1,1,1,1,1,Standard,Standard,235,0.079,0.517,65.2,6.5,,0.467,-0.517,96.1,-1,-1,0.51,0.51,24,30,25,31,1,0,5.0,1,,2.0,1.93,1.23,1.23,22.0,-5.337480913129299,35.53688603177104,27.202202337980832,45.82889784701675,11.857215898254356,pitcher
SI,2024-09-25,93.1,-2.32,4.89,"Black, Mason",572233,696131,double,hit_into_play,,,,,2,Christian Walker hits a ground-rule double (25) on a fly ball to right field.,R,R,R,AZ,SF,X,,fly_ball,3,2,2024,-1.48,0.63,0.2728391100856515,2.9119299684664885,,,,0,2,Bot,194.91,73.67,,,,,9.99267705789984,-135.2342261392925,-0.669411191897527,-20.33746901735469,28.428965199796835,-24.52396427137853,3.42,1.53,353.0,100.0,23.0,94.1,2070,6.9,747144,672275,664774,689172,656305,666149,671218,687529,573262,53.61,0.395,0.6679999999999999,1.25,1.0,1.0,1.0,5.0,13,7,Sinker,0,1,0,1,1,0,0,1,Strategic,Standard,234,0.061,0.614,72.7,6.4,,1.25,-0.614,100.0,-1,-1,0.449,0.449,24,33,25,33,1,0,5.0,1,,2.0,2.0,1.48,1.48,19.2,-2.511844719433034,15.525068927178186,29.03396597435556,38.65861376121046,24.559809079702926,pitcher
FF,2024-09-25,94.4,-1.99,5.05,"Black, Mason",572233,696131,,ball,,,,,12,,R,R,R,AZ,SF,B,,,2,2,2024,-1.08,1.11,1.0776957563005016,2.6190640235699,,,,0,2,Bot,,,,,,,10.490138377568965,-137.09699014563768,-3.118486084702807,-15.869735194820352,29.4053123378956,-17.669283525989,3.4182914839149,1.54377173523395,,,,95.4,2185,6.9,747144,672275,664774,689172,656305,666149,671218,687529,573262,53.6,,,,,,,,13,6,4-Seam Fastball,0,1,0,1,1,0,0,1,Strategic,Standard,226,0.01,0.107,,,,,-0.107,,-1,-1,0.439,0.439,24,33,25,33,1,0,5.0,1,,2.0,1.45,1.08,1.08,22.5,,,,,,pitcher
FF,2024-09-25,93.4,-2.09,5.16,"Black, Mason",572233,696131,,foul,,,,,2,,R,R,R,AZ,SF,S,,,2,2,2024,-0.95,1.21,-0.2177225311390298,3.313047840611297,,,,0,2,Bot,,,,,,,6.9850866242436895,-135.88126889019708,-1.709042883251687,-13.30061563552809,27.48724648946663,-16.977318016713536,3.42,1.53,223.0,71.7,29.0,94.6,2173,6.8,747144,672275,664774,689172,656305,666149,671218,687529,573262,53.69,,,,,,,,13,5,4-Seam Fastball,0,1,0,1,1,0,0,1,Strategic,Standard,225,0.0,0.0,69.1,6.1,,,0.0,88.0,-1,-1,0.439,0.439,24,33,25,33,1,0,5.0,1,,2.0,1.39,0.95,0.95,26.6,-0.4880475213460009,13.266545858907296,28.899807114434687,32.479190313035446,22.082456168255447,pitcher
ST,2024-09-25,81.7,-2.37,5.02,"Black, Mason",572233,696131,,called_strike,,,,,2,,R,R,R,AZ,SF,S,,,2,1,2024,1.13,0.03,-0.008185690550989,3.2990545443026416,,,,0,2,Bot,,,,,,,3.1744934728122267,-118.97816540453611,2.6333661888287283,10.115737767256023,22.373008534401368,-32.59474797904072,3.4182914839149,1.51072769208105,,,,82.2,2470,6.5,747144,672275,664774,689172,656305,666149,671218,687529,573262,53.96,,,,,,,,13,4,Sweeper,0,1,0,1,1,0,0,1,Strategic,Standard,60,-0.008,-0.069,,,,,0.069,,-1,-1,0.447,0.447,24,33,25,33,1,0,5.0,1,,2.0,3.37,-1.13,-1.13,20.8,,,,,,pitcher
SI,2024-09-25,91.5,-2.1,5.11,"Black, Mason",572233,696131,,ball,,,,,14,,R,R,R,AZ,SF,B,,,1,1,2024,-1.32,0.44,1.18243244370014,1.2046047820044787,,,,0,2,Bot,,,,,,,11.20629173840837,-132.9029301505562,-5.014178319985379,-17.915033458302442,24.976703753199185,-26.062684909828008,3.48066288977591,1.60988255225187,,,,92.7,1925,6.8,747144,672275,664774,689172,656305,666149,671218,687529,573262,53.68,,,,,,,,13,3,Sinker,0,1,0,1,1,0,0,1,Strategic,Standard,235,0.005,0.053,,,,,-0.053,,-1,-1,0.442,0.442,24,33,25,33,1,0,5.0,1,,2.0,2.26,1.32,1.32,23.0,,,,,,pitcher
SI,2024-09-25,93.6,-2.27,5.07,"Black, Mason",572233,696131,,ball,,,,,11,,R,R,R,AZ,SF,B,,,0,1,2024,-1.43,0.42,-0.2462215078894511,3.618821476031041,,,,0,2,Bot,,,,,,,8.441817568540671,-136.09643350139362,1.0366168632505492,-19.52588704399343,26.974038533915312,-27.32995761557273,3.48066288977591,1.60988255225187,,,,94.7,2059,6.8,747144,672275,664774,689172,656305,666149,671218,687529,573262,53.75,,,,,,,,13,2,Sinker,0,1,0,1,1,0,0,1,Strategic,Standard,234,0.003,0.025,,,,,-0.025,,-1,-1,0.439,0.439,24,33,25,33,1,0,5.0,1,,2.0,2.16,1.43,1.43,21.6,,,,,,pitcher
ST,2024-09-25,81.1,-2.33,5.04,"Black, Mason",572233,696131,,called_strike,,,,,3,,R,R,R,AZ,SF,S,,,0,0,2024,1.24,-0.33,0.5846970636580684,2.8599652481544298,,,,0,2,Bot,,,,,,,4.175612675808167,-118.06867936791244,2.405998187835574,10.726262887969794,22.939514059592437,-35.92231521569783,3.4182914839149,1.51072769208105,,,,81.4,2444,6.5,747144,672275,664774,689172,656305,666149,671218,687529,573262,54.02,,,,,,,,13,1,Sweeper,0,1,0,1,1,0,0,1,Strategic,Standard,62,-0.004,-0.037,,,,,0.037,,-1,-1,0.443,0.443,24,33,25,33,1,0,5.0,1,,2.0,3.79,-1.24,-1.24,22.4,,,,,,pitcher
FF,2024-09-25,94.7,-2.01,5.28,"Black, Mason",592626,696131,strikeout,called_strike,,,,,6,Joc Pederson called out on strikes.,R,L,R,AZ,SF,S,2.0,,0,2,2024,-1.08,1.14,0.3575258725982018,2.5840343232195813,,,,2,1,Bot,,,,,,,8.63975925848664,-137.60746393286684,-3.8877063666786222,-15.687641201432022,32.36266884833366,-17.02564682327813,3.54752119197977,1.77529301812595,,,,94.9,2102,6.6,747144,672275,664774,689172,656305,666149,671218,687529,573262,53.87,,0.0,0.0,1.0,0.0,0.0,,7,3,4-Seam Fastball,0,0,0,0,0,0,0,0,Standard,Standard,228,-0.006,-0.157,,,,,0.157,,0,0,0.506,0.506,24,32,25,32,1,0,5.0,1,,2.0,1.42,1.08,-1.08,26.2,,,,,,pitcher
ST,2024-09-25,84.6,-2.33,5.02,"Black, Mason",592626,696131,,called_strike,,,,,4,,R,L,R,AZ,SF,S,,,0,1,2024,0.74,-0.02,-0.6383474616421152,3.133846119081088,,,,2,1,Bot,,,,,,,2.480820474232233,-123.19795360510166,2.06477570503571,6.930990728463795,26.450036727559084,-33.08542983957345,3.74829465362038,1.97403964040301,,,,84.8,2511,6.6,747144,672275,664774,689172,656305,666149,671218,687529,573262,53.93,,,,,,,,7,2,Sweeper,0,0,0,0,0,0,0,0,Standard,Standard,65,-0.002,-0.058,,,,,0.058,,0,0,0.508,0.508,24,32,25,32,1,0,5.0,1,,2.0,3.22,-0.74,0.74,19.0,,,,,,pitcher
FF,2024-09-25,94.3,-1.96,5.23,"Black, Mason",592626,696131,,called_strike,,,,,5,,R,L,R,AZ,SF,S,,,0,0,2024,-0.97,1.16,-0.1703532665474861,3.060887926465902,,,,2,1,Bot,,,,,,,6.858681744778169,-137.1619588901624,-2.526649897514294,-13.779635253346768,32.07319105129935,-17.153967816847402,3.58096272970398,1.94089581612196,,,,94.8,2056,6.8,747144,672275,664774,689172,656305,666149,671218,687529,573262,53.74,,,,,,,,7,1,4-Seam Fastball,0,0,0,0,0,0,0,0,Standard,Standard,224,-0.002,-0.041,,,,,0.041,,0,0,0.51,0.51,24,32,25,32,1,0,5.0,1,,2.0,1.41,0.97,-0.97,27.4,,,,,,pitcher
SI,2024-09-25,92.9,-2.15,4.88,"Black, Mason",606466,696131,strikeout_double_play,swinging_strike,,,,,2,"Ketel Marte strikes out swinging and Corbin Carroll caught stealing 2nd, catcher Patrick Bailey to shortstop Tyler Fitzgerald to catcher Patrick Bailey.",R,L,R,AZ,SF,S,2.0,,3,2,2024,-1.37,0.41,-0.2304900226731168,3.433331399152685,,,682998.0,0,1,Bot,,,,,,,8.029196545670532,-135.0664837437455,1.201439126348867,-18.545843283747203,28.737821697154093,-27.627456175399296,3.55,1.65,,,,94.1,2030,7.0,747144,672275,664774,689172,656305,666149,671218,687529,573262,53.51,,0.0,0.0,1.0,0.0,0.0,,6,6,Sinker,0,0,0,0,0,0,0,0,Infield shade,Standard,238,-0.081,-0.346,70.0,6.4,0.18437076,,0.346,,0,0,0.591,0.591,24,30,25,31,1,0,5.0,1,,2.0,2.23,1.37,-1.37,18.4,13.117000839103676,11.784387910772171,24.680723209178204,33.71579758674017,31.025785347304712,pitcher
FC,2024-09-25,91.6,-2.32,4.86,"Black, Mason",606466,696131,,swinging_strike,,,,,6,,R,L,R,AZ,SF,S,,,3,1,2024,-0.3,0.24,0.5564981354723424,2.369183856946241,,,682998.0,0,1,Bot,,,,,,,7.972221848478791,-133.25633962618542,-0.9410725440442052,-5.267071730049274,28.86781585588122,-29.362561046935927,3.55,1.65,,,,92.4,2124,6.8,747144,672275,664774,689172,656305,666149,671218,687529,573262,53.69,,,,,,,,6,5,Cutter,0,0,0,0,0,0,0,0,Standard,Standard,229,-0.013,-0.04,74.7,7.6,0.47730888,,0.04,,0,0,0.604,0.604,24,30,25,31,1,0,5.0,1,,2.0,2.48,0.3,-0.3,18.8,15.383784874187052,-14.917973224286367,34.54526548226744,25.14084360198972,38.807129645420005,pitcher
FF,2024-09-25,92.5,-1.92,5.21,"Black, Mason",606466,696131,,foul,,,,,1,,R,L,R,AZ,SF,S,,,3,0,2024,-1.02,1.23,-0.5500475138630635,3.0963256508150163,,,682998.0,0,1,Bot,,,,,,,5.748927792108502,-134.52568460409276,-2.2341247523700787,-13.590473539592876,30.322947980003644,-17.015589059455344,3.55,1.65,224.0,75.7,26.0,93.0,1997,6.7,747144,672275,664774,689172,656305,666149,671218,687529,573262,53.79,,,,,,,,6,4,4-Seam Fastball,0,0,0,0,0,0,0,0,Standard,Standard,229,-0.011,-0.078,73.3,7.3,,,0.078,88.0,0,0,0.615,0.615,24,30,25,31,1,0,5.0,1,,2.0,1.45,1.02,-1.02,26.8,13.77791694823181,1.4951148399855687,28.92509819568266,37.95987373372265,31.215845658382957,pitcher
FF,2024-09-25,92.9,-2.08,5.09,"Black, Mason",606466,696131,,ball,,,,,13,,R,L,R,AZ,SF,B,,,2,0,2024,-0.97,1.09,-1.4127125366560391,2.313833484135173,,,682998.0,0,1,Bot,,,,,,,3.871429491549293,-135.28580421150394,-3.753381646379907,-12.77312720217162,29.930097275897968,-18.153609590767783,3.64787062535173,1.77529301812595,,,,93.7,2022,6.7,747144,672275,664774,689172,656305,666149,671218,687529,573262,53.76,,,,,,,,6,3,4-Seam Fastball,0,0,0,0,0,0,0,0,Standard,Standard,228,0.016,0.113,,,,,-0.113,,0,0,0.599,0.599,24,30,25,31,1,0,5.0,1,,2.0,1.55,0.97,-0.97,25.1,,,,,,pitcher
SI,2024-09-25,94.1,-2.14,4.88,"Black, Mason",606466,696131,,ball,,,,,12,,R,L,R,AZ,SF,B,,,1,0,2024,-1.46,0.66,1.422244389306974,2.6951247960544285,,,682998.0,0,1,Bot,,,,,,,12.588969255314977,-136.50146114038856,-1.3969908361901644,-21.03357687568676,29.499953797846956,-23.76549287264364,3.54752119197977,1.70910587158902,,,,94.9,2102,6.9,747144,672275,664774,689172,656305,666149,671218,687529,573262,53.64,,,,,,,,6,2,Sinker,0,0,0,0,0,0,0,0,Standard,Standard,233,0.011,0.068,,,,,-0.068,,0,0,0.588,0.588,24,30,25,31,1,0,5.0,1,,2.0,1.92,1.46,-1.46,17.2,,,,,,pitcher
ST,2024-09-25,82.5,-2.31,4.87,"Black, Mason",606466,696131,,ball,,,,,1,,R,L,R,AZ,SF,B,,,0,0,2024,1.06,0.15,-0.4507898805509261,3.6244011763431176,,,682998.0,0,1,Bot,,,,,,,2.179747234213083,-120.0513447468188,3.432749982687911,9.753487370598066,24.866512371815773,-31.63973039224221,3.54832121039949,1.67602379579849,,,,82.5,2339,6.5,747144,672275,664774,689172,656305,666149,671218,687529,573262,54.02,,,,,,,,6,1,Sweeper,0,0,0,0,0,0,0,0,Standard,Standard,65,0.005,0.041,,,,,-0.041,,0,0,0.583,0.583,24,30,25,31,1,0,5.0,1,,2.0,3.21,-1.06,1.06,19.4,,,,,,pitcher
FF,2024-09-25,92.8,-2.2,5.27,"Black, Mason",682998,696131,single,hit_into_play,,,,,1,Corbin Carroll singles on a sharp line drive to right fielder Mike Yastrzemski.,R,L,R,AZ,SF,X,9.0,line_drive,0,0,2024,-0.98,1.09,-0.3940272527533976,3.1025726110976684,,,,0,1,Bot,173.45,104.59,,,,,6.7828247294098345,-135.02032951195451,-2.1526200676308065,-13.433752618519856,28.74651753791844,-18.56297550427173,3.08,1.46,176.0,110.3,8.0,93.4,1952,6.6,747144,672275,664774,689172,656305,666149,671218,687529,573262,53.93,0.742,0.683,0.9,1.0,1.0,0.0,4.0,5,1,4-Seam Fastball,0,0,0,0,0,0,0,0,Standard,Standard,230,0.035,0.448,79.0,7.4,,0.866,-0.448,110.3,0,0,0.548,0.548,24,23,25,24,1,0,5.0,1,,2.0,1.55,0.98,-0.98,25.4,23.016510775350653,-8.880292373079014,14.063047999211568,40.93082167146099,36.55931858144593,pitcher
FF,2024-09-20,93.9,-2.15,4.97,"Black, Mason",686681,696131,field_out,hit_into_play,,,,,5,Michael Massey flies out to right fielder Mike Yastrzemski.,R,L,R,KC,SF,X,9.0,fly_ball,2,2,2024,-1.05,1.18,0.0203773140651626,2.727505282371516,,,677951.0,1,6,Bot,203.04,73.08,,,,,8.05583392591419,-136.6501682916601,-2.753730488221489,-14.92916577314425,28.272009067077253,-16.95206683101815,3.4,1.62,352.0,95.2,35.0,95.3,2076,6.9,746256,672275,592192,682617,669477,689172,671218,687529,573262,53.55,0.111,0.195,0.0,1.0,0.0,0.0,3.0,46,7,4-Seam Fastball,0,2,0,2,2,0,0,2,Infield shade,Standard,236,-0.039,-0.233,65.5,7.2,,0.368,0.233,95.2,-2,-2,0.259,0.259,24,26,25,26,3,2,6.0,2,5.0,1.0,1.39,1.05,-1.05,23.6,7.991964468849124,-35.67453313895522,35.918124863613656,35.81800749243968,38.79136614867687,pitcher
ST,2024-09-20,83.3,-2.38,4.72,"Black, Mason",686681,696131,,foul,,,,,4,,R,L,R,KC,SF,S,,,2,2,2024,0.96,0.2,-0.7536203295263808,2.744145720010461,,,677951.0,1,6,Bot,,,,,,,1.880205072095693,-121.43132131373603,1.4819819101536178,9.149455783789936,22.392756973572396,-30.64601431549508,3.4,1.62,194.0,76.2,59.0,84.3,2536,6.7,746256,672275,592192,682617,669477,689172,671218,687529,573262,53.81,,,,,,,,46,6,Sweeper,0,2,0,2,2,0,0,2,Infield shade,Standard,68,0.0,0.0,64.0,6.3,,,0.0,88.0,-2,-2,0.259,0.259,24,26,25,26,3,2,6.0,2,5.0,1.0,3.06,-0.96,0.96,18.8,0.642483456303422,13.99858786936108,24.847056443001588,44.95823556126132,21.07755202712301,pitcher
FF,2024-09-20,92.8,-2.11,4.99,"Black, Mason",686681,696131,,ball,,,,,11,,R,L,R,KC,SF,B,,,1,2,2024,-1.05,1.27,-0.6894047624368916,4.306819918821535,,,677951.0,1,6,Bot,,,,,,,6.008046328326838,-135.08291127508284,1.2858520739312402,-14.134134215325716,28.92559202348006,-17.09127398670481,3.32503356072575,1.54493870342272,,,,94.2,2099,7.1,746256,672275,592192,682617,669477,689172,671218,687529,573262,53.44,,,,,,,,46,5,4-Seam Fastball,0,2,0,2,2,0,0,2,Infield shade,Standard,231,0.007,0.048,,,,,-0.048,,-2,-2,0.252,0.252,24,26,25,26,3,2,6.0,2,5.0,1.0,1.37,1.05,-1.05,21.3,,,,,,pitcher
FF,2024-09-20,92.3,-2.09,5.04,"Black, Mason",686681,696131,,foul,,,,,11,,R,L,R,KC,SF,S,,,1,2,2024,-1.23,1.21,-0.3609940299082173,3.583091490060359,,,677951.0,1,6,Bot,,,,,,,7.200550053627277,-134.26889709997286,-0.4951158213298034,-16.513464203135477,29.940766605695515,-17.700496814230366,3.4,1.62,148.0,76.4,75.0,93.4,2288,7.0,746256,672275,592192,682617,669477,689172,671218,687529,573262,53.47,,,,,,,,46,4,4-Seam Fastball,0,2,0,2,2,0,0,2,Infield shade,Standard,232,0.0,0.0,69.3,6.4,,,0.0,88.0,-2,-2,0.252,0.252,24,26,25,26,3,2,6.0,2,5.0,1.0,1.48,1.23,-1.23,24.9,7.899082920735355,-0.8348947750952995,20.62703418834919,40.60593126960633,28.378897710070984,pitcher
FC,2024-09-20,90.1,-2.25,4.73,"Black, Mason",686681,696131,,swinging_strike,,,,,1,,R,L,R,KC,SF,S,,,1,1,2024,-0.43,0.69,-0.8206799279327703,3.0908286557175764,,,677951.0,1,6,Bot,,,,,,,4.504679050026087,-131.231190832841,0.4472004891856447,-5.918301771803942,28.588352270553987,-24.57129034181449,3.4,1.62,,,,90.7,2209,6.7,746256,672275,592192,682617,669477,689172,671218,687529,573262,53.84,,,,,,,,46,3,Cutter,0,2,0,2,2,0,0,2,Standard,Standard,207,-0.012,-0.059,68.4,5.8,1.485875424,,0.059,,-2,-2,0.264,0.264,24,26,25,26,3,2,6.0,2,5.0,1.0,2.12,0.43,-0.43,17.4,-1.8617615360720217,25.95793747334008,30.534984413979917,46.44658089591211,13.474771097926537,pitcher
FF,2024-09-20,93.8,-2.16,4.92,"Black, Mason",686681,696131,,swinging_strike,,,,,11,,R,L,R,KC,SF,S,,,1,0,2024,-1.07,1.19,-1.0458959351804804,3.09763325794831,,,677951.0,1,6,Bot,,,,,,,5.297247894272534,-136.45699566288937,-1.5899076952209774,-14.576854081748415,30.71623606988884,-17.244684990582158,3.4,1.62,,,,94.4,2153,6.7,746256,672275,592192,682617,669477,689172,671218,687529,573262,53.79,,,,,,,,46,2,4-Seam Fastball,0,2,0,2,2,0,0,2,Standard,Standard,231,-0.008,-0.047,41.8,5.5,5.442663996,,0.047,,-2,-2,0.272,0.272,24,26,25,26,3,2,6.0,2,5.0,1.0,1.41,1.07,-1.07,23.4,-5.363341783822632,39.14104953862619,36.498613402407024,48.65602601567803,4.296665308573932,pitcher
FF,2024-09-20,93.3,-2.17,5.06,"Black, Mason",686681,696131,,ball,,,,,11,,R,L,R,KC,SF,B,,,0,0,2024,-1.13,1.27,-1.3001039504575855,3.577889523476208,,,677951.0,1,6,Bot,,,,,,,4.778908622086349,-135.80642523085297,-0.8505051477355081,-15.06282950115858,30.37468662382127,-16.517975499861606,3.31642993582427,1.56851312443693,,,,94.0,2214,6.7,746256,672275,592192,682617,669477,689172,671218,687529,573262,53.77,,,,,,,,46,1,4-Seam Fastball,0,2,0,2,2,0,0,2,Standard,Standard,237,0.006,0.036,,,,,-0.036,,-2,-2,0.266,0.266,24,26,25,26,3,2,6.0,2,5.0,1.0,1.35,1.13,-1.13,23.4,,,,,,pitcher
FF,2024-09-20,93.1,-2.13,5.04,"Black, Mason",521692,696131,field_out,hit_into_play,,,,,1,Salvador Perez flies out to left fielder Heliot Ramos.,R,R,R,KC,SF,X,7.0,fly_ball,2,1,2024,-1.12,0.99,-0.3046518970349265,3.1175293087161235,,,677951.0,0,6,Bot,78.77,68.65,,,,,7.210888675545893,-135.41839066681578,-1.339893167047293,-15.337701334807551,29.117307168538787,-19.8731284856647,3.59,1.71,343.0,92.8,37.0,93.9,2233,6.8,746256,672275,592192,682617,669477,689172,671218,687529,573262,53.74,0.045,0.068,0.0,1.0,0.0,0.0,3.0,45,4,4-Seam Fastball,0,2,0,2,2,0,0,2,Standard,Standard,227,-0.063,-0.282,75.6,7.7,,0.124,0.282,92.8,-2,-2,0.329,0.329,24,34,25,34,3,2,6.0,2,5.0,1.0,1.64,1.12,1.12,24.0,21.88357855852037,-12.227551855533786,26.83854642639573,33.11102437073112,30.16081049183981,pitcher
SI,2024-09-20,93.9,-2.17,4.95,"Black, Mason",521692,696131,,ball,,,,,11,,R,R,R,KC,SF,B,,,1,1,2024,-1.37,0.49,-0.7564406797377996,3.894676480875885,,,677951.0,0,6,Bot,,,,,,,6.740914034962348,-136.57894632854843,1.926032595127745,-18.63011158055225,29.238057182076183,-26.70787126567057,3.71696696066385,1.64987330659112,,,,94.6,2083,6.7,746256,672275,592192,682617,669477,689172,671218,687529,573262,53.85,,,,,,,,45,3,Sinker,0,2,0,2,2,0,0,2,Standard,Standard,235,0.012,0.043,,,,,-0.043,,-2,-2,0.317,0.317,24,34,25,34,3,2,6.0,2,5.0,1.0,2.09,1.37,1.37,19.8,,,,,,pitcher
FC,2024-09-20,89.4,-2.29,4.87,"Black, Mason",521692,696131,,called_strike,,,,,2,,R,R,R,KC,SF,S,,,1,0,2024,-0.38,0.31,-0.1857908903064624,3.0081531462476576,,,677951.0,0,6,Bot,,,,,,,6.026653407558036,-130.13901530906665,0.7687412502224763,-5.54613878890435,26.54167918996118,-28.99723123420304,3.60462362586768,1.60375248132201,,,,90.2,2286,6.7,746256,672275,592192,682617,669477,689172,671218,687529,573262,53.81,,,,,,,,45,2,Cutter,0,2,0,2,2,0,0,2,Standard,Standard,216,-0.012,-0.049,,,,,0.049,,-2,-2,0.329,0.329,24,34,25,34,3,2,6.0,2,5.0,1.0,2.53,0.38,0.38,19.4,,,,,,pitcher
SI,2024-09-20,92.7,-2.12,4.96,"Black, Mason",521692,696131,,ball,,,,,13,,R,R,R,KC,SF,B,,,0,0,2024,-1.3,0.71,-1.073333869427307,2.493802771570269,,,677951.0,0,6,Bot,,,,,,,5.587707071871381,-134.85863273574574,-2.061799767107148,-17.132544859288167,28.95500311437064,-23.28891062248756,3.51907283166132,1.61796989112843,,,,93.6,2198,6.8,746256,672275,592192,682617,669477,689172,671218,687529,573262,53.72,,,,,,,,45,1,Sinker,0,2,0,2,2,0,0,2,Standard,Standard,234,0.009,0.041,,,,,-0.041,,-2,-2,0.32,0.32,24,34,25,34,3,2,6.0,2,5.0,1.0,1.94,1.3,1.3,19.6,,,,,,pitcher
SI,2024-09-20,93.9,-2.32,4.84,"Black, Mason",677951,696131,single,hit_into_play,,,,,5,Bobby Witt Jr. singles on a sharp line drive to left fielder Heliot Ramos.,R,R,R,KC,SF,X,7.0,line_drive,1,0,2024,-1.38,0.48,-0.2018182837512476,2.6138688992133927,,,,0,6,Bot,90.59,78.76,,,,,8.626274856134833,-136.5023443609788,-1.1183129821088351,-19.12450758343709,29.501145166328467,-26.06908665633779,3.5,1.64,251.0,109.2,9.0,94.9,2075,6.9,746256,672275,592192,682617,669477,689172,671218,687529,573262,53.6,0.811,0.789,0.9,1.0,1.0,0.0,4.0,44,2,Sinker,0,2,0,2,2,0,0,2,Standard,Standard,239,0.054,0.41,84.1,7.4,,1.022,-0.41,109.2,-2,-2,0.266,0.266,24,24,25,24,3,2,6.0,2,5.0,1.0,2.1,1.38,1.38,19.5,6.633314249357383,-8.372121863135913,24.61946938462899,33.13489146698204,28.881124148202,pitcher
SI,2024-09-20,94.5,-2.13,4.83,"Black, Mason",677951,696131,,ball,,,,,14,,R,R,R,KC,SF,B,,,0,0,2024,-1.29,0.44,1.7764288473512473,2.0447005648895926,,,,0,6,Bot,,,,,,,13.186203408062612,-137.06756745241913,-2.5604593184304107,-19.121972518033573,28.815826763528683,-26.225444587793564,3.35964896795859,1.60148974126504,,,,95.5,2219,7.0,746256,672275,592192,682617,669477,689172,671218,687529,573262,53.54,,,,,,,,44,1,Sinker,0,2,0,2,2,0,0,2,Standard,Standard,235,0.006,0.038,,,,,-0.038,,-2,-2,0.26,0.26,24,24,25,24,3,2,6.0,2,5.0,1.0,2.12,1.29,1.29,18.6,,,,,,pitcher
SL,2024-09-20,87.8,-2.34,4.72,"Black, Mason",502054,696131,field_out,hit_into_play,,,,,4,"Tommy Pham grounds out, shortstop Brett Wisely to first baseman Mark Canha.",R,R,R,KC,SF,X,6.0,ground_ball,1,0,2024,-0.08,0.18,-0.54471489928943,2.396052933565733,,,624428.0,2,5,Bot,100.5,146.32,,,,,4.5342434434296495,-127.88983082447923,0.1267197260150399,-1.754367953121276,26.101915522885108,-30.479565556840186,3.51,1.63,11.0,94.0,-12.0,88.5,2188,6.6,746256,672275,592192,682617,669477,689172,671218,687529,573262,53.87,0.174,0.157,0.0,1.0,0.0,0.0,2.0,38,2,Slider,0,1,0,1,1,0,0,1,Standard,Standard,70,-0.038,-0.304,76.3,6.8,,0.176,0.304,94.0,-1,-1,0.378,0.378,24,36,25,36,3,2,6.0,2,5.0,2.0,2.77,0.08,0.08,19.9,16.609822719732286,5.357753597654938,27.943222032978746,30.01427342784756,33.39463151262121,pitcher
SL,2024-09-20,88.5,-2.22,4.96,"Black, Mason",502054,696131,,ball,,,,,11,,R,R,R,KC,SF,B,,,0,0,2024,-0.1,0.33,-0.3196316746501266,4.380151183157776,,,624428.0,2,5,Bot,,,,,,,4.919885608273127,-128.84420533671715,3.994056799958959,-2.093764277196298,25.09143813178491,-29.512169810862236,3.59210446239401,1.58620456656268,,,,89.9,2232,7.0,746256,672275,592192,682617,669477,689172,671218,687529,573262,53.5,,,,,,,,38,1,Slider,0,1,0,1,1,0,0,1,Standard,Standard,164,0.003,0.034,,,,,-0.034,,-1,-1,0.375,0.375,24,36,25,36,3,2,6.0,2,5.0,2.0,2.57,0.1,0.1,23.5,,,,,,pitcher
FF,2024-09-20,93.5,-2.12,4.92,"Black, Mason",664728,696131,strikeout,swinging_strike,,,,,1,Kyle Isbel strikes out swinging.,R,L,R,KC,SF,S,2.0,,0,2,2024,-1.02,1.01,-0.6226343909762967,3.4754215159919504,,,624428.0,1,5,Bot,,,,,,,6.181103768370957,-136.0849881360037,-0.2267263389208023,-13.97824729590155,29.2284053187834,-19.755438885873573,3.38,1.58,,,,94.7,2139,6.9,746256,672275,592192,682617,669477,689172,671218,687529,573262,53.55,,0.0,0.0,1.0,0.0,0.0,,37,3,4-Seam Fastball,0,1,0,1,1,0,0,1,Standard,Standard,233,-0.027,-0.159,67.2,6.0,0.766854132,,0.159,,-1,-1,0.402,0.402,24,27,25,27,2,1,6.0,2,5.0,1.0,1.59,1.02,-1.02,21.9,-2.6666764198774606,22.885565786356512,12.686813157771162,41.87647005644135,14.804893090111284,pitcher
ST,2024-09-20,83.1,-2.35,4.8,"Black, Mason",664728,696131,,called_strike,,,,,11,,R,L,R,KC,SF,S,,,0,1,2024,0.58,0.2,-0.358166226824165,3.5096204178166874,,,624428.0,1,5,Bot,,,,,,,3.437569591945902,-121.11861932920102,3.040297573479927,5.1112194279243415,21.1331306503656,-30.96569700856965,3.38693548396336,1.61474677486899,,,,83.6,2403,6.3,746256,672275,592192,682617,669477,689172,671218,687529,573262,54.18,,,,,,,,37,2,Sweeper,0,1,0,1,1,0,0,1,Standard,Standard,60,-0.011,-0.052,,,,,0.052,,-1,-1,0.413,0.413,24,27,25,27,2,1,6.0,2,5.0,1.0,3.07,-0.58,0.58,19.3,,,,,,pitcher
FF,2024-09-20,92.7,-2.08,4.92,"Black, Mason",664728,696131,,foul,,,,,3,,R,L,R,KC,SF,S,,,0,0,2024,-1.08,1.12,0.4824464695314816,3.390946237379466,,,624428.0,1,5,Bot,,,,,,,9.016161260587932,-134.7555517634395,-0.535896442722728,-15.158324867529991,28.78502338708417,-18.65228433340372,3.38,1.58,244.0,79.5,55.0,93.8,2157,7.0,746256,672275,592192,682617,669477,689172,671218,687529,573262,53.53,,,,,,,,37,1,4-Seam Fastball,0,1,0,1,1,0,0,1,Standard,Standard,234,-0.007,-0.04,67.0,7.0,,,0.04,88.0,-1,-1,0.42,0.42,24,27,25,27,2,1,6.0,2,5.0,1.0,1.54,1.08,-1.08,22.4,12.063252245564495,-18.705225833025857,20.17203361337527,28.67113418962532,35.70249439513583,pitcher
SI,2024-09-20,94.1,-2.21,4.79,"Black, Mason",672580,696131,strikeout,swinging_strike,,,,,2,Maikel Garcia strikes out swinging.,R,R,R,KC,SF,S,2.0,,1,2,2024,-1.35,0.52,-0.1168034655394454,3.596754765596615,,,624428.0,0,5,Bot,,,,,,,8.531531320391858,-136.8337075321346,1.4437466632737257,-18.812786746342777,28.17532978040401,-26.07952235777345,3.54,1.65,,,,95.5,2133,7.0,746256,672275,592192,682617,669477,689172,671218,687529,573262,53.51,,0.0,0.0,1.0,0.0,0.0,,36,5,Sinker,0,1,0,1,1,0,0,1,Standard,Standard,232,-0.036,-0.184,70.1,5.8,1.66065024,,0.184,,-1,-1,0.456,0.456,24,24,25,24,2,1,6.0,2,5.0,1.0,2.04,1.35,1.35,19.2,-2.5425456674207707,32.58016594676308,20.924143442393703,33.66333769585788,20.02922886629189,pitcher
FF,2024-09-20,93.0,-2.12,4.92,"Black, Mason",672580,696131,,ball,,,,,14,,R,R,R,KC,SF,B,,,0,2,2024,-1.02,1.27,0.9675579631019856,2.4233843321631854,,,624428.0,0,5,Bot,,,,,,,10.257605521897176,-135.07243646055517,-3.469751995746374,-14.644767509972972,27.550410823860982,-15.96098560659232,3.53843926203364,1.70545619924732,,,,94.1,2176,6.9,746256,672275,592192,682617,669477,689172,671218,687529,573262,53.58,,,,,,,,36,4,4-Seam Fastball,0,1,0,1,1,0,0,1,Standard,Standard,235,0.005,0.033,,,,,-0.033,,-1,-1,0.451,0.451,24,24,25,24,2,1,6.0,2,5.0,1.0,1.36,1.02,1.02,20.8,,,,,,pitcher
SL,2024-09-20,89.1,-2.13,4.85,"Black, Mason",672580,696131,,foul,,,,,3,,R,R,R,KC,SF,S,,,0,2,2024,-0.1,0.56,0.3625949838369138,3.201516352080869,,,624428.0,0,5,Bot,,,,,,,6.3991348094586,-129.56815694445908,0.8679846582349805,-2.5210790797488216,28.22343911897803,-26.31823845311955,3.54,1.65,184.0,71.2,21.0,89.8,2320,6.8,746256,672275,592192,682617,669477,689172,671218,687529,573262,53.66,,,,,,,,36,3,Slider,0,1,0,1,1,0,0,1,Standard,Standard,193,0.0,0.0,73.7,6.5,,,0.0,88.0,-1,-1,0.451,0.451,24,24,25,24,2,1,6.0,2,5.0,1.0,2.33,0.1,0.1,16.7,-3.789029061338415,18.650246324854105,21.461848027715536,39.48985177790679,27.708940026677865,pitcher
FC,2024-09-20,89.4,-2.43,4.77,"Black, Mason",672580,696131,,foul,,,,,13,,R,R,R,KC,SF,S,,,0,1,2024,-0.22,0.08,-0.933081553969704,2.5848051830058907,,,624428.0,0,5,Bot,,,,,,,4.193772175897922,-130.11148872200906,0.4984762689840537,-3.431817330321075,28.56839633898641,-31.55884204998972,3.54,1.65,3.0,67.1,-40.0,90.2,2257,6.9,746256,672275,592192,682617,669477,689172,671218,687529,573262,53.64,,,,,,,,36,2,Cutter,0,1,0,1,1,0,0,1,Standard,Standard,192,-0.012,-0.048,70.6,6.2,,,0.048,88.0,-1,-1,0.463,0.463,24,24,25,24,2,1,6.0,2,5.0,1.0,2.78,0.22,0.22,17.3,0.8335283939051786,9.073142898845935,27.15833275268048,23.90304650599027,28.716285997198764,pitcher
SI,2024-09-20,92.7,-2.25,4.81,"Black, Mason",672580,696131,,foul_bunt,,,,,1,,R,R,R,KC,SF,S,,,0,0,2024,-1.5,0.49,-0.5316206436962705,3.552000798256581,,,624428.0,0,5,Bot,,,,,,,7.714364293036432,-134.73963973742397,1.555382695029526,-19.92174892601927,29.281594808318992,-26.83034484026113,3.54,1.65,,,,93.3,2059,6.7,746256,672275,592192,682617,669477,689172,671218,687529,573262,53.82,,,,,,,,36,1,Sinker,0,1,0,1,1,0,0,1,Standard,Standard,234,-0.008,-0.042,20.4,1.2,,,0.042,88.0,-1,-1,0.471,0.471,24,24,25,24,2,1,6.0,2,5.0,1.0,2.17,1.5,1.5,15.9,-64.32276531792286,17.711648713832176,36.09337519049587,32.57679167952056,17.73827279614315,pitcher
FF,2024-09-20,93.5,-2.21,4.93,"Black, Mason",624428,696131,walk,ball,,,,,11,Adam Frazier walks.,R,L,R,KC,SF,B,,,3,2,2024,-1.11,1.09,-0.466313267996707,3.739077811761855,,,,0,5,Bot,,,,,,,7.023155566201529,-136.05171457345492,0.2820592534486722,-15.393158997593158,30.630151789614008,-18.908065086866063,3.03745136248531,1.39981442447503,,,,94.3,2228,6.8,746256,672275,592192,682617,669477,689172,671218,687529,573262,53.68,,0.689131,0.7,1.0,0.0,0.0,,35,6,4-Seam Fastball,0,1,0,1,1,0,0,1,Infield shade,Standard,233,0.048,0.371,,,,,-0.371,,-1,-1,0.423,0.423,24,32,25,33,2,1,6.0,4,5.0,1.0,1.52,1.11,-1.11,20.6,,,,,,pitcher
FF,2024-09-20,93.1,-2.38,4.86,"Black, Mason",624428,696131,,swinging_strike,,,,,11,,R,L,R,KC,SF,S,,,3,1,2024,-0.98,1.18,-0.4932751315817332,3.405559680109021,,,,0,5,Bot,,,,,,,7.085186492238976,-135.4179277410775,-0.5195376847449109,-13.658825638956037,29.910402456875875,-17.823741057307906,3.08,1.41,,,,94.1,2212,6.9,746256,672275,592192,682617,669477,689172,671218,687529,573262,53.57,,,,,,,,35,5,4-Seam Fastball,0,1,0,1,1,0,0,1,Infield shade,Standard,235,-0.014,-0.085,68.1,6.5,1.972582872,,0.085,,-1,-1,0.437,0.437,24,32,25,33,2,1,6.0,4,5.0,1.0,1.46,0.98,-0.98,21.0,9.37724745060688,10.904890782898056,31.86921870127397,36.02384061584886,17.96459710676551,pitcher
FF,2024-09-20,92.8,-2.19,4.95,"Black, Mason",624428,696131,,called_strike,,,,,9,,R,L,R,KC,SF,S,,,3,0,2024,-0.88,1.3,0.7514226400382028,1.5657513317731602,,,,0,5,Bot,,,,,,,9.55138560210863,-134.79777639771044,-5.76654657641485,-12.752101680812872,28.694023236506432,-15.183836262351106,3.06608897273119,1.42839072197083,,,,93.8,2186,6.9,746256,672275,592192,682617,669477,689172,671218,687529,573262,53.57,,,,,,,,35,4,4-Seam Fastball,0,1,0,1,1,0,0,1,Standard,Standard,231,-0.012,-0.09,,,,,0.09,,-1,-1,0.449,0.449,24,32,25,33,2,1,6.0,4,5.0,1.0,1.35,0.88,-0.88,20.7,,,,,,pitcher
SL,2024-09-20,87.4,-2.49,4.75,"Black, Mason",624428,696131,,ball,,,,,12,,R,L,R,KC,SF,B,,,2,0,2024,-0.1,0.39,0.9056031650122142,3.102747589438743,,,,0,5,Bot,,,,,,,8.442645619220476,-127.00932685826486,1.4232264682146942,-2.858986900628206,26.099915503667688,-28.50581955098516,3.0642237974959,1.42642102819575,,,,87.8,2167,6.6,746256,672275,592192,682617,669477,689172,671218,687529,573262,53.85,,,,,,,,35,3,Slider,0,1,0,1,1,0,0,1,Standard,Standard,224,0.017,0.147,,,,,-0.147,,-1,-1,0.432,0.432,24,32,25,33,2,1,6.0,4,5.0,1.0,2.6,0.1,-0.1,22.0,,,,,,pitcher
SI,2024-09-20,93.2,-2.23,4.79,"Black, Mason",624428,696131,,ball,,,,,14,,R,L,R,KC,SF,B,,,1,0,2024,-1.36,0.45,1.4788996312237013,-0.0730056043074929,,,,0,5,Bot,,,,,,,12.57793995192946,-135.0597103794999,-7.733987708566369,-19.31661680741601,28.77022568695187,-25.06368842016577,3.07670156694812,1.47222686356755,,,,93.8,2129,6.8,746256,672275,592192,682617,669477,689172,671218,687529,573262,53.71,,,,,,,,35,2,Sinker,0,1,0,1,1,0,0,1,Standard,Standard,238,0.011,0.069,,,,,-0.069,,-1,-1,0.421,0.421,24,32,25,33,2,1,6.0,4,5.0,1.0,2.19,1.36,-1.36,17.7,,,,,,pitcher
SI,2024-09-20,90.7,-2.48,4.82,"Black, Mason",624428,696131,,ball,,,,,11,,R,L,R,KC,SF,B,,,0,0,2024,-1.12,0.38,-2.0453110986247136,4.7784642057711295,,,,0,5,Bot,,,,,,,3.539102887305958,-131.87844088371756,5.101913454532637,-13.849665296845249,29.136588672093385,-29.145581615516416,3.02375998796548,1.35329982216128,,,,91.5,1921,6.9,746256,672275,592192,682617,669477,689172,671218,687529,573262,53.6,,,,,,,,35,1,Sinker,0,1,0,1,1,0,0,1,Standard,Standard,241,0.006,0.038,,,,,-0.038,,-1,-1,0.415,0.415,24,32,25,33,2,1,6.0,4,5.0,1.0,2.41,1.12,-1.12,18.6,,,,,,pitcher
FC,2024-09-20,89.3,-2.41,4.77,"Black, Mason",669004,696131,field_out,hit_into_play,,,,,5,MJ Melendez pops out to shortstop Brett Wisely.,R,L,R,KC,SF,X,6.0,popup,1,0,2024,-0.47,0.49,0.1037086832677129,2.2235282082488697,,,,2,4,Bot,90.0,144.0,,,,,7.249423479278347,-130.0229495095091,-1.3611929729522827,-6.667229419124936,23.90415131927692,-26.49643106540632,3.34,1.59,180.0,79.8,62.0,90.6,2337,6.8,746256,672275,592192,682617,669477,689172,671218,687529,573262,53.72,0.013,0.012,0.0,1.0,0.0,0.0,3.0,31,2,Cutter,0,1,0,1,1,0,0,1,Infield shade,Standard,195,-0.016,-0.295,76.7,7.9,,0.017,0.295,88.0,-1,-1,0.378,0.378,24,25,25,26,2,1,6.0,4,5.0,1.0,2.34,0.47,-0.47,18.4,7.878401120621497,-3.9194015367594375,34.64529021581501,36.92977571080508,30.5910689993754,pitcher
FF,2024-09-20,94.6,-2.01,4.96,"Black, Mason",669004,696131,,ball,,,,,14,,R,L,R,KC,SF,B,,,0,0,2024,-1.16,1.12,1.5905363300733295,1.7615994877972865,,,,2,4,Bot,,,,,,,12.107867280776617,-137.23293287117244,-5.192711912208663,-17.327126366587265,30.0088253433248,-16.964698126386743,3.35835360864947,1.56006257674149,,,,95.5,2283,7.0,746256,672275,592192,682617,669477,689172,671218,687529,573262,53.55,,,,,,,,31,1,4-Seam Fastball,0,1,0,1,1,0,0,1,Infield shade,Standard,235,0.002,0.04,,,,,-0.04,,-1,-1,0.376,0.376,24,25,25,26,2,1,6.0,4,5.0,1.0,1.44,1.16,-1.16,21.3,,,,,,pitcher
SI,2024-09-20,92.8,-2.32,4.75,"Black, Mason",493329,696131,field_out,hit_into_play,,,,,11,Yuli Gurriel flies out to left fielder Heliot Ramos.,R,R,R,KC,SF,X,7.0,fly_ball,0,1,2024,-1.39,0.55,-0.8857439234011693,3.116291692227068,,,,1,4,Bot,66.07,131.05,,,,,6.735752885452484,-135.01456366379392,0.4573939253886311,-18.5331087442221,30.74279211763329,-25.85494513582333,3.42,1.6,224.0,74.2,51.0,92.8,2124,6.4,746256,672275,592192,682617,669477,689172,671218,687529,573262,54.08,0.103,0.107,0.0,1.0,0.0,0.0,3.0,30,2,Sinker,0,1,0,1,1,0,0,1,Standard,Standard,237,-0.019,-0.219,75.9,7.6,,0.14,0.219,88.0,-1,-1,0.395,0.395,24,40,25,40,2,1,6.0,2,5.0,1.0,2.11,1.39,1.39,13.4,0.7581751308634807,-16.447543859892463,21.802758817892563,26.675521402901204,30.66855221771085,pitcher
SI,2024-09-20,93.6,-2.15,4.84,"Black, Mason",493329,696131,,called_strike,,,,,6,,R,R,R,KC,SF,S,,,0,0,2024,-1.55,0.43,0.8184360214386832,2.2226606739774937,,,,1,4,Bot,,,,,,,11.174249836972624,-135.89607880856548,-1.920664758314739,-21.678343115228284,30.772806208786665,-26.645755986169043,3.49955210776174,1.5230876109651,,,,94.3,2198,6.9,746256,672275,592192,682617,669477,689172,671218,687529,573262,53.62,,,,,,,,30,1,Sinker,0,1,0,1,1,0,0,1,Standard,Standard,238,-0.003,-0.037,,,,,0.037,,-1,-1,0.398,0.398,24,40,25,40,2,1,6.0,2,5.0,1.0,2.19,1.55,1.55,17.9,,,,,,pitcher
SL,2024-09-20,88.3,-2.33,4.76,"Black, Mason",686681,696131,field_out,hit_into_play,,,,,5,Michael Massey flies out to left fielder Heliot Ramos.,R,L,R,KC,SF,X,7.0,fly_ball,1,0,2024,-0.02,0.48,0.1003787313776655,2.6802143167965102,,,,0,4,Bot,74.12,125.88,,,,,6.010597192501979,-128.53986186721286,-0.0042247365513772,-1.413840569415019,25.35784577515381,-27.081524834484053,3.4,1.62,224.0,88.9,56.0,89.1,2178,6.7,746256,672275,592192,682617,669477,689172,671218,687529,573262,53.84,0.008,0.007,0.0,1.0,0.0,0.0,3.0,29,2,Slider,0,1,0,1,1,0,0,1,Standard,Standard,142,-0.035,-0.292,72.0,7.0,,0.01,0.292,88.9,-1,-1,0.433,0.433,24,26,25,26,2,1,6.0,2,5.0,1.0,2.43,0.02,-0.02,17.8,14.388423023253075,-3.7427934733791286,32.781969944139426,36.304843255812656,30.71775570301087,pitcher
FF,2024-09-20,92.4,-1.99,5.13,"Black, Mason",686681,696131,,ball,,,,,12,,R,L,R,KC,SF,B,,,0,0,2024,-0.95,1.14,1.6078615148185662,3.072857194676881,,,,0,4,Bot,,,,,,,11.325767366331956,-134.1438232259951,-1.9471656294417192,-13.800879193197158,26.58144280886214,-18.052198119799986,3.33616585639809,1.56779300067006,,,,93.5,2100,6.9,746256,672275,592192,682617,669477,689172,671218,687529,573262,53.64,,,,,,,,29,1,4-Seam Fastball,0,1,0,1,1,0,0,1,Standard,Standard,228,0.005,0.038,,,,,-0.038,,-1,-1,0.428,0.428,24,26,25,26,2,1,6.0,2,5.0,1.0,1.52,0.95,-0.95,25.9,,,,,,pitcher
SI,2024-09-20,93.3,-2.21,4.84,"Black, Mason",521692,696131,field_out,hit_into_play,,,,,11,"Salvador Perez grounds out softly, shortstop Brett Wisely to first baseman Mark Canha.",R,R,R,KC,SF,X,6.0,ground_ball,1,0,2024,-1.29,0.33,-0.6286651252828688,3.832944506959318,,,,2,3,Bot,116.0,155.0,,,,,6.979105898482203,-135.6861710458753,2.466028039027228,-17.41271797315815,29.25657959120986,-28.836675654529127,3.59,1.71,35.0,58.7,-1.0,94.3,1964,6.9,746256,672275,592192,682617,669477,689172,671218,687529,573262,53.62,0.075,0.075,0.0,1.0,0.0,0.0,1.0,24,2,Sinker,0,1,0,1,1,0,0,1,Standard,Standard,237,-0.014,-0.295,66.8,6.3,,0.075,0.295,88.0,-1,-1,0.391,0.391,24,34,25,34,2,1,6.0,2,5.0,1.0,2.29,1.29,1.29,19.8,9.442312888064356,12.034681090321309,21.01753724686345,29.242858130070417,20.590699106600766,pitcher
ST,2024-09-20,83.9,-2.24,4.88,"Black, Mason",521692,696131,,ball,,,,,14,,R,R,R,KC,SF,B,,,0,0,2024,1.15,-0.13,2.2682591315721456,1.4270099440841095,,,,2,3,Bot,,,,,,,8.257613401944328,-121.98467183554534,-1.3166954675722995,9.8035317939163,24.04901949937915,-33.474329705289456,3.58521893761862,1.76985888735176,,,,84.8,2488,6.9,746256,672275,592192,682617,669477,689172,671218,687529,573262,53.55,,,,,,,,24,1,Sweeper,0,1,0,1,1,0,0,1,Standard,Standard,31,0.001,0.04,,,,,-0.04,,-1,-1,0.39,0.39,24,34,25,34,2,1,6.0,2,5.0,1.0,3.38,-1.15,-1.15,22.5,,,,,,pitcher
FC,2024-09-20,89.7,-2.34,4.76,"Black, Mason",677951,696131,field_out,hit_into_play,,,,,2,Bobby Witt Jr. lines out sharply to center fielder Grant McCray.,R,R,R,KC,SF,X,8.0,line_drive,1,1,2024,-0.18,0.25,0.1267788820662349,3.614148961856147,,,,1,3,Bot,161.73,49.0,,,,,6.50451042789314,-130.46296112471128,2.6331714875245646,-3.323004759046736,26.294058540672623,-30.111251099280665,3.5,1.64,381.0,104.8,20.0,90.2,2320,6.5,746256,672275,592192,682617,669477,689172,671218,687529,573262,53.97,0.535,0.8780000000000001,0.0,1.0,0.0,0.0,6.0,23,3,Cutter,0,1,0,1,1,0,0,1,Standard,Standard,184,-0.018,-0.243,71.1,6.2,,1.618,0.243,104.8,-1,-1,0.408,0.408,24,24,25,24,2,1,6.0,2,5.0,1.0,2.58,0.18,0.18,17.8,7.25356669086775,11.460435218893023,16.665107217006458,34.5415065889549,27.064894938336987,pitcher
SL,2024-09-20,89.2,-2.36,4.83,"Black, Mason",677951,696131,,foul,,,,,2,,R,R,R,KC,SF,S,,,1,0,2024,0.02,0.53,0.0924612182835628,3.412990005675197,,,,1,3,Bot,,,,,,,6.052801350494342,-129.76665393634465,1.4466641336607144,-1.0602163528085706,27.26317651386737,-26.6993730064598,3.5,1.64,159.0,82.3,71.0,90.2,2331,6.9,746256,672275,592192,682617,669477,689172,671218,687529,573262,53.6,,,,,,,,23,2,Slider,0,1,0,1,1,0,0,1,Standard,Strategic,168,-0.004,-0.051,67.1,6.6,,,0.051,88.0,-1,-1,0.412,0.412,24,24,25,24,2,1,6.0,2,5.0,1.0,2.34,-0.02,-0.02,18.7,1.7587668836261183,2.656242557266165,24.531146708567345,35.425500193114566,24.937292029376536,pitcher
SI,2024-09-20,94.2,-2.14,4.9,"Black, Mason",677951,696131,,ball,,,,,12,,R,R,R,KC,SF,B,,,0,0,2024,-1.05,0.49,1.2267540344910912,3.252317922274002,,,,1,3,Bot,,,,,,,11.18639532618789,-136.7563483296873,0.3527936149760134,-15.50529169536562,27.829581403979407,-26.34021418903727,3.42432596163666,1.59750344975409,,,,95.5,1985,7.0,746256,672275,592192,682617,669477,689172,671218,687529,573262,53.53,,,,,,,,23,1,Sinker,0,1,0,1,1,0,0,1,Standard,Strategic,236,0.003,0.039,,,,,-0.039,,-1,-1,0.409,0.409,24,24,25,24,2,1,6.0,2,5.0,1.0,2.08,1.05,1.05,20.9,,,,,,pitcher
FF,2024-09-20,93.8,-2.0,5.05,"Black, Mason",502054,696131,strikeout,swinging_strike,,,,,12,Tommy Pham strikes out swinging.,R,R,R,KC,SF,S,2.0,,1,2,2024,-0.64,1.22,1.116934053749034,3.76739624113954,,,,0,3,Bot,,,,,,,9.553282759807235,-136.280639948735,-0.2747903730566353,-10.025048421813546,30.000138526013053,-17.072476339624178,3.51,1.63,,,,94.7,2128,6.9,746256,672275,592192,682617,669477,689172,671218,687529,573262,53.58,,0.0,0.0,1.0,0.0,0.0,,22,5,4-Seam Fastball,0,1,0,1,1,0,0,1,Standard,Standard,228,-0.02,-0.186,66.4,6.2,2.24264004,,0.186,,-1,-1,0.429,0.429,24,36,25,36,2,1,6.0,2,5.0,2.0,1.37,0.64,0.64,24.2,7.007201898338676,25.810267767973475,21.94001459163804,50.86708609745092,15.3299414126843,pitcher
ST,2024-09-20,83.5,-2.27,4.82,"Black, Mason",502054,696131,,foul,,,,,14,,R,R,R,KC,SF,S,,,1,2,2024,1.05,0.25,0.8435692437645462,2.4887628351679303,,,,0,3,Bot,,,,,,,5.170961803077565,-121.62623821208942,0.5609904051731358,9.439530764356144,22.81778244960248,-30.03799636843423,3.51,1.63,263.0,82.9,43.0,84.6,2416,6.9,746256,672275,592192,682617,669477,689172,671218,687529,573262,53.62,,,,,,,,22,4,Sweeper,0,1,0,1,1,0,0,1,Standard,Standard,69,0.0,0.0,71.4,6.4,,,0.0,88.0,-1,-1,0.429,0.429,24,36,25,36,2,1,6.0,2,5.0,2.0,3.0,-1.05,-1.05,22.2,-3.7071946457077,25.967272483852128,27.33358105783886,48.14818970593308,19.051300647379964,pitcher
SL,2024-09-20,87.1,-2.26,4.78,"Black, Mason",502054,696131,,foul,,,,,6,,R,R,R,KC,SF,S,,,1,1,2024,-0.29,0.53,0.6124499793278615,2.892423989215039,,,,0,3,Bot,,,,,,,7.56839125891612,-126.66525751306004,0.570885649965959,-4.6697685570669725,26.223369080591453,-26.832536703599363,3.51,1.63,213.0,73.0,42.0,87.8,2335,6.8,746256,672275,592192,682617,669477,689172,671218,687529,573262,53.71,,,,,,,,22,3,Slider,0,1,0,1,1,0,0,1,Standard,Standard,201,-0.007,-0.056,69.4,6.8,,,0.056,88.0,-1,-1,0.436,0.436,24,36,25,36,2,1,6.0,2,5.0,2.0,2.48,0.29,0.29,19.7,4.607361144187517,10.832745427240644,26.6208458174262,45.13970577480013,25.05429233883426,pitcher
FF,2024-09-20,93.7,-2.2,5.07,"Black, Mason",502054,696131,,ball,,,,,11,,R,R,R,KC,SF,B,,,0,1,2024,-1.11,1.12,-0.2824430283848493,4.922885109207419,,,,0,3,Bot,,,,,,,7.470328503223021,-136.1941687398953,2.9363252734816694,-15.414902795182254,29.881931918097447,-19.138218212338877,3.52493261362131,1.65729116468219,,,,94.6,2086,6.9,746256,672275,592192,682617,669477,689172,671218,687529,573262,53.63,,,,,,,,22,2,4-Seam Fastball,0,1,0,1,1,0,0,1,Standard,Standard,224,0.003,0.025,,,,,-0.025,,-1,-1,0.433,0.433,24,36,25,36,2,1,6.0,2,5.0,2.0,1.48,1.11,1.11,25.8,,,,,,pitcher
SI,2024-09-20,92.6,-2.27,4.79,"Black, Mason",502054,696131,,foul,,,,,4,,R,R,R,KC,SF,S,,,0,0,2024,-1.26,0.47,-0.3940551999793169,2.620374650895073,,,,0,3,Bot,,,,,,,7.617387870527575,-134.65184811462237,-0.7266111929424992,-16.966594106959732,30.67184688623251,-26.580663088508604,3.51,1.63,226.0,73.5,45.0,93.3,1975,6.8,746256,672275,592192,682617,669477,689172,671218,687529,573262,53.66,,,,,,,,22,1,Sinker,0,1,0,1,1,0,0,1,Standard,Standard,237,-0.004,-0.037,70.4,6.0,,,0.037,88.0,-1,-1,0.437,0.437,24,36,25,36,2,1,6.0,2,5.0,2.0,2.21,1.26,1.26,18.1,3.943094334417767,21.28049637442224,29.78912123904313,32.66045438020906,23.133713867393865,pitcher
SI,2024-09-20,94.5,-2.15,4.85,"Black, Mason",664728,696131,field_out,hit_into_play,,,,,2,Kyle Isbel lines out to center fielder Grant McCray.,R,L,R,KC,SF,X,8.0,line_drive,3,1,2024,-1.29,0.52,0.0611791297971175,2.9334760562087485,493329.0,669004.0,,2,2,Bot,120.86,69.28,,,,,8.68775078328572,-137.41105136767624,-0.4414261000415276,-18.23033379783077,30.67687787791939,-25.69291252375068,3.38,1.58,323.0,99.5,15.0,95.2,2086,6.7,746256,672275,592192,682617,669477,689172,671218,687529,573262,53.77,0.716,0.727,0.0,1.0,0.0,0.0,4.0,18,5,Sinker,0,1,0,1,1,0,0,1,Standard,Standard,233,-0.073,-0.341,68.7,6.4,,0.97,0.341,99.5,-1,-1,0.461,0.461,24,27,25,27,1,0,6.0,2,5.0,1.0,2.04,1.29,-1.29,20.6,1.8936259493975856,6.474081311982592,21.254597828422103,33.221294592850086,24.58409437721264,pitcher
FC,2024-09-20,91.0,-2.4,4.89,"Black, Mason",664728,696131,,ball,,,,,12,,R,L,R,KC,SF,B,,,2,1,2024,-0.46,0.34,0.7293420566507796,3.5079869714828797,493329.0,669004.0,,2,2,Bot,,,,,,,8.840763494874905,-132.1940608746361,1.7156087101544522,-7.217732068070814,27.86396505682639,-28.732947184488072,3.34317763021603,1.58418031843988,,,,91.3,2161,6.5,746256,672275,592192,682617,669477,689172,671218,687529,573262,53.99,,,,,,,,18,4,Cutter,0,1,0,1,1,0,0,1,Standard,Standard,209,0.006,0.047,,,,,-0.047,,-1,-1,0.455,0.455,24,27,25,27,1,0,6.0,2,5.0,1.0,2.41,0.46,-0.46,18.5,,,,,,pitcher
SI,2024-09-20,95.3,-2.26,4.83,"Black, Mason",664728,696131,,foul,,,,,5,,R,L,R,KC,SF,S,,,2,0,2024,-1.45,0.57,-0.2243524551046007,2.595555914038568,493329.0,669004.0,,2,2,Bot,,,,,,,8.695551072977697,-138.49952183320005,-1.5206526214098266,-20.649785920112908,30.255392428071417,-24.708952437847334,3.38,1.58,331.0,91.3,26.0,96.2,2150,6.8,746256,672275,592192,682617,669477,689172,671218,687529,573262,53.69,,,,,,,,18,3,Sinker,0,1,0,1,1,0,0,1,Standard,Standard,235,-0.004,-0.028,67.0,6.3,,,0.028,91.3,-1,-1,0.459,0.459,24,27,25,27,1,0,6.0,2,5.0,1.0,1.94,1.45,-1.45,17.9,-2.2319517495829064,22.275990622180903,23.763367844894763,36.82484247564237,19.758590472445704,pitcher
FF,2024-09-20,93.5,-2.01,4.97,"Black, Mason",664728,696131,,ball,,,,,12,,R,L,R,KC,SF,B,,,1,0,2024,-1.04,1.26,1.0565892400197248,3.446440131379333,493329.0,669004.0,,2,2,Bot,,,,,,,10.305921729725554,-135.80422326497435,-0.9176433138796124,-15.202992236442972,30.37973257568088,-16.669222811542994,3.33864969105468,1.54662492441511,,,,94.2,2162,6.9,746256,672275,592192,682617,669477,689172,671218,687529,573262,53.65,,,,,,,,18,2,4-Seam Fastball,0,1,0,1,1,0,0,1,Standard,Standard,234,0.004,0.014,,,,,-0.014,,-1,-1,0.455,0.455,24,27,25,27,1,0,6.0,2,5.0,1.0,1.37,1.04,-1.04,22.6,,,,,,pitcher
ST,2024-09-20,84.5,-2.43,4.85,"Black, Mason",664728,696131,,ball,,,,,12,,R,L,R,KC,SF,B,,,0,0,2024,0.93,0.08,0.1663967390610388,3.8461773270928488,493329.0,669004.0,,2,2,Bot,,,,,,,4.182204943200817,-122.83386006954768,3.925847527672055,8.47714700687205,25.82134280496018,-32.47751381792296,3.2962877643917,1.47138352502613,,,,84.2,2482,6.3,746256,672275,592192,682617,669477,689172,671218,687529,573262,54.2,,,,,,,,18,1,Sweeper,0,1,0,1,1,0,0,1,Standard,Standard,60,0.002,0.021,,,,,-0.021,,-1,-1,0.453,0.453,24,27,25,27,1,0,6.0,2,5.0,1.0,3.14,-0.93,0.93,19.1,,,,,,pitcher
ST,2024-09-20,83.6,-2.06,5.04,"Black, Mason",672580,696131,field_out,hit_into_play,,,,,14,Maikel Garcia lines out to first baseman Mark Canha.,R,R,R,KC,SF,X,3.0,line_drive,0,2,2024,1.03,-0.18,1.059892556899532,2.4628998478551374,493329.0,669004.0,,1,2,Bot,148.22,171.24,,,,,5.208293315964928,-121.6243271171282,0.9091429548438524,9.09977805549611,25.231513203487378,-34.345176809415605,3.54,1.65,109.0,93.7,4.0,84.3,2557,6.9,746256,672275,592192,682617,669477,689172,671218,687529,573262,53.62,0.526,0.498,0.0,1.0,0.0,0.0,4.0,17,3,Sweeper,0,1,0,1,1,0,0,1,Strategic,Standard,55,-0.052,-0.091,67.5,7.0,,0.599,0.091,93.7,-1,-1,0.505,0.505,24,24,25,24,1,0,6.0,2,5.0,1.0,3.46,-1.03,-1.03,27.6,-2.1171609235163484,19.70526410508455,25.791494877948413,46.41263484400187,23.174807186703887,pitcher
SI,2024-09-20,95.0,-2.22,4.89,"Black, Mason",672580,696131,,called_strike,,,,,14,,R,R,R,KC,SF,S,,,0,1,2024,-1.39,0.31,1.018727315467399,2.472853740415151,493329.0,669004.0,,1,2,Bot,,,,,,,11.702246118300842,-137.922431074371,-1.3573396371819697,-20.29912959522059,29.742391474984068,-28.107761468638955,3.67893794573721,1.75310348562806,,,,96.0,2122,6.9,746256,672275,592192,682617,669477,689172,671218,687529,573262,53.59,,,,,,,,17,2,Sinker,0,1,0,1,1,0,0,1,Strategic,Standard,233,-0.022,-0.087,,,,,0.087,,-1,-1,0.527,0.527,24,24,25,24,1,0,6.0,2,5.0,1.0,2.22,1.39,1.39,19.0,,,,,,pitcher
ST,2024-09-20,85.2,-2.21,4.86,"Black, Mason",672580,696131,,called_strike,,,,,6,,R,R,R,KC,SF,S,,,0,0,2024,0.81,0.29,0.6999590979983027,2.428548454695727,493329.0,669004.0,,1,2,Bot,,,,,,,5.24890978433958,-124.03063805980894,0.0289376694473901,7.361653077568905,24.570480114397476,-29.445801097752764,3.70113200151394,1.70888746388143,,,,86.2,2511,6.9,746256,672275,592192,682617,669477,689172,671218,687529,573262,53.61,,,,,,,,17,1,Sweeper,0,1,0,1,1,0,0,1,Strategic,Standard,46,-0.013,-0.054,,,,,0.054,,-1,-1,0.54,0.54,24,24,25,24,1,0,6.0,2,5.0,1.0,2.85,-0.81,-0.81,16.8,,,,,,pitcher
SI,2024-09-20,93.9,-2.29,4.78,"Black, Mason",624428,696131,sac_bunt,hit_into_play,,,,,1,"Adam Frazier out on a sacrifice bunt, third baseman Casey Schmitt to first baseman Mark Canha. Yuli Gurriel to 3rd. MJ Melendez to 2nd.",R,L,R,KC,SF,X,5.0,ground_ball,0,0,2024,-1.33,0.58,-0.3847827350229018,2.6834980139296998,,493329.0,669004.0,0,2,Bot,117.99,188.08,,,,,7.973987855287676,-136.4737401582551,-0.9652936424081467,-18.434892599729988,30.645685468705487,-24.908446032945317,3.08,1.41,5.0,39.1,-26.0,94.7,2080,6.9,746256,672275,592192,682617,669477,689172,671218,687529,573262,53.61,,,0.2,0.0,0.0,0.0,1.0,16,1,Sinker,0,1,0,1,1,0,0,1,Standard,Standard,237,-0.005,0.0,,,,,0.0,88.0,-1,-1,0.545,0.545,24,32,25,33,1,0,6.0,4,5.0,1.0,2.01,1.33,-1.33,17.1,,,,,,pitcher
FF,2024-09-20,93.6,-2.15,4.86,"Black, Mason",669004,696131,single,hit_into_play,,,,,1,MJ Melendez singles on a sharp line drive to center fielder Grant McCray. Yuli Gurriel to 2nd.,R,L,R,KC,SF,X,8.0,line_drive,2,2,2024,-1.09,1.03,-0.5564030860907205,3.2211655236933447,,,493329.0,0,2,Bot,109.94,74.71,,,,,6.60680382753515,-136.14066025571026,-0.7537273093564125,-14.970124456741251,29.540033033160437,-19.40385173665592,3.34,1.59,243.0,103.2,10.0,94.9,2136,7.0,746256,672275,592192,682617,669477,689172,671218,687529,573262,53.48,0.813,0.766,0.9,1.0,1.0,0.0,4.0,15,5,4-Seam Fastball,0,1,0,1,1,0,0,1,Strategic,Standard,234,0.067,0.462,70.3,6.8,,0.963,-0.462,103.2,-1,-1,0.478,0.478,24,25,25,26,1,0,6.0,4,5.0,1.0,1.57,1.09,-1.09,23.0,3.632762838878037,12.43632556612028,19.45638569770457,43.35784323748412,21.56336815027788,pitcher
FF,2024-09-20,93.7,-1.85,5.14,"Black, Mason",669004,696131,,ball,,,,,11,,R,L,R,KC,SF,B,,,1,2,2024,-0.98,1.04,-0.0919772737156137,4.035992864644866,,,493329.0,0,2,Bot,,,,,,,6.776856303375863,-136.34253407949822,0.5699999806518935,-13.7668758253922,29.61429339877599,-19.475908426659043,3.29240016750823,1.5877748848889,,,,94.7,2098,6.8,746256,672275,592192,682617,669477,689172,671218,687529,573262,53.68,,,,,,,,15,4,4-Seam Fastball,0,1,0,1,1,0,0,1,Infield shade,Standard,229,0.005,0.045,,,,,-0.045,,-1,-1,0.473,0.473,24,25,25,26,1,0,6.0,4,5.0,1.0,1.55,0.98,-0.98,26.9,,,,,,pitcher
FC,2024-09-20,90.1,-2.23,4.9,"Black, Mason",669004,696131,,foul_tip,,,,,1,,R,L,R,KC,SF,S,,,1,1,2024,-0.54,0.37,-0.7146238849750335,2.841234513733258,,,493329.0,0,2,Bot,,,,,,,4.947442367113526,-131.21335009865678,0.0485014134598167,-7.313169459074909,26.887376345284967,-28.146516156718164,3.34,1.59,,,,90.9,2245,6.6,746256,672275,592192,682617,669477,689172,671218,687529,573262,53.86,,,,,,,,15,3,Cutter,0,1,0,1,1,0,0,1,Infield shade,Standard,227,-0.009,-0.049,75.6,7.1,,,0.049,,-1,-1,0.482,0.482,24,25,25,26,1,0,6.0,4,5.0,1.0,2.43,0.54,-0.54,18.7,2.303529366259034,18.917453601766105,24.0437291002081,46.37171802757727,17.302542033082382,pitcher
FF,2024-09-20,92.6,-2.12,5.05,"Black, Mason",669004,696131,,swinging_strike,,,,,2,,R,L,R,KC,SF,S,,,1,0,2024,-1.07,0.86,-0.1409166781054798,3.170603836340649,,,493329.0,0,2,Bot,,,,,,,7.4727166858056355,-134.65940503638367,-0.8885321252035759,-14.662101317050704,28.733846787152075,-21.68465723349312,3.34,1.59,,,,93.5,2103,6.8,746256,672275,592192,682617,669477,689172,671218,687529,573262,53.71,,,,,,,,15,2,4-Seam Fastball,0,1,0,1,1,0,0,1,Standard,Standard,231,-0.008,-0.049,76.5,7.0,1.1956728,,0.049,,-1,-1,0.49,0.49,24,25,25,26,1,0,6.0,4,5.0,1.0,1.8,1.07,-1.07,24.2,4.887248484088271,13.695902632035695,24.630503928605563,39.31880025545376,17.888021243306877,pitcher
FF,2024-09-20,91.9,-2.0,5.05,"Black, Mason",669004,696131,,ball,,,,,12,,R,L,R,KC,SF,B,,,0,0,2024,-0.8,1.1,1.0160031203100668,2.996903469392959,,,493329.0,0,2,Bot,,,,,,,9.432862585106738,-133.54564554514425,-1.7293843951201433,-11.56981495180348,28.32010262538824,-18.817694579853544,3.31768069588754,1.58000653486186,,,,92.6,2064,6.7,746256,672275,592192,682617,669477,689172,671218,687529,573262,53.78,,,,,,,,15,1,4-Seam Fastball,0,1,0,1,1,0,0,1,Standard,Standard,223,0.006,0.041,,,,,-0.041,,-1,-1,0.484,0.484,24,25,25,26,1,0,6.0,4,5.0,1.0,1.6,0.8,-0.8,23.6,,,,,,pitcher
ST,2024-09-20,84.7,-2.17,5.03,"Black, Mason",493329,696131,single,hit_into_play,,,,,12,Yuli Gurriel singles on a ground ball to left fielder Heliot Ramos.,R,R,R,KC,SF,X,7.0,ground_ball,1,2,2024,1.35,0.12,1.1651324986225533,3.33751890961109,,,,0,2,Bot,92.15,132.6,,,,,5.158759278308454,-123.31890992270183,2.160026418682783,12.810433674708522,23.335628677432677,-31.609572655115407,3.42,1.6,72.0,83.2,2.0,85.7,2662,6.8,746256,672275,592192,682617,669477,689172,671218,687529,573262,53.69,0.254,0.279,0.9,1.0,1.0,0.0,2.0,14,5,Sweeper,0,1,0,1,1,0,0,1,Strategic,Standard,56,0.049,0.516,75.2,7.9,,0.33,-0.516,88.0,-1,-1,0.435,0.435,24,40,25,40,1,0,6.0,2,5.0,1.0,3.05,-1.35,-1.35,22.2,1.8429254160176811,-13.777021784724749,11.225264237449997,48.71256920346666,36.026746341382626,pitcher
SI,2024-09-20,94.4,-2.29,4.91,"Black, Mason",493329,696131,,foul,,,,,11,,R,R,R,KC,SF,S,,,1,2,2024,-1.44,0.6,-0.3724202957510305,3.6074512560323697,,,,0,2,Bot,,,,,,,8.291428729330597,-137.22629255201974,0.9905506213028066,-20.058980894193216,29.71141069935787,-25.076355335684237,3.42,1.6,192.0,62.7,36.0,95.3,2087,6.8,746256,672275,592192,682617,669477,689172,671218,687529,573262,53.68,,,,,,,,14,4,Sinker,0,1,0,1,1,0,0,1,Strategic,Standard,236,0.0,0.0,63.3,5.9,,,0.0,88.0,-1,-1,0.435,0.435,24,40,25,40,1,0,6.0,2,5.0,1.0,1.96,1.44,1.44,19.6,-12.768818610950142,39.62027465426579,14.86562033631516,32.47307646576279,15.224351867861252,pitcher
FF,2024-09-20,94.4,-1.99,5.03,"Black, Mason",493329,696131,,called_strike,,,,,6,,R,R,R,KC,SF,S,,,1,1,2024,-1.12,1.23,0.4840553949433424,2.5377789802215585,,,,0,2,Bot,,,,,,,9.026171017464716,-137.23314155619843,-3.548516807846509,-16.157740260747875,30.127678702668906,-16.06234622288687,3.46191759195023,1.58328739347056,,,,95.3,2267,6.8,746256,672275,592192,682617,669477,689172,671218,687529,573262,53.66,,,,,,,,14,3,4-Seam Fastball,0,1,0,1,1,0,0,1,Strategic,Standard,229,-0.007,-0.056,,,,,0.056,,-1,-1,0.442,0.442,24,40,25,40,1,0,6.0,2,5.0,1.0,1.33,1.12,1.12,24.3,,,,,,pitcher
SI,2024-09-20,93.8,-2.07,4.8,"Black, Mason",493329,696131,,called_strike,,,,,6,,R,R,R,KC,SF,S,,,1,0,2024,-1.37,0.55,0.4269174028835003,2.4601776681199627,,,,0,2,Bot,,,,,,,9.601112669583642,-136.27347744346514,-1.5570016933366162,-19.18663834538099,28.586949886148584,-25.18751081293224,3.46575456193503,1.62015689873834,,,,95.0,2053,7.0,746256,672275,592192,682617,669477,689172,671218,687529,573262,53.55,,,,,,,,14,2,Sinker,0,1,0,1,1,0,0,1,Standard,Standard,237,-0.005,-0.049,,,,,0.049,,-1,-1,0.447,0.447,24,40,25,40,1,0,6.0,2,5.0,1.0,2.04,1.37,1.37,19.8,,,,,,pitcher
SI,2024-09-20,93.6,-2.1,4.98,"Black, Mason",493329,696131,,ball,,,,,12,,R,R,R,KC,SF,B,,,0,0,2024,-1.33,0.73,0.335495124009729,3.756369275030897,,,,0,2,Bot,,,,,,,9.279293404512332,-136.04303282713744,0.964441500322104,-18.518931613685297,28.429685779403897,-23.44708027524592,3.47564317782066,1.56442906516215,,,,94.4,2094,6.7,746256,672275,592192,682617,669477,689172,671218,687529,573262,53.79,,,,,,,,14,1,Sinker,0,1,0,1,1,0,0,1,Standard,Standard,231,0.004,0.038,,,,,-0.038,,-1,-1,0.443,0.443,24,40,25,40,1,0,6.0,2,5.0,1.0,1.86,1.33,1.33,18.7,,,,,,pitcher
SI,2024-09-20,94.0,-2.22,4.89,"Black, Mason",686681,696131,field_out,hit_into_play,,,,,5,Michael Massey lines out sharply to center fielder Grant McCray.,R,L,R,KC,SF,X,8.0,line_drive,2,1,2024,-1.23,0.54,-0.087669579483689,2.376667182874832,,677951.0,,2,1,Bot,114.47,41.81,,,,,8.317937748349486,-136.73532655014162,-2.008489855040116,-17.26580028643166,29.549519030567115,-25.11435130611978,3.4,1.62,389.0,101.8,19.0,94.8,2035,6.8,746256,672275,592192,682617,669477,689172,671218,687529,573262,53.74,0.42,0.674,0.0,1.0,0.0,0.0,5.0,10,4,Sinker,0,1,0,1,1,0,0,1,Standard,Standard,232,-0.035,-0.311,72.6,6.5,,1.247,0.311,101.8,-1,-1,0.432,0.432,24,26,25,26,1,0,6.0,2,5.0,1.0,2.03,1.23,-1.23,19.7,1.0988264518748727,3.160500888544646,35.26464390668787,38.54136373565527,26.106237916464963,pitcher
SL,2024-09-20,88.6,-2.28,4.95,"Black, Mason",686681,696131,,ball,,,,,12,,R,L,R,KC,SF,B,,,1,1,2024,-0.13,0.41,0.7183967255903678,3.66418408875448,,677951.0,,2,1,Bot,,,,,,,7.666353018263151,-128.82847659433077,2.1138694832507063,-3.0467371431984054,26.110347640453085,-28.287285187508253,3.35185648066302,1.59806672741361,,,,89.5,2169,6.9,746256,672275,592192,682617,669477,689172,671218,687529,573262,53.65,,,,,,,,10,3,Slider,0,1,0,1,1,0,0,1,Standard,Standard,201,0.003,0.039,,,,,-0.039,,-1,-1,0.429,0.429,24,26,25,26,1,0,6.0,2,5.0,1.0,2.49,0.13,-0.13,19.1,,,,,,pitcher
FF,2024-09-20,94.6,-2.08,5.05,"Black, Mason",686681,696131,,foul,,,,,2,,R,L,R,KC,SF,S,,,1,0,2024,-1.02,1.19,0.2389992661082154,3.192058999885385,,677951.0,,2,1,Bot,,,,,,,8.406099539644567,-137.4279749158528,-1.7691908101421632,-14.852094690855235,32.44789760226111,-17.014301267866443,3.4,1.62,222.0,74.9,44.0,95.2,2170,6.9,746256,672275,592192,682617,669477,689172,671218,687529,573262,53.63,,,,,,,,10,2,4-Seam Fastball,0,1,0,1,1,0,0,1,Standard,Standard,232,-0.003,-0.043,69.8,6.5,,,0.043,88.0,-1,-1,0.432,0.432,24,26,25,26,1,0,6.0,2,5.0,1.0,1.38,1.02,-1.02,23.2,13.335249639486635,-3.028895833687098,27.188649301924343,33.19443037091102,28.621286333623488,pitcher
SI,2024-09-20,92.8,-2.26,4.83,"Black, Mason",686681,696131,,ball,,,,,11,,R,L,R,KC,SF,B,,,0,0,2024,-1.39,0.53,-1.0242329323723849,2.483441396735425,,677951.0,,2,1,Bot,,,,,,,6.268336668250528,-135.00972458824884,-1.377483996590887,-18.33178477046368,29.35038503168513,-25.6521440387304,3.34426638170628,1.55692552347041,,,,93.7,1935,6.8,746256,672275,592192,682617,669477,689172,671218,687529,573262,53.66,,,,,,,,10,1,Sinker,0,1,0,1,1,0,0,1,Infield shade,Standard,246,0.001,0.014,,,,,-0.014,,-1,-1,0.431,0.431,24,26,25,26,1,0,6.0,2,5.0,1.0,2.12,1.39,-1.39,17.4,,,,,,pitcher
SI,2024-09-20,92.2,-1.93,4.94,"Black, Mason",521692,696131,field_out,hit_into_play,,,,,14,"Salvador Perez grounds out, shortstop Brett Wisely to first baseman Mark Canha. Bobby Witt Jr. to 2nd.",R,R,R,KC,SF,X,6.0,ground_ball,2,2,2024,-1.31,0.54,1.5402325662380016,1.912301967986228,,,677951.0,1,1,Bot,112.68,158.02,,,,,11.737429471059013,-133.86397449458264,-3.0709220034644185,-18.25483495337052,27.344026569377924,-25.174949636142003,3.59,1.71,10.0,69.2,-9.0,92.9,2017,6.7,746256,672275,592192,682617,669477,689172,671218,687529,573262,53.8,0.04,0.052,0.0,1.0,0.0,0.0,2.0,9,6,Sinker,0,1,0,1,1,0,0,1,Standard,Standard,233,-0.015,-0.292,67.5,8.2,,0.04,0.292,88.0,-1,-1,0.446,0.446,24,34,25,34,1,0,6.0,2,5.0,1.0,2.14,1.31,1.31,21.1,-10.718099708756805,-8.881336141635808,35.95283092607977,54.9505867884092,21.028871771051826,pitcher
ST,2024-09-20,83.1,-1.94,5.07,"Black, Mason",521692,696131,,ball,,,,,12,,R,R,R,KC,SF,B,,,1,2,2024,1.24,0.18,2.2998579341560075,2.961346112396245,,,677951.0,1,1,Bot,,,,,,,7.337565335703594,-120.82678198358536,1.308699908273065,10.707142568938428,23.623717172990656,-30.881109951106453,3.61355989301017,1.71181377256463,,,,83.8,2592,6.8,746256,672275,592192,682617,669477,689172,671218,687529,573262,53.72,,,,,,,,9,5,Sweeper,0,1,0,1,1,0,0,1,Standard,Standard,54,0.005,0.048,,,,,-0.048,,-1,-1,0.441,0.441,24,34,25,34,1,0,6.0,2,5.0,1.0,3.12,-1.24,-1.24,22.8,,,,,,pitcher
FF,2024-09-20,93.9,-1.87,5.06,"Black, Mason",521692,696131,,foul,,,,,12,,R,R,R,KC,SF,S,,,1,2,2024,-1.08,1.2,1.253003717756626,3.011292732470773,,,677951.0,1,1,Bot,,,,,,,10.571120695244248,-136.3372654094962,-2.200494089693002,-15.866651403591655,31.49716600659268,-16.96988033396623,3.59,1.71,225.0,76.8,51.0,94.5,2177,6.9,746256,672275,592192,682617,669477,689172,671218,687529,573262,53.62,,,,,,,,9,4,4-Seam Fastball,0,1,0,1,1,0,0,1,Standard,Standard,231,0.0,0.0,67.1,7.3,,,0.0,88.0,-1,-1,0.441,0.441,24,34,25,34,1,0,6.0,2,5.0,1.0,1.41,1.08,1.08,25.8,2.9164690024967728,13.528007882912547,29.61559888979754,49.995877956572016,16.89736589385164,pitcher
FF,2024-09-20,93.8,-1.92,5.15,"Black, Mason",521692,696131,,swinging_strike,,,,,12,,R,R,R,KC,SF,S,,,1,1,2024,-1.2,1.17,0.1140331763351301,3.801427955888359,,,677951.0,1,1,Bot,,,,,,,7.981014192708326,-136.47655499862557,-0.3637676086830804,-16.775738752286063,29.21718176821346,-17.606627881368244,3.59,1.71,,,,94.6,2234,6.7,746256,672275,592192,682617,669477,689172,671218,687529,573262,53.78,,,,,,,,9,3,4-Seam Fastball,0,1,0,1,1,0,0,1,Standard,Standard,230,-0.008,-0.059,70.7,6.0,0.404579148,,0.059,,-1,-1,0.449,0.449,24,34,25,34,1,0,6.0,2,5.0,1.0,1.41,1.2,1.2,21.1,-7.871886489890695,29.55227589545129,25.475633274375685,38.25706277468908,9.473387077142808,pitcher
SL,2024-09-20,88.7,-2.13,4.9,"Black, Mason",521692,696131,,foul,,,,,12,,R,R,R,KC,SF,S,,,1,0,2024,-0.09,0.59,1.1726933105371118,2.996024726007302,,,677951.0,1,1,Bot,,,,,,,8.303872678010272,-128.85967236218212,0.2635334139492572,-2.9042274037791187,29.315212048749537,-25.981707497882702,3.59,1.71,173.0,68.1,59.0,88.7,2233,6.6,746256,672275,592192,682617,669477,689172,671218,687529,573262,53.89,,,,,,,,9,2,Slider,0,1,0,1,1,0,0,1,Standard,Standard,174,-0.005,-0.047,76.6,8.4,,,0.047,88.0,-1,-1,0.454,0.454,24,34,25,34,1,0,6.0,2,5.0,1.0,2.34,0.09,0.09,20.2,13.506139842733658,-20.855854843685805,26.754034950517024,50.47792841640312,35.2935175968925,pitcher
SI,2024-09-20,92.4,-2.1,5.03,"Black, Mason",521692,696131,,ball,,,,,11,,R,R,R,KC,SF,B,,,0,0,2024,-1.45,0.63,-0.9664769280325064,2.9677782307218328,,,677951.0,1,1,Bot,,,,,,,6.104802793162952,-134.47536788515328,-0.7978749448029978,-18.894778231485205,30.17178263117109,-24.5694037894337,3.59921770835766,1.63074019848322,,,,93.1,1977,6.8,746256,672275,592192,682617,669477,689172,671218,687529,573262,53.71,,,,,,,,9,1,Sinker,0,1,0,1,1,0,0,1,Standard,Standard,234,0.004,0.036,,,,,-0.036,,-1,-1,0.45,0.45,24,34,25,34,1,0,6.0,2,5.0,1.0,2.04,1.45,1.45,21.5,,,,,,pitcher
ST,2024-09-20,84.2,-2.22,5.03,"Black, Mason",677951,696131,single,hit_into_play,,,,,14,Bobby Witt Jr. singles on a soft ground ball to third baseman Casey Schmitt.,R,R,R,KC,SF,X,5.0,ground_ball,1,2,2024,1.02,-0.43,1.0920559429707382,2.129338824401571,,,,1,1,Bot,107.0,181.0,,,,,5.70558017745985,-122.45543508286669,0.5874737072677745,8.928826348716699,26.975963305990064,-36.80118134179801,3.5,1.64,1.0,59.0,-61.0,84.6,2620,6.8,746256,672275,592192,682617,669477,689172,671218,687529,573262,53.66,0.312,0.281,0.9,1.0,1.0,0.0,1.0,8,4,Sweeper,0,1,0,1,1,0,0,1,Standard,Strategic,51,0.031,0.495,65.3,7.5,,0.319,-0.495,88.0,-1,-1,0.419,0.419,24,24,25,24,1,0,6.0,2,5.0,1.0,3.68,-1.02,-1.02,23.2,14.131686108136694,-0.0814644635354304,19.64645335208589,43.566125190163135,33.81560524808492,pitcher
ST,2024-09-20,85.5,-2.08,5.15,"Black, Mason",677951,696131,,ball,,,,,14,,R,R,R,KC,SF,B,,,0,2,2024,1.05,0.09,2.91399852190046,2.034075855980239,,,,1,1,Bot,,,,,,,9.699161150406098,-124.19415052111955,-1.1825132191110452,8.793008334774223,26.26612497110022,-31.2204645239404,3.54081740460474,1.69886975872505,,,,85.7,2421,6.7,746256,672275,592192,682617,669477,689172,671218,687529,573262,53.84,,,,,,,,8,3,Sweeper,0,1,0,1,1,0,0,1,Standard,Strategic,46,0.002,0.02,,,,,-0.02,,-1,-1,0.417,0.417,24,24,25,24,1,0,6.0,2,5.0,1.0,3.05,-1.05,-1.05,25.0,,,,,,pitcher
SI,2024-09-20,95.3,-2.25,4.9,"Black, Mason",677951,696131,,called_strike,,,,,2,,R,R,R,KC,SF,S,,,0,1,2024,-1.58,0.54,0.0045582742747263,3.223522878108431,,,,1,1,Bot,,,,,,,9.572923012363978,-138.49617984891592,0.0415552685727397,-22.54757941457974,31.42466226831561,-25.431798211342763,3.45836293749613,1.61643807428536,,,,96.0,2148,6.8,746256,672275,592192,682617,669477,689172,671218,687529,573262,53.7,,,,,,,,8,2,Sinker,0,1,0,1,1,0,0,1,Standard,Strategic,234,-0.004,-0.057,,,,,0.057,,-1,-1,0.421,0.421,24,24,25,24,1,0,6.0,2,5.0,1.0,1.98,1.58,1.58,20.1,,,,,,pitcher
FC,2024-09-20,89.9,-2.29,4.95,"Black, Mason",677951,696131,,called_strike,,,,,9,,R,R,R,KC,SF,S,,,0,0,2024,-0.46,0.76,0.6938000117664194,2.050162695741636,,,,1,1,Bot,,,,,,,8.449896436604455,-130.60861736673252,-2.814492552813333,-7.113198335149673,28.309044851087496,-23.067658460927586,3.47654093192111,1.63452340095238,,,,90.4,2128,6.8,746256,672275,592192,682617,669477,689172,671218,687529,573262,53.72,,,,,,,,8,1,Cutter,0,1,0,1,1,0,0,1,Standard,Strategic,227,-0.003,-0.037,,,,,0.037,,-1,-1,0.424,0.424,24,24,25,24,1,0,6.0,2,5.0,1.0,2.07,0.46,0.46,21.2,,,,,,pitcher
SI,2024-09-20,93.3,-2.08,4.87,"Black, Mason",502054,696131,strikeout,called_strike,,,,,14,Tommy Pham called out on strikes.,R,R,R,KC,SF,S,2.0,,3,2,2024,-1.53,0.4,0.8485015104455145,2.3477063061901973,,,,0,1,Bot,,,,,,,10.998102698951724,-135.41430623193898,-1.5723639915004903,-21.205854588834416,29.43739938843133,-27.166941507105506,3.47650962334044,1.64045701694038,,,,94.0,2054,6.9,746256,672275,592192,682617,669477,689172,671218,687529,573262,53.65,,0.0,0.0,1.0,0.0,0.0,,7,6,Sinker,0,1,0,1,1,0,0,1,Standard,Standard,237,-0.03,-0.333,,,,,0.333,,-1,-1,0.454,0.454,24,36,25,36,1,0,6.0,2,5.0,2.0,2.24,1.53,1.53,17.3,,,,,,pitcher
FF,2024-09-20,93.9,-2.0,5.11,"Black, Mason",502054,696131,,ball,,,,,14,,R,R,R,KC,SF,B,,,2,2,2024,-1.21,0.97,0.5666961820746044,1.4414435921823916,,,,0,1,Bot,,,,,,,9.464145462943296,-136.3871095891216,-5.962294128152262,-17.20593660895807,30.568701978577405,-18.88741805243496,3.52743840550176,1.5944145660486,,,,95.0,2201,7.1,746256,672275,592192,682617,669477,689172,671218,687529,573262,53.42,,,,,,,,7,5,4-Seam Fastball,0,1,0,1,1,0,0,1,Standard,Standard,230,0.01,0.107,,,,,-0.107,,-1,-1,0.444,0.444,24,36,25,36,1,0,6.0,2,5.0,2.0,1.63,1.21,1.21,25.5,,,,,,pitcher
SI,2024-09-20,92.2,-2.24,4.84,"Black, Mason",502054,696131,,foul,,,,,5,,R,R,R,KC,SF,S,,,2,1,2024,-1.4,0.45,-0.1892965167169504,2.577390283402246,,,,0,1,Bot,,,,,,,8.363199012293302,-134.10625652750213,-0.9045968708127392,-18.72783341520007,28.28713417557935,-26.7871211560602,3.51,1.63,226.0,80.8,50.0,93.2,1980,6.9,746256,672275,592192,682617,669477,689172,671218,687529,573262,53.64,,,,,,,,7,4,Sinker,0,1,0,1,1,0,0,1,Standard,Standard,234,-0.008,-0.069,70.3,6.0,,,0.069,88.0,-1,-1,0.452,0.452,24,36,25,36,1,0,6.0,2,5.0,2.0,2.23,1.4,1.4,18.6,-1.1663642509583496,19.503773544025176,29.095530649034774,33.41991501451829,23.53014339038659,pitcher
FC,2024-09-20,90.6,-2.32,4.91,"Black, Mason",502054,696131,,ball,,,,,14,,R,R,R,KC,SF,B,,,1,1,2024,-0.08,0.91,1.394214836776972,1.823534445383595,,,,0,1,Bot,,,,,,,9.50117411437006,-131.6452409059467,-3.771792143309683,-2.8036193699569507,26.534452589058176,-20.938820618571004,3.51930768280129,1.6371737873484,,,,91.4,2165,6.8,746256,672275,592192,682617,669477,689172,671218,687529,573262,53.74,,,,,,,,7,3,Cutter,0,1,0,1,1,0,0,1,Standard,Standard,231,0.005,0.053,,,,,-0.053,,-1,-1,0.447,0.447,24,36,25,36,1,0,6.0,2,5.0,2.0,1.86,0.08,0.08,19.8,,,,,,pitcher
SI,2024-09-20,91.8,-2.27,4.84,"Black, Mason",502054,696131,,called_strike,,,,,9,,R,R,R,KC,SF,S,,,1,0,2024,-1.41,0.59,0.7844899374387477,1.7699336452539025,,,,0,1,Bot,,,,,,,10.864361852738536,-133.32890476908676,-3.2294404759033544,-19.12082977630795,26.92105243054295,-24.552813288292207,3.59619957337825,1.68013954839445,,,,92.7,1979,6.8,746256,672275,592192,682617,669477,689172,671218,687529,573262,53.7,,,,,,,,7,2,Sinker,0,1,0,1,1,0,0,1,Standard,Standard,236,-0.005,-0.049,,,,,0.049,,-1,-1,0.452,0.452,24,36,25,36,1,0,6.0,2,5.0,2.0,2.11,1.41,1.41,18.3,,,,,,pitcher
FF,2024-09-20,93.4,-2.02,5.16,"Black, Mason",502054,696131,,ball,,,,,12,,R,R,R,KC,SF,B,,,0,0,2024,-0.9,1.22,1.6474302353882342,3.922053528304232,,,,0,1,Bot,,,,,,,11.515220226891005,-135.666885489121,-0.1026518283108101,-13.583109425385874,28.29996536754352,-17.26187427978788,3.58323283536333,1.46617165372626,,,,94.3,2121,6.8,746256,672275,592192,682617,669477,689172,671218,687529,573262,53.7,,,,,,,,7,1,4-Seam Fastball,0,1,0,1,1,0,0,1,Standard,Standard,223,0.004,0.038,,,,,-0.038,,-1,-1,0.448,0.448,24,36,25,36,1,0,6.0,2,5.0,2.0,1.39,0.9,0.9,25.3,,,,,,pitcher
FF,2024-09-14,92.0,-1.99,5.08,"Black, Mason",650333,696131,field_out,hit_into_play,,,,,2,"Luis Arraez grounds out, second baseman Marco Luciano to first baseman LaMonte Wade Jr.",R,L,R,SF,SD,X,4.0,ground_ball,1,2,2024,-1.03,1.27,0.071061049121895,3.3241974481523417,,456781.0,543309.0,2,4,Top,149.99,154.12,,,,,7.521714742061959,-133.89494681854626,-1.4343379136910783,-13.93211656759158,26.805762376536244,-16.678683795862288,3.31,1.55,37.0,93.6,-2.0,93.1,2031,6.8,745284,672275,664774,682617,656305,689172,624424,671218,592192,53.71,0.305,0.278,0.0,1.0,0.0,0.0,2.0,31,7,4-Seam Fastball,0,2,2,0,2,0,2,0,Standard,Standard,227,0.025,-0.189,61.2,5.2,,0.324,0.189,93.6,-2,2,0.286,0.714,24,27,25,27,3,2,8.0,1,6.0,1.0,1.4,1.03,-1.03,23.1,4.825065579043876,-1.279275473873113,27.101810260695277,33.29333202889056,32.83990634850345,pitcher
ST,2024-09-14,81.2,-2.35,4.98,"Black, Mason",650333,696131,,foul,,,,,9,,R,L,R,SF,SD,S,,,1,2,2024,1.48,0.09,0.328160092132095,1.6063428849787136,,456781.0,543309.0,2,4,Top,,,,,,,3.159655560675629,-118.28709498809704,-1.1187414077445446,13.334061429191095,22.42774186999851,-31.34376909374488,3.31,1.55,8.0,76.4,-12.0,81.5,2507,6.4,745284,672275,664774,682617,656305,689172,624424,671218,592192,54.05,,,,,,,,31,6,Sweeper,0,2,2,0,2,0,2,0,Standard,Standard,49,0.0,0.0,62.8,7.1,,,0.0,88.0,-2,2,0.286,0.714,24,27,25,27,3,2,8.0,1,6.0,1.0,3.36,-1.48,1.48,18.3,24.50898751901946,-9.044607053924803,51.70532813736402,30.574980235392687,47.35559100193345,pitcher
SI,2024-09-14,93.8,-2.18,4.91,"Black, Mason",650333,696131,,foul,,,,,14,,R,L,R,SF,SD,S,,,1,2,2024,-1.34,0.55,0.5767675698189758,1.3321713902183254,,456781.0,543309.0,2,4,Top,,,,,,,10.176857822698825,-136.1828803309251,-4.768352369748696,-18.86563974409916,28.91710669891878,-24.499829866987163,3.31,1.55,137.0,64.1,19.0,94.8,2161,6.9,745284,672275,664774,682617,656305,689172,624424,671218,592192,53.59,,,,,,,,31,5,Sinker,0,2,2,0,2,0,2,0,Standard,Standard,234,0.0,0.0,57.0,6.1,,,0.0,88.0,-2,2,0.286,0.714,24,27,25,27,3,2,8.0,1,6.0,1.0,2.05,1.34,-1.34,17.6,-8.701742289190877,6.666324542076008,60.00892418712148,27.073117591584072,22.54193130545957,pitcher
ST,2024-09-14,81.4,-2.64,4.97,"Black, Mason",650333,696131,,foul,,,,,7,,R,L,R,SF,SD,S,,,1,2,2024,1.35,-0.14,-0.6656650973143423,1.7909925364570252,,456781.0,543309.0,2,4,Top,,,,,,,1.8588124897849,-118.60340376942972,-0.2520381824895704,12.388655500740304,23.044537071346006,-33.675375392586496,3.31,1.55,4.0,68.2,-27.0,82.3,2448,6.9,745284,672275,664774,682617,656305,689172,624424,671218,592192,53.63,,,,,,,,31,4,Sweeper,0,2,2,0,2,0,2,0,Standard,Standard,44,0.0,0.0,57.4,6.9,,,0.0,88.0,-2,2,0.286,0.714,24,27,25,27,3,2,8.0,1,6.0,1.0,3.58,-1.35,1.35,16.0,28.54213936676269,4.790899645342511,37.08833777410679,42.21556763120685,41.07385334193543,pitcher
ST,2024-09-14,81.5,-2.42,4.96,"Black, Mason",650333,696131,,swinging_strike,,,,,14,,R,L,R,SF,SD,S,,,1,1,2024,1.13,-0.03,0.7721166300807618,0.9539687167909628,,456781.0,543309.0,2,4,Top,,,,,,,5.061516765742435,-118.59753286673023,-2.3369144644317177,9.605849505582176,23.532535147280644,-32.173191774880024,3.31,1.55,,,,82.2,2466,6.8,745284,672275,664774,682617,656305,689172,624424,671218,592192,53.65,,,,,,,,31,3,Sweeper,0,2,2,0,2,0,2,0,Standard,Standard,46,0.008,-0.076,62.7,7.6,0.427509492,,0.076,,-2,2,0.278,0.722,24,27,25,27,3,2,8.0,1,6.0,1.0,3.47,-1.13,1.13,19.3,29.22924949572252,-20.824275485250546,56.36525501020763,26.32131625523701,48.86837456055211,pitcher
SI,2024-09-14,92.0,-2.33,4.96,"Black, Mason",650333,696131,,foul,,,,,2,,R,L,R,SF,SD,S,,,1,0,2024,-1.34,0.47,0.0490331676117945,2.841524724803864,,456781.0,543309.0,2,4,Top,,,,,,,8.948807703011415,-133.67029035711872,-0.5191887542389975,-17.95732200141513,28.814597804868924,-26.669823351580977,3.31,1.55,102.0,81.8,85.0,92.3,2053,6.5,745284,672275,664774,682617,656305,689172,624424,671218,592192,53.98,,,,,,,,31,2,Sinker,0,2,2,0,2,0,2,0,Standard,Standard,236,0.004,-0.042,69.1,6.4,,,0.042,88.0,-2,2,0.274,0.726,24,27,25,27,3,2,8.0,1,6.0,1.0,2.23,1.34,-1.34,17.4,16.788775517720456,-11.595528341430532,32.871148671146074,32.98689899755884,42.46974138713695,pitcher
FF,2024-09-14,91.9,-2.25,5.23,"Black, Mason",650333,696131,,ball,,,,,11,,R,L,R,SF,SD,B,,,0,0,2024,-0.73,1.04,-0.4415214642947366,4.112479672952907,,456781.0,543309.0,2,4,Top,,,,,,,6.211361082721494,-133.785115432118,0.7149442925525477,-9.995057412887435,25.350521272670555,-19.92159781085882,3.13770639483063,1.46640688690394,,,,93.3,1931,6.8,745284,672275,664774,682617,656305,689172,624424,671218,592192,53.7,,,,,,,,31,1,4-Seam Fastball,0,2,2,0,2,0,2,0,Standard,Standard,227,-0.002,0.026,,,,,-0.026,,-2,2,0.276,0.724,24,27,25,27,3,2,8.0,1,6.0,1.0,1.63,0.73,-0.73,23.3,,,,,,pitcher
ST,2024-09-14,79.5,-2.47,5.07,"Black, Mason",543309,696131,single,hit_into_play,,,,,12,Kyle Higashioka singles on a line drive to center fielder Heliot Ramos. Donovan Solano to 2nd.,R,R,R,SF,SD,X,8.0,line_drive,1,0,2024,1.27,-0.13,0.8625159498330941,2.637806732929081,,,456781.0,2,4,Top,98.13,87.69,,,,,4.986248496803159,-115.67188108607282,1.6963027396751786,10.46651985945901,21.28910890953403,-33.86287392504211,3.5,1.66,286.0,90.6,17.0,80.3,2506,6.8,745284,672275,664774,682617,656305,689172,624424,671218,592192,53.68,0.711,0.675,0.9,1.0,1.0,0.0,4.0,30,2,Sweeper,0,2,2,0,2,0,2,0,Strategic,Standard,48,-0.014,0.324,71.3,7.3,,0.858,-0.324,90.6,-2,2,0.29,0.71,24,34,25,34,2,1,8.0,3,6.0,1.0,3.73,-1.27,-1.27,19.8,15.017096033108375,-4.837443675752243,24.00633895285431,41.174272717749375,31.95024115290582,pitcher
FF,2024-09-14,91.9,-2.08,5.23,"Black, Mason",543309,696131,,ball,,,,,12,,R,R,R,SF,SD,B,,,0,0,2024,-0.85,1.19,1.6068569658912717,3.391983246245787,,,456781.0,2,4,Top,,,,,,,11.285534244584484,-133.33998603782962,-1.360550877574687,-12.504038855188318,28.07280361448784,-17.871052101842434,3.41858407992279,1.67433761842787,,,,92.8,2083,6.9,745284,672275,664774,682617,656305,689172,624424,671218,592192,53.57,,,,,,,,30,1,4-Seam Fastball,0,2,2,0,2,0,2,0,Standard,Standard,229,-0.002,0.034,,,,,-0.034,,-2,2,0.292,0.708,24,34,25,34,2,1,8.0,3,6.0,1.0,1.52,0.85,0.85,24.3,,,,,,pitcher
FF,2024-09-14,92.3,-2.03,5.15,"Black, Mason",456781,696131,single,hit_into_play,,,,,5,Donovan Solano singles on a line drive to left fielder Michael Conforto.,R,R,R,SF,SD,X,7.0,line_drive,2,2,2024,-1.03,1.16,0.2015984337216361,2.217033259352897,,,,2,4,Top,75.71,119.9,,,,,8.014631915291002,-134.2097993331295,-4.191237519060902,-14.217171428201954,29.15810155976105,-17.46931704053404,3.21,1.47,154.0,87.2,12.0,93.4,2096,7.0,745284,672275,664774,682617,656305,689172,624424,671218,592192,53.53,0.75,0.71,0.9,1.0,1.0,0.0,4.0,29,6,4-Seam Fastball,0,2,2,0,2,0,2,0,Strategic,Standard,227,-0.011,0.37,68.3,7.4,,0.867,-0.37,88.0,-2,2,0.303,0.697,24,36,25,37,2,1,8.0,1,6.0,1.0,1.52,1.03,1.03,21.2,16.5876918707814,-12.946227722675602,33.186099427354115,37.14928965205547,34.11923549809764,pitcher
SI,2024-09-14,92.2,-2.22,5.05,"Black, Mason",456781,696131,,foul,,,,,5,,R,R,R,SF,SD,S,,,2,2,2024,-1.34,0.78,0.1012624750936597,2.5199269050565927,,,,2,4,Top,,,,,,,8.88685418727506,-134.08398847100494,-2.34503061205824,-18.043764957596498,26.972144329740885,-22.392828946542508,3.21,1.47,259.0,79.2,32.0,93.1,2123,6.7,745284,672275,664774,682617,656305,689172,624424,671218,592192,53.8,,,,,,,,29,5,Sinker,0,2,2,0,2,0,2,0,Strategic,Standard,226,0.0,0.0,60.4,6.0,,,0.0,88.0,-2,2,0.303,0.697,24,36,25,37,2,1,8.0,1,6.0,1.0,1.89,1.34,1.34,27.8,-13.428148125944215,26.335527583370407,34.2068913729961,36.33400891785719,14.6055548572968,pitcher
ST,2024-09-14,82.7,-2.1,5.14,"Black, Mason",456781,696131,,ball,,,,,14,,R,R,R,SF,SD,B,,,1,2,2024,1.13,-0.1,1.7347110627676252,1.6386470776383997,,,,2,4,Top,,,,,,,6.659272789651143,-120.30270949270036,-1.2799450900957317,9.673914835369338,23.76951768851881,-33.142365580540684,3.15587593478757,1.45051018716873,,,,84.2,2482,7.3,745284,672275,664774,682617,656305,689172,624424,671218,592192,53.18,,,,,,,,29,4,Sweeper,0,2,2,0,2,0,2,0,Strategic,Standard,51,-0.002,0.039,,,,,-0.039,,-2,2,0.305,0.695,24,36,25,37,2,1,8.0,1,6.0,1.0,3.44,-1.13,-1.13,24.4,,,,,,pitcher
ST,2024-09-14,80.9,-2.18,5.16,"Black, Mason",456781,696131,,foul,,,,,9,,R,R,R,SF,SD,S,,,1,1,2024,1.47,0.02,0.7206391429601422,1.7943431574163011,,,,2,4,Top,,,,,,,3.749327369726314,-117.81854782525764,-0.9299336098307168,13.034668373725124,21.47567834090344,-32.04791052959432,3.21,1.47,176.0,64.2,45.0,82.8,2528,7.4,745284,672275,664774,682617,656305,689172,624424,671218,592192,53.11,,,,,,,,29,3,Sweeper,0,2,2,0,2,0,2,0,Strategic,Standard,41,0.003,-0.064,65.5,7.6,,,0.064,88.0,-2,2,0.302,0.698,24,36,25,37,2,1,8.0,1,6.0,1.0,3.45,-1.47,-1.47,20.2,15.255253331799372,-14.388514360276377,35.2960479959614,42.62220298565418,38.420498432732586,pitcher
FF,2024-09-14,92.7,-2.01,5.29,"Black, Mason",456781,696131,,called_strike,,,,,14,,R,R,R,SF,SD,S,,,1,0,2024,-0.92,1.22,0.8323230034991888,2.1599841676980054,,,,2,4,Top,,,,,,,9.391278960963511,-134.7566751277578,-4.981766626707195,-13.153673808422166,26.47465571364998,-16.327261234897527,3.12074111599783,1.46023675989512,,,,94.1,2055,7.0,745284,672275,664774,682617,656305,689172,624424,671218,592192,53.55,,,,,,,,29,2,4-Seam Fastball,0,2,2,0,2,0,2,0,Strategic,Standard,224,0.001,-0.051,,,,,0.051,,-2,2,0.301,0.699,24,36,25,37,2,1,8.0,1,6.0,1.0,1.41,0.92,0.92,26.0,,,,,,pitcher
SI,2024-09-14,91.8,-2.16,5.12,"Black, Mason",456781,696131,,ball,,,,,12,,R,R,R,SF,SD,B,,,0,0,2024,-1.23,0.75,1.0645093467718572,2.8823916970656414,,,,2,4,Top,,,,,,,11.046773602221084,-133.34568353333688,-1.458223323730324,-17.031763793883815,26.887833154629007,-23.09694857008556,2.95351478728551,1.37310728902882,,,,93.8,2098,7.4,745284,672275,664774,682617,656305,689172,624424,671218,592192,53.1,,,,,,,,29,1,Sinker,0,2,2,0,2,0,2,0,Strategic,Standard,221,-0.001,0.04,,,,,-0.04,,-2,2,0.302,0.698,24,36,25,37,2,1,8.0,1,6.0,1.0,1.95,1.23,1.23,21.3,,,,,,pitcher
FF,2024-09-14,92.9,-2.06,5.2,"Black, Mason",630105,696131,field_out,hit_into_play,,,,,2,"Jake Cronenworth grounds out, third baseman Matt Chapman to first baseman LaMonte Wade Jr.",R,L,R,SF,SD,X,5.0,ground_ball,3,2,2024,-0.93,1.07,-0.0732755759972969,3.197160797664184,,,,1,4,Top,98.05,156.86,,,,,7.226969478084555,-135.21062205127834,-1.7770661475776273,-12.861971792886685,25.811895298531905,-18.774100652341843,3.3,1.57,55.0,84.4,1.0,94.7,1975,7.1,745284,672275,664774,682617,656305,689172,624424,671218,592192,53.44,0.286,0.261,0.0,1.0,0.0,0.0,2.0,28,6,4-Seam Fastball,0,2,2,0,2,0,2,0,Standard,Standard,224,0.016,-0.332,67.2,5.9,,0.308,0.332,88.0,-2,2,0.286,0.714,24,30,25,30,2,1,8.0,1,6.0,1.0,1.54,0.93,-0.93,24.0,-22.629183303769324,20.929757389979898,28.359860563923124,34.52120622237148,19.076133982347123,pitcher
FF,2024-09-14,91.2,-2.05,5.21,"Black, Mason",630105,696131,,foul,,,,,11,,R,L,R,SF,SD,S,,,3,1,2024,-0.97,1.35,-0.148626909808978,3.5640831928479537,,,,1,4,Top,,,,,,,6.9206115167242,-132.5512622224478,-1.093079758917344,-12.957397102244446,30.37625033864272,-16.345802362428092,3.3,1.57,11.0,69.2,-16.0,91.7,2251,6.8,745284,672275,664774,682617,656305,689172,624424,671218,592192,53.66,,,,,,,,28,5,4-Seam Fastball,0,2,2,0,2,0,2,0,Standard,Standard,223,0.005,-0.092,,,,,0.092,88.0,-2,2,0.281,0.719,24,30,25,30,2,1,8.0,1,6.0,1.0,1.42,0.97,-0.97,24.4,,,,,,pitcher
SI,2024-09-14,92.8,-2.14,5.08,"Black, Mason",630105,696131,,called_strike,,,,,9,,R,L,R,SF,SD,S,,,3,0,2024,-1.25,0.6,0.4956279065313345,1.815304793929372,,,,1,4,Top,,,,,,,9.566338671887904,-134.85693011980013,-3.947981830146125,-17.232177992233975,27.03319848647457,-24.13533673361716,3.31587443021515,1.5464353008445,,,,94.0,2213,6.9,745284,672275,664774,682617,656305,689172,624424,671218,592192,53.6,,,,,,,,28,4,Sinker,0,2,2,0,2,0,2,0,Standard,Standard,233,0.004,-0.081,,,,,0.081,,-2,2,0.277,0.723,24,30,25,30,2,1,8.0,1,6.0,1.0,2.03,1.25,-1.25,20.3,,,,,,pitcher
SI,2024-09-14,92.4,-2.3,5.1,"Black, Mason",630105,696131,,ball,,,,,13,,R,L,R,SF,SD,B,,,2,0,2024,-1.28,0.61,-1.2849144487240356,1.6683140422625091,,,,1,4,Top,,,,,,,5.432705809423108,-134.56250794810887,-4.332300791485425,-16.76985631780043,27.829194221456483,-23.967477934051725,3.1735125706665,1.62250805025931,,,,93.5,2166,6.8,745284,672275,664774,682617,656305,689172,624424,671218,592192,53.7,,,,,,,,28,3,Sinker,0,2,2,0,2,0,2,0,Standard,Standard,235,-0.006,0.139,,,,,-0.139,,-2,2,0.283,0.717,24,30,25,30,2,1,8.0,1,6.0,1.0,2.04,1.28,-1.28,19.8,,,,,,pitcher
SL,2024-09-14,86.5,-2.3,5.08,"Black, Mason",630105,696131,,ball,,,,,14,,R,L,R,SF,SD,B,,,1,0,2024,0.24,0.36,1.6672093667611347,2.0247105390411284,,,,1,4,Top,,,,,,,9.05005331189214,-125.76570674322186,-1.8127081043151183,0.6981580464297464,25.237488756545343,-28.13867266045472,3.11528062962774,1.59226826589632,,,,87.1,2435,6.7,745284,672275,664774,682617,656305,689172,624424,671218,592192,53.8,,,,,,,,28,2,Slider,0,2,2,0,2,0,2,0,Standard,Standard,197,-0.004,0.072,,,,,-0.072,,-2,2,0.287,0.713,24,30,25,30,2,1,8.0,1,6.0,1.0,2.68,-0.24,0.24,19.9,,,,,,pitcher
SI,2024-09-14,92.6,-2.06,5.13,"Black, Mason",630105,696131,,ball,,,,,12,,R,L,R,SF,SD,B,,,0,0,2024,-1.3,0.82,2.03895187526935,2.9647230113325653,,,,1,4,Top,,,,,,,13.444526251681229,-134.14407342321385,-1.4764395146916014,-18.566341243454783,29.051246388517185,-22.100630529628564,3.22210403525785,1.53445140221414,,,,93.5,2186,7.1,745284,672275,664774,682617,656305,689172,624424,671218,592192,53.43,,,,,,,,28,1,Sinker,0,2,2,0,2,0,2,0,Standard,Standard,229,-0.002,0.039,,,,,-0.039,,-2,2,0.289,0.711,24,30,25,30,2,1,8.0,1,6.0,1.0,1.86,1.3,-1.3,17.8,,,,,,pitcher
ST,2024-09-14,79.7,-2.41,5.21,"Black, Mason",593428,696131,home_run,hit_into_play,,,,,4,Xander Bogaerts homers (10) on a fly ball to left center field.,R,R,R,SF,SD,X,,fly_ball,0,1,2024,1.41,-0.15,-0.6857998230499243,2.575463224633117,,,,1,4,Top,70.39,48.21,,,,,1.1459790453667866,-116.17825623017006,1.2013565224928358,12.587240056800074,20.66369438580709,-33.94975190098477,3.6,1.61,397.0,104.4,31.0,80.7,2557,6.8,745284,672275,664774,682617,656305,689172,624424,671218,592192,53.72,0.718,1.4390624999999997,2.0,1.0,0.0,3.0,6.0,27,2,Sweeper,0,1,1,0,2,0,2,0,Strategic,Standard,51,-0.114,1.62,71.8,7.0,,2.828,-1.62,104.4,-1,1,0.403,0.597,24,31,25,32,2,1,8.0,1,6.0,1.0,3.71,-1.41,-1.41,23.7,9.489741730186951,-9.54347695289719,33.43191872475672,29.844177657553445,35.978129707955055,pitcher
SL,2024-09-14,87.1,-2.17,5.25,"Black, Mason",593428,696131,,called_strike,,,,,12,,R,R,R,SF,SD,S,,,0,0,2024,0.22,0.58,0.8686366880117904,2.869865507692358,,,,1,4,Top,,,,,,,6.934542946729121,-126.76214502295392,-0.7539376682473771,0.9406650361818548,25.428187130392285,-25.921783998819077,3.51590017468388,1.56878128075352,,,,88.0,2348,6.8,745284,672275,664774,682617,656305,689172,624424,671218,592192,53.67,,,,,,,,27,1,Slider,0,1,1,0,1,0,1,0,Strategic,Standard,192,0.003,-0.037,,,,,0.037,,-1,1,0.4,0.6,24,31,25,32,2,1,8.0,1,6.0,1.0,2.41,-0.22,-0.22,24.3,,,,,,pitcher
ST,2024-09-14,80.8,-2.27,5.13,"Black, Mason",701538,696131,strikeout,swinging_strike,,,,,6,Jackson Merrill strikes out swinging.,R,L,R,SF,SD,S,2.0,,1,2,2024,1.32,-0.03,0.742964340534783,2.65263661534654,,,,0,4,Top,,,,,,,4.22192001546715,-117.68600753991404,1.2231030703201469,11.46941963576989,22.73630127311029,-32.924472268509774,3.53,1.65,,,,81.5,2517,6.8,745284,672275,664774,682617,656305,689172,624424,671218,592192,53.73,,0.0,0.0,1.0,0.0,0.0,,26,6,Sweeper,0,1,1,0,1,0,1,0,Standard,Standard,60,0.016,-0.186,75.5,8.1,0.720168132,,0.186,,-1,1,0.384,0.616,24,21,25,21,2,1,8.0,1,6.0,1.0,3.52,-1.32,1.32,21.4,25.308671078189512,-32.55998364970251,30.43780118782833,29.189269959985864,47.05489704267025,pitcher
SI,2024-09-14,92.5,-2.28,5.11,"Black, Mason",701538,696131,,foul,,,,,4,,R,L,R,SF,SD,S,,,1,2,2024,-1.3,0.61,-0.4227807989653291,2.367781133765982,,,,0,4,Top,,,,,,,7.666001534265629,-134.6639106686536,-2.601757627677536,-17.438719700446757,26.49455778361457,-24.319449433858736,3.53,1.65,2.0,59.4,-48.0,94.0,2084,7.0,745284,672275,664774,682617,656305,689172,624424,671218,592192,53.54,,,,,,,,26,5,Sinker,0,1,1,0,1,0,1,0,Standard,Standard,234,0.0,0.0,82.7,7.4,,,0.0,88.0,-1,1,0.384,0.616,24,21,25,21,2,1,8.0,1,6.0,1.0,2.03,1.3,-1.3,19.7,0.1812091255692668,6.155557967732904,36.212779615320834,41.84748458118791,24.39517332892577,pitcher
FF,2024-09-14,92.7,-1.91,5.24,"Black, Mason",701538,696131,,foul,,,,,1,,R,L,R,SF,SD,S,,,1,2,2024,-1.02,1.29,-0.6122822588162457,3.1586552998305644,,,,0,4,Top,,,,,,,5.62246661610109,-134.84632750399723,-2.352019673287668,-13.672706158488545,29.893811959917876,-16.13365961745137,3.53,1.65,139.0,78.8,11.0,93.9,2076,7.1,745284,672275,664774,682617,656305,689172,624424,671218,592192,53.42,,,,,,,,26,4,4-Seam Fastball,0,1,1,0,1,0,1,0,Standard,Standard,225,0.0,0.0,73.2,6.9,,,0.0,88.0,-1,1,0.384,0.616,24,21,25,21,2,1,8.0,1,6.0,1.0,1.37,1.02,-1.02,22.8,-1.662958496588428,17.376492981681466,32.26472706933704,43.812257274825726,19.50732748661633,pitcher
CH,2024-09-14,86.6,-1.97,5.34,"Black, Mason",701538,696131,,ball,,,,,13,,R,L,R,SF,SD,B,,,0,2,2024,-0.61,0.3,-1.7479074526239673,2.250295989845016,,,,0,4,Top,,,,,,,1.7948025006657595,-126.24608155557377,-1.8579177333631445,-6.899181561889095,23.846751840222968,-28.792422851432185,3.46996993559554,1.69111292545206,,,,88.0,1360,6.9,745284,672275,664774,682617,656305,689172,624424,671218,592192,53.59,,,,,,,,26,3,Changeup,0,1,1,0,1,0,1,0,Standard,Standard,227,-0.002,0.023,,,,,-0.023,,-1,1,0.386,0.614,24,21,25,21,2,1,8.0,1,6.0,1.0,2.71,0.61,-0.61,28.6,,,,,,pitcher
CH,2024-09-14,85.5,-2.11,5.09,"Black, Mason",701538,696131,,swinging_strike,,,,,14,,R,L,R,SF,SD,S,,,0,1,2024,-0.36,-0.16,0.4011982291996952,0.937568231852584,,,,0,4,Top,,,,,,,6.698990073238037,-124.357563190915,-3.182341444395408,-5.0804554966165885,25.45778571816574,-33.38357381664611,3.53,1.65,,,,86.3,1185,6.8,745284,672275,664774,682617,656305,689172,624424,671218,592192,53.66,,,,,,,,26,2,Changeup,0,1,1,0,1,0,1,0,Standard,Standard,242,0.006,-0.054,71.7,8.4,0.340069464,,0.054,,-1,1,0.38,0.62,24,21,25,21,2,1,8.0,1,6.0,1.0,3.29,0.36,-0.36,22.8,17.881157026812122,-14.486680224470636,43.754085283628285,32.80782661934128,41.87897436157765,pitcher
SL,2024-09-14,87.2,-2.28,5.1,"Black, Mason",701538,696131,,foul,,,,,12,,R,L,R,SF,SD,S,,,0,0,2024,-0.02,0.52,0.8312890918753644,3.215262172786057,,,,0,4,Top,,,,,,,7.599384367624597,-126.95027043519472,0.4920872408516477,-1.630251176019146,22.98358320951177,-26.75386465039099,3.53,1.65,281.0,107.0,18.0,88.3,2312,6.7,745284,672275,664774,682617,656305,689172,624424,671218,592192,53.81,,,,,,,,26,1,Slider,0,1,1,0,1,0,1,0,Standard,Standard,225,0.003,-0.037,74.4,7.4,,,0.037,107.0,-1,1,0.377,0.623,24,21,25,21,2,1,8.0,1,6.0,1.0,2.44,0.02,-0.02,21.3,14.10409273939722,-20.043420462680068,30.623343516989895,28.310270877781875,37.08881230154275,pitcher
FF,2024-09-14,91.8,-1.97,5.37,"Black, Mason",592518,696131,field_out,hit_into_play,,,,,6,Manny Machado lines out to center fielder Heliot Ramos.,R,R,R,SF,SD,X,8.0,line_drive,0,0,2024,-1.06,1.19,0.3906570105128648,2.781841826981684,,,,2,3,Top,130.64,50.92,,,,,8.328952463587415,-133.49664906591343,-3.331329275931921,-14.42604463553892,26.796694864452245,-17.32004851620461,3.61,1.64,366.0,98.6,22.0,92.8,2090,6.8,745284,672275,664774,682617,656305,689172,624424,671218,592192,53.75,0.307,0.4911666666666666,0.0,1.0,0.0,0.0,5.0,21,1,4-Seam Fastball,0,1,1,0,1,0,1,0,Strategic,Standard,229,0.011,-0.256,78.2,8.3,,0.901,0.256,98.6,-1,1,0.426,0.574,24,31,25,32,2,1,8.0,1,6.0,1.0,1.5,1.06,1.06,26.4,10.848689238628983,-6.421769703382782,25.891095538666,45.84568884069614,31.87601942749509,pitcher
SL,2024-09-14,87.8,-2.24,5.15,"Black, Mason",595777,696131,field_out,hit_into_play,,,,,2,Jurickson Profar flies out to shortstop Brett Wisely.,R,L,R,SF,SD,X,6.0,fly_ball,1,1,2024,0.14,0.4,0.1377708034198636,2.887521188462264,,,,1,3,Top,95.25,130.27,,,,,5.497213779093755,-127.85121144569888,-0.1834453120863218,0.4821899574343351,25.820578194049883,-28.006444477670847,3.34,1.59,191.0,69.0,49.0,88.7,2330,6.8,745284,672275,664774,682617,656305,689172,624424,671218,592192,53.74,0.15,0.144,0.0,1.0,0.0,0.0,3.0,20,3,Slider,0,1,1,0,1,0,1,0,Standard,Standard,178,0.015,-0.243,72.7,7.1,,0.18,0.243,88.0,-1,1,0.411,0.589,24,31,25,31,2,1,8.0,1,6.0,1.0,2.55,-0.14,0.14,20.2,14.28225514009502,3.303590786867165,26.769606901511526,32.990392984202096,27.892869095767505,pitcher
SL,2024-09-14,88.4,-2.28,5.31,"Black, Mason",595777,696131,,ball,,,,,12,,R,L,R,SF,SD,B,,,0,1,2024,0.04,0.34,1.2760735235541087,3.5661134095488185,,,,1,3,Top,,,,,,,8.585028223561435,-128.5055256553122,1.149483386601254,-1.3687112384121332,27.655913016732203,-28.86813239804663,3.3000587706227,1.52174132880885,,,,88.4,2206,6.4,745284,672275,664774,682617,656305,689172,624424,671218,592192,54.06,,,,,,,,20,2,Slider,0,1,1,0,1,0,1,0,Standard,Standard,203,-0.001,0.024,,,,,-0.024,,-1,1,0.412,0.588,24,31,25,31,2,1,8.0,1,6.0,1.0,2.59,-0.04,0.04,22.4,,,,,,pitcher
SI,2024-09-14,92.4,-2.21,5.03,"Black, Mason",595777,696131,,foul,,,,,4,,R,L,R,SF,SD,S,,,0,0,2024,-1.41,0.58,-0.2875575480378081,2.6700221022703703,,,,1,3,Top,,,,,,,8.047172822803233,-134.27205908137455,-1.420172891799361,-18.83456004912033,29.99719891346658,-25.077422099700676,3.34,1.59,280.0,92.5,20.0,93.1,2197,6.9,745284,672275,664774,682617,656305,689172,624424,671218,592192,53.62,,,,,,,,20,1,Sinker,0,1,1,0,1,0,1,0,Standard,Standard,231,0.002,-0.037,,,,,0.037,92.5,-1,1,0.41,0.59,24,31,25,31,2,1,8.0,1,6.0,1.0,2.1,1.41,-1.41,16.3,,,,,,pitcher
FF,2024-09-14,92.9,-1.95,5.34,"Black, Mason",665487,696131,strikeout,swinging_strike,,,,,12,Fernando Tatis Jr. strikes out swinging.,R,R,R,SF,SD,S,2.0,,0,2,2024,-0.84,1.26,0.3916746127501009,4.075388358130757,,,,0,3,Top,,,,,,,7.878102544045587,-135.1618252419409,-0.2226532285351508,-12.02886779316366,29.670467594872168,-16.85858642129365,3.82,1.81,,,,93.5,2159,6.6,745284,672275,664774,682617,656305,689172,624424,671218,592192,53.85,,0.0,0.0,1.0,0.0,0.0,,19,3,4-Seam Fastball,0,1,1,0,1,0,1,0,Strategic,Standard,220,0.013,-0.163,71.7,6.7,0.405606012,,0.163,,-1,1,0.397,0.603,24,25,25,25,2,1,8.0,1,6.0,1.0,1.38,0.84,0.84,25.4,12.4486791504785,11.45379798966374,19.701284038015555,43.89346246880571,20.78899775695848,pitcher
SL,2024-09-14,87.7,-2.23,5.19,"Black, Mason",665487,696131,,foul,,,,,8,,R,R,R,SF,SD,S,,,0,1,2024,0.03,0.31,-0.0036950470948604,2.1983025662641658,,,,0,3,Top,,,,,,,5.353906036405275,-127.65963256542032,-1.808925898323975,-0.7249606487155774,24.485020538812176,-28.6002519563268,3.82,1.81,194.0,69.3,33.0,88.3,2322,6.5,745284,672275,664774,682617,656305,689172,624424,671218,592192,54.04,,,,,,,,19,2,Slider,0,1,1,0,1,0,1,0,Strategic,Standard,184,0.006,-0.054,72.3,6.8,,,0.054,88.0,-1,1,0.391,0.609,24,25,25,25,2,1,8.0,1,6.0,1.0,2.63,-0.03,-0.03,20.0,-4.495391308776643,19.094093393990004,31.04942562787491,39.59885279995208,20.98579148444047,pitcher
FF,2024-09-14,92.5,-1.92,5.27,"Black, Mason",665487,696131,,called_strike,,,,,2,,R,R,R,SF,SD,S,,,0,0,2024,-0.92,1.2,-0.2007965204755626,3.704747046155782,,,,0,3,Top,,,,,,,6.469920921680587,-134.56670338888026,-0.8115523306613288,-12.571920771087676,28.912743670245955,-17.580460437459244,3.82407996699499,1.80806189347263,,,,93.6,2017,6.9,745284,672275,664774,682617,656305,689172,624424,671218,592192,53.58,,,,,,,,19,1,4-Seam Fastball,0,1,1,0,1,0,1,0,Strategic,Standard,224,0.003,-0.037,,,,,0.037,,-1,1,0.388,0.612,24,25,25,25,2,1,8.0,1,6.0,1.0,1.46,0.92,0.92,25.2,,,,,,pitcher
SI,2024-09-14,94.3,-2.3,4.99,"Black, Mason",650333,696131,field_out,hit_into_play,,,,,13,"Luis Arraez grounds out, shortstop Brett Wisely to first baseman LaMonte Wade Jr.",R,L,R,SF,SD,X,6.0,ground_ball,0,2,2024,-1.51,0.45,-0.9824561515048608,2.22239262828524,,456781.0,543309.0,2,2,Top,110.19,153.39,,,,,6.874000474252563,-137.12587221697092,-2.5325607021518755,-20.53048825452746,29.951971230384164,-26.092568657901047,3.31,1.55,12.0,97.2,-10.0,95.5,2151,7.0,745284,672275,664774,682617,656305,689172,624424,671218,592192,53.52,0.211,0.199,0.0,1.0,0.0,0.0,2.0,13,3,Sinker,0,1,1,0,1,0,1,0,Standard,Standard,231,0.025,-0.186,,,,0.211,0.186,97.2,-1,1,0.418,0.582,24,27,25,27,2,1,8.0,1,6.0,1.0,2.11,1.51,-1.51,17.1,,,,,,pitcher
SI,2024-09-14,92.9,-2.33,4.83,"Black, Mason",650333,696131,,foul,,,,,8,,R,L,R,SF,SD,S,,,0,1,2024,-1.43,0.44,-0.0367252238066653,1.7557062293444865,,456781.0,543309.0,2,2,Top,,,,,,,9.05541426065582,-135.01940300802224,-3.073659763763146,-19.385017406485886,28.187407589767147,-26.35940734487662,3.31,1.55,251.0,82.4,36.0,93.7,2057,6.7,745284,672275,664774,682617,656305,689172,624424,671218,592192,53.77,,,,,,,,13,2,Sinker,0,1,1,0,1,0,1,0,Standard,Standard,231,0.01,-0.046,56.7,6.0,,,0.046,88.0,-1,1,0.408,0.592,24,27,25,27,2,1,8.0,1,6.0,1.0,2.2,1.43,-1.43,15.5,-9.258180543608184,4.867774712058087,48.78004973896434,34.34205982465012,27.00889912911841,pitcher
SI,2024-09-14,91.7,-2.27,4.96,"Black, Mason",650333,696131,,foul,,,,,1,,R,L,R,SF,SD,S,,,0,0,2024,-1.14,0.71,-0.598783231884642,3.2731517566577555,,456781.0,543309.0,2,2,Top,,,,,,,6.779378718576789,-133.4461343569072,0.0383348824101216,-15.040954054248743,26.884500114046983,-23.837697297456675,3.31,1.55,215.0,75.4,54.0,93.1,2112,7.0,745284,672275,664774,682617,656305,689172,624424,671218,592192,53.55,,,,,,,,13,1,Sinker,0,1,1,0,1,0,1,0,Standard,Standard,235,0.006,-0.048,66.5,6.2,,,0.048,88.0,-1,1,0.402,0.598,24,27,25,27,2,1,8.0,1,6.0,1.0,1.98,1.14,-1.14,11.4,16.065473549330118,4.886568226989273,25.151416098278258,41.06245538536676,34.444263133159964,pitcher
FF,2024-09-14,93.9,-2.04,5.23,"Black, Mason",543309,696131,walk,ball,,,,,14,Kyle Higashioka walks.,R,R,R,SF,SD,B,,,3,2,2024,-1.01,1.26,2.110708590150804,1.617837947752783,,456781.0,,2,2,Top,,,,,,,13.083792769487667,-136.00509467451442,-6.453310929878315,-15.308567689377488,28.327626556900547,-15.169942713904812,3.50124077923832,1.64211883073462,,,,94.8,2262,7.0,745284,672275,664774,682617,656305,689172,624424,671218,592192,53.54,,0.689131,0.7,1.0,0.0,0.0,,12,10,4-Seam Fastball,0,1,1,0,1,0,1,0,Strategic,Standard,237,-0.008,0.115,,,,,-0.115,,-1,1,0.41,0.59,24,34,25,34,1,0,8.0,3,6.0,1.0,1.34,1.01,1.01,25.2,,,,,,pitcher
ST,2024-09-14,82.1,-2.25,5.05,"Black, Mason",543309,696131,,foul,,,,,14,,R,R,R,SF,SD,S,,,3,2,2024,1.5,-0.13,1.536875656293266,2.22406215141736,,456781.0,,2,2,Top,,,,,,,5.736816372829686,-119.54299652848636,0.4208961339147838,13.250495825051228,23.02327655623344,-33.746179213046155,3.5,1.66,131.0,49.5,38.0,83.0,2431,6.9,745284,672275,664774,682617,656305,689172,624424,671218,592192,53.63,,,,,,,,12,9,Sweeper,0,1,1,0,1,0,1,0,Strategic,Standard,43,0.0,0.0,55.0,7.3,,,0.0,88.0,-1,1,0.41,0.59,24,34,25,34,1,0,8.0,3,6.0,1.0,3.51,-1.5,-1.5,20.7,10.222883178317536,3.1777570081840247,24.412826552705493,49.1517934393615,28.92763689676489,pitcher
SI,2024-09-14,93.3,-2.04,5.14,"Black, Mason",543309,696131,,foul,,,,,6,,R,R,R,SF,SD,S,,,3,2,2024,-0.83,1.33,0.2997229122454998,2.3916362040490906,,456781.0,,2,2,Top,,,,,,,7.945241726985758,-135.71074224577208,-4.311440323812231,-11.970258106303902,29.0159709439109,-14.979112489861151,3.5,1.66,221.0,75.1,27.0,94.7,2749,7.0,745284,672275,664774,682617,656305,689172,624424,671218,592192,53.45,,,,,,,,12,8,Sinker,0,1,1,0,1,0,1,0,Strategic,Standard,249,0.0,0.0,65.3,6.6,,,0.0,88.0,-1,1,0.41,0.59,24,34,25,34,1,0,8.0,3,6.0,1.0,1.29,0.83,0.83,24.3,-0.8359652974662674,12.81394466510192,34.58051980327435,34.64035609556235,17.034213790981767,pitcher
SI,2024-09-14,93.8,-2.1,5.05,"Black, Mason",543309,696131,,foul,,,,,6,,R,R,R,SF,SD,S,,,3,2,2024,-1.56,0.47,0.3627245278950537,2.877462798260302,,456781.0,,2,2,Top,,,,,,,9.930286752922022,-136.35221953882086,-0.951060004316479,-21.550613234268464,28.31925429429392,-26.282038159821106,3.5,1.66,247.0,80.7,43.0,95.0,2055,6.9,745284,672275,664774,682617,656305,689172,624424,671218,592192,53.58,,,,,,,,12,7,Sinker,0,1,1,0,1,0,1,0,Strategic,Standard,234,0.0,0.0,65.2,6.1,,,0.0,88.0,-1,1,0.41,0.59,24,34,25,34,1,0,8.0,3,6.0,1.0,2.11,1.56,1.56,28.1,-8.610666063488775,19.80100934791206,30.594892148672947,35.504986082657155,11.972043109644236,pitcher
ST,2024-09-14,82.4,-2.32,5.06,"Black, Mason",543309,696131,,foul,,,,,3,,R,R,R,SF,SD,S,,,3,2,2024,1.45,-0.21,0.8082531974376346,3.131311021058484,,456781.0,,2,2,Top,,,,,,,4.330732995134653,-120.06793152273085,2.5027653665565355,13.326870813372905,21.32664946595034,-34.8387107549106,3.5,1.66,149.0,76.9,70.0,83.4,2555,6.7,745284,672275,664774,682617,656305,689172,624424,671218,592192,53.78,,,,,,,,12,6,Sweeper,0,1,1,0,1,0,1,0,Strategic,Standard,58,0.0,0.0,65.4,6.6,,,0.0,88.0,-1,1,0.41,0.59,24,34,25,34,1,0,8.0,3,6.0,1.0,3.53,-1.45,-1.45,20.6,10.816929145115246,5.481672955321227,26.0986653000516,40.71506154322064,24.036541550080035,pitcher
ST,2024-09-14,82.1,-2.24,5.15,"Black, Mason",543309,696131,,ball,,,,,14,,R,R,R,SF,SD,B,,,2,2,2024,1.5,-0.12,1.1202948699488071,2.1087829550422503,,456781.0,,2,2,Top,,,,,,,4.741178235534531,-119.4678050855111,-0.0980579283385498,13.4608914075126,23.045003648370304,-33.52750161299204,3.5220241239446,1.64189175923774,,,,82.9,2575,6.8,745284,672275,664774,682617,656305,689172,624424,671218,592192,53.68,,,,,,,,12,5,Sweeper,0,1,1,0,1,0,1,0,Strategic,Standard,119,-0.006,0.049,,,,,-0.049,,-1,1,0.416,0.584,24,34,25,34,1,0,8.0,3,6.0,1.0,3.5,-1.5,-1.5,24.3,,,,,,pitcher
SI,2024-09-14,93.1,-2.21,5.08,"Black, Mason",543309,696131,,called_strike,,,,,5,,R,R,R,SF,SD,S,,,2,1,2024,-1.32,0.49,-0.1586699485168514,2.3247850917462207,,456781.0,,2,2,Top,,,,,,,8.26967508853619,-135.46328801478913,-2.4524794460174126,-17.970266924716416,26.24116264888547,-25.75422150203834,3.47842191731792,1.62483514706432,,,,94.6,2132,6.9,745284,672275,664774,682617,656305,689172,624424,671218,592192,53.56,,,,,,,,12,4,Sinker,0,1,1,0,1,0,1,0,Strategic,Standard,233,0.006,-0.062,,,,,0.062,,-1,1,0.41,0.59,24,34,25,34,1,0,8.0,3,6.0,1.0,2.11,1.32,1.32,16.9,,,,,,pitcher
SI,2024-09-14,93.5,-2.23,5.06,"Black, Mason",543309,696131,,called_strike,,,,,1,,R,R,R,SF,SD,S,,,2,0,2024,-1.41,0.59,-0.516013037228662,3.144699031594294,,456781.0,,2,2,Top,,,,,,,7.709409873465863,-136.09541682211858,-0.5391365346097251,-19.201050115880584,27.213236294899744,-24.878778558018524,3.43484836784678,1.5541520500728,,,,95.9,2125,7.4,745284,672275,664774,682617,656305,689172,624424,671218,592192,53.05,,,,,,,,12,3,Sinker,0,1,1,0,1,0,1,0,Strategic,Standard,222,0.002,-0.028,,,,,0.028,,-1,1,0.408,0.592,24,34,25,34,1,0,8.0,3,6.0,1.0,2.0,1.41,1.41,20.8,,,,,,pitcher
SL,2024-09-14,86.1,-2.3,4.99,"Black, Mason",543309,696131,,ball,,,,,14,,R,R,R,SF,SD,B,,,1,0,2024,0.04,0.16,1.6419309963592332,2.229626385620357,,456781.0,,2,2,Top,,,,,,,9.373772046769828,-125.12114676135069,-0.6917372317927453,-1.2843482535013588,22.37559078788299,-30.53355297917815,3.51441772172581,1.59274069975648,,,,87.2,2322,6.8,745284,672275,664774,682617,656305,689172,624424,671218,592192,53.67,,,,,,,,12,2,Slider,0,1,1,0,1,0,1,0,Strategic,Standard,218,-0.002,0.024,,,,,-0.024,,-1,1,0.41,0.59,24,34,25,34,1,0,8.0,3,6.0,1.0,2.89,-0.04,-0.04,18.8,,,,,,pitcher
FF,2024-09-14,91.2,-1.99,5.25,"Black, Mason",543309,696131,,ball,,,,,12,,R,R,R,SF,SD,B,,,0,0,2024,-0.84,1.34,1.7067414219723411,3.4624895825092423,,456781.0,,2,2,Top,,,,,,,11.225655624427104,-132.44779312721874,-1.5058702576869958,-12.198646696703223,26.35866000780697,-16.245236010390055,3.56364521903893,1.69382110194235,,,,92.4,2089,6.9,745284,672275,664774,682617,656305,689172,624424,671218,592192,53.56,,,,,,,,12,1,4-Seam Fastball,0,1,1,0,1,0,1,0,Standard,Standard,216,-0.001,0.014,,,,,-0.014,,-1,1,0.411,0.589,24,34,25,34,1,0,8.0,3,6.0,1.0,1.4,0.84,0.84,25.8,,,,,,pitcher
SI,2024-09-14,93.4,-2.17,5.1,"Black, Mason",456781,696131,double,hit_into_play,,,,,1,Donovan Solano doubles (10) on a line drive to left fielder Michael Conforto.,R,R,R,SF,SD,X,7.0,line_drive,2,0,2024,-1.42,0.66,-0.7178863574623753,2.810627018060038,,,,2,2,Top,59.35,136.17,,,,,6.994341528430764,-135.9096818224777,-1.6567959500993823,-19.127759943510284,27.12230288719965,-23.787486910729807,3.21,1.47,173.0,98.0,11.0,95.5,2081,7.3,745284,672275,664774,682617,656305,689172,624424,671218,592192,53.19,0.895,0.863,1.25,1.0,1.0,1.0,4.0,11,3,Sinker,0,1,1,0,1,0,1,0,Strategic,Standard,227,-0.019,0.507,72.5,7.2,,1.079,-0.507,98.0,-1,1,0.43,0.57,24,36,25,37,1,0,8.0,1,6.0,1.0,1.93,1.42,1.42,20.9,22.839330317732145,-17.61455183703817,29.959304913893803,26.592857224501834,30.624179029682036,pitcher
SL,2024-09-14,88.1,-2.26,5.09,"Black, Mason",456781,696131,,ball,,,,,14,,R,R,R,SF,SD,B,,,1,0,2024,-0.22,0.33,1.161073850416218,2.0679098516651053,,,,2,2,Top,,,,,,,8.855466771684032,-128.12206716494376,-2.046872776446804,-3.99220394494209,22.001010725210705,-28.264010279196015,3.17071405522556,1.40290610604093,,,,89.5,2337,6.8,745284,672275,664774,682617,656305,689172,624424,671218,592192,53.69,,,,,,,,11,2,Slider,0,1,1,0,1,0,1,0,Strategic,Standard,215,-0.002,0.068,,,,,-0.068,,-1,1,0.432,0.568,24,36,25,37,1,0,8.0,1,6.0,1.0,2.57,0.22,0.22,20.9,,,,,,pitcher
SI,2024-09-14,93.1,-2.02,5.07,"Black, Mason",456781,696131,,ball,,,,,12,,R,R,R,SF,SD,B,,,0,0,2024,-1.28,0.76,2.072754282857943,2.6848848607914717,,,,2,2,Top,,,,,,,13.5347367499036,-134.99158086238555,-2.081135040294267,-18.27124076048913,24.954742704849263,-22.49524280900134,3.09034607815011,1.44874095398016,,,,95.1,2065,7.3,745284,672275,664774,682617,656305,689172,624424,671218,592192,53.17,,,,,,,,11,1,Sinker,0,1,1,0,1,0,1,0,Strategic,Standard,233,-0.001,0.04,,,,,-0.04,,-1,1,0.433,0.567,24,36,25,37,1,0,8.0,1,6.0,1.0,1.85,1.28,1.28,19.9,,,,,,pitcher
SI,2024-09-14,92.9,-2.1,5.07,"Black, Mason",630105,696131,field_out,hit_into_play,,,,,5,"Jake Cronenworth grounds out, second baseman Marco Luciano to first baseman LaMonte Wade Jr.",R,L,R,SF,SD,X,4.0,ground_ball,2,0,2024,-1.34,0.63,-0.1111812911632694,2.374650077245337,,,,1,2,Top,151.53,156.14,,,,,8.211587488445847,-135.10213929700407,-2.522676362752283,-18.24072564583751,30.12183933757991,-24.11189185056673,3.3,1.57,3.0,82.9,-35.0,94.6,2101,7.4,745284,672275,664774,682617,656305,689172,624424,671218,592192,53.13,0.062,0.056,0.0,1.0,0.0,0.0,2.0,10,3,Sinker,0,1,1,0,1,0,1,0,Standard,Standard,227,0.022,-0.367,71.7,6.6,,0.064,0.367,88.0,-1,1,0.411,0.589,24,30,25,30,1,0,8.0,1,6.0,1.0,2.02,1.34,-1.34,20.5,-2.258920470693416,5.840463103997671,34.3172853819888,36.001894987999584,26.10320032004108,pitcher
FF,2024-09-14,91.7,-1.94,5.29,"Black, Mason",630105,696131,,ball,,,,,11,,R,L,R,SF,SD,B,,,1,0,2024,-0.66,1.17,-0.0163051465310911,4.1199229040636745,,,,1,2,Top,,,,,,,6.364513923746561,-133.3469823800628,0.4034687501806825,-9.28724168825506,29.657542977210905,-18.559879444024343,3.21847736071282,1.39678249138549,,,,92.4,2091,6.8,745284,672275,664774,682617,656305,689172,624424,671218,592192,53.68,,,,,,,,10,2,4-Seam Fastball,0,1,1,0,1,0,1,0,Standard,Standard,228,-0.005,0.072,,,,,-0.072,,-1,1,0.416,0.584,24,30,25,30,1,0,8.0,1,6.0,1.0,1.55,0.66,-0.66,26.1,,,,,,pitcher
FF,2024-09-14,93.0,-2.03,5.31,"Black, Mason",630105,696131,,ball,,,,,11,,R,L,R,SF,SD,B,,,0,0,2024,-0.74,1.03,-0.4538220905091426,4.790007601651553,,,,1,2,Top,,,,,,,5.736402290793764,-135.3253843050116,2.184139516464333,-10.357607267829495,28.0625942273841,-20.159658152397576,3.28979427938236,1.70708737572835,,,,94.1,2003,6.8,745284,672275,664774,682617,656305,689172,624424,671218,592192,53.66,,,,,,,,10,1,4-Seam Fastball,0,1,1,0,1,0,1,0,Standard,Standard,220,-0.002,0.039,,,,,-0.039,,-1,1,0.418,0.582,24,30,25,30,1,0,8.0,1,6.0,1.0,1.6,0.74,-0.74,27.4,,,,,,pitcher
ST,2024-09-14,83.5,-2.16,5.26,"Black, Mason",593428,696131,field_out,hit_into_play,,,,,14,"Xander Bogaerts grounds out, pitcher Mason Black to first baseman LaMonte Wade Jr.",R,R,R,SF,SD,X,1.0,ground_ball,0,2,2024,0.71,0.07,1.008416434182854,2.3772959704289107,,,,0,2,Top,129.2,182.5,,,,,5.9363739919337135,-121.48373007731152,-0.3089438337853376,5.80156067256015,24.206487372558843,-31.6788324432996,3.6,1.61,11.0,96.0,-12.0,83.9,2486,6.6,745284,672275,664774,682617,656305,689172,624424,671218,592192,53.92,0.202,0.182,0.0,1.0,0.0,0.0,2.0,9,3,Sweeper,0,1,1,0,1,0,1,0,Strategic,Standard,50,0.013,-0.163,67.1,7.1,,0.204,0.163,96.0,-1,1,0.405,0.595,24,31,25,32,1,0,8.0,1,6.0,1.0,3.21,-0.71,-0.71,22.9,-0.4968934195241666,12.417110278833272,25.951791467141,49.643465856398265,22.743735454157644,pitcher
ST,2024-09-14,83.3,-2.19,5.14,"Black, Mason",593428,696131,,swinging_strike,,,,,14,,R,R,R,SF,SD,S,,,0,1,2024,0.8,0.02,1.498273896051158,1.4739543308186709,,,,0,2,Top,,,,,,,6.9338614331449255,-121.1596024807405,-2.0187883368868094,6.528956435557265,23.68527838010554,-31.748318555807344,3.6,1.61,,,,83.8,2382,6.7,745284,672275,664774,682617,656305,689172,624424,671218,592192,53.83,,,,,,,,9,2,Sweeper,0,1,1,0,1,0,1,0,Strategic,Standard,43,0.005,-0.054,54.6,7.8,11.272754844,,0.054,,-1,1,0.4,0.6,24,31,25,32,1,0,8.0,1,6.0,1.0,3.26,-0.8,-0.8,25.0,22.869033997741383,-17.542754561167282,29.38113472664253,52.85415400549489,47.08696668548741,pitcher
SI,2024-09-14,92.9,-2.14,5.19,"Black, Mason",593428,696131,,called_strike,,,,,2,,R,R,R,SF,SD,S,,,0,0,2024,-1.39,0.68,-0.1541546029027642,3.328281971182132,,,,0,2,Top,,,,,,,8.174105227547384,-135.09137869695397,-0.4969957567186991,-18.785755072427964,27.556970774344503,-23.866580301515512,3.58986512891483,1.56489653211048,,,,93.7,2047,6.7,745284,672275,664774,682617,656305,689172,624424,671218,592192,53.84,,,,,,,,9,1,Sinker,0,1,1,0,1,0,1,0,Strategic,Standard,233,0.003,-0.037,,,,,0.037,,-1,1,0.397,0.603,24,31,25,32,1,0,8.0,1,6.0,1.0,1.95,1.39,1.39,21.9,,,,,,pitcher
FF,2024-09-14,93.9,-2.15,5.22,"Black, Mason",701538,696131,field_out,hit_into_play,,,,,8,Jackson Merrill flies out sharply to center fielder Heliot Ramos.,R,L,R,SF,SD,X,8.0,fly_ball,2,2,2024,-0.97,1.19,0.269831013529472,2.0054114438092228,,592518.0,,2,1,Top,138.38,59.92,,,,,8.436052340248946,-136.40074626731428,-5.2351797207123685,-13.944414764047853,29.655184697382268,-16.2797467226803,3.53,1.65,345.0,102.0,42.0,94.2,2076,6.5,745284,672275,664774,682617,656305,689172,624424,671218,592192,53.98,0.158,0.3,0.0,1.0,0.0,0.0,5.0,5,5,4-Seam Fastball,0,1,1,0,1,0,1,0,Standard,Standard,222,0.026,-0.249,66.0,8.4,,0.574,0.249,102.0,-1,1,0.422,0.578,24,21,25,21,1,0,8.0,1,6.0,1.0,1.4,0.97,-0.97,22.8,11.87971764659021,-15.454713160100628,46.076740582439406,33.569983958743705,33.02126434829195,pitcher
SI,2024-09-14,93.2,-2.35,4.9,"Black, Mason",701538,696131,,foul,,,,,14,,R,L,R,SF,SD,S,,,2,1,2024,-1.48,0.47,0.0587159481703827,1.3869875722781122,,592518.0,,2,1,Top,,,,,,,9.475353606402216,-135.39871745699787,-4.3080878976721015,-20.20809542187877,28.81604230053445,-25.56967317674298,3.53,1.65,222.0,81.0,56.0,93.6,2017,6.6,745284,672275,664774,682617,656305,689172,624424,671218,592192,53.92,,,,,,,,5,4,Sinker,0,1,1,0,1,0,1,0,Standard,Standard,235,0.005,-0.062,78.3,8.3,,,0.062,88.0,-1,1,0.417,0.583,24,21,25,21,1,0,8.0,1,6.0,1.0,2.15,1.48,-1.48,15.2,6.896241700835356,-5.937748012294812,49.59780781329935,36.14311963866841,30.99354715464336,pitcher
FF,2024-09-14,92.6,-2.23,5.16,"Black, Mason",701538,696131,,ball,,,,,12,,R,L,R,SF,SD,B,,,1,1,2024,-0.94,1.19,2.155082342630438,2.9292881735115355,,592518.0,,2,1,Top,,,,,,,13.51742313270854,-134.2419451483394,-2.5222864064834347,-14.192956966432096,28.210194182293737,-17.340242193656962,3.46969934551218,1.66407329667933,,,,94.5,2030,7.5,745284,672275,664774,682617,656305,689172,624424,671218,592192,52.99,,,,,,,,5,3,4-Seam Fastball,0,1,1,0,1,0,1,0,Standard,Standard,232,-0.002,0.039,,,,,-0.039,,-1,1,0.419,0.581,24,21,25,21,1,0,8.0,1,6.0,1.0,1.48,0.94,-0.94,30.0,,,,,,pitcher
SI,2024-09-14,93.3,-2.3,4.91,"Black, Mason",701538,696131,,foul,,,,,4,,R,L,R,SF,SD,S,,,1,0,2024,-1.44,0.47,-0.5384700988274844,2.760670721227304,,592518.0,,2,1,Top,,,,,,,7.7722281928283135,-135.72706658032328,-0.8324776494748958,-19.52374868061412,28.516448674366963,-26.38608715477617,3.53,1.65,221.0,74.1,27.0,94.2,1959,6.7,745284,672275,664774,682617,656305,689172,624424,671218,592192,53.75,,,,,,,,5,2,Sinker,0,1,1,0,1,0,1,0,Standard,Standard,238,0.002,-0.043,70.6,7.4,,,0.043,88.0,-1,1,0.417,0.583,24,21,25,21,1,0,8.0,1,6.0,1.0,2.14,1.44,-1.44,15.7,1.9245037911171392,8.8099551608019,31.44711801997789,43.094778560252536,22.938902262880603,pitcher
SL,2024-09-14,87.7,-2.52,5.21,"Black, Mason",701538,696131,,ball,,,,,11,,R,L,R,SF,SD,B,,,0,0,2024,-0.18,0.28,-0.4534445895403528,3.84495283282058,,592518.0,,2,1,Top,,,,,,,5.396199884102637,-127.67439915233936,2.2452843220580947,-3.018208787753241,25.1267085690359,-29.741271664190347,3.0029481596967,1.65000251797535,,,,88.5,2288,6.7,745284,672275,664774,682617,656305,689172,624424,671218,592192,53.81,,,,,,,,5,1,Slider,0,1,1,0,1,0,1,0,Standard,Standard,202,-0.001,0.014,,,,,-0.014,,-1,1,0.418,0.582,24,21,25,21,1,0,8.0,1,6.0,1.0,2.67,0.18,-0.18,21.3,,,,,,pitcher
SI,2024-09-14,92.9,-2.45,5.12,"Black, Mason",592518,696131,double,hit_into_play,,,,,1,Manny Machado doubles (28) on a sharp line drive to center fielder Heliot Ramos. Jurickson Profar scores.,R,R,R,SF,SD,X,8.0,line_drive,2,1,2024,-1.4,0.65,-0.4444051268001494,3.2428735604774004,,,595777.0,2,1,Top,128.28,36.03,,,,,8.313063099264225,-135.18381259612198,-0.491388542989879,-18.98208023622694,27.212985605561776,-24.27756924644081,3.61,1.64,402.0,111.2,18.0,94.2,2026,6.9,745284,672275,664774,682617,656305,689172,624424,671218,592192,53.63,0.642,1.0592857142857142,1.25,1.0,1.0,1.0,6.0,4,4,Sinker,0,0,0,0,1,0,1,0,Strategic,Standard,237,-0.106,0.829,78.3,7.6,,1.942,-0.829,111.2,0,0,0.524,0.476,24,31,25,32,1,0,8.0,1,6.0,1.0,1.98,1.4,1.4,20.3,11.735353264306788,0.7363752242314126,17.387865063186076,35.535005232059845,30.446797592999573,pitcher
FF,2024-09-14,92.9,-2.16,5.3,"Black, Mason",592518,696131,,ball,,,,,12,,R,R,R,SF,SD,B,,,1,1,2024,-1.09,1.35,0.0909644980106305,3.927747041539405,,,595777.0,2,1,Top,,,,,,,8.163514086729746,-135.12315595330566,-0.7032227358217054,-15.072846122602272,28.030537795943346,-15.66018224098282,3.51106340720874,1.58240699354945,,,,93.4,2041,6.5,745284,672275,664774,682617,656305,689172,624424,671218,592192,54.02,,,,,,,,4,3,4-Seam Fastball,0,0,0,0,0,0,0,0,Strategic,Standard,222,-0.003,0.05,,,,,-0.05,,0,0,0.527,0.473,24,31,25,32,1,0,8.0,1,6.0,1.0,1.29,1.09,1.09,25.8,,,,,,pitcher
ST,2024-09-14,81.3,-2.44,5.07,"Black, Mason",592518,696131,,swinging_strike,,,,,12,,R,R,R,SF,SD,S,,,1,0,2024,1.27,0.11,0.9335987448029932,3.17376529811812,,,595777.0,2,1,Top,,,,,,,5.197288660251021,-118.35146925333883,2.170979578877205,10.924288169982267,22.474851964322493,-31.75315074242515,3.61,1.64,,,,82.2,2562,6.9,745284,672275,664774,682617,656305,689172,624424,671218,592192,53.61,,,,,,,,4,2,Sweeper,0,0,0,0,0,0,0,0,Strategic,Standard,50,0.003,-0.048,73.7,8.8,3.8351886,,0.048,,0,0,0.524,0.476,24,31,25,32,1,0,8.0,1,6.0,1.0,3.33,-1.27,-1.27,21.7,16.64906862146131,-28.91866527872601,18.44377759899007,49.89604480433636,49.7873668556725,pitcher
SL,2024-09-14,87.9,-2.37,5.25,"Black, Mason",592518,696131,,ball,,,,,11,,R,R,R,SF,SD,B,,,0,0,2024,-0.07,0.18,-0.2212069597147408,4.152942676438107,,,595777.0,2,1,Top,,,,,,,5.340598956116403,-127.83770559417592,3.073681244221885,-1.821919566805608,25.83978288349809,-31.062413134380687,3.51488637739043,1.58538013792145,,,,88.0,2266,6.3,745284,672275,664774,682617,656305,689172,624424,671218,592192,54.16,,,,,,,,4,1,Slider,0,0,0,0,0,0,0,0,Strategic,Standard,175,-0.002,0.034,,,,,-0.034,,0,0,0.526,0.474,24,31,25,32,1,0,8.0,1,6.0,1.0,2.77,0.07,0.07,22.2,,,,,,pitcher
FF,2024-09-14,93.2,-2.01,5.25,"Black, Mason",595777,696131,single,hit_into_play,,,,,3,Jurickson Profar singles on a sharp line drive to right fielder Mark Canha.,R,L,R,SF,SD,X,9.0,line_drive,1,1,2024,-0.81,1.32,0.7218747145062909,2.96069583402009,,,,2,1,Top,178.39,142.25,,,,,8.898997336168593,-135.53656580894403,-3.075062015942419,-11.834992799445088,28.179190056882355,-15.405492399688354,3.34,1.59,193.0,103.5,12.0,94.5,2213,6.9,745284,672275,664774,682617,656305,689172,624424,671218,592192,53.55,0.921,0.912,0.9,1.0,1.0,0.0,4.0,3,3,4-Seam Fastball,0,0,0,0,0,0,0,0,Infield shade,Standard,225,-0.012,0.344,74.8,6.8,,1.187,-0.344,103.5,0,0,0.538,0.462,24,31,25,31,1,0,8.0,1,6.0,1.0,1.3,0.81,-0.81,23.8,2.284155148507237,-13.43462786484161,29.170150021646396,27.673570792506496,31.315318297641262,pitcher
FF,2024-09-14,94.0,-2.29,5.24,"Black, Mason",595777,696131,,ball,,,,,12,,R,L,R,SF,SD,B,,,0,1,2024,-0.85,1.06,0.1863996142864304,4.098157819838679,,,,2,1,Top,,,,,,,8.350349904522139,-136.80865411551028,0.3607445698789991,-12.495234049454613,28.24756714348436,-19.039529591733277,3.34037177107638,1.57465503397093,,,,94.6,2133,6.5,745284,672275,664774,682617,656305,689172,624424,671218,592192,54.0,,,,,,,,3,2,4-Seam Fastball,0,0,0,0,0,0,0,0,Infield shade,Standard,225,-0.002,0.029,,,,,-0.029,,0,0,0.54,0.46,24,31,25,31,1,0,8.0,1,6.0,1.0,1.5,0.85,-0.85,23.2,,,,,,pitcher
FF,2024-09-14,93.7,-2.04,5.31,"Black, Mason",595777,696131,,swinging_strike,,,,,6,,R,L,R,SF,SD,S,,,0,0,2024,-0.89,1.16,0.5922855781167592,2.405153490603843,,,,2,1,Top,,,,,,,8.845313660338435,-136.26704153377273,-4.426998197597629,-12.923505929953905,26.91758250688665,-16.893893985368663,3.34,1.59,,,,95.0,2111,6.8,745284,672275,664774,682617,656305,689172,624424,671218,592192,53.68,,,,,,,,3,1,4-Seam Fastball,0,0,0,0,0,0,0,0,Infield shade,Standard,225,0.002,-0.041,67.6,6.7,0.527838912,,0.041,,0,0,0.538,0.462,24,31,25,31,1,0,8.0,1,6.0,1.0,1.42,0.89,-0.89,25.0,8.848521992568344,3.199730723417179,38.478174837025,29.99403167375965,21.5196865745949,pitcher
FC,2024-09-14,89.8,-2.23,5.31,"Black, Mason",665487,696131,field_out,hit_into_play,,,,,5,Fernando Tatis Jr. flies out to right fielder Mark Canha.,R,R,R,SF,SD,X,9.0,fly_ball,0,1,2024,-0.1,0.1,0.2667328202648541,2.9951222140083043,,,,1,1,Top,173.51,126.13,,,,,6.436927544898014,-130.80209259031125,-0.0329191632409834,-2.3375314957551576,23.71166895087776,-31.25092590326869,3.82,1.81,217.0,92.2,55.0,90.9,2166,6.6,745284,672275,664774,682617,656305,689172,624424,671218,592192,53.88,0.003,0.002,0.0,1.0,0.0,0.0,3.0,2,2,Cutter,0,0,0,0,0,0,0,0,Strategic,Standard,219,0.014,-0.219,74.2,7.2,,0.003,0.219,92.2,0,0,0.524,0.476,24,25,25,25,1,0,8.0,1,6.0,1.0,2.69,0.1,0.1,21.6,-0.3334249767261131,2.159412223587676,27.768479842178955,40.57917757461184,34.74394932021914,pitcher
SI,2024-09-14,94.5,-2.3,5.17,"Black, Mason",665487,696131,,foul,,,,,9,,R,R,R,SF,SD,S,,,0,0,2024,-1.42,0.53,0.5284068249475857,2.3264436489375053,,,,1,1,Top,,,,,,,10.55731303728792,-137.27481583230022,-2.957096993424076,-20.160893096563925,27.613744727254225,-24.964868187681837,3.82,1.81,231.0,79.0,37.0,95.1,2137,6.5,745284,672275,664774,682617,656305,689172,624424,671218,592192,54.0,,,,,,,,2,1,Sinker,0,0,0,0,0,0,0,0,Strategic,Standard,232,0.002,-0.037,70.2,7.2,,,0.037,88.0,0,0,0.522,0.478,24,25,25,25,1,0,8.0,1,6.0,1.0,2.01,1.42,1.42,20.7,-4.118055620936727,18.548419749154142,33.08750752176054,44.86840932444616,17.50745949374666,pitcher
FC,2024-09-14,89.5,-2.44,5.21,"Black, Mason",650333,696131,field_out,hit_into_play,,,,,2,Luis Arraez flies out to left fielder Michael Conforto in foul territory.,R,L,R,SF,SD,X,7.0,fly_ball,2,2,2024,-0.29,0.55,-0.1072018732564809,3.281774185751149,,,,0,1,Top,48.69,129.05,,,,,6.418950695689575,-130.38636137945807,0.0227829566573969,-4.530924794835095,24.29962582973996,-26.03187560890564,3.31,1.55,258.0,84.1,47.0,90.7,2346,6.7,745284,672275,664774,682617,656305,689172,624424,671218,592192,53.81,0.003,0.002,0.0,1.0,0.0,0.0,3.0,1,7,Cutter,0,0,0,0,0,0,0,0,Standard,Standard,211,0.019,-0.227,62.7,5.3,,0.004,0.227,88.0,0,0,0.503,0.497,24,27,25,27,1,0,8.0,1,6.0,1.0,2.26,0.29,-0.29,21.4,7.060825834448575,7.582773356531935,28.93981529671343,34.38210428932556,32.45788795878088,pitcher
SI,2024-09-14,93.0,-2.28,5.21,"Black, Mason",650333,696131,,foul,,,,,12,,R,L,R,SF,SD,S,,,2,2,2024,-1.5,0.55,0.3152541848293015,3.547525247995111,,,,0,1,Top,,,,,,,10.0230097830915,-135.07736299698252,0.3246898646513111,-20.487390659385444,28.27851424779504,-25.656897736793347,3.31,1.55,189.0,70.6,56.0,94.0,2068,6.9,745284,672275,664774,682617,656305,689172,624424,671218,592192,53.63,,,,,,,,1,6,Sinker,0,0,0,0,0,0,0,0,Standard,Standard,238,0.0,0.0,54.8,4.8,,,0.0,88.0,0,0,0.503,0.497,24,27,25,27,1,0,8.0,1,6.0,1.0,2.08,1.5,-1.5,19.0,2.9856351593834987,6.576944783320573,28.53972434230979,29.232349614266923,26.60892618003353,pitcher
ST,2024-09-14,81.8,-2.56,5.09,"Black, Mason",650333,696131,,ball,,,,,11,,R,L,R,SF,SD,B,,,1,2,2024,1.45,0.06,-1.6127241800646472,3.862574084759181,,,,0,1,Top,,,,,,,-0.6665170257973623,-119.09514109164044,3.6848628775144014,13.951265872842203,23.1242821417339,-32.514895556150506,3.11654979814956,1.40649365415648,,,,81.7,2450,6.2,745284,672275,664774,682617,656305,689172,624424,671218,592192,54.26,,,,,,,,1,5,Sweeper,0,0,0,0,0,0,0,0,Standard,Standard,53,-0.004,0.04,,,,,-0.04,,0,0,0.507,0.493,24,27,25,27,1,0,8.0,1,6.0,1.0,3.34,-1.45,1.45,19.0,,,,,,pitcher
SI,2024-09-14,94.6,-2.35,5.21,"Black, Mason",650333,696131,,ball,,,,,11,,R,L,R,SF,SD,B,,,0,2,2024,-1.51,0.7,-2.2231500335877614,4.236531971161759,,,,0,1,Top,,,,,,,3.71836221147705,-137.68699750231391,1.596557112524536,-20.005894196856467,30.951740506367603,-23.857133262828096,3.06741470079672,1.36185521838709,,,,94.9,2174,6.5,745284,672275,664774,682617,656305,689172,624424,671218,592192,54.01,,,,,,,,1,4,Sinker,0,0,0,0,0,0,0,0,Standard,Standard,235,-0.002,0.023,,,,,-0.023,,0,0,0.509,0.491,24,27,25,27,1,0,8.0,1,6.0,1.0,1.85,1.51,-1.51,19.9,,,,,,pitcher
CH,2024-09-14,88.1,-2.02,5.35,"Black, Mason",650333,696131,,foul,,,,,14,,R,L,R,SF,SD,S,,,0,2,2024,-1.04,0.36,0.7570459410501451,0.8233618816743955,,,,0,1,Top,,,,,,,8.960407498511554,-128.00964111906842,-5.720211372268681,-13.175860261106449,24.17764834003509,-27.2548735437354,3.31,1.55,102.0,70.2,9.0,89.0,1293,6.7,745284,672275,664774,682617,656305,689172,624424,671218,592192,53.76,,,,,,,,1,3,Changeup,0,0,0,0,0,0,0,0,Standard,Standard,234,0.0,0.0,,,,,0.0,88.0,0,0,0.509,0.491,24,27,25,27,1,0,8.0,1,6.0,1.0,2.57,1.04,-1.04,26.0,,,,,,pitcher
SI,2024-09-14,93.7,-2.28,5.1,"Black, Mason",650333,696131,,foul,,,,,13,,R,L,R,SF,SD,S,,,0,1,2024,-1.44,0.47,-1.0329462586867126,2.4439591813734483,,,,0,1,Top,,,,,,,6.4221888988612825,-136.42897182390303,-2.246828585342514,-19.390585067349623,25.707252147133577,-25.994250622995413,3.34330973990448,1.58397950304033,212.0,75.3,39.0,94.6,1984,6.4,745284,672275,664774,682617,656305,689172,624424,671218,592192,54.06,,,,,,,,1,2,Sinker,0,0,0,0,0,0,0,0,Standard,Standard,234,0.006,-0.054,60.9,5.7,,,0.054,88.0,0,0,0.503,0.497,24,27,25,27,1,0,8.0,1,6.0,1.0,2.09,1.44,-1.44,14.9,-3.9132893424568014,18.33754591807221,35.23200223880016,44.8568189620097,21.0122256572577,pitcher
FF,2024-09-14,92.7,-2.06,5.3,"Black, Mason",650333,696131,,called_strike,,,,,5,,R,L,R,SF,SD,S,,,0,0,2024,-0.99,1.18,-0.0755474374393014,2.738460970274853,,,,0,1,Top,,,,,,,7.299945099783717,-134.8399593164796,-3.404855097272003,-13.669389401004338,27.29310991479771,-17.170127314301315,3.30143228481746,1.54149024798043,,,,93.8,1951,6.8,745284,672275,664774,682617,656305,689172,624424,671218,592192,53.69,,,,,,,,1,1,4-Seam Fastball,0,0,0,0,0,0,0,0,Standard,Standard,230,0.003,-0.037,,,,,0.037,,0,0,0.5,0.5,24,27,25,27,1,0,8.0,1,6.0,1.0,1.46,0.99,-0.99,27.3,,,,,,pitcher
SI,2024-09-06,93.3,-2.28,4.77,"Black, Mason",595777,696131,single,hit_into_play,,,,,5,Jurickson Profar singles on a ground ball to right fielder Mike Yastrzemski. Fernando Tatis Jr. to 3rd.,R,L,R,SD,SF,X,9.0,ground_ball,1,2,2024,-1.42,0.51,0.0352793000111477,2.482377303001577,,,665487.0,2,5,Bot,164.18,101.9,,,,,9.239454730024898,-135.64006672049072,-1.276767871206128,-19.570585339528822,28.490827281166197,-25.802745213330923,3.33,1.57,88.0,104.9,3.0,94.9,2100,7.2,745371,672275,664774,682617,656305,666149,671218,687529,573262,53.31,0.55,0.503,0.9,1.0,1.0,0.0,4.0,41,5,Sinker,3,0,3,0,0,3,3,0,Standard,Strategic,234,0.014,0.431,,,,0.603,-0.431,104.9,3,3,0.87,0.87,24,31,25,31,3,2,6.0,1,8.0,1.0,2.11,1.42,-1.42,19.9,,,,,,pitcher
FF,2024-09-06,92.5,-2.02,5.1,"Black, Mason",595777,696131,,foul,,,,,6,,R,L,R,SD,SF,S,,,1,2,2024,-1.27,1.33,0.2855010244621312,2.343942423106532,,,665487.0,2,5,Bot,,,,,,,8.732852716001585,-134.38254015336565,-4.1535925683738935,-17.264963497039204,29.37550086779478,-15.303786746212516,3.33,1.57,,,,93.3,2183,6.9,745371,672275,664774,682617,656305,666149,671218,687529,573262,53.62,,,,,,,,41,4,4-Seam Fastball,3,0,3,0,0,3,3,0,Standard,Strategic,229,0.0,0.0,70.8,7.5,,,0.0,,3,3,0.87,0.87,24,31,25,31,3,2,6.0,1,8.0,1.0,1.34,1.27,-1.27,27.7,10.169874171875634,-7.485670364002869,39.35031672889095,30.88351653880012,29.95710865764267,pitcher
SL,2024-09-06,87.1,-2.28,4.79,"Black, Mason",595777,696131,,foul,,,,,2,,R,L,R,SD,SF,S,,,1,1,2024,0.08,0.5,0.2398240758106015,3.177539096543821,,,665487.0,2,5,Bot,,,,,,,5.978629662422177,-126.70017817263113,1.3221912194115533,-0.4350506156609396,26.36593771338639,-27.33900913066457,3.33,1.57,26.0,71.1,-4.0,88.1,2255,7.0,745371,672275,664774,682617,656305,666149,671218,687529,573262,53.54,,,,,,,,41,3,Slider,3,0,3,0,0,3,3,0,Standard,Strategic,50,-0.002,-0.06,32.2,4.9,,,0.06,88.0,3,3,0.872,0.872,24,31,25,31,3,2,6.0,1,8.0,1.0,2.51,-0.08,0.08,19.7,-28.118196233633878,36.55653777726042,43.34643945165705,30.373654126746565,6.717071254966631,pitcher
FF,2024-09-06,92.2,-2.01,5.06,"Black, Mason",595777,696131,,called_strike,,,,,3,,R,L,R,SD,SF,S,,,1,0,2024,-1.1,1.31,0.5327095444793202,2.862074487521592,,,665487.0,2,5,Bot,,,,,,,8.97263905437993,-133.97282108383484,-2.6194710184534338,-15.237465099659577,29.012383194034943,-16.022096535527744,3.35532787802032,1.65917540003973,,,,93.1,2156,6.9,745371,672275,664774,682617,656305,666149,671218,687529,573262,53.58,,,,,,,,41,2,4-Seam Fastball,3,0,3,0,0,3,3,0,Standard,Strategic,227,-0.002,-0.048,,,,,0.048,,3,3,0.874,0.874,24,31,25,31,3,2,6.0,1,8.0,1.0,1.38,1.1,-1.1,23.5,,,,,,pitcher
FF,2024-09-06,91.6,-2.21,5.15,"Black, Mason",595777,696131,,ball,,,,,11,,R,L,R,SD,SF,B,,,0,0,2024,-1.16,1.14,-0.4775503768767561,4.166629673264979,,,665487.0,2,5,Bot,,,,,,,6.962535192366135,-133.29868474591092,0.9505062233272076,-15.277930292267206,28.801566470239276,-18.999186136566784,3.35447182271072,1.5994175593578,,,,92.8,2031,7.0,745371,672275,664774,682617,656305,666149,671218,687529,573262,53.47,,,,,,,,41,1,4-Seam Fastball,3,0,3,0,0,3,3,0,Infield shade,Strategic,226,0.001,0.034,,,,,-0.034,,3,3,0.873,0.873,24,31,25,31,3,2,6.0,1,8.0,1.0,1.58,1.16,-1.16,27.4,,,,,,pitcher
FF,2024-09-06,93.9,-1.85,5.11,"Black, Mason",665487,696131,single,hit_into_play,,,,,2,Fernando Tatis Jr. singles on a ground ball to left fielder Heliot Ramos.,R,R,R,SD,SF,X,7.0,ground_ball,1,2,2024,-1.11,1.3,-0.2689144649721342,3.3624243018005755,,,,2,5,Bot,89.66,104.43,,,,,6.625394198796931,-136.649889500132,-1.6694215786512954,-15.374181966604564,31.22911615758981,-15.815767707257024,3.81,1.81,108.0,107.2,5.0,94.7,2206,6.8,745371,672275,664774,682617,656305,666149,671218,687529,573262,53.69,0.626,0.589,0.9,1.0,1.0,0.0,4.0,40,4,4-Seam Fastball,3,0,3,0,0,3,3,0,Strategic,Standard,228,0.007,0.408,74.5,7.0,,0.716,-0.408,107.2,3,3,0.866,0.866,24,25,25,25,3,2,6.0,1,8.0,1.0,1.3,1.11,1.11,26.9,18.06155903329259,-6.595500616353236,26.80748184746193,32.93149502409057,29.90698668415216,pitcher
SI,2024-09-06,94.1,-2.11,4.89,"Black, Mason",665487,696131,,called_strike,,,,,12,,R,R,R,SD,SF,S,,,1,1,2024,-1.45,0.53,0.8658745262816716,2.9893812371684,,,,2,5,Bot,,,,,,,11.045986424929476,-136.56509053659744,-0.3569133264097452,-20.51358443116934,29.794133994867423,-25.668285229634247,3.73375316902968,1.80113255240414,,,,95.2,2078,7.0,745371,672275,664774,682617,656305,666149,671218,687529,573262,53.46,,,,,,,,40,3,Sinker,3,0,3,0,0,3,3,0,Strategic,Standard,231,-0.002,-0.064,,,,,0.064,,3,3,0.868,0.868,24,25,25,25,3,2,6.0,1,8.0,1.0,2.06,1.45,1.45,20.8,,,,,,pitcher
SL,2024-09-06,89.0,-2.13,4.9,"Black, Mason",665487,696131,,ball,,,,,12,,R,R,R,SD,SF,B,,,0,1,2024,0.04,0.22,1.0244680396204588,3.62598224681005,,,,2,5,Bot,,,,,,,7.740371950989698,-129.35860516660048,2.505935495856378,-1.1598755832213128,26.121478860199595,-30.48391716184895,3.61739392384264,1.79622102328037,,,,90.1,2326,6.9,745371,672275,664774,682617,656305,666149,671218,687529,573262,53.55,,,,,,,,40,2,Slider,3,0,3,0,0,3,3,0,Strategic,Standard,152,0.001,0.029,,,,,-0.029,,3,3,0.867,0.867,24,25,25,25,3,2,6.0,1,8.0,1.0,2.66,-0.04,-0.04,17.7,,,,,,pitcher
SL,2024-09-06,89.8,-2.29,4.93,"Black, Mason",665487,696131,,foul,,,,,5,,R,R,R,SD,SF,S,,,0,0,2024,0.1,0.32,-0.0732512397275428,3.059720001397979,,,,2,5,Bot,,,,,,,5.339548893779696,-130.7225693481868,0.6759097130858159,-0.0381927680725781,27.820045136715503,-28.826880811414068,3.81,1.81,152.0,74.5,14.0,90.7,2241,6.9,745371,672275,664774,682617,656305,666149,671218,687529,573262,53.64,,,,,,,,40,1,Slider,3,0,3,0,0,3,3,0,Strategic,Standard,205,-0.001,-0.041,79.8,6.8,,,0.041,88.0,3,3,0.868,0.868,24,25,25,25,3,2,6.0,1,8.0,1.0,2.5,-0.1,-0.1,22.8,4.538287974771196,6.011026497995434,24.874538496335592,36.15585837713374,33.839375022748904,pitcher
SI,2024-09-06,94.2,-1.99,4.87,"Black, Mason",650333,696131,field_out,hit_into_play,,,,,3,Luis Arraez flies out to right fielder Mike Yastrzemski.,R,L,R,SD,SF,X,9.0,fly_ball,0,2,2024,-1.38,0.62,0.6565278303315885,2.993210951297156,,,,1,5,Bot,188.89,73.8,,,,,10.09150635804846,-136.84927884444062,-0.5269400332663448,-19.55413722379558,28.9481897874802,-24.49127254992966,3.28,1.53,346.0,92.0,28.0,95.8,2033,7.2,745371,672275,664774,682617,656305,666149,671218,687529,573262,53.3,0.111,0.14,0.0,1.0,0.0,0.0,3.0,39,7,Sinker,3,0,3,0,0,3,3,0,Strategic,Strategic,234,-0.004,-0.162,62.8,5.5,,0.236,0.162,92.0,3,3,0.872,0.872,24,27,25,27,3,2,6.0,1,8.0,1.0,1.95,1.38,-1.38,20.8,2.46702206746371,-12.357291579669598,36.65006554210737,25.9389070632936,34.863072768393664,pitcher
SL,2024-09-06,89.4,-2.3,4.94,"Black, Mason",650333,696131,,foul,,,,,12,,R,L,R,SD,SF,S,,,0,2,2024,0.07,0.32,0.3628918915900974,3.566410574691315,,,,1,5,Bot,,,,,,,6.452768943713606,-129.9661142375204,2.0202064739510286,-0.6818131153542771,28.828637039414986,-29.24143632401297,3.28,1.53,175.0,66.3,48.0,89.7,2212,6.7,745371,672275,664774,682617,656305,666149,671218,687529,573262,53.84,,,,,,,,39,6,Slider,3,0,3,0,0,3,3,0,Strategic,Strategic,194,0.0,0.0,53.8,4.5,,,0.0,88.0,3,3,0.872,0.872,24,27,25,27,3,2,6.0,1,8.0,1.0,2.55,-0.07,0.07,21.6,-0.0472031221835271,12.217257058866185,32.37345344579585,28.77302954880621,26.722409473451616,pitcher
SI,2024-09-06,94.4,-2.4,4.87,"Black, Mason",650333,696131,,foul,,,,,1,,R,L,R,SD,SF,S,,,0,2,2024,-1.39,0.57,-0.4990507743500416,3.1050724620539167,,,,1,5,Bot,,,,,,,8.135854633446833,-137.3004777339523,-0.1836135754094147,-19.317973134828005,29.46241156813017,-25.123886254971502,3.28,1.53,174.0,80.9,65.0,95.7,2035,7.0,745371,672275,664774,682617,656305,666149,671218,687529,573262,53.49,,,,,,,,39,5,Sinker,3,0,3,0,0,3,3,0,Strategic,Strategic,234,0.0,0.0,65.0,5.7,,,0.0,88.0,3,3,0.872,0.872,24,27,25,27,3,2,6.0,1,8.0,1.0,1.98,1.39,-1.39,17.7,6.136139010755847,5.823608132283147,26.08106702825997,40.19356717188531,34.005619353869406,pitcher
FF,2024-09-06,93.9,-2.14,4.91,"Black, Mason",650333,696131,,foul,,,,,2,,R,L,R,SD,SF,S,,,0,2,2024,-1.25,1.21,0.0486273905953511,2.825456801224828,,,,1,5,Bot,,,,,,,8.507305187162418,-136.42395057313723,-2.360483877716111,-17.480574474249888,30.51162465231376,-16.705908424175522,3.28,1.53,281.0,84.2,34.0,94.7,2173,6.9,745371,672275,664774,682617,656305,666149,671218,687529,573262,53.6,,,,,,,,39,4,4-Seam Fastball,3,0,3,0,0,3,3,0,Standard,Strategic,231,0.0,0.0,59.1,5.1,,,0.0,88.0,3,3,0.872,0.872,24,27,25,27,3,2,6.0,1,8.0,1.0,1.38,1.25,-1.25,22.9,-6.45991995006259,8.90252750741919,36.2577210065997,34.03123875376011,28.317580341359644,pitcher
FF,2024-09-06,93.9,-2.13,4.93,"Black, Mason",650333,696131,,foul,,,,,6,,R,L,R,SD,SF,S,,,0,2,2024,-1.28,1.25,0.5464879899596495,2.2593769050328767,,,,1,5,Bot,,,,,,,9.90079319817549,-136.41239581267266,-3.9820931341705874,-18.20340885084637,30.43635872471419,-15.913474129914864,3.28,1.53,215.0,68.1,35.0,94.9,2271,7.0,745371,672275,664774,682617,656305,666149,671218,687529,573262,53.48,,,,,,,,39,3,4-Seam Fastball,3,0,3,0,0,3,3,0,Standard,Strategic,230,0.0,0.0,65.6,6.1,,,0.0,88.0,3,3,0.872,0.872,24,27,25,27,3,2,6.0,1,8.0,1.0,1.35,1.28,-1.28,23.2,5.207851475516987,-8.923415149907438,47.59825628730611,27.58133968473496,32.2408266681183,pitcher
SI,2024-09-06,93.7,-2.38,4.66,"Black, Mason",650333,696131,,foul_tip,,,,,4,,R,L,R,SD,SF,S,,,0,1,2024,-1.68,0.57,-0.4518375637205836,2.2333513779495666,,,,1,5,Bot,,,,,,,8.808091617285466,-136.18746993319292,-1.80438689649317,-22.80635594154918,29.438744192345247,-24.92382724838491,3.28,1.53,,,,95.1,2190,7.1,745371,672275,664774,682617,656305,666149,671218,687529,573262,53.4,,,,,,,,39,2,Sinker,3,0,3,0,0,3,3,0,Standard,Strategic,239,-0.002,-0.057,66.5,5.9,,,0.057,,3,3,0.874,0.874,24,27,25,27,3,2,6.0,1,8.0,1.0,2.03,1.68,-1.68,17.6,-3.389036680110547,15.096275117097589,40.90377643327853,38.23752855352296,23.01943616407852,pitcher
SL,2024-09-06,88.3,-2.47,4.9,"Black, Mason",650333,696131,,called_strike,,,,,1,,R,L,R,SD,SF,S,,,0,0,2024,-0.01,0.45,-0.5264938506872094,3.037596208259232,,,,1,5,Bot,,,,,,,4.792568924691248,-128.55089079463696,0.573459013887154,-0.9971089275049538,24.56550673165512,-27.46717302781965,3.17168680943796,1.47883965649084,,,,89.4,2469,6.8,745371,672275,664774,682617,656305,666149,671218,687529,573262,53.75,,,,,,,,39,1,Slider,3,0,3,0,0,3,3,0,Standard,Standard,217,-0.001,-0.037,,,,,0.037,,3,3,0.875,0.875,24,27,25,27,3,2,6.0,1,8.0,1.0,2.45,0.01,-0.01,19.7,,,,,,pitcher
SI,2024-09-06,94.6,-2.18,4.89,"Black, Mason",669200,696131,strikeout,called_strike,,,,,6,Mason McCoy called out on strikes.,R,R,R,SD,SF,S,2.0,,2,2,2024,-1.51,0.67,0.620782265765865,2.788750222007792,,,,0,5,Bot,,,,,,,10.809166181394158,-137.34202486600785,-1.3144299802891162,-21.43619463826937,28.804752702254635,-23.585350344618707,3.35918705507827,1.56771293220759,,,,96.0,2155,7.1,745371,672275,664774,682617,656305,666149,671218,687529,573262,53.42,,0.0,0.0,1.0,0.0,0.0,,38,5,Sinker,3,0,3,0,0,3,3,0,Strategic,Standard,232,-0.008,-0.227,,,,,0.227,,3,3,0.883,0.883,24,29,25,29,2,1,6.0,1,8.0,1.0,1.88,1.51,1.51,19.8,,,,,,pitcher
ST,2024-09-06,80.7,-2.09,4.76,"Black, Mason",669200,696131,,ball,,,,,14,,R,R,R,SD,SF,B,,,1,2,2024,1.54,0.11,1.0804848564796763,0.9493966598264998,,,,0,5,Bot,,,,,,,4.174421260524154,-117.53254007529264,-2.016467407482994,13.348048516000825,23.56025706765236,-30.97775710090474,3.3493589678187,1.57339622801506,,,,81.5,2699,6.9,745371,672275,664774,682617,656305,666149,671218,687529,573262,53.59,,,,,,,,38,4,Sweeper,3,0,3,0,0,3,3,0,Strategic,Standard,59,0.002,0.04,,,,,-0.04,,3,3,0.881,0.881,24,29,25,29,2,1,6.0,1,8.0,1.0,3.4,-1.54,-1.54,20.3,,,,,,pitcher
FF,2024-09-06,93.0,-2.01,4.97,"Black, Mason",669200,696131,,called_strike,,,,,8,,R,R,R,SD,SF,S,,,1,1,2024,-1.23,1.39,0.0952017831924032,1.7481431223556243,,,,0,5,Bot,,,,,,,8.209113640084887,-135.18782843432362,-5.600222776172734,-16.854254322867337,28.553127163515352,-14.082908706431446,3.40325929053113,1.59782753901526,,,,94.4,2259,7.1,745371,672275,664774,682617,656305,666149,671218,687529,573262,53.43,,,,,,,,38,3,4-Seam Fastball,3,0,3,0,0,3,3,0,Strategic,Standard,232,-0.003,-0.056,,,,,0.056,,3,3,0.884,0.884,24,29,25,29,2,1,6.0,1,8.0,1.0,1.25,1.23,1.23,23.4,,,,,,pitcher
SL,2024-09-06,88.4,-2.12,4.88,"Black, Mason",669200,696131,,ball,,,,,12,,R,R,R,SD,SF,B,,,0,1,2024,-0.04,0.23,1.0006919879412628,2.655435646343111,,,,0,5,Bot,,,,,,,7.758489300613486,-128.62593963147825,0.1532571511641554,-2.0083722637811854,25.193538180385705,-29.873109301472454,3.36003259526212,1.56987018473283,,,,89.4,2442,6.8,745371,672275,664774,682617,656305,666149,671218,687529,573262,53.74,,,,,,,,38,2,Slider,3,0,3,0,0,3,3,0,Strategic,Standard,197,0.001,0.025,,,,,-0.025,,3,3,0.883,0.883,24,29,25,29,2,1,6.0,1,8.0,1.0,2.68,0.04,0.04,21.3,,,,,,pitcher
SI,2024-09-06,94.3,-2.04,4.91,"Black, Mason",669200,696131,,called_strike,,,,,3,,R,R,R,SD,SF,S,,,0,0,2024,-1.59,0.71,0.3328937216985579,3.015879159210389,,,,0,5,Bot,,,,,,,9.859679153635543,-137.06353958171852,-0.8062837508877287,-22.277159680392923,29.806758498637063,-23.21548259277456,3.40312960300222,1.59768453557604,,,,95.6,2139,7.1,745371,672275,664774,682617,656305,666149,671218,687529,573262,53.44,,,,,,,,38,1,Sinker,3,0,3,0,0,3,3,0,Standard,Standard,231,-0.001,-0.037,,,,,0.037,,3,3,0.884,0.884,24,29,25,29,2,1,6.0,1,8.0,1.0,1.85,1.59,1.59,21.8,,,,,,pitcher
SL,2024-09-06,86.8,-2.31,4.91,"Black, Mason",543309,696131,field_out,hit_into_play,,,,,8,Kyle Higashioka flies out to left fielder Heliot Ramos.,R,R,R,SD,SF,X,7.0,fly_ball,0,0,2024,0.13,0.17,0.1987490603128167,2.207192127298587,,593428.0,,2,4,Bot,56.81,77.58,,,,,5.801999122841488,-126.33499765125568,-0.5779877231657725,0.0907376707398438,27.47858345538035,-30.464133735096983,3.48,1.66,345.0,93.2,26.0,87.3,2293,6.7,745371,672275,664774,682617,656305,666149,671218,687529,573262,53.77,0.145,0.186,0.0,1.0,0.0,0.0,3.0,33,1,Slider,3,0,3,0,0,3,3,0,Strategic,Standard,193,-0.017,-0.301,69.6,7.3,,0.302,0.301,93.2,3,3,0.853,0.853,24,34,25,34,2,1,6.0,4,8.0,2.0,2.87,-0.13,-0.13,23.0,15.408381397389322,-14.99462561649103,36.12303780315808,32.27099749112813,32.57884734168833,pitcher
FF,2024-09-06,93.4,-2.08,4.99,"Black, Mason",701538,696131,strikeout,swinging_strike,,,,,11,Jackson Merrill strikes out swinging.,R,L,R,SD,SF,S,2.0,,3,2,2024,-1.16,1.09,-0.3174742237652392,3.8436894882592143,,593428.0,,1,4,Bot,,,,,,,7.15694863534117,-135.84762373711234,0.4082682455947792,-15.927909289942129,28.87390250571108,-18.939324344112663,3.53,1.65,,,,94.2,2149,6.7,745371,672275,664774,682617,656305,666149,671218,687529,573262,53.78,,0.0,0.0,1.0,0.0,0.0,,32,10,4-Seam Fastball,3,0,3,0,0,3,3,0,Standard,Standard,229,-0.018,-0.291,72.3,6.6,0.35274468,,0.291,,3,3,0.871,0.871,24,21,25,21,2,1,6.0,1,8.0,1.0,1.52,1.16,-1.16,23.7,6.675149341196168,12.425627837557286,24.43697112078367,40.41262469789372,19.017980574911505,pitcher
SL,2024-09-06,88.0,-2.27,4.84,"Black, Mason",701538,696131,,foul,,,,,2,,R,L,R,SD,SF,S,,,3,2,2024,0.0,0.17,0.204650642771503,3.04558850314789,,593428.0,,1,4,Bot,,,,,,,6.082764619613496,-127.92195065877596,1.5047191505417994,-1.41611974839537,29.64463357177574,-30.886791084505024,3.53010828622809,1.65014032069324,28.0,101.7,-5.0,88.6,2227,7.0,745371,672275,664774,682617,656305,666149,671218,687529,573262,53.49,,,,,,,,32,9,Slider,3,0,3,0,0,3,3,0,Standard,Standard,148,0.0,0.0,80.2,8.2,,,0.0,101.7,3,3,0.871,0.871,24,21,25,21,2,1,6.0,1,8.0,1.0,2.81,0.0,0.0,22.1,18.98918706463696,-26.602879038912757,27.451403594485065,34.329351011902446,39.44716155184068,pitcher
SL,2024-09-06,88.6,-2.4,4.87,"Black, Mason",701538,696131,,foul,,,,,5,,R,L,R,SD,SF,S,,,3,2,2024,-0.1,0.3,-0.1757833297835504,2.4849320427964146,,593428.0,,1,4,Bot,,,,,,,5.716300373166692,-129.05670942445568,-0.4606733370772545,-2.207569745654497,23.533055006103872,-28.872124862474077,3.53,1.65,188.0,71.6,22.0,90.1,2421,6.9,745371,672275,664774,682617,656305,666149,671218,687529,573262,53.61,,,,,,,,32,8,Slider,3,0,3,0,0,3,3,0,Standard,Standard,215,0.0,0.0,83.1,7.7,,,0.0,88.0,3,3,0.871,0.871,24,21,25,21,2,1,6.0,1,8.0,1.0,2.57,0.1,-0.1,20.0,4.383658019994288,1.8616360363767928,39.56572511850956,38.81674640267804,24.00001935745931,pitcher
FF,2024-09-06,92.4,-2.14,4.98,"Black, Mason",701538,696131,,foul,,,,,11,,R,L,R,SD,SF,S,,,3,2,2024,-1.01,1.16,-1.060679376876474,2.94535837393414,,593428.0,,1,4,Bot,,,,,,,5.013521564054888,-134.59742737522134,-1.9452488657854448,-13.36272692108598,28.5051754399959,-17.823335965798353,3.52807613624258,1.64804379298824,238.0,77.2,28.0,93.7,2102,7.0,745371,672275,664774,682617,656305,666149,671218,687529,573262,53.54,,,,,,,,32,7,4-Seam Fastball,3,0,3,0,0,3,3,0,Standard,Standard,228,0.0,0.0,65.9,7.6,,,0.0,88.0,3,3,0.871,0.871,24,21,25,21,2,1,6.0,1,8.0,1.0,1.5,1.01,-1.01,24.1,5.047906623616767,15.596617789605194,30.49799391379004,48.99117148112681,16.365492658748572,pitcher
SI,2024-09-06,92.9,-2.37,4.7,"Black, Mason",701538,696131,,foul,,,,,6,,R,L,R,SD,SF,S,,,3,2,2024,-1.36,0.69,0.4390661714951782,2.84597624955875,,593428.0,,1,4,Bot,,,,,,,10.329477500298994,-134.93910121190427,-0.4619478636181692,-18.863368849846715,28.87580850126649,-23.803608842569165,3.53,1.65,268.0,78.9,48.0,94.3,2055,7.2,745371,672275,664774,682617,656305,666149,671218,687529,573262,53.31,,,,,,,,32,6,Sinker,3,0,3,0,0,3,3,0,Standard,Standard,231,0.0,0.0,74.8,8.0,,,0.0,88.0,3,3,0.871,0.871,24,21,25,21,2,1,6.0,1,8.0,1.0,1.95,1.36,-1.36,18.5,14.263600487653626,-22.62766534974001,32.7957965372141,31.59237320924746,37.59794676884996,pitcher
SL,2024-09-06,87.6,-2.41,4.82,"Black, Mason",701538,696131,,swinging_strike,,,,,4,,R,L,R,SD,SF,S,,,3,1,2024,-0.1,0.0,-0.8139676931167111,2.914031295051817,,593428.0,,1,4,Bot,,,,,,,4.124097600260182,-127.51167542937505,1.5286730956362204,-1.94222848354181,25.131003007136982,-32.63382726877106,3.53,1.65,,,,89.1,2235,7.1,745371,672275,664774,682617,656305,666149,671218,687529,573262,53.41,,,,,,,,32,5,Slider,3,0,3,0,0,3,3,0,Standard,Standard,195,-0.002,-0.086,71.2,6.5,0.356827284,,0.086,,3,3,0.873,0.873,24,21,25,21,2,1,6.0,1,8.0,1.0,2.95,0.1,-0.1,20.5,-10.575836538436112,37.24311321429082,34.53094503996837,45.10143924384839,2.378358416650353,pitcher
SI,2024-09-06,92.0,-2.3,4.74,"Black, Mason",701538,696131,,foul,,,,,2,,R,L,R,SD,SF,S,,,3,0,2024,-1.41,0.45,-0.1645196598787408,3.364181084737537,,593428.0,,1,4,Bot,,,,,,,8.556945583823584,-133.75666019981568,1.377239795017996,-18.744200672984096,28.21605726443248,-27.226864334065443,3.53,1.65,135.0,86.6,77.0,93.0,1996,6.9,745371,672275,664774,682617,656305,666149,671218,687529,573262,53.64,,,,,,,,32,4,Sinker,3,0,3,0,0,3,3,0,Standard,Standard,238,-0.002,-0.052,75.3,7.2,,,0.052,88.0,3,3,0.875,0.875,24,21,25,21,2,1,6.0,1,8.0,1.0,2.24,1.41,-1.41,19.9,12.75263030742989,2.158545412166505,26.92217192944229,38.86481876010685,28.539177141143057,pitcher
SL,2024-09-06,85.7,-2.45,4.85,"Black, Mason",701538,696131,,ball,,,,,11,,R,L,R,SD,SF,B,,,2,0,2024,0.13,0.26,-1.0924174314492046,3.326549993153441,,593428.0,,1,4,Bot,,,,,,,2.9863886539812667,-124.76517544282754,2.1572869370776337,0.7469704253178007,24.8111362989944,-30.06116697597253,3.38829970880031,1.65068619155828,,,,86.7,2304,6.9,745371,672275,664774,682617,656305,666149,671218,687529,573262,53.62,,,,,,,,32,3,Slider,3,0,3,0,0,3,3,0,Standard,Standard,165,0.003,0.083,,,,,-0.083,,3,3,0.872,0.872,24,21,25,21,2,1,6.0,1,8.0,1.0,2.83,-0.13,0.13,20.6,,,,,,pitcher
SI,2024-09-06,91.8,-2.27,4.73,"Black, Mason",701538,696131,,ball,,,,,12,,R,L,R,SD,SF,B,,,1,0,2024,-1.41,0.38,0.7438502657946944,4.390200233560702,,593428.0,,1,4,Bot,,,,,,,10.83756656402641,-133.23749656610568,4.26776748627144,-19.11969016643968,27.822928367900843,-28.77989971430393,3.4160143483,1.6673755711934,,,,93.1,1988,7.1,745371,672275,664774,682617,656305,666149,671218,687529,573262,53.37,,,,,,,,32,2,Sinker,3,0,3,0,0,3,3,0,Standard,Standard,233,0.001,0.042,,,,,-0.042,,3,3,0.871,0.871,24,21,25,21,2,1,6.0,1,8.0,1.0,2.33,1.41,-1.41,19.8,,,,,,pitcher
FF,2024-09-06,90.5,-2.09,4.97,"Black, Mason",701538,696131,,ball,,,,,12,,R,L,R,SD,SF,B,,,0,0,2024,-0.88,1.05,0.918158720842518,3.425257917909644,,593428.0,,1,4,Bot,,,,,,,9.537893615387096,-131.583454378297,-0.1633030208260265,-12.18100954217641,26.924224046617667,-20.111002227058577,3.44888447089947,1.69986232061103,,,,92.0,1908,7.2,745371,672275,664774,682617,656305,666149,671218,687529,573262,53.35,,,,,,,,32,1,4-Seam Fastball,3,0,3,0,0,3,3,0,Standard,Standard,223,0.001,0.027,,,,,-0.027,,3,3,0.87,0.87,24,21,25,21,2,1,6.0,1,8.0,1.0,1.73,0.88,-0.88,27.2,,,,,,pitcher
CH,2024-09-06,87.4,-2.28,4.73,"Black, Mason",593428,696131,double,hit_into_play,,,,,5,Xander Bogaerts doubles (13) on a line drive to center fielder Grant McCray.,R,R,R,SD,SF,X,8.0,line_drive,0,1,2024,-1.36,0.23,0.1345810330722392,2.5911110457399005,,,,1,4,Bot,176.02,67.41,,,,,8.713040256235526,-126.97801283420888,0.5361670418906848,-16.505486430552075,25.4044061106338,-29.96889626266668,3.55,1.56,282.0,98.6,14.0,88.3,1630,6.9,745371,672275,664774,682617,656305,666149,671218,687529,573262,53.59,0.858,0.843,1.25,1.0,1.0,1.0,4.0,31,2,Changeup,3,0,3,0,0,3,3,0,Strategic,Standard,248,0.021,0.694,75.0,6.6,,1.081,-0.694,98.6,3,3,0.849,0.849,24,31,25,32,2,1,6.0,1,8.0,1.0,2.75,1.36,1.36,19.8,-2.936392844423185,7.485636876510995,31.860768237030328,39.38992596855425,26.147235153160278,pitcher
SI,2024-09-06,92.1,-2.33,4.77,"Black, Mason",593428,696131,,called_strike,,,,,1,,R,R,R,SD,SF,S,,,0,0,2024,-1.63,0.49,-0.437383595769762,3.036210518929359,,,,1,4,Bot,,,,,,,8.463260538161485,-133.9155075855301,0.3957416269948047,-21.45424028930195,28.40222962271471,-26.627249367383428,3.55254822923467,1.61580186873499,,,,93.3,2011,7.0,745371,672275,664774,682617,656305,666149,671218,687529,573262,53.5,,,,,,,,31,1,Sinker,3,0,3,0,0,3,3,0,Strategic,Standard,234,-0.001,-0.037,,,,,0.037,,3,3,0.85,0.85,24,31,25,32,2,1,6.0,1,8.0,1.0,2.2,1.63,1.63,19.1,,,,,,pitcher
SI,2024-09-06,92.0,-2.21,4.66,"Black, Mason",630105,696131,strikeout,called_strike,,,,,2,Jake Cronenworth called out on strikes.,R,L,R,SD,SF,S,2.0,,3,2,2024,-1.57,0.44,-0.1287870910193629,3.2283291917363104,,,,0,4,Bot,,,,,,,8.82579763847925,-133.72187149025848,1.2855851177158808,-20.738247056636897,28.267243662075696,-27.419647303715024,3.26188716368159,1.57828039172679,,,,93.4,1962,7.1,745371,672275,664774,682617,656305,666149,671218,687529,573262,53.38,,0.0,0.0,1.0,0.0,0.0,,30,6,Sinker,3,0,3,0,0,3,3,0,Strategic,Standard,238,-0.012,-0.333,,,,,0.333,,3,3,0.862,0.862,24,30,25,30,2,1,6.0,1,8.0,1.0,2.26,1.57,-1.57,15.5,,,,,,pitcher
SL,2024-09-06,87.4,-2.4,4.84,"Black, Mason",630105,696131,,called_strike,,,,,1,,R,L,R,SD,SF,S,,,3,1,2024,-0.33,0.17,-0.493575870026238,2.8961046953246434,,,,0,4,Bot,,,,,,,5.348741941445746,-127.24753950862386,1.09845761603621,-4.651369431380685,24.543658219513706,-30.770686906170976,3.25890872043279,1.57538659192551,,,,88.6,2344,6.9,745371,672275,664774,682617,656305,666149,671218,687529,573262,53.61,,,,,,,,30,5,Slider,3,0,3,0,0,3,3,0,Strategic,Standard,180,-0.004,-0.085,,,,,0.085,,3,3,0.866,0.866,24,30,25,30,2,1,6.0,1,8.0,1.0,2.8,0.33,-0.33,20.5,,,,,,pitcher
FF,2024-09-06,91.2,-2.03,4.98,"Black, Mason",630105,696131,,called_strike,,,,,12,,R,L,R,SD,SF,S,,,3,0,2024,-1.0,1.17,0.3745068543949721,3.353384024063393,,,,0,4,Bot,,,,,,,8.276180141979642,-132.66941606641598,-0.7369462604872342,-13.54517069215516,27.02009482727364,-18.38013595280133,3.16107837932459,1.53611833228583,,,,92.2,2068,6.8,745371,672275,664774,682617,656305,666149,671218,687529,573262,53.68,,,,,,,,30,4,4-Seam Fastball,3,0,3,0,0,3,3,0,Standard,Standard,224,-0.004,-0.09,,,,,0.09,,3,3,0.87,0.87,24,30,25,30,2,1,6.0,1,8.0,1.0,1.56,1.0,-1.0,25.5,,,,,,pitcher
FF,2024-09-06,91.3,-2.18,5.02,"Black, Mason",630105,696131,,ball,,,,,3,,R,L,R,SD,SF,B,,,2,0,2024,-0.96,1.21,0.6925963068277303,3.2290366934259604,,,,0,4,Bot,,,,,,,9.38323580472699,-132.7402526399066,-1.2446396043449923,-13.282261668561754,26.701125744350332,-17.794676053025057,3.2078271383194,1.54052046657164,,,,92.3,2121,6.8,745371,672275,664774,682617,656305,666149,671218,687529,573262,53.67,,,,,,,,30,3,4-Seam Fastball,3,0,3,0,0,3,3,0,Standard,Standard,227,0.005,0.147,,,,,-0.147,,3,3,0.865,0.865,24,30,25,30,2,1,6.0,1,8.0,1.0,1.52,0.96,-0.96,25.5,,,,,,pitcher
FF,2024-09-06,91.9,-2.11,5.02,"Black, Mason",630105,696131,,ball,,,,,12,,R,L,R,SD,SF,B,,,1,0,2024,-1.31,1.26,2.2302027274003757,2.8255299564891305,,,,0,4,Bot,,,,,,,13.92633551014774,-133.11994577485345,-2.4097563048319914,-18.529634447630663,28.77814916947894,-16.859044476475667,3.26002545508257,1.57626080133817,,,,92.5,2295,6.9,745371,672275,664774,682617,656305,666149,671218,687529,573262,53.6,,,,,,,,30,2,4-Seam Fastball,3,0,3,0,0,3,3,0,Standard,Standard,225,0.003,0.069,,,,,-0.069,,3,3,0.862,0.862,24,30,25,30,2,1,6.0,1,8.0,1.0,1.47,1.31,-1.31,25.7,,,,,,pitcher
SI,2024-09-06,92.0,-2.29,4.74,"Black, Mason",630105,696131,,ball,,,,,14,,R,L,R,SD,SF,B,,,0,0,2024,-1.68,0.49,1.3341185507671136,1.756470115249801,,,,0,4,Bot,,,,,,,12.961041099870345,-133.29985090711563,-2.7966056726332584,-22.766396683298893,28.16448245850802,-25.839719580284157,3.22314256868375,1.58014987257493,,,,93.0,2177,7.1,745371,672275,664774,682617,656305,666149,671218,687529,573262,53.45,,,,,,,,30,1,Sinker,3,0,3,0,0,3,3,0,Standard,Standard,235,0.002,0.038,,,,,-0.038,,3,3,0.86,0.86,24,30,25,30,2,1,6.0,1,8.0,1.0,2.22,1.68,-1.68,18.5,,,,,,pitcher
FF,2024-09-06,94.6,-2.07,5.11,"Black, Mason",592518,696131,strikeout,foul_tip,,,,,6,Manny Machado strikes out on a foul tip.,R,R,R,SD,SF,S,2.0,,1,2,2024,-1.21,1.43,0.7473155491876298,2.6102808810604445,,,,2,3,Bot,,,,,,,10.135118667892,-137.35809327067676,-4.028586675812334,-17.55657633504082,31.375310534963145,-13.343467748212367,3.63,1.62,,,,95.3,2277,6.9,745371,672275,664774,682617,656305,666149,671218,687529,573262,53.6,,0.0,0.0,1.0,0.0,0.0,,23,4,4-Seam Fastball,3,0,3,0,0,3,3,0,Strategic,Standard,226,-0.003,-0.18,74.5,8.3,,,0.18,,3,3,0.817,0.817,24,31,25,32,2,1,6.0,1,8.0,1.0,1.13,1.21,1.21,26.6,13.66467879258866,-1.6069085201079651,24.918618500283724,50.32078286643924,28.823707667497438,pitcher
SI,2024-09-06,94.6,-2.41,4.82,"Black, Mason",592518,696131,,foul,,,,,9,,R,R,R,SD,SF,S,,,1,1,2024,-1.56,0.52,0.5059108109184545,2.227370903040617,,,,2,3,Bot,,,,,,,11.230642067950075,-137.25549699037256,-2.2390307446209583,-22.13671197588574,29.9847055412053,-25.251541384315484,3.63,1.62,239.0,94.0,12.0,95.8,2077,7.1,745371,672275,664774,682617,656305,666149,671218,687529,573262,53.39,,,,,,,,23,3,Sinker,3,0,3,0,0,3,3,0,Strategic,Standard,236,-0.002,-0.064,68.8,7.2,,,0.064,94.0,3,3,0.819,0.819,24,31,25,32,2,1,6.0,1,8.0,1.0,2.04,1.56,1.56,20.3,-12.307393152833583,23.81842122479084,26.192434773105408,47.4724290242436,16.613641746374203,pitcher
SI,2024-09-06,92.2,-2.22,4.81,"Black, Mason",592518,696131,,foul,,,,,4,,R,R,R,SD,SF,S,,,1,0,2024,-1.55,0.56,-0.4923972943549941,2.7834722597009818,,,,2,3,Bot,,,,,,,7.828375533741391,-134.10385331035496,-0.545400499733214,-20.420113992106938,28.67777018700293,-25.490181446878037,3.63,1.62,144.0,76.8,12.0,93.0,2099,6.8,745371,672275,664774,682617,656305,666149,671218,687529,573262,53.73,,,,,,,,23,2,Sinker,3,0,3,0,0,3,3,0,Strategic,Standard,231,-0.001,-0.051,78.7,7.6,,,0.051,88.0,3,3,0.82,0.82,24,31,25,32,2,1,6.0,1,8.0,1.0,2.12,1.55,1.55,20.3,2.2429770606791477,4.787537864777917,28.23079714359586,35.21442395852748,26.642227273929933,pitcher
FF,2024-09-06,92.6,-1.93,5.02,"Black, Mason",592518,696131,,ball,,,,,14,,R,R,R,SD,SF,B,,,0,0,2024,-1.14,1.24,1.492299491001572,1.990154878327862,,,,2,3,Bot,,,,,,,11.312335824333443,-134.40147295707598,-4.6826654996251325,-16.17671261588949,28.02249454657064,-16.24878123050037,3.48270760681045,1.62014092611984,,,,93.4,2235,6.8,745371,672275,664774,682617,656305,666149,671218,687529,573262,53.66,,,,,,,,23,1,4-Seam Fastball,3,0,3,0,0,3,3,0,Strategic,Standard,226,0.001,0.04,,,,,-0.04,,3,3,0.819,0.819,24,31,25,32,2,1,6.0,1,8.0,1.0,1.42,1.14,1.14,26.4,,,,,,pitcher
FF,2024-09-06,91.7,-2.11,4.97,"Black, Mason",595777,696131,field_out,hit_into_play,,,,,4,Jurickson Profar flies out to center fielder Grant McCray.,R,L,R,SD,SF,X,8.0,fly_ball,1,0,2024,-1.22,1.22,-0.4025260423067365,2.524464937494727,,,,1,3,Bot,137.31,107.98,,,,,7.043006176167908,-133.33546190016986,-2.9867798817083653,-16.10125081464758,28.03614775295888,-17.20929491984479,3.33,1.57,217.0,99.6,61.0,92.6,2192,6.8,745371,672275,664774,682617,656305,666149,671218,687529,573262,53.66,0.005,0.005,0.0,1.0,0.0,0.0,3.0,22,2,4-Seam Fastball,3,0,3,0,0,3,3,0,Standard,Strategic,228,-0.01,-0.295,,,,0.005,0.295,99.6,3,3,0.829,0.829,24,31,25,31,2,1,6.0,1,8.0,1.0,1.49,1.22,-1.22,25.9,,,,,,pitcher
CH,2024-09-06,86.5,-2.3,4.61,"Black, Mason",595777,696131,,ball,,,,,13,,R,L,R,SD,SF,B,,,0,0,2024,-1.32,0.65,-1.1821352413004078,2.123818300545389,,,,1,3,Bot,,,,,,,5.45491456154884,-125.85156462276848,-1.0695405463868968,-15.154236348992717,24.727316454033343,-25.262707062231065,3.35961015380849,1.60839791971217,,,,88.0,1561,7.1,745371,672275,664774,682617,656305,666149,671218,687529,573262,53.36,,,,,,,,22,1,Changeup,3,0,3,0,0,3,3,0,Standard,Strategic,253,0.001,0.039,,,,,-0.039,,3,3,0.828,0.828,24,31,25,31,2,1,6.0,1,8.0,1.0,2.39,1.32,-1.32,16.3,,,,,,pitcher
FF,2024-09-06,92.9,-1.98,5.07,"Black, Mason",665487,696131,strikeout,swinging_strike,,,,,6,Fernando Tatis Jr. strikes out swinging.,R,R,R,SD,SF,S,2.0,,0,2,2024,-1.02,1.27,0.5905419475964537,3.172492335497892,,,,0,3,Bot,,,,,,,8.894869622517989,-135.0055063406395,-1.868115309033087,-14.391021791193015,29.00090781567877,-16.418376401653052,3.81,1.81,,,,93.6,2142,6.7,745371,672275,664774,682617,656305,666149,671218,687529,573262,53.75,,0.0,0.0,1.0,0.0,0.0,,21,3,4-Seam Fastball,3,0,3,0,0,3,3,0,Strategic,Standard,225,-0.007,-0.163,73.8,6.6,0.411199152,,0.163,,3,3,0.835,0.835,24,25,25,25,2,1,6.0,1,8.0,1.0,1.38,1.02,1.02,26.0,2.209459830736753,26.051359442245182,26.284131293487683,44.02884684197088,17.196972034618,pitcher
FF,2024-09-06,91.3,-2.08,5.03,"Black, Mason",665487,696131,,called_strike,,,,,14,,R,R,R,SD,SF,S,,,0,1,2024,-1.21,1.12,0.0147837039549771,1.439098898745103,,,,0,3,Bot,,,,,,,7.985842228648904,-132.67304691928774,-5.651648737511529,-15.94547322918094,27.41856474406993,-17.873467072052616,3.80366535327475,1.83995508007741,,,,92.7,2067,7.1,745371,672275,664774,682617,656305,666149,671218,687529,573262,53.38,,,,,,,,21,2,4-Seam Fastball,3,0,3,0,0,3,3,0,Strategic,Standard,228,-0.002,-0.054,,,,,0.054,,3,3,0.837,0.837,24,25,25,25,2,1,6.0,1,8.0,1.0,1.61,1.21,1.21,26.5,,,,,,pitcher
SI,2024-09-06,91.9,-2.31,4.75,"Black, Mason",665487,696131,,called_strike,,,,,6,,R,R,R,SD,SF,S,,,0,0,2024,-1.37,0.53,0.7510523823523927,2.726404874617431,,,,0,3,Bot,,,,,,,10.83237249429341,-133.49793924029584,-0.4266094822967571,-18.611165088620435,27.378934753361296,-25.95969754271608,3.81065429996618,1.86887609216172,,,,93.1,1954,7.0,745371,672275,664774,682617,656305,666149,671218,687529,573262,53.54,,,,,,,,21,1,Sinker,3,0,3,0,0,3,3,0,Strategic,Standard,234,-0.002,-0.037,,,,,0.037,,3,3,0.839,0.839,24,25,25,25,2,1,6.0,1,8.0,1.0,2.17,1.37,1.37,19.5,,,,,,pitcher
SI,2024-09-06,92.6,-2.24,4.87,"Black, Mason",650333,696131,field_out,hit_into_play,,,,,5,Luis Arraez flies out to center fielder Grant McCray.,R,L,R,SD,SF,X,8.0,fly_ball,0,0,2024,-1.34,0.59,-0.0456354665440654,2.587301592527873,,,,2,2,Bot,91.38,82.32,,,,,8.62015494148047,-134.63386484906718,-1.353477295553755,-18.09977158283429,27.364540910338302,-24.890879841563663,3.28,1.53,303.0,85.5,34.0,93.8,2061,6.9,745371,672275,664774,682617,656305,666149,671218,687529,573262,53.6,0.024,0.033,0.0,1.0,0.0,0.0,3.0,16,1,Sinker,3,0,3,0,0,3,3,0,Standard,Standard,230,-0.006,-0.256,65.6,5.9,,0.054,0.256,88.0,3,3,0.8,0.8,24,27,25,27,2,1,6.0,1,8.0,1.0,2.06,1.34,-1.34,20.1,3.00899435822619,4.789182586060974,38.38493228597194,33.842062049971695,32.2877512550879,pitcher
SL,2024-09-06,88.5,-2.29,5.05,"Black, Mason",669200,696131,strikeout,foul_tip,,,,,1,Mason McCoy strikes out on a foul tip.,R,R,R,SD,SF,S,2.0,,2,2,2024,0.01,0.32,-0.3105995298121569,3.316218258206146,,,,1,2,Bot,,,,,,,4.854911032078251,-128.94331502100692,1.1361060039086042,-0.8828630426667617,25.193332328074643,-28.998321910216355,3.36,1.55,,,,89.3,2092,6.6,745371,672275,664774,682617,656305,666149,671218,687529,573262,53.93,,0.0,0.0,1.0,0.0,0.0,,15,7,Slider,3,0,3,0,0,3,3,0,Strategic,Standard,191,-0.008,-0.225,67.1,6.2,,,0.225,,3,3,0.808,0.808,24,29,25,29,1,0,6.0,1,8.0,1.0,2.57,-0.01,-0.01,24.4,-3.5966732956296714,16.188978221595388,28.21750697460156,32.63552109659172,18.030369255726274,pitcher
FF,2024-09-06,91.9,-2.14,5.08,"Black, Mason",669200,696131,,foul,,,,,2,,R,R,R,SD,SF,S,,,2,2,2024,-1.0,1.27,0.1190776840599991,3.229945763631505,,,,1,2,Bot,,,,,,,7.953960335332741,-133.62151356015724,-1.5681097066053238,-13.676044313434636,29.04404235191276,-16.885726937318683,3.36,1.55,222.0,76.2,50.0,92.6,2128,6.8,745371,672275,664774,682617,656305,666149,671218,687529,573262,53.72,,,,,,,,15,6,4-Seam Fastball,3,0,3,0,0,3,3,0,Strategic,Standard,226,0.0,0.0,67.0,6.6,,,0.0,88.0,3,3,0.808,0.808,24,29,25,29,1,0,6.0,1,8.0,1.0,1.44,1.0,1.0,20.2,3.848110921320912,20.06758563250227,26.743835569650933,38.69618046993979,18.108591268091097,pitcher
FF,2024-09-06,93.0,-1.98,4.99,"Black, Mason",669200,696131,,ball,,,,,11,,R,R,R,SD,SF,B,,,1,2,2024,-1.02,1.06,-0.069835422354889,4.5145036824416085,,,,1,2,Bot,,,,,,,7.244822295954196,-135.30079964099,2.294476567208233,-14.182535164668444,30.30676248850884,-19.88525049756535,3.27968170056576,1.58970400080642,,,,94.1,1971,7.0,745371,672275,664774,682617,656305,666149,671218,687529,573262,53.47,,,,,,,,15,5,4-Seam Fastball,3,0,3,0,0,3,3,0,Strategic,Standard,224,0.002,0.043,,,,,-0.043,,3,3,0.806,0.806,24,29,25,29,1,0,6.0,1,8.0,1.0,1.58,1.02,1.02,26.0,,,,,,pitcher
ST,2024-09-06,80.8,-2.21,4.86,"Black, Mason",669200,696131,,ball,,,,,12,,R,R,R,SD,SF,B,,,0,2,2024,1.33,0.02,0.1952542374284407,3.579107855239281,,,,1,2,Bot,,,,,,,2.835990048363515,-117.58924060263476,3.812730844617281,11.760759627522454,22.64305623998296,-32.965672861551184,3.21485862919481,1.52481793578084,,,,81.4,2509,6.7,745371,672275,664774,682617,656305,666149,671218,687529,573262,53.8,,,,,,,,15,4,Sweeper,3,0,3,0,0,3,3,0,Strategic,Standard,53,0.001,0.02,,,,,-0.02,,3,3,0.805,0.805,24,29,25,29,1,0,6.0,1,8.0,1.0,3.48,-1.33,-1.33,22.4,,,,,,pitcher
FF,2024-09-06,92.9,-2.09,4.99,"Black, Mason",669200,696131,,foul,,,,,8,,R,R,R,SD,SF,S,,,0,2,2024,-1.13,1.13,-0.0851006816274533,2.083948953014928,,,,1,2,Bot,,,,,,,7.701206237153281,-135.09565788873653,-4.1943237050282605,-15.539358621273507,28.01828145904864,-17.58435019243773,3.36,1.55,220.0,78.3,52.0,94.0,2152,6.8,745371,672275,664774,682617,656305,666149,671218,687529,573262,53.65,,,,,,,,15,3,4-Seam Fastball,3,0,3,0,0,3,3,0,Strategic,Standard,228,0.0,0.0,73.2,7.5,,,0.0,88.0,3,3,0.805,0.805,24,29,25,29,1,0,6.0,1,8.0,1.0,1.5,1.13,1.13,26.8,3.631742599820668,4.261586697779758,38.57790489512874,35.97489380734418,22.57389991514985,pitcher
FF,2024-09-06,92.4,-2.1,4.98,"Black, Mason",669200,696131,,swinging_strike,,,,,1,,R,R,R,SD,SF,S,,,0,1,2024,-1.03,1.08,-0.3405946679011885,3.083613563784592,,,,1,2,Bot,,,,,,,6.795458429723865,-134.42681057611324,-1.390088253911013,-13.92191818469156,27.85689529012538,-18.9254998933319,3.36,1.55,,,,93.5,1996,6.8,745371,672275,664774,682617,656305,666149,671218,687529,573262,53.67,,,,,,,,15,2,4-Seam Fastball,3,0,3,0,0,3,3,0,Strategic,Standard,228,-0.003,-0.057,66.9,6.1,1.459577676,,0.057,,3,3,0.808,0.808,24,29,25,29,1,0,6.0,1,8.0,1.0,1.58,1.03,1.03,26.8,-9.513893185899606,29.14828535209901,34.10708072299958,32.73464279093078,10.598849841187526,pitcher
SI,2024-09-06,91.6,-2.21,4.68,"Black, Mason",669200,696131,,foul,,,,,1,,R,R,R,SD,SF,S,,,0,0,2024,-1.42,0.62,-0.6464427336790193,3.1031520217279285,,,,1,2,Bot,,,,,,,7.134960367043921,-133.27828909002642,0.5392467426123926,-18.412374381503305,27.479647173173987,-25.03067191496547,3.36,1.55,152.0,73.3,14.0,93.3,2012,7.2,745371,672275,664774,682617,656305,666149,671218,687529,573262,53.3,,,,,,,,15,1,Sinker,3,0,3,0,0,3,3,0,Strategic,Standard,234,-0.001,-0.037,66.1,6.0,,,0.037,88.0,3,3,0.809,0.809,24,29,25,29,1,0,6.0,1,8.0,1.0,2.08,1.42,1.42,19.8,-9.080657364606546,27.921385046097956,30.835263583195665,28.26080530633582,14.634877775454743,pitcher
ST,2024-09-06,81.0,-2.27,4.7,"Black, Mason",543309,696131,field_out,hit_into_play,,,,,3,Kyle Higashioka pops out to third baseman Matt Chapman.,R,R,R,SD,SF,X,5.0,popup,0,1,2024,1.34,0.11,0.5196803405141712,3.400774689266965,,,,0,2,Bot,65.14,139.97,,,,,3.695472042251164,-117.76236051263189,3.624729941512304,11.634427073294002,24.13556374746604,-32.16093537310083,3.48,1.66,211.0,75.2,52.0,81.2,2519,6.7,745371,672275,664774,682617,656305,666149,671218,687529,573262,53.81,0.103,0.119,0.0,1.0,0.0,0.0,3.0,14,2,Sweeper,3,0,3,0,0,3,3,0,Strategic,Standard,59,-0.01,-0.217,72.8,7.1,,0.155,0.217,88.0,3,3,0.819,0.819,24,34,25,34,1,0,6.0,4,8.0,2.0,3.4,-1.34,-1.34,25.8,18.365357145202328,-21.160255040569066,23.57644362332954,34.91503333269799,45.15641887963274,pitcher
SL,2024-09-06,86.4,-2.4,4.77,"Black, Mason",543309,696131,,called_strike,,,,,2,,R,R,R,SD,SF,S,,,0,0,2024,-0.03,0.02,0.0216566697393094,2.982640164673171,,,,0,2,Bot,,,,,,,5.874651302918649,-125.62541768008656,1.9994013311647452,-1.5743016703308526,27.299843657066265,-32.67847043984772,3.38731780952765,1.57549177490777,,,,86.8,2462,6.8,745371,672275,664774,682617,656305,666149,671218,687529,573262,53.73,,,,,,,,14,1,Slider,3,0,3,0,0,3,3,0,Standard,Standard,170,-0.002,-0.037,,,,,0.037,,3,3,0.821,0.821,24,34,25,34,1,0,6.0,4,8.0,2.0,3.06,0.03,0.03,20.2,,,,,,pitcher
SI,2024-09-06,93.1,-2.37,4.64,"Black, Mason",701538,696131,field_out,hit_into_play,,,,,6,Jackson Merrill flies out to center fielder Grant McCray.,R,L,R,SD,SF,X,8.0,fly_ball,1,2,2024,-1.43,0.56,0.472689842199399,2.4787874460030737,,,630105.0,2,1,Bot,109.16,86.64,,,,,10.634778205495817,-135.18074317299104,-0.9862717581404048,-19.889274915584576,29.420416433933703,-25.34845299936181,3.53,1.65,284.0,81.7,39.0,94.7,2157,7.3,745371,672275,664774,682617,656305,666149,671218,687529,573262,53.18,0.005,0.005,0.0,1.0,0.0,0.0,3.0,10,4,Sinker,3,0,3,0,0,3,3,0,Standard,Standard,234,-0.009,-0.197,73.0,7.6,,0.008,0.197,88.0,3,3,0.787,0.787,24,21,25,21,1,0,6.0,1,8.0,1.0,2.08,1.43,-1.43,17.5,10.46209237853305,-4.392712780524533,41.59536564088194,30.301442581776328,25.320043753939387,pitcher
FF,2024-09-06,93.5,-2.02,5.01,"Black, Mason",701538,696131,,ball,,,,,12,,R,L,R,SD,SF,B,,,0,2,2024,-0.96,1.31,0.0428845592691442,4.73726161708402,,,630105.0,2,1,Bot,,,,,,,7.549020351353407,-135.97924149173107,2.236612464842461,-13.646896859073216,31.03099148843094,-16.760152901761153,3.35762158199142,1.6499990326646,,,,94.6,2110,7.1,745371,672275,664774,682617,656305,666149,671218,687529,573262,53.42,,,,,,,,10,3,4-Seam Fastball,3,0,3,0,0,3,3,0,Standard,Standard,231,0.001,0.027,,,,,-0.027,,3,3,0.786,0.786,24,21,25,21,1,0,6.0,1,8.0,1.0,1.31,0.96,-0.96,26.3,,,,,,pitcher
FF,2024-09-06,93.6,-2.14,4.93,"Black, Mason",701538,696131,,foul,,,,,2,,R,L,R,SD,SF,S,,,0,1,2024,-1.06,1.16,0.1232706806180476,3.289275219665824,,,630105.0,2,1,Bot,,,,,,,8.287616906045042,-136.08722862834395,-1.033474193136187,-15.062535888135002,31.90127710184763,-17.764179592805753,3.53,1.65,180.0,76.0,64.0,94.4,2093,7.0,745371,672275,664774,682617,656305,666149,671218,687529,573262,53.54,,,,,,,,10,2,4-Seam Fastball,3,0,3,0,0,3,3,0,Standard,Standard,231,-0.003,-0.054,72.5,7.4,,,0.054,88.0,3,3,0.789,0.789,24,21,25,21,1,0,6.0,1,8.0,1.0,1.46,1.06,-1.06,24.3,8.306636551000494,-8.96985617645312,30.048845528554228,34.44313635706815,26.9078957470994,pitcher
SL,2024-09-06,88.3,-2.23,4.82,"Black, Mason",701538,696131,,called_strike,,,,,1,,R,L,R,SD,SF,S,,,0,0,2024,0.05,0.2,-0.3321533788896942,3.455096827971745,,,630105.0,2,1,Bot,,,,,,,4.570355799214927,-128.58004171598284,2.361676382576689,-0.4160742151102783,25.99917410559199,-30.658466068650476,3.42063557054662,1.65055136697151,,,,89.5,2220,6.9,745371,672275,664774,682617,656305,666149,671218,687529,573262,53.57,,,,,,,,10,1,Slider,3,0,3,0,0,3,3,0,Standard,Standard,176,-0.002,-0.047,,,,,0.047,,3,3,0.791,0.791,24,21,25,21,1,0,6.0,1,8.0,1.0,2.71,-0.05,0.05,17.8,,,,,,pitcher
SL,2024-09-06,86.9,-2.33,4.78,"Black, Mason",593428,696131,field_out,hit_into_play,,,,,2,Xander Bogaerts flies out to right fielder Mike Yastrzemski.,R,R,R,SD,SF,X,9.0,fly_ball,3,2,2024,0.15,0.11,-0.2141824756091541,3.344900869876588,,,630105.0,1,1,Bot,182.94,111.02,,,,,4.7947413398645535,-126.4933593857498,2.5870692847323307,0.5832359276239374,27.23751090456785,-31.77290521921194,3.55,1.56,300.0,84.9,28.0,87.4,2383,6.7,745371,672275,664774,682617,656305,666149,671218,687529,573262,53.78,0.066,0.079,0.0,1.0,0.0,0.0,3.0,9,9,Slider,3,0,3,0,0,3,3,0,Standard,Standard,148,-0.018,-0.31,66.8,6.1,,0.119,0.31,88.0,3,3,0.809,0.809,24,31,25,32,1,0,6.0,1,8.0,1.0,2.92,-0.15,-0.15,21.4,5.336371549878001,16.279488118018957,23.790674660010733,33.781802773895976,24.78407270212732,pitcher
FF,2024-09-06,93.7,-1.95,4.98,"Black, Mason",593428,696131,,foul,,,,,11,,R,R,R,SD,SF,S,,,3,2,2024,-1.21,1.21,-0.1534690660747832,3.890915854589167,,,630105.0,1,1,Bot,,,,,,,7.410293174770309,-136.2926120502837,0.2324269545851214,-16.67857368214553,28.415025165955097,-17.29100181724463,3.55,1.56,186.0,78.1,65.0,95.1,2241,7.0,745371,672275,664774,682617,656305,666149,671218,687529,573262,53.5,,,,,,,,9,8,4-Seam Fastball,3,0,3,0,0,3,3,0,Standard,Standard,229,0.0,0.0,65.2,6.2,,,0.0,88.0,3,3,0.809,0.809,24,31,25,32,1,0,6.0,1,8.0,1.0,1.38,1.21,1.21,26.2,6.170872897915375,4.753029095727381,21.61695660527786,35.692444572304176,26.064958729990305,pitcher
ST,2024-09-06,83.3,-2.27,4.79,"Black, Mason",593428,696131,,ball,,,,,14,,R,R,R,SD,SF,B,,,2,2,2024,1.28,-0.04,2.0069856253416685,2.235399119878604,,,630105.0,1,1,Bot,,,,,,,7.37202394632676,-121.09292674173967,0.7185955061265525,11.07380218614059,24.70057688988156,-32.96270451317363,3.39885884663573,1.55999813076995,,,,83.9,2652,6.9,745371,672275,664774,682617,656305,666149,671218,687529,573262,53.64,,,,,,,,9,7,Sweeper,3,0,3,0,0,3,3,0,Standard,Standard,52,0.005,0.077,,,,,-0.077,,3,3,0.804,0.804,24,31,25,32,1,0,6.0,1,8.0,1.0,3.34,-1.28,-1.28,21.5,,,,,,pitcher
SI,2024-09-06,93.9,-2.14,4.89,"Black, Mason",593428,696131,,foul,,,,,3,,R,R,R,SD,SF,S,,,2,2,2024,-1.34,0.54,0.4671798681998156,3.4481633571701438,,,630105.0,1,1,Bot,,,,,,,9.863473960211207,-136.46789425698842,0.8043124659858923,-18.8472490037509,28.735721093601423,-25.746126445339502,3.55,1.56,211.0,74.9,35.0,95.4,2051,7.1,745371,672275,664774,682617,656305,666149,671218,687529,573262,53.39,,,,,,,,9,6,Sinker,3,0,3,0,0,3,3,0,Standard,Standard,236,0.0,0.0,68.7,6.6,,,0.0,88.0,3,3,0.804,0.804,24,31,25,32,1,0,6.0,1,8.0,1.0,2.04,1.34,1.34,24.1,-2.7718814506844627,11.940841945769495,23.93736096620947,43.70686776027853,21.714638321195327,pitcher
SI,2024-09-06,92.1,-2.15,4.79,"Black, Mason",593428,696131,,foul,,,,,11,,R,R,R,SD,SF,S,,,2,2,2024,-1.44,0.46,-1.342708020264269,2.6774740010383304,,,630105.0,1,1,Bot,,,,,,,5.254172871775859,-134.09928353066113,-0.5220311712972857,-18.569865892386524,28.883901639881,-26.762754507792,3.55,1.56,,,,93.3,2005,7.0,745371,672275,664774,682617,656305,666149,671218,687529,573262,53.54,,,,,,,,9,5,Sinker,3,0,3,0,0,3,3,0,Standard,Standard,235,0.0,0.0,37.6,5.2,,,0.0,,3,3,0.804,0.804,24,31,25,32,1,0,6.0,1,8.0,1.0,2.23,1.44,1.44,20.1,-25.27265867021114,21.95427323443163,42.52310120957191,22.292071922006905,15.248133167766518,pitcher
FF,2024-09-06,92.6,-2.25,4.94,"Black, Mason",593428,696131,,foul,,,,,8,,R,R,R,SD,SF,S,,,2,1,2024,-1.13,1.11,0.2102382530395237,1.9345990441991816,,,630105.0,1,1,Bot,,,,,,,8.847528315902515,-134.55297207335494,-4.335359994044394,-15.593642875340093,28.564769915320728,-17.951851051201906,3.55,1.56,77.0,54.8,11.0,93.7,2089,7.0,745371,672275,664774,682617,656305,666149,671218,687529,573262,53.51,,,,,,,,9,4,4-Seam Fastball,3,0,3,0,0,3,3,0,Standard,Standard,231,-0.004,-0.057,43.6,6.4,,,0.057,88.0,3,3,0.808,0.808,24,31,25,32,1,0,6.0,1,8.0,1.0,1.55,1.13,1.13,22.8,-12.02747710299606,13.405476876692823,38.35369619135463,40.375200723961534,15.473097518965169,pitcher
SI,2024-09-06,93.5,-2.26,4.73,"Black, Mason",593428,696131,,called_strike,,,,,12,,R,R,R,SD,SF,S,,,2,0,2024,-1.52,0.61,0.9269150735117436,2.543667862681699,,,630105.0,1,1,Bot,,,,,,,11.6796978542959,-135.78635156714304,-1.2399836140202802,-21.35616497608845,28.39897723315441,-24.485385751680653,3.41944826498782,1.55341404047958,,,,94.4,2127,6.9,745371,672275,664774,682617,656305,666149,671218,687529,573262,53.65,,,,,,,,9,3,Sinker,3,0,3,0,0,3,3,0,Standard,Standard,230,-0.004,-0.057,,,,,0.057,,3,3,0.812,0.812,24,31,25,32,1,0,6.0,1,8.0,1.0,1.99,1.52,1.52,18.5,,,,,,pitcher
SI,2024-09-06,92.3,-2.21,4.78,"Black, Mason",593428,696131,,ball,,,,,13,,R,R,R,SD,SF,B,,,1,0,2024,-1.54,0.53,-0.0527264342295017,1.003331254642793,,,630105.0,1,1,Bot,,,,,,,8.93734186667829,-134.1194117252169,-5.00819613855819,-20.45586874038164,27.172966594494405,-24.910373078747064,3.50187458027858,1.60210572288346,,,,93.5,2073,6.9,745371,672275,664774,682617,656305,666149,671218,687529,573262,53.55,,,,,,,,9,2,Sinker,3,0,3,0,0,3,3,0,Standard,Standard,236,0.004,0.056,,,,,-0.056,,3,3,0.808,0.808,24,31,25,32,1,0,6.0,1,8.0,1.0,2.14,1.54,1.54,17.5,,,,,,pitcher
SI,2024-09-06,92.2,-2.19,4.71,"Black, Mason",593428,696131,,blocked_ball,,,,,14,,R,R,R,SD,SF,B,,,0,0,2024,-1.54,0.55,2.81750194656516,0.3082867186793436,,,630105.0,1,1,Bot,,,,,,,16.199533853458174,-133.19464635407502,-6.578156093975613,-21.640994548779265,26.1155052989899,-24.320246234806845,3.60634098625414,1.63827210110958,,,,93.2,2121,7.1,745371,672275,664774,682617,656305,666149,671218,687529,573262,53.44,,,,,,,,9,1,Sinker,3,0,3,0,0,3,3,0,Standard,Standard,237,0.002,0.036,,,,,-0.036,,3,3,0.806,0.806,24,31,25,32,1,0,6.0,1,8.0,1.0,2.15,1.54,1.54,18.9,,,,,,pitcher
FF,2024-09-06,93.5,-2.18,4.84,"Black, Mason",630105,696131,walk,ball,,,,,11,Jake Cronenworth walks.,R,L,R,SD,SF,B,,,3,2,2024,-1.06,1.07,-0.1901128010109107,3.9643622334638855,,,,1,1,Bot,,,,,,,7.584221118296815,-136.05577025456697,1.1468946937709783,-14.760016374636264,29.4198922969392,-19.32727325485852,3.24548503733966,1.56082343124437,,,,94.9,2169,7.1,745371,672275,664774,682617,656305,666149,671218,687529,573262,53.42,,0.689131,0.7,1.0,0.0,0.0,,8,7,4-Seam Fastball,3,0,3,0,0,3,3,0,Strategic,Standard,231,0.011,0.348,,,,,-0.348,,3,3,0.795,0.795,24,30,25,30,1,0,6.0,1,8.0,1.0,1.53,1.06,-1.06,23.5,,,,,,pitcher
FF,2024-09-06,92.9,-2.09,4.96,"Black, Mason",630105,696131,,ball,,,,,12,,R,L,R,SD,SF,B,,,2,2,2024,-0.96,1.22,0.5276233860922068,3.7650121137927175,,,,1,1,Bot,,,,,,,8.914112403140901,-135.04231581989072,0.0608102257862602,-13.6128787941927,28.26354968899534,-17.440815087077095,3.21837531139903,1.57999831875948,,,,94.2,2094,7.0,745371,672275,664774,682617,656305,666149,671218,687529,573262,53.47,,,,,,,,8,6,4-Seam Fastball,3,0,3,0,0,3,3,0,Strategic,Standard,226,0.003,0.108,,,,,-0.108,,3,3,0.792,0.792,24,30,25,30,1,0,6.0,1,8.0,1.0,1.42,0.96,-0.96,23.7,,,,,,pitcher
SI,2024-09-06,94.5,-2.31,4.64,"Black, Mason",630105,696131,,ball,,,,,14,,R,L,R,SD,SF,B,,,1,2,2024,-1.56,0.33,2.137533152172055,2.1243832971235355,,,,1,1,Bot,,,,,,,15.176108417918543,-136.83023874794495,-1.571017290101001,-22.895480417332607,28.98095396509431,-27.90274276654396,3.27414669627101,1.55510397201648,,,,95.3,2056,6.9,745371,672275,664774,682617,656305,666149,671218,687529,573262,53.56,,,,,,,,8,5,Sinker,3,0,3,0,0,3,3,0,Standard,Standard,238,0.002,0.043,,,,,-0.043,,3,3,0.79,0.79,24,30,25,30,1,0,6.0,1,8.0,1.0,2.24,1.56,-1.56,15.4,,,,,,pitcher
FF,2024-09-06,94.8,-2.14,4.92,"Black, Mason",630105,696131,,ball,,,,,12,,R,L,R,SD,SF,B,,,0,2,2024,-0.96,1.01,0.4042374046166843,4.2380135828906935,,,,1,1,Bot,,,,,,,8.881957083902376,-137.88324567347937,1.6376554857589785,-14.201831759128838,28.82197188352725,-19.830895172684475,3.29472009442896,1.58000175803223,,,,95.9,2137,6.8,745371,672275,664774,682617,656305,666149,671218,687529,573262,53.69,,,,,,,,8,4,4-Seam Fastball,3,0,3,0,0,3,3,0,Strategic,Standard,229,0.001,0.02,,,,,-0.02,,3,3,0.789,0.789,24,30,25,30,1,0,6.0,1,8.0,1.0,1.52,0.96,-0.96,21.1,,,,,,pitcher
FF,2024-09-06,94.4,-2.08,4.87,"Black, Mason",630105,696131,,foul,,,,,6,,R,L,R,SD,SF,S,,,0,2,2024,-1.04,0.91,0.5105910101840603,2.1699447755593866,,,,1,1,Bot,,,,,,,9.198471450898069,-137.23496947681852,-3.424934836957989,-15.069210449646064,28.595049629611164,-20.13648605993181,3.38,1.58,195.0,68.2,48.0,96.2,2040,7.2,745371,672275,664774,682617,656305,666149,671218,687529,573262,53.28,,,,,,,,8,3,4-Seam Fastball,3,0,3,0,0,3,3,0,Standard,Standard,231,0.0,0.0,69.2,6.5,,,0.0,88.0,3,3,0.789,0.789,24,30,25,30,1,0,6.0,1,8.0,1.0,1.65,1.04,-1.04,24.0,-6.3006348174155455,8.448265218670896,43.103294177647015,28.98281514086749,25.784273242515734,pitcher
SL,2024-09-06,87.9,-2.3,4.79,"Black, Mason",630105,696131,,foul,,,,,2,,R,L,R,SD,SF,S,,,0,1,2024,-0.01,0.32,0.2753642848060257,3.1738337921652997,,,,1,1,Bot,,,,,,,6.326165186856602,-127.89678029693792,1.5687802825590702,-1.4349355888264552,26.97702487089012,-29.26246056911441,3.38,1.58,80.0,69.2,8.0,88.7,2118,6.8,745371,672275,664774,682617,656305,666149,671218,687529,573262,53.68,,,,,,,,8,2,Slider,3,0,3,0,0,3,3,0,Standard,Standard,155,-0.003,-0.057,34.7,4.5,,,0.057,88.0,3,3,0.792,0.792,24,30,25,30,1,0,6.0,1,8.0,1.0,2.64,0.01,-0.01,20.4,-19.96377976747168,43.79403791531404,38.51336546858793,30.61298049066886,10.042252943570116,pitcher
FF,2024-09-06,94.1,-1.98,4.95,"Black, Mason",630105,696131,,called_strike,,,,,14,,R,L,R,SD,SF,S,,,0,0,2024,-0.9,1.09,0.8912257514133478,2.2165515688437702,,,,1,1,Bot,,,,,,,9.57097620274249,-136.76606236461367,-3.843637530028981,-13.41203150192274,29.06646953625225,-17.780187187577795,3.29117186380832,1.62809597295833,,,,95.3,2009,7.0,745371,672275,664774,682617,656305,666149,671218,687529,573262,53.55,,,,,,,,8,1,4-Seam Fastball,3,0,3,0,0,3,3,0,Standard,Standard,227,-0.001,-0.037,,,,,0.037,,3,3,0.793,0.793,24,30,25,30,1,0,6.0,1,8.0,1.0,1.48,0.9,-0.9,33.7,,,,,,pitcher
ST,2024-09-06,82.6,-2.42,4.77,"Black, Mason",592518,696131,home_run,hit_into_play,,,,,6,Manny Machado homers (24) on a fly ball to left center field.,R,R,R,SD,SF,X,,fly_ball,2,2,2024,1.05,0.2,0.6401839072001545,2.535751897514108,,,,1,1,Bot,52.63,65.93,,,,,5.001002217690276,-120.26287776989508,1.0701695547070225,9.132598350922486,24.201278574312635,-30.674714718565035,3.63,1.62,375.0,99.9,24.0,83.7,2570,7.1,745371,672275,664774,682617,656305,666149,671218,687529,573262,53.45,0.414,0.7041333333333332,2.0,1.0,0.0,3.0,6.0,7,6,Sweeper,2,0,2,0,0,3,3,0,Strategic,Standard,59,0.078,1.614,77.9,8.5,,1.333,-1.614,99.9,2,2,0.715,0.715,24,31,25,32,1,0,6.0,1,8.0,1.0,3.15,-1.05,-1.05,15.8,10.242551493812067,-16.30266780943112,24.01956761353429,46.48615714265271,41.39902722977341,pitcher
ST,2024-09-06,83.9,-2.32,5.09,"Black, Mason",592518,696131,,ball,,,,,12,,R,R,R,SD,SF,B,,,1,2,2024,1.28,0.12,0.4300289154509069,4.178265918505202,,,,1,1,Bot,,,,,,,3.8608171710106327,-122.08111107741438,4.114985461103869,12.028253219220606,23.74145283788729,-32.008234542739984,3.45212486383895,1.6374773020886,,,,84.8,2520,6.8,745371,672275,664774,682617,656305,666149,671218,687529,573262,53.65,,,,,,,,7,5,Sweeper,2,0,2,0,0,2,2,0,Strategic,Standard,52,0.002,0.043,,,,,-0.043,,2,2,0.713,0.713,24,31,25,32,1,0,6.0,1,8.0,1.0,3.12,-1.28,-1.28,29.4,,,,,,pitcher
FF,2024-09-06,94.7,-2.01,5.07,"Black, Mason",592518,696131,,foul,,,,,3,,R,R,R,SD,SF,S,,,1,2,2024,-1.02,0.89,0.2984999645726665,3.518634776797402,,,,1,1,Bot,,,,,,,8.430695506274462,-137.69675270271418,-0.3982291164551543,-14.823184312836068,28.99768331064889,-20.86445098814675,3.63,1.62,225.0,80.8,21.0,96.1,2073,7.0,745371,672275,664774,682617,656305,666149,671218,687529,573262,53.49,,,,,,,,7,4,4-Seam Fastball,2,0,2,0,0,2,2,0,Strategic,Standard,228,0.0,0.0,73.3,6.4,,,0.0,88.0,2,2,0.713,0.713,24,31,25,32,1,0,6.0,1,8.0,1.0,1.64,1.02,1.02,26.8,-0.2541613931426285,35.184403915404005,17.834821580332942,45.609891983965255,12.183932731241145,pitcher
SI,2024-09-06,93.7,-2.25,4.82,"Black, Mason",592518,696131,,foul,,,,,2,,R,R,R,SD,SF,S,,,1,1,2024,-1.48,0.62,-0.0063044774440568,3.019823681299882,,,,1,1,Bot,,,,,,,9.125896762256492,-136.14871620219083,-0.2549840544836574,-20.406257435338368,29.495955349073665,-24.64271674710436,3.63,1.62,243.0,81.1,36.0,94.4,2155,6.7,745371,672275,664774,682617,656305,666149,671218,687529,573262,53.77,,,,,,,,7,3,Sinker,2,0,2,0,0,2,2,0,Strategic,Standard,232,-0.003,-0.061,68.9,6.5,,,0.061,88.0,2,2,0.716,0.716,24,31,25,32,1,0,6.0,1,8.0,1.0,1.98,1.48,1.48,19.3,-10.097885776174168,28.30443053825629,24.251184254284688,40.947234530457536,12.437734786591498,pitcher
SI,2024-09-06,94.9,-2.16,4.8,"Black, Mason",592518,696131,,ball,,,,,14,,R,R,R,SD,SF,B,,,0,1,2024,-1.41,0.68,0.830742049414265,1.5824612158663434,,,,1,1,Bot,,,,,,,11.099318798637352,-137.72331657481018,-4.303618853051267,-20.323230117331683,29.42266029971811,-22.751120503005016,3.44760641879627,1.62000128582886,,,,96.2,2103,7.1,745371,672275,664774,682617,656305,666149,671218,687529,573262,53.43,,,,,,,,7,2,Sinker,2,0,2,0,0,2,2,0,Strategic,Standard,232,0.001,0.024,,,,,-0.024,,2,2,0.715,0.715,24,31,25,32,1,0,6.0,1,8.0,1.0,1.86,1.41,1.41,19.8,,,,,,pitcher
SI,2024-09-06,94.0,-2.33,4.77,"Black, Mason",592518,696131,,called_strike,,,,,4,,R,R,R,SD,SF,S,,,0,0,2024,-1.46,0.63,-0.3508749343120698,2.43048455940168,,,,1,1,Bot,,,,,,,8.493703907891307,-136.68721460335422,-1.7659153029495027,-20.17462210291715,28.655342809487223,-24.09551622234346,3.57566560901559,1.72788218270567,,,,95.4,2117,7.0,745371,672275,664774,682617,656305,666149,671218,687529,573262,53.47,,,,,,,,7,1,Sinker,2,0,2,0,0,2,2,0,Strategic,Standard,234,-0.002,-0.037,,,,,0.037,,2,2,0.717,0.717,24,31,25,32,1,0,6.0,1,8.0,1.0,1.95,1.46,1.46,17.7,,,,,,pitcher
CH,2024-09-06,86.2,-2.39,4.56,"Black, Mason",595777,696131,field_out,hit_into_play,,,,,4,Jurickson Profar flies out to right fielder Mike Yastrzemski. Luis Arraez scores. Fernando Tatis Jr. scores. Throwing error by shortstop Tyler Fitzgerald.,R,L,R,SD,SF,X,9.0,fly_ball,1,0,2024,-1.28,0.53,-0.2821121254936125,2.137110825397289,,650333.0,665487.0,0,1,Bot,154.7,77.4,,,,,7.683008907697596,-125.33334544819954,-0.5792733209090912,-15.023481320971712,26.088721233319436,-26.673026261348543,3.33,1.57,310.0,89.5,45.0,86.9,1471,6.9,745371,672275,664774,682617,656305,666149,671218,687529,573262,53.64,0.001,0.0,0.0,1.0,0.0,0.0,3.0,6,2,Changeup,0,0,0,0,0,2,2,0,Standard,Standard,255,0.074,-0.292,73.7,7.6,,0.001,0.292,89.5,0,0,0.643,0.643,24,31,25,31,1,0,6.0,1,8.0,1.0,2.55,1.28,-1.28,13.1,15.343913103159307,-10.34530063457072,34.617074321451724,38.66470507932126,36.80125951540037,pitcher
FF,2024-09-06,92.6,-2.04,4.95,"Black, Mason",595777,696131,,ball,,,,,12,,R,L,R,SD,SF,B,,,0,0,2024,-0.98,1.16,0.5062179303679949,3.5482190553074484,,650333.0,665487.0,0,1,Bot,,,,,,,8.732126869559918,-134.5672311687696,-0.3108811376779673,-13.72081165423308,28.2108824762505,-18.198774560369124,3.40859347984612,1.6903213133323,,,,93.7,1983,6.9,745371,672275,664774,682617,656305,666149,671218,687529,573262,53.57,,,,,,,,6,1,4-Seam Fastball,0,0,0,0,0,0,0,0,Standard,Standard,231,0.007,0.045,,,,,-0.045,,0,0,0.636,0.636,24,31,25,31,1,0,6.0,1,8.0,1.0,1.5,0.98,-0.98,23.9,,,,,,pitcher
ST,2024-09-06,82.7,-2.29,4.82,"Black, Mason",665487,696131,single,hit_into_play,,,,,12,Fernando Tatis Jr. singles on a ground ball to center fielder Grant McCray. Luis Arraez to 2nd.,R,R,R,SD,SF,X,8.0,ground_ball,1,2,2024,1.32,-0.11,1.0261196308143925,2.903801358170945,,,650333.0,0,1,Bot,120.12,116.19,,,,,5.02914993726642,-120.30977066324672,2.4211656424267494,11.692155372008868,25.20053864597441,-33.984795299926525,3.81,1.81,82.0,104.2,3.0,83.2,2501,6.8,745371,672275,664774,682617,656305,666149,671218,687529,573262,53.71,0.566,0.531,0.9,1.0,1.0,0.0,4.0,5,4,Sweeper,0,0,0,0,0,0,0,0,Standard,Standard,60,0.063,0.506,75.5,6.8,,0.643,-0.506,104.2,0,0,0.573,0.573,24,25,25,25,1,0,6.0,1,8.0,1.0,3.47,-1.32,-1.32,21.5,4.759328989174013,8.562591062202706,25.75155831274112,48.173382809215866,30.620743284613315,pitcher
SI,2024-09-06,93.7,-2.33,4.66,"Black, Mason",665487,696131,,called_strike,,,,,14,,R,R,R,SD,SF,S,,,1,1,2024,-1.69,0.39,1.06165410923069,1.96697113553055,,,650333.0,0,1,Bot,,,,,,,12.66274566113995,-135.85023599884062,-2.045363082390926,-23.758216074716703,29.9663065731838,-27.07790420032708,3.71349744996348,1.82279766450311,,,,94.7,2092,7.1,745371,672275,664774,682617,656305,666149,671218,687529,573262,53.39,,,,,,,,5,3,Sinker,0,0,0,0,0,0,0,0,Standard,Standard,238,-0.008,-0.049,,,,,0.049,,0,0,0.581,0.581,24,25,25,25,1,0,6.0,1,8.0,1.0,2.23,1.69,1.69,16.4,,,,,,pitcher
FF,2024-09-06,90.6,-2.15,5.04,"Black, Mason",665487,696131,,foul,,,,,5,,R,R,R,SD,SF,S,,,1,0,2024,-1.11,1.28,0.2701071264754766,2.9651083840613195,,,650333.0,0,1,Bot,,,,,,,8.493745290152756,-131.6413547119702,-1.9870912036021484,-14.707411582649092,28.08969580322883,-17.04180538601531,3.81,1.81,133.0,81.7,74.0,91.5,2055,6.9,745371,672275,664774,682617,656305,666149,671218,687529,573262,53.6,,,,,,,,5,2,4-Seam Fastball,0,0,0,0,0,0,0,0,Standard,Standard,230,-0.007,-0.049,78.4,7.6,,,0.049,88.0,0,0,0.588,0.588,24,25,25,25,1,0,6.0,1,8.0,1.0,1.5,1.11,1.11,26.5,11.701849781219638,-2.441273048279459,30.01763033018761,39.628794900627135,32.19434666447253,pitcher
ST,2024-09-06,81.4,-2.44,4.7,"Black, Mason",665487,696131,,ball,,,,,14,,R,R,R,SD,SF,B,,,0,0,2024,0.76,0.07,1.0908253352174555,2.062207256037413,,,650333.0,0,1,Bot,,,,,,,6.523129176181483,-118.37572725894552,0.6224435927037013,5.789070279233068,24.03036035437068,-31.894675343170565,3.65272677521259,1.8291342305706,,,,81.9,2363,6.8,745371,672275,664774,682617,656305,666149,671218,687529,573262,53.73,,,,,,,,5,1,Sweeper,0,0,0,0,0,0,0,0,Standard,Standard,52,0.005,0.041,,,,,-0.041,,0,0,0.583,0.583,24,25,25,25,1,0,6.0,1,8.0,1.0,3.39,-0.76,-0.76,14.6,,,,,,pitcher
FF,2024-09-06,92.4,-2.13,4.94,"Black, Mason",650333,696131,single,hit_into_play,,,,,12,Luis Arraez singles on a fly ball to right fielder Mike Yastrzemski.,R,L,R,SD,SF,X,9.0,fly_ball,1,0,2024,-1.02,1.27,0.5818531714273549,3.566332293186488,,,,0,1,Bot,158.19,100.41,,,,,9.205295377164514,-134.31545801641815,-0.4210517600140368,-14.324561441297169,30.22589103870874,-16.923166588478427,3.28,1.53,239.0,72.1,27.0,93.0,2111,6.8,745371,672275,664774,682617,656305,666149,671218,687529,573262,53.71,0.876,0.83,0.9,1.0,1.0,0.0,4.0,4,2,4-Seam Fastball,0,0,0,0,0,0,0,0,Standard,Strategic,229,0.032,0.41,51.5,4.7,,0.973,-0.41,88.0,0,0,0.551,0.551,24,27,25,27,1,0,6.0,1,8.0,1.0,1.41,1.02,-1.02,19.7,10.644772064568873,3.3235514141410354,27.429991900091988,26.185936479942047,27.137892850020663,pitcher
FF,2024-09-06,92.2,-2.34,5.1,"Black, Mason",650333,696131,,ball,,,,,12,,R,L,R,SD,SF,B,,,0,0,2024,-1.04,1.22,0.20566256652224,3.749251590866538,,,,0,1,Bot,,,,,,,8.792874499942599,-133.9200649205,-0.1824360960384176,-14.44625359627078,30.924934155336285,-17.802601322773153,3.46805684921364,1.6025124484426,,,,92.7,2061,6.8,745371,672275,664774,682617,656305,666149,671218,687529,573262,53.65,,,,,,,,4,1,4-Seam Fastball,0,0,0,0,0,0,0,0,Standard,Strategic,225,0.003,0.038,,,,,-0.038,,0,0,0.548,0.548,24,27,25,27,1,0,6.0,1,8.0,1.0,1.49,1.04,-1.04,26.1,,,,,,pitcher
FF,2024-08-31,92.1,-2.04,5.17,"Black, Mason",645305,696131,strikeout,called_strike,,,,,3,Ali Sánchez called out on strikes.,R,R,R,SF,MIA,S,2.0,,0,2,2024,-1.32,1.27,0.6266368417088442,3.0100811709413944,,,,2,5,Top,,,,,,,9.836714430021104,-133.8070630471403,-2.486714095212504,-17.886340538961193,26.22474206226457,-16.454419301848507,3.1405810662674,1.37117716744226,,,,94.2,2186,7.4,745296,672275,592192,689172,656305,666149,671218,573262,666464,53.11,,0.0,0.0,1.0,0.0,0.0,,33,3,4-Seam Fastball,0,2,2,0,2,0,2,0,Strategic,Standard,228,0.005,-0.157,,,,,0.157,,-2,2,0.284,0.716,24,27,25,27,2,1,100.0,2,6.0,,1.4,1.32,1.32,27.0,,,,,,pitcher
ST,2024-08-31,82.3,-2.3,4.99,"Black, Mason",645305,696131,,swinging_strike,,,,,9,,R,R,R,SF,MIA,S,,,0,1,2024,0.66,0.12,0.6481941894902773,1.7703077860965637,,,,2,5,Top,,,,,,,5.49827317015533,-119.8743848689888,-1.0984194813311363,5.526866257966471,20.38496725645993,-31.01995955212513,3.32,1.47,,,,84.2,2560,7.2,745296,672275,592192,689172,656305,666149,671218,573262,666464,53.27,,,,,,,,33,2,Sweeper,0,2,2,0,2,0,2,0,Strategic,Standard,54,0.003,-0.058,69.8,7.5,0.546870168,,0.058,,-2,2,0.281,0.719,24,27,25,27,2,1,100.0,2,6.0,,3.21,-0.66,-0.66,19.7,21.579255045279623,-5.387531614905929,28.187411580380704,45.19032203769402,41.06194538311748,pitcher
SI,2024-08-31,92.2,-2.21,4.91,"Black, Mason",645305,696131,,called_strike,,,,,9,,R,R,R,SF,MIA,S,,,0,0,2024,-1.28,0.45,0.4387265946830609,1.6255099516571596,,,,2,5,Top,,,,,,,9.671762632079645,-134.04131942056833,-3.592253509212913,-17.464686682066024,25.865540759235557,-26.172254964846143,3.16929361502095,1.51783655298005,,,,94.0,2081,7.2,745296,672275,592192,689172,656305,666149,671218,573262,666464,53.34,,,,,,,,33,1,Sinker,0,2,2,0,2,0,2,0,Strategic,Standard,237,0.001,-0.041,,,,,0.041,,-2,2,0.28,0.72,24,27,25,27,2,1,100.0,2,6.0,,2.21,1.28,1.28,18.4,,,,,,pitcher
ST,2024-08-31,82.0,-2.17,4.97,"Black, Mason",682073,696131,strikeout,swinging_strike,,,,,14,David Hensley strikes out swinging.,R,R,R,SF,MIA,S,2.0,,0,2,2024,0.75,0.07,1.4099746835994318,1.448254591338637,,,,1,5,Top,,,,,,,6.746706349161871,-119.3370031771938,-1.6242441468169644,6.074786048277036,20.924976577492757,-31.373391228623397,3.57,1.71,,,,83.7,2497,7.2,745296,672275,592192,689172,656305,666149,671218,573262,666464,53.27,,0.0,0.0,1.0,0.0,0.0,,32,4,Sweeper,0,2,2,0,2,0,2,0,Strategic,Standard,53,0.008,-0.162,42.9,7.0,3.366142944,,0.162,,-2,2,0.272,0.728,24,28,25,28,2,1,100.0,1,6.0,1.0,3.29,-0.75,-0.75,18.6,11.182910158747775,14.326124830237106,32.744093967440655,55.51693412950791,25.68081951278285,pitcher
FF,2024-08-31,91.7,-2.13,5.12,"Black, Mason",682073,696131,,foul,,,,,14,,R,R,R,SF,MIA,S,,,0,2,2024,-1.17,1.01,0.8514784726130238,2.469489063171415,,,,1,5,Top,,,,,,,10.204554855509294,-133.22252504260393,-3.0908535058561,-16.09700790265628,26.42880556345638,-19.621869045752536,3.57,1.71,232.0,78.0,30.0,93.2,2081,7.1,745296,672275,592192,689172,656305,666149,671218,573262,666464,53.43,,,,,,,,32,3,4-Seam Fastball,0,2,2,0,2,0,2,0,Strategic,Standard,233,0.0,0.0,65.0,6.3,,,0.0,88.0,-2,2,0.272,0.728,24,28,25,28,2,1,100.0,1,6.0,1.0,1.69,1.17,1.17,23.1,-3.3815296200399425,34.90291370681361,29.169346019219372,47.991046966890345,15.035318477660542,pitcher
ST,2024-08-31,79.1,-2.33,5.02,"Black, Mason",682073,696131,,called_strike,,,,,2,,R,R,R,SF,MIA,S,,,0,1,2024,0.99,0.32,0.2603210396363143,3.107288622965125,,,,1,5,Top,,,,,,,3.846969339946921,-115.29267873700988,1.984590560053443,8.274630069192902,19.2245906242382,-29.785907196684445,3.51270288273746,1.7518391347897,,,,80.7,2529,7.0,745296,672275,592192,689172,656305,666149,671218,573262,666464,53.47,,,,,,,,32,2,Sweeper,0,2,2,0,2,0,2,0,Strategic,Standard,58,0.003,-0.057,,,,,0.057,,-2,2,0.269,0.731,24,28,25,28,2,1,100.0,1,6.0,1.0,3.28,-0.99,-0.99,20.4,,,,,,pitcher
SI,2024-08-31,92.4,-2.19,4.91,"Black, Mason",682073,696131,,called_strike,,,,,3,,R,R,R,SF,MIA,S,,,0,0,2024,-1.19,0.66,0.3380033066568944,3.0644515636934773,,,,1,5,Top,,,,,,,9.176562515153364,-134.3056792141892,-0.3391434823398367,-16.254649280611243,26.23442297718948,-24.283424867510963,3.54122405744548,1.7518391347897,,,,94.3,2071,7.3,745296,672275,592192,689172,656305,666149,671218,573262,666464,53.24,,,,,,,,32,1,Sinker,0,2,2,0,2,0,2,0,Standard,Standard,233,0.002,-0.037,,,,,0.037,,-2,2,0.267,0.733,24,28,25,28,2,1,100.0,1,6.0,1.0,2.0,1.19,1.19,20.1,,,,,,pitcher
ST,2024-08-31,82.1,-2.48,4.89,"Black, Mason",665052,696131,field_out,hit_into_play,,,,,7,"Griffin Conine grounds out, first baseman Mark Canha to pitcher Mason Black.",R,L,R,SF,MIA,X,3.0,ground_ball,0,2,2024,1.21,0.03,-0.4025129400470111,1.591739593186606,,,,0,5,Top,152.52,163.75,,,,,2.406186278234343,-119.60490691466828,-0.9917945467604536,11.081127880187822,23.65499129201827,-31.87299457923257,3.411,1.565,14.0,72.6,-5.0,83.2,2382,7.0,745296,672275,592192,689172,656305,666149,671218,573262,666464,53.47,0.052,0.085,0.0,1.0,0.0,0.0,2.0,31,3,Sweeper,0,2,2,0,2,0,2,0,Standard,Standard,60,0.011,-0.163,69.3,8.7,,0.052,0.163,88.0,-2,2,0.256,0.744,24,26,25,27,2,1,100.0,2,6.0,1.0,3.35,-1.21,1.21,17.1,30.51163429678866,-3.4527057967419914,28.971336785431067,41.97790265336978,36.33636697558189,pitcher
FF,2024-08-31,90.1,-2.13,5.12,"Black, Mason",665052,696131,,foul,,,,,2,,R,L,R,SF,MIA,S,,,0,1,2024,-1.09,1.26,-0.2208309876777741,3.5118006800009485,,,,0,5,Top,,,,,,,7.1651948449376,-131.1348913410594,-0.7474861295116852,-14.1090221236882,25.86289471866881,-17.59522187056968,3.411,1.565,101.0,86.9,80.0,91.5,2176,7.0,745296,672275,592192,689172,656305,666149,671218,573262,666464,53.52,,,,,,,,31,2,4-Seam Fastball,0,2,2,0,2,0,2,0,Standard,Standard,224,0.004,-0.054,74.4,7.2,,,0.054,88.0,-2,2,0.252,0.748,24,26,25,27,2,1,100.0,2,6.0,1.0,1.53,1.09,-1.09,22.0,10.49919035629867,-2.6347709113837934,24.08481038499658,39.68078016420894,28.09905547103116,pitcher
ST,2024-08-31,81.2,-2.47,4.88,"Black, Mason",665052,696131,,called_strike,,,,,4,,R,L,R,SF,MIA,S,,,0,0,2024,1.25,0.12,-0.6123214164160691,2.3859022829141843,,,,0,5,Top,,,,,,,1.786500332714914,-118.32923483655532,0.8085699778734172,11.402997513204134,22.44030936980556,-31.440221307815676,3.6551585664347,1.72263343004056,,,,81.9,2415,6.7,745296,672275,592192,689172,656305,666149,671218,573262,666464,53.81,,,,,,,,31,1,Sweeper,0,2,2,0,2,0,2,0,Standard,Standard,55,0.003,-0.037,,,,,0.037,,-2,2,0.249,0.751,24,26,25,27,2,1,100.0,2,6.0,1.0,3.33,-1.25,1.25,15.6,,,,,,pitcher
ST,2024-08-31,80.8,-2.33,4.93,"Black, Mason",672640,696131,field_out,hit_into_play,,,,,12,Otto Lopez lines out to right fielder Jerar Encarnacion.,R,R,R,SF,MIA,X,9.0,line_drive,0,1,2024,1.62,-0.02,0.8694681147909957,2.6288012364621616,,,,2,4,Top,176.11,111.07,,,,,4.113886590667184,-117.68102946258357,1.6122387861225769,14.20815652608666,22.618476643658795,-32.936750486783325,3.28,1.55,252.0,85.4,18.0,82.0,2585,7.1,745296,672275,592192,689172,656305,666149,671218,573262,666464,53.44,0.9,0.866,0.0,1.0,0.0,0.0,4.0,26,2,Sweeper,0,2,2,0,2,0,2,0,Strategic,Standard,57,0.008,-0.215,70.8,6.2,,1.07,0.215,88.0,-2,2,0.303,0.697,24,25,25,26,2,1,100.0,1,6.0,1.0,3.51,-1.62,-1.62,21.1,0.5661107200789502,18.188488431684693,25.93803999656441,46.000990552220685,23.871820247546,pitcher
SI,2024-08-31,91.3,-2.15,4.96,"Black, Mason",672640,696131,,called_strike,,,,,5,,R,R,R,SF,MIA,S,,,0,0,2024,-1.16,0.65,0.0358276920320013,2.6413309801809857,,,,2,4,Top,,,,,,,8.140085026442943,-132.77168373716506,-1.3638181545918953,-15.444491058840164,27.068686677415474,-24.41103427926389,3.21233525728911,1.59104948850336,,,,92.8,2104,7.1,745296,672275,592192,689172,656305,666149,671218,573262,666464,53.37,,,,,,,,26,1,Sinker,0,2,2,0,2,0,2,0,Strategic,Standard,228,0.001,-0.041,,,,,0.041,,-2,2,0.302,0.698,24,25,25,26,2,1,100.0,1,6.0,1.0,2.08,1.16,1.16,20.0,,,,,,pitcher
ST,2024-08-31,80.8,-2.35,4.95,"Black, Mason",681146,696131,field_out,hit_into_play,,,,,5,"Jonah Bride grounds out, shortstop Tyler Fitzgerald to first baseman Mark Canha.",R,R,R,SF,MIA,X,6.0,ground_ball,1,2,2024,1.25,-0.06,0.1900798888215558,2.4008691482279336,,,,1,4,Top,107.91,157.66,,,,,3.3274171219416644,-117.75093097053848,1.058028250786439,11.077568816454678,21.008490119845693,-33.15061535724003,3.22,1.45,24.0,98.3,-4.0,82.0,2500,6.9,745296,672275,592192,689172,656305,666149,671218,573262,666464,53.62,0.285,0.256,0.0,1.0,0.0,0.0,2.0,25,8,Sweeper,0,2,2,0,2,0,2,0,Strategic,Standard,62,0.009,-0.182,70.6,7.2,,0.285,0.182,98.3,-2,2,0.293,0.707,24,28,25,29,2,1,100.0,1,6.0,1.0,3.53,-1.25,-1.25,20.6,13.732529712008208,-4.280957175063379,27.573502857117884,40.433048193733605,38.27416728874245,pitcher
ST,2024-08-31,81.4,-2.48,4.99,"Black, Mason",681146,696131,,ball,,,,,11,,R,R,R,SF,MIA,B,,,0,2,2024,1.45,-0.03,-1.0857147403600356,2.6781121403091968,,,,1,4,Top,,,,,,,0.3456790995616881,-118.51321507867338,1.5039864128695164,13.57283358321962,23.034193406610637,-32.9523267035851,3.26967316942187,1.50318456780283,,,,82.1,2610,6.8,745296,672275,592192,689172,656305,666149,671218,573262,666464,53.72,,,,,,,,25,7,Sweeper,0,2,2,0,2,0,2,0,Strategic,Standard,56,-0.001,0.02,,,,,-0.02,,-2,2,0.294,0.706,24,28,25,29,2,1,100.0,1,6.0,1.0,3.47,-1.45,-1.45,20.1,,,,,,pitcher
FF,2024-08-31,90.9,-2.17,5.14,"Black, Mason",681146,696131,,foul,,,,,11,,R,R,R,SF,MIA,S,,,0,2,2024,-0.86,1.14,-0.5749149907632356,3.7280605531905406,,,,1,4,Top,,,,,,,5.941461974935452,-132.24837162588412,-0.0729961602329525,-11.390176948862209,27.984442739704512,-19.00358181342521,3.22,1.45,306.0,89.7,29.0,92.2,2090,7.1,745296,672275,592192,689172,656305,666149,671218,573262,666464,53.44,,,,,,,,25,6,4-Seam Fastball,0,2,2,0,2,0,2,0,Strategic,Standard,226,0.0,0.0,61.4,7.4,,,0.0,89.7,-2,2,0.294,0.706,24,28,25,29,2,1,100.0,1,6.0,1.0,1.62,0.86,0.86,22.0,14.898511910276104,-33.371515629431286,15.862790184724084,31.389316987641376,46.27976874910244,pitcher
FF,2024-08-31,92.1,-2.15,5.12,"Black, Mason",681146,696131,,foul,,,,,3,,R,R,R,SF,MIA,S,,,0,2,2024,-0.91,1.18,0.5902094253254553,3.245247609316584,,,,1,4,Top,,,,,,,9.10843560488986,-133.86384955592197,-1.4904942320951795,-12.940226896261994,29.278001584713905,-17.89049370584621,3.22,1.45,272.0,82.6,40.0,93.6,2100,7.3,745296,672275,592192,689172,656305,666149,671218,573262,666464,53.25,,,,,,,,25,5,4-Seam Fastball,0,2,2,0,2,0,2,0,Strategic,Standard,230,0.0,0.0,64.7,6.2,,,0.0,88.0,-2,2,0.294,0.706,24,28,25,29,2,1,100.0,1,6.0,1.0,1.52,0.91,0.91,18.8,0.8165094490216108,33.09573526078949,18.57787258230148,45.54338203169984,19.59525083030562,pitcher
SL,2024-08-31,86.6,-2.24,5.12,"Black, Mason",681146,696131,,foul,,,,,5,,R,R,R,SF,MIA,S,,,0,2,2024,-0.14,0.41,0.0830827772272591,2.050672122776064,,,,1,4,Top,,,,,,,5.918889781068986,-126.17874336936886,-2.0723235623444776,-2.5359282642580045,22.765697670809345,-27.5701235957128,3.22,1.45,188.0,64.7,42.0,88.2,2500,7.0,745296,672275,592192,689172,656305,666149,671218,573262,666464,53.51,,,,,,,,25,4,Slider,0,2,2,0,2,0,2,0,Strategic,Standard,111,0.0,0.0,69.8,7.3,,,0.0,88.0,-2,2,0.294,0.706,24,28,25,29,2,1,100.0,1,6.0,1.0,2.59,0.14,0.14,24.1,-3.271875760291417,10.256595227635922,36.11905544183316,40.161857579694185,25.79347945153592,pitcher
FF,2024-08-31,92.8,-2.38,5.08,"Black, Mason",681146,696131,,foul,,,,,2,,R,R,R,SF,MIA,S,,,0,2,2024,-1.24,1.29,-0.1685732979387197,3.1995380724787994,,,,1,4,Top,,,,,,,8.513553351171726,-134.8238540859387,-1.860400281512728,-16.969883868679705,29.70472623793162,-16.185512367649416,3.22,1.45,148.0,70.9,67.0,94.3,2287,7.3,745296,672275,592192,689172,656305,666149,671218,573262,666464,53.2,,,,,,,,25,3,4-Seam Fastball,0,2,2,0,2,0,2,0,Strategic,Standard,228,0.0,0.0,64.1,6.6,,,0.0,88.0,-2,2,0.294,0.706,24,28,25,29,2,1,100.0,1,6.0,1.0,1.36,1.24,1.24,21.3,10.560397633004092,6.713506412698512,25.139242113571488,36.83731967002643,29.28916513815249,pitcher
SI,2024-08-31,92.5,-2.18,5.13,"Black, Mason",681146,696131,,called_strike,,,,,5,,R,R,R,SF,MIA,S,,,0,1,2024,-1.59,0.75,0.2455040713922538,2.3231601390763164,,,,1,4,Top,,,,,,,9.861437544440394,-134.4002347746629,-3.0186470500577,-21.42478822255827,29.16053703586537,-22.559185183715343,3.24101150740245,1.47387125024608,,,,94.2,2234,7.4,745296,672275,592192,689172,656305,666149,671218,573262,666464,53.12,,,,,,,,25,2,Sinker,0,2,2,0,2,0,2,0,Strategic,Standard,230,0.003,-0.057,,,,,0.057,,-2,2,0.291,0.709,24,28,25,29,2,1,100.0,1,6.0,1.0,1.92,1.59,1.59,20.6,,,,,,pitcher
SI,2024-08-31,92.3,-2.24,4.94,"Black, Mason",681146,696131,,called_strike,,,,,3,,R,R,R,SF,MIA,S,,,0,0,2024,-1.63,0.49,0.3914892297621579,2.925711348737477,,,,1,4,Top,,,,,,,10.39261847431851,-134.01034306963666,-0.3148163787799467,-21.8589651372789,29.42859003524961,-26.425883611477065,3.09748516161449,1.44369154412664,,,,93.5,2206,7.2,745296,672275,592192,689172,656305,666149,671218,573262,666464,53.35,,,,,,,,25,1,Sinker,0,2,2,0,2,0,2,0,Strategic,Standard,233,0.002,-0.037,,,,,0.037,,-2,2,0.289,0.711,24,28,25,29,2,1,100.0,1,6.0,1.0,2.2,1.63,1.63,19.1,,,,,,pitcher
ST,2024-08-31,81.0,-2.52,4.9,"Black, Mason",669065,696131,field_out,hit_into_play,,,,,9,Kyle Stowers flies out to center fielder Mike Yastrzemski.,R,L,R,SF,MIA,X,8.0,fly_ball,0,0,2024,1.38,0.26,0.3284631592586065,2.0266835424155745,,,,0,4,Top,145.25,48.54,,,,,3.785376424828165,-118.08141601451403,-0.3284272610904818,12.282400760231027,21.260897632467827,-29.88551705325538,3.59,1.7,374.0,96.4,27.0,82.7,2656,7.2,745296,672275,592192,689172,656305,666149,671218,573262,666464,53.31,0.258,0.4556,0.0,1.0,0.0,0.0,5.0,24,1,Sweeper,0,2,2,0,2,0,2,0,Standard,Standard,62,0.018,-0.254,76.4,6.9,,0.855,0.254,96.4,-2,2,0.271,0.729,24,26,25,26,2,1,100.0,2,6.0,1.0,3.19,-1.38,1.38,16.6,6.011739968620477,-0.5344989983436103,43.22938417966349,33.287719407196946,33.18898457672691,pitcher
FF,2024-08-31,92.1,-2.21,5.26,"Black, Mason",669394,696131,strikeout_double_play,swinging_strike,,,,,11,"Jake Burger strikes out swinging and Jesús Sánchez caught stealing 2nd, catcher Patrick Bailey to second baseman Brett Wisely to catcher Patrick Bailey.",R,R,R,SF,MIA,S,2.0,,3,2,2024,-0.97,1.21,-0.8570054619493649,3.5643651508485177,,,660821.0,1,3,Top,,,,,,,5.664653996570639,-134.02166122299397,-1.0934104970637737,-12.880791293014,30.465362311604768,-17.5613135516323,3.37,1.58,,,,93.9,2159,7.4,745296,672275,592192,689172,656305,666149,671218,573262,666464,53.07,,0.0,0.0,1.0,0.0,0.0,,20,6,4-Seam Fastball,0,2,2,0,2,0,2,0,Standard,Standard,224,0.045,-0.306,67.8,5.6,1.184400948,,0.306,,-2,2,0.283,0.717,24,28,25,28,2,1,100.0,1,6.0,3.0,1.48,0.97,0.97,25.5,-7.753963733621055,26.03464190664006,18.25373105738985,29.13934854214087,15.03291508779924,pitcher
SI,2024-08-31,92.6,-2.36,4.93,"Black, Mason",669394,696131,,foul,,,,,11,,R,R,R,SF,MIA,S,,,3,1,2024,-1.44,0.49,-0.935357239367794,2.8571773037950416,,,660821.0,1,3,Top,,,,,,,6.816229240127841,-134.71412373793098,-0.5870070610633334,-19.02683064905531,28.285043459826728,-26.24500639091036,3.37,1.58,185.0,65.8,46.0,93.3,2151,6.6,745296,672275,592192,689172,656305,666149,671218,573262,666464,53.89,,,,,,,,20,5,Sinker,0,2,2,0,2,0,2,0,Standard,Standard,234,0.008,-0.092,68.7,6.3,,,0.092,88.0,-2,2,0.275,0.725,24,28,25,28,2,1,100.0,1,6.0,3.0,2.16,1.44,1.44,18.2,-8.676150282568685,14.50307379047706,27.3354191759086,28.523418333866445,18.00704613151116,pitcher
SI,2024-08-31,91.6,-2.2,4.95,"Black, Mason",669394,696131,,called_strike,,,,,8,,R,R,R,SF,MIA,S,,,3,0,2024,-1.53,0.44,-0.1058893177444399,2.1057211030491043,,,660821.0,1,3,Top,,,,,,,8.86128110257753,-133.1653384240884,-2.305506334293537,-20.128366012464014,29.130417460050264,-26.63043588535069,3.32695257408047,1.62031261584423,,,,94.0,2129,7.8,745296,672275,592192,689172,656305,666149,671218,573262,666464,52.71,,,,,,,,20,4,Sinker,0,2,2,0,2,0,2,0,Standard,Standard,237,0.005,-0.047,,,,,0.047,,-2,2,0.27,0.73,24,28,25,28,2,1,100.0,1,6.0,3.0,2.28,1.53,1.53,19.8,,,,,,pitcher
ST,2024-08-31,79.7,-2.37,4.98,"Black, Mason",669394,696131,,ball,,,,,14,,R,R,R,SF,MIA,B,,,2,0,2024,1.17,0.12,1.4805473413112338,1.939160888698471,,,660821.0,1,3,Top,,,,,,,6.346648170429626,-116.0256561170474,-0.2430049149131332,9.569612728405955,19.330095459126163,-31.228573869898288,3.36359971700502,1.64956306959445,,,,81.0,2520,6.9,745296,672275,592192,689172,656305,666149,671218,573262,666464,53.61,,,,,,,,20,3,Sweeper,0,2,2,0,2,0,2,0,Standard,Standard,52,-0.008,0.102,,,,,-0.102,,-2,2,0.278,0.722,24,28,25,28,2,1,100.0,1,6.0,3.0,3.43,-1.17,-1.17,22.4,,,,,,pitcher
SI,2024-08-31,91.2,-2.37,4.9,"Black, Mason",669394,696131,,ball,,,,,13,,R,R,R,SF,MIA,B,,,1,0,2024,-1.38,0.66,-0.5136822142281907,1.344721614708588,,,660821.0,1,3,Top,,,,,,,7.721333215273329,-132.55654406894013,-4.537853571310285,-17.93725106053077,26.41113341426113,-23.566338777656146,3.36359971700502,1.64956306959445,,,,92.2,2181,6.8,745296,672275,592192,689172,656305,666149,671218,573262,666464,53.69,,,,,,,,20,2,Sinker,0,2,2,0,2,0,2,0,Standard,Standard,233,-0.006,0.056,,,,,-0.056,,-2,2,0.284,0.716,24,28,25,28,2,1,100.0,1,6.0,3.0,2.07,1.38,1.38,17.1,,,,,,pitcher
FF,2024-08-31,91.7,-2.18,5.06,"Black, Mason",669394,696131,,ball,,,,,14,,R,R,R,SF,MIA,B,,,0,0,2024,-1.13,1.2,1.1952735640023795,1.743756036878706,,,660821.0,1,3,Top,,,,,,,11.135699318793064,-133.1361272530235,-5.236397634134093,-15.610764107804144,24.619456261022066,-16.935509273771903,3.36359971700502,1.56177373772056,,,,93.6,2147,7.2,745296,672275,592192,689172,656305,666149,671218,573262,666464,53.28,,,,,,,,20,1,4-Seam Fastball,0,2,2,0,2,0,2,0,Standard,Standard,239,-0.003,0.036,,,,,-0.036,,-2,2,0.287,0.713,24,28,25,28,2,1,100.0,1,6.0,3.0,1.5,1.13,1.13,23.9,,,,,,pitcher
ST,2024-08-31,82.1,-2.43,4.94,"Black, Mason",660821,696131,single,hit_into_play,,,,,6,Jesús Sánchez singles on a line drive to right fielder Jerar Encarnacion.,R,L,R,SF,MIA,X,9.0,line_drive,1,2,2024,1.17,0.31,0.7393788229502101,2.2505886104784016,,,,1,3,Top,161.62,129.31,,,,,5.008545609809333,-119.53290699789788,-0.1620789347674709,10.300147951771796,21.870306352954305,-29.367524265234227,3.51,1.67,197.0,70.6,23.0,83.6,2621,7.2,745296,672275,592192,689172,656305,666149,671218,573262,666464,53.34,0.989,0.91,0.9,1.0,1.0,0.0,4.0,19,4,Sweeper,0,2,2,0,2,0,2,0,Standard,Standard,58,-0.023,0.495,82.9,7.6,,1.05,-0.495,88.0,-2,2,0.31,0.69,24,26,25,27,2,1,100.0,2,6.0,1.0,3.05,-1.17,1.17,19.6,5.66921069488476,-11.509303342394254,38.83774491322185,28.991121773915324,36.65965469751632,pitcher
ST,2024-08-31,82.3,-2.49,4.88,"Black, Mason",660821,696131,,ball,,,,,14,,R,L,R,SF,MIA,B,,,0,2,2024,0.91,-0.07,2.0605682900580327,0.628481880601603,,,,1,3,Top,,,,,,,8.665299769079889,-119.61718422348464,-2.985136433174019,7.096270374386285,23.001373959231923,-32.49051759359326,3.69759670697717,1.73701892148055,,,,83.5,2372,7.1,745296,672275,592192,689172,656305,666149,671218,573262,666464,53.38,,,,,,,,19,3,Sweeper,0,2,2,0,2,0,2,0,Standard,Standard,45,-0.001,0.02,,,,,-0.02,,-2,2,0.311,0.689,24,26,25,27,2,1,100.0,2,6.0,1.0,3.44,-0.91,0.91,20.2,,,,,,pitcher
FF,2024-08-31,90.9,-2.18,5.03,"Black, Mason",660821,696131,,swinging_strike,,,,,11,,R,L,R,SF,MIA,S,,,0,1,2024,-0.93,1.05,-0.12548720791603,3.967740200536224,,,,1,3,Top,,,,,,,7.260116136386916,-132.23635635201745,0.9978165391598076,-12.420634839305448,27.06002122299956,-20.22049744675372,3.51,1.67,,,,92.4,2173,7.1,745296,672275,592192,689172,656305,666149,671218,573262,666464,53.42,,,,,,,,19,2,4-Seam Fastball,0,2,2,0,2,0,2,0,Standard,Standard,227,0.003,-0.057,68.9,5.8,0.206827896,,0.057,,-2,2,0.308,0.692,24,26,25,27,2,1,100.0,2,6.0,1.0,1.7,0.93,-0.93,21.9,2.904745813790333,28.855576113113703,15.975988045411006,37.55825992089552,17.340784611606537,pitcher
ST,2024-08-31,81.1,-2.4,5.01,"Black, Mason",660821,696131,,called_strike,,,,,8,,R,L,R,SF,MIA,S,,,0,0,2024,1.32,0.2,0.0960462476847425,2.1532618002697994,,,,1,3,Top,,,,,,,3.081553537407259,-118.22621495484869,-0.1932245014842845,11.89539136017587,20.93275631528926,-30.47647193568603,3.64047893700199,1.70758701555969,,,,82.2,2358,6.8,745296,672275,592192,689172,656305,666149,671218,573262,666464,53.74,,,,,,,,19,1,Sweeper,0,2,2,0,2,0,2,0,Standard,Standard,64,0.002,-0.037,,,,,0.037,,-2,2,0.306,0.694,24,26,25,27,2,1,100.0,2,6.0,1.0,3.24,-1.32,1.32,20.5,,,,,,pitcher
ST,2024-08-31,80.8,-2.41,4.94,"Black, Mason",681393,696131,field_out,hit_into_play,,,,,9,"Connor Norby grounds out, third baseman Matt Chapman to first baseman Mark Canha.",R,R,R,SF,MIA,X,5.0,ground_ball,0,0,2024,1.29,0.06,0.7948246276954032,2.0739129998695978,,,,0,3,Top,101.24,170.52,,,,,4.737687418728796,-117.69442362709782,0.1510420245539447,11.08883784300832,22.562567182652053,-31.82653962251388,3.41,1.6,6.0,55.5,-18.0,81.7,2499,6.9,745296,672275,592192,689172,656305,666149,671218,573262,666464,53.6,0.088,0.079,0.0,1.0,0.0,0.0,1.0,18,1,Sweeper,0,2,2,0,2,0,2,0,Standard,Standard,55,0.018,-0.254,74.9,8.1,,0.112,0.254,88.0,-2,2,0.288,0.712,24,24,25,24,2,1,100.0,1,6.0,3.0,3.42,-1.29,-1.29,20.1,29.90802982051179,-6.937381367712876,38.952745077153246,47.14325778488952,39.71042907949396,pitcher
ST,2024-08-31,81.4,-2.38,4.99,"Black, Mason",645305,696131,field_out,hit_into_play,,,,,2,Ali Sánchez flies out to center fielder Mike Yastrzemski.,R,R,R,SF,MIA,X,8.0,fly_ball,2,2,2024,1.24,-0.05,-0.1321320943170174,3.170325664408705,,682073.0,,2,2,Top,120.14,85.14,,,,,2.694669974490532,-118.57894345739086,2.6194858241809884,11.298002089407834,21.200711816012333,-33.3509240796895,3.32,1.47,283.0,83.0,39.0,82.9,2495,7.1,745296,672275,592192,689172,656305,666149,671218,573262,666464,53.42,0.005,0.009,0.0,1.0,0.0,0.0,3.0,14,5,Sweeper,0,2,2,0,2,0,2,0,Standard,Standard,53,0.023,-0.249,65.3,6.8,,0.016,0.249,88.0,-2,2,0.318,0.682,24,27,25,27,1,0,100.0,2,6.0,,3.47,-1.24,-1.24,19.8,10.828052956888104,-0.3026425411116543,26.523986788997156,36.11858301968755,32.30608967557252,pitcher
SI,2024-08-31,93.0,-2.15,4.93,"Black, Mason",645305,696131,,called_strike,,,,,6,,R,R,R,SF,MIA,S,,,2,1,2024,-1.33,0.65,0.7025438917605222,2.3126472924936534,,682073.0,,2,2,Top,,,,,,,10.362428673218414,-135.09287220047918,-2.4224071872135995,-18.41926335779214,26.08811923110601,-23.87856572886003,3.12577193635776,1.50274775379823,,,,94.6,2115,7.1,745296,672275,592192,689172,656305,666149,671218,573262,666464,53.42,,,,,,,,14,4,Sinker,0,2,2,0,2,0,2,0,Strategic,Standard,237,0.005,-0.062,,,,,0.062,,-2,2,0.313,0.687,24,27,25,27,1,0,100.0,2,6.0,,1.97,1.33,1.33,25.3,,,,,,pitcher
SI,2024-08-31,90.7,-2.23,4.81,"Black, Mason",645305,696131,,called_strike,,,,,8,,R,R,R,SF,MIA,S,,,2,0,2024,-1.25,0.42,0.224949685833607,1.6995679979637568,,682073.0,,2,2,Top,,,,,,,8.901704635061444,-131.91516780827578,-2.823219174212097,-16.460156793517616,25.7288936152692,-26.855008970074344,3.18319660158289,1.53204831994504,,,,91.7,2013,6.8,745296,672275,592192,689172,656305,666149,671218,573262,666464,53.74,,,,,,,,14,3,Sinker,0,2,2,0,2,0,2,0,Strategic,Standard,238,0.001,-0.028,,,,,0.028,,-2,2,0.312,0.688,24,27,25,27,1,0,100.0,2,6.0,,2.33,1.25,1.25,16.2,,,,,,pitcher
FF,2024-08-31,90.3,-2.14,5.03,"Black, Mason",645305,696131,,ball,,,,,14,,R,R,R,SF,MIA,B,,,1,0,2024,-1.08,1.07,0.8654348065550663,1.2739312480142813,,,682073.0,2,2,Top,,,,,,,10.02764875552819,-131.12020465923186,-5.838022097902097,-14.437441326403851,24.80988181314241,-18.796710867341872,3.21188719192821,1.53204831994504,,,,93.0,2129,7.7,745296,672275,592192,689172,656305,666149,671218,573262,666464,52.76,,,,,,,,14,2,4-Seam Fastball,0,2,2,0,2,0,2,0,Strategic,Standard,232,-0.009,0.05,,,,,-0.05,,-2,2,0.321,0.679,24,27,25,27,1,0,100.0,2,6.0,,1.72,1.08,1.08,21.8,,,,,,pitcher
SI,2024-08-31,91.6,-2.19,5.08,"Black, Mason",645305,696131,,ball,,,,,11,,R,R,R,SF,MIA,B,,,0,0,2024,-1.24,0.8,-0.6721451002910912,3.87025236758057,,,682073.0,2,2,Top,,,,,,,6.582637511203615,-133.2075974548229,1.1183623709781203,-16.128772324299995,28.71324284363226,-23.17291772873213,3.21188719192821,1.56133636530194,,,,92.6,2149,6.9,745296,672275,592192,689172,656305,666149,671218,573262,666464,53.55,,,,,,,,14,1,Sinker,0,2,2,0,2,0,2,0,Strategic,Standard,229,-0.002,0.034,,,,,-0.034,,-2,2,0.323,0.677,24,27,25,27,1,0,100.0,2,6.0,,1.93,1.24,1.24,20.3,,,,,,pitcher
ST,2024-08-31,82.9,-2.24,5.09,"Black, Mason",682073,696131,single,hit_into_play,,,,,8,David Hensley singles on a ground ball to shortstop Tyler Fitzgerald.,R,R,R,SF,MIA,X,6.0,ground_ball,0,2,2024,0.95,-0.09,0.1981457351955858,1.6768268753345796,,,,2,2,Top,117.54,161.21,,,,,3.747494791760598,-120.73089854892596,-1.2057292363702916,8.644494486454942,21.681410002290622,-33.0674588822059,3.57,1.71,1.0,66.9,-49.0,84.0,2516,6.8,745296,672275,592192,689172,656305,666149,671218,573262,666464,53.73,0.25,0.275,0.9,1.0,1.0,0.0,2.0,13,3,Sweeper,0,2,2,0,2,0,2,0,Strategic,Standard,63,-0.013,0.431,45.5,6.2,,0.252,-0.431,88.0,-2,2,0.336,0.664,24,28,25,28,1,0,100.0,1,6.0,1.0,3.38,-0.95,-0.95,21.5,-7.14187304713623,16.468673210420985,34.86712938893315,39.63432206237072,24.3889852792417,pitcher
ST,2024-08-31,82.2,-2.22,5.0,"Black, Mason",682073,696131,,called_strike,,,,,6,,R,R,R,SF,MIA,S,,,0,1,2024,1.13,0.11,0.780306949916337,2.7299865691948577,,,,2,2,Top,,,,,,,4.6811108953145375,-119.639798067712,1.1958263659295076,10.04289268464522,22.052911779704942,-31.58358023712004,3.52651508472076,1.79518395227022,,,,83.5,2523,7.1,745296,672275,592192,689172,656305,666149,671218,573262,666464,53.44,,,,,,,,13,2,Sweeper,0,2,2,0,2,0,2,0,Strategic,Standard,60,0.002,-0.058,,,,,0.058,,-2,2,0.334,0.666,24,28,25,28,1,0,100.0,1,6.0,1.0,3.25,-1.13,-1.13,17.1,,,,,,pitcher
FF,2024-08-31,92.2,-2.07,5.17,"Black, Mason",682073,696131,,called_strike,,,,,6,,R,R,R,SF,MIA,S,,,0,0,2024,-1.18,1.22,0.6723810470075864,2.4787907061301997,,,,2,2,Top,,,,,,,9.682275617576227,-133.91222732940017,-3.71262885466417,-16.29591715018631,27.50382980471681,-16.842251117189264,3.58352708168442,1.73679888093018,,,,93.6,2144,7.1,745296,672275,592192,689172,656305,666149,671218,573262,666464,53.42,,,,,,,,13,1,4-Seam Fastball,0,2,2,0,2,0,2,0,Standard,Standard,223,0.001,-0.041,,,,,0.041,,-2,2,0.333,0.667,24,28,25,28,1,0,100.0,1,6.0,1.0,1.46,1.18,1.18,24.5,,,,,,pitcher
FF,2024-08-31,91.7,-2.14,5.25,"Black, Mason",665052,696131,home_run,hit_into_play,,,,,2,Griffin Conine homers (1) on a fly ball to right field. Jonah Bride scores.,R,L,R,SF,MIA,X,,fly_ball,1,2,2024,-0.79,1.43,0.1396257157157798,3.365296473797869,,,681146.0,2,2,Top,,,,,,,7.584210696384983,-133.30740824585504,-2.010699116313986,-10.996891752864077,28.254146076313127,-14.903347481848307,3.411,1.565,401.0,112.5,27.0,93.2,2108,7.2,745296,672275,592192,689172,656305,666149,671218,573262,666464,53.28,0.995,2.0126,2.0,1.0,0.0,3.0,6.0,12,5,4-Seam Fastball,0,0,0,0,2,0,2,0,Strategic,Standard,226,-0.202,2.297,83.2,7.7,,3.97,-2.297,112.5,0,0,0.535,0.465,24,26,25,27,1,0,100.0,2,6.0,1.0,1.29,0.79,-0.79,20.3,14.067144635242927,-8.64655164616795,33.79368852616444,35.80372568369806,35.39518426217047,pitcher
FF,2024-08-31,93.7,-2.04,5.16,"Black, Mason",665052,696131,,foul,,,,,2,,R,L,R,SF,MIA,S,,,1,2,2024,-1.14,1.25,-0.1791135128679211,2.980299772219512,,,681146.0,2,2,Top,,,,,,,7.44983156082719,-136.26107065203317,-2.678357699419758,-15.800812185019806,29.560204512282983,-16.223145689605392,3.411,1.565,220.0,83.0,62.0,95.2,2174,7.2,745296,672275,592192,689172,656305,666149,671218,573262,666464,53.31,,,,,,,,12,4,4-Seam Fastball,0,0,0,0,0,0,0,0,Strategic,Standard,228,0.0,0.0,72.7,7.1,,,0.0,88.0,0,0,0.535,0.465,24,26,25,27,1,0,100.0,2,6.0,1.0,1.35,1.14,-1.14,22.7,4.73987933041818,1.783668342673116,32.968796803220435,38.32939288841735,23.52260829884308,pitcher
FF,2024-08-31,91.9,-2.03,5.12,"Black, Mason",665052,696131,,foul,,,,,6,,R,L,R,SF,MIA,S,,,1,1,2024,-0.98,1.33,0.5997007144205301,2.4803023176524857,,,681146.0,2,2,Top,,,,,,,8.913497670461028,-133.51456948458008,-3.7627228224642986,-13.659492427613175,27.68109517714375,-15.611364464116836,3.411,1.565,175.0,70.2,20.0,93.3,2127,7.1,745296,672275,592192,689172,656305,666149,671218,573262,666464,53.41,,,,,,,,12,3,4-Seam Fastball,0,0,0,0,0,0,0,0,Standard,Standard,229,0.006,-0.06,76.6,7.2,,,0.06,88.0,0,0,0.529,0.471,24,26,25,27,1,0,100.0,2,6.0,1.0,1.37,0.98,-0.98,24.7,5.692067488424519,0.6949298818334759,36.62292619644272,29.45448657550557,21.990261455755608,pitcher
FF,2024-08-31,91.0,-1.98,5.12,"Black, Mason",665052,696131,,swinging_strike,,,,,6,,R,L,R,SF,MIA,S,,,1,0,2024,-0.98,1.43,0.4139073032400407,2.81303925277508,,,681146.0,2,2,Top,,,,,,,8.251781818949718,-132.36179948268006,-2.998986305527413,-13.298285402427274,27.462473740442817,-14.941756976835595,3.411,1.565,,,,92.4,2098,7.1,745296,672275,592192,689172,656305,666149,671218,573262,666464,53.39,,,,,,,,12,2,4-Seam Fastball,0,0,0,0,0,0,0,0,Standard,Standard,231,0.003,-0.048,80.1,8.0,1.1662242,,0.048,,0,0,0.526,0.474,24,26,25,27,1,0,100.0,2,6.0,1.0,1.32,0.98,-0.98,21.7,16.12018907551823,-13.476295314435015,36.28986107120848,32.65184557763594,29.774514222116352,pitcher
FF,2024-08-31,91.2,-2.11,5.02,"Black, Mason",665052,696131,,ball,,,,,13,,R,L,R,SF,MIA,B,,,0,0,2024,-1.19,1.19,-1.0985585712747543,1.880123877173912,,,681146.0,2,2,Top,,,,,,,5.173933754109961,-132.608536541684,-4.546739990681062,-15.21101297450473,30.768734476901628,-17.36600003192195,3.52651508472076,1.76599787612992,,,,91.8,2267,6.9,745296,672275,592192,689172,656305,666149,671218,573262,666464,53.62,,,,,,,,12,1,4-Seam Fastball,0,0,0,0,0,0,0,0,Standard,Standard,230,-0.002,0.034,,,,,-0.034,,0,0,0.528,0.472,24,26,25,27,1,0,100.0,2,6.0,1.0,1.57,1.19,-1.19,23.5,,,,,,pitcher
SI,2024-08-31,92.0,-2.4,4.98,"Black, Mason",672640,696131,field_out,hit_into_play,,,,,4,Otto Lopez flies out to left fielder Heliot Ramos.,R,R,R,SF,MIA,X,7.0,fly_ball,1,2,2024,-1.21,0.66,-0.3467102565937474,2.5937178486410977,,,681146.0,1,2,Top,93.24,60.7,,,,,7.955867771032222,-133.78948652576295,-1.697096398781349,-16.207673330257744,27.155629164520654,-24.02851676677365,3.28,1.55,351.0,91.8,33.0,93.5,2175,7.1,745296,672275,592192,689172,656305,666149,671218,573262,666464,53.43,0.061,0.089,0.0,1.0,0.0,0.0,3.0,11,5,Sinker,0,0,0,0,0,0,0,0,Standard,Standard,233,0.022,-0.186,77.0,7.0,,0.161,0.186,91.8,0,0,0.506,0.494,24,25,25,26,1,0,100.0,1,6.0,1.0,2.02,1.21,1.21,20.3,11.87124253484466,-9.755141209112995,30.926732292558107,31.905196665273,34.69824131438635,pitcher
SL,2024-08-31,87.1,-2.38,5.0,"Black, Mason",672640,696131,,foul,,,,,11,,R,R,R,SF,MIA,S,,,1,2,2024,0.36,0.25,-0.9804028686652774,3.440677586120388,,,681146.0,1,2,Top,,,,,,,2.618524050963825,-126.9137037064108,1.9002957683407995,3.391543509657807,25.58002217100391,-30.03239350063453,3.28,1.55,131.0,71.9,12.0,87.6,2452,6.5,745296,672275,592192,689172,656305,666149,671218,573262,666464,54.0,,,,,,,,11,4,Slider,0,0,0,0,0,0,0,0,Standard,Standard,180,0.0,0.0,17.7,3.3,,,0.0,88.0,0,0,0.506,0.494,24,25,25,26,1,0,100.0,1,6.0,1.0,2.74,-0.36,-0.36,25.3,-32.997360092310934,53.81909620337205,32.258127382612045,24.692994489491355,-4.37319157446431,pitcher
SL,2024-08-31,87.7,-2.12,4.99,"Black, Mason",672640,696131,,ball,,,,,14,,R,R,R,SF,MIA,B,,,0,2,2024,0.1,0.2,1.6722257162288336,1.5194142440810283,,,681146.0,1,2,Top,,,,,,,9.14016154227297,-127.45036874564023,-2.739725160031073,-0.6455689955771753,24.898167870408837,-29.629673756596805,3.09703794096158,1.59061183919042,,,,89.6,2500,7.4,745296,672275,592192,689172,656305,666149,671218,573262,666464,53.07,,,,,,,,11,3,Slider,0,0,0,0,0,0,0,0,Standard,Standard,232,-0.003,0.022,,,,,-0.022,,0,0,0.509,0.491,24,25,25,26,1,0,100.0,1,6.0,1.0,2.76,-0.1,-0.1,19.8,,,,,,pitcher
SI,2024-08-31,92.4,-2.13,4.99,"Black, Mason",672640,696131,,called_strike,,,,,6,,R,R,R,SF,MIA,S,,,0,1,2024,-1.44,0.55,0.4665861039166559,2.662571468691546,,,681146.0,1,2,Top,,,,,,,9.86728218940098,-134.2359397884956,-1.3005490495059973,-19.503267220208556,28.551816712950227,-25.45479403244894,3.27315523014531,1.61987469120227,,,,93.5,2148,7.0,745296,672275,592192,689172,656305,666149,671218,573262,666464,53.54,,,,,,,,11,2,Sinker,0,0,0,0,0,0,0,0,Standard,Standard,233,0.007,-0.052,,,,,0.052,,0,0,0.502,0.498,24,25,25,26,1,0,100.0,1,6.0,1.0,2.13,1.44,1.44,18.2,,,,,,pitcher
ST,2024-08-31,81.0,-2.43,4.87,"Black, Mason",672640,696131,,called_strike,,,,,3,,R,R,R,SF,MIA,S,,,0,0,2024,1.58,0.06,0.4602977643759323,3.2281812242844725,,,681146.0,1,2,Top,,,,,,,3.439874046255124,-117.93231874636096,2.8545885848144783,14.13775223426794,22.359679596424545,-32.3776777702102,3.24056323487841,1.59061183919042,,,,81.4,2403,6.5,745296,672275,592192,689172,656305,666149,671218,573262,666464,53.99,,,,,,,,11,1,Sweeper,0,0,0,0,0,0,0,0,Standard,Standard,61,0.005,-0.04,,,,,0.04,,0,0,0.497,0.503,24,25,25,26,1,0,100.0,1,6.0,1.0,3.41,-1.58,-1.58,18.2,,,,,,pitcher
FF,2024-08-31,91.8,-2.36,5.02,"Black, Mason",681146,696131,single,hit_into_play,,,,,12,Jonah Bride singles on a ground ball to shortstop Tyler Fitzgerald.,R,R,R,SF,MIA,X,6.0,ground_ball,2,2,2024,-1.08,1.13,0.5174809139897967,3.60622781016594,,,,1,2,Top,113.49,159.69,,,,,9.789328037347405,-133.40012768248917,-0.1396667018308006,-15.046626413890944,28.294680666856117,-18.883250312296283,3.22,1.45,3.0,82.4,-53.0,93.2,2170,7.1,745296,672275,592192,689172,656305,666149,671218,573262,666464,53.36,0.248,0.225,0.9,1.0,1.0,0.0,2.0,10,7,4-Seam Fastball,0,0,0,0,0,0,0,0,Strategic,Standard,229,-0.029,0.453,66.7,6.6,,0.248,-0.453,88.0,0,0,0.526,0.474,24,28,25,29,1,0,100.0,1,6.0,1.0,1.58,1.08,1.08,20.3,10.643962123315347,9.715347360588233,12.77455630385715,44.61382045033383,30.821339167491224,pitcher
FF,2024-08-31,92.3,-2.26,5.21,"Black, Mason",681146,696131,,ball,,,,,9,,R,R,R,SF,MIA,B,,,1,2,2024,-1.22,1.27,0.6782860190833031,1.4990438850004977,,,,1,2,Top,,,,,,,10.29878329906048,-134.00959808357098,-6.516511499449714,-16.81927690043724,26.56044855473887,-15.55903899645794,3.21315817939396,1.50274775379823,,,,94.1,2231,7.3,745296,672275,592192,689172,656305,666149,671218,573262,666464,53.24,,,,,,,,10,6,4-Seam Fastball,0,0,0,0,0,0,0,0,Strategic,Standard,224,-0.002,0.043,,,,,-0.043,,0,0,0.528,0.472,24,28,25,29,1,0,100.0,1,6.0,1.0,1.4,1.22,1.22,23.8,,,,,,pitcher
FF,2024-08-31,91.9,-2.24,5.11,"Black, Mason",681146,696131,,foul,,,,,12,,R,R,R,SF,MIA,S,,,1,2,2024,-0.74,1.4,1.1485014022978173,3.4114539806491404,,,,1,2,Top,,,,,,,10.339841023253296,-133.47291641165154,-1.5069747112436866,-11.049852299791878,27.561658533552432,-15.215318952645,3.22,1.45,,,,93.3,2207,7.1,745296,672275,592192,689172,656305,666149,671218,573262,666464,53.38,,,,,,,,10,5,4-Seam Fastball,0,0,0,0,0,0,0,0,Strategic,Standard,223,0.0,0.0,64.8,7.3,,,0.0,,0,0,0.528,0.472,24,28,25,29,1,0,100.0,1,6.0,1.0,1.3,0.74,0.74,21.6,12.099567739993068,4.377346101862795,16.4709535543273,51.963982266461294,32.951854789631085,pitcher
ST,2024-08-31,82.8,-2.27,5.02,"Black, Mason",681146,696131,,foul,,,,,14,,R,R,R,SF,MIA,S,,,1,2,2024,1.39,0.08,1.3528712433473824,2.022746910790982,,,,1,2,Top,,,,,,,5.631005893624817,-120.54131176071128,-0.4843683662601342,12.410238433428953,24.30155784291541,-31.48193361120924,3.22,1.45,243.0,80.0,46.0,84.0,2421,7.2,745296,672275,592192,689172,656305,666149,671218,573262,666464,53.34,,,,,,,,10,4,Sweeper,0,0,0,0,0,0,0,0,Strategic,Standard,52,0.0,0.0,63.6,7.4,,,0.0,88.0,0,0,0.528,0.472,24,28,25,29,1,0,100.0,1,6.0,1.0,3.25,-1.39,-1.39,20.2,9.354885732062792,14.575968622774392,29.316417695005004,54.23008882056192,29.5615980422636,pitcher
SI,2024-08-31,92.0,-2.2,4.99,"Black, Mason",681146,696131,,foul,,,,,6,,R,R,R,SF,MIA,S,,,1,1,2024,-1.66,0.58,0.6582970184840404,2.518517877261184,,,,1,2,Top,,,,,,,11.028517847681512,-133.5562172876762,-1.6901289264084205,-22.265496400728072,28.876221361834677,-25.01587643781087,3.22,1.45,159.0,63.2,52.0,93.4,2145,7.2,745296,672275,592192,689172,656305,666149,671218,573262,666464,53.26,,,,,,,,10,3,Sinker,0,0,0,0,0,0,0,0,Strategic,Standard,233,0.004,-0.061,60.5,7.5,,,0.061,88.0,0,0,0.524,0.476,24,28,25,29,1,0,100.0,1,6.0,1.0,2.12,1.66,1.66,18.3,11.307625021223986,19.53999331063229,25.86177369522362,47.021772015990734,25.03160097016597,pitcher
SI,2024-08-31,92.9,-2.13,4.87,"Black, Mason",681146,696131,,called_strike,,,,,12,,R,R,R,SF,MIA,S,,,1,0,2024,-1.53,0.75,0.8429799123970567,2.838930847714308,,,,1,2,Top,,,,,,,11.211149523746592,-134.95594973681588,-1.1123290432639077,-21.06006025973352,25.826813874256096,-22.95129156469629,3.15449150319137,1.47343471776712,,,,95.2,2061,7.4,745296,672275,592192,689172,656305,666149,671218,573262,666464,53.07,,,,,,,,10,2,Sinker,0,0,0,0,0,0,0,0,Strategic,Standard,236,0.004,-0.051,,,,,0.051,,0,0,0.52,0.48,24,28,25,29,1,0,100.0,1,6.0,1.0,1.88,1.53,1.53,17.2,,,,,,pitcher
FF,2024-08-31,91.9,-2.14,5.15,"Black, Mason",681146,696131,,ball,,,,,12,,R,R,R,SF,MIA,B,,,0,0,2024,-0.9,1.24,0.341341861620732,4.04132193052414,,,,1,2,Top,,,,,,,8.357910690589163,-133.7026617394639,0.2990352518756802,-12.509220369473107,25.20094618793456,-17.407428351718508,3.12577193635776,1.47343471776712,,,,93.6,2029,7.0,745296,672275,592192,689172,656305,666149,671218,573262,666464,53.47,,,,,,,,10,1,4-Seam Fastball,0,0,0,0,0,0,0,0,Strategic,Standard,228,-0.003,0.039,,,,,-0.039,,0,0,0.523,0.477,24,28,25,29,1,0,100.0,1,6.0,1.0,1.43,0.9,0.9,23.1,,,,,,pitcher
FF,2024-08-31,92.0,-2.06,5.08,"Black, Mason",669065,696131,strikeout,swinging_strike,,,,,11,Kyle Stowers strikes out swinging.,R,L,R,SF,MIA,S,2.0,,2,2,2024,-1.18,1.14,-0.4093063022126284,3.827360044860757,,,,0,2,Top,,,,,,,6.851707730785547,-133.88913209916973,0.1899833937378257,-15.70425895702376,28.16569948909128,-18.71260475271074,3.59,1.7,,,,93.3,2062,7.0,745296,672275,592192,689172,656305,666149,671218,573262,666464,53.52,,0.0,0.0,1.0,0.0,0.0,,9,6,4-Seam Fastball,0,0,0,0,0,0,0,0,Strategic,Standard,228,0.02,-0.227,69.3,5.6,1.748264196,,0.227,,0,0,0.503,0.497,24,26,25,26,1,0,100.0,2,6.0,1.0,1.55,1.18,-1.18,22.4,6.921572527716246,20.39444694215754,29.21692163166785,41.05307984119737,16.022785454699097,pitcher
ST,2024-08-31,81.3,-2.47,4.88,"Black, Mason",669065,696131,,ball,,,,,11,,R,L,R,SF,MIA,B,,,1,2,2024,1.21,-0.05,-1.4419569475448504,3.208701284720919,,,,0,2,Top,,,,,,,0.0050303841265435,-118.42098537782292,2.873946888731605,11.463857822194605,19.62765234832818,-33.28817708049525,3.5550285829457,1.85351715302936,,,,82.2,2422,6.5,745296,672275,592192,689172,656305,666149,671218,573262,666464,53.96,,,,,,,,9,5,Sweeper,0,0,0,0,0,0,0,0,Strategic,Standard,60,-0.004,0.04,,,,,-0.04,,0,0,0.507,0.493,24,26,25,26,1,0,100.0,2,6.0,1.0,3.45,-1.21,1.21,16.4,,,,,,pitcher
FF,2024-08-31,91.8,-2.12,5.16,"Black, Mason",669065,696131,,foul,,,,,3,,R,L,R,SF,MIA,S,,,1,2,2024,-0.91,1.06,0.4286910808972427,3.40270067777299,,,,0,2,Top,,,,,,,8.553041678349766,-133.6189849535231,-0.9953904645004572,-12.544971380252935,24.586729163510014,-19.290708754477794,3.59,1.7,7.0,83.2,-26.0,93.9,2066,7.2,745296,672275,592192,689172,656305,666149,671218,573262,666464,53.29,,,,,,,,9,4,4-Seam Fastball,0,0,0,0,0,0,0,0,Standard,Standard,222,0.0,0.0,74.6,6.9,,,0.0,88.0,0,0,0.507,0.493,24,26,25,26,1,0,100.0,2,6.0,1.0,1.61,0.91,-0.91,23.1,20.385007826359576,-18.25934096937823,31.57182884394631,31.23782049296777,33.82843531054687,pitcher
FF,2024-08-31,90.6,-2.23,5.22,"Black, Mason",669065,696131,,swinging_strike,,,,,11,,R,L,R,SF,MIA,S,,,1,1,2024,-1.17,1.08,-1.023445863764259,2.895774518325253,,,,0,2,Top,,,,,,,5.596156309242956,-131.9377546335458,-2.2477313526244127,-14.847677768164706,26.82825432482718,-19.20518427784993,3.59,1.7,,,,92.0,2053,7.0,745296,672275,592192,689172,656305,666149,671218,573262,666464,53.49,,,,,,,,9,3,4-Seam Fastball,0,0,0,0,0,0,0,0,Standard,Standard,226,0.006,-0.056,63.7,5.4,5.056837224,,0.056,,0,0,0.501,0.499,24,26,25,26,1,0,100.0,2,6.0,1.0,1.68,1.17,-1.17,23.5,-17.927888788711975,38.67822550819746,41.32049746521821,48.73930304147492,1.865947885999224,pitcher
CH,2024-08-31,88.3,-2.13,4.8,"Black, Mason",669065,696131,,ball,,,,,14,,R,L,R,SF,MIA,B,,,0,1,2024,-1.32,0.31,2.1876552208605675,1.2964270445995765,,,,0,2,Top,,,,,,,13.474340502074584,-128.01748501802754,-3.1720654131555173,-17.10110459591493,23.423942447606105,-28.25856441133665,3.4408849570282,1.73679888093018,,,,90.1,1472,7.4,745296,672275,592192,689172,656305,666149,671218,573262,666464,53.14,,,,,,,,9,2,Changeup,0,0,0,0,0,0,0,0,Standard,Standard,248,-0.002,0.025,,,,,-0.025,,0,0,0.503,0.497,24,26,25,26,1,0,100.0,2,6.0,1.0,2.61,1.32,-1.32,14.9,,,,,,pitcher
FF,2024-08-31,91.2,-1.94,5.24,"Black, Mason",669065,696131,,called_strike,,,,,3,,R,L,R,SF,MIA,S,,,0,0,2024,-1.08,1.23,0.4577834972231684,3.1707588257438606,,,,0,2,Top,,,,,,,8.47479711250737,-132.552955421187,-1.975516929970784,-14.517669369346008,28.219014585001645,-17.401774843547578,3.52651508472076,1.67836232916653,,,,92.5,2064,7.1,745296,672275,592192,689172,656305,666149,671218,573262,666464,53.36,,,,,,,,9,1,4-Seam Fastball,0,0,0,0,0,0,0,0,Standard,Standard,224,0.003,-0.037,,,,,0.037,,0,0,0.5,0.5,24,26,25,26,1,0,100.0,2,6.0,1.0,1.51,1.08,-1.08,25.5,,,,,,pitcher
ST,2024-08-31,80.2,-2.43,4.95,"Black, Mason",669394,696131,field_out,hit_into_play,,,,,2,Jake Burger flies out to left fielder Heliot Ramos.,R,R,R,SF,MIA,X,7.0,fly_ball,1,0,2024,0.98,0.24,-0.2297606069741058,3.1201833190414776,,,,2,1,Top,61.9,125.08,,,,,3.0508922716373275,-116.83979253207306,2.241577602252132,8.424837166691123,21.881679901540316,-30.649248272116463,3.37,1.58,242.0,97.0,54.0,81.5,2421,7.1,745296,672275,592192,689172,656305,666149,671218,573262,666464,53.38,0.011,0.014,0.0,1.0,0.0,0.0,3.0,3,2,Sweeper,0,0,0,0,0,0,0,0,Strategic,Standard,63,0.011,-0.295,77.9,7.6,,0.02,0.295,97.0,0,0,0.537,0.463,24,28,25,28,1,0,100.0,1,6.0,3.0,3.3,-0.98,-0.98,18.6,12.072088118199284,-17.811942256797458,15.978184834599736,36.65875775433794,41.24405116313062,pitcher
SI,2024-08-31,92.5,-2.19,4.99,"Black, Mason",669394,696131,,ball,,,,,14,,R,R,R,SF,MIA,B,,,0,0,2024,-1.4,0.61,1.4404504643903693,2.1191871231925923,,,,2,1,Top,,,,,,,12.47958853836088,-134.1063961709068,-2.838377279323628,-19.60286922822134,29.77099515742061,-24.32090871200629,3.36246737714171,1.63383637526942,,,,93.7,2161,7.2,745296,672275,592192,689172,656305,666149,671218,573262,666464,53.27,,,,,,,,3,1,Sinker,0,0,0,0,0,0,0,0,Strategic,Standard,232,-0.001,0.04,,,,,-0.04,,0,0,0.538,0.462,24,28,25,28,1,0,100.0,1,6.0,3.0,2.08,1.4,1.4,19.3,,,,,,pitcher
FF,2024-08-31,93.6,-2.04,5.05,"Black, Mason",660821,696131,strikeout,called_strike,,,,,3,Jesús Sánchez called out on strikes.,R,L,R,SF,MIA,S,2.0,,1,2,2024,-0.78,1.32,0.5882501741903747,3.069485453221352,,,,1,1,Top,,,,,,,8.627046577323698,-136.0680366691151,-2.3419687003404643,-11.489400467148576,28.051565482217747,-15.348723909699054,3.50245874979162,1.75073322864325,,,,95.1,2194,7.1,745296,672275,592192,689172,656305,666149,671218,573262,666464,53.45,,0.0,0.0,1.0,0.0,0.0,,2,5,4-Seam Fastball,0,0,0,0,0,0,0,0,Standard,Standard,236,0.011,-0.182,,,,,0.182,,0,0,0.527,0.473,24,26,25,27,1,0,100.0,2,6.0,1.0,1.27,0.78,-0.78,22.1,,,,,,pitcher
FF,2024-08-31,93.6,-2.09,5.13,"Black, Mason",660821,696131,,foul,,,,,1,,R,L,R,SF,MIA,S,,,1,2,2024,-1.2,1.24,-0.7025428567651999,3.2635806199520427,,,,1,1,Top,,,,,,,6.327175542013743,-136.16557125977732,-1.8608699861525024,-16.345835024115615,28.61138846566767,-16.482073368022096,3.51,1.67,,,,95.2,2211,7.1,745296,672275,592192,689172,656305,666149,671218,573262,666464,53.38,,,,,,,,2,4,4-Seam Fastball,0,0,0,0,0,0,0,0,Standard,Standard,228,0.0,0.0,69.1,6.2,,,0.0,,0,0,0.527,0.473,24,26,25,27,1,0,100.0,2,6.0,1.0,1.35,1.2,-1.2,21.9,-1.4811796386927327,27.45557559312502,18.897050338521534,44.84412264240769,16.498756304186074,pitcher
ST,2024-08-31,81.3,-2.31,4.91,"Black, Mason",660821,696131,,swinging_strike,,,,,14,,R,L,R,SF,MIA,S,,,1,1,2024,0.92,0.14,1.3721294097290089,1.5225451103167718,,,,1,1,Top,,,,,,,6.641033715873011,-118.43234225208674,-1.3346485414188498,7.554736435392392,20.234783808810093,-30.809407343256623,3.51,1.67,,,,83.5,2495,7.4,745296,672275,592192,689172,656305,666149,671218,573262,666464,53.08,,,,,,,,2,3,Sweeper,0,0,0,0,0,0,0,0,Standard,Standard,65,0.004,-0.061,82.8,8.7,0.949684092,,0.061,,0,0,0.523,0.477,24,26,25,27,1,0,100.0,2,6.0,1.0,3.27,-0.92,0.92,16.6,28.9529776540813,-38.68128032682476,41.26297623214895,23.077558866925862,52.29075285309358,pitcher
FF,2024-08-31,92.8,-2.22,5.16,"Black, Mason",660821,696131,,ball,,,,,11,,R,L,R,SF,MIA,B,,,0,1,2024,-0.81,1.26,-0.9343061677309972,3.7998355251689016,,,,1,1,Top,,,,,,,5.163184673250955,-135.18921387938528,-0.5009886003386178,-11.07631918441985,26.39470550586722,-16.731073671585776,3.59708486371825,1.92569078190557,,,,94.7,2224,7.1,745296,672275,592192,689172,656305,666149,671218,573262,666464,53.42,,,,,,,,2,2,4-Seam Fastball,0,0,0,0,0,0,0,0,Standard,Standard,226,-0.001,0.024,,,,,-0.024,,0,0,0.524,0.476,24,26,25,27,1,0,100.0,2,6.0,1.0,1.36,0.81,-0.81,20.4,,,,,,pitcher
FF,2024-08-31,91.8,-2.24,5.13,"Black, Mason",660821,696131,,foul,,,,,3,,R,L,R,SF,MIA,S,,,0,0,2024,-1.13,1.14,0.3021744050514274,3.436664146931804,,,,1,1,Top,,,,,,,8.965212860395937,-133.42309944573836,-0.9418122451392548,-15.399031473826115,26.37083137197612,-18.435337372110173,3.51,1.67,225.0,71.7,31.0,92.8,2040,6.8,745296,672275,592192,689172,656305,666149,671218,573262,666464,53.71,,,,,,,,2,1,4-Seam Fastball,0,0,0,0,0,0,0,0,Standard,Standard,227,0.002,-0.037,73.7,6.5,,,0.037,88.0,0,0,0.522,0.478,24,26,25,27,1,0,100.0,2,6.0,1.0,1.55,1.13,-1.13,22.9,8.477418842765212,8.823645192321608,27.63117127808225,32.00337249332938,23.253437666595723,pitcher
SI,2024-08-31,92.9,-2.14,4.92,"Black, Mason",681393,696131,strikeout,swinging_strike,,,,,6,Connor Norby strikes out swinging.,R,R,R,SF,MIA,S,2.0,,1,2,2024,-1.6,0.52,0.5912479625546967,2.598025755099708,,,,0,1,Top,,,,,,,10.642410672559276,-134.91063178401876,-1.3198454031238402,-21.833008579155063,27.852298926976307,-25.660654646756804,3.41,1.6,,,,94.2,2049,7.1,745296,672275,592192,689172,656305,666149,671218,573262,666464,53.44,,0.0,0.0,1.0,0.0,0.0,,1,4,Sinker,0,0,0,0,0,0,0,0,Strategic,Standard,240,0.015,-0.186,69.6,6.3,0.922745208,,0.186,,0,0,0.507,0.493,24,24,25,24,1,0,100.0,1,6.0,3.0,2.12,1.6,1.6,14.5,-4.723163049884863,33.57520555432384,41.11938902286433,44.43762812906984,8.492953193583842,pitcher
SL,2024-08-31,83.9,-2.31,4.97,"Black, Mason",681393,696131,,ball,,,,,14,,R,R,R,SF,MIA,B,,,0,2,2024,0.36,0.09,1.193111418611526,1.4415530785391804,,,,0,1,Top,,,,,,,7.547045746545831,-122.18645707252784,-2.0699574021529608,2.389661257304025,20.386554726234507,-31.06104383018398,3.42591631956711,1.66307975465055,,,,86.1,2441,7.3,745296,672275,592192,689172,656305,666149,671218,573262,666464,53.17,,,,,,,,1,3,Slider,0,0,0,0,0,0,0,0,Strategic,Standard,56,-0.002,0.023,,,,,-0.023,,0,0,0.509,0.491,24,24,25,24,1,0,100.0,1,6.0,3.0,3.1,-0.36,-0.36,20.7,,,,,,pitcher
SI,2024-08-31,93.0,-2.12,5.09,"Black, Mason",681393,696131,,called_strike,,,,,12,,R,R,R,SF,MIA,S,,,0,1,2024,-1.03,0.72,0.8347901563406077,2.925695049068845,,,,0,1,Top,,,,,,,9.93499975251772,-135.1031236699598,-1.3923549667339743,-14.731065610880137,27.09259873479407,-23.173069693448827,3.43357824018759,1.61640337748056,,,,94.2,2053,6.9,745296,672275,592192,689172,656305,666149,671218,573262,666464,53.6,,,,,,,,1,2,Sinker,0,0,0,0,0,0,0,0,Strategic,Standard,231,0.006,-0.054,,,,,0.054,,0,0,0.503,0.497,24,24,25,24,1,0,100.0,1,6.0,3.0,1.9,1.03,1.03,21.8,,,,,,pitcher
SI,2024-08-31,92.5,-2.25,5.06,"Black, Mason",681393,696131,,called_strike,,,,,3,,R,R,R,SF,MIA,S,,,0,0,2024,-1.08,0.63,0.6999453213334366,3.0910020809933174,,,,0,1,Top,,,,,,,9.993576520274823,-134.36660182886158,-0.6085075033133416,-15.190316521487084,27.153319367865382,-24.56847340602734,3.46921637819906,1.61965415214839,,,,93.9,1968,7.0,745296,672275,592192,689172,656305,666149,671218,573262,666464,53.47,,,,,,,,1,1,Sinker,0,0,0,0,0,0,0,0,Strategic,Standard,233,0.003,-0.037,,,,,0.037,,0,0,0.5,0.5,24,24,25,24,1,0,100.0,1,6.0,3.0,2.03,1.08,1.08,19.9,,,,,,pitcher
FF,2024-05-23,91.5,-1.73,5.32,"Black, Mason",656582,696131,field_out,hit_into_play,,,,,12,Connor Joe lines out to right fielder Mike Yastrzemski.,R,R,R,PIT,SF,X,9.0,line_drive,1,2,2024,-0.62,1.36,0.6100916003515804,3.4938280369376,,457705.0,668804.0,0,5,Bot,170.85,102.75,,,,,7.286917644376194,-133.28682332142492,-1.774546069737939,-8.748530787153253,23.72347011052042,-15.610387798359795,3.25,1.54,265.0,94.5,15.0,92.8,1988,6.6,745500,592200,664774,642731,656305,689172,671218,682641,573262,53.89,0.874,0.846,0.0,1.0,0.0,0.0,4.0,40,5,4-Seam Fastball,5,1,5,1,1,5,5,1,Standard,Standard,223,-0.008,-0.169,67.5,6.3,,1.054,0.169,94.5,4,4,0.948,0.948,24,31,25,32,2,2,6.0,1,100.0,1.0,1.32,0.62,0.62,29.8,-9.765306419844825,6.333207294874971,21.277996384410383,40.939800775575264,23.780166913183248,pitcher
ST,2024-05-23,82.6,-1.93,5.11,"Black, Mason",656582,696131,,blocked_ball,,,,,14,,R,R,R,PIT,SF,B,,,0,2,2024,1.23,-0.27,1.939876514988612,0.5751415117125189,,457705.0,668804.0,0,5,Bot,,,,,,,6.43674240148916,-120.23706407648037,-3.3565869526459005,10.820484094757568,21.965242819640565,-34.354071001008265,3.22667607947929,1.52890096188945,,,,83.1,2621,6.5,745500,592200,664774,642731,656305,689172,671218,682641,573262,54.03,,,,,,,,40,4,Sweeper,5,1,5,1,1,5,5,1,Standard,Standard,38,0.001,0.037,,,,,-0.037,,4,4,0.947,0.947,24,31,25,32,2,2,6.0,1,100.0,1.0,3.59,-1.23,-1.23,25.3,,,,,,pitcher
ST,2024-05-23,81.9,-2.21,5.03,"Black, Mason",656582,696131,,foul,,,,,6,,R,R,R,PIT,SF,S,,,0,2,2024,1.35,-0.21,0.5231984322787839,2.107893948853839,,457705.0,668804.0,0,5,Bot,,,,,,,3.562848205424408,-119.20875710811406,0.3995865217413898,12.129350643993352,23.901464493256945,-34.48542077789796,3.25,1.54,218.0,79.9,53.0,81.8,2597,6.3,745500,592200,664774,642731,656305,689172,671218,682641,573262,54.22,,,,,,,,40,3,Sweeper,5,1,5,1,1,5,5,1,Standard,Standard,52,0.0,0.0,74.7,7.0,,,0.0,88.0,4,4,0.947,0.947,24,31,25,32,2,2,6.0,1,100.0,1.0,3.62,-1.35,-1.35,24.1,2.6347300654011905,5.987950818070261,33.12155319559432,41.03937292802416,30.094029226751363,pitcher
SI,2024-05-23,92.6,-2.3,4.94,"Black, Mason",656582,696131,,called_strike,,,,,9,,R,R,R,PIT,SF,S,,,0,1,2024,-1.17,0.59,0.5421314995720707,1.9074340010961612,,457705.0,668804.0,0,5,Bot,,,,,,,9.776877618401794,-134.58066601569047,-3.249391255917767,-16.28332074269082,26.98277573454773,-24.49537420675771,3.26012076442953,1.59024418718221,,,,92.6,2198,6.2,745500,592200,664774,642731,656305,689172,671218,682641,573262,54.32,,,,,,,,40,2,Sinker,5,1,5,1,1,5,5,1,Standard,Standard,236,-0.003,-0.071,,,,,0.071,,4,4,0.95,0.95,24,31,25,32,2,2,6.0,1,100.0,1.0,2.06,1.17,1.17,19.4,,,,,,pitcher
FF,2024-05-23,92.0,-1.77,5.2,"Black, Mason",656582,696131,,called_strike,,,,,14,,R,R,R,PIT,SF,S,,,0,0,2024,-0.92,1.35,0.95850584949183,2.1471754671405847,,457705.0,668804.0,0,5,Bot,,,,,,,9.024587746299735,-133.74540115192715,-4.940960342671213,-12.884133758296835,25.78983636905827,-14.988113850663884,3.18714038469959,1.5291310233334,,,,93.6,2101,7.0,745500,592200,664774,642731,656305,689172,671218,682641,573262,53.46,,,,,,,,40,1,4-Seam Fastball,5,1,5,1,1,5,5,1,Standard,Standard,227,-0.002,-0.044,,,,,0.044,,4,4,0.952,0.952,24,31,25,32,2,2,6.0,1,100.0,1.0,1.32,0.92,0.92,26.7,,,,,,pitcher
CH,2024-05-23,87.7,-2.28,4.86,"Black, Mason",668804,696131,single,hit_into_play,,,,,13,Bryan Reynolds singles on a line drive to center fielder Luis Matos. Andrew McCutchen to 2nd.,R,L,R,PIT,SF,X,8.0,line_drive,1,2,2024,-1.01,0.42,-0.8863641941507896,1.8435138518178225,,,457705.0,0,5,Bot,125.93,91.38,,,,,5.495729916498759,-127.67797784912231,-2.12255169656857,-12.187737121614598,23.15979081130425,-27.3061867791134,3.07,1.48,211.0,88.2,14.0,88.6,1699,6.6,745500,592200,664774,642731,656305,689172,671218,682641,573262,53.93,0.942,0.911,0.9,1.0,1.0,0.0,4.0,39,4,Changeup,5,1,5,1,1,5,5,1,Standard,Standard,247,0.014,0.506,67.4,6.9,,1.133,-0.506,88.2,4,4,0.938,0.938,24,29,25,29,2,2,6.0,1,100.0,1.0,2.51,1.01,-1.01,17.0,14.145665090383943,6.246799614309058,35.14131193089111,46.19364116215575,28.070324487177437,pitcher
SI,2024-05-23,92.6,-2.38,4.91,"Black, Mason",668804,696131,,foul,,,,,4,,R,L,R,PIT,SF,S,,,1,1,2024,-1.43,0.6,-0.4536032148570097,2.355337754822339,,,457705.0,0,5,Bot,,,,,,,8.044410911926725,-134.58793269375244,-2.0222603302681805,-19.18168813469214,28.857543164006564,-24.59327578983077,3.07,1.48,40.0,57.7,3.0,92.7,2190,6.4,745500,592200,664774,642731,656305,689172,671218,682641,573262,54.13,,,,,,,,39,3,Sinker,5,1,5,1,1,5,5,1,Standard,Standard,237,-0.002,-0.049,75.9,7.4,,,0.049,88.0,4,4,0.94,0.94,24,29,25,29,2,2,6.0,1,100.0,1.0,2.06,1.43,-1.43,18.8,18.535880851300085,-17.60787035791817,40.98904099781523,40.734980787702746,39.6247204762968,pitcher
ST,2024-05-23,81.2,-2.36,5.06,"Black, Mason",668804,696131,,foul_tip,,,,,8,,R,L,R,PIT,SF,S,,,1,0,2024,1.29,-0.44,-0.1176646023588832,1.7932091019164584,,,457705.0,0,5,Bot,,,,,,,2.556744742730003,-118.19698796686542,0.1772855545171221,11.498632494117134,23.84684320549107,-36.55668500327898,3.07,1.48,,,,80.9,2449,6.2,745500,592200,664774,642731,656305,689172,671218,682641,573262,54.32,,,,,,,,39,2,Sweeper,5,1,5,1,1,5,5,1,Standard,Standard,48,-0.001,-0.049,70.5,8.2,,,0.049,,4,4,0.941,0.941,24,29,25,29,2,2,6.0,1,100.0,1.0,3.91,-1.29,1.29,21.5,30.295072750362944,-32.19144121660783,37.49699432501106,38.26385663845966,44.64001113566344,pitcher
CH,2024-05-23,86.6,-2.34,4.91,"Black, Mason",668804,696131,,ball,,,,,11,,R,L,R,PIT,SF,B,,,0,0,2024,-0.96,0.9,-1.5549620613967354,3.233473298447778,,,457705.0,0,5,Bot,,,,,,,3.835168402326207,-126.13633525194184,0.3811673645030968,-11.000947092555958,26.10911798024362,-22.90679689554202,2.97815236336032,1.46429854645389,,,,86.8,1593,6.4,745500,592200,664774,642731,656305,689172,671218,682641,573262,54.08,,,,,,,,39,1,Changeup,5,1,5,1,1,5,5,1,Infield shade,Standard,252,0.001,0.041,,,,,-0.041,,4,4,0.94,0.94,24,29,25,29,2,2,6.0,1,100.0,1.0,2.14,0.96,-0.96,18.7,,,,,,pitcher
ST,2024-05-23,80.5,-2.09,5.09,"Black, Mason",457705,696131,single,hit_into_play,,,,,9,Andrew McCutchen singles on a ground ball to center fielder Luis Matos.,R,R,R,PIT,SF,X,8.0,ground_ball,0,1,2024,1.23,-0.07,0.2824693796693265,1.826520533166976,,,,0,5,Bot,129.03,100.56,,,,,2.9313992807284706,-117.16611725026704,-0.4018433972919801,10.678992854897867,23.447003914611766,-32.96879606941268,3.44,1.66,42.0,88.8,0.0,80.2,2525,6.2,745500,592200,664774,642731,656305,689172,671218,682641,573262,54.3,0.325,0.299,0.9,1.0,1.0,0.0,2.0,38,2,Sweeper,5,1,5,1,1,5,5,1,Strategic,Strategic,54,0.01,0.485,65.5,7.7,,0.347,-0.485,88.8,4,4,0.93,0.93,24,37,25,38,2,2,6.0,1,100.0,1.0,3.6,-1.23,-1.23,23.1,13.36202034022962,12.123421027812707,38.60682959464791,42.12843600110784,17.77328274715068,pitcher
SI,2024-05-23,91.0,-1.99,5.03,"Black, Mason",457705,696131,,foul,,,,,8,,R,R,R,PIT,SF,S,,,0,0,2024,-1.37,0.62,-0.1058755881778681,1.6827283475791477,,,,0,5,Bot,,,,,,,7.706615780136314,-132.29801776791015,-3.876141226034101,-17.66162007214755,26.517507253715863,-24.21164103679919,3.44,1.66,2.0,78.1,-40.0,91.8,2072,6.7,745500,592200,664774,642731,656305,689172,671218,682641,573262,53.82,,,,,,,,38,1,Sinker,5,1,5,1,1,5,5,1,Standard,Strategic,228,-0.001,-0.037,74.9,8.0,,,0.037,88.0,4,4,0.931,0.931,24,37,25,38,2,2,6.0,1,100.0,1.0,2.12,1.37,1.37,22.6,13.2701866245044,-7.454460761472914,39.12548631705262,36.52241018303306,28.80216041243092,pitcher
SI,2024-05-23,93.4,-2.11,4.8,"Black, Mason",678225,696131,field_out,hit_into_play,,,,,2,Ji Hwan Bae lines out to left fielder Heliot Ramos.,R,L,R,PIT,SF,X,7.0,line_drive,2,0,2024,-1.32,0.58,-0.1706850178363166,3.100857381503456,,,,2,4,Bot,61.48,102.78,,,,,8.01186075934221,-135.83276519635902,0.0553853200289181,-18.10743027870408,27.474686192931813,-25.106970929891308,3.05,1.41,288.0,96.1,19.0,94.9,2135,7.0,745500,592200,664774,642731,656305,689172,671218,682641,573262,53.5,0.355,0.398,0.0,1.0,0.0,0.0,4.0,33,3,Sinker,5,1,5,1,1,5,5,1,Standard,Standard,235,-0.005,-0.363,64.1,6.1,,0.584,0.363,96.1,4,4,0.901,0.901,24,24,25,25,2,1,6.0,2,100.0,2.0,2.01,1.32,-1.32,17.5,6.762648185608447,25.067692682663083,20.7071918459745,34.24664090584496,20.108805002754803,pitcher
SI,2024-05-23,93.2,-2.2,5.01,"Black, Mason",678225,696131,,ball,,,,,11,,R,L,R,PIT,SF,B,,,1,0,2024,-1.09,0.76,-0.8691965461046753,2.984809238173616,,,,2,4,Bot,,,,,,,5.94755626223079,-135.634430056589,-1.157202552296269,-14.768272434594984,27.667493015196488,-22.673532322157293,3.19210347498264,1.56071738980692,,,,95.2,2128,7.3,745500,592200,664774,642731,656305,689172,671218,682641,573262,53.21,,,,,,,,33,2,Sinker,5,1,5,1,1,5,5,1,Standard,Standard,235,0.001,0.068,,,,,-0.068,,4,4,0.9,0.9,24,24,25,25,2,1,6.0,2,100.0,2.0,1.85,1.09,-1.09,19.9,,,,,,pitcher
FF,2024-05-23,92.4,-1.9,5.19,"Black, Mason",678225,696131,,ball,,,,,12,,R,L,R,PIT,SF,B,,,0,0,2024,-0.93,1.42,0.898927208317598,3.041434129268085,,,,2,4,Bot,,,,,,,9.25376704470682,-134.3364523091345,-2.7830420716986466,-13.231162075851213,27.8292466617796,-14.525736907472934,3.1750695077121,1.504149408168,,,,93.5,2213,6.9,745500,592200,664774,642731,656305,689172,671218,682641,573262,53.64,,,,,,,,33,1,4-Seam Fastball,5,1,5,1,1,5,5,1,Standard,Standard,230,0.0,0.04,,,,,-0.04,,4,4,0.9,0.9,24,24,25,25,2,1,6.0,2,100.0,2.0,1.25,0.93,-0.93,26.1,,,,,,pitcher
FF,2024-05-23,92.8,-2.08,5.12,"Black, Mason",663698,696131,home_run,hit_into_play,,,,,8,Joey Bart hits a grand slam (4) to center field. Connor Joe scores. Nick Gonzales scores. Jared Triolo scores.,R,R,R,PIT,SF,X,,fly_ball,1,0,2024,-0.93,1.28,0.2170454450254273,2.088610809698004,656582.0,693304.0,669707.0,2,4,Bot,121.72,23.13,,,,,7.97048219018553,-134.86603970730687,-4.792659972094744,-13.086733088766508,28.203543944125038,-15.66888936700045,3.52,1.63,434.0,109.7,28.0,93.4,2111,6.7,745500,592200,664774,642731,656305,689172,671218,682641,573262,53.84,1.0,2.0,2.0,1.0,0.0,3.0,6.0,32,2,4-Seam Fastball,1,1,1,1,1,5,5,1,Strategic,Standard,232,0.3,1.097,83.8,7.8,,4.0,-1.097,109.7,0,0,0.6,0.6,24,27,25,28,2,1,6.0,1,100.0,38.0,1.36,0.93,0.93,27.0,8.427933681107696,5.402604920131063,34.22694565204018,37.56862692845168,34.88019659889161,pitcher
ST,2024-05-23,81.1,-2.21,4.98,"Black, Mason",663698,696131,,ball,,,,,14,,R,R,R,PIT,SF,B,,,0,0,2024,1.34,-0.31,2.266188150497601,1.310467672912245,656582.0,693304.0,669707.0,2,4,Bot,,,,,,,7.424572995685326,-117.8429073153402,-0.8525994560339123,10.745187326435913,25.692533326456743,-35.12736166421469,3.47106063788493,1.62002079635695,,,,80.6,2264,6.4,745500,592200,664774,642731,656305,689172,671218,682641,573262,54.13,,,,,,,,32,1,Sweeper,1,1,1,1,1,1,1,1,Strategic,Standard,40,0.012,0.031,,,,,-0.031,,0,0,0.588,0.588,24,27,25,28,2,1,6.0,1,100.0,38.0,3.83,-1.34,-1.34,21.9,,,,,,pitcher
ST,2024-05-23,82.5,-2.34,5.09,"Black, Mason",642133,696131,field_out,hit_into_play,,,,,4,Rowdy Tellez flies out to left fielder Heliot Ramos.,R,L,R,PIT,SF,X,7.0,fly_ball,0,0,2024,0.72,0.08,-0.3225172717260924,2.78144994106954,656582.0,693304.0,669707.0,1,4,Bot,76.26,132.54,,,,,3.1850852127539726,-120.25085226819247,1.0013477685559686,6.521647337714419,20.658190563543297,-31.720034893303897,3.7,1.65,208.0,92.5,60.0,82.7,2498,6.1,745500,592200,664774,642731,656305,689172,671218,682641,573262,54.41,0.018,0.024,0.0,1.0,0.0,0.0,3.0,31,1,Sweeper,1,1,1,1,1,1,1,1,Standard,Strategic,55,-0.088,-0.138,84.6,7.6,,0.032,0.138,92.5,0,0,0.676,0.676,24,29,25,29,1,1,6.0,4,100.0,6.0,3.22,-0.72,0.72,24.3,6.416811312868665,1.3388218154484488,26.15751503829146,38.412274610276526,35.57154588452869,pitcher
SI,2024-05-23,91.5,-2.27,5.02,"Black, Mason",669707,696131,hit_by_pitch,hit_by_pitch,,,,,11,Jared Triolo hit by pitch. Connor Joe to 3rd. Nick Gonzales to 2nd.,R,R,R,PIT,SF,B,,,1,0,2024,-1.27,0.81,-2.446038105964313,3.840942162867037,,656582.0,693304.0,1,4,Bot,,,,,,,2.3090590550504126,-133.3770755386121,1.1254874972330065,-15.634856918965964,27.210483904364374,-22.94586076011156,3.58,1.66,,,,92.4,1940,6.6,745500,592200,664774,642731,656305,689172,671218,682641,573262,53.89,,0.720192,0.7,1.0,0.0,0.0,,30,2,Sinker,1,1,1,1,1,1,1,1,Standard,Standard,234,0.062,0.307,,,,,-0.307,,0,0,0.614,0.614,24,26,25,26,1,1,6.0,1,100.0,1.0,1.9,1.27,1.27,24.4,,,,,,pitcher
ST,2024-05-23,80.3,-2.36,5.12,"Black, Mason",669707,696131,,ball,,,,,14,,R,R,R,PIT,SF,B,,,0,0,2024,1.07,-0.37,0.9568752844539284,1.7142008653375205,,656582.0,693304.0,1,4,Bot,,,,,,,5.332086418276269,-116.86755196245088,-0.1063072898427501,8.645421673618264,23.95426561732179,-35.72540706672136,3.50110535663541,1.67017701911891,,,,80.2,2440,6.4,745500,592200,664774,642731,656305,689172,671218,682641,573262,54.11,,,,,,,,30,1,Sweeper,1,1,1,1,1,1,1,1,Standard,Standard,54,0.007,0.03,,,,,-0.03,,0,0,0.607,0.607,24,26,25,26,1,1,6.0,1,100.0,1.0,3.93,-1.07,-1.07,25.7,,,,,,pitcher
FF,2024-05-23,93.9,-2.03,5.23,"Black, Mason",693304,696131,walk,ball,,,,,11,Nick Gonzales walks. Connor Joe to 2nd.,R,R,R,PIT,SF,B,,,3,2,2024,-0.86,1.02,-0.4853799576890323,4.301972233735485,,,656582.0,1,4,Bot,,,,,,,5.924752963729186,-136.74235252754346,1.0656393806830464,-12.052263928488037,29.596644856669613,-19.85798016098913,3.38922132102974,1.57902382622505,,,,94.4,1927,6.5,745500,592200,664774,642731,656305,689172,671218,682641,573262,54.0,,0.689131,0.7,1.0,0.0,0.0,,29,7,4-Seam Fastball,1,1,1,1,1,1,1,1,Standard,Standard,231,0.037,0.259,,,,,-0.259,,0,0,0.57,0.57,24,25,25,25,1,1,6.0,1,100.0,1.0,1.56,0.86,0.86,26.9,,,,,,pitcher
FF,2024-05-23,94.6,-2.08,5.24,"Black, Mason",693304,696131,,foul,,,,,11,,R,R,R,PIT,SF,S,,,3,2,2024,-0.98,1.2,-1.076966428824646,3.311985437938614,,,656582.0,1,4,Bot,,,,,,,4.803792858745563,-137.73595932053007,-2.045499945697918,-13.510758587560243,29.30665969520151,-16.631103323029844,3.33,1.5,225.0,75.2,26.0,94.9,2266,6.3,745500,592200,664774,642731,656305,689172,671218,682641,573262,54.18,,,,,,,,29,6,4-Seam Fastball,1,1,1,1,1,1,1,1,Standard,Standard,229,0.0,0.0,67.1,6.2,,,0.0,88.0,0,0,0.57,0.57,24,25,25,25,1,1,6.0,1,100.0,1.0,1.34,0.98,0.98,21.2,14.663410072391914,-5.269505308082239,26.984498193061512,23.887846252779077,27.654176022262963,pitcher
FF,2024-05-23,93.2,-1.87,5.3,"Black, Mason",693304,696131,,swinging_strike,,,,,11,,R,R,R,PIT,SF,S,,,3,1,2024,-0.78,1.38,-0.2098586772903695,3.626055849982733,,,656582.0,1,4,Bot,,,,,,,6.061852803071512,-135.6714552151152,-1.6194343344280098,-10.958091691786676,27.91762225839637,-14.886258669231712,3.33,1.5,,,,94.5,2180,6.9,745500,592200,664774,642731,656305,689172,671218,682641,573262,53.6,,,,,,,,29,5,4-Seam Fastball,1,1,1,1,1,1,1,1,Standard,Standard,224,-0.011,-0.092,45.7,5.4,3.816254616,,0.092,,0,0,0.581,0.581,24,25,25,25,1,1,6.0,1,100.0,1.0,1.23,0.78,0.78,28.2,0.947198513826849,34.11439017891238,29.10460209819004,34.36887908573378,17.819401120472964,pitcher
SI,2024-05-23,94.3,-2.17,5.03,"Black, Mason",693304,696131,,ball,,,,,13,,R,R,R,PIT,SF,B,,,2,1,2024,-1.08,0.85,-0.0905630548429488,1.5484130197896824,,,656582.0,1,4,Bot,,,,,,,7.807319722597153,-137.1282310000941,-5.290891615468674,-15.279923894814774,26.582440399375216,-20.449768064005283,3.42030346829421,1.78954514768847,,,,94.7,2233,6.3,745500,592200,664774,642731,656305,689172,671218,682641,573262,54.22,,,,,,,,29,4,Sinker,1,1,1,1,1,1,1,1,Standard,Standard,238,0.014,0.112,,,,,-0.112,,0,0,0.567,0.567,24,25,25,25,1,1,6.0,1,100.0,1.0,1.69,1.08,1.08,21.2,,,,,,pitcher
FF,2024-05-23,93.6,-2.28,5.24,"Black, Mason",693304,696131,,called_strike,,,,,5,,R,R,R,PIT,SF,S,,,2,0,2024,-0.93,1.39,0.1790401509696283,2.3454019020243067,,,656582.0,1,4,Bot,,,,,,,8.436537369050502,-136.0919486174329,-4.858948705629973,-13.3390510445753,27.74456800982009,-13.98799359321513,3.36453004938274,1.51377590583401,,,,94.3,2265,6.6,745500,592200,664774,642731,656305,689172,671218,682641,573262,53.89,,,,,,,,29,3,4-Seam Fastball,1,1,1,1,1,1,1,1,Standard,Standard,230,-0.009,-0.057,,,,,0.057,,0,0,0.576,0.576,24,25,25,25,1,1,6.0,1,100.0,1.0,1.2,0.93,0.93,25.9,,,,,,pitcher
SI,2024-05-23,93.6,-2.42,4.93,"Black, Mason",693304,696131,,ball,,,,,11,,R,R,R,PIT,SF,B,,,1,0,2024,-1.22,0.51,-0.8640682930579788,3.675005476311029,,,656582.0,1,4,Bot,,,,,,,6.677762340421097,-136.23466456394112,1.2949516460306003,-16.639108112181347,25.565111517992445,-26.234543091367925,3.3410810737868,1.54102404497189,,,,93.7,2116,6.0,745500,592200,664774,642731,656305,689172,671218,682641,573262,54.51,,,,,,,,29,2,Sinker,1,1,1,1,1,1,1,1,Standard,Standard,234,0.009,0.056,,,,,-0.056,,0,0,0.567,0.567,24,25,25,25,1,1,6.0,1,100.0,1.0,2.06,1.22,1.22,18.7,,,,,,pitcher
SI,2024-05-23,94.1,-2.15,5.18,"Black, Mason",693304,696131,,ball,,,,,11,,R,R,R,PIT,SF,B,,,0,0,2024,-1.19,0.78,-0.6202537929785514,4.154399696180754,,,656582.0,1,4,Bot,,,,,,,6.62621826286903,-137.05439546342706,1.22251300840318,-16.45246538233347,25.775109235229955,-22.609036231366016,3.37016964999611,1.55921116269896,,,,94.9,2139,6.4,745500,592200,664774,642731,656305,689172,671218,682641,573262,54.14,,,,,,,,29,1,Sinker,1,1,1,1,1,1,1,1,Standard,Standard,233,0.004,0.036,,,,,-0.036,,0,0,0.563,0.563,24,25,25,25,1,1,6.0,1,100.0,1.0,1.75,1.19,1.19,24.2,,,,,,pitcher
ST,2024-05-23,83.2,-2.17,5.17,"Black, Mason",665833,696131,strikeout,called_strike,,,,,4,Oneil Cruz called out on strikes.,R,L,R,PIT,SF,S,2.0,,0,2,2024,1.39,-0.1,-0.6921277669464374,2.5540631757829506,,,656582.0,0,4,Bot,,,,,,,0.6756902715596138,-121.2176765675949,0.5986579276974744,13.65579406712908,22.18790615581418,-33.4474507270671,3.72980204407852,1.59590624617046,,,,83.2,2611,6.1,745500,592200,664774,642731,656305,689172,671218,682641,573262,54.4,,0.0,0.0,1.0,0.0,0.0,,28,3,Sweeper,1,1,1,1,1,1,1,1,Standard,Standard,50,-0.024,-0.15,,,,,0.15,,0,0,0.587,0.587,24,25,25,26,1,1,6.0,1,100.0,1.0,3.36,-1.39,1.39,23.9,,,,,,pitcher
FF,2024-05-23,93.9,-1.86,5.28,"Black, Mason",665833,696131,,swinging_strike,,,,,6,,R,L,R,PIT,SF,S,,,0,1,2024,-0.87,1.35,0.6727995972057442,2.966952503331111,,,656582.0,0,4,Bot,,,,,,,8.4898081411425,-136.60050099120463,-3.2943384093603534,-12.656482244224556,28.607875970189248,-14.67623282184248,3.81,1.78,,,,94.3,2237,6.4,745500,592200,664774,642731,656305,689172,671218,682641,573262,54.09,,,,,,,,28,2,4-Seam Fastball,1,1,1,1,1,1,1,1,Infield shade,Strategic,227,-0.01,-0.048,73.6,6.1,0.402914544,,0.048,,0,0,0.597,0.597,24,25,25,26,1,1,6.0,1,100.0,1.0,1.22,0.87,-0.87,26.8,-7.365599284564484,14.292399441884887,41.22564889051508,28.252906021593677,18.61230707259133,pitcher
FF,2024-05-23,92.8,-1.9,5.24,"Black, Mason",665833,696131,,called_strike,,,,,9,,R,L,R,PIT,SF,S,,,0,0,2024,-0.78,1.32,0.6203251732240193,1.8417338368205984,,,656582.0,0,4,Bot,,,,,,,8.226748281448542,-134.8918753136259,-5.899242524086791,-11.146788809109188,25.62199188456596,-14.93293375169704,3.9015212612799,1.76370593198433,,,,94.0,2219,6.8,745500,592200,664774,642731,656305,689172,671218,682641,573262,53.71,,,,,,,,28,1,4-Seam Fastball,1,1,1,1,1,1,1,1,Infield shade,Strategic,228,-0.006,-0.042,,,,,0.042,,0,0,0.603,0.603,24,25,25,26,1,1,6.0,1,100.0,1.0,1.31,0.78,-0.78,27.8,,,,,,pitcher
SI,2024-05-23,94.3,-2.27,5.07,"Black, Mason",656582,696131,walk,ball,,,,,8,Connor Joe walks.,R,R,R,PIT,SF,B,,,3,1,2024,-1.13,0.59,-0.2758522768459874,1.4285769001245603,,,,0,4,Bot,,,,,,,7.724264815816774,-137.25688583534446,-5.181254684834912,-15.848332659230426,25.34428642889469,-23.80764710316709,3.22556392530291,1.52614675964622,,,,95.3,2165,6.5,745500,592200,664774,642731,656305,689172,671218,682641,573262,54.02,,0.689131,0.7,1.0,0.0,0.0,,27,5,Sinker,1,1,1,1,1,1,1,1,Strategic,Standard,229,0.026,0.287,,,,,-0.287,,0,0,0.577,0.577,24,31,25,32,1,1,6.0,1,100.0,1.0,1.94,1.13,1.13,21.5,,,,,,pitcher
ST,2024-05-23,79.8,-2.38,5.18,"Black, Mason",656582,696131,,ball,,,,,12,,R,R,R,PIT,SF,B,,,2,1,2024,1.32,-0.08,1.971439396799612,2.9248621223853712,,,,0,4,Bot,,,,,,,7.061526173443495,-115.99085418988976,1.9314960302101805,10.633977151118376,21.50906577500854,-33.53002533945902,3.23800543510836,1.5516459461258,,,,79.6,2565,6.2,745500,592200,664774,642731,656305,689172,671218,682641,573262,54.3,,,,,,,,27,4,Sweeper,1,1,1,1,1,1,1,1,Strategic,Standard,50,0.013,0.122,,,,,-0.122,,0,0,0.564,0.564,24,31,25,32,1,1,6.0,1,100.0,1.0,3.67,-1.32,-1.32,25.5,,,,,,pitcher
ST,2024-05-23,80.8,-2.22,5.16,"Black, Mason",656582,696131,,ball,,,,,14,,R,R,R,PIT,SF,B,,,1,1,2024,1.25,0.02,1.2220572635071334,0.83505252930774,,,,0,4,Bot,,,,,,,5.264135049461718,-117.6782901554626,-3.058553391042082,10.695920278322156,21.83481468468995,-31.62575881069887,3.22582959056788,1.48634837497963,,,,80.8,2524,6.2,745500,592200,664774,642731,656305,689172,671218,682641,573262,54.3,,,,,,,,27,3,Sweeper,1,1,1,1,1,1,1,1,Strategic,Standard,42,0.005,0.053,,,,,-0.053,,0,0,0.559,0.559,24,31,25,32,1,1,6.0,1,100.0,1.0,3.46,-1.25,-1.25,24.0,,,,,,pitcher
SI,2024-05-23,93.6,-2.3,5.07,"Black, Mason",656582,696131,,called_strike,,,,,9,,R,R,R,PIT,SF,S,,,1,0,2024,-1.2,0.6,0.7917687623012637,2.0009779409810564,,,,0,4,Bot,,,,,,,10.71047265191423,-136.00959179522354,-3.564819551086861,-17.14329595010466,26.24994196911512,-24.171737522134244,3.22143581713161,1.55164184735828,,,,94.8,2044,6.8,745500,592200,664774,642731,656305,689172,671218,682641,573262,53.71,,,,,,,,27,2,Sinker,1,1,1,1,1,1,1,1,Strategic,Standard,233,-0.005,-0.049,,,,,0.049,,0,0,0.564,0.564,24,31,25,32,1,1,6.0,1,100.0,1.0,1.99,1.2,1.2,21.2,,,,,,pitcher
ST,2024-05-23,79.6,-2.34,5.17,"Black, Mason",656582,696131,,ball,,,,,14,,R,R,R,PIT,SF,B,,,0,0,2024,1.3,-0.01,1.1181485592263412,1.7854819734408751,,,,0,4,Bot,,,,,,,5.161480031638743,-115.94183587249364,-0.7142688298343262,10.86814454275044,20.356520245615595,-32.2964708869562,3.3085724549983,1.64922083505066,,,,79.9,2490,6.3,745500,592200,664774,642731,656305,689172,671218,682641,573262,54.22,,,,,,,,27,1,Sweeper,1,1,1,1,1,1,1,1,Strategic,Standard,41,0.004,0.038,,,,,-0.038,,0,0,0.56,0.56,24,31,25,32,1,1,6.0,1,100.0,1.0,3.58,-1.3,-1.3,24.9,,,,,,pitcher
SI,2024-05-23,94.6,-2.18,4.98,"Black, Mason",668804,696131,strikeout,called_strike,,,,,8,Bryan Reynolds called out on strikes.,R,L,R,PIT,SF,S,2.0,,2,2,2024,-1.34,0.34,0.0287080309265035,1.7426561885665215,,,,2,3,Bot,,,,,,,8.77344706941424,-137.62891407473828,-3.5979678509159747,-18.881087771855025,27.08758234093068,-27.26187164596169,2.85113222290362,1.40120070352461,,,,95.3,2064,6.5,745500,592200,664774,642731,656305,689172,671218,682641,573262,54.03,,0.0,0.0,1.0,0.0,0.0,,21,5,Sinker,1,0,1,0,0,1,1,0,Standard,Standard,239,-0.009,-0.219,,,,,0.219,,1,1,0.632,0.632,24,29,25,29,1,1,6.0,1,100.0,1.0,2.18,1.34,-1.34,18.5,,,,,,pitcher
ST,2024-05-23,82.7,-2.14,5.13,"Black, Mason",668804,696131,,ball,,,,,13,,R,L,R,PIT,SF,B,,,1,2,2024,1.36,-0.23,-1.9085807138356932,1.9645155683522333,,,,2,3,Bot,,,,,,,-2.124795184366361,-120.50349462555536,-0.2600462196232371,13.6149354103179,24.33294383968851,-34.578538527395466,2.92073039729748,1.43041059787553,,,,82.8,2647,6.4,745500,592200,664774,642731,656305,689172,671218,682641,573262,54.13,,,,,,,,21,4,Sweeper,1,0,1,0,0,1,1,0,Standard,Standard,52,0.002,0.039,,,,,-0.039,,1,1,0.63,0.63,24,29,25,29,1,1,6.0,1,100.0,1.0,3.56,-1.36,1.36,23.9,,,,,,pitcher
ST,2024-05-23,83.1,-2.2,5.03,"Black, Mason",668804,696131,,foul,,,,,5,,R,L,R,PIT,SF,S,,,1,1,2024,1.24,-0.14,-0.1853961725840835,2.0715065613441985,,,,2,3,Bot,,,,,,,2.1931030643396268,-121.01646270505556,0.0117210303315093,11.71598589409119,25.13544377605374,-33.76308810802868,3.07,1.48,10.0,88.5,-12.0,84.0,2586,7.0,745500,592200,664774,642731,656305,689172,671218,682641,573262,53.55,,,,,,,,21,3,Sweeper,1,0,1,0,0,1,1,0,Standard,Standard,50,-0.002,-0.064,70.6,7.4,,,0.064,88.5,1,1,0.632,0.632,24,29,25,29,1,1,6.0,1,100.0,1.0,3.45,-1.24,1.24,19.4,24.17097701351805,-6.171337518236124,39.37927837017541,37.69792861015698,33.779728869336495,pitcher
SI,2024-05-23,91.4,-2.42,4.88,"Black, Mason",668804,696131,,ball,,,,,13,,R,L,R,PIT,SF,B,,,0,1,2024,-1.4,0.01,-1.7170484593989546,1.1022490365674753,,,,2,3,Bot,,,,,,,4.820298964741121,-132.8894012117823,-3.620907635957269,-17.649696084637064,30.88627886092719,-31.43590557940113,2.91648026473541,1.42910798092337,,,,91.4,1563,6.5,745500,592200,664774,642731,656305,689172,671218,682641,573262,53.97,,,,,,,,21,2,Sinker,1,0,1,0,0,1,1,0,Standard,Standard,255,0.0,0.029,,,,,-0.029,,1,1,0.632,0.632,24,29,25,29,1,1,6.0,1,100.0,1.0,2.74,1.4,-1.4,17.2,,,,,,pitcher
ST,2024-05-23,83.1,-2.31,5.11,"Black, Mason",668804,696131,,called_strike,,,,,7,,R,L,R,PIT,SF,S,,,0,0,2024,1.34,-0.47,-0.2959774230043792,1.670375318550115,,,,2,3,Bot,,,,,,,1.987464772295636,-120.8884028320156,-0.361583152051515,12.431152860577065,28.282237203029773,-36.8975327402823,2.86405354910404,1.46497066949363,,,,82.6,2526,6.4,745500,592200,664774,642731,656305,689172,671218,682641,573262,54.08,,,,,,,,21,1,Sweeper,1,0,1,0,0,1,1,0,Infield shade,Standard,49,-0.001,-0.041,,,,,0.041,,1,1,0.633,0.633,24,29,25,29,1,1,6.0,1,100.0,1.0,3.83,-1.34,1.34,18.7,,,,,,pitcher
ST,2024-05-23,83.0,-2.38,5.02,"Black, Mason",457705,696131,field_out,hit_into_play,,,,,6,Andrew McCutchen flies out sharply to center fielder Luis Matos.,R,R,R,PIT,SF,X,8.0,fly_ball,3,2,2024,1.01,-0.03,0.4439728568285014,2.818018225602314,,,,1,3,Bot,150.25,42.66,,,,,4.491314830511919,-120.85268589189864,1.4846240502281245,9.02410737643138,23.688236342060097,-32.984857205380905,3.44,1.66,391.0,100.9,27.0,83.1,2547,6.3,745500,592200,664774,642731,656305,689172,671218,682641,573262,54.15,0.529,1.0164482758620688,0.0,1.0,0.0,0.0,6.0,20,6,Sweeper,1,0,1,0,0,1,1,0,Strategic,Strategic,52,-0.018,-0.332,76.2,7.3,,1.986,0.332,100.9,1,1,0.651,0.651,24,37,25,38,1,1,6.0,1,100.0,1.0,3.34,-1.01,-1.01,21.2,9.615582060726124,7.010062753312512,30.481705092861645,42.75705391231335,21.40290893221117,pitcher
SI,2024-05-23,93.7,-2.13,5.06,"Black, Mason",457705,696131,,ball,,,,,13,,R,R,R,PIT,SF,B,,,2,2,2024,-1.33,0.47,-1.007497021890484,1.432993489242537,,,,1,3,Bot,,,,,,,5.9044321231484895,-136.29987767065177,-4.698517794702879,-17.93600633252644,30.14222924553468,-25.412449024404346,3.51882274700149,1.71334167562055,,,,94.4,2062,6.7,745500,592200,664774,642731,656305,689172,671218,682641,573262,53.78,,,,,,,,20,5,Sinker,1,0,1,0,0,1,1,0,Strategic,Strategic,237,0.005,0.108,,,,,-0.108,,1,1,0.646,0.646,24,37,25,38,1,1,6.0,1,100.0,1.0,2.12,1.33,1.33,19.0,,,,,,pitcher
ST,2024-05-23,82.3,-2.38,5.1,"Black, Mason",457705,696131,,called_strike,,,,,2,,R,R,R,PIT,SF,S,,,2,1,2024,1.11,-0.11,0.2486640476523267,2.957228849149726,,,,1,3,Bot,,,,,,,3.815864965979013,-119.72143575484696,1.934249023309721,9.831300539623705,24.347609214496316,-33.89096222168084,3.40992778702942,1.67131687473885,,,,82.2,2551,6.3,745500,592200,664774,642731,656305,689172,671218,682641,573262,54.16,,,,,,,,20,4,Sweeper,1,0,1,0,0,1,1,0,Standard,Strategic,52,-0.004,-0.078,,,,,0.078,,1,1,0.65,0.65,24,37,25,38,1,1,6.0,1,100.0,1.0,3.5,-1.11,-1.11,20.6,,,,,,pitcher
SI,2024-05-23,95.0,-2.38,4.92,"Black, Mason",457705,696131,,called_strike,,,,,1,,R,R,R,PIT,SF,S,,,2,0,2024,-1.37,0.51,-0.5624603532332451,3.500242498339309,,,,1,3,Bot,,,,,,,7.832663356153639,-138.1410361942835,0.7949376859123461,-19.263515105029636,29.923180869404412,-26.03961972204097,3.4482125993672,1.68259271548882,,,,95.3,2126,6.4,745500,592200,664774,642731,656305,689172,671218,682641,573262,54.06,,,,,,,,20,3,Sinker,1,0,1,0,0,1,1,0,Strategic,Strategic,237,-0.005,-0.065,,,,,0.065,,1,1,0.655,0.655,24,37,25,38,1,1,6.0,1,100.0,1.0,2.01,1.37,1.37,15.2,,,,,,pitcher
FF,2024-05-23,93.4,-1.95,5.29,"Black, Mason",457705,696131,,ball,,,,,12,,R,R,R,PIT,SF,B,,,1,0,2024,-1.08,1.31,1.3586549681768283,2.6890419529013183,,,,1,3,Bot,,,,,,,10.888002164217069,-135.593546617997,-3.8496847055115535,-15.573632990790037,27.479954028858916,-15.325002809280017,3.32790925138563,1.67146603776888,,,,93.7,2228,6.4,745500,592200,664774,642731,656305,689172,671218,682641,573262,54.06,,,,,,,,20,2,4-Seam Fastball,1,0,1,0,0,1,1,0,Strategic,Strategic,232,0.005,0.072,,,,,-0.072,,1,1,0.65,0.65,24,37,25,38,1,1,6.0,1,100.0,1.0,1.3,1.08,1.08,25.3,,,,,,pitcher
SI,2024-05-23,95.1,-2.13,4.91,"Black, Mason",457705,696131,,ball,,,,,12,,R,R,R,PIT,SF,B,,,0,0,2024,-1.36,0.31,2.1702147991453704,3.0189649259351308,,,,1,3,Bot,,,,,,,14.31914135966948,-137.84977017858034,0.020584422434945,-20.446235136267475,29.619804768820643,-28.41359352550109,3.29382671649399,1.64717602145796,,,,95.3,2067,6.5,745500,592200,664774,642731,656305,689172,671218,682641,573262,53.96,,,,,,,,20,1,Sinker,1,0,1,0,0,1,1,0,Strategic,Strategic,232,0.002,0.039,,,,,-0.039,,1,1,0.648,0.648,24,37,25,38,1,1,6.0,1,100.0,1.0,2.22,1.36,1.36,15.8,,,,,,pitcher
SI,2024-05-23,92.8,-2.33,5.09,"Black, Mason",678225,696131,field_out,hit_into_play,,,,,11,"Ji Hwan Bae grounds out, third baseman Matt Chapman to first baseman LaMonte Wade Jr.",R,L,R,PIT,SF,X,5.0,ground_ball,0,1,2024,-0.78,0.64,-0.2257373636865932,3.274254507866586,,,,0,3,Bot,106.0,166.01,,,,,7.119659483875126,-134.9142281598312,-0.236263333193942,-11.117790101115958,30.163432168844217,-24.55518737434966,3.05,1.41,11.0,94.3,-15.0,92.9,2292,6.5,745500,592200,664774,642731,656305,689172,671218,682641,573262,54.05,0.227,0.205,0.0,1.0,0.0,0.0,2.0,19,2,Sinker,1,0,1,0,0,1,1,0,Standard,Standard,229,-0.018,-0.217,61.8,5.6,,0.254,0.217,94.3,1,1,0.666,0.666,24,24,25,25,1,0,6.0,2,100.0,2.0,2.02,0.78,-0.78,22.4,-1.1466115644370818,29.977463182176383,19.004026898328444,35.54582904281629,13.021307781924316,pitcher
SI,2024-05-23,93.7,-2.34,5.0,"Black, Mason",678225,696131,,called_strike,,,,,3,,R,L,R,PIT,SF,S,,,0,0,2024,-1.33,0.59,0.379797057229458,2.6500502895666487,,,,0,3,Bot,,,,,,,9.968147345453495,-136.11930540158164,-1.613740599949363,-18.69330803532188,30.40275263400516,-24.711760710829054,3.1579388324853,1.47208868645225,,,,93.7,2111,6.4,745500,592200,664774,642731,656305,689172,671218,682641,573262,54.11,,,,,,,,19,1,Sinker,1,0,1,0,0,1,1,0,Standard,Standard,234,-0.003,-0.037,,,,,0.037,,1,1,0.669,0.669,24,24,25,25,1,0,6.0,2,100.0,2.0,2.02,1.33,-1.33,16.9,,,,,,pitcher
ST,2024-05-23,83.4,-2.13,5.05,"Black, Mason",663698,696131,field_out,hit_into_play,,,,,9,"Joey Bart grounds out sharply, shortstop Brett Wisely to first baseman LaMonte Wade Jr.",R,R,R,PIT,SF,X,6.0,ground_ball,1,2,2024,0.91,0.06,0.6899096053794834,1.588508071699497,693304.0,,,2,2,Bot,111.88,129.98,,,,,4.721967699480656,-121.41486027690856,-1.6589114609090911,8.04890166473597,23.64004321452582,-31.42435978778772,3.52,1.63,10.0,102.6,-9.0,84.0,2598,6.6,745500,592200,664774,642731,656305,689172,671218,682641,573262,53.89,0.277,0.252,0.0,1.0,0.0,0.0,2.0,14,4,Sweeper,1,0,1,0,0,1,1,0,Strategic,Strategic,52,-0.024,-0.199,75.0,7.7,,0.296,0.199,102.6,1,1,0.636,0.636,24,27,25,28,1,0,6.0,1,100.0,38.0,3.21,-0.91,-0.91,22.0,5.520139679500917,8.453868012769705,37.82483796025036,42.81051232052463,31.315121440484408,pitcher
SI,2024-05-23,94.5,-2.2,5.13,"Black, Mason",663698,696131,,foul,,,,,1,,R,R,R,PIT,SF,S,,,1,1,2024,-1.32,0.49,-0.3592784194589626,3.1223248223561395,693304.0,,,2,2,Bot,,,,,,,7.780479623586547,-137.56072765803066,-0.6641679150804871,-18.39883729148502,28.554217609163103,-25.97448944070933,3.52,1.63,197.0,73.2,53.0,95.3,1830,6.6,745500,592200,664774,642731,656305,689172,671218,682641,573262,53.93,,,,,,,,14,3,Sinker,1,0,1,0,0,1,1,0,Strategic,Strategic,234,-0.008,-0.073,72.1,6.4,,,0.073,88.0,1,1,0.644,0.644,24,27,25,28,1,0,6.0,1,100.0,38.0,2.05,1.32,1.32,17.5,1.46633348626306,11.601764197966231,31.019876460713107,32.38204590786773,23.980359708241146,pitcher
ST,2024-05-23,82.5,-2.47,5.12,"Black, Mason",663698,696131,,foul,,,,,1,,R,R,R,PIT,SF,S,,,1,0,2024,1.03,-0.07,-0.610229852251912,3.211771307803573,693304.0,,,2,2,Bot,,,,,,,2.2319757292623508,-120.1135281262394,2.2884104404794154,9.622322021515206,22.366117951842774,-33.44880367712278,3.52,1.63,142.0,71.2,15.0,83.0,2445,6.5,745500,592200,664774,642731,656305,689172,671218,682641,573262,54.02,,,,,,,,14,2,Sweeper,1,0,1,0,0,1,1,0,Standard,Strategic,51,-0.003,-0.039,25.6,4.5,,,0.039,88.0,1,1,0.647,0.647,24,27,25,28,1,0,6.0,1,100.0,38.0,3.4,-1.03,-1.03,19.9,-20.850859710377712,41.11941734229861,30.603024016494498,31.8695192828656,6.705843467901936,pitcher
FF,2024-05-23,94.8,-2.15,5.32,"Black, Mason",663698,696131,,ball,,,,,3,,R,R,R,PIT,SF,B,,,0,0,2024,-0.98,1.15,0.3523060254034776,3.5464538052606,693304.0,,,2,2,Bot,,,,,,,8.772827587841109,-137.87281088692103,-1.5387178491996851,-14.396939594838624,29.8001476177555,-17.357726940621017,3.45645559077344,1.62701189263636,,,,95.5,2212,6.7,745500,592200,664774,642731,656305,689172,671218,682641,573262,53.82,,,,,,,,14,1,4-Seam Fastball,1,0,1,0,0,1,1,0,Standard,Standard,231,0.001,0.032,,,,,-0.032,,1,1,0.646,0.646,24,27,25,28,1,0,6.0,1,100.0,38.0,1.38,0.98,0.98,26.4,,,,,,pitcher
SI,2024-05-17,90.2,-1.87,5.42,"Black, Mason",607732,696131,hit_by_pitch,hit_by_pitch,,,,,11,Jacob Stallings hit by pitch.,R,R,R,SF,COL,B,,,0,0,2024,-1.4,0.61,-1.3389959073521245,3.51821854183745,,,,0,4,Top,,,,,,,4.308717614930823,-131.25962326166552,-0.0499356225421837,-17.085816673138755,28.293340211343978,-25.34025691600527,3.32,1.55,,,,90.5,1972,6.5,745335,666165,664774,642731,656305,682617,671218,682641,573262,53.98,,0.720192,0.7,1.0,0.0,0.0,,29,1,Sinker,1,4,4,1,4,1,4,1,Strategic,Standard,232,-0.02,0.451,,,,,-0.451,,-3,3,0.186,0.814,24,34,25,35,2,1,6.0,2,6.0,2.0,2.2,1.4,1.4,23.3,,,,,,pitcher
SL,2024-05-17,84.2,-1.91,5.36,"Black, Mason",595909,696131,field_out,hit_into_play,,,,,5,Jake Cave flies out to center fielder Luis Matos.,R,L,R,SF,COL,X,8.0,fly_ball,0,0,2024,0.02,0.0,0.1988759474027341,2.6182823434682634,,,641857.0,2,3,Top,118.16,61.36,,,,,4.862544907246659,-122.444725544873,0.0696700503951721,-0.812134775838141,25.952926697659827,-32.3766940449416,3.34,1.62,341.0,97.0,40.0,84.3,2246,6.5,745335,666165,664774,642731,656305,682617,671218,682641,573262,53.97,0.092,0.188,0.0,1.0,0.0,0.0,3.0,24,1,Slider,1,4,4,1,4,1,4,1,Infield shade,Standard,111,0.014,-0.271,74.6,7.2,,0.349,0.271,97.0,-3,3,0.222,0.778,24,31,25,32,2,1,6.0,2,6.0,1.0,3.23,-0.02,0.02,25.1,14.761374599737778,0.0254386357264941,32.804648999018426,37.34241312505549,32.708466481582875,pitcher
SL,2024-05-17,84.2,-1.74,5.57,"Black, Mason",686668,696131,strikeout,called_strike,,,,,14,Brenton Doyle called out on strikes.,R,R,R,SF,COL,S,2.0,,0,2,2024,0.22,-0.15,1.014479657153456,2.488200141444844,,,641857.0,1,3,Top,,,,,,,5.988312821637577,-122.49080480039122,-0.4506305380404088,0.9870125719166624,24.822142760615023,-33.79288573538563,3.34673654238712,1.68058179402897,,,,84.6,2445,6.6,745335,666165,664774,642731,656305,682617,671218,682641,573262,53.91,,0.0,0.0,1.0,0.0,0.0,,23,3,Slider,1,4,4,1,4,1,4,1,Standard,Standard,56,0.011,-0.159,,,,,0.159,,-3,3,0.211,0.789,24,26,25,26,2,1,6.0,2,6.0,1.0,3.37,-0.22,-0.22,26.1,,,,,,pitcher
FF,2024-05-17,91.3,-1.76,5.61,"Black, Mason",686668,696131,,foul,,,,,11,,R,R,R,SF,COL,S,,,0,1,2024,-1.01,1.2,-0.1765666604733026,3.531796115557393,,,641857.0,1,3,Top,,,,,,,6.217131762119717,-132.85887893391265,-1.915516956286675,-13.374131142298378,29.78292987882821,-17.741259896703426,3.37,1.61,235.0,73.0,50.0,91.6,2032,6.6,745335,666165,664774,642731,656305,682617,671218,682641,573262,53.93,,,,,,,,23,2,4-Seam Fastball,1,4,4,1,4,1,4,1,Standard,Standard,223,0.004,-0.052,72.4,6.9,,,0.052,88.0,-3,3,0.207,0.793,24,26,25,26,2,1,6.0,2,6.0,1.0,1.54,1.01,1.01,30.6,11.727806208843331,5.382295343333531,24.429483278258797,35.05488249790789,22.311256531407555,pitcher
SI,2024-05-17,91.7,-1.95,5.3,"Black, Mason",686668,696131,,foul,,,,,5,,R,R,R,SF,COL,S,,,0,0,2024,-1.54,0.57,-0.107318907176716,2.23508856238722,,,641857.0,1,3,Top,,,,,,,8.0654106526173,-133.3475082257232,-3.1522713402718168,-20.126612100928774,28.211870381513982,-24.84854489127771,3.37,1.61,231.0,77.3,31.0,92.4,2090,6.7,745335,666165,664774,642731,656305,682617,671218,682641,573262,53.78,,,,,,,,23,1,Sinker,1,4,4,1,4,1,4,1,Standard,Standard,229,0.003,-0.04,62.8,7.1,,,0.04,88.0,-3,3,0.204,0.796,24,26,25,26,2,1,6.0,2,6.0,1.0,2.14,1.54,1.54,20.0,-1.240868391039526,16.11155842655842,33.312868835746364,36.20130110133984,13.377461180043966,pitcher
SI,2024-05-17,90.7,-1.98,5.32,"Black, Mason",663898,696131,field_out,hit_into_play,,,,,1,Brendan Rodgers pops out to first baseman LaMonte Wade Jr.,R,R,R,SF,COL,X,3.0,popup,3,1,2024,-1.35,0.64,-0.7898713118534908,3.288001301357219,,,641857.0,0,3,Top,153.97,165.88,,,,,5.898305742037445,-131.9561389555234,-0.4955094505172391,-16.975800126358344,29.573745060566708,-24.847247751682183,3.42,1.57,109.0,78.5,69.0,91.1,2096,6.7,745335,666165,664774,642731,656305,682617,671218,682641,573262,53.83,0.005,0.006,0.0,1.0,0.0,0.0,3.0,22,5,Sinker,1,4,4,1,4,1,4,1,Standard,Standard,227,0.031,-0.39,69.3,6.2,,0.008,0.39,88.0,-3,3,0.173,0.827,24,27,25,28,2,1,6.0,2,6.0,1.0,2.14,1.35,1.35,24.1,-0.4407500815106983,-0.0423682686896567,22.143349681531813,29.2161724638264,32.675260730171175,pitcher
FF,2024-05-17,91.1,-1.79,5.52,"Black, Mason",663898,696131,,called_strike,,,,,2,,R,R,R,SF,COL,S,,,3,0,2024,-0.96,1.41,0.2224847210030667,3.2169510807139954,,,641857.0,0,3,Top,,,,,,,7.153855674245832,-132.42358396873672,-2.8632857570344448,-12.865641396927115,31.210826777590714,-15.230243672627036,3.44206495534038,1.64087705232698,,,,91.2,2188,6.7,745335,666165,664774,642731,656305,682617,671218,682641,573262,53.83,,,,,,,,22,4,4-Seam Fastball,1,4,4,1,4,1,4,1,Standard,Standard,221,0.007,-0.078,,,,,0.078,,-3,3,0.166,0.834,24,27,25,28,2,1,6.0,2,6.0,1.0,1.36,0.96,0.96,28.3,,,,,,pitcher
ST,2024-05-17,79.6,-2.01,5.35,"Black, Mason",663898,696131,,ball,,,,,12,,R,R,R,SF,COL,B,,,2,0,2024,1.43,0.13,1.189657795770941,2.597084603595923,,,641857.0,0,3,Top,,,,,,,4.353872750859425,-115.8424238664467,0.4762109971845654,11.970456815526369,22.33499886791474,-31.281933727811555,3.44206495534038,1.58250551858441,,,,79.9,2490,6.6,745335,666165,664774,642731,656305,682617,671218,682641,573262,53.94,,,,,,,,22,3,Sweeper,1,4,4,1,4,1,4,1,Standard,Standard,52,-0.01,0.113,,,,,-0.113,,-3,3,0.176,0.824,24,27,25,28,2,1,6.0,2,6.0,1.0,3.47,-1.43,-1.43,23.0,,,,,,pitcher
SI,2024-05-17,91.8,-1.85,5.22,"Black, Mason",663898,696131,,ball,,,,,14,,R,R,R,SF,COL,B,,,1,0,2024,-1.47,0.54,0.6459016923015028,1.0599563936329408,,,641857.0,0,3,Top,,,,,,,9.534361074429462,-133.2171338716863,-5.822663500169105,-19.53039590838613,28.527541818577912,-24.67100474635289,3.44206495534038,1.64087705232698,,,,92.1,2136,6.6,745335,666165,664774,642731,656305,682617,671218,682641,573262,53.91,,,,,,,,22,2,Sinker,1,4,4,1,4,1,4,1,Standard,Standard,227,-0.006,0.068,,,,,-0.068,,-3,3,0.182,0.818,24,27,25,28,2,1,6.0,2,6.0,1.0,2.18,1.47,1.47,21.9,,,,,,pitcher
ST,2024-05-17,79.3,-1.88,5.33,"Black, Mason",663898,696131,,ball,,,,,14,,R,R,R,SF,COL,B,,,0,0,2024,1.23,0.28,1.010091419914299,1.539825409304972,,,641857.0,0,3,Top,,,,,,,4.012702973019053,-115.28160781392631,-1.91393519412144,9.985825826082063,25.159886359529725,-29.534400604513248,3.44206495534038,1.61168822815127,,,,79.1,2457,6.6,745335,666165,664774,642731,656305,682617,671218,682641,573262,53.9,,,,,,,,22,1,Sweeper,1,4,4,1,4,1,4,1,Standard,Standard,40,-0.003,0.041,,,,,-0.041,,-3,3,0.185,0.815,24,27,25,28,2,1,6.0,2,6.0,1.0,3.4,-1.23,-1.23,24.6,,,,,,pitcher
ST,2024-05-17,79.8,-2.05,5.22,"Black, Mason",641857,696131,single,hit_into_play,,,,,13,Ryan McMahon singles on a sharp line drive to right fielder Mike Yastrzemski.,R,L,R,SF,COL,X,9.0,line_drive,1,2,2024,1.24,-0.06,-0.0621050576350634,0.8485319236881828,,,,0,3,Top,176.38,86.62,,,,,2.047756146067898,-116.17767739269584,-2.73172141920892,10.765163224781396,23.03655169584956,-32.424317272726114,3.51,1.64,231.0,102.9,12.0,79.9,2570,6.5,745335,666165,664774,642731,656305,682617,671218,682641,573262,54.02,0.932,0.928,0.9,1.0,1.0,0.0,4.0,21,4,Sweeper,1,4,4,1,4,1,4,1,Standard,Standard,45,-0.025,0.516,72.4,8.1,,1.2,-0.516,102.9,-3,3,0.21,0.79,24,29,25,30,2,1,6.0,2,6.0,1.0,3.66,-1.24,1.24,19.9,11.289241516385207,-5.85369683490877,46.40191745341347,41.94975786731075,27.53300571704754,pitcher
ST,2024-05-17,79.2,-1.86,5.22,"Black, Mason",641857,696131,,called_strike,,,,,4,,R,L,R,SF,COL,S,,,1,1,2024,0.99,0.32,-0.6835172562388379,2.772030383789632,,,,0,3,Top,,,,,,,0.7168253404713395,-115.37691833868364,0.7966660661216052,8.754244441119189,20.898028811108524,-29.61904418676008,3.53217361512814,1.64087705232698,,,,79.5,2440,6.4,745335,666165,664774,642731,656305,682617,671218,682641,573262,54.15,,,,,,,,21,3,Sweeper,1,4,4,1,4,1,4,1,Standard,Standard,61,0.003,-0.056,,,,,0.056,,-3,3,0.207,0.793,24,29,25,30,2,1,6.0,2,6.0,1.0,3.29,-0.99,0.99,23.5,,,,,,pitcher
FF,2024-05-17,89.7,-1.61,5.49,"Black, Mason",641857,696131,,called_strike,,,,,1,,R,L,R,SF,COL,S,,,1,0,2024,-1.15,1.11,-0.2901610231319385,3.2426433718014347,,,,0,3,Top,,,,,,,5.700013206868619,-130.5709576877045,-1.9627974629831424,-14.293070999040888,26.188155659458765,-19.213314704358176,3.57219185274834,1.75769391462429,,,,90.3,2041,6.5,745335,666165,664774,642731,656305,682617,671218,682641,573262,53.97,,,,,,,,21,2,4-Seam Fastball,1,4,4,1,4,1,4,1,Standard,Standard,223,0.003,-0.049,,,,,0.049,,-3,3,0.204,0.796,24,29,25,30,2,1,6.0,2,6.0,1.0,1.71,1.15,-1.15,26.8,,,,,,pitcher
FF,2024-05-17,89.9,-1.8,5.43,"Black, Mason",641857,696131,,ball,,,,,11,,R,L,R,SF,COL,B,,,0,0,2024,-0.95,1.25,-0.7589530578175503,4.029741627791023,,,,0,3,Top,,,,,,,4.609911635875112,-130.87920114063567,-0.1390578693269716,-11.882679453911528,27.761426541063347,-17.973528750906787,3.57219185274834,1.69927312837989,,,,90.2,2144,6.5,745335,666165,664774,642731,656305,682617,671218,682641,573262,54.03,,,,,,,,21,1,4-Seam Fastball,1,4,4,1,4,1,4,1,Standard,Standard,224,-0.002,0.038,,,,,-0.038,,-3,3,0.206,0.794,24,29,25,30,2,1,6.0,2,6.0,1.0,1.57,0.95,-0.95,27.1,,,,,,pitcher
SI,2024-05-17,92.3,-1.88,5.36,"Black, Mason",678662,696131,field_out,hit_into_play,,,,,1,"Ezequiel Tovar grounds out, shortstop Marco Luciano to first baseman LaMonte Wade Jr.",R,R,R,SF,COL,X,6.0,ground_ball,0,0,2024,-1.54,0.67,-0.700543490061887,2.6482187413939924,,,,2,2,Top,123.85,171.1,,,,,6.387854159318774,-134.29386257968014,-2.553919759987153,-20.033399859463223,28.63908347714384,-23.672775613940324,3.1,1.4,6.0,61.2,-21.0,92.8,2230,6.6,745335,666165,664774,642731,656305,682617,671218,682641,573262,53.92,0.053,0.062,0.0,1.0,0.0,0.0,2.0,16,1,Sinker,1,4,4,1,4,1,4,1,Standard,Standard,230,0.007,-0.256,61.4,6.3,,0.055,0.256,88.0,-3,3,0.246,0.754,24,22,25,23,2,1,6.0,2,6.0,1.0,2.0,1.54,1.54,22.9,-1.172380543850158,15.073003358344591,37.13902875139453,24.598900210139192,15.636162935691573,pitcher
FF,2024-05-17,91.3,-1.75,5.45,"Black, Mason",453568,696131,field_out,hit_into_play,,,,,1,Charlie Blackmon lines out to right fielder Mike Yastrzemski.,R,L,R,SF,COL,X,9.0,line_drive,1,2,2024,-1.05,1.31,-0.6652447829725676,2.942968705816074,,,,1,2,Top,171.18,106.13,,,,,5.027047691208249,-132.8390707465851,-3.242621667851344,-13.530103015482227,30.072046438455256,-16.153936290727096,3.51,1.61,257.0,79.7,21.0,91.5,2234,6.5,745335,666165,664774,642731,656305,682617,671218,682641,573262,53.96,0.813,0.758,0.0,1.0,0.0,0.0,4.0,15,4,4-Seam Fastball,1,4,4,1,4,1,4,1,Infield shade,Standard,224,0.007,-0.182,67.9,7.1,,0.912,0.182,88.0,-3,3,0.239,0.761,24,37,25,38,2,1,6.0,2,6.0,1.0,1.43,1.05,-1.05,25.7,9.21996291004512,-11.206904498516067,24.259331402689025,45.0093497113598,36.08845263250082,pitcher
FF,2024-05-17,92.6,-1.62,5.49,"Black, Mason",453568,696131,,swinging_strike,,,,,6,,R,L,R,SF,COL,S,,,1,1,2024,-0.93,1.46,0.5733202614910305,2.893982827369077,,,,1,2,Top,,,,,,,7.66805553409058,-134.60137587512915,-3.991950949338278,-13.039305621658078,30.94492503167217,-13.771435978223586,3.51,1.61,,,,92.7,2284,6.5,745335,666165,664774,642731,656305,682617,671218,682641,573262,53.96,,,,,,,,15,3,4-Seam Fastball,1,4,4,1,4,1,4,1,Infield shade,Standard,223,0.003,-0.061,61.3,5.5,0.539688468,,0.061,,-3,3,0.236,0.764,24,37,25,38,2,1,6.0,2,6.0,1.0,1.22,0.93,-0.93,27.2,-11.077922331997382,19.448595972541906,36.11339369626554,30.80944516570662,15.636222194525365,pitcher
FF,2024-05-17,91.9,-1.79,5.57,"Black, Mason",453568,696131,,ball,,,,,12,,R,L,R,SF,COL,B,,,0,1,2024,-0.85,1.29,0.4165065402160862,3.85431730715044,,,,1,2,Top,,,,,,,7.483345754213054,-133.70692609371196,-1.295595696797344,-11.88013333661591,29.7276476626732,-16.61444829312908,3.63130062877237,1.84537179351641,,,,92.3,2179,6.6,745335,666165,664774,642731,656305,682617,671218,682641,573262,53.87,,,,,,,,15,2,4-Seam Fastball,1,4,4,1,4,1,4,1,Infield shade,Standard,226,-0.001,0.024,,,,,-0.024,,-3,3,0.237,0.763,24,37,25,38,2,1,6.0,2,6.0,1.0,1.41,0.85,-0.85,35.3,,,,,,pitcher
ST,2024-05-17,79.6,-1.98,5.43,"Black, Mason",453568,696131,,called_strike,,,,,5,,R,L,R,SF,COL,S,,,0,0,2024,1.52,-0.17,-0.0817712128523726,2.4821291284094578,,,,1,2,Top,,,,,,,1.3172271405610148,-115.85623222960986,0.6422587414664498,13.39808122218167,22.855094818596875,-34.05245595184228,3.52717452566269,1.66277269578249,,,,79.6,2469,6.4,745335,666165,664774,642731,656305,682617,671218,682641,573262,54.12,,,,,,,,15,1,Sweeper,1,4,4,1,4,1,4,1,Infield shade,Standard,51,0.001,-0.037,,,,,0.037,,-3,3,0.236,0.764,24,37,25,38,2,1,6.0,2,6.0,1.0,3.78,-1.52,1.52,25.6,,,,,,pitcher
ST,2024-05-17,81.0,-2.01,5.39,"Black, Mason",687597,696131,home_run,hit_into_play,,,,,9,Jordan Beck homers (2) on a fly ball to center field.,R,R,R,SF,COL,X,,fly_ball,0,1,2024,1.48,-0.06,0.3910646636360675,2.159441345001822,,,,1,2,Top,120.39,33.41,,,,,2.5416510656861173,-118.02214141320631,-0.5149416679595831,13.44401773073944,21.55397630701025,-32.80900439863401,3.51,1.65,410.0,104.1,29.0,81.6,2470,6.5,745335,666165,664774,642731,656305,682617,671218,682641,573262,53.96,0.72,1.4283636363636365,2.0,1.0,0.0,3.0,6.0,14,2,Sweeper,1,3,3,1,4,1,4,1,Standard,Standard,47,-0.086,1.62,73.4,7.9,,2.804,-1.62,104.1,-2,2,0.322,0.678,24,23,25,23,1,0,6.0,2,6.0,1.0,3.51,-1.48,-1.48,24.6,11.339050838644448,-5.904922815512743,30.268695003439152,43.97554375758298,33.89784460288087,pitcher
SI,2024-05-17,91.3,-1.9,5.24,"Black, Mason",687597,696131,,foul,,,,,7,,R,R,R,SF,COL,S,,,0,0,2024,-1.37,0.54,-0.3090322909745133,1.92190240692993,,,,1,2,Top,,,,,,,7.003581985324253,-132.78182504530704,-3.654545896529614,-17.758343618871294,27.69353725397108,-25.173653765142586,3.51,1.65,245.0,82.5,45.0,91.9,1916,6.6,745335,666165,664774,642731,656305,682617,671218,682641,573262,53.91,,,,,,,,14,1,Sinker,1,3,3,1,3,1,3,1,Standard,Standard,235,0.002,-0.037,67.1,7.5,,,0.037,88.0,-2,2,0.32,0.68,24,23,25,23,1,0,6.0,2,6.0,1.0,2.19,1.37,1.37,20.9,-2.25799747605854,4.660254146143753,39.796075887990696,38.11713953940793,22.550462224766683,pitcher
SI,2024-05-17,91.3,-1.96,5.24,"Black, Mason",660707,696131,field_out,hit_into_play,,,,,4,Elehuris Montero flies out to right fielder Mike Yastrzemski.,R,R,R,SF,COL,X,9.0,fly_ball,1,1,2024,-1.45,0.53,-0.3339304147810888,2.153956535602797,,,,0,2,Top,155.35,76.13,,,,,7.253690099166841,-132.73012062684757,-2.995618706776849,-18.73033903953935,29.38802841780533,-25.50389466116256,3.21,1.59,314.0,95.3,43.0,91.5,1947,6.6,745335,666165,664774,642731,656305,682617,671218,682641,573262,53.94,0.008,0.012,0.0,1.0,0.0,0.0,3.0,13,3,Sinker,1,3,3,1,3,1,3,1,Strategic,Standard,233,0.017,-0.243,75.9,7.3,,0.025,0.243,95.3,-2,2,0.303,0.697,24,25,25,26,1,0,6.0,2,6.0,1.0,2.22,1.45,1.45,20.4,6.599448274022416,-16.54489511760522,39.84458797540694,26.21781730317554,33.24608015921251,pitcher
ST,2024-05-17,80.9,-1.93,5.23,"Black, Mason",660707,696131,,ball,,,,,14,,R,R,R,SF,COL,B,,,0,1,2024,1.29,-0.27,2.1716020300348395,0.8179304269241259,,,,0,2,Top,,,,,,,6.715957472487194,-117.56564942631684,-2.551237516839804,10.36714444366961,26.03100732446817,-34.345010910844806,3.2565812348034,1.57521079414591,,,,80.8,2435,6.7,745335,666165,664774,642731,656305,682617,671218,682641,573262,53.83,,,,,,,,13,2,Sweeper,1,3,3,1,3,1,3,1,Strategic,Standard,51,-0.002,0.025,,,,,-0.025,,-2,2,0.305,0.695,24,25,25,26,1,0,6.0,2,6.0,1.0,3.81,-1.29,-1.29,23.5,,,,,,pitcher
ST,2024-05-17,80.2,-2.04,5.35,"Black, Mason",660707,696131,,called_strike,,,,,9,,R,R,R,SF,COL,S,,,0,0,2024,0.87,-0.05,0.4751229113396154,2.1579206948999627,,,,0,2,Top,,,,,,,3.923234194410153,-116.67120683927872,-0.1663915440131722,7.069611656140017,24.57597160176689,-32.85644738270748,3.38766385861136,1.60439197833367,,,,80.1,2368,6.5,745335,666165,664774,642731,656305,682617,671218,682641,573262,54.01,,,,,,,,13,1,Sweeper,1,3,3,1,3,1,3,1,Strategic,Standard,43,0.003,-0.037,,,,,0.037,,-2,2,0.302,0.698,24,25,25,26,1,0,6.0,2,6.0,1.0,3.63,-0.87,-0.87,23.5,,,,,,pitcher
ST,2024-05-17,80.8,-2.1,5.34,"Black, Mason",607732,696131,field_out,hit_into_play,,,,,6,Jacob Stallings pops out to first baseman LaMonte Wade Jr.,R,R,R,SF,COL,X,3.0,popup,1,0,2024,0.94,0.48,0.5917293792489293,2.3870436742781926,,663898.0,,2,1,Top,151.54,164.06,,,,,4.219937985053009,-117.64202305202116,-0.8192338176936855,7.851317463897022,23.425527907611315,-27.80999268760952,3.32,1.55,103.0,78.7,70.0,81.1,2415,6.6,745335,666165,664774,642731,656305,682617,671218,682641,573262,53.92,0.005,0.007,0.0,1.0,0.0,0.0,3.0,7,2,Sweeper,0,3,3,0,3,0,3,0,Strategic,Standard,48,0.022,-0.315,70.7,7.9,,0.009,0.315,88.0,-3,3,0.245,0.755,24,34,25,35,1,0,6.0,2,6.0,2.0,3.02,-0.94,-0.94,21.8,4.747029335724807,-12.583894035428422,34.761251945700366,42.72709378348054,36.56344880623838,pitcher
SI,2024-05-17,91.7,-1.92,5.33,"Black, Mason",607732,696131,,ball,,,,,14,,R,R,R,SF,COL,B,,,0,0,2024,-1.44,0.81,0.7939941834132864,1.0669705720634683,,663898.0,,2,1,Top,,,,,,,9.977364532500223,-133.01264919754755,-6.597380531436954,-19.294798363821656,31.00149837336445,-21.202637006237044,3.41716944732896,1.66277269578249,,,,91.5,2096,6.5,745335,666165,664774,642731,656305,682617,671218,682641,573262,53.97,,,,,,,,7,1,Sinker,0,3,3,0,3,0,3,0,Standard,Standard,229,-0.001,0.014,,,,,-0.014,,-3,3,0.246,0.754,24,34,25,35,1,0,6.0,2,6.0,2.0,1.94,1.44,1.44,22.3,,,,,,pitcher
FF,2024-05-17,93.0,-1.9,5.29,"Black, Mason",595909,696131,field_out,hit_into_play,,,,,2,Jake Cave lines out to left fielder Heliot Ramos.,R,L,R,SF,COL,X,7.0,line_drive,0,2,2024,-0.98,1.1,-0.0936828923521994,2.9705075978539703,,663898.0,,1,1,Top,61.95,93.77,,,,,6.809156483547725,-135.23655763296335,-2.518597225880652,-13.528849816059642,32.876108925462,-18.419464348615566,3.34,1.62,305.0,94.2,20.0,93.0,2272,6.6,745335,666165,664774,642731,656305,682617,671218,682641,573262,53.89,0.3,0.329,0.0,1.0,0.0,0.0,4.0,6,3,4-Seam Fastball,0,3,3,0,3,0,3,0,Standard,Standard,227,0.013,-0.161,,,,0.497,0.161,94.2,-3,3,0.233,0.767,24,31,25,32,1,0,6.0,2,6.0,1.0,1.57,0.98,-0.98,24.1,,,,,,pitcher
ST,2024-05-17,82.0,-1.99,5.35,"Black, Mason",595909,696131,,foul,,,,,14,,R,L,R,SF,COL,S,,,0,1,2024,1.0,-0.14,0.5920077451742235,1.34049205184162,,663898.0,,1,1,Top,,,,,,,3.928704512216789,-119.43737160752724,-2.262127590467165,8.778502283655802,22.94450491925389,-33.260969518073566,3.34,1.62,245.0,88.7,20.0,82.5,2329,6.6,745335,666165,664774,642731,656305,682617,671218,682641,573262,53.93,,,,,,,,6,2,Sweeper,0,3,3,0,3,0,3,0,Infield shade,Standard,43,0.006,-0.065,66.7,8.0,,,0.065,88.7,-3,3,0.227,0.773,24,31,25,32,1,0,6.0,2,6.0,1.0,3.52,-1.0,1.0,23.9,21.996118798094592,-19.886170362516427,46.10457664644078,33.75070235330154,39.96354707820723,pitcher
SL,2024-05-17,85.2,-1.91,5.28,"Black, Mason",595909,696131,,foul,,,,,14,,R,L,R,SF,COL,S,,,0,0,2024,0.07,0.04,1.1466261713515262,2.1243389094447145,,663898.0,,1,1,Top,,,,,,,7.0737815618709,-124.06276996722758,-1.2864334892609048,-0.4686549382959026,21.42401190874512,-31.67072293515649,3.34,1.62,7.0,78.4,-17.0,86.2,2376,6.6,745335,666165,664774,642731,656305,682617,671218,682641,573262,53.94,,,,,,,,6,1,Slider,0,3,3,0,3,0,3,0,Standard,Standard,36,0.003,-0.036,63.6,7.2,,,0.036,88.0,-3,3,0.224,0.776,24,31,25,32,1,0,6.0,2,6.0,1.0,3.06,-0.07,0.07,23.1,11.617060478887636,-7.825176929062464,43.43339435931191,26.61443068026005,33.15504426639491,pitcher
FF,2024-05-17,92.3,-1.75,5.41,"Black, Mason",686668,696131,strikeout,swinging_strike,,,,,12,Brenton Doyle strikes out swinging.,R,R,R,SF,COL,S,2.0,,0,2,2024,-0.99,1.28,0.2195676021135633,3.7734036205888417,,663898.0,,0,1,Top,,,,,,,7.204106835726694,-134.2982832099715,-1.1643857489161251,-13.461002972350991,27.674388043391623,-16.603462266065367,3.37,1.61,,,,93.0,2104,6.6,745335,666165,664774,642731,656305,682617,671218,682641,573262,53.92,,0.0,0.0,1.0,0.0,0.0,,5,3,4-Seam Fastball,0,3,3,0,3,0,3,0,Standard,Standard,225,0.015,-0.206,72.0,6.2,1.156008372,,0.206,,-3,3,0.209,0.791,24,26,25,26,1,0,6.0,2,6.0,1.0,1.39,0.99,0.99,26.3,6.740642526052136,31.43288806197381,21.090550690165298,40.12621475998103,6.8040570632694095,pitcher
ST,2024-05-17,80.1,-2.08,5.32,"Black, Mason",686668,696131,,foul,,,,,6,,R,R,R,SF,COL,S,,,0,1,2024,1.41,-0.11,0.3662624396029281,2.495403776058608,,663898.0,,0,1,Top,,,,,,,2.747886631154979,-116.6511967452996,0.6923383140773425,12.29568674978056,22.36322794211197,-33.568767259187744,3.37,1.61,201.0,72.1,34.0,80.4,2655,6.5,745335,666165,664774,642731,656305,682617,671218,682641,573262,53.98,,,,,,,,5,2,Sweeper,0,3,3,0,3,0,3,0,Standard,Standard,58,0.006,-0.067,68.7,6.0,,,0.067,88.0,-3,3,0.203,0.797,24,26,25,26,1,0,6.0,2,6.0,1.0,3.67,-1.41,-1.41,22.7,-10.459583238339652,28.958785654257035,31.41552838290721,41.92793883346562,9.71071279274939,pitcher
SI,2024-05-17,91.5,-1.83,5.23,"Black, Mason",686668,696131,,swinging_strike,,,,,11,,R,R,R,SF,COL,S,,,0,0,2024,-1.41,0.7,-0.9965302971035248,3.8224203532876535,,663898.0,,0,1,Top,,,,,,,5.16591764571731,-133.19902810131123,0.8532426369189929,-17.86806070519841,29.790214323944788,-24.34043404868068,3.37,1.61,,,,91.8,2045,6.5,745335,666165,664774,642731,656305,682617,671218,682641,573262,53.97,,,,,,,,5,1,Sinker,0,3,3,0,3,0,3,0,Standard,Standard,232,0.004,-0.035,38.9,4.1,4.164103464,,0.035,,-3,3,0.199,0.801,24,26,25,26,1,0,6.0,2,6.0,1.0,2.03,1.41,1.41,22.5,-20.317356910167774,66.29987735391718,34.97184876806933,25.815085263890573,-1.0888748415656275,pitcher
SI,2024-05-17,91.6,-1.9,5.19,"Black, Mason",663898,696131,double,hit_into_play,,,,,7,Brendan Rodgers doubles (7) on a ground ball to left fielder Heliot Ramos. Ryan McMahon scores.,R,R,R,SF,COL,X,7.0,ground_ball,1,0,2024,-1.35,0.55,-0.5035918343106929,1.8485496002370432,,641857.0,,0,1,Top,59.97,105.84,,,,,6.455607790658877,-133.1808333989257,-3.75591156360479,-17.470174064990342,28.668376963809127,-25.071887667089907,3.42,1.57,82.0,111.1,3.0,91.8,1989,6.5,745335,666165,664774,642731,656305,682617,671218,682641,573262,54.04,0.639,0.609,1.25,1.0,1.0,1.0,4.0,4,2,Sinker,0,2,2,0,3,0,3,0,Standard,Standard,234,-0.067,0.688,76.8,7.4,,0.734,-0.688,111.1,-2,2,0.266,0.734,24,27,25,28,1,0,6.0,2,6.0,1.0,2.18,1.35,1.35,19.8,5.77337734856222,-11.46698682406015,37.86816429612461,31.475910463489328,38.510632167281,pitcher
SI,2024-05-17,92.2,-1.97,5.32,"Black, Mason",663898,696131,,ball,,,,,11,,R,R,R,SF,COL,B,,,0,0,2024,-1.31,0.56,-1.3504744586295028,2.886587686771013,,641857.0,,0,1,Top,,,,,,,4.456427414050397,-134.3217477406476,-1.6229742470377135,-16.83457394226332,27.837587446587317,-25.203636627362776,3.45508845264021,1.66277269578249,,,,93.0,1949,6.6,745335,666165,664774,642731,656305,682617,671218,682641,573262,53.9,,,,,,,,4,1,Sinker,0,2,2,0,2,0,2,0,Standard,Standard,235,-0.002,0.038,,,,,-0.038,,-2,2,0.268,0.732,24,27,25,28,1,0,6.0,2,6.0,1.0,2.1,1.31,1.31,23.9,,,,,,pitcher
ST,2024-05-17,81.0,-2.0,5.26,"Black, Mason",641857,696131,double,hit_into_play,,,,,6,Ryan McMahon doubles (10) on a sharp fly ball to right fielder Mike Yastrzemski. Charlie Blackmon scores. Ezequiel Tovar scores.,R,L,R,SF,COL,X,9.0,fly_ball,3,2,2024,1.19,0.04,0.6747545376238396,2.5031308020039327,453568.0,678662.0,,0,1,Top,203.35,62.7,,,,,3.723626333166228,-117.92084023948816,0.3890141016077133,10.38152226010608,22.452614526153283,-32.052750596731954,3.51,1.64,385.0,108.2,22.0,81.3,2381,6.5,745335,666165,664774,642731,656305,682617,671218,682641,573262,54.03,0.85,1.6141935483870968,1.25,1.0,1.0,1.0,6.0,3,8,Sweeper,0,0,0,0,2,0,2,0,Standard,Standard,47,-0.093,0.64,73.6,6.7,,3.116,-0.64,108.2,0,0,0.361,0.639,24,29,25,30,1,0,6.0,2,6.0,1.0,3.43,-1.19,1.19,22.3,7.111032481674116,-2.386263988407673,43.398657221975526,31.919860491848443,29.06634632211508,pitcher
FF,2024-05-17,93.4,-1.88,5.47,"Black, Mason",641857,696131,,ball,,,,,11,,R,L,R,SF,COL,B,,,2,2,2024,-0.94,1.1,-0.8602508374251778,4.542967188384552,453568.0,678662.0,,0,1,Top,,,,,,,4.714423033039059,-135.87342591819305,0.9910223165742426,-12.660436990070751,31.284092652314403,-19.088290475667847,3.54918974390078,1.60439197833367,,,,93.6,1967,6.5,745335,666165,664774,642731,656305,682617,671218,682641,573262,53.95,,,,,,,,3,7,4-Seam Fastball,0,0,0,0,0,0,0,0,Standard,Standard,226,-0.011,0.086,,,,,-0.086,,0,0,0.372,0.628,24,29,25,30,1,0,6.0,2,6.0,1.0,1.53,0.94,-0.94,26.5,,,,,,pitcher
ST,2024-05-17,81.8,-2.13,5.35,"Black, Mason",641857,696131,,foul,,,,,4,,R,L,R,SF,COL,S,,,2,2,2024,1.39,0.04,-0.4189856145723214,2.533782274732832,453568.0,678662.0,,0,1,Top,,,,,,,1.1826593596410162,-119.14085202486156,0.1592246836214967,12.988962371631928,23.917694803611056,-32.06288354254563,3.51,1.64,143.0,65.0,30.0,82.1,2557,6.5,745335,666165,664774,642731,656305,682617,671218,682641,573262,53.96,,,,,,,,3,6,Sweeper,0,0,0,0,0,0,0,0,Standard,Standard,45,0.0,0.0,70.4,7.0,,,0.0,88.0,0,0,0.372,0.628,24,29,25,30,1,0,6.0,2,6.0,1.0,3.37,-1.39,1.39,24.8,3.75800821826982,9.594522167640998,37.28882726644986,44.39952482583055,18.601139399792423,pitcher
SL,2024-05-17,87.1,-2.09,5.34,"Black, Mason",641857,696131,,foul,,,,,8,,R,L,R,SF,COL,S,,,2,2,2024,0.15,0.02,0.0755040026898451,2.0239837466409543,453568.0,678662.0,,0,1,Top,,,,,,,4.927820852671174,-126.82122815112088,-1.9010539411749647,0.7120477519784679,23.615049166995256,-31.76635810038826,3.51,1.64,202.0,84.0,58.0,87.9,2275,6.5,745335,666165,664774,642731,656305,682617,671218,682641,573262,53.96,,,,,,,,3,5,Slider,0,0,0,0,0,0,0,0,Standard,Standard,120,0.0,0.0,84.7,7.2,,,0.0,88.0,0,0,0.372,0.628,24,29,25,30,1,0,6.0,2,6.0,1.0,2.96,-0.15,0.15,28.4,9.182790815614991,-1.3220678999511144,45.68681489632533,38.96974084095886,27.4162565272568,pitcher
SI,2024-05-17,93.5,-1.91,5.21,"Black, Mason",641857,696131,,foul,,,,,8,,R,L,R,SF,COL,S,,,2,1,2024,-1.37,0.6,0.1557369447777756,2.19421445166817,453568.0,678662.0,,0,1,Top,,,,,,,8.373247638195787,-135.8553669228025,-3.316359867624993,-18.795460780129773,31.599175724329424,-24.211051817795767,3.51,1.64,224.0,78.6,44.0,93.6,2206,6.6,745335,666165,664774,642731,656305,682617,671218,682641,573262,53.94,,,,,,,,3,4,Sinker,0,0,0,0,0,0,0,0,Standard,Standard,236,0.009,-0.075,73.2,6.6,,,0.075,88.0,0,0,0.363,0.637,24,29,25,30,1,0,6.0,2,6.0,1.0,2.03,1.37,-1.37,20.9,-4.162133993126042,13.654044725157682,44.57990638477292,38.52665547362565,17.406883447127147,pitcher
FF,2024-05-17,91.0,-2.04,5.38,"Black, Mason",641857,696131,,ball,,,,,11,,R,L,R,SF,COL,B,,,1,1,2024,-1.12,1.29,-0.8913029551639153,3.971234987447417,453568.0,678662.0,,0,1,Top,,,,,,,5.302667264611422,-132.34563320166637,-0.3524117889120421,-14.288134468178193,30.330525311123623,-17.2439067594407,3.59435422034566,1.72117801846851,,,,91.1,2078,6.6,745335,666165,664774,642731,656305,682617,671218,682641,573262,53.93,,,,,,,,3,3,4-Seam Fastball,0,0,0,0,0,0,0,0,Standard,Standard,224,-0.004,0.059,,,,,-0.059,,0,0,0.367,0.633,24,29,25,30,1,0,6.0,2,6.0,1.0,1.48,1.12,-1.12,21.9,,,,,,pitcher
FF,2024-05-17,92.5,-1.98,5.33,"Black, Mason",641857,696131,,ball,,,,,11,,R,L,R,SF,COL,B,,,0,1,2024,-1.1,1.19,-1.3088977956835477,4.120715198537391,453568.0,678662.0,,0,1,Top,,,,,,,4.137444937140938,-134.7901559142516,0.0955725664905814,-14.301888299174305,28.168947289723988,-17.89416752185686,3.54779695109642,1.63408992678026,,,,93.2,1987,6.5,745335,666165,664774,642731,656305,682617,671218,682641,573262,53.95,,,,,,,,3,2,4-Seam Fastball,0,0,0,0,0,0,0,0,Standard,Standard,230,-0.005,-0.016,,,,,0.016,,0,0,0.372,0.628,24,29,25,30,1,0,6.0,2,6.0,1.0,1.46,1.1,-1.1,24.3,,,,,,pitcher
ST,2024-05-17,81.0,-2.16,5.36,"Black, Mason",641857,696131,,foul,,,,,2,,R,L,R,SF,COL,S,,,0,0,2024,1.02,-0.14,0.2584265724536781,2.953532914340424,453568.0,678662.0,,0,1,Top,,,,,,,3.467786969404609,-118.031394990134,1.4885518853926196,8.97724707871344,21.17708118716608,-34.004754671213604,3.51,1.64,136.0,64.0,19.0,81.5,2393,6.4,745335,666165,664774,642731,656305,682617,671218,682641,573262,54.05,,,,,,,,3,1,Sweeper,0,0,0,0,0,0,0,0,Standard,Standard,51,0.007,-0.04,61.5,5.8,,,0.04,88.0,0,0,0.365,0.635,24,29,25,30,1,0,6.0,2,6.0,1.0,3.59,-1.02,1.02,21.8,-11.2759593058049,25.43963871906998,37.62879823642684,35.33963677352623,12.539159083939364,pitcher
SI,2024-05-17,92.6,-2.08,5.23,"Black, Mason",678662,696131,double,hit_into_play,,,,,4,Ezequiel Tovar doubles (12) on a ground ball to left fielder Heliot Ramos. Charlie Blackmon to 3rd.,R,R,R,SF,COL,X,7.0,ground_ball,3,1,2024,-1.49,0.74,-0.3484251947157144,2.1546225034444646,,,453568.0,0,1,Top,56.27,113.51,,,,,7.715094848346573,-134.61704136790863,-3.658818219327415,-19.84657252745687,29.119946952690093,-22.596981864265324,3.1,1.4,134.0,95.3,8.0,93.1,2221,6.6,745335,666165,664774,642731,656305,682617,671218,682641,573262,53.89,0.605,0.559,1.25,1.0,1.0,1.0,4.0,2,5,Sinker,0,0,0,0,0,0,0,0,Standard,Standard,233,-0.077,0.589,76.4,7.9,,0.674,-0.589,95.3,0,0,0.442,0.558,24,22,25,23,1,0,6.0,2,6.0,1.0,1.92,1.49,1.49,21.7,13.492002798236609,-15.159137805897949,41.99950516998876,28.419373452057062,28.357598491532148,pitcher
ST,2024-05-17,80.7,-2.18,5.35,"Black, Mason",678662,696131,,ball,,,,,12,,R,R,R,SF,COL,B,,,2,1,2024,1.45,0.11,0.5375881942451037,3.727803375623629,,,453568.0,0,1,Top,,,,,,,3.3030904065952447,-117.51341688064248,2.8746539018294275,12.745865470688836,22.964591903148037,-31.9750938554039,3.09354353659187,1.34247992904411,,,,80.9,2505,6.5,745335,666165,664774,642731,656305,682617,671218,682641,573262,54.01,,,,,,,,2,4,Sweeper,0,0,0,0,0,0,0,0,Standard,Standard,53,-0.017,0.109,,,,,-0.109,,0,0,0.459,0.541,24,22,25,23,1,0,6.0,2,6.0,1.0,3.4,-1.45,-1.45,22.4,,,,,,pitcher
SI,2024-05-17,91.8,-2.0,5.31,"Black, Mason",678662,696131,,foul,,,,,11,,R,R,R,SF,COL,S,,,2,0,2024,-1.29,0.84,-0.9450649499909124,3.156892863851138,,,453568.0,0,1,Top,,,,,,,5.493479509601821,-133.55466327985576,-1.4128033560222064,-16.591568073930166,29.41364532694739,-22.019694772639305,3.1,1.4,189.0,66.4,27.0,92.2,2173,6.6,745335,666165,664774,642731,656305,682617,671218,682641,573262,53.92,,,,,,,,2,3,Sinker,0,0,0,0,0,0,0,0,Standard,Standard,235,0.011,-0.074,44.0,5.2,,,0.074,88.0,0,0,0.448,0.552,24,22,25,23,1,0,6.0,2,6.0,1.0,1.87,1.29,1.29,23.6,-3.0176076890764576,25.663237447664685,32.61664631337108,21.131117353882026,9.1546097666961,pitcher
ST,2024-05-17,81.1,-2.25,5.21,"Black, Mason",678662,696131,,ball,,,,,12,,R,R,R,SF,COL,B,,,1,0,2024,0.99,-0.03,1.2398824373668678,2.281966074019708,,,453568.0,0,1,Top,,,,,,,5.918684905338144,-117.90427691603402,0.2079666260518429,7.995132338802145,24.105097036821228,-32.74349254858262,3.09354353659187,1.34247992904411,,,,81.1,2351,6.5,745335,666165,664774,642731,656305,682617,671218,682641,573262,54.0,,,,,,,,2,2,Sweeper,0,0,0,0,0,0,0,0,Standard,Standard,50,-0.011,0.068,,,,,-0.068,,0,0,0.459,0.541,24,22,25,23,1,0,6.0,2,6.0,1.0,3.52,-0.99,-0.99,20.4,,,,,,pitcher
SI,2024-05-17,92.9,-2.01,5.37,"Black, Mason",678662,696131,,ball,,,,,14,,R,R,R,SF,COL,B,,,0,0,2024,-1.33,0.61,1.276420439063605,2.031239991198308,,,453568.0,0,1,Top,,,,,,,11.345552404412372,-134.7583121597352,-4.115974810675242,-18.61437183901039,28.288624925281407,-23.947533480883468,3.0411329151782,1.4882095985304,,,,93.2,2133,6.6,745335,666165,664774,642731,656305,682617,671218,682641,573262,53.91,,,,,,,,2,1,Sinker,0,0,0,0,0,0,0,0,Standard,Standard,229,-0.005,0.041,,,,,-0.041,,0,0,0.464,0.536,24,22,25,23,1,0,6.0,2,6.0,1.0,2.04,1.33,1.33,24.9,,,,,,pitcher
CH,2024-05-17,86.7,-2.12,5.27,"Black, Mason",453568,696131,single,hit_into_play,,,,,4,Charlie Blackmon singles on a ground ball to right fielder Mike Yastrzemski.,R,L,R,SF,COL,X,9.0,ground_ball,1,1,2024,-1.36,0.49,-0.4213187424982874,2.736188517534538,,,,0,1,Top,178.22,117.37,,,,,6.854245890557497,-126.08024365437514,-0.8592807276109293,-15.847256742971473,24.765181120527767,-27.01449071622289,3.51,1.61,58.0,99.2,1.0,87.1,1685,6.5,745335,666165,664774,642731,656305,682617,671218,682641,573262,53.98,0.482,0.448,0.9,1.0,1.0,0.0,4.0,1,3,Changeup,0,0,0,0,0,0,0,0,Infield shade,Standard,245,-0.037,0.46,72.1,7.3,,0.536,-0.46,99.2,0,0,0.501,0.499,24,37,25,38,1,0,6.0,2,6.0,1.0,2.54,1.36,-1.36,19.2,15.698310568817009,-7.7389380352304284,27.383195418021057,42.5169344581385,36.34872909162429,pitcher
FF,2024-05-17,91.7,-2.1,5.48,"Black, Mason",453568,696131,,called_strike,,,,,2,,R,L,R,SF,COL,S,,,1,0,2024,-1.13,1.33,-0.1635408817806991,3.3403435469566247,,,,0,1,Top,,,,,,,7.369007439789653,-133.3371370058183,-2.3920621427930757,-15.07427810471036,30.376637965106298,-16.09211481101042,3.55211003785682,1.69248482862564,,,,91.9,2279,6.6,745335,666165,664774,642731,656305,682617,671218,682641,573262,53.92,,,,,,,,1,2,4-Seam Fastball,0,0,0,0,0,0,0,0,Infield shade,Standard,230,0.005,-0.049,,,,,0.049,,0,0,0.496,0.504,24,37,25,38,1,0,6.0,2,6.0,1.0,1.4,1.13,-1.13,26.9,,,,,,pitcher
SI,2024-05-17,91.3,-2.26,5.35,"Black, Mason",453568,696131,,ball,,,,,13,,R,L,R,SF,COL,B,,,0,0,2024,-1.46,0.43,-1.0821357705996524,1.7370083886437764,,,,0,1,Top,,,,,,,6.127018705222074,-132.80076225416775,-4.128646763538602,-18.571805423496752,29.166175457096493,-26.378133053428943,3.5358249797772,1.72169152857758,,,,91.4,1991,6.4,745335,666165,664774,642731,656305,682617,671218,682641,573262,54.05,,,,,,,,1,1,Sinker,0,0,0,0,0,0,0,0,Infield shade,Standard,238,-0.004,0.038,,,,,-0.038,,0,0,0.5,0.5,24,37,25,38,1,0,6.0,2,6.0,1.0,2.31,1.46,-1.46,20.0,,,,,,pitcher
FF,2024-05-11,90.3,-1.72,5.4,"Black, Mason",663697,696131,walk,ball,,,,,14,Jonathan India walks. Jeimer Candelario to 2nd.,R,R,R,SF,CIN,B,,,3,1,2024,-1.19,1.06,0.9317939338982926,1.7916657217548932,,,600869.0,1,5,Top,,,,,,,9.219384365501323,-131.28112340846522,-5.453585244870445,-15.47828207352478,21.452642018809787,-18.9531865717934,3.25273706659095,1.55584716151658,,,,91.9,2070,6.8,745344,672275,664774,642731,656305,669477,671218,666149,573262,53.68,,0.689131,0.7,1.0,0.0,0.0,,36,5,4-Seam Fastball,4,1,1,4,1,4,1,4,Standard,Standard,219,-0.026,0.167,,,,,-0.167,,3,-3,0.815,0.185,24,27,25,28,2,1,5.0,1,6.0,1.0,1.69,1.19,1.19,25.5,,,,,,pitcher
FF,2024-05-11,90.9,-1.73,5.43,"Black, Mason",663697,696131,,called_strike,,,,,12,,R,R,R,SF,CIN,S,,,3,0,2024,-0.91,1.14,0.0833650460621728,3.546270430236468,,,600869.0,1,5,Top,,,,,,,6.540974656096773,-132.41988280352567,-1.389841842213145,-12.02098319497522,22.01855977167068,-18.49721583823397,3.23921427971988,1.44042816416706,,,,92.4,1909,6.6,745344,672275,664774,642731,656305,669477,671218,666149,573262,53.87,,,,,,,,36,4,4-Seam Fastball,4,1,1,4,1,4,1,4,Standard,Standard,228,0.008,-0.047,,,,,0.047,,3,-3,0.807,0.193,24,27,25,28,2,1,5.0,1,6.0,1.0,1.57,0.91,0.91,27.0,,,,,,pitcher
SI,2024-05-11,90.0,-1.77,5.05,"Black, Mason",663697,696131,,blocked_ball,,,,,14,,R,R,R,SF,CIN,B,,,2,0,2024,-1.57,0.76,0.281209251014759,0.3465879798309565,,,600869.0,1,5,Top,,,,,,,8.457443495649512,-130.64477745788545,-7.365583195338338,-19.710211767002303,25.49756098034376,-22.13373972451,3.33403749408144,1.55006418981492,,,,90.7,2000,6.7,745344,672275,664774,642731,656305,669477,671218,666149,573262,53.83,,,,,,,,36,3,Sinker,4,1,1,4,1,4,1,4,Standard,Standard,231,-0.013,0.102,,,,,-0.102,,3,-3,0.82,0.18,24,27,25,28,2,1,5.0,1,6.0,1.0,2.05,1.57,1.57,19.3,,,,,,pitcher
SI,2024-05-11,90.3,-1.76,5.13,"Black, Mason",663697,696131,,ball,,,,,14,,R,R,R,SF,CIN,B,,,1,0,2024,-1.61,0.7,1.1175434634476398,2.347431011053022,,,600869.0,1,5,Top,,,,,,,10.64071379091464,-131.116964120773,-2.5339450619484545,-20.6617441285267,24.278998829773634,-23.676324628900723,3.30074277967235,1.51775844752766,,,,91.4,2054,6.8,745344,672275,664774,642731,656305,669477,671218,666149,573262,53.74,,,,,,,,36,2,Sinker,4,1,1,4,1,4,1,4,Standard,Standard,227,-0.009,0.056,,,,,-0.056,,3,-3,0.829,0.171,24,27,25,28,2,1,5.0,1,6.0,1.0,2.08,1.61,1.61,20.3,,,,,,pitcher
SI,2024-05-11,90.2,-1.77,5.25,"Black, Mason",663697,696131,,ball,,,,,11,,R,R,R,SF,CIN,B,,,0,0,2024,-1.33,0.46,-0.621659150574676,4.094676587478569,,,600869.0,1,5,Top,,,,,,,5.7353455392142045,-131.3506438576677,2.0581548326716947,-16.654906071018434,24.39841725348212,-27.3747414433568,3.26928749634826,1.45648022276965,,,,91.3,1898,6.7,745344,672275,664774,642731,656305,669477,671218,666149,573262,53.84,,,,,,,,36,1,Sinker,4,1,1,4,1,4,1,4,Standard,Standard,233,-0.004,0.036,,,,,-0.036,,3,-3,0.833,0.167,24,27,25,28,2,1,5.0,1,6.0,1.0,2.31,1.33,1.33,23.2,,,,,,pitcher
ST,2024-05-11,77.6,-1.89,5.21,"Black, Mason",666181,696131,field_out,hit_into_play,,,,,7,Will Benson flies out to left fielder Heliot Ramos.,R,L,R,SF,CIN,X,7.0,fly_ball,1,2,2024,1.57,-0.14,-0.4967557863665734,2.194783690412112,,,600869.0,0,5,Top,77.52,129.25,,,,,0.1241512773395125,-113.06710414189068,0.706452037223851,13.440768718274494,20.016487258957454,-33.74823667058033,3.7,1.79,213.0,73.9,50.0,78.1,2422,6.5,745344,672275,664774,642731,656305,669477,671218,666149,573262,54.01,0.103,0.101,0.0,1.0,0.0,0.0,3.0,35,6,Sweeper,4,1,1,4,1,4,1,4,Infield shade,Strategic,66,0.027,-0.189,68.7,8.2,,0.132,0.189,88.0,3,-3,0.806,0.194,24,26,25,26,2,1,5.0,1,6.0,1.0,3.91,-1.57,1.57,21.0,11.466633288347232,-0.1983617187874634,34.258517829725605,46.61861002131441,23.32174277422388,pitcher
FF,2024-05-11,91.8,-1.73,5.45,"Black, Mason",666181,696131,,ball,,,,,11,,R,L,R,SF,CIN,B,,,0,2,2024,-1.3,1.17,-1.454259964714287,3.9938912717573904,,,600869.0,0,5,Top,,,,,,,3.537354113217744,-133.7168082517479,-0.400591394106044,-16.390613865672663,27.41610152219566,-18.16337920097278,3.66534786820693,1.70850284945363,,,,92.5,2073,6.5,745344,672275,664774,642731,656305,669477,671218,666149,573262,53.95,,,,,,,,35,5,4-Seam Fastball,4,1,1,4,1,4,1,4,Infield shade,Strategic,223,-0.004,0.033,,,,,-0.033,,3,-3,0.81,0.19,24,26,25,26,2,1,5.0,1,6.0,1.0,1.51,1.3,-1.3,26.3,,,,,,pitcher
FF,2024-05-11,90.8,-1.63,5.29,"Black, Mason",666181,696131,,foul,,,,,6,,R,L,R,SF,CIN,S,,,0,2,2024,-1.34,1.16,0.2956144497785593,2.7750494003945687,,,600869.0,0,5,Top,,,,,,,7.729282277502357,-132.02965709058458,-2.903401439911818,-17.23021070187437,26.09037888711861,-18.18499772561273,3.7,1.79,193.0,75.5,63.0,91.7,2124,6.7,745344,672275,664774,642731,656305,669477,671218,666149,573262,53.76,,,,,,,,35,4,4-Seam Fastball,4,1,1,4,1,4,1,4,Infield shade,Strategic,226,0.0,0.0,70.0,7.5,,,0.0,88.0,3,-3,0.81,0.19,24,26,25,26,2,1,5.0,1,6.0,1.0,1.6,1.34,-1.34,25.0,14.18024892650671,-11.696952652909165,37.231384843027975,36.39473547435338,24.09295903476863,pitcher
ST,2024-05-11,80.9,-1.85,5.16,"Black, Mason",666181,696131,,foul,,,,,7,,R,L,R,SF,CIN,S,,,0,2,2024,0.83,0.02,-0.5170446742728596,1.8256864957866017,,,600869.0,0,5,Top,,,,,,,1.3970962430394565,-117.90633712498196,-0.8674575762731251,7.533684680716752,21.755096117551247,-32.06581889593245,3.7,1.79,1.0,49.0,-55.0,81.7,2452,6.7,745344,672275,664774,642731,656305,669477,671218,666149,573262,53.84,,,,,,,,35,3,Sweeper,4,1,1,4,1,4,1,4,Infield shade,Strategic,66,0.0,0.0,69.8,8.7,,,0.0,88.0,3,-3,0.81,0.19,24,26,25,26,2,1,5.0,1,6.0,1.0,3.45,-0.83,0.83,23.7,29.586767290395844,-18.532663498699076,37.14120432365243,46.307640590625766,34.69716203059928,pitcher
ST,2024-05-11,79.3,-1.74,5.21,"Black, Mason",666181,696131,,called_strike,,,,,9,,R,L,R,SF,CIN,S,,,0,1,2024,1.08,0.06,0.3196838917106395,1.5946916723743758,,,600869.0,0,5,Top,,,,,,,2.5319689725367067,-115.5152721865453,-1.2501038854227993,9.173306552456596,21.429141599969824,-31.63314430885608,3.71996270776607,1.67099795001862,,,,80.4,2458,7.0,745344,672275,664774,642731,656305,669477,671218,666149,573262,53.53,,,,,,,,35,2,Sweeper,4,1,1,4,1,4,1,4,Infield shade,Strategic,63,0.009,-0.048,,,,,0.048,,3,-3,0.801,0.199,24,26,25,26,2,1,5.0,1,6.0,1.0,3.56,-1.08,1.08,22.9,,,,,,pitcher
ST,2024-05-11,77.4,-1.79,5.14,"Black, Mason",666181,696131,,called_strike,,,,,9,,R,L,R,SF,CIN,S,,,0,0,2024,1.37,-0.08,0.495376665934323,1.5981822540040609,,,600869.0,0,5,Top,,,,,,,2.400765120363339,-112.77353851873494,-0.4942390179095666,11.232877216667958,20.466305782766373,-32.97774353706192,3.67218765332894,1.65357619941732,,,,78.0,2388,6.6,745344,672275,664774,642731,656305,669477,671218,666149,573262,53.89,,,,,,,,35,1,Sweeper,4,1,1,4,1,4,1,4,Infield shade,Strategic,64,0.006,-0.042,,,,,0.042,,3,-3,0.795,0.205,24,26,25,26,2,1,5.0,1,6.0,1.0,3.87,-1.37,1.37,22.0,,,,,,pitcher
FF,2024-05-11,90.1,-1.65,5.29,"Black, Mason",600869,696131,walk,ball,,,,,14,Jeimer Candelario walks.,R,L,R,SF,CIN,B,,,3,1,2024,-1.31,1.24,1.265151652174708,1.6120337586991538,,,,0,5,Top,,,,,,,10.025250953267037,-130.80405434820986,-5.850895634164408,-17.103748509625643,25.71682393061181,-16.793829527377895,3.58891597138097,1.74014389146058,,,,90.4,2145,6.5,745344,672275,664774,642731,656305,669477,671218,666149,573262,54.03,,0.689131,0.7,1.0,0.0,0.0,,34,5,4-Seam Fastball,4,1,1,4,1,4,1,4,Infield shade,Standard,230,-0.025,0.287,,,,,-0.287,,3,-3,0.82,0.18,24,30,25,31,2,1,5.0,1,6.0,1.0,1.56,1.31,-1.31,24.4,,,,,,pitcher
FF,2024-05-11,88.6,-1.57,5.37,"Black, Mason",600869,696131,,called_strike,,,,,2,,R,L,R,SF,CIN,S,,,3,0,2024,-1.22,1.23,-0.1269531413203579,3.09804387984883,,,,0,5,Top,,,,,,,6.187466229499074,-128.93034153845895,-2.112819502574614,-14.91293756277134,25.5315195929595,-18.13659938189315,3.32991730113373,1.54371320280611,,,,90.3,2044,7.2,745344,672275,664774,642731,656305,669477,671218,666149,573262,53.26,,,,,,,,34,4,4-Seam Fastball,4,1,1,4,1,4,1,4,Infield shade,Standard,224,0.009,-0.09,,,,,0.09,,3,-3,0.811,0.189,24,30,25,31,2,1,5.0,1,6.0,1.0,1.66,1.22,-1.22,25.1,,,,,,pitcher
FF,2024-05-11,90.8,-1.44,5.27,"Black, Mason",600869,696131,,ball,,,,,14,,R,L,R,SF,CIN,B,,,2,0,2024,-1.03,1.39,1.4561211784792545,1.4059051251840915,,,,0,5,Top,,,,,,,9.483752897401168,-131.77917061824976,-6.7246985317945205,-14.057505396260256,27.89725707453228,-14.659154191518992,3.5489673399813,1.75477337138005,,,,91.0,2164,6.5,745344,672275,664774,642731,656305,669477,671218,666149,573262,53.98,,,,,,,,34,3,4-Seam Fastball,4,1,1,4,1,4,1,4,Infield shade,Standard,226,-0.013,0.147,,,,,-0.147,,3,-3,0.824,0.176,24,30,25,31,2,1,5.0,1,6.0,1.0,1.39,1.03,-1.03,26.1,,,,,,pitcher
ST,2024-05-11,77.8,-1.85,5.2,"Black, Mason",600869,696131,,ball,,,,,14,,R,L,R,SF,CIN,B,,,1,0,2024,1.23,0.07,0.881142356989814,1.7679161510524244,,,,0,5,Top,,,,,,,3.644441575721764,-113.39410082112975,-0.6781789496253026,10.108526287228296,18.254237012947364,-31.68414449207796,3.43444219900401,1.70181483549592,,,,78.9,2349,6.7,745344,672275,664774,642731,656305,669477,671218,666149,573262,53.8,,,,,,,,34,2,Sweeper,4,1,1,4,1,4,1,4,Infield shade,Standard,67,-0.008,0.069,,,,,-0.069,,3,-3,0.832,0.168,24,30,25,31,2,1,5.0,1,6.0,1.0,3.65,-1.23,1.23,21.2,,,,,,pitcher
FF,2024-05-11,88.6,-1.66,5.36,"Black, Mason",600869,696131,,ball,,,,,11,,R,L,R,SF,CIN,B,,,0,0,2024,-1.31,1.22,-1.999286036703139,4.951757722516524,,,,0,5,Top,,,,,,,1.9304781188340567,-129.03883125419802,2.512015394524679,-15.1151307104543,26.008143465498204,-19.2608972370774,3.4236095031395,1.62213507689205,,,,89.1,2025,6.5,745344,672275,664774,642731,656305,669477,671218,666149,573262,54.02,,,,,,,,34,1,4-Seam Fastball,4,1,1,4,1,4,1,4,Infield shade,Standard,221,-0.004,0.038,,,,,-0.038,,3,-3,0.836,0.164,24,30,25,31,2,1,5.0,1,6.0,1.0,1.67,1.31,-1.31,23.9,,,,,,pitcher
SI,2024-05-11,90.5,-1.74,5.22,"Black, Mason",663886,696131,field_out,hit_into_play,,,,,7,"Tyler Stephenson grounds out, shortstop Casey Schmitt to first baseman LaMonte Wade Jr.",R,R,R,SF,CIN,X,6.0,ground_ball,2,2,2024,-1.61,0.59,-0.5830190076385826,1.955822178594568,668715.0,,,2,4,Top,107.53,148.35,,,,,6.392665126934014,-131.50340478948567,-3.4205813572652746,-20.019093142805,30.86930407300247,-24.74885338111657,3.26,1.54,9.0,78.9,-12.0,90.9,2088,6.9,745344,672275,664774,642731,656305,669477,624424,666149,671218,53.62,0.05,0.05,0.0,1.0,0.0,0.0,2.0,28,5,Sinker,4,1,1,4,1,4,1,4,Strategic,Standard,227,0.027,-0.217,72.2,7.2,,0.069,0.217,88.0,3,-3,0.833,0.167,24,27,25,28,2,1,5.0,1,6.0,1.0,2.22,1.61,1.61,22.8,2.6694195114045542,5.271959048948673,42.79390150433994,34.05385253510587,23.905298045970767,pitcher
FF,2024-05-11,92.4,-1.55,5.61,"Black, Mason",663886,696131,,ball,,,,,12,,R,R,R,SF,CIN,B,,,1,2,2024,-1.06,1.31,1.053096855733979,4.143874198700802,668715.0,,,2,4,Top,,,,,,,8.992049765791199,-134.37221153501113,-0.7934248186546771,-14.744116129983478,27.40042478439369,-16.251184294016205,3.32372102495001,1.46677905003026,,,,93.1,2285,6.6,745344,672275,664774,642731,656305,669477,624424,666149,671218,53.92,,,,,,,,28,4,4-Seam Fastball,4,1,1,4,1,4,1,4,Strategic,Standard,223,-0.005,0.017,,,,,-0.017,,3,-3,0.838,0.162,24,27,25,28,2,1,5.0,1,6.0,1.0,1.35,1.06,1.06,28.4,,,,,,pitcher
SI,2024-05-11,89.9,-1.77,5.4,"Black, Mason",663886,696131,,swinging_strike,,,,,13,,R,R,R,SF,CIN,S,,,1,1,2024,-1.35,0.57,-0.8533085267508747,1.6739004749129875,668715.0,,,2,4,Top,,,,,,,5.152013182535914,-130.8714007993987,-4.529787559649085,-16.611155311538155,25.668129382804302,-24.83253309824473,3.26,1.54,,,,90.5,2066,6.5,745344,672275,664774,642731,656305,669477,624424,666149,671218,54.01,,,,,,,,28,3,Sinker,4,1,1,4,1,4,1,4,Strategic,Standard,229,0.008,-0.073,62.8,7.8,0.329286396,,0.073,,3,-3,0.83,0.17,24,27,25,28,2,1,5.0,1,6.0,1.0,2.23,1.35,1.35,22.6,8.577408503378019,-2.988560859900505,45.738310965553325,30.52002722561703,25.089971993140217,pitcher
SI,2024-05-11,91.7,-1.82,5.29,"Black, Mason",663886,696131,,ball,,,,,11,,R,R,R,SF,CIN,B,,,0,1,2024,-1.48,0.62,-1.703573217438695,2.776855065668524,668715.0,,,2,4,Top,,,,,,,3.5080846767340663,-133.4897865343537,-1.8521576365506984,-18.435234959711845,28.06410826295834,-24.622339526392093,3.37856933700846,1.54711368377406,,,,92.3,2049,6.6,745344,672275,664774,642731,656305,669477,624424,666149,671218,53.93,,,,,,,,28,2,Sinker,4,1,1,4,1,4,1,4,Standard,Standard,234,-0.003,0.032,,,,,-0.032,,3,-3,0.833,0.167,24,27,25,28,2,1,5.0,1,6.0,1.0,2.09,1.48,1.48,23.5,,,,,,pitcher
ST,2024-05-11,79.2,-1.93,5.32,"Black, Mason",663886,696131,,called_strike,,,,,12,,R,R,R,SF,CIN,S,,,0,0,2024,1.17,-0.06,0.903879763899556,2.88177284435212,668715.0,,,2,4,Top,,,,,,,4.022841106428544,-115.37139682790232,1.5682425675204663,9.78373613741456,20.65534543497035,-33.23037852998023,3.39268542534949,1.56874566818449,,,,80.0,2491,6.7,745344,672275,664774,642731,656305,669477,624424,666149,671218,53.83,,,,,,,,28,1,Sweeper,4,1,1,4,1,4,1,4,Standard,Standard,53,0.005,-0.039,,,,,0.039,,3,-3,0.828,0.172,24,27,25,28,2,1,5.0,1,6.0,1.0,3.68,-1.17,-1.17,25.3,,,,,,pitcher
FF,2024-05-11,90.3,-1.56,5.41,"Black, Mason",641584,696131,single,hit_into_play,,,,,3,"Jake Fraley singles on a line drive to right fielder Heliot Ramos. Jake Fraley out at 2nd on the throw, right fielder Heliot Ramos to shortstop Casey Schmitt. Spencer Steer to 3rd.",R,L,R,SF,CIN,X,9.0,line_drive,1,0,2024,-1.05,1.2,0.3763025337740791,2.820030396399148,,,668715.0,1,4,Top,206.14,112.25,,,,,7.097786546457738,-131.4009156961853,-3.144494112953293,-13.5970509273004,24.075535477481434,-17.66778574003884,3.36,1.59,240.0,87.4,19.0,91.2,2190,6.6,745344,672275,664774,642731,656305,669477,624424,666149,671218,53.95,0.689,0.672,0.9,1.0,1.0,0.0,4.0,27,2,4-Seam Fastball,4,1,1,4,1,4,1,4,Infield shade,Standard,227,0.021,0.369,85.6,6.9,,0.841,-0.369,88.0,3,-3,0.807,0.193,24,29,25,29,2,1,5.0,1,6.0,1.0,1.56,1.05,-1.05,25.3,8.935087149446383,-13.864551235725454,36.86212850499762,29.2348415577366,30.98082080018416,pitcher
CH,2024-05-11,86.0,-1.93,5.03,"Black, Mason",641584,696131,,ball,,,,,14,,R,L,R,SF,CIN,B,,,0,0,2024,-1.05,0.54,0.0243038967008613,1.1065186260067117,,,668715.0,1,4,Top,,,,,,,6.820302404006398,-125.08320001639798,-4.179799328913263,-12.361490947822078,24.336359424424188,-25.881078113904348,3.49299155410024,1.75548484017792,,,,86.8,1625,6.7,745344,672275,664774,642731,656305,669477,624424,666149,671218,53.75,,,,,,,,27,1,Changeup,4,1,1,4,1,4,1,4,Infield shade,Standard,251,-0.004,0.036,,,,,-0.036,,3,-3,0.811,0.189,24,29,25,29,2,1,5.0,1,6.0,1.0,2.54,1.05,-1.05,17.3,,,,,,pitcher
FF,2024-05-11,89.6,-1.72,5.51,"Black, Mason",668715,696131,hit_by_pitch,hit_by_pitch,,,,,11,Spencer Steer hit by pitch.,R,R,R,SF,CIN,B,,,1,2,2024,-0.83,1.11,-1.405279643171497,3.3672132059659683,,,,1,4,Top,,,,,,,2.530303164134536,-130.57204846167355,-1.7112766709138678,-10.045265305705342,25.885732491206905,-19.25617739442974,3.37,1.62,,,,90.2,2105,6.5,745344,672275,664774,642731,656305,669477,624424,666149,671218,54.04,,0.720192,0.7,1.0,0.0,0.0,,26,4,4-Seam Fastball,4,1,1,4,1,4,1,4,Standard,Standard,223,-0.029,0.499,,,,,-0.499,,3,-3,0.84,0.16,24,26,25,27,2,1,5.0,1,6.0,1.0,1.71,0.83,0.83,35.2,,,,,,pitcher
FF,2024-05-11,91.8,-1.48,5.46,"Black, Mason",668715,696131,,ball,,,,,12,,R,R,R,SF,CIN,B,,,0,2,2024,-0.74,1.1,1.816982970868144,3.1271888064832885,,,,1,4,Top,,,,,,,10.076082243379366,-133.4456107273818,-2.46391364094636,-10.967893043422736,27.508498858408004,-18.66248568830921,3.30157188267368,1.52465423665778,,,,93.1,1985,7.0,745344,672275,664774,642731,656305,669477,624424,666149,671218,53.46,,,,,,,,26,3,4-Seam Fastball,4,1,1,4,1,4,1,4,Standard,Standard,221,-0.002,0.02,,,,,-0.02,,3,-3,0.842,0.158,24,26,25,27,2,1,5.0,1,6.0,1.0,1.6,0.74,0.74,30.6,,,,,,pitcher
SI,2024-05-11,91.2,-2.0,5.24,"Black, Mason",668715,696131,,foul,,,,,4,,R,R,R,SF,CIN,S,,,0,1,2024,-1.44,0.67,-0.6355219419087323,2.821573341042761,,,,1,4,Top,,,,,,,6.570415174179214,-132.79551204484108,-1.6963112481274445,-18.485820462722582,25.97457696002291,-24.05681323644306,3.37,1.62,178.0,70.1,56.0,92.1,2140,6.6,745344,672275,664774,642731,656305,669477,624424,666149,671218,53.88,,,,,,,,26,2,Sinker,4,1,1,4,1,4,1,4,Standard,Standard,231,0.004,-0.057,69.1,6.6,,,0.057,88.0,3,-3,0.838,0.162,24,26,25,27,2,1,5.0,1,6.0,1.0,2.05,1.44,1.44,21.8,2.377266460027095,4.2400862279016405,29.076749935832503,28.372418223591065,25.36585004997699,pitcher
ST,2024-05-11,78.1,-1.86,5.29,"Black, Mason",668715,696131,,called_strike,,,,,8,,R,R,R,SF,CIN,S,,,0,0,2024,0.87,-0.28,-0.196852494041439,1.9620600008952591,,,,1,4,Top,,,,,,,1.9951871981315008,-113.78980426288302,0.1616274767867564,7.239846992299807,18.88082918273083,-34.85215241683079,3.33547564645093,1.55319359281005,,,,79.1,2517,6.7,745344,672275,664774,642731,656305,669477,624424,666149,671218,53.81,,,,,,,,26,1,Sweeper,4,1,1,4,1,4,1,4,Standard,Standard,56,0.002,-0.037,,,,,0.037,88.0,3,-3,0.836,0.164,24,26,25,27,2,1,5.0,1,6.0,1.0,3.98,-0.87,-0.87,25.3,,,,,,pitcher
FF,2024-05-11,90.0,-1.68,5.38,"Black, Mason",645801,696131,field_out,hit_into_play,,,,,2,Mike Ford flies out to center fielder Tyler Fitzgerald.,R,L,R,SF,CIN,X,8.0,fly_ball,1,0,2024,-1.08,1.24,-0.1681278150060372,2.95237136293898,,,,0,4,Top,112.68,100.17,,,,,6.049650293576584,-130.91095879443262,-2.697211053177007,-13.731905708906565,26.878047630315397,-17.49983786950108,3.33,1.55,250.0,93.7,57.0,90.1,2110,6.3,745344,672275,664774,642731,656305,669477,624424,666149,671218,54.19,0.013,0.016,0.0,1.0,0.0,0.0,3.0,25,2,4-Seam Fastball,4,1,1,4,1,4,1,4,Infield shade,Standard,222,0.026,-0.292,72.4,7.3,,0.022,0.292,93.7,3,-3,0.81,0.19,24,31,25,32,2,1,5.0,1,6.0,1.0,1.57,1.08,-1.08,25.8,17.826027489353063,0.324013532011953,25.406591748028667,35.790353704678644,31.106627281897865,pitcher
ST,2024-05-11,77.7,-1.87,5.16,"Black, Mason",645801,696131,,ball,,,,,14,,R,L,R,SF,CIN,B,,,0,0,2024,0.94,-0.17,0.2018482592244065,1.1579719063002,,,,0,4,Top,,,,,,,2.73351510392858,-113.2609103809064,-1.3773423431216918,7.6058974327701,20.415960536610218,-33.586978575849194,3.41525743836469,1.44545049974022,,,,78.5,2420,6.7,745344,672275,664774,642731,656305,669477,624424,666149,671218,53.79,,,,,,,,25,1,Sweeper,4,1,1,4,1,4,1,4,Infield shade,Standard,53,-0.004,0.038,,,,,-0.038,,3,-3,0.814,0.186,24,31,25,32,2,1,5.0,1,6.0,1.0,3.93,-0.94,0.94,20.8,,,,,,pitcher
FF,2024-05-11,92.1,-1.76,5.36,"Black, Mason",682829,696131,home_run,hit_into_play,,,,,4,Elly De La Cruz homers (9) on a fly ball to center field.,R,L,R,SF,CIN,X,,fly_ball,1,2,2024,-1.07,0.94,-0.4548040363491322,2.9531384981946784,,,,0,4,Top,91.09,48.5,,,,,5.802066039881759,-134.14658860564973,-2.352045746953148,-14.130271323424155,26.069647777880714,-20.4922183739306,3.69,1.78,403.0,107.5,36.0,93.2,2137,6.7,745344,672275,664774,642731,656305,669477,624424,666149,671218,53.83,0.754,1.5334210526315786,2.0,1.0,0.0,3.0,6.0,24,6,4-Seam Fastball,4,0,0,4,1,4,1,4,Infield shade,Standard,231,-0.067,1.182,79.1,7.1,,3.011,-1.182,107.5,4,-4,0.881,0.119,24,22,25,22,2,1,5.0,1,6.0,1.0,1.72,1.07,-1.07,24.2,8.397373894990336,5.207475786654682,31.272631322537,41.161503950645866,34.03078024099381,pitcher
ST,2024-05-11,80.2,-1.87,5.27,"Black, Mason",682829,696131,,foul,,,,,7,,R,L,R,SF,CIN,S,,,1,2,2024,1.08,0.11,-0.5132101835964081,2.167266634116939,,,,0,4,Top,,,,,,,0.9760406377748168,-116.9825660142336,-0.4577458719971528,9.810211970054375,19.692806084688964,-31.308291027105493,3.69,1.78,186.0,69.7,52.0,80.9,2552,6.4,745344,672275,664774,642731,656305,669477,624424,666149,671218,54.07,,,,,,,,24,5,Sweeper,4,0,0,4,0,4,0,4,Infield shade,Standard,47,0.0,0.0,71.8,7.1,,,0.0,88.0,4,-4,0.881,0.119,24,22,25,22,2,1,5.0,1,6.0,1.0,3.39,-1.08,1.08,22.2,-3.720164322342572,8.604406451187051,35.73394928210814,42.36623049910828,30.36658969714139,pitcher
FF,2024-05-11,91.0,-1.63,5.38,"Black, Mason",682829,696131,,foul,,,,,11,,R,L,R,SF,CIN,S,,,1,2,2024,-1.28,1.27,-0.9694234812647188,3.1222868004395656,,,,0,4,Top,,,,,,,4.4164525369753616,-132.5361300484886,-2.548403376103256,-16.036321524299126,26.785199188962757,-16.77476575051892,3.69,1.78,228.0,73.9,31.0,91.5,2198,6.4,745344,672275,664774,642731,656305,669477,624424,666149,671218,54.11,,,,,,,,24,4,4-Seam Fastball,4,0,0,4,0,4,0,4,Infield shade,Standard,224,0.0,0.0,72.7,7.3,,,0.0,88.0,4,-4,0.881,0.119,24,22,25,22,2,1,5.0,1,6.0,1.0,1.46,1.28,-1.28,25.8,7.749883206284139,8.029468886704745,28.62734290886373,46.83263209200888,28.855695340858134,pitcher
ST,2024-05-11,79.2,-1.89,5.22,"Black, Mason",682829,696131,,ball,,,,,13,,R,L,R,SF,CIN,B,,,0,2,2024,0.89,0.15,-0.8375916617934172,1.3337290871764522,,,,0,4,Top,,,,,,,0.6264634039714669,-115.53133333059408,-2.0944285051731426,7.977762219850779,19.136737809454456,-30.660029925352152,3.73132305439888,1.79128989005659,,,,79.8,2558,6.4,745344,672275,664774,642731,656305,669477,624424,666149,671218,54.15,,,,,,,,24,3,Sweeper,4,0,0,4,0,4,0,4,Infield shade,Standard,42,-0.002,0.023,,,,,-0.023,,4,-4,0.883,0.117,24,22,25,22,2,1,5.0,1,6.0,1.0,3.43,-0.89,0.89,22.4,,,,,,pitcher
ST,2024-05-11,80.6,-1.76,5.28,"Black, Mason",682829,696131,,called_strike,,,,,5,,R,L,R,SF,CIN,S,,,0,1,2024,1.25,-0.02,0.241877436689341,2.786828759116467,,,,0,4,Top,,,,,,,2.0815875019824364,-117.50051066960872,1.0984735544297877,11.297961898593346,20.042574758046552,-32.77487399521168,3.78888586131555,1.75774057764352,,,,81.4,2566,6.5,745344,672275,664774,642731,656305,669477,624424,666149,671218,53.96,,,,,,,,24,2,Sweeper,4,0,0,4,0,4,0,4,Infield shade,Standard,54,0.004,-0.054,,,,,0.054,,4,-4,0.879,0.121,24,22,25,22,2,1,5.0,1,6.0,1.0,3.49,-1.25,1.25,22.9,,,,,,pitcher
ST,2024-05-11,78.3,-1.96,5.22,"Black, Mason",682829,696131,,called_strike,,,,,4,,R,L,R,SF,CIN,S,,,0,0,2024,0.77,0.28,-0.3977925461076992,3.0496626188035347,,,,0,4,Top,,,,,,,1.953591305328621,-114.13541337846893,1.6022203162960662,6.423175119910103,19.315828226659896,-30.223615225589757,3.68377463314095,1.83313281355829,,,,78.9,2437,6.4,745344,672275,664774,642731,656305,669477,624424,666149,671218,54.08,,,,,,,,24,1,Sweeper,4,0,0,4,0,4,0,4,Infield shade,Standard,54,0.003,-0.037,,,,,0.037,,4,-4,0.876,0.124,24,22,25,22,2,1,5.0,1,6.0,1.0,3.41,-0.77,0.77,22.1,,,,,,pitcher
ST,2024-05-11,79.2,-2.05,5.26,"Black, Mason",670770,696131,field_out,hit_into_play,,,,,5,TJ Friedl pops out to second baseman Thairo Estrada in foul territory.,R,L,R,SF,CIN,X,4.0,popup,1,1,2024,1.1,-0.05,0.2040741405617762,2.1988268587661666,,,,2,3,Top,184.38,145.75,,,,,2.8817882248107547,-115.31978970476824,0.2395807401504117,9.172568446049771,22.67158576172283,-32.91498207960336,3.18,1.49,196.0,80.7,56.0,79.3,2350,6.5,745344,672275,664774,642731,656305,669477,624424,666149,671218,54.03,0.026,0.029,0.0,1.0,0.0,0.0,3.0,20,3,Sweeper,4,0,0,4,0,4,0,4,Infield shade,Standard,55,0.007,-0.244,78.9,7.5,,0.036,0.244,88.0,4,-4,0.887,0.113,24,28,25,29,2,1,5.0,1,6.0,1.0,3.7,-1.1,1.1,23.0,13.4605672214573,-29.71050354617878,25.84785959123857,31.0532911648881,54.710584131421896,pitcher
ST,2024-05-11,79.6,-1.94,5.17,"Black, Mason",670770,696131,,ball,,,,,13,,R,L,R,SF,CIN,B,,,0,1,2024,1.15,-0.07,-0.7957359696703415,1.0655238339527764,,,,2,3,Top,,,,,,,0.3520815208930704,-116.02098887855443,-2.166603556258437,10.373191460890157,21.17083889015353,-32.59014971571414,3.19242221459416,1.46490672462906,,,,79.9,2406,6.4,745344,672275,664774,642731,656305,669477,624424,666149,671218,54.13,,,,,,,,20,2,Sweeper,4,0,0,4,0,4,0,4,Infield shade,Standard,51,-0.001,0.029,,,,,-0.029,,4,-4,0.888,0.112,24,28,25,29,2,1,5.0,1,6.0,1.0,3.64,-1.15,1.15,20.8,,,,,,pitcher
FF,2024-05-11,90.6,-1.83,5.49,"Black, Mason",670770,696131,,foul,,,,,4,,R,L,R,SF,CIN,S,,,0,0,2024,-1.03,1.31,-0.5023031895069131,2.505384131811134,,,,2,3,Top,,,,,,,5.527075145139212,-131.81039230700478,-4.343096542584124,-13.178307213984551,27.68911530451098,-16.155976856348516,3.18,1.49,187.0,70.6,22.0,90.7,2086,6.3,745344,672275,664774,642731,656305,669477,624424,666149,671218,54.15,,,,,,,,20,1,4-Seam Fastball,4,0,0,4,0,4,0,4,Infield shade,Standard,225,0.001,-0.041,68.8,6.5,,,0.041,88.0,4,-4,0.887,0.113,24,28,25,29,2,1,5.0,1,6.0,1.0,1.46,1.03,-1.03,23.4,0.1296307866124464,2.7585702384128536,30.286880066296817,38.78137734457296,32.32618315098224,pitcher
ST,2024-05-11,78.6,-1.87,5.28,"Black, Mason",663697,696131,field_out,hit_into_play,,,,,5,Jonathan India pops out to second baseman Thairo Estrada.,R,R,R,SF,CIN,X,4.0,popup,2,2,2024,1.3,0.03,-0.0413157398606507,2.3606211947607467,,,,1,3,Top,145.75,143.78,,,,,1.560875134160191,-114.60196608472994,0.3451525862374531,11.319429758565466,18.95374904299688,-32.12720705004149,3.36,1.56,149.0,82.9,64.0,79.0,2529,6.2,745344,672275,664774,642731,656305,669477,624424,666149,671218,54.3,0.013,0.012,0.0,1.0,0.0,0.0,3.0,19,5,Sweeper,4,0,0,4,0,4,0,4,Strategic,Standard,66,0.009,-0.225,74.7,7.1,,0.015,0.225,88.0,4,-4,0.878,0.122,24,27,25,28,1,0,5.0,1,6.0,1.0,3.61,-1.3,-1.3,23.3,21.58341479983452,-3.3411829936719752,24.25431658279884,33.799245664279084,37.1825116532598,pitcher
SI,2024-05-11,90.0,-2.01,5.16,"Black, Mason",663697,696131,,foul,,,,,8,,R,R,R,SF,CIN,S,,,2,1,2024,-1.36,0.39,-0.2448044163996761,2.0787528167559963,,,,1,3,Top,,,,,,,7.2713285146145745,-130.8505308957008,-2.529713603319768,-17.142826762494114,26.743028504417023,-27.316798854802663,3.36,1.56,,,,90.3,2004,6.5,745344,672275,664774,642731,656305,669477,624424,666149,671218,54.04,,,,,,,,19,4,Sinker,4,0,0,4,0,4,0,4,Strategic,Standard,239,0.004,-0.078,73.2,7.8,,,0.078,,4,-4,0.874,0.126,24,27,25,28,1,0,5.0,1,6.0,1.0,2.42,1.36,1.36,18.6,16.60968465476959,-15.56056631523774,25.371385057892127,34.749998005841604,38.19264959686032,pitcher
SI,2024-05-11,89.1,-1.84,5.14,"Black, Mason",663697,696131,,ball,,,,,14,,R,R,R,SF,CIN,B,,,1,1,2024,-1.28,0.59,0.827001713218745,0.7592970128752574,,,,1,3,Top,,,,,,,9.27324425481494,-129.42589621155415,-6.000134651473092,-16.253164140277704,25.99213132713266,-24.449093622446995,3.34558382073167,1.54819904845534,,,,89.5,2046,6.6,745344,672275,664774,642731,656305,669477,624424,666149,671218,53.92,,,,,,,,19,3,Sinker,4,0,0,4,0,4,0,4,Standard,Standard,236,-0.003,0.059,,,,,-0.059,,4,-4,0.877,0.123,24,27,25,28,1,0,5.0,1,6.0,1.0,2.28,1.28,1.28,20.0,,,,,,pitcher
SI,2024-05-11,90.9,-1.83,5.21,"Black, Mason",663697,696131,,ball,,,,,14,,R,R,R,SF,CIN,B,,,0,1,2024,-1.37,0.57,1.1464737692400833,1.3265265034169764,,,,1,3,Top,,,,,,,10.429290988366382,-131.99096514853878,-5.04848078716882,-18.24043907336188,27.782528134004103,-24.57327608282889,3.30184074448531,1.52114236017128,,,,91.1,2074,6.5,745344,672275,664774,642731,656305,669477,624424,666149,671218,53.97,,,,,,,,19,2,Sinker,4,0,0,4,0,4,0,4,Standard,Standard,236,-0.001,0.024,,,,,-0.024,,4,-4,0.878,0.122,24,27,25,28,1,0,5.0,1,6.0,1.0,2.2,1.37,1.37,15.0,,,,,,pitcher
SI,2024-05-11,90.7,-1.95,5.31,"Black, Mason",663697,696131,,called_strike,,,,,1,,R,R,R,SF,CIN,S,,,0,0,2024,-1.23,0.44,-0.3502112208109127,3.260061090066414,,,,1,3,Top,,,,,,,6.648265090502549,-132.05267530794626,-0.1917282290499861,-15.725471819891377,25.68316790477541,-27.112118769153103,3.2792846681642,1.4291007349618,,,,91.3,1987,6.4,745344,672275,664774,642731,656305,669477,624424,666149,671218,54.07,,,,,,,,19,1,Sinker,4,0,0,4,0,4,0,4,Standard,Standard,238,0.002,-0.037,,,,,0.037,,4,-4,0.876,0.124,24,27,25,28,1,0,5.0,1,6.0,1.0,2.3,1.23,1.23,21.6,,,,,,pitcher
FF,2024-05-11,90.4,-1.78,5.41,"Black, Mason",666181,696131,single,hit_into_play,,,,,2,"Reds challenged (tag play), call on the field was upheld: Will Benson singles on a ground ball to right fielder Heliot Ramos. Will Benson out at 2nd on the throw, right fielder Heliot Ramos to shortstop Casey Schmitt.",R,L,R,SF,CIN,X,9.0,ground_ball,0,0,2024,-0.92,1.21,-0.016326893085038,3.781797669682176,,,,0,3,Top,196.18,124.45,,,,,6.407796070650084,-131.51573363460514,-0.7178355713659388,-12.047468189986366,26.962890994036098,-18.13241799704969,3.7,1.79,38.0,92.7,-3.0,91.1,2057,6.6,745344,672275,664774,642731,656305,669477,624424,666149,671218,53.88,0.345,0.31,0.9,1.0,1.0,0.0,2.0,18,1,4-Seam Fastball,4,0,0,4,0,4,0,4,Infield shade,Standard,225,0.018,0.448,67.6,7.7,,0.426,-0.448,92.7,4,-4,0.858,0.142,24,26,25,26,1,0,5.0,1,6.0,1.0,1.57,0.92,-0.92,34.5,24.639333500713224,-19.531879895035416,24.80694793733404,40.868609949292576,32.22945925140068,pitcher
FF,2024-05-11,91.6,-1.64,5.35,"Black, Mason",600869,696131,field_out,hit_into_play,,,,,12,Jeimer Candelario flies out to center fielder Tyler Fitzgerald.,R,L,R,SF,CIN,X,8.0,fly_ball,2,2,2024,-0.86,1.19,0.2804770234149231,3.85627598538498,,641584.0,,2,2,Top,135.9,88.89,,,,,6.749892567273456,-133.39838111192654,-0.5193923093668772,-11.71298954537441,26.805576654304865,-17.949278923496905,3.45,1.68,277.0,85.5,46.0,92.3,2063,6.5,745344,672275,664774,642731,656305,669477,624424,666149,671218,54.0,0.005,0.007,0.0,1.0,0.0,0.0,3.0,14,7,4-Seam Fastball,4,0,0,4,0,4,0,4,Infield shade,Standard,221,0.019,-0.249,57.5,6.6,,0.013,0.249,88.0,4,-4,0.859,0.141,24,30,25,31,1,0,5.0,1,6.0,1.0,1.5,0.86,-0.86,25.5,27.92688963499408,6.349028916673612,18.73199564859997,30.524204426942585,26.11528780412556,pitcher
ST,2024-05-11,79.4,-2.05,5.16,"Black, Mason",600869,696131,,ball,,,,,11,,R,L,R,SF,CIN,B,,,1,2,2024,1.38,-0.06,-1.395487439233332,3.090211152641352,,,641584.0,2,2,Top,,,,,,,-1.1564802486886328,-115.6140200692512,2.3136408250440974,12.667828699433356,20.37788743133112,-33.29041830972916,3.48907118232267,1.67904606194278,,,,79.7,2439,6.4,745344,672275,664774,642731,656305,669477,624424,666149,671218,54.13,,,,,,,,14,6,Sweeper,4,0,0,4,0,4,0,4,Infield shade,Standard,44,-0.008,0.038,,,,,-0.038,,4,-4,0.867,0.133,24,30,25,31,1,0,5.0,1,6.0,1.0,3.65,-1.38,1.38,21.0,,,,,,pitcher
FF,2024-05-11,92.5,-1.82,5.33,"Black, Mason",600869,696131,,ball,,,,,11,,R,L,R,SF,CIN,B,,,0,2,2024,-1.03,1.05,-0.9615698907700594,5.083919624064791,,,641584.0,2,2,Top,,,,,,,4.477056945375876,-134.7286859778222,2.8985046653934847,-13.487522244189195,27.490231890092907,-20.18215886890778,3.53483951477495,1.75435770624778,,,,93.5,2086,6.7,745344,672275,664774,642731,656305,669477,624424,666149,671218,53.82,,,,,,,,14,5,4-Seam Fastball,4,0,0,4,0,4,0,4,Infield shade,Standard,231,-0.001,0.027,,,,,-0.027,,4,-4,0.868,0.132,24,30,25,31,1,0,5.0,1,6.0,1.0,1.6,1.03,-1.03,25.1,,,,,,pitcher
FF,2024-05-11,92.4,-1.74,5.33,"Black, Mason",600869,696131,,foul,,,,,2,,R,L,R,SF,CIN,S,,,0,2,2024,-0.95,1.17,0.1796217048684669,2.9551021632234447,,,641584.0,2,2,Top,,,,,,,6.982188051583931,-134.45497204745786,-2.8699829335789047,-12.90581308190291,25.28989402747323,-17.486379182219434,3.45,1.68,202.0,66.6,42.0,93.4,2195,6.6,745344,672275,664774,642731,656305,669477,624424,666149,671218,53.92,,,,,,,,14,4,4-Seam Fastball,4,0,0,4,0,4,0,4,Infield shade,Standard,228,0.0,0.0,60.9,6.3,,,0.0,88.0,4,-4,0.868,0.132,24,30,25,31,1,0,5.0,1,6.0,1.0,1.47,0.95,-0.95,24.2,-1.510011184505997,21.99073602096292,37.99549868020387,31.19944147800318,14.42779839099228,pitcher
FF,2024-05-11,93.9,-1.69,5.37,"Black, Mason",600869,696131,,foul,,,,,12,,R,L,R,SF,CIN,S,,,0,2,2024,-1.05,1.14,0.6434702657780336,3.6625170613787823,,,641584.0,2,2,Top,,,,,,,8.406629489869532,-136.51444548724916,-1.243596451512203,-14.901871546895311,29.036884698316037,-17.77455247241863,3.45,1.68,87.0,75.9,8.0,94.5,2091,6.6,745344,672275,664774,642731,656305,669477,624424,666149,671218,53.88,,,,,,,,14,3,4-Seam Fastball,4,0,0,4,0,4,0,4,Infield shade,Standard,228,0.0,0.0,32.2,4.5,,,0.0,88.0,4,-4,0.868,0.132,24,30,25,31,1,0,5.0,1,6.0,1.0,1.44,1.05,-1.05,23.6,-23.830623180595843,55.38848995872874,41.64808925485821,24.18098579636171,3.7440428826897594,pitcher
FF,2024-05-11,91.8,-1.68,5.41,"Black, Mason",600869,696131,,called_strike,,,,,2,,R,L,R,SF,CIN,S,,,0,1,2024,-1.07,1.11,0.2097015754390958,3.286173323339897,,,641584.0,2,2,Top,,,,,,,7.121842364791092,-133.54957920909862,-1.938916687685552,-14.338454711706172,27.474869242849213,-18.640063366713047,3.49108039722552,1.68784339704426,,,,92.2,2103,6.5,745344,672275,664774,642731,656305,669477,624424,666149,671218,54.03,,,,,,,,14,2,4-Seam Fastball,4,0,0,4,0,4,0,4,Infield shade,Standard,224,0.004,-0.054,,,,,0.054,,4,-4,0.864,0.136,24,30,25,31,1,0,5.0,1,6.0,1.0,1.59,1.07,-1.07,26.5,,,,,,pitcher
ST,2024-05-11,79.8,-1.98,5.16,"Black, Mason",600869,696131,,swinging_strike,,,,,14,,R,L,R,SF,CIN,S,,,0,0,2024,1.17,0.17,0.313483453934183,0.4210652175094305,,,641584.0,2,2,Top,,,,,,,2.8738608084599195,-116.20667167830986,-4.066795779352638,10.103677394402682,20.811381549474184,-30.09439380394851,3.45,1.68,,,,80.5,2487,6.6,745344,672275,664774,642731,656305,669477,624424,666149,671218,53.9,,,,,,,,14,1,Sweeper,4,0,0,4,0,4,0,4,Standard,Standard,49,0.002,-0.047,,,,,0.047,,4,-4,0.862,0.138,24,30,25,31,1,0,5.0,1,6.0,1.0,3.39,-1.17,1.17,21.2,,,,,,pitcher
FF,2024-05-11,92.4,-1.62,5.44,"Black, Mason",663886,696131,strikeout,swinging_strike,,,,,11,Tyler Stephenson strikes out swinging.,R,R,R,SF,CIN,S,2.0,,0,2,2024,-1.21,1.23,-0.4268656923888905,3.993531389516008,,,641584.0,1,2,Top,,,,,,,5.706790292427988,-134.53275963422706,-0.5571824571596741,-15.920464683579343,29.54626912699559,-17.32082807118883,3.26,1.54,,,,92.7,2119,6.5,745344,672275,664774,642731,656305,669477,624424,666149,671218,54.03,,0.0,0.0,1.0,0.0,0.0,,13,3,4-Seam Fastball,4,0,0,4,0,4,0,4,Standard,Standard,229,0.013,-0.159,68.4,6.3,0.287559624,,0.159,,4,-4,0.849,0.151,24,27,25,28,1,0,5.0,1,6.0,1.0,1.44,1.21,1.21,26.9,5.850200722992046,13.465885946908973,27.17085100996361,35.786206049706294,17.754057341113185,pitcher
SI,2024-05-11,91.4,-1.98,5.31,"Black, Mason",663886,696131,,swinging_strike,,,,,11,,R,R,R,SF,CIN,S,,,0,1,2024,-1.46,0.7,-0.6344221560960139,3.4982636906686317,,,641584.0,1,2,Top,,,,,,,6.555847019274142,-133.0307662920007,-0.2381376351771186,-18.750947338175333,27.05479765398064,-23.964906642981692,3.26,1.54,,,,91.8,2040,6.4,745344,672275,664774,642731,656305,669477,624424,666149,671218,54.09,,,,,,,,13,2,Sinker,4,0,0,4,0,4,0,4,Standard,Standard,231,0.006,-0.052,65.4,5.7,0.1,,0.052,,4,-4,0.843,0.157,24,27,25,28,1,0,5.0,1,6.0,1.0,2.01,1.46,1.46,18.2,-11.279537719311536,32.389130298138454,33.777508330753285,32.73939606512191,9.41999788007774,pitcher
SI,2024-05-11,91.5,-1.84,5.31,"Black, Mason",663886,696131,,foul,,,,,11,,R,R,R,SF,CIN,S,,,0,0,2024,-1.28,0.76,-0.3206317497028959,3.5166534411698214,,,641584.0,1,2,Top,,,,,,,6.651538964963213,-133.17539510893377,-0.3171426313206822,-16.67782819506751,27.768578000033845,-23.24477522040383,3.26,1.54,248.0,75.7,37.0,92.2,1909,6.7,745344,672275,664774,642731,656305,669477,624424,666149,671218,53.85,,,,,,,,13,1,Sinker,4,0,0,4,0,4,0,4,Standard,Standard,230,0.003,-0.04,59.1,6.0,,,0.04,88.0,4,-4,0.84,0.16,24,27,25,28,1,0,5.0,1,6.0,1.0,1.95,1.28,1.28,22.5,-2.2356120382052613,18.27722677220896,30.737693650774865,35.35960345121784,17.945969777267074,pitcher
FF,2024-05-11,92.5,-1.66,5.47,"Black, Mason",641584,696131,single,hit_into_play,,,,,2,Jake Fraley singles on a pop up to shortstop Casey Schmitt.,R,L,R,SF,CIN,X,6.0,popup,0,1,2024,-0.93,1.25,0.2236446496420395,2.937444995720416,,,,1,2,Top,95.85,139.4,,,,,6.804759588155081,-134.60148450967205,-3.387700882824822,-12.726827278816003,29.245531069381705,-16.39356359406157,3.36,1.59,164.0,62.4,49.0,92.4,2026,6.2,745344,672275,664774,642731,656305,669477,624424,666149,671218,54.28,0.116,0.104,0.9,1.0,1.0,0.0,3.0,12,2,4-Seam Fastball,4,0,0,4,0,4,0,4,Infield shade,Standard,227,-0.021,0.458,67.0,6.4,,0.116,-0.458,88.0,4,-4,0.861,0.139,24,29,25,29,1,0,5.0,1,6.0,1.0,1.41,0.93,-0.93,25.9,-0.6607405303822353,-0.4527151510206093,35.29782511845622,32.56574659748878,24.547339157586627,pitcher
FF,2024-05-11,91.3,-1.77,5.42,"Black, Mason",641584,696131,,foul,,,,,7,,R,L,R,SF,CIN,S,,,0,0,2024,-0.99,1.17,-0.2880753532982163,1.9635750714258495,,,,1,2,Top,,,,,,,5.869586869777823,-132.83427774325662,-5.364711863552263,-12.99768049958093,27.120011099021188,-17.32847333855176,3.36,1.59,152.0,77.1,69.0,91.6,2065,6.4,745344,672275,664774,642731,656305,669477,624424,666149,671218,54.1,,,,,,,,12,1,4-Seam Fastball,4,0,0,4,0,4,0,4,Infield shade,Standard,221,0.002,-0.037,84.6,8.3,,,0.037,88.0,4,-4,0.859,0.141,24,29,25,29,1,0,5.0,1,6.0,1.0,1.55,0.99,-0.99,26.4,6.605158700133111,-11.91306628249209,44.070487472216406,39.04594222100616,30.191990722393083,pitcher
ST,2024-05-11,79.7,-1.85,5.23,"Black, Mason",668715,696131,field_out,hit_into_play,,,,,14,"Spencer Steer grounds out, third baseman Matt Chapman to first baseman LaMonte Wade Jr.",R,R,R,SF,CIN,X,5.0,ground_ball,3,2,2024,0.91,0.01,0.960296186005498,2.0025604828019903,,,,0,2,Top,100.4,163.03,,,,,4.493885766914672,-116.04051485698376,-0.4283351539447433,7.501083575041164,19.80098167458304,-32.18526085784137,3.37,1.62,27.0,68.1,-2.0,80.3,2336,6.5,745344,672275,664774,642731,656305,669477,624424,666149,671218,54.03,0.108,0.101,0.0,1.0,0.0,0.0,2.0,11,10,Sweeper,4,0,0,4,0,4,0,4,Standard,Standard,55,0.021,-0.333,62.3,8.0,,0.13,0.333,88.0,4,-4,0.838,0.162,24,26,25,27,1,0,5.0,1,6.0,1.0,3.55,-0.91,-0.91,23.2,9.814848063915218,-15.249422651491551,27.406421112890925,45.39809644150457,40.3888201627751,pitcher
SI,2024-05-11,92.4,-1.91,5.23,"Black, Mason",668715,696131,,foul,,,,,7,,R,R,R,SF,CIN,S,,,3,2,2024,-1.46,0.54,-0.4325217306064437,2.0176027327086468,,,,0,2,Top,,,,,,,6.997050171131409,-134.4135959763561,-3.60553469741862,-19.15668218356321,26.94533160017131,-25.04972218938265,3.37,1.62,3.0,85.6,-37.0,93.4,2059,6.7,745344,672275,664774,642731,656305,669477,624424,666149,671218,53.76,,,,,,,,11,9,Sinker,4,0,0,4,0,4,0,4,Standard,Standard,235,0.0,0.0,70.5,7.4,,,0.0,88.0,4,-4,0.838,0.162,24,26,25,27,1,0,5.0,1,6.0,1.0,2.12,1.46,1.46,21.6,13.048550406652192,-9.624315323801095,32.15805770879165,30.184877810999097,36.255443728596894,pitcher
FF,2024-05-11,91.7,-1.73,5.44,"Black, Mason",668715,696131,,foul,,,,,1,,R,R,R,SF,CIN,S,,,3,2,2024,-1.29,1.23,-0.6832492539488242,3.0756823196130165,,,,0,2,Top,,,,,,,5.458243920888988,-133.485639953447,-2.7953894579944336,-16.638315805747492,28.591802692119515,-17.03978661402208,3.37,1.62,109.0,60.6,72.0,92.1,2217,6.5,745344,672275,664774,642731,656305,669477,624424,666149,671218,54.0,,,,,,,,11,8,4-Seam Fastball,4,0,0,4,0,4,0,4,Standard,Standard,221,0.0,0.0,70.0,6.7,,,0.0,88.0,4,-4,0.838,0.162,24,26,25,27,1,0,5.0,1,6.0,1.0,1.48,1.29,1.29,25.3,7.843903684430704,-0.9679048369412352,27.95415738160885,26.850797812814072,29.24946986791253,pitcher
SI,2024-05-11,92.0,-1.69,5.46,"Black, Mason",668715,696131,,ball,,,,,11,,R,R,R,SF,CIN,B,,,2,2,2024,-1.32,0.77,-1.2318915686334908,2.491994403659524,,,,0,2,Top,,,,,,,4.024758231831807,-134.0067904030899,-3.380806885176592,-16.778661160958272,27.8621765394162,-22.39959322499104,3.30407467543963,1.59203774444592,,,,92.4,2059,6.4,745344,672275,664774,642731,656305,669477,624424,666149,671218,54.09,,,,,,,,11,7,Sinker,4,0,0,4,0,4,0,4,Standard,Standard,230,-0.007,0.107,,,,,-0.107,,4,-4,0.845,0.155,24,26,25,27,1,0,5.0,1,6.0,1.0,1.91,1.32,1.32,22.2,,,,,,pitcher
ST,2024-05-11,79.2,-1.88,5.34,"Black, Mason",668715,696131,,foul,,,,,6,,R,R,R,SF,CIN,S,,,2,2,2024,1.74,-0.2,0.7922995818540666,2.4256579137738004,,,,0,2,Top,,,,,,,2.588073573478919,-115.33775000405048,0.7661336673020913,15.07888585679,20.922129025657508,-34.335918826493085,3.37,1.62,16.0,47.3,-6.0,79.3,2597,6.2,745344,672275,664774,642731,656305,669477,624424,666149,671218,54.26,,,,,,,,11,6,Sweeper,4,0,0,4,0,4,0,4,Strategic,Standard,62,0.0,0.0,70.2,7.9,,,0.0,88.0,4,-4,0.845,0.155,24,26,25,27,1,0,5.0,1,6.0,1.0,3.82,-1.74,-1.74,26.2,21.43810941626024,-22.48663121050881,26.1708339668681,42.60798968161376,45.089873376890125,pitcher
FF,2024-05-11,91.3,-1.71,5.49,"Black, Mason",668715,696131,,foul,,,,,11,,R,R,R,SF,CIN,S,,,2,2,2024,-1.1,1.25,-0.7408787954828036,3.518431105809209,,,,0,2,Top,,,,,,,4.861682783629475,-133.00405222137468,-1.844175668591528,-14.123176214858528,26.28085731474004,-17.10074640751512,3.37,1.62,172.0,69.1,20.0,92.5,2205,6.8,745344,672275,664774,642731,656305,669477,624424,666149,671218,53.71,,,,,,,,11,5,4-Seam Fastball,4,0,0,4,0,4,0,4,Standard,Standard,219,0.0,0.0,45.9,5.3,,,0.0,88.0,4,-4,0.845,0.155,24,26,25,27,1,0,5.0,1,6.0,1.0,1.46,1.1,1.1,28.3,-6.565499715052504,32.15395009226239,27.04011744047908,26.21676343184848,16.124581044915775,pitcher
FF,2024-05-11,92.8,-1.65,5.49,"Black, Mason",668715,696131,,ball,,,,,11,,R,R,R,SF,CIN,B,,,1,2,2024,-1.25,1.4,-0.0933147478222737,4.687478003582671,,,,0,2,Top,,,,,,,6.727119904340238,-134.9903284556998,0.6872314296011599,-16.725335401610565,30.506895108487008,-15.474887953482172,3.33957689387371,1.59471544045205,,,,92.7,2212,6.3,745344,672275,664774,642731,656305,669477,624424,666149,671218,54.15,,,,,,,,11,4,4-Seam Fastball,4,0,0,4,0,4,0,4,Standard,Standard,222,-0.002,0.04,,,,,-0.04,,4,-4,0.847,0.153,24,26,25,27,1,0,5.0,1,6.0,1.0,1.26,1.25,1.25,26.3,,,,,,pitcher
FF,2024-05-11,91.2,-1.72,5.47,"Black, Mason",668715,696131,,foul,,,,,5,,R,R,R,SF,CIN,S,,,1,1,2024,-1.41,1.1,-0.2209103535163106,2.4210818380974786,,,,0,2,Top,,,,,,,6.85154758668168,-132.76245932468004,-4.239593447235621,-18.16653698677101,24.42880215812743,-18.43630810456069,3.37,1.62,199.0,73.6,55.0,92.3,2197,6.6,745344,672275,664774,642731,656305,669477,624424,666149,671218,53.9,,,,,,,,11,3,4-Seam Fastball,4,0,0,4,0,4,0,4,Standard,Standard,228,0.004,-0.056,69.4,7.3,,,0.056,88.0,4,-4,0.843,0.157,24,26,25,27,1,0,5.0,1,6.0,1.0,1.61,1.41,1.41,27.6,7.527598733783301,-4.904064032680333,32.2377489018087,32.49278756001328,31.73647490386903,pitcher
SI,2024-05-11,91.3,-1.68,5.32,"Black, Mason",668715,696131,,ball,,,,,12,,R,R,R,SF,CIN,B,,,0,1,2024,-1.62,1.11,0.9239442014564436,3.184766817313755,,,,0,2,Top,,,,,,,10.113246759384513,-132.5237491666814,-1.864546594543535,-21.31242557238205,28.827728103434342,-18.86543150609908,3.32285159141808,1.53062747658502,,,,91.6,2003,6.7,745344,672275,664774,642731,656305,669477,624424,666149,671218,53.83,,,,,,,,11,2,Sinker,4,0,0,4,0,4,0,4,Standard,Standard,234,-0.002,0.025,,,,,-0.025,,4,-4,0.845,0.155,24,26,25,27,1,0,5.0,1,6.0,1.0,1.64,1.62,1.62,24.0,,,,,,pitcher
SI,2024-05-11,91.3,-1.74,5.26,"Black, Mason",668715,696131,,called_strike,,,,,1,,R,R,R,SF,CIN,S,,,0,0,2024,-1.88,0.87,-0.6947216164319954,2.942974830296504,,,,0,2,Top,,,,,,,6.707586370699612,-132.84083245374913,-1.83018859665058,-23.662766031539924,28.366516668552265,-21.732855634510635,3.31169342027743,1.55062775690775,,,,91.9,2028,6.7,745344,672275,664774,642731,656305,669477,624424,666149,671218,53.85,,,,,,,,11,1,Sinker,4,0,0,4,0,4,0,4,Standard,Standard,233,0.003,-0.037,,,,,0.037,,4,-4,0.842,0.158,24,26,25,27,1,0,5.0,1,6.0,1.0,1.87,1.88,1.88,20.3,,,,,,pitcher
ST,2024-05-11,81.1,-2.14,5.27,"Black, Mason",645801,696131,field_out,hit_into_play,,,,,4,Mike Ford pops out to first baseman LaMonte Wade Jr.,R,L,R,SF,CIN,X,3.0,popup,1,2,2024,1.19,0.15,-0.5033956352446922,2.499513967957933,,,,2,1,Top,133.54,184.98,,,,,1.3910812417758065,-118.2095733978154,0.1052440220304158,10.934723028161264,21.53920614627204,-30.998467802194423,3.33,1.55,39.0,86.1,76.0,82.1,2515,6.7,745344,672275,664774,642731,656305,669477,624424,666149,671218,53.75,0.003,0.002,0.0,1.0,0.0,0.0,3.0,3,5,Sweeper,0,0,0,0,0,0,0,0,Infield shade,Standard,52,0.007,-0.18,73.3,7.5,,0.004,0.18,88.0,0,0,0.541,0.459,24,31,25,32,1,0,5.0,1,6.0,1.0,3.29,-1.19,1.19,21.7,21.560790841169627,-10.163357815880772,23.064995034825788,39.69452149905089,41.67976151923831,pitcher
FF,2024-05-11,94.3,-1.67,5.39,"Black, Mason",645801,696131,,foul,,,,,12,,R,L,R,SF,CIN,S,,,1,2,2024,-1.14,1.16,0.4199143661989357,3.5200276700047337,,,,2,1,Top,,,,,,,8.020950365873194,-137.17540007937896,-1.764520640736722,-16.110169642740495,28.4044636031287,-17.321437498135648,3.33,1.55,223.0,75.4,45.0,95.1,2062,6.6,745344,672275,664774,642731,656305,669477,624424,666149,671218,53.88,,,,,,,,3,4,4-Seam Fastball,0,0,0,0,0,0,0,0,Infield shade,Standard,225,0.0,0.0,67.7,6.3,,,0.0,88.0,0,0,0.541,0.459,24,31,25,32,1,0,5.0,1,6.0,1.0,1.39,1.14,-1.14,26.1,14.084033517937876,-4.533717001603831,25.75688777998452,29.14035699016604,28.267545563290263,pitcher
ST,2024-05-11,78.7,-2.01,5.19,"Black, Mason",645801,696131,,foul,,,,,8,,R,L,R,SF,CIN,S,,,1,1,2024,1.27,-0.47,-0.0337232690367617,1.5784050576752109,,,,2,1,Top,,,,,,,1.943957430456812,-114.66510640242782,-0.1172180193825642,10.737759912494017,22.691185700988942,-36.50015692191481,3.33,1.55,2.0,72.3,-42.0,78.5,2566,6.2,745344,672275,664774,642731,656305,669477,624424,666149,671218,54.28,,,,,,,,3,3,Sweeper,0,0,0,0,0,0,0,0,Infield shade,Standard,55,0.003,-0.064,65.9,7.6,,,0.064,88.0,0,0,0.538,0.462,24,31,25,32,1,0,5.0,1,6.0,1.0,4.16,-1.27,1.27,20.7,20.054090918204366,-23.05902859968584,27.489135770149502,35.30973911795941,47.40947135846443,pitcher
FF,2024-05-11,91.3,-1.83,5.47,"Black, Mason",645801,696131,,foul,,,,,2,,R,L,R,SF,CIN,S,,,1,0,2024,-1.29,1.29,-0.07270212049552,3.074693644480902,,,,2,1,Top,,,,,,,7.227258629715572,-132.70470069988986,-2.906089121028061,-16.85373997354864,28.976345201393237,-16.569008888370263,3.33,1.55,123.0,81.0,82.0,91.4,2043,6.5,745344,672275,664774,642731,656305,669477,624424,666149,671218,54.02,,,,,,,,3,2,4-Seam Fastball,0,0,0,0,0,0,0,0,Infield shade,Standard,224,0.001,-0.051,69.8,7.0,,,0.051,88.0,0,0,0.537,0.463,24,31,25,32,1,0,5.0,1,6.0,1.0,1.46,1.29,-1.29,26.8,18.886434728346394,-9.90923793384166,25.52379629867422,35.19666891171371,34.65335837117041,pitcher
SI,2024-05-11,92.9,-1.89,5.2,"Black, Mason",645801,696131,,ball,,,,,14,,R,L,R,SF,CIN,B,,,0,0,2024,-1.42,0.51,0.6851806491640331,0.5970096409354084,,,,2,1,Top,,,,,,,9.69190360070787,-134.9057813561847,-7.136296587686065,-19.392251605856405,27.60364371829362,-24.595670282044097,3.46464047485881,1.62616758432064,,,,93.1,2160,6.4,745344,672275,664774,642731,656305,669477,624424,666149,671218,54.12,,,,,,,,3,1,Sinker,0,0,0,0,0,0,0,0,Infield shade,Standard,237,-0.001,0.04,,,,,-0.04,,0,0,0.538,0.462,24,31,25,32,1,0,5.0,1,6.0,1.0,2.13,1.42,-1.42,19.7,,,,,,pitcher
FF,2024-05-11,91.7,-1.89,5.43,"Black, Mason",682829,696131,field_out,hit_into_play,,,,,2,"Elly De La Cruz grounds out, first baseman LaMonte Wade Jr. to pitcher Mason Black.",R,L,R,SF,CIN,X,3.0,ground_ball,1,1,2024,-0.9,1.26,0.243110104836782,3.5129974831977195,,,,1,1,Top,150.7,171.02,,,,,7.365709286174448,-133.43056764682197,-1.7556807480136791,-12.29863870990475,25.464368230426874,-16.88025520943198,3.69,1.78,16.0,92.8,-12.0,92.4,2008,6.4,745344,672275,664774,642731,656305,669477,624424,666149,671218,54.05,0.189,0.184,0.0,1.0,0.0,0.0,2.0,2,3,4-Seam Fastball,0,0,0,0,0,0,0,0,Infield shade,Standard,225,0.015,-0.243,76.6,6.9,,0.196,0.243,92.8,0,0,0.523,0.477,24,22,25,22,1,0,5.0,1,6.0,1.0,1.43,0.9,-0.9,26.0,16.922278517607932,-1.4752542113116192,30.76784896875156,33.36209884470158,33.627735289296695,pitcher
FF,2024-05-11,93.2,-1.93,5.44,"Black, Mason",682829,696131,,ball,,,,,11,,R,L,R,SF,CIN,B,,,0,1,2024,-1.04,0.97,-1.5469460046909445,4.58049318183615,,,,1,1,Top,,,,,,,3.3498301317921806,-135.7912237068433,1.3986541908862655,-13.635607024843916,27.390353039046985,-20.53452784072285,3.82165801856859,1.80701754904375,,,,95.2,2168,7.2,745344,672275,664774,642731,656305,669477,624424,666149,671218,53.29,,,,,,,,2,2,4-Seam Fastball,0,0,0,0,0,0,0,0,Infield shade,Standard,229,-0.001,0.024,,,,,-0.024,,0,0,0.524,0.476,24,22,25,22,1,0,5.0,1,6.0,1.0,1.63,1.04,-1.04,23.9,,,,,,pitcher
ST,2024-05-11,81.3,-2.13,5.25,"Black, Mason",682829,696131,,foul,,,,,9,,R,L,R,SF,CIN,S,,,0,0,2024,1.17,0.04,0.772997671030334,1.770492680165757,,,,1,1,Top,,,,,,,4.2914627062309085,-118.34412822508244,-1.236644885320834,10.043014031466123,23.85350407006868,-31.759821918877552,3.69,1.78,4.0,74.2,-26.0,81.5,2466,6.5,745344,672275,664774,642731,656305,669477,624424,666149,671218,53.95,,,,,,,,2,1,Sweeper,0,0,0,0,0,0,0,0,Infield shade,Standard,53,0.002,-0.037,74.5,7.7,,,0.037,88.0,0,0,0.522,0.478,24,22,25,22,1,0,5.0,1,6.0,1.0,3.42,-1.17,1.17,23.4,10.839417496376736,-9.568015121964532,43.89815210165604,27.80103219952582,35.594972337056,pitcher
SI,2024-05-11,91.4,-1.98,5.23,"Black, Mason",670770,696131,strikeout,called_strike,,,,,3,TJ Friedl called out on strikes.,R,L,R,SF,CIN,S,2.0,,1,2,2024,-1.4,0.5,0.5615152803035939,3.0752797187288192,,,,0,1,Top,,,,,,,9.508401383206696,-132.88858942991683,-0.6467551477977421,-18.625057976859804,27.525088996647707,-26.29816392071464,3.12845347521759,1.54596671844714,,,,92.3,2061,6.8,745344,672275,664774,642731,656305,669477,624424,666149,671218,53.71,,0.0,0.0,1.0,0.0,0.0,,1,4,Sinker,0,0,0,0,0,0,0,0,Standard,Standard,236,0.015,-0.186,,,,,0.186,,0,0,0.507,0.493,24,28,25,29,1,0,5.0,1,6.0,1.0,2.22,1.4,-1.4,25.0,,,,,,pitcher
FF,2024-05-11,92.6,-1.76,5.46,"Black, Mason",670770,696131,,ball,,,,,11,,R,L,R,SF,CIN,B,,,0,2,2024,-0.86,1.21,-0.1555077206229066,4.317818481028684,,,,0,1,Top,,,,,,,5.975364024865374,-134.873511371717,0.1829547153291548,-11.81808055351198,27.26857300876161,-17.534728910521274,3.11761513429794,1.50690289418985,,,,92.7,2080,6.1,745344,672275,664774,642731,656305,669477,624424,666149,671218,54.36,,,,,,,,1,3,4-Seam Fastball,0,0,0,0,0,0,0,0,Infield shade,Standard,224,-0.002,0.023,,,,,-0.023,,0,0,0.509,0.491,24,28,25,29,1,0,5.0,1,6.0,1.0,1.43,0.86,-0.86,26.5,,,,,,pitcher
ST,2024-05-11,80.7,-2.17,5.38,"Black, Mason",670770,696131,,called_strike,,,,,4,,R,L,R,SF,CIN,S,,,0,1,2024,1.13,0.01,-0.7702782257919482,2.5207031069244703,,,,0,1,Top,,,,,,,0.9794485176336328,-117.57831442178122,0.2272983752471569,10.348006016282884,20.865199144267848,-32.351265658854906,3.23751085986446,1.54185904074676,,,,81.0,2394,6.3,745344,672275,664774,642731,656305,669477,624424,666149,671218,54.21,,,,,,,,1,2,Sweeper,0,0,0,0,0,0,0,0,Standard,Standard,59,0.006,-0.054,,,,,0.054,,0,0,0.503,0.497,24,28,25,29,1,0,5.0,1,6.0,1.0,3.47,-1.13,1.13,24.0,,,,,,pitcher
FF,2024-05-11,90.7,-1.9,5.39,"Black, Mason",670770,696131,,called_strike,,,,,11,,R,L,R,SF,CIN,S,,,0,0,2024,-1.05,1.25,-0.8138785073360337,3.303683502818063,,,,0,1,Top,,,,,,,4.98134500253677,-132.03675702147584,-2.0045720468781263,-13.28795713887355,26.80099155162276,-17.266402702183992,3.21467909687784,1.541021148404,,,,91.5,1980,6.6,745344,672275,664774,642731,656305,669477,624424,666149,671218,53.89,,,,,,,,1,1,4-Seam Fastball,0,0,0,0,0,0,0,0,Standard,Standard,226,0.003,-0.037,,,,,0.037,,0,0,0.5,0.5,24,28,25,29,1,0,5.0,1,6.0,1.0,1.51,1.05,-1.05,24.8,,,,,,pitcher
SI,2024-05-06,90.0,-1.65,5.42,"Black, Mason",592206,696131,double,hit_into_play,,,,,8,Nick Castellanos doubles (1) on a sharp fly ball to center fielder Jung Hoo Lee. Brandon Marsh scores.,R,R,R,PHI,SF,X,8.0,fly_ball,0,2,2024,-1.4,0.71,-0.245025634269127,2.341708333353636,,669016.0,,1,5,Bot,168.34,47.72,,,,,6.516317484717717,-130.8652075897044,-3.19090710024182,-17.519599799210315,27.51671724312436,-23.562386508410004,3.75,1.77,388.0,103.2,26.0,90.6,1960,6.7,745585,656883,527038,642731,656305,666149,624424,808982,573262,53.81,0.685,1.3093833333333331,1.25,1.0,1.0,1.0,6.0,42,3,Sinker,4,0,4,0,0,5,5,0,Standard,Standard,233,0.031,0.911,74.2,7.1,,2.536,-0.911,103.2,4,4,0.933,0.933,24,32,25,32,3,2,,1,5.0,1.0,2.11,1.4,1.4,23.8,8.58185826625494,-0.7106515319937314,45.18177405608601,31.87419304918346,27.33543067328442,pitcher
SL,2024-05-06,83.9,-1.81,5.32,"Black, Mason",592206,696131,,swinging_strike,,,,,14,,R,R,R,PHI,SF,S,,,0,1,2024,0.11,0.08,1.9168764438020915,1.806885419475035,,669016.0,,1,5,Bot,,,,,,,8.431390579835922,-121.94200795704845,-1.90521662716448,-0.4608223999674292,23.190855919930733,-31.18563515267526,3.75,1.77,,,,84.5,2369,6.7,745585,656883,527038,642731,656305,666149,624424,808982,573262,53.84,,,,,,,,42,2,Slider,4,0,4,0,0,4,4,0,Standard,Standard,51,-0.002,-0.065,67.7,8.2,7.6268196,,0.065,,4,4,0.935,0.935,24,32,25,32,3,2,,1,5.0,1.0,3.15,-0.11,-0.11,20.5,17.638425518993124,-11.781960923572504,31.873075245799107,58.55438484802709,33.37750036928712,pitcher
SI,2024-05-06,90.7,-1.9,5.29,"Black, Mason",592206,696131,,called_strike,,,,,8,,R,R,R,PHI,SF,S,,,0,0,2024,-1.31,0.71,0.1585596036194239,2.256479917444472,,669016.0,,1,5,Bot,,,,,,,8.010221636520487,-131.82372028996275,-3.1847146669419364,-17.024024403562073,27.633746336751045,-23.374891799398792,3.78835531680004,1.88279244213624,,,,91.2,2007,6.6,745585,656883,527038,642731,656305,666149,624424,808982,573262,53.86,,,,,,,,42,1,Sinker,4,0,4,0,0,4,4,0,Standard,Standard,233,-0.002,-0.036,,,,,0.036,,4,4,0.937,0.937,24,32,25,32,3,2,,1,5.0,1.0,2.06,1.31,1.31,20.9,,,,,,pitcher
ST,2024-05-06,78.7,-1.98,5.27,"Black, Mason",669016,696131,double,hit_into_play,,,,,8,Brandon Marsh doubles (3) on a line drive to right fielder Mike Yastrzemski.,R,L,R,PHI,SF,X,9.0,line_drive,1,2,2024,1.4,-0.19,0.2400324833240831,1.7705993085023426,,,,1,5,Bot,205.41,131.99,,,,,2.2200463536109662,-114.59402166409708,-0.4227001697250654,11.927977401319175,21.43563979416477,-33.97089769441101,3.18,1.55,173.0,91.8,13.0,78.7,2517,6.3,745585,656883,527038,642731,656305,666149,624424,808982,573262,54.23,0.942,0.902,1.25,1.0,1.0,1.0,4.0,41,4,Sweeper,4,0,4,0,0,4,4,0,Standard,Standard,46,0.013,0.731,76.4,7.5,,1.102,-0.731,91.8,4,4,0.924,0.924,24,26,25,27,3,2,,1,5.0,1.0,3.87,-1.4,1.4,23.4,18.84429658573241,-14.61655818279093,41.79527123491651,35.83097738811496,42.70654363918578,pitcher
ST,2024-05-06,81.0,-2.03,5.26,"Black, Mason",669016,696131,,ball,,,,,13,,R,L,R,PHI,SF,B,,,0,2,2024,0.96,-0.1,-0.3133948833512787,0.6078582317279513,,,,1,5,Bot,,,,,,,1.9949760617462349,-117.89958926214562,-3.540491365962158,8.583055461265602,22.921147328029164,-32.67605960481586,3.26297582179172,1.55023445165814,,,,81.1,2531,6.4,745585,656883,527038,642731,656305,666149,624424,808982,573262,54.09,,,,,,,,41,3,Sweeper,4,0,4,0,0,4,4,0,Standard,Standard,48,0.001,0.02,,,,,-0.02,,4,4,0.923,0.923,24,26,25,27,3,2,,1,5.0,1.0,3.58,-0.96,0.96,21.4,,,,,,pitcher
CH,2024-05-06,88.2,-2.01,5.15,"Black, Mason",669016,696131,,called_strike,,,,,4,,R,L,R,PHI,SF,S,,,0,1,2024,-1.14,0.02,-0.2955780504441085,2.6681353966873544,,,,1,5,Bot,,,,,,,6.582884945208575,-128.3985402691643,0.0040066492553543,-13.918011517977227,25.9322161456791,-32.14021526166084,3.26297582179172,1.52995083510187,,,,89.0,1602,6.7,745585,656883,527038,642731,656305,666149,624424,808982,573262,53.78,,,,,,,,41,2,Changeup,4,0,4,0,0,4,4,0,Standard,Standard,248,-0.001,-0.057,,,,,0.057,,4,4,0.924,0.924,24,26,25,27,3,2,,1,5.0,1.0,2.9,1.14,-1.14,18.5,,,,,,pitcher
ST,2024-05-06,79.1,-2.05,5.33,"Black, Mason",669016,696131,,called_strike,,,,,7,,R,L,R,PHI,SF,S,,,0,0,2024,1.53,-0.36,-0.4214119402742045,1.8097615768453728,,,,1,5,Bot,,,,,,,0.690535340709523,-115.18495241150116,-0.1687752110465603,13.458217654132923,22.76311452113056,-35.56915531655415,3.23791229787169,1.55516704054099,,,,79.2,2485,6.5,745585,656883,527038,642731,656305,666149,624424,808982,573262,54.05,,,,,,,,41,1,Sweeper,4,0,4,0,0,4,4,0,Standard,Standard,47,-0.001,-0.037,,,,,0.037,,4,4,0.925,0.925,24,26,25,27,3,2,,1,5.0,1.0,4.02,-1.53,1.53,23.9,,,,,,pitcher
ST,2024-05-06,79.5,-1.9,5.39,"Black, Mason",664761,696131,field_out,hit_into_play,,,,,6,Alec Bohm flies out to center fielder Jung Hoo Lee.,R,R,R,PHI,SF,X,8.0,fly_ball,1,1,2024,1.31,-0.07,0.6975653988524484,2.550218291753217,,,,0,5,Bot,138.66,74.07,,,,,3.2376617454531376,-115.75975733780152,0.7259515647660904,11.043976499925469,23.85430065964792,-33.19613007786644,3.56,1.61,311.0,87.1,38.0,79.3,2656,6.4,745585,656883,527038,642731,656305,666149,624424,808982,573262,54.13,0.024,0.032,0.0,1.0,0.0,0.0,3.0,40,3,Sweeper,4,0,4,0,0,4,4,0,Standard,Standard,51,-0.006,-0.243,72.6,7.8,,0.053,0.243,88.0,4,4,0.931,0.931,24,27,25,28,3,2,,1,5.0,2.0,3.7,-1.31,-1.31,25.6,11.883581250204292,-4.843055882282091,29.39091849311725,46.80369341051749,38.24296431757412,pitcher
ST,2024-05-06,80.8,-1.74,5.26,"Black, Mason",664761,696131,,ball,,,,,14,,R,R,R,PHI,SF,B,,,0,1,2024,1.24,-0.16,1.73300466386747,1.31822637741657,,,,0,5,Bot,,,,,,,5.389747408565943,-117.58814506403802,-1.7601520654074143,10.331753421642585,24.22003435831365,-33.538778268224824,3.63844134584156,1.65601267759216,,,,80.9,2465,6.6,745585,656883,527038,642731,656305,666149,624424,808982,573262,53.95,,,,,,,,40,2,Sweeper,4,0,4,0,0,4,4,0,Standard,Standard,50,0.001,0.025,,,,,-0.025,,4,4,0.93,0.93,24,27,25,28,3,2,,1,5.0,2.0,3.68,-1.24,-1.24,23.1,,,,,,pitcher
SL,2024-05-06,85.3,-1.86,5.19,"Black, Mason",664761,696131,,called_strike,,,,,9,,R,R,R,PHI,SF,S,,,0,0,2024,0.14,0.17,0.6067400490811702,1.8327889581882637,,,,0,5,Bot,,,,,,,5.538595329108567,-124.12212663862174,-1.947089873842504,0.3033033855039881,25.35233759848943,-30.184445633862133,3.66343827848933,1.70642343634496,,,,85.5,2324,6.5,745585,656883,527038,642731,656305,666149,624424,808982,573262,54.03,,,,,,,,40,1,Slider,4,0,4,0,0,4,4,0,Standard,Standard,107,-0.001,-0.037,,,,,0.037,,4,4,0.931,0.931,24,27,25,28,3,2,,1,5.0,2.0,2.96,-0.14,-0.14,19.3,,,,,,pitcher
SI,2024-05-06,92.4,-1.92,5.25,"Black, Mason",547180,696131,home_run,hit_into_play,,,,,2,Bryce Harper homers (8) on a fly ball to left center field. Kyle Schwarber scores. J.T. Realmuto scores.,R,L,R,PHI,SF,X,,fly_ball,0,0,2024,-1.43,0.6,-0.0259377277711962,2.768313698669245,656941.0,,592663.0,0,5,Bot,66.1,56.85,,,,,7.995755543814689,-134.41450873587365,-1.8221535738418304,-19.131636725140822,29.295036921265933,-24.66449756424268,3.2,1.64,381.0,101.3,29.0,92.8,1938,6.6,745585,656883,527038,642731,656305,666149,624424,808982,573262,53.93,0.565,1.0995333333333337,2.0,1.0,0.0,3.0,6.0,39,1,Sinker,1,0,1,0,0,4,4,0,Standard,Standard,231,0.111,0.944,78.1,6.9,,2.155,-0.944,101.3,1,1,0.82,0.82,24,31,25,32,3,2,,1,5.0,1.0,2.07,1.43,-1.43,18.3,9.352675865850433,10.169535321226965,34.72345345034658,37.863831927007205,25.60166602339624,pitcher
FF,2024-05-06,93.0,-1.68,5.44,"Black, Mason",592663,696131,single,hit_into_play,,,,,2,J.T. Realmuto singles on a sharp line drive to center fielder Jung Hoo Lee. Kyle Schwarber to 3rd.,R,R,R,PHI,SF,X,8.0,line_drive,2,2,2024,-1.14,1.26,0.1896166749673238,3.6026369355884267,,,656941.0,0,5,Bot,162.58,73.06,,,,,7.329748949054124,-135.1874932869491,-1.6837312297017184,-15.539560552201204,30.36023173483783,-16.59228858279094,3.67,1.71,242.0,103.9,13.0,93.4,2176,6.7,745585,656883,527038,642731,656305,666149,624424,808982,573262,53.84,0.876,0.893,0.9,1.0,1.0,0.0,4.0,38,5,4-Seam Fastball,1,0,1,0,0,1,1,0,Standard,Standard,229,0.084,0.462,68.6,6.8,,1.189,-0.462,103.9,1,1,0.736,0.736,24,33,25,33,3,2,,1,5.0,2.0,1.39,1.14,1.14,25.0,13.64603223427422,11.429057081791704,22.857946081990903,39.50796395787511,21.60732210229034,pitcher
FF,2024-05-06,91.7,-1.75,5.35,"Black, Mason",592663,696131,,foul,,,,,6,,R,R,R,PHI,SF,S,,,2,1,2024,-1.08,1.07,0.6886071993036029,2.830847915209498,,,656941.0,0,5,Bot,,,,,,,8.55750843116785,-133.24503403885078,-2.7977380818238604,-14.776345700419244,29.58822900097676,-18.986294029125656,3.67,1.71,236.0,84.7,51.0,92.0,2086,6.6,745585,656883,527038,642731,656305,666149,624424,808982,573262,53.88,,,,,,,,38,4,4-Seam Fastball,1,0,1,0,0,1,1,0,Standard,Standard,228,-0.01,-0.048,68.5,7.3,,,0.048,88.0,1,1,0.746,0.746,24,33,25,33,3,2,,1,5.0,2.0,1.65,1.08,1.08,22.7,2.370430090276677,13.264747127714935,30.813700667117978,44.38268373278689,17.861267780229365,pitcher
SL,2024-05-06,83.5,-1.81,5.21,"Black, Mason",592663,696131,,ball,,,,,14,,R,R,R,PHI,SF,B,,,1,1,2024,0.21,0.02,1.4411898204121465,1.199970990581352,,,656941.0,0,5,Bot,,,,,,,7.1423824800989735,-121.49215815967936,-2.883499030777545,0.7012177036858501,23.208186735809537,-31.591870239603598,3.76338104111425,1.68121909458432,,,,84.3,2408,6.8,745585,656883,527038,642731,656305,666149,624424,808982,573262,53.71,,,,,,,,38,3,Slider,1,0,1,0,0,1,1,0,Standard,Standard,96,0.007,0.043,,,,,-0.043,,1,1,0.739,0.739,24,33,25,33,3,2,,1,5.0,2.0,3.24,-0.21,-0.21,21.0,,,,,,pitcher
FF,2024-05-06,92.4,-1.78,5.35,"Black, Mason",592663,696131,,swinging_strike,,,,,6,,R,R,R,PHI,SF,S,,,1,0,2024,-1.12,1.24,0.5544413068326035,2.462106802715572,,,656941.0,0,5,Bot,,,,,,,8.450728017970732,-134.26408852604914,-4.236429012561405,-15.356678468107551,30.19222109099837,-16.469701822465534,3.67,1.71,,,,92.9,2110,6.7,745585,656883,527038,642731,656305,666149,624424,808982,573262,53.76,,,,,,,,38,2,4-Seam Fastball,1,0,1,0,0,1,1,0,Standard,Standard,230,-0.007,-0.049,77.6,7.3,0.18046974,,0.049,,1,1,0.746,0.746,24,33,25,33,3,2,,1,5.0,2.0,1.45,1.12,1.12,16.9,8.684566988334433,17.38987671476697,37.71348463227776,43.99973122557549,19.37807648363306,pitcher
SL,2024-05-06,83.5,-1.85,5.21,"Black, Mason",592663,696131,,ball,,,,,14,,R,R,R,PHI,SF,B,,,0,0,2024,0.06,-0.16,0.9528227730785986,1.9972898587208543,,,656941.0,0,5,Bot,,,,,,,6.3673213930691945,-121.4264959000171,-0.5960878146745504,-0.7607390627908424,25.53411328061835,-33.83534703730417,3.6884307490346,1.756825737792,,,,83.6,2228,6.5,745585,656883,527038,642731,656305,666149,624424,808982,573262,53.96,,,,,,,,38,1,Slider,1,0,1,0,0,1,1,0,Standard,Standard,86,0.005,0.041,,,,,-0.041,,1,1,0.741,0.741,24,33,25,33,3,2,,1,5.0,2.0,3.45,-0.06,-0.06,19.6,,,,,,pitcher
CH,2024-05-06,88.2,-1.91,5.08,"Black, Mason",656941,696131,single,hit_into_play,,,,,8,Kyle Schwarber singles on a sharp line drive to right fielder Mike Yastrzemski.,R,L,R,PHI,SF,X,9.0,line_drive,0,1,2024,-1.26,0.58,0.0302793420407685,2.041896286441164,,,,0,5,Bot,180.63,119.7,,,,,7.369010311907861,-128.19282133930992,-2.472544063088993,-15.466726731741868,27.72018111591458,-25.4403291534862,3.37,1.56,155.0,111.5,8.0,88.3,1645,6.5,745585,656883,527038,642731,656305,666149,624424,808982,573262,53.99,0.805,0.786,0.9,1.0,1.0,0.0,5.0,37,2,Changeup,1,0,1,0,0,1,1,0,Standard,Standard,256,0.036,0.485,82.9,8.2,,1.009,-0.485,111.5,1,1,0.705,0.705,24,31,25,31,3,2,,1,5.0,1.0,2.36,1.26,-1.26,15.6,13.432326219184622,-7.475659427155472,33.38961244093202,35.41428850288575,31.152029958856048,pitcher
ST,2024-05-06,78.8,-2.01,5.24,"Black, Mason",656941,696131,,foul,,,,,8,,R,L,R,PHI,SF,S,,,0,0,2024,1.23,0.3,0.062050311145571,2.1208964652502638,,,,0,5,Bot,,,,,,,2.204832516913643,-114.75725294841996,-0.4887413764433009,10.446234786745892,22.11653924546909,-29.652926987041173,3.37,1.56,123.0,82.3,76.0,78.9,2493,6.4,745585,656883,527038,642731,656305,666149,624424,808982,573262,54.06,,,,,,,,37,1,Sweeper,1,0,1,0,0,1,1,0,Standard,Standard,51,-0.003,-0.037,77.6,7.8,,,0.037,88.0,1,1,0.708,0.708,24,31,25,31,3,2,,1,5.0,1.0,3.38,-1.23,1.23,20.2,16.032606658443328,-2.503457928504131,37.0810948510544,35.81896659405841,32.41692531383761,pitcher
ST,2024-05-06,82.5,-1.9,5.21,"Black, Mason",679032,696131,strikeout,swinging_strike,,,,,14,Johan Rojas strikes out swinging.,R,R,R,PHI,SF,S,2.0,,0,2,2024,1.18,-0.16,1.4675662959038704,2.188356662457302,681082.0,593160.0,,2,4,Bot,,,,,,,5.377118422312669,-120.04349670808485,0.0061825823062402,10.275990131920867,24.747587091018985,-33.97697449646547,3.45,1.69,,,,82.8,2466,6.6,745585,656883,527038,642731,656305,666149,624424,808982,573262,53.87,,0.0,0.0,1.0,0.0,0.0,,33,3,Sweeper,1,0,1,0,0,1,1,0,Standard,Standard,54,-0.033,-0.176,68.9,8.0,0.732441252,,0.176,,1,1,0.671,0.671,24,23,25,24,2,1,,1,5.0,2.0,3.53,-1.18,-1.18,15.2,10.157996490022557,-17.307627238002482,16.1525271194839,48.62530370814251,38.67713744785145,pitcher
SI,2024-05-06,92.6,-1.89,5.18,"Black, Mason",679032,696131,,called_strike,,,,,6,,R,R,R,PHI,SF,S,,,0,1,2024,-1.45,0.55,0.3496311614953944,2.341881766736886,681082.0,,593160.0,2,4,Bot,,,,,,,8.917988777235905,-134.6191285956242,-2.6473622994836337,-19.520240617902765,29.643695342432743,-25.05945665508795,3.53840969252355,1.78202361937915,,,,93.0,2191,6.6,745585,656883,527038,642731,656305,666149,624424,808982,573262,53.88,,,,,,,,33,2,Sinker,1,0,1,0,0,1,1,0,Standard,Standard,233,-0.008,-0.082,,,,,0.082,,1,1,0.679,0.679,24,23,25,24,2,1,,1,5.0,2.0,2.11,1.45,1.45,18.1,,,,,,pitcher
SI,2024-05-06,92.1,-1.9,5.17,"Black, Mason",679032,696131,,called_strike,,,,,5,,R,R,R,PHI,SF,S,,,0,0,2024,-1.38,0.72,0.2007403148686672,2.343381722939009,681082.0,,593160.0,2,4,Bot,,,,,,,8.369694322413729,-133.90518787934406,-2.912286870208042,-18.38702102771414,29.14412226033018,-23.052961479249536,3.2880354522271,1.68121909458432,,,,92.5,2121,6.6,745585,656883,527038,642731,656305,666149,624424,808982,573262,53.92,,,,,,,,33,1,Sinker,1,0,1,0,0,1,1,0,Standard,Standard,234,-0.007,-0.046,,,,,0.046,,1,1,0.686,0.686,24,23,25,24,2,1,,1,5.0,2.0,1.97,1.38,1.38,17.6,,,,,,pitcher
SI,2024-05-06,90.5,-1.83,5.22,"Black, Mason",593160,696131,single,hit_into_play,,,,,8,Whit Merrifield singles on a ground ball to left fielder Michael Conforto. Nick Castellanos scores. Bryson Stott to 3rd.,R,R,R,PHI,SF,X,7.0,ground_ball,1,0,2024,-1.47,0.61,-0.1527013268966388,1.919349514718476,,592206.0,681082.0,2,4,Bot,78.75,119.12,,,,,7.389148312339389,-131.7026659571864,-3.6461326782991534,-18.638390203115765,26.569683908874303,-24.4918735506174,3.36,1.55,69.0,96.8,3.0,91.4,1977,6.7,745585,656883,527038,642731,656305,666149,624424,808982,573262,53.77,0.495,0.445,0.9,1.0,1.0,0.0,4.0,32,2,Sinker,0,0,0,0,0,1,1,0,Standard,Standard,231,0.13,0.537,65.4,7.1,,0.543,-0.537,96.8,0,0,0.556,0.556,24,35,25,35,2,1,,2,5.0,1.0,2.16,1.47,1.47,18.9,13.175173589345512,-1.935447932840805,41.115260613343,34.62014930857705,33.235190377303255,pitcher
ST,2024-05-06,79.0,-1.93,5.15,"Black, Mason",593160,696131,,blocked_ball,,,,,14,,R,R,R,PHI,SF,B,,,0,0,2024,0.83,-0.26,1.0774584481199776,0.1545143618576117,,592206.0,681082.0,2,4,Bot,,,,,,,5.006057737188131,-114.94306395341724,-3.5138804776400985,6.255367233662937,23.984639188405456,-33.93176483078828,3.41327393794892,1.55516704054099,,,,78.8,2421,6.5,745585,656883,527038,642731,656305,666149,624424,808982,573262,54.04,,,,,,,,32,1,Sweeper,0,0,0,0,0,0,0,0,Standard,Standard,46,0.003,0.026,,,,,-0.026,,0,0,0.553,0.553,24,35,25,35,2,1,,2,5.0,1.0,3.95,-0.83,-0.83,19.9,,,,,,pitcher
ST,2024-05-06,79.8,-2.0,5.24,"Black, Mason",681082,696131,walk,ball,,,,,11,Bryson Stott walks. Nick Castellanos to 2nd.,R,L,R,PHI,SF,B,,,3,2,2024,1.14,-0.08,-0.6287899255537885,4.133748671100031,,,592206.0,2,4,Bot,,,,,,,0.8631787477767645,-116.13558384956876,4.437891027248696,10.14357996934692,22.21790304391755,-33.93821543093954,3.31309115297167,1.55516704054099,,,,79.6,2463,6.2,745585,656883,527038,642731,656305,666149,624424,808982,573262,54.33,,0.689131,0.7,1.0,0.0,0.0,,31,8,Sweeper,0,0,0,0,0,0,0,0,Standard,Standard,63,0.021,0.217,,,,,-0.217,,0,0,0.532,0.532,24,26,25,27,2,1,,1,5.0,1.0,3.66,-1.14,1.14,18.2,,,,,,pitcher
FF,2024-05-06,91.5,-1.8,5.38,"Black, Mason",681082,696131,,ball,,,,,13,,R,L,R,PHI,SF,B,,,2,2,2024,-1.24,1.28,-1.5759706439643628,2.2839638751206355,,,592206.0,2,4,Bot,,,,,,,3.249186209864169,-133.1940970046371,-4.733870782434265,-15.410722197336163,28.616478057102174,-16.07249137889772,3.26297582179172,1.60559377449139,,,,92.1,2242,6.6,745585,656883,527038,642731,656305,666149,624424,808982,573262,53.88,,,,,,,,31,7,4-Seam Fastball,0,0,0,0,0,0,0,0,Standard,Standard,229,0.008,0.085,,,,,-0.085,,0,0,0.524,0.524,24,26,25,27,2,1,,1,5.0,1.0,1.44,1.24,-1.24,22.9,,,,,,pitcher
FF,2024-05-06,92.4,-1.74,5.4,"Black, Mason",681082,696131,,ball,,,,,11,,R,L,R,PHI,SF,B,,,1,2,2024,-1.13,1.37,-0.043378480959906,4.38270060217994,,,592206.0,2,4,Bot,,,,,,,6.809437461712797,-134.3942970008695,0.2561280408564655,-15.193870711623813,30.114533489223767,-15.890860453197856,3.2880354522271,1.58038136675896,,,,92.7,2296,6.6,745585,656883,527038,642731,656305,666149,624424,808982,573262,53.95,,,,,,,,31,6,4-Seam Fastball,0,0,0,0,0,0,0,0,Standard,Standard,226,0.004,0.038,,,,,-0.038,,0,0,0.52,0.52,24,26,25,27,2,1,,1,5.0,1.0,1.31,1.13,-1.13,25.4,,,,,,pitcher
CH,2024-05-06,87.4,-1.88,5.09,"Black, Mason",681082,696131,,foul,,,,,13,,R,L,R,PHI,SF,S,,,1,2,2024,-1.25,0.22,-0.8452202988560187,2.1612723574020696,,,592206.0,2,4,Bot,,,,,,,5.109574057415688,-127.25118044824588,-1.4019457681673395,-14.683488066258256,25.40177808820929,-29.69292378667807,3.24,1.55,232.0,81.0,20.0,88.0,1623,6.6,745585,656883,527038,642731,656305,666149,624424,808982,573262,53.91,,,,,,,,31,5,Changeup,0,0,0,0,0,0,0,0,Standard,Standard,251,0.0,0.0,62.5,6.6,,,0.0,88.0,0,0,0.52,0.52,24,26,25,27,2,1,,1,5.0,1.0,2.75,1.25,-1.25,16.2,-1.341993624475631,24.751284079181936,24.040775378390045,44.4900163606609,17.272857787885798,pitcher
FF,2024-05-06,93.2,-1.78,5.34,"Black, Mason",681082,696131,,foul,,,,,11,,R,L,R,PHI,SF,S,,,1,2,2024,-1.08,1.21,-0.4589689525338953,3.3751164705152625,,,592206.0,2,4,Bot,,,,,,,5.799030531373989,-135.6536521823168,-1.922661591089452,-14.617143318375932,31.41441771250541,-17.106649201284547,3.24,1.55,216.0,76.4,23.0,93.3,2203,6.5,745585,656883,527038,642731,656305,666149,624424,808982,573262,54.02,,,,,,,,31,4,4-Seam Fastball,0,0,0,0,0,0,0,0,Standard,Standard,228,0.0,0.0,63.8,6.0,,,0.0,88.0,0,0,0.52,0.52,24,26,25,27,2,1,,1,5.0,1.0,1.43,1.08,-1.08,24.1,-3.1974054956640856,16.53083228174588,23.018956234571245,38.87157919665938,19.361716880446476,pitcher
SI,2024-05-06,91.3,-1.97,5.1,"Black, Mason",681082,696131,,foul,,,,,2,,R,L,R,PHI,SF,S,,,1,1,2024,-1.46,0.64,-0.2298923766600025,2.800086346139466,,,592206.0,2,4,Bot,,,,,,,7.546068463029094,-132.8155533411764,-1.3004838203623028,-18.84802282413005,27.174850409894077,-24.479767440214392,3.24,1.55,206.0,73.3,53.0,92.0,2211,6.6,745585,656883,527038,642731,656305,666149,624424,808982,573262,53.89,,,,,,,,31,3,Sinker,0,0,0,0,0,0,0,0,Standard,Standard,235,-0.007,-0.06,67.6,7.0,,,0.06,88.0,0,0,0.527,0.527,24,26,25,27,2,1,,1,5.0,1.0,2.08,1.46,-1.46,14.6,-0.851525515669995,8.911814671625141,26.63522147847109,37.55203743880061,21.59548177009934,pitcher
SI,2024-05-06,91.7,-1.69,5.17,"Black, Mason",681082,696131,,ball,,,,,11,,R,L,R,PHI,SF,B,,,0,1,2024,-1.3,0.74,-0.455158349950425,3.381979220407911,,,592206.0,2,4,Bot,,,,,,,5.946565250827323,-133.44872503580342,-0.2988262076349145,-16.837823922281533,27.15304205928801,-23.44423890581181,3.18810878568202,1.42924790384975,,,,92.2,2201,6.4,745585,656883,527038,642731,656305,666149,624424,808982,573262,54.06,,,,,,,,31,2,Sinker,0,0,0,0,0,0,0,0,Standard,Standard,229,0.003,0.032,,,,,-0.032,,0,0,0.524,0.524,24,26,25,27,2,1,,1,5.0,1.0,1.96,1.3,-1.3,18.1,,,,,,pitcher
FF,2024-05-06,90.6,-1.72,5.26,"Black, Mason",681082,696131,,called_strike,,,,,9,,R,L,R,PHI,SF,S,,,0,0,2024,-0.92,1.15,0.5453899136491335,1.8464436556246504,,,592206.0,2,4,Bot,,,,,,,7.6814306625863695,-131.66754165665134,-5.0862600535306,-12.387504991970207,27.801345503886413,-17.876857493906567,3.2880354522271,1.68121909458432,,,,91.1,2147,6.7,745585,656883,527038,642731,656305,666149,624424,808982,573262,53.82,,,,,,,,31,1,4-Seam Fastball,0,0,0,0,0,0,0,0,Standard,Standard,226,-0.004,-0.047,,,,,0.047,,0,0,0.528,0.528,24,26,25,27,2,1,,1,5.0,1.0,1.63,0.92,-0.92,23.0,,,,,,pitcher
SL,2024-05-06,84.6,-1.94,5.23,"Black, Mason",592206,696131,walk,blocked_ball,,,,,14,Nick Castellanos walks.,R,R,R,PHI,SF,B,,,3,1,2024,0.03,0.21,1.4583374680079475,0.7197930270921615,,,,2,4,Bot,,,,,,,7.956293256222331,-123.13317084978044,-4.708232157631711,-1.0973836526185223,21.022577154468667,-29.345752884638586,3.78835531680004,1.88279244213624,,,,85.8,2250,6.8,745585,656883,527038,642731,656305,666149,624424,808982,573262,53.74,,0.689131,0.7,1.0,0.0,0.0,,30,5,Slider,0,0,0,0,0,0,0,0,Strategic,Standard,231,0.009,0.178,,,,,-0.178,,0,0,0.519,0.519,24,32,25,32,2,1,,1,5.0,1.0,2.94,-0.03,-0.03,20.2,,,,,,pitcher
ST,2024-05-06,78.6,-2.02,5.19,"Black, Mason",592206,696131,,ball,,,,,14,,R,R,R,PHI,SF,B,,,2,1,2024,1.23,0.02,1.305915385805783,0.8396150388981045,,,,2,4,Bot,,,,,,,4.963487075598664,-114.45646045667468,-2.6645844717688787,9.89303588165633,20.68326470670625,-31.685797623796255,3.66343827848933,1.85760371981331,,,,79.1,2365,6.5,745585,656883,527038,642731,656305,666149,624424,808982,573262,53.98,,,,,,,,30,4,Sweeper,0,0,0,0,0,0,0,0,Standard,Standard,49,0.005,0.112,,,,,-0.112,,0,0,0.514,0.514,24,32,25,32,2,1,,1,5.0,1.0,3.65,-1.23,-1.23,21.0,,,,,,pitcher
CH,2024-05-06,86.5,-1.97,5.06,"Black, Mason",592206,696131,,ball,,,,,14,,R,R,R,PHI,SF,B,,,1,1,2024,-1.28,0.0,0.3626418733511924,0.7871217371548305,,,,2,4,Bot,,,,,,,8.180736219144409,-125.67652736201404,-3.975363143800164,-15.232348041737032,24.956288714395548,-31.575684705411973,3.81332495765587,1.88279244213624,,,,86.7,1643,6.5,745585,656883,527038,642731,656305,666149,624424,808982,573262,54.03,,,,,,,,30,3,Changeup,0,0,0,0,0,0,0,0,Strategic,Standard,247,0.002,0.058,,,,,-0.058,,0,0,0.512,0.512,24,32,25,32,2,1,,1,5.0,1.0,3.05,1.28,1.28,18.3,,,,,,pitcher
ST,2024-05-06,82.0,-1.86,5.37,"Black, Mason",592206,696131,,ball,,,,,12,,R,R,R,PHI,SF,B,,,0,1,2024,1.17,0.13,1.8644904830042492,3.0588593462290605,,,,2,4,Bot,,,,,,,6.1749604520283405,-119.33198174753272,1.0901747845632777,9.889724199984194,23.848819714324065,-31.34862944675671,3.86325019800627,1.90797877746358,,,,82.1,2500,6.4,745585,656883,527038,642731,656305,666149,624424,808982,573262,54.06,,,,,,,,30,2,Sweeper,0,0,0,0,0,0,0,0,Strategic,Standard,52,0.001,0.029,,,,,-0.029,,0,0,0.511,0.511,24,32,25,32,2,1,,1,5.0,1.0,3.27,-1.17,-1.17,23.0,,,,,,pitcher
ST,2024-05-06,80.3,-1.83,5.35,"Black, Mason",592206,696131,,swinging_strike,,,,,9,,R,R,R,PHI,SF,S,,,0,0,2024,0.84,-0.4,0.397206570002112,1.9417114152100057,,,,2,4,Bot,,,,,,,3.3471483707814347,-116.96644770710525,-0.0925220311193861,7.091837483287689,22.18645485294612,-36.05250146754332,3.75,1.77,,,,80.5,2521,6.4,745585,656883,527038,642731,656305,666149,624424,808982,573262,54.12,,,,,,,,30,1,Sweeper,0,0,0,0,0,0,0,0,Strategic,Standard,58,-0.002,-0.041,67.5,8.4,1.392025464,,0.041,,0,0,0.513,0.513,24,32,25,32,2,1,,1,5.0,1.0,3.93,-0.84,-0.84,20.7,25.40396416797458,-26.42608538874999,34.19989333726823,41.93150876069963,47.7120257252456,pitcher
FF,2024-05-06,90.3,-1.7,5.35,"Black, Mason",669016,696131,field_out,hit_into_play,,,,,5,Brandon Marsh flies out to center fielder Jung Hoo Lee.,R,L,R,PHI,SF,X,8.0,fly_ball,1,0,2024,-0.98,1.15,0.2578540371965525,2.5499628041110785,,,,1,4,Bot,123.31,90.57,,,,,6.97562333337244,-131.41878576315324,-3.527359968532982,-12.811330939786153,25.58335155809522,-18.306573189029983,3.18,1.55,271.0,99.2,52.0,90.9,2099,6.5,745585,656883,527038,642731,656305,666149,624424,808982,573262,54.04,0.005,0.005,0.0,1.0,0.0,0.0,3.0,29,2,4-Seam Fastball,0,0,0,0,0,0,0,0,Standard,Standard,228,-0.023,-0.295,75.4,7.2,,0.005,0.295,99.2,0,0,0.536,0.536,24,26,25,27,2,1,,1,5.0,1.0,1.63,0.98,-0.98,23.8,16.12560722547745,-7.435181251039421,36.48794817255791,34.452953446894604,34.64954597012306,pitcher
ST,2024-05-06,80.1,-2.03,5.23,"Black, Mason",669016,696131,,ball,,,,,14,,R,L,R,PHI,SF,B,,,0,0,2024,1.18,0.29,0.7888201807899103,1.1334159349654884,,,,1,4,Bot,,,,,,,4.0266028888613175,-116.76278331980475,-2.973406051515385,10.183611571601464,20.31864039076252,-29.17813844743492,3.23791229787169,1.55516704054099,,,,80.9,2308,6.6,745585,656883,527038,642731,656305,666149,624424,808982,573262,53.95,,,,,,,,29,1,Sweeper,0,0,0,0,0,0,0,0,Standard,Standard,46,0.003,0.039,,,,,-0.039,,0,0,0.533,0.533,24,26,25,27,2,1,,1,5.0,1.0,3.23,-1.18,1.18,20.5,,,,,,pitcher
SI,2024-05-06,91.8,-1.85,5.3,"Black, Mason",664761,696131,field_out,hit_into_play,,,,,4,Alec Bohm flies out to center fielder Jung Hoo Lee.,R,R,R,PHI,SF,X,8.0,fly_ball,0,0,2024,-1.46,0.64,-0.5513796862155107,2.558843176277992,,,,0,4,Bot,156.79,71.71,,,,,6.500299026624741,-133.6253537753629,-2.518710597680123,-18.918415608050704,26.833839620851663,-24.178034070745426,3.56,1.61,325.0,91.3,27.0,92.6,2022,6.6,745585,656883,527038,642731,656305,666149,624424,808982,573262,53.9,0.084,0.108,0.0,1.0,0.0,0.0,3.0,28,1,Sinker,0,0,0,0,0,0,0,0,Strategic,Standard,232,-0.027,-0.254,70.7,7.0,,0.182,0.254,91.3,0,0,0.56,0.56,24,27,25,28,2,1,,1,5.0,2.0,2.05,1.46,1.46,19.7,2.644506463331771,3.7917931099273514,32.14585900303065,31.413433349001856,26.863426548715125,pitcher
ST,2024-05-06,81.3,-2.06,5.15,"Black, Mason",547180,696131,field_out,hit_into_play,,,,,8,Bryce Harper flies out to left fielder Michael Conforto.,R,L,R,PHI,SF,X,7.0,fly_ball,0,0,2024,0.91,-0.13,-0.0618988945711178,1.541661777834074,656941.0,592663.0,,2,3,Bot,77.32,89.64,,,,,2.7358762178200737,-118.34985755514988,-1.2096947135681857,8.043996878110612,23.214606100892496,-33.37854680736174,3.2,1.64,296.0,88.7,38.0,81.5,2584,6.4,745585,656883,527038,642731,656305,666149,624424,808982,573262,54.06,0.016,0.024,0.0,1.0,0.0,0.0,3.0,22,1,Sweeper,0,0,0,0,0,0,0,0,Standard,Standard,55,-0.064,-0.287,77.9,8.0,,0.04,0.287,88.7,0,0,0.564,0.564,24,31,25,32,2,1,,1,5.0,1.0,3.58,-0.91,0.91,15.9,5.273761620747359,-13.409378973484577,44.44997172790941,39.915092387616,35.22518131317879,pitcher
ST,2024-05-06,79.4,-1.94,5.27,"Black, Mason",592663,696131,double,hit_into_play,,,,,5,J.T. Realmuto doubles (4) on a line drive to left fielder Michael Conforto. Kyle Schwarber to 3rd.,R,R,R,PHI,SF,X,7.0,line_drive,2,1,2024,1.06,0.25,0.0865407184821582,2.6118533047172945,,,656941.0,2,3,Bot,45.91,114.48,,,,,2.4487372870651347,-115.6214085514706,0.5038235327613794,8.998288213423876,22.63161976919666,-30.22862519677289,3.67,1.71,186.0,88.6,15.0,79.4,2449,6.4,745585,656883,527038,642731,656305,666149,624424,808982,573262,54.13,0.971,0.933,1.25,1.0,1.0,1.0,4.0,21,4,Sweeper,0,0,0,0,0,0,0,0,Standard,Standard,63,0.036,0.829,80.9,7.7,,1.16,-0.829,88.6,0,0,0.528,0.528,24,33,25,33,2,1,,1,5.0,2.0,3.37,-1.06,-1.06,19.1,21.49603040281671,-18.64233131686496,32.04394231328637,37.01891399172659,40.50437199667206,pitcher
SI,2024-05-06,91.4,-1.85,5.1,"Black, Mason",592663,696131,,foul,,,,,6,,R,R,R,PHI,SF,S,,,2,0,2024,-1.45,0.62,0.4395969975858242,2.6441436052499974,,,656941.0,2,3,Bot,,,,,,,8.963359262515567,-132.89972388710154,-1.6814015391854795,-19.106698377555595,27.316664594959036,-24.59553485880451,3.67,1.71,83.0,78.7,8.0,92.1,2061,6.7,745585,656883,527038,642731,656305,666149,624424,808982,573262,53.84,,,,,,,,21,3,Sinker,0,0,0,0,0,0,0,0,Standard,Standard,232,-0.005,-0.048,75.0,7.4,,,0.048,88.0,0,0,0.533,0.533,24,33,25,33,2,1,,1,5.0,2.0,2.1,1.45,1.45,18.3,5.0494178957554725,11.808285512407805,33.39010038046709,43.08060590738294,16.04517954720704,pitcher
ST,2024-05-06,80.8,-1.88,5.17,"Black, Mason",592663,696131,,blocked_ball,,,,,14,,R,R,R,PHI,SF,B,,,1,0,2024,0.71,0.07,3.152545244097802,0.423855740972975,,,656941.0,2,3,Bot,,,,,,,9.91602699492144,-117.27942466373112,-4.0061005500710944,4.462532963512664,23.803932822567013,-30.869336989330144,3.6884307490346,1.68121909458432,,,,80.9,2436,6.7,745585,656883,527038,642731,656305,666149,624424,808982,573262,53.83,,,,,,,,21,2,Sweeper,0,0,0,0,0,0,0,0,Standard,Standard,44,0.005,0.05,,,,,-0.05,,0,0,0.528,0.528,24,33,25,33,2,1,,1,5.0,2.0,3.46,-0.71,-0.71,21.3,,,,,,pitcher
ST,2024-05-06,79.6,-1.83,5.16,"Black, Mason",592663,696131,,ball,,,,,14,,R,R,R,PHI,SF,B,,,0,0,2024,0.77,0.17,1.003237237240497,2.661032352148617,,,656941.0,2,3,Bot,,,,,,,4.774674625165949,-115.76852462784262,0.993319567301632,5.982957366124524,22.62421333601843,-31.065947546374385,3.6884307490346,1.65601267759216,,,,79.7,2326,6.5,745585,656883,527038,642731,656305,666149,624424,808982,573262,54.01,,,,,,,,21,1,Sweeper,0,0,0,0,0,0,0,0,Standard,Standard,60,0.002,0.034,,,,,-0.034,,0,0,0.526,0.526,24,33,25,33,2,1,,1,5.0,2.0,3.44,-0.77,-0.77,18.3,,,,,,pitcher
SI,2024-05-06,91.1,-2.02,5.15,"Black, Mason",656941,696131,walk,blocked_ball,,,,,14,Kyle Schwarber walks.,R,L,R,PHI,SF,B,,,3,0,2024,-1.35,0.47,0.984683464179244,0.2485734100389427,,,,2,3,Bot,,,,,,,10.489314784992574,-132.1571786388167,-7.470003792649659,-17.97257896817724,26.367426799011827,-25.22655543326457,3.58843423370714,1.63080422450444,,,,91.7,2099,6.7,745585,656883,527038,642731,656305,666149,624424,808982,573262,53.83,,0.689131,0.7,1.0,0.0,0.0,,20,4,Sinker,0,0,0,0,0,0,0,0,Standard,Standard,233,0.006,0.12,,,,,-0.12,,0,0,0.52,0.52,24,31,25,31,2,1,,1,5.0,1.0,2.28,1.35,-1.35,18.2,,,,,,pitcher
ST,2024-05-06,79.3,-2.09,5.14,"Black, Mason",656941,696131,,ball,,,,,14,,R,L,R,PHI,SF,B,,,2,0,2024,1.1,0.02,1.0164058106874143,1.892594025360212,,,,2,3,Bot,,,,,,,4.745143587631316,-115.4130087526088,-0.3160983080965615,8.892075900460231,22.766902665502137,-32.15566711385149,3.53840969252355,1.68121909458432,,,,79.3,2460,6.4,745585,656883,527038,642731,656305,666149,624424,808982,573262,54.07,,,,,,,,20,3,Sweeper,0,0,0,0,0,0,0,0,Strategic,Standard,47,0.004,0.109,,,,,-0.109,,0,0,0.516,0.516,24,31,25,31,2,1,,1,5.0,1.0,3.62,-1.1,1.1,19.1,,,,,,pitcher
ST,2024-05-06,80.2,-2.01,5.14,"Black, Mason",656941,696131,,ball,,,,,14,,R,L,R,PHI,SF,B,,,1,0,2024,1.1,0.15,1.737400009465217,2.4371583164052377,,,,2,3,Bot,,,,,,,6.235036098103345,-116.7368938605183,0.4609090978140271,8.780118146084085,22.68357763242464,-31.121209270077884,3.56342412419182,1.756825737792,,,,80.3,2507,6.4,745585,656883,527038,642731,656305,666149,624424,808982,573262,54.1,,,,,,,,20,2,Sweeper,0,0,0,0,0,0,0,0,Strategic,Standard,49,0.003,0.068,,,,,-0.068,,0,0,0.513,0.513,24,31,25,31,2,1,,1,5.0,1.0,3.4,-1.1,1.1,21.5,,,,,,pitcher
SI,2024-05-06,91.7,-1.79,5.12,"Black, Mason",656941,696131,,ball,,,,,14,,R,L,R,PHI,SF,B,,,0,0,2024,-1.44,0.7,1.1083706992983529,2.1327151361738457,,,,2,3,Bot,,,,,,,10.51658054844036,-133.17422119973736,-3.218550234740253,-19.417242678350394,27.65576946458745,-23.294317731380524,3.66343827848933,1.56023498909836,,,,92.4,2208,6.7,745585,656883,527038,642731,656305,666149,624424,808982,573262,53.78,,,,,,,,20,1,Sinker,0,0,0,0,0,0,0,0,Strategic,Standard,232,0.001,0.04,,,,,-0.04,,0,0,0.512,0.512,24,31,25,31,2,1,,1,5.0,1.0,2.01,1.44,-1.44,23.2,,,,,,pitcher
SI,2024-05-06,90.9,-1.96,5.19,"Black, Mason",679032,696131,field_out,hit_into_play,,,,,5,Johan Rojas flies out to center fielder Jung Hoo Lee.,R,R,R,PHI,SF,X,8.0,fly_ball,1,0,2024,-1.4,0.37,-0.0834910920704687,2.464939701803087,,,,1,3,Bot,147.54,72.44,,,,,7.735034428229207,-132.1736332114187,-1.7391175094972176,-18.045372049507016,26.28779831233693,-27.63982265727628,3.45,1.69,319.0,90.1,34.0,91.6,2070,6.6,745585,656883,527038,642731,656305,666149,624424,808982,573262,53.87,0.024,0.029,0.0,1.0,0.0,0.0,3.0,19,2,Sinker,0,0,0,0,0,0,0,0,Standard,Standard,236,-0.021,-0.295,75.6,7.3,,0.052,0.295,90.1,0,0,0.533,0.533,24,23,25,24,1,0,,1,5.0,2.0,2.38,1.4,1.4,18.0,-0.4148011122900799,3.661115479973673,17.781903858335145,32.94565850641183,29.119539553622214,pitcher
SL,2024-05-06,83.6,-1.96,5.2,"Black, Mason",679032,696131,,ball,,,,,14,,R,R,R,PHI,SF,B,,,0,0,2024,0.01,0.1,1.261878896160629,0.617001590308166,,,,1,3,Bot,,,,,,,7.456292301661139,-121.50701959199748,-4.302682787285594,-1.491787837696898,25.225804865844065,-30.504475055507164,3.51339097392171,1.68121909458432,,,,84.0,2149,6.7,745585,656883,527038,642731,656305,666149,624424,808982,573262,53.78,,,,,,,,19,1,Slider,0,0,0,0,0,0,0,0,Standard,Standard,109,0.003,0.039,,,,,-0.039,,0,0,0.53,0.53,24,23,25,24,1,0,,1,5.0,2.0,3.19,-0.01,-0.01,20.0,,,,,,pitcher
SI,2024-05-06,90.0,-1.99,5.16,"Black, Mason",593160,696131,field_out,hit_into_play,,,,,8,"Whit Merrifield grounds out, third baseman Matt Chapman to first baseman Wilmer Flores.",R,R,R,PHI,SF,X,5.0,ground_ball,2,1,2024,-1.53,0.57,-0.1060840122536617,1.5617568010234213,,,,0,3,Bot,105.71,168.05,,,,,7.975560173270503,-130.82866229738082,-4.169109868437246,-19.226739431037704,27.94255613082664,-24.944777921866606,3.36,1.55,2.0,70.6,-43.0,90.6,1935,6.7,745585,656883,527038,642731,656305,666149,624424,808982,573262,53.77,0.207,0.186,0.0,1.0,0.0,0.0,2.0,18,4,Sinker,0,0,0,0,0,0,0,0,Standard,Standard,232,-0.029,-0.296,64.7,6.6,,0.211,0.296,88.0,0,0,0.559,0.559,24,35,25,35,1,0,,2,5.0,1.0,2.25,1.53,1.53,18.5,-2.3814032461989614,10.288405614724612,38.51231370350367,35.97420248515994,23.222651448387904,pitcher
SL,2024-05-06,83.2,-1.85,5.24,"Black, Mason",593160,696131,,ball,,,,,14,,R,R,R,PHI,SF,B,,,1,1,2024,0.38,-0.02,0.9719529021874296,1.546376366975701,,,,0,3,Bot,,,,,,,5.754543368038834,-121.15681145318408,-1.9907701560718936,2.6680398164438706,23.57049216346655,-32.186489392875764,3.4883680037076,1.60559377449139,,,,83.6,2327,6.5,745585,656883,527038,642731,656305,666149,624424,808982,573262,54.0,,,,,,,,18,3,Slider,0,0,0,0,0,0,0,0,Standard,Standard,80,0.005,0.053,,,,,-0.053,,0,0,0.554,0.554,24,35,25,35,1,0,,2,5.0,1.0,3.31,-0.38,-0.38,21.0,,,,,,pitcher
ST,2024-05-06,79.6,-1.89,5.28,"Black, Mason",593160,696131,,called_strike,,,,,14,,R,R,R,PHI,SF,S,,,1,0,2024,0.95,-0.07,0.9946449488476136,1.8721686353282143,,,,0,3,Bot,,,,,,,4.57261729302836,-115.87791373705588,-0.5874443191632872,7.64281023091391,22.102523302985645,-32.92292704508118,3.41383139054049,1.53023213614643,,,,79.8,2378,6.5,745585,656883,527038,642731,656305,666149,624424,808982,573262,54.04,,,,,,,,18,2,Sweeper,0,0,0,0,0,0,0,0,Standard,Standard,55,-0.005,-0.049,,,,,0.049,,0,0,0.559,0.559,24,35,25,35,1,0,,2,5.0,1.0,3.67,-0.95,-0.95,21.2,,,,,,pitcher
ST,2024-05-06,79.3,-1.88,5.16,"Black, Mason",593160,696131,,ball,,,,,14,,R,R,R,PHI,SF,B,,,0,0,2024,1.16,-0.06,1.5632861084766525,1.4042842114302494,,,,0,3,Bot,,,,,,,5.375887929750493,-115.408587325621,-1.282388003902006,9.209673203997768,22.905339741111117,-32.70775552759283,3.53840969252355,1.63080422450444,,,,79.3,2403,6.5,745585,656883,527038,642731,656305,666149,624424,808982,573262,54.04,,,,,,,,18,1,Sweeper,0,0,0,0,0,0,0,0,Infield shade,Standard,55,0.004,0.038,,,,,-0.038,,0,0,0.555,0.555,24,35,25,35,1,0,,2,5.0,1.0,3.71,-1.16,-1.16,19.6,,,,,,pitcher
ST,2024-05-06,79.6,-1.83,5.19,"Black, Mason",681082,696131,strikeout,called_strike,,,,,1,Bryson Stott called out on strikes.,R,L,R,PHI,SF,S,2.0,,0,2,2024,1.43,0.12,-0.4611623182057955,2.7812089649363747,,,592206.0,2,2,Bot,,,,,,,0.3217636626799717,-115.97448818149492,1.207853179824216,12.890351430296636,21.239211917117508,-31.51886851261501,3.26304360497313,1.63084030277125,,,,79.6,2413,6.2,745585,656883,527038,642731,656305,666149,624424,808982,573262,54.29,,0.0,0.0,1.0,0.0,0.0,,14,4,Sweeper,0,0,0,0,0,0,0,0,Standard,Standard,65,-0.014,-0.17,,,,,0.17,,0,0,0.514,0.514,24,26,25,27,1,0,,1,5.0,1.0,3.46,-1.43,1.43,17.7,,,,,,pitcher
FF,2024-05-06,92.8,-1.74,5.3,"Black, Mason",681082,696131,,foul,,,,,5,,R,L,R,PHI,SF,S,,,0,2,2024,-1.0,1.26,-0.1974358517017633,2.3128664222178363,,,592206.0,2,2,Bot,,,,,,,6.1537781188847305,-134.9805684077001,-4.596671522835891,-13.575908289360068,31.121613710606315,-16.006110987387846,3.24,1.55,196.0,71.9,33.0,93.0,2287,6.6,745585,656883,527038,642731,656305,666149,624424,808982,573262,53.92,,,,,,,,14,3,4-Seam Fastball,0,0,0,0,0,0,0,0,Standard,Standard,230,0.0,0.0,62.5,6.9,,,0.0,88.0,0,0,0.514,0.514,24,26,25,27,1,0,,1,5.0,1.0,1.4,1.0,-1.0,19.0,-1.4043684307649502,12.468061028438395,33.8556508644326,35.64703299851351,17.812732168823274,pitcher
FF,2024-05-06,91.8,-1.61,5.34,"Black, Mason",681082,696131,,foul,,,,,3,,R,L,R,PHI,SF,S,,,0,1,2024,-0.94,1.34,0.6878730355859621,3.125393033128677,,,592206.0,2,2,Bot,,,,,,,7.890849876722295,-133.51978516245745,-2.669481228378611,-12.94007081796316,27.3424641557701,-15.73693358440464,3.24,1.55,111.0,76.4,81.0,92.3,2159,6.5,745585,656883,527038,642731,656305,666149,624424,808982,573262,53.97,,,,,,,,14,2,4-Seam Fastball,0,0,0,0,0,0,0,0,Standard,Standard,230,-0.006,-0.054,66.3,6.9,,,0.054,88.0,0,0,0.52,0.52,24,26,25,27,1,0,,1,5.0,1.0,1.36,0.94,-0.94,21.1,9.083829254425275,-5.69700740339953,28.575693720087227,25.783032502734187,31.26531979639382,pitcher
FF,2024-05-06,91.1,-1.81,5.28,"Black, Mason",681082,696131,,called_strike,,,,,2,,R,L,R,PHI,SF,S,,,0,0,2024,-0.91,1.23,-0.0425475387196155,3.0033542516209693,,,592206.0,2,2,Bot,,,,,,,6.4378640977042805,-132.5589502731641,-2.5057332268676595,-12.068584612854355,26.411748157255506,-17.236954067939163,3.16276403004555,1.50476563776453,,,,91.9,2028,6.6,745585,656883,527038,642731,656305,666149,624424,808982,573262,53.89,,,,,,,,14,1,4-Seam Fastball,0,0,0,0,0,0,0,0,Standard,Standard,233,-0.004,-0.047,,,,,0.047,,0,0,0.524,0.524,24,26,25,27,1,0,,1,5.0,1.0,1.5,0.91,-0.91,29.7,,,,,,pitcher
SI,2024-05-06,90.0,-1.92,5.07,"Black, Mason",592206,696131,single,hit_into_play,,,,,9,"Nick Castellanos singles on a line drive to center fielder Jung Hoo Lee, deflected by right fielder Mike Yastrzemski.",R,R,R,PHI,SF,X,9.0,line_drive,2,1,2024,-1.5,0.53,0.4298484086281688,1.8635050493191576,,,,2,2,Bot,152.41,89.44,,,,,9.065823020768716,-130.79028004495743,-3.113958658105427,-19.109815899781072,27.680344395887243,-25.601336785128105,3.75,1.77,254.0,77.4,23.0,90.5,2063,6.7,745585,656883,527038,642731,656305,666149,624424,808982,573262,53.82,0.868,0.825,0.9,1.0,1.0,0.0,4.0,13,4,Sinker,0,0,0,0,0,0,0,0,Standard,Standard,232,0.012,0.286,74.0,7.8,,0.982,-0.286,88.0,0,0,0.512,0.512,24,32,25,32,1,0,,1,5.0,1.0,2.29,1.5,1.5,16.0,13.008649410645509,-3.865159987080681,39.06823288226245,42.51520410379854,29.695133552673912,pitcher
ST,2024-05-06,78.5,-1.86,5.23,"Black, Mason",592206,696131,,ball,,,,,14,,R,R,R,PHI,SF,B,,,1,1,2024,1.42,-0.17,2.1996013390347,0.5602459411820124,,,,2,2,Bot,,,,,,,6.153365563015443,-114.20647476076569,-2.8730393029416907,11.058120251528186,23.31886621720901,-33.28974525046173,3.78843591670284,1.75686503906407,,,,78.1,2509,6.3,745585,656883,527038,642731,656305,666149,624424,808982,573262,54.21,,,,,,,,13,3,Sweeper,0,0,0,0,0,0,0,0,Standard,Standard,51,0.002,0.058,,,,,-0.058,,0,0,0.51,0.51,24,32,25,32,1,0,,1,5.0,1.0,3.9,-1.42,-1.42,22.7,,,,,,pitcher
ST,2024-05-06,82.9,-1.79,5.13,"Black, Mason",592206,696131,,ball,,,,,14,,R,R,R,PHI,SF,B,,,0,1,2024,1.08,0.43,1.5067083963681809,1.455528333899609,,,,2,2,Bot,,,,,,,5.45020240139802,-120.58072101198324,-2.752187778982118,9.389453358799468,24.080904253791783,-27.63536597690185,3.73848156076327,1.7820635642764,,,,83.0,2484,6.5,745585,656883,527038,642731,656305,666149,624424,808982,573262,54.05,,,,,,,,13,2,Sweeper,0,0,0,0,0,0,0,0,Standard,Standard,55,0.001,0.029,,,,,-0.029,,0,0,0.509,0.509,24,32,25,32,1,0,,1,5.0,1.0,2.9,-1.08,-1.08,17.4,,,,,,pitcher
SI,2024-05-06,91.1,-2.01,5.13,"Black, Mason",592206,696131,,swinging_strike,,,,,1,,R,R,R,PHI,SF,S,,,0,0,2024,-0.83,1.42,-0.5582113489419686,3.7329067502565216,,,,2,2,Bot,,,,,,,5.451606697198661,-132.58366322187092,-0.6449654350369365,-10.928280924374349,29.077043792570496,-15.55718466487165,3.75,1.77,,,,91.3,2141,6.5,745585,656883,527038,642731,656305,666149,624424,808982,573262,54.03,,,,,,,,13,1,Sinker,0,0,0,0,0,0,0,0,Standard,Standard,231,-0.002,-0.041,66.2,6.0,0.466160532,,0.041,,0,0,0.511,0.511,24,32,25,32,1,0,,1,5.0,1.0,1.33,0.83,0.83,15.8,5.83994642691886,9.222305379381398,33.91903939075479,32.09970978502408,20.26183656193393,pitcher
ST,2024-05-06,81.9,-1.92,5.12,"Black, Mason",669016,696131,field_out,hit_into_play,,,,,14,Brandon Marsh grounds out to first baseman Wilmer Flores.,R,L,R,PHI,SF,X,3.0,ground_ball,2,2,2024,1.18,0.23,1.095593786366829,2.3141874673244613,,,,1,2,Bot,156.47,164.42,,,,,4.538653797327802,-119.17118742008344,-0.1750166304560625,10.315439282812944,24.034392385704223,-30.187130611938347,3.18,1.55,11.0,73.1,-11.0,82.0,2385,6.5,745585,656883,527038,642731,656305,666149,624424,808982,573262,54.05,0.052,0.078,0.0,1.0,0.0,0.0,2.0,12,6,Sweeper,0,0,0,0,0,0,0,0,Standard,Standard,50,-0.014,-0.225,64.4,5.7,,0.056,0.225,88.0,0,0,0.525,0.525,24,26,25,27,1,0,,1,5.0,1.0,3.18,-1.18,1.18,20.2,1.549673212787395,1.4038398057476158,48.29364383978278,23.922814956052637,25.43660396618302,pitcher
FF,2024-05-06,92.3,-1.8,5.34,"Black, Mason",669016,696131,,foul,,,,,12,,R,L,R,PHI,SF,S,,,2,2,2024,-1.27,1.29,0.200861475596872,3.3328349907071155,,,,1,2,Bot,,,,,,,7.917449431439151,-134.20287787849307,-2.0542689613703446,-17.126183556290705,30.878597154191965,-16.44870945130415,3.18,1.55,201.0,73.6,44.0,92.6,2206,6.6,745585,656883,527038,642731,656305,666149,624424,808982,573262,53.87,,,,,,,,12,5,4-Seam Fastball,0,0,0,0,0,0,0,0,Standard,Standard,229,0.0,0.0,71.8,6.4,,,0.0,88.0,0,0,0.525,0.525,24,26,25,27,1,0,,1,5.0,1.0,1.41,1.27,-1.27,22.6,8.911987663958168,-0.3998799895826438,29.41714844809608,36.28387270700469,24.990069059689745,pitcher
ST,2024-05-06,81.1,-1.88,5.21,"Black, Mason",669016,696131,,ball,,,,,14,,R,L,R,PHI,SF,B,,,1,2,2024,1.16,-0.05,0.4181016031215155,0.916896936880412,,,,1,2,Bot,,,,,,,2.939544465292649,-118.04963911388016,-2.865688918697118,10.215001479240302,23.27615944009535,-32.27412000704274,3.21291146060284,1.52998432969665,,,,81.2,2583,6.5,745585,656883,527038,642731,656305,666149,624424,808982,573262,54.05,,,,,,,,12,4,Sweeper,0,0,0,0,0,0,0,0,Standard,Standard,48,0.002,0.043,,,,,-0.043,,0,0,0.523,0.523,24,26,25,27,1,0,,1,5.0,1.0,3.52,-1.16,1.16,21.2,,,,,,pitcher
FF,2024-05-06,93.7,-1.69,5.32,"Black, Mason",669016,696131,,ball,,,,,12,,R,L,R,PHI,SF,B,,,0,2,2024,-1.18,1.12,0.3153076137560968,4.018792706339475,,,,1,2,Bot,,,,,,,7.858439179066322,-136.31293185467052,-0.0826310098768138,-16.4748599038911,30.450665152894224,-18.43420427938883,3.237979461761,1.5552011814536,,,,94.3,2294,6.7,745585,656883,527038,642731,656305,666149,624424,808982,573262,53.79,,,,,,,,12,3,4-Seam Fastball,0,0,0,0,0,0,0,0,Standard,Standard,229,0.002,0.02,,,,,-0.02,,0,0,0.521,0.521,24,26,25,27,1,0,,1,5.0,1.0,1.48,1.18,-1.18,22.3,,,,,,pitcher
FF,2024-05-06,92.3,-1.77,5.29,"Black, Mason",669016,696131,,foul,,,,,2,,R,L,R,PHI,SF,S,,,0,1,2024,-1.17,1.24,0.0539257221034157,2.7979846620998527,,,,1,2,Bot,,,,,,,7.242457446117679,-134.18794288639734,-3.243143349794655,-15.724939410665746,28.2881132584396,-16.613980383103957,3.18,1.55,109.0,77.7,18.0,93.0,2298,6.7,745585,656883,527038,642731,656305,666149,624424,808982,573262,53.83,,,,,,,,12,2,4-Seam Fastball,0,0,0,0,0,0,0,0,Standard,Standard,225,-0.004,-0.057,77.2,7.1,,,0.057,88.0,0,0,0.525,0.525,24,26,25,27,1,0,,1,5.0,1.0,1.43,1.17,-1.17,18.9,15.084236712337336,-6.211290744353856,35.011318233090755,37.23017292497714,29.547020823943043,pitcher
ST,2024-05-06,79.9,-1.99,5.14,"Black, Mason",669016,696131,,called_strike,,,,,4,,R,L,R,PHI,SF,S,,,0,0,2024,1.04,0.36,-0.6649621520522526,2.4701393469523767,,,,1,2,Bot,,,,,,,0.9600451869565994,-116.44568183601903,0.0957866692132096,9.33461410091942,20.06483297922781,-29.12966962027778,3.21291146060284,1.5552011814536,,,,80.3,2346,6.3,745585,656883,527038,642731,656305,666149,624424,808982,573262,54.22,,,,,,,,12,1,Sweeper,0,0,0,0,0,0,0,0,Standard,Standard,54,-0.003,-0.037,,,,,0.037,,0,0,0.528,0.528,24,26,25,27,1,0,,1,5.0,1.0,3.18,-1.04,1.04,20.3,,,,,,pitcher
ST,2024-05-06,79.7,-1.92,5.21,"Black, Mason",664761,696131,field_out,hit_into_play,,,,,6,Alec Bohm pops out to first baseman Wilmer Flores in foul territory.,R,R,R,PHI,SF,X,3.0,popup,2,1,2024,0.89,0.01,0.3835401572993453,2.4054818887394105,,,,0,2,Bot,160.03,202.59,,,,,3.3737336676412566,-116.04030527969604,0.5515635281248934,7.441184736182575,21.59567656574296,-32.41530383317048,3.56,1.61,91.0,83.3,75.0,79.7,2368,6.2,745585,656883,527038,642731,656305,666149,624424,808982,573262,54.27,0.001,0.0,0.0,1.0,0.0,0.0,3.0,11,4,Sweeper,0,0,0,0,0,0,0,0,Infield shade,Standard,54,-0.027,-0.296,76.1,7.8,,0.001,0.296,88.0,0,0,0.555,0.555,24,27,25,28,1,0,,1,5.0,2.0,3.57,-0.89,-0.89,20.0,12.615505830663595,-1.96292361234804,31.077564384190524,41.405982910142505,37.770898668074246,pitcher
SL,2024-05-06,83.6,-1.98,5.25,"Black, Mason",664761,696131,,called_strike,,,,,12,,R,R,R,PHI,SF,S,,,2,0,2024,0.17,0.23,1.069919801381274,3.0129149998445146,,,,0,2,Bot,,,,,,,6.747890312383078,-121.5358746838947,0.8559174165909931,0.3290540733108596,23.89239073038989,-30.280975635944912,3.51396747248684,1.58066606354187,,,,84.1,2249,6.6,745585,656883,527038,642731,656305,666149,624424,808982,573262,53.85,,,,,,,,11,3,Slider,0,0,0,0,0,0,0,0,Infield shade,Standard,120,-0.007,-0.065,,,,,0.065,,0,0,0.562,0.562,24,27,25,28,1,0,,1,5.0,2.0,3.04,-0.17,-0.17,21.3,,,,,,pitcher
ST,2024-05-06,80.0,-1.99,5.18,"Black, Mason",664761,696131,,ball,,,,,12,,R,R,R,PHI,SF,B,,,1,0,2024,1.32,0.35,0.994122923768201,3.294568833125663,,,,0,2,Bot,,,,,,,4.093876471833946,-116.49469158095984,1.9140997899136225,11.257927036600796,22.347162976583483,-29.6132762533902,3.63851832254106,1.58041615372883,,,,80.1,2412,6.4,745585,656883,527038,642731,656305,666149,624424,808982,573262,54.11,,,,,,,,11,2,Sweeper,0,0,0,0,0,0,0,0,Infield shade,Standard,64,0.007,0.069,,,,,-0.069,,0,0,0.555,0.555,24,27,25,28,1,0,,1,5.0,2.0,3.22,-1.32,-1.32,19.9,,,,,,pitcher
FF,2024-05-06,91.1,-1.61,5.46,"Black, Mason",664761,696131,,ball,,,,,12,,R,R,R,PHI,SF,B,,,0,0,2024,-1.05,1.18,0.3145924459408409,4.602528244326383,,,,0,2,Bot,,,,,,,7.11943101515268,-132.62045077478055,1.1854637838721724,-13.897652960120288,26.32185079303807,-18.65507777109387,3.56349927722809,1.60562920725037,,,,91.8,2093,6.5,745585,656883,527038,642731,656305,666149,624424,808982,573262,53.99,,,,,,,,11,1,4-Seam Fastball,0,0,0,0,0,0,0,0,Standard,Standard,224,0.004,0.038,,,,,-0.038,,0,0,0.551,0.551,24,27,25,28,1,0,,1,5.0,2.0,1.55,1.05,1.05,24.1,,,,,,pitcher
CH,2024-05-06,88.1,-2.03,5.05,"Black, Mason",547180,696131,strikeout,called_strike,,,,,9,Bryce Harper called out on strikes.,R,L,R,PHI,SF,S,2.0,,2,2,2024,-1.33,0.17,0.5911133879439316,2.137127376289733,,,,2,1,Bot,,,,,,,9.150553524191434,-128.06606270261585,-1.3251902191050304,-16.5428022226727,25.55968447542225,-30.25114168668212,3.21291146060284,1.75686503906407,,,,88.3,1861,6.4,745585,656883,527038,642731,656305,666149,624424,808982,573262,54.08,,0.0,0.0,1.0,0.0,0.0,,7,6,Changeup,0,0,0,0,0,0,0,0,Standard,Standard,244,-0.008,-0.219,,,,,0.219,,0,0,0.508,0.508,24,31,25,32,1,0,,1,5.0,1.0,2.77,1.33,-1.33,14.8,,,,,,pitcher
SI,2024-05-06,94.2,-1.87,5.16,"Black, Mason",547180,696131,,ball,,,,,14,,R,L,R,PHI,SF,B,,,1,2,2024,-1.43,0.74,1.0165603892079795,2.0564785608454583,,,,2,1,Bot,,,,,,,10.717847072464718,-136.7981458793008,-4.002389579525477,-20.28225562153787,29.044874932647343,-22.18914463607359,3.28810385393952,1.70646144936269,,,,94.7,2273,6.6,745585,656883,527038,642731,656305,666149,624424,808982,573262,53.87,,,,,,,,7,5,Sinker,0,0,0,0,0,0,0,0,Standard,Standard,231,0.001,0.039,,,,,-0.039,,0,0,0.507,0.507,24,31,25,32,1,0,,1,5.0,1.0,1.83,1.43,-1.43,17.4,,,,,,pitcher
ST,2024-05-06,81.5,-2.0,5.24,"Black, Mason",547180,696131,,ball,,,,,14,,R,L,R,PHI,SF,B,,,0,2,2024,1.04,-0.02,1.2384986118008614,0.8196295306937476,,,,2,1,Bot,,,,,,,5.299205323447796,-118.6283449742861,-3.3079834543841957,8.792254290507532,22.72875749115696,-31.935900806706915,3.33821252437505,1.7820635642764,,,,81.8,2620,6.5,745585,656883,527038,642731,656305,666149,624424,808982,573262,54.02,,,,,,,,7,4,Sweeper,0,0,0,0,0,0,0,0,Standard,Standard,47,0.001,0.023,,,,,-0.023,,0,0,0.506,0.506,24,31,25,32,1,0,,1,5.0,1.0,3.45,-1.04,1.04,17.1,,,,,,pitcher
SI,2024-05-06,93.1,-1.98,5.16,"Black, Mason",547180,696131,,foul,,,,,1,,R,L,R,PHI,SF,S,,,0,2,2024,-1.45,0.49,-0.3820545457989155,2.7991439507615574,,,,2,1,Bot,,,,,,,7.335472915356274,-135.3798253738639,-1.3768042979863306,-19.4625967751816,28.46688415770861,-26.02257423532132,3.2,1.64,153.0,104.1,7.0,93.7,2079,6.6,745585,656883,527038,642731,656305,666149,624424,808982,573262,53.91,,,,,,,,7,3,Sinker,0,0,0,0,0,0,0,0,Standard,Standard,236,0.0,0.0,67.5,5.7,,,0.0,104.1,0,0,0.506,0.506,24,31,25,32,1,0,,1,5.0,1.0,2.13,1.45,-1.45,11.6,-9.707644863266223,33.50494065892023,38.31608471116908,40.68183337758281,12.934701297465349,pitcher
ST,2024-05-06,81.9,-1.79,5.36,"Black, Mason",547180,696131,,foul,,,,,2,,R,L,R,PHI,SF,S,,,0,1,2024,0.94,0.04,-0.1591040689172228,2.7517501358819736,,,,2,1,Bot,,,,,,,1.8580955362657048,-119.27372463497416,0.596588283536992,8.61716333547148,23.413809119471512,-32.09682490960955,3.2,1.64,121.0,66.0,21.0,82.0,2485,6.4,745585,656883,527038,642731,656305,666149,624424,808982,573262,54.13,,,,,,,,7,2,Sweeper,0,0,0,0,0,0,0,0,Standard,Standard,51,-0.002,-0.058,74.6,6.7,,,0.058,88.0,0,0,0.508,0.508,24,31,25,32,1,0,,1,5.0,1.0,3.35,-0.94,0.94,22.2,1.756305137709454,15.05547888212128,37.14426837827521,38.57606125851986,24.17069783523396,pitcher
ST,2024-05-06,79.9,-1.89,5.19,"Black, Mason",547180,696131,,foul,,,,,8,,R,L,R,PHI,SF,S,,,0,0,2024,1.13,0.07,0.2528127676985049,1.99540144884355,,,,2,1,Bot,,,,,,,2.587521330660397,-116.32923927408962,-0.4355093080600499,9.787061393310138,22.40453347333273,-31.65956416604869,3.2,1.64,10.0,45.7,-10.0,80.0,2445,6.4,745585,656883,527038,642731,656305,666149,624424,808982,573262,54.12,,,,,,,,7,1,Sweeper,0,0,0,0,0,0,0,0,Standard,Standard,59,-0.002,-0.041,80.4,8.5,,,0.041,88.0,0,0,0.51,0.51,24,31,25,32,1,0,,1,5.0,1.0,3.5,-1.13,1.13,20.2,23.565310349350927,-25.66013827559851,36.47272742126049,36.22100056903946,50.53715773992118,pitcher
FF,2024-05-06,92.0,-1.73,5.29,"Black, Mason",592663,696131,strikeout,foul_tip,,,,,8,J.T. Realmuto strikes out on a foul tip.,R,R,R,PHI,SF,S,2.0,,2,2,2024,-1.08,1.14,0.2545502809553579,2.155654246590605,,,,1,1,Bot,,,,,,,7.434282133253361,-133.81192170349496,-4.618036801235207,-14.603821128349908,28.26728281222985,-17.650375381403222,3.67,1.71,,,,92.7,2082,6.7,745585,656883,527038,642731,656305,666149,624424,808982,573262,53.82,,0.0,0.0,1.0,0.0,0.0,,6,5,4-Seam Fastball,0,0,0,0,0,0,0,0,Standard,Standard,230,-0.014,-0.225,77.6,7.4,,,0.225,,0,0,0.524,0.524,24,33,25,33,1,0,,1,5.0,2.0,1.55,1.08,1.08,23.3,9.532477465886636,12.407370407997863,42.9616377538294,39.009730075944574,21.954371532538445,pitcher
ST,2024-05-06,82.6,-1.89,5.25,"Black, Mason",592663,696131,,ball,,,,,14,,R,R,R,PHI,SF,B,,,1,2,2024,1.43,-0.12,1.8734736451988476,1.0965102729947305,,,,1,1,Bot,,,,,,,5.798424477705899,-120.1169660092665,-2.679119481154528,12.613448958715669,24.928662448747257,-32.95424603492223,3.6885089370981,1.68125646299086,,,,82.6,2634,6.5,745585,656883,527038,642731,656305,666149,624424,808982,573262,53.99,,,,,,,,6,4,Sweeper,0,0,0,0,0,0,0,0,Standard,Standard,41,0.003,0.043,,,,,-0.043,,0,0,0.521,0.521,24,33,25,33,1,0,,1,5.0,2.0,3.48,-1.43,-1.43,22.1,,,,,,pitcher
ST,2024-05-06,79.7,-1.76,5.47,"Black, Mason",592663,696131,,foul,,,,,9,,R,R,R,PHI,SF,S,,,1,1,2024,1.23,-0.15,0.629861601659419,2.045698706872601,,,,1,1,Bot,,,,,,,2.954321437099152,-116.02402341300044,-0.4693020326957926,10.448656613145806,22.810306093582724,-33.67467159326876,3.67,1.71,170.0,73.7,60.0,79.6,2459,6.3,745585,656883,527038,642731,656305,666149,624424,808982,573262,54.19,,,,,,,,6,3,Sweeper,0,0,0,0,0,0,0,0,Standard,Standard,56,-0.004,-0.061,68.5,8.1,,,0.061,88.0,0,0,0.525,0.525,24,33,25,33,1,0,,1,5.0,2.0,3.75,-1.23,-1.23,24.4,16.355972036854567,2.177693782471541,36.34021075678051,45.50903100104083,27.980158441168328,pitcher
ST,2024-05-06,79.4,-1.91,5.19,"Black, Mason",592663,696131,,called_strike,,,,,9,,R,R,R,PHI,SF,S,,,1,0,2024,1.13,-0.43,0.3215309919814531,1.6810365679746004,,,,1,1,Bot,,,,,,,2.766846452950749,-115.55028502261126,-0.0182312962097845,9.458225563773093,24.49219845408509,-36.19689140990049,3.78843591670284,1.70646144936269,,,,79.0,2300,6.3,745585,656883,527038,642731,656305,666149,624424,808982,573262,54.17,,,,,,,,6,2,Sweeper,0,0,0,0,0,0,0,0,Standard,Standard,54,-0.004,-0.051,,,,,0.051,,0,0,0.529,0.529,24,33,25,33,1,0,,1,5.0,2.0,4.08,-1.13,-1.13,19.5,,,,,,pitcher
SI,2024-05-06,91.5,-1.94,5.26,"Black, Mason",592663,696131,,ball,,,,,11,,R,R,R,PHI,SF,B,,,0,0,2024,-1.45,0.5,-0.7462737886015829,4.406928155212047,,,,1,1,Bot,,,,,,,6.162291857681851,-133.00318378875025,2.676193304903952,-18.570947018495698,29.452932317209125,-27.02899186502353,3.75701882498218,1.80578942038244,,,,91.6,1930,6.5,745585,656883,527038,642731,656305,666149,624424,808982,573262,54.04,,,,,,,,6,1,Sinker,0,0,0,0,0,0,0,0,Standard,Standard,234,0.003,0.039,,,,,-0.039,,0,0,0.526,0.526,24,33,25,33,1,0,,1,5.0,2.0,2.23,1.45,1.45,19.3,,,,,,pitcher
SI,2024-05-06,91.2,-1.92,5.13,"Black, Mason",656941,696131,field_out,hit_into_play,,,,,13,"Kyle Schwarber grounds out, pitcher Mason Black to first baseman Wilmer Flores.",R,L,R,PHI,SF,X,1.0,ground_ball,0,0,2024,-1.58,0.62,-0.8500315672277539,2.0110637759442174,,,,0,1,Bot,132.58,190.33,,,,,6.121352492375936,-132.64368009968084,-3.290378943593575,-19.94293302443061,29.125474688535,-24.344779266041527,3.37,1.56,1.0,73.2,-70.0,91.6,2088,6.6,745585,656883,527038,642731,656305,666149,624424,808982,573262,53.86,0.275,0.25,0.0,1.0,0.0,0.0,2.0,5,1,Sinker,0,0,0,0,0,0,0,0,Standard,Standard,235,-0.022,-0.254,71.4,7.9,,0.275,0.254,88.0,0,0,0.548,0.548,24,31,25,31,1,0,,1,5.0,1.0,2.13,1.58,-1.58,16.2,19.50559603933253,2.4666716887599933,29.66352332011504,45.52434306455399,27.774002197353354,pitcher
