pitch_type,game_date,release_speed,release_pos_x,release_pos_z,player_name,batter,pitcher,events,description,spin_dir,spin_rate_deprecated,break_angle_deprecated,break_length_deprecated,zone,des,game_type,stand,p_throws,home_team,away_team,type,hit_location,bb_type,balls,strikes,game_year,pfx_x,pfx_z,plate_x,plate_z,on_3b,on_2b,on_1b,outs_when_up,inning,inning_topbot,hc_x,hc_y,tfs_deprecated,tfs_zulu_deprecated,umpire,sv_id,vx0,vy0,vz0,ax,ay,az,sz_top,sz_bot,hit_distance_sc,launch_speed,launch_angle,effective_speed,release_spin_rate,release_extension,game_pk,fielder_2,fielder_3,fielder_4,fielder_5,fielder_6,fielder_7,fielder_8,fielder_9,release_pos_y,estimated_ba_using_speedangle,estimated_woba_using_speedangle,woba_value,woba_denom,babip_value,iso_value,launch_speed_angle,at_bat_number,pitch_number,pitch_name,home_score,away_score,bat_score,fld_score,post_away_score,post_home_score,post_bat_score,post_fld_score,if_fielding_alignment,of_fielding_alignment,spin_axis,delta_home_win_exp,delta_run_exp,bat_speed,swing_length,miss_distance,estimated_slg_using_speedangle,delta_pitcher_run_exp,hyper_speed,home_score_diff,bat_score_diff,home_win_exp,bat_win_exp,age_pit_legacy,age_bat_legacy,age_pit,age_bat,n_thruorder_pitcher,n_priorpa_thisgame_player_at_bat,pitcher_days_since_prev_game,batter_days_since_prev_game,pitcher_days_until_next_game,batter_days_until_next_game,api_break_z_with_gravity,api_break_x_arm,api_break_x_batter_in,arm_angle,attack_angle,attack_direction,swing_path_tilt,intercept_ball_minus_batter_pos_x_inches,intercept_ball_minus_batter_pos_y_inches,player_type
KC,2024-09-27,86.7,-0.15,6.49,"Megill, Trevor",607043,656730,strikeout,swinging_strike,,,,,14.0,Brandon Nimmo strikes out swinging.,R,L,R,MIL,NYM,S,2.0,,1,2,2024,0.19,-0.59,0.0846595063987301,1.1656054120846957,596019.0,,,2,9,Top,,,,,,,0.1727343013135358,-126.21998341121876,-5.356423265426324,1.975673976582468,25.93812598268235,-37.547545992662045,3.5,1.67,,,,87.3,2821.0,6.7,745930,661388,656555,668930,687401,642715,694192,663368,669003,53.84,,0.0,0.0,1.0,0.0,0.0,,77,6,Knuckle Curve,8,4,4,8,4,8,4,8,Strategic,Standard,17.0,0.004,-0.184,62.9,8.3,2.201867292,,0.184,,4,-4,0.996,0.004,30,31,31,31,1,4,3,3,5,1.0,3.62,-0.19,0.19,56.3,12.553079211011749,-35.91015706707588,29.03016564267512,37.95269582383404,48.32543910123872,pitcher
FF,2024-09-27,100.5,-0.1,6.46,"Megill, Trevor",607043,656730,,foul,,,,,13.0,,R,L,R,MIL,NYM,S,,,1,2,2024,-0.67,1.57,-0.884864989345192,2.5267864120748555,596019.0,,,2,9,Top,,,,,,,-0.6106645283185741,-146.11784619559228,-9.314709210893064,-9.357105470244056,35.97836014897612,-7.630402062263279,3.5,1.67,242.0,80.8,52.0,101.0,2554.0,6.7,745930,661388,656555,668930,687401,642715,694192,663368,669003,53.81,,,,,,,,77,5,4-Seam Fastball,8,4,4,8,4,8,4,8,Strategic,Standard,197.0,0.0,0.0,70.2,6.9,,,0.0,88.0,4,-4,0.996,0.004,30,31,31,31,1,4,3,3,5,1.0,0.69,0.67,-0.67,56.2,-1.145071238178273,11.935669105322638,21.987521898912235,49.859855720080304,21.55013503688484,pitcher
FF,2024-09-27,100.8,-0.05,6.5,"Megill, Trevor",607043,656730,,foul,,,,,5.0,,R,L,R,MIL,NYM,S,,,1,2,2024,-0.75,1.39,0.0514533114262327,2.803262646805144,596019.0,,,2,9,Top,,,,,,,2.0764747313530214,-146.6003870431256,-8.328593420632325,-11.275911782548846,33.31563376267983,-10.398180032814508,3.5,1.67,202.0,78.4,61.0,101.8,2493.0,6.8,745930,661388,656555,668930,687401,642715,694192,663368,669003,53.73,,,,,,,,77,4,4-Seam Fastball,8,4,4,8,4,8,4,8,Strategic,Standard,200.0,0.0,0.0,70.6,6.4,,,0.0,88.0,4,-4,0.996,0.004,30,31,31,31,1,4,3,3,5,1.0,0.85,0.75,-0.75,53.7,-1.9520648264672036,10.711373559662013,27.024606617688043,37.50145603000868,25.20886782348073,pitcher
FF,2024-09-27,100.2,-0.16,6.41,"Megill, Trevor",607043,656730,,swinging_strike,,,,,11.0,,R,L,R,MIL,NYM,S,,,1,1,2024,-0.85,1.41,-0.2710217359766776,3.8019869204534897,596019.0,,,2,9,Top,,,,,,,1.7309209047764704,-145.8215748577679,-5.219772803865012,-12.579627097851176,34.53957555827223,-11.072855395709835,3.5,1.67,,,,101.1,2533.0,6.8,745930,661388,656555,668930,687401,642715,694192,663368,669003,53.72,,,,,,,,77,3,4-Seam Fastball,8,4,4,8,4,8,4,8,Strategic,Standard,204.0,0.001,-0.073,70.6,6.2,1.3284735,,0.073,,4,-4,0.995,0.005,30,31,31,31,1,4,3,3,5,1.0,0.86,0.85,-0.85,53.1,6.901258644363626,18.98529747061687,14.284913234084753,42.61022550556674,17.437909994084972,pitcher
FF,2024-09-27,98.7,-0.4,6.42,"Megill, Trevor",607043,656730,,ball,,,,,11.0,,R,L,R,MIL,NYM,B,,,0,1,2024,0.1,1.51,-0.7856944731003117,3.7637310179219865,,596019.0,,2,9,Top,,,,,,,-1.2956934027507083,-143.70385130763802,-5.321758371236042,1.7233417555268011,33.938045010587,-10.28446741373683,3.4153825563288,1.64664490283928,,,,99.4,2502.0,6.7,745930,661388,656555,668930,687401,642715,694192,663368,669003,53.82,,,,,,,,77,2,4-Seam Fastball,8,4,4,8,4,8,4,8,Strategic,Standard,199.0,-0.002,0.012,,,,,-0.012,,4,-4,0.997,0.003,30,31,31,31,1,4,3,3,5,1.0,0.83,-0.1,0.1,52.2,,,,,,pitcher
KC,2024-09-27,87.9,-0.28,6.52,"Megill, Trevor",607043,656730,,called_strike,,,,,4.0,,R,L,R,MIL,NYM,S,,,0,0,2024,0.37,-0.37,-0.4457367771383471,2.695402061942064,,,596019.0,2,9,Top,,,,,,,-1.1758115485662115,-127.955224636659,-2.352756708375684,4.310499130041404,28.1466469684323,-35.9717505308826,3.3558261068037,1.55218586356611,,,,88.0,2769.0,6.5,745930,661388,656555,668930,687401,642715,694192,663368,669003,54.01,,,,,,,,77,1,Knuckle Curve,8,4,4,8,4,8,4,8,Strategic,Standard,23.0,0.001,-0.047,,,,,0.047,,4,-4,0.996,0.004,30,31,31,31,1,4,3,3,5,1.0,3.34,-0.37,0.37,53.2,,,,,,pitcher
FF,2024-09-27,98.0,-0.06,6.37,"Megill, Trevor",668901,656730,field_out,hit_into_play,,,,,6.0,Mark Vientos flies out to right fielder Garrett Mitchell.,R,R,R,MIL,NYM,X,9.0,fly_ball,0,1,2024,-0.41,1.73,0.556626371580903,2.5982699837323344,,,596019.0,1,9,Top,173.12,72.59,,,,,2.6512887747018574,-142.50565885802968,-8.760844533249818,-6.245636224601516,33.48613571298284,-6.747996404277424,3.62,1.71,334.0,91.8,35.0,98.6,2452.0,6.7,745930,661388,656555,668930,687401,642715,694192,663368,669003,53.81,0.032,0.042,0.0,1.0,0.0,0.0,3.0,76,2,4-Seam Fastball,8,4,4,8,4,8,4,8,Standard,Standard,199.0,0.009,-0.215,66.2,7.6,,0.083,0.215,91.8,4,-4,0.987,0.013,30,24,31,25,1,4,3,3,5,1.0,0.65,0.41,0.41,52.4,18.68929108709145,11.92969582194936,30.3930318392655,46.91542967598114,20.21422407371711,pitcher
KC,2024-09-27,87.7,-0.41,6.48,"Megill, Trevor",668901,656730,,swinging_strike,,,,,14.0,,R,R,R,MIL,NYM,S,,,0,0,2024,0.2,-0.32,0.3720208088491676,0.9867580248195416,,,596019.0,1,9,Top,,,,,,,1.4930163206331353,-127.60479808827532,-6.504065621913533,1.8298249920297485,26.66399749231432,-34.57432160913006,3.62,1.71,,,,88.2,2796.0,6.6,745930,661388,656555,668930,687401,642715,694192,663368,669003,53.85,,,,,,,,76,1,Knuckle Curve,8,4,4,8,4,8,4,8,Standard,Standard,18.0,0.002,-0.04,64.7,8.6,15.423661584,,0.04,,4,-4,0.985,0.015,30,24,31,25,1,4,3,3,5,1.0,3.29,-0.2,-0.2,52.3,23.38107301261126,-38.924954887388175,33.826857634015035,44.39143165839647,50.879679100442246,pitcher
FF,2024-09-27,100.0,-0.2,6.41,"Megill, Trevor",596019,656730,single,hit_into_play,,,,,5.0,Francisco Lindor singles on a ground ball to right fielder Garrett Mitchell.,R,L,R,MIL,NYM,X,9.0,ground_ball,0,1,2024,-0.42,1.6,0.1289876288087768,2.597775493567927,,,,1,9,Top,183.75,116.31,,,,,1.927605265587996,-145.5343866462167,-9.001429247143545,-6.450487153702914,32.07707445288479,-7.595652776867684,3.34,1.55,118.0,97.5,7.0,101.0,2524.0,6.7,745930,661388,656555,668930,687401,642715,694192,663368,669003,53.83,0.589,0.559,0.9,1.0,1.0,0.0,4.0,75,2,4-Seam Fastball,8,4,4,8,4,8,4,8,Strategic,Standard,199.0,-0.01,0.458,71.8,7.7,,0.683,-0.458,97.5,4,-4,0.995,0.005,30,30,31,31,1,4,3,12,5,1.0,0.67,0.42,-0.42,53.0,17.936402623746947,-5.123721937352183,32.22995040415449,33.87430012770252,31.31305018136287,pitcher
FF,2024-09-27,99.5,-0.28,6.44,"Megill, Trevor",596019,656730,,called_strike,,,,,2.0,,R,L,R,MIL,NYM,S,,,0,0,2024,-0.33,1.56,0.164407178217422,3.1664663347281787,,,,1,9,Top,,,,,,,2.0107374936753755,-144.78515714872918,-7.295169274366962,-5.131184665315657,33.36776706063571,-8.690064138422798,3.25812206896779,1.52933254237233,,,,100.3,2556.0,6.7,745930,661388,656555,668930,687401,642715,694192,663368,669003,53.81,,,,,,,,75,1,4-Seam Fastball,8,4,4,8,4,8,4,8,Strategic,Standard,198.0,0.001,-0.037,,,,,0.037,,4,-4,0.994,0.006,30,30,31,31,1,4,3,12,5,1.0,0.74,0.33,-0.33,52.1,,,,,,pitcher
FF,2024-09-27,100.7,-0.18,6.42,"Megill, Trevor",621438,656730,field_out,hit_into_play,,,,,5.0,"Umpire reviewed (play at 1st), call on the field was upheld: Tyrone Taylor grounds out, pitcher Trevor Megill to second baseman Brice Turang to first baseman Rhys Hoskins.",R,R,R,MIL,NYM,X,1.0,ground_ball,0,2,2024,-0.66,1.41,-0.2140905486496137,2.501991261062788,,,,0,9,Top,127.91,182.43,,,,,1.4650319261936136,-146.52007830703096,-8.968950750296992,-9.823788048177786,32.92477378779308,-9.997792894679726,3.39,1.66,21.0,79.4,-5.0,101.6,2457.0,6.6,745930,661388,656555,668930,687401,642715,694192,663368,669003,53.85,0.109,0.098,0.0,1.0,0.0,0.0,2.0,74,3,4-Seam Fastball,8,4,4,8,4,8,4,8,Strategic,Standard,205.0,0.005,-0.163,69.0,6.7,,0.113,0.163,88.0,4,-4,0.989,0.011,30,30,31,30,1,3,3,3,5,1.0,0.83,0.66,0.66,51.9,-4.82485357145982,12.907433252498226,33.34319625098411,33.80627214746099,22.542709054609876,pitcher
FF,2024-09-27,100.1,-0.1,6.31,"Megill, Trevor",621438,656730,,called_strike,,,,,8.0,,R,R,R,MIL,NYM,S,,,0,1,2024,-0.77,1.41,0.1682767785699588,1.57615601512521,,,,0,9,Top,,,,,,,2.592438936964098,-145.5071647991099,-11.087831336582198,-11.584842452379045,33.15402227978879,-9.796160760260818,3.39404279298019,1.58154964826584,,,,100.9,2433.0,6.7,745930,661388,656555,668930,687401,642715,694192,663368,669003,53.77,,,,,,,,74,2,4-Seam Fastball,8,4,4,8,4,8,4,8,Standard,Standard,199.0,0.003,-0.054,,,,,0.054,,4,-4,0.986,0.014,30,30,31,30,1,3,3,3,5,1.0,0.87,0.77,0.77,52.0,,,,,,pitcher
FF,2024-09-27,100.6,-0.06,6.43,"Megill, Trevor",621438,656730,,called_strike,,,,,3.0,,R,R,R,MIL,NYM,S,,,0,0,2024,-0.36,1.63,0.5019696817793236,3.0376531543943264,,,,0,9,Top,,,,,,,2.4445176621880016,-146.34759078837985,-7.964752677335557,-5.767399293880274,37.039992932360434,-7.033652718172506,3.24678711746526,1.50433442039392,,,,101.1,2515.0,6.8,745930,661388,656555,668930,687401,642715,694192,663368,669003,53.74,,,,,,,,74,1,4-Seam Fastball,8,4,4,8,4,8,4,8,Standard,Standard,199.0,0.001,-0.037,,,,,0.037,,4,-4,0.985,0.015,30,30,31,30,1,3,3,3,5,1.0,0.63,0.36,0.36,53.0,,,,,,pitcher
KC,2024-09-27,86.1,-0.28,6.58,"Megill, Trevor",620443,656730,field_out,hit_into_play,,,,,2.0,Luis Torrens flies out to right fielder Garrett Mitchell.,R,R,R,MIL,NYM,X,9.0,fly_ball,0,0,2024,0.36,-0.6,0.1911299072178333,2.881153716387673,578428.0,,502110.0,2,8,Top,172.05,121.99,,,,,0.4011584047304954,-125.43883354410538,-1.3684931335469197,3.7280771458431055,24.279072915027093,-38.47685351963072,3.38,1.52,225.0,89.7,56.0,86.6,2811.0,6.5,745930,661388,656555,668930,687401,642715,694192,663368,669003,54.05,0.005,0.005,0.0,1.0,0.0,0.0,3.0,69,1,Knuckle Curve,7,4,4,7,4,7,4,7,Standard,Standard,39.0,0.045,-0.299,73.7,7.3,,0.007,0.299,89.7,3,-3,0.927,0.073,30,28,31,28,1,0,3,7,5,1.0,3.66,-0.36,-0.36,51.8,11.24489355468979,7.571053809926608,26.37049025099679,39.59423370084083,24.117096913613224,pitcher
FF,2024-09-24,97.1,-0.16,6.55,"Megill, Trevor",643396,656730,grounded_into_double_play,hit_into_play,,,,,6.0,"Isiah Kiner-Falefa grounds into a double play, shortstop Willy Adames to second baseman Brice Turang to first baseman Rhys Hoskins. Nick Yorke out at 2nd. Isiah Kiner-Falefa out at 1st.",R,R,R,PIT,MIL,X,6.0,ground_ball,1,2,2024,-0.39,1.32,0.5427462145242369,2.4000498197117093,,669707.0,694377.0,1,7,Bot,115.81,164.55,,,,,2.8062541897629805,-141.2210358814622,-8.664771374621647,-5.845993181735473,31.73369829171733,-12.708141030383574,3.2,1.44,16.0,94.2,-7.0,97.9,2383.0,6.7,745441,661388,656555,668930,687401,642715,694192,663368,686217,53.78,0.226,0.203,0.0,1.0,0.0,0.0,2.0,63,6,4-Seam Fastball,2,7,2,7,7,2,2,7,Standard,Standard,203.0,-0.037,-0.242,63.1,7.2,,0.228,0.242,94.2,-5,-5,0.055,0.055,30,29,31,29,1,3,3,3,3,1.0,1.09,0.39,0.39,52.9,12.124572840238695,8.419660328309153,27.78623460378205,42.49713716939354,30.11023855759247,pitcher
FF,2024-09-24,99.1,-0.31,6.56,"Megill, Trevor",643396,656730,,foul,,,,,12.0,,R,R,R,PIT,MIL,S,,,1,2,2024,-0.3,1.41,0.3797882262154337,3.435779509074858,,669707.0,694377.0,1,7,Bot,,,,,,,2.607735769221432,-144.3254621400519,-6.513156826668746,-4.712372982428742,30.42292849209662,-11.170545887639976,3.2,1.44,267.0,85.4,47.0,100.3,2506.0,6.7,745441,661388,656555,668930,687401,642715,694192,663368,686217,53.83,,,,,,,,63,5,4-Seam Fastball,2,7,2,7,7,2,2,7,Standard,Standard,197.0,0.0,0.0,64.3,6.1,,,0.0,88.0,-5,-5,0.055,0.055,30,29,31,29,1,3,3,3,3,1.0,0.89,0.3,0.3,51.9,-0.7785668877864622,16.709465667500673,26.061377949111662,39.48546999210512,21.61003754914792,pitcher
KC,2024-09-24,87.9,-0.28,6.67,"Megill, Trevor",643396,656730,,foul,,,,,4.0,,R,R,R,PIT,MIL,S,,,1,2,2024,0.25,-0.64,-0.4514679029194102,2.456767727577146,,669707.0,694377.0,1,7,Bot,,,,,,,-0.933428418399922,-128.01884245317436,-2.7732395152776776,2.889836683603144,26.861354965209625,-38.82165961835536,3.2,1.44,3.0,63.0,-38.0,88.1,2789.0,6.4,745441,661388,656555,668930,687401,642715,694192,663368,686217,54.1,,,,,,,,63,4,Knuckle Curve,2,7,2,7,7,2,2,7,Standard,Standard,24.0,0.0,0.0,66.3,7.2,,,0.0,88.0,-5,-5,0.055,0.055,30,29,31,29,1,3,3,3,3,1.0,3.59,-0.25,-0.25,53.5,5.163133131683963,-5.349774133029456,29.14569793251331,28.67838770937257,33.243561048642405,pitcher
FF,2024-09-24,98.6,-0.26,6.67,"Megill, Trevor",643396,656730,,foul,,,,,3.0,,R,R,R,PIT,MIL,S,,,1,1,2024,-0.44,1.55,0.6957052734109552,3.028113808425984,,669707.0,694377.0,1,7,Bot,,,,,,,3.644388121229599,-143.393259418237,-8.052726146081605,-6.9347986828562345,35.225921687716856,-9.176411867182711,3.2,1.44,302.0,89.2,39.0,99.0,2390.0,6.7,745441,661388,656555,668930,687401,642715,694192,663368,686217,53.83,,,,,,,,63,3,4-Seam Fastball,2,7,2,7,7,2,2,7,Standard,Standard,201.0,-0.007,-0.04,63.3,6.0,,,0.04,89.2,-5,-5,0.062,0.062,30,29,31,29,1,3,3,3,3,1.0,0.81,0.44,0.44,58.3,-1.5410118808529298,31.302292678872288,26.82165368836292,45.26465368636244,17.010048091440858,pitcher
FF,2024-09-24,98.0,-0.39,6.67,"Megill, Trevor",643396,656730,,foul,,,,,1.0,,R,R,R,PIT,MIL,S,,,1,0,2024,-0.55,1.39,-0.4672440502726208,2.9077913163571165,,669707.0,694377.0,1,7,Bot,,,,,,,1.0739412630693623,-142.54309118047382,-7.929816235631672,-7.793424984689119,32.80833979428984,-11.556247282951237,3.2,1.44,165.0,57.8,43.0,98.4,2476.0,6.5,745441,661388,656555,668930,687401,642715,694192,663368,686217,53.95,,,,,,,,63,2,4-Seam Fastball,2,7,2,7,7,2,2,7,Standard,Standard,201.0,-0.005,-0.054,64.0,5.8,,,0.054,88.0,-5,-5,0.067,0.067,30,29,31,29,1,3,3,3,3,1.0,0.98,0.55,0.55,54.7,-8.042381992078786,21.797104798911317,36.005151422290915,27.72659898543504,21.85146808311474,pitcher
FF,2024-09-24,97.5,-0.46,6.69,"Megill, Trevor",643396,656730,,ball,,,,,11.0,,R,R,R,PIT,MIL,B,,,0,0,2024,-0.57,1.4,-1.2441342042299173,2.6742796762634184,,669707.0,694377.0,1,7,Bot,,,,,,,-0.7975781562449837,-141.80641626223465,-8.54154231934455,-7.532602493389177,31.706636878135228,-11.563155422196864,3.17900544859546,1.49636275320889,,,,98.0,2508.0,6.5,745441,661388,656555,668930,687401,642715,694192,663368,686217,53.97,,,,,,,,63,1,4-Seam Fastball,2,7,2,7,7,2,2,7,Standard,Standard,201.0,0.004,0.03,,,,,-0.03,,-5,-5,0.063,0.063,30,29,31,29,1,3,3,3,3,1.0,1.0,0.57,0.57,53.4,,,,,,pitcher
KC,2024-09-21,88.3,-0.2,6.51,"Megill, Trevor",545341,656730,strikeout,swinging_strike_blocked,,,,,14.0,Randal Grichuk strikes out swinging.,R,R,R,MIL,AZ,S,2.0,,1,2,2024,0.36,-0.65,0.5323076556555155,0.85550628504236,682998.0,606466.0,,2,7,Top,,,,,,,1.0374285727096528,-128.5099571213333,-6.358568885258338,3.799641599804515,26.04581093874747,-38.3059477856352,3.19,1.47,,,,88.8,2886.0,6.5,745936,606992,641343,668930,687401,642715,686217,663368,669003,53.97,,0.0,0.0,1.0,0.0,0.0,,49,4,Knuckle Curve,0,3,3,0,3,0,3,0,Standard,Strategic,10.0,0.017,-0.2,76.2,8.6,11.55311514,,0.2,,-3,3,0.111,0.889,30,32,31,33,1,1,3,1,3,1.0,3.57,-0.36,-0.36,57.2,20.302507945877256,-38.79275897240355,29.934894614090307,41.74096872883627,55.68098775428486,pitcher
KC,2024-09-21,86.9,-0.3,6.49,"Megill, Trevor",545341,656730,,swinging_strike,,,,,8.0,,R,R,R,MIL,AZ,S,,,1,1,2024,0.54,-0.56,0.1657611089624889,1.638459986374679,682998.0,606466.0,,2,7,Top,,,,,,,0.0180507008638506,-126.52547550660454,-4.31528627443674,5.738917743195198,26.149647599080076,-37.46317752603439,3.19,1.47,,,,87.4,2790.0,6.6,745936,606992,641343,668930,687401,642715,686217,663368,669003,53.9,,,,,,,,49,3,Knuckle Curve,0,3,3,0,3,0,3,0,Standard,Strategic,17.0,0.006,-0.072,74.1,8.8,0.84391152,,0.072,,-3,3,0.105,0.895,30,32,31,33,1,1,3,1,3,1.0,3.57,-0.54,-0.54,53.3,17.264625963508763,-34.10667366421947,24.3952889568553,38.467129059844055,45.02160782736497,pitcher
FF,2024-09-21,98.6,-0.24,6.51,"Megill, Trevor",545341,656730,,ball,,,,,11.0,,R,R,R,MIL,AZ,B,,,0,1,2024,-0.53,1.55,-0.9718255010348488,3.7857237984280174,,682998.0,606466.0,2,7,Top,,,,,,,-0.7702976310148438,-143.4451714290547,-5.5527305760832135,-7.098001424719017,35.00348624188445,-9.739832141910778,3.20599032831896,1.44601674800292,,,,98.7,2413.0,6.5,745936,606992,641343,668930,687401,642715,686217,663368,669003,54.01,,,,,,,,49,2,4-Seam Fastball,0,3,3,0,3,0,3,0,Standard,Strategic,206.0,-0.007,0.033,,,,,-0.033,,-3,3,0.112,0.888,30,32,31,33,1,1,3,1,3,1.0,0.81,0.53,0.53,51.8,,,,,,pitcher
FF,2024-09-21,99.2,-0.11,6.44,"Megill, Trevor",545341,656730,,foul,,,,,6.0,,R,R,R,MIL,AZ,S,,,0,0,2024,-0.5,1.44,0.494231934886677,2.39921243391114,,682998.0,606466.0,2,7,Top,,,,,,,2.8345340110115704,-144.1486006353781,-9.029631578664954,-7.588838202122432,34.59217107642459,-10.119674160727994,3.19,1.47,255.0,75.8,36.0,99.6,2449.0,6.7,745936,606992,641343,668930,687401,642715,686217,663368,669003,53.83,,,,,,,,49,1,4-Seam Fastball,0,3,3,0,3,0,3,0,Infield shade,Strategic,204.0,0.003,-0.048,75.8,7.4,,,0.048,88.0,-3,3,0.109,0.891,30,32,31,33,1,1,3,1,3,1.0,0.88,0.5,0.5,53.6,1.7539840908539954,9.819594858508342,29.480923134184927,42.30649397051669,20.16196213785728,pitcher
FF,2024-09-21,99.4,-0.12,6.45,"Megill, Trevor",606466,656730,walk,ball,,,,,11.0,Ketel Marte walks.,R,L,R,MIL,AZ,B,,,3,1,2024,-0.51,1.37,-0.949394023285266,4.201405712991048,,682998.0,,2,7,Top,,,,,,,-1.092051955683475,-144.71073087569533,-3.9929705560461866,-6.833121027380152,34.45877881701434,-12.14939461479689,3.47535116002682,1.59160088365022,,,,99.9,2429.0,6.6,745936,606992,641343,668930,687401,642715,686217,663368,669003,53.93,,0.689131,0.7,1.0,0.0,0.0,,48,5,4-Seam Fastball,0,3,3,0,3,0,3,0,Strategic,Standard,203.0,-0.002,0.056,,,,,-0.056,,-3,3,0.111,0.889,30,30,31,31,1,3,3,1,3,1.0,0.93,0.51,-0.51,53.6,,,,,,pitcher
FF,2024-09-21,98.1,-0.31,6.47,"Megill, Trevor",606466,656730,,ball,,,,,13.0,,R,L,R,MIL,AZ,B,,,2,1,2024,-0.51,1.52,-1.8912803361756976,2.447571094980821,,682998.0,,2,7,Top,,,,,,,-3.112927533479372,-142.68608738012983,-8.9525102086663,-6.279801631670875,32.3418349977614,-9.57098478202535,3.42528832953251,1.54157397197045,,,,98.7,2468.0,6.6,745936,606992,641343,668930,687401,642715,686217,663368,669003,53.9,,,,,,,,48,4,4-Seam Fastball,0,3,3,0,3,0,3,0,Standard,Standard,198.0,-0.001,0.045,,,,,-0.045,,-3,3,0.112,0.888,30,30,31,31,1,3,3,1,3,1.0,0.85,0.51,-0.51,52.7,,,,,,pitcher
KC,2024-09-21,88.0,-0.36,6.49,"Megill, Trevor",606466,656730,,ball,,,,,11.0,,R,L,R,MIL,AZ,B,,,1,1,2024,0.19,-0.54,-1.121694022323617,3.324593742910892,,682998.0,,2,7,Top,,,,,,,-2.243492895092561,-128.26433042484035,-0.5048809385410691,2.5476033152692974,24.72505294867903,-38.27490605997347,3.44995435329377,1.59892815654348,,,,88.7,2910.0,6.5,745936,606992,641343,668930,687401,642715,686217,663368,669003,54.04,,,,,,,,48,3,Knuckle Curve,0,3,3,0,3,0,3,0,Standard,Standard,33.0,-0.001,0.039,,,,,-0.039,,-3,3,0.113,0.887,30,30,31,31,1,3,3,1,3,1.0,3.46,-0.19,0.19,52.8,,,,,,pitcher
KC,2024-09-21,86.6,-0.5,6.51,"Megill, Trevor",606466,656730,,called_strike,,,,,5.0,,R,L,R,MIL,AZ,S,,,1,0,2024,0.5,-0.51,0.1790554848654271,2.291907269454579,,,682998.0,2,7,Top,,,,,,,0.6012103313000745,-126.1892901338573,-2.8992427019934954,5.198554817492615,24.513691615370757,-37.24367403529584,3.46820156587011,1.50789875829899,,,,87.2,2878.0,6.5,745936,606992,641343,668930,687401,642715,686217,663368,669003,53.98,,,,,,,,48,2,Knuckle Curve,0,3,3,0,3,0,3,0,Strategic,Standard,27.0,-0.004,-0.048,,,,,0.048,,-3,3,0.117,0.883,30,30,31,31,1,3,3,1,3,1.0,3.53,-0.5,0.5,53.7,,,,,,pitcher
KC,2024-09-21,87.5,-0.34,6.45,"Megill, Trevor",606466,656730,,ball,,,,,14.0,,R,L,R,MIL,AZ,B,,,0,0,2024,0.38,-0.73,0.9650904301009724,1.3821450055981672,,,682998.0,2,7,Top,,,,,,,2.3836932698033584,-127.41625418945132,-4.6173314768665135,3.613629897587351,25.616423840781646,-39.45188559341433,3.50845266760253,1.65133603828235,,,,88.1,2885.0,6.6,745936,606992,641343,668930,687401,642715,686217,663368,669003,53.93,,,,,,,,48,1,Knuckle Curve,0,3,3,0,3,0,3,0,Standard,Standard,25.0,-0.001,0.034,,,,,-0.034,,-3,3,0.118,0.882,30,30,31,31,1,3,3,1,3,1.0,3.7,-0.38,0.38,54.0,,,,,,pitcher
FF,2024-09-21,97.9,-0.05,6.51,"Megill, Trevor",682998,656730,walk,ball,,,,,14.0,Corbin Carroll walks.,R,L,R,MIL,AZ,B,,,3,1,2024,-0.56,1.64,0.2882418253078863,1.0365061928322028,,,,2,7,Top,,,,,,,2.197114992099621,-141.9800056670903,-13.03217680897825,-8.073110200115547,33.26438631228549,-7.239067576344341,3.00187342978895,1.46174931530903,,,,98.0,2585.0,6.6,745936,606992,641343,668930,687401,642715,686217,663368,669003,53.92,,0.689131,0.7,1.0,0.0,0.0,,47,5,4-Seam Fastball,0,3,3,0,3,0,3,0,Standard,Standard,198.0,-0.003,0.178,,,,,-0.178,,-3,3,0.121,0.879,30,23,31,24,1,3,3,1,3,1.0,0.76,0.56,-0.56,53.0,,,,,,pitcher
FF,2024-09-21,98.6,-0.08,6.51,"Megill, Trevor",682998,656730,,called_strike,,,,,4.0,,R,L,R,MIL,AZ,S,,,3,0,2024,-0.86,1.54,-0.4862738201089578,2.019208813947964,,,,2,7,Top,,,,,,,0.9012979089840814,-143.2829460718559,-10.35610063971192,-12.0125842953685,33.67119091927108,-8.816891644282832,2.93534376402378,1.29536282618358,,,,99.0,2526.0,6.6,745936,606992,641343,668930,687401,642715,686217,663368,669003,53.87,,,,,,,,47,4,4-Seam Fastball,0,3,3,0,3,0,3,0,Standard,Standard,204.0,0.001,-0.058,,,,,0.058,,-3,3,0.12,0.88,30,23,31,24,1,3,3,1,3,1.0,0.82,0.86,-0.86,53.6,,,,,,pitcher
FF,2024-09-21,98.8,-0.24,6.45,"Megill, Trevor",682998,656730,,ball,,,,,11.0,,R,L,R,MIL,AZ,B,,,2,0,2024,-0.57,1.65,-1.561292889397511,2.116688070558109,,,,2,7,Top,,,,,,,-2.2831854359403727,-143.54502100392975,-10.203102072607988,-7.286402245647697,34.606488052468954,-7.195992826252478,2.94700643444584,1.27357217723216,,,,99.0,2504.0,6.6,745936,606992,641343,668930,687401,642715,686217,663368,669003,53.91,,,,,,,,47,3,4-Seam Fastball,0,3,3,0,3,0,3,0,Standard,Standard,201.0,-0.001,0.109,,,,,-0.109,,-3,3,0.121,0.879,30,23,31,24,1,3,3,1,3,1.0,0.7,0.57,-0.57,51.9,,,,,,pitcher
KC,2024-09-21,87.7,-0.23,6.52,"Megill, Trevor",682998,656730,,ball,,,,,14.0,,R,L,R,MIL,AZ,B,,,1,0,2024,0.99,-0.24,1.592434310595309,0.8422102498559001,,,,2,7,Top,,,,,,,2.3863164430407924,-127.63606255527463,-7.159553874593328,10.293061370035575,26.040780050307227,-33.502182213667105,2.94196784099449,1.36819897137979,,,,88.3,2876.0,6.6,745936,606992,641343,668930,687401,642715,686217,663368,669003,53.87,,,,,,,,47,2,Knuckle Curve,0,3,3,0,3,0,3,0,Standard,Standard,20.0,-0.002,0.068,,,,,-0.068,,-3,3,0.123,0.877,30,23,31,24,1,3,3,1,3,1.0,3.2,-0.99,0.99,53.0,,,,,,pitcher
KC,2024-09-21,85.8,-0.26,6.49,"Megill, Trevor",682998,656730,,ball,,,,,12.0,,R,L,R,MIL,AZ,B,,,0,0,2024,1.05,-0.6,1.2871607030026466,2.854187249810016,,,,2,7,Top,,,,,,,1.5234003113735926,-124.94568903203648,-1.1001159728777574,10.679433366370985,26.483577503530828,-38.40486041754741,2.95905262940711,1.35214307418375,,,,85.9,2861.0,6.4,745936,606992,641343,668930,687401,642715,686217,663368,669003,54.05,,,,,,,,47,1,Knuckle Curve,0,3,3,0,3,0,3,0,Standard,Standard,23.0,0.0,0.04,,,,,-0.04,,-3,3,0.123,0.877,30,23,31,24,1,3,3,1,3,1.0,3.7,-1.05,1.05,54.0,,,,,,pitcher
FF,2024-09-21,99.3,-0.03,6.52,"Megill, Trevor",645444,656730,field_out,hit_into_play,,,,,6.0,Jose Herrera flies out to right fielder Garrett Mitchell.,R,L,R,MIL,AZ,X,9.0,fly_ball,3,2,2024,-0.56,1.45,0.3404445627356087,2.130632593189643,,,,1,7,Top,188.35,69.53,,,,,2.3398473072998445,-144.39553622820526,-10.06516108955214,-8.40882829096858,32.631141199104995,-9.719725779156027,3.08,1.45,353.0,94.9,37.0,100.0,2444.0,6.7,745936,606992,641343,668930,687401,642715,686217,663368,669003,53.84,0.061,0.105,0.0,1.0,0.0,0.0,3.0,46,6,4-Seam Fastball,0,3,3,0,3,0,3,0,Strategic,Standard,200.0,0.008,-0.332,67.6,7.4,,0.206,0.332,94.9,-3,3,0.115,0.885,30,27,31,27,1,2,3,4,3,1.0,0.86,0.56,-0.56,53.9,13.902415717332048,-15.18923807871341,37.76951698277713,28.72458167468673,35.554957930712604,pitcher
KC,2024-09-21,87.6,-0.22,6.47,"Megill, Trevor",645444,656730,,ball,,,,,14.0,,R,L,R,MIL,AZ,B,,,2,2,2024,0.8,-0.46,1.188677980184233,-0.6830265851348307,,,,1,7,Top,,,,,,,1.7733528914585186,-127.26904165550356,-10.165263097923209,8.186797192563812,28.9478187927869,-35.02317051786751,2.99684839548271,1.30252911677229,,,,87.7,2897.0,6.7,745936,606992,641343,668930,687401,642715,686217,663368,669003,53.79,,,,,,,,46,5,Knuckle Curve,0,3,3,0,3,0,3,0,Strategic,Standard,18.0,-0.002,0.108,,,,,-0.108,,-3,3,0.117,0.883,30,27,31,27,1,2,3,4,3,1.0,3.46,-0.8,0.8,54.9,,,,,,pitcher
FF,2024-09-21,98.5,-0.1,6.53,"Megill, Trevor",645444,656730,,called_strike,,,,,6.0,,R,L,R,MIL,AZ,S,,,2,1,2024,-0.48,1.54,0.5327672010474244,2.22297373664981,,,,1,7,Top,,,,,,,2.850384319547766,-143.07038512013736,-9.798832463783787,-7.306407665379976,35.194052420267084,-8.919614219135298,2.94221663506229,1.28218616907201,,,,98.6,2448.0,6.6,745936,606992,641343,668930,687401,642715,686217,663368,669003,53.88,,,,,,,,46,4,4-Seam Fastball,0,3,3,0,3,0,3,0,Standard,Standard,205.0,0.002,-0.078,,,,,0.078,,-3,3,0.115,0.885,30,27,31,27,1,2,3,4,3,1.0,0.83,0.48,-0.48,54.7,,,,,,pitcher
FF,2024-09-21,97.9,-0.17,6.51,"Megill, Trevor",645444,656730,,foul,,,,,2.0,,R,L,R,MIL,AZ,S,,,2,0,2024,-0.61,1.33,0.1131734921482816,2.9360786212552346,,,,1,7,Top,,,,,,,2.2007115621465245,-142.3814822160344,-7.255412787153596,-8.856666085910035,32.666984012312405,-12.619466193105383,3.08,1.45,261.0,77.0,42.0,98.3,2299.0,6.5,745936,606992,641343,668930,687401,642715,686217,663368,669003,53.97,,,,,,,,46,3,4-Seam Fastball,0,3,3,0,3,0,3,0,Standard,Standard,199.0,0.002,-0.065,65.8,6.6,,,0.065,88.0,-3,3,0.113,0.887,30,27,31,27,1,2,3,4,3,1.0,1.05,0.61,-0.61,53.0,8.881115833249416,-4.260874600582221,31.911347086500207,31.821971114410367,30.240825744087232,pitcher
FF,2024-09-21,99.2,-0.16,6.51,"Megill, Trevor",645444,656730,,ball,,,,,11.0,,R,L,R,MIL,AZ,B,,,1,0,2024,-0.6,1.52,-1.2309265538594805,3.238130317400156,,,,1,7,Top,,,,,,,-1.526411540873561,-144.32239354889794,-7.093855291863043,-7.994453477527088,34.59796969543984,-9.521695212003024,3.04909176940718,1.26395322274397,,,,99.4,2492.0,6.5,745936,606992,641343,668930,687401,642715,686217,663368,669003,54.0,,,,,,,,46,2,4-Seam Fastball,0,3,3,0,3,0,3,0,Standard,Standard,200.0,-0.002,0.072,,,,,-0.072,,-3,3,0.115,0.885,30,27,31,27,1,2,3,4,3,1.0,0.8,0.6,-0.6,58.0,,,,,,pitcher
FF,2024-09-21,98.2,-0.16,6.56,"Megill, Trevor",645444,656730,,ball,,,,,13.0,,R,L,R,MIL,AZ,B,,,0,0,2024,-0.74,1.63,-1.1012299683256,1.6706303356790435,,,,1,7,Top,,,,,,,-0.8547181217810773,-142.5803788761239,-11.523688359327751,-9.782229342695542,34.866854790097,-7.510525847988633,3.08907214200153,1.36194322919804,,,,98.4,2532.0,6.6,745936,606992,641343,668930,687401,642715,686217,663368,669003,53.86,,,,,,,,46,1,4-Seam Fastball,0,3,3,0,3,0,3,0,Standard,Standard,199.0,-0.001,0.039,,,,,-0.039,,-3,3,0.116,0.884,30,27,31,27,1,2,3,4,3,1.0,0.76,0.74,-0.74,53.4,,,,,,pitcher
FF,2024-09-21,99.4,-0.02,6.43,"Megill, Trevor",672695,656730,field_out,hit_into_play,,,,,8.0,"Geraldo Perdomo grounds out, third baseman Joey Ortiz to first baseman Jake Bauers.",R,L,R,MIL,AZ,X,5.0,ground_ball,3,2,2024,-0.5,1.41,-0.223770867029286,2.18960445182327,,,,0,7,Top,100.5,156.49,,,,,0.6303767772229882,-144.54400846870024,-9.557100863595732,-7.214295605218884,33.62750593964587,-10.433853788073035,3.46,1.63,98.0,96.3,4.0,100.0,2443.0,6.7,745936,606992,641343,668930,687401,642715,686217,663368,669003,53.83,0.497,0.453,0.0,1.0,0.0,0.0,4.0,45,6,4-Seam Fastball,0,3,3,0,3,0,3,0,Strategic,Standard,204.0,0.011,-0.333,,,,0.559,0.333,96.3,-3,3,0.105,0.895,30,24,31,25,1,2,3,1,3,1.0,0.9,0.5,-0.5,52.6,,,,,,pitcher
FF,2024-09-21,98.9,-0.17,6.55,"Megill, Trevor",672695,656730,,foul,,,,,2.0,,R,L,R,MIL,AZ,S,,,3,1,2024,-0.59,1.58,-0.2454142597428258,3.410557922151102,,,,0,7,Top,,,,,,,1.1638722014143623,-143.87181318695434,-6.81168558018626,-8.407237683863132,34.52867009433734,-8.91567525853175,3.46,1.63,254.0,80.8,28.0,99.3,2423.0,6.6,745936,606992,641343,668930,687401,642715,686217,663368,669003,53.87,,,,,,,,45,5,4-Seam Fastball,0,3,3,0,3,0,3,0,Standard,Standard,205.0,0.004,-0.085,67.0,6.6,,,0.085,88.0,-3,3,0.101,0.899,30,24,31,25,1,2,3,1,3,1.0,0.76,0.59,-0.59,53.6,11.289206797448074,-2.8271950677106967,26.69428996215497,38.09927813644512,18.25928403137768,pitcher
KC,2024-09-21,86.6,-0.37,6.51,"Megill, Trevor",672695,656730,,ball,,,,,14.0,,R,L,R,MIL,AZ,B,,,2,1,2024,0.71,-0.33,1.0111891586710773,1.2107033635093134,,,,0,7,Top,,,,,,,1.8576487346269115,-126.0973356383264,-5.786523454137387,7.117291839219363,26.887193446688794,-34.63895081516542,3.35784644196134,1.52670182761872,,,,86.9,2808.0,6.5,745936,606992,641343,668930,687401,642715,686217,663368,669003,53.97,,,,,,,,45,4,Knuckle Curve,0,3,3,0,3,0,3,0,Standard,Standard,12.0,-0.005,0.122,,,,,-0.122,,-3,3,0.106,0.894,30,24,31,25,1,2,3,1,3,1.0,3.37,-0.71,0.71,53.4,,,,,,pitcher
FF,2024-09-21,97.6,-0.21,6.61,"Megill, Trevor",672695,656730,,ball,,,,,12.0,,R,L,R,MIL,AZ,B,,,1,1,2024,-0.33,1.62,0.3179083521234011,4.145347580370908,,,,0,7,Top,,,,,,,2.1982337999277264,-142.15139744717433,-4.902292994398896,-5.019775397604462,32.34892390909217,-9.25986281316539,3.36046441558651,1.49425424499481,,,,98.1,2388.0,6.5,745936,606992,641343,668930,687401,642715,686217,663368,669003,53.99,,,,,,,,45,3,4-Seam Fastball,0,3,3,0,3,0,3,0,Standard,Standard,203.0,-0.001,0.053,,,,,-0.053,,-3,3,0.107,0.893,30,24,31,25,1,2,3,1,3,1.0,0.76,0.33,-0.33,56.1,,,,,,pitcher
FF,2024-09-21,97.5,-0.17,6.57,"Megill, Trevor",672695,656730,,ball,,,,,11.0,,R,L,R,MIL,AZ,B,,,0,1,2024,-0.79,1.43,-0.5989834698548451,3.977685007507625,,,,0,7,Top,,,,,,,0.6690074821746685,-141.93171284617216,-4.7578622797946135,-10.875736736875291,33.20706868788915,-11.981988124983989,3.32727306664846,1.46059780126808,,,,97.9,2380.0,6.5,745936,606992,641343,668930,687401,642715,686217,663368,669003,53.96,,,,,,,,45,2,4-Seam Fastball,0,3,3,0,3,0,3,0,Standard,Standard,203.0,-0.001,0.025,,,,,-0.025,,-3,3,0.108,0.892,30,24,31,25,1,2,3,1,3,1.0,0.97,0.79,-0.79,54.9,,,,,,pitcher
FF,2024-09-21,97.3,-0.24,6.6,"Megill, Trevor",672695,656730,,called_strike,,,,,4.0,,R,L,R,MIL,AZ,S,,,0,0,2024,-0.55,1.51,-0.4843997514326406,2.1540238718107423,,,,0,7,Top,,,,,,,0.6122844003027628,-141.47054198798173,-9.900439638664542,-7.561757226524147,32.80482728329479,-9.797204809447052,3.24243413377301,1.47991728578789,,,,97.7,2425.0,6.6,745936,606992,641343,668930,687401,642715,686217,663368,669003,53.9,,,,,,,,45,1,4-Seam Fastball,0,3,3,0,3,0,3,0,Standard,Standard,203.0,0.001,-0.037,,,,,0.037,,-3,3,0.107,0.893,30,24,31,25,1,2,3,1,3,1.0,0.9,0.55,-0.55,53.7,,,,,,pitcher
FF,2024-09-18,99.6,0.12,6.45,"Megill, Trevor",592206,656730,strikeout,called_strike,,,,,9.0,Nick Castellanos called out on strikes.,R,R,R,MIL,PHI,S,2.0,,0,2,2024,-0.73,1.44,0.5844408832677399,2.3743304888562187,,,607208.0,2,8,Top,,,,,,,3.021996771115452,-144.6693091528044,-9.16219814592816,-11.003291085213798,37.17877258662666,-9.974565287890073,3.74565321261283,1.7999996260917,,,,99.7,2476.0,6.7,745933,661388,656555,668930,687401,642715,694192,669003,686217,53.83,,0.0,0.0,1.0,0.0,0.0,,56,3,4-Seam Fastball,1,1,1,1,1,1,1,1,Strategic,Strategic,196.0,0.031,-0.17,,,,,0.17,,0,0,0.577,0.423,30,32,31,32,1,3,3,1,3,1.0,0.89,0.73,0.73,53.4,,,,,,pitcher
FF,2024-09-18,100.1,-0.13,6.5,"Megill, Trevor",592206,656730,,foul,,,,,2.0,,R,R,R,MIL,PHI,S,,,0,1,2024,-0.28,1.45,0.1225515429940512,3.555379286706672,,,607208.0,2,8,Top,,,,,,,1.3644565286297077,-145.71018921730484,-6.199440794142987,-4.320580285824921,35.57403630162861,-10.317818425097254,3.81,1.8,221.0,81.3,20.0,100.4,2427.0,6.5,745933,661388,656555,668930,687401,642715,694192,669003,686217,53.97,,,,,,,,56,2,4-Seam Fastball,1,1,1,1,1,1,1,1,Standard,Strategic,202.0,0.012,-0.054,67.8,6.1,,,0.054,88.0,0,0,0.565,0.435,30,32,31,32,1,3,3,1,3,1.0,0.83,0.28,0.28,53.5,-2.5101362978423625,16.718913157868666,34.73093077833482,39.28805770255399,14.410767882854053,pitcher
FF,2024-09-18,99.7,-0.25,6.49,"Megill, Trevor",592206,656730,,called_strike,,,,,8.0,,R,R,R,MIL,PHI,S,,,0,0,2024,-0.76,1.21,-0.2068844098862227,2.202673317197773,,,607208.0,2,8,Top,,,,,,,1.917180694652188,-144.95025608998765,-9.291333866457173,-11.228980927049722,33.37857766685078,-13.12750208812904,3.78298245269761,1.79999890070748,,,,100.2,2554.0,6.6,745933,661388,656555,668930,687401,642715,694192,669003,686217,53.93,,,,,,,,56,1,4-Seam Fastball,1,1,1,1,1,1,1,1,Standard,Standard,198.0,0.008,-0.047,,,,,0.047,,0,0,0.557,0.443,30,32,31,32,1,3,3,1,3,1.0,1.08,0.76,0.76,51.8,,,,,,pitcher
FF,2024-09-18,99.9,-0.19,6.5,"Megill, Trevor",547180,656730,field_out,hit_into_play,,,,,11.0,Bryce Harper lines out to left fielder Jackson Chourio.,R,L,R,MIL,PHI,X,7.0,line_drive,1,2,2024,-0.66,1.19,-0.0258779673476832,3.5372175858439165,,,607208.0,1,8,Top,87.81,113.26,,,,,2.032130469880783,-145.3420303019608,-5.606036776951575,-9.881666754325977,35.116461758948766,-14.14432125185026,3.18,1.63,274.0,103.2,15.0,100.1,2545.0,6.5,745933,661388,656555,668930,687401,642715,694192,669003,686217,54.01,0.637,0.664,0.0,1.0,0.0,0.0,4.0,55,5,4-Seam Fastball,1,1,1,1,1,1,1,1,Strategic,Standard,207.0,0.041,-0.186,70.4,6.2,,0.922,0.186,103.2,0,0,0.516,0.484,30,31,31,32,1,3,3,1,3,1.0,1.1,0.66,-0.66,51.8,3.094689630373369,10.763122147747366,24.59548933996764,38.890567690967785,18.009822663440016,pitcher
FF,2024-09-18,99.5,-0.08,6.57,"Megill, Trevor",547180,656730,,foul,,,,,11.0,,R,L,R,MIL,PHI,S,,,1,2,2024,-0.37,1.46,-0.1297307798998261,3.397046195817768,,,607208.0,1,8,Top,,,,,,,0.7276919270697966,-144.82519744768717,-6.77171299583469,-5.337543648268216,33.67038318803386,-10.311625917854323,3.18,1.63,230.0,81.7,58.0,100.2,2483.0,6.7,745933,661388,656555,668930,687401,642715,694192,669003,686217,53.85,,,,,,,,55,4,4-Seam Fastball,1,1,1,1,1,1,1,1,Strategic,Standard,197.0,0.0,0.0,72.4,6.4,,,0.0,88.0,0,0,0.516,0.484,30,31,31,32,1,3,3,1,3,1.0,0.84,0.37,-0.37,53.2,3.362106771566048,9.873405187429713,26.126846622930668,39.2661615164993,21.659072252990264,pitcher
KC,2024-09-18,86.9,-0.56,6.53,"Megill, Trevor",547180,656730,,foul,,,,,5.0,,R,L,R,MIL,PHI,S,,,1,1,2024,0.25,-0.54,-0.2375149503551856,2.313711537978711,,,607208.0,1,8,Top,,,,,,,0.2694865731778586,-126.61128786787228,-2.837541432435833,2.6065372530484523,25.320521402891877,-37.6468997175817,3.18,1.63,169.0,71.7,35.0,87.5,2803.0,6.6,745933,661388,656555,668930,687401,642715,694192,669003,686217,53.94,,,,,,,,55,3,Knuckle Curve,1,1,1,1,1,1,1,1,Strategic,Standard,20.0,0.015,-0.059,77.6,7.1,,,0.059,88.0,0,0,0.501,0.499,30,31,31,32,1,3,3,1,3,1.0,3.55,-0.25,0.25,51.8,-0.0590586911003523,7.600511321845663,36.72362769430988,40.68420509810532,22.16691402261841,pitcher
FF,2024-09-18,98.6,-0.45,6.49,"Megill, Trevor",547180,656730,,ball,,,,,11.0,,R,L,R,MIL,PHI,B,,,0,1,2024,-0.45,1.55,-1.372470018689621,3.156378288992623,,,607208.0,1,8,Top,,,,,,,-1.482786387956213,-143.5060242527279,-7.226379914359707,-5.838092931810756,34.132497891185736,-9.333325783258806,3.0743614005432,1.3889180208467,,,,99.0,2480.0,6.6,745933,661388,656555,668930,687401,642715,694192,669003,686217,53.92,,,,,,,,55,2,4-Seam Fastball,1,1,1,1,1,1,1,1,Strategic,Standard,199.0,-0.006,0.029,,,,,-0.029,,0,0,0.507,0.493,30,31,31,32,1,3,3,1,3,1.0,0.8,0.45,-0.45,52.2,,,,,,pitcher
FF,2024-09-18,98.9,-0.22,6.53,"Megill, Trevor",547180,656730,,foul,,,,,12.0,,R,L,R,MIL,PHI,S,,,0,0,2024,-0.43,1.5,0.373456457547057,3.3452005928341157,,,607208.0,1,8,Top,,,,,,,2.638508252304171,-143.9321504437401,-6.795548346823812,-6.614982882647852,33.21676603625561,-9.893163773779838,3.18,1.63,231.0,81.2,58.0,99.4,2352.0,6.6,745933,661388,656555,668930,687401,642715,694192,669003,686217,53.94,,,,,,,,55,1,4-Seam Fastball,1,1,1,1,1,1,1,1,Strategic,Standard,200.0,0.009,-0.04,74.7,6.7,,,0.04,88.0,0,0,0.498,0.502,30,31,31,32,1,3,3,1,3,1.0,0.82,0.43,-0.43,54.5,5.703733497705495,2.8746942185712965,31.05693712080172,34.14319046012555,23.17521152380168,pitcher
FF,2024-09-18,100.2,-0.16,6.51,"Megill, Trevor",607208,656730,force_out,hit_into_play,,,,,12.0,"Trea Turner grounds into a force out, second baseman Brice Turang to shortstop Willy Adames. Kyle Schwarber out at 2nd. Trea Turner to 1st.",R,R,R,MIL,PHI,X,4.0,ground_ball,0,2,2024,-0.44,1.46,1.2061581350749562,2.9823487458208664,,,656941.0,0,8,Top,149.23,155.98,,,,,4.826538541181903,-145.71595470697926,-7.84804529957595,-7.384819117037827,36.2257120157719,-9.659023389814202,3.41,1.7,17.0,70.3,-8.0,100.6,2550.0,6.6,745933,661388,656555,668930,687401,642715,694192,669003,686217,53.85,0.059,0.084,0.0,1.0,0.0,0.0,2.0,54,3,4-Seam Fastball,1,1,1,1,1,1,1,1,Standard,Standard,201.0,0.04,-0.262,69.1,7.2,,0.066,0.262,88.0,0,0,0.458,0.542,30,31,31,31,1,3,3,1,3,1.0,0.82,0.44,0.44,53.4,12.34246379208538,16.992801894641474,19.16429448109505,52.23575992208405,17.003520522651215,pitcher
FF,2024-09-18,98.4,-0.16,6.56,"Megill, Trevor",607208,656730,,foul,,,,,5.0,,R,R,R,MIL,PHI,S,,,0,1,2024,-0.28,1.6,-0.0979575134881335,2.867632989908626,,,656941.0,0,8,Top,,,,,,,0.8106373709701203,-143.11484279679274,-8.287560228193419,-4.00369976466778,33.52860271682051,-8.461133552627981,3.41,1.7,237.0,89.7,56.0,98.8,2541.0,6.6,745933,661388,656555,668930,687401,642715,694192,669003,686217,53.92,,,,,,,,54,2,4-Seam Fastball,1,1,1,1,1,1,1,1,Standard,Standard,200.0,0.016,-0.048,71.6,6.8,,,0.048,89.7,0,0,0.442,0.558,30,31,31,31,1,3,3,1,3,1.0,0.76,0.28,0.28,54.0,7.762631723134211,14.284962950118876,28.254997810988744,37.0700228367847,23.74311146824025,pitcher
FF,2024-09-18,98.1,-0.31,6.46,"Megill, Trevor",607208,656730,,swinging_strike,,,,,1.0,,R,R,R,MIL,PHI,S,,,0,0,2024,-0.46,1.44,-0.6490425401604314,3.523583155748068,,,656941.0,0,8,Top,,,,,,,0.1653369079561054,-142.84477260470635,-5.85404813131019,-6.398623973876779,33.01910664878477,-11.259194789902192,3.41,1.7,,,,98.7,2529.0,6.6,745933,661388,656555,668930,687401,642715,694192,669003,686217,53.92,,,,,,,,54,1,4-Seam Fastball,1,1,1,1,1,1,1,1,Standard,Standard,205.0,0.01,-0.042,45.5,5.9,1.903888428,,0.042,,0,0,0.432,0.568,30,31,31,31,1,3,3,1,3,1.0,0.92,0.46,0.46,53.9,8.16802249489082,24.43647320953354,27.038705791829063,29.979437370963367,15.870396699272602,pitcher
KC,2024-09-18,87.8,-0.26,6.54,"Megill, Trevor",656941,656730,single,hit_into_play,,,,,6.0,Kyle Schwarber singles on a fly ball to right fielder Sal Frelick.,R,L,R,MIL,PHI,X,9.0,fly_ball,0,1,2024,0.69,-0.63,0.5285242535336939,2.2881788817521684,,,,0,8,Top,152.13,105.13,,,,,0.4801957712379587,-127.8247760545434,-2.859426836821848,7.493613159526406,27.219966552818374,-38.6684912796519,3.27,1.56,233.0,68.3,32.0,88.0,2971.0,6.5,745933,661388,656555,668930,687401,642715,694192,669003,686217,54.04,0.871,0.83,0.9,1.0,1.0,0.0,4.0,53,2,Knuckle Curve,1,1,1,1,1,1,1,1,Strategic,Standard,31.0,-0.075,0.485,80.3,7.7,,0.959,-0.485,88.0,0,0,0.507,0.493,30,31,31,31,1,3,3,1,3,1.0,3.59,-0.69,0.69,57.3,7.051150444130925,-3.909324526572021,31.80195567288447,28.28028130461669,30.14214300107945,pitcher
KC,2024-09-18,86.9,-0.33,6.62,"Megill, Trevor",656941,656730,,called_strike,,,,,6.0,,R,L,R,MIL,PHI,S,,,0,0,2024,0.47,-0.69,0.6293571410624317,2.491248696310532,,,,0,8,Top,,,,,,,1.3497201365049485,-126.5409143057776,-2.319233850350951,4.734066104833301,25.91021715307653,-39.32527211611774,3.23063882760957,1.55999882518705,,,,87.3,2938.0,6.5,745933,661388,656555,668930,687401,642715,694192,669003,686217,54.0,,,,,,,,53,1,Knuckle Curve,1,1,1,1,1,1,1,1,Strategic,Standard,29.0,0.007,-0.037,,,,,0.037,,0,0,0.5,0.5,30,31,31,31,1,3,3,1,3,1.0,3.7,-0.47,0.47,54.3,,,,,,pitcher
FF,2024-09-15,98.3,-0.06,6.59,"Megill, Trevor",605137,656730,field_out,hit_into_play,,,,,5.0,"Josh Bell grounds out, second baseman Brice Turang to first baseman Rhys Hoskins.",R,L,R,AZ,MIL,X,4.0,ground_ball,3,2,2024,-0.28,1.48,-0.000898547374633,2.8905179792873588,,,,2,8,Bot,150.78,150.2,,,,,0.816937913569747,-143.0680514690253,-8.069652922827283,-4.059924685312509,31.461226900200767,-10.20154367149101,3.71,1.79,17.0,87.9,-8.0,99.2,2485.0,6.7,747151,606992,656555,668930,687401,642715,694192,663368,686217,53.8,0.151,0.138,0.0,1.0,0.0,0.0,2.0,80,7,4-Seam Fastball,8,8,8,8,8,8,8,8,Strategic,Standard,195.0,-0.03,-0.325,75.6,8.2,,0.209,0.325,88.0,0,0,0.53,0.53,30,31,31,32,1,4,2,1,3,6.0,0.87,0.28,-0.28,52.4,11.701226640034944,4.775705177575469,30.358249334553665,36.18895921826572,23.935694041416127,pitcher
FF,2024-09-15,98.0,-0.09,6.58,"Megill, Trevor",605137,656730,,ball,,,,,13.0,,R,L,R,AZ,MIL,B,,,2,2,2024,-0.19,1.5,-0.2538823447454943,1.4404646614433378,,,,2,8,Bot,,,,,,,0.0087598415873049,-142.32460952253098,-11.9154587513848,-2.616794446574447,31.55498309888126,-9.353388140279064,3.7853190845856,1.89363314677959,,,,98.8,2473.0,6.7,747151,606992,656555,668930,687401,642715,694192,663368,686217,53.76,,,,,,,,80,6,4-Seam Fastball,8,8,8,8,8,8,8,8,Strategic,Standard,192.0,0.008,0.106,,,,,-0.106,,0,0,0.522,0.522,30,31,31,32,1,4,2,1,3,6.0,0.88,0.19,-0.19,52.9,,,,,,pitcher
KC,2024-09-15,83.6,-0.25,6.67,"Megill, Trevor",605137,656730,,foul,,,,,1.0,,R,L,R,AZ,MIL,S,,,2,2,2024,0.49,-0.56,-0.5632548734288971,3.653306034879148,,,,2,8,Bot,,,,,,,-1.6967338283239566,-121.8462215038609,0.537079086550877,5.201597297620624,22.81778123387334,-38.06169117702089,3.71,1.79,193.0,74.9,58.0,84.3,2703.0,6.5,747151,606992,656555,668930,687401,642715,694192,663368,686217,53.97,,,,,,,,80,5,Knuckle Curve,8,8,8,8,8,8,8,8,Strategic,Standard,15.0,0.0,0.0,68.1,7.5,,,0.0,88.0,0,0,0.522,0.522,30,31,31,32,1,4,2,1,3,6.0,3.8,-0.49,0.49,53.8,2.7673386574150234,20.149481714568413,22.906115762037253,43.781306333568224,14.363048892237956,pitcher
FF,2024-09-15,98.6,-0.05,6.54,"Megill, Trevor",605137,656730,,ball,,,,,12.0,,R,L,R,AZ,MIL,B,,,1,2,2024,-0.27,1.41,1.889214388228101,3.6986545321736193,,,,2,8,Bot,,,,,,,5.961747094554592,-143.5125881996477,-5.619896305093109,-5.1181512675710845,31.723909161935108,-11.591715347398669,3.840893305714,1.81521132625936,,,,99.7,2453.0,6.8,747151,606992,656555,668930,687401,642715,694192,663368,686217,53.73,,,,,,,,80,4,4-Seam Fastball,8,8,8,8,8,8,8,8,Strategic,Standard,196.0,0.004,0.039,,,,,-0.039,,0,0,0.518,0.518,30,31,31,32,1,4,2,1,3,6.0,0.93,0.27,-0.27,55.8,,,,,,pitcher
FF,2024-09-15,100.1,-0.06,6.56,"Megill, Trevor",605137,656730,,foul,,,,,6.0,,R,L,R,AZ,MIL,S,,,1,1,2024,-0.48,1.49,0.418216959774736,2.931458552338928,,,,2,8,Bot,,,,,,,2.457413532375609,-145.6589754558013,-8.229142460482775,-7.343783048038072,34.78039526224669,-9.17219591596361,3.71,1.79,250.0,79.0,31.0,100.8,2444.0,6.7,747151,606992,656555,668930,687401,642715,694192,663368,686217,53.78,,,,,,,,80,3,4-Seam Fastball,8,8,8,8,8,8,8,8,Strategic,Standard,200.0,-0.007,-0.064,69.0,7.1,,,0.064,88.0,0,0,0.525,0.525,30,31,31,32,1,4,2,1,3,6.0,0.78,0.48,-0.48,52.7,-1.3414636969707137,27.02953778166928,33.46901802098191,30.19283863501717,10.00728643387805,pitcher
FF,2024-09-15,97.6,-0.06,6.65,"Megill, Trevor",605137,656730,,foul,,,,,4.0,,R,L,R,AZ,MIL,S,,,1,0,2024,-0.37,1.47,-0.6072434771024813,2.7331472966659067,,,,2,8,Bot,,,,,,,-0.629144806305934,-141.96888620794007,-8.453064870752321,-4.833131226257006,31.792121180611613,-10.640285162200437,3.71,1.79,236.0,94.9,14.0,98.3,2417.0,6.7,747151,606992,656555,668930,687401,642715,694192,663368,686217,53.85,,,,,,,,80,2,4-Seam Fastball,8,8,8,8,8,8,8,8,Strategic,Standard,194.0,-0.003,-0.051,71.2,7.6,,,0.051,94.9,0,0,0.528,0.528,30,31,31,32,1,4,2,1,3,6.0,0.93,0.37,-0.37,54.7,-4.03626510277228,28.008403112202924,31.928929514028297,43.03459126577564,7.846898677677471,pitcher
FF,2024-09-15,98.4,-0.11,6.62,"Megill, Trevor",605137,656730,,ball,,,,,12.0,,R,L,R,AZ,MIL,B,,,0,0,2024,-0.66,1.23,0.4586487200838214,5.036173747164864,,,,2,8,Bot,,,,,,,3.0973059904619005,-143.40782614349297,-1.7397360732822666,-9.813402148910445,32.33202797058223,-14.921075868143555,3.821649045561,1.81801530557939,,,,99.2,2569.0,6.6,747151,606992,656555,668930,687401,642715,694192,663368,686217,53.93,,,,,,,,80,1,4-Seam Fastball,8,8,8,8,8,8,8,8,Strategic,Standard,193.0,0.002,0.04,,,,,-0.04,,0,0,0.526,0.526,30,31,31,32,1,4,2,1,3,6.0,1.11,0.66,-0.66,53.2,,,,,,pitcher
KC,2024-09-15,87.5,-0.16,6.57,"Megill, Trevor",553993,656730,sac_fly,hit_into_play,,,,,9.0,Eugenio Suárez out on a sacrifice fly to center fielder Blake Perkins. Corbin Carroll scores.,R,R,R,AZ,MIL,X,8.0,fly_ball,1,2,2024,0.55,-0.46,0.3823764135367548,1.7174395645600855,682998.0,,,1,8,Bot,109.35,94.02,,,,,0.1736335192366909,-127.52173911301186,-4.696234635369458,5.968700509651196,24.339402498535648,-36.52573311043714,3.42,1.6,264.0,93.5,50.0,88.3,2853.0,6.5,747151,606992,656555,668930,687401,642715,694192,663368,686217,53.95,,0.003,0.0,1.0,0.0,0.0,3.0,79,5,Knuckle Curve,7,8,7,8,8,8,8,8,Strategic,Standard,21.0,0.121,0.026,71.5,7.9,,,-0.026,93.5,-1,-1,0.405,0.405,30,32,31,33,1,4,2,1,3,1.0,3.41,-0.55,-0.55,52.0,16.035065195978333,-6.293561812903396,39.6519356520396,35.60185130442851,39.203286278003546,pitcher
KC,2024-09-15,88.1,-0.28,6.54,"Megill, Trevor",553993,656730,,ball,,,,,14.0,,R,R,R,AZ,MIL,B,,,0,2,2024,0.29,-0.69,0.3293408376985363,-0.4837091533203583,,682998.0,,1,8,Bot,,,,,,,0.8760938070189564,-128.11362589572522,-9.592976411167006,2.9899187448707294,26.9847813287166,-37.90733114994096,3.52288774919057,1.66611775056254,,,,88.7,2784.0,6.8,747151,606992,656555,668930,687401,642715,694192,663368,686217,53.75,,,,,,,,79,4,Knuckle Curve,7,8,7,8,8,7,7,8,Standard,Standard,10.0,0.077,0.024,,,,,-0.024,,-1,-1,0.328,0.328,30,32,31,33,1,4,2,1,3,1.0,3.63,-0.29,-0.29,55.8,,,,,,pitcher
FF,2024-09-15,98.1,-0.06,6.61,"Megill, Trevor",553993,656730,,foul,,,,,14.0,,R,R,R,AZ,MIL,S,,,0,2,2024,-0.44,1.6,1.0618614258507433,2.4758046809690724,,682998.0,,1,8,Bot,,,,,,,4.062247354330867,-142.63264196290214,-9.500690771590673,-6.861525094228369,30.30639799095308,-8.368481825329855,3.42,1.6,195.0,85.4,15.0,99.1,2526.0,6.7,747151,606992,656555,668930,687401,642715,694192,663368,686217,53.79,,,,,,,,79,3,4-Seam Fastball,7,8,7,8,8,7,7,8,Standard,Standard,201.0,0.0,0.0,56.8,6.7,,,0.0,88.0,-1,-1,0.328,0.328,30,32,31,33,1,4,2,1,3,1.0,0.76,0.44,0.44,53.1,-7.923262189799717,34.34382282061787,35.641432792620385,44.817382767086,6.394598691611414,pitcher
FF,2024-09-15,99.4,-0.22,6.6,"Megill, Trevor",553993,656730,,foul,,,,,5.0,,R,R,R,AZ,MIL,S,,,0,1,2024,-0.43,1.44,0.0969248888461902,2.402510142305708,,682998.0,,1,8,Bot,,,,,,,1.8866321159747383,-144.5798717044498,-9.523295347305044,-6.443674556017637,32.41438534992468,-10.01656462534343,3.42,1.6,251.0,80.4,37.0,100.1,2540.0,6.6,747151,606992,656555,668930,687401,642715,694192,663368,686217,53.88,,,,,,,,79,2,4-Seam Fastball,7,8,7,8,8,7,7,8,Standard,Standard,204.0,-0.025,-0.065,71.5,6.7,,,0.065,88.0,-1,-1,0.353,0.353,30,32,31,33,1,4,2,1,3,1.0,0.86,0.43,0.43,51.4,-7.042155171857268,21.91187861957853,43.75628833108468,33.70977768964821,15.261245338482652,pitcher
FF,2024-09-15,98.5,-0.19,6.61,"Megill, Trevor",553993,656730,,foul_tip,,,,,3.0,,R,R,R,AZ,MIL,S,,,0,0,2024,-0.37,1.46,0.4646459728991245,3.391146930570108,,682998.0,,1,8,Bot,,,,,,,2.6661767709922937,-143.43336245824122,-6.762068772616267,-5.769852371354416,31.28464131718017,-10.614533384627354,3.42,1.6,,,,99.5,2536.0,6.7,747151,606992,656555,668930,687401,642715,694192,663368,686217,53.82,,,,,,,,79,1,4-Seam Fastball,7,8,7,8,8,7,7,8,Standard,Standard,196.0,-0.015,-0.036,72.8,7.1,,,0.036,,-1,-1,0.368,0.368,30,32,31,33,1,4,2,1,3,1.0,0.87,0.37,0.37,56.5,12.091518387827062,15.428089003512948,35.02242666414047,38.2169649933337,17.165213758437698,pitcher
FF,2024-09-15,100.1,0.01,6.62,"Megill, Trevor",572233,656730,strikeout,swinging_strike,,,,,12.0,Christian Walker strikes out swinging.,R,R,R,AZ,MIL,S,2.0,,2,2,2024,-0.34,1.51,0.1798259854946847,3.9157953153929257,,682998.0,,0,8,Bot,,,,,,,1.2681314328970712,-145.72931419210218,-5.708131024297885,-5.07353228453708,33.50352018901493,-9.540164643921312,3.33,1.54,,,,100.8,2564.0,6.6,747151,606992,656555,668930,687401,642715,694192,663368,686217,53.89,,0.0,0.0,1.0,0.0,0.0,,78,5,4-Seam Fastball,7,8,7,8,8,7,7,8,Standard,Standard,198.0,-0.095,-0.291,65.7,6.0,1.395963612,,0.291,,-1,-1,0.463,0.463,30,33,31,33,1,4,2,1,3,1.0,0.76,0.34,0.34,57.6,6.203335338096258,22.278011232617448,18.381982986987527,37.86191244545743,16.95799198022126,pitcher
KC,2024-09-15,87.3,-0.48,6.56,"Megill, Trevor",572233,656730,,swinging_strike_blocked,,,,,14.0,,R,R,R,AZ,MIL,S,,,2,1,2024,0.21,-0.54,0.3299587513634848,0.80211251795108,,682998.0,,0,8,Bot,,,,,,,1.5241810854150322,-127.16594181268914,-6.642644995584006,2.0092674541730093,24.9353863831421,-36.99502153971938,3.33,1.54,,,,87.9,2880.0,6.5,747151,606992,656555,668930,687401,642715,694192,663368,686217,53.99,,,,,,,,78,4,Knuckle Curve,7,8,7,8,8,7,7,8,Standard,Standard,15.0,-0.023,-0.06,66.3,8.4,2.444749548,,0.06,,-1,-1,0.486,0.486,30,33,31,33,1,4,2,1,3,1.0,3.52,-0.21,-0.21,51.4,15.793189463873851,-11.741835640258495,36.451643644211856,39.381340440739336,36.77579871460895,pitcher
KC,2024-09-15,86.8,-0.23,6.53,"Megill, Trevor",572233,656730,,called_strike,,,,,9.0,,R,R,R,AZ,MIL,S,,,2,0,2024,0.25,-0.46,0.4711830791641673,1.8196582249610092,,682998.0,,0,8,Bot,,,,,,,1.1706130233521523,-126.44051185080532,-4.206625360967184,2.4242227876637594,24.78750699303037,-36.45261822819507,3.36799232226394,1.50343623230284,,,,87.6,2775.0,6.7,747151,606992,656555,668930,687401,642715,694192,663368,686217,53.84,,,,,,,,78,3,Knuckle Curve,7,8,7,8,8,7,7,8,Standard,Standard,22.0,-0.012,-0.045,,,,,0.045,,-1,-1,0.498,0.498,30,33,31,33,1,4,2,1,3,1.0,3.46,-0.25,-0.25,53.3,,,,,,pitcher
FF,2024-09-15,97.8,-0.27,6.59,"Megill, Trevor",572233,656730,,ball,,,,,13.0,,R,R,R,AZ,MIL,B,,,1,0,2024,-0.55,1.3,-0.9268516825322144,1.6883873529182298,,,682998.0,0,8,Bot,,,,,,,-0.5209478398091416,-142.13632263705563,-10.793327662110258,-7.348427138537684,31.394223958889008,-12.25922308931317,3.33000050148051,1.54668055907974,,,,98.6,2456.0,6.7,747151,606992,656555,668930,687401,642715,694192,663368,686217,53.77,,,,,,,,78,2,4-Seam Fastball,7,8,7,8,8,7,7,8,Standard,Standard,205.0,0.079,0.068,,,,,-0.068,,-1,-1,0.419,0.419,30,33,31,33,1,4,2,1,3,1.0,1.08,0.55,0.55,51.8,,,,,,pitcher
KC,2024-09-15,86.7,-0.44,6.68,"Megill, Trevor",572233,656730,,ball,,,,,14.0,,R,R,R,AZ,MIL,B,,,0,0,2024,0.52,-0.54,0.4813098464856039,1.3666792690693113,,,682998.0,0,8,Bot,,,,,,,1.1369519263560952,-126.34165547852668,-5.458235832362206,5.375645769992387,24.56945391774984,-37.13879358933573,3.38095966869084,1.57213242089216,,,,87.4,2692.0,6.6,747151,606992,656555,668930,687401,642715,694192,663368,686217,53.94,,,,,,,,78,1,Knuckle Curve,7,8,7,8,8,7,7,8,Standard,Standard,42.0,0.013,0.041,,,,,-0.041,,-1,-1,0.406,0.406,30,33,31,33,1,4,2,1,3,1.0,3.55,-0.52,-0.52,53.9,,,,,,pitcher
FF,2024-09-15,96.6,-0.28,6.6,"Megill, Trevor",682998,656730,walk,blocked_ball,,,,,14.0,Corbin Carroll walks.,R,L,R,AZ,MIL,B,,,3,0,2024,-0.69,1.33,0.3238374361696428,0.2338327277314895,,,,0,8,Bot,,,,,,,3.198748369310048,-140.00230930605318,-14.484051271620894,-9.740035024014997,29.53409989734966,-11.679306247756436,3.24057608176245,1.46523322576014,,,,97.3,2405.0,6.8,747151,606992,656555,668930,687401,642715,694192,663368,686217,53.72,,0.689131,0.7,1.0,0.0,0.0,,77,4,4-Seam Fastball,7,8,7,8,8,7,7,8,Standard,Standard,202.0,0.039,0.197,,,,,-0.197,,-1,-1,0.367,0.367,30,23,31,24,1,4,2,1,3,1.0,1.12,0.69,-0.69,57.0,,,,,,pitcher
KC,2024-09-15,87.4,-0.26,6.59,"Megill, Trevor",682998,656730,,ball,,,,,13.0,,R,L,R,AZ,MIL,B,,,2,0,2024,0.07,-0.72,-0.0570677941417315,0.7991094149249593,,,,0,8,Bot,,,,,,,0.3524538308694802,-127.30179250098544,-6.378964589087304,0.6470340089803676,25.33655212422537,-38.965651641453576,3.24192194281492,1.49297387856819,,,,88.0,2838.0,6.5,747151,606992,656555,668930,687401,642715,694192,663368,686217,53.96,,,,,,,,77,3,Knuckle Curve,7,8,7,8,8,7,7,8,Standard,Standard,22.0,0.03,0.147,,,,,-0.147,,-1,-1,0.337,0.337,30,23,31,24,1,4,2,1,3,1.0,3.69,-0.07,0.07,53.0,,,,,,pitcher
FF,2024-09-15,97.7,-0.23,6.77,"Megill, Trevor",682998,656730,,ball,,,,,11.0,,R,L,R,AZ,MIL,B,,,1,0,2024,-0.42,1.57,-0.3519153319142328,3.605505241866641,,,,0,8,Bot,,,,,,,0.6542321281697712,-142.1579611933969,-6.618684226222455,-5.893824778730965,33.95619700057583,-9.62280426733035,3.29180461294639,1.54296981676789,,,,97.7,2506.0,6.4,747151,606992,656555,668930,687401,642715,694192,663368,686217,54.13,,,,,,,,77,2,4-Seam Fastball,7,8,7,8,8,7,7,8,Standard,Standard,196.0,0.019,0.069,,,,,-0.069,,-1,-1,0.318,0.318,30,23,31,24,1,4,2,1,3,1.0,0.83,0.42,-0.42,54.8,,,,,,pitcher
FF,2024-09-15,97.4,-0.25,6.71,"Megill, Trevor",682998,656730,,ball,,,,,13.0,,R,L,R,AZ,MIL,B,,,0,0,2024,-0.53,1.46,-0.9136625038763342,2.0882388159393352,,,,0,8,Bot,,,,,,,-0.5724945898371893,-141.48668532971175,-10.218559728730938,-6.963281186585068,34.46756523958511,-10.404501124740646,3.26406984366879,1.51523250137005,,,,97.5,2443.0,6.6,747151,606992,656555,668930,687401,642715,694192,663368,686217,53.93,,,,,,,,77,1,4-Seam Fastball,7,8,7,8,8,7,7,8,Standard,Standard,206.0,0.01,0.038,,,,,-0.038,,-1,-1,0.308,0.308,30,23,31,24,1,4,2,1,3,1.0,0.96,0.53,-0.53,53.9,,,,,,pitcher
FF,2024-09-13,99.7,-0.15,6.58,"Megill, Trevor",656976,656730,grounded_into_double_play,hit_into_play,,,,,4.0,"Pavin Smith grounds into a double play, shortstop Willy Adames to first baseman Rhys Hoskins. Christian Walker out at 2nd. Pavin Smith out at 1st.",R,L,R,AZ,MIL,X,6.0,ground_ball,1,1,2024,-0.67,1.43,-0.5743750800174029,2.336644462456883,,,572233.0,1,8,Bot,120.58,147.02,,,,,0.4186715420257588,-144.95098596937768,-9.657621967084744,-9.497546945826285,34.66612656197037,-10.006602118913436,3.41,1.61,5.0,100.2,-25.0,100.2,2455.0,6.7,747153,661388,656555,668930,687401,642715,694192,663368,686217,53.85,0.119,0.107,0.0,1.0,0.0,0.0,2.0,64,3,4-Seam Fastball,1,2,1,2,2,1,1,2,Standard,Standard,199.0,-0.147,-0.303,73.3,6.9,,0.177,0.303,100.2,-1,-1,0.312,0.312,30,28,31,28,1,3,1,2,2,1.0,0.88,0.67,-0.67,53.3,-6.110421340959166,16.29784244386768,32.441059889632186,45.00417266489313,15.19188766923796,pitcher
FF,2024-09-13,97.8,-0.21,6.64,"Megill, Trevor",656976,656730,,ball,,,,,13.0,,R,L,R,AZ,MIL,B,,,0,1,2024,-0.78,1.48,-0.7713294079502517,1.4562362702331872,,,572233.0,1,8,Bot,,,,,,,0.2805931994502864,-142.00905949466969,-11.949040564496952,-10.675422169250789,31.682750040861603,-9.60110305555486,3.40999845068925,1.62534780756112,,,,98.3,2559.0,6.6,747153,661388,656555,668930,687401,642715,694192,663368,686217,53.88,,,,,,,,64,2,4-Seam Fastball,1,2,1,2,2,1,1,2,Standard,Standard,202.0,0.008,0.029,,,,,-0.029,,-1,-1,0.304,0.304,30,28,31,28,1,3,1,2,2,1.0,0.9,0.78,-0.78,53.2,,,,,,pitcher
FF,2024-09-13,98.3,-0.31,6.59,"Megill, Trevor",656976,656730,,called_strike,,,,,4.0,,R,L,R,AZ,MIL,S,,,0,0,2024,-0.65,1.39,-0.3852800348908434,2.4328311749346136,,,572233.0,1,8,Bot,,,,,,,1.291465526135213,-143.00596426569322,-9.088731511028268,-9.15752596608793,32.720067393080946,-11.1519091089305,3.40999924644931,1.68892205080782,,,,99.1,2384.0,6.7,747153,661388,656555,668930,687401,642715,694192,663368,686217,53.78,,,,,,,,64,1,4-Seam Fastball,1,2,1,2,2,1,1,2,Standard,Standard,197.0,-0.012,-0.04,,,,,0.04,,-1,-1,0.316,0.316,30,28,31,28,1,3,1,2,2,1.0,0.96,0.65,-0.65,53.2,,,,,,pitcher
FF,2024-09-13,100.4,-0.11,6.62,"Megill, Trevor",572233,656730,walk,ball,,,,,12.0,Christian Walker walks.,R,R,R,AZ,MIL,B,,,3,2,2024,-0.55,1.42,0.1938882151878508,4.303659446970089,,,,1,8,Bot,,,,,,,2.1711153499984595,-146.28727145473994,-4.492666488228918,-8.431093435727625,33.52513687347654,-10.938599384434848,3.35000017618773,1.57167253125222,,,,101.5,2489.0,6.7,747153,661388,656555,668930,687401,642715,694192,663368,686217,53.77,,0.689131,0.7,1.0,0.0,0.0,,63,7,4-Seam Fastball,1,2,1,2,2,1,1,2,Standard,Standard,197.0,0.06,0.348,,,,,-0.348,,-1,-1,0.256,0.256,30,33,31,33,1,3,1,2,2,1.0,0.83,0.55,0.55,51.8,,,,,,pitcher
KC,2024-09-13,89.0,-0.07,6.54,"Megill, Trevor",572233,656730,,ball,,,,,14.0,,R,R,R,AZ,MIL,B,,,2,2,2024,0.07,-0.53,1.7435924570453618,-0.6127598336123365,,,,1,8,Bot,,,,,,,4.325290049028694,-129.2329580893026,-10.444189018418497,-0.0579050827947593,26.56804216014996,-36.168603779868285,3.35000143504651,1.50346565964821,,,,89.6,2894.0,6.7,747153,661388,656555,668930,687401,642715,694192,663368,686217,53.78,,,,,,,,63,6,Knuckle Curve,1,2,1,2,2,1,1,2,Standard,Standard,1.0,0.018,0.108,,,,,-0.108,,-1,-1,0.238,0.238,30,33,31,33,1,3,1,2,2,1.0,3.42,-0.07,-0.07,54.0,,,,,,pitcher
FF,2024-09-13,99.6,0.23,6.58,"Megill, Trevor",572233,656730,,ball,,,,,14.0,,R,R,R,AZ,MIL,B,,,1,2,2024,-0.43,1.54,0.6415079563807846,1.2260030772460766,,,,1,8,Bot,,,,,,,2.1462256716112686,-144.5962376588161,-13.00749666764413,-6.500348171933944,32.977055485161856,-7.814998940879629,3.35000112982768,1.52547075069086,,,,100.5,2462.0,6.9,747153,661388,656555,668930,687401,642715,694192,663368,686217,53.62,,,,,,,,63,5,4-Seam Fastball,1,2,1,2,2,1,1,2,Standard,Standard,197.0,0.007,0.043,,,,,-0.043,,-1,-1,0.231,0.231,30,33,31,33,1,3,1,2,2,1.0,0.77,0.43,0.43,55.5,,,,,,pitcher
FF,2024-09-13,99.1,-0.02,6.64,"Megill, Trevor",572233,656730,,foul,,,,,3.0,,R,R,R,AZ,MIL,S,,,1,2,2024,-0.61,1.42,0.3635565114948036,3.1706608525891045,,,,1,8,Bot,,,,,,,2.483124675508836,-144.25314115956783,-7.43881836294876,-9.042203667315183,33.43982279070063,-10.835095784626189,3.35,1.55,299.0,91.3,43.0,100.1,2479.0,6.8,747153,661388,656555,668930,687401,642715,694192,663368,686217,53.71,,,,,,,,63,4,4-Seam Fastball,1,2,1,2,2,1,1,2,Standard,Standard,201.0,0.0,0.0,70.5,6.5,,,0.0,91.3,-1,-1,0.231,0.231,30,33,31,33,1,3,1,2,2,1.0,0.9,0.61,0.61,52.8,1.6002277240640297,23.04918379940065,20.847863817017885,40.61041723281608,18.69512748723044,pitcher
FF,2024-09-13,100.4,0.06,6.65,"Megill, Trevor",572233,656730,,ball,,,,,12.0,,R,R,R,AZ,MIL,B,,,0,2,2024,-0.32,1.52,1.196789835842429,3.656888716783445,,,,1,8,Bot,,,,,,,3.9206220921578576,-146.10370706637397,-6.56084040400261,-5.443090520504303,34.139262746100194,-9.107783322979918,3.27292791659837,1.54334865490672,,,,101.0,2532.0,6.6,747153,661388,656555,668930,687401,642715,694192,663368,686217,53.88,,,,,,,,63,3,4-Seam Fastball,1,2,1,2,2,1,1,2,Standard,Standard,202.0,0.005,0.02,,,,,-0.02,,-1,-1,0.226,0.226,30,33,31,33,1,3,1,2,2,1.0,0.74,0.32,0.32,52.7,,,,,,pitcher
KC,2024-09-13,87.2,-0.3,6.62,"Megill, Trevor",572233,656730,,foul,,,,,4.0,,R,R,R,AZ,MIL,S,,,0,1,2024,-0.02,-0.51,-0.58403659507391,2.186893749623393,,,,1,8,Bot,,,,,,,-0.6613284845183255,-127.02664405835417,-3.485127430924123,-0.038432453416784,25.44066507521072,-37.266322274471456,3.35,1.55,2.0,99.4,-43.0,87.9,2736.0,6.6,747153,661388,656555,668930,687401,642715,694192,663368,686217,53.9,,,,,,,,63,2,Knuckle Curve,1,2,1,2,2,1,1,2,Standard,Standard,23.0,-0.012,-0.057,74.8,6.9,,,0.057,99.4,-1,-1,0.238,0.238,30,33,31,33,1,3,1,2,2,1.0,3.5,0.02,0.02,53.7,-3.8841461761140583,4.94982116236476,37.28716976619916,29.45974201337917,28.757774605735925,pitcher
FF,2024-09-13,98.7,-0.15,6.59,"Megill, Trevor",572233,656730,,foul,,,,,11.0,,R,R,R,AZ,MIL,S,,,0,0,2024,-0.55,1.59,-1.1229625932648917,2.487308103407134,,,,1,8,Bot,,,,,,,-1.3522738211931635,-143.41186836040995,-9.457587101925164,-7.308190419325407,33.98051980510363,-8.239210436281969,3.35,1.55,8.0,89.9,-18.0,99.2,2550.0,6.7,747153,661388,656555,668930,687401,642715,694192,663368,686217,53.81,,,,,,,,63,1,4-Seam Fastball,1,2,1,2,2,1,1,2,Standard,Standard,198.0,-0.007,-0.037,77.0,7.8,,,0.037,89.9,-1,-1,0.245,0.245,30,33,31,33,1,3,1,2,2,1.0,0.76,0.55,0.55,52.7,16.122095572402372,-24.465703577423795,40.05461375575037,22.844701251510536,32.67717761600926,pitcher
FF,2024-09-13,98.6,-0.28,6.65,"Megill, Trevor",592626,656730,field_out,hit_into_play,,,,,1.0,Joc Pederson flies out to left fielder Jackson Chourio.,R,L,R,AZ,MIL,X,7.0,fly_ball,1,0,2024,-0.42,1.64,-0.5281739420895813,3.1478372904215397,,,,0,8,Bot,81.21,84.61,,,,,0.2938038520183308,-143.457129387923,-7.930054978361894,-5.807892904234728,34.54427889662448,-7.846352546799512,3.5,1.73,306.0,99.3,48.0,99.2,2495.0,6.7,747153,661388,656555,668930,687401,642715,694192,663368,686217,53.77,0.013,0.018,0.0,1.0,0.0,0.0,3.0,62,2,4-Seam Fastball,1,2,1,2,2,1,1,2,Standard,Standard,195.0,-0.073,-0.292,82.8,7.9,,0.034,0.292,99.3,-1,-1,0.318,0.318,30,32,31,32,1,3,1,3,2,1.0,0.71,0.42,-0.42,54.2,6.946320243493706,22.667349197615685,21.61509037308825,42.19092528245466,23.600617701153062,pitcher
KC,2024-09-13,87.0,-0.15,6.75,"Megill, Trevor",592626,656730,,ball,,,,,14.0,,R,L,R,AZ,MIL,B,,,0,0,2024,0.31,-0.58,1.9765496256740367,1.6366787334832051,,,,0,8,Bot,,,,,,,4.501466387140279,-126.581875201358,-4.913062115618881,2.395352651535666,25.749649341008688,-37.59801903936807,3.5000011397974,1.760172181262,,,,87.5,2838.0,6.6,747153,661388,656555,668930,687401,642715,694192,663368,686217,53.91,,,,,,,,62,1,Knuckle Curve,1,2,1,2,2,1,1,2,Standard,Standard,19.0,0.01,0.038,,,,,-0.038,,-1,-1,0.308,0.308,30,32,31,32,1,3,1,3,2,1.0,3.59,-0.31,0.31,55.9,,,,,,pitcher
FF,2024-09-12,99.3,0.15,6.79,"Megill, Trevor",671218,656730,strikeout,swinging_strike,,,,,4.0,Heliot Ramos strikes out swinging.,R,R,R,SF,MIL,S,2.0,,1,2,2024,-0.58,1.59,-0.2914008722855462,2.632585857964804,,,,2,8,Bot,,,,,,,0.1604481436631192,-144.34432703228404,-9.74929963233589,-8.203954365336777,32.483541866622645,-7.904002115538718,3.19,1.52,,,,100.0,2377.0,6.7,745288,661388,656555,668930,687401,642715,694192,669003,686217,53.82,,0.0,0.0,1.0,0.0,0.0,,60,4,4-Seam Fastball,0,3,0,3,3,0,0,3,Strategic,Strategic,199.0,-0.006,-0.18,68.7,5.7,0.859368264,,0.18,,-3,-3,0.04,0.04,30,24,31,25,1,3,2,1,1,1.0,0.72,0.58,0.58,54.1,-3.636299123393384,19.93668671294135,39.65361952322765,31.315663219528226,16.08212709805078,pitcher
FF,2024-09-12,98.6,0.23,6.72,"Megill, Trevor",671218,656730,,ball,,,,,12.0,,R,R,R,SF,MIL,B,,,0,2,2024,-0.25,1.73,1.6165674309896358,2.978207937762341,,,,2,8,Bot,,,,,,,4.40781442901911,-143.35674541835755,-8.837400544180282,-4.5137089505909485,33.08121753007982,-6.43763213295798,3.30550061668506,1.54348482085556,,,,99.8,2312.0,7.0,745288,661388,656555,668930,687401,642715,694192,669003,686217,53.51,,,,,,,,60,3,4-Seam Fastball,0,3,0,3,3,0,0,3,Strategic,Strategic,207.0,0.001,0.023,,,,,-0.023,,-3,-3,0.039,0.039,30,24,31,25,1,3,2,1,1,1.0,0.62,0.25,0.25,55.7,,,,,,pitcher
FF,2024-09-12,98.3,-0.11,6.78,"Megill, Trevor",671218,656730,,swinging_strike,,,,,11.0,,R,R,R,SF,MIL,S,,,0,1,2024,-0.78,1.52,-0.3595664229189799,3.687260385402578,,,,2,8,Bot,,,,,,,1.1406337683675642,-143.15611451797915,-6.51017084923806,-10.939940793704215,32.30433436755055,-9.955665379899854,3.19,1.52,,,,99.2,2378.0,6.7,745288,661388,656555,668930,687401,642715,694192,669003,686217,53.8,,,,,,,,60,2,4-Seam Fastball,0,3,0,3,3,0,0,3,Strategic,Strategic,200.0,-0.003,-0.058,35.3,4.1,1.727019636,,0.058,,-3,-3,0.042,0.042,30,24,31,25,1,3,2,1,1,1.0,0.83,0.78,0.78,52.9,-19.39122684797808,47.620764912058,34.62757384075354,30.31349716445788,2.342777947100574,pitcher
FF,2024-09-12,98.7,-0.04,6.83,"Megill, Trevor",671218,656730,,swinging_strike,,,,,12.0,,R,R,R,SF,MIL,S,,,0,0,2024,-0.28,1.6,0.462970471059938,3.7364619687920775,,,,2,8,Bot,,,,,,,2.0296564612218755,-143.62452645636452,-6.699904302891307,-4.303508095155694,34.3749144764623,-8.730109988613446,3.19,1.52,,,,99.1,2312.0,6.6,745288,661388,656555,668930,687401,642715,694192,669003,686217,53.91,,,,,,,,60,1,4-Seam Fastball,0,3,0,3,3,0,0,3,Strategic,Strategic,199.0,-0.001,-0.041,59.9,5.2,0.1,,0.041,,-3,-3,0.043,0.043,30,24,31,25,1,3,2,1,1,1.0,0.75,0.28,0.28,58.6,2.475477778890285,34.7772966162681,22.686309761336958,41.360868348993534,2.5967577850700807,pitcher
FF,2024-09-12,99.0,-0.02,6.84,"Megill, Trevor",573262,656730,strikeout,swinging_strike,,,,,2.0,Mike Yastrzemski strikes out swinging.,R,L,R,SF,MIL,S,2.0,,1,2,2024,-0.46,1.6,0.0508304677268738,3.1912343061635218,,,,1,8,Bot,,,,,,,1.268519630516233,-143.96544066818382,-8.285250132449633,-6.731277022234394,33.07435807791879,-8.254182652644902,3.37,1.63,,,,99.4,2436.0,6.5,745288,661388,656555,668930,687401,642715,694192,669003,686217,53.96,,0.0,0.0,1.0,0.0,0.0,,59,4,4-Seam Fastball,0,3,0,3,3,0,0,3,Strategic,Standard,203.0,-0.012,-0.182,67.7,6.5,0.96261888,,0.182,,-3,-3,0.055,0.055,30,33,31,34,1,3,2,1,1,1.0,0.73,0.46,-0.46,54.4,8.293897978399393,14.825187115370246,29.393042156410026,32.43734984144315,19.268475078286077,pitcher
FF,2024-09-12,97.3,0.03,6.85,"Megill, Trevor",573262,656730,,called_strike,,,,,5.0,,R,L,R,SF,MIL,S,,,1,1,2024,-0.55,1.54,-0.0879354369241165,2.1949408217988227,,,,1,8,Bot,,,,,,,0.9463976777616137,-141.3587297178845,-10.491657063145716,-7.599530936336998,34.253287526447174,-9.25895342486194,3.44198442404436,1.59755401347854,,,,97.5,2340.0,6.6,745288,661388,656555,668930,687401,642715,694192,669003,686217,53.87,,,,,,,,59,3,4-Seam Fastball,0,3,0,3,3,0,0,3,Standard,Standard,201.0,-0.004,-0.061,,,,,0.061,,-3,-3,0.059,0.059,30,33,31,34,1,3,2,1,1,1.0,0.88,0.55,-0.55,56.6,,,,,,pitcher
FF,2024-09-12,98.7,-0.17,6.88,"Megill, Trevor",573262,656730,,called_strike,,,,,1.0,,R,L,R,SF,MIL,S,,,1,0,2024,-0.29,1.57,-0.6136712328546159,3.258652087474772,,,,1,8,Bot,,,,,,,-0.5473030526660935,-143.6498882109795,-8.122823850071162,-3.844558122670082,31.541440891001677,-8.71497183053492,3.42677604506577,1.64117072759088,,,,99.3,2378.0,6.5,745288,661388,656555,668930,687401,642715,694192,669003,686217,54.01,,,,,,,,59,2,4-Seam Fastball,0,3,0,3,3,0,0,3,Standard,Standard,203.0,-0.004,-0.051,,,,,0.051,,-3,-3,0.063,0.063,30,33,31,34,1,3,2,1,1,1.0,0.76,0.29,-0.29,54.2,,,,,,pitcher
FF,2024-09-12,99.3,-0.14,6.81,"Megill, Trevor",573262,656730,,ball,,,,,12.0,,R,L,R,SF,MIL,B,,,0,0,2024,-0.61,1.36,0.2128216337526567,3.9906676637226335,,,,1,8,Bot,,,,,,,2.4146855312245195,-144.65188038710207,-5.555179031468139,-9.079065203285433,32.947523032557626,-11.942053055812677,3.41838455983202,1.60357869196358,,,,100.1,2402.0,6.6,745288,661388,656555,668930,687401,642715,694192,669003,686217,53.88,,,,,,,,59,1,4-Seam Fastball,0,3,0,3,3,0,0,3,Standard,Standard,208.0,0.003,0.039,,,,,-0.039,,-3,-3,0.06,0.06,30,33,31,34,1,3,2,1,1,1.0,0.94,0.61,-0.61,53.8,,,,,,pitcher
FF,2024-09-12,99.4,0.12,6.81,"Megill, Trevor",682617,656730,strikeout,called_strike,,,,,6.0,Marco Luciano called out on strikes.,R,R,R,SF,MIL,S,2.0,,1,2,2024,-0.7,1.32,0.738714017953137,2.378621820592796,,,,0,8,Bot,,,,,,,3.377663398101636,-144.4464781251558,-9.923504409197722,-10.636337021323948,32.94343491184791,-11.525732686903543,3.42496909456659,1.58336237460438,,,,100.3,2361.0,6.8,745288,661388,656555,668930,687401,642715,694192,669003,686217,53.7,,0.0,0.0,1.0,0.0,0.0,,58,4,4-Seam Fastball,0,3,0,3,3,0,0,3,Strategic,Standard,206.0,-0.019,-0.186,,,,,0.186,,-3,-3,0.079,0.079,30,22,31,23,1,2,2,1,1,2.0,0.98,0.7,0.7,53.9,,,,,,pitcher
KC,2024-09-12,86.3,-0.02,6.86,"Megill, Trevor",682617,656730,,ball,,,,,14.0,,R,R,R,SF,MIL,B,,,0,2,2024,0.49,-0.67,0.903925912475239,1.2277125631557015,,,,0,8,Bot,,,,,,,1.2065105946069403,-125.60599969217422,-5.8479064480702485,4.979867206427042,25.03883222142213,-38.32593534624253,3.42339940115712,1.61095079797207,,,,86.9,2905.0,6.6,745288,661388,656555,668930,687401,642715,694192,669003,686217,53.86,,,,,,,,58,3,Knuckle Curve,0,3,0,3,3,0,0,3,Strategic,Standard,16.0,0.003,0.023,,,,,-0.023,,-3,-3,0.076,0.076,30,22,31,23,1,2,2,1,1,2.0,3.73,-0.49,-0.49,54.5,,,,,,pitcher
KC,2024-09-12,85.5,-0.15,6.92,"Megill, Trevor",682617,656730,,called_strike,,,,,6.0,,R,R,R,SF,MIL,S,,,0,1,2024,0.52,-0.74,0.75738616576558,2.778389825952776,,,,0,8,Bot,,,,,,,1.0938844073077063,-124.46696273349748,-1.973244793931064,5.1567790888464895,25.83739936632688,-39.6691676720426,3.52809686149926,1.62758009456685,,,,85.8,2835.0,6.5,745288,661388,656555,668930,687401,642715,694192,669003,686217,53.96,,,,,,,,58,2,Knuckle Curve,0,3,0,3,3,0,0,3,Strategic,Standard,24.0,-0.007,-0.054,,,,,0.054,,-3,-3,0.083,0.083,30,22,31,23,1,2,2,1,1,2.0,3.87,-0.52,-0.52,55.1,,,,,,pitcher
FF,2024-09-12,97.8,0.01,6.87,"Megill, Trevor",682617,656730,,called_strike,,,,,5.0,,R,R,R,SF,MIL,S,,,0,0,2024,-0.81,1.38,-0.0289812242543583,2.6262409902421244,,,,0,8,Bot,,,,,,,1.7865350182284032,-142.2629065038073,-9.225633752056236,-11.450772748838672,32.55173734049729,-11.491585343513574,3.5081803782782,1.60731350031323,,,,98.7,2405.0,6.8,745288,661388,656555,668930,687401,642715,694192,669003,686217,53.69,,,,,,,,58,1,4-Seam Fastball,0,3,0,3,3,0,0,3,Standard,Standard,201.0,-0.004,-0.037,,,,,0.037,,-3,-3,0.087,0.087,30,22,31,23,1,2,2,1,1,2.0,1.0,0.81,0.81,55.7,,,,,,pitcher
KC,2024-09-10,84.5,-0.28,6.75,"Megill, Trevor",573262,656730,field_out,hit_into_play,,,,,5.0,Mike Yastrzemski lines out to left fielder Jackson Chourio.,R,L,R,SF,MIL,X,7.0,line_drive,0,0,2024,0.93,-0.61,-0.0631660604607212,2.719857860039937,,,,2,8,Bot,44.2,116.18,,,,,-1.3499321384315586,-123.0795800884678,-1.8568176004652373,9.729900987222342,23.92512781840149,-38.2121618279555,3.36,1.64,287.0,91.3,24.0,84.6,2702.0,6.3,745291,661388,641343,668930,687401,642715,694192,663368,686217,54.22,0.15,0.191,0.0,1.0,0.0,0.0,3.0,59,1,Knuckle Curve,2,3,2,3,3,2,2,3,Standard,Standard,31.0,-0.032,-0.256,69.1,6.7,,0.301,0.256,91.3,-1,-1,0.197,0.197,30,33,31,34,1,3,7,3,2,1.0,3.79,-0.93,0.93,54.9,5.9631834025552335,20.09945074416264,27.187684087254297,34.53779483773971,22.21151733008565,pitcher
KC,2024-09-10,84.3,-0.34,6.8,"Megill, Trevor",682617,656730,field_out,hit_into_play,,,,,5.0,Marco Luciano flies out to right fielder Sal Frelick.,R,R,R,SF,MIL,X,9.0,fly_ball,1,0,2024,0.78,-0.63,0.183453180559157,2.4733016454820858,,,,1,8,Bot,153.21,119.26,,,,,-0.3347090687456699,-122.88141205221734,-2.4837758316307346,7.95350864486706,23.29980125085237,-38.30590698595371,3.39,1.61,212.0,91.4,58.0,85.1,2784.0,6.6,745291,661388,641343,668930,687401,642715,694192,663368,686217,53.88,0.013,0.019,0.0,1.0,0.0,0.0,3.0,58,2,Knuckle Curve,2,3,2,3,3,2,2,3,Standard,Standard,26.0,-0.055,-0.295,75.9,7.4,,0.025,0.295,91.4,-1,-1,0.252,0.252,30,22,31,23,1,2,7,2,2,1.0,3.81,-0.78,-0.78,53.6,10.192766348404088,-3.389317007061188,31.010693832931363,38.51197140090908,35.80801964130315,pitcher
KC,2024-09-10,86.4,-0.18,6.8,"Megill, Trevor",682617,656730,,ball,,,,,14.0,,R,R,R,SF,MIL,B,,,0,0,2024,0.67,-0.14,1.4931805525460484,2.444098310068673,,,,1,8,Bot,,,,,,,2.6382903759835594,-125.87185278026324,-3.9272247960436015,6.6267884421655445,24.62745442073992,-33.08494963980089,3.38155104453098,1.61308239424871,,,,87.2,2716.0,6.6,745291,661388,641343,668930,687401,642715,694192,663368,686217,53.87,,,,,,,,58,1,Knuckle Curve,2,3,2,3,3,2,2,3,Standard,Standard,25.0,0.007,0.039,,,,,-0.039,,-1,-1,0.245,0.245,30,22,31,23,1,2,7,2,2,1.0,3.18,-0.67,-0.67,55.1,,,,,,pitcher
FF,2024-09-10,98.2,-0.14,6.77,"Megill, Trevor",687529,656730,strikeout,swinging_strike,,,,,1.0,Grant McCray strikes out swinging.,R,L,R,SF,MIL,S,2.0,,1,2,2024,-0.12,1.59,-0.7666444764623135,3.021599963762244,,,,0,8,Bot,,,,,,,-1.43975121996821,-142.8584547165171,-8.441495952943917,-1.3055776365473273,30.59134948166177,-8.693305471716991,3.63,1.68,,,,99.2,2387.0,6.7,745291,661388,641343,668930,687401,642715,694192,663368,686217,53.78,,0.0,0.0,1.0,0.0,0.0,,57,4,4-Seam Fastball,2,3,2,3,3,2,2,3,Standard,Standard,199.0,-0.044,-0.186,67.5,6.2,1.174739268,,0.186,,-1,-1,0.289,0.289,30,23,31,24,1,2,7,2,2,1.0,0.76,0.12,-0.12,54.1,-9.146402245216391,38.99660789575061,29.821901489263105,43.58535857563007,3.97540637686117,pitcher
KC,2024-09-10,84.5,-0.34,6.77,"Megill, Trevor",687529,656730,,called_strike,,,,,8.0,,R,L,R,SF,MIL,S,,,1,1,2024,0.22,-0.4,-0.0624973185557571,1.592635729580954,,,,0,8,Bot,,,,,,,0.2144169972998688,-123.18724565486528,-5.037988137845059,2.1871008602900286,21.184358962114324,-35.58842974623246,3.64262618872056,1.68736391984336,,,,85.7,2685.0,6.6,745291,661388,641343,668930,687401,642715,694192,663368,686217,53.86,,,,,,,,57,3,Knuckle Curve,2,3,2,3,3,2,2,3,Standard,Standard,25.0,-0.016,-0.056,,,,,0.056,,-1,-1,0.305,0.305,30,23,31,24,1,2,7,2,2,1.0,3.54,-0.22,0.22,55.9,,,,,,pitcher
FF,2024-09-10,96.4,-0.06,6.87,"Megill, Trevor",687529,656730,,ball,,,,,11.0,,R,L,R,SF,MIL,B,,,0,1,2024,-0.05,1.59,-0.7916796072017088,4.276581773666607,,,,0,8,Bot,,,,,,,-1.848521269267292,-140.41310038454225,-4.996911908670212,-0.2144531195009553,30.212772660238542,-10.154336698314156,3.64082447286326,1.5665528695021,,,,97.1,2358.0,6.5,745291,661388,641343,668930,687401,642715,694192,663368,686217,54.01,,,,,,,,57,2,4-Seam Fastball,2,3,2,3,3,2,2,3,Standard,Standard,194.0,0.006,0.025,,,,,-0.025,,-1,-1,0.299,0.299,30,23,31,24,1,2,7,2,2,1.0,0.85,0.05,-0.05,55.6,,,,,,pitcher
FF,2024-09-10,95.9,-0.06,6.81,"Megill, Trevor",687529,656730,,foul,,,,,5.0,,R,L,R,SF,MIL,S,,,0,0,2024,-0.27,1.54,-0.1493510363211436,2.459851475801225,,,,0,8,Bot,,,,,,,0.3746969179098151,-139.4039536937171,-9.400358223034946,-3.5991279718198808,31.756487897303398,-10.225807972215367,3.63,1.68,212.0,77.9,35.0,96.2,2377.0,6.6,745291,661388,641343,668930,687401,642715,694192,663368,686217,53.92,,,,,,,,57,1,4-Seam Fastball,2,3,2,3,3,2,2,3,Standard,Standard,194.0,-0.009,-0.037,72.2,6.7,,,0.037,88.0,-1,-1,0.308,0.308,30,23,31,24,1,2,7,2,2,1.0,0.95,0.27,-0.27,55.6,-2.910409295560061,13.111032716213083,38.0326730510439,36.215458368865406,17.964876232237497,pitcher
KC,2024-09-03,85.9,-0.32,6.61,"Megill, Trevor",502671,656730,field_out,hit_into_play,,,,,7.0,"Paul Goldschmidt grounds out, third baseman Joey Ortiz to first baseman Rhys Hoskins.",R,R,R,MIL,STL,X,5.0,ground_ball,1,0,2024,0.43,-0.98,-0.5997657811461925,1.7453426309935232,,,,2,8,Top,102.02,164.12,,,,,-1.536423211985625,-124.99414860422505,-3.2310094834170435,4.828192623116787,27.794396338547305,-41.871269609627895,3.47,1.57,11.0,94.6,-9.0,86.1,2827.0,6.6,745944,661388,656555,668930,687401,642715,694192,663368,686217,53.86,0.197,0.181,0.0,1.0,0.0,0.0,2.0,59,2,Knuckle Curve,3,3,3,3,3,3,3,3,Standard,Standard,26.0,0.029,-0.295,72.9,7.5,,0.197,0.295,94.6,0,0,0.579,0.421,30,36,31,37,1,3,4,1,7,1.0,4.09,-0.43,-0.43,56.2,10.977279657946648,-1.4497619157379376,39.144776928881335,35.167005008812204,23.724913080785534,pitcher
FF,2024-09-03,98.5,-0.12,6.66,"Megill, Trevor",502671,656730,,ball,,,,,12.0,,R,R,R,MIL,STL,B,,,0,0,2024,-0.09,1.61,1.5622351342797338,3.709252832881165,,,,2,8,Top,,,,,,,4.815593515953353,-143.12786151132497,-6.257112000817013,-2.5064041869409337,37.21857623070902,-8.782851673264222,3.541293271989,1.68530472895902,,,,98.5,2398.0,6.6,745944,661388,656555,668930,687401,642715,694192,663368,686217,53.86,,,,,,,,59,1,4-Seam Fastball,3,3,3,3,3,3,3,3,Standard,Standard,195.0,-0.003,0.04,,,,,-0.04,,0,0,0.582,0.418,30,36,31,37,1,3,4,1,7,1.0,0.77,0.09,0.09,57.3,,,,,,pitcher
FF,2024-09-03,100.3,-0.49,6.54,"Megill, Trevor",680977,656730,field_out,hit_into_play,,,,,8.0,"Brendan Donovan grounds out, shortstop Willy Adames to first baseman Rhys Hoskins.",R,L,R,MIL,STL,X,6.0,ground_ball,0,0,2024,-0.43,1.48,-0.0923286557129,1.8055910594979023,,,,1,8,Top,112.68,146.32,,,,,2.1343602615041117,-145.6690411412397,-11.258680844827492,-6.650686973044085,33.82753354161299,-8.677102079593718,3.31,1.58,120.0,107.8,2.0,100.8,2439.0,6.7,745944,661388,656555,668930,687401,642715,694192,663368,686217,53.83,0.513,0.462,0.0,1.0,0.0,0.0,4.0,58,1,4-Seam Fastball,3,3,3,3,3,3,3,3,Strategic,Standard,200.0,0.036,-0.256,71.7,6.8,,0.549,0.256,107.8,0,0,0.546,0.454,30,27,31,27,1,3,4,1,7,1.0,0.79,0.43,-0.43,53.9,1.1166497243796007,10.441164431945824,35.03993890205952,38.37968007414105,20.20929054431806,pitcher
FF,2024-09-03,99.3,-0.09,6.57,"Megill, Trevor",571448,656730,field_out,hit_into_play,,,,,6.0,Nolan Arenado lines out to left fielder Jackson Chourio.,R,R,R,MIL,STL,X,7.0,line_drive,3,2,2024,-0.23,1.59,0.4421641083518894,2.324312946786006,,,,0,8,Top,54.04,98.57,,,,,2.020228661631536,-144.3542845872064,-9.953323798769915,-3.676551510935904,34.82497901307259,-7.8555132465483375,3.35,1.59,305.0,90.0,22.0,99.8,2458.0,6.7,745944,661388,656555,668930,687401,642715,694192,663368,686217,53.79,0.205,0.232,0.0,1.0,0.0,0.0,3.0,57,7,4-Seam Fastball,3,3,3,3,3,3,3,3,Strategic,Strategic,197.0,0.056,-0.333,72.4,8.6,,0.352,0.333,90.0,0,0,0.49,0.51,30,33,31,33,1,3,4,1,7,1.0,0.74,0.23,0.23,54.6,12.238616320210715,-16.317236030338798,32.95484098883424,39.52729128103542,41.3519129186888,pitcher
FF,2024-09-03,100.0,-0.13,6.5,"Megill, Trevor",571448,656730,,ball,,,,,14.0,,R,R,R,MIL,STL,B,,,2,2,2024,-0.3,1.7,1.0279830738784477,1.4136722706426157,,,,0,8,Top,,,,,,,3.930720828588757,-145.11851414468177,-12.71914778591206,-5.137800629591689,35.03515992025654,-5.381536606445425,3.3925533625751,1.744276234866,,,,100.7,2485.0,6.9,745944,661388,656555,668930,687401,642715,694192,663368,686217,53.62,,,,,,,,57,6,4-Seam Fastball,3,3,3,3,3,3,3,3,Strategic,Strategic,197.0,-0.017,0.107,,,,,-0.107,,0,0,0.507,0.493,30,33,31,33,1,3,4,1,7,1.0,0.6,0.3,0.3,57.8,,,,,,pitcher
FF,2024-09-03,99.0,-0.17,6.53,"Megill, Trevor",571448,656730,,ball,,,,,14.0,,R,R,R,MIL,STL,B,,,1,2,2024,-0.32,1.55,1.3601825863704116,1.888155476509804,,,,0,8,Top,,,,,,,4.966377354978505,-143.79338728702794,-10.94189592829608,-5.632260485375967,33.593203337934895,-8.305294725244853,3.45203190042203,1.71478776155078,,,,99.8,2409.0,6.9,745944,661388,656555,668930,687401,642715,694192,663368,686217,53.64,,,,,,,,57,5,4-Seam Fastball,3,3,3,3,3,3,3,3,Strategic,Strategic,201.0,-0.007,0.04,,,,,-0.04,,0,0,0.514,0.486,30,33,31,33,1,3,4,1,7,1.0,0.79,0.32,0.32,54.7,,,,,,pitcher
FF,2024-09-03,98.9,-0.25,6.66,"Megill, Trevor",571448,656730,,foul,,,,,11.0,,R,R,R,MIL,STL,S,,,1,2,2024,-0.44,1.52,-0.1984623522824493,3.995311997001668,,,,0,8,Top,,,,,,,1.1592374363892173,-143.9598711037343,-5.397309167104978,-6.371366628923579,33.25951440223762,-10.02946728823295,3.35,1.59,99.0,80.8,75.0,99.4,2379.0,6.5,745944,661388,656555,668930,687401,642715,694192,663368,686217,53.97,,,,,,,,57,4,4-Seam Fastball,3,3,3,3,3,3,3,3,Strategic,Strategic,201.0,0.0,0.0,71.5,7.5,,,0.0,88.0,0,0,0.514,0.486,30,33,31,33,1,3,4,1,7,1.0,0.81,0.44,0.44,55.7,16.129747318632898,-10.23363604941638,14.989156642555065,33.47948371851383,34.85560334037795,pitcher
FF,2024-09-03,98.7,-0.1,6.61,"Megill, Trevor",571448,656730,,ball,,,,,12.0,,R,R,R,MIL,STL,B,,,0,2,2024,-0.33,1.65,0.764821374796935,3.859830755413349,,,,0,8,Top,,,,,,,3.142239767867542,-143.56838321249236,-5.906949288765176,-5.268096190744887,34.183758178973775,-8.186830465691736,3.45203190042203,1.744276234866,,,,99.3,2479.0,6.7,745944,661388,656555,668930,687401,642715,694192,663368,686217,53.8,,,,,,,,57,3,4-Seam Fastball,3,3,3,3,3,3,3,3,Strategic,Strategic,204.0,-0.004,0.023,,,,,-0.023,,0,0,0.518,0.482,30,33,31,33,1,3,4,1,7,1.0,0.7,0.33,0.33,55.8,,,,,,pitcher
FF,2024-09-03,98.9,-0.33,6.68,"Megill, Trevor",571448,656730,,foul,,,,,1.0,,R,R,R,MIL,STL,S,,,0,1,2024,-0.24,1.58,-0.3110135297298388,3.1531444213124966,,,,0,8,Top,,,,,,,0.6205601579233617,-143.85662976759562,-7.871952330279058,-3.469910478248712,34.95236970904952,-8.682876573877888,3.35,1.59,248.0,80.6,58.0,99.2,2528.0,6.6,745944,661388,656555,668930,687401,642715,694192,663368,686217,53.92,,,,,,,,57,2,4-Seam Fastball,3,3,3,3,3,3,3,3,Strategic,Strategic,201.0,0.011,-0.054,71.6,7.9,,,0.054,88.0,0,0,0.507,0.493,30,33,31,33,1,3,4,1,7,1.0,0.77,0.24,0.24,55.2,13.818172105632524,-16.510276004623318,29.703421357692623,32.12224186839676,34.75316319626705,pitcher
KC,2024-09-03,87.2,-0.35,6.63,"Megill, Trevor",571448,656730,,called_strike,,,,,5.0,,R,R,R,MIL,STL,S,,,0,0,2024,0.88,-0.56,0.1412712494353457,2.672747407496458,,,,0,8,Top,,,,,,,-0.6301886987129657,-126.99988648919836,-2.171084864520465,9.643844911934456,27.3868943793498,-37.97068329546996,3.45203190042203,1.744276234866,,,,87.3,2783.0,6.4,745944,661388,656555,668930,687401,642715,694192,663368,686217,54.07,,,,,,,,57,1,Knuckle Curve,3,3,3,3,3,3,3,3,Standard,Strategic,20.0,0.007,-0.037,,,,,0.037,,0,0,0.5,0.5,30,33,31,33,1,3,4,1,7,1.0,3.57,-0.88,-0.88,56.8,,,,,,pitcher
FF,2024-08-30,100.2,-0.1,6.79,"Megill, Trevor",663697,656730,strikeout,swinging_strike,,,,,12.0,Jonathan India strikes out swinging.,R,R,R,CIN,MIL,S,2.0,,1,2,2024,-0.36,1.48,0.8536691304932971,2.5633195760496,,,571912.0,2,9,Bot,,,,,,,3.505754515547099,-145.50465635471832,-9.789447233402033,-5.965016672891669,36.96132539142575,-8.988142406600295,3.22,1.46,,,,100.3,2423.0,6.6,746730,661388,641343,655316,687401,642715,694192,663368,686217,53.87,,0.0,0.0,1.0,0.0,0.0,,72,4,4-Seam Fastball,4,4,4,4,4,4,4,4,Standard,Standard,196.0,-0.044,-0.196,72.5,6.5,1.190939796,,0.196,,0,0,0.544,0.544,30,27,31,28,1,4,2,1,4,0.0,0.81,0.36,0.36,61.9,-5.491427360676717,28.39707093071477,32.8139680239347,44.03217948549337,11.711392103444435,pitcher
FF,2024-08-30,99.4,0.02,6.8,"Megill, Trevor",663697,656730,,ball,,,,,12.0,,R,R,R,CIN,MIL,B,,,0,2,2024,-0.43,1.29,0.6482400674252313,4.938123811848019,,,571912.0,2,9,Bot,,,,,,,2.7451730157426426,-144.78071357854805,-2.7446363880555804,-6.701996459402609,33.7431722325039,-13.59056527330833,3.28211492943296,1.41176528561287,,,,99.9,2437.0,6.5,746730,661388,641343,655316,687401,642715,694192,663368,686217,54.0,,,,,,,,72,3,4-Seam Fastball,4,4,4,4,4,4,4,4,Strategic,Standard,203.0,0.006,0.027,,,,,-0.027,,0,0,0.538,0.538,30,27,31,28,1,4,2,1,4,0.0,1.01,0.43,0.43,54.8,,,,,,pitcher
FF,2024-08-30,98.8,0.04,6.64,"Megill, Trevor",663697,656730,,foul,,,,,12.0,,R,R,R,CIN,MIL,S,,,0,1,2024,-0.13,1.48,0.8592966658645096,2.4125737275850296,,,571912.0,2,9,Bot,,,,,,,2.564673233545089,-143.58337020241743,-9.548628779650985,-2.45811667790262,33.68409165761454,-9.652187592727248,3.22,1.46,,,,99.1,2429.0,6.6,746730,661388,641343,655316,687401,642715,694192,663368,686217,53.92,,,,,,,,72,2,4-Seam Fastball,4,4,4,4,4,4,4,4,Standard,Standard,202.0,-0.016,-0.054,72.4,7.6,,,0.054,,0,0,0.554,0.554,30,27,31,28,1,4,2,1,4,0.0,0.86,0.13,0.13,55.9,8.92509342852617,2.276386722144615,27.08469506158294,46.42315898994688,25.021232496126693,pitcher
FF,2024-08-30,99.0,-0.18,6.74,"Megill, Trevor",663697,656730,,called_strike,,,,,5.0,,R,R,R,CIN,MIL,S,,,0,0,2024,-0.34,1.45,-0.1188670941235753,2.5388469485928367,,,571912.0,2,9,Bot,,,,,,,0.9745641258953764,-143.98746269213237,-9.493270295146454,-5.027790510926055,30.73687673177724,-10.092788194781056,3.21024802008375,1.40637537490188,,,,99.8,2448.0,6.6,746730,661388,641343,655316,687401,642715,694192,663368,686217,53.91,,,,,,,,72,1,4-Seam Fastball,4,4,4,4,4,4,4,4,Strategic,Standard,200.0,-0.009,-0.047,,,,,0.047,,0,0,0.563,0.563,30,27,31,28,1,4,2,1,4,0.0,0.87,0.34,0.34,54.0,,,,,,pitcher
FF,2024-08-30,97.9,-0.32,6.75,"Megill, Trevor",571912,656730,single,hit_into_play,,,,,5.0,Luke Maile singles on a ground ball to center fielder Blake Perkins.,R,R,R,CIN,MIL,X,8.0,ground_ball,0,0,2024,-0.44,1.32,0.0845923833908067,2.2805288076173484,,,,2,9,Bot,107.82,87.23,,,,,2.120624821229078,-142.43246440502824,-9.678547522509204,-6.52586872753314,30.806948872973823,-12.265703598566446,3.22,1.5,132.0,97.8,7.0,98.7,2402.0,6.6,746730,661388,641343,655316,687401,642715,694192,663368,686217,53.91,0.587,0.539,0.9,1.0,1.0,0.0,4.0,71,1,4-Seam Fastball,4,4,4,4,4,4,4,4,Standard,Standard,199.0,0.027,0.333,67.1,6.4,,0.662,-0.333,97.8,0,0,0.536,0.536,30,33,31,33,1,3,2,6,4,1.0,1.05,0.44,0.44,55.2,8.470709695284109,6.072350313748024,34.66051218255284,35.51527762132709,26.48251811650564,pitcher
FF,2024-08-30,96.7,-0.16,6.8,"Megill, Trevor",666181,656730,field_out,hit_into_play,,,,,1.0,Will Benson pops out to third baseman Joey Ortiz.,R,L,R,CIN,MIL,X,5.0,popup,3,1,2024,-0.24,1.44,-0.6336374950174841,3.223408992317361,,,,1,9,Bot,96.3,146.02,,,,,-0.7268779210469813,-140.70978363687615,-7.301987927525854,-2.9768971511794486,32.31047904049662,-11.54569820044645,3.65,1.76,161.0,95.3,69.0,97.2,2362.0,6.6,746730,661388,641343,655316,687401,642715,694192,663368,686217,53.92,0.005,0.005,0.0,1.0,0.0,0.0,3.0,70,5,4-Seam Fastball,4,4,4,4,4,4,4,4,Strategic,Standard,200.0,-0.067,-0.424,74.1,8.3,,0.005,0.424,95.3,0,0,0.603,0.603,30,26,31,26,1,3,2,1,4,1.0,1.0,0.24,-0.24,56.0,15.274047546380991,-4.732855204694795,27.24225552594829,47.46482093495118,23.278441069557022,pitcher
FF,2024-08-30,97.5,-0.2,6.79,"Megill, Trevor",666181,656730,,ball,,,,,11.0,,R,L,R,CIN,MIL,B,,,2,1,2024,-0.27,1.39,-0.7289566017062682,4.536203600318581,,,,1,9,Bot,,,,,,,-0.8013635260263214,-142.1332418038235,-3.8106713771644105,-3.558817711081998,30.37190159125204,-12.616855707226998,3.65158608817274,1.75529566542252,,,,98.1,2476.0,6.4,746730,661388,641343,655316,687401,642715,694192,663368,686217,54.14,,,,,,,,70,4,4-Seam Fastball,4,4,4,4,4,4,4,4,Strategic,Standard,194.0,0.016,0.122,,,,,-0.122,,0,0,0.587,0.587,30,26,31,26,1,3,2,1,4,1.0,0.99,0.27,-0.27,55.5,,,,,,pitcher
KC,2024-08-30,85.9,-0.28,6.87,"Megill, Trevor",666181,656730,,ball,,,,,14.0,,R,L,R,CIN,MIL,B,,,1,1,2024,0.69,-0.6,1.1366762839119675,1.9702522726857463,,,,1,9,Bot,,,,,,,1.968841816809199,-125.3056682554349,-4.268315614224783,6.985373146688461,21.119006176358766,-38.05830406581525,3.50515789577968,1.69836112916065,,,,86.8,2813.0,6.4,746730,661388,641343,655316,687401,642715,694192,663368,686217,54.12,,,,,,,,70,3,Knuckle Curve,4,4,4,4,4,4,4,4,Standard,Standard,13.0,0.007,0.059,,,,,-0.059,,0,0,0.58,0.58,30,26,31,26,1,3,2,1,4,1.0,3.64,-0.69,0.69,56.9,,,,,,pitcher
KC,2024-08-30,88.0,-0.08,6.76,"Megill, Trevor",666181,656730,,ball,,,,,14.0,,R,L,R,CIN,MIL,B,,,0,1,2024,0.08,-0.49,0.7149035922811373,0.6766529996967172,,,,1,9,Bot,,,,,,,1.7673352538712157,-128.1704579595984,-7.765114987377182,0.5789321165630933,23.57403455396867,-36.33770346631597,3.64999889775472,1.74928289639403,,,,88.9,2870.0,6.5,746730,661388,641343,655316,687401,642715,694192,663368,686217,53.95,,,,,,,,70,2,Knuckle Curve,4,4,4,4,4,4,4,4,Strategic,Standard,9.0,0.005,0.024,,,,,-0.024,,0,0,0.575,0.575,30,26,31,26,1,3,2,1,4,1.0,3.4,-0.08,0.08,60.0,,,,,,pitcher
FF,2024-08-30,98.0,-0.14,6.75,"Megill, Trevor",666181,656730,,called_strike,,,,,7.0,,R,L,R,CIN,MIL,S,,,0,0,2024,-0.38,1.41,-0.5288680920835095,1.9809846245751876,,,,1,9,Bot,,,,,,,-0.1690893999926276,-142.49045885340956,-10.74331721545988,-5.124076633414669,31.105639466640557,-10.68387145694553,3.65000149610569,1.80169903589707,,,,98.6,2440.0,6.6,746730,661388,641343,655316,687401,642715,694192,663368,686217,53.92,,,,,,,,70,1,4-Seam Fastball,4,4,4,4,4,4,4,4,Strategic,Standard,198.0,-0.007,-0.037,,,,,0.037,,0,0,0.582,0.582,30,26,31,26,1,3,2,1,4,1.0,0.95,0.38,-0.38,55.3,,,,,,pitcher
FF,2024-08-30,97.9,-0.13,6.85,"Megill, Trevor",669289,656730,field_out,hit_into_play,,,,,1.0,Santiago Espinal flies out to right fielder Sal Frelick.,R,R,R,CIN,MIL,X,9.0,fly_ball,2,1,2024,-0.4,1.4,-0.4867343801927862,2.969861571583853,,,,0,9,Bot,185.56,126.33,,,,,-0.0305109548125173,-142.41242560081648,-8.252397281046848,-5.490344347917424,31.950032229607896,-11.485702044528391,3.29,1.51,235.0,78.9,48.0,98.3,2389.0,6.5,746730,661388,641343,655316,687401,642715,694192,663368,686217,54.01,0.061,0.062,0.0,1.0,0.0,0.0,3.0,69,4,4-Seam Fastball,4,4,4,4,4,4,4,4,Standard,Standard,197.0,-0.064,-0.296,65.0,7.1,,0.082,0.296,88.0,0,0,0.646,0.646,30,29,31,30,1,3,2,1,4,0.0,0.98,0.4,0.4,55.5,8.236960566802992,6.57794551032875,34.39387672301368,30.06673568170364,23.77313658334996,pitcher
FF,2024-08-30,98.1,-0.38,6.75,"Megill, Trevor",669289,656730,,ball,,,,,11.0,,R,R,R,CIN,MIL,B,,,1,1,2024,-0.44,1.26,-0.8452275049002078,4.102106989254569,,,,0,9,Bot,,,,,,,-0.2273921515435923,-142.85325392005473,-4.609727007713459,-6.044559279056094,32.10210125190166,-14.122679197801736,3.28999910529906,1.52667470925322,,,,98.5,2363.0,6.4,746730,661388,641343,655316,687401,642715,694192,663368,686217,54.08,,,,,,,,69,3,4-Seam Fastball,4,4,4,4,4,4,4,4,Standard,Standard,200.0,0.01,0.053,,,,,-0.053,,0,0,0.636,0.636,30,29,31,30,1,3,2,1,4,0.0,1.1,0.44,0.44,55.0,,,,,,pitcher
KC,2024-08-30,85.4,-0.45,6.8,"Megill, Trevor",669289,656730,,called_strike,,,,,1.0,,R,R,R,CIN,MIL,S,,,1,0,2024,0.6,-0.44,-0.3436376049287315,3.3294281460356063,,,,0,9,Bot,,,,,,,-0.9713644563476802,-124.54998326648654,-1.088184652985303,6.506085836581205,22.64441335774709,-36.78640484274584,3.29000068042934,1.50334821891969,,,,86.1,2765.0,6.4,746730,661388,641343,655316,687401,642715,694192,663368,686217,54.07,,,,,,,,69,2,Knuckle Curve,4,4,4,4,4,4,4,4,Standard,Standard,22.0,-0.01,-0.049,,,,,0.049,,0,0,0.646,0.646,30,29,31,30,1,3,2,1,4,0.0,3.53,-0.6,-0.6,52.4,,,,,,pitcher
FF,2024-08-30,97.2,-0.14,6.82,"Megill, Trevor",669289,656730,,ball,,,,,11.0,,R,R,R,CIN,MIL,B,,,0,0,2024,-0.64,1.27,-0.239387893366407,3.7541071983623606,,,,0,9,Bot,,,,,,,1.2029691334097543,-141.47823021905185,-5.638636230433377,-8.890926029285959,32.29037868535635,-13.980035408903664,3.39043224088188,1.53098528915698,,,,97.6,2528.0,6.5,746730,661388,641343,655316,687401,642715,694192,663368,686217,54.0,,,,,,,,69,1,4-Seam Fastball,4,4,4,4,4,4,4,4,Standard,Standard,202.0,0.007,0.038,,,,,-0.038,,0,0,0.639,0.639,30,29,31,30,1,3,2,1,4,0.0,1.14,0.64,0.64,61.0,,,,,,pitcher
FF,2024-08-28,99.0,-0.13,6.63,"Megill, Trevor",687529,656730,grounded_into_double_play,hit_into_play,,,,,6.0,"Grant McCray grounds into a double play, pitcher Trevor Megill to second baseman Brice Turang to shortstop Willy Adames to first baseman Rhys Hoskins. Thairo Estrada out at 2nd. Grant McCray out at 1st.",R,L,R,MIL,SF,X,1.0,ground_ball,1,2,2024,-0.24,1.55,0.6099566661503104,2.5837251606441045,,,642731.0,1,7,Top,144.66,150.9,,,,,2.611614006321564,-143.93416270855278,-9.263149931120571,-4.004532114744703,34.207147356501,-8.657967567747729,3.6,1.67,13.0,93.2,-10.0,99.5,2426.0,6.7,745943,661388,656555,668930,687401,642715,694192,663368,686217,53.81,0.263,0.243,0.0,1.0,0.0,0.0,2.0,51,4,4-Seam Fastball,5,1,1,5,1,5,1,5,Strategic,Standard,195.0,0.026,-0.244,69.7,5.9,,0.309,0.244,93.2,4,-4,0.945,0.055,30,23,31,24,1,2,5,1,2,1.0,0.78,0.24,-0.24,56.6,-4.703465919602164,11.699387819556163,36.55234478744447,27.29268909124617,23.486318640150937,pitcher
FF,2024-08-28,96.4,-0.39,6.69,"Megill, Trevor",687529,656730,,called_strike,,,,,1.0,,R,L,R,MIL,SF,S,,,1,1,2024,-0.48,1.5,-0.6058809312469788,3.725427203882999,,,642731.0,1,7,Top,,,,,,,0.5080002889335073,-140.30751912234382,-5.727934409202977,-6.427588571308031,33.008649181282244,-11.250090500901306,3.75827606381062,1.71615060653927,,,,96.5,2330.0,6.5,745943,661388,656555,668930,687401,642715,694192,663368,686217,54.05,,,,,,,,51,3,4-Seam Fastball,5,1,1,5,1,5,1,5,Standard,Standard,195.0,0.005,-0.059,,,,,0.059,,4,-4,0.94,0.06,30,23,31,24,1,2,5,1,2,1.0,0.96,0.48,-0.48,56.3,,,,,,pitcher
FF,2024-08-28,98.0,-0.31,6.63,"Megill, Trevor",687529,656730,,swinging_strike,,,,,12.0,,R,L,R,MIL,SF,S,,,1,0,2024,-0.38,1.48,0.0035263148434171,3.972651518241539,,,642731.0,1,7,Top,,,,,,,1.7537168661611138,-142.72077983440025,-5.108079915274395,-5.643274618301887,34.03170730234788,-11.05751847650413,3.6,1.67,,,,98.3,2461.0,6.5,745943,661388,656555,668930,687401,642715,694192,663368,686217,54.0,,,,,,,,51,2,4-Seam Fastball,5,1,1,5,1,5,1,5,Standard,Standard,197.0,0.004,-0.047,32.5,4.6,4.055379108,,0.047,,4,-4,0.936,0.064,30,23,31,24,1,2,5,1,2,1.0,0.9,0.38,-0.38,54.0,-4.982435332155298,49.3690284542052,30.924807815246048,35.68662910027434,1.308076251668976,pitcher
KC,2024-08-28,85.3,-0.46,6.53,"Megill, Trevor",687529,656730,,ball,,,,,14.0,,R,L,R,MIL,SF,B,,,0,0,2024,0.31,-0.76,1.3280196739987955,1.329985176752147,,,642731.0,1,7,Top,,,,,,,3.578677842244359,-124.1890202830066,-4.386530551435219,2.498039233335569,25.809391525447023,-39.313577200408254,3.79178115566421,1.74955079210864,,,,85.4,2696.0,6.4,745943,661388,656555,668930,687401,642715,694192,663368,686217,54.1,,,,,,,,51,1,Knuckle Curve,5,1,1,5,1,5,1,5,Standard,Standard,21.0,-0.003,0.036,,,,,-0.036,,4,-4,0.939,0.061,30,23,31,24,1,2,5,1,2,1.0,3.9,-0.31,0.31,54.6,,,,,,pitcher
FF,2024-08-28,98.6,-0.23,6.48,"Megill, Trevor",642731,656730,single,hit_into_play,,,,,4.0,Thairo Estrada singles on a ground ball to third baseman Joey Ortiz. Matt Chapman scores.,R,R,R,MIL,SF,X,5.0,ground_ball,0,1,2024,-0.57,1.41,-0.6935673617570008,2.2545606380248966,656305.0,,,1,7,Top,88.32,164.63,,,,,0.0724192853743129,-143.3424401083434,-9.357745951573849,-7.828619028647849,33.96254770182931,-10.80791498838791,3.33,1.66,6.0,88.4,-20.0,99.2,2491.0,6.7,745943,661388,656555,668930,687401,642715,694192,663368,686217,53.77,0.077,0.069,0.9,1.0,1.0,0.0,2.0,50,2,4-Seam Fastball,5,0,0,5,1,5,1,5,Standard,Standard,201.0,-0.023,0.494,64.7,6.7,,0.099,-0.494,88.4,5,-5,0.962,0.038,30,28,31,28,1,2,5,1,2,1.0,0.95,0.57,0.57,55.0,6.426921062404611,-6.298206373212337,34.52437796267619,25.35445449664008,31.874705605437256,pitcher
FF,2024-08-28,98.8,-0.14,6.58,"Megill, Trevor",642731,656730,,called_strike,,,,,6.0,,R,R,R,MIL,SF,S,,,0,0,2024,-0.36,1.33,0.7813363140314089,2.35869643927489,656305.0,,,1,7,Top,,,,,,,3.367141887259966,-143.69489150635383,-9.216109442210891,-5.749248412779807,32.37087922271132,-11.780101745660728,3.42078104047181,1.61257351927275,,,,99.5,2458.0,6.6,745943,661388,656555,668930,687401,642715,694192,663368,686217,53.87,,,,,,,,50,1,4-Seam Fastball,5,0,0,5,0,5,0,5,Standard,Standard,198.0,0.003,-0.049,,,,,0.049,,5,-5,0.959,0.041,30,28,31,28,1,2,5,1,2,1.0,1.0,0.36,0.36,56.9,,,,,,pitcher
KC,2024-08-28,85.9,-0.25,6.64,"Megill, Trevor",573262,656730,field_out,hit_into_play,,,,,13.0,"Mike Yastrzemski grounds out, first baseman Rhys Hoskins to pitcher Trevor Megill. Matt Chapman to 3rd.",R,L,R,MIL,SF,X,3.0,ground_ball,1,2,2024,0.12,-0.64,-0.6448465315009191,1.4689827399922653,,656305.0,,0,7,Top,158.88,164.12,,,,,-1.1968743933059327,-125.05437979033468,-4.678220504494172,1.544909868304354,26.52192011663393,-38.14584036547938,3.38,1.64,9.0,69.1,-9.0,86.1,2787.0,6.5,745943,661388,656555,668930,687401,642715,694192,663368,686217,54.01,0.048,0.061,0.0,1.0,0.0,0.0,2.0,49,6,Knuckle Curve,5,0,0,5,0,5,0,5,Standard,Standard,25.0,0.009,-0.123,67.0,8.2,,0.048,0.123,88.0,5,-5,0.95,0.05,30,33,31,34,1,2,5,1,2,2.0,3.74,-0.12,0.12,57.2,11.171067246356126,-17.494675074908244,32.91695188462486,40.83297827780897,37.239291510546536,pitcher
FF,2024-08-28,100.1,-0.08,6.6,"Megill, Trevor",573262,656730,,foul,,,,,6.0,,R,L,R,MIL,SF,S,,,1,2,2024,-0.41,1.47,0.2828101643779866,2.496465639437925,,656305.0,,0,7,Top,,,,,,,1.9844898966615896,-145.50101982144926,-9.460073443839692,-6.236240918172364,34.54207112062329,-9.24677041511163,3.38,1.64,217.0,75.4,38.0,100.6,2450.0,6.7,745943,661388,656555,668930,687401,642715,694192,663368,686217,53.84,,,,,,,,49,5,4-Seam Fastball,5,0,0,5,0,5,0,5,Standard,Standard,198.0,0.0,0.0,69.3,7.3,,,0.0,88.0,5,-5,0.95,0.05,30,33,31,34,1,2,5,1,2,2.0,0.81,0.41,-0.41,56.5,6.736145904618668,-5.042279713512836,32.96665731303235,30.20283837506785,25.969327143374123,pitcher
FF,2024-08-28,99.2,-0.17,6.62,"Megill, Trevor",573262,656730,,foul,,,,,5.0,,R,L,R,MIL,SF,S,,,1,2,2024,-0.42,1.46,-0.1541593360220264,2.33286234322486,,656305.0,,0,7,Top,,,,,,,1.0356804096303265,-144.26810692097038,-9.789406960368812,-6.047219050453101,33.41812794458751,-9.730572331944948,3.38,1.64,210.0,78.2,29.0,99.8,2415.0,6.7,745943,661388,656555,668930,687401,642715,694192,663368,686217,53.83,,,,,,,,49,4,4-Seam Fastball,5,0,0,5,0,5,0,5,Standard,Standard,198.0,0.0,0.0,72.2,6.9,,,0.0,88.0,5,-5,0.95,0.05,30,33,31,34,1,2,5,1,2,2.0,0.86,0.42,-0.42,55.9,-3.6988431156675374,14.302173687342597,31.22173150262297,34.97369183363014,21.095836472877437,pitcher
FF,2024-08-28,98.4,-0.16,6.68,"Megill, Trevor",573262,656730,,called_strike,,,,,5.0,,R,L,R,MIL,SF,S,,,1,1,2024,-0.31,1.55,0.1034672344564239,2.732997723774752,,656305.0,,0,7,Top,,,,,,,1.4302437947101545,-143.11446605464863,-8.849176558382576,-4.57688813527344,33.187262070024055,-9.100916148238015,3.49696668845577,1.55085410272434,,,,98.7,2426.0,6.5,745943,661388,656555,668930,687401,642715,694192,663368,686217,54.02,,,,,,,,49,3,4-Seam Fastball,5,0,0,5,0,5,0,5,Standard,Standard,199.0,0.005,-0.073,,,,,0.073,,5,-5,0.945,0.055,30,33,31,34,1,2,5,1,2,2.0,0.81,0.31,-0.31,56.0,,,,,,pitcher
FF,2024-08-28,98.4,-0.29,6.64,"Megill, Trevor",573262,656730,,ball,,,,,11.0,,R,L,R,MIL,SF,B,,,0,1,2024,-0.6,1.44,-0.595087080592611,3.944539516590624,,656305.0,,0,7,Top,,,,,,,0.5670648238669926,-143.32236823596486,-5.213428106179453,-8.41609005097934,33.70226910937642,-11.302629436418616,3.45859180567827,1.54979473357727,,,,98.8,2398.0,6.5,745943,661388,656555,668930,687401,642715,694192,663368,686217,54.01,,,,,,,,49,2,4-Seam Fastball,5,0,0,5,0,5,0,5,Standard,Standard,201.0,-0.002,0.036,,,,,-0.036,,5,-5,0.947,0.053,30,33,31,34,1,2,5,1,2,2.0,0.91,0.6,-0.6,55.8,,,,,,pitcher
FF,2024-08-28,99.0,-0.19,6.67,"Megill, Trevor",573262,656730,,called_strike,,,,,3.0,,R,L,R,MIL,SF,S,,,0,0,2024,-0.55,1.44,0.5739995036370877,3.437274326512959,,656305.0,,0,7,Top,,,,,,,3.388983420060704,-144.08592451157216,-6.78479178188312,-8.405661421646004,33.07543033434618,-10.760483137241254,3.51768022786022,1.53386421320374,,,,99.6,2399.0,6.6,745943,661388,656555,668930,687401,642715,694192,663368,686217,53.94,,,,,,,,49,1,4-Seam Fastball,5,0,0,5,0,5,0,5,Standard,Standard,196.0,0.003,-0.035,,,,,0.035,,5,-5,0.944,0.056,30,33,31,34,1,2,5,1,2,2.0,0.88,0.55,-0.55,56.1,,,,,,pitcher
FF,2024-08-28,97.6,-0.29,6.63,"Megill, Trevor",656305,656730,double,hit_into_play,,,,,5.0,Matt Chapman doubles (32) on a sharp line drive to center fielder Blake Perkins.,R,R,R,MIL,SF,X,8.0,line_drive,1,1,2024,-0.36,1.5,0.127157235171873,2.423559099731404,,,,0,7,Top,162.4,51.97,,,,,1.9664382993968716,-141.95787518298454,-9.288475507776594,-5.332047700307737,32.87146587478165,-10.025734054126918,3.46,1.63,375.0,108.3,17.0,98.1,2454.0,6.6,745943,661388,656555,668930,687401,642715,694192,663368,686217,53.89,0.463,0.6762631578947369,1.25,1.0,1.0,1.0,6.0,48,3,4-Seam Fastball,5,0,0,5,0,5,0,5,Standard,Standard,195.0,-0.024,0.705,79.8,7.1,,1.198,-0.705,108.3,5,-5,0.968,0.032,30,31,31,31,1,2,5,1,2,1.0,0.9,0.36,0.36,56.9,4.429184100131253,13.15171539210742,24.935420623568685,41.14439944886128,20.808170884323108,pitcher
KC,2024-08-28,86.0,-0.24,6.67,"Megill, Trevor",656305,656730,,ball,,,,,14.0,,R,R,R,MIL,SF,B,,,0,1,2024,0.35,-0.78,0.8064123941982072,0.6476305838893741,,,,0,7,Top,,,,,,,1.7732314816574408,-125.15675083276012,-6.413127760047382,3.2594624956900957,26.646300466793992,-39.19863247069716,3.54133399365698,1.57952145691928,,,,85.8,2933.0,6.3,745943,661388,656555,668930,687401,642715,694192,663368,686217,54.21,,,,,,,,48,2,Knuckle Curve,5,0,0,5,0,5,0,5,Standard,Standard,22.0,-0.002,0.025,,,,,-0.025,,5,-5,0.97,0.03,30,31,31,31,1,2,5,1,2,1.0,3.88,-0.35,-0.35,57.6,,,,,,pitcher
KC,2024-08-28,86.2,-0.22,6.64,"Megill, Trevor",656305,656730,,called_strike,,,,,14.0,,R,R,R,MIL,SF,S,,,0,0,2024,0.47,-0.75,0.9665520201510596,1.4874150159367496,,,,0,7,Top,,,,,,,1.87729754221154,-125.5567897422608,-4.492107951831944,4.553560068570444,26.712159041628556,-39.33041542424336,3.5433755293597,1.65929097909566,,,,86.4,2819.0,6.5,745943,661388,656555,668930,687401,642715,694192,663368,686217,54.0,,,,,,,,48,1,Knuckle Curve,5,0,0,5,0,5,0,5,Standard,Standard,14.0,0.002,-0.037,,,,,0.037,,5,-5,0.968,0.032,30,31,31,31,1,2,5,1,2,1.0,3.82,-0.47,-0.47,56.5,,,,,,pitcher
FF,2024-08-23,97.6,-0.21,6.76,"Megill, Trevor",669127,656730,field_out,hit_into_play,,,,,5.0,Shea Langeliers flies out to right fielder Sal Frelick.,R,R,R,ATH,MIL,X,9.0,fly_ball,1,0,2024,-0.55,1.68,0.1983582126215425,2.316854523919684,,,,2,8,Bot,155.72,93.02,,,,,2.3906621380800703,-141.714266515668,-10.286399155024847,-7.995783338611286,35.05645008473692,-7.386064298834619,3.27,1.52,274.0,94.2,50.0,97.6,2397.0,6.6,745625,661388,656555,655316,687401,642715,694192,663368,686217,53.93,0.003,0.003,0.0,1.0,0.0,0.0,3.0,69,2,4-Seam Fastball,3,7,3,7,7,3,3,7,Strategic,Standard,198.0,-0.005,-0.295,77.9,7.5,,0.004,0.295,94.2,-4,-4,0.02,0.02,30,26,31,27,1,3,2,1,5,1.0,0.74,0.55,0.55,57.4,7.960027747177985,-0.5164296710372076,26.761827312657623,41.95870931801449,35.919099400102795,pitcher
FF,2024-08-23,97.9,-0.18,6.84,"Megill, Trevor",669127,656730,,ball,,,,,12.0,,R,R,R,ATH,MIL,B,,,0,0,2024,-0.6,1.63,1.1541410531345195,3.109874385442546,,,,2,8,Bot,,,,,,,5.005589074708901,-142.27189142235198,-8.308735060832062,-9.376556245594296,34.23291316041519,-8.34700637025633,3.3662700681999,1.58825816710038,,,,97.9,2421.0,6.5,745625,661388,656555,655316,687401,642715,694192,663368,686217,54.04,,,,,,,,69,1,4-Seam Fastball,3,7,3,7,7,3,3,7,Strategic,Standard,192.0,0.001,0.04,,,,,-0.04,,-4,-4,0.019,0.019,30,26,31,27,1,3,2,1,5,1.0,0.77,0.6,0.6,55.9,,,,,,pitcher
FF,2024-08-23,97.6,-0.2,6.78,"Megill, Trevor",609280,656730,field_out,hit_into_play,,,,,11.0,Miguel Andujar flies out to right fielder Sal Frelick.,R,R,R,ATH,MIL,X,9.0,fly_ball,0,2,2024,-0.66,1.52,-0.2242691033927462,3.915715245909592,,,,1,8,Bot,188.0,86.82,,,,,1.4608450624142553,-142.04242019502547,-5.704304736206346,-9.206907860249911,34.11595392604456,-10.536545559825878,3.39,1.64,318.0,92.0,27.0,97.8,2389.0,6.5,745625,661388,656555,655316,687401,642715,694192,663368,686217,54.0,0.118,0.161,0.0,1.0,0.0,0.0,3.0,68,3,4-Seam Fastball,3,7,3,7,7,3,3,7,Strategic,Standard,197.0,-0.005,-0.162,60.3,6.0,,0.27,0.162,92.0,-4,-4,0.024,0.024,30,29,31,29,1,3,2,1,5,1.0,0.88,0.66,0.66,60.2,6.19846407349547,21.330930123644958,16.514321895410983,35.476409150235284,22.831885823975885,pitcher
FF,2024-08-23,98.2,-0.18,6.78,"Megill, Trevor",609280,656730,,foul,,,,,9.0,,R,R,R,ATH,MIL,S,,,0,1,2024,-0.32,1.72,0.4895942282140142,1.859228491513405,,,,1,8,Bot,,,,,,,2.581380525467378,-142.55453127675375,-11.862269986205808,-5.013366949263538,32.102421111961306,-6.219933092802382,3.39,1.64,225.0,74.3,46.0,98.6,2359.0,6.6,745625,661388,656555,655316,687401,642715,694192,663368,686217,53.88,,,,,,,,68,2,4-Seam Fastball,3,7,3,7,7,3,3,7,Strategic,Standard,198.0,-0.003,-0.057,66.1,7.5,,,0.057,88.0,-4,-4,0.027,0.027,30,29,31,29,1,3,2,1,5,1.0,0.65,0.32,0.32,62.7,-9.180164640083747,11.010891179242398,30.12498206393401,44.85757810180119,16.006079251812373,pitcher
FF,2024-08-23,97.7,-0.22,6.72,"Megill, Trevor",609280,656730,,foul,,,,,6.0,,R,R,R,ATH,MIL,S,,,0,0,2024,-0.61,1.49,0.6485355564774682,2.8085705136676973,,,,1,8,Bot,,,,,,,3.740692810137229,-141.99330495831396,-8.448535614609685,-9.067668667626252,34.31054383631682,-10.306837218737,3.39,1.64,236.0,80.8,49.0,97.8,2348.0,6.5,745625,661388,656555,655316,687401,642715,694192,663368,686217,53.95,,,,,,,,68,1,4-Seam Fastball,3,7,3,7,7,3,3,7,Standard,Standard,195.0,-0.001,-0.037,67.9,6.8,,,0.037,88.0,-4,-4,0.028,0.028,30,29,31,29,1,3,2,1,5,1.0,0.92,0.61,0.61,58.7,-6.36318323560702,23.48927492347572,24.050967135115737,47.29797052246909,18.124317126575285,pitcher
FF,2024-08-23,97.9,-0.07,6.83,"Megill, Trevor",668709,656730,strikeout,foul_tip,,,,,12.0,JJ Bleday strikes out on a foul tip.,R,L,R,ATH,MIL,S,2.0,,1,2,2024,-0.53,1.53,0.322970316736682,3.5995160492479923,,,,0,8,Bot,,,,,,,2.2927846821924907,-142.47354329875452,-6.763285909956629,-7.733935455158645,35.16651479403868,-9.937268340522014,3.2,1.56,,,,98.1,2343.0,6.6,745625,661388,656555,655316,687401,642715,694192,663368,686217,53.92,,0.0,0.0,1.0,0.0,0.0,,67,7,4-Seam Fastball,3,7,3,7,7,3,3,7,Strategic,Standard,202.0,-0.011,-0.186,68.1,6.2,,,0.186,,-4,-4,0.039,0.039,30,26,31,27,1,3,2,2,5,1.0,0.86,0.53,-0.53,55.0,4.420669827835688,5.0294609905815335,21.549317085801743,35.628377607668405,21.21131760237312,pitcher
FF,2024-08-23,98.0,-0.23,6.76,"Megill, Trevor",668709,656730,,foul,,,,,6.0,,R,L,R,ATH,MIL,S,,,1,2,2024,-0.48,1.6,0.2843925756333775,2.680465191838797,,,,0,8,Bot,,,,,,,2.51932945885224,-142.45415036632335,-9.242598993376236,-7.159583977281351,33.960622337397005,-8.516727711469862,3.2,1.56,245.0,74.4,38.0,98.3,2396.0,6.6,745625,661388,656555,655316,687401,642715,694192,663368,686217,53.91,,,,,,,,67,6,4-Seam Fastball,3,7,3,7,7,3,3,7,Strategic,Standard,198.0,0.0,0.0,69.6,6.7,,,0.0,88.0,-4,-4,0.039,0.039,30,26,31,27,1,3,2,2,5,1.0,0.79,0.48,-0.48,56.4,2.8139081193773694,-0.338237817984071,31.213697018723774,36.79460850590979,21.01387918683452,pitcher
KC,2024-08-23,85.3,-0.35,6.77,"Megill, Trevor",668709,656730,,foul,,,,,8.0,,R,L,R,ATH,MIL,S,,,1,2,2024,0.43,-0.93,0.1038581434595699,1.8471981729191904,,,,0,8,Bot,,,,,,,0.1986797973493872,-124.16433812031292,-3.3696572601803627,4.387036748515573,26.355185290535477,-41.27048476006546,3.2,1.56,3.0,67.5,-36.0,85.2,2841.0,6.4,745625,661388,656555,655316,687401,642715,694192,663368,686217,54.15,,,,,,,,67,5,Knuckle Curve,3,7,3,7,7,3,3,7,Strategic,Standard,26.0,0.0,0.0,64.0,7.8,,,0.0,88.0,-4,-4,0.039,0.039,30,26,31,27,1,3,2,2,5,1.0,4.08,-0.43,0.43,55.5,19.39312189064375,-7.840083308892258,33.34266044406837,37.98935926312396,31.577840468327288,pitcher
FF,2024-08-23,97.7,-0.07,6.77,"Megill, Trevor",668709,656730,,foul,,,,,12.0,,R,L,R,ATH,MIL,S,,,1,2,2024,-0.34,1.58,1.0303332864062384,3.420237249916111,,,,0,8,Bot,,,,,,,3.742383344326464,-142.19407278541655,-7.221131520122759,-5.384169937383528,30.865720011024045,-9.282372826346874,3.2,1.56,179.0,76.3,17.0,98.3,2360.0,6.5,745625,661388,656555,655316,687401,642715,694192,663368,686217,53.99,,,,,,,,67,4,4-Seam Fastball,3,7,3,7,7,3,3,7,Strategic,Standard,195.0,0.0,0.0,65.0,5.9,,,0.0,88.0,-4,-4,0.039,0.039,30,26,31,27,1,3,2,2,5,1.0,0.8,0.34,-0.34,56.2,-0.6158114797563022,0.2109846964766263,25.007140393445518,27.520148538474373,19.94015567221206,pitcher
FF,2024-08-23,96.6,-0.2,6.76,"Megill, Trevor",668709,656730,,foul,,,,,6.0,,R,L,R,ATH,MIL,S,,,1,1,2024,-0.45,1.61,0.6532402714361709,2.599472286074741,,,,0,8,Bot,,,,,,,3.313233640968036,-140.51708282363106,-9.249461470439265,-6.730654923522015,29.784909368495907,-8.936911476742914,3.2,1.56,167.0,64.1,53.0,97.3,2355.0,6.6,745625,661388,656555,655316,687401,642715,694192,663368,686217,53.93,,,,,,,,67,3,4-Seam Fastball,3,7,3,7,7,3,3,7,Standard,Standard,198.0,-0.004,-0.056,67.5,6.4,,,0.056,88.0,-4,-4,0.043,0.043,30,26,31,27,1,3,2,2,5,1.0,0.82,0.45,-0.45,56.2,-5.853148207484305,4.017124410878589,36.41909939028522,32.14568255167814,16.42493630472131,pitcher
FF,2024-08-23,98.0,-0.28,6.84,"Megill, Trevor",668709,656730,,ball,,,,,12.0,,R,L,R,ATH,MIL,B,,,0,1,2024,-0.4,1.47,0.0433207574955739,4.665428325680866,,,,0,8,Bot,,,,,,,1.7996975785414535,-142.77534891841674,-3.829377764541911,-5.905481415965994,32.44137697181191,-11.361145413613269,3.18427215204833,1.62466630921511,,,,98.5,2420.0,6.5,745625,661388,656555,655316,687401,642715,694192,663368,686217,54.02,,,,,,,,67,2,4-Seam Fastball,3,7,3,7,7,3,3,7,Standard,Standard,199.0,0.001,0.025,,,,,-0.025,,-4,-4,0.042,0.042,30,26,31,27,1,3,2,2,5,1.0,0.89,0.4,-0.4,53.8,,,,,,pitcher
KC,2024-08-23,84.2,-0.5,6.79,"Megill, Trevor",668709,656730,,called_strike,,,,,1.0,,R,L,R,ATH,MIL,S,,,0,0,2024,0.6,-0.88,-0.3268737417741179,2.8357730797471854,,,,0,8,Bot,,,,,,,-0.7894992149477853,-122.61570103960231,-1.050073214284864,6.191490776183036,24.481767958908307,-41.06314665151399,3.20770934016045,1.62048157033803,,,,84.3,2847.0,6.4,745625,661388,656555,655316,687401,642715,694192,663368,686217,54.14,,,,,,,,67,1,Knuckle Curve,3,7,3,7,7,3,3,7,Standard,Standard,28.0,-0.002,-0.037,,,,,0.037,,-4,-4,0.044,0.044,30,26,31,27,1,3,2,2,5,1.0,4.09,-0.6,0.6,54.8,,,,,,pitcher
KC,2024-08-21,85.0,-0.29,6.66,"Megill, Trevor",571448,656730,home_run,hit_into_play,,,,,5.0,Nolan Arenado hits a grand slam (14) to left field. Masyn Winn scores. Willson Contreras scores. José Fermín scores.,R,R,R,STL,MIL,X,,line_drive,1,2,2024,0.13,-0.84,-8.16151941608e-05,2.6191226207463933,691026.0,575929.0,665877.0,1,10,Bot,19.17,89.7,,,,,0.418885641658023,-123.8615879460038,-1.460262386594267,1.229371783650073,26.247808298336707,-40.65142027687636,3.34,1.61,375.0,101.5,22.0,85.1,2874.0,6.4,745138,661388,656555,668930,687401,642715,694192,669003,686217,54.08,0.515,0.874037037037037,2.0,1.0,0.0,3.0,6.0,96,4,Knuckle Curve,6,6,6,6,6,10,10,6,Strategic,Strategic,24.0,0.215,1.066,,,,1.615,-1.066,101.5,0,0,0.785,0.785,30,33,31,33,1,5,29,1,2,1.0,4.0,-0.13,-0.13,57.1,,,,,,pitcher
FF,2024-08-21,99.5,-0.27,6.63,"Megill, Trevor",571448,656730,,ball,,,,,12.0,,R,R,R,STL,MIL,B,,,0,2,2024,-0.38,1.51,0.1423360848790135,4.5665913684553,691026.0,575929.0,665877.0,1,10,Bot,,,,,,,2.0453706966672054,-144.97705611238848,-3.871303631632991,-5.846583900256313,32.77099669064957,-10.142564449837726,3.56723621702472,1.8754594837239,,,,100.4,2478.0,6.6,745138,661388,656555,668930,687401,642715,694192,669003,686217,53.89,,,,,,,,96,3,4-Seam Fastball,6,6,6,6,6,6,6,6,Strategic,Strategic,196.0,0.017,0.02,,,,,-0.02,,0,0,0.768,0.768,30,33,31,33,1,5,29,1,2,1.0,0.78,0.38,0.38,55.0,,,,,,pitcher
FF,2024-08-21,99.4,-0.27,6.64,"Megill, Trevor",571448,656730,,foul,,,,,9.0,,R,R,R,STL,MIL,S,,,0,1,2024,-0.69,1.55,0.4837713886819701,2.12287574830614,691026.0,575929.0,665877.0,1,10,Bot,,,,,,,3.691575605254052,-144.34200731776468,-10.622476814604964,-10.5127353355434,33.81579589373389,-8.191470189001647,3.34,1.61,274.0,85.7,36.0,99.8,2471.0,6.6,745138,661388,656555,668930,687401,642715,694192,669003,686217,53.87,,,,,,,,96,2,4-Seam Fastball,6,6,6,6,6,6,6,6,Strategic,Strategic,207.0,-0.043,-0.072,72.9,8.3,,,0.072,88.0,0,0,0.811,0.811,30,33,31,33,1,5,29,1,2,1.0,0.77,0.69,0.69,53.7,0.957694002688256,10.220586322312014,32.84796146652809,44.09754446997969,19.82536848329163,pitcher
FF,2024-08-21,98.7,-0.4,6.7,"Megill, Trevor",571448,656730,,foul_tip,,,,,11.0,,R,R,R,STL,MIL,S,,,0,0,2024,-0.47,1.71,-0.5144744571707485,3.63065551640889,691026.0,575929.0,665877.0,1,10,Bot,,,,,,,0.7942879171854661,-143.650587737617,-6.920819766296838,-6.692391794106128,33.952528252540546,-7.084628753325765,3.34,1.61,,,,99.0,2465.0,6.5,745138,661388,656555,668930,687401,642715,694192,669003,686217,54.02,,,,,,,,96,1,4-Seam Fastball,6,6,6,6,6,6,6,6,Strategic,Strategic,201.0,-0.026,-0.041,69.1,7.3,,,0.041,,0,0,0.837,0.837,30,33,31,33,1,5,29,1,2,1.0,0.63,0.47,0.47,53.9,9.27405654085156,-4.34159611289141,27.79872407134845,31.69950076040517,26.320041525461736,pitcher
FF,2024-08-21,98.8,-0.29,6.66,"Megill, Trevor",665877,656730,walk,ball,,,,,14.0,José Fermín walks. Willson Contreras to 2nd.,R,R,R,STL,MIL,B,,,3,1,2024,-0.5,1.52,0.9250190926382252,1.8989845429757757,691026.0,,575929.0,1,10,Bot,,,,,,,4.498297927592712,-143.52710045443385,-11.143148678173633,-7.974975218753883,31.323293417224065,-8.807189448649304,3.47645495293858,1.61502179152792,,,,99.6,2437.0,6.7,745138,661388,656555,668930,687401,642715,694192,669003,686217,53.78,,0.689131,0.7,1.0,0.0,0.0,,95,5,4-Seam Fastball,6,6,6,6,6,6,6,6,Strategic,Strategic,203.0,0.008,0.112,,,,,-0.112,,0,0,0.829,0.829,30,25,31,25,1,1,29,48,2,3.0,0.81,0.5,0.5,53.8,,,,,,pitcher
FF,2024-08-21,99.7,-0.2,6.72,"Megill, Trevor",665877,656730,,ball,,,,,12.0,,R,R,R,STL,MIL,B,,,2,1,2024,-0.48,1.57,0.4156421054742656,4.12890206487541,691026.0,,575929.0,1,10,Bot,,,,,,,2.835062780000481,-145.0677160276592,-5.434218769509417,-7.516544923469034,35.08474943218995,-8.890268398928608,3.47280742643627,1.64588914436061,,,,100.0,2588.0,6.5,745138,661388,656555,668930,687401,642715,694192,669003,686217,53.96,,,,,,,,95,4,4-Seam Fastball,6,6,6,6,6,6,6,6,Strategic,Strategic,201.0,0.004,0.113,,,,,-0.113,,0,0,0.825,0.825,30,25,31,25,1,1,29,48,2,3.0,0.72,0.48,0.48,53.9,,,,,,pitcher
FF,2024-08-21,98.5,-0.23,6.7,"Megill, Trevor",665877,656730,,called_strike,,,,,9.0,,R,R,R,STL,MIL,S,,,2,0,2024,-0.56,1.55,0.4846778635068961,1.7676972274622695,691026.0,,575929.0,1,10,Bot,,,,,,,3.260927283324691,-143.0915616856475,-11.603713168361883,-8.480967134850948,32.002046556664865,-8.408019445221047,3.52165739635408,1.62452027054676,,,,99.2,2402.0,6.7,745138,661388,656555,668930,687401,642715,694192,669003,686217,53.78,,,,,,,,95,3,4-Seam Fastball,6,6,6,6,6,6,6,6,Strategic,Strategic,195.0,-0.003,-0.066,,,,,0.066,,0,0,0.828,0.828,30,25,31,25,1,1,29,48,2,3.0,0.8,0.56,0.56,54.2,,,,,,pitcher
FF,2024-08-21,99.7,-0.49,6.62,"Megill, Trevor",665877,656730,,ball,,,,,11.0,,R,R,R,STL,MIL,B,,,1,0,2024,-0.53,1.67,-0.1809701457184394,4.179272032817556,691026.0,,575929.0,1,10,Bot,,,,,,,2.122662030478214,-145.0908090419083,-5.271437270691068,-8.028248044904185,35.07004445376564,-7.599340351172337,3.42951442016327,1.56688673047753,,,,100.3,2502.0,6.7,745138,661388,656555,668930,687401,642715,694192,669003,686217,53.81,,,,,,,,95,2,4-Seam Fastball,6,6,6,6,6,6,6,6,Strategic,Strategic,201.0,0.003,0.028,,,,,-0.028,,0,0,0.825,0.825,30,25,31,25,1,1,29,48,2,3.0,0.63,0.53,0.53,51.5,,,,,,pitcher
FF,2024-08-21,98.9,-0.12,6.68,"Megill, Trevor",665877,656730,,ball,,,,,14.0,,R,R,R,STL,MIL,B,,,0,0,2024,-0.65,1.64,0.8858700157133186,1.6183281215605725,691026.0,,575929.0,1,10,Bot,,,,,,,4.273883445333424,-143.58094959546952,-12.232634612671458,-9.960461628058283,33.466676255985746,-6.8596290214835856,3.56221449667775,1.66477168958532,,,,99.5,2488.0,6.7,745138,661388,656555,668930,687401,642715,694192,669003,686217,53.76,,,,,,,,95,1,4-Seam Fastball,6,6,6,6,6,6,6,6,Strategic,Strategic,204.0,0.001,0.024,,,,,-0.024,,0,0,0.824,0.824,30,25,31,25,1,1,29,48,2,3.0,0.7,0.65,0.65,54.6,,,,,,pitcher
FF,2024-08-21,97.8,-0.34,6.66,"Megill, Trevor",676475,656730,field_out,hit_into_play,,,,,7.0,Alec Burleson lines out to left fielder Jackson Chourio. Masyn Winn to 3rd.,R,L,R,STL,MIL,X,7.0,line_drive,0,0,2024,-0.57,1.58,-0.3303867464678395,1.8907353688110853,,691026.0,,0,10,Bot,75.12,85.28,,,,,1.3491061418287151,-142.05244098552973,-11.048353695618983,-7.996491673702391,34.28026608405767,-8.411701123686944,3.33,1.58,338.0,99.4,21.0,98.3,2493.0,6.8,745138,661388,656555,668930,687401,642715,694192,669003,686217,53.72,0.433,0.744,0.0,1.0,0.0,0.0,5.0,93,1,4-Seam Fastball,6,6,6,6,6,6,6,6,Strategic,Standard,200.0,0.028,-0.265,73.9,7.4,,1.397,0.265,99.4,0,0,0.805,0.805,30,25,31,26,1,5,29,1,2,1.0,0.82,0.57,-0.57,53.4,0.5402733791470631,11.081060601707453,36.56947681077588,31.551880932043385,26.650191214905924,pitcher
FF,2024-08-21,99.0,-0.36,6.59,"Megill, Trevor",691026,656730,field_out,hit_into_play,,,,,5.0,"Masyn Winn grounds out, second baseman Brice Turang to first baseman Rhys Hoskins.",R,R,R,STL,MIL,X,4.0,ground_ball,1,1,2024,-0.78,1.36,0.0835846045067962,2.634575832713097,687363.0,572761.0,502054.0,2,9,Bot,141.11,153.95,,,,,3.041154498220628,-144.10898410993678,-8.643555011464517,-11.540180822034136,30.839117348656664,-11.452185048313554,3.46,1.6,4.0,88.1,-29.0,100.0,2348.0,6.6,745138,661388,656555,668930,687401,642715,694192,669003,686217,53.86,0.058,0.093,0.0,1.0,0.0,0.0,2.0,89,3,4-Seam Fastball,6,6,6,6,6,6,6,6,Standard,Standard,198.0,-0.157,-0.266,66.2,6.2,,0.062,0.266,88.1,0,0,0.657,0.657,30,22,31,22,1,5,29,1,2,1.0,0.95,0.78,0.78,53.5,-5.761999565048394,23.14997770392103,25.646529613855662,34.99113121484006,19.564220316362217,pitcher
FF,2024-08-21,99.6,-0.37,6.65,"Megill, Trevor",691026,656730,,foul,,,,,5.0,,R,R,R,STL,MIL,S,,,1,0,2024,-0.44,1.56,0.2003429238777203,2.5588339918144527,687363.0,572761.0,502054.0,2,9,Bot,,,,,,,2.625037458949377,-144.79259286091545,-9.569830434442716,-6.770486865197787,33.70534220595441,-8.183715721018052,3.46,1.6,,,,100.4,2298.0,6.8,745138,661388,656555,668930,687401,642715,694192,669003,686217,53.74,,,,,,,,89,2,4-Seam Fastball,6,6,6,6,6,6,6,6,Standard,Standard,199.0,-0.042,-0.044,72.1,6.7,,,0.044,,0,0,0.699,0.699,30,22,31,22,1,5,29,1,2,1.0,0.74,0.44,0.44,51.0,-7.676934421289274,14.4593728490417,29.7885842512732,35.73943076661786,21.357243862639365,pitcher
FF,2024-08-21,97.9,-0.31,6.65,"Megill, Trevor",691026,656730,,ball,,,,,12.0,,R,R,R,STL,MIL,B,,,0,0,2024,-0.36,1.44,0.4182712540795513,3.659840623159529,687363.0,572761.0,502054.0,2,9,Bot,,,,,,,2.826331951505648,-142.54802343339207,-5.975257157658813,-5.549791891948786,30.740575984116653,-11.388809715642038,3.50540240979591,1.60764115992986,,,,98.7,2379.0,6.6,745138,661388,656555,668930,687401,642715,694192,669003,686217,53.95,,,,,,,,89,1,4-Seam Fastball,6,6,6,6,6,6,6,6,Standard,Standard,200.0,0.034,0.031,,,,,-0.031,,0,0,0.665,0.665,30,22,31,22,1,5,29,1,2,1.0,0.93,0.36,0.36,54.1,,,,,,pitcher
,2024-08-21,,,,"Megill, Trevor",575929,656730,,automatic_ball,,,,,,,R,R,R,STL,MIL,B,,,2,0,2024,,,,,691026.0,,,1,10,Bot,,,,,,,,,,,,,,,,,,,,,745138,661388,656555,668930,687401,642715,694192,669003,686217,,,,,,,,,94,3,,6,6,6,6,6,6,6,6,,,,0.0,,,,,,,,0,0,0.833,0.833,30,32,31,32,1,5,29,1,2,1.0,,,,,,,,,,pitcher
,2024-08-21,,,,"Megill, Trevor",575929,656730,intent_walk,automatic_ball,,,,,,Trevor Megill intentionally walks Willson Contreras.,R,R,R,STL,MIL,B,,,3,0,2024,,,,,691026.0,,,1,10,Bot,,,,,,,,,,,,,,,,,,,,,745138,661388,656555,668930,687401,642715,694192,669003,686217,,,,0.4,,0.0,0.0,,94,4,,6,6,6,6,6,6,6,6,,,,-0.009,,,,,,,,0,0,0.833,0.833,30,32,31,32,1,5,29,1,2,1.0,,,,,,,,,,pitcher
,2024-08-21,,,,"Megill, Trevor",575929,656730,,automatic_ball,,,,,,,R,R,R,STL,MIL,B,,,0,0,2024,,,,,691026.0,,,1,10,Bot,,,,,,,,,,,,,,,,,,,,,745138,661388,656555,668930,687401,642715,694192,669003,686217,,,,,,,,,94,1,,6,6,6,6,6,6,6,6,,,,0.0,,,,,,,,0,0,0.833,0.833,30,32,31,32,1,5,29,1,2,1.0,,,,,,,,,,pitcher
,2024-08-21,,,,"Megill, Trevor",575929,656730,,automatic_ball,,,,,,,R,R,R,STL,MIL,B,,,1,0,2024,,,,,691026.0,,,1,10,Bot,,,,,,,,,,,,,,,,,,,,,745138,661388,656555,668930,687401,642715,694192,669003,686217,,,,,,,,,94,2,,6,6,6,6,6,6,6,6,,,,0.0,,,,,,,,0,0,0.833,0.833,30,32,31,32,1,5,29,1,2,1.0,,,,,,,,,,pitcher
FF,2024-07-23,98.8,-0.25,6.71,"Megill, Trevor",663538,656730,field_out,hit_into_play,,,,,12.0,"Nico Hoerner grounds out, second baseman Brice Turang to first baseman Jake Bauers.",R,R,R,CHC,MIL,X,4.0,ground_ball,0,1,2024,-0.22,1.6,0.5810934746174321,3.471773813417056,,621020.0,,2,9,Bot,148.98,160.71,,,,,2.809166927368913,-143.7521268546912,-7.147557262496287,-3.7739342503213744,33.73798126194482,-8.523942385131845,3.22,1.53,11.0,94.7,-17.0,99.2,2498.0,6.6,746848,661388,641343,668930,687401,642715,694192,669003,686217,53.93,0.165,0.149,0.0,1.0,0.0,0.0,2.0,72,2,4-Seam Fastball,0,1,0,1,1,0,0,1,Standard,Standard,197.0,-0.148,-0.26,62.6,5.9,,0.189,0.26,94.7,-1,-1,0.148,0.148,30,27,31,27,1,4,2,1,29,1.0,0.74,0.22,0.22,55.9,0.6217497587722327,24.283665701599496,15.532839037540644,44.14242304917593,16.998596957147868,pitcher
FF,2024-07-23,98.2,-0.33,6.65,"Megill, Trevor",663538,656730,,called_strike,,,,,5.0,,R,R,R,CHC,MIL,S,,,0,0,2024,-0.39,1.5,-0.136826119617801,2.424957284621474,,621020.0,,2,9,Bot,,,,,,,1.443070085982777,-142.75908932561035,-9.49364321690772,-5.711025417044809,32.85260029101668,-9.646795896934467,3.19006189609646,1.52157621826542,,,,98.8,2494.0,6.7,746848,661388,641343,668930,687401,642715,694192,669003,686217,53.83,,,,,,,,72,1,4-Seam Fastball,0,1,0,1,1,0,0,1,Standard,Standard,200.0,0.0,-0.04,,,,,0.04,,-1,-1,0.148,0.148,30,27,31,27,1,4,2,1,29,1.0,0.87,0.39,0.39,56.4,,,,,,pitcher
KC,2024-07-23,87.1,-0.21,6.65,"Megill, Trevor",691718,656730,strikeout,swinging_strike_blocked,,,,,14.0,Pete Crow-Armstrong strikes out swinging.,R,L,R,CHC,MIL,S,2.0,,2,2,2024,0.49,-0.7,1.1555788310314887,0.6376208180979122,,621020.0,,1,9,Bot,,,,,,,2.2912459938863683,-126.84150491651502,-6.883181811813849,4.823777647047006,25.727883076609576,-38.49950716256,3.33,1.49,,,,87.5,2848.0,6.5,746848,661388,641343,668930,687401,642715,694192,669003,686217,53.99,,0.0,0.0,1.0,0.0,0.0,,71,5,Knuckle Curve,0,1,0,1,1,0,0,1,Standard,Standard,15.0,-0.121,-0.217,64.1,8.5,16.982976432,,0.217,,-1,-1,0.269,0.269,30,22,31,22,1,3,2,1,29,3.0,3.69,-0.49,0.49,53.3,26.95425602068039,-67.41163122013742,33.28477179436037,23.68988259084745,69.96709111884624,pitcher
FF,2024-07-23,99.1,-0.31,6.71,"Megill, Trevor",691718,656730,,swinging_strike,,,,,4.0,,R,L,R,CHC,MIL,S,,,2,1,2024,-0.65,1.4,-0.4052186018102329,2.185103127133436,,,621020.0,1,9,Bot,,,,,,,1.276451356233714,-144.08090518263333,-10.24771126342732,-9.38021126901687,33.33922991745725,-10.437085312968868,3.33,1.49,,,,99.5,2410.0,6.6,746848,661388,641343,668930,687401,642715,694192,669003,686217,53.93,,,,,,,,71,4,4-Seam Fastball,0,1,0,1,1,0,0,1,Standard,Standard,202.0,0.042,-0.057,72.3,6.9,0.602648304,,0.057,,-1,-1,0.227,0.227,30,22,31,22,1,3,2,1,29,3.0,0.92,0.65,-0.65,52.7,5.198427711568052,22.274802380404928,36.34788736098192,41.48615990326381,22.70708510984169,pitcher
FF,2024-07-23,98.7,-0.22,6.72,"Megill, Trevor",691718,656730,,called_strike,,,,,13.0,,R,L,R,CHC,MIL,S,,,2,0,2024,-0.61,1.45,-1.0150714217815018,2.301753775099617,,,621020.0,1,9,Bot,,,,,,,-0.7400871701316643,-143.5329858311218,-9.996525369479588,-8.339100307076022,32.601855140866355,-10.037841588424037,3.24900944108127,1.53874694356126,,,,99.1,2431.0,6.5,746848,661388,641343,668930,687401,642715,694192,669003,686217,53.98,,,,,,,,71,3,4-Seam Fastball,0,1,0,1,1,0,0,1,Standard,Standard,198.0,-0.026,-0.057,,,,,0.057,,-1,-1,0.253,0.253,30,22,31,22,1,3,2,1,29,3.0,0.89,0.61,-0.61,56.8,,,,,,pitcher
FF,2024-07-23,98.2,-0.4,6.71,"Megill, Trevor",691718,656730,,ball,,,,,11.0,,R,L,R,CHC,MIL,B,,,1,0,2024,-0.48,1.51,-1.0259236544448016,2.9454792584126643,,,621020.0,1,9,Bot,,,,,,,-0.5933091590783364,-142.89630298798053,-8.252045977045189,-6.433073703403561,32.932958503706885,-9.741400873945992,3.23404746710579,1.53117291373539,,,,98.6,2385.0,6.5,746848,661388,641343,668930,687401,642715,694192,669003,686217,53.98,,,,,,,,71,2,4-Seam Fastball,0,1,0,1,1,0,0,1,Standard,Standard,201.0,0.026,0.056,,,,,-0.056,,-1,-1,0.227,0.227,30,22,31,22,1,3,2,1,29,3.0,0.85,0.48,-0.48,52.0,,,,,,pitcher
FF,2024-07-23,97.7,-0.29,6.69,"Megill, Trevor",691718,656730,,blocked_ball,,,,,14.0,,R,L,R,CHC,MIL,B,,,0,0,2024,-0.36,1.4,0.0568777625523948,0.320373998151347,,,621020.0,1,9,Bot,,,,,,,1.7587777417305877,-141.6940591464087,-14.879145892002429,-5.2532478884511535,30.92626667916647,-10.251111222062304,3.26033128785577,1.4958770378385,,,,98.1,2399.0,6.6,746848,661388,641343,668930,687401,642715,694192,669003,686217,53.91,,,,,,,,71,1,4-Seam Fastball,0,1,0,1,1,0,0,1,Strategic,Standard,201.0,0.013,0.036,,,,,-0.036,,-1,-1,0.214,0.214,30,22,31,22,1,3,2,1,29,3.0,1.0,0.36,-0.36,52.7,,,,,,pitcher
FF,2024-07-23,97.4,-0.47,6.59,"Megill, Trevor",670156,656730,field_out,hit_into_play,,,,,5.0,Miles Mastrobuoni flies out to center fielder Garrett Mitchell.,R,L,R,CHC,MIL,X,8.0,fly_ball,0,0,2024,-0.66,1.52,-0.2347436622866311,2.0427428228206157,,,621020.0,0,9,Bot,121.13,75.6,,,,,2.15954158300811,-141.47356147990374,-10.194904544702196,-9.390599874266716,32.50297110932465,-9.581274022412709,2.94,1.41,307.0,83.9,43.0,97.6,2369.0,6.5,746848,661388,641343,668930,687401,642715,694192,669003,686217,53.98,0.005,0.006,0.0,1.0,0.0,0.0,3.0,70,1,4-Seam Fastball,0,1,0,1,1,0,0,1,Standard,Standard,209.0,-0.125,-0.246,72.9,7.0,,0.01,0.246,88.0,-1,-1,0.339,0.339,30,28,31,29,1,0,2,1,29,1.0,0.89,0.66,-0.66,52.4,8.516472338870651,-4.532546960330988,37.21762151792238,40.71843763693269,34.91314894539486,pitcher
FF,2024-07-23,99.5,-0.24,6.65,"Megill, Trevor",621020,656730,single,hit_into_play,,,,,5.0,Dansby Swanson singles on a sharp line drive to center fielder Garrett Mitchell.,R,R,R,CHC,MIL,X,8.0,line_drive,3,2,2024,-0.42,1.39,0.0399808113012021,2.3834358860494653,,,,0,9,Bot,106.05,62.46,,,,,1.7676973107410192,-144.66949882623837,-9.596931559395223,-6.319616023563707,33.33052777530571,-10.667738199521448,3.56,1.65,278.0,105.7,11.0,99.9,2390.0,6.5,746848,661388,641343,668930,687401,642715,694192,669003,686217,53.98,0.945,0.962,0.9,1.0,1.0,0.0,4.0,69,8,4-Seam Fastball,0,1,0,1,1,0,0,1,Strategic,Standard,204.0,0.115,0.369,73.7,7.1,,1.257,-0.369,105.7,-1,-1,0.224,0.224,30,30,31,30,1,3,2,1,29,1.0,0.92,0.42,0.42,52.3,13.402348188236427,3.95588934406352,34.924096457088176,38.15887985571163,26.107959563638143,pitcher
FF,2024-07-23,98.6,-0.28,6.59,"Megill, Trevor",621020,656730,,foul,,,,,9.0,,R,R,R,CHC,MIL,S,,,3,2,2024,-0.61,1.4,0.5618623927918385,2.027511834792352,,,,0,9,Bot,,,,,,,3.73028513963408,-143.2441193325904,-10.225858371995834,-9.327036043460597,33.81989264308387,-10.693012272711687,3.56,1.65,,,,99.0,2439.0,6.6,746848,661388,641343,668930,687401,642715,694192,669003,686217,53.86,,,,,,,,69,7,4-Seam Fastball,0,1,0,1,1,0,0,1,Standard,Standard,198.0,0.0,0.0,72.8,8.0,,,0.0,,-1,-1,0.224,0.224,30,30,31,30,1,3,2,1,29,1.0,0.96,0.61,0.61,51.6,21.39377698203698,-5.2286323038260125,35.89337079307979,43.28354585152239,31.223147529372845,pitcher
FF,2024-07-23,100.8,-0.27,6.7,"Megill, Trevor",621020,656730,,foul,,,,,8.0,,R,R,R,CHC,MIL,S,,,3,2,2024,-0.61,1.44,-0.2486080339280371,2.1727520341670834,,,,0,9,Bot,,,,,,,1.5172611960108413,-146.49022806375453,-10.701809680731206,-9.133282110802082,35.419711235574695,-9.126965381688528,3.56,1.65,3.0,94.3,-33.0,101.1,2518.0,6.6,746848,661388,641343,668930,687401,642715,694192,669003,686217,53.9,,,,,,,,69,6,4-Seam Fastball,0,1,0,1,1,0,0,1,Standard,Standard,205.0,0.0,0.0,74.1,7.3,,,0.0,94.3,-1,-1,0.224,0.224,30,30,31,30,1,3,2,1,29,1.0,0.82,0.61,0.61,51.6,11.244701315088635,3.2341830289713123,37.22010484703642,34.28107293922732,26.60118723358257,pitcher
FF,2024-07-23,97.4,-0.2,6.67,"Megill, Trevor",621020,656730,,foul,,,,,2.0,,R,R,R,CHC,MIL,S,,,3,1,2024,-0.39,1.49,-0.0518258716682192,3.1779925342307447,,,,0,9,Bot,,,,,,,1.3078001757338835,-141.79127858286097,-7.339533497150826,-5.620250325161387,31.846240938822834,-10.586115671438312,3.56,1.65,358.0,105.1,28.0,98.0,2451.0,6.6,746848,661388,641343,668930,687401,642715,694192,669003,686217,53.91,,,,,,,,69,5,4-Seam Fastball,0,1,0,1,1,0,0,1,Standard,Standard,200.0,-0.034,-0.085,75.5,7.8,,,0.085,105.1,-1,-1,0.258,0.258,30,30,31,30,1,3,2,1,29,1.0,0.91,0.39,0.39,53.4,21.346795446093005,-23.153938284888817,30.686855301324364,35.79304868660327,37.38299940262904,pitcher
FF,2024-07-23,97.9,-0.3,6.64,"Megill, Trevor",621020,656730,,called_strike,,,,,7.0,,R,R,R,CHC,MIL,S,,,3,0,2024,-0.61,1.5,-0.3145028502217635,1.6222825709013526,,,,0,9,Bot,,,,,,,1.373165379940118,-142.12064828622803,-11.54746214787369,-8.604237596699228,32.535982603637734,-9.438610647883504,3.44552224440626,1.61244036460737,,,,98.3,2487.0,6.7,746848,661388,641343,668930,687401,642715,694192,669003,686217,53.84,,,,,,,,69,4,4-Seam Fastball,0,1,0,1,1,0,0,1,Standard,Standard,202.0,-0.027,-0.09,,,,,0.09,,-1,-1,0.285,0.285,30,30,31,30,1,3,2,1,29,1.0,0.89,0.61,0.61,52.9,,,,,,pitcher
FF,2024-07-23,98.0,-0.15,6.72,"Megill, Trevor",621020,656730,,ball,,,,,13.0,,R,R,R,CHC,MIL,B,,,2,0,2024,-0.42,1.54,-0.080298420001949,0.8949305040900545,,,,0,9,Bot,,,,,,,1.1514089185638696,-142.13398764698104,-13.791947526347514,-5.9534074125140215,32.397894123354575,-8.315958768063688,3.55813949730832,1.60633823079346,,,,98.1,2489.0,6.5,746848,661388,641343,668930,687401,642715,694192,669003,686217,54.0,,,,,,,,69,3,4-Seam Fastball,0,1,0,1,1,0,0,1,Standard,Standard,199.0,0.041,0.147,,,,,-0.147,,-1,-1,0.244,0.244,30,30,31,30,1,3,2,1,29,1.0,0.85,0.42,0.42,55.0,,,,,,pitcher
FF,2024-07-23,97.8,-0.26,6.76,"Megill, Trevor",621020,656730,,ball,,,,,11.0,,R,R,R,CHC,MIL,B,,,1,0,2024,-0.41,1.46,-0.5636691375224989,4.050904821984811,,,,0,9,Bot,,,,,,,0.1267201285031692,-142.36824349691463,-5.191824587614845,-5.644383775829291,33.17545431894894,-11.311734344531155,3.47998261160409,1.61704043309592,,,,98.0,2443.0,6.4,746848,661388,641343,668930,687401,642715,694192,669003,686217,54.07,,,,,,,,69,2,4-Seam Fastball,0,1,0,1,1,0,0,1,Standard,Standard,199.0,0.027,0.069,,,,,-0.069,,-1,-1,0.217,0.217,30,30,31,30,1,3,2,1,29,1.0,0.92,0.41,0.41,59.6,,,,,,pitcher
KC,2024-07-23,86.6,-0.38,6.8,"Megill, Trevor",621020,656730,,ball,,,,,12.0,,R,R,R,CHC,MIL,B,,,0,0,2024,0.69,-0.25,0.0532444165805793,3.7897705678117983,,,,0,9,Bot,,,,,,,-0.3655066449621825,-126.21324595722471,-0.4766844808803437,7.449602200022402,25.97077754699025,-34.95652237564948,3.48836480301649,1.53496300837372,,,,86.7,2690.0,6.3,746848,661388,641343,668930,687401,642715,694192,669003,686217,54.19,,,,,,,,69,1,Knuckle Curve,0,1,0,1,1,0,0,1,Standard,Standard,35.0,0.013,0.038,,,,,-0.038,,-1,-1,0.204,0.204,30,30,31,30,1,3,2,1,29,1.0,3.28,-0.69,-0.69,52.9,,,,,,pitcher
KC,2024-07-21,86.9,-0.19,6.66,"Megill, Trevor",670242,656730,strikeout,swinging_strike,,,,,7.0,Matt Wallner strikes out swinging.,R,L,R,MIN,MIL,S,2.0,,3,2,2024,0.41,-0.63,-0.4747722237167698,2.345266868582609,,,,2,9,Bot,,,,,,,-1.5317083126753293,-126.64587565588872,-2.9182296025720467,4.764770924758242,24.913980311180055,-38.62164688320799,3.76,1.76,,,,87.5,2772.0,6.5,745882,606992,656555,668930,687401,642715,694192,669003,686217,54.0,,0.0,0.0,1.0,0.0,0.0,,82,8,Knuckle Curve,7,8,7,8,8,7,7,8,Strategic,Strategic,24.0,-0.055,-0.325,78.7,7.2,0.750933612,,0.325,,-1,-1,0.055,0.055,30,26,31,27,1,1,1,1,2,2.0,3.63,-0.41,0.41,53.3,-1.6322578693947205,5.56037371582874,30.41345072293679,44.76189630811886,27.062930463385374,pitcher
KC,2024-07-21,87.1,-0.36,6.62,"Megill, Trevor",670242,656730,,foul,,,,,9.0,,R,L,R,MIN,MIL,S,,,3,2,2024,0.72,-0.67,0.2929582669902194,2.260812676038076,,,,2,9,Bot,,,,,,,0.093442501749371,-126.99150915904876,-3.048684455801552,7.896091349890043,22.75432343107342,-39.13608144632752,3.76,1.76,3.0,72.2,-35.0,88.3,2931.0,6.6,745882,606992,656555,668930,687401,642715,694192,669003,686217,53.87,,,,,,,,82,7,Knuckle Curve,7,8,7,8,8,7,7,8,Strategic,Strategic,29.0,0.0,0.0,76.7,7.7,,,0.0,88.0,-1,-1,0.055,0.055,30,26,31,27,1,1,1,1,2,2.0,3.63,-0.72,0.72,54.2,14.03164522633043,-10.13240894465306,31.868247359758485,36.06927255821603,38.65605058641791,pitcher
KC,2024-07-21,87.8,-0.21,6.6,"Megill, Trevor",670242,656730,,ball,,,,,14.0,,R,L,R,MIN,MIL,B,,,2,2,2024,0.51,-0.53,1.202814000353894,-0.3308364707649986,,,,2,9,Bot,,,,,,,2.3857435659449653,-127.61618409299513,-9.651551471070924,5.132991082806777,24.55839409706027,-36.30526904451217,3.60082492798994,1.75999985286688,,,,88.6,2713.0,6.7,745882,606992,656555,668930,687401,642715,694192,669003,686217,53.8,,,,,,,,82,6,Knuckle Curve,7,8,7,8,8,7,7,8,Strategic,Strategic,16.0,0.008,0.106,,,,,-0.106,,-1,-1,0.047,0.047,30,26,31,27,1,1,1,1,2,2.0,3.48,-0.51,0.51,55.9,,,,,,pitcher
FF,2024-07-21,100.6,-0.24,6.65,"Megill, Trevor",670242,656730,,foul,,,,,2.0,,R,L,R,MIN,MIL,S,,,2,2,2024,-0.37,1.52,-0.2503126650085188,3.59529167394018,,,,2,9,Bot,,,,,,,0.839719276279909,-146.4929262420172,-6.803237566351058,-5.467717454006036,33.629540276045006,-8.914203401991797,3.76,1.76,266.0,81.5,31.0,101.6,2400.0,6.7,745882,606992,656555,668930,687401,642715,694192,669003,686217,53.76,,,,,,,,82,5,4-Seam Fastball,7,8,7,8,8,7,7,8,Strategic,Strategic,198.0,0.0,0.0,80.6,7.1,,,0.0,88.0,-1,-1,0.047,0.047,30,26,31,27,1,1,1,1,2,2.0,0.73,0.37,-0.37,55.1,9.302608578451489,-3.717886469302522,18.82114848934849,43.106166706717495,32.934790200844915,pitcher
KC,2024-07-21,86.0,-0.25,6.63,"Megill, Trevor",670242,656730,,ball,,,,,14.0,,R,L,R,MIN,MIL,B,,,1,2,2024,0.79,-0.7,0.1746524862883726,-0.4020817507526741,,,,2,9,Bot,,,,,,,-0.5979216889343487,-125.13180128593696,-9.119725101972538,8.427558139452985,22.94588017791172,-38.13566475973387,3.62874264278793,1.75999974075075,,,,87.1,2809.0,6.8,745882,606992,656555,668930,687401,642715,694192,669003,686217,53.74,,,,,,,,82,4,Knuckle Curve,7,8,7,8,8,7,7,8,Strategic,Strategic,14.0,0.0,0.039,,,,,-0.039,,-1,-1,0.047,0.047,30,26,31,27,1,1,1,1,2,2.0,3.76,-0.79,0.79,52.9,,,,,,pitcher
FF,2024-07-21,96.6,-0.15,6.65,"Megill, Trevor",670242,656730,,foul_tip,,,,,1.0,,R,L,R,MIN,MIL,S,,,1,1,2024,-0.26,1.4,-0.5919625979200539,3.286606250279392,,,,2,9,Bot,,,,,,,-0.5932178738709527,-140.6853577476328,-6.71844506411168,-3.4340617693350706,27.78701425182343,-12.3208339466235,3.76,1.76,,,,98.1,2355.0,6.8,745882,606992,656555,668930,687401,642715,694192,669003,686217,53.67,,,,,,,,82,3,4-Seam Fastball,7,8,7,8,8,7,7,8,Strategic,Strategic,191.0,0.0,-0.064,76.0,6.4,,,0.064,,-1,-1,0.047,0.047,30,26,31,27,1,1,1,1,2,2.0,1.02,0.26,-0.26,56.0,1.753694667637319,16.398356766921324,24.501443964733728,46.57427545028995,20.96651870887866,pitcher
KC,2024-07-21,85.6,-0.26,6.6,"Megill, Trevor",670242,656730,,foul,,,,,13.0,,R,L,R,MIN,MIL,S,,,1,0,2024,0.47,-0.87,-0.0868149577862979,1.5305104959471114,,,,2,9,Bot,,,,,,,-0.5389650151634697,-124.6928440495636,-4.031575080153807,5.027455884761447,23.25295780369009,-40.70085687570828,3.76,1.76,3.0,77.5,-26.0,86.8,2741.0,6.8,745882,606992,656555,668930,687401,642715,694192,669003,686217,53.66,,,,,,,,82,2,Knuckle Curve,7,8,7,8,8,7,7,8,Strategic,Strategic,29.0,-0.005,-0.051,77.3,8.1,,,0.051,88.0,-1,-1,0.052,0.052,30,26,31,27,1,1,1,1,2,2.0,3.95,-0.47,0.47,53.6,14.611666805155606,-10.02529886970085,31.537385139085888,41.6388898954643,42.796532232438565,pitcher
KC,2024-07-21,87.4,-0.35,6.65,"Megill, Trevor",670242,656730,,ball,,,,,14.0,,R,L,R,MIN,MIL,B,,,0,0,2024,0.23,-0.61,0.4200249433566482,0.2926674843805572,,,,2,9,Bot,,,,,,,1.390573367044881,-127.10186878663616,-7.968556295603209,2.159640036587135,26.249548745370035,-37.30192058270394,3.7444379500638,1.75999959166938,,,,88.0,2734.0,6.7,745882,606992,656555,668930,687401,642715,694192,669003,686217,53.8,,,,,,,,82,1,Knuckle Curve,7,8,7,8,8,7,7,8,Strategic,Strategic,11.0,0.005,0.04,,,,,-0.04,,-1,-1,0.047,0.047,30,26,31,27,1,1,1,1,2,2.0,3.6,-0.23,0.23,53.0,,,,,,pitcher
FF,2024-07-21,98.2,-0.17,6.65,"Megill, Trevor",686797,656730,field_out,hit_into_play,,,,,12.0,"Brooks Lee grounds out softly, pitcher Trevor Megill to first baseman Rhys Hoskins. Max Kepler scores.",R,L,R,MIN,MIL,X,1.0,ground_ball,0,1,2024,0.11,1.39,1.4286356079495015,3.480305303829218,596146.0,,,1,9,Bot,133.14,180.99,,,,,4.088825492269169,-142.91243121040242,-6.371525306144563,0.6166204396081123,30.796259230091717,-11.894960177376754,3.33,1.51,4.0,41.7,-42.0,99.0,2415.0,6.6,745882,606992,656555,668930,687401,642715,694192,669003,686217,53.93,0.251,0.226,0.0,1.0,0.0,0.0,1.0,81,2,4-Seam Fastball,6,8,6,8,8,7,7,8,Strategic,Standard,196.0,-0.072,-0.212,49.3,4.9,,0.251,0.212,88.0,-2,-2,0.119,0.119,30,23,31,23,1,4,1,1,2,1.0,0.96,-0.11,0.11,52.3,-3.4472656607929104,20.847845646583615,29.93614092181336,23.61980305651983,19.615760542542965,pitcher
KC,2024-07-21,88.3,-0.29,6.69,"Megill, Trevor",686797,656730,,called_strike,,,,,9.0,,R,L,R,MIN,MIL,S,,,0,0,2024,0.09,-0.63,0.352500404896278,1.8500783750009084,596146.0,,,1,9,Bot,,,,,,,1.3926631407317769,-128.65368129477216,-4.453251954538648,0.6846560965298928,24.98028951197087,-38.58256095699926,3.49230438929065,1.51000067174604,,,,89.2,2643.0,6.6,745882,606992,656555,668930,687401,642715,694192,669003,686217,53.87,,,,,,,,81,1,Knuckle Curve,6,8,6,8,8,6,6,8,Strategic,Standard,21.0,-0.012,-0.049,,,,,0.049,,-2,-2,0.131,0.131,30,23,31,23,1,4,1,1,2,1.0,3.53,-0.09,0.09,52.6,,,,,,pitcher
FF,2024-07-21,98.5,-0.31,6.6,"Megill, Trevor",467793,656730,field_out,hit_into_play,,,,,4.0,Carlos Santana flies out to center fielder Garrett Mitchell. Max Kepler to 3rd.,R,L,R,MIN,MIL,X,8.0,fly_ball,0,1,2024,-0.27,1.33,-0.4084443025635309,2.6948420118577614,,596146.0,,0,9,Bot,132.18,44.53,,,,,0.3644326613367693,-143.30533087550154,-8.351902809976744,-3.862600208378315,30.38728733905191,-12.125824976414782,3.45,1.66,382.0,97.4,30.0,99.8,2314.0,6.8,745882,606992,656555,668930,687401,642715,694192,669003,686217,53.68,0.285,0.5333888888888889,0.0,1.0,0.0,0.0,5.0,80,2,4-Seam Fastball,6,8,6,8,8,6,6,8,Standard,Strategic,201.0,-0.067,-0.23,71.6,7.7,,1.042,0.23,97.4,-2,-2,0.198,0.198,30,38,31,38,1,4,1,1,2,1.0,1.0,0.27,-0.27,51.4,11.818540835407706,0.4310488412549241,25.507919224123707,39.9489518086294,27.325103433608763,pitcher
FF,2024-07-21,98.6,-0.25,6.64,"Megill, Trevor",467793,656730,,foul,,,,,8.0,,R,L,R,MIN,MIL,S,,,0,0,2024,-0.31,1.52,0.0931702440719974,1.8194633766757824,,596146.0,,0,9,Bot,,,,,,,1.674129515060231,-143.3327167238512,-11.29281322368524,-4.704200147589764,31.43440139011498,-8.890474707208178,3.45,1.66,2.0,79.9,-40.0,99.6,2350.0,6.8,745882,606992,656555,668930,687401,642715,694192,669003,686217,53.7,,,,,,,,80,1,4-Seam Fastball,6,8,6,8,8,6,6,8,Standard,Standard,199.0,-0.013,-0.035,70.5,7.9,,,0.035,88.0,-2,-2,0.211,0.211,30,38,31,38,1,4,1,1,2,1.0,0.82,0.31,-0.31,54.1,16.442008375932925,-0.970101261691238,30.647214040860245,35.52202148334235,30.374985678658295,pitcher
FF,2024-07-21,97.6,-0.36,6.6,"Megill, Trevor",596146,656730,double,hit_into_play,,,,,12.0,Max Kepler doubles (17) on a fly ball to right fielder Sal Frelick.,R,L,R,MIN,MIL,X,9.0,fly_ball,0,0,2024,-0.15,1.53,1.0874794601070945,2.653200766655025,,,,0,9,Bot,208.92,101.33,,,,,4.278972132571177,-141.89304306380717,-8.719378625300594,-2.9667205436369963,32.617491778523075,-9.75051974295944,3.6,1.66,351.0,91.4,31.0,98.9,2402.0,7.1,745882,606992,656555,668930,687401,642715,694192,669003,686217,53.44,0.068,0.088,1.25,1.0,1.0,1.0,3.0,79,1,4-Seam Fastball,6,8,6,8,8,6,6,8,Standard,Standard,197.0,0.116,0.693,78.1,7.4,,0.147,-0.693,91.4,-2,-2,0.095,0.095,30,31,31,31,1,4,1,1,2,1.0,0.87,0.15,-0.15,57.0,8.339875603322318,-11.111224937542724,33.00150454435129,27.146692729668302,33.3503876904542,pitcher
KC,2024-07-21,86.3,-0.37,6.71,"Megill, Trevor",621439,656730,home_run,hit_into_play,,,,,5.0,Byron Buxton homers (11) on a fly ball to left field.,R,R,R,MIN,MIL,X,,fly_ball,0,1,2024,0.6,-0.8,-0.1549969938904413,2.4611056806158507,,,,0,9,Bot,32.08,73.48,,,,,-0.7348984560558833,-125.78212682623251,-2.321495677154344,6.589401109843375,23.90718586865031,-40.46614052101341,3.41,1.49,386.0,100.5,31.0,87.3,2823.0,6.7,745882,606992,656555,668930,687401,642715,694192,669003,686217,53.83,0.513,1.008457142857143,2.0,1.0,0.0,3.0,6.0,78,2,Knuckle Curve,5,8,5,8,8,6,6,8,Standard,Strategic,32.0,0.056,1.151,76.2,8.1,,1.98,-1.151,100.5,-3,-3,0.039,0.039,30,30,31,31,1,4,1,1,2,1.0,3.83,-0.6,-0.6,54.9,17.00127916353112,-7.54262375444611,38.340773206280296,33.62395800745507,27.457882323533216,pitcher
KC,2024-07-21,86.4,-0.39,6.66,"Megill, Trevor",621439,656730,,called_strike,,,,,14.0,,R,R,R,MIN,MIL,S,,,0,0,2024,0.52,-0.77,0.834986927262247,1.6089501626700788,,,,0,9,Bot,,,,,,,1.8528640156841236,-125.85858474618516,-4.2912945050763245,5.22616375387673,24.684422759469463,-39.73897392116955,3.48149387101126,1.62972265452417,,,,87.0,2849.0,6.6,745882,606992,656555,668930,687401,642715,694192,669003,686217,53.94,,,,,,,,78,1,Knuckle Curve,5,8,5,8,8,5,5,8,Standard,Strategic,31.0,-0.004,-0.037,,,,,0.037,,-3,-3,0.043,0.043,30,30,31,31,1,4,1,1,2,1.0,3.81,-0.52,-0.52,53.4,,,,,,pitcher
FF,2024-07-20,98.2,-0.19,6.7,"Megill, Trevor",686797,656730,field_out,hit_into_play,,,,,9.0,Brooks Lee grounds out to first baseman Jake Bauers.,R,L,R,MIN,MIL,X,3.0,ground_ball,1,0,2024,-0.43,1.54,0.4587325773552417,1.5283813592161726,,668885.0,621439.0,2,10,Bot,161.9,166.28,,,,,2.770769315232236,-142.58586752519844,-12.156149121395938,-6.475391608458503,31.146486925318197,-8.680124402650991,3.33,1.51,2.0,80.5,-38.0,99.0,2447.0,6.7,745880,661388,641343,668930,687401,642715,694192,663368,686217,53.75,0.049,0.044,0.0,1.0,0.0,0.0,2.0,77,2,4-Seam Fastball,1,1,1,1,1,1,1,1,Standard,Standard,196.0,-0.119,-0.306,70.5,6.4,,0.049,0.306,88.0,0,0,0.619,0.619,30,23,31,23,1,4,7,6,1,1.0,0.83,0.43,-0.43,52.4,-3.665872591588714,-1.5509287999674533,40.965459865736165,33.21825284465602,23.024289900463373,pitcher
FF,2024-07-20,99.5,-0.26,6.6,"Megill, Trevor",686797,656730,,ball,,,,,14.0,,R,L,R,MIN,MIL,B,,,0,0,2024,-0.42,1.51,0.8362754178433347,1.6536423871136274,,668885.0,621439.0,2,10,Bot,,,,,,,4.014698893366312,-144.45432810794924,-11.765718128507894,-6.7574227049685565,33.02191999787953,-8.546511942738809,3.40103633374941,1.48086732897372,,,,100.4,2495.0,6.8,745880,661388,641343,668930,687401,642715,694192,663368,686217,53.66,,,,,,,,77,1,4-Seam Fastball,1,1,1,1,1,1,1,1,Standard,Standard,197.0,0.005,0.026,,,,,-0.026,,0,0,0.614,0.614,30,23,31,23,1,4,7,6,1,1.0,0.8,0.42,-0.42,52.9,,,,,,pitcher
FF,2024-07-20,100.2,-0.17,6.71,"Megill, Trevor",621439,656730,,ball,,,,,11.0,,R,R,R,MIN,MIL,B,,,1,0,2024,-0.34,1.51,-0.8867811174989866,3.3243785178871037,,668885.0,,2,10,Bot,,,,,,,-1.1821820391586937,-145.82312230017715,-7.595416121018013,-4.528588492967607,35.11657042651801,-9.10606997322138,3.57619593596626,1.5828607298878,,,,100.8,2462.0,6.6,745880,661388,641343,668930,687401,642715,694192,663368,686217,53.85,,,,,,,,76,2,4-Seam Fastball,1,1,1,1,1,1,1,1,Standard,Strategic,198.0,0.001,0.024,,,,,-0.024,,0,0,0.61,0.61,30,30,31,31,1,4,7,8,1,1.0,0.77,0.34,0.34,51.3,,,,,,pitcher
KC,2024-07-20,84.4,-0.23,6.58,"Megill, Trevor",621439,656730,,blocked_ball,,,,,14.0,,R,R,R,MIN,MIL,B,,,0,0,2024,0.57,-0.6,0.8698143023015781,0.5135159683934547,,668885.0,,2,10,Bot,,,,,,,1.416956380899659,-122.8070432801403,-6.584388626345609,5.519628970480637,24.37518449156455,-37.115739078235656,3.55014009322654,1.55662378387084,,,,84.8,2664.0,6.5,745880,661388,641343,668930,687401,642715,694192,663368,686217,53.95,,,,,,,,76,1,Knuckle Curve,1,1,1,1,1,1,1,1,Standard,Strategic,23.0,0.0,0.014,,,,,-0.014,,0,0,0.61,0.61,30,30,31,31,1,4,7,8,1,1.0,3.8,-0.57,-0.57,57.6,,,,,,pitcher
FF,2024-07-20,96.8,0.01,6.69,"Megill, Trevor",660636,656730,strikeout,called_strike,,,,,9.0,Diego A. Castillo called out on strikes.,R,R,R,MIN,MIL,S,2.0,,0,2,2024,-0.41,1.52,0.5094174393051112,2.037508468815072,,668885.0,,1,10,Bot,,,,,,,2.308591892191689,-140.643148269643,-10.4039338330615,-6.031168460133407,31.63904057591505,-9.86328722920092,3.44727379661386,1.53230711279257,,,,97.6,2445.0,6.8,745880,661388,641343,668930,687401,642715,694192,663368,686217,53.7,,0.0,0.0,1.0,0.0,0.0,,75,3,4-Seam Fastball,1,1,1,1,1,1,1,1,Standard,Standard,201.0,-0.056,-0.174,,,,,0.174,,0,0,0.666,0.666,30,26,31,27,1,1,7,6,1,2.0,0.92,0.41,0.41,58.7,,,,,,pitcher
FF,2024-07-20,98.7,-0.14,6.72,"Megill, Trevor",660636,656730,,called_strike,,,,,6.0,,R,R,R,MIN,MIL,S,,,0,1,2024,-0.63,1.29,0.364498981068054,2.765906713779759,,668885.0,,1,10,Bot,,,,,,,2.852831881695684,-143.57279660909458,-8.371432076356339,-9.410002264120465,32.66379811246724,-12.573620692965791,3.64554547211039,1.63253317724044,,,,99.3,2482.0,6.6,745880,661388,641343,668930,687401,642715,694192,663368,686217,53.9,,,,,,,,75,2,4-Seam Fastball,1,1,1,1,1,1,1,1,Standard,Standard,202.0,-0.023,-0.065,,,,,0.065,,0,0,0.689,0.689,30,26,31,27,1,1,7,6,1,2.0,1.05,0.63,0.63,53.9,,,,,,pitcher
FF,2024-07-20,97.8,-0.24,6.6,"Megill, Trevor",660636,656730,,called_strike,,,,,9.0,,R,R,R,MIN,MIL,S,,,0,0,2024,-0.34,1.6,0.5597234977457235,2.0182439127414264,,668885.0,,1,10,Bot,,,,,,,2.971826470833293,-142.08862428397043,-10.643231341936076,-5.308957853495813,32.82744241128085,-8.203138077830646,3.45798164887538,1.57590759925029,,,,98.8,2406.0,7.0,745880,661388,641343,668930,687401,642715,694192,663368,686217,53.54,,,,,,,,75,1,4-Seam Fastball,1,1,1,1,1,1,1,1,Infield shade,Standard,198.0,-0.014,-0.036,,,,,0.036,,0,0,0.703,0.703,30,26,31,27,1,1,7,6,1,2.0,0.79,0.34,0.34,53.0,,,,,,pitcher
FF,2024-07-20,97.0,-0.36,6.69,"Megill, Trevor",650489,656730,field_out,hit_into_play,,,,,8.0,Willi Castro lines out to center fielder Blake Perkins.,R,L,R,MIN,MIL,X,8.0,line_drive,0,0,2024,-0.46,1.46,0.2399032444194231,1.6857744629518354,,668885.0,,0,10,Bot,105.59,71.39,,,,,2.6563849607467573,-140.94871347766403,-11.233896454442196,-6.701630034469467,30.41761090302493,-10.464502642979964,3.56,1.63,321.0,90.1,24.0,97.6,2344.0,6.6,745880,661388,641343,668930,687401,642715,694192,663368,686217,53.89,0.132,0.165,0.0,1.0,0.0,0.0,3.0,74,1,4-Seam Fastball,1,1,1,1,1,1,1,1,Strategic,Standard,205.0,-0.102,-0.265,74.4,7.3,,0.261,0.265,90.1,0,0,0.805,0.805,30,27,31,27,1,4,7,6,1,1.0,0.96,0.46,-0.46,54.4,4.087619597189847,-7.463020911187105,46.23727829109843,28.420605980285835,31.157305922634023,pitcher
,2024-07-20,,,,"Megill, Trevor",621439,656730,,automatic_ball,,,,,,,R,R,R,MIN,MIL,B,,,2,0,2024,,,,,,668885.0,,2,10,Bot,,,,,,,,,,,,,,,,,,,,,745880,661388,641343,668930,687401,642715,694192,663368,686217,,,,,,,,,76,3,,1,1,1,1,1,1,1,1,,,,0.001,,,,,,,,0,0,0.611,0.611,30,30,31,31,1,4,7,8,1,1.0,,,,,,,,,,pitcher
,2024-07-20,,,,"Megill, Trevor",621439,656730,intent_walk,automatic_ball,,,,,,Trevor Megill intentionally walks Byron Buxton.,R,R,R,MIN,MIL,B,,,3,0,2024,,,,,,668885.0,,2,10,Bot,,,,,,,,,,,,,,,,,,,,,745880,661388,641343,668930,687401,642715,694192,663368,686217,,,,0.4,,0.0,0.0,,76,4,,1,1,1,1,1,1,1,1,,,,0.002,,,,,,,,0,0,0.612,0.612,30,30,31,31,1,4,7,8,1,1.0,,,,,,,,,,pitcher
FF,2024-07-13,97.1,-0.22,6.53,"Megill, Trevor",660766,656730,field_out,hit_into_play,,,,,13.0,Juan Yepez flies out to center fielder Blake Perkins.,R,R,R,MIL,WSH,X,8.0,fly_ball,0,1,2024,-0.28,1.47,-0.8921208334806164,2.2694839486385314,,,,2,9,Top,98.26,46.09,,,,,-1.1675976180969274,-141.25851209271403,-9.325323517032269,-3.517524951274233,28.6991937345257,-10.602632548226282,3.46,1.67,384.0,96.5,30.0,98.0,2376.0,6.6,745963,606992,656555,668930,687401,642715,694192,663368,686217,53.92,0.247,0.4684666666666665,0.0,1.0,0.0,0.0,5.0,73,2,4-Seam Fastball,5,6,6,5,6,5,6,5,Standard,Standard,197.0,0.009,-0.215,69.3,6.9,,0.911,0.215,96.5,-1,1,0.195,0.805,30,26,31,26,1,4,6,1,7,1.0,0.93,0.28,0.28,53.7,6.05084086174056,-8.011063982547583,34.958701785851474,26.293316791759917,26.905445244569982,pitcher
KC,2024-07-13,86.0,-0.31,6.54,"Megill, Trevor",660766,656730,,called_strike,,,,,5.0,,R,R,R,MIL,WSH,S,,,0,0,2024,0.55,-0.69,0.1558810439006933,2.2802252239950085,,,,2,9,Top,,,,,,,-0.0018085925345216,-125.3629253464804,-2.5872570093526783,5.844833991115879,21.86569006569734,-39.2112658916452,3.24312938608151,1.65287643090587,,,,87.0,2795.0,6.5,745963,606992,656555,668930,687401,642715,694192,663368,686217,53.99,,,,,,,,73,1,Knuckle Curve,5,6,6,5,6,5,6,5,Standard,Standard,24.0,0.001,-0.041,,,,,0.041,,-1,1,0.194,0.806,30,26,31,26,1,4,6,1,7,1.0,3.72,-0.55,-0.55,56.2,,,,,,pitcher
KC,2024-07-13,86.0,-0.24,6.47,"Megill, Trevor",657041,656730,strikeout,called_strike,,,,,6.0,Lane Thomas called out on strikes.,R,R,R,MIL,WSH,S,2.0,,2,2,2024,0.19,-0.62,0.7017803806544354,1.9718336261357303,,,,1,9,Top,,,,,,,1.8505218880589205,-125.31303935684444,-3.261607778782347,1.7196745755856775,22.101890105958635,-38.35862467554468,3.04888281113052,1.44000158516976,,,,87.0,2751.0,6.6,745963,606992,656555,668930,687401,642715,694192,663368,686217,53.92,,0.0,0.0,1.0,0.0,0.0,,72,6,Knuckle Curve,5,6,6,5,6,5,6,5,Standard,Standard,25.0,0.011,-0.225,,,,,0.225,,-1,1,0.183,0.817,30,28,31,29,1,4,6,1,7,1.0,3.66,-0.19,-0.19,55.1,,,,,,pitcher
FF,2024-07-13,99.0,-0.14,6.56,"Megill, Trevor",657041,656730,,foul,,,,,2.0,,R,R,R,MIL,WSH,S,,,2,2,2024,-0.18,1.36,0.1939063659246547,2.8714490650410047,,,,1,9,Top,,,,,,,1.3365553083207042,-144.16459292784296,-7.946190747487319,-2.788738940885266,28.60239234125897,-11.633156106429018,3.08,1.44,66.0,86.8,82.0,100.3,2457.0,6.6,745963,606992,656555,668930,687401,642715,694192,663368,686217,53.89,,,,,,,,72,5,4-Seam Fastball,5,6,6,5,6,5,6,5,Standard,Standard,196.0,0.0,0.0,71.6,6.4,,,0.0,88.0,-1,1,0.183,0.817,30,28,31,29,1,4,6,1,7,1.0,0.94,0.18,0.18,52.6,9.834586190129237,0.3967240068089211,22.88143370990852,39.09623140048721,29.13342702528721,pitcher
KC,2024-07-13,87.6,-0.31,6.49,"Megill, Trevor",657041,656730,,ball,,,,,14.0,,R,R,R,MIL,WSH,B,,,1,2,2024,0.37,-0.6,1.3826816794850885,-0.1536048686392948,,,,1,9,Top,,,,,,,3.339707629987214,-127.47849441991308,-8.806378414759859,3.4762505482418384,22.01624033667883,-37.401514620689206,2.98032391614209,1.40329266841047,,,,88.6,2769.0,6.5,745963,606992,656555,668930,687401,642715,694192,663368,686217,53.97,,,,,,,,72,4,Knuckle Curve,5,6,6,5,6,5,6,5,Standard,Standard,23.0,-0.002,0.043,,,,,-0.043,,-1,1,0.185,0.815,30,28,31,29,1,4,6,1,7,1.0,3.53,-0.37,-0.37,53.3,,,,,,pitcher
KC,2024-07-13,87.7,-0.27,6.44,"Megill, Trevor",657041,656730,,ball,,,,,13.0,,R,R,R,MIL,WSH,B,,,0,2,2024,0.18,-0.41,-0.5402415773135383,0.7178558214239623,,,,1,9,Top,,,,,,,-1.0321597406058285,-127.78559522365276,-6.998063458440581,2.1386592667812527,21.752124882858556,-35.7615813546048,3.05164384441446,1.37438415487556,,,,88.6,2719.0,6.4,745963,606992,656555,668930,687401,642715,694192,663368,686217,54.1,,,,,,,,72,3,Knuckle Curve,5,6,6,5,6,5,6,5,Standard,Standard,14.0,-0.001,0.02,,,,,-0.02,,-1,1,0.186,0.814,30,28,31,29,1,4,6,1,7,1.0,3.33,-0.18,-0.18,55.0,,,,,,pitcher
FF,2024-07-13,99.0,-0.25,6.49,"Megill, Trevor",657041,656730,,foul,,,,,11.0,,R,R,R,MIL,WSH,S,,,0,1,2024,-0.46,1.45,-0.8947424872886652,2.6890339048421423,,,,1,9,Top,,,,,,,-0.6806763787587609,-144.13953880029777,-8.38309277355501,-6.357711019096762,31.12244157591186,-10.23208191434083,3.08,1.44,166.0,63.9,60.0,99.6,2420.0,6.4,745963,606992,656555,668930,687401,642715,694192,663368,686217,54.06,,,,,,,,72,2,4-Seam Fastball,5,6,6,5,6,5,6,5,Standard,Standard,201.0,0.003,-0.057,65.2,6.2,,,0.057,88.0,-1,1,0.183,0.817,30,28,31,29,1,4,6,1,7,1.0,0.86,0.46,0.46,54.0,5.637147933822015,-0.7542669619457923,34.637598517520786,26.689433474538284,21.33205138396839,pitcher
FF,2024-07-13,98.5,-0.32,6.51,"Megill, Trevor",657041,656730,,called_strike,,,,,6.0,,R,R,R,MIL,WSH,S,,,0,0,2024,-0.33,1.44,0.7592300938321421,2.279720694530172,,,,1,9,Top,,,,,,,3.721314557171679,-143.3246505186597,-9.47788052333134,-5.322989686376178,29.894068686504944,-10.333769664339014,3.17868842099868,1.57001584395325,,,,99.4,2527.0,6.6,745963,606992,656555,668930,687401,642715,694192,663368,686217,53.9,,,,,,,,72,1,4-Seam Fastball,5,6,6,5,6,5,6,5,Standard,Standard,194.0,0.002,-0.037,,,,,0.037,,-1,1,0.181,0.819,30,28,31,29,1,4,6,1,7,1.0,0.89,0.33,0.33,53.5,,,,,,pitcher
FF,2024-07-13,98.7,-0.37,6.46,"Megill, Trevor",682928,656730,home_run,hit_into_play,,,,,2.0,CJ Abrams homers (15) on a fly ball to right center field. Luis García Jr. scores.,R,L,R,MIL,WSH,X,,fly_ball,1,0,2024,-0.45,1.6,-0.2538106970582697,3.0427633080304872,,671277.0,,1,9,Top,210.56,52.81,,,,,1.3724779878718605,-143.62147328215437,-7.631231090105129,-6.549870806906164,32.26207615090628,-8.442159166484878,3.57,1.65,416.0,106.5,27.0,99.4,2469.0,6.6,745963,606992,656555,668930,687401,642715,694192,663368,686217,53.87,0.916,1.8420851063829784,2.0,1.0,0.0,3.0,6.0,71,2,4-Seam Fastball,5,4,4,5,6,5,6,5,Standard,Standard,203.0,-0.58,1.263,75.1,7.5,,3.626,-1.263,106.5,1,-1,0.761,0.239,30,23,31,24,1,4,6,1,7,1.0,0.73,0.45,-0.45,52.1,13.031487816816826,-8.121842655207628,19.913516662600443,41.0533705368732,32.0719102649951,pitcher
KC,2024-07-13,86.1,-0.3,6.48,"Megill, Trevor",682928,656730,,blocked_ball,,,,,14.0,,R,L,R,MIL,WSH,B,,,0,0,2024,0.38,-0.86,1.4712877251286558,0.1326186906482962,,671277.0,,1,9,Top,,,,,,,3.457379754672023,-125.23073246565302,-7.0689086632215,3.2351651639081043,26.884116855914684,-39.87462982036091,3.36345979043569,1.47511833772658,,,,86.3,2800.0,6.6,745963,606992,656555,668930,687401,642715,694192,663368,686217,53.94,,,,,,,,71,1,Knuckle Curve,5,4,4,5,4,5,4,5,Standard,Standard,21.0,-0.006,0.027,,,,,-0.027,,1,-1,0.767,0.233,30,23,31,24,1,4,6,1,7,1.0,3.95,-0.38,0.38,54.6,,,,,,pitcher
FF,2024-07-13,99.4,-0.41,6.5,"Megill, Trevor",696285,656730,sac_bunt,hit_into_play,,,,,4.0,"Jacob Young out on a sacrifice bunt, third baseman Joey Ortiz to second baseman Brice Turang. Luis García Jr. to 2nd.",R,R,R,MIL,WSH,X,5.0,ground_ball,1,1,2024,-0.57,1.51,-0.8252164203940615,2.3784360648552214,,,671277.0,0,9,Top,117.76,186.5,,,,,0.2119325470032115,-144.53862082776237,-9.50591202001567,-8.103731276003794,31.90883185119114,-8.966648860874498,3.34,1.52,35.0,29.1,15.0,100.3,2536.0,6.7,745963,606992,656555,668930,687401,642715,694192,663368,686217,53.81,,,0.2,0.0,0.0,0.0,1.0,70,3,4-Seam Fastball,5,4,4,5,4,5,4,5,Strategic,Standard,203.0,0.044,-0.02,6.0,1.0,,,0.02,88.0,1,-1,0.723,0.277,30,24,31,25,1,3,6,1,7,1.0,0.79,0.57,0.57,55.5,-75.03884844720966,-148.44578989723752,38.69786530822618,28.571277657571137,24.045223313009185,pitcher
FF,2024-07-13,99.1,-0.52,6.46,"Megill, Trevor",696285,656730,,bunt_foul_tip,,,,,4.0,,R,R,R,MIL,WSH,S,,,1,0,2024,-0.42,1.56,-0.7501267450378247,2.341305175085347,,,671277.0,0,9,Top,,,,,,,0.3493985091470686,-144.20420940277268,-9.59869112332857,-5.92458340192824,30.226509590795416,-8.36148559468233,3.34,1.52,,,,100.2,2421.0,6.7,745963,606992,656555,668930,687401,642715,694192,663368,686217,53.85,,,,,,,,70,2,4-Seam Fastball,5,4,4,5,4,5,4,5,Strategic,Standard,200.0,0.021,-0.049,3.7,0.8,,,0.049,,1,-1,0.702,0.298,30,24,31,25,1,3,6,1,7,1.0,0.74,0.42,0.42,52.9,-12.799717424477556,14.085387494636528,12.281200221459631,29.038248771606412,20.53578503818364,pitcher
FF,2024-07-13,96.0,-0.38,6.6,"Megill, Trevor",696285,656730,,ball,,,,,11.0,,R,R,R,MIL,WSH,B,,,0,0,2024,-0.46,1.5,-1.252878476839778,2.2091445413742927,,,671277.0,0,9,Top,,,,,,,-1.2664398238409786,-139.59305237957832,-9.472599910050182,-5.79511680638249,28.78697437252379,-10.680972544612969,3.00018256193283,1.32816690131546,,,,96.4,2393.0,6.4,745963,606992,656555,668930,687401,642715,694192,663368,686217,54.11,,,,,,,,70,1,4-Seam Fastball,5,4,4,5,4,5,4,5,Strategic,Standard,207.0,-0.016,0.041,,,,,-0.041,,1,-1,0.718,0.282,30,24,31,25,1,3,6,1,7,1.0,0.96,0.46,0.46,56.0,,,,,,pitcher
FF,2024-07-13,98.4,-0.09,6.56,"Megill, Trevor",671277,656730,single,hit_into_play,,,,,6.0,Luis García Jr. singles on a sharp line drive to right fielder Sal Frelick.,R,L,R,MIL,WSH,X,9.0,line_drive,0,0,2024,-0.27,1.55,0.5355430947824562,2.430962681334442,,,,0,9,Top,176.42,80.78,,,,,2.3247613766646,-143.17061327950648,-9.402103466966048,-4.224110984038167,30.499070462313885,-8.979100810869072,3.49,1.69,238.0,109.8,10.0,99.1,2468.0,6.5,745963,606992,656555,668930,687401,642715,694192,663368,686217,53.97,0.903,0.922,0.9,1.0,1.0,0.0,5.0,69,1,4-Seam Fastball,5,4,4,5,4,5,4,5,Standard,Strategic,202.0,-0.117,0.448,75.5,7.4,,1.208,-0.448,109.8,1,-1,0.835,0.165,30,24,31,24,1,1,6,1,7,6.0,0.79,0.27,-0.27,55.9,10.477376307605596,-3.3645807433602424,30.02266227692588,32.39065725657172,33.14458523070966,pitcher
FF,2024-07-13,99.9,-0.22,6.41,"Megill, Trevor",608385,656730,strikeout,swinging_strike,,,,,13.0,Jesse Winker strikes out swinging.,R,L,R,MIL,WSH,S,2.0,,3,2,2024,-0.62,1.41,-1.0436567231382703,2.182519068433506,,660766.0,545121.0,2,8,Top,,,,,,,-0.8205586743894031,-145.28309629166836,-9.64843826002041,-8.609882098542661,31.87600010786433,-10.1718738315789,3.49,1.63,,,,100.6,2444.0,6.6,745963,606992,656555,668930,687401,642715,694192,663368,686217,53.91,,0.0,0.0,1.0,0.0,0.0,,65,6,4-Seam Fastball,5,4,4,5,4,5,4,5,Strategic,Standard,207.0,0.12,-0.298,66.6,7.2,0.17497008,,0.298,,1,-1,0.747,0.253,30,30,31,31,1,0,6,1,7,1.0,0.86,0.62,-0.62,53.6,3.214608353950777,23.603705334469108,31.878985772396145,49.23737227436748,11.205261334204303,pitcher
FF,2024-07-13,100.9,-0.47,6.5,"Megill, Trevor",608385,656730,,ball,,,,,1.0,,R,L,R,MIL,WSH,B,,,2,2,2024,-0.42,1.37,-0.5672000235746019,3.166358836866425,,660766.0,545121.0,2,8,Top,,,,,,,0.7157581753362786,-146.96202331010747,-7.293503113998196,-6.255686006356954,31.73966788850253,-10.78073361576898,3.32266226274342,1.63000379997478,,,,101.9,2527.0,6.6,745963,606992,656555,668930,687401,642715,694192,663368,686217,53.94,,,,,,,,65,5,4-Seam Fastball,5,4,4,5,4,5,4,5,Standard,Standard,203.0,-0.027,0.093,,,,,-0.093,,1,-1,0.774,0.226,30,30,31,31,1,0,6,1,7,1.0,0.85,0.42,-0.42,51.6,,,,,,pitcher
FF,2024-07-13,98.8,-0.44,6.53,"Megill, Trevor",608385,656730,,foul,,,,,4.0,,R,L,R,MIL,WSH,S,,,2,1,2024,-0.6,1.4,-0.4265683243771618,2.3400170605286243,,660766.0,545121.0,2,8,Top,,,,,,,1.4324736872839248,-143.64987546943382,-9.23883074128874,-8.618059074384572,34.7389672103881,-10.801157105569423,3.49,1.63,,,,99.1,2437.0,6.6,745963,606992,656555,668930,687401,642715,694192,663368,686217,53.91,,,,,,,,65,4,4-Seam Fastball,5,4,4,5,4,5,4,5,Standard,Standard,206.0,0.023,-0.102,71.1,7.2,,,0.102,,1,-1,0.751,0.249,30,30,31,31,1,0,6,1,7,1.0,0.94,0.6,-0.6,53.0,5.7996959272500925,16.024927384596847,33.28724529702986,43.90428901398498,19.297907961105736,pitcher
FF,2024-07-13,99.0,-0.4,6.68,"Megill, Trevor",608385,656730,,ball,,,,,11.0,,R,L,R,MIL,WSH,B,,,1,1,2024,-0.55,1.38,-1.2395377953791862,3.813354982919633,,660766.0,545121.0,2,8,Top,,,,,,,-1.005638705129676,-144.17146810685944,-5.632892099699564,-7.453345712833566,34.60675461846005,-11.784568941321227,3.32817619753126,1.51117770583046,,,,99.2,2419.0,6.4,745963,606992,656555,668930,687401,642715,694192,663368,686217,54.1,,,,,,,,65,3,4-Seam Fastball,5,4,4,5,4,5,4,5,Standard,Standard,200.0,-0.012,0.042,,,,,-0.042,,1,-1,0.763,0.237,30,30,31,31,1,0,6,1,7,1.0,0.94,0.55,-0.55,52.9,,,,,,pitcher
FF,2024-07-13,98.5,-0.45,6.63,"Megill, Trevor",608385,656730,,ball,,,,,11.0,,R,L,R,MIL,WSH,B,,,0,1,2024,-0.11,1.58,-1.1716492013909443,3.915469891191341,,660766.0,545121.0,2,8,Top,,,,,,,-1.721453949308312,-143.3700072766982,-5.591092398330122,-1.0876493507648453,34.831158166642375,-9.279718497771844,3.45774530224005,1.67394152056626,,,,98.7,2400.0,6.5,745963,606992,656555,668930,687401,642715,694192,663368,686217,54.02,,,,,,,,65,2,4-Seam Fastball,5,4,4,5,4,5,4,5,Standard,Standard,197.0,-0.011,0.033,,,,,-0.033,,1,-1,0.774,0.226,30,30,31,31,1,0,6,1,7,1.0,0.77,0.11,-0.11,54.2,,,,,,pitcher
FF,2024-07-13,98.8,-0.22,6.55,"Megill, Trevor",608385,656730,,called_strike,,,,,2.0,,R,L,R,MIL,WSH,S,,,0,0,2024,-0.14,1.44,-0.1416166671824669,3.399034493123861,,660766.0,545121.0,2,8,Top,,,,,,,0.532954151955221,-143.74485320941474,-6.505085971074934,-2.0832116634997626,34.06343701189469,-10.961059263575518,3.48999898384528,1.67113606423354,,,,99.0,2409.0,6.5,745963,606992,656555,668930,687401,642715,694192,663368,686217,54.02,,,,,,,,65,1,4-Seam Fastball,5,4,4,5,4,5,4,5,Standard,Standard,197.0,0.016,-0.048,,,,,0.048,,1,-1,0.758,0.242,30,30,31,31,1,0,6,1,7,1.0,0.9,0.14,-0.14,54.8,,,,,,pitcher
KC,2024-07-07,87.1,-0.14,6.47,"Megill, Trevor",624415,656730,strikeout,swinging_strike_blocked,,,,,14.0,Cavan Biggio strikes out swinging.,R,L,R,LAD,MIL,S,2.0,,3,2,2024,0.15,-0.77,0.865170569172984,0.0245596939633125,,681546.0,,2,9,Bot,,,,,,,2.1215730274747053,-126.66115821523712,-7.770333043555341,1.1671367398249948,25.777714889386644,-39.0558173577767,3.51,1.65,,,,87.6,2821.0,6.6,746122,606992,656555,668930,681962,642715,694192,663368,669003,53.89,,0.0,0.0,1.0,0.0,0.0,,83,6,Knuckle Curve,2,9,2,9,9,2,2,9,Standard,Standard,11.0,-0.001,-0.298,,,,,0.298,,-7,-7,0.001,0.001,30,29,31,29,1,0,5,3,6,2.0,3.77,-0.15,0.15,59.7,,,,,,pitcher
FF,2024-07-07,98.4,-0.17,6.62,"Megill, Trevor",624415,656730,,foul,,,,,6.0,,R,L,R,LAD,MIL,S,,,3,1,2024,-0.64,1.45,0.4612104301998004,2.8782340072126877,,681546.0,,2,9,Bot,,,,,,,3.1979994036359525,-143.114526516554,-8.074402957196773,-9.500007449750374,32.4722462377619,-10.644651001845302,3.51,1.65,359.0,98.8,34.0,99.0,2445.0,6.6,746122,606992,656555,668930,681962,642715,694192,663368,669003,53.91,,,,,,,,83,5,4-Seam Fastball,2,9,2,9,9,2,2,9,Standard,Standard,198.0,0.0,-0.059,71.3,7.2,,,0.059,98.8,-7,-7,0.001,0.001,30,29,31,29,1,0,5,3,6,2.0,0.91,0.64,-0.64,53.2,18.71335213644902,-14.825416962627369,39.231649743735446,27.425142663542765,34.30993478861543,pitcher
FF,2024-07-07,97.8,-0.17,6.54,"Megill, Trevor",624415,656730,,ball,,,,,11.0,,R,L,R,LAD,MIL,B,,,2,1,2024,-0.45,1.41,-0.2821713437106962,4.409386770918626,,681546.0,,2,9,Bot,,,,,,,0.7245199372678819,-142.53321661734935,-3.579546703818064,-6.33049263770988,29.936813987050712,-12.215262538286693,3.49063148246412,1.65394552228218,,,,98.5,2380.0,6.4,746122,606992,656555,668930,681962,642715,694192,663368,669003,54.09,,,,,,,,83,4,4-Seam Fastball,2,9,2,9,9,2,2,9,Standard,Standard,201.0,0.0,0.045,,,,,-0.045,,-7,-7,0.001,0.001,30,29,31,29,1,0,5,3,6,2.0,0.95,0.45,-0.45,53.5,,,,,,pitcher
KC,2024-07-07,87.0,-0.21,6.55,"Megill, Trevor",624415,656730,,ball,,,,,12.0,,R,L,R,LAD,MIL,B,,,1,1,2024,0.49,-0.57,0.1134840525128127,3.62776948413976,,681546.0,,2,9,Bot,,,,,,,-0.2348918317697129,-126.8079119905857,0.2929747448961193,5.345577292841028,25.25262431308485,-38.58036963723517,3.45921368962317,1.67385612399534,,,,87.4,2784.0,6.4,746122,606992,656555,668930,681962,642715,694192,663368,669003,54.1,,,,,,,,83,3,Knuckle Curve,2,9,2,9,9,2,2,9,Standard,Standard,30.0,0.0,0.039,,,,,-0.039,,-7,-7,0.001,0.001,30,29,31,29,1,0,5,3,6,2.0,3.56,-0.49,0.49,52.6,,,,,,pitcher
KC,2024-07-07,87.1,-0.22,6.56,"Megill, Trevor",624415,656730,,blocked_ball,,,,,14.0,,R,L,R,LAD,MIL,B,,,0,1,2024,0.05,-0.67,1.184198366599374,0.4722831498389865,,,681546.0,2,9,Bot,,,,,,,3.287226404895422,-126.7219180065413,-7.070728833664728,-0.1496217717784909,26.10080169744019,-38.14052267084601,3.45094013191496,1.6636205014225,,,,87.2,2957.0,6.4,746122,606992,656555,668930,681962,642715,694192,663368,669003,54.1,,,,,,,,83,2,Knuckle Curve,2,9,2,9,9,2,2,9,Standard,Standard,17.0,0.0,0.032,,,,,-0.032,,-7,-7,0.001,0.001,30,29,31,29,1,0,5,3,6,2.0,3.68,-0.05,0.05,57.4,,,,,,pitcher
FF,2024-07-07,99.1,-0.13,6.6,"Megill, Trevor",624415,656730,,foul,,,,,1.0,,R,L,R,LAD,MIL,S,,,0,0,2024,-0.64,1.42,-0.3962614398827951,3.202259304190039,,,681546.0,2,9,Bot,,,,,,,0.7533265924842835,-144.15907767576547,-7.190505489539331,-9.03000715782204,34.70620770226641,-10.931240873397256,3.51,1.65,139.0,81.7,15.0,99.3,2429.0,6.5,746122,606992,656555,668930,681962,642715,694192,663368,669003,53.97,,,,,,,,83,1,4-Seam Fastball,2,9,2,9,9,2,2,9,Standard,Standard,199.0,0.0,-0.047,67.9,6.6,,,0.047,88.0,-7,-7,0.001,0.001,30,29,31,29,1,0,5,3,6,2.0,0.91,0.64,-0.64,54.2,5.750795654197182,0.6206415206428871,33.50726054245147,37.0649990585522,24.56477353850964,pitcher
FF,2024-07-07,99.9,-0.27,6.56,"Megill, Trevor",681546,656730,single,hit_into_play,,,,,6.0,James Outman singles on a sharp line drive to right fielder Garrett Mitchell.,R,L,R,LAD,MIL,X,9.0,line_drive,0,0,2024,-0.48,1.33,0.3082616675217066,2.2211718350640304,,,,2,9,Bot,185.67,107.05,,,,,2.751688861327091,-145.34760423220482,-9.787498762579624,-7.460738257266558,31.217756111423107,-11.29346579852576,3.45,1.66,185.0,106.8,11.0,100.7,2445.0,6.6,746122,606992,656555,668930,681962,642715,694192,663368,669003,53.93,0.939,0.95,0.9,1.0,1.0,0.0,4.0,82,1,4-Seam Fastball,2,9,2,9,9,2,2,9,Standard,Standard,199.0,0.0,0.333,77.8,7.9,,1.24,-0.333,106.8,-7,-7,0.001,0.001,30,27,31,27,1,0,5,1,6,2.0,0.94,0.48,-0.48,53.9,13.052270522217825,-2.8618133071203014,38.69936199100394,30.645244324626404,28.18017804635468,pitcher
FF,2024-07-07,99.6,-0.04,6.44,"Megill, Trevor",669257,656730,strikeout,called_strike,,,,,8.0,Will Smith called out on strikes.,R,R,R,LAD,MIL,S,2.0,,3,2,2024,-0.66,1.28,-0.1373999363034991,1.7244950583948184,,,,1,9,Bot,,,,,,,1.30432088586452,-144.74564861183967,-10.681907719768942,-9.583211678538373,31.33935467024541,-12.002068169711428,3.29690123057526,1.60191941597951,,,,100.8,2426.0,6.9,746122,606992,656555,668930,681962,642715,694192,663368,669003,53.63,,0.0,0.0,1.0,0.0,0.0,,81,6,4-Seam Fastball,2,9,2,9,9,2,2,9,Standard,Standard,201.0,0.0,-0.332,,,,,0.332,,-7,-7,0.001,0.001,30,29,31,29,1,4,5,1,6,2.0,1.01,0.66,0.66,52.9,,,,,,pitcher
FF,2024-07-07,97.7,-0.16,6.55,"Megill, Trevor",669257,656730,,foul,,,,,2.0,,R,R,R,LAD,MIL,S,,,3,1,2024,-0.53,1.38,0.0263373892255607,2.786888810822769,,,,1,9,Bot,,,,,,,1.752670514615017,-142.19920757674646,-7.8791796039055875,-7.63415909605698,32.02540566275703,-11.833717793732257,3.3,1.59,174.0,94.8,66.0,98.3,2434.0,6.6,746122,606992,656555,668930,681962,642715,694192,663368,669003,53.91,,,,,,,,81,5,4-Seam Fastball,2,9,2,9,9,2,2,9,Standard,Standard,195.0,0.0,-0.092,71.0,7.0,,,0.092,94.8,-7,-7,0.001,0.001,30,29,31,29,1,4,5,1,6,2.0,1.0,0.53,0.53,52.9,15.179571685759452,7.820170325085161,33.13885018846913,38.42609040112345,31.6217186604118,pitcher
FF,2024-07-07,98.7,-0.15,6.63,"Megill, Trevor",669257,656730,,ball,,,,,11.0,,R,R,R,LAD,MIL,B,,,2,1,2024,-0.52,1.13,-0.9619136995654284,3.2844842829653054,,,,1,9,Bot,,,,,,,-0.9937388559142046,-143.6845291295683,-6.310371901810799,-7.0357505997147785,31.52002464689029,-15.33541709768944,3.29990648465547,1.64604669419986,,,,98.9,2489.0,6.2,746122,606992,656555,668930,681962,642715,694192,663368,669003,54.27,,,,,,,,81,4,4-Seam Fastball,2,9,2,9,9,2,2,9,Standard,Standard,204.0,0.0,0.122,,,,,-0.122,,-7,-7,0.001,0.001,30,29,31,29,1,4,5,1,6,2.0,1.2,0.52,0.52,53.0,,,,,,pitcher
FF,2024-07-07,98.0,-0.09,6.61,"Megill, Trevor",669257,656730,,ball,,,,,12.0,,R,R,R,LAD,MIL,B,,,1,1,2024,-0.06,1.42,0.2053611439952437,3.6692220585101945,,,,1,9,Bot,,,,,,,0.9418218045880764,-142.66988823857432,-5.812026901532269,-1.0382170398344568,30.949342734355177,-11.606682321240603,3.30594728754193,1.61956177186812,,,,98.6,2469.0,6.5,746122,606992,656555,668930,681962,642715,694192,663368,669003,54.02,,,,,,,,81,3,4-Seam Fastball,2,9,2,9,9,2,2,9,Standard,Standard,200.0,0.0,0.059,,,,,-0.059,,-7,-7,0.001,0.001,30,29,31,29,1,4,5,1,6,2.0,0.94,0.06,0.06,54.7,,,,,,pitcher
KC,2024-07-07,87.0,-0.07,6.62,"Megill, Trevor",669257,656730,,ball,,,,,14.0,,R,R,R,LAD,MIL,B,,,0,1,2024,0.12,-0.78,1.7230213284626272,-0.2625503512011029,,,,1,9,Bot,,,,,,,4.064550206303982,-126.43143901297272,-8.739037639297079,0.4819804948458763,25.435914843827295,-38.98380715359728,3.27628919974317,1.58980813021204,,,,87.3,2928.0,6.5,746122,606992,656555,668930,681962,642715,694192,663368,669003,53.96,,,,,,,,81,2,Knuckle Curve,2,9,2,9,9,2,2,9,Standard,Standard,17.0,0.0,0.024,,,,,-0.024,,-7,-7,0.001,0.001,30,29,31,29,1,4,5,1,6,2.0,3.8,-0.12,-0.12,56.5,,,,,,pitcher
FF,2024-07-07,98.8,-0.1,6.63,"Megill, Trevor",669257,656730,,called_strike,,,,,4.0,,R,R,R,LAD,MIL,S,,,0,0,2024,-0.38,1.42,-0.8001254078809924,2.1730769960042795,,,,1,9,Bot,,,,,,,-1.0056802300945151,-143.6405646903636,-10.045707331797352,-5.080971702170348,32.45541605917355,-10.439638780409012,3.30792446428971,1.62145321169632,,,,99.3,2430.0,6.6,746122,606992,656555,668930,681962,642715,694192,663368,669003,53.94,,,,,,,,81,1,4-Seam Fastball,2,9,2,9,9,2,2,9,Standard,Standard,201.0,0.0,-0.037,,,,,0.037,,-7,-7,0.001,0.001,30,29,31,29,1,4,5,1,6,2.0,0.92,0.38,0.38,54.7,,,,,,pitcher
KC,2024-07-07,87.4,-0.36,6.65,"Megill, Trevor",660271,656730,strikeout,swinging_strike_blocked,,,,,14.0,Shohei Ohtani strikes out swinging.,R,L,R,LAD,MIL,S,2.0,,0,2,2024,0.4,-0.81,0.4357295313696065,0.7073072332277981,,,,0,9,Bot,,,,,,,1.1061594547370135,-127.26337508312557,-6.605495165930437,4.176029997170836,23.474436756681733,-40.04796272364064,3.5,1.67,,,,88.2,2962.0,6.5,746122,606992,656555,668930,681962,642715,694192,663368,669003,53.95,,0.0,0.0,1.0,0.0,0.0,,80,3,Knuckle Curve,2,9,2,9,9,2,2,9,Strategic,Standard,21.0,0.0,-0.163,41.2,7.2,7.49851452,,0.163,,-7,-7,0.001,0.001,30,29,31,30,1,4,5,1,6,2.0,3.77,-0.4,0.4,55.6,0.6257972705558533,17.12244172138915,41.90549246577452,31.464979977513632,14.928553475307108,pitcher
FF,2024-07-07,99.5,-0.15,6.69,"Megill, Trevor",660271,656730,,called_strike,,,,,5.0,,R,L,R,LAD,MIL,S,,,0,1,2024,-0.52,1.51,-0.1297727241735201,2.4389810053554664,,,,0,9,Bot,,,,,,,1.2713750810833162,-144.70003692024994,-9.861712340530636,-7.593710026369322,31.918566510607388,-8.853934554324274,3.49916990350516,1.66161371208052,,,,100.1,2434.0,6.6,746122,606992,656555,668930,681962,642715,694192,663368,669003,53.95,,,,,,,,80,2,4-Seam Fastball,2,9,2,9,9,2,2,9,Strategic,Standard,199.0,0.0,-0.054,,,,,0.054,,-7,-7,0.001,0.001,30,29,31,30,1,4,5,1,6,2.0,0.78,0.52,-0.52,55.3,,,,,,pitcher
FF,2024-07-07,98.4,-0.08,6.65,"Megill, Trevor",660271,656730,,swinging_strike,,,,,2.0,,R,L,R,LAD,MIL,S,,,0,0,2024,-0.49,1.33,0.1126097413700575,3.3188876017374147,,,,0,9,Bot,,,,,,,1.659902769119892,-143.33857197166685,-6.753425170432639,-7.112828088789546,30.265715364142597,-12.51396608247293,3.5,1.67,,,,99.3,2398.0,6.5,746122,606992,656555,668930,681962,642715,694192,663368,669003,53.96,,,,,,,,80,1,4-Seam Fastball,2,9,2,9,9,2,2,9,Strategic,Standard,198.0,0.0,-0.037,78.8,7.0,1.391115024,,0.037,,-7,-7,0.001,0.001,30,29,31,30,1,4,5,1,6,2.0,1.0,0.49,-0.49,57.2,5.166672819654892,15.401135687334246,30.180618050944705,37.570001510182585,17.048676493402624,pitcher
FF,2024-07-02,100.0,0.1,6.48,"Megill, Trevor",553869,656730,strikeout,foul_tip,,,,,3.0,Elias Díaz strikes out on a foul tip.,R,R,R,COL,MIL,S,2.0,,2,2,2024,-0.37,1.21,0.6648762583225611,3.289991912617804,,,641857.0,2,9,Bot,,,,,,,2.458322765801173,-145.72397212322494,-6.419951181598552,-5.808934039864614,28.4572199918919,-13.698376418901852,3.17,1.45,,,,101.7,2570.0,6.8,746537,661388,656555,668930,655316,642715,694192,663368,669003,53.74,,0.0,0.0,1.0,0.0,0.0,,84,6,4-Seam Fastball,3,4,3,4,4,3,3,4,Standard,Strategic,197.0,-0.099,-0.234,73.6,6.5,,,0.234,,-1,-1,0.099,0.099,30,33,31,34,1,4,1,1,5,1.0,1.04,0.37,0.37,54.1,6.762622646999316,18.17060096599569,19.48938322047299,43.447580998183945,27.75020350077284,pitcher
FF,2024-07-02,100.4,-0.16,6.64,"Megill, Trevor",553869,656730,,foul,,,,,3.0,,R,R,R,COL,MIL,S,,,2,2,2024,-0.27,1.17,0.5719675469299409,2.8418952985105257,,,641857.0,2,9,Bot,,,,,,,2.6896892766064293,-146.28488215185752,-8.100760118205617,-4.476463493859588,27.696407216563227,-13.81218847183042,3.17,1.45,219.0,82.8,20.0,102.0,2501.0,6.7,746537,661388,656555,668930,655316,642715,694192,663368,669003,53.85,,,,,,,,84,5,4-Seam Fastball,3,4,3,4,4,3,3,4,Standard,Strategic,199.0,0.0,0.0,74.8,6.6,,,0.0,88.0,-1,-1,0.099,0.099,30,33,31,34,1,4,1,1,5,1.0,1.05,0.27,0.27,57.4,1.5468238598106845,15.357215968649903,25.97682711507229,41.66505360092461,25.86152607033036,pitcher
FF,2024-07-02,99.0,-0.02,6.56,"Megill, Trevor",553869,656730,,swinging_strike,,,,,14.0,,R,R,R,COL,MIL,S,,,2,1,2024,-0.33,1.23,0.97997562641218,2.12808616774765,,,641857.0,2,9,Bot,,,,,,,3.5068740341778075,-144.07736072325295,-9.688630394421288,-5.289278488527782,28.471894301107177,-13.05839831307304,3.17,1.45,,,,100.3,2519.0,6.7,746537,661388,656555,668930,655316,642715,694192,663368,669003,53.82,,,,,,,,84,4,4-Seam Fastball,3,4,3,4,4,3,3,4,Standard,Strategic,202.0,-0.008,-0.072,79.2,7.4,0.72565206,,0.072,,-1,-1,0.107,0.107,30,33,31,34,1,4,1,1,5,1.0,1.06,0.33,0.33,53.4,12.886931899310603,0.4854794586942961,23.76145010811082,47.07033856817206,34.53483980998174,pitcher
FF,2024-07-02,99.7,-0.08,6.58,"Megill, Trevor",553869,656730,,swinging_strike,,,,,14.0,,R,R,R,COL,MIL,S,,,2,0,2024,-0.26,1.3,1.589860967248521,2.057092674269535,,,641857.0,2,9,Bot,,,,,,,5.242886212659342,-144.9599374989922,-10.236050880508524,-4.69789351013626,28.496077539188985,-11.72199693896311,3.17,1.45,,,,101.1,2483.0,6.7,746537,661388,656555,668930,655316,642715,694192,663368,669003,53.76,,,,,,,,84,3,4-Seam Fastball,3,4,3,4,4,3,3,4,Standard,Strategic,200.0,-0.015,-0.048,38.8,5.9,11.90880468,,0.048,,-1,-1,0.122,0.122,30,33,31,34,1,4,1,1,5,1.0,0.96,0.26,0.26,53.5,-9.39271590279692,25.41312647747062,26.1435051733384,56.26194525367711,15.010723101213282,pitcher
FF,2024-07-02,97.5,-0.11,6.62,"Megill, Trevor",553869,656730,,blocked_ball,,,,,14.0,,R,R,R,COL,MIL,B,,,1,0,2024,-0.08,1.05,1.6632687592492004,0.9634944533453352,,,641857.0,2,9,Bot,,,,,,,5.010446546275212,-141.72052352580147,-12.314637325824012,-1.9997035793596376,25.83213718057817,-15.655877749424771,3.1244795118867,1.40258622463795,,,,99.3,2408.0,6.9,746537,661388,656555,668930,655316,642715,694192,663368,669003,53.6,,,,,,,,84,2,4-Seam Fastball,3,4,3,4,4,3,3,4,Standard,Strategic,197.0,0.015,0.05,,,,,-0.05,,-1,-1,0.107,0.107,30,33,31,34,1,4,1,1,5,1.0,1.31,0.08,0.08,53.6,,,,,,pitcher
FF,2024-07-02,98.3,-0.24,6.63,"Megill, Trevor",553869,656730,,ball,,,,,14.0,,R,R,R,COL,MIL,B,,,0,0,2024,-0.16,1.12,1.2296104298054715,2.130003833952898,,,641857.0,2,9,Bot,,,,,,,4.375807685656912,-143.13852133417916,-9.535528472985458,-2.952821038256489,25.066464582981453,-14.95018972559076,3.05618112024347,1.44618837543502,,,,100.1,2519.0,6.7,746537,661388,656555,668930,655316,642715,694192,663368,669003,53.77,,,,,,,,84,1,4-Seam Fastball,3,4,3,4,4,3,3,4,Standard,Strategic,196.0,0.008,0.034,,,,,-0.034,,-1,-1,0.099,0.099,30,33,31,34,1,4,1,1,5,1.0,1.19,0.16,0.16,54.4,,,,,,pitcher
FF,2024-07-02,100.1,-0.11,6.49,"Megill, Trevor",641857,656730,single,hit_into_play,,,,,7.0,Ryan McMahon singles on a sharp line drive to center fielder Blake Perkins.,R,L,R,COL,MIL,X,8.0,line_drive,0,2,2024,-0.21,1.45,-0.3229630338062577,1.641374865874969,,,,2,9,Bot,110.72,62.1,,,,,-0.0862442796641226,-145.44606910005947,-11.546864460726354,-2.953103719220074,30.819745888657074,-9.163845069952986,3.49,1.62,266.0,106.8,9.0,101.1,2579.0,6.7,746537,661388,656555,668930,655316,642715,694192,663368,669003,53.8,0.8,0.761,0.9,1.0,1.0,0.0,4.0,83,3,4-Seam Fastball,3,4,3,4,4,3,3,4,Standard,Strategic,200.0,0.052,0.431,,,,0.958,-0.431,106.8,-1,-1,0.047,0.047,30,29,31,30,1,4,1,1,5,1.0,0.81,0.21,-0.21,53.3,,,,,,pitcher
FF,2024-07-02,97.7,-0.2,6.59,"Megill, Trevor",641857,656730,,called_strike,,,,,4.0,,R,L,R,COL,MIL,S,,,0,1,2024,-0.43,1.09,-0.5245578016434344,2.173563858668368,,,,2,9,Bot,,,,,,,0.0992200156478404,-142.23133108069035,-9.062362894070638,-5.895622165442202,26.869629618402698,-15.702282118747124,3.44853680194714,1.52778756835474,,,,99.2,2484.0,6.7,746537,661388,656555,668930,655316,642715,694192,663368,669003,53.81,,,,,,,,83,2,4-Seam Fastball,3,4,3,4,4,3,3,4,Strategic,Strategic,198.0,0.0,-0.058,,,,,0.058,,-1,-1,0.047,0.047,30,29,31,30,1,4,1,1,5,1.0,1.27,0.43,-0.43,51.7,,,,,,pitcher
FF,2024-07-02,99.3,-0.23,6.59,"Megill, Trevor",641857,656730,,called_strike,,,,,5.0,,R,L,R,COL,MIL,S,,,0,0,2024,-0.29,1.31,-0.1647580726422098,2.8685870564660227,,,,2,9,Bot,,,,,,,0.8586241400821192,-144.62085989835592,-8.024715911804618,-4.325574952731259,28.01008897340641,-12.171093253341551,3.47287885843533,1.59255690368204,,,,101.0,2543.0,6.8,746537,661388,656555,668930,655316,642715,694192,663368,669003,53.69,,,,,,,,83,1,4-Seam Fastball,3,4,3,4,4,3,3,4,Standard,Strategic,196.0,0.0,-0.041,,,,,0.041,,-1,-1,0.047,0.047,30,29,31,30,1,4,1,1,5,1.0,0.97,0.29,-0.29,52.4,,,,,,pitcher
FF,2024-07-02,99.6,-0.12,6.57,"Megill, Trevor",663898,656730,strikeout,swinging_strike,,,,,12.0,Brendan Rodgers strikes out swinging.,R,R,R,COL,MIL,S,2.0,,2,2,2024,-0.35,1.25,0.3459097165200025,3.844961464081416,,,,1,9,Bot,,,,,,,2.1161240652308915,-145.15480477060103,-5.140640110369838,-5.444861104302319,29.690473264090077,-13.418342583532697,3.4,1.59,,,,100.9,2608.0,6.7,746537,661388,656555,668930,655316,642715,694192,663368,669003,53.85,,0.0,0.0,1.0,0.0,0.0,,82,6,4-Seam Fastball,3,4,3,4,4,3,3,4,Standard,Strategic,198.0,-0.058,-0.225,,,,,0.225,,-1,-1,0.105,0.105,30,27,31,28,1,4,1,1,5,1.0,1.01,0.35,0.35,54.4,,,,,,pitcher
FF,2024-07-02,100.1,-0.2,6.57,"Megill, Trevor",663898,656730,,foul,,,,,4.0,,R,R,R,COL,MIL,S,,,2,2,2024,-0.42,1.25,-0.4968171424772913,2.6232894243708307,,,,1,9,Bot,,,,,,,0.1899806402176195,-145.78446247903628,-8.637006800742354,-6.162968200415599,26.248155952855868,-12.67744496203517,3.4,1.59,181.0,64.0,47.0,101.6,2503.0,6.6,746537,661388,656555,668930,655316,642715,694192,663368,669003,53.94,,,,,,,,82,5,4-Seam Fastball,3,4,3,4,4,3,3,4,Standard,Strategic,202.0,0.0,0.0,69.6,6.6,,,0.0,88.0,-1,-1,0.105,0.105,30,27,31,28,1,4,1,1,5,1.0,0.98,0.42,0.42,52.4,-4.999063131476319,7.5969901678819,35.39745791289298,31.24411575473929,25.7116742751837,pitcher
KC,2024-07-02,86.1,-0.11,6.46,"Megill, Trevor",663898,656730,,ball,,,,,14.0,,R,R,R,COL,MIL,B,,,1,2,2024,0.17,-0.54,0.7828235138294672,0.2901420064260298,,,,1,9,Bot,,,,,,,1.7937937621809374,-125.46590595056708,-7.498419398079223,1.5401511034163065,21.556643564246997,-36.8850637716268,3.38650182158226,1.63187748803502,,,,87.8,2908.0,7.0,746537,661388,656555,668930,655316,642715,694192,663368,669003,53.53,,,,,,,,82,4,Knuckle Curve,3,4,3,4,4,3,3,4,Standard,Strategic,359.0,0.01,0.043,,,,,-0.043,,-1,-1,0.095,0.095,30,27,31,28,1,4,1,1,5,1.0,3.57,-0.17,-0.17,55.2,,,,,,pitcher
KC,2024-07-02,87.6,-0.02,6.58,"Megill, Trevor",663898,656730,,ball,,,,,14.0,,R,R,R,COL,MIL,B,,,0,2,2024,0.57,-0.55,1.0701524664705344,-1.527176462449472,,,,1,9,Bot,,,,,,,1.4783353368715502,-127.18139712994352,-12.404782163716016,5.936416593649676,22.604995614886207,-36.223814042620816,3.34700068306908,1.53323578403675,,,,88.4,2987.0,6.6,746537,661388,656555,668930,655316,642715,694192,663368,669003,53.88,,,,,,,,82,3,Knuckle Curve,3,4,3,4,4,3,3,4,Standard,Strategic,10.0,0.007,0.02,,,,,-0.02,,-1,-1,0.088,0.088,30,27,31,28,1,4,1,1,5,1.0,3.51,-0.57,-0.57,59.0,,,,,,pitcher
KC,2024-07-02,86.8,-0.22,6.57,"Megill, Trevor",663898,656730,,swinging_strike,,,,,14.0,,R,R,R,COL,MIL,S,,,0,1,2024,0.6,-0.96,0.6744671647604188,0.3508004420849278,,,,1,9,Bot,,,,,,,0.9228929304222891,-126.36621260758666,-6.852743750695619,6.319638672873638,22.87644445014198,-41.46334077956517,3.4,1.59,,,,87.8,2835.0,6.6,746537,661388,656555,668930,655316,642715,694192,663368,669003,53.88,,,,,,,,82,2,Knuckle Curve,3,4,3,4,4,3,3,4,Standard,Strategic,13.0,-0.017,-0.057,74.9,8.5,12.410847096,,0.057,,-1,-1,0.105,0.105,30,27,31,28,1,4,1,1,5,1.0,3.95,-0.6,-0.6,54.9,21.4076621115051,-27.84154101674755,36.68326451548164,45.37122010820106,50.00243886823655,pitcher
FF,2024-07-02,97.2,-0.17,6.66,"Megill, Trevor",663898,656730,,called_strike,,,,,5.0,,R,R,R,COL,MIL,S,,,0,0,2024,-0.23,0.92,-0.2131998047143273,2.301365604179189,,,,1,9,Bot,,,,,,,0.4145915909091943,-141.5059714246312,-8.385857626300064,-3.147854775815964,28.290929344921693,-18.26179586450213,3.55574082316356,1.65519263715282,,,,98.5,2376.0,6.7,746537,661388,656555,668930,655316,642715,694192,663368,669003,53.8,,,,,,,,82,1,4-Seam Fastball,3,4,3,4,4,3,3,4,Standard,Strategic,192.0,-0.01,-0.037,,,,,0.037,,-1,-1,0.115,0.115,30,27,31,28,1,4,1,1,5,1.0,1.47,0.23,0.23,58.4,,,,,,pitcher
FF,2024-07-02,97.8,-0.13,6.69,"Megill, Trevor",678662,656730,field_out,hit_into_play,,,,,5.0,Ezequiel Tovar flies out to center fielder Blake Perkins.,R,R,R,COL,MIL,X,8.0,fly_ball,0,0,2024,-0.54,1.09,0.0828149700105089,2.427161617748265,,,,0,9,Bot,104.26,50.35,,,,,1.8253005420662751,-142.42386219029652,-8.672564081548819,-7.762956669730523,27.295479748886525,-15.628320057114454,3.06,1.35,371.0,99.2,43.0,99.2,2366.0,6.6,746537,661388,656555,668930,655316,642715,694192,663368,669003,53.86,0.066,0.134,0.0,1.0,0.0,0.0,3.0,81,1,4-Seam Fastball,3,4,3,4,4,3,3,4,Standard,Strategic,195.0,-0.089,-0.254,62.0,7.6,,0.253,0.254,99.2,-1,-1,0.204,0.204,30,22,31,23,1,4,1,1,5,2.0,1.25,0.54,0.54,62.5,15.332292437408324,-14.396967236477394,33.858620122003884,34.894811385007515,30.970716240737623,pitcher
FF,2024-07-01,98.1,-0.18,6.61,"Megill, Trevor",663898,656730,field_out,hit_into_play,,,,,9.0,"Brendan Rodgers grounds out, third baseman Joey Ortiz to first baseman Rhys Hoskins.",R,R,R,COL,MIL,X,5.0,ground_ball,0,0,2024,-0.4,1.22,0.6130269791784289,2.051161379457652,678662.0,,641857.0,2,9,Bot,103.51,168.19,,,,,3.086568946701402,-142.81030255175995,-9.808811554700505,-6.115334766255183,27.37106636600241,-13.520841056878496,3.41,1.6,2.0,83.3,-44.0,99.3,2616.0,6.6,746535,606992,656555,668930,687401,642715,592885,669003,686217,53.94,0.083,0.097,0.0,1.0,0.0,0.0,2.0,80,1,4-Seam Fastball,7,7,7,7,7,7,7,7,Standard,Standard,200.0,-0.137,-0.287,66.3,7.3,,0.083,0.287,88.0,0,0,0.637,0.637,30,27,31,28,1,4,3,1,1,1.0,1.11,0.4,0.4,52.6,7.763815148322248,7.944656312982751,32.205205219916685,43.03563284379312,24.257753073521243,pitcher
FF,2024-07-01,98.3,-0.33,6.54,"Megill, Trevor",553869,656730,field_out,hit_into_play,,,,,2.0,Elias Díaz flies out to right fielder Sal Frelick in foul territory. Ezequiel Tovar to 3rd.,R,R,R,COL,MIL,X,9.0,fly_ball,0,1,2024,-0.06,1.17,-0.2408345840406074,3.230187913166393,,678662.0,641857.0,1,9,Bot,210.26,125.29,,,,,0.3943104986362756,-143.31618282221686,-6.369556969482593,-0.9545442741549846,26.922222104757022,-14.80420308262616,3.2,1.46,276.0,83.3,47.0,99.8,2397.0,6.6,746535,606992,656555,668930,687401,642715,592885,669003,686217,53.92,0.008,0.009,0.0,1.0,0.0,0.0,3.0,79,2,4-Seam Fastball,7,7,7,7,7,7,7,7,Standard,Standard,198.0,-0.059,-0.2,67.7,5.9,,0.015,0.2,88.0,0,0,0.696,0.696,30,33,31,34,1,4,3,1,1,1.0,1.14,0.06,0.06,51.2,3.7644769907369295,20.16480502899733,23.619639055149246,32.54534175878841,27.450695913487547,pitcher
FF,2024-07-01,97.6,-0.37,6.52,"Megill, Trevor",553869,656730,,foul,,,,,11.0,,R,R,R,COL,MIL,S,,,0,0,2024,0.08,1.1,-0.4046034866295556,3.5237493257793124,,678662.0,641857.0,1,9,Bot,,,,,,,-0.2846120169623194,-142.2422529753441,-5.194197360878254,1.130451466382058,29.16477096156425,-16.227009461494358,3.2,1.46,,,,98.6,2480.0,6.5,746535,606992,656555,668930,687401,642715,592885,669003,686217,53.96,,,,,,,,79,1,4-Seam Fastball,7,7,7,7,7,7,7,7,Standard,Standard,195.0,-0.014,-0.039,49.1,5.5,,,0.039,,0,0,0.71,0.71,30,33,31,34,1,4,3,1,1,1.0,1.26,-0.08,-0.08,53.3,7.6939319820439005,21.602674288278312,20.43195464203601,30.563508078278204,26.387866385074616,pitcher
FF,2024-07-01,98.6,-0.27,6.66,"Megill, Trevor",641857,656730,single,hit_into_play,,,,,2.0,Ryan McMahon singles on a line drive to right fielder Sal Frelick. Ezequiel Tovar to 2nd.,R,L,R,COL,MIL,X,9.0,line_drive,0,0,2024,-0.28,1.15,0.2168158356320149,3.06583811261732,,,678662.0,1,9,Bot,168.8,82.15,,,,,1.9829855271168384,-143.69906527032683,-7.1156841620874856,-4.358665964724468,28.13138247058028,-14.879905354059227,3.48,1.63,273.0,92.9,16.0,99.7,2455.0,6.5,746535,606992,656555,668930,687401,642715,592885,669003,686217,54.01,0.795,0.775,0.9,1.0,1.0,0.0,4.0,78,1,4-Seam Fastball,7,7,7,7,7,7,7,7,Standard,Strategic,206.0,0.075,0.405,71.4,7.2,,0.985,-0.405,92.9,0,0,0.635,0.635,30,29,31,30,1,4,3,1,1,1.0,1.16,0.28,-0.28,54.4,13.486271832594085,0.6490579423833156,28.413875727511336,40.28453325288997,22.02529646382733,pitcher
FF,2024-07-01,98.8,-0.06,6.57,"Megill, Trevor",678662,656730,field_error,hit_into_play,,,,,2.0,Ezequiel Tovar reaches on a throwing error by third baseman Joey Ortiz.,R,R,R,COL,MIL,X,5.0,ground_ball,2,2,2024,-0.34,1.22,-0.2491010780339856,2.7351603653267085,,,,1,9,Bot,93.7,159.8,,,,,0.2882456920759193,-143.90775844030068,-7.986355695341916,-4.8655472160276,29.048629771658952,-13.650131829218346,3.06,1.35,36.0,100.3,-3.0,100.1,2467.0,6.7,746535,606992,656555,668930,687401,642715,592885,669003,686217,53.82,0.318,0.319,0.9,1.0,0.0,0.0,2.0,77,6,4-Seam Fastball,7,7,7,7,7,7,7,7,Standard,Standard,197.0,0.06,0.49,73.8,7.3,,0.34,-0.49,100.3,0,0,0.575,0.575,30,22,31,23,1,4,3,1,1,1.0,1.09,0.34,0.34,52.7,12.595306328392624,-11.455652020719157,28.33480880558948,32.15150426178109,34.72204634653016,pitcher
KC,2024-07-01,88.5,-0.29,6.52,"Megill, Trevor",678662,656730,,ball,,,,,14.0,,R,R,R,COL,MIL,B,,,1,2,2024,0.44,-0.49,0.8639757099918317,-1.4736307553048449,,,,1,9,Bot,,,,,,,1.9201046604315364,-128.5168662168579,-12.498565502631523,4.484226288321785,24.676647122009992,-35.468268725083945,2.91405696099927,1.21054607113949,,,,89.3,2813.0,6.8,746535,606992,656555,668930,687401,642715,592885,669003,686217,53.75,,,,,,,,77,5,Knuckle Curve,7,7,7,7,7,7,7,7,Standard,Standard,360.0,0.007,0.043,,,,,-0.043,,0,0,0.568,0.568,30,22,31,23,1,4,3,1,1,1.0,3.4,-0.44,-0.44,54.3,,,,,,pitcher
KC,2024-07-01,86.8,-0.21,6.65,"Megill, Trevor",678662,656730,,foul,,,,,1.0,,R,R,R,COL,MIL,S,,,1,2,2024,0.52,-0.4,-0.7258228071357613,3.0914513049014416,,,,1,9,Bot,,,,,,,-2.314230273898249,-126.48251680873084,-1.606914198179011,6.083720838515744,22.79370954739076,-36.406694021708375,3.06,1.35,141.0,56.4,55.0,87.6,2738.0,6.5,746535,606992,656555,668930,687401,642715,592885,669003,686217,54.04,,,,,,,,77,4,Knuckle Curve,7,7,7,7,7,7,7,7,Standard,Standard,29.0,0.0,0.0,63.1,5.8,,,0.0,88.0,0,0,0.568,0.568,30,22,31,23,1,4,3,1,1,1.0,3.39,-0.52,-0.52,57.9,-3.079987372693469,9.974907733307374,34.29421294908782,25.592485438050588,18.994200785311385,pitcher
FF,2024-07-01,98.4,-0.21,6.57,"Megill, Trevor",678662,656730,,foul,,,,,2.0,,R,R,R,COL,MIL,S,,,1,1,2024,-0.3,1.22,-0.2367142274468473,2.6686143625178715,,,,1,9,Bot,,,,,,,0.6278385054648363,-143.2587604543209,-8.067264802112069,-4.294746582587737,27.78210991962913,-13.807875376827065,3.06,1.35,238.0,74.8,29.0,99.5,2495.0,6.5,746535,606992,656555,668930,687401,642715,592885,669003,686217,54.0,,,,,,,,77,3,4-Seam Fastball,7,7,7,7,7,7,7,7,Standard,Standard,195.0,-0.012,-0.061,74.0,7.0,,,0.061,88.0,0,0,0.58,0.58,30,22,31,23,1,4,3,1,1,1.0,1.1,0.3,0.3,54.1,3.997201982478204,3.444437002488928,35.53744581301584,32.12994552014407,22.50748246857731,pitcher
FF,2024-07-01,100.2,-0.28,6.66,"Megill, Trevor",678662,656730,,swinging_strike,,,,,2.0,,R,R,R,COL,MIL,S,,,1,0,2024,-0.42,1.08,-0.1219660957088277,3.100025421761825,,,,1,9,Bot,,,,,,,1.4347248304837967,-146.0110474985688,-7.155618730863865,-6.353517296697953,28.788603266596155,-15.300350411681128,3.06,1.35,,,,101.3,2515.0,6.5,746535,606992,656555,668930,687401,642715,592885,669003,686217,54.04,,,,,,,,77,2,4-Seam Fastball,7,7,7,7,7,7,7,7,Standard,Standard,197.0,-0.007,-0.051,67.2,5.7,0.372919824,,0.051,,0,0,0.587,0.587,30,22,31,23,1,4,3,1,1,1.0,1.15,0.42,0.42,54.0,-13.51642544482335,34.50747013257391,37.0765489656588,32.75815030999059,3.878172430879101,pitcher
FF,2024-07-01,99.6,-0.4,6.59,"Megill, Trevor",678662,656730,,ball,,,,,11.0,,R,R,R,COL,MIL,B,,,0,0,2024,-0.36,1.23,-1.4734417213637994,3.2284645359964874,,,,1,9,Bot,,,,,,,-2.100765342077437,-145.11159394721378,-6.8291804882716285,-4.748330123191931,28.947438596222007,-13.458047148111648,3.06128962458527,1.54246666135982,,,,100.7,2483.0,6.5,746535,606992,656555,668930,687401,642715,592885,669003,686217,53.98,,,,,,,,77,1,4-Seam Fastball,7,7,7,7,7,7,7,7,Standard,Standard,202.0,0.005,0.039,,,,,-0.039,,0,0,0.582,0.582,30,22,31,23,1,4,3,1,1,1.0,1.04,0.36,0.36,52.6,,,,,,pitcher
KC,2024-07-01,86.4,-0.17,6.7,"Megill, Trevor",453568,656730,field_out,hit_into_play,,,,,3.0,Charlie Blackmon grounds out to pitcher Trevor Megill.,R,L,R,COL,MIL,X,1.0,ground_ball,2,2,2024,0.55,-0.92,0.3022821973144216,3.291294680349425,,,,0,9,Bot,133.66,176.2,,,,,0.0012438796778287,-125.99357919637544,-0.1089948016483257,5.912822127990936,23.41689094918741,-42.21236489113998,3.52,1.65,4.0,63.3,-39.0,87.0,2910.0,6.3,746535,606992,656555,668930,687401,642715,592885,669003,686217,54.15,0.151,0.136,0.0,1.0,0.0,0.0,2.0,76,5,Knuckle Curve,7,7,7,7,7,7,7,7,Strategic,Strategic,25.0,-0.048,-0.227,61.6,6.2,,0.153,0.227,88.0,0,0,0.63,0.63,30,37,31,38,1,4,3,1,1,1.0,3.94,-0.55,0.55,55.5,9.8048592205205,12.244299466541424,18.94209488754805,36.40277477597992,26.774903526933347,pitcher
KC,2024-07-01,86.1,-0.37,6.69,"Megill, Trevor",453568,656730,,ball,,,,,11.0,,R,L,R,COL,MIL,B,,,1,2,2024,0.59,-0.7,-1.0833794932512175,4.633178969456017,,,,0,9,Bot,,,,,,,-2.891950131029367,-125.5487407117849,2.6643283800225346,6.824881466113509,21.24817306777196,-40.31637588187299,3.56392805054473,1.67357902298055,,,,87.0,2932.0,6.4,746535,606992,656555,668930,687401,642715,592885,669003,686217,54.14,,,,,,,,76,4,Knuckle Curve,7,7,7,7,7,7,7,7,Strategic,Strategic,39.0,0.008,0.04,,,,,-0.04,,0,0,0.622,0.622,30,37,31,38,1,4,3,1,1,1.0,3.72,-0.59,0.59,56.1,,,,,,pitcher
FF,2024-07-01,98.7,-0.3,6.69,"Megill, Trevor",453568,656730,,foul,,,,,4.0,,R,L,R,COL,MIL,S,,,1,1,2024,-0.37,1.13,-0.4283725863528195,2.760988641030629,,,,0,9,Bot,,,,,,,0.5110576571016291,-143.71685398839762,-7.9940274327742,-5.247955113056557,27.96458619970195,-14.953712005202386,3.52,1.65,184.0,83.2,15.0,99.8,2480.0,6.5,746535,606992,656555,668930,687401,642715,592885,669003,686217,54.0,,,,,,,,76,3,4-Seam Fastball,7,7,7,7,7,7,7,7,Standard,Strategic,198.0,-0.014,-0.056,66.3,6.9,,,0.056,88.0,0,0,0.636,0.636,30,37,31,38,1,4,3,1,1,1.0,1.18,0.37,-0.37,55.1,3.286809117175029,4.240068655310666,25.933526005156622,45.87592972032744,23.01565893132113,pitcher
FF,2024-07-01,99.2,-0.3,6.71,"Megill, Trevor",453568,656730,,ball,,,,,11.0,,R,L,R,COL,MIL,B,,,0,1,2024,-0.5,0.98,-0.5937847027083342,4.056735980017873,,,,0,9,Bot,,,,,,,0.3644838055319016,-144.59372148657735,-4.235217189651048,-7.179367187036969,28.22843065775085,-17.62528218341082,3.51325934264189,1.62249422152126,,,,100.3,2403.0,6.4,746535,606992,656555,668930,687401,642715,592885,669003,686217,54.06,,,,,,,,76,2,4-Seam Fastball,7,7,7,7,7,7,7,7,Standard,Strategic,202.0,0.006,0.025,,,,,-0.025,,0,0,0.63,0.63,30,37,31,38,1,4,3,1,1,1.0,1.3,0.5,-0.5,52.1,,,,,,pitcher
KC,2024-07-01,85.6,-0.39,6.63,"Megill, Trevor",453568,656730,,called_strike,,,,,5.0,,R,L,R,COL,MIL,S,,,0,0,2024,0.13,-0.71,-0.2489649103427995,2.6254482812798448,,,,0,9,Bot,,,,,,,0.0643157418529345,-124.81864056393316,-1.8493172489443717,1.4087413632750674,22.2721802491048,-39.48054467954599,3.41447914487264,1.44964018325069,,,,86.6,2868.0,6.6,746535,606992,656555,668930,687401,642715,592885,669003,686217,53.94,,,,,,,,76,1,Knuckle Curve,7,7,7,7,7,7,7,7,Standard,Strategic,25.0,-0.009,-0.037,,,,,0.037,,0,0,0.639,0.639,30,37,31,38,1,4,3,1,1,1.0,3.78,-0.13,0.13,55.6,,,,,,pitcher
KC,2024-06-28,87.4,-0.42,6.51,"Megill, Trevor",691718,656730,field_out,hit_into_play,,,,,9.0,"Pete Crow-Armstrong grounds out, second baseman Brice Turang to first baseman Rhys Hoskins.",R,L,R,MIL,CHC,X,4.0,ground_ball,0,0,2024,0.95,-0.6,0.4612293842372136,1.795017160175329,,,,2,9,Top,154.31,155.98,,,,,0.1626031404167723,-127.22424054932137,-3.976943100474744,10.281389453732931,26.818090808355556,-38.02100246945218,3.28,1.5,11.0,87.1,-9.0,87.6,2684.0,6.5,745970,661388,656555,668930,655316,642715,694192,663368,686217,54.02,0.218,0.215,0.0,1.0,0.0,0.0,2.0,66,1,Knuckle Curve,4,2,2,4,2,4,2,4,Standard,Standard,22.0,0.012,-0.256,68.5,6.8,,0.225,0.256,88.0,2,-2,0.988,0.012,30,22,31,22,1,3,2,1,3,1.0,3.58,-0.95,0.95,53.1,11.54527376276642,13.99880469752999,38.68042986167814,29.495108869140907,28.23449477625337,pitcher
FF,2024-06-28,98.6,-0.06,6.62,"Megill, Trevor",621020,656730,field_out,hit_into_play,,,,,3.0,Dansby Swanson pops out to first baseman Rhys Hoskins in foul territory.,R,R,R,MIL,CHC,X,3.0,popup,0,2,2024,-0.63,1.37,0.6668085236668642,3.6214019528927577,,,,1,9,Top,177.15,166.67,,,,,3.456724994288814,-143.4825326320909,-5.92464394762033,-9.557948365418536,32.68337455251054,-12.109048642992294,3.6,1.65,148.0,90.3,68.0,99.2,2479.0,6.6,745970,661388,656555,668930,655316,642715,694192,663368,686217,53.92,0.005,0.005,0.0,1.0,0.0,0.0,3.0,65,4,4-Seam Fastball,4,2,2,4,2,4,2,4,Standard,Standard,202.0,0.015,-0.162,69.9,6.9,,0.007,0.162,90.3,2,-2,0.973,0.027,30,30,31,30,1,3,2,1,3,1.0,0.97,0.63,0.63,54.9,14.282713525060974,10.751444436429422,23.55058426435957,43.55669276772181,22.896680219839887,pitcher
FF,2024-06-28,99.6,0.01,6.48,"Megill, Trevor",621020,656730,,foul,,,,,5.0,,R,R,R,MIL,CHC,S,,,0,2,2024,-0.74,1.57,-0.2595946557891099,2.822377655957192,,,,1,9,Top,,,,,,,1.0139048401972266,-144.85579348199892,-8.388806047368194,-10.62881325658422,33.846644564823755,-8.295248497296479,3.6,1.65,4.0,83.1,-36.0,100.4,2534.0,6.7,745970,661388,656555,668930,655316,642715,694192,663368,686217,53.75,,,,,,,,65,3,4-Seam Fastball,4,2,2,4,2,4,2,4,Standard,Standard,203.0,0.0,0.0,72.8,7.2,,,0.0,88.0,2,-2,0.973,0.027,30,30,31,30,1,3,2,1,3,1.0,0.73,0.74,0.74,53.6,16.740270858946758,-13.041490394823244,35.34957562876612,31.99976853936841,34.33947908815968,pitcher
KC,2024-06-28,86.8,-0.21,6.46,"Megill, Trevor",621020,656730,,called_strike,,,,,9.0,,R,R,R,MIL,CHC,S,,,0,1,2024,0.53,-0.72,0.675296473446449,2.132919667062284,,,,1,9,Top,,,,,,,1.0383807056219958,-126.47233940109538,-2.713230901256554,5.435726834460994,26.048541394908305,-39.57841692358922,3.58975038207349,1.65497607401621,,,,87.6,2788.0,6.7,745970,661388,656555,668930,655316,642715,694192,663368,686217,53.77,,,,,,,,65,2,Knuckle Curve,4,2,2,4,2,4,2,4,Standard,Standard,29.0,0.006,-0.057,,,,,0.057,,2,-2,0.967,0.033,30,30,31,30,1,3,2,1,3,1.0,3.74,-0.53,-0.53,55.6,,,,,,pitcher
KC,2024-06-28,87.7,-0.36,6.4,"Megill, Trevor",621020,656730,,swinging_strike,,,,,14.0,,R,R,R,MIL,CHC,S,,,0,0,2024,0.14,-0.67,0.5619116558154508,-0.7635950152063162,,,,1,9,Top,,,,,,,1.954627099797526,-127.51903432489482,-9.910740516163209,1.1017826475181465,24.740040715994017,-37.75175106813557,3.6,1.65,,,,88.6,2723.0,6.8,745970,661388,656555,668930,655316,642715,694192,663368,686217,53.75,,,,,,,,65,1,Knuckle Curve,4,2,2,4,2,4,2,4,Standard,Standard,359.0,0.004,-0.037,,,,,0.037,,2,-2,0.963,0.037,30,30,31,30,1,3,2,1,3,1.0,3.62,-0.14,-0.14,53.5,,,,,,pitcher
FF,2024-06-28,100.5,-0.06,6.51,"Megill, Trevor",666624,656730,field_out,hit_into_play,,,,,8.0,"Christopher Morel grounds out, second baseman Brice Turang to first baseman Rhys Hoskins.",R,R,R,MIL,CHC,X,4.0,ground_ball,2,2,2024,-0.62,1.26,-0.0392296089472991,2.2938056478158093,,,,0,9,Top,140.6,146.32,,,,,1.5381538510278554,-146.15679764046214,-9.355672594334283,-9.26124608278945,33.574631702389105,-12.132451956596398,3.7,1.66,11.0,97.7,-11.0,101.1,2449.0,6.6,745970,661388,656555,668930,655316,642715,694192,663368,686217,53.92,0.25,0.229,0.0,1.0,0.0,0.0,2.0,64,6,4-Seam Fastball,4,2,2,4,2,4,2,4,Infield shade,Standard,202.0,0.033,-0.227,74.1,7.4,,0.272,0.227,97.7,2,-2,0.93,0.07,30,25,31,25,1,3,2,1,3,1.0,0.99,0.62,0.62,53.8,0.8932429429971719,20.730262948494232,25.83913896223657,38.28493048779207,15.710545529692096,pitcher
FF,2024-06-28,99.2,-0.06,6.46,"Megill, Trevor",666624,656730,,foul,,,,,2.0,,R,R,R,MIL,CHC,S,,,2,2,2024,-0.46,1.38,-0.2455853325195973,3.4166615623771355,,,,0,9,Top,,,,,,,0.570464137495002,-144.44288453537183,-6.229481469368101,-6.635009251113143,30.88474447295612,-11.565128404393814,3.7,1.66,214.0,80.1,64.0,100.4,2360.0,6.7,745970,661388,656555,668930,655316,642715,694192,663368,686217,53.79,,,,,,,,64,5,4-Seam Fastball,4,2,2,4,2,4,2,4,Infield shade,Strategic,204.0,0.0,0.0,75.3,7.8,,,0.0,88.0,2,-2,0.93,0.07,30,25,31,25,1,3,2,1,3,1.0,0.92,0.46,0.46,53.2,18.43959781682261,0.0036127941973969,20.602779358610224,34.984700710423546,26.81574102863678,pitcher
KC,2024-06-28,87.3,-0.25,6.57,"Megill, Trevor",666624,656730,,ball,,,,,14.0,,R,R,R,MIL,CHC,B,,,1,2,2024,0.6,-0.6,0.1358802030893693,1.281234097095246,,,,0,9,Top,,,,,,,-0.303903597773786,-127.2684883650932,-5.459292164597314,6.628619573528417,23.82191665549714,-37.88844494955799,3.6999993202693,1.73054726997102,,,,88.2,2853.0,6.5,745970,661388,656555,668930,655316,642715,694192,663368,686217,53.95,,,,,,,,64,4,Knuckle Curve,4,2,2,4,2,4,2,4,Infield shade,Strategic,26.0,-0.006,0.04,,,,,-0.04,,2,-2,0.936,0.064,30,25,31,25,1,3,2,1,3,1.0,3.56,-0.6,-0.6,55.4,,,,,,pitcher
KC,2024-06-28,88.8,-0.14,6.5,"Megill, Trevor",666624,656730,,ball,,,,,13.0,,R,R,R,MIL,CHC,B,,,0,2,2024,0.01,-0.44,-0.5598814033443178,-0.4870248272073882,,,,0,9,Top,,,,,,,-1.0503273197300074,-129.04542423930934,-10.161224378012747,0.3280328010694866,26.082850519415505,-35.293972775378414,3.6999998328418,1.68373250637262,,,,89.4,2820.0,6.6,745970,661388,656555,668930,655316,642715,694192,663368,686217,53.85,,,,,,,,64,3,Knuckle Curve,4,2,2,4,2,4,2,4,Infield shade,Strategic,14.0,-0.004,0.023,,,,,-0.023,,2,-2,0.94,0.06,30,25,31,25,1,3,2,1,3,1.0,3.34,-0.01,-0.01,53.5,,,,,,pitcher
FF,2024-06-28,98.8,-0.11,6.59,"Megill, Trevor",666624,656730,,called_strike,,,,,6.0,,R,R,R,MIL,CHC,S,,,0,1,2024,-0.42,1.36,0.4671957011925259,3.0568546397242917,,,,0,9,Top,,,,,,,2.580217581993259,-143.7533955033636,-7.404930413833523,-6.461576005703594,33.25405417561656,-11.76958936436151,3.69999857638224,1.80464567471634,,,,99.5,2424.0,6.7,745970,661388,656555,668930,655316,642715,694192,663368,686217,53.8,,,,,,,,64,2,4-Seam Fastball,4,2,2,4,2,4,2,4,Infield shade,Strategic,203.0,0.01,-0.054,,,,,0.054,,2,-2,0.93,0.07,30,25,31,25,1,3,2,1,3,1.0,0.97,0.42,0.42,54.3,,,,,,pitcher
FF,2024-06-28,99.2,-0.35,6.6,"Megill, Trevor",666624,656730,,foul,,,,,1.0,,R,R,R,MIL,CHC,S,,,0,0,2024,-0.36,1.51,-0.4058621167470672,3.227160678226759,,,,0,9,Top,,,,,,,0.6926438511530089,-144.32543935476173,-7.386935051716128,-5.143333333545078,33.32388312870385,-9.592966147176195,3.7,1.66,43.0,78.7,7.0,99.8,2602.0,6.6,745970,661388,656555,668930,655316,642715,694192,663368,686217,53.87,,,,,,,,64,1,4-Seam Fastball,4,2,2,4,2,4,2,4,Infield shade,Strategic,205.0,0.006,-0.037,75.0,7.1,,,0.037,88.0,2,-2,0.924,0.076,30,25,31,25,1,3,2,1,3,1.0,0.81,0.36,0.36,59.2,11.1576474270426,16.117597617272512,22.89413929002401,33.64233267666376,17.598779934786144,pitcher
FF,2024-06-26,99.9,-0.33,6.52,"Megill, Trevor",665750,656730,field_out,hit_into_play,,,,,2.0,Leody Taveras flies out to left fielder Christian Yelich in foul territory.,R,L,R,MIL,TEX,X,7.0,fly_ball,0,2,2024,-0.36,1.4,0.1622673572132719,3.5898087936730114,,,,2,9,Top,54.68,134.29,,,,,2.226358420439729,-145.41036858281726,-6.01429037023263,-5.692761888709817,35.50954935451015,-11.148887257928942,3.65,1.71,239.0,79.8,49.0,100.5,2539.0,6.7,745975,661388,641343,668930,655316,642715,592885,686217,694192,53.81,0.05,0.062,0.0,1.0,0.0,0.0,3.0,73,3,4-Seam Fastball,5,5,5,5,5,5,5,5,Standard,Standard,196.0,0.02,-0.157,68.2,5.9,,0.085,0.157,88.0,0,0,0.619,0.381,30,25,31,26,1,0,2,1,2,1.0,0.89,0.36,-0.36,51.7,-5.944481502851729,10.188112578390207,24.24990139308937,34.03859061535162,25.620246746250928,pitcher
KC,2024-06-26,88.5,-0.45,6.5,"Megill, Trevor",665750,656730,,swinging_strike,,,,,14.0,,R,L,R,MIL,TEX,S,,,0,1,2024,0.57,-0.61,0.6055730908586294,0.8181674853960965,,,,2,9,Top,,,,,,,1.3869935959552762,-128.7269216362256,-6.490434096851361,6.000696688987026,28.838614849972508,-37.64413482510012,3.65,1.71,,,,88.5,2754.0,6.5,745975,661388,641343,668930,655316,642715,592885,686217,694192,53.99,,,,,,,,73,2,Knuckle Curve,5,5,5,5,5,5,5,5,Standard,Standard,19.0,0.009,-0.058,72.8,8.4,12.00096582,,0.058,,0,0,0.61,0.39,30,25,31,26,1,0,2,1,2,1.0,3.54,-0.57,0.57,56.4,26.37781406268261,-39.71359723587125,36.23758669754718,28.739042424464365,57.90707445253604,pitcher
FF,2024-06-26,99.5,-0.43,6.5,"Megill, Trevor",665750,656730,,called_strike,,,,,4.0,,R,L,R,MIL,TEX,S,,,0,0,2024,-0.43,1.55,-0.6057128747917266,2.937532307603194,,,,2,9,Top,,,,,,,0.5299792099026988,-144.66582648210394,-8.006274548852112,-6.206914486978772,35.24716547512385,-8.763199142864126,3.65260019346863,1.76935294130801,,,,99.8,2428.0,6.6,745975,661388,641343,668930,655316,642715,592885,686217,694192,53.88,,,,,,,,73,1,4-Seam Fastball,5,5,5,5,5,5,5,5,Standard,Standard,203.0,0.005,-0.041,,,,,0.041,,0,0,0.605,0.395,30,25,31,26,1,0,2,1,2,1.0,0.77,0.43,-0.43,52.1,,,,,,pitcher
FF,2024-06-26,98.8,-0.35,6.52,"Megill, Trevor",543760,656730,grounded_into_double_play,hit_into_play,,,,,3.0,"Marcus Semien grounds into a double play, shortstop Willy Adames to second baseman Brice Turang to first baseman Jake Bauers. Davis Wendzel out at 2nd. Marcus Semien out at 1st.",R,R,R,MIL,TEX,X,6.0,ground_ball,2,2,2024,-0.09,1.3,0.7244019167227743,2.824879681276186,,,673995.0,0,9,Top,116.1,155.18,,,,,3.166513807804127,-143.73676869448846,-7.700392699567588,-1.9824103156333657,34.028704057358375,-12.553657193344147,3.32,1.64,24.0,77.8,-5.0,99.5,2434.0,6.7,745975,661388,641343,668930,655316,642715,592885,686217,694192,53.77,0.103,0.11,0.0,1.0,0.0,0.0,2.0,72,6,4-Seam Fastball,5,5,5,5,5,5,5,5,Standard,Standard,195.0,0.174,-0.34,69.7,7.3,,0.107,0.34,88.0,0,0,0.431,0.569,30,33,31,34,1,4,2,1,2,1.0,1.04,0.09,0.09,54.9,8.035260483478831,2.9972796594379982,24.97116968521607,41.35191419117728,26.878600979536643,pitcher
KC,2024-06-26,87.4,-0.5,6.56,"Megill, Trevor",543760,656730,,ball,,,,,9.0,,R,R,R,MIL,TEX,B,,,1,2,2024,0.27,-0.61,0.5783819008653297,1.6749215141746654,,,673995.0,0,9,Top,,,,,,,2.051509337411024,-127.35339365393088,-4.412813251535029,2.5248740684886224,25.29295457535698,-38.18077335158589,3.19907453754646,1.53142631685893,,,,88.0,2854.0,6.5,745975,661388,641343,668930,655316,642715,592885,686217,694192,53.99,,,,,,,,72,5,Knuckle Curve,5,5,5,5,5,5,5,5,Standard,Standard,41.0,-0.012,0.045,,,,,-0.045,,0,0,0.443,0.557,30,33,31,34,1,4,2,1,2,1.0,3.58,-0.27,-0.27,53.0,,,,,,pitcher
FF,2024-06-26,100.1,-0.49,6.5,"Megill, Trevor",543760,656730,,foul,,,,,8.0,,R,R,R,MIL,TEX,S,,,1,2,2024,-0.85,1.45,-0.0665412038541395,1.8174057956223344,,,673995.0,0,9,Top,,,,,,,3.184570249519396,-145.42820969911784,-11.011122743229322,-12.807648667585134,33.46276263884851,-9.254606814731105,3.32,1.64,,,,100.7,2516.0,6.7,745975,661388,641343,668930,655316,642715,592885,686217,694192,53.84,,,,,,,,72,4,4-Seam Fastball,5,5,5,5,5,5,5,5,Standard,Standard,208.0,0.0,0.0,67.2,7.9,,,0.0,,0,0,0.443,0.557,30,33,31,34,1,4,2,1,2,1.0,0.83,0.85,0.85,50.0,12.057440360202673,-4.004539468494173,32.25632484159597,30.64675445535556,24.08768948136661,pitcher
FF,2024-06-26,99.1,-0.37,6.54,"Megill, Trevor",543760,656730,,foul,,,,,11.0,,R,R,R,MIL,TEX,S,,,1,1,2024,-0.19,1.59,-0.1765252773306148,3.5725843890075923,,,673995.0,0,9,Top,,,,,,,0.9874111891818907,-144.2292340139023,-6.444624823776223,-2.928697591267875,32.59662991634318,-8.746223339305887,3.32,1.64,208.0,80.2,65.0,99.8,2479.0,6.6,745975,661388,641343,668930,655316,642715,592885,686217,694192,53.91,,,,,,,,72,3,4-Seam Fastball,5,5,5,5,5,5,5,5,Standard,Standard,202.0,0.02,-0.049,63.4,6.6,,,0.049,88.0,0,0,0.423,0.577,30,33,31,34,1,4,2,1,2,1.0,0.73,0.19,0.19,52.2,10.141335938628696,4.1893959373826455,24.199945973019894,30.090261625936783,27.226856403170256,pitcher
FF,2024-06-26,98.1,-0.55,6.6,"Megill, Trevor",543760,656730,,ball,,,,,11.0,,R,R,R,MIL,TEX,B,,,0,1,2024,-0.76,1.26,-1.7445875677193914,2.6815616824029447,,,673995.0,0,9,Top,,,,,,,-1.4643116160211782,-142.77289205622685,-8.106623091869485,-10.162136449453072,31.05423021650169,-13.27111002691406,3.35546884359928,1.75603394226422,,,,98.8,2417.0,6.6,745975,661388,641343,668930,655316,642715,592885,686217,694192,53.93,,,,,,,,72,2,4-Seam Fastball,5,5,5,5,5,5,5,5,Standard,Standard,205.0,-0.008,0.034,,,,,-0.034,,0,0,0.431,0.569,30,33,31,34,1,4,2,1,2,1.0,1.09,0.76,0.76,54.4,,,,,,pitcher
FF,2024-06-26,98.1,-0.58,6.47,"Megill, Trevor",543760,656730,,swinging_strike,,,,,12.0,,R,R,R,MIL,TEX,S,,,0,0,2024,-0.23,1.66,0.2712971922417235,3.769522056913938,,,673995.0,0,9,Top,,,,,,,2.860243672147968,-142.75843105310835,-5.70773719616097,-3.828224139870153,32.80924918720117,-8.322238406949674,3.32,1.64,,,,98.8,2491.0,6.7,745975,661388,641343,668930,655316,642715,592885,686217,694192,53.82,,,,,,,,72,1,4-Seam Fastball,5,5,5,5,5,5,5,5,Standard,Standard,206.0,0.012,-0.042,67.6,7.0,1.24349826,,0.042,,0,0,0.419,0.581,30,33,31,34,1,4,2,1,2,1.0,0.7,0.23,0.23,51.5,15.998462470770905,1.184877476176999,21.564506539676184,35.502749786046074,24.576616721277297,pitcher
FF,2024-06-26,99.0,-0.54,6.51,"Megill, Trevor",673995,656730,single,hit_into_play,,,,,1.0,Davis Wendzel singles on a ground ball to shortstop Willy Adames.,R,R,R,MIL,TEX,X,6.0,ground_ball,2,0,2024,-0.76,1.35,-0.6104708366464587,3.089796980481542,,,,0,9,Top,109.5,161.29,,,,,1.576588053667524,-144.04271825264922,-7.099270044013837,-10.934572357663225,32.938191332133016,-11.905657912292565,3.28,1.5,39.0,68.4,0.0,99.7,2525.0,6.6,745975,661388,641343,668930,655316,642715,592885,686217,694192,53.87,0.109,0.102,0.9,1.0,1.0,0.0,2.0,71,3,4-Seam Fastball,5,5,5,5,5,5,5,5,Strategic,Standard,204.0,-0.057,0.341,70.7,6.4,,0.128,-0.341,88.0,0,0,0.476,0.524,30,27,31,27,1,3,2,9,2,1.0,0.97,0.76,0.76,51.0,10.702975993432508,-0.130860506063214,25.188984004888454,27.08543535627438,30.699858367118143,pitcher
FF,2024-06-26,97.7,-0.33,6.49,"Megill, Trevor",673995,656730,,ball,,,,,14.0,,R,R,R,MIL,TEX,B,,,1,0,2024,-0.32,1.49,0.9312465096733548,1.4384106130322083,,,,0,9,Top,,,,,,,4.1594589550830525,-141.833907360725,-11.612493659667145,-5.244152867625698,32.23355454696103,-9.605498185544288,3.38581554958244,1.57067254563687,,,,98.5,2428.0,6.8,745975,661388,641343,668930,655316,642715,592885,686217,694192,53.67,,,,,,,,71,2,4-Seam Fastball,5,5,5,5,5,5,5,5,Standard,Standard,199.0,-0.016,0.069,,,,,-0.069,,0,0,0.492,0.508,30,27,31,27,1,3,2,9,2,1.0,0.91,0.32,0.32,52.0,,,,,,pitcher
FF,2024-06-26,98.6,-0.41,6.5,"Megill, Trevor",673995,656730,,ball,,,,,13.0,,R,R,R,MIL,TEX,B,,,0,0,2024,-0.76,1.48,-0.2329865148330599,1.0118745868638124,,,,0,9,Top,,,,,,,2.270885720100872,-143.1280886437521,-12.948682627182755,-11.014502878121224,32.909639333070764,-9.046586935166522,3.46331203903014,1.647999967659,,,,99.1,2488.0,6.7,745975,661388,641343,668930,655316,642715,592885,686217,694192,53.79,,,,,,,,71,1,4-Seam Fastball,5,5,5,5,5,5,5,5,Standard,Standard,207.0,-0.008,0.038,,,,,-0.038,,0,0,0.5,0.5,30,27,31,27,1,3,2,9,2,1.0,0.88,0.76,0.76,54.8,,,,,,pitcher
FF,2024-06-24,101.3,-0.26,6.44,"Megill, Trevor",666969,656730,strikeout,swinging_strike,,,,,3.0,Adolis García strikes out swinging.,R,R,R,MIL,TEX,S,2.0,,1,2,2024,-0.37,1.25,0.5450832107192473,3.1644691448632623,,669701.0,,2,9,Top,,,,,,,3.1750778890036364,-147.44339076413206,-6.891475861360166,-6.208134745609007,33.682990384384446,-12.577520952573604,3.43,1.68,,,,102.3,2461.0,6.7,745974,661388,656555,668930,687401,642715,694192,663368,686217,53.77,,0.0,0.0,1.0,0.0,0.0,,77,4,4-Seam Fastball,6,3,3,6,3,6,3,6,Strategic,Standard,200.0,0.009,-0.213,70.4,7.0,0.999686712,,0.213,,3,-3,0.991,0.009,30,31,31,31,1,4,1,1,2,1.0,0.97,0.37,0.37,55.0,0.2897666319887536,36.29296789244499,24.593227735486945,40.49216344883508,9.488161073924134,pitcher
FF,2024-06-24,99.8,-0.08,6.6,"Megill, Trevor",666969,656730,,swinging_strike,,,,,12.0,,R,R,R,MIL,TEX,S,,,1,1,2024,-0.24,1.34,0.7331235698073698,3.62067187854216,,669701.0,,2,9,Top,,,,,,,2.8183438912808167,-145.28667536670795,-6.053758693647238,-4.0727685861403815,32.04722862836762,-11.917890129585102,3.43,1.68,,,,100.8,2483.0,6.7,745974,661388,656555,668930,687401,642715,694192,663368,686217,53.82,,,,,,,,77,3,4-Seam Fastball,6,3,3,6,3,6,3,6,Strategic,Standard,195.0,0.003,-0.06,64.6,7.7,1.622146428,,0.06,,3,-3,0.988,0.012,30,31,31,31,1,4,1,1,2,1.0,0.93,0.24,0.24,55.8,14.584169705221658,18.029824320598586,19.98233528730212,43.51738871159425,18.865038683898756,pitcher
FF,2024-06-24,99.1,-0.37,6.51,"Megill, Trevor",666969,656730,,swinging_strike,,,,,4.0,,R,R,R,MIL,TEX,S,,,1,0,2024,-0.4,1.43,-0.5716418305384054,2.439695258579355,,669701.0,,2,9,Top,,,,,,,0.3980112216199563,-144.12096085920038,-9.106423374488273,-5.735171140575574,33.5339333461803,-10.313725015091718,3.43,1.68,,,,99.7,2455.0,6.7,745974,661388,656555,668930,687401,642715,694192,663368,686217,53.83,,,,,,,,77,2,4-Seam Fastball,6,3,3,6,3,6,3,6,Strategic,Standard,197.0,0.003,-0.043,75.4,7.6,1.00334634,,0.043,,3,-3,0.985,0.015,30,31,31,31,1,4,1,1,2,1.0,0.89,0.4,0.4,56.4,6.206966867216125,-4.947818662714996,34.81318699753665,28.57107729674529,28.15082338799269,pitcher
FF,2024-06-24,100.8,-0.16,6.48,"Megill, Trevor",666969,656730,,ball,,,,,12.0,,R,R,R,MIL,TEX,B,,,0,0,2024,-0.32,1.56,1.1857370939117486,3.4526616390373053,,,669701.0,2,9,Top,,,,,,,4.553095841694083,-146.6128181644772,-6.833035761650829,-5.7373099328417725,36.01724631082521,-8.250041331161873,3.36021882754041,1.56136988286923,,,,101.5,2593.0,6.8,745974,661388,656555,668930,687401,642715,694192,663368,686217,53.72,,,,,,,,77,1,4-Seam Fastball,6,3,3,6,3,6,3,6,Strategic,Standard,199.0,-0.003,0.034,,,,,-0.034,,3,-3,0.988,0.012,30,31,31,31,1,4,1,1,2,1.0,0.69,0.32,0.32,55.9,,,,,,pitcher
FF,2024-06-24,99.4,-0.12,6.54,"Megill, Trevor",669701,656730,hit_by_pitch,hit_by_pitch,,,,,12.0,Josh Smith hit by pitch.,R,L,R,MIL,TEX,B,,,0,0,2024,-0.14,1.33,1.4352108571548894,3.867359823947112,,,,2,9,Top,,,,,,,4.60649168427725,-144.69866556797544,-5.077230329748897,-2.9707992125832887,32.136693751951505,-12.509047074623426,3.17,1.5,,,,100.2,2522.0,6.6,745974,661388,656555,668930,687401,642715,694192,663368,686217,53.91,,0.720192,0.7,1.0,0.0,0.0,,76,1,4-Seam Fastball,6,3,3,6,3,6,3,6,Standard,Standard,193.0,-0.008,0.336,,,,,-0.336,,3,-3,0.996,0.004,30,26,31,27,1,4,1,1,2,1.0,0.97,0.14,-0.14,56.0,,,,,,pitcher
FF,2024-06-24,101.0,-0.13,6.49,"Megill, Trevor",608369,656730,strikeout,foul_tip,,,,,12.0,Corey Seager strikes out on a foul tip.,R,L,R,MIL,TEX,S,2.0,,3,2,2024,-0.35,1.33,0.5446147112306242,3.8994765294552742,,,,1,9,Top,,,,,,,2.7327737465681863,-147.14671475952596,-5.126280011455221,-5.7214343194260575,33.23366440040221,-11.76610584661612,3.52,1.54,,,,101.9,2498.0,6.6,745974,661388,656555,668930,687401,642715,694192,663368,686217,53.89,,0.0,0.0,1.0,0.0,0.0,,75,6,4-Seam Fastball,6,3,3,6,3,6,3,6,Strategic,Standard,198.0,0.014,-0.332,,,,,0.332,,3,-3,0.982,0.018,30,30,31,30,1,4,1,1,2,1.0,0.89,0.35,-0.35,55.3,,,,,,pitcher
FF,2024-06-24,100.2,-0.18,6.61,"Megill, Trevor",608369,656730,,ball,,,,,12.0,,R,L,R,MIL,TEX,B,,,2,2,2024,-0.09,1.45,0.4408651322551718,4.641503562625221,,,,1,9,Top,,,,,,,1.9423466096078816,-145.98598785266628,-3.554211992420959,-1.7496722167684942,31.81203304312037,-10.772223933344277,3.540523035802,1.42235433757115,,,,101.0,2515.0,6.5,745974,661388,656555,668930,687401,642715,694192,663368,686217,53.98,,,,,,,,75,5,4-Seam Fastball,6,3,3,6,3,6,3,6,Strategic,Standard,196.0,-0.005,0.108,,,,,-0.108,,3,-3,0.987,0.013,30,30,31,30,1,4,1,1,2,1.0,0.8,0.09,-0.09,54.1,,,,,,pitcher
KC,2024-06-24,88.0,-0.43,6.51,"Megill, Trevor",608369,656730,,ball,,,,,9.0,,R,L,R,MIL,TEX,B,,,1,2,2024,0.7,-0.76,0.7635638895436543,1.560547099489487,,,,1,9,Top,,,,,,,1.4571915441093255,-128.12331209140802,-4.360167016704912,7.398445669726115,26.089935783412976,-39.83907643661847,3.48601225380023,1.55115546324946,,,,88.7,2923.0,6.6,745974,661388,656555,668930,687401,642715,694192,663368,686217,53.86,,,,,,,,75,4,Knuckle Curve,6,3,3,6,3,6,3,6,Strategic,Standard,27.0,-0.001,0.043,,,,,-0.043,,3,-3,0.988,0.012,30,30,31,30,1,4,1,1,2,1.0,3.69,-0.7,0.7,53.9,,,,,,pitcher
KC,2024-06-24,88.0,-0.26,6.54,"Megill, Trevor",608369,656730,,ball,,,,,14.0,,R,L,R,MIL,TEX,B,,,0,2,2024,0.4,-0.88,1.1337451112290262,-0.1250830399176399,,,,1,9,Top,,,,,,,2.556242607161337,-127.92253213661708,-8.197510665746739,3.756098298338809,29.202458816687944,-40.11331931343921,3.45840443388961,1.4798853904584,,,,88.1,3035.0,6.7,745974,661388,656555,668930,687401,642715,694192,663368,686217,53.82,,,,,,,,75,3,Knuckle Curve,6,3,3,6,3,6,3,6,Strategic,Standard,10.0,-0.001,0.02,,,,,-0.02,,3,-3,0.989,0.011,30,30,31,30,1,4,1,1,2,1.0,3.85,-0.4,0.4,56.6,,,,,,pitcher
FF,2024-06-24,100.8,-0.2,6.35,"Megill, Trevor",608369,656730,,called_strike,,,,,5.0,,R,L,R,MIL,TEX,S,,,0,1,2024,-0.46,1.57,0.0041828614780037,2.123289740121202,,,,1,9,Top,,,,,,,1.6912124752533697,-146.50917849789158,-10.185058368182853,-7.080770674797027,36.7888851829084,-7.278655979519902,3.47323945612251,1.49464220891903,,,,101.2,2667.0,6.7,745974,661388,656555,668930,687401,642715,694192,663368,686217,53.77,,,,,,,,75,2,4-Seam Fastball,6,3,3,6,3,6,3,6,Strategic,Standard,202.0,0.002,-0.057,,,,,0.057,,3,-3,0.987,0.013,30,30,31,30,1,4,1,1,2,1.0,0.69,0.46,-0.46,53.3,,,,,,pitcher
FF,2024-06-24,100.6,-0.17,6.55,"Megill, Trevor",608369,656730,,swinging_strike,,,,,12.0,,R,L,R,MIL,TEX,S,,,0,0,2024,-0.37,1.59,0.531827421786767,3.6546179345569594,,,,1,9,Top,,,,,,,2.871709559454851,-146.35479921420384,-6.501307874517595,-6.083556191539331,36.61573761859866,-7.985210624063058,3.52,1.54,,,,101.2,2609.0,6.8,745974,661388,656555,668930,687401,642715,694192,663368,686217,53.71,,,,,,,,75,1,4-Seam Fastball,6,3,3,6,3,6,3,6,Strategic,Standard,199.0,0.002,-0.037,70.9,5.1,1.005663756,,0.037,,3,-3,0.985,0.015,30,30,31,30,1,4,1,1,2,1.0,0.67,0.37,-0.37,55.5,3.545890728692647,18.72122656846365,31.81011717390339,30.723851427284096,23.07110489940502,pitcher
FF,2024-06-24,101.4,-0.3,6.54,"Megill, Trevor",543760,656730,field_out,hit_into_play,,,,,5.0,Marcus Semien flies out to center fielder Blake Perkins.,R,R,R,MIL,TEX,X,8.0,fly_ball,3,2,2024,-0.53,1.53,-0.1815394697720109,2.4852652432344597,,,,0,9,Top,125.51,111.22,,,,,1.6069153277378558,-147.3645981220952,-9.734344723607794,-8.124147437192503,35.703366360093504,-7.789513593913274,3.31,1.65,222.0,85.9,54.0,102.0,2549.0,6.7,745974,661388,656555,668930,687401,642715,694192,663368,686217,53.8,0.011,0.009,0.0,1.0,0.0,0.0,3.0,74,9,4-Seam Fastball,6,3,3,6,3,6,3,6,Strategic,Standard,198.0,0.025,-0.333,70.5,7.5,,0.011,0.333,88.0,3,-3,0.96,0.04,30,33,31,34,1,4,1,1,2,1.0,0.7,0.53,0.53,58.1,8.108625867655919,-11.010204862616032,33.22716178946605,27.948849553205264,29.57721721798624,pitcher
FF,2024-06-24,100.1,-0.23,6.52,"Megill, Trevor",543760,656730,,foul,,,,,14.0,,R,R,R,MIL,TEX,S,,,3,2,2024,-0.28,1.51,1.1370460726408784,2.112416846089125,,,,0,9,Top,,,,,,,4.488239607861166,-145.379646162084,-10.417298458201817,-5.082188427692102,33.61683385192803,-8.513772512914535,3.31,1.65,211.0,72.3,46.0,100.9,2588.0,6.8,745974,661388,656555,668930,687401,642715,694192,663368,686217,53.71,,,,,,,,74,8,4-Seam Fastball,6,3,3,6,3,6,3,6,Strategic,Standard,200.0,0.0,0.0,65.5,7.5,,,0.0,88.0,3,-3,0.96,0.04,30,33,31,34,1,4,1,1,2,1.0,0.77,0.28,0.28,55.4,4.249153089600489,14.908022305026282,30.391216405515028,43.95040599373041,18.49747355710993,pitcher
FF,2024-06-24,100.0,-0.18,6.48,"Megill, Trevor",543760,656730,,foul,,,,,7.0,,R,R,R,MIL,TEX,S,,,3,2,2024,-0.5,1.52,-0.7928586838567732,1.7227957707792323,,,,0,9,Top,,,,,,,-0.5169373852746056,-145.37309463414744,-11.404456281200703,-7.010400983215339,32.80071156289898,-8.172648367253661,3.31,1.65,5.0,90.7,-18.0,100.7,2480.0,6.7,745974,661388,656555,668930,687401,642715,694192,663368,686217,53.84,,,,,,,,74,7,4-Seam Fastball,6,3,3,6,3,6,3,6,Strategic,Standard,203.0,0.0,0.0,72.5,8.0,,,0.0,90.7,3,-3,0.96,0.04,30,33,31,34,1,4,1,1,2,1.0,0.76,0.5,0.5,53.3,11.50494486764949,-13.410986874858231,43.11180404632143,21.713507682858847,33.73221778832132,pitcher
KC,2024-06-24,88.4,-0.34,6.49,"Megill, Trevor",543760,656730,,ball,,,,,14.0,,R,R,R,MIL,TEX,B,,,2,2,2024,0.64,-0.47,0.7246905718021723,0.5470116404923466,,,,0,9,Top,,,,,,,1.2742717508550985,-128.7455000848827,-7.526881228011367,6.890274029894645,25.61677987953763,-36.14670203579098,3.29739930630215,1.5296888185885,,,,89.3,2848.0,6.7,745974,661388,656555,668930,687401,642715,694192,663368,686217,53.77,,,,,,,,74,6,Knuckle Curve,6,3,3,6,3,6,3,6,Strategic,Standard,23.0,-0.009,0.107,,,,,-0.107,,3,-3,0.969,0.031,30,33,31,34,1,4,1,1,2,1.0,3.37,-0.64,-0.64,54.2,,,,,,pitcher
FF,2024-06-24,100.9,-0.18,6.41,"Megill, Trevor",543760,656730,,foul,,,,,12.0,,R,R,R,MIL,TEX,S,,,2,2,2024,-0.49,1.28,1.080174433267056,2.954814567058406,,,,0,9,Top,,,,,,,4.713930104854436,-146.76766774222344,-7.402228339033538,-8.149699628770014,32.77886300277936,-12.088491339982864,3.31,1.65,301.0,88.3,32.0,101.9,2481.0,6.7,745974,661388,656555,668930,687401,642715,694192,663368,686217,53.79,,,,,,,,74,5,4-Seam Fastball,6,3,3,6,3,6,3,6,Strategic,Standard,200.0,0.0,0.0,60.2,6.9,,,0.0,88.3,3,-3,0.969,0.031,30,33,31,34,1,4,1,1,2,1.0,0.95,0.49,0.49,54.4,11.01764541636379,35.38054290394087,24.217264766422804,43.36161273287823,11.78672132905449,pitcher
KC,2024-06-24,88.5,-0.36,6.52,"Megill, Trevor",543760,656730,,ball,,,,,14.0,,R,R,R,MIL,TEX,B,,,1,2,2024,0.5,-0.68,0.5419751848748313,0.0719604061489329,,,,0,9,Top,,,,,,,1.1567703117853048,-128.65141116130476,-8.251040126958369,5.28777873701427,27.86684589382272,-38.164881043070245,3.28589460810346,1.55383805811,,,,88.9,2992.0,6.7,745974,661388,656555,668930,687401,642715,694192,663368,686217,53.8,,,,,,,,74,4,Knuckle Curve,6,3,3,6,3,6,3,6,Strategic,Standard,17.0,-0.003,0.04,,,,,-0.04,,3,-3,0.972,0.028,30,33,31,34,1,4,1,1,2,1.0,3.61,-0.5,-0.5,55.6,,,,,,pitcher
FF,2024-06-24,100.2,-0.32,6.54,"Megill, Trevor",543760,656730,,foul,,,,,2.0,,R,R,R,MIL,TEX,S,,,1,1,2024,-0.39,1.42,0.1218019459945438,3.043521394774834,,,,0,9,Top,,,,,,,2.165121082109436,-145.80526478027195,-7.709838113697993,-6.053966414442738,32.98054792248035,-10.343355043557814,3.31,1.65,,,,101.0,2486.0,6.6,745974,661388,656555,668930,687401,642715,694192,663368,686217,53.86,,,,,,,,74,3,4-Seam Fastball,6,3,3,6,3,6,3,6,Standard,Standard,200.0,0.005,-0.056,71.9,7.3,,,0.056,,3,-3,0.967,0.033,30,33,31,34,1,4,1,1,2,1.0,0.85,0.39,0.39,54.0,9.844556621397228,0.2078697543067862,27.39059531258454,31.98222991892458,21.57283969373642,pitcher
FF,2024-06-24,99.0,-0.28,6.5,"Megill, Trevor",543760,656730,,foul,,,,,6.0,,R,R,R,MIL,TEX,S,,,1,0,2024,-0.41,1.33,0.417559491838834,2.199671603666575,,,,0,9,Top,,,,,,,2.8764319672754324,-143.99252348809736,-9.507049407673218,-6.348525685721956,31.961954078609804,-11.6362327906294,3.31,1.65,2.0,66.4,-51.0,99.9,2394.0,6.7,745974,661388,656555,668930,687401,642715,694192,663368,686217,53.76,,,,,,,,74,2,4-Seam Fastball,6,3,3,6,3,6,3,6,Standard,Standard,197.0,0.005,-0.049,63.7,7.9,,,0.049,88.0,3,-3,0.962,0.038,30,33,31,34,1,4,1,1,2,1.0,0.99,0.41,0.41,61.7,18.39467917614357,-5.8861141626437465,28.42714560919557,35.66027187367862,28.43079242949524,pitcher
KC,2024-06-24,87.8,-0.31,6.56,"Megill, Trevor",543760,656730,,ball,,,,,14.0,,R,R,R,MIL,TEX,B,,,0,0,2024,0.66,-0.59,1.2269695043984292,1.2471801641050164,,,,0,9,Top,,,,,,,2.37235649688367,-127.85827178129176,-5.5546257587165,6.719807141208202,26.83520809458056,-37.64822311521371,3.28769392839406,1.51996202145522,,,,88.4,2799.0,6.7,745974,661388,656555,668930,687401,642715,694192,663368,686217,53.83,,,,,,,,74,1,Knuckle Curve,6,3,3,6,3,6,3,6,Standard,Standard,27.0,-0.004,0.038,,,,,-0.038,,3,-3,0.966,0.034,30,33,31,34,1,4,1,1,2,1.0,3.54,-0.66,-0.66,57.0,,,,,,pitcher
FF,2024-06-23,98.9,-0.33,6.58,"Megill, Trevor",673490,656730,field_out,hit_into_play,,,,,2.0,"Ha-Seong Kim grounds out, shortstop Willy Adames to first baseman Jake Bauers.",R,R,R,SD,MIL,X,6.0,ground_ball,2,0,2024,-0.29,1.64,0.0108121893438296,3.0653336173667785,,,,2,9,Bot,113.96,150.94,,,,,1.5935455952296265,-143.84243018260528,-8.016085620883814,-4.349957549743815,32.82420244700355,-7.699196064601318,3.45,1.59,30.0,101.5,-4.0,99.5,2514.0,6.6,745396,596142,641343,668930,687401,642715,694192,663368,686217,53.9,0.401,0.377,0.0,1.0,0.0,0.0,2.0,75,3,4-Seam Fastball,2,6,2,6,6,2,2,6,Standard,Standard,193.0,-0.002,-0.363,68.1,6.4,,0.423,0.363,101.5,-4,-4,0.002,0.002,30,28,31,29,1,3,4,1,1,1.0,0.69,0.29,0.29,52.3,13.617034275524125,6.367987665099498,17.675277267251236,36.80941624430214,30.732116456653515,pitcher
KC,2024-06-23,87.5,-0.4,6.49,"Megill, Trevor",673490,656730,,ball,,,,,14.0,,R,R,R,SD,MIL,B,,,1,0,2024,0.86,-0.33,1.59204856743868,1.044663521473198,,,,2,9,Bot,,,,,,,3.067602951499048,-127.40560425259814,-6.369341817127041,8.686228577780629,26.577907994026088,-34.6417018367476,3.2764888125657,1.45849262709814,,,,88.2,2770.0,6.7,745396,596142,641343,668930,687401,642715,694192,663368,686217,53.77,,,,,,,,75,2,Knuckle Curve,2,6,2,6,6,2,2,6,Strategic,Standard,22.0,0.001,0.068,,,,,-0.068,,-4,-4,0.001,0.001,30,28,31,29,1,3,4,1,1,1.0,3.31,-0.86,-0.86,59.6,,,,,,pitcher
KC,2024-06-23,87.9,-0.44,6.54,"Megill, Trevor",673490,656730,,ball,,,,,14.0,,R,R,R,SD,MIL,B,,,0,0,2024,0.31,-0.93,1.104862284377182,0.6345247370259424,,,,2,9,Bot,,,,,,,3.099516160517598,-127.85808109182156,-6.26683352777818,2.7942613643114944,26.68605246260328,-41.25076826165431,3.36810311504187,1.55011360622267,,,,88.1,2877.0,6.5,745396,596142,641343,668930,687401,642715,694192,663368,686217,54.04,,,,,,,,75,1,Knuckle Curve,2,6,2,6,6,2,2,6,Strategic,Standard,25.0,0.0,0.04,,,,,-0.04,,-4,-4,0.001,0.001,30,28,31,29,1,3,4,1,1,1.0,3.88,-0.31,-0.31,53.1,,,,,,pitcher
FF,2024-06-23,99.2,-0.32,6.61,"Megill, Trevor",444482,656730,field_out,hit_into_play,,,,,6.0,David Peralta flies out to right fielder Sal Frelick.,R,L,R,SD,MIL,X,9.0,fly_ball,2,1,2024,-0.55,1.43,0.337743857264616,2.4032619875345578,,,,1,9,Bot,205.24,77.61,,,,,3.103528433675784,-144.0536654917063,-9.412466948949003,-8.359274860548611,37.38490708258208,-10.166274608560794,3.61,1.74,356.0,99.1,25.0,99.2,2442.0,6.6,745396,596142,641343,668930,687401,642715,694192,663368,686217,53.86,0.402,0.6991923076923078,0.0,1.0,0.0,0.0,6.0,74,4,4-Seam Fastball,2,6,2,6,6,2,2,6,Standard,Standard,200.0,-0.007,-0.302,75.1,7.8,,1.315,0.302,99.1,-4,-4,0.008,0.008,30,36,31,37,1,3,4,1,1,1.0,0.91,0.55,-0.55,52.7,10.847612178618462,-21.566049965123472,29.459379398686384,33.9416329067199,37.03367762169019,pitcher
KC,2024-06-23,87.9,-0.45,6.58,"Megill, Trevor",444482,656730,,ball,,,,,11.0,,R,L,R,SD,MIL,B,,,1,1,2024,0.09,-0.76,-1.035129607166292,3.0695904960628373,,,,1,9,Bot,,,,,,,-1.5948308002145375,-127.99141021122496,-0.7775835718005166,1.2915095827401604,28.366389422937797,-40.519683870285455,3.78035527645992,1.75626028059906,,,,88.1,2770.0,6.5,745396,596142,641343,668930,687401,642715,694192,663368,686217,53.96,,,,,,,,74,3,Knuckle Curve,2,6,2,6,6,2,2,6,Standard,Standard,28.0,0.001,0.059,,,,,-0.059,,-4,-4,0.007,0.007,30,36,31,37,1,3,4,1,1,1.0,3.72,-0.09,0.09,53.2,,,,,,pitcher
FF,2024-06-23,99.8,-0.24,6.66,"Megill, Trevor",444482,656730,,ball,,,,,11.0,,R,L,R,SD,MIL,B,,,0,1,2024,-0.48,1.58,-0.3779939975215407,5.008467087934709,,,,1,9,Bot,,,,,,,0.7686667058462826,-145.3051882041052,-2.856529044475695,-7.020157734026307,36.54588068618588,-9.385023723535324,3.68874562557306,1.87078580222077,,,,99.8,2471.0,6.4,745396,596142,641343,668930,687401,642715,694192,663368,686217,54.05,,,,,,,,74,2,4-Seam Fastball,2,6,2,6,6,2,2,6,Standard,Standard,193.0,0.001,0.024,,,,,-0.024,,-4,-4,0.006,0.006,30,36,31,37,1,3,4,1,1,1.0,0.72,0.48,-0.48,54.9,,,,,,pitcher
FF,2024-06-23,100.4,-0.2,6.57,"Megill, Trevor",444482,656730,,foul,,,,,2.0,,R,L,R,SD,MIL,S,,,0,0,2024,-0.53,1.47,-0.0055411112276587,3.5432514129083463,,,,1,9,Bot,,,,,,,1.8147047847266145,-146.13742631492346,-6.542846262894789,-8.092954290694419,34.37484726782541,-9.76901982086292,3.61,1.74,222.0,76.4,54.0,100.9,2518.0,6.6,745396,596142,641343,668930,687401,642715,694192,663368,686217,53.94,,,,,,,,74,1,4-Seam Fastball,2,6,2,6,6,2,2,6,Standard,Standard,198.0,-0.001,-0.037,73.3,6.7,,,0.037,88.0,-4,-4,0.007,0.007,30,36,31,37,1,3,4,1,1,1.0,0.79,0.53,-0.53,51.0,1.258434854503949,2.8977860382275247,17.966013725056705,36.8217272287434,26.54575683977137,pitcher
KC,2024-06-23,87.6,-0.45,6.65,"Megill, Trevor",456781,656730,strikeout,swinging_strike_blocked,,,,,14.0,Donovan Solano strikes out swinging.,R,R,R,SD,MIL,S,2.0,,0,2,2024,0.5,-0.81,1.0727666869395849,0.3546857551636959,,,,0,9,Bot,,,,,,,2.63616904272274,-127.46425974840612,-7.442524982724191,4.964136333484017,26.06951105896464,-39.67742824841013,3.22,1.49,,,,88.1,2904.0,6.6,745396,596142,641343,668930,687401,642715,694192,663368,686217,53.93,,0.0,0.0,1.0,0.0,0.0,,73,4,Knuckle Curve,2,6,2,6,6,2,2,6,Standard,Standard,25.0,-0.007,-0.163,39.9,7.6,10.471219848,,0.163,,-4,-4,0.014,0.014,30,36,31,37,1,3,4,1,1,1.0,3.78,-0.5,-0.5,53.8,19.36943831910732,-10.88772951140737,43.21640123242876,47.15183393119459,38.55379407762523,pitcher
KC,2024-06-23,89.1,-0.35,6.58,"Megill, Trevor",456781,656730,,foul,,,,,14.0,,R,R,R,SD,MIL,S,,,0,2,2024,0.39,-0.82,0.2979609432465596,1.1484916928379008,,,,0,9,Bot,,,,,,,0.7887348677858739,-129.81701334463307,-5.626611616650774,4.24482125781854,26.87564061960241,-40.53891566337688,3.22,1.49,25.0,19.9,46.0,89.7,2802.0,6.6,745396,596142,641343,668930,687401,642715,694192,663368,686217,53.95,,,,,,,,73,3,Knuckle Curve,2,6,2,6,6,2,2,6,Standard,Standard,27.0,0.0,0.0,34.2,6.6,,,0.0,88.0,-4,-4,0.014,0.014,30,36,31,37,1,3,4,1,1,1.0,3.68,-0.39,-0.39,57.3,-6.850172053165377,9.713688068187915,45.897973281770334,37.54377396974496,15.878869465983277,pitcher
KC,2024-06-23,88.2,-0.52,6.58,"Megill, Trevor",456781,656730,,swinging_strike,,,,,14.0,,R,R,R,SD,MIL,S,,,0,1,2024,0.23,-0.71,0.3602260182678863,0.4992604000070937,,,,0,9,Bot,,,,,,,1.677544596299097,-128.36866277302232,-7.280906061675312,2.238754231543369,25.72590301586077,-38.79473932422905,3.22,1.49,,,,88.8,2899.0,6.6,745396,596142,641343,668930,687401,642715,694192,663368,686217,53.91,,,,,,,,73,2,Knuckle Curve,2,6,2,6,6,2,2,6,Standard,Standard,18.0,-0.003,-0.054,67.4,8.5,10.7764236,,0.054,,-4,-4,0.017,0.017,30,36,31,37,1,3,4,1,1,1.0,3.63,-0.23,-0.23,54.1,31.94258120266268,-30.726372106879005,38.05735553441954,39.71000747733053,52.68881714573938,pitcher
FF,2024-06-23,100.3,-0.41,6.54,"Megill, Trevor",456781,656730,,called_strike,,,,,3.0,,R,R,R,SD,MIL,S,,,0,0,2024,-0.56,1.48,0.6859434495262945,3.0954316891357285,,,,0,9,Bot,,,,,,,4.365597177987759,-145.91205418517296,-7.691248837678786,-8.984348791029056,35.303235361473924,-9.416296870785397,3.41390993610043,1.55011360622267,,,,100.6,2555.0,6.6,745396,596142,641343,668930,687401,642715,694192,663368,686217,53.95,,,,,,,,73,1,4-Seam Fastball,2,6,2,6,6,2,2,6,Standard,Standard,203.0,-0.002,-0.037,,,,,0.037,,-4,-4,0.019,0.019,30,36,31,37,1,3,4,1,1,1.0,0.79,0.56,0.56,53.5,,,,,,pitcher
FF,2024-06-19,98.2,-0.27,6.65,"Megill, Trevor",642136,656730,field_out,hit_into_play,,,,,4.0,Matt Thaiss flies out to right fielder Jackson Chourio.,R,L,R,LAA,MIL,X,9.0,fly_ball,0,0,2024,-0.48,1.74,-0.3487582419071123,2.3239134988367245,,,,2,9,Bot,181.48,107.13,,,,,0.9254443754169184,-142.68451373799277,-10.265729714855128,-6.797222237910234,35.19449752301638,-6.250309311664505,3.48,1.54,267.0,79.2,42.0,98.5,2492.0,6.7,746219,596142,641343,668930,687401,642715,592885,686217,694192,53.78,0.032,0.029,0.0,1.0,0.0,0.0,3.0,70,1,4-Seam Fastball,0,2,0,2,2,0,0,2,Standard,Standard,200.0,-0.015,-0.256,74.0,8.8,,0.04,0.256,88.0,-2,-2,0.015,0.015,30,29,31,29,1,3,1,3,4,7.0,0.65,0.48,-0.48,55.1,30.561849368049614,-10.004447267212418,29.607239358661896,41.25049646795525,41.47384008158229,pitcher
KC,2024-06-19,86.7,-0.25,6.65,"Megill, Trevor",681351,656730,strikeout,foul_tip,,,,,9.0,Logan O'Hoppe strikes out on a foul tip.,R,R,R,LAA,MIL,S,2.0,,1,2,2024,0.77,-0.7,0.7353091207823901,1.998591791630845,,,,1,9,Bot,,,,,,,0.7862920720705917,-126.3368766481676,-3.4966030972914512,8.057378257837634,26.72746454628668,-39.11560501685592,3.26,1.56,,,,87.1,2903.0,6.6,746219,596142,641343,668930,687401,642715,592885,686217,694192,53.94,,0.0,0.0,1.0,0.0,0.0,,69,4,Knuckle Curve,0,2,0,2,2,0,0,2,Infield shade,Standard,23.0,-0.022,-0.182,73.4,7.9,,,0.182,,-2,-2,0.037,0.037,30,24,31,24,1,3,1,1,4,2.0,3.73,-0.77,-0.77,56.3,21.143199063524115,-10.536025796284733,35.25739478304854,43.25909128659019,42.02810187988664,pitcher
KC,2024-06-19,87.2,-0.34,6.69,"Megill, Trevor",681351,656730,,ball,,,,,14.0,,R,R,R,LAA,MIL,B,,,0,2,2024,0.63,-0.51,1.3315151721774825,1.7034766476563128,,,,1,9,Bot,,,,,,,2.7532982447882337,-127.0012196245034,-4.77344578344297,6.197192930208869,26.82802140893866,-36.92897548779617,3.37785534153425,1.56041045628243,,,,87.6,2801.0,6.6,746219,596142,641343,668930,687401,642715,592885,686217,694192,53.95,,,,,,,,69,3,Knuckle Curve,0,2,0,2,2,0,0,2,Infield shade,Standard,20.0,0.003,0.02,,,,,-0.02,,-2,-2,0.034,0.034,30,24,31,24,1,3,1,1,4,2.0,3.51,-0.63,-0.63,56.1,,,,,,pitcher
KC,2024-06-19,87.2,-0.23,6.75,"Megill, Trevor",681351,656730,,swinging_strike,,,,,14.0,,R,R,R,LAA,MIL,S,,,0,1,2024,0.53,-0.61,1.3925978027930468,1.6733163976552872,,,,1,9,Bot,,,,,,,2.8223926923818192,-126.89821905307622,-4.770067021906902,5.149927926620107,26.057320118919225,-38.03956193882468,3.26,1.56,,,,87.2,2879.0,6.3,746219,596142,641343,668930,687401,642715,592885,686217,694192,54.2,,,,,,,,69,2,Knuckle Curve,0,2,0,2,2,0,0,2,Infield shade,Standard,21.0,-0.008,-0.057,68.4,8.7,10.034867628,,0.057,,-2,-2,0.042,0.042,30,24,31,24,1,3,1,1,4,2.0,3.61,-0.53,-0.53,54.8,30.272961228379515,-32.76453735561756,32.2258471141004,49.62025400087643,55.03221254066551,pitcher
FF,2024-06-19,98.4,-0.19,6.67,"Megill, Trevor",681351,656730,,swinging_strike,,,,,14.0,,R,R,R,LAA,MIL,S,,,0,0,2024,-0.75,1.59,0.0591168596213801,0.9735719200717142,,,,1,9,Bot,,,,,,,2.420050274283435,-142.6945867202484,-13.697152268699034,-10.7387039523413,34.67909618730499,-7.3655271321145,3.26,1.56,,,,98.7,2809.0,6.8,746219,596142,641343,668930,687401,642715,592885,686217,694192,53.72,,,,,,,,69,1,4-Seam Fastball,0,2,0,2,2,0,0,2,Standard,Standard,295.0,-0.005,-0.037,75.3,8.3,1.354443024,,0.037,,-2,-2,0.047,0.047,30,24,31,24,1,3,1,1,4,2.0,0.79,0.75,0.75,54.2,15.045835446164672,-3.8252353861639015,44.241803912327086,35.75527119940352,30.891210500433257,pitcher
FF,2024-06-19,97.0,-0.19,6.77,"Megill, Trevor",607680,656730,field_out,hit_into_play,,,,,6.0,Kevin Pillar flies out to right fielder Jackson Chourio.,R,R,R,LAA,MIL,X,9.0,fly_ball,0,1,2024,-0.36,1.43,0.7535940841747188,2.485487826251441,,,,0,9,Bot,195.15,72.72,,,,,3.349374270390903,-141.034211783535,-9.211508512405484,-5.536606987619059,33.64188242621032,-11.107956471077138,3.27,1.54,355.0,96.8,30.0,97.2,2503.0,6.6,746219,596142,641343,668930,687401,642715,592885,686217,694192,53.92,0.285,0.5333888888888889,0.0,1.0,0.0,0.0,5.0,68,2,4-Seam Fastball,0,2,0,2,2,0,0,2,Standard,Standard,246.0,-0.041,-0.217,69.0,7.3,,1.042,0.217,96.8,-2,-2,0.088,0.088,30,35,31,35,1,3,1,2,4,2.0,1.0,0.36,0.36,55.9,13.01571362685479,13.596575665507908,33.24509843496846,42.84179650142396,23.560912802570257,pitcher
FF,2024-06-19,97.8,-0.3,6.76,"Megill, Trevor",607680,656730,,called_strike,,,,,2.0,,R,R,R,LAA,MIL,S,,,0,0,2024,-0.49,1.66,-0.0141976484737552,2.7681684515452094,,,,0,9,Bot,,,,,,,1.9013959343036115,-142.16412989915509,-9.073200440786051,-7.082456561345136,34.30422509016594,-7.71653646315182,3.27262272358556,1.61690306928685,,,,97.7,2470.0,6.4,746219,596142,641343,668930,687401,642715,592885,686217,694192,54.07,,,,,,,,68,1,4-Seam Fastball,0,2,0,2,2,0,0,2,Standard,Standard,201.0,-0.007,-0.037,,,,,0.037,,-2,-2,0.095,0.095,30,35,31,35,1,3,1,2,4,2.0,0.73,0.49,0.49,54.2,,,,,,pitcher
FF,2024-06-18,97.9,-0.08,6.7,"Megill, Trevor",621493,656730,field_out,hit_into_play,,,,,2.0,"Umpire reviewed (home run), call on the field was upheld: Taylor Ward flies out to center fielder Sal Frelick.",R,R,R,LAA,MIL,X,8.0,fly_ball,1,2,2024,-0.2,1.44,-0.0955585588736124,2.816975030931597,,694384.0,650859.0,2,9,Bot,161.34,47.99,,,,,0.4172247272254713,-142.30327378854247,-8.377903443392618,-2.7835907868212413,34.74913218172283,-10.92589914340379,3.36,1.61,383.0,99.9,30.0,98.9,2306.0,7.0,746217,596142,656555,668930,687401,642715,592885,686217,694192,53.45,0.514,0.9947631578947372,0.0,1.0,0.0,0.0,6.0,77,5,4-Seam Fastball,3,6,3,6,6,3,3,6,Standard,Standard,197.0,-0.042,-0.188,,,,1.94,0.188,99.9,-3,-3,0.042,0.042,30,30,31,31,1,4,2,1,1,1.0,0.96,0.2,0.2,54.3,,,,,,pitcher
FF,2024-06-18,98.1,-0.05,6.77,"Megill, Trevor",621493,656730,,foul,,,,,3.0,,R,R,R,LAA,MIL,S,,,1,2,2024,-0.2,1.49,0.6468107581103756,3.2877973038459896,,694384.0,650859.0,2,9,Bot,,,,,,,2.339755473492568,-142.69394703569264,-7.444899426866806,-3.200749988365056,32.07900361329942,-10.33714032132252,3.36,1.61,163.0,84.5,66.0,98.8,2403.0,6.6,746217,596142,656555,668930,687401,642715,592885,686217,694192,53.86,,,,,,,,77,4,4-Seam Fastball,3,6,3,6,6,3,3,6,Standard,Standard,192.0,0.0,0.0,62.7,6.8,,,0.0,88.0,-3,-3,0.042,0.042,30,30,31,31,1,4,2,1,1,1.0,0.88,0.2,0.2,55.8,8.7460810623193,9.372187082791257,19.623695006999128,44.08625585596447,23.6459427774091,pitcher
KC,2024-06-18,87.8,-0.25,6.77,"Megill, Trevor",621493,656730,,blocked_ball,,,,,14.0,,R,R,R,LAA,MIL,B,,,0,2,2024,0.01,-0.41,0.5394745210111018,-1.078457212561562,,694384.0,650859.0,2,9,Bot,,,,,,,1.8987062527173904,-127.5256056819552,-12.027370771916026,-0.2642806190978689,25.886752103850952,-34.366763828491365,3.23125968280511,1.53170427731807,,,,87.9,2694.0,6.4,746217,596142,656555,668930,687401,642715,592885,686217,694192,54.06,,,,,,,,77,3,Knuckle Curve,3,6,3,6,6,3,3,6,Standard,Standard,351.0,0.001,0.003,,,,,-0.003,,-3,-3,0.041,0.041,30,30,31,31,1,4,2,1,1,1.0,3.37,-0.01,-0.01,58.6,,,,,,pitcher
FF,2024-06-18,98.0,-0.18,6.73,"Megill, Trevor",621493,656730,,called_strike,,,,,12.0,,R,R,R,LAA,MIL,S,,,0,1,2024,-0.09,1.5,0.8441534550357127,3.239667193764024,,694384.0,650859.0,2,9,Bot,,,,,,,3.0163636396211184,-142.5581021494523,-7.461003499119442,-1.9727735402172124,33.28061243454533,-10.219586466103143,3.22796727645004,1.50706466400251,,,,98.7,2469.0,6.7,746217,596142,656555,668930,687401,642715,592885,686217,694192,53.77,,,,,,,,77,2,4-Seam Fastball,3,6,3,6,6,3,3,6,Standard,Standard,197.0,-0.003,-0.046,,,,,0.046,,-3,-3,0.044,0.044,30,30,31,31,1,4,2,1,1,1.0,0.88,0.09,0.09,54.7,,,,,,pitcher
FF,2024-06-18,98.5,-0.17,6.8,"Megill, Trevor",621493,656730,,called_strike,,,,,3.0,,R,R,R,LAA,MIL,S,,,0,0,2024,-0.23,1.41,0.4268507378697719,3.325203997543254,,694384.0,650859.0,2,9,Bot,,,,,,,2.1607981629991007,-143.30566106681667,-7.253253508747056,-3.72530885682676,34.503663185713535,-11.302742646591604,3.35630828499151,1.60789822999052,,,,98.8,2404.0,6.6,746217,596142,656555,668930,687401,642715,592885,686217,694192,53.95,,,,,,,,77,1,4-Seam Fastball,3,6,3,6,6,3,3,6,Standard,Standard,198.0,-0.002,-0.048,,,,,0.048,,-3,-3,0.046,0.046,30,30,31,31,1,4,2,1,1,1.0,0.95,0.23,0.23,58.6,,,,,,pitcher
FF,2024-06-16,99.2,-0.22,6.39,"Megill, Trevor",669289,656730,single,hit_into_play,,,,,1.0,"Reds challenged (tag play), call on the field was upheld: Reds challenged (home-plate collision), call on the field was upheld: Santiago Espinal singles on a line drive to center fielder Blake Perkins. Stuart Fairchild out at home on the throw, center fielder Blake Perkins to catcher William Contreras. Elly De La Cruz to 2nd.",R,R,R,MIL,CIN,X,8.0,line_drive,2,1,2024,-0.66,1.39,-0.5299352218998099,2.9180113026772,,656413.0,682829.0,2,9,Top,140.23,96.88,,,,,0.6869789260448437,-144.36321008790927,-7.391355859533887,-9.322665051628125,34.37171934438961,-11.219860005830135,3.45,1.68,233.0,75.6,21.0,100.2,2355.0,6.9,745977,661388,641343,668930,687401,642715,694192,663368,686217,53.62,0.974,0.915,0.9,1.0,1.0,0.0,4.0,74,4,4-Seam Fastball,5,4,4,5,4,5,4,5,Standard,Strategic,197.0,0.155,0.537,66.0,6.7,,1.081,-0.537,88.0,1,-1,0.845,0.155,30,29,31,30,1,0,1,1,2,2.0,0.93,0.66,0.66,54.1,1.9518752110497788,2.6181478081220693,37.16935185450686,27.27118760953011,25.447703231867138,pitcher
KC,2024-06-16,87.8,-0.31,6.41,"Megill, Trevor",669289,656730,,blocked_ball,,,,,14.0,,R,R,R,MIL,CIN,B,,,1,1,2024,0.45,-0.35,1.702507465715386,1.715333670276558,,656413.0,682829.0,2,9,Top,,,,,,,3.971279011629768,-127.85232582990432,-4.581511082980463,4.175501042306513,25.417688258172536,-35.299688653166214,3.50543682672914,1.74202700470222,,,,88.6,2677.0,6.7,745977,661388,641343,668930,687401,642715,694192,663368,686217,53.81,,,,,,,,74,3,Knuckle Curve,5,4,4,5,4,5,4,5,Standard,Strategic,37.0,-0.016,0.042,,,,,-0.042,,1,-1,0.861,0.139,30,29,31,30,1,0,1,1,2,2.0,3.29,-0.45,-0.45,52.3,,,,,,pitcher
KC,2024-06-16,88.5,-0.34,6.41,"Megill, Trevor",669289,656730,,blocked_ball,,,,,14.0,,R,R,R,MIL,CIN,B,,,0,1,2024,0.21,-0.58,0.8947428900993493,0.6025199176699956,,656413.0,682829.0,2,9,Top,,,,,,,2.615299004192773,-128.85383513303893,-6.996419199475475,1.8089628741264432,25.50665433205513,-37.4478216114548,3.44999958503323,1.70127445615339,,,,89.6,2778.0,6.8,745977,661388,641343,668930,687401,642715,694192,663368,686217,53.65,,,,,,,,74,2,Knuckle Curve,5,4,4,5,4,5,4,5,Standard,Strategic,17.0,-0.015,0.033,,,,,-0.033,,1,-1,0.876,0.124,30,29,31,30,1,0,1,1,2,2.0,3.47,-0.21,-0.21,56.6,,,,,,pitcher
FF,2024-06-16,100.0,-0.22,6.47,"Megill, Trevor",669289,656730,,foul,,,,,3.0,,R,R,R,MIL,CIN,S,,,0,0,2024,-0.6,1.45,0.3074715607414702,3.054643677478468,,656413.0,682829.0,2,9,Top,,,,,,,2.886947159744041,-145.46495907179744,-7.483428800006974,-9.149459002048175,35.7980622713386,-10.103505159075626,3.45,1.68,118.0,81.2,15.0,100.5,2403.0,6.7,745977,661388,641343,668930,687401,642715,694192,663368,686217,53.79,,,,,,,,74,1,4-Seam Fastball,5,4,4,5,4,5,4,5,Standard,Standard,202.0,0.022,-0.048,67.3,7.0,,,0.048,88.0,1,-1,0.854,0.146,30,29,31,30,1,0,1,1,2,2.0,0.84,0.6,0.6,55.2,2.375234567002182,15.52849528636652,31.56292235601383,37.14344515169389,22.299570161507805,pitcher
FF,2024-06-16,101.2,-0.18,6.42,"Megill, Trevor",670770,656730,field_out,hit_into_play,,,,,6.0,TJ Friedl flies out to shortstop Willy Adames.,R,L,R,MIL,CIN,X,6.0,fly_ball,1,2,2024,-0.71,1.29,0.5430506235930515,2.529355059096096,,656413.0,,1,9,Top,126.39,134.11,,,,,3.7520461079997296,-147.10506995367308,-8.664838799696124,-11.274013110775996,35.20066996792084,-11.54350922341984,3.08,1.45,186.0,85.0,63.0,101.9,2451.0,6.8,745977,661388,641343,668930,687401,642715,694192,663368,686217,53.75,0.016,0.015,0.0,1.0,0.0,0.0,3.0,72,4,4-Seam Fastball,5,4,4,5,4,5,4,5,Standard,Standard,204.0,0.082,-0.185,64.9,6.4,,0.018,0.185,88.0,1,-1,0.802,0.198,30,28,31,29,1,4,1,1,2,1.0,0.94,0.71,-0.71,52.4,15.220670798690998,-11.27756233393712,26.03287566125292,28.31423287228403,39.932529885378585,pitcher
FF,2024-06-16,99.0,-0.33,6.46,"Megill, Trevor",670770,656730,,swinging_strike,,,,,11.0,,R,L,R,MIL,CIN,S,,,1,1,2024,-0.48,1.47,-0.8431422911789515,2.5503826505956115,,656413.0,,1,9,Top,,,,,,,-0.2781781517210537,-143.9444493764554,-8.705298074811761,-6.5997301201567655,34.91943196442723,-9.96006876855236,3.08,1.45,,,,99.7,2371.0,6.8,745977,661388,641343,668930,687401,642715,694192,663368,686217,53.7,,,,,,,,72,3,4-Seam Fastball,5,4,4,5,4,5,4,5,Standard,Standard,199.0,0.029,-0.062,70.5,6.6,1.319052648,,0.062,,1,-1,0.773,0.227,30,28,31,29,1,4,1,1,2,1.0,0.87,0.48,-0.48,57.4,3.349672317058579,7.2384466273737,26.74129195976622,44.267252016057256,33.14967115637057,pitcher
FF,2024-06-16,99.2,-0.57,6.47,"Megill, Trevor",670770,656730,,ball,,,,,11.0,,R,L,R,MIL,CIN,B,,,0,1,2024,-0.46,1.49,-1.348948173148133,3.403716146622889,,656413.0,,1,9,Top,,,,,,,-1.049183554142624,-144.35197533675478,-6.47659524876723,-6.219133137416884,33.655911688578506,-10.07556661752135,3.18837773046516,1.46708636949354,,,,99.8,2436.0,6.6,745977,661388,641343,668930,687401,642715,694192,663368,686217,53.86,,,,,,,,72,2,4-Seam Fastball,5,4,4,5,4,5,4,5,Standard,Standard,197.0,-0.012,0.021,,,,,-0.021,,1,-1,0.785,0.215,30,28,31,29,1,4,1,1,2,1.0,0.83,0.46,-0.46,55.0,,,,,,pitcher
FF,2024-06-16,99.6,-0.48,6.45,"Megill, Trevor",670770,656730,,called_strike,,,,,8.0,,R,L,R,MIL,CIN,S,,,0,0,2024,-0.74,1.3,0.2021406262865561,1.9297271420628024,,656413.0,,1,9,Top,,,,,,,3.663732106520661,-144.68146532157562,-10.12719224054,-11.291643810010305,33.256460058227745,-11.80369780464646,3.08,1.45,,,,100.5,2398.0,6.8,745977,661388,641343,668930,687401,642715,694192,663368,686217,53.67,,,,,,,,72,1,4-Seam Fastball,5,4,4,5,4,5,4,5,Standard,Standard,205.0,0.018,-0.036,,,,,0.036,,1,-1,0.767,0.233,30,28,31,29,1,4,1,1,2,1.0,1.01,0.74,-0.74,50.5,,,,,,pitcher
FF,2024-06-16,99.1,-0.24,6.45,"Megill, Trevor",656413,656730,field_error,hit_into_play,,,,,2.0,Stuart Fairchild reaches on a throwing error by shortstop Willy Adames. Stuart Fairchild to 2nd.,R,R,R,MIL,CIN,X,6.0,ground_ball,3,1,2024,-0.55,1.41,0.2546910082262391,3.2207558234409484,,,,1,9,Top,108.62,154.46,,,,,2.655139130312105,-144.2715264651586,-6.751579912880667,-8.355579292390297,33.16149225417886,-11.151437592930211,3.27,1.54,67.0,103.0,2.0,99.8,2417.0,6.6,745977,661388,641343,668930,687401,642715,694192,663368,686217,53.85,0.545,0.524,0.9,1.0,0.0,0.0,4.0,71,5,4-Seam Fastball,5,4,4,5,4,5,4,5,Standard,Standard,197.0,-0.108,0.29,70.3,7.1,,0.636,-0.29,103.0,1,-1,0.875,0.125,30,28,31,28,1,1,1,1,2,1.0,0.91,0.55,0.55,54.3,16.80842543776862,-0.7549460136288005,24.684009575402712,36.3576240863176,29.980090786396357,pitcher
FF,2024-06-16,98.0,-0.37,6.48,"Megill, Trevor",656413,656730,,called_strike,,,,,1.0,,R,R,R,MIL,CIN,S,,,3,0,2024,-0.56,1.48,-0.4741790997741204,3.173177117660745,,,,1,9,Top,,,,,,,1.0110016501386174,-142.56971126111165,-6.9318252675034895,-7.861846045216189,32.65524914415567,-10.55012007912842,3.31756386939272,1.68790452386792,,,,98.7,2389.0,6.7,745977,661388,641343,668930,687401,642715,694192,663368,686217,53.82,,,,,,,,71,4,4-Seam Fastball,5,4,4,5,4,5,4,5,Standard,Standard,195.0,0.017,-0.081,,,,,0.081,,1,-1,0.858,0.142,30,28,31,28,1,1,1,1,2,1.0,0.89,0.56,0.56,52.6,,,,,,pitcher
FF,2024-06-16,98.6,-0.25,6.48,"Megill, Trevor",656413,656730,,ball,,,,,11.0,,R,R,R,MIL,CIN,B,,,2,0,2024,-0.32,1.17,-0.9262542624993682,3.84499512822299,,,,1,9,Top,,,,,,,-1.1182140158710183,-143.5723223097307,-4.501665400961704,-4.15384415060933,31.79568372956908,-15.152350559823535,3.3524391197773,1.5833556980829,,,,99.5,2310.0,6.6,745977,661388,641343,668930,687401,642715,694192,663368,686217,53.86,,,,,,,,71,3,4-Seam Fastball,5,4,4,5,4,5,4,5,Standard,Standard,194.0,-0.025,0.139,,,,,-0.139,,1,-1,0.883,0.117,30,28,31,28,1,1,1,1,2,1.0,1.16,0.32,0.32,53.8,,,,,,pitcher
FF,2024-06-16,99.1,-0.28,6.47,"Megill, Trevor",656413,656730,,ball,,,,,11.0,,R,R,R,MIL,CIN,B,,,1,0,2024,-0.17,1.55,-0.0989024015436108,4.313615109670426,,,,1,9,Top,,,,,,,0.8868627579689992,-144.41214323516962,-4.163385354428872,-2.5230550412673125,31.92083640836902,-9.68718452960821,3.34044729008163,1.57134223245329,,,,100.3,2489.0,6.8,745977,661388,641343,668930,687401,642715,694192,663368,686217,53.73,,,,,,,,71,2,4-Seam Fastball,5,4,4,5,4,5,4,5,Standard,Standard,192.0,-0.017,0.072,,,,,-0.072,,1,-1,0.9,0.1,30,28,31,28,1,1,1,1,2,1.0,0.76,0.17,0.17,53.6,,,,,,pitcher
KC,2024-06-16,88.3,-0.42,6.49,"Megill, Trevor",656413,656730,,ball,,,,,14.0,,R,R,R,MIL,CIN,B,,,0,0,2024,0.37,-0.63,0.7708446006631584,1.2664434870861014,,,,1,9,Top,,,,,,,2.163396276164953,-128.59600980622272,-5.3826681793015485,3.634029649141189,25.739876891581314,-38.29445776744369,3.27000041805233,1.57469876766263,,,,89.1,2806.0,6.7,745977,661388,641343,668930,687401,642715,694192,663368,686217,53.84,,,,,,,,71,1,Knuckle Curve,5,4,4,5,4,5,4,5,Standard,Standard,22.0,-0.008,0.039,,,,,-0.039,,1,-1,0.908,0.092,30,28,31,28,1,1,1,1,2,1.0,3.54,-0.37,-0.37,53.0,,,,,,pitcher
KC,2024-06-16,89.0,-0.38,6.43,"Megill, Trevor",663886,656730,strikeout,swinging_strike,,,,,12.0,Tyler Stephenson strikes out swinging.,R,R,R,MIL,CIN,S,2.0,,2,2,2024,1.03,-0.14,1.3647483192710823,2.8239573770739,,,,0,9,Top,,,,,,,2.141248738596823,-129.61646914266728,-2.552297925987685,11.214839155971507,26.586151845686185,-33.45872428391802,3.27,1.48,,,,89.9,2821.0,6.7,745977,661388,641343,668930,687401,642715,694192,663368,686217,53.77,,0.0,0.0,1.0,0.0,0.0,,70,5,Knuckle Curve,5,4,4,5,4,5,4,5,Standard,Standard,33.0,0.062,-0.227,62.2,7.2,0.1,,0.227,,1,-1,0.846,0.154,30,27,31,28,1,1,1,1,2,1.0,3.01,-1.03,-1.03,55.9,9.730833566205398,19.66346667348969,25.90705283390992,56.642346373058174,15.509209234538462,pitcher
FF,2024-06-16,99.4,-0.31,6.5,"Megill, Trevor",663886,656730,,foul,,,,,1.0,,R,R,R,MIL,CIN,S,,,2,1,2024,-0.43,1.47,-0.5560281628242916,3.090417537288781,,,,0,9,Top,,,,,,,0.3401995604047576,-144.5828603814411,-7.436212157063926,-6.133886824799213,33.75192929317666,-10.03033714045576,3.27,1.48,220.0,72.6,46.0,100.1,2478.0,6.7,745977,661388,641343,668930,687401,642715,694192,663368,686217,53.8,,,,,,,,70,4,4-Seam Fastball,5,4,4,5,4,5,4,5,Standard,Standard,203.0,0.023,-0.069,72.7,6.8,,,0.069,88.0,1,-1,0.823,0.177,30,27,31,28,1,1,1,1,2,1.0,0.84,0.43,0.43,53.8,2.229100805095032,5.22872417823729,33.16446954553703,33.017006485238,24.84838150702968,pitcher
FF,2024-06-16,98.5,-0.32,6.49,"Megill, Trevor",663886,656730,,ball,,,,,11.0,,R,R,R,MIL,CIN,B,,,1,1,2024,-0.43,1.5,-1.1046752978878762,3.695968818567835,,,,0,9,Top,,,,,,,-1.1507967523070977,-143.47835059337447,-5.69382723007671,-5.652704025893972,31.911934057066706,-10.284261989745817,3.26999908788795,1.58928254941916,,,,99.6,2313.0,6.8,745977,661388,641343,668930,687401,642715,694192,663368,686217,53.72,,,,,,,,70,3,4-Seam Fastball,5,4,4,5,4,5,4,5,Standard,Standard,197.0,-0.016,0.053,,,,,-0.053,,1,-1,0.839,0.161,30,27,31,28,1,1,1,1,2,1.0,0.83,0.43,0.43,51.8,,,,,,pitcher
FF,2024-06-16,99.4,-0.23,6.48,"Megill, Trevor",663886,656730,,swinging_strike,,,,,3.0,,R,R,R,MIL,CIN,S,,,1,0,2024,-0.29,1.4,0.6947196496325279,3.326434515816227,,,,0,9,Top,,,,,,,3.2338120523203244,-144.75675129801928,-6.595599517236786,-4.779437049213797,32.32333359516132,-11.189026681702028,3.27,1.48,,,,100.4,2465.0,6.7,745977,661388,641343,668930,687401,642715,694192,663368,686217,53.79,,,,,,,,70,2,4-Seam Fastball,5,4,4,5,4,5,4,5,Standard,Standard,199.0,0.016,-0.049,69.7,7.1,0.670272492,,0.049,,1,-1,0.823,0.177,30,27,31,28,1,1,1,1,2,1.0,0.9,0.29,0.29,55.5,6.228691972101066,15.58405341955968,28.052535168552257,48.66857232662959,16.46271656783711,pitcher
KC,2024-06-16,88.2,-0.4,6.39,"Megill, Trevor",663886,656730,,ball,,,,,14.0,,R,R,R,MIL,CIN,B,,,0,0,2024,0.04,-0.46,1.5696686729312346,-0.535505736012885,,,,0,9,Top,,,,,,,4.729048818964322,-128.1448103589737,-9.835938850277069,-0.4910659636170517,26.41693189494708,-35.43746445674453,3.26999898959289,1.54194123132858,,,,89.0,2740.0,6.8,745977,661388,641343,668930,687401,642715,694192,663368,686217,53.67,,,,,,,,70,1,Knuckle Curve,5,4,4,5,4,5,4,5,Standard,Standard,13.0,-0.012,0.038,,,,,-0.038,,1,-1,0.835,0.165,30,27,31,28,1,1,1,1,2,1.0,3.4,-0.04,-0.04,53.4,,,,,,pitcher
,2024-06-16,,,,"Megill, Trevor",682829,656730,,automatic_ball,,,,,,,R,L,R,MIL,CIN,B,,,0,0,2024,,,,,,656413.0,,2,9,Top,,,,,,,,,,,,,,,,,,,,,745977,661388,641343,668930,687401,642715,694192,663368,686217,,,,,,,,,73,1,,5,4,4,5,4,5,4,5,,,,-0.003,,,,,,,,1,-1,0.884,0.116,30,22,31,22,1,4,1,1,2,1.0,,,,,,,,,,pitcher
,2024-06-16,,,,"Megill, Trevor",682829,656730,,automatic_ball,,,,,,,R,L,R,MIL,CIN,B,,,2,0,2024,,,,,,656413.0,,2,9,Top,,,,,,,,,,,,,,,,,,,,,745977,661388,641343,668930,687401,642715,694192,663368,686217,,,,,,,,,73,3,,5,4,4,5,4,5,4,5,,,,-0.009,,,,,,,,1,-1,0.875,0.125,30,22,31,22,1,4,1,1,2,1.0,,,,,,,,,,pitcher
,2024-06-16,,,,"Megill, Trevor",682829,656730,,automatic_ball,,,,,,,R,L,R,MIL,CIN,B,,,1,0,2024,,,,,,656413.0,,2,9,Top,,,,,,,,,,,,,,,,,,,,,745977,661388,641343,668930,687401,642715,694192,663368,686217,,,,,,,,,73,2,,5,4,4,5,4,5,4,5,,,,-0.006,,,,,,,,1,-1,0.881,0.119,30,22,31,22,1,4,1,1,2,1.0,,,,,,,,,,pitcher
,2024-06-16,,,,"Megill, Trevor",682829,656730,intent_walk,automatic_ball,,,,,,Trevor Megill intentionally walks Elly De La Cruz.,R,L,R,MIL,CIN,B,,,3,0,2024,,,,,,656413.0,,2,9,Top,,,,,,,,,,,,,,,,,,,,,745977,661388,641343,668930,687401,642715,694192,663368,686217,,,,0.4,,0.0,0.0,,73,4,,5,4,4,5,4,5,4,5,,,,-0.012,,,,,,,,1,-1,0.866,0.134,30,22,31,22,1,4,1,1,2,1.0,,,,,,,,,,pitcher
FF,2024-06-15,99.6,-0.27,6.53,"Megill, Trevor",656413,656730,field_out,hit_into_play,,,,,2.0,Stuart Fairchild flies out to right fielder Jackson Chourio.,R,R,R,MIL,CIN,X,9.0,fly_ball,0,0,2024,-0.24,1.25,0.0622706016984905,3.0426790941556616,,,663886.0,2,9,Top,163.79,130.48,,,,,1.4857269766120695,-144.94243652932354,-7.212086750955999,-3.7169012143195808,31.601442097817166,-13.061707416882037,3.29,1.55,198.0,87.8,56.0,100.8,2353.0,6.8,745976,661388,656555,668930,687401,642715,592885,663368,694192,53.69,0.011,0.009,0.0,1.0,0.0,0.0,3.0,64,1,4-Seam Fastball,3,1,1,3,1,3,1,3,Standard,Standard,197.0,0.036,-0.271,73.3,7.1,,0.011,0.271,88.0,2,-2,0.964,0.036,30,28,31,28,1,1,3,3,1,1.0,1.03,0.24,0.24,54.1,12.618144326234944,-4.2971183289163815,31.406612194965813,33.01794287029504,29.13196107162672,pitcher
FF,2024-06-15,100.6,-0.34,6.4,"Megill, Trevor",663886,656730,fielders_choice_out,hit_into_play,,,,,5.0,"Tyler Stephenson reaches on a fielder's choice out, shortstop Willy Adames to third baseman Joey Ortiz to second baseman Brice Turang. Jeimer Candelario out at 3rd.",R,R,R,MIL,CIN,X,6.0,ground_ball,1,0,2024,-0.6,1.42,-0.1787323635337152,2.44015983271062,,600869.0,,1,9,Top,98.86,139.86,,,,,1.896273798792008,-146.3071202289256,-9.088980853577771,-9.112858626227474,34.05848049050499,-9.844122076610391,3.28,1.49,26.0,100.3,-4.0,101.6,2400.0,6.8,745976,661388,656555,668930,687401,642715,592885,663368,694192,53.69,0.303,0.273,0.0,1.0,0.0,0.0,2.0,63,2,4-Seam Fastball,3,1,1,3,1,3,1,3,Standard,Standard,199.0,0.07,-0.286,72.7,7.2,,0.303,0.286,100.3,2,-2,0.894,0.106,30,27,31,28,1,3,3,1,1,1.0,0.83,0.6,0.6,51.4,7.792842065674507,0.455337260214751,35.83139631739946,36.87807470255142,30.279009380638016,pitcher
FF,2024-06-15,98.3,-0.17,6.47,"Megill, Trevor",663886,656730,,ball,,,,,13.0,,R,R,R,MIL,CIN,B,,,0,0,2024,-0.42,1.51,-0.1184178702983907,0.8773836671219948,,600869.0,,1,9,Top,,,,,,,1.1045010518719265,-142.70998998385636,-13.257276019222834,-5.945175735857108,32.33421002886483,-8.769424195158145,3.28000125892001,1.66447040646374,,,,99.2,2397.0,6.9,745976,661388,656555,668930,687401,642715,592885,663368,694192,53.63,,,,,,,,63,1,4-Seam Fastball,3,1,1,3,1,3,1,3,Standard,Standard,196.0,-0.007,0.027,,,,,-0.027,,2,-2,0.901,0.099,30,27,31,28,1,3,3,1,1,1.0,0.86,0.42,0.42,54.4,,,,,,pitcher
KC,2024-06-15,88.7,-0.37,6.56,"Megill, Trevor",668715,656730,field_out,hit_into_play,,,,,9.0,"Spencer Steer grounds out, shortstop Willy Adames to first baseman Rhys Hoskins.",R,R,R,MIL,CIN,X,6.0,ground_ball,0,1,2024,0.12,-0.52,0.577580639041845,1.8620826924387228,,600869.0,,0,9,Top,116.1,147.55,,,,,2.0824614979409484,-129.261147922781,-4.424409633857702,0.8840676563801155,25.72946862016168,-37.30849380222669,3.3,1.55,77.0,97.2,3.0,89.5,2807.0,6.6,745976,661388,656555,668930,687401,642715,592885,663368,694192,53.89,0.495,0.445,0.0,1.0,0.0,0.0,4.0,62,2,Knuckle Curve,3,1,1,3,1,3,1,3,Standard,Standard,36.0,0.062,-0.159,73.1,7.5,,0.543,0.159,97.2,2,-2,0.839,0.161,30,26,31,27,1,3,3,1,1,1.0,3.39,-0.12,-0.12,55.0,0.9587615225727886,-3.2509331414169824,28.83782709648368,42.06916564619123,31.764688081458065,pitcher
FF,2024-06-15,98.6,-0.48,6.49,"Megill, Trevor",668715,656730,,called_strike,,,,,2.0,,R,R,R,MIL,CIN,S,,,0,0,2024,-0.26,1.41,0.0361892818659273,2.9906940911432134,,600869.0,,0,9,Top,,,,,,,2.0309092504809865,-143.50160541368618,-7.415209562247797,-4.049124766788425,33.69059610328191,-11.247096838976145,3.46316320624817,1.66378663147156,,,,99.7,2278.0,6.9,745976,661388,656555,668930,687401,642715,592885,663368,694192,53.58,,,,,,,,62,1,4-Seam Fastball,3,1,1,3,1,3,1,3,Standard,Standard,198.0,0.011,-0.035,,,,,0.035,,2,-2,0.828,0.172,30,26,31,27,1,3,3,1,1,1.0,0.94,0.26,0.26,54.6,,,,,,pitcher
FF,2024-06-15,100.1,-0.38,6.49,"Megill, Trevor",600869,656730,double,hit_into_play,,,,,7.0,Jeimer Candelario doubles (17) on a sharp line drive to center fielder Blake Perkins. Elly De La Cruz scores.,R,L,R,MIL,CIN,X,8.0,line_drive,0,1,2024,-0.8,1.31,-0.3893353093891898,1.985384849601028,,682829.0,,0,9,Top,108.54,87.31,,,,,1.8704361975509056,-145.4700801007945,-10.23941863469275,-11.732130061570215,35.05571832420936,-11.29548307028698,3.4,1.62,283.0,105.9,10.0,100.9,2432.0,6.8,745976,661388,656555,668930,687401,642715,592885,663368,694192,53.66,0.871,0.847,1.25,1.0,1.0,1.0,4.0,61,2,4-Seam Fastball,3,0,0,3,1,3,1,3,Standard,Standard,200.0,-0.096,0.761,68.4,7.8,,1.09,-0.761,105.9,3,-3,0.924,0.076,30,30,31,31,1,3,3,1,1,1.0,0.97,0.8,-0.8,53.5,4.403234454182833,9.253301541571233,34.39332866893402,41.370930675332446,21.209597709952558,pitcher
KC,2024-06-15,88.7,-0.51,6.53,"Megill, Trevor",600869,656730,,swinging_strike,,,,,14.0,,R,L,R,MIL,CIN,S,,,0,0,2024,0.52,-0.17,1.13471675788336,1.4161809466312911,,,682829.0,0,9,Top,,,,,,,2.947578722576816,-129.15359355746634,-6.135555361923915,5.21471985595328,27.011377825902184,-32.958579614619815,3.4,1.62,,,,89.3,2788.0,6.6,745976,661388,656555,668930,687401,642715,592885,663368,694192,53.86,,,,,,,,61,1,Knuckle Curve,3,0,0,3,0,3,0,3,Standard,Standard,35.0,-0.001,-0.042,66.9,8.9,14.462845428,,0.042,,3,-3,0.925,0.075,30,30,31,31,1,3,3,1,1,1.0,3.06,-0.52,0.52,54.8,28.10165183538865,-57.54138465853957,32.6585417024423,25.35007192104154,60.458046351707246,pitcher
FF,2024-06-15,98.9,-0.28,6.53,"Megill, Trevor",682829,656730,walk,ball,,,,,14.0,Elly De La Cruz walks.,R,L,R,MIL,CIN,B,,,3,0,2024,-0.02,1.43,1.0642426007793746,2.583639928167225,,,,0,9,Top,,,,,,,3.73138741563031,-143.93455156805015,-8.758194865068642,-1.0914349892560655,31.251923504245006,-10.51858848618298,3.66000126747672,1.65451324278248,,,,99.9,2399.0,6.7,745976,661388,656555,668930,687401,642715,592885,663368,694192,53.83,,0.689131,0.7,1.0,0.0,0.0,,60,4,4-Seam Fastball,3,0,0,3,0,3,0,3,Standard,Standard,194.0,-0.016,0.197,,,,,-0.197,,3,-3,0.941,0.059,30,22,31,22,1,3,3,1,1,1.0,0.89,0.02,-0.02,54.0,,,,,,pitcher
FF,2024-06-15,99.5,-0.17,6.48,"Megill, Trevor",682829,656730,,ball,,,,,14.0,,R,L,R,MIL,CIN,B,,,2,0,2024,-0.06,1.49,1.1807645120519683,2.310420076335707,,,,0,9,Top,,,,,,,3.873311967770337,-144.71145530897897,-9.626249471754925,-1.7153587129878771,32.66206000573925,-9.17810145269058,3.66000157005651,1.72579573366397,,,,100.5,2474.0,6.8,745976,661388,656555,668930,687401,642715,592885,663368,694192,53.73,,,,,,,,60,3,4-Seam Fastball,3,0,0,3,0,3,0,3,Standard,Standard,202.0,-0.013,0.147,,,,,-0.147,,3,-3,0.954,0.046,30,22,31,22,1,3,3,1,1,1.0,0.81,0.06,-0.06,54.0,,,,,,pitcher
FF,2024-06-15,99.4,-0.42,6.44,"Megill, Trevor",682829,656730,,ball,,,,,14.0,,R,L,R,MIL,CIN,B,,,1,0,2024,-0.38,1.58,0.8186526637533496,1.2310327741095315,,,,0,9,Top,,,,,,,4.314835340748323,-144.19008906882863,-12.633459861429126,-6.291121214627351,32.94162509794805,-7.392667716679777,3.65999978728041,1.64009484576828,,,,100.2,2361.0,6.9,745976,661388,656555,668930,687401,642715,592885,663368,694192,53.63,,,,,,,,60,2,4-Seam Fastball,3,0,0,3,0,3,0,3,Standard,Standard,205.0,-0.008,0.069,,,,,-0.069,,3,-3,0.962,0.038,30,22,31,22,1,3,3,1,1,1.0,0.74,0.38,-0.38,52.4,,,,,,pitcher
FF,2024-06-15,100.1,-0.46,6.44,"Megill, Trevor",682829,656730,,ball,,,,,14.0,,R,L,R,MIL,CIN,B,,,0,0,2024,-0.66,1.52,0.4151190844158092,0.7065881748797409,,,,0,9,Top,,,,,,,4.000674727775271,-145.17686957081784,-14.095653371180438,-10.275127422006312,32.25190687604093,-7.695509226550636,3.66000155565646,1.73209749177633,,,,100.8,2425.0,6.8,745976,661388,656555,668930,687401,642715,592885,663368,694192,53.74,,,,,,,,60,1,4-Seam Fastball,3,0,0,3,0,3,0,3,Standard,Standard,202.0,-0.004,0.038,,,,,-0.038,,3,-3,0.966,0.034,30,22,31,22,1,3,3,1,1,1.0,0.76,0.66,-0.66,53.2,,,,,,pitcher
FF,2024-06-12,99.8,-0.26,6.47,"Megill, Trevor",665489,656730,field_out,hit_into_play,,,,,5.0,Vladimir Guerrero Jr. lines out to center fielder Blake Perkins.,R,R,R,MIL,TOR,X,8.0,line_drive,0,1,2024,-0.65,1.41,-0.1941072011749685,2.751662667568934,666182.0,,643376.0,2,9,Top,137.49,44.81,,,,,1.7360668735560745,-145.196479917892,-8.224089158775126,-9.600173990848193,33.43361696543464,-10.544210731982956,3.67,1.71,382.0,98.6,23.0,100.6,2462.0,6.7,745978,661388,641343,668930,686554,642715,694192,663368,686217,53.82,0.304,0.4954999999999999,0.0,1.0,0.0,0.0,5.0,74,2,4-Seam Fastball,5,4,4,5,4,5,4,5,Standard,Standard,204.0,0.139,-0.254,77.3,7.7,,0.918,0.254,98.6,1,-1,0.861,0.139,30,25,31,25,1,0,2,1,3,2.0,0.88,0.65,0.65,60.4,1.1732691512850568,-0.8127327943292694,28.306428733477546,36.858821064378105,27.888841918406108,pitcher
FF,2024-06-12,100.4,-0.25,6.46,"Megill, Trevor",665489,656730,,called_strike,,,,,7.0,,R,R,R,MIL,TOR,S,,,0,0,2024,-0.46,1.45,-0.5832101840253343,2.179642137098351,666182.0,,643376.0,2,9,Top,,,,,,,0.1643439157264377,-145.95277519467254,-9.988097675756247,-6.644861245488806,32.373507077241875,-9.398884413004902,3.67000050136933,1.8236999995654,,,,101.3,2534.0,6.7,745978,661388,641343,668930,686554,642715,694192,663368,686217,53.79,,,,,,,,74,1,4-Seam Fastball,5,4,4,5,4,5,4,5,Standard,Standard,197.0,0.025,-0.046,,,,,0.046,,1,-1,0.836,0.164,30,25,31,25,1,0,2,1,3,2.0,0.81,0.46,0.46,57.8,,,,,,pitcher
FF,2024-06-12,98.6,-0.37,6.49,"Megill, Trevor",672386,656730,sac_fly,hit_into_play,,,,,8.0,Alejandro Kirk out on a sacrifice fly to center fielder Blake Perkins. Davis Schneider scores. Bo Bichette to 3rd.,R,R,R,MIL,TOR,X,8.0,fly_ball,0,0,2024,-0.25,1.35,-0.0772870560878113,1.766968480277856,676914.0,666182.0,643376.0,1,9,Top,142.46,39.18,,,,,1.395488621244413,-143.27709147584815,-10.562377962875738,-3.759154306483309,33.45661349530922,-11.379833668498268,3.12,1.47,396.0,100.5,30.0,99.1,2390.0,6.7,745978,661388,641343,668930,686554,642715,694192,663368,686217,53.83,,1.0738484848484848,0.0,1.0,0.0,0.0,6.0,73,1,4-Seam Fastball,5,3,3,5,4,5,4,5,Standard,Standard,200.0,0.123,-0.138,74.7,7.7,,,0.138,100.5,2,-2,0.713,0.287,30,25,31,26,1,3,2,2,3,2.0,1.01,0.25,0.25,54.5,9.514531255322522,-4.282138896429276,31.586162020033928,37.91443788989773,28.790820891728053,pitcher
FF,2024-06-12,100.6,-0.34,6.42,"Megill, Trevor",543807,656730,strikeout,foul_tip,,,,,2.0,George Springer strikes out on a foul tip.,R,R,R,MIL,TOR,S,2.0,,0,2,2024,-0.17,1.39,-0.1681167532779624,3.6408010496109537,676914.0,666182.0,643376.0,0,9,Top,,,,,,,0.8866285994421342,-146.5362242483656,-5.728948660571183,-2.6383585742839526,34.003239491835984,-11.047558083435254,3.72,1.69,,,,101.4,2388.0,6.6,745978,661388,641343,668930,686554,642715,694192,663368,686217,53.85,,0.0,0.0,1.0,0.0,0.0,,72,3,4-Seam Fastball,5,3,3,5,3,5,3,5,Standard,Standard,198.0,0.086,-0.188,71.9,6.1,,,0.188,,2,-2,0.627,0.373,30,34,31,35,1,3,2,1,3,2.0,0.86,0.17,0.17,52.9,9.444607879977392,23.367099134852484,26.89945193876529,33.62280132975228,9.163895346009737,pitcher
KC,2024-06-12,89.1,-0.41,6.5,"Megill, Trevor",543807,656730,,swinging_strike,,,,,14.0,,R,R,R,MIL,TOR,S,,,0,1,2024,0.86,-0.35,0.932257326148854,1.2319292543579077,676914.0,666182.0,643376.0,0,9,Top,,,,,,,1.492109527124069,-129.74082315396296,-6.207407611086338,9.439076738855412,27.27669589062408,-35.07576143203124,3.72,1.69,,,,89.6,2665.0,6.6,745978,661388,641343,668930,686554,642715,694192,663368,686217,53.95,,,,,,,,72,2,Knuckle Curve,5,3,3,5,3,5,3,5,Standard,Standard,24.0,0.036,-0.052,63.4,8.7,9.635419044,,0.052,,2,-2,0.591,0.409,30,34,31,35,1,3,2,1,3,2.0,3.22,-0.86,-0.86,56.5,27.352179703607742,-17.461005088916007,35.239572961721265,48.27842362648511,39.87438872224716,pitcher
FF,2024-06-12,99.2,-0.33,6.53,"Megill, Trevor",543807,656730,,foul,,,,,6.0,,R,R,R,MIL,TOR,S,,,0,0,2024,-0.1,1.46,0.6762754014809471,2.886826650041656,676914.0,666182.0,643376.0,0,9,Top,,,,,,,3.010844476955333,-144.25421632044754,-8.004793657229303,-2.061432052098538,33.01101310942525,-10.120851443760737,3.72,1.69,260.0,89.7,55.0,99.9,2408.0,6.7,745978,661388,641343,668930,686554,642715,694192,663368,686217,53.81,,,,,,,,72,1,4-Seam Fastball,5,3,3,5,3,5,3,5,Standard,Standard,198.0,0.022,-0.042,73.1,7.4,,,0.042,89.7,2,-2,0.569,0.431,30,34,31,35,1,3,2,1,3,2.0,0.86,0.1,0.1,56.0,6.512711823487909,14.833621499124575,28.65179147291683,45.86785961090055,13.329451711067206,pitcher
FF,2024-06-12,99.6,-0.16,6.55,"Megill, Trevor",643376,656730,walk,ball,,,,,12.0,Danny Jansen walks. Bo Bichette to 2nd.,R,R,R,MIL,TOR,B,,,3,2,2024,-0.35,1.59,0.0074524483706417,4.231476093179524,676914.0,,666182.0,0,9,Top,,,,,,,1.307195617343886,-145.09939142508242,-4.7777669322896426,-5.306445259053388,33.33151208506751,-8.755995344807753,3.41000000451832,1.7161049800871,,,,100.5,2445.0,6.7,745978,661388,641343,668930,686554,642715,694192,663368,686217,53.83,,0.689131,0.7,1.0,0.0,0.0,,71,6,4-Seam Fastball,5,3,3,5,3,5,3,5,Standard,Standard,203.0,-0.115,0.331,,,,,-0.331,,2,-2,0.684,0.316,30,29,31,29,1,1,2,1,3,2.0,0.7,0.35,0.35,54.9,,,,,,pitcher
FF,2024-06-12,100.3,-0.25,6.54,"Megill, Trevor",643376,656730,,foul,,,,,6.0,,R,R,R,MIL,TOR,S,,,3,1,2024,-0.47,1.41,0.3526130688448414,2.5311460868561024,676914.0,,666182.0,0,9,Top,,,,,,,2.782911383773511,-145.86346477412602,-9.086780748423411,-7.355994469806067,34.70827291766662,-10.122108670146272,3.41,1.61,137.0,81.7,71.0,100.8,2457.0,6.6,745978,661388,641343,668930,686554,642715,694192,663368,686217,53.89,,,,,,,,71,5,4-Seam Fastball,5,3,3,5,3,5,3,5,Standard,Standard,193.0,0.034,-0.086,71.5,6.8,,,0.086,88.0,2,-2,0.65,0.35,30,29,31,29,1,1,2,1,3,2.0,0.86,0.47,0.47,53.5,12.431160659213322,5.374794063677478,27.483435415249623,42.64908027181586,29.81513859891913,pitcher
FF,2024-06-12,99.2,-0.24,6.43,"Megill, Trevor",643376,656730,,called_strike,,,,,5.0,,R,R,R,MIL,TOR,S,,,3,0,2024,-0.16,1.47,0.2265921542344565,2.3305795740531505,676914.0,,666182.0,0,9,Top,,,,,,,1.6510156416444188,-144.17204065509546,-9.270623237525172,-2.6241191151701315,33.72893751659359,-9.738629756847333,3.41000057042617,1.5539356809664,,,,99.9,2471.0,6.7,745978,661388,641343,668930,686554,642715,694192,663368,686217,53.77,,,,,,,,71,4,4-Seam Fastball,5,3,3,5,3,5,3,5,Standard,Standard,200.0,0.027,-0.13,,,,,0.13,,2,-2,0.623,0.377,30,29,31,29,1,1,2,1,3,2.0,0.85,0.16,0.16,56.1,,,,,,pitcher
FF,2024-06-12,99.6,-0.25,6.5,"Megill, Trevor",643376,656730,,ball,,,,,13.0,,R,R,R,MIL,TOR,B,,,2,0,2024,-0.64,1.56,-1.8908587463446855,2.075817121517306,676914.0,,666182.0,0,9,Top,,,,,,,-3.010671173019918,-144.74701003796702,-10.443897840460766,-8.338276776615972,34.39031054040937,-8.021433522479844,3.40999910561492,1.64586063540799,,,,100.0,2483.0,6.6,745978,661388,641343,668930,686554,642715,694192,663368,686217,53.86,,,,,,,,71,3,4-Seam Fastball,5,3,3,5,3,5,3,5,Standard,Standard,203.0,-0.04,0.111,,,,,-0.111,,2,-2,0.663,0.337,30,29,31,29,1,1,2,1,3,2.0,0.75,0.64,0.64,57.2,,,,,,pitcher
FF,2024-06-12,98.4,-0.49,6.46,"Megill, Trevor",643376,656730,,ball,,,,,13.0,,R,R,R,MIL,TOR,B,,,1,0,2024,-0.63,1.35,-1.0936823980225063,2.163373452188736,676914.0,,666182.0,0,9,Top,,,,,,,-0.1691338235440914,-143.19133151512,-9.41601614103766,-8.713855864165284,31.44687165044623,-11.63241422206496,3.41000021127951,1.69195658087505,,,,99.2,2370.0,6.6,745978,661388,641343,668930,686554,642715,694192,663368,686217,53.87,,,,,,,,71,2,4-Seam Fastball,5,3,3,5,3,5,3,5,Standard,Standard,203.0,-0.027,0.042,,,,,-0.042,,2,-2,0.69,0.31,30,29,31,29,1,1,2,1,3,2.0,0.99,0.63,0.63,53.4,,,,,,pitcher
FF,2024-06-12,98.8,-0.51,6.51,"Megill, Trevor",643376,656730,,ball,,,,,1.0,,R,R,R,MIL,TOR,B,,,0,0,2024,-0.42,1.47,-0.3091805223413649,3.4942862127484604,676914.0,,666182.0,0,9,Top,,,,,,,1.539395226365144,-143.91324576557807,-6.264374686119168,-6.155051812454648,32.512599570159566,-10.556962659134186,3.40999979628878,1.62256556892927,,,,99.8,2377.0,6.7,745978,661388,641343,668930,686554,642715,694192,663368,686217,53.77,,,,,,,,71,1,4-Seam Fastball,5,3,3,5,3,5,3,5,Standard,Standard,203.0,-0.014,0.021,,,,,-0.021,,2,-2,0.704,0.296,30,29,31,29,1,1,2,1,3,2.0,0.86,0.42,0.42,57.3,,,,,,pitcher
FF,2024-06-12,100.5,-0.34,6.56,"Megill, Trevor",666182,656730,single,hit_into_play,,,,,8.0,Bo Bichette singles on a ground ball to second baseman Brice Turang. Spencer Horwitz scores. Davis Schneider to 3rd.,R,R,R,MIL,TOR,X,4.0,ground_ball,1,1,2024,-0.58,1.36,-0.0699892492414937,1.9411185129607285,687462.0,676914.0,,0,9,Top,154.82,148.35,,,,,2.1365807364774176,-146.0216515071191,-10.72605892337303,-8.861986260794275,33.190326761749674,-10.388319754107636,3.79,1.76,18.0,100.5,-5.0,101.0,2461.0,6.6,745978,661388,641343,668930,686554,642715,694192,663368,686217,53.91,0.341,0.307,0.9,1.0,1.0,0.0,2.0,70,3,4-Seam Fastball,5,2,2,5,3,5,3,5,Standard,Standard,207.0,-0.118,0.562,74.4,6.9,,0.38,-0.562,100.5,3,-3,0.822,0.178,30,26,31,26,1,3,2,1,3,2.0,0.89,0.58,0.58,57.2,-15.474881344522844,16.53156109468967,49.49265057660401,32.62974643679724,14.67407763793462,pitcher
KC,2024-06-12,90.1,-0.39,6.42,"Megill, Trevor",666182,656730,,ball,,,,,14.0,,R,R,R,MIL,TOR,B,,,0,1,2024,-0.04,-0.39,1.4498799713642327,-1.34486022695706,,687462.0,676914.0,0,9,Top,,,,,,,4.660573430001373,-130.66061187816803,-12.478382406128542,-1.470316749514681,28.14986172798591,-34.09562175891499,3.79000063630766,1.87405941400227,,,,90.3,2783.0,6.6,745978,661388,641343,668930,686554,642715,694192,663368,686217,53.87,,,,,,,,70,2,Knuckle Curve,5,2,2,5,2,5,2,5,Standard,Standard,15.0,-0.03,0.034,,,,,-0.034,,3,-3,0.852,0.148,30,26,31,26,1,3,2,1,3,2.0,3.22,0.04,0.04,53.2,,,,,,pitcher
FF,2024-06-12,99.1,-0.47,6.59,"Megill, Trevor",666182,656730,,foul,,,,,2.0,,R,R,R,MIL,TOR,S,,,0,0,2024,-0.51,1.32,-0.0812329457706058,3.41900355118735,,687462.0,676914.0,0,9,Top,,,,,,,2.261281724359777,-144.177229814287,-6.346190880748427,-7.596995533368953,34.35130710627047,-12.513222740554555,3.79,1.76,173.0,88.5,8.0,99.5,2480.0,6.6,745978,661388,641343,668930,686554,642715,694192,663368,686217,53.92,,,,,,,,70,1,4-Seam Fastball,5,2,2,5,2,5,2,5,Standard,Standard,205.0,0.01,-0.044,64.9,5.5,,,0.044,88.5,3,-3,0.842,0.158,30,26,31,26,1,3,2,1,3,2.0,1.01,0.51,0.51,56.3,-23.39874126405261,33.410592922719964,41.7364290678732,33.02871314168121,8.685354492524992,pitcher
FF,2024-06-10,99.6,-0.26,6.51,"Megill, Trevor",665489,656730,field_out,hit_into_play,,,,,5.0,"Vladimir Guerrero Jr. grounds out, second baseman Brice Turang to first baseman Jake Bauers.",R,R,R,MIL,TOR,X,4.0,ground_ball,0,0,2024,-0.44,1.58,0.2199374253144497,2.852185861859856,,,687462.0,2,9,Top,126.9,142.25,,,,,2.377054599966961,-144.85123268484526,-8.413638322007573,-6.759750190312649,34.88738305685711,-8.170815631574143,3.69,1.73,9.0,109.8,-17.0,100.3,2554.0,6.8,745982,661388,641343,668930,687401,642715,592885,663368,694192,53.75,0.183,0.225,0.0,1.0,0.0,0.0,2.0,61,1,4-Seam Fastball,3,1,1,3,1,3,1,3,Strategic,Standard,202.0,0.036,-0.271,74.4,7.4,,0.202,0.271,109.8,2,-2,0.964,0.036,30,25,31,25,1,3,2,1,2,1.0,0.73,0.44,0.44,56.5,-4.836988192108768,14.04867797495153,26.35356719582053,42.80179482512796,23.700717069944744,pitcher
FF,2024-06-10,98.4,-0.32,6.56,"Megill, Trevor",687462,656730,single,hit_into_play,,,,,6.0,Spencer Horwitz singles on a line drive to left fielder Christian Yelich.,R,L,R,MIL,TOR,X,7.0,line_drive,0,1,2024,-0.26,1.3,0.6444746781974109,2.494991830709658,,,,2,9,Top,84.08,127.34,,,,,3.235589618754064,-143.0668331142512,-8.644545074546569,-4.310208691942759,31.57619534944326,-12.507519597606402,3.53,1.65,172.0,67.5,21.0,99.2,2503.0,6.7,745982,661388,641343,668930,687401,642715,592885,663368,694192,53.81,0.797,0.718,0.9,1.0,1.0,0.0,4.0,60,2,4-Seam Fastball,3,1,1,3,1,3,1,3,Standard,Standard,201.0,-0.026,0.373,62.3,6.1,,0.832,-0.373,88.0,2,-2,0.99,0.01,30,26,31,27,1,3,2,1,2,1.0,1.05,0.26,-0.26,55.6,0.0203892484401384,16.019604423036437,43.126372416284354,27.31816479547269,20.3244672666207,pitcher
FF,2024-06-10,99.0,-0.34,6.56,"Megill, Trevor",687462,656730,,foul,,,,,3.0,,R,L,R,MIL,TOR,S,,,0,0,2024,-0.29,1.44,0.3110443058754998,2.976768847347271,,,,2,9,Top,,,,,,,2.4712183730603696,-144.03446014981552,-7.782320508031711,-4.537414238700887,32.09956350097902,-10.564913275736137,3.53,1.65,216.0,74.7,47.0,99.8,2459.0,6.7,745982,661388,641343,668930,687401,642715,592885,663368,694192,53.83,,,,,,,,60,1,4-Seam Fastball,3,1,1,3,1,3,1,3,Standard,Standard,199.0,0.002,-0.041,68.1,6.1,,,0.041,88.0,2,-2,0.988,0.012,30,26,31,27,1,3,2,1,2,1.0,0.88,0.29,-0.29,56.8,-3.435041823610656,9.406187428555889,35.25857412910462,32.3745326151149,21.14802323349606,pitcher
FF,2024-06-10,99.8,-0.27,6.56,"Megill, Trevor",676914,656730,field_out,hit_into_play,,,,,8.0,"Davis Schneider grounds out, shortstop Willy Adames to first baseman Jake Bauers.",R,R,R,MIL,TOR,X,6.0,ground_ball,0,1,2024,-0.42,1.55,-0.0820722396232818,1.8713090421419127,,,,1,9,Top,110.15,154.46,,,,,1.5162993945889194,-145.0593116826612,-11.265258980169856,-6.23905408619393,32.352337505706394,-7.838167511466514,3.17,1.53,3.0,94.4,-28.0,100.6,2406.0,6.7,745982,661388,641343,668930,687401,642715,592885,663368,694192,53.79,0.086,0.077,0.0,1.0,0.0,0.0,2.0,59,2,4-Seam Fastball,3,1,1,3,1,3,1,3,Standard,Standard,202.0,0.021,-0.219,76.0,6.9,,0.086,0.219,94.4,2,-2,0.967,0.033,30,25,31,25,1,3,2,1,2,1.0,0.73,0.42,0.42,52.5,9.26983547610014,6.656270684437678,38.516205924315074,32.71069211833905,22.905423483701533,pitcher
KC,2024-06-10,88.4,-0.48,6.56,"Megill, Trevor",676914,656730,,called_strike,,,,,4.0,,R,R,R,MIL,TOR,S,,,0,0,2024,0.39,-0.53,-0.4551007104921862,2.337835371485727,,,,1,9,Top,,,,,,,-0.7603802651379535,-128.81539276358026,-3.196125355655288,4.557972719150552,24.096881048257423,-37.72256037000278,3.19812702933131,1.51307426302585,,,,89.2,2849.0,6.5,745982,661388,641343,668930,687401,642715,592885,663368,694192,53.99,,,,,,,,59,1,Knuckle Curve,3,1,1,3,1,3,1,3,Standard,Standard,79.0,0.004,-0.037,,,,,0.037,,2,-2,0.963,0.037,30,25,31,25,1,3,2,1,2,1.0,3.42,-0.39,-0.39,53.5,,,,,,pitcher
FF,2024-06-10,99.8,-0.2,6.54,"Megill, Trevor",672386,656730,field_out,hit_into_play,,,,,4.0,Alejandro Kirk flies out to center fielder Blake Perkins.,R,R,R,MIL,TOR,X,8.0,fly_ball,3,2,2024,-0.45,1.54,-0.3593826711730033,2.4726649345930025,,,,0,9,Top,143.48,61.99,,,,,0.6266342588954754,-145.1235379971747,-9.536898750511408,-6.486613752925047,32.20081439489045,-8.406942606735731,3.11,1.47,342.0,90.1,29.0,100.9,2514.0,6.8,745982,661388,641343,668930,687401,642715,592885,663368,694192,53.7,0.063,0.078,0.0,1.0,0.0,0.0,3.0,58,6,4-Seam Fastball,3,1,1,3,1,3,1,3,Strategic,Standard,199.0,0.051,-0.333,68.8,6.6,,0.124,0.333,90.1,2,-2,0.912,0.088,30,25,31,26,1,2,2,3,2,2.0,0.74,0.45,0.45,53.6,3.0469701513669194,3.877945385047977,22.77811374128291,34.8616569218935,26.81556306411142,pitcher
FF,2024-06-10,99.2,-0.3,6.61,"Megill, Trevor",672386,656730,,ball,,,,,11.0,,R,R,R,MIL,TOR,B,,,2,2,2024,-0.51,1.65,-0.4955464433259357,4.125957302200243,,,,0,9,Top,,,,,,,0.6720064353705132,-144.41533512733528,-5.28483738478147,-7.347423091601475,32.13622436762058,-8.013074671453904,3.09518786403068,1.4203605500313,,,,100.0,2510.0,6.6,745982,661388,641343,668930,687401,642715,592885,663368,694192,53.88,,,,,,,,58,5,4-Seam Fastball,3,1,1,3,1,3,1,3,Strategic,Standard,196.0,-0.018,0.107,,,,,-0.107,,2,-2,0.93,0.07,30,25,31,26,1,2,2,3,2,2.0,0.65,0.51,0.51,55.3,,,,,,pitcher
FF,2024-06-10,99.4,-0.4,6.54,"Megill, Trevor",672386,656730,,ball,,,,,12.0,,R,R,R,MIL,TOR,B,,,1,2,2024,-0.42,1.21,1.0526273220240907,2.487193587176324,,,,0,9,Top,,,,,,,5.010805222454366,-144.60581741011345,-8.65098263052275,-7.043850231266367,31.858241484481237,-13.327087310122964,3.07855701950367,1.47386768297163,,,,100.6,2523.0,6.8,745982,661388,641343,668930,687401,642715,592885,663368,694192,53.68,,,,,,,,58,4,4-Seam Fastball,3,1,1,3,1,3,1,3,Strategic,Standard,199.0,-0.006,0.04,,,,,-0.04,,2,-2,0.936,0.064,30,25,31,26,1,2,2,3,2,2.0,1.08,0.42,0.42,57.1,,,,,,pitcher
KC,2024-06-10,88.2,-0.58,6.58,"Megill, Trevor",672386,656730,,foul,,,,,5.0,,R,R,R,MIL,TOR,S,,,1,1,2024,0.68,-0.45,0.1752127314851214,2.127696392451741,,,,0,9,Top,,,,,,,0.4169132249629721,-128.4949733682681,-3.807419118404856,7.455282119656136,27.341181229904024,-36.60423725952105,3.11,1.47,217.0,85.3,56.0,88.6,2750.0,6.5,745982,661388,641343,668930,687401,642715,592885,663368,694192,53.95,,,,,,,,58,3,Knuckle Curve,3,1,1,3,1,3,1,3,Standard,Standard,27.0,0.01,-0.056,73.0,7.0,,,0.056,88.0,2,-2,0.926,0.074,30,25,31,26,1,2,2,3,2,2.0,3.38,-0.68,-0.68,53.5,8.050258776575347,18.31329582152121,23.313625242420297,41.01090347215085,27.07126715225652,pitcher
FF,2024-06-10,99.0,-0.33,6.52,"Megill, Trevor",672386,656730,,ball,,,,,11.0,,R,R,R,MIL,TOR,B,,,0,1,2024,-0.41,1.61,-0.2346375505308405,3.134132234054538,,,,0,9,Top,,,,,,,1.2147017442525434,-144.030147183662,-7.609506807565672,-5.926561939409576,33.17707779117134,-8.256236743408042,2.93674850993265,1.36675359882637,,,,99.6,2528.0,6.6,745982,661388,641343,668930,687401,642715,592885,663368,694192,53.86,,,,,,,,58,2,4-Seam Fastball,3,1,1,3,1,3,1,3,Standard,Standard,198.0,-0.004,0.025,,,,,-0.025,,2,-2,0.93,0.07,30,25,31,26,1,2,2,3,2,2.0,0.72,0.41,0.41,56.8,,,,,,pitcher
FF,2024-06-10,99.6,-0.37,6.56,"Megill, Trevor",672386,656730,,foul,,,,,5.0,,R,R,R,MIL,TOR,S,,,0,0,2024,-0.54,1.45,0.0464588119386857,2.354469347720581,,,,0,9,Top,,,,,,,2.4311936269147822,-144.76433504439308,-9.658125644508791,-8.137179323711191,32.62313915587292,-9.68448356901317,3.11,1.47,214.0,93.8,12.0,100.5,2485.0,6.8,745982,661388,641343,668930,687401,642715,592885,663368,694192,53.73,,,,,,,,58,1,4-Seam Fastball,3,1,1,3,1,3,1,3,Standard,Standard,199.0,0.006,-0.037,67.7,6.3,,,0.037,93.8,2,-2,0.924,0.076,30,25,31,26,1,2,2,3,2,2.0,0.84,0.54,0.54,52.6,-2.7302037707880467,25.09736153165957,26.07778077708964,39.3469999932517,15.97558095761224,pitcher
FF,2024-06-08,97.7,-0.22,6.44,"Megill, Trevor",592192,656730,field_out,hit_into_play,,,,,2.0,Mark Canha flies out to center fielder Blake Perkins.,R,R,R,DET,MIL,X,8.0,fly_ball,1,2,2024,-0.45,1.46,-0.0271584700295797,3.1876149009715844,,,,2,9,Bot,114.11,89.54,,,,,1.573141993732224,-142.32702022257584,-6.767789034052087,-6.460200127004154,29.12266264990863,-10.92771662531143,3.23,1.47,275.0,82.9,38.0,99.0,2457.0,6.7,746461,661388,656555,668930,687401,642715,694192,663368,686217,53.77,0.008,0.008,0.0,1.0,0.0,0.0,3.0,78,5,4-Seam Fastball,4,5,4,5,5,4,4,5,Standard,Standard,201.0,-0.047,-0.18,66.6,6.3,,0.014,0.18,88.0,-1,-1,0.047,0.047,30,35,31,35,1,4,4,1,2,1.0,0.9,0.45,0.45,53.9,9.608369156930928,-2.2369060207399096,18.519013723423704,35.606175025233334,33.459268143336985,pitcher
KC,2024-06-08,89.0,-0.26,6.47,"Megill, Trevor",592192,656730,,ball,,,,,14.0,,R,R,R,DET,MIL,B,,,0,2,2024,0.2,-0.52,0.3647897340066431,0.0451297693880539,,,,2,9,Bot,,,,,,,1.104946786210382,-129.47841323230196,-8.728837322813503,2.0621458731128244,24.420201743067206,-36.56422592238192,3.34073742405874,1.57880568709958,,,,89.7,2679.0,6.5,746461,661388,656555,668930,687401,642715,694192,663368,686217,53.99,,,,,,,,78,4,Knuckle Curve,4,5,4,5,5,4,4,5,Standard,Standard,9.0,0.0,0.023,,,,,-0.023,,-1,-1,0.047,0.047,30,35,31,35,1,4,4,1,2,1.0,3.37,-0.2,-0.2,54.9,,,,,,pitcher
FF,2024-06-08,99.1,-0.27,6.49,"Megill, Trevor",592192,656730,,foul,,,,,2.0,,R,R,R,DET,MIL,S,,,0,2,2024,-0.52,1.64,0.1001744322467844,3.3186355881731986,,,,2,9,Bot,,,,,,,2.2557113219411877,-144.28077720581095,-7.140808057245661,-7.804632538442108,33.28962516921908,-7.752494304992571,3.23,1.47,174.0,76.5,65.0,99.7,2527.0,6.6,746461,661388,656555,668930,687401,642715,694192,663368,686217,53.92,,,,,,,,78,3,4-Seam Fastball,4,5,4,5,5,4,4,5,Standard,Standard,201.0,0.0,0.0,62.4,6.4,,,0.0,88.0,-1,-1,0.047,0.047,30,35,31,35,1,4,4,1,2,1.0,0.67,0.52,0.52,60.0,8.435385759854249,9.343826052854975,27.29586592641157,35.8564994294519,23.488106368958807,pitcher
KC,2024-06-08,87.6,-0.37,6.54,"Megill, Trevor",592192,656730,,called_strike,,,,,9.0,,R,R,R,DET,MIL,S,,,0,1,2024,0.66,-0.71,0.3828661970662182,1.6205578873225628,,,,2,9,Bot,,,,,,,0.4666459375249825,-127.59093460938182,-4.347643913787285,7.161191546764146,24.668956154868688,-39.31251777556252,3.28938443149669,1.52742264093073,,,,88.2,2820.0,6.5,746461,661388,656555,668930,687401,642715,694192,663368,686217,54.02,,,,,,,,78,2,Knuckle Curve,4,5,4,5,5,4,4,5,Standard,Standard,27.0,0.0,-0.058,,,,,0.058,,-1,-1,0.047,0.047,30,35,31,35,1,4,4,1,2,1.0,3.66,-0.66,-0.66,52.8,,,,,,pitcher
KC,2024-06-08,89.1,-0.4,6.51,"Megill, Trevor",592192,656730,,swinging_strike,,,,,14.0,,R,R,R,DET,MIL,S,,,0,0,2024,0.85,-0.24,1.2841720365589282,1.4590450965155737,,,,2,9,Bot,,,,,,,2.3683388677353228,-129.69344304959944,-5.913568081459476,9.126576496625471,25.96807448767259,-33.95370570164916,3.23,1.47,,,,89.7,2745.0,6.5,746461,661388,656555,668930,687401,642715,694192,663368,686217,53.96,,,,,,,,78,1,Knuckle Curve,4,5,4,5,5,4,4,5,Standard,Standard,19.0,0.0,-0.041,,,,,0.041,,-1,-1,0.047,0.047,30,35,31,35,1,4,4,1,2,1.0,3.1,-0.85,-0.85,54.5,,,,,,pitcher
FF,2024-06-08,100.2,-0.24,6.43,"Megill, Trevor",682985,656730,field_out,hit_into_play,,,,,12.0,Riley Greene flies out to right fielder Sal Frelick.,R,L,R,DET,MIL,X,9.0,fly_ball,0,1,2024,-0.21,1.48,0.8755108034293521,3.046303225394808,,,,1,9,Bot,171.36,74.88,,,,,3.601273440188849,-145.7681331097719,-7.54561068000552,-3.847813730307606,33.382092058705965,-9.461685625471178,3.61,1.73,327.0,87.1,30.0,100.8,2505.0,6.6,746461,661388,656555,668930,687401,642715,694192,663368,686217,53.92,0.029,0.026,0.0,1.0,0.0,0.0,3.0,77,2,4-Seam Fastball,4,5,4,5,5,4,4,5,Standard,Standard,194.0,-0.058,-0.219,76.6,6.8,,0.047,0.219,88.0,-1,-1,0.105,0.105,30,23,31,24,1,4,4,1,2,1.0,0.78,0.21,-0.21,51.7,10.61967107723282,-4.868184375502032,43.09896445253301,24.638572904194756,29.902687603240334,pitcher
KC,2024-06-08,87.5,-0.48,6.52,"Megill, Trevor",682985,656730,,swinging_strike,,,,,9.0,,R,L,R,DET,MIL,S,,,0,0,2024,0.46,-0.42,0.7142666226572413,1.9736996813695589,,,,1,9,Bot,,,,,,,1.9547590786837776,-127.43032152983196,-4.021491335663193,4.635651468429879,24.726600490771915,-36.2259332350658,3.61,1.73,,,,88.2,2653.0,6.6,746461,661388,656555,668930,687401,642715,694192,663368,686217,53.94,,,,,,,,77,1,Knuckle Curve,4,5,4,5,5,4,4,5,Standard,Standard,20.0,-0.01,-0.037,74.8,9.0,5.160636888,,0.037,,-1,-1,0.115,0.115,30,23,31,24,1,4,4,1,2,1.0,3.38,-0.46,0.46,55.7,39.2773811730083,-41.523480726172046,40.82641865057639,27.28711548115475,52.52605452137574,pitcher
KC,2024-06-08,86.6,-0.18,6.5,"Megill, Trevor",663837,656730,field_out,hit_into_play,,,,,9.0,"Matt Vierling grounds out, shortstop Willy Adames to first baseman Rhys Hoskins.",R,R,R,DET,MIL,X,6.0,ground_ball,1,2,2024,0.44,-0.49,0.4281381721343174,2.1331600644696254,,,,0,9,Bot,104.8,144.27,,,,,0.552158683942453,-126.1273721141465,-3.229067085901259,4.636480706699647,25.57934742714944,-36.99373269156754,3.46,1.71,72.0,98.1,3.0,87.1,2690.0,6.6,746461,661388,656555,668930,687401,642715,694192,663368,686217,53.95,0.5,0.456,0.0,1.0,0.0,0.0,4.0,76,5,Knuckle Curve,4,5,4,5,5,4,4,5,Standard,Standard,21.0,-0.062,-0.186,65.1,7.8,,0.548,0.186,98.1,-1,-1,0.177,0.177,30,27,31,28,1,4,4,1,2,1.0,3.53,-0.44,-0.44,55.9,11.04292041986062,-3.4222692978499265,29.412327291346145,42.05834242633043,36.09970685501122,pitcher
FF,2024-06-08,99.9,-0.25,6.48,"Megill, Trevor",663837,656730,,foul,,,,,5.0,,R,R,R,DET,MIL,S,,,1,2,2024,-0.48,1.48,0.1670551872070532,2.50717497830142,,,,0,9,Bot,,,,,,,2.30973741869281,-145.4067387215759,-9.171996567378477,-7.357458000101819,30.8121115064127,-9.244127023906517,3.46,1.71,293.0,91.4,27.0,101.0,2521.0,6.7,746461,661388,656555,668930,687401,642715,694192,663368,686217,53.82,,,,,,,,76,4,4-Seam Fastball,4,5,4,5,5,4,4,5,Standard,Standard,200.0,0.0,0.0,67.7,6.4,,,0.0,91.4,-1,-1,0.177,0.177,30,27,31,28,1,4,4,1,2,1.0,0.78,0.48,0.48,51.7,-11.6349973024473,20.99285472491566,34.08882437934942,39.0521317515979,12.930676674779978,pitcher
FF,2024-06-08,100.5,-0.23,6.48,"Megill, Trevor",663837,656730,,ball,,,,,14.0,,R,R,R,DET,MIL,B,,,0,2,2024,-0.67,1.49,1.198807832157175,-0.1907201817935261,,,,0,9,Bot,,,,,,,5.5608014405608985,-145.4025665282243,-16.70741570526653,-10.749141445019864,32.82269847104011,-7.318722336143109,3.5204634100263,1.6815686794551,,,,101.1,2505.0,6.8,746461,661388,656555,668930,687401,642715,694192,663368,686217,53.66,,,,,,,,76,3,4-Seam Fastball,4,5,4,5,5,4,4,5,Standard,Standard,206.0,0.009,0.023,,,,,-0.023,,-1,-1,0.168,0.168,30,27,31,28,1,4,4,1,2,1.0,0.78,0.67,0.67,52.7,,,,,,pitcher
KC,2024-06-08,85.9,-0.56,6.44,"Megill, Trevor",663837,656730,,swinging_strike,,,,,14.0,,R,R,R,DET,MIL,S,,,0,1,2024,0.25,-0.42,0.2701387187185073,1.4669429747906233,,,,0,9,Bot,,,,,,,1.4771992331466393,-125.16965349201278,-4.756820726072171,2.3393467459420108,23.226858689570207,-35.9032619483978,3.46,1.71,,,,86.6,2640.0,6.5,746461,661388,656555,668930,687401,642715,694192,663368,686217,54.03,,,,,,,,76,2,Knuckle Curve,4,5,4,5,5,4,4,5,Standard,Standard,20.0,-0.023,-0.054,65.3,8.9,5.640504168,,0.054,,-1,-1,0.191,0.191,30,27,31,28,1,4,4,1,2,1.0,3.48,-0.25,-0.25,53.3,19.112470956858168,-35.77084061096347,27.48342043092445,40.64357932446495,47.570994005580346,pitcher
FF,2024-06-08,98.8,-0.24,6.5,"Megill, Trevor",663837,656730,,foul,,,,,2.0,,R,R,R,DET,MIL,S,,,0,0,2024,-0.38,1.46,0.2108509828600566,3.4394271841114232,,,,0,9,Bot,,,,,,,2.1242084079174623,-143.9979781131523,-6.443024462828378,-5.740857286443574,27.624168193767517,-10.520232497016869,3.46,1.71,231.0,80.0,50.0,100.4,2463.0,6.7,746461,661388,656555,668930,687401,642715,694192,663368,686217,53.82,,,,,,,,76,1,4-Seam Fastball,4,5,4,5,5,4,4,5,Standard,Standard,202.0,-0.013,-0.037,65.7,6.9,,,0.037,88.0,-1,-1,0.204,0.204,30,27,31,28,1,4,4,1,2,1.0,0.83,0.38,0.38,51.8,2.1796881540853943,6.380428484850905,25.821783097400036,39.81945843715561,19.00195502126771,pitcher
FF,2024-06-04,99.5,-0.03,6.84,"Megill, Trevor",664761,656730,strikeout,foul_tip,,,,,12.0,Alec Bohm strikes out on a foul tip.,R,R,R,PHI,MIL,S,2.0,,0,2,2024,-0.3,1.69,0.9624680693887292,3.0594489472628474,,679032.0,547180.0,2,9,Bot,,,,,,,3.451999048664021,-144.70269374004445,-9.00991499222402,-5.002475152788129,34.804966272727945,-6.486134897343507,3.59,1.66,,,,100.4,2529.0,6.9,745568,661388,656555,668930,687401,642715,592885,663368,694192,53.63,,0.0,0.0,1.0,0.0,0.0,,73,3,4-Seam Fastball,1,1,1,1,1,1,1,1,Standard,Strategic,199.0,-0.068,-0.186,64.8,6.5,,,0.186,,0,0,0.568,0.568,30,27,31,28,1,4,3,1,4,1.0,0.62,0.3,0.3,55.8,-7.703482711221309,28.54799260428872,28.204727661843737,47.89170123609825,10.309027355911796,pitcher
FF,2024-06-04,99.7,-0.06,6.79,"Megill, Trevor",664761,656730,,foul,,,,,3.0,,R,R,R,PHI,MIL,S,,,0,1,2024,-0.37,1.54,0.370347411113005,3.486276807463379,,679032.0,547180.0,2,9,Bot,,,,,,,2.051836857119948,-144.98990175123444,-7.365411506901325,-5.670947403565563,34.876160102793364,-8.871878004154897,3.59,1.66,225.0,89.9,54.0,100.3,2506.0,6.7,745568,661388,656555,668930,687401,642715,592885,663368,694192,53.79,,,,,,,,73,2,4-Seam Fastball,1,1,1,1,1,1,1,1,Standard,Strategic,195.0,-0.029,-0.046,70.1,6.9,,,0.046,89.9,0,0,0.597,0.597,30,27,31,28,1,4,3,1,4,1.0,0.76,0.37,0.37,57.7,7.946401631384287,12.739362988959847,25.13658613459553,41.47985412662362,21.167592269288548,pitcher
FF,2024-06-04,99.7,-0.23,6.77,"Megill, Trevor",664761,656730,,swinging_strike,,,,,12.0,,R,R,R,PHI,MIL,S,,,0,0,2024,-0.08,1.41,0.8463495956031464,3.4737312201617976,,679032.0,547180.0,2,9,Bot,,,,,,,3.1599769004695166,-145.04247518515933,-7.012533318719673,-1.818464525017964,34.63161881573646,-10.89511854768696,3.59,1.66,,,,100.4,2453.0,6.7,745568,661388,656555,668930,687401,642715,592885,663368,694192,53.76,,,,,,,,73,1,4-Seam Fastball,1,1,1,1,1,1,1,1,Standard,Strategic,195.0,-0.017,-0.048,69.3,7.1,0.44290368,,0.048,,0,0,0.614,0.614,30,27,31,28,1,4,3,1,4,1.0,0.89,0.08,0.08,53.0,10.095274959957704,11.88196811384572,22.69611259631653,46.82637234616927,18.61183250798432,pitcher
KC,2024-06-04,87.0,-0.26,6.75,"Megill, Trevor",592663,656730,strikeout,swinging_strike,,,,,14.0,J.T. Realmuto strikes out swinging.,R,R,R,PHI,MIL,S,2.0,,0,2,2024,0.46,-0.58,0.6111061475607589,0.9430846576224884,,679032.0,,1,9,Bot,,,,,,,1.1541627168216544,-126.6152078291543,-6.593963524333833,4.708685064503887,24.833515117370016,-37.396186087471655,3.74,1.78,,,,87.5,2778.0,6.5,745568,661388,656555,668930,687401,642715,592885,663368,694192,53.99,,0.0,0.0,1.0,0.0,0.0,,71,4,Knuckle Curve,1,1,1,1,1,1,1,1,Standard,Standard,13.0,-0.056,-0.174,47.7,7.8,3.612008748,,0.174,,0,0,0.666,0.666,30,33,31,33,1,4,3,1,4,4.0,3.59,-0.46,-0.46,54.2,11.263848078477553,4.637773924686263,37.94156291119278,44.0904978698992,27.056613693632386,pitcher
FF,2024-06-04,97.8,-0.17,6.78,"Megill, Trevor",592663,656730,,foul,,,,,2.0,,R,R,R,PHI,MIL,S,,,0,2,2024,-0.33,1.57,0.0308461311315173,3.2887874571683926,,679032.0,,1,9,Bot,,,,,,,1.2961110872296675,-142.31960344114086,-7.586729035259778,-4.733695864134757,32.907055614843664,-9.267808509899218,3.74,1.78,278.0,86.4,46.0,98.4,2437.0,6.7,745568,661388,656555,668930,687401,642715,592885,663368,694192,53.83,,,,,,,,71,3,4-Seam Fastball,1,1,1,1,1,1,1,1,Standard,Standard,201.0,0.0,0.0,63.5,5.7,,,0.0,88.0,0,0,0.666,0.666,30,33,31,33,1,4,3,1,4,4.0,0.81,0.33,0.33,53.9,-3.5957490731688906,26.031669278788478,33.281071826783936,36.676517732085415,13.551574644980676,pitcher
FF,2024-06-04,99.8,-0.07,6.78,"Megill, Trevor",592663,656730,,foul,,,,,2.0,,R,R,R,PHI,MIL,S,,,0,1,2024,-0.34,1.48,-0.1679557976678827,3.2344581664829404,,679032.0,,1,9,Bot,,,,,,,0.5246810117918542,-145.23134950334804,-7.910135890621663,-4.905355246123031,34.23516978032518,-9.522379347580994,3.74,1.78,200.0,75.6,59.0,100.4,2430.0,6.6,745568,661388,656555,668930,687401,642715,592885,663368,694192,53.89,,,,,,,,71,2,4-Seam Fastball,1,1,1,1,1,1,1,1,Standard,Standard,199.0,-0.023,-0.065,66.4,6.8,,,0.065,88.0,0,0,0.689,0.689,30,33,31,33,1,4,3,1,4,4.0,0.8,0.34,0.34,55.7,6.91774959497103,12.114466824594867,32.73780203355293,34.75215366548697,19.364229427925636,pitcher
KC,2024-06-04,89.6,-0.24,6.79,"Megill, Trevor",592663,656730,,swinging_strike_blocked,,,,,14.0,,R,R,R,PHI,MIL,S,,,0,0,2024,0.11,-0.53,0.697071435235483,-0.3800569467420041,,679032.0,,1,9,Bot,,,,,,,2.0832934019166576,-130.02551866948406,-10.502510643136654,0.7540396656953915,31.91636010100698,-35.758756760808495,3.74,1.78,,,,89.3,2866.0,6.6,745568,661388,656555,668930,687401,642715,592885,663368,694192,53.88,,,,,,,,71,1,Knuckle Curve,1,1,1,1,1,1,1,1,Standard,Standard,6.0,-0.014,-0.036,70.1,9.4,26.350325652,,0.036,,0,0,0.703,0.703,30,33,31,33,1,4,3,1,4,4.0,3.42,-0.11,-0.11,56.6,30.69130534086213,-39.29114180601335,39.62850400273314,45.00858429840028,55.43244852405572,pitcher
FF,2024-06-04,99.6,-0.26,6.76,"Megill, Trevor",656941,656730,strikeout,swinging_strike,,,,,12.0,Kyle Schwarber strikes out swinging. Johan Rojas steals (14) 2nd base.,R,L,R,PHI,MIL,S,2.0,,2,2,2024,-0.31,1.46,0.5790977201890803,3.838650289485192,,,679032.0,0,9,Bot,,,,,,,3.02767238025446,-144.89716746068734,-6.066200205633551,-5.02746488596995,34.88261892527594,-10.439028561450591,3.34,1.61,,,,100.0,2521.0,6.6,745568,661388,656555,668930,687401,642715,592885,663368,694192,53.89,,0.0,0.0,1.0,0.0,0.0,,70,5,4-Seam Fastball,1,1,1,1,1,1,1,1,Infield shade,Standard,201.0,0.004,-0.228,70.2,5.8,0.459536748,,0.228,,0,0,0.699,0.699,30,31,31,31,1,4,3,1,4,1.0,0.85,0.31,-0.31,57.0,10.79842411123273,18.07421567245932,16.92134972848706,27.115855742655096,18.726637028808952,pitcher
FF,2024-06-04,98.4,-0.09,6.9,"Megill, Trevor",656941,656730,,foul,,,,,8.0,,R,L,R,PHI,MIL,S,,,2,1,2024,-0.69,1.53,-0.0238212434187068,1.968473747996904,,,679032.0,0,9,Bot,,,,,,,1.7767691179904528,-142.8803196027531,-11.47879139498273,-9.823862711902516,32.597233892913245,-8.77994502041632,3.34,1.61,208.0,78.0,21.0,98.8,2478.0,6.6,745568,661388,656555,668930,687401,642715,592885,663368,694192,53.89,,,,,,,,70,4,4-Seam Fastball,1,1,1,1,1,1,1,1,Infield shade,Strategic,202.0,-0.021,-0.048,78.8,7.6,,,0.048,88.0,0,0,0.72,0.72,30,31,31,31,1,4,3,1,4,1.0,0.83,0.69,-0.69,53.3,4.75238199921602,-1.254476607090094,33.54826867328994,35.44492842226743,27.098700469583907,pitcher
FF,2024-06-04,99.8,-0.3,6.83,"Megill, Trevor",656941,656730,,swinging_strike,,,,,11.0,,R,L,R,PHI,MIL,S,,,2,0,2024,-0.3,1.5,-0.2295300032053326,3.9750111994030224,,,679032.0,0,9,Bot,,,,,,,0.8985886131142786,-145.27476531691607,-6.041672232566915,-4.476325420583884,33.25915681689592,-9.735074877219551,3.34,1.61,,,,100.6,2449.0,6.6,745568,661388,656555,668930,687401,642715,592885,663368,694192,53.87,,,,,,,,70,3,4-Seam Fastball,1,1,1,1,1,1,1,1,Infield shade,Standard,198.0,-0.02,-0.074,76.1,6.4,0.1,,0.074,,0,0,0.74,0.74,30,31,31,31,1,4,3,1,4,1.0,0.78,0.3,-0.3,53.3,13.179858045800742,19.76157835308885,20.726419655429137,36.92761563705135,18.46904254343832,pitcher
FF,2024-06-04,99.6,-0.6,6.8,"Megill, Trevor",656941,656730,,ball,,,,,13.0,,R,L,R,PHI,MIL,B,,,1,0,2024,-0.61,1.5,-1.6101130275723372,2.4697588369690493,,,679032.0,0,9,Bot,,,,,,,-1.3396753460653172,-144.7889103415829,-10.0524474475016,-8.311134946673599,34.04522245713952,-8.921961952426043,3.34635022177382,1.67580794791251,,,,100.0,2459.0,6.6,745568,661388,656555,668930,687401,642715,592885,663368,694192,53.91,,,,,,,,70,2,4-Seam Fastball,1,1,1,1,1,1,1,1,Infield shade,Standard,204.0,0.02,0.068,,,,,-0.068,,0,0,0.72,0.72,30,31,31,31,1,4,3,1,4,1.0,0.8,0.61,-0.61,55.5,,,,,,pitcher
FF,2024-06-04,95.3,-0.52,6.96,"Megill, Trevor",656941,656730,,ball,,,,,13.0,,R,L,R,PHI,MIL,B,,,0,0,2024,-0.14,1.49,-0.8906690239364617,2.2450630299154875,,,679032.0,0,9,Bot,,,,,,,-0.6431780847069388,-138.5403320878625,-10.108808070575364,-1.7124222760771377,30.871286251597837,-10.981501012700082,3.33982743532765,1.47395454444951,,,,95.5,2434.0,6.5,745568,661388,656555,668930,687401,642715,592885,663368,694192,54.03,,,,,,,,70,1,4-Seam Fastball,1,1,1,1,1,1,1,1,Strategic,Standard,202.0,0.01,0.041,,,,,-0.041,,0,0,0.71,0.71,30,31,31,31,1,4,3,1,4,1.0,1.03,0.14,-0.14,55.7,,,,,,pitcher
FF,2024-06-04,98.8,-0.2,6.85,"Megill, Trevor",679032,656730,single,hit_into_play,,,,,9.0,Johan Rojas singles on a line drive to center fielder Blake Perkins.,R,R,R,PHI,MIL,X,8.0,line_drive,1,0,2024,-0.34,1.56,0.3645880330600797,2.005530784963033,,,,0,9,Bot,124.43,78.88,,,,,2.33934007235049,-143.42551761258972,-11.381777587325942,-5.257568428606279,33.310477671777896,-8.235631118767563,3.49,1.69,227.0,90.5,12.0,99.1,2507.0,6.6,745568,661388,656555,668930,687401,642715,592885,663368,694192,53.92,0.834,0.79,0.9,1.0,1.0,0.0,4.0,69,2,4-Seam Fastball,1,1,1,1,1,1,1,1,Standard,Standard,200.0,0.064,0.41,80.3,7.5,,0.966,-0.41,90.5,0,0,0.646,0.646,30,23,31,24,1,3,3,1,4,5.0,0.79,0.34,0.34,54.1,3.7953336418542256,5.664855307027615,20.94330153950524,38.68505502337559,30.01841466388711,pitcher
FF,2024-06-04,98.5,-0.12,6.88,"Megill, Trevor",679032,656730,,ball,,,,,3.0,,R,R,R,PHI,MIL,B,,,0,0,2024,-0.41,1.37,0.426890383697234,3.4262664062610986,,,,0,9,Bot,,,,,,,2.454331859921325,-143.36246213904596,-7.165436698107406,-6.25636056314727,32.27949829431785,-11.862024039469118,3.36481563050874,1.57486831796467,,,,99.2,2436.0,6.6,745568,661388,656555,668930,687401,642715,592885,663368,694192,53.87,,,,,,,,69,1,4-Seam Fastball,1,1,1,1,1,1,1,1,Standard,Standard,194.0,0.007,0.038,,,,,-0.038,,0,0,0.639,0.639,30,23,31,24,1,3,3,1,4,5.0,0.98,0.41,0.41,55.0,,,,,,pitcher
,2024-06-04,,,,"Megill, Trevor",547180,656730,intent_walk,automatic_ball,,,,,,Trevor Megill intentionally walks Bryce Harper.,R,L,R,PHI,MIL,B,,,3,0,2024,,,,,,679032.0,,2,9,Bot,,,,,,,,,,,,,,,,,,,,,745568,661388,656555,668930,687401,642715,592885,663368,694192,,,,0.4,,0.0,0.0,,72,4,,1,1,1,1,1,1,1,1,,,,0.002,,,,,,,,0,0,0.612,0.612,30,31,31,32,1,4,3,1,4,1.0,,,,,,,,,,pitcher
,2024-06-04,,,,"Megill, Trevor",547180,656730,,automatic_ball,,,,,,,R,L,R,PHI,MIL,B,,,0,0,2024,,,,,,679032.0,,2,9,Bot,,,,,,,,,,,,,,,,,,,,,745568,661388,656555,668930,687401,642715,592885,663368,694192,,,,,,,,,72,1,,1,1,1,1,1,1,1,1,,,,0.0,,,,,,,,0,0,0.61,0.61,30,31,31,32,1,4,3,1,4,1.0,,,,,,,,,,pitcher
,2024-06-04,,,,"Megill, Trevor",547180,656730,,automatic_ball,,,,,,,R,L,R,PHI,MIL,B,,,2,0,2024,,,,,,679032.0,,2,9,Bot,,,,,,,,,,,,,,,,,,,,,745568,661388,656555,668930,687401,642715,592885,663368,694192,,,,,,,,,72,3,,1,1,1,1,1,1,1,1,,,,0.001,,,,,,,,0,0,0.611,0.611,30,31,31,32,1,4,3,1,4,1.0,,,,,,,,,,pitcher
,2024-06-04,,,,"Megill, Trevor",547180,656730,,automatic_ball,,,,,,,R,L,R,PHI,MIL,B,,,1,0,2024,,,,,,679032.0,,2,9,Bot,,,,,,,,,,,,,,,,,,,,,745568,661388,656555,668930,687401,642715,592885,663368,694192,,,,,,,,,72,2,,1,1,1,1,1,1,1,1,,,,0.001,,,,,,,,0,0,0.61,0.61,30,31,31,32,1,4,3,1,4,1.0,,,,,,,,,,pitcher
FF,2024-06-01,99.1,-0.06,6.54,"Megill, Trevor",686676,656730,strikeout,swinging_strike,,,,,3.0,Korey Lee strikes out swinging.,R,R,R,MIL,CWS,S,2.0,,3,2,2024,-0.17,1.55,0.6786348060509286,3.475641597857594,,,,2,7,Top,,,,,,,2.427824698409173,-144.31097348484175,-6.624940824438444,-2.8993745416984766,32.82792859525729,-9.152723464123651,3.55,1.61,,,,99.7,2415.0,6.5,745980,661388,656555,668930,687401,642715,592885,663368,694192,53.96,,0.0,0.0,1.0,0.0,0.0,,54,6,4-Seam Fastball,1,3,3,1,3,1,3,1,Standard,Standard,198.0,0.01,-0.325,70.8,6.9,0.31041372,,0.325,,-2,2,0.211,0.789,30,25,31,26,1,3,4,1,3,1.0,0.76,0.17,0.17,53.3,10.379224919049609,11.221826551983783,15.940703244351532,44.88815708891724,21.0314086988522,pitcher
FF,2024-06-01,98.1,-0.39,6.5,"Megill, Trevor",686676,656730,,foul,,,,,5.0,,R,R,R,MIL,CWS,S,,,3,1,2024,-0.44,1.53,-0.0910191931725248,2.4026261071024475,,,,2,7,Top,,,,,,,1.854576862157535,-142.63178119274295,-9.222364658984942,-6.4891811075125565,32.04951041112697,-9.328205729182764,3.55,1.61,101.0,80.7,12.0,98.9,2368.0,6.7,745980,661388,656555,668930,687401,642715,592885,663368,694192,53.79,,,,,,,,54,5,4-Seam Fastball,1,3,3,1,3,1,3,1,Standard,Standard,194.0,0.002,-0.089,72.4,6.6,,,0.089,88.0,-2,2,0.209,0.791,30,25,31,26,1,3,4,1,3,1.0,0.83,0.44,0.44,52.1,-5.262060699885224,20.130678444225964,32.43424355112093,35.85934030696425,17.424892982317743,pitcher
FF,2024-06-01,98.5,-0.33,6.51,"Megill, Trevor",686676,656730,,ball,,,,,3.0,,R,R,R,MIL,CWS,B,,,2,1,2024,-0.21,1.68,0.6392098196446587,3.48397958732524,,,,2,7,Top,,,,,,,3.1254019324716777,-143.3181490091817,-6.698028293409741,-3.580066981095595,34.447486532025735,-7.629349060887713,3.57275397053339,1.71429807728298,,,,98.8,2448.0,6.6,745980,661388,656555,668930,687401,642715,592885,663368,694192,53.92,,,,,,,,54,4,4-Seam Fastball,1,3,3,1,3,1,3,1,Standard,Standard,192.0,-0.002,0.112,,,,,-0.112,,-2,2,0.211,0.789,30,25,31,26,1,3,4,1,3,1.0,0.67,0.21,0.21,54.0,,,,,,pitcher
FF,2024-06-01,98.2,-0.26,6.57,"Megill, Trevor",686676,656730,,ball,,,,,12.0,,R,R,R,MIL,CWS,B,,,1,1,2024,-0.16,1.7,0.3808082983590072,4.289697092483602,,,,2,7,Top,,,,,,,2.119718633399978,-142.94905778532484,-4.6523251525629865,-2.714208296956275,33.9703800258642,-8.054356102650207,3.56200555137145,1.69262393013567,,,,98.6,2398.0,6.6,745980,661388,656555,668930,687401,642715,592885,663368,694192,53.94,,,,,,,,54,3,4-Seam Fastball,1,3,3,1,3,1,3,1,Standard,Standard,195.0,-0.001,0.058,,,,,-0.058,,-2,2,0.212,0.788,30,25,31,26,1,3,4,1,3,1.0,0.67,0.16,0.16,53.5,,,,,,pitcher
KC,2024-06-01,85.2,-0.34,6.6,"Megill, Trevor",686676,656730,,ball,,,,,14.0,,R,R,R,MIL,CWS,B,,,0,1,2024,0.6,-0.84,0.659460454495951,0.9202099427665652,,,,2,7,Top,,,,,,,1.1360331106261097,-123.99838657365024,-5.317941892806775,5.915870433930407,26.781414323826347,-39.82800378137715,3.56128704736587,1.64925153272769,,,,85.4,2760.0,6.6,745980,661388,656555,668930,687401,642715,592885,663368,694192,53.92,,,,,,,,54,2,Knuckle Curve,1,3,3,1,3,1,3,1,Standard,Standard,17.0,-0.001,0.029,,,,,-0.029,,-2,2,0.213,0.787,30,25,31,26,1,3,4,1,3,1.0,4.0,-0.6,-0.6,55.6,,,,,,pitcher
KC,2024-06-01,86.0,-0.42,6.64,"Megill, Trevor",686676,656730,,foul,,,,,8.0,,R,R,R,MIL,CWS,S,,,0,0,2024,0.19,-0.68,0.1674218016183962,1.9643868768728736,,,,2,7,Top,,,,,,,1.0060965833723623,-125.31874728563412,-3.5187286529716992,1.7937745153953248,24.32216208958,-38.88653513094765,3.55,1.61,1.0,64.7,-57.0,86.5,2805.0,6.4,745980,661388,656555,668930,687401,642715,592885,663368,694192,54.06,,,,,,,,54,1,Knuckle Curve,1,3,3,1,3,1,3,1,Standard,Standard,20.0,0.001,-0.041,71.5,7.2,,,0.041,88.0,-2,2,0.212,0.788,30,25,31,26,1,3,4,1,3,1.0,3.74,-0.19,-0.19,52.8,4.9436243621170135,1.818917172959977,27.03719403439937,39.79012124354993,28.45211036115037,pitcher
KC,2024-06-01,86.5,-0.31,6.6,"Megill, Trevor",502054,656730,strikeout,called_strike,,,,,9.0,Tommy Pham called out on strikes.,R,R,R,MIL,CWS,S,2.0,,1,2,2024,0.22,-0.73,0.5328033604665217,1.874326378803988,,,,1,7,Top,,,,,,,1.55135529348291,-126.00833039953284,-3.599700819415552,2.0564821501810915,25.4816768108104,-39.46987810904224,3.546039271809,1.72879139513387,,,,86.9,2933.0,6.5,745980,661388,656555,668930,687401,642715,592885,663368,694192,54.03,,0.0,0.0,1.0,0.0,0.0,,53,4,Knuckle Curve,1,3,3,1,3,1,3,1,Standard,Standard,23.0,0.008,-0.182,,,,,0.182,,-2,2,0.204,0.796,30,36,31,36,1,3,4,1,3,1.0,3.77,-0.22,-0.22,54.2,,,,,,pitcher
KC,2024-06-01,89.0,-0.29,6.52,"Megill, Trevor",502054,656730,,ball,,,,,14.0,,R,R,R,MIL,CWS,B,,,0,2,2024,0.66,-0.34,1.3884967671732924,-0.1313742588880218,,,,1,7,Top,,,,,,,2.768143431500377,-129.42390155131838,-9.639495622199323,6.8284597791089965,26.123697453718677,-34.26953170105448,3.54606195846765,1.49748542600498,,,,89.6,2815.0,6.6,745980,661388,656555,668930,687401,642715,592885,663368,694192,53.85,,,,,,,,53,3,Knuckle Curve,1,3,3,1,3,1,3,1,Standard,Standard,13.0,-0.001,0.02,,,,,-0.02,,-2,2,0.205,0.795,30,36,31,36,1,3,4,1,3,1.0,3.21,-0.66,-0.66,53.5,,,,,,pitcher
FF,2024-06-01,97.2,-0.37,6.58,"Megill, Trevor",502054,656730,,foul,,,,,1.0,,R,R,R,MIL,CWS,S,,,0,1,2024,-0.45,1.59,-0.4449252244679446,3.0747696326066967,,,,1,7,Top,,,,,,,0.838763976078581,-141.49479066565365,-7.542920111460258,-6.200482041428554,31.81244364689673,-9.36619043811566,3.53,1.63,137.0,79.1,75.0,97.8,2331.0,6.6,745980,661388,656555,668930,687401,642715,592885,663368,694192,53.94,,,,,,,,53,2,4-Seam Fastball,1,3,3,1,3,1,3,1,Standard,Standard,202.0,0.002,-0.057,65.7,6.6,,,0.057,88.0,-2,2,0.203,0.797,30,36,31,36,1,3,4,1,3,1.0,0.82,0.45,0.45,55.7,2.668010474063262,-6.929609884307272,28.101813262982123,33.13089797240701,28.281173659043784,pitcher
FF,2024-06-01,98.8,-0.35,6.53,"Megill, Trevor",502054,656730,,swinging_strike,,,,,2.0,,R,R,R,MIL,CWS,S,,,0,0,2024,-0.31,1.43,0.1438482057802948,3.4080382655175447,,,,1,7,Top,,,,,,,2.082172843882727,-143.81793849804913,-6.453362883184489,-4.772020999547859,32.871833006398475,-11.052380711768944,3.53,1.63,,,,99.7,2315.0,6.7,745980,661388,656555,668930,687401,642715,592885,663368,694192,53.77,,,,,,,,53,1,4-Seam Fastball,1,3,3,1,3,1,3,1,Standard,Standard,197.0,0.002,-0.037,67.3,5.8,1.031191668,,0.037,,-2,2,0.201,0.799,30,36,31,36,1,3,4,1,3,1.0,0.9,0.31,0.31,53.2,6.921690434542072,24.328395058785024,26.43480753792547,40.99609189236006,14.2257542122599,pitcher
FF,2024-06-01,99.0,-0.15,6.57,"Megill, Trevor",621545,656730,strikeout,swinging_strike,,,,,12.0,Zach Remillard strikes out swinging.,R,R,R,MIL,CWS,S,2.0,,1,2,2024,-0.11,1.52,1.6817385486616614,2.8194402398157044,,,,0,7,Top,,,,,,,5.287953521361748,-143.91746988277373,-8.398433872255087,-2.749831519053753,32.72926143639685,-9.329228575326292,3.51,1.58,,,,99.8,2367.0,6.7,745980,661388,656555,668930,687401,642715,592885,663368,694192,53.76,,0.0,0.0,1.0,0.0,0.0,,52,4,4-Seam Fastball,1,3,3,1,3,1,3,1,Standard,Standard,193.0,0.011,-0.186,50.6,6.2,1.283536524,,0.186,,-2,2,0.19,0.81,30,30,31,30,1,2,4,4,3,,0.81,0.11,0.11,58.4,-1.675230005869391,34.595607159154525,20.60703579500986,54.73195283844438,1.1069625903367162,pitcher
KC,2024-06-01,86.1,-0.28,6.6,"Megill, Trevor",621545,656730,,called_strike,,,,,2.0,,R,R,R,MIL,CWS,S,,,1,1,2024,0.64,-0.51,-0.1154546625587416,3.290235249204037,,,,0,7,Top,,,,,,,-0.9151706915605576,-125.50252768434328,-0.6510796970991887,6.955997590526096,23.255050560679862,-37.696315383401874,3.52414297333582,1.65336855197454,,,,86.9,2750.0,6.5,745980,661388,656555,668930,687401,642715,592885,663368,694192,53.96,,,,,,,,52,3,Knuckle Curve,1,3,3,1,3,1,3,1,Standard,Standard,17.0,0.004,-0.056,,,,,0.056,,-2,2,0.186,0.814,30,30,31,30,1,2,4,4,3,,3.56,-0.64,-0.64,54.8,,,,,,pitcher
FF,2024-06-01,97.9,-0.18,6.59,"Megill, Trevor",621545,656730,,foul,,,,,3.0,,R,R,R,MIL,CWS,S,,,1,0,2024,-0.29,1.47,0.4157308652491797,3.4219096819426924,,,,0,7,Top,,,,,,,2.298777410087044,-142.44706698877332,-6.483874375577748,-4.4636933010540165,32.89925912972745,-10.877903398838752,3.51,1.58,,,,98.5,2260.0,6.6,745980,661388,656555,668930,687401,642715,592885,663368,694192,53.87,,,,,,,,52,2,4-Seam Fastball,1,3,3,1,3,1,3,1,Standard,Standard,197.0,0.003,-0.049,63.4,5.7,,,0.049,,-2,2,0.183,0.817,30,30,31,30,1,2,4,4,3,,0.91,0.29,0.29,53.3,1.2168341270000955,27.95292265271851,27.252616398442918,40.2831620078348,15.598171778376702,pitcher
FF,2024-06-01,97.1,-0.36,6.55,"Megill, Trevor",621545,656730,,ball,,,,,3.0,,R,R,R,MIL,CWS,B,,,0,0,2024,0.0,1.36,0.5448914458297707,3.511409956879573,,,,0,7,Top,,,,,,,2.4335289794008186,-141.333328558046,-5.74117257679676,-0.522230124727098,32.51626910682056,-12.87758703449949,3.54000635500683,1.64953882110927,,,,97.7,2300.0,6.7,745980,661388,656555,668930,687401,642715,592885,663368,694192,53.84,,,,,,,,52,1,4-Seam Fastball,1,3,3,1,3,1,3,1,Standard,Standard,195.0,-0.002,0.038,,,,,-0.038,,-2,2,0.185,0.815,30,30,31,30,1,2,4,4,3,,1.06,0.0,0.0,52.6,,,,,,pitcher
FF,2024-05-28,98.1,-0.24,6.51,"Megill, Trevor",643565,656730,single,hit_into_play,,,,,1.0,"Mike Tauchman singles on a line drive to first baseman Owen Miller, deflected by pitcher Trevor Megill. Luis Vazquez scores.",R,L,R,MIL,CHC,X,1.0,line_drive,0,2,2024,-0.54,1.63,-0.5261324312513831,3.4054792358001755,,676679.0,,0,10,Top,126.39,182.43,,,,,0.466081063680564,-142.78964622117823,-6.710116265611852,-7.45994914446743,34.48247376746628,-8.537379138995759,3.44,1.62,85.0,99.4,4.0,98.6,2592.0,6.7,745987,661388,680911,668930,687401,642715,592885,686217,641343,53.84,0.505,0.47,0.9,1.0,1.0,0.0,4.0,68,3,4-Seam Fastball,1,1,1,1,2,1,2,1,Standard,Standard,201.0,-0.233,0.619,,,,0.574,-0.619,99.4,0,0,0.544,0.456,30,33,31,34,1,4,3,2,4,1.0,0.75,0.54,-0.54,54.4,,,,,,pitcher
FF,2024-05-28,99.8,-0.39,6.51,"Megill, Trevor",643565,656730,,foul,,,,,2.0,,R,L,R,MIL,CHC,S,,,0,1,2024,-0.69,1.58,-0.0617493741471389,3.336706012462064,,676679.0,,0,10,Top,,,,,,,2.5436567290994208,-145.18500373557424,-7.106178219856141,-10.414296168743808,34.21833676494003,-8.429741348537311,3.44,1.62,291.0,89.7,46.0,100.4,2584.0,6.7,745987,661388,680911,668930,687401,642715,592885,686217,641343,53.83,,,,,,,,68,2,4-Seam Fastball,1,1,1,1,1,1,1,1,Standard,Standard,202.0,0.028,-0.067,67.6,6.1,,,0.067,89.7,0,0,0.516,0.484,30,33,31,34,1,4,3,2,4,1.0,0.72,0.69,-0.69,52.9,3.865041354619768,13.886805461364755,24.522204220153984,40.80060809269252,22.59945783520912,pitcher
FF,2024-05-28,99.1,-0.27,6.53,"Megill, Trevor",643565,656730,,foul,,,,,9.0,,R,L,R,MIL,CHC,S,,,0,0,2024,-0.76,1.52,0.5710051910588734,2.1505427087761366,,676679.0,,0,10,Top,,,,,,,4.111815362718263,-143.84140923393414,-10.080402857457582,-11.55476951638052,36.4878728979896,-8.900246178305968,3.44,1.62,163.0,82.6,71.0,99.2,2620.0,6.7,745987,661388,680911,668930,687401,642715,592885,686217,641343,53.8,,,,,,,,68,1,4-Seam Fastball,1,1,1,1,1,1,1,1,Standard,Standard,202.0,0.016,-0.035,76.7,7.5,,,0.035,88.0,0,0,0.5,0.5,30,33,31,34,1,4,3,2,4,1.0,0.83,0.76,-0.76,54.1,9.353610030465536,-4.041336054301727,36.57486033646519,33.80591216480721,31.25836364703317,pitcher
KC,2024-05-25,90.5,-0.14,6.44,"Megill, Trevor",666152,656730,strikeout,swinging_strike,,,,,14.0,David Hamilton strikes out swinging.,R,L,R,BOS,MIL,S,2.0,,1,2,2024,0.75,-0.24,0.6022008172184572,1.2321904489897697,,642086.0,678882.0,2,9,Bot,,,,,,,0.2458750958974531,-131.7440434003587,-6.638373444656796,8.729925744121395,25.7875648342255,-33.83821836111016,3.37,1.61,,,,91.3,2792.0,6.6,746958,661388,641343,668930,687401,642715,592885,663368,686217,53.93,,0.0,0.0,1.0,0.0,0.0,,77,5,Knuckle Curve,3,6,3,6,6,3,3,6,Standard,Strategic,127.0,-0.042,-0.189,65.1,8.4,6.582737364,,0.189,,-3,-3,0.042,0.042,30,26,31,27,1,3,4,1,3,1.0,3.0,-0.75,0.75,52.9,25.756362603061884,-42.05838356666883,31.12806540792844,29.025734816929173,53.73782091599388,pitcher
FF,2024-05-25,99.3,0.02,6.45,"Megill, Trevor",666152,656730,,ball,,,,,13.0,,R,L,R,BOS,MIL,B,,,0,2,2024,-0.79,1.37,-0.5591339891657748,0.9633080277873408,,642086.0,678882.0,2,9,Bot,,,,,,,0.2561040364004054,-144.16958874197306,-12.927682867442416,-11.168753932980616,30.31842311118817,-10.438088794522628,3.39630876181494,1.62809458725786,,,,100.5,2514.0,6.9,746958,661388,641343,668930,687401,642715,592885,663368,686217,53.65,,,,,,,,77,4,4-Seam Fastball,3,6,3,6,6,3,3,6,Standard,Strategic,209.0,0.001,0.003,,,,,-0.003,,-3,-3,0.041,0.041,30,26,31,27,1,3,4,1,3,1.0,0.94,0.79,-0.79,57.2,,,,,,pitcher
FF,2024-05-25,98.6,0.07,6.55,"Megill, Trevor",666152,656730,,foul,,,,,2.0,,R,L,R,BOS,MIL,S,,,0,2,2024,-0.62,1.55,-0.1639619092351438,2.8944697669565675,,642086.0,678882.0,2,9,Bot,,,,,,,0.8149993138897381,-143.5064346407607,-8.143430108759496,-8.701395674092176,33.176115048273005,-9.1115651201909,3.37,1.61,197.0,86.1,16.0,99.3,2521.0,6.7,746958,661388,641343,668930,687401,642715,592885,663368,686217,53.81,,,,,,,,77,3,4-Seam Fastball,3,6,3,6,6,3,3,6,Standard,Standard,205.0,0.0,0.0,71.5,7.5,,,0.0,88.0,-3,-3,0.041,0.041,30,26,31,27,1,3,4,1,3,1.0,0.8,0.62,-0.62,56.4,17.19761634239678,-18.030881884015496,26.350380556342767,37.31805316364979,41.07074853609819,pitcher
FF,2024-05-25,100.1,-0.25,6.5,"Megill, Trevor",666152,656730,,called_strike,,,,,7.0,,R,L,R,BOS,MIL,S,,,0,1,2024,-0.54,1.55,-0.6834855164359901,2.075694153774283,,642086.0,678882.0,2,9,Bot,,,,,,,0.0754775702461847,-145.5582455379791,-10.594188690881737,-7.729296381722782,33.22498666331698,-7.85333437053908,3.4778113177115,1.68439765794274,,,,101.0,2609.0,6.7,746958,661388,641343,668930,687401,642715,592885,663368,686217,53.76,,,,,,,,77,2,4-Seam Fastball,3,6,3,6,6,3,3,6,Standard,Standard,208.0,-0.003,-0.046,,,,,0.046,,-3,-3,0.044,0.044,30,26,31,27,1,3,4,1,3,1.0,0.72,0.54,-0.54,54.3,,,,,,pitcher
FF,2024-05-25,100.2,-0.31,6.45,"Megill, Trevor",666152,656730,,swinging_strike,,,,,11.0,,R,L,R,BOS,MIL,S,,,0,0,2024,-0.73,1.68,-0.0229309392636387,3.5230583102095294,,642086.0,678882.0,2,9,Bot,,,,,,,2.5458075423456448,-145.76221432634458,-6.745748727901033,-11.00482775654191,35.092200817932905,-6.829186181237106,3.37,1.61,,,,100.9,2665.0,6.7,746958,661388,641343,668930,687401,642715,592885,663368,686217,53.75,,,,,,,,77,1,4-Seam Fastball,3,6,3,6,6,3,3,6,Standard,Standard,205.0,-0.002,-0.048,70.5,6.8,0.833755356,,0.048,,-3,-3,0.046,0.046,30,26,31,27,1,3,4,1,3,1.0,0.59,0.73,-0.73,53.9,9.93239322271349,-3.5090275822005834,27.42053718662063,35.45780706862844,25.540076797567,pitcher
KC,2024-05-25,90.3,-0.1,6.56,"Megill, Trevor",678882,656730,single,hit_into_play,,,,,9.0,Ceddanne Rafaela singles on a line drive to left fielder Christian Yelich. Rafael Devers scores. Dominic Smith to 2nd.,R,R,R,BOS,MIL,X,7.0,line_drive,1,2,2024,0.53,0.21,0.7454029679019938,1.5600570249017518,,646240.0,642086.0,2,9,Bot,102.73,105.95,,,,,0.9802672789120253,-131.31726094884493,-6.94917595597245,5.900464534438227,29.33849760317513,-28.41487788450537,3.38,1.61,196.0,66.8,24.0,90.6,2767.0,6.6,746958,661388,641343,668930,687401,642715,592885,663368,686217,53.89,0.892,0.826,0.9,1.0,1.0,0.0,4.0,76,5,Knuckle Curve,2,6,2,6,6,3,3,6,Standard,Standard,27.0,0.032,0.655,67.3,8.2,,0.96,-0.655,88.0,-4,-4,0.014,0.014,30,23,31,24,1,3,4,1,3,1.0,2.6,-0.53,-0.53,54.7,21.14790828863842,-7.718000840420726,32.693051436454496,44.73866461910392,41.51116776132494,pitcher
FF,2024-05-25,99.6,-0.11,6.47,"Megill, Trevor",678882,656730,,foul,,,,,6.0,,R,R,R,BOS,MIL,S,,,1,2,2024,-0.62,1.72,0.3578543218681513,2.3601266232866287,,646240.0,642086.0,2,9,Bot,,,,,,,2.76248438605222,-144.69254249398935,-9.975316836128528,-9.41887654737774,33.907180752667024,-5.851678160548916,3.38,1.61,259.0,84.9,47.0,100.1,2576.0,6.7,746958,661388,641343,668930,687401,642715,592885,663368,686217,53.83,,,,,,,,76,4,4-Seam Fastball,2,6,2,6,6,2,2,6,Standard,Standard,201.0,0.0,0.0,74.2,6.9,,,0.0,88.0,-4,-4,0.014,0.014,30,23,31,24,1,3,4,1,3,1.0,0.58,0.62,0.62,53.7,2.589379251362483,17.34690808481568,29.174116837267555,39.86266345052898,21.85780803781298,pitcher
FF,2024-05-25,98.8,-0.21,6.48,"Megill, Trevor",678882,656730,,foul,,,,,4.0,,R,R,R,BOS,MIL,S,,,1,1,2024,-0.81,1.45,-0.8227805452495797,2.568780335073777,,646240.0,642086.0,2,9,Bot,,,,,,,0.2122194653920503,-143.6045444285772,-8.604684995883344,-11.200830925387084,35.40244053901749,-10.361055625970184,3.38,1.61,157.0,99.6,10.0,99.2,2530.0,6.7,746958,661388,641343,668930,687401,642715,592885,663368,686217,53.77,,,,,,,,76,3,4-Seam Fastball,2,6,2,6,6,2,2,6,Standard,Standard,205.0,0.0,-0.076,74.5,7.7,,,0.076,99.6,-4,-4,0.014,0.014,30,23,31,24,1,3,4,1,3,1.0,0.91,0.81,0.81,53.0,23.341689825521303,-18.69108669031958,38.67146037406936,26.39263630419655,42.2782052868931,pitcher
KC,2024-05-25,88.3,-0.15,6.53,"Megill, Trevor",678882,656730,,blocked_ball,,,,,14.0,,R,R,R,BOS,MIL,B,,,0,1,2024,0.38,-0.4,1.60612865509957,0.2345370805084221,,646240.0,642086.0,2,9,Bot,,,,,,,3.511401534455853,-128.42854856071622,-8.448270728261292,3.436984342980495,26.655925121158237,-35.04135565827172,3.29916380491151,1.5294688180777,,,,88.7,2770.0,6.6,746958,661388,641343,668930,687401,642715,592885,663368,686217,53.9,,,,,,,,76,2,Knuckle Curve,2,6,2,6,6,2,2,6,Standard,Standard,15.0,0.0,0.033,,,,,-0.033,,-4,-4,0.014,0.014,30,23,31,24,1,3,4,1,3,1.0,3.33,-0.38,-0.38,60.5,,,,,,pitcher
KC,2024-05-25,88.8,-0.3,6.54,"Megill, Trevor",678882,656730,,swinging_strike_blocked,,,,,14.0,,R,R,R,BOS,MIL,S,,,0,0,2024,0.13,-0.4,1.0586142550461772,0.2984265542262321,,646240.0,642086.0,2,9,Bot,,,,,,,3.0835181667738114,-129.10790799725038,-8.457673395326381,0.7914657485118564,26.658019052270145,-35.11185360336545,3.38,1.61,,,,89.6,2706.0,6.8,746958,661388,641343,668930,687401,642715,592885,663368,686217,53.69,,,,,,,,76,1,Knuckle Curve,2,6,2,6,6,2,2,6,Standard,Standard,24.0,0.0,-0.048,70.4,8.3,17.517247152,,0.048,,-4,-4,0.014,0.014,30,23,31,24,1,3,4,1,3,1.0,3.29,-0.13,-0.13,54.2,19.71910830741305,-20.329303349792028,33.99961849012614,49.00148986548735,50.44987227921747,pitcher
KC,2024-05-21,87.7,-0.22,6.53,"Megill, Trevor",669394,656730,strikeout,swinging_strike,,,,,14.0,Jake Burger strikes out swinging.,R,R,R,MIA,MIL,S,2.0,,1,2,2024,0.16,-0.55,0.0055857288456617,0.9683534198558164,,650559.0,,2,9,Bot,,,,,,,0.2153922988466539,-127.62842672156228,-6.194309530613614,1.727193008971395,27.12401472958355,-37.10162051019856,3.29,1.53,,,,88.2,2752.0,6.7,746058,661388,641343,668930,687401,642715,592885,663368,686894,53.83,,0.0,0.0,1.0,0.0,0.0,,84,5,Knuckle Curve,5,7,5,7,7,5,5,7,Standard,Standard,19.0,-0.05,-0.213,,,,,0.213,,-2,-2,0.05,0.05,30,28,31,28,1,4,1,1,4,1.0,3.52,-0.16,-0.16,58.6,,,,,,pitcher
FF,2024-05-21,100.1,-0.17,6.55,"Megill, Trevor",669394,656730,,ball,,,,,12.0,,R,R,R,MIA,MIL,B,,,0,2,2024,-0.17,1.5,1.252925460923244,3.244661539332319,,,650559.0,2,9,Bot,,,,,,,4.348626087201987,-145.58760180830546,-7.288191025966528,-3.4710877229663364,36.47094276316917,-9.344908026126804,3.41824817601064,1.60496076695519,,,,100.4,2450.0,6.6,746058,661388,641343,668930,687401,642715,592885,663368,686894,53.86,,,,,,,,84,4,4-Seam Fastball,5,7,5,7,7,5,5,7,Standard,Standard,200.0,0.004,0.027,,,,,-0.027,,-2,-2,0.046,0.046,30,28,31,28,1,4,1,1,4,1.0,0.79,0.17,0.17,51.7,,,,,,pitcher
FF,2024-05-21,98.9,0.04,6.58,"Megill, Trevor",669394,656730,,foul,,,,,1.0,,R,R,R,MIA,MIL,S,,,0,2,2024,-0.35,1.69,-0.3439938714143908,2.9141930713182163,,,650559.0,2,9,Bot,,,,,,,-0.2416274219269539,-143.82706470792027,-8.464826796713814,-4.732694029606631,35.768628245113106,-6.932481642676252,3.29,1.53,220.0,79.0,54.0,98.7,2473.0,6.4,746058,661388,641343,668930,687401,642715,592885,663368,686894,54.13,,,,,,,,84,3,4-Seam Fastball,5,7,5,7,7,5,5,7,Standard,Standard,198.0,0.0,0.0,66.6,5.9,,,0.0,88.0,-2,-2,0.046,0.046,30,28,31,28,1,4,1,1,4,1.0,0.65,0.35,0.35,55.4,-0.8293828236762287,18.51198572898019,23.66412935848077,36.98529685731613,15.758455957504845,pitcher
KC,2024-05-21,89.0,-0.17,6.53,"Megill, Trevor",669394,656730,,swinging_strike,,,,,14.0,,R,R,R,MIA,MIL,S,,,0,1,2024,0.06,-0.41,1.0501442444963205,0.9194669001279916,,,650559.0,2,9,Bot,,,,,,,2.9148137244941785,-129.46687398211716,-6.918407191619169,0.0069588165132179,27.78935399998524,-35.525775973279856,3.29,1.53,,,,89.8,2689.0,6.9,746058,661388,641343,668930,687401,642715,592885,663368,686894,53.62,,,,,,,,84,2,Knuckle Curve,5,7,5,7,7,5,5,7,Standard,Standard,5.0,0.0,-0.054,34.7,6.9,12.148236768,,0.054,,-2,-2,0.046,0.046,30,28,31,28,1,4,1,1,4,1.0,3.3,-0.06,-0.06,53.0,14.205227542586208,15.07130516522732,20.057767598478605,54.50434388971956,21.622455062465058,pitcher
KC,2024-05-21,88.2,-0.14,6.56,"Megill, Trevor",669394,656730,,swinging_strike,,,,,14.0,,R,R,R,MIA,MIL,S,,,0,0,2024,0.46,-0.06,1.004932854299133,1.1068605098658502,,,650559.0,2,9,Bot,,,,,,,1.82064816797501,-128.206697346228,-6.992921739880187,4.636213350838138,29.26798979227405,-31.4696093699865,3.29,1.53,,,,88.1,2609.0,6.5,746058,661388,641343,668930,687401,642715,592885,663368,686894,53.99,,,,,,,,84,1,Knuckle Curve,5,7,5,7,7,5,5,7,Standard,Strategic,16.0,0.0,-0.047,78.6,8.4,9.15158046,,0.047,,-2,-2,0.046,0.046,30,28,31,28,1,4,1,1,4,1.0,3.02,-0.46,-0.46,53.0,22.500080465258247,-17.583585142826664,27.527850168926403,53.62743490127764,42.60084437686838,pitcher
FF,2024-05-21,98.0,-0.02,6.57,"Megill, Trevor",605137,656730,strikeout,swinging_strike,,,,,7.0,Josh Bell strikes out swinging.,R,L,R,MIA,MIL,S,2.0,,0,2,2024,-0.3,1.81,-0.3105243384902173,2.396787739814878,,,650559.0,1,9,Bot,,,,,,,-0.0690321059483151,-142.45665009147427,-10.058223583266068,-4.096973681578355,34.79547701237608,-5.350293556846249,3.8,1.82,,,,98.9,2477.0,7.0,746058,661388,641343,668930,687401,642715,592885,663368,686894,53.5,,0.0,0.0,1.0,0.0,0.0,,83,3,4-Seam Fastball,5,7,5,7,7,5,5,7,Standard,Standard,201.0,-0.04,-0.159,62.5,8.0,0.609831612,,0.159,,-2,-2,0.086,0.086,30,31,31,32,1,4,1,1,4,1.0,0.58,0.3,-0.3,57.6,-3.9075845081443,24.81928688720931,35.453340654698906,42.298526365019015,7.453354999749451,pitcher
FF,2024-05-21,97.7,-0.22,6.64,"Megill, Trevor",605137,656730,,foul,,,,,11.0,,R,L,R,MIA,MIL,S,,,0,1,2024,-0.54,1.57,-0.8938242752979713,3.037208695490454,,,650559.0,1,9,Bot,,,,,,,-0.559496246987399,-142.12222105278315,-7.828102668777338,-7.186791552029964,35.92460725613596,-9.278356171673131,3.8,1.82,287.0,85.5,34.0,97.8,2407.0,6.6,746058,661388,641343,668930,687401,642715,592885,663368,686894,53.88,,,,,,,,83,2,4-Seam Fastball,5,7,5,7,7,5,5,7,Standard,Standard,203.0,-0.016,-0.052,67.4,7.7,,,0.052,88.0,-2,-2,0.102,0.102,30,31,31,32,1,4,1,1,4,1.0,0.84,0.54,-0.54,54.7,-3.314827441197143,27.3654506542975,27.77494959440534,50.352141879228455,5.2701996464871295,pitcher
KC,2024-05-21,88.4,-0.43,6.61,"Megill, Trevor",605137,656730,,swinging_strike,,,,,14.0,,R,L,R,MIA,MIL,S,,,0,0,2024,0.46,-0.3,0.3714985588025176,1.4198621722952125,,,650559.0,1,9,Bot,,,,,,,0.9828540374244236,-128.69275348744426,-5.982739535104466,4.949872077474098,26.99377134198352,-34.46816477255751,3.8,1.82,,,,89.2,2780.0,6.8,746058,661388,641343,668930,687401,642715,592885,663368,686894,53.73,,,,,,,,83,1,Knuckle Curve,5,7,5,7,7,5,5,7,Standard,Standard,14.0,-0.01,-0.04,73.0,8.7,0.477342648,,0.04,,-2,-2,0.112,0.112,30,31,31,32,1,4,1,1,4,1.0,3.22,-0.46,0.46,52.3,12.852584677075008,-15.110755366628467,38.45400845224694,33.67662905990561,36.69777323676621,pitcher
FF,2024-05-21,98.9,-0.23,6.56,"Megill, Trevor",650559,656730,single,hit_into_play,,,,,5.0,Bryan De La Cruz singles on a line drive to center fielder Blake Perkins.,R,R,R,MIA,MIL,X,8.0,line_drive,0,0,2024,-0.65,1.39,0.0538903120661615,2.446433629256313,,,,1,9,Bot,143.52,72.93,,,,,2.2943808747843333,-143.7471800633397,-9.004795588430985,-9.536933937666774,35.74663348852811,-11.01117250731092,3.59,1.72,206.0,98.2,11.0,99.0,2422.0,6.6,746058,661388,641343,668930,687401,642715,592885,663368,686894,53.94,0.895,0.863,0.9,1.0,1.0,0.0,4.0,82,1,4-Seam Fastball,5,7,5,7,7,5,5,7,Standard,Standard,204.0,0.065,0.422,74.8,7.5,,1.079,-0.422,98.2,-2,-2,0.047,0.047,30,27,31,28,1,4,1,1,4,1.0,0.96,0.65,0.65,52.5,4.525045091906252,15.553968944167,40.33996852165196,37.4349727459924,18.430614990382796,pitcher
FF,2024-05-21,99.5,-0.17,6.58,"Megill, Trevor",624503,656730,strikeout,swinging_strike,,,,,8.0,Nick Gordon strikes out swinging.,R,L,R,MIA,MIL,S,2.0,,2,2,2024,-0.49,1.55,-0.1335103790708826,2.135165672347571,,,,0,9,Bot,,,,,,,1.2655111206651306,-144.55449405739333,-10.412652137301707,-7.195221717144631,37.19137807318816,-8.206356564635358,3.67,1.69,,,,99.7,2323.0,6.7,746058,661388,641343,668930,687401,642715,592885,663368,686894,53.77,,0.0,0.0,1.0,0.0,0.0,,81,5,4-Seam Fastball,5,7,5,7,7,5,5,7,Standard,Standard,197.0,-0.041,-0.227,68.6,6.9,1.120866612,,0.227,,-2,-2,0.088,0.088,30,28,31,29,1,0,1,1,4,1.0,0.78,0.49,-0.49,53.5,-10.324247554265638,26.838035033700244,40.02486311152885,37.98385133751957,4.207658945440374,pitcher
FF,2024-05-21,99.4,-0.25,6.56,"Megill, Trevor",624503,656730,,swinging_strike,,,,,7.0,,R,L,R,MIA,MIL,S,,,2,1,2024,-0.49,1.68,-0.5523839587095836,2.1399736877861444,,,,0,9,Bot,,,,,,,0.3231306907431385,-144.28704397317074,-10.628237625360986,-6.820994601262379,37.39774877782732,-6.331606186956623,3.67,1.69,,,,99.4,2427.0,6.7,746058,661388,641343,668930,687401,642715,592885,663368,686894,53.82,,,,,,,,81,4,4-Seam Fastball,5,7,5,7,7,5,5,7,Standard,Standard,200.0,-0.017,-0.069,68.4,8.1,1.48209456,,0.069,,-2,-2,0.105,0.105,30,28,31,29,1,0,1,1,4,1.0,0.66,0.49,-0.49,51.5,12.86724088411333,4.8070156199485,34.96549830943481,41.13975359863922,20.360691122705585,pitcher
KC,2024-05-21,88.0,-0.16,6.62,"Megill, Trevor",624503,656730,,ball,,,,,14.0,,R,L,R,MIA,MIL,B,,,1,1,2024,-0.05,-0.33,1.2439651436427417,-0.479033972577604,,,,0,9,Bot,,,,,,,3.5265054782869165,-127.78196837638052,-10.39189466084084,-1.3010437419150689,28.74679793776857,-33.633271409459006,3.52253122376577,1.60709077936978,,,,88.1,2676.0,6.7,746058,661388,641343,668930,687401,642715,592885,663368,686894,53.84,,,,,,,,81,3,Knuckle Curve,5,7,5,7,7,5,5,7,Standard,Standard,9.0,0.012,0.053,,,,,-0.053,,-2,-2,0.093,0.093,30,28,31,29,1,0,1,1,4,1.0,3.31,0.05,-0.05,53.0,,,,,,pitcher
FF,2024-05-21,99.0,-0.31,6.65,"Megill, Trevor",624503,656730,,ball,,,,,11.0,,R,L,R,MIA,MIL,B,,,0,1,2024,-0.59,1.67,-0.8045385189966631,4.006387882265205,,,,0,9,Bot,,,,,,,0.0248056467747909,-144.019742414118,-5.670565103275258,-8.199449973396131,36.07000673572238,-7.928481903779379,3.67000157025831,1.72825321146681,,,,99.3,2430.0,6.7,746058,661388,641343,668930,687401,642715,592885,663368,686894,53.83,,,,,,,,81,2,4-Seam Fastball,5,7,5,7,7,5,5,7,Standard,Standard,201.0,0.005,0.025,,,,,-0.025,,-2,-2,0.088,0.088,30,28,31,29,1,0,1,1,4,1.0,0.68,0.59,-0.59,53.1,,,,,,pitcher
FF,2024-05-21,99.2,-0.1,6.65,"Megill, Trevor",624503,656730,,swinging_strike,,,,,7.0,,R,L,R,MIA,MIL,S,,,0,0,2024,-0.55,1.72,-0.4870261185300026,2.024211420303513,,,,0,9,Bot,,,,,,,0.2321652068209554,-144.06988836009634,-11.232147109838529,-7.664276272448859,36.11364144630578,-5.79610097577042,3.67,1.69,,,,99.2,2478.0,6.6,746058,661388,641343,668930,687401,642715,592885,663368,686894,53.93,,,,,,,,81,1,4-Seam Fastball,5,7,5,7,7,5,5,7,Standard,Standard,200.0,-0.007,-0.037,69.8,7.9,2.438056284,,0.037,,-2,-2,0.095,0.095,30,28,31,29,1,0,1,1,4,1.0,0.62,0.55,-0.55,54.7,10.890630028968555,8.292089167198483,38.66200185520594,41.023395667094256,23.454873572332087,pitcher
FF,2024-05-20,99.2,-0.19,6.49,"Megill, Trevor",660644,656730,strikeout,swinging_strike,,,,,4.0,Vidal Bruján strikes out swinging.,R,L,R,MIA,MIL,S,2.0,,3,2,2024,-0.44,1.66,-0.5724945109261312,2.439709373422973,,672640.0,,2,9,Bot,,,,,,,-0.0319678531119806,-144.22834728923394,-9.562676503858174,-6.042283452535262,35.29769785376261,-6.995468467346563,3.23,1.51,,,,99.6,2456.0,6.7,746066,596142,641343,655316,687401,642715,592885,663368,694192,53.81,,0.0,0.0,1.0,0.0,0.0,,72,6,4-Seam Fastball,2,2,2,2,2,2,2,2,Standard,Standard,204.0,-0.111,-0.298,,,,,0.298,,0,0,0.611,0.611,30,26,31,26,1,3,2,1,1,6.0,0.67,0.44,-0.44,52.1,,,,,,pitcher
FF,2024-05-20,98.1,-0.21,6.51,"Megill, Trevor",660644,656730,,foul,,,,,2.0,,R,L,R,MIA,MIL,S,,,3,1,2024,-0.64,1.31,0.2615555589456926,2.817658424021007,,672640.0,,2,9,Bot,,,,,,,2.770691898648118,-142.6759717558776,-7.536952609001589,-9.337015035937114,35.74453170009653,-12.724608943594138,3.23,1.51,142.0,73.0,70.0,98.3,2391.0,6.6,746066,596142,641343,655316,687401,642715,592885,663368,694192,53.86,,,,,,,,72,5,4-Seam Fastball,2,2,2,2,2,2,2,2,Standard,Standard,205.0,-0.001,-0.059,63.8,6.2,,,0.059,88.0,0,0,0.612,0.612,30,26,31,26,1,3,2,1,1,6.0,1.08,0.64,-0.64,52.1,1.789626190717547,3.400630112089639,30.186561747975816,34.89247888876727,27.29239541705742,pitcher
KC,2024-05-20,86.6,-0.24,6.64,"Megill, Trevor",660644,656730,,ball,,,,,12.0,,R,L,R,MIA,MIL,B,,,2,1,2024,0.02,-0.35,0.485907057984945,3.700242120323083,,672640.0,,2,9,Bot,,,,,,,1.6873540771392292,-126.12503530273948,-0.0515892909373911,-0.164143397638703,27.969260134815723,-36.10609510444387,3.18695009198242,1.49947498385635,,,,86.3,2645.0,6.2,746066,596142,641343,655316,687401,642715,592885,663368,694192,54.25,,,,,,,,72,4,Knuckle Curve,2,2,2,2,2,2,2,2,Standard,Standard,34.0,0.002,0.045,,,,,-0.045,,0,0,0.61,0.61,30,26,31,26,1,3,2,1,1,6.0,3.41,-0.02,0.02,53.6,,,,,,pitcher
FF,2024-05-20,98.4,-0.42,6.61,"Megill, Trevor",660644,656730,,ball,,,,,11.0,,R,L,R,MIA,MIL,B,,,1,1,2024,-0.7,1.42,-1.8470544320035256,3.5723818749062075,,672640.0,,2,9,Bot,,,,,,,-2.254501330866989,-143.14192998036756,-6.05488808745312,-9.031208455824048,36.06196656590839,-11.420852675687836,3.20328975016022,1.50769323153146,,,,98.3,2362.0,6.5,746066,596142,641343,655316,687401,642715,592885,663368,694192,54.04,,,,,,,,72,3,4-Seam Fastball,2,2,2,2,2,2,2,2,Standard,Standard,206.0,0.005,0.039,,,,,-0.039,,0,0,0.605,0.605,30,26,31,26,1,3,2,1,1,6.0,0.95,0.7,-0.7,54.8,,,,,,pitcher
KC,2024-05-20,87.4,-0.29,6.54,"Megill, Trevor",660644,656730,,called_strike,,,,,6.0,,R,L,R,MIA,MIL,S,,,1,0,2024,-0.04,-0.59,0.5338229854281323,2.526485746110058,,672640.0,,2,9,Bot,,,,,,,2.0793681240166544,-127.23787231103675,-2.288789554723162,-0.8510855519372204,27.14633657808972,-38.29214585997868,3.21143194110272,1.50771296814764,,,,88.1,2730.0,6.8,746066,596142,641343,655316,687401,642715,592885,663368,694192,53.72,,,,,,,,72,2,Knuckle Curve,2,2,2,2,2,2,2,2,Standard,Standard,16.0,-0.005,-0.043,,,,,0.043,,0,0,0.61,0.61,30,26,31,26,1,3,2,1,1,6.0,3.58,0.04,-0.04,53.0,,,,,,pitcher
FF,2024-05-20,98.3,-0.33,6.63,"Megill, Trevor",660644,656730,,ball,,,,,11.0,,R,L,R,MIA,MIL,B,,,0,0,2024,-0.54,1.52,-0.2785142963974225,3.5188295223872537,,,672640.0,2,9,Bot,,,,,,,1.40648605734884,-143.11223291116332,-6.488157044578249,-7.757777645248212,34.45278400826955,-9.97259355380707,3.20383660417655,1.50822192917712,,,,98.5,2444.0,6.4,746066,596142,641343,655316,687401,642715,592885,663368,694192,54.05,,,,,,,,72,1,4-Seam Fastball,2,2,2,2,2,2,2,2,Standard,Standard,204.0,0.047,0.034,,,,,-0.034,,0,0,0.563,0.563,30,26,31,26,1,3,2,1,1,6.0,0.84,0.54,-0.54,53.6,,,,,,pitcher
FF,2024-05-20,98.5,-0.3,6.52,"Megill, Trevor",672640,656730,single,hit_into_play,,,,,1.0,Otto Lopez singles on a fly ball to right fielder Jackson Chourio. Nick Gordon scores.,R,R,R,MIA,MIL,X,9.0,fly_ball,1,1,2024,-0.66,1.67,-0.7707074190851013,2.8164374345593397,,624503.0,,2,9,Bot,186.98,141.36,,,,,0.2775347291183502,-143.1577778520743,-8.496186665624679,-9.165598246887054,35.317924715336254,-7.426332219977925,3.3,1.54,205.0,68.9,44.0,98.8,2448.0,6.7,746066,596142,641343,655316,687401,642715,592885,663368,694192,53.81,0.334,0.318,0.9,1.0,1.0,0.0,3.0,71,3,4-Seam Fastball,1,2,1,2,2,2,2,2,Standard,Standard,202.0,0.415,0.7,62.2,5.3,,0.39,-0.7,88.0,-1,-1,0.148,0.148,30,25,31,26,1,3,2,1,1,1.0,0.7,0.66,0.66,53.6,-1.7194578002747245,11.865338616185513,31.00184625977004,25.717230220839973,22.701074115726364,pitcher
FF,2024-05-20,99.1,-0.26,6.53,"Megill, Trevor",672640,656730,,swinging_strike,,,,,11.0,,R,R,R,MIA,MIL,S,,,1,0,2024,-0.55,1.58,-0.4072041221688215,3.611772820190959,,624503.0,,2,9,Bot,,,,,,,0.8996706881954795,-144.17102275128224,-6.277817997157288,-7.84195385850243,35.36327667520164,-8.868542204344728,3.3,1.54,,,,99.7,2438.0,6.7,746066,596142,641343,655316,687401,642715,592885,663368,694192,53.77,,,,,,,,71,2,4-Seam Fastball,1,2,1,2,2,1,1,2,Standard,Standard,201.0,-0.003,-0.043,64.8,5.0,0.606032712,,0.043,,-1,-1,0.151,0.151,30,25,31,26,1,3,2,1,1,1.0,0.75,0.55,0.55,55.7,2.448094872543481,21.17022502626901,21.349378412067967,29.19465949287995,17.586273535286317,pitcher
KC,2024-05-20,86.4,-0.16,6.61,"Megill, Trevor",672640,656730,,ball,,,,,12.0,,R,R,R,MIA,MIL,B,,,0,0,2024,0.84,-0.17,1.4762017826360545,3.140989544414931,,,624503.0,2,9,Bot,,,,,,,2.1820202787858847,-125.85022550885049,-1.710906495029657,8.481840627318931,25.90995420758969,-33.831951329599505,3.2956582619232,1.56020808065275,,,,86.5,2723.0,6.3,746066,596142,641343,655316,687401,642715,592885,663368,694192,54.18,,,,,,,,71,1,Knuckle Curve,1,2,1,2,2,1,1,2,Standard,Strategic,24.0,0.052,0.034,,,,,-0.034,,-1,-1,0.099,0.099,30,25,31,26,1,3,2,1,1,1.0,3.22,-0.84,-0.84,53.4,,,,,,pitcher
FF,2024-05-20,99.0,-0.14,6.6,"Megill, Trevor",624503,656730,single,hit_into_play,,,,,5.0,Nick Gordon singles on a line drive to right fielder Jackson Chourio.,R,L,R,MIA,MIL,X,9.0,line_drive,3,2,2024,-0.59,1.46,0.0427334847716005,2.9419174974670272,,,,2,9,Bot,175.47,86.54,,,,,1.8777865362454045,-143.9960685106543,-7.982925053473644,-8.664816133853702,33.54915080003236,-10.195630605879352,3.68,1.69,261.0,87.4,22.0,99.3,2366.0,6.5,746066,596142,641343,655316,687401,642715,592885,663368,694192,54.01,0.268,0.274,0.9,1.0,1.0,0.0,3.0,70,6,4-Seam Fastball,1,2,1,2,2,1,1,2,Strategic,Strategic,196.0,0.044,0.263,69.4,7.1,,0.384,-0.263,88.0,-1,-1,0.055,0.055,30,28,31,29,1,3,2,1,1,1.0,0.87,0.59,-0.59,54.9,16.34451999228328,-5.474210933344221,28.45128520541797,35.15131634304514,29.677070556578045,pitcher
FF,2024-05-20,97.3,-0.12,6.56,"Megill, Trevor",624503,656730,,called_strike,,,,,5.0,,R,L,R,MIA,MIL,S,,,3,1,2024,-0.64,1.46,0.1328880069815931,3.059337567773971,,,,2,9,Bot,,,,,,,2.160327414860673,-141.56185506448367,-7.253410441160151,-9.16173946598188,33.04347710546169,-11.04687076912112,3.67843949550822,1.72098011260606,,,,97.8,2408.0,6.6,746066,596142,641343,655316,687401,642715,592885,663368,694192,53.86,,,,,,,,70,5,4-Seam Fastball,1,2,1,2,2,1,1,2,Standard,Strategic,200.0,-0.013,-0.089,,,,,0.089,,-1,-1,0.068,0.068,30,28,31,29,1,3,2,1,1,1.0,0.95,0.64,-0.64,54.0,,,,,,pitcher
FF,2024-05-20,98.0,-0.23,6.57,"Megill, Trevor",624503,656730,,called_strike,,,,,4.0,,R,L,R,MIA,MIL,S,,,3,0,2024,-0.6,1.68,-0.6643081161128209,2.473128513744581,,,,2,9,Bot,,,,,,,0.2240801743654964,-142.43840058106375,-9.484969370539789,-8.172570418621811,34.05630155256342,-7.31953103983764,3.71086942360241,1.72905224219872,,,,98.5,2434.0,6.7,746066,596142,641343,655316,687401,642715,592885,663368,694192,53.8,,,,,,,,70,4,4-Seam Fastball,1,2,1,2,2,1,1,2,Standard,Strategic,200.0,-0.01,-0.058,,,,,0.058,,-1,-1,0.078,0.078,30,28,31,29,1,3,2,1,1,1.0,0.71,0.6,-0.6,53.4,,,,,,pitcher
FF,2024-05-20,98.0,-0.15,6.62,"Megill, Trevor",624503,656730,,ball,,,,,11.0,,R,L,R,MIA,MIL,B,,,2,0,2024,-0.46,1.56,-0.9724581387324004,3.3452902251027266,,,,2,9,Bot,,,,,,,-1.165323673023296,-142.5961892378829,-6.976260755289238,-5.961510994686991,34.68213359323676,-9.505507984299411,3.65395912330638,1.72087005811562,,,,98.1,2449.0,6.5,746066,596142,641343,655316,687401,642715,592885,663368,694192,54.0,,,,,,,,70,3,4-Seam Fastball,1,2,1,2,2,1,1,2,Standard,Strategic,199.0,0.015,0.109,,,,,-0.109,,-1,-1,0.063,0.063,30,28,31,29,1,3,2,1,1,1.0,0.82,0.46,-0.46,54.1,,,,,,pitcher
FF,2024-05-20,97.8,-0.21,6.5,"Megill, Trevor",624503,656730,,ball,,,,,13.0,,R,L,R,MIA,MIL,B,,,1,0,2024,-0.74,1.75,-0.5031713848951159,1.4190255881925735,,,,2,9,Bot,,,,,,,0.9241804694831224,-141.9250514629627,-12.294349926340276,-10.14184543325534,32.95446498722672,-5.96919223168721,3.71883020822041,1.72888869923168,,,,98.6,2502.0,6.9,746066,596142,641343,655316,687401,642715,592885,663368,694192,53.59,,,,,,,,70,2,4-Seam Fastball,1,2,1,2,2,1,1,2,Standard,Strategic,205.0,0.011,0.068,,,,,-0.068,,-1,-1,0.052,0.052,30,28,31,29,1,3,2,1,1,1.0,0.65,0.74,-0.74,51.0,,,,,,pitcher
FF,2024-05-20,98.8,-0.06,6.61,"Megill, Trevor",624503,656730,,ball,,,,,14.0,,R,L,R,MIA,MIL,B,,,0,0,2024,-0.74,1.73,1.0776915419668778,2.032025876100153,,,,2,9,Bot,,,,,,,4.8292861227658745,-143.4386163721223,-11.067995798840236,-11.286536250699518,34.02397896333252,-5.843875833898542,3.71903050686745,1.70471390902159,,,,98.9,2605.0,6.5,746066,596142,641343,655316,687401,642715,592885,663368,694192,53.96,,,,,,,,70,1,4-Seam Fastball,1,2,1,2,2,1,1,2,Standard,Standard,205.0,0.005,0.04,,,,,-0.04,,-1,-1,0.047,0.047,30,28,31,29,1,3,2,1,1,1.0,0.62,0.74,-0.74,58.4,,,,,,pitcher
FF,2024-05-20,97.6,-0.18,6.56,"Megill, Trevor",669394,656730,field_out,hit_into_play,,,,,5.0,Jake Burger flies out sharply to center fielder Blake Perkins.,R,R,R,MIA,MIL,X,8.0,fly_ball,1,0,2024,-0.7,1.54,-0.2066316873658982,2.519137482757727,,,,1,9,Bot,146.41,54.26,,,,,1.543012358642554,-141.96732307563482,-8.95724048394032,-9.792604602323278,32.57676328078136,-9.49478473650034,3.31,1.54,361.0,104.1,39.0,98.1,2531.0,6.6,746066,596142,641343,655316,687401,642715,592885,663368,694192,53.93,0.427,0.8587499999999999,0.0,1.0,0.0,0.0,6.0,69,2,4-Seam Fastball,1,2,1,2,2,1,1,2,Standard,Standard,203.0,-0.078,-0.295,78.4,7.6,,1.685,0.295,104.1,-1,-1,0.125,0.125,30,28,31,28,1,3,2,1,1,1.0,0.85,0.7,0.7,56.9,13.604476514419844,-5.214882565004725,21.599852959736364,40.31107465691977,29.18761125680925,pitcher
FF,2024-05-20,97.1,-0.3,6.6,"Megill, Trevor",669394,656730,,ball,,,,,11.0,,R,R,R,MIA,MIL,B,,,0,0,2024,-0.8,1.68,-1.0773890992207928,3.9655840180391664,,,,1,9,Bot,,,,,,,-0.2554579301755232,-141.3134945332863,-5.406542653009203,-10.621330329397816,33.467833025831375,-8.643764384726397,3.3701676739522,1.54337929395848,,,,97.8,2453.0,6.8,746066,596142,641343,655316,687401,642715,592885,663368,694192,53.74,,,,,,,,69,1,4-Seam Fastball,1,2,1,2,2,1,1,2,Standard,Strategic,202.0,0.01,0.039,,,,,-0.039,,-1,-1,0.115,0.115,30,28,31,28,1,3,2,1,1,1.0,0.74,0.8,0.8,53.4,,,,,,pitcher
FF,2024-05-20,97.6,-0.23,6.57,"Megill, Trevor",660821,656730,field_out,hit_into_play,,,,,4.0,Jesús Sánchez flies out to left fielder Christian Yelich.,R,L,R,MIA,MIL,X,7.0,fly_ball,0,0,2024,-0.86,1.67,-0.3130695305779681,2.5250481469046653,,,,0,9,Bot,88.98,98.8,,,,,1.7702148591802698,-141.92864757833462,-9.33764117959302,-12.054239818363405,32.26408307814685,-7.611055694874766,3.59,1.7,266.0,91.5,52.0,98.7,2458.0,6.9,746066,596142,641343,655316,687401,642715,592885,663368,694192,53.56,0.005,0.007,0.0,1.0,0.0,0.0,3.0,68,1,4-Seam Fastball,1,2,1,2,2,1,1,2,Standard,Standard,204.0,-0.089,-0.254,73.7,6.7,,0.009,0.254,91.5,-1,-1,0.204,0.204,30,26,31,27,1,3,2,1,1,1.0,0.72,0.86,-0.86,53.0,14.46152048294458,6.397975231755496,38.00397605603976,42.01145644786392,32.100887638426016,pitcher
FF,2024-05-18,100.3,-0.27,6.65,"Megill, Trevor",605170,656730,strikeout,called_strike,,,,,4.0,Victor Caratini called out on strikes.,R,L,R,HOU,MIL,S,2.0,,1,2,2024,-0.85,1.4,-0.3065643994890087,2.1435174662941137,676694.0,,,2,9,Bot,,,,,,,1.9284427246881404,-145.73858946748447,-10.42618101655977,-12.57391590121405,36.45464120532235,-9.920057404212406,3.38215952918216,1.43806889290489,,,,100.5,2439.0,6.6,746389,661388,641343,668930,687401,642715,694192,663368,686217,53.86,,0.0,0.0,1.0,0.0,0.0,,71,4,4-Seam Fastball,2,4,2,4,4,2,2,4,Strategic,Standard,206.0,-0.051,-0.184,,,,,0.184,,-2,-2,0.051,0.051,30,30,31,31,1,0,4,1,2,1.0,0.88,0.85,-0.85,52.7,,,,,,pitcher
KC,2024-05-18,88.5,-0.26,6.74,"Megill, Trevor",605170,656730,,swinging_strike,,,,,14.0,,R,L,R,HOU,MIL,S,,,1,1,2024,0.48,-0.13,0.4804478015048609,1.2977392952718847,676694.0,,,2,9,Bot,,,,,,,0.7969176178056905,-128.77194956337834,-6.913520780182551,5.168815998849973,28.609321729786785,-32.27732333707173,3.39,1.55,,,,88.5,2669.0,6.5,746389,661388,641343,668930,687401,642715,694192,663368,686217,54.02,,,,,,,,71,3,Knuckle Curve,2,4,2,4,4,2,2,4,Standard,Standard,7.0,0.0,-0.073,72.1,8.7,13.9222875,,0.073,,-2,-2,0.051,0.051,30,30,31,31,1,0,4,1,2,1.0,3.05,-0.48,0.48,54.1,28.747306398972224,-54.71361432205368,29.11035628305869,27.83587413317251,66.09825603499498,pitcher
KC,2024-05-18,88.5,-0.18,6.71,"Megill, Trevor",605170,656730,,ball,,,,,14.0,,R,L,R,HOU,MIL,B,,,0,1,2024,-0.13,-0.53,0.9526463922369286,-0.1922036134433655,,,676694.0,2,9,Bot,,,,,,,3.030312487612004,-128.57533881110953,-9.635672540729926,-2.046274672150705,27.684565265530043,-36.17382873719941,3.34941611300458,1.38626318583012,,,,88.5,2721.0,6.5,746389,661388,641343,668930,687401,642715,694192,663368,686217,54.01,,,,,,,,71,2,Knuckle Curve,2,4,2,4,4,2,2,4,Strategic,Standard,6.0,0.005,0.032,,,,,-0.032,,-2,-2,0.046,0.046,30,30,31,31,1,0,4,1,2,1.0,3.46,0.13,-0.13,55.5,,,,,,pitcher
FF,2024-05-18,97.7,-0.32,6.79,"Megill, Trevor",605170,656730,,foul,,,,,11.0,,R,L,R,HOU,MIL,S,,,0,0,2024,-0.65,1.59,-0.7150143308848431,3.5376878148128403,,,676694.0,2,9,Bot,,,,,,,0.4315829843680427,-142.12000763239442,-6.894742970941572,-8.918966520573333,34.627834682066776,-9.334295036287642,3.39,1.55,213.0,79.5,21.0,97.7,2516.0,6.5,746389,661388,641343,668930,687401,642715,694192,663368,686217,54.04,,,,,,,,71,1,4-Seam Fastball,2,4,2,4,4,2,2,4,Standard,Standard,201.0,0.0,-0.047,67.6,6.3,,,0.047,88.0,-2,-2,0.046,0.046,30,30,31,31,1,0,4,1,2,1.0,0.82,0.65,-0.65,53.5,3.002871843150688,13.684142114364468,26.761596669072777,42.11989759879527,21.72573771084613,pitcher
FF,2024-05-18,98.1,0.0,6.69,"Megill, Trevor",676694,656730,single,hit_into_play,,,,,6.0,Jake Meyers singles on a line drive to center fielder Blake Perkins.,R,R,R,HOU,MIL,X,8.0,line_drive,0,0,2024,-0.44,1.57,0.796658837354143,2.1753113431167908,,,,2,9,Bot,114.97,89.7,,,,,3.1926109840977857,-142.4788909484353,-10.347628717222232,-6.780875717933637,34.723981580975945,-8.564027216529341,3.29,1.52,274.0,79.9,24.0,98.2,2527.0,6.6,746389,661388,641343,668930,687401,642715,694192,663368,686217,53.89,0.516,0.476,0.9,1.0,1.0,0.0,4.0,70,1,4-Seam Fastball,2,4,2,4,4,2,2,4,Standard,Standard,200.0,0.031,0.333,55.9,7.7,,0.592,-0.333,88.0,-2,-2,0.015,0.015,30,28,31,28,1,3,4,1,2,1.0,0.82,0.44,0.44,54.4,12.314390879374397,-2.856334392873067,26.30120103210012,50.3470840877395,30.628758764110305,pitcher
FF,2024-05-18,98.5,0.06,6.74,"Megill, Trevor",673237,656730,strikeout,swinging_strike,,,,,11.0,Yainer Diaz strikes out swinging.,R,R,R,HOU,MIL,S,2.0,,1,2,2024,-0.71,1.67,-0.2429421653246284,3.745482251130112,,,,1,9,Bot,,,,,,,0.8338197494111393,-143.33310943333018,-6.544049498666555,-9.871684621162132,36.52519935307718,-7.84203527745477,3.21,1.45,,,,98.5,2460.0,6.5,746389,661388,641343,668930,687401,642715,694192,663368,686217,53.99,,0.0,0.0,1.0,0.0,0.0,,69,5,4-Seam Fastball,2,4,2,4,4,2,2,4,Standard,Strategic,204.0,-0.022,-0.182,68.3,6.3,0.913516596,,0.182,,-2,-2,0.037,0.037,30,25,31,26,1,3,4,1,2,2.0,0.7,0.71,0.71,53.4,14.2532170475629,20.191309321452447,12.962983977342503,33.583695025619726,24.06995329077519,pitcher
FF,2024-05-18,99.6,-0.01,6.68,"Megill, Trevor",673237,656730,,ball,,,,,14.0,,R,R,R,HOU,MIL,B,,,0,2,2024,-0.59,1.56,1.3315955286257288,1.332574955593556,,,,1,9,Bot,,,,,,,5.0760880783340365,-144.4692783241473,-12.989150650885763,-9.422783240118644,33.89786590782304,-7.402896756536574,3.00285573175205,1.30821233436403,,,,100.0,2572.0,6.7,746389,661388,641343,668930,687401,642715,694192,663368,686217,53.83,,,,,,,,69,4,4-Seam Fastball,2,4,2,4,4,2,2,4,Standard,Strategic,199.0,0.003,0.02,,,,,-0.02,,-2,-2,0.034,0.034,30,25,31,26,1,3,4,1,2,2.0,0.75,0.59,0.59,57.3,,,,,,pitcher
KC,2024-05-18,88.8,0.13,6.76,"Megill, Trevor",673237,656730,,foul,,,,,14.0,,R,R,R,HOU,MIL,S,,,0,2,2024,0.4,-0.11,1.3131082064912816,1.0989372971842477,,,,1,9,Bot,,,,,,,2.0518747797515493,-129.20141565087093,-7.585711252045232,4.066159753063736,27.53968299331848,-31.97614984274317,3.21,1.45,1.0,64.0,-36.0,88.9,2682.0,6.4,746389,661388,641343,668930,687401,642715,694192,663368,686217,54.1,,,,,,,,69,3,Knuckle Curve,2,4,2,4,4,2,2,4,Standard,Strategic,29.0,0.0,0.0,51.0,8.2,,,0.0,88.0,-2,-2,0.034,0.034,30,25,31,26,1,3,4,1,2,2.0,3.0,-0.4,-0.4,57.5,19.095831178345943,4.371293213346301,33.03841094335714,51.30341122376548,33.23162409059677,pitcher
KC,2024-05-18,89.0,-0.05,6.66,"Megill, Trevor",673237,656730,,swinging_strike,,,,,14.0,,R,R,R,HOU,MIL,S,,,0,1,2024,0.41,-0.43,1.2910298963930846,0.3622098324890155,,,,1,9,Bot,,,,,,,2.435888896133465,-129.36610459087927,-8.517888689545881,4.057974867341701,27.279551863892426,-35.43687888957692,3.21,1.45,,,,89.3,2668.0,6.6,746389,661388,641343,668930,687401,642715,694192,663368,686217,53.94,,,,,,,,69,2,Knuckle Curve,2,4,2,4,4,2,2,4,Standard,Strategic,1.0,-0.008,-0.057,61.5,8.6,7.874093124,,0.057,,-2,-2,0.042,0.042,30,25,31,26,1,3,4,1,2,2.0,3.32,-0.41,-0.41,55.5,17.768059853313826,-5.077236030564881,35.356623217976804,52.16216769459593,38.042618475665016,pitcher
FF,2024-05-18,99.2,-0.11,6.73,"Megill, Trevor",673237,656730,,foul,,,,,6.0,,R,R,R,HOU,MIL,S,,,0,0,2024,-0.58,1.63,0.4967176621478497,2.244659388824429,,,,1,9,Bot,,,,,,,3.026789952552852,-144.0085614348198,-10.631218306217171,-8.739770251433118,35.786136889945546,-7.193068585747116,3.21,1.45,332.0,101.4,16.0,99.2,2553.0,6.6,746389,661388,641343,668930,687401,642715,694192,663368,686217,53.93,,,,,,,,69,1,4-Seam Fastball,2,4,2,4,4,2,2,4,Standard,Standard,199.0,-0.005,-0.037,69.2,6.8,,,0.037,101.4,-2,-2,0.047,0.047,30,25,31,26,1,3,4,1,2,2.0,0.71,0.58,0.58,54.1,-9.011537011289818,29.672484164940094,30.035143685857584,42.63932148194849,16.05994441072935,pitcher
FF,2024-05-18,99.7,0.01,6.69,"Megill, Trevor",572138,656730,strikeout,called_strike,,,,,8.0,Jon Singleton called out on strikes.,R,L,R,HOU,MIL,S,2.0,,2,2,2024,-0.47,1.69,0.1936940305344375,1.518790934468618,,,,0,9,Bot,,,,,,,1.6184603002686857,-144.64308414157014,-12.793883190646676,-6.951448023846496,34.890350133594445,-5.624359825995865,3.1881496122858,1.33698544272754,,,,99.8,2548.0,6.6,746389,661388,641343,668930,687401,642715,694192,663368,686217,53.91,,0.0,0.0,1.0,0.0,0.0,,68,6,4-Seam Fastball,2,4,2,4,4,2,2,4,Strategic,Standard,198.0,-0.041,-0.227,,,,,0.227,,-2,-2,0.088,0.088,30,32,31,33,1,3,4,1,2,1.0,0.62,0.47,-0.47,53.1,,,,,,pitcher
KC,2024-05-18,88.0,-0.17,6.71,"Megill, Trevor",572138,656730,,foul,,,,,7.0,,R,L,R,HOU,MIL,S,,,2,2,2024,-0.03,-0.37,-0.4948799649345448,1.9713673710519155,,,,0,9,Bot,,,,,,,-0.7361764227571889,-128.11303873805352,-4.625687746723099,-0.1375430644030513,27.084756308821703,-35.44239743171402,3.24,1.49,91.0,62.9,14.0,88.2,2639.0,6.4,746389,661388,641343,668930,687401,642715,694192,663368,686217,54.09,,,,,,,,68,5,Knuckle Curve,2,4,2,4,4,2,2,4,Strategic,Standard,32.0,0.0,0.0,72.7,7.1,,,0.0,88.0,-2,-2,0.088,0.088,30,32,31,33,1,3,4,1,2,1.0,3.31,0.03,-0.03,57.5,8.419365763037108,-10.589988018467848,26.958276904486496,45.3226862306316,34.143004617599985,pitcher
FF,2024-05-18,99.2,-0.02,6.74,"Megill, Trevor",572138,656730,,foul,,,,,5.0,,R,L,R,HOU,MIL,S,,,2,1,2024,-0.55,1.67,0.0377624834648556,2.327293802368145,,,,0,9,Bot,,,,,,,1.4439223045788825,-144.00739857490348,-10.517159417545011,-7.90193164361025,36.74986083476167,-6.6048456589988245,3.24,1.49,,,,99.1,2592.0,6.6,746389,661388,641343,668930,687401,642715,694192,663368,686217,53.92,,,,,,,,68,4,4-Seam Fastball,2,4,2,4,4,2,2,4,Strategic,Standard,203.0,-0.017,-0.069,75.2,6.8,,,0.069,,-2,-2,0.105,0.105,30,32,31,33,1,3,4,1,2,1.0,0.67,0.55,-0.55,60.5,2.949145204804492,-0.2169598107150452,30.820801931270523,39.28094085220035,25.30923027290013,pitcher
FF,2024-05-18,99.0,-0.19,6.76,"Megill, Trevor",572138,656730,,foul,,,,,1.0,,R,L,R,HOU,MIL,S,,,2,0,2024,-0.52,1.6,-0.2825454994876861,3.0019817964685958,,,,0,9,Bot,,,,,,,0.95010663334387,-143.91509300568532,-8.548797004403191,-7.386371122865287,34.78280883125601,-8.113426781939552,3.24,1.49,165.0,79.2,71.0,99.0,2576.0,6.4,746389,661388,641343,668930,687401,642715,694192,663368,686217,54.07,,,,,,,,68,3,4-Seam Fastball,2,4,2,4,4,2,2,4,Strategic,Standard,201.0,-0.019,-0.065,70.5,6.5,,,0.065,88.0,-2,-2,0.124,0.124,30,32,31,33,1,3,4,1,2,1.0,0.73,0.52,-0.52,51.7,7.660323389158481,1.0554825651822113,20.693895825562397,42.202395341413066,24.000068578327177,pitcher
FF,2024-05-18,98.5,-0.08,6.77,"Megill, Trevor",572138,656730,,ball,,,,,11.0,,R,L,R,HOU,MIL,B,,,1,0,2024,-0.7,1.6,-0.4296097698888707,3.766568503919743,,,,0,9,Bot,,,,,,,0.6707944153094627,-143.3138194285133,-6.397363840987871,-9.742505077338496,35.653706668560346,-8.874989873497528,3.09360334762592,1.40905655258379,,,,98.5,2524.0,6.5,746389,661388,641343,668930,687401,642715,694192,663368,686217,54.01,,,,,,,,68,2,4-Seam Fastball,2,4,2,4,4,2,2,4,Strategic,Standard,202.0,0.019,0.069,,,,,-0.069,,-2,-2,0.105,0.105,30,32,31,33,1,3,4,1,2,1.0,0.76,0.7,-0.7,52.7,,,,,,pitcher
KC,2024-05-18,88.7,-0.17,6.76,"Megill, Trevor",572138,656730,,ball,,,,,12.0,,R,L,R,HOU,MIL,B,,,0,0,2024,0.57,-0.26,1.217049275935568,2.631207190833733,,,,0,9,Bot,,,,,,,2.21929916539699,-129.1501592547728,-3.4741039039241457,5.839712748674105,28.112484716502287,-34.53252512346278,3.09653976330974,1.37870668061777,,,,88.7,2738.0,6.3,746389,661388,641343,668930,687401,642715,694192,663368,686217,54.16,,,,,,,,68,1,Knuckle Curve,2,4,2,4,4,2,2,4,Strategic,Standard,19.0,0.01,0.038,,,,,-0.038,,-2,-2,0.095,0.095,30,32,31,33,1,3,4,1,2,1.0,3.16,-0.57,0.57,53.4,,,,,,pitcher
FF,2024-05-14,96.1,-0.3,6.52,"Megill, Trevor",669261,656730,strikeout,swinging_strike,,,,,11.0,Jack Suwinski strikes out swinging.,R,L,R,MIL,PIT,S,2.0,,3,2,2024,-0.67,1.46,-0.9392179190273235,2.6234746982493435,,,,2,9,Top,,,,,,,-0.1823393733582518,-139.76353875075023,-8.1109149404979,-8.722249374330419,30.57938776614567,-11.426358406112332,3.57,1.66,,,,96.9,2387.0,6.7,745989,661388,641343,668930,687401,642715,592885,686217,694192,53.81,,0.0,0.0,1.0,0.0,0.0,,67,6,4-Seam Fastball,4,3,3,4,3,4,3,4,Strategic,Standard,204.0,0.043,-0.325,70.1,6.5,1.021979244,,0.325,,1,-1,0.957,0.043,30,25,31,26,1,3,3,1,4,2.0,1.0,0.67,-0.67,53.6,-10.791560733545206,21.767997070208292,32.58745449415265,43.95529788110077,10.370768385687915,pitcher
FF,2024-05-14,98.4,-0.32,6.54,"Megill, Trevor",669261,656730,,swinging_strike,,,,,1.0,,R,L,R,MIL,PIT,S,,,3,1,2024,-0.55,1.64,-0.4895451825050515,3.10487168745948,,,,2,9,Top,,,,,,,0.8380910991426386,-143.22738683767702,-7.74117185228796,-7.812174253692768,32.4557920647811,-7.99540777356238,3.57,1.66,,,,99.2,2521.0,6.7,745989,661388,641343,668930,687401,642715,592885,686217,694192,53.81,,,,,,,,67,5,4-Seam Fastball,4,3,3,4,3,4,3,4,Standard,Standard,201.0,0.011,-0.089,74.9,7.0,1.720237092,,0.089,,1,-1,0.946,0.054,30,25,31,26,1,3,3,1,4,2.0,0.71,0.55,-0.55,52.9,4.725842766322784,3.609222656097649,30.782867645942908,38.16195182542046,23.016111024555837,pitcher
FF,2024-05-14,97.6,-0.29,6.54,"Megill, Trevor",669261,656730,,ball,,,,,11.0,,R,L,R,MIL,PIT,B,,,2,1,2024,-0.78,1.49,-0.833447286903148,3.88654677495527,,,,2,9,Top,,,,,,,0.3432667931615077,-142.1375584964409,-5.127127857377683,-10.7043371714084,32.28382925169711,-10.96993066964322,3.57050068638338,1.60409378840385,,,,98.4,2461.0,6.7,745989,661388,641343,668930,687401,642715,592885,686217,694192,53.84,,,,,,,,67,4,4-Seam Fastball,4,3,3,4,3,4,3,4,Standard,Standard,205.0,-0.013,0.112,,,,,-0.112,,1,-1,0.959,0.041,30,25,31,26,1,3,3,1,4,2.0,0.89,0.78,-0.78,53.9,,,,,,pitcher
FF,2024-05-14,98.5,-0.31,6.49,"Megill, Trevor",669261,656730,,swinging_strike,,,,,2.0,,R,L,R,MIL,PIT,S,,,2,0,2024,-0.57,1.53,-0.2348206682533952,3.519553405930156,,,,2,9,Top,,,,,,,1.5564575605157382,-143.45753834405906,-6.244018174891843,-8.266125969375912,32.75525253483857,-9.737887936823544,3.57,1.66,,,,99.2,2520.0,6.6,745989,661388,641343,668930,687401,642715,592885,686217,694192,53.88,,,,,,,,67,3,4-Seam Fastball,4,3,3,4,3,4,3,4,Standard,Standard,198.0,0.009,-0.061,72.6,6.7,1.791656388,,0.061,,1,-1,0.95,0.05,30,25,31,26,1,3,3,1,4,2.0,0.81,0.57,-0.57,57.0,4.289986298640619,7.305334022618489,29.40678849324241,36.53378239664556,21.799151002124734,pitcher
FF,2024-05-14,97.4,-0.44,6.56,"Megill, Trevor",669261,656730,,ball,,,,,11.0,,R,L,R,MIL,PIT,B,,,1,0,2024,-0.61,1.43,-0.985649479251798,3.5128726097422867,,,,2,9,Top,,,,,,,-0.0727007494386043,-141.85047072027297,-6.021901480098937,-8.191284010362201,31.30557520530529,-11.741006927862925,3.53638649741708,1.60180993709031,,,,98.5,2447.0,6.8,745989,661388,641343,668930,687401,642715,592885,686217,694192,53.74,,,,,,,,67,2,4-Seam Fastball,4,3,3,4,3,4,3,4,Standard,Standard,202.0,-0.009,0.068,,,,,-0.068,,1,-1,0.959,0.041,30,25,31,26,1,3,3,1,4,2.0,0.97,0.61,-0.61,54.3,,,,,,pitcher
KC,2024-05-14,88.4,-0.36,6.55,"Megill, Trevor",669261,656730,,ball,,,,,12.0,,R,L,R,MIL,PIT,B,,,0,0,2024,0.16,-0.08,1.0637464791774165,2.6790371234190213,,,,2,9,Top,,,,,,,3.153906071104184,-128.8557703492569,-3.258452269930926,1.180707547807107,25.15867307210229,-32.630776828910136,3.57498038068211,1.65029403772154,,,,89.2,2637.0,6.5,745989,661388,641343,668930,687401,642715,592885,686217,694192,53.97,,,,,,,,67,1,Knuckle Curve,4,3,3,4,3,4,3,4,Standard,Standard,26.0,-0.004,0.04,,,,,-0.04,,1,-1,0.963,0.037,30,25,31,26,1,3,3,1,4,2.0,2.97,-0.16,0.16,54.7,,,,,,pitcher
FF,2024-05-14,97.3,-0.32,6.49,"Megill, Trevor",656582,656730,home_run,hit_into_play,,,,,1.0,Connor Joe homers (6) on a fly ball to left field.,R,R,R,MIL,PIT,X,,fly_ball,3,2,2024,-0.65,1.57,-0.377178096581947,3.3532316669220594,,,,2,9,Top,38.8,71.9,,,,,1.350015244807333,-141.62415489903813,-6.5268796212515205,-9.018535291044564,34.03951056274373,-9.802445506425842,3.24,1.55,380.0,100.4,37.0,97.8,2577.0,6.7,745989,661388,641343,668930,687401,642715,592885,686217,694192,53.8,0.275,0.5395000000000001,2.0,1.0,0.0,3.0,5.0,66,8,4-Seam Fastball,4,2,2,4,3,4,3,4,Infield shade,Standard,200.0,-0.021,2.525,72.0,7.1,,1.067,-2.525,100.4,2,-2,0.984,0.016,30,31,31,32,1,3,3,2,4,1.0,0.85,0.65,0.65,53.7,13.013869104189036,-14.482818220583104,21.275190621433143,33.17652691928645,38.99043727433215,pitcher
FF,2024-05-14,98.6,-0.33,6.44,"Megill, Trevor",656582,656730,,foul,,,,,11.0,,R,R,R,MIL,PIT,S,,,3,2,2024,-0.59,1.58,-0.9720490287448776,2.754134763032813,,,,2,9,Top,,,,,,,-0.3819868584477504,-143.40820693698245,-8.229765614546729,-7.966155783953806,36.674155636130365,-8.682079605860752,3.24,1.55,302.0,99.4,22.0,98.9,2633.0,6.7,745989,661388,641343,668930,687401,642715,592885,686217,694192,53.79,,,,,,,,66,7,4-Seam Fastball,4,2,2,4,2,4,2,4,Standard,Standard,203.0,0.0,0.0,74.8,7.3,,,0.0,99.4,2,-2,0.984,0.016,30,31,31,32,1,3,3,2,4,1.0,0.79,0.59,0.59,52.5,18.783837734850856,-29.95554790284769,26.42730143646656,25.93743153113697,41.70818890615221,pitcher
KC,2024-05-14,89.4,-0.43,6.48,"Megill, Trevor",656582,656730,,ball,,,,,14.0,,R,R,R,MIL,PIT,B,,,2,2,2024,0.13,-0.32,1.8426258960938755,0.9818216061432437,,,,2,9,Top,,,,,,,5.360881249640983,-129.96585469896468,-6.928439275695722,0.4099800552960713,26.819400504977654,-34.51732542907894,3.12736018650968,1.44155914093979,,,,90.3,2633.0,6.9,745989,661388,641343,668930,687401,642715,592885,686217,694192,53.63,,,,,,,,66,6,Knuckle Curve,4,2,2,4,2,4,2,4,Standard,Standard,32.0,-0.006,0.106,,,,,-0.106,,2,-2,0.99,0.01,30,31,31,32,1,3,3,2,4,1.0,3.17,-0.13,-0.13,56.0,,,,,,pitcher
FF,2024-05-14,100.0,0.04,6.62,"Megill, Trevor",656582,656730,,ball,,,,,12.0,,R,R,R,MIL,PIT,B,,,1,2,2024,-0.7,1.41,0.2076458963356419,4.350475556778056,,,,2,9,Top,,,,,,,2.12436139941731,-145.54195117818142,-4.231923940395977,-10.375966641961034,35.13069859068169,-11.300504567500012,3.15148267383844,1.46561168591897,,,,100.5,2540.0,6.6,745989,661388,641343,668930,687401,642715,592885,686217,694192,53.89,,,,,,,,66,5,4-Seam Fastball,4,2,2,4,2,4,2,4,Standard,Standard,204.0,-0.002,0.039,,,,,-0.039,,2,-2,0.992,0.008,30,31,31,32,1,3,3,2,4,1.0,0.87,0.7,0.7,61.5,,,,,,pitcher
FF,2024-05-14,98.2,-0.22,6.51,"Megill, Trevor",656582,656730,,foul,,,,,8.0,,R,R,R,MIL,PIT,S,,,1,2,2024,-0.65,1.57,0.2044137040239433,1.6533234298923167,,,,2,9,Top,,,,,,,2.6795496901873515,-142.65780233283638,-11.399633186095832,-9.53719938546097,33.0482490760821,-8.252202516538807,3.24,1.55,147.0,71.4,15.0,99.0,2562.0,6.8,745989,661388,641343,668930,687401,642715,592885,686217,694192,53.68,,,,,,,,66,4,4-Seam Fastball,4,2,2,4,2,4,2,4,Standard,Standard,208.0,0.0,0.0,44.4,6.6,,,0.0,88.0,2,-2,0.992,0.008,30,31,31,32,1,3,3,2,4,1.0,0.8,0.65,0.65,54.2,-11.105367436647557,24.788463498220047,41.47416661494551,40.73104815676104,12.88727330854576,pitcher
FF,2024-05-14,98.0,-0.31,6.55,"Megill, Trevor",656582,656730,,swinging_strike,,,,,4.0,,R,R,R,MIL,PIT,S,,,1,1,2024,-0.67,1.53,-0.6399139431821802,2.2547220313716383,,,,2,9,Top,,,,,,,0.6718772036118141,-142.43305040555512,-9.679443109678282,-9.309230135248407,33.08243934388939,-9.369825814550596,3.24,1.55,,,,98.6,2574.0,6.7,745989,661388,641343,668930,687401,642715,592885,686217,694192,53.81,,,,,,,,66,3,4-Seam Fastball,4,2,2,4,2,4,2,4,Standard,Standard,209.0,0.003,-0.064,72.7,6.9,1.15284366,,0.064,,2,-2,0.989,0.011,30,31,31,32,1,3,3,2,4,1.0,0.85,0.67,0.67,52.0,4.415574816617066,-0.8689373765235613,39.30824808106611,29.74416101697073,29.486003832693896,pitcher
KC,2024-05-14,87.5,-0.42,6.5,"Megill, Trevor",656582,656730,,ball,,,,,14.0,,R,R,R,MIL,PIT,B,,,0,1,2024,0.12,-0.53,0.1497166894989991,1.122868525641869,,,,2,9,Top,,,,,,,1.1300889144204016,-127.42976348065314,-5.831308302217049,1.1546846893025242,23.40884878706485,-37.14462767593498,3.18995511381964,1.55256419712501,,,,88.3,2776.0,6.5,745989,661388,641343,668930,687401,642715,592885,686217,694192,53.99,,,,,,,,66,2,Knuckle Curve,4,2,2,4,2,4,2,4,Standard,Standard,32.0,-0.001,0.029,,,,,-0.029,,2,-2,0.99,0.01,30,31,31,32,1,3,3,2,4,1.0,3.48,-0.12,-0.12,51.3,,,,,,pitcher
KC,2024-05-14,87.2,-0.44,6.49,"Megill, Trevor",656582,656730,,swinging_strike,,,,,8.0,,R,R,R,MIL,PIT,S,,,0,0,2024,-0.03,-0.53,0.237367499309109,1.5045101452554563,,,,2,9,Top,,,,,,,1.7016574601948895,-127.0122049775405,-4.834863923430411,-0.6378192535528575,24.20223662862715,-37.186743063777016,3.24,1.55,,,,88.2,2695.0,6.7,745989,661388,641343,668930,687401,642715,592885,686217,694192,53.81,,,,,,,,66,1,Knuckle Curve,4,2,2,4,2,4,2,4,Standard,Standard,28.0,0.002,-0.041,72.0,8.2,4.479238704,,0.041,,2,-2,0.988,0.012,30,31,31,32,1,3,3,2,4,1.0,3.5,0.03,0.03,55.0,19.24786148713193,-22.730404751346686,31.68988344331857,39.45646356825533,48.54293911530306,pitcher
KC,2024-05-14,88.8,-0.39,6.58,"Megill, Trevor",665833,656730,strikeout,swinging_strike,,,,,8.0,Oneil Cruz strikes out swinging.,R,L,R,MIL,PIT,S,2.0,,1,2,2024,0.06,-0.58,-0.1304562842340759,1.9317044590752903,,,,1,9,Top,,,,,,,0.5267346292073001,-129.3526677766649,-4.188443278397696,0.5251527283180802,25.01932403736843,-38.10469129228244,3.84,1.76,,,,89.5,2807.0,6.5,745989,661388,641343,668930,687401,642715,592885,686217,694192,54.02,,0.0,0.0,1.0,0.0,0.0,,65,5,Knuckle Curve,4,2,2,4,2,4,2,4,Strategic,Strategic,36.0,0.018,-0.182,74.2,8.5,0.513812784,,0.182,,2,-2,0.97,0.03,30,25,31,26,1,3,3,1,4,1.0,3.45,-0.06,0.06,54.7,15.00038978523503,-25.60301610016092,25.964873956395717,39.18381485978059,53.83817717844119,pitcher
FF,2024-05-14,98.4,-0.29,6.58,"Megill, Trevor",665833,656730,,foul,,,,,11.0,,R,L,R,MIL,PIT,S,,,1,2,2024,-0.81,1.51,-1.0105516666357004,3.4164416021390744,,,,1,9,Top,,,,,,,-0.0767321977674827,-143.08095621014766,-6.597691683939708,-11.021223257800695,36.476757181594,-10.108620627295604,3.84,1.76,177.0,80.8,64.0,98.4,2529.0,6.6,745989,661388,641343,668930,687401,642715,592885,686217,694192,53.91,,,,,,,,65,4,4-Seam Fastball,4,2,2,4,2,4,2,4,Strategic,Strategic,204.0,0.0,0.0,73.6,7.5,,,0.0,88.0,2,-2,0.97,0.03,30,25,31,26,1,3,3,1,4,1.0,0.87,0.81,-0.81,57.2,-5.961891174893338,-0.3553945159526129,25.95787770392823,51.47269280705495,25.39897179602326,pitcher
FF,2024-05-14,98.6,-0.29,6.58,"Megill, Trevor",665833,656730,,swinging_strike,,,,,2.0,,R,L,R,MIL,PIT,S,,,1,1,2024,-0.69,1.49,-0.0170505143986913,3.833925779780429,,,,1,9,Top,,,,,,,2.365866901842666,-143.4830288697343,-5.482851217141401,-10.022708520604212,35.94568006281496,-10.59375802602908,3.84,1.76,,,,99.0,2485.0,6.7,745989,661388,641343,668930,687401,642715,592885,686217,694192,53.82,,,,,,,,65,3,4-Seam Fastball,4,2,2,4,2,4,2,4,Standard,Standard,202.0,0.006,-0.061,77.3,6.4,0.737072616,,0.061,,2,-2,0.964,0.036,30,25,31,26,1,3,3,1,4,1.0,0.87,0.69,-0.69,53.5,0.4253236832461755,16.39266823638293,23.677966437232715,38.41934380258939,20.79891990325038,pitcher
KC,2024-05-14,88.0,-0.51,6.53,"Megill, Trevor",665833,656730,,called_strike,,,,,9.0,,R,L,R,MIL,PIT,S,,,1,0,2024,0.16,-0.34,0.3012502788664331,2.2339005373299816,,,,1,9,Top,,,,,,,1.6376414991268915,-128.21621451662512,-3.634233562200383,1.4168384962258942,26.71423655188119,-35.34732782876616,3.97583474623698,1.85107958373705,,,,88.4,2631.0,6.5,745989,661388,641343,668930,687401,642715,592885,686217,694192,53.99,,,,,,,,65,2,Knuckle Curve,4,2,2,4,2,4,2,4,Standard,Standard,11.0,0.006,-0.051,,,,,0.051,,2,-2,0.958,0.042,30,25,31,26,1,3,3,1,4,1.0,3.27,-0.16,0.16,52.4,,,,,,pitcher
FF,2024-05-14,98.0,-0.46,6.5,"Megill, Trevor",665833,656730,,ball,,,,,13.0,,R,L,R,MIL,PIT,B,,,0,0,2024,-0.78,1.44,-1.1262267079025494,1.5517201801587963,,,,1,9,Top,,,,,,,0.0051588703793908,-142.3054027661207,-11.19883116705447,-10.56088799938978,35.632296261692055,-10.188932650518945,3.98713328232787,1.86266741683264,,,,98.1,2513.0,6.7,745989,661388,641343,668930,687401,642715,592885,686217,694192,53.81,,,,,,,,65,1,4-Seam Fastball,4,2,2,4,2,4,2,4,Standard,Standard,205.0,-0.005,0.039,,,,,-0.039,,2,-2,0.963,0.037,30,25,31,26,1,3,3,1,4,1.0,0.96,0.78,-0.78,49.5,,,,,,pitcher
KC,2024-05-14,87.7,-0.36,6.57,"Megill, Trevor",668804,656730,field_out,hit_into_play,,,,,3.0,Bryan Reynolds pops out to first baseman Jake Bauers.,R,L,R,MIL,PIT,X,3.0,popup,2,2,2024,0.19,-0.37,0.3234288534404293,2.679853238004237,,,,0,9,Top,140.1,184.47,,,,,1.2700941371748884,-127.74097804866736,-2.5453275627210648,1.8643772634158269,25.68432581891313,-35.96350917332892,3.1,1.49,63.0,94.0,74.0,88.5,2643.0,6.7,745989,661388,641343,668930,687401,642715,592885,686217,694192,53.81,0.005,0.005,0.0,1.0,0.0,0.0,3.0,64,5,Knuckle Curve,4,2,2,4,2,4,2,4,Strategic,Standard,28.0,0.033,-0.227,74.8,7.4,,0.005,0.227,94.0,2,-2,0.93,0.07,30,29,31,29,1,3,3,1,4,1.0,3.32,-0.19,0.19,55.4,23.48299724774715,-20.01574533970989,35.50658186531209,32.53779934784093,39.07200915309001,pitcher
FF,2024-05-14,98.5,-0.42,6.51,"Megill, Trevor",668804,656730,,ball,,,,,13.0,,R,L,R,MIL,PIT,B,,,1,2,2024,-0.59,1.56,-2.017694442508244,1.991420678579016,,,,0,9,Top,,,,,,,-2.983010486465226,-143.16458374004424,-10.49835284484824,-7.442030650843082,32.36492205092749,-8.46358319962143,3.0533490670822,1.51858366498198,,,,99.0,2507.0,6.6,745989,661388,641343,668930,687401,642715,592885,686217,694192,53.91,,,,,,,,64,4,4-Seam Fastball,4,2,2,4,2,4,2,4,Strategic,Standard,206.0,-0.006,0.04,,,,,-0.04,,2,-2,0.936,0.064,30,29,31,29,1,3,3,1,4,1.0,0.79,0.59,-0.59,51.7,,,,,,pitcher
FF,2024-05-14,98.6,-0.28,6.48,"Megill, Trevor",668804,656730,,ball,,,,,11.0,,R,L,R,MIL,PIT,B,,,0,2,2024,-0.51,1.54,-0.7288733404665335,3.759245275865808,,,,0,9,Top,,,,,,,-0.0539714062452353,-143.53780536498175,-5.567530003466519,-6.998004384792746,31.9082782814021,-9.834319076999092,3.01470027416494,1.44766210480147,,,,99.5,2465.0,6.6,745989,661388,641343,668930,687401,642715,592885,686217,694192,53.85,,,,,,,,64,3,4-Seam Fastball,4,2,2,4,2,4,2,4,Strategic,Standard,200.0,-0.004,0.023,,,,,-0.023,,2,-2,0.94,0.06,30,29,31,29,1,3,3,1,4,1.0,0.8,0.51,-0.51,53.5,,,,,,pitcher
FF,2024-05-14,98.1,-0.37,6.6,"Megill, Trevor",668804,656730,,called_strike,,,,,11.0,,R,L,R,MIL,PIT,S,,,0,1,2024,-0.35,1.49,-0.5400562658336188,3.259340191477505,,,,0,9,Top,,,,,,,0.3525891497980816,-142.79595131429562,-7.083858207742753,-4.863790394702432,31.65195766622271,-10.32617432970155,3.10176244243208,1.47816596213947,,,,99.0,2318.0,6.7,745989,661388,641343,668930,687401,642715,592885,686217,694192,53.8,,,,,,,,64,2,4-Seam Fastball,4,2,2,4,2,4,2,4,Standard,Standard,205.0,0.01,-0.054,,,,,0.054,,2,-2,0.93,0.07,30,29,31,29,1,3,3,1,4,1.0,0.87,0.35,-0.35,52.5,,,,,,pitcher
KC,2024-05-14,87.4,-0.53,6.58,"Megill, Trevor",668804,656730,,foul,,,,,8.0,,R,L,R,MIL,PIT,S,,,0,0,2024,0.16,-0.43,0.1924523182830801,1.8659728161170324,,,,0,9,Top,,,,,,,1.4313839300404254,-127.36365343968755,-4.397860974588798,1.4134107549319497,25.12519185779932,-36.22069086414387,3.1,1.49,3.0,82.1,-31.0,88.2,2674.0,6.6,745989,661388,641343,668930,687401,642715,592885,686217,694192,53.9,,,,,,,,64,1,Knuckle Curve,4,2,2,4,2,4,2,4,Standard,Standard,30.0,0.006,-0.037,68.0,7.2,,,0.037,88.0,2,-2,0.924,0.076,30,29,31,29,1,3,3,1,4,1.0,3.4,-0.16,0.16,52.8,11.406280405768712,-2.707878107102456,38.77479036953073,33.31778424292102,26.365386199739238,pitcher
FF,2024-05-11,97.6,-0.32,6.52,"Megill, Trevor",571448,656730,field_out,hit_into_play,,,,,3.0,Nolan Arenado lines out to left fielder Jackson Chourio.,R,R,R,MIL,STL,X,7.0,line_drive,3,1,2024,-0.44,1.52,0.7435517475069878,2.9091237713113025,,663457.0,502671.0,2,9,Top,47.55,89.15,,,,,3.9005074600896905,-142.00124611302033,-7.769370798755279,-6.807189424196645,32.21141407230633,-10.001861112940755,3.37,1.62,333.0,97.1,21.0,98.4,2562.0,6.7,745994,661388,656555,668930,687401,642715,694192,663368,641343,53.76,0.261,0.312,0.0,1.0,0.0,0.0,4.0,77,5,4-Seam Fastball,5,3,3,5,3,5,3,5,Standard,Strategic,199.0,0.106,-0.371,65.3,8.7,,0.495,0.371,97.1,2,-2,0.894,0.106,30,33,31,33,1,4,4,1,3,2.0,0.87,0.44,0.44,54.5,18.168381540729325,-7.556970491971308,25.74656016354706,47.43733911339323,35.49049439240832,pitcher
FF,2024-05-11,98.5,-0.34,6.59,"Megill, Trevor",571448,656730,,called_strike,,,,,2.0,,R,R,R,MIL,STL,S,,,3,0,2024,-0.38,1.64,-0.1157855724935974,3.3910386047068157,,663457.0,502671.0,2,9,Top,,,,,,,1.4952606557119843,-143.29196029655688,-7.076339981585506,-5.566113877540309,32.79122406587007,-8.110702030287031,3.55202339315364,1.8115542307683,,,,99.1,2489.0,6.6,745994,661388,656555,668930,687401,642715,694192,663368,641343,53.86,,,,,,,,77,4,4-Seam Fastball,5,3,3,5,3,5,3,5,Standard,Strategic,201.0,0.014,-0.058,,,,,0.058,,2,-2,0.88,0.12,30,33,31,33,1,4,4,1,3,2.0,0.71,0.38,0.38,55.4,,,,,,pitcher
FF,2024-05-11,98.3,-0.37,6.43,"Megill, Trevor",571448,656730,,ball,,,,,11.0,,R,R,R,MIL,STL,B,,,2,0,2024,-0.89,1.36,-0.7973972405309915,4.610919234770209,,663457.0,502671.0,2,9,Top,,,,,,,0.903215336870017,-143.1890819199324,-2.612666575568236,-12.373012641086648,34.89073165794216,-13.19273799674813,3.53382939427052,1.82824798191735,,,,98.8,2489.0,6.6,745994,661388,656555,668930,687401,642715,694192,663368,641343,53.88,,,,,,,,77,3,4-Seam Fastball,5,3,3,5,3,5,3,5,Standard,Strategic,206.0,-0.021,0.08,,,,,-0.08,,2,-2,0.901,0.099,30,33,31,33,1,4,4,1,3,2.0,1.01,0.89,0.89,54.7,,,,,,pitcher
KC,2024-05-11,88.6,-0.5,6.5,"Megill, Trevor",571448,656730,,ball,,,,,13.0,,R,R,R,MIL,STL,B,,,1,0,2024,-0.09,-0.42,-1.1477222597928682,2.4673148934904647,,663457.0,502671.0,2,9,Top,,,,,,,-1.40915291409176,-129.01141971106054,-2.929247695263416,-0.6872237751052022,26.43043314642613,-36.46080825018519,3.32743369854105,1.6556403265773,,,,89.1,2626.0,6.5,745994,661388,656555,668930,687401,642715,694192,663368,641343,54.0,,,,,,,,77,2,Knuckle Curve,5,3,3,5,3,5,3,5,Standard,Strategic,19.0,-0.014,0.044,,,,,-0.044,,2,-2,0.915,0.085,30,33,31,33,1,4,4,1,3,2.0,3.31,0.09,0.09,51.2,,,,,,pitcher
KC,2024-05-11,88.7,-0.34,6.57,"Megill, Trevor",571448,656730,,ball,,,,,14.0,,R,R,R,MIL,STL,B,,,0,0,2024,0.01,-0.37,1.0430047467355308,2.4915056453872517,,663457.0,502671.0,2,9,Top,,,,,,,3.394136356006064,-129.21558600737612,-3.197608088655836,-0.5866142181493601,25.911703198335644,-35.897050378784535,3.47684339827606,1.78024188338738,,,,89.5,2716.0,6.6,745994,661388,656555,668930,687401,642715,694192,663368,641343,53.87,,,,,,,,77,1,Knuckle Curve,5,3,3,5,3,5,3,5,Standard,Strategic,30.0,-0.007,0.026,,,,,-0.026,,2,-2,0.922,0.078,30,33,31,33,1,4,4,1,3,2.0,3.25,-0.01,-0.01,54.3,,,,,,pitcher
KC,2024-05-11,89.7,-0.35,6.51,"Megill, Trevor",502671,656730,single,hit_into_play,,,,,9.0,Paul Goldschmidt singles on a sharp line drive to right fielder Jake Bauers. Lars Nootbaar to 2nd.,R,R,R,MIL,STL,X,9.0,line_drive,1,1,2024,0.17,-0.35,0.4298694363809641,2.0459678760919187,,,663457.0,2,9,Top,186.62,118.95,,,,,1.5624306577930571,-130.68601387445102,-4.338106568010391,1.673610121408492,27.590579255958133,-35.48852541893636,3.48,1.56,182.0,103.3,9.0,90.4,2733.0,6.6,745994,661388,656555,668930,687401,642715,694192,663368,641343,53.87,0.753,0.725,0.9,1.0,1.0,0.0,4.0,76,3,Knuckle Curve,5,3,3,5,3,5,3,5,Standard,Strategic,14.0,-0.044,0.372,67.5,7.2,,0.89,-0.372,103.3,2,-2,0.966,0.034,30,36,31,37,1,4,4,1,3,1.0,3.18,-0.17,-0.17,54.1,3.3150010647810886,26.79706011808332,28.72731616438862,50.31161586550844,6.331858936029073,pitcher
KC,2024-05-11,88.4,-0.52,6.57,"Megill, Trevor",502671,656730,,called_strike,,,,,6.0,,R,R,R,MIL,STL,S,,,1,0,2024,0.1,-0.29,0.5087090589036389,2.944241785185635,,,663457.0,2,9,Top,,,,,,,2.295804990398836,-128.7419258361874,-2.190147693146627,0.698118650054899,26.290812462714285,-35.11824742799865,3.6185763552034,1.76818776745825,,,,89.0,2652.0,6.6,745994,661388,656555,668930,687401,642715,694192,663368,641343,53.94,,,,,,,,76,2,Knuckle Curve,5,3,3,5,3,5,3,5,Standard,Strategic,20.0,0.006,-0.048,,,,,0.048,,2,-2,0.96,0.04,30,36,31,37,1,4,4,1,3,1.0,3.19,-0.1,-0.1,52.8,,,,,,pitcher
FF,2024-05-11,99.7,-0.14,6.51,"Megill, Trevor",502671,656730,,ball,,,,,12.0,,R,R,R,MIL,STL,B,,,0,0,2024,-0.53,1.6,1.427678409439198,2.973593414986459,,,663457.0,2,9,Top,,,,,,,5.598291808595717,-144.96340969863724,-8.125346121948898,-8.830259655593242,34.870809179608635,-7.954198076600031,3.59853603995261,1.77570722293987,,,,100.4,2539.0,6.8,745994,661388,656555,668930,687401,642715,694192,663368,641343,53.74,,,,,,,,76,1,4-Seam Fastball,5,3,3,5,3,5,3,5,Standard,Strategic,199.0,-0.004,0.034,,,,,-0.034,,2,-2,0.964,0.036,30,36,31,37,1,4,4,1,3,1.0,0.71,0.53,0.53,53.8,,,,,,pitcher
FF,2024-05-11,100.3,-0.34,6.53,"Megill, Trevor",663457,656730,single,hit_into_play,,,,,1.0,Lars Nootbaar singles on a ground ball to shortstop Willy Adames.,R,L,R,MIL,STL,X,6.0,ground_ball,2,2,2024,-0.39,1.48,-0.4310039173114169,3.1326459079221656,,,,2,9,Top,99.49,150.9,,,,,0.6839446562253468,-145.84373410543702,-7.548124499577193,-5.689234454382253,36.28423752679535,-9.46534321282887,3.43,1.59,9.0,102.8,-18.0,100.7,2591.0,6.7,745994,661388,656555,668930,687401,642715,694192,663368,641343,53.84,0.176,0.192,0.9,1.0,1.0,0.0,2.0,75,7,4-Seam Fastball,5,3,3,5,3,5,3,5,Strategic,Strategic,197.0,-0.026,0.37,68.0,5.7,,0.178,-0.37,102.8,2,-2,0.99,0.01,30,26,31,27,1,4,4,1,3,1.0,0.8,0.39,-0.39,53.9,-2.596753227004089,30.138495850536884,20.288279089747217,43.78260493473114,15.681625888973189,pitcher
KC,2024-05-11,88.0,-0.25,6.51,"Megill, Trevor",663457,656730,,ball,,,,,14.0,,R,L,R,MIL,STL,B,,,1,2,2024,-0.01,-0.53,1.4448925278953204,0.8475616085059006,,,,2,9,Top,,,,,,,4.157989132950922,-128.0252130179333,-6.5243316707317485,-0.9837759551341624,27.460046421958708,-36.84420291709425,3.28315657542077,1.53662025040135,,,,88.4,2733.0,6.7,745994,661388,656555,668930,687401,642715,694192,663368,641343,53.84,,,,,,,,75,6,Knuckle Curve,5,3,3,5,3,5,3,5,Strategic,Strategic,11.0,-0.002,0.039,,,,,-0.039,,2,-2,0.992,0.008,30,26,31,27,1,4,4,1,3,1.0,3.49,0.01,-0.01,56.7,,,,,,pitcher
KC,2024-05-11,88.5,-0.31,6.56,"Megill, Trevor",663457,656730,,ball,,,,,14.0,,R,L,R,MIL,STL,B,,,0,2,2024,0.07,-0.62,0.7160872807385799,1.2511960747605864,,,,2,9,Top,,,,,,,2.374967077745484,-128.87013323723647,-5.5948517856969575,0.2756945796229017,27.92543277848376,-38.10478946997147,3.40368656975979,1.6875469487965,,,,88.9,2691.0,6.6,745994,661388,656555,668930,687401,642715,694192,663368,641343,53.89,,,,,,,,75,5,Knuckle Curve,5,3,3,5,3,5,3,5,Strategic,Strategic,20.0,-0.001,0.023,,,,,-0.023,,2,-2,0.993,0.007,30,26,31,27,1,4,4,1,3,1.0,3.54,-0.07,0.07,57.8,,,,,,pitcher
FF,2024-05-11,100.0,-0.33,6.51,"Megill, Trevor",663457,656730,,foul,,,,,4.0,,R,L,R,MIL,STL,S,,,0,2,2024,-0.74,1.62,-0.3369180393211825,2.718584648327722,,,,2,9,Top,,,,,,,1.763676420349604,-145.43269094774243,-8.963228724417752,-10.986387108087635,34.21548677063496,-7.247302983777775,3.43,1.59,233.0,78.5,46.0,100.7,2524.0,6.7,745994,661388,656555,668930,687401,642715,694192,663368,641343,53.81,,,,,,,,75,4,4-Seam Fastball,5,3,3,5,3,5,3,5,Strategic,Standard,203.0,0.0,0.0,65.5,6.4,,,0.0,88.0,2,-2,0.993,0.007,30,26,31,27,1,4,4,1,3,1.0,0.66,0.74,-0.74,56.4,-2.6162675396428523,10.877533557561684,29.83079080665744,43.57476190518858,18.778839523743294,pitcher
FF,2024-05-11,99.3,-0.12,6.52,"Megill, Trevor",663457,656730,,foul,,,,,6.0,,R,L,R,MIL,STL,S,,,0,2,2024,-0.77,1.43,0.3146771458638711,2.416021418683183,,,,2,9,Top,,,,,,,3.024014523341576,-144.26370784749287,-9.188529440244912,-11.38770559196434,36.13917694807672,-10.266516161488886,3.43,1.59,214.0,75.3,46.0,99.7,2530.0,6.8,745994,661388,656555,668930,687401,642715,694192,663368,641343,53.7,,,,,,,,75,3,4-Seam Fastball,5,3,3,5,3,5,3,5,Strategic,Standard,202.0,0.0,0.0,67.7,6.1,,,0.0,88.0,2,-2,0.993,0.007,30,26,31,27,1,4,4,1,3,1.0,0.91,0.77,-0.77,54.5,-4.525798477107577,9.470977396103889,35.024729564165405,34.79697457643765,22.863097787904856,pitcher
FF,2024-05-11,99.7,-0.22,6.56,"Megill, Trevor",663457,656730,,called_strike,,,,,5.0,,R,L,R,MIL,STL,S,,,0,1,2024,-0.89,1.45,0.1883740939274811,2.558164662117972,,,,2,9,Top,,,,,,,3.2137759877089485,-144.8762749123902,-9.016971724916209,-13.211932567969036,35.714482417158386,-9.827877057913708,3.41598873474635,1.64038474372401,,,,100.0,2561.0,6.7,745994,661388,656555,668930,687401,642715,694192,663368,641343,53.83,,,,,,,,75,2,4-Seam Fastball,5,3,3,5,3,5,3,5,Standard,Standard,202.0,0.003,-0.058,,,,,0.058,,2,-2,0.99,0.01,30,26,31,27,1,4,4,1,3,1.0,0.86,0.89,-0.89,53.6,,,,,,pitcher
KC,2024-05-11,88.9,-0.43,6.51,"Megill, Trevor",663457,656730,,called_strike,,,,,9.0,,R,L,R,MIL,STL,S,,,0,0,2024,0.07,-0.29,0.6824203813598151,1.8570583490885268,,,,2,9,Top,,,,,,,2.601196235591288,-129.41120032675946,-4.737330232438434,0.1834436893590097,28.55964368050151,-34.61606970564121,3.47940327574008,1.77047748441772,,,,89.2,2655.0,6.6,745994,661388,656555,668930,687401,642715,694192,663368,641343,53.92,,,,,,,,75,1,Knuckle Curve,5,3,3,5,3,5,3,5,Standard,Standard,13.0,0.002,-0.041,,,,,0.041,,2,-2,0.988,0.012,30,26,31,27,1,4,4,1,3,1.0,3.19,-0.07,0.07,58.0,,,,,,pitcher
FF,2024-05-11,98.6,-0.24,6.6,"Megill, Trevor",680977,656730,field_out,hit_into_play,,,,,2.0,Brendan Donovan pops out to third baseman Joey Ortiz.,R,L,R,MIL,STL,X,5.0,popup,1,1,2024,-0.55,1.78,0.2425159249799378,3.234341602878296,,,,1,9,Top,114.21,167.17,,,,,2.6275258618088944,-143.33494620351797,-7.84674636945872,-8.223213505635051,36.23295679798451,-5.980327805549688,3.3,1.59,94.0,82.6,72.0,98.9,2583.0,6.7,745994,661388,656555,668930,687401,642715,694192,663368,641343,53.79,0.003,0.002,0.0,1.0,0.0,0.0,3.0,74,3,4-Seam Fastball,5,3,3,5,3,5,3,5,Standard,Standard,196.0,0.024,-0.243,71.0,6.7,,0.003,0.243,88.0,2,-2,0.964,0.036,30,27,31,27,1,4,4,2,3,1.0,0.58,0.55,-0.55,54.7,13.429666308711427,-0.8435801097620386,23.882074324685,31.60735982367959,30.88344541003083,pitcher
FF,2024-05-11,98.8,-0.53,6.59,"Megill, Trevor",680977,656730,,foul,,,,,4.0,,R,L,R,MIL,STL,S,,,1,0,2024,-0.51,1.78,-0.4100907356691537,2.371396123265768,,,,1,9,Top,,,,,,,1.542090490158423,-143.5327062835341,-10.224360528405567,-7.419847146063467,35.054082645550885,-5.329623739481742,3.3,1.59,247.0,76.2,32.0,99.2,2594.0,6.7,745994,661388,656555,668930,687401,642715,694192,663368,641343,53.75,,,,,,,,74,2,4-Seam Fastball,5,3,3,5,3,5,3,5,Standard,Standard,203.0,0.006,-0.051,72.1,6.8,,,0.051,88.0,2,-2,0.958,0.042,30,27,31,27,1,4,4,2,3,1.0,0.57,0.51,-0.51,54.3,-1.003009248087638,9.425667594249958,32.12544065824,38.8439975974954,21.099488230544715,pitcher
FF,2024-05-11,97.6,-0.23,6.5,"Megill, Trevor",680977,656730,,ball,,,,,14.0,,R,L,R,MIL,STL,B,,,0,0,2024,-0.69,1.79,1.0763480122917128,0.9329317832091434,,,,1,9,Top,,,,,,,5.137458367533992,-141.42482110311633,-13.628375219993082,-10.496720674867817,33.87452339721238,-5.113044958087264,3.41357685059378,1.62389518681811,,,,98.0,2569.0,6.8,745994,661388,656555,668930,687401,642715,694192,663368,641343,53.66,,,,,,,,74,1,4-Seam Fastball,5,3,3,5,3,5,3,5,Standard,Standard,199.0,-0.005,0.039,,,,,-0.039,,2,-2,0.963,0.037,30,27,31,27,1,4,4,2,3,1.0,0.63,0.69,-0.69,54.8,,,,,,pitcher
FF,2024-05-11,97.2,-0.39,6.56,"Megill, Trevor",691026,656730,field_out,hit_into_play,,,,,2.0,Masyn Winn lines out to right fielder Jake Bauers.,R,R,R,MIL,STL,X,9.0,line_drive,0,0,2024,-0.7,1.71,-0.2004915598786482,3.1117274940202906,,,,0,9,Top,166.9,98.44,,,,,2.137217539740166,-141.36169519481885,-7.649798693055069,-9.919185695878245,33.64066667814005,-7.6781736004326175,3.51,1.58,272.0,91.2,16.0,97.7,2497.0,6.7,745994,661388,656555,668930,687401,642715,694192,663368,641343,53.8,0.876,0.847,0.0,1.0,0.0,0.0,4.0,73,1,4-Seam Fastball,5,3,3,5,3,5,3,5,Standard,Strategic,204.0,0.039,-0.254,65.4,6.2,,1.06,0.254,91.2,2,-2,0.924,0.076,30,22,31,22,1,3,4,1,3,2.0,0.71,0.7,0.7,53.1,-1.317621897743048,15.000332826924092,26.6224790202254,28.040793480395507,23.829023501249637,pitcher
FF,2024-05-07,98.3,-0.24,6.53,"Megill, Trevor",686469,656730,field_out,hit_into_play,,,,,1.0,"Vinnie Pasquantino grounds out, shortstop Willy Adames to first baseman Rhys Hoskins.",R,L,R,KC,MIL,X,6.0,ground_ball,0,2,2024,-0.55,1.51,-0.4085515936365386,3.498921150035708,,,,2,9,Bot,108.11,150.39,,,,,0.8269533056130972,-142.96719862654797,-6.230469407725255,-7.724401652304566,36.145785821268326,-10.325973091695577,3.43,1.62,59.0,100.7,0.0,98.7,2548.0,6.8,746315,661388,656555,668930,686554,642715,655316,663368,641343,53.73,0.458,0.446,0.0,1.0,0.0,0.0,4.0,82,3,4-Seam Fastball,5,6,5,6,6,5,5,6,Infield shade,Strategic,205.0,-0.047,-0.157,65.0,6.6,,0.547,0.157,100.7,-1,-1,0.047,0.047,30,26,31,27,1,4,4,1,4,1.0,0.87,0.55,-0.55,56.4,5.965344717989145,15.58892702888468,20.38651763663888,47.01531383917087,18.35678547706856,pitcher
KC,2024-05-07,87.3,-0.4,6.6,"Megill, Trevor",686469,656730,,swinging_strike,,,,,14.0,,R,L,R,KC,MIL,S,,,0,1,2024,0.21,-0.34,0.8382664331201751,1.251097342290579,,,,2,9,Bot,,,,,,,2.559357142765541,-127.15726136603796,-6.109801787166001,1.843174021015204,23.739077073912966,-34.97604981622118,3.43,1.62,,,,88.2,2769.0,6.6,746315,661388,656555,668930,686554,642715,655316,663368,641343,53.88,,,,,,,,82,2,Knuckle Curve,5,6,5,6,6,5,5,6,Infield shade,Strategic,22.0,0.0,-0.058,76.0,8.7,0.1,,0.058,,-1,-1,0.047,0.047,30,26,31,27,1,4,4,1,4,1.0,3.31,-0.21,0.21,55.6,23.670931094157755,-32.60177434040408,38.5557132441273,32.346751228487285,41.81472311349338,pitcher
FF,2024-05-07,99.0,-0.33,6.54,"Megill, Trevor",686469,656730,,called_strike,,,,,9.0,,R,L,R,KC,MIL,S,,,0,0,2024,-0.89,1.57,0.6377722205978787,1.752579559910289,,,,2,9,Bot,,,,,,,4.770634701024484,-143.77847826216507,-11.370634299784678,-13.510302629717025,33.97733372769254,-7.902602017288685,3.56917610638205,1.72998578017247,,,,99.6,2601.0,6.8,746315,661388,656555,668930,686554,642715,655316,663368,641343,53.72,,,,,,,,82,1,4-Seam Fastball,5,6,5,6,6,5,5,6,Infield shade,Strategic,204.0,0.0,-0.041,,,,,0.041,,-1,-1,0.047,0.047,30,26,31,27,1,4,4,1,4,1.0,0.77,0.89,-0.89,53.8,,,,,,pitcher
KC,2024-05-07,87.2,-0.24,6.61,"Megill, Trevor",677951,656730,field_out,hit_into_play,,,,,8.0,Bobby Witt Jr. flies out to right fielder Jake Bauers.,R,R,R,KC,MIL,X,9.0,fly_ball,0,1,2024,0.48,-0.54,0.0193550329110518,1.7160565490024426,,,,1,9,Bot,172.12,102.84,,,,,-0.3632673608701002,-127.02443025182458,-4.566916738068521,5.317063544986266,23.76808193813871,-37.36113585363445,3.48,1.65,266.0,82.1,34.0,87.8,2790.0,6.4,746315,661388,656555,668930,686554,642715,655316,663368,641343,54.06,0.026,0.025,0.0,1.0,0.0,0.0,3.0,81,2,Knuckle Curve,5,6,5,6,6,5,5,6,Standard,Standard,20.0,-0.058,-0.219,67.6,7.2,,0.036,0.219,88.0,-1,-1,0.105,0.105,30,24,31,24,1,4,4,1,4,1.0,3.51,-0.48,-0.48,56.4,7.616844191212342,-11.31136890330442,37.812222064882896,34.27759251067782,25.408510451601373,pitcher
KC,2024-05-07,88.1,-0.33,6.56,"Megill, Trevor",677951,656730,,swinging_strike,,,,,14.0,,R,R,R,KC,MIL,S,,,0,0,2024,0.22,-0.44,0.5463214303075863,1.3202681995598202,,,,1,9,Bot,,,,,,,1.6916963780665095,-128.34364577573723,-5.789757188203058,2.09394493647429,25.606881381445078,-36.10067246516007,3.48,1.65,,,,89.1,2764.0,6.8,746315,661388,656555,668930,686554,642715,655316,663368,641343,53.73,,,,,,,,81,1,Knuckle Curve,5,6,5,6,6,5,5,6,Standard,Standard,18.0,-0.01,-0.037,77.7,7.9,4.878391728,,0.037,,-1,-1,0.115,0.115,30,24,31,24,1,4,4,1,4,1.0,3.36,-0.22,-0.22,54.3,12.652529709313772,-17.363114984275004,31.05268907578192,40.45257917817038,35.17170464369157,pitcher
FF,2024-05-07,99.3,-0.19,6.59,"Megill, Trevor",672580,656730,strikeout,called_strike,,,,,9.0,Maikel Garcia called out on strikes.,R,R,R,KC,MIL,S,2.0,,0,2,2024,-0.65,1.66,0.5590532020763852,1.755182600692137,,,,0,9,Bot,,,,,,,3.5993970164964155,-144.14509670587094,-11.708995681958765,-9.91216190238477,36.61421787480232,-6.48748537737035,3.65216240510148,1.70301873205599,,,,99.6,2555.0,6.8,746315,661388,656555,668930,686554,642715,655316,663368,641343,53.71,,0.0,0.0,1.0,0.0,0.0,,80,3,4-Seam Fastball,5,6,5,6,6,5,5,6,Standard,Standard,201.0,-0.053,-0.163,,,,,0.163,,-1,-1,0.168,0.168,30,24,31,24,1,4,4,1,4,1.0,0.68,0.65,0.65,53.3,,,,,,pitcher
KC,2024-05-07,88.2,-0.15,6.61,"Megill, Trevor",672580,656730,,swinging_strike,,,,,14.0,,R,R,R,KC,MIL,S,,,0,1,2024,0.15,-0.41,0.6988595693164485,0.7948299114619304,,,,0,9,Bot,,,,,,,1.7527210059397138,-128.4709857356202,-7.2811233859311475,1.3201259381479202,24.51334790791196,-35.59606991818878,3.64,1.72,,,,88.9,2777.0,6.5,746315,661388,656555,668930,686554,642715,655316,663368,641343,54.02,,,,,,,,80,2,Knuckle Curve,5,6,5,6,6,5,5,6,Standard,Standard,39.0,-0.023,-0.054,35.2,7.3,6.314832816,,0.054,,-1,-1,0.191,0.191,30,24,31,24,1,4,4,1,4,1.0,3.32,-0.15,-0.15,57.9,-2.5796431810035263,10.831095090382648,37.67270942782119,43.09026949228164,23.12332417415763,pitcher
FF,2024-05-07,98.6,-0.25,6.62,"Megill, Trevor",672580,656730,,called_strike,,,,,5.0,,R,R,R,KC,MIL,S,,,0,0,2024,-0.66,1.59,-0.1986217305027481,3.0712375148231605,,,,0,9,Bot,,,,,,,1.673265032457902,-143.464248859578,-7.944223474088711,-9.46339046279174,32.720117457184315,-8.558249860534435,3.70531590410071,1.7907522008659,,,,99.3,2536.0,6.7,746315,661388,656555,668930,686554,642715,655316,663368,641343,53.83,,,,,,,,80,1,4-Seam Fastball,5,6,5,6,6,5,5,6,Standard,Standard,201.0,-0.013,-0.037,,,,,0.037,,-1,-1,0.204,0.204,30,24,31,24,1,4,4,1,4,1.0,0.75,0.66,0.66,53.9,,,,,,pitcher
FF,2024-05-03,99.2,-0.22,6.64,"Megill, Trevor",621020,656730,field_out,hit_into_play,,,,,6.0,Dansby Swanson flies out to right fielder Jackson Chourio.,R,R,R,CHC,MIL,X,9.0,fly_ball,0,1,2024,-0.61,1.42,0.5212831893313227,2.7117742584932087,,,,2,9,Bot,177.66,132.67,,,,,3.5000445973345715,-144.33387950098236,-8.726293054211228,-9.397220565809002,32.554926196551406,-10.49468390507352,3.62,1.67,211.0,89.6,53.0,100.1,2588.0,6.7,746890,661388,596142,668930,687401,642715,641343,663368,694192,53.79,0.003,0.002,0.0,1.0,0.0,0.0,3.0,71,2,4-Seam Fastball,1,3,1,3,3,1,1,3,Standard,Standard,199.0,-0.015,-0.215,70.8,7.4,,0.003,0.215,89.6,-2,-2,0.015,0.015,30,30,31,30,1,3,4,1,4,1.0,0.89,0.61,0.61,53.3,16.685562031945373,8.554284102355458,32.20487803280216,43.062738680105866,28.29539107235385,pitcher
FF,2024-05-03,98.3,-0.16,6.67,"Megill, Trevor",621020,656730,,foul,,,,,6.0,,R,R,R,CHC,MIL,S,,,0,0,2024,-0.48,1.53,0.2846839570945927,2.363459521171998,,,,2,9,Bot,,,,,,,2.346016346613015,-142.8411377640274,-9.784876234185472,-7.139296006443425,32.95920216319876,-9.216367733009104,3.62,1.67,140.0,81.8,10.0,98.9,2572.0,6.7,746890,661388,596142,668930,687401,642715,641343,663368,694192,53.77,,,,,,,,71,1,4-Seam Fastball,1,3,1,3,3,1,1,3,Standard,Standard,199.0,0.0,-0.041,69.3,7.0,,,0.041,88.0,-2,-2,0.015,0.015,30,30,31,30,1,3,4,1,4,1.0,0.84,0.48,0.48,54.1,4.653504395017768,19.13000073583061,35.146345883193135,40.67879159902608,17.73620298323844,pitcher
FF,2024-05-03,99.1,-0.15,6.65,"Megill, Trevor",683737,656730,field_out,hit_into_play,,,,,6.0,"Michael Busch grounds out, second baseman Brice Turang to first baseman Gary Sánchez.",R,L,R,CHC,MIL,X,4.0,ground_ball,1,2,2024,-0.49,1.38,0.5077175556957709,2.198992335140204,,,,1,9,Bot,140.86,151.07,,,,,2.953123405239727,-144.16233452953009,-10.121113576550847,-7.44189806020852,28.06469075405229,-10.844473846252397,3.14,1.53,9.0,86.4,-13.0,100.6,2378.0,6.8,746890,661388,596142,668930,687401,642715,641343,663368,694192,53.73,0.086,0.077,0.0,1.0,0.0,0.0,2.0,70,4,4-Seam Fastball,1,3,1,3,3,1,1,3,Strategic,Standard,199.0,-0.022,-0.182,66.3,6.4,,0.086,0.182,88.0,-2,-2,0.037,0.037,30,26,31,27,1,3,4,1,4,1.0,0.91,0.49,-0.49,55.5,1.9789142649339515,16.175011420624237,38.27986012822048,30.447161653417428,20.96123764644236,pitcher
FF,2024-05-03,97.8,-0.19,6.7,"Megill, Trevor",683737,656730,,called_strike,,,,,14.0,,R,L,R,CHC,MIL,S,,,1,1,2024,-0.23,1.49,0.8505067043264773,1.5713643682500495,,,,1,9,Bot,,,,,,,3.34488239181389,-142.0088886768011,-11.838853301763532,-3.835006486375064,30.06978527039768,-9.60854967036204,3.05699554348539,1.43846003998263,,,,98.7,2376.0,6.8,746890,661388,596142,668930,687401,642715,641343,663368,694192,53.75,,,,,,,,70,3,4-Seam Fastball,1,3,1,3,3,1,1,3,Standard,Standard,199.0,-0.008,-0.061,,,,,0.061,,-2,-2,0.045,0.045,30,26,31,27,1,3,4,1,4,1.0,0.89,0.23,-0.23,57.3,,,,,,pitcher
FF,2024-05-03,97.8,-0.22,6.7,"Megill, Trevor",683737,656730,,called_strike,,,,,12.0,,R,L,R,CHC,MIL,S,,,1,0,2024,-0.42,1.31,0.7617323623933214,3.335803913675341,,,,1,9,Bot,,,,,,,3.64712391912588,-142.38285511717126,-6.6964836468498445,-6.5003467176450185,28.652919993277024,-13.036374575675614,3.01448535397923,1.5012381174626,,,,99.0,2424.0,6.7,746890,661388,596142,668930,687401,642715,641343,663368,694192,53.84,,,,,,,,70,2,4-Seam Fastball,1,3,1,3,3,1,1,3,Standard,Standard,196.0,-0.009,-0.051,,,,,0.051,,-2,-2,0.054,0.054,30,26,31,27,1,3,4,1,4,1.0,1.05,0.42,-0.42,56.0,,,,,,pitcher
FF,2024-05-03,97.4,-0.36,6.65,"Megill, Trevor",683737,656730,,ball,,,,,13.0,,R,L,R,CHC,MIL,B,,,0,0,2024,-0.87,1.3,-0.9201905658470672,1.710777537912196,,,,1,9,Bot,,,,,,,0.4983840413462602,-141.55557299975868,-10.830330051943994,-11.87869315035522,29.75174945097754,-12.546479583577092,2.98338701802474,1.51250114344686,,,,98.4,2442.0,6.7,746890,661388,596142,668930,687401,642715,641343,663368,694192,53.77,,,,,,,,70,1,4-Seam Fastball,1,3,1,3,3,1,1,3,Infield shade,Standard,204.0,0.007,0.039,,,,,-0.039,,-2,-2,0.047,0.047,30,26,31,27,1,3,4,1,4,1.0,1.1,0.87,-0.87,54.4,,,,,,pitcher
KC,2024-05-03,86.7,-0.4,6.71,"Megill, Trevor",666624,656730,strikeout,called_strike,,,,,2.0,Christopher Morel called out on strikes.,R,R,R,CHC,MIL,S,2.0,,2,2,2024,0.17,-0.26,0.1887988533713243,3.294810348673621,,,,0,9,Bot,,,,,,,1.0829965944981026,-126.47547844562672,-1.5678909719166685,1.6355262229015135,21.796844465834297,-34.9246806228783,3.70732844892051,1.77711419845971,,,,87.9,2551.0,6.6,746890,661388,596142,668930,687401,642715,641343,663368,694192,53.93,,0.0,0.0,1.0,0.0,0.0,,69,5,Knuckle Curve,1,3,1,3,3,1,1,3,Standard,Standard,46.0,-0.041,-0.227,,,,,0.227,,-2,-2,0.088,0.088,30,25,31,25,1,3,4,1,4,1.0,3.24,-0.17,-0.17,54.7,,,,,,pitcher
FF,2024-05-03,98.5,-0.32,6.7,"Megill, Trevor",666624,656730,,ball,,,,,11.0,,R,R,R,CHC,MIL,B,,,1,2,2024,-0.81,1.36,-1.5270145203909653,4.251133582675073,,,,0,9,Bot,,,,,,,-1.4069864892204866,-143.37469514624942,-4.37156268341816,-10.80576454343932,33.79190198407484,-12.670478655422832,3.74401017596415,1.8456733878721,,,,99.1,2385.0,6.7,746890,661388,596142,668930,687401,642715,641343,663368,694192,53.83,,,,,,,,69,4,4-Seam Fastball,1,3,1,3,3,1,1,3,Standard,Standard,203.0,0.007,0.04,,,,,-0.04,,-2,-2,0.081,0.081,30,25,31,25,1,3,4,1,4,1.0,0.99,0.81,0.81,54.3,,,,,,pitcher
KC,2024-05-03,87.9,-0.33,6.78,"Megill, Trevor",666624,656730,,ball,,,,,14.0,,R,R,R,CHC,MIL,B,,,0,2,2024,-0.05,-0.34,0.1317497525185842,0.8528605475304509,,,,0,9,Bot,,,,,,,1.20999242403008,-127.89028483462526,-7.566223099757011,-0.7652371786771005,26.169288022399797,-34.60135921628987,3.67688444387091,1.7776244650039,,,,88.3,2664.0,6.5,746890,661388,596142,668930,687401,642715,641343,663368,694192,53.98,,,,,,,,69,3,Knuckle Curve,1,3,1,3,3,1,1,3,Standard,Standard,23.0,0.005,0.023,,,,,-0.023,,-2,-2,0.076,0.076,30,25,31,25,1,3,4,1,4,1.0,3.29,0.05,0.05,56.1,,,,,,pitcher
FF,2024-05-03,99.5,-0.31,6.67,"Megill, Trevor",666624,656730,,swinging_strike,,,,,1.0,,R,R,R,CHC,MIL,S,,,0,1,2024,-0.81,1.27,-0.4416190481955718,3.090138006368608,,,,0,9,Bot,,,,,,,1.5453351618664306,-144.8064811644151,-7.438238360691585,-11.709773758636874,33.955005576713354,-12.715589800846878,3.71,1.71,,,,100.1,2453.0,6.6,746890,661388,596142,668930,687401,642715,641343,663368,694192,53.89,,,,,,,,69,2,4-Seam Fastball,1,3,1,3,3,1,1,3,Standard,Standard,202.0,-0.012,-0.054,75.8,7.5,1.177077432,,0.054,,-2,-2,0.088,0.088,30,25,31,25,1,3,4,1,4,1.0,1.03,0.81,0.81,54.7,12.602800460938305,7.607210474842259,29.219946470266343,32.90884612228817,24.938450691114557,pitcher
FF,2024-05-03,99.0,-0.43,6.74,"Megill, Trevor",666624,656730,,swinging_strike,,,,,2.0,,R,R,R,CHC,MIL,S,,,0,0,2024,-0.28,1.45,0.1810770801678074,3.637799857577564,,,,0,9,Bot,,,,,,,2.3360944531049403,-144.14453197061815,-6.46810879206801,-4.501326312489001,33.11043718649464,-10.651019428785125,3.71,1.71,,,,99.7,2462.0,6.6,746890,661388,596142,668930,687401,642715,641343,663368,694192,53.87,,,,,,,,69,1,4-Seam Fastball,1,3,1,3,3,1,1,3,Standard,Standard,200.0,-0.007,-0.037,76.0,7.4,1.09628538,,0.037,,-2,-2,0.095,0.095,30,25,31,25,1,3,4,1,4,1.0,0.87,0.28,0.28,58.0,14.47414278665032,18.47510245899904,24.160082151523174,42.682953260641526,17.897011443576417,pitcher
FF,2024-04-29,99.1,-0.29,6.54,"Megill, Trevor",592348,656730,truncated_pa,called_strike,,,,,4.0,,R,L,R,MIL,TB,S,2.0,,0,0,2024,-0.55,1.49,-0.5301036729323125,2.434027480772757,,,676609.0,2,9,Top,,,,,,,0.6341988431775689,-143.95324265501455,-9.26783617289157,-7.740085825892808,36.31926601689811,-9.414996938177138,3.62482588788904,1.62543709487451,,,,99.3,2344.0,6.7,745999,661388,641343,668930,687401,642715,686894,663368,686217,53.81,,,0.0,0.0,0.0,0.0,,61,1,4-Seam Fastball,0,1,1,0,1,0,1,0,Standard,Standard,205.0,0.019,-0.271,,,,,0.271,,-1,1,0.185,0.815,30,32,31,32,1,3,4,2,4,2.0,0.85,0.55,-0.55,55.2,,,,,,pitcher
KC,2024-04-29,90.7,-0.16,6.57,"Megill, Trevor",676609,656730,single,hit_into_play,,,,,5.0,José Caballero singles on a line drive to left fielder Joey Wiemer.,R,R,R,MIL,TB,X,7.0,line_drive,0,2,2024,0.21,-0.18,0.1941589386081812,2.0065643404638025,,,,2,9,Top,88.82,100.58,,,,,0.4318240838221824,-132.12530078724816,-5.1299870919748205,2.4157766053631877,28.9818050179284,-33.38747917058312,3.07,1.39,261.0,83.9,19.0,91.1,2763.0,6.6,745999,661388,641343,668930,687401,642715,686894,663368,686217,53.95,0.839,0.799,0.9,1.0,1.0,0.0,4.0,60,4,Knuckle Curve,0,1,1,0,1,0,1,0,Standard,Standard,15.0,-0.013,0.431,60.8,6.7,,0.978,-0.431,88.0,-1,1,0.198,0.802,30,27,31,28,1,3,4,2,4,1.0,2.95,-0.21,-0.21,56.4,11.476132223933444,2.119143166712357,33.023183605317264,33.39511467139481,35.429537914132084,pitcher
FF,2024-04-29,100.0,0.0,6.55,"Megill, Trevor",676609,656730,,foul,,,,,9.0,,R,R,R,MIL,TB,S,,,0,2,2024,-0.48,1.49,0.7519921915780845,1.8564864640136216,,,,2,9,Top,,,,,,,3.2370761104202286,-145.1554433892813,-11.06980402829104,-7.602500440598509,36.58920728834645,-8.694634704861745,3.07,1.39,214.0,76.5,45.0,100.2,2405.0,6.7,745999,661388,641343,668930,687401,642715,686894,663368,686217,53.81,,,,,,,,60,3,4-Seam Fastball,0,1,1,0,1,0,1,0,Standard,Standard,200.0,0.0,0.0,63.8,6.7,,,0.0,88.0,-1,1,0.198,0.802,30,27,31,28,1,3,4,2,4,1.0,0.82,0.48,0.48,56.3,-1.7830215098918112,6.311468595023607,38.28614666428825,39.522653312369,21.72803889030561,pitcher
KC,2024-04-29,88.3,-0.27,6.58,"Megill, Trevor",676609,656730,,swinging_strike,,,,,14.0,,R,R,R,MIL,TB,S,,,0,1,2024,0.09,-0.69,0.6855124608333493,1.2288610753825218,,,,2,9,Top,,,,,,,2.149463453930235,-128.54240549969336,-5.483226142378813,0.5438155306813639,28.59001848354068,-38.80473410753106,3.07,1.39,,,,88.5,2766.0,6.5,745999,661388,641343,668930,687401,642715,686894,663368,686217,53.95,,,,,,,,60,2,Knuckle Curve,0,1,1,0,1,0,1,0,Standard,Standard,18.0,0.003,-0.058,61.7,7.8,9.652630308,,0.058,,-1,1,0.195,0.805,30,27,31,28,1,3,4,2,4,1.0,3.63,-0.09,-0.09,58.9,26.63384379842024,-37.29499132712741,32.346595137474274,38.34902245879225,57.15980164235217,pitcher
KC,2024-04-29,87.3,-0.16,6.52,"Megill, Trevor",676609,656730,,called_strike,,,,,12.0,,R,R,R,MIL,TB,S,,,0,0,2024,0.08,-0.57,0.5757178881572853,2.999412538605553,,,,2,9,Top,,,,,,,1.62406472509501,-127.0992939398065,-1.0971772049282136,0.4726137449311953,28.631801827042167,-38.26975702205176,2.83442884903571,1.22796973205059,,,,87.6,2631.0,6.7,745999,661388,641343,668930,687401,642715,686894,663368,686217,53.83,,,,,,,,60,1,Knuckle Curve,0,1,1,0,1,0,1,0,Standard,Standard,22.0,0.001,-0.041,,,,,0.041,,-1,1,0.194,0.806,30,27,31,28,1,3,4,2,4,1.0,3.58,-0.08,-0.08,57.3,,,,,,pitcher
FF,2024-04-29,99.0,-0.33,6.52,"Megill, Trevor",668853,656730,field_out,hit_into_play,,,,,8.0,"Austin Shenton grounds out, second baseman Brice Turang to first baseman Jake Bauers.",R,L,R,MIL,TB,X,4.0,ground_ball,0,1,2024,-0.63,1.44,0.2625786393337835,1.8902625479098467,,,,1,9,Top,153.29,152.93,,,,,3.135702080745817,-143.8364770086471,-10.61300886993858,-9.52789819850124,35.7913191739455,-9.84384084634703,3.5,1.62,8.0,74.7,-13.0,99.5,2357.0,6.8,745999,661388,641343,668930,687401,642715,686894,663368,686217,53.71,0.046,0.041,0.0,1.0,0.0,0.0,2.0,59,2,4-Seam Fastball,0,1,1,0,1,0,1,0,Standard,Standard,200.0,0.011,-0.219,68.3,6.7,,0.06,0.219,88.0,-1,1,0.183,0.817,30,26,31,26,1,3,4,1,4,2.0,0.91,0.63,-0.63,55.9,6.419918187320151,7.75307350447602,46.46606955543332,37.98719647923824,26.389156147947396,pitcher
FF,2024-04-29,98.0,-0.25,6.54,"Megill, Trevor",668853,656730,,foul,,,,,14.0,,R,L,R,MIL,TB,S,,,0,0,2024,-0.47,1.6,0.3546486837149603,1.3844934677339884,,,,1,9,Top,,,,,,,2.736564821134136,-142.1478306469782,-12.160805451445372,-7.046577920842887,34.40730592610445,-7.881372037988021,3.5,1.62,,,,98.5,2308.0,6.8,745999,661388,641343,668930,687401,642715,686894,663368,686217,53.65,,,,,,,,59,1,4-Seam Fastball,0,1,1,0,1,0,1,0,Standard,Standard,204.0,0.002,-0.037,73.4,8.3,,,0.037,,-1,1,0.181,0.819,30,26,31,26,1,3,4,1,4,2.0,0.8,0.47,-0.47,55.8,24.587288597506756,-11.591519682804131,45.76203898283802,36.262228596711125,35.324010652749635,pitcher
FF,2024-04-29,100.0,-0.18,6.54,"Megill, Trevor",670623,656730,strikeout,called_strike,,,,,8.0,Isaac Paredes called out on strikes.,R,R,R,MIL,TB,S,2.0,,2,2,2024,-0.48,1.66,0.1221627307048546,2.148602803637075,,,,0,9,Top,,,,,,,1.9864768858441968,-145.34974417158907,-10.71359062011496,-7.214995345527489,34.97086649367083,-6.333418550172761,3.36360761603326,1.66520403292414,,,,100.9,2402.0,6.9,745999,661388,641343,668930,687401,642715,686894,663368,686217,53.62,,0.0,0.0,1.0,0.0,0.0,,58,5,4-Seam Fastball,0,1,1,0,1,0,1,0,Strategic,Standard,200.0,0.014,-0.227,,,,,0.227,,-1,1,0.167,0.833,30,25,31,25,1,3,4,1,4,1.0,0.63,0.48,0.48,53.8,,,,,,pitcher
FF,2024-04-29,99.6,-0.24,6.54,"Megill, Trevor",670623,656730,,swinging_strike,,,,,11.0,,R,R,R,MIL,TB,S,,,2,1,2024,-0.59,1.63,-0.5656649067608406,3.6828516795949664,,,,0,9,Top,,,,,,,0.4850477168882635,-144.89696846684052,-6.280708886017127,-8.40652636479728,35.4407303060984,-8.035937062467537,3.28,1.54,,,,100.1,2396.0,6.7,745999,661388,641343,668930,687401,642715,686894,663368,686217,53.83,,,,,,,,58,4,4-Seam Fastball,0,1,1,0,1,0,1,0,Standard,Standard,203.0,0.004,-0.069,62.7,6.5,2.045001468,,0.069,,-1,1,0.163,0.837,30,25,31,25,1,3,4,1,4,1.0,0.68,0.59,0.59,55.1,10.902968289754837,13.170443525344046,20.009804267256115,28.20221485002154,24.546140629988223,pitcher
FF,2024-04-29,99.0,-0.27,6.56,"Megill, Trevor",670623,656730,,ball,,,,,11.0,,R,R,R,MIL,TB,B,,,1,1,2024,-0.47,1.68,-1.2976292015056785,3.0616368481474803,,,,0,9,Top,,,,,,,-1.7274536229607729,-144.04784975851288,-8.065583867085557,-6.10216385174581,34.675212258936824,-7.1435653750661,3.19755757927488,1.53229431672388,,,,99.6,2371.0,6.7,745999,661388,641343,668930,687401,642715,686894,663368,686217,53.81,,,,,,,,58,3,4-Seam Fastball,0,1,1,0,1,0,1,0,Standard,Standard,207.0,-0.003,0.053,,,,,-0.053,,-1,1,0.166,0.834,30,25,31,25,1,3,4,1,4,1.0,0.65,0.47,0.47,56.0,,,,,,pitcher
KC,2024-04-29,88.7,-0.24,6.58,"Megill, Trevor",670623,656730,,called_strike,,,,,2.0,,R,R,R,MIL,TB,S,,,1,0,2024,0.13,-0.41,0.1975154175448943,2.854748386991389,,,,0,9,Top,,,,,,,0.7908911375652106,-129.253865046081,-2.253165124837613,1.331597364116707,25.397569787643175,-36.585224037864265,3.32392261719449,1.62543855502234,,,,89.4,2678.0,6.5,745999,661388,641343,668930,687401,642715,686894,663368,686217,53.99,,,,,,,,58,2,Knuckle Curve,0,1,1,0,1,0,1,0,Standard,Standard,50.0,0.003,-0.049,,,,,0.049,,-1,1,0.163,0.837,30,25,31,25,1,3,4,1,4,1.0,3.29,-0.13,-0.13,59.6,,,,,,pitcher
FF,2024-04-29,98.4,-0.37,6.6,"Megill, Trevor",670623,656730,,ball,,,,,11.0,,R,R,R,MIL,TB,B,,,0,0,2024,-0.6,1.45,-0.7012643313248107,3.732111516465365,,,,0,9,Top,,,,,,,0.4992948806162037,-143.25076232549452,-5.725798458009377,-8.29940824706494,34.09365673866946,-11.15809690582165,3.34905914530965,1.65050555967063,,,,99.2,2213.0,6.8,745999,661388,641343,668930,687401,642715,686894,663368,686217,53.71,,,,,,,,58,1,4-Seam Fastball,0,1,1,0,1,0,1,0,Standard,Standard,195.0,-0.002,0.038,,,,,-0.038,,-1,1,0.165,0.835,30,25,31,25,1,3,4,1,4,1.0,0.91,0.6,0.6,54.3,,,,,,pitcher
FF,2024-04-25,98.6,-0.28,6.56,"Megill, Trevor",669261,656730,field_out,hit_into_play,,,,,4.0,Jack Suwinski flies out to left fielder Joey Wiemer.,R,L,R,PIT,MIL,X,7.0,fly_ball,3,2,2024,-0.57,1.47,-0.8289215346604367,2.325929950261194,,,,2,9,Bot,87.74,94.28,,,,,-0.1652497219040919,-143.3881001105466,-9.548417599681567,-7.807021704219794,32.31708181155361,-9.946087458510476,3.61,1.65,278.0,83.2,39.0,99.6,2373.0,6.8,745512,661388,641343,687401,686554,642715,686894,663368,694192,53.68,0.005,0.009,0.0,1.0,0.0,0.0,3.0,85,7,4-Seam Fastball,5,7,5,7,7,5,5,7,Infield shade,Standard,204.0,-0.02,-0.325,73.7,7.5,,0.016,0.325,88.0,-2,-2,0.02,0.02,30,25,31,26,1,4,1,1,4,1.0,0.88,0.57,-0.57,54.6,10.541236925597175,2.985321461596829,25.460113632658448,44.69434505746642,29.49371231159069,pitcher
KC,2024-04-25,87.2,-0.34,6.45,"Megill, Trevor",669261,656730,,ball,,,,,14.0,,R,L,R,PIT,MIL,B,,,2,2,2024,0.75,-0.24,1.0696158488113845,1.2819229605324316,,,,2,9,Bot,,,,,,,1.8742125571143315,-126.94808545196057,-5.842431141498128,7.750541476005821,24.489277024679808,-33.84621409357697,3.45346521849406,1.52068969486932,,,,88.0,2727.0,6.6,745512,661388,641343,687401,686554,642715,686894,663368,694192,53.88,,,,,,,,85,6,Knuckle Curve,5,7,5,7,7,5,5,7,Strategic,Standard,26.0,0.005,0.106,,,,,-0.106,,-2,-2,0.015,0.015,30,25,31,26,1,4,1,1,4,1.0,3.22,-0.75,0.75,55.6,,,,,,pitcher
KC,2024-04-25,87.3,-0.24,6.56,"Megill, Trevor",669261,656730,,ball,,,,,14.0,,R,L,R,PIT,MIL,B,,,1,2,2024,0.26,-0.68,1.486843663389306,0.4247070133296091,,,,2,9,Bot,,,,,,,3.655282238349968,-127.00612870123346,-7.288186668684833,2.0753829259406897,25.14991495679396,-38.27268538163264,3.51452874825563,1.55123946059073,,,,88.2,2719.0,6.8,745512,661388,641343,687401,686554,642715,686894,663368,694192,53.73,,,,,,,,85,5,Knuckle Curve,5,7,5,7,7,5,5,7,Strategic,Standard,16.0,0.0,0.039,,,,,-0.039,,-2,-2,0.015,0.015,30,25,31,26,1,4,1,1,4,1.0,3.66,-0.26,0.26,58.0,,,,,,pitcher
FF,2024-04-25,99.0,-0.18,6.57,"Megill, Trevor",669261,656730,,foul,,,,,6.0,,R,L,R,PIT,MIL,S,,,1,2,2024,-0.4,1.48,0.4584378820519529,2.7777608190935683,,,,2,9,Bot,,,,,,,2.710829477783093,-143.9834919256686,-8.472738946400915,-6.207797798105187,32.54112093992832,-9.767660427622474,3.61,1.65,204.0,74.4,53.0,100.1,2350.0,6.9,745512,661388,641343,687401,686554,642715,686894,663368,694192,53.65,,,,,,,,85,4,4-Seam Fastball,5,7,5,7,7,5,5,7,Strategic,Standard,199.0,0.0,0.0,71.7,7.1,,,0.0,88.0,-2,-2,0.015,0.015,30,25,31,26,1,4,1,1,4,1.0,0.84,0.4,-0.4,55.6,7.18274676361816,-13.38278377291498,34.41205252600755,29.12940002858964,28.079673246350644,pitcher
KC,2024-04-25,87.5,-0.18,6.61,"Megill, Trevor",669261,656730,,ball,,,,,2.0,,R,L,R,PIT,MIL,B,,,0,2,2024,0.38,-0.34,-0.2155396782920782,3.5397140051489786,,,,2,9,Bot,,,,,,,-0.8573937887099801,-127.5195916572886,-0.6296813035384072,4.288112546766516,23.509924819440617,-36.03541860057339,3.45346521849406,1.58178928480115,,,,88.5,2638.0,6.6,745512,661388,641343,687401,686554,642715,686894,663368,694192,53.91,,,,,,,,85,3,Knuckle Curve,5,7,5,7,7,5,5,7,Strategic,Standard,16.0,0.0,0.023,,,,,-0.023,,-2,-2,0.015,0.015,30,25,31,26,1,4,1,1,4,1.0,3.29,-0.38,0.38,55.4,,,,,,pitcher
KC,2024-04-25,87.9,-0.24,6.5,"Megill, Trevor",669261,656730,,swinging_strike,,,,,13.0,,R,L,R,PIT,MIL,S,,,0,1,2024,0.08,-0.5,-0.3997211520019764,0.7725438888380594,,,,2,9,Bot,,,,,,,-0.5522276439964227,-127.90996668556504,-6.806781909047429,0.9874025269645352,25.517398939485577,-36.49396415791325,3.61,1.65,,,,88.7,2552.0,6.7,745512,661388,641343,687401,686554,642715,686894,663368,694192,53.8,,,,,,,,85,2,Knuckle Curve,5,7,5,7,7,5,5,7,Strategic,Standard,20.0,0.0,-0.058,73.1,8.6,9.23508276,,0.058,,-2,-2,0.015,0.015,30,25,31,26,1,4,1,1,4,1.0,3.44,-0.08,0.08,53.5,21.901173119217905,-29.75663278819369,29.20772034341395,39.47444200178361,45.50631685685563,pitcher
FF,2024-04-25,98.2,-0.26,6.59,"Megill, Trevor",669261,656730,,called_strike,,,,,6.0,,R,L,R,PIT,MIL,S,,,0,0,2024,-0.42,1.47,0.6448312087566836,2.4071104921896005,,,,2,9,Bot,,,,,,,3.4488739075676063,-142.73582264394236,-9.344393975092052,-6.474716619295009,32.40521510411884,-10.11716227001428,3.51452874825563,1.6491784001906,,,,99.1,2401.0,6.8,745512,661388,641343,687401,686554,642715,686894,663368,694192,53.65,,,,,,,,85,1,4-Seam Fastball,5,7,5,7,7,5,5,7,Standard,Standard,197.0,0.0,-0.041,,,,,0.041,,-2,-2,0.015,0.015,30,25,31,26,1,4,1,1,4,1.0,0.9,0.42,-0.42,55.2,,,,,,pitcher
FF,2024-04-25,98.8,-0.17,6.67,"Megill, Trevor",663698,656730,field_out,hit_into_play,,,,,1.0,"Joey Bart grounds out, shortstop Willy Adames to first baseman Jake Bauers.",R,R,R,PIT,MIL,X,6.0,ground_ball,1,2,2024,-0.61,1.49,-0.461583019231627,3.1485103745155056,,,,1,9,Bot,109.08,153.69,,,,,0.6392631936242819,-143.80441044870065,-7.673698775216158,-8.671188593290001,33.26512381431826,-9.947429358430568,3.49,1.58,10.0,76.9,-16.0,99.6,2472.0,6.7,745512,661388,641343,687401,686554,642715,686894,663368,694192,53.8,0.052,0.047,0.0,1.0,0.0,0.0,2.0,84,4,4-Seam Fastball,5,7,5,7,7,5,5,7,Strategic,Standard,200.0,-0.022,-0.182,68.2,6.0,,0.052,0.182,88.0,-2,-2,0.037,0.037,30,27,31,28,1,4,1,2,4,2.0,0.84,0.61,0.61,56.2,3.828999496601676,14.013942583221215,30.819620979717893,29.01905278685802,24.227718862182687,pitcher
KC,2024-04-25,88.1,-0.27,6.55,"Megill, Trevor",663698,656730,,swinging_strike,,,,,14.0,,R,R,R,PIT,MIL,S,,,1,1,2024,0.14,-0.3,0.7091019734501547,0.994808187897017,,,,1,9,Bot,,,,,,,2.1070020285509536,-128.23832374640597,-6.8678172294221564,1.09890486018868,24.853318807171476,-34.39326900718597,3.49,1.58,,,,89.1,2770.0,6.7,745512,661388,641343,687401,686554,642715,686894,663368,694192,53.75,,,,,,,,84,3,Knuckle Curve,5,7,5,7,7,5,5,7,Strategic,Standard,16.0,-0.008,-0.061,70.0,8.4,28.291180404,,0.061,,-2,-2,0.045,0.045,30,27,31,28,1,4,1,2,4,2.0,3.22,-0.14,-0.14,54.4,30.503754295154742,-52.39652414571303,32.24877481121663,,,pitcher
FF,2024-04-25,98.5,-0.35,6.52,"Megill, Trevor",663698,656730,,swinging_strike,,,,,13.0,,R,R,R,PIT,MIL,S,,,1,0,2024,-0.46,1.54,-1.0896777591958002,2.324817239311729,,,,1,9,Bot,,,,,,,-0.9305891381720036,-143.24303492360792,-9.580310127896253,-6.17760540900047,33.119094961494504,-9.017492130246696,3.49,1.58,,,,99.3,2455.0,6.8,745512,661388,641343,687401,686554,642715,686894,663368,694192,53.72,,,,,,,,84,2,4-Seam Fastball,5,7,5,7,7,5,5,7,Standard,Standard,205.0,-0.009,-0.051,75.5,7.5,1.095195816,,0.051,,-2,-2,0.054,0.054,30,27,31,28,1,4,1,2,4,2.0,0.82,0.46,0.46,52.2,15.798578728662877,-14.73452145207445,39.68129007465656,23.09449024567972,32.01992234973474,pitcher
FF,2024-04-25,99.2,-0.16,6.54,"Megill, Trevor",663698,656730,,ball,,,,,14.0,,R,R,R,PIT,MIL,B,,,0,0,2024,-0.53,1.6,0.4177962684613265,1.0821132264026376,,,,1,9,Bot,,,,,,,2.8578455122265183,-143.96227430719216,-13.35603879706796,-8.03542238153413,32.672202823878735,-7.073557036287751,3.48399736442698,1.57916017816223,,,,100.2,2499.0,6.9,745512,661388,641343,687401,686554,642715,686894,663368,694192,53.59,,,,,,,,84,1,4-Seam Fastball,5,7,5,7,7,5,5,7,Strategic,Standard,199.0,0.007,0.039,,,,,-0.039,,-2,-2,0.047,0.047,30,27,31,28,1,4,1,2,4,2.0,0.73,0.53,0.53,53.3,,,,,,pitcher
FF,2024-04-25,97.5,-0.22,6.6,"Megill, Trevor",656582,656730,field_out,hit_into_play,,,,,1.0,Connor Joe flies out to left fielder Joey Wiemer.,R,R,R,PIT,MIL,X,7.0,fly_ball,0,0,2024,-0.49,1.6,-0.539247744407222,2.723337188805418,,,,0,9,Bot,68.38,70.19,,,,,0.2847873001072815,-141.8352031024725,-8.641326156970493,-6.704894223930478,34.06991110805684,-8.828001402393067,3.25,1.53,349.0,94.1,33.0,98.2,2457.0,6.8,745512,661388,641343,687401,686554,642715,686894,663368,694192,53.68,0.111,0.185,0.0,1.0,0.0,0.0,3.0,83,1,4-Seam Fastball,5,7,5,7,7,5,5,7,Standard,Standard,202.0,-0.048,-0.254,73.3,7.1,,0.335,0.254,94.1,-2,-2,0.095,0.095,30,31,31,32,1,1,1,1,4,1.0,0.81,0.49,0.49,57.8,9.368840856888152,-9.944150030090476,32.45033573375987,28.932651768937497,33.8372860615831,pitcher
FF,2024-04-24,98.0,-0.33,6.56,"Megill, Trevor",642133,656730,field_out,hit_into_play,,,,,6.0,Rowdy Tellez flies out to right fielder Sal Frelick.,R,L,R,PIT,MIL,X,9.0,fly_ball,2,1,2024,-0.18,1.68,0.4988008401987377,2.337567055888721,,,,2,8,Bot,180.63,76.4,,,,,2.690015145792646,-142.33969179062078,-9.82888519784306,-3.1062653436956444,34.06712373514173,-7.305481675588342,3.68,1.69,351.0,95.0,33.0,98.5,2375.0,6.7,745513,661388,641343,668930,687401,642715,686894,663368,686217,53.75,0.216,0.4146666666666666,0.0,1.0,0.0,0.0,3.0,68,4,4-Seam Fastball,2,3,2,3,3,2,2,3,Strategic,Standard,189.0,-0.036,-0.303,80.8,8.2,,0.819,0.303,95.0,-1,-1,0.201,0.201,30,29,31,29,1,3,5,1,1,1.0,0.71,0.18,-0.18,55.2,10.061412675660565,-16.062400808009137,31.37164581593716,31.448688690395528,33.81207292296916,pitcher
KC,2024-04-24,86.1,-0.43,6.62,"Megill, Trevor",642133,656730,,ball,,,,,14.0,,R,L,R,PIT,MIL,B,,,1,1,2024,0.76,-0.35,0.978732058785911,1.1260237070457686,,,,2,8,Bot,,,,,,,1.810419243637468,-125.285030040782,-6.096548161809155,7.612951715081879,25.92486519655202,-34.84402097376723,3.58582190210297,1.6531772872821,,,,86.4,2625.0,6.5,745513,661388,641343,668930,687401,642715,686894,663368,686217,53.95,,,,,,,,68,3,Knuckle Curve,2,3,2,3,3,2,2,3,Strategic,Standard,19.0,0.006,0.058,,,,,-0.058,,-1,-1,0.195,0.195,30,29,31,29,1,3,5,1,1,1.0,3.43,-0.76,0.76,52.3,,,,,,pitcher
FF,2024-04-24,98.3,-0.39,6.59,"Megill, Trevor",642133,656730,,called_strike,,,,,4.0,,R,L,R,PIT,MIL,S,,,1,0,2024,-0.59,1.58,-0.2873857627038382,2.592794990505645,,,,2,8,Bot,,,,,,,1.6732460698913902,-142.8626789594242,-9.005640853930672,-8.468781013818019,36.64681254216924,-8.57792743334918,3.64687665149707,1.62262835135844,,,,98.2,2307.0,6.6,745513,661388,641343,668930,687401,642715,686894,663368,686217,53.93,,,,,,,,68,2,4-Seam Fastball,2,3,2,3,3,2,2,3,Strategic,Standard,202.0,-0.006,-0.051,,,,,0.051,,-1,-1,0.201,0.201,30,29,31,29,1,3,5,1,1,1.0,0.8,0.59,-0.59,52.5,,,,,,pitcher
FF,2024-04-24,99.4,-0.23,6.6,"Megill, Trevor",642133,656730,,ball,,,,,1.0,,R,L,R,PIT,MIL,B,,,0,0,2024,-0.46,1.66,-0.5113836817937846,3.393495557940664,,,,2,8,Bot,,,,,,,0.3063118826710252,-144.52307955848147,-7.280371020180087,-6.450311310389597,37.27988020955743,-7.422226688848206,3.28010789294302,1.49968832393067,,,,99.9,2326.0,6.9,745513,661388,641343,668930,687401,642715,686894,663368,686217,53.64,,,,,,,,68,1,4-Seam Fastball,2,3,2,3,3,2,2,3,Strategic,Standard,196.0,0.004,0.04,,,,,-0.04,,-1,-1,0.197,0.197,30,29,31,29,1,3,5,1,1,1.0,0.67,0.46,-0.46,53.0,,,,,,pitcher
KC,2024-04-24,86.4,-0.32,6.64,"Megill, Trevor",663647,656730,field_out,hit_into_play,,,,,7.0,"Ke'Bryan Hayes grounds out, third baseman Joey Ortiz to first baseman Jake Bauers.",R,R,R,PIT,MIL,X,5.0,ground_ball,2,2,2024,0.08,-0.7,-0.3384661099939999,1.5331259014265215,,,,1,8,Bot,86.07,159.45,,,,,-0.2116365681985694,-125.7401212654848,-4.4666854140459495,0.9363543982869156,27.6773375697033,-38.83246409103501,3.29,1.55,10.0,97.3,-9.0,86.3,2681.0,6.4,745513,661388,641343,668930,687401,642715,686894,663368,686217,54.1,0.243,0.219,0.0,1.0,0.0,0.0,2.0,67,7,Knuckle Curve,2,3,2,3,3,2,2,3,Standard,Standard,19.0,-0.041,-0.225,,,,0.282,0.225,97.3,-1,-1,0.238,0.238,30,27,31,27,1,3,5,1,1,2.0,3.78,-0.08,-0.08,52.6,,,,,,pitcher
FF,2024-04-24,99.7,-0.29,6.49,"Megill, Trevor",663647,656730,,ball,,,,,14.0,,R,R,R,PIT,MIL,B,,,1,2,2024,-0.37,1.65,0.6600746455245974,1.186548355968148,,,,1,8,Bot,,,,,,,3.5043119259077664,-144.71431624172624,-13.163366172620323,-5.980778064562429,32.83952991044799,-6.103425357419055,3.24996596742373,1.53098173263946,,,,100.6,2378.0,6.9,745513,661388,641343,668930,687401,642715,686894,663368,686217,53.65,,,,,,,,67,6,4-Seam Fastball,2,3,2,3,3,2,2,3,Standard,Standard,198.0,0.007,0.043,,,,,-0.043,,-1,-1,0.231,0.231,30,27,31,27,1,3,5,1,1,2.0,0.65,0.37,0.37,53.1,,,,,,pitcher
FF,2024-04-24,97.4,-0.09,6.67,"Megill, Trevor",663647,656730,,foul,,,,,11.0,,R,R,R,PIT,MIL,S,,,1,2,2024,-0.59,1.73,-0.6237063293800194,4.10530753321304,,,,1,8,Bot,,,,,,,-0.062052039607182,-141.76682300124625,-5.379331850653587,-7.964977903433502,32.37567016369854,-7.770326380943318,3.29,1.55,158.0,82.8,11.0,97.7,2430.0,6.5,745513,661388,641343,668930,687401,642715,686894,663368,686217,54.03,,,,,,,,67,5,4-Seam Fastball,2,3,2,3,3,2,2,3,Standard,Standard,197.0,0.0,0.0,63.7,5.7,,,0.0,88.0,-1,-1,0.231,0.231,30,27,31,27,1,3,5,1,1,2.0,0.67,0.59,0.59,54.6,6.85904171581962,6.130789407823846,10.701029447052534,27.828650531352277,23.36442447901877,pitcher
KC,2024-04-24,87.5,-0.29,6.6,"Megill, Trevor",663647,656730,,ball,,,,,14.0,,R,R,R,PIT,MIL,B,,,0,2,2024,0.8,-0.39,0.8791244667581972,-0.2226682026051563,,,,1,8,Bot,,,,,,,1.1778143542546755,-127.16980245847802,-9.524482221623908,8.381228849403554,27.895374600455696,-34.48106132909081,3.24996596742373,1.53098173263946,,,,88.0,2650.0,6.8,745513,661388,641343,668930,687401,642715,686894,663368,686217,53.69,,,,,,,,67,4,Knuckle Curve,2,3,2,3,3,2,2,3,Standard,Standard,1.0,0.005,0.02,,,,,-0.02,,-1,-1,0.226,0.226,30,27,31,27,1,3,5,1,1,2.0,3.39,-0.8,-0.8,53.5,,,,,,pitcher
FF,2024-04-24,98.6,-0.2,6.67,"Megill, Trevor",663647,656730,,foul,,,,,11.0,,R,R,R,PIT,MIL,S,,,0,2,2024,-0.2,1.73,-0.0891448294137166,3.552604835276489,,,,1,8,Bot,,,,,,,0.7720238741804538,-143.41774132031713,-7.03516071526714,-2.966039362343487,35.3876815335031,-6.841104103901219,3.29,1.55,223.0,80.5,63.0,98.6,2463.0,6.5,745513,661388,641343,668930,687401,642715,686894,663368,686217,54.02,,,,,,,,67,3,4-Seam Fastball,2,3,2,3,3,2,2,3,Standard,Standard,197.0,0.0,0.0,69.6,6.1,,,0.0,88.0,-1,-1,0.226,0.226,30,27,31,27,1,3,5,1,1,2.0,0.62,0.2,0.2,55.4,2.87116456883084,10.88273524572169,16.6673968298335,34.86652677416282,31.51012675867365,pitcher
FF,2024-04-24,98.6,-0.33,6.61,"Megill, Trevor",663647,656730,,foul,,,,,4.0,,R,R,R,PIT,MIL,S,,,0,1,2024,-0.59,1.73,-0.71462623235771,2.5354257807652223,,,,1,8,Bot,,,,,,,0.3306085143821341,-143.27887458506376,-9.68580335631079,-8.129135702672581,33.790771406280925,-6.335481753093903,3.29,1.55,240.0,71.7,41.0,99.3,2538.0,6.8,745513,661388,641343,668930,687401,642715,686894,663368,686217,53.68,,,,,,,,67,2,4-Seam Fastball,2,3,2,3,3,2,2,3,Standard,Standard,201.0,-0.012,-0.057,71.4,6.7,,,0.057,88.0,-1,-1,0.238,0.238,30,27,31,27,1,3,5,1,1,2.0,0.63,0.59,0.59,54.1,-1.6953963625110149,-2.805363011748323,30.52200073439404,28.045203453250892,32.02152777948017,pitcher
FF,2024-04-24,99.4,-0.32,6.64,"Megill, Trevor",663647,656730,,foul,,,,,5.0,,R,R,R,PIT,MIL,S,,,0,0,2024,-0.6,1.61,-0.0465027712993897,2.688850105799211,,,,1,8,Bot,,,,,,,2.168389955597584,-144.3792372875409,-9.201638251114709,-8.839555131095237,36.53149745971023,-7.659517022203497,3.29,1.55,303.0,90.0,28.0,99.8,2411.0,6.8,745513,661388,641343,668930,687401,642715,686894,663368,686217,53.72,,,,,,,,67,1,4-Seam Fastball,2,3,2,3,3,2,2,3,Standard,Standard,200.0,-0.007,-0.037,67.3,5.7,,,0.037,90.0,-1,-1,0.245,0.245,30,27,31,27,1,3,5,1,1,2.0,0.72,0.6,0.6,59.0,-26.13047115192068,33.22863453805489,24.364889644913735,35.43356040299841,14.392890147583486,pitcher
KC,2024-04-24,87.6,-0.22,6.58,"Megill, Trevor",668804,656730,strikeout,swinging_strike,,,,,14.0,Bryan Reynolds strikes out swinging.,R,L,R,PIT,MIL,S,2.0,,2,2,2024,0.11,-0.56,0.3145186865471118,1.302208144824207,,,,0,8,Bot,,,,,,,1.08377232658023,-127.42282180549132,-5.418866392016636,0.9307875091916492,28.5768095540045,-37.205781610839786,3.07,1.49,,,,87.7,2615.0,6.6,745513,661388,641343,668930,687401,642715,686894,663368,686217,53.91,,0.0,0.0,1.0,0.0,0.0,,66,5,Knuckle Curve,2,3,2,3,3,2,2,3,Strategic,Standard,16.0,-0.054,-0.227,68.6,8.4,12.248759124,,0.227,,-1,-1,0.299,0.299,30,29,31,29,1,3,5,1,1,1.0,3.55,-0.11,0.11,51.8,33.25927968166139,-47.50249653175944,38.59535320181832,33.10308219233485,55.05527381611178,pitcher
KC,2024-04-24,86.4,-0.27,6.59,"Megill, Trevor",668804,656730,,ball,,,,,14.0,,R,L,R,PIT,MIL,B,,,1,2,2024,0.43,-0.5,1.091806058243878,-0.2747789912544092,,,,0,8,Bot,,,,,,,2.3830909179654207,-125.57875857877796,-9.17722915040901,4.088306729182375,25.385962705073045,-35.86084805327269,3.03619782968851,1.53098173263946,,,,87.2,2599.0,6.9,745513,661388,641343,668930,687401,642715,686894,663368,686217,53.62,,,,,,,,66,4,Knuckle Curve,2,3,2,3,3,2,2,3,Strategic,Standard,14.0,0.01,0.04,,,,,-0.04,,-1,-1,0.289,0.289,30,29,31,29,1,3,5,1,1,1.0,3.56,-0.43,0.43,54.0,,,,,,pitcher
FF,2024-04-24,98.9,-0.33,6.62,"Megill, Trevor",668804,656730,,called_strike,,,,,1.0,,R,L,R,PIT,MIL,S,,,1,1,2024,-0.36,1.54,-0.3703175658557308,2.672251002397436,,,,0,8,Bot,,,,,,,0.7367959844381844,-143.84081185139905,-8.946281069286881,-5.090745042678936,35.69868857753081,-8.898576879410204,3.09727732010411,1.46988430657949,,,,99.2,2367.0,6.6,745513,661388,641343,668930,687401,642715,686894,663368,686217,53.85,,,,,,,,66,3,4-Seam Fastball,2,3,2,3,3,2,2,3,Strategic,Standard,199.0,-0.016,-0.056,,,,,0.056,,-1,-1,0.305,0.305,30,29,31,29,1,3,5,1,1,1.0,0.81,0.36,-0.36,53.3,,,,,,pitcher
FF,2024-04-24,97.2,-0.29,6.67,"Megill, Trevor",668804,656730,,foul,,,,,2.0,,R,L,R,PIT,MIL,S,,,1,0,2024,-0.4,1.54,0.1518460863119792,3.170983014654087,,,,0,8,Bot,,,,,,,2.1079700932832903,-141.42071337569325,-7.40144565108857,-5.808596191741202,33.22926269018149,-10.022786611253364,3.07,1.49,230.0,79.8,52.0,97.6,2365.0,6.6,745513,661388,641343,668930,687401,642715,686894,663368,686217,53.93,,,,,,,,66,2,4-Seam Fastball,2,3,2,3,3,2,2,3,Strategic,Standard,197.0,-0.013,-0.049,69.7,6.0,,,0.049,88.0,-1,-1,0.318,0.318,30,29,31,29,1,3,5,1,1,1.0,0.88,0.4,-0.4,54.8,6.435027627233278,10.085788983305084,33.430769518404105,36.123499669095565,22.02946462065022,pitcher
KC,2024-04-24,87.3,-0.58,6.59,"Megill, Trevor",668804,656730,,ball,,,,,14.0,,R,L,R,PIT,MIL,B,,,0,0,2024,0.22,-0.56,0.5584772692307709,-0.1415884821984669,,,,0,8,Bot,,,,,,,2.317221851702552,-127.01228491722782,-8.936056334919794,1.8712499154118305,25.623568325668824,-36.6853793578816,3.15835457068178,1.53098173263946,,,,87.9,2705.0,6.6,745513,661388,641343,668930,687401,642715,686894,663368,686217,53.87,,,,,,,,66,1,Knuckle Curve,2,3,2,3,3,2,2,3,Standard,Standard,19.0,0.01,0.038,,,,,-0.038,,-1,-1,0.308,0.308,30,29,31,29,1,3,5,1,1,1.0,3.55,-0.22,0.22,52.8,,,,,,pitcher
FF,2024-04-19,96.1,-0.06,6.64,"Megill, Trevor",676475,656730,single,hit_into_play,,,,,4.0,Alec Burleson singles on a line drive to center fielder Blake Perkins. Masyn Winn to 3rd.,R,L,R,STL,MIL,X,8.0,line_drive,1,0,2024,-0.58,1.77,-0.3381839586244369,2.327238012342943,,,691026.0,2,9,Bot,134.17,90.88,,,,,0.5863861528203611,-139.6326340814227,-9.824598373792906,-7.720488263401947,34.69719359070292,-6.929147161399483,3.44,1.63,189.0,98.4,10.0,96.0,2422.0,6.6,745189,661388,656555,668930,687401,642715,686894,663368,694192,53.93,0.795,0.753,0.9,1.0,1.0,0.0,4.0,70,2,4-Seam Fastball,0,1,0,1,1,0,0,1,Strategic,Strategic,200.0,0.095,0.324,76.3,7.5,,0.924,-0.324,98.4,-1,-1,0.107,0.107,30,25,31,26,1,0,20,2,5,1.0,0.72,0.58,-0.58,54.9,9.980689060152937,10.504028196684262,33.206654513356206,37.1104810257934,27.4331453812268,pitcher
FF,2024-04-19,99.1,-0.35,6.56,"Megill, Trevor",676475,656730,,blocked_ball,,,,,14.0,,R,L,R,STL,MIL,B,,,0,0,2024,-0.46,1.65,0.1570775113911944,0.65670773164387,,,691026.0,2,9,Bot,,,,,,,2.4855270112769694,-143.60088528672134,-14.604696079188102,-6.899419386429433,35.59193396632019,-6.005141184082419,3.49562704082687,1.63809515426775,,,,99.5,2495.0,6.9,745189,661388,656555,668930,687401,642715,686894,663368,694192,53.6,,,,,,,,70,1,4-Seam Fastball,0,1,0,1,1,0,0,1,Strategic,Strategic,200.0,0.008,0.034,,,,,-0.034,,-1,-1,0.099,0.099,30,25,31,26,1,0,20,2,5,1.0,0.7,0.46,-0.46,51.8,,,,,,pitcher
FF,2024-04-19,99.0,-0.05,6.58,"Megill, Trevor",691026,656730,walk,ball,,,,,14.0,Masyn Winn walks.,R,R,R,STL,MIL,B,,,3,2,2024,-0.36,1.73,0.5314478578085426,0.8593707647890221,,,,2,9,Bot,,,,,,,2.4403478564170413,-143.45828897153203,-14.247456099289703,-5.4901209223397,34.53197571133612,-5.0859252114884885,3.46851210731747,1.49693873055133,,,,99.3,2515.0,6.8,745189,661388,656555,668930,687401,642715,686894,663368,694192,53.71,,0.689131,0.7,1.0,0.0,0.0,,69,6,4-Seam Fastball,0,1,0,1,1,0,0,1,Standard,Standard,201.0,0.044,0.267,,,,,-0.267,,-1,-1,0.055,0.055,30,22,31,22,1,3,20,2,5,1.0,0.62,0.36,0.36,54.1,,,,,,pitcher
FF,2024-04-19,97.4,-0.2,6.65,"Megill, Trevor",691026,656730,,called_strike,,,,,3.0,,R,R,R,STL,MIL,S,,,3,1,2024,-0.57,1.62,0.3516537884191835,3.042534594823932,,,,2,9,Bot,,,,,,,2.7997765039614864,-141.6616534144653,-7.933762746105516,-8.27162856475575,34.32658069704487,-8.741189424719757,3.45468690801016,1.51532130669534,,,,98.0,2374.0,6.8,745189,661388,656555,668930,687401,642715,686894,663368,694192,53.73,,,,,,,,69,5,4-Seam Fastball,0,1,0,1,1,0,0,1,Standard,Standard,196.0,-0.013,-0.089,,,,,0.089,,-1,-1,0.068,0.068,30,22,31,22,1,3,20,2,5,1.0,0.8,0.57,0.57,51.9,,,,,,pitcher
FF,2024-04-19,98.3,-0.18,6.57,"Megill, Trevor",691026,656730,,ball,,,,,11.0,,R,R,R,STL,MIL,B,,,2,1,2024,-0.39,1.66,-0.2965974020934553,4.3315378473707575,,,,2,9,Bot,,,,,,,0.6046803054108529,-143.17021102470542,-4.467037151122039,-5.5368760571373805,35.09936155002963,-8.543757299502467,3.48819017180668,1.54849490845975,,,,98.8,2429.0,6.7,745189,661388,656555,668930,687401,642715,686894,663368,694192,53.83,,,,,,,,69,4,4-Seam Fastball,0,1,0,1,1,0,0,1,Standard,Standard,199.0,0.016,0.112,,,,,-0.112,,-1,-1,0.052,0.052,30,22,31,22,1,3,20,2,5,1.0,0.7,0.39,0.39,52.7,,,,,,pitcher
FF,2024-04-19,96.8,-0.04,6.64,"Megill, Trevor",691026,656730,,called_strike,,,,,6.0,,R,R,R,STL,MIL,S,,,2,0,2024,-0.12,1.65,0.7972773190952203,2.543182765919396,,,,2,9,Bot,,,,,,,2.543502040067323,-140.6896990862617,-9.196701234356636,-2.246557034665339,32.789147993367,-8.374660101688647,3.61154641994433,1.63949587164112,,,,97.4,2448.0,6.8,745189,661388,656555,668930,687401,642715,686894,663368,694192,53.73,,,,,,,,69,3,4-Seam Fastball,0,1,0,1,1,0,0,1,Standard,Standard,195.0,-0.011,-0.061,,,,,0.061,,-1,-1,0.063,0.063,30,22,31,22,1,3,20,2,5,1.0,0.79,0.12,0.12,55.1,,,,,,pitcher
KC,2024-04-19,86.1,-0.23,6.62,"Megill, Trevor",691026,656730,,ball,,,,,14.0,,R,R,R,STL,MIL,B,,,1,0,2024,0.11,-0.71,0.2493088912528578,1.0652234009770227,,,,2,9,Bot,,,,,,,0.9215840958089826,-125.39463022069116,-5.527689373867412,0.9593210583759963,26.165902941445783,-38.69407971340054,3.48801913619733,1.58094015206682,,,,86.7,2715.0,6.7,745189,661388,656555,668930,687401,642715,686894,663368,694192,53.78,,,,,,,,69,2,Knuckle Curve,0,1,0,1,1,0,0,1,Standard,Standard,13.0,0.011,0.068,,,,,-0.068,,-1,-1,0.052,0.052,30,22,31,22,1,3,20,2,5,1.0,3.79,-0.11,-0.11,55.5,,,,,,pitcher
FF,2024-04-19,98.0,-0.08,6.68,"Megill, Trevor",691026,656730,,ball,,,,,11.0,,R,R,R,STL,MIL,B,,,0,0,2024,-0.14,1.65,-0.9168212198792852,3.185953004121738,,,,2,9,Bot,,,,,,,-1.9476040422974492,-142.51561097465205,-7.812619570459748,-1.4579709862821624,33.55533053908527,-8.060053663470075,3.64064842473607,1.63592213651007,,,,98.7,2469.0,6.8,745189,661388,656555,668930,687401,642715,686894,663368,694192,53.75,,,,,,,,69,1,4-Seam Fastball,0,1,0,1,1,0,0,1,Standard,Standard,196.0,0.005,0.04,,,,,-0.04,,-1,-1,0.047,0.047,30,22,31,22,1,3,20,2,5,1.0,0.73,0.14,0.14,55.5,,,,,,pitcher
FF,2024-04-19,99.8,-0.12,6.67,"Megill, Trevor",669357,656730,strikeout,swinging_strike,,,,,2.0,Nolan Gorman strikes out swinging.,R,L,R,STL,MIL,S,2.0,,0,2,2024,-0.11,1.64,-0.1550011532015166,3.1111156057197977,,,,1,9,Bot,,,,,,,0.1574787464781514,-145.21735471897216,-8.334481964690308,-1.5459736524718444,33.55106486559463,-7.234899762407243,3.48,1.66,,,,100.7,2471.0,6.8,745189,661388,656555,668930,687401,642715,686894,663368,694192,53.72,,0.0,0.0,1.0,0.0,0.0,,68,3,4-Seam Fastball,0,1,0,1,1,0,0,1,Strategic,Strategic,198.0,-0.041,-0.162,69.5,6.5,0.47929806,,0.162,,-1,-1,0.088,0.088,30,24,31,24,1,3,20,2,5,2.0,0.65,0.11,-0.11,54.5,7.057630243388376,36.58694743410795,27.48258370587371,36.9356399576326,13.953586168403568,pitcher
FF,2024-04-19,99.1,-0.17,6.72,"Megill, Trevor",669357,656730,,foul,,,,,3.0,,R,L,R,STL,MIL,S,,,0,1,2024,0.01,1.65,0.5005113054077797,3.374827301365829,,,,1,9,Bot,,,,,,,1.8089000915359852,-144.12585831018478,-7.60868691676416,-0.246555072928834,33.56817486924667,-7.666463523726994,3.48,1.66,,,,100.0,2534.0,6.8,745189,661388,656555,668930,687401,642715,686894,663368,694192,53.7,,,,,,,,68,2,4-Seam Fastball,0,1,0,1,1,0,0,1,Infield shade,Strategic,198.0,-0.017,-0.057,68.8,6.1,,,0.057,,-1,-1,0.105,0.105,30,24,31,24,1,3,20,2,5,2.0,0.68,-0.01,0.01,56.2,10.839896432534504,23.59986844935248,33.34279258932377,28.556536701399335,17.592246786380855,pitcher
KC,2024-04-19,88.3,-0.35,6.67,"Megill, Trevor",669357,656730,,called_strike,,,,,7.0,,R,L,R,STL,MIL,S,,,0,0,2024,0.3,-0.13,-0.6424824880917228,2.0284477449469054,,,,1,9,Bot,,,,,,,-1.3592542366898503,-128.47897206510095,-4.901913934442234,3.653394334299549,29.101805789366267,-32.74317067925814,3.51029686481521,1.68307504356135,,,,88.4,2698.0,6.6,745189,661388,656555,668930,687401,642715,686894,663368,694192,53.92,,,,,,,,68,1,Knuckle Curve,0,1,0,1,1,0,0,1,Infield shade,Strategic,9.0,-0.01,-0.037,,,,,0.037,,-1,-1,0.115,0.115,30,24,31,24,1,3,20,2,5,2.0,3.08,-0.3,0.3,53.5,,,,,,pitcher
FF,2024-04-19,97.8,0.08,6.67,"Megill, Trevor",575929,656730,field_out,hit_into_play,,,,,12.0,Willson Contreras flies out to right fielder Jackson Chourio.,R,R,R,STL,MIL,X,9.0,fly_ball,2,2,2024,-0.24,1.54,1.0081853001458008,3.3056309515965614,,,,0,9,Bot,163.95,64.26,,,,,3.088045123955637,-142.2946391061325,-7.179463304410995,-4.038161062991427,34.27606245731664,-9.831475709740031,3.45,1.6,346.0,93.9,27.0,98.6,2541.0,6.9,745189,661388,656555,668930,687401,642715,686894,663368,694192,53.64,0.192,0.267,0.0,1.0,0.0,0.0,3.0,67,8,4-Seam Fastball,0,1,0,1,1,0,0,1,Standard,Strategic,201.0,-0.076,-0.227,67.0,7.6,,0.447,0.227,93.9,-1,-1,0.191,0.191,30,32,31,32,1,3,20,2,5,1.0,0.85,0.24,0.24,56.2,10.731114633763866,6.931409601246531,20.46501822867689,51.41535587145245,21.06202541339816,pitcher
FF,2024-04-19,99.2,-0.02,6.7,"Megill, Trevor",575929,656730,,ball,,,,,12.0,,R,R,R,STL,MIL,B,,,1,2,2024,-0.07,1.64,1.4483140939431025,3.3798185794126487,,,,0,9,Bot,,,,,,,4.196835439026873,-144.35556274375068,-7.547478257488842,-1.997499531671856,33.64311760599627,-7.722628832273298,3.46169573595397,1.43018536325282,,,,99.7,2490.0,6.6,745189,661388,656555,668930,687401,642715,686894,663368,694192,53.91,,,,,,,,67,7,4-Seam Fastball,0,1,0,1,1,0,0,1,Standard,Standard,197.0,0.014,0.04,,,,,-0.04,,-1,-1,0.177,0.177,30,32,31,32,1,3,20,2,5,1.0,0.68,0.07,0.07,55.9,,,,,,pitcher
KC,2024-04-19,86.5,-0.14,6.73,"Megill, Trevor",575929,656730,,foul,,,,,8.0,,R,R,R,STL,MIL,S,,,1,2,2024,0.51,-0.46,0.205422376037326,2.058693621935648,,,,0,9,Bot,,,,,,,-0.198961333130733,-125.95771570912996,-3.9766520498869617,5.409540988183318,26.533999392672737,-36.47286396729876,3.45,1.6,3.0,82.7,-38.0,86.7,2703.0,6.4,745189,661388,656555,668930,687401,642715,686894,663368,694192,54.06,,,,,,,,67,6,Knuckle Curve,0,1,0,1,1,0,0,1,Standard,Standard,14.0,0.0,0.0,78.4,8.7,,,0.0,88.0,-1,-1,0.177,0.177,30,32,31,32,1,3,20,2,5,1.0,3.51,-0.51,-0.51,56.1,19.9939665693807,-22.96166841940581,26.93804606292058,41.17965948189071,39.32979511578148,pitcher
KC,2024-04-19,88.1,-0.16,6.64,"Megill, Trevor",575929,656730,,foul,,,,,1.0,,R,R,R,STL,MIL,S,,,1,2,2024,0.28,-0.5,-0.8122219741863712,2.9619862642480856,,,,0,9,Bot,,,,,,,-2.171164433374656,-128.40462342100133,-1.8575004167877367,3.508873642859807,24.792689034653403,-37.62469146091664,3.45,1.6,89.0,51.3,65.0,89.1,2670.0,6.7,745189,661388,656555,668930,687401,642715,686894,663368,694192,53.82,,,,,,,,67,5,Knuckle Curve,0,1,0,1,1,0,0,1,Standard,Strategic,13.0,0.0,0.0,68.3,6.7,,,0.0,88.0,-1,-1,0.177,0.177,30,32,31,32,1,3,20,2,5,1.0,3.42,-0.28,-0.28,56.5,0.2952222368554648,11.396288490687567,28.242656515255447,29.89360599241968,17.25156507863888,pitcher
FF,2024-04-19,99.7,-0.1,6.66,"Megill, Trevor",575929,656730,,foul,,,,,6.0,,R,R,R,STL,MIL,S,,,1,2,2024,-0.24,1.46,0.598699999669184,2.708655646115849,,,,0,9,Bot,,,,,,,2.5187497734126327,-145.07853117585506,-9.017652557867892,-4.001038682538324,32.81988151809551,-9.62664649661687,3.45,1.6,238.0,90.4,59.0,100.8,2447.0,6.8,745189,661388,656555,668930,687401,642715,686894,663368,694192,53.71,,,,,,,,67,4,4-Seam Fastball,0,1,0,1,1,0,0,1,Standard,Strategic,199.0,0.0,0.0,70.0,7.6,,,0.0,90.4,-1,-1,0.177,0.177,30,32,31,32,1,3,20,2,5,1.0,0.82,0.24,0.24,54.6,5.804094726468088,10.68731714190884,27.144913352296133,46.72085885411968,18.63570631433758,pitcher
FF,2024-04-19,98.9,-0.15,6.65,"Megill, Trevor",575929,656730,,foul,,,,,5.0,,R,R,R,STL,MIL,S,,,1,1,2024,-0.15,1.72,-0.0823175925878405,2.2166325680360788,,,,0,9,Bot,,,,,,,0.5491028773832369,-143.72727367499462,-10.659740958192817,-2.255761296932742,35.457628725524934,-6.045408041594281,3.45,1.6,176.0,93.6,66.0,99.0,2416.0,6.6,745189,661388,656555,668930,687401,642715,686894,663368,694192,53.91,,,,,,,,67,3,4-Seam Fastball,0,1,0,1,1,0,0,1,Standard,Strategic,196.0,-0.023,-0.056,75.6,7.7,,,0.056,93.6,-1,-1,0.2,0.2,30,32,31,32,1,3,20,2,5,1.0,0.63,0.15,0.15,52.8,10.541356954517768,1.0993316413014995,35.314893743465795,37.96869704622554,25.253701521091685,pitcher
KC,2024-04-19,86.3,-0.15,6.69,"Megill, Trevor",575929,656730,,ball,,,,,14.0,,R,R,R,STL,MIL,B,,,0,1,2024,1.09,-0.46,1.8343898643830003,-0.3424036723843162,,,,0,9,Bot,,,,,,,2.5266847148377747,-125.30037289477336,-9.513990505893457,10.763975538607454,28.717955299936325,-34.984128774739375,3.42328995756405,1.42164683595665,,,,86.3,2790.0,6.7,745189,661388,656555,668930,687401,642715,686894,663368,694192,53.77,,,,,,,,67,2,Knuckle Curve,0,1,0,1,1,0,0,1,Standard,Standard,5.0,0.009,0.025,,,,,-0.025,,-1,-1,0.191,0.191,30,32,31,32,1,3,20,2,5,1.0,3.56,-1.09,-1.09,57.4,,,,,,pitcher
KC,2024-04-19,87.5,-0.45,6.65,"Megill, Trevor",575929,656730,,swinging_strike,,,,,13.0,,R,R,R,STL,MIL,S,,,0,0,2024,0.52,-0.38,-0.0219491744253336,1.0258707506912246,,,,0,9,Bot,,,,,,,-0.050009213379484,-127.3852990690477,-6.668048855478096,5.682958464050742,26.84405179813862,-35.14191005021073,3.45,1.6,,,,87.9,2725.0,6.6,745189,661388,656555,668930,687401,642715,686894,663368,694192,53.9,,,,,,,,67,1,Knuckle Curve,0,1,0,1,1,0,0,1,Standard,Standard,17.0,-0.013,-0.037,79.2,9.3,12.92668272,,0.037,,-1,-1,0.204,0.204,30,32,31,32,1,3,20,2,5,1.0,3.36,-0.52,-0.52,54.1,25.454185608377102,-47.24721426149996,32.826095910701746,37.446678420244,51.61410230181475,pitcher
FF,2024-04-19,99.5,-0.18,6.64,"Megill, Trevor",571448,656730,field_out,hit_into_play,,,,,6.0,Nolan Arenado pops out to first baseman Rhys Hoskins.,R,R,R,STL,MIL,X,3.0,popup,0,0,2024,-0.11,1.74,0.287188994873414,2.5189227666059706,,,663457.0,2,8,Bot,156.0,164.12,,,,,1.5433676683472326,-144.6335067904753,-9.96920114783694,-1.901893749159316,35.69106905751551,-5.597072921319473,3.45,1.7,119.0,94.2,71.0,99.6,2476.0,6.5,745189,661388,656555,668930,687401,642715,686894,663368,694192,53.99,0.003,0.002,0.0,1.0,0.0,0.0,3.0,63,1,4-Seam Fastball,0,1,0,1,1,0,0,1,Standard,Standard,201.0,-0.068,-0.271,74.4,8.5,,0.003,0.271,94.2,-1,-1,0.233,0.233,30,33,31,33,1,3,20,2,5,1.0,0.58,0.11,0.11,57.8,16.029034360668255,-17.67814828752405,36.13645590627149,39.27645958846088,36.41804170948605,pitcher
FF,2024-04-19,98.4,-0.12,6.71,"Megill, Trevor",663457,656730,walk,ball,,,,,14.0,Lars Nootbaar walks.,R,L,R,STL,MIL,B,,,3,1,2024,-0.55,1.7,0.6731986378949747,1.0023187502717876,,,,2,8,Bot,,,,,,,3.460228100890528,-142.66331127748992,-13.98718757268758,-8.294711651617115,33.211907345847,-5.971485506589746,3.26549846236116,1.60704645152524,,,,98.9,2530.0,6.8,745189,661388,656555,668930,687401,642715,686894,663368,694192,53.69,,0.689131,0.7,1.0,0.0,0.0,,62,5,4-Seam Fastball,0,1,0,1,1,0,0,1,Infield shade,Standard,199.0,0.022,0.178,,,,,-0.178,,-1,-1,0.211,0.211,30,26,31,27,1,3,20,2,5,1.0,0.68,0.55,-0.55,61.1,,,,,,pitcher
FF,2024-04-19,99.0,-0.14,6.7,"Megill, Trevor",663457,656730,,called_strike,,,,,5.0,,R,L,R,STL,MIL,S,,,3,0,2024,-0.27,1.75,0.1159459123987165,2.319265492711882,,,,2,8,Bot,,,,,,,1.343972485469244,-143.7394442093685,-10.64231255549331,-4.089279392775174,35.21203217476789,-5.57368199027232,3.57506772174279,1.71891353576437,,,,99.4,2516.0,6.8,745189,661388,656555,668930,687401,642715,686894,663368,694192,53.74,,,,,,,,62,4,4-Seam Fastball,0,1,0,1,1,0,0,1,Infield shade,Standard,197.0,-0.008,-0.058,,,,,0.058,,-1,-1,0.219,0.219,30,26,31,27,1,3,20,2,5,1.0,0.59,0.27,-0.27,58.2,,,,,,pitcher
FF,2024-04-19,98.3,0.02,6.71,"Megill, Trevor",663457,656730,,ball,,,,,14.0,,R,L,R,STL,MIL,B,,,2,0,2024,-0.17,1.76,0.6526023751882774,1.2808329343377216,,,,2,8,Bot,,,,,,,2.1110464668029216,-142.5573806405316,-13.3002307230867,-2.870866093686382,34.33770024248184,-5.296351219973667,3.297594782786,1.57328637401162,,,,98.4,2528.0,6.6,745189,661388,656555,668930,687401,642715,686894,663368,694192,53.86,,,,,,,,62,3,4-Seam Fastball,0,1,0,1,1,0,0,1,Infield shade,Standard,200.0,0.011,0.109,,,,,-0.109,,-1,-1,0.208,0.208,30,26,31,27,1,3,20,2,5,1.0,0.63,0.17,-0.17,56.7,,,,,,pitcher
FF,2024-04-19,98.4,-0.32,6.63,"Megill, Trevor",663457,656730,,ball,,,,,13.0,,R,L,R,STL,MIL,B,,,1,0,2024,-0.55,1.57,-1.1150516135097135,2.297995829963882,,,,2,8,Bot,,,,,,,-0.8670747929523184,-143.05809506741645,-10.002502055826902,-7.366691294415282,34.65913775543768,-8.44931938792031,3.35146697233277,1.59414886843462,,,,99.1,2483.0,6.9,745189,661388,656555,668930,687401,642715,686894,663368,694192,53.65,,,,,,,,62,2,4-Seam Fastball,0,1,0,1,1,0,0,1,Infield shade,Standard,198.0,0.007,0.068,,,,,-0.068,,-1,-1,0.201,0.201,30,26,31,27,1,3,20,2,5,1.0,0.79,0.55,-0.55,51.8,,,,,,pitcher
FF,2024-04-19,98.2,-0.19,6.63,"Megill, Trevor",663457,656730,,ball,,,,,9.0,,R,L,R,STL,MIL,B,,,0,0,2024,0.05,1.71,0.4903610562687235,1.669828487466833,,,,2,8,Bot,,,,,,,1.7499770764227194,-142.55138810999088,-11.927689482690637,0.2338547003503019,34.38059504621965,-6.315006195596664,3.47556943043559,1.71865758930083,,,,98.7,2421.0,6.8,745189,661388,656555,668930,687401,642715,686894,663368,694192,53.72,,,,,,,,62,1,4-Seam Fastball,0,1,0,1,1,0,0,1,Infield shade,Standard,187.0,0.004,0.04,,,,,-0.04,,-1,-1,0.197,0.197,30,26,31,27,1,3,20,2,5,1.0,0.68,-0.05,0.05,55.1,,,,,,pitcher
FF,2024-04-19,98.7,-0.23,6.63,"Megill, Trevor",502671,656730,field_out,hit_into_play,,,,,5.0,Paul Goldschmidt pops out to second baseman Brice Turang.,R,R,R,STL,MIL,X,4.0,popup,0,0,2024,-0.39,1.6,-0.1070877052831836,2.5643492560499657,,,,1,8,Bot,156.51,140.22,,,,,1.2350680512402783,-143.58381810581284,-9.418969776198766,-5.654740430132325,32.495348546827934,-8.136000272169175,3.52,1.66,171.0,95.6,63.0,99.5,2548.0,6.7,745189,661388,656555,668930,687401,642715,686894,663368,694192,53.79,0.005,0.006,0.0,1.0,0.0,0.0,3.0,61,1,4-Seam Fastball,0,1,0,1,1,0,0,1,Standard,Standard,195.0,-0.048,-0.256,75.9,8.2,,0.009,0.256,95.6,-1,-1,0.245,0.245,30,36,31,37,1,3,20,2,5,1.0,0.74,0.39,0.39,53.5,19.901303036218614,-10.548897716662273,33.130454516241564,42.78688396810035,26.27776828340836,pitcher
FF,2024-04-19,98.4,-0.24,6.71,"Megill, Trevor",680977,656730,field_out,hit_into_play,,,,,6.0,Brendan Donovan flies out to center fielder Blake Perkins.,R,L,R,STL,MIL,X,8.0,fly_ball,2,1,2024,-0.57,1.5,0.3876418630164751,2.1550000423806344,,,,0,8,Bot,102.75,82.02,,,,,3.040274051940432,-142.96898330568783,-10.413884453146316,-8.558810649507942,33.22242047489961,-9.437629452248403,3.3,1.59,298.0,85.3,29.0,98.9,2513.0,6.7,745189,661388,656555,668930,687401,642715,686894,663368,694192,53.84,0.039,0.039,0.0,1.0,0.0,0.0,3.0,60,4,4-Seam Fastball,0,1,0,1,1,0,0,1,Infield shade,Standard,198.0,-0.073,-0.296,70.5,6.8,,0.065,0.296,88.0,-1,-1,0.318,0.318,30,27,31,27,1,3,20,2,5,1.0,0.87,0.57,-0.57,54.3,4.883742713457556,-2.1891318945388134,35.488821370022,29.0270536952481,26.335305315679484,pitcher
FF,2024-04-19,98.6,-0.25,6.8,"Megill, Trevor",680977,656730,,foul,,,,,2.0,,R,L,R,STL,MIL,S,,,2,0,2024,-0.43,1.73,0.1627835344684722,3.2324486311408007,,,,0,8,Bot,,,,,,,2.1320179740902647,-143.36267776346477,-8.275402258434939,-6.484586740344416,35.96085047302651,-6.571660775239556,3.3,1.59,,,,98.8,2488.0,6.6,745189,661388,656555,668930,687401,642715,686894,663368,694192,53.88,,,,,,,,60,3,4-Seam Fastball,0,1,0,1,1,0,0,1,Infield shade,Standard,201.0,-0.019,-0.065,71.2,6.5,,,0.065,,-1,-1,0.337,0.337,30,27,31,27,1,3,20,2,5,1.0,0.63,0.43,-0.43,55.5,6.773672299968476,1.1443177602385828,22.585057227120807,33.23743455321658,25.056497572061485,pitcher
FF,2024-04-19,97.8,-0.38,6.72,"Megill, Trevor",680977,656730,,ball,,,,,11.0,,R,L,R,STL,MIL,B,,,1,0,2024,-0.69,1.6,-1.0117856141672923,2.654435665240105,,,,0,8,Bot,,,,,,,-0.1215141992067715,-142.11668225395934,-9.1101370257223,-9.171089372227966,37.72534003607851,-8.607143774506639,3.36572400815811,1.5998375996356,,,,97.6,2352.0,6.6,745189,661388,656555,668930,687401,642715,686894,663368,694192,53.87,,,,,,,,60,2,4-Seam Fastball,0,1,0,1,1,0,0,1,Infield shade,Standard,204.0,0.019,0.069,,,,,-0.069,,-1,-1,0.318,0.318,30,27,31,27,1,3,20,2,5,1.0,0.82,0.69,-0.69,55.5,,,,,,pitcher
FF,2024-04-19,99.4,0.01,6.73,"Megill, Trevor",680977,656730,,ball,,,,,12.0,,R,L,R,STL,MIL,B,,,0,0,2024,-0.58,1.56,0.768466233460444,4.306930271059182,,,,0,8,Bot,,,,,,,3.461414019460582,-144.48660511545123,-4.825516385279048,-8.913682284489363,39.07122924400967,-9.580919078910323,3.38731139836312,1.62133431297832,,,,99.3,2471.0,6.7,745189,661388,656555,668930,687401,642715,686894,663368,694192,53.84,,,,,,,,60,1,4-Seam Fastball,0,1,0,1,1,0,0,1,Infield shade,Standard,202.0,0.01,0.038,,,,,-0.038,,-1,-1,0.308,0.308,30,27,31,27,1,3,20,2,5,1.0,0.79,0.58,-0.58,56.6,,,,,,pitcher
